u,y_obj_median_px,sigma_obj_px,valid_fraction,obj_valid,delta_valid,y_ref_smooth_px,delta_y_px,roi_id,height_mm,sensitivity_px_per_mm,in_selected_roi,in_auto_stable_roi,in_analysis_roi
0,NaN,NaN,0.0,false,false,NaN,NaN,,,NaN,false,false,false
1,NaN,NaN,0.0,false,false,NaN,NaN,,,NaN,false,false,false
2,NaN,NaN,0.0,false,false,NaN,NaN,,,NaN,false,false,false
3,NaN,NaN,0.0,false,false,NaN,NaN,,,NaN,false,false,false
4,NaN,NaN,0.0,false,false,NaN,NaN,,,NaN,false,false,false
5,NaN,NaN,0.0,false,false,NaN,NaN,,,NaN,false,false,false
6,NaN,NaN,0.0,false,false,NaN,NaN,,,NaN,false,false,false
7,NaN,NaN,0.0,false,false,NaN,NaN,,,NaN,false,false,false
8,NaN,NaN,0.0,false,false,NaN,NaN,,,NaN,false,false,false
9,NaN,NaN,0.0,false,false,NaN,NaN,,,NaN,false,false,false
10,NaN,NaN,0.0,false,false,NaN,NaN,,,NaN,false,false,false
11,NaN,NaN,0.0,false,false,NaN,NaN,,,NaN,false,false,false
12,NaN,NaN,0.0,false,false,NaN,NaN,,,NaN,false,false,false
13,NaN,NaN,0.0,false,false,NaN,NaN,,,NaN,false,false,false
14,NaN,NaN,0.0,false,false,NaN,NaN,,,NaN,false,false,false
15,NaN,NaN,0.0,false,false,NaN,NaN,,,NaN,false,false,false
16,NaN,NaN,0.0,false,false,NaN,NaN,,,NaN,false,false,false
17,NaN,NaN,0.0,false,false,NaN,NaN,,,NaN,false,false,false
18,NaN,NaN,0.0,false,false,NaN,NaN,,,NaN,false,false,false
19,NaN,NaN,0.0,false,false,NaN,NaN,,,NaN,false,false,false
20,NaN,NaN,0.0,false,false,NaN,NaN,,,NaN,false,false,false
21,NaN,NaN,0.0,false,false,NaN,NaN,,,NaN,false,false,false
22,NaN,NaN,0.0,false,false,NaN,NaN,,,NaN,false,false,false
23,NaN,NaN,0.0,false,false,NaN,NaN,,,NaN,false,false,false
24,NaN,NaN,0.0,false,false,NaN,NaN,,,NaN,false,false,false
25,NaN,NaN,0.0,false,false,NaN,NaN,,,NaN,false,false,false
26,NaN,NaN,0.0,false,false,NaN,NaN,,,NaN,false,false,false
27,NaN,NaN,0.0,false,false,NaN,NaN,,,NaN,false,false,false
28,NaN,NaN,0.0,false,false,NaN,NaN,,,NaN,false,false,false
29,NaN,NaN,0.0,false,false,NaN,NaN,,,NaN,false,false,false
30,NaN,NaN,0.0,false,false,NaN,NaN,,,NaN,false,false,false
31,NaN,NaN,0.0,false,false,NaN,NaN,,,NaN,false,false,false
32,NaN,NaN,0.0,false,false,NaN,NaN,,,NaN,false,false,false
33,NaN,NaN,0.0,false,false,NaN,NaN,,,NaN,false,false,false
34,NaN,NaN,0.0,false,false,NaN,NaN,,,NaN,false,false,false
35,NaN,NaN,0.0,false,false,NaN,NaN,,,NaN,false,false,false
36,NaN,NaN,0.0,false,false,NaN,NaN,,,NaN,false,false,false
37,NaN,NaN,0.0,false,false,NaN,NaN,,,NaN,false,false,false
38,NaN,NaN,0.0,false,false,NaN,NaN,,,NaN,false,false,false
39,NaN,NaN,0.0,false,false,NaN,NaN,,,NaN,false,false,false
40,NaN,NaN,0.0,false,false,NaN,NaN,,,NaN,false,false,false
41,NaN,NaN,0.0,false,false,NaN,NaN,,,NaN,false,false,false
42,NaN,NaN,0.0,false,false,NaN,NaN,,,NaN,false,false,false
43,NaN,NaN,0.0,false,false,NaN,NaN,,,NaN,false,false,false
44,NaN,NaN,0.0,false,false,NaN,NaN,,,NaN,false,false,false
45,NaN,NaN,0.0,false,false,NaN,NaN,,,NaN,false,false,false
46,NaN,NaN,0.0,false,false,NaN,NaN,,,NaN,false,false,false
47,NaN,NaN,0.0,false,false,NaN,NaN,,,NaN,false,false,false
48,NaN,NaN,0.0,false,false,NaN,NaN,,,NaN,false,false,false
49,NaN,NaN,0.0,false,false,NaN,NaN,,,NaN,false,false,false
50,NaN,NaN,0.0,false,false,NaN,NaN,,,NaN,false,false,false
51,NaN,NaN,0.0,false,false,NaN,NaN,,,NaN,false,false,false
52,NaN,NaN,0.0,false,false,NaN,NaN,,,NaN,false,false,false
53,NaN,NaN,0.0,false,false,NaN,NaN,,,NaN,false,false,false
54,NaN,NaN,0.0,false,false,NaN,NaN,,,NaN,false,false,false
55,NaN,NaN,0.0,false,false,NaN,NaN,,,NaN,false,false,false
56,NaN,NaN,0.0,false,false,NaN,NaN,,,NaN,false,false,false
57,NaN,NaN,0.0,false,false,NaN,NaN,,,NaN,false,false,false
58,NaN,NaN,0.0,false,false,NaN,NaN,,,NaN,false,false,false
59,NaN,NaN,0.0,false,false,NaN,NaN,,,NaN,false,false,false
60,NaN,NaN,0.0,false,false,NaN,NaN,,,NaN,false,false,false
61,NaN,NaN,0.0,false,false,NaN,NaN,,,NaN,false,false,false
62,NaN,NaN,0.0,false,false,NaN,NaN,,,NaN,false,false,false
63,NaN,NaN,0.0,false,false,NaN,NaN,,,NaN,false,false,false
64,NaN,NaN,0.0,false,false,NaN,NaN,,,NaN,false,false,false
65,NaN,NaN,0.0,false,false,NaN,NaN,,,NaN,false,false,false
66,NaN,NaN,0.0,false,false,NaN,NaN,,,NaN,false,false,false
67,NaN,NaN,0.0,false,false,NaN,NaN,,,NaN,false,false,false
68,NaN,NaN,0.0,false,false,NaN,NaN,,,NaN,false,false,false
69,NaN,NaN,0.0,false,false,NaN,NaN,,,NaN,false,false,false
70,NaN,NaN,0.0,false,false,NaN,NaN,,,NaN,false,false,false
71,NaN,NaN,0.0,false,false,NaN,NaN,,,NaN,false,false,false
72,NaN,NaN,0.0,false,false,NaN,NaN,,,NaN,false,false,false
73,NaN,NaN,0.0,false,false,NaN,NaN,,,NaN,false,false,false
74,NaN,NaN,0.0,false,false,NaN,NaN,,,NaN,false,false,false
75,NaN,NaN,0.0,false,false,NaN,NaN,,,NaN,false,false,false
76,NaN,NaN,0.0,false,false,NaN,NaN,,,NaN,false,false,false
77,NaN,NaN,0.0,false,false,NaN,NaN,,,NaN,false,false,false
78,NaN,NaN,0.0,false,false,NaN,NaN,,,NaN,false,false,false
79,NaN,NaN,0.0,false,false,NaN,NaN,,,NaN,false,false,false
80,NaN,NaN,0.0,false,false,NaN,NaN,,,NaN,false,false,false
81,NaN,NaN,0.0,false,false,NaN,NaN,,,NaN,false,false,false
82,NaN,NaN,0.0,false,false,NaN,NaN,,,NaN,false,false,false
83,NaN,NaN,0.0,false,false,NaN,NaN,,,NaN,false,false,false
84,NaN,NaN,0.0,false,false,NaN,NaN,,,NaN,false,false,false
85,NaN,NaN,0.0,false,false,NaN,NaN,,,NaN,false,false,false
86,NaN,NaN,0.0,false,false,NaN,NaN,,,NaN,false,false,false
87,NaN,NaN,0.0,false,false,NaN,NaN,,,NaN,false,false,false
88,NaN,NaN,0.0,false,false,NaN,NaN,,,NaN,false,false,false
89,NaN,NaN,0.0,false,false,NaN,NaN,,,NaN,false,false,false
90,NaN,NaN,0.0,false,false,NaN,NaN,,,NaN,false,false,false
91,NaN,NaN,0.0,false,false,NaN,NaN,,,NaN,false,false,false
92,NaN,NaN,0.0,false,false,NaN,NaN,,,NaN,false,false,false
93,NaN,NaN,0.0,false,false,NaN,NaN,,,NaN,false,false,false
94,NaN,NaN,0.0,false,false,NaN,NaN,,,NaN,false,false,false
95,NaN,NaN,0.0,false,false,NaN,NaN,,,NaN,false,false,false
96,NaN,NaN,0.0,false,false,NaN,NaN,,,NaN,false,false,false
97,NaN,NaN,0.0,false,false,NaN,NaN,,,NaN,false,false,false
98,NaN,NaN,0.0,false,false,NaN,NaN,,,NaN,false,false,false
99,NaN,NaN,0.0,false,false,NaN,NaN,,,NaN,false,false,false
100,NaN,NaN,0.0,false,false,NaN,NaN,,,NaN,false,false,false
101,NaN,NaN,0.0,false,false,NaN,NaN,,,NaN,false,false,false
102,NaN,NaN,0.0,false,false,NaN,NaN,,,NaN,false,false,false
103,NaN,NaN,0.0,false,false,NaN,NaN,,,NaN,false,false,false
104,NaN,NaN,0.0,false,false,NaN,NaN,,,NaN,false,false,false
105,NaN,NaN,0.0,false,false,NaN,NaN,,,NaN,false,false,false
106,NaN,NaN,0.0,false,false,NaN,NaN,,,NaN,false,false,false
107,NaN,NaN,0.0,false,false,NaN,NaN,,,NaN,false,false,false
108,NaN,NaN,0.0,false,false,NaN,NaN,,,NaN,false,false,false
109,NaN,NaN,0.0,false,false,NaN,NaN,,,NaN,false,false,false
110,NaN,NaN,0.0,false,false,NaN,NaN,,,NaN,false,false,false
111,NaN,NaN,0.0,false,false,NaN,NaN,,,NaN,false,false,false
112,NaN,NaN,0.0,false,false,NaN,NaN,,,NaN,false,false,false
113,NaN,NaN,0.0,false,false,NaN,NaN,,,NaN,false,false,false
114,NaN,NaN,0.0,false,false,NaN,NaN,,,NaN,false,false,false
115,NaN,NaN,0.0,false,false,NaN,NaN,,,NaN,false,false,false
116,NaN,NaN,0.0,false,false,NaN,NaN,,,NaN,false,false,false
117,NaN,NaN,0.0,false,false,NaN,NaN,,,NaN,false,false,false
118,NaN,NaN,0.0,false,false,NaN,NaN,,,NaN,false,false,false
119,NaN,NaN,0.0,false,false,NaN,NaN,,,NaN,false,false,false
120,NaN,NaN,0.0,false,false,NaN,NaN,,,NaN,false,false,false
121,NaN,NaN,0.0,false,false,NaN,NaN,,,NaN,false,false,false
122,NaN,NaN,0.0,false,false,NaN,NaN,,,NaN,false,false,false
123,NaN,NaN,0.0,false,false,NaN,NaN,,,NaN,false,false,false
124,NaN,NaN,0.0,false,false,NaN,NaN,,,NaN,false,false,false
125,NaN,NaN,0.0,false,false,NaN,NaN,,,NaN,false,false,false
126,NaN,NaN,0.0,false,false,NaN,NaN,,,NaN,false,false,false
127,NaN,NaN,0.0,false,false,NaN,NaN,,,NaN,false,false,false
128,NaN,NaN,0.0,false,false,NaN,NaN,,,NaN,false,false,false
129,NaN,NaN,0.0,false,false,NaN,NaN,,,NaN,false,false,false
130,NaN,NaN,0.0,false,false,NaN,NaN,,,NaN,false,false,false
131,NaN,NaN,0.0,false,false,NaN,NaN,,,NaN,false,false,false
132,NaN,NaN,0.0,false,false,NaN,NaN,,,NaN,false,false,false
133,NaN,NaN,0.0,false,false,NaN,NaN,,,NaN,false,false,false
134,NaN,NaN,0.0,false,false,NaN,NaN,,,NaN,false,false,false
135,NaN,NaN,0.0,false,false,NaN,NaN,,,NaN,false,false,false
136,NaN,NaN,0.0,false,false,NaN,NaN,,,NaN,false,false,false
137,NaN,NaN,0.0,false,false,NaN,NaN,,,NaN,false,false,false
138,NaN,NaN,0.0,false,false,NaN,NaN,,,NaN,false,false,false
139,NaN,NaN,0.0,false,false,NaN,NaN,,,NaN,false,false,false
140,NaN,NaN,0.0,false,false,NaN,NaN,,,NaN,false,false,false
141,NaN,NaN,0.0,false,false,NaN,NaN,,,NaN,false,false,false
142,NaN,NaN,0.0,false,false,NaN,NaN,,,NaN,false,false,false
143,NaN,NaN,0.0,false,false,NaN,NaN,,,NaN,false,false,false
144,NaN,NaN,0.0,false,false,NaN,NaN,,,NaN,false,false,false
145,NaN,NaN,0.0,false,false,NaN,NaN,,,NaN,false,false,false
146,NaN,NaN,0.0,false,false,NaN,NaN,,,NaN,false,false,false
147,NaN,NaN,0.0,false,false,NaN,NaN,,,NaN,false,false,false
148,NaN,NaN,0.0,false,false,NaN,NaN,,,NaN,false,false,false
149,NaN,NaN,0.0,false,false,NaN,NaN,,,NaN,false,false,false
150,NaN,NaN,0.0,false,false,NaN,NaN,,,NaN,false,false,false
151,NaN,NaN,0.0,false,false,NaN,NaN,,,NaN,false,false,false
152,NaN,NaN,0.0,false,false,NaN,NaN,,,NaN,false,false,false
153,NaN,NaN,0.0,false,false,NaN,NaN,,,NaN,false,false,false
154,NaN,NaN,0.0,false,false,NaN,NaN,,,NaN,false,false,false
155,NaN,NaN,0.0,false,false,NaN,NaN,,,NaN,false,false,false
156,NaN,NaN,0.0,false,false,NaN,NaN,,,NaN,false,false,false
157,NaN,NaN,0.0,false,false,NaN,NaN,,,NaN,false,false,false
158,NaN,NaN,0.0,false,false,NaN,NaN,,,NaN,false,false,false
159,NaN,NaN,0.0,false,false,NaN,NaN,,,NaN,false,false,false
160,NaN,NaN,0.0,false,false,NaN,NaN,,,NaN,false,false,false
161,NaN,NaN,0.0,false,false,NaN,NaN,,,NaN,false,false,false
162,NaN,NaN,0.0,false,false,NaN,NaN,,,NaN,false,false,false
163,NaN,NaN,0.0,false,false,NaN,NaN,,,NaN,false,false,false
164,NaN,NaN,0.0,false,false,NaN,NaN,,,NaN,false,false,false
165,NaN,NaN,0.0,false,false,NaN,NaN,,,NaN,false,false,false
166,NaN,NaN,0.0,false,false,NaN,NaN,,,NaN,false,false,false
167,NaN,NaN,0.0,false,false,NaN,NaN,,,NaN,false,false,false
168,NaN,NaN,0.0,false,false,NaN,NaN,,,NaN,false,false,false
169,NaN,NaN,0.0,false,false,NaN,NaN,,,NaN,false,false,false
170,NaN,NaN,0.0,false,false,NaN,NaN,,,NaN,false,false,false
171,NaN,NaN,0.0,false,false,NaN,NaN,,,NaN,false,false,false
172,NaN,NaN,0.0,false,false,NaN,NaN,,,NaN,false,false,false
173,NaN,NaN,0.0,false,false,NaN,NaN,,,NaN,false,false,false
174,NaN,NaN,0.0,false,false,NaN,NaN,,,NaN,false,false,false
175,NaN,NaN,0.0,false,false,NaN,NaN,,,NaN,false,false,false
176,NaN,NaN,0.0,false,false,NaN,NaN,,,NaN,false,false,false
177,NaN,NaN,0.0,false,false,NaN,NaN,,,NaN,false,false,false
178,NaN,NaN,0.0,false,false,NaN,NaN,,,NaN,false,false,false
179,NaN,NaN,0.0,false,false,NaN,NaN,,,NaN,false,false,false
180,NaN,NaN,0.0,false,false,NaN,NaN,,,NaN,false,false,false
181,NaN,NaN,0.0,false,false,NaN,NaN,,,NaN,false,false,false
182,NaN,NaN,0.0,false,false,NaN,NaN,,,NaN,false,false,false
183,NaN,NaN,0.0,false,false,NaN,NaN,,,NaN,false,false,false
184,NaN,NaN,0.0,false,false,NaN,NaN,,,NaN,false,false,false
185,NaN,NaN,0.0,false,false,NaN,NaN,,,NaN,false,false,false
186,NaN,NaN,0.0,false,false,NaN,NaN,,,NaN,false,false,false
187,NaN,NaN,0.0,false,false,NaN,NaN,,,NaN,false,false,false
188,NaN,NaN,0.0,false,false,NaN,NaN,,,NaN,false,false,false
189,NaN,NaN,0.0,false,false,NaN,NaN,,,NaN,false,false,false
190,NaN,NaN,0.0,false,false,NaN,NaN,,,NaN,false,false,false
191,NaN,NaN,0.0,false,false,NaN,NaN,,,NaN,false,false,false
192,NaN,NaN,0.0,false,false,NaN,NaN,,,NaN,false,false,false
193,NaN,NaN,0.0,false,false,NaN,NaN,,,NaN,false,false,false
194,NaN,NaN,0.0,false,false,NaN,NaN,,,NaN,false,false,false
195,NaN,NaN,0.0,false,false,NaN,NaN,,,NaN,false,false,false
196,NaN,NaN,0.0,false,false,NaN,NaN,,,NaN,false,false,false
197,NaN,NaN,0.0,false,false,NaN,NaN,,,NaN,false,false,false
198,NaN,NaN,0.0,false,false,NaN,NaN,,,NaN,false,false,false
199,NaN,NaN,0.0,false,false,NaN,NaN,,,NaN,false,false,false
200,NaN,NaN,0.0,false,false,NaN,NaN,,,NaN,false,false,false
201,NaN,NaN,0.0,false,false,NaN,NaN,,,NaN,false,false,false
202,NaN,NaN,0.0,false,false,NaN,NaN,,,NaN,false,false,false
203,NaN,NaN,0.0,false,false,NaN,NaN,,,NaN,false,false,false
204,NaN,NaN,0.0,false,false,NaN,NaN,,,NaN,false,false,false
205,NaN,NaN,0.0,false,false,NaN,NaN,,,NaN,false,false,false
206,NaN,NaN,0.0,false,false,NaN,NaN,,,NaN,false,false,false
207,NaN,NaN,0.0,false,false,NaN,NaN,,,NaN,false,false,false
208,NaN,NaN,0.0,false,false,NaN,NaN,,,NaN,false,false,false
209,NaN,NaN,0.0,false,false,NaN,NaN,,,NaN,false,false,false
210,NaN,NaN,0.0,false,false,NaN,NaN,,,NaN,false,false,false
211,NaN,NaN,0.0,false,false,NaN,NaN,,,NaN,false,false,false
212,NaN,NaN,0.0,false,false,NaN,NaN,,,NaN,false,false,false
213,NaN,NaN,0.0,false,false,NaN,NaN,,,NaN,false,false,false
214,NaN,NaN,0.0,false,false,NaN,NaN,,,NaN,false,false,false
215,NaN,NaN,0.0,false,false,NaN,NaN,,,NaN,false,false,false
216,NaN,NaN,0.0,false,false,NaN,NaN,,,NaN,false,false,false
217,NaN,NaN,0.0,false,false,NaN,NaN,,,NaN,false,false,false
218,NaN,NaN,0.0,false,false,NaN,NaN,,,NaN,false,false,false
219,NaN,NaN,0.0,false,false,NaN,NaN,,,NaN,false,false,false
220,NaN,NaN,0.0,false,false,NaN,NaN,,,NaN,false,false,false
221,NaN,NaN,0.0,false,false,NaN,NaN,,,NaN,false,false,false
222,NaN,NaN,0.0,false,false,NaN,NaN,,,NaN,false,false,false
223,NaN,NaN,0.0,false,false,NaN,NaN,,,NaN,false,false,false
224,NaN,NaN,0.0,false,false,NaN,NaN,,,NaN,false,false,false
225,NaN,NaN,0.0,false,false,NaN,NaN,,,NaN,false,false,false
226,NaN,NaN,0.0,false,false,NaN,NaN,,,NaN,false,false,false
227,NaN,NaN,0.0,false,false,NaN,NaN,,,NaN,false,false,false
228,NaN,NaN,0.0,false,false,NaN,NaN,,,NaN,false,false,false
229,NaN,NaN,0.0,false,false,NaN,NaN,,,NaN,false,false,false
230,NaN,NaN,0.0,false,false,NaN,NaN,,,NaN,false,false,false
231,NaN,NaN,0.0,false,false,NaN,NaN,,,NaN,false,false,false
232,NaN,NaN,0.0,false,false,NaN,NaN,,,NaN,false,false,false
233,NaN,NaN,0.0,false,false,NaN,NaN,,,NaN,false,false,false
234,NaN,NaN,0.0,false,false,NaN,NaN,,,NaN,false,false,false
235,NaN,NaN,0.0,false,false,NaN,NaN,,,NaN,false,false,false
236,NaN,NaN,0.0,false,false,NaN,NaN,,,NaN,false,false,false
237,NaN,NaN,0.0,false,false,NaN,NaN,,,NaN,false,false,false
238,NaN,NaN,0.0,false,false,NaN,NaN,,,NaN,false,false,false
239,NaN,NaN,0.0,false,false,NaN,NaN,,,NaN,false,false,false
240,NaN,NaN,0.0,false,false,NaN,NaN,,,NaN,false,false,false
241,NaN,NaN,0.0,false,false,NaN,NaN,,,NaN,false,false,false
242,NaN,NaN,0.0,false,false,NaN,NaN,,,NaN,false,false,false
243,NaN,NaN,0.0,false,false,NaN,NaN,,,NaN,false,false,false
244,NaN,NaN,0.0,false,false,NaN,NaN,,,NaN,false,false,false
245,NaN,NaN,0.0,false,false,NaN,NaN,,,NaN,false,false,false
246,NaN,NaN,0.0,false,false,NaN,NaN,,,NaN,false,false,false
247,NaN,NaN,0.0,false,false,NaN,NaN,,,NaN,false,false,false
248,NaN,NaN,0.0,false,false,NaN,NaN,,,NaN,false,false,false
249,NaN,NaN,0.0,false,false,NaN,NaN,,,NaN,false,false,false
250,NaN,NaN,0.0,false,false,NaN,NaN,,,NaN,false,false,false
251,NaN,NaN,0.0,false,false,NaN,NaN,,,NaN,false,false,false
252,NaN,NaN,0.0,false,false,NaN,NaN,,,NaN,false,false,false
253,NaN,NaN,0.0,false,false,NaN,NaN,,,NaN,false,false,false
254,NaN,NaN,0.0,false,false,NaN,NaN,,,NaN,false,false,false
255,NaN,NaN,0.0,false,false,NaN,NaN,,,NaN,false,false,false
256,NaN,NaN,0.0,false,false,NaN,NaN,,,NaN,false,false,false
257,NaN,NaN,0.0,false,false,NaN,NaN,,,NaN,false,false,false
258,NaN,NaN,0.0,false,false,NaN,NaN,,,NaN,false,false,false
259,NaN,NaN,0.0,false,false,NaN,NaN,,,NaN,false,false,false
260,NaN,NaN,0.0,false,false,NaN,NaN,,,NaN,false,false,false
261,NaN,NaN,0.0,false,false,NaN,NaN,,,NaN,false,false,false
262,NaN,NaN,0.0,false,false,NaN,NaN,,,NaN,false,false,false
263,NaN,NaN,0.0,false,false,NaN,NaN,,,NaN,false,false,false
264,NaN,NaN,0.0,false,false,NaN,NaN,,,NaN,false,false,false
265,NaN,NaN,0.0,false,false,NaN,NaN,,,NaN,false,false,false
266,NaN,NaN,0.0,false,false,NaN,NaN,,,NaN,false,false,false
267,NaN,NaN,0.0,false,false,NaN,NaN,,,NaN,false,false,false
268,NaN,NaN,0.0,false,false,NaN,NaN,,,NaN,false,false,false
269,NaN,NaN,0.0,false,false,NaN,NaN,,,NaN,false,false,false
270,NaN,NaN,0.0,false,false,NaN,NaN,,,NaN,false,false,false
271,NaN,NaN,0.0,false,false,NaN,NaN,,,NaN,false,false,false
272,NaN,NaN,0.0,false,false,NaN,NaN,,,NaN,false,false,false
273,NaN,NaN,0.0,false,false,NaN,NaN,,,NaN,false,false,false
274,NaN,NaN,0.0,false,false,NaN,NaN,,,NaN,false,false,false
275,NaN,NaN,0.0,false,false,NaN,NaN,,,NaN,false,false,false
276,NaN,NaN,0.0,false,false,NaN,NaN,,,NaN,false,false,false
277,NaN,NaN,0.0,false,false,NaN,NaN,,,NaN,false,false,false
278,NaN,NaN,0.0,false,false,NaN,NaN,,,NaN,false,false,false
279,NaN,NaN,0.0,false,false,NaN,NaN,,,NaN,false,false,false
280,NaN,NaN,0.0,false,false,NaN,NaN,,,NaN,false,false,false
281,NaN,NaN,0.0,false,false,NaN,NaN,,,NaN,false,false,false
282,NaN,NaN,0.0,false,false,NaN,NaN,,,NaN,false,false,false
283,NaN,NaN,0.0,false,false,NaN,NaN,,,NaN,false,false,false
284,NaN,NaN,0.0,false,false,NaN,NaN,,,NaN,false,false,false
285,NaN,NaN,0.0,false,false,NaN,NaN,,,NaN,false,false,false
286,NaN,NaN,0.0,false,false,NaN,NaN,,,NaN,false,false,false
287,NaN,NaN,0.0,false,false,NaN,NaN,,,NaN,false,false,false
288,NaN,NaN,0.0,false,false,NaN,NaN,,,NaN,false,false,false
289,NaN,NaN,0.0,false,false,NaN,NaN,,,NaN,false,false,false
290,NaN,NaN,0.0,false,false,NaN,NaN,,,NaN,false,false,false
291,NaN,NaN,0.0,false,false,NaN,NaN,,,NaN,false,false,false
292,NaN,NaN,0.0,false,false,NaN,NaN,,,NaN,false,false,false
293,NaN,NaN,0.0,false,false,NaN,NaN,,,NaN,false,false,false
294,NaN,NaN,0.0,false,false,NaN,NaN,,,NaN,false,false,false
295,NaN,NaN,0.0,false,false,NaN,NaN,,,NaN,false,false,false
296,NaN,NaN,0.0,false,false,NaN,NaN,,,NaN,false,false,false
297,NaN,NaN,0.0,false,false,NaN,NaN,,,NaN,false,false,false
298,NaN,NaN,0.0,false,false,NaN,NaN,,,NaN,false,false,false
299,NaN,NaN,0.0,false,false,NaN,NaN,,,NaN,false,false,false
300,NaN,NaN,0.0,false,false,NaN,NaN,,,NaN,false,false,false
301,NaN,NaN,0.0,false,false,NaN,NaN,,,NaN,false,false,false
302,NaN,NaN,0.0,false,false,NaN,NaN,,,NaN,false,false,false
303,NaN,NaN,0.0,false,false,NaN,NaN,,,NaN,false,false,false
304,NaN,NaN,0.0,false,false,NaN,NaN,,,NaN,false,false,false
305,NaN,NaN,0.0,false,false,NaN,NaN,,,NaN,false,false,false
306,NaN,NaN,0.0,false,false,NaN,NaN,,,NaN,false,false,false
307,NaN,NaN,0.0,false,false,NaN,NaN,,,NaN,false,false,false
308,NaN,NaN,0.0,false,false,NaN,NaN,,,NaN,false,false,false
309,NaN,NaN,0.0,false,false,NaN,NaN,,,NaN,false,false,false
310,NaN,NaN,0.0,false,false,NaN,NaN,,,NaN,false,false,false
311,NaN,NaN,0.0,false,false,NaN,NaN,,,NaN,false,false,false
312,NaN,NaN,0.0,false,false,NaN,NaN,,,NaN,false,false,false
313,NaN,NaN,0.0,false,false,NaN,NaN,,,NaN,false,false,false
314,NaN,NaN,0.0,false,false,NaN,NaN,,,NaN,false,false,false
315,NaN,NaN,0.0,false,false,NaN,NaN,,,NaN,false,false,false
316,NaN,NaN,0.0,false,false,NaN,NaN,,,NaN,false,false,false
317,NaN,NaN,0.0,false,false,NaN,NaN,,,NaN,false,false,false
318,NaN,NaN,0.0,false,false,NaN,NaN,,,NaN,false,false,false
319,NaN,NaN,0.0,false,false,NaN,NaN,,,NaN,false,false,false
320,NaN,NaN,0.0,false,false,NaN,NaN,,,NaN,false,false,false
321,NaN,NaN,0.0,false,false,NaN,NaN,,,NaN,false,false,false
322,NaN,NaN,0.0,false,false,NaN,NaN,,,NaN,false,false,false
323,NaN,NaN,0.0,false,false,NaN,NaN,,,NaN,false,false,false
324,NaN,NaN,0.0,false,false,NaN,NaN,,,NaN,false,false,false
325,NaN,NaN,0.0,false,false,NaN,NaN,,,NaN,false,false,false
326,NaN,NaN,0.0,false,false,NaN,NaN,,,NaN,false,false,false
327,NaN,NaN,0.0,false,false,NaN,NaN,,,NaN,false,false,false
328,NaN,NaN,0.0,false,false,NaN,NaN,,,NaN,false,false,false
329,NaN,NaN,0.0,false,false,NaN,NaN,,,NaN,false,false,false
330,NaN,NaN,0.0,false,false,NaN,NaN,,,NaN,false,false,false
331,NaN,NaN,0.0,false,false,NaN,NaN,,,NaN,false,false,false
332,NaN,NaN,0.0,false,false,NaN,NaN,,,NaN,false,false,false
333,NaN,NaN,0.0,false,false,NaN,NaN,,,NaN,false,false,false
334,NaN,NaN,0.0,false,false,NaN,NaN,,,NaN,false,false,false
335,NaN,NaN,0.0,false,false,NaN,NaN,,,NaN,false,false,false
336,NaN,NaN,0.0,false,false,NaN,NaN,,,NaN,false,false,false
337,NaN,NaN,0.0,false,false,NaN,NaN,,,NaN,false,false,false
338,NaN,NaN,0.0,false,false,NaN,NaN,,,NaN,false,false,false
339,NaN,NaN,0.0,false,false,NaN,NaN,,,NaN,false,false,false
340,NaN,NaN,0.0,false,false,NaN,NaN,,,NaN,false,false,false
341,NaN,NaN,0.0,false,false,NaN,NaN,,,NaN,false,false,false
342,NaN,NaN,0.0,false,false,NaN,NaN,,,NaN,false,false,false
343,NaN,NaN,0.0,false,false,NaN,NaN,,,NaN,false,false,false
344,NaN,NaN,0.0,false,false,NaN,NaN,,,NaN,false,false,false
345,NaN,NaN,0.0,false,false,NaN,NaN,,,NaN,false,false,false
346,NaN,NaN,0.0,false,false,NaN,NaN,,,NaN,false,false,false
347,NaN,NaN,0.0,false,false,NaN,NaN,,,NaN,false,false,false
348,NaN,NaN,0.0,false,false,NaN,NaN,,,NaN,false,false,false
349,NaN,NaN,0.0,false,false,NaN,NaN,,,NaN,false,false,false
350,NaN,NaN,0.0,false,false,NaN,NaN,,,NaN,false,false,false
351,NaN,NaN,0.0,false,false,NaN,NaN,,,NaN,false,false,false
352,NaN,NaN,0.0,false,false,NaN,NaN,,,NaN,false,false,false
353,NaN,NaN,0.0,false,false,NaN,NaN,,,NaN,false,false,false
354,NaN,NaN,0.0,false,false,NaN,NaN,,,NaN,false,false,false
355,NaN,NaN,0.0,false,false,NaN,NaN,,,NaN,false,false,false
356,NaN,NaN,0.0,false,false,NaN,NaN,,,NaN,false,false,false
357,NaN,NaN,0.0,false,false,NaN,NaN,,,NaN,false,false,false
358,NaN,NaN,0.0,false,false,NaN,NaN,,,NaN,false,false,false
359,NaN,NaN,0.0,false,false,NaN,NaN,,,NaN,false,false,false
360,NaN,NaN,0.0,false,false,NaN,NaN,,,NaN,false,false,false
361,NaN,NaN,0.0,false,false,NaN,NaN,,,NaN,false,false,false
362,NaN,NaN,0.0,false,false,NaN,NaN,,,NaN,false,false,false
363,NaN,NaN,0.0,false,false,NaN,NaN,,,NaN,false,false,false
364,NaN,NaN,0.0,false,false,NaN,NaN,,,NaN,false,false,false
365,NaN,NaN,0.0,false,false,NaN,NaN,,,NaN,false,false,false
366,NaN,NaN,0.0,false,false,NaN,NaN,,,NaN,false,false,false
367,NaN,NaN,0.0,false,false,NaN,NaN,,,NaN,false,false,false
368,NaN,NaN,0.0,false,false,NaN,NaN,,,NaN,false,false,false
369,NaN,NaN,0.0,false,false,NaN,NaN,,,NaN,false,false,false
370,NaN,NaN,0.0,false,false,NaN,NaN,,,NaN,false,false,false
371,NaN,NaN,0.0,false,false,NaN,NaN,,,NaN,false,false,false
372,NaN,NaN,0.0,false,false,NaN,NaN,,,NaN,false,false,false
373,NaN,NaN,0.0,false,false,NaN,NaN,,,NaN,false,false,false
374,NaN,NaN,0.0,false,false,NaN,NaN,,,NaN,false,false,false
375,NaN,NaN,0.0,false,false,NaN,NaN,,,NaN,false,false,false
376,NaN,NaN,0.0,false,false,NaN,NaN,,,NaN,false,false,false
377,NaN,NaN,0.0,false,false,NaN,NaN,,,NaN,false,false,false
378,NaN,NaN,0.0,false,false,NaN,NaN,,,NaN,false,false,false
379,NaN,NaN,0.0,false,false,NaN,NaN,,,NaN,false,false,false
380,NaN,NaN,0.0,false,false,NaN,NaN,,,NaN,false,false,false
381,NaN,NaN,0.0,false,false,NaN,NaN,,,NaN,false,false,false
382,NaN,NaN,0.0,false,false,NaN,NaN,,,NaN,false,false,false
383,NaN,NaN,0.0,false,false,NaN,NaN,,,NaN,false,false,false
384,NaN,NaN,0.0,false,false,NaN,NaN,,,NaN,false,false,false
385,NaN,NaN,0.0,false,false,NaN,NaN,,,NaN,false,false,false
386,NaN,NaN,0.0,false,false,NaN,NaN,,,NaN,false,false,false
387,NaN,NaN,0.0,false,false,NaN,NaN,,,NaN,false,false,false
388,NaN,NaN,0.0,false,false,NaN,NaN,,,NaN,false,false,false
389,NaN,NaN,0.0,false,false,NaN,NaN,,,NaN,false,false,false
390,NaN,NaN,0.0,false,false,NaN,NaN,,,NaN,false,false,false
391,NaN,NaN,0.0,false,false,NaN,NaN,,,NaN,false,false,false
392,NaN,NaN,0.0,false,false,NaN,NaN,,,NaN,false,false,false
393,NaN,NaN,0.0,false,false,NaN,NaN,,,NaN,false,false,false
394,NaN,NaN,0.0,false,false,NaN,NaN,,,NaN,false,false,false
395,NaN,NaN,0.0,false,false,NaN,NaN,,,NaN,false,false,false
396,NaN,NaN,0.0,false,false,NaN,NaN,,,NaN,false,false,false
397,NaN,NaN,0.0,false,false,NaN,NaN,,,NaN,false,false,false
398,NaN,NaN,0.0,false,false,NaN,NaN,,,NaN,false,false,false
399,NaN,NaN,0.0,false,false,NaN,NaN,,,NaN,false,false,false
400,NaN,NaN,0.0,false,false,NaN,NaN,,,NaN,false,false,false
401,NaN,NaN,0.0,false,false,NaN,NaN,,,NaN,false,false,false
402,NaN,NaN,0.0,false,false,NaN,NaN,,,NaN,false,false,false
403,NaN,NaN,0.0,false,false,NaN,NaN,,,NaN,false,false,false
404,NaN,NaN,0.0,false,false,NaN,NaN,,,NaN,false,false,false
405,NaN,NaN,0.0,false,false,NaN,NaN,,,NaN,false,false,false
406,NaN,NaN,0.0,false,false,NaN,NaN,,,NaN,false,false,false
407,NaN,NaN,0.0,false,false,NaN,NaN,,,NaN,false,false,false
408,NaN,NaN,0.0,false,false,NaN,NaN,,,NaN,false,false,false
409,NaN,NaN,0.0,false,false,NaN,NaN,,,NaN,false,false,false
410,NaN,NaN,0.0,false,false,NaN,NaN,,,NaN,false,false,false
411,NaN,NaN,0.0,false,false,NaN,NaN,,,NaN,false,false,false
412,NaN,NaN,0.0,false,false,NaN,NaN,,,NaN,false,false,false
413,NaN,NaN,0.0,false,false,NaN,NaN,,,NaN,false,false,false
414,NaN,NaN,0.0,false,false,NaN,NaN,,,NaN,false,false,false
415,NaN,NaN,0.0,false,false,NaN,NaN,,,NaN,false,false,false
416,NaN,NaN,0.0,false,false,NaN,NaN,,,NaN,false,false,false
417,NaN,NaN,0.0,false,false,NaN,NaN,,,NaN,false,false,false
418,NaN,NaN,0.0,false,false,NaN,NaN,,,NaN,false,false,false
419,NaN,NaN,0.0,false,false,NaN,NaN,,,NaN,false,false,false
420,NaN,NaN,0.0,false,false,NaN,NaN,,,NaN,false,false,false
421,NaN,NaN,0.0,false,false,NaN,NaN,,,NaN,false,false,false
422,NaN,NaN,0.0,false,false,NaN,NaN,,,NaN,false,false,false
423,NaN,NaN,0.0,false,false,NaN,NaN,,,NaN,false,false,false
424,NaN,NaN,0.0,false,false,NaN,NaN,,,NaN,false,false,false
425,NaN,NaN,0.0,false,false,NaN,NaN,,,NaN,false,false,false
426,NaN,NaN,0.0,false,false,NaN,NaN,,,NaN,false,false,false
427,NaN,NaN,0.0,false,false,NaN,NaN,,,NaN,false,false,false
428,NaN,NaN,0.0,false,false,NaN,NaN,,,NaN,false,false,false
429,NaN,NaN,0.0,false,false,NaN,NaN,,,NaN,false,false,false
430,NaN,NaN,0.0,false,false,NaN,NaN,,,NaN,false,false,false
431,NaN,NaN,0.0,false,false,NaN,NaN,,,NaN,false,false,false
432,NaN,NaN,0.0,false,false,NaN,NaN,,,NaN,false,false,false
433,NaN,NaN,0.0,false,false,NaN,NaN,,,NaN,false,false,false
434,NaN,NaN,0.0,false,false,NaN,NaN,,,NaN,false,false,false
435,NaN,NaN,0.0,false,false,NaN,NaN,,,NaN,false,false,false
436,NaN,NaN,0.0,false,false,NaN,NaN,,,NaN,false,false,false
437,NaN,NaN,0.0,false,false,NaN,NaN,,,NaN,false,false,false
438,NaN,NaN,0.0,false,false,NaN,NaN,,,NaN,false,false,false
439,NaN,NaN,0.0,false,false,NaN,NaN,,,NaN,false,false,false
440,NaN,NaN,0.0,false,false,NaN,NaN,,,NaN,false,false,false
441,NaN,NaN,0.0,false,false,NaN,NaN,,,NaN,false,false,false
442,NaN,NaN,0.0,false,false,NaN,NaN,,,NaN,false,false,false
443,NaN,NaN,0.0,false,false,NaN,NaN,,,NaN,false,false,false
444,NaN,NaN,0.0,false,false,NaN,NaN,,,NaN,false,false,false
445,NaN,NaN,0.0,false,false,NaN,NaN,,,NaN,false,false,false
446,NaN,NaN,0.0,false,false,NaN,NaN,,,NaN,false,false,false
447,NaN,NaN,0.0,false,false,NaN,NaN,,,NaN,false,false,false
448,NaN,NaN,0.0,false,false,NaN,NaN,,,NaN,false,false,false
449,NaN,NaN,0.0,false,false,NaN,NaN,,,NaN,false,false,false
450,NaN,NaN,0.0,false,false,NaN,NaN,,,NaN,false,false,false
451,NaN,NaN,0.0,false,false,NaN,NaN,,,NaN,false,false,false
452,NaN,NaN,0.0,false,false,NaN,NaN,,,NaN,false,false,false
453,NaN,NaN,0.0,false,false,NaN,NaN,,,NaN,false,false,false
454,NaN,NaN,0.0,false,false,NaN,NaN,,,NaN,false,false,false
455,NaN,NaN,0.0,false,false,NaN,NaN,,,NaN,false,false,false
456,NaN,NaN,0.0,false,false,NaN,NaN,,,NaN,false,false,false
457,NaN,NaN,0.0,false,false,NaN,NaN,,,NaN,false,false,false
458,NaN,NaN,0.0,false,false,NaN,NaN,,,NaN,false,false,false
459,NaN,NaN,0.0,false,false,NaN,NaN,,,NaN,false,false,false
460,NaN,NaN,0.0,false,false,NaN,NaN,,,NaN,false,false,false
461,NaN,NaN,0.0,false,false,NaN,NaN,,,NaN,false,false,false
462,NaN,NaN,0.0,false,false,NaN,NaN,,,NaN,false,false,false
463,NaN,NaN,0.0,false,false,NaN,NaN,,,NaN,false,false,false
464,NaN,NaN,0.0,false,false,NaN,NaN,,,NaN,false,false,false
465,NaN,NaN,0.0,false,false,NaN,NaN,,,NaN,false,false,false
466,NaN,NaN,0.0,false,false,NaN,NaN,,,NaN,false,false,false
467,NaN,NaN,0.0,false,false,NaN,NaN,,,NaN,false,false,false
468,NaN,NaN,0.0,false,false,NaN,NaN,,,NaN,false,false,false
469,NaN,NaN,0.0,false,false,NaN,NaN,,,NaN,false,false,false
470,NaN,NaN,0.0,false,false,NaN,NaN,,,NaN,false,false,false
471,NaN,NaN,0.0,false,false,NaN,NaN,,,NaN,false,false,false
472,NaN,NaN,0.0,false,false,NaN,NaN,,,NaN,false,false,false
473,NaN,NaN,0.0,false,false,NaN,NaN,,,NaN,false,false,false
474,NaN,NaN,0.0,false,false,NaN,NaN,,,NaN,false,false,false
475,NaN,NaN,0.0,false,false,NaN,NaN,,,NaN,false,false,false
476,NaN,NaN,0.0,false,false,NaN,NaN,,,NaN,false,false,false
477,NaN,NaN,0.0,false,false,NaN,NaN,,,NaN,false,false,false
478,NaN,NaN,0.0,false,false,NaN,NaN,,,NaN,false,false,false
479,NaN,NaN,0.0,false,false,NaN,NaN,,,NaN,false,false,false
480,NaN,NaN,0.0,false,false,NaN,NaN,,,NaN,false,false,false
481,NaN,NaN,0.0,false,false,NaN,NaN,,,NaN,false,false,false
482,NaN,NaN,0.0,false,false,NaN,NaN,,,NaN,false,false,false
483,NaN,NaN,0.0,false,false,NaN,NaN,,,NaN,false,false,false
484,NaN,NaN,0.0,false,false,NaN,NaN,,,NaN,false,false,false
485,NaN,NaN,0.0,false,false,NaN,NaN,,,NaN,false,false,false
486,NaN,NaN,0.0,false,false,NaN,NaN,,,NaN,false,false,false
487,NaN,NaN,0.0,false,false,NaN,NaN,,,NaN,false,false,false
488,NaN,NaN,0.0,false,false,NaN,NaN,,,NaN,false,false,false
489,NaN,NaN,0.0,false,false,NaN,NaN,,,NaN,false,false,false
490,NaN,NaN,0.0,false,false,NaN,NaN,,,NaN,false,false,false
491,NaN,NaN,0.0,false,false,NaN,NaN,,,NaN,false,false,false
492,NaN,NaN,0.0,false,false,NaN,NaN,,,NaN,false,false,false
493,NaN,NaN,0.0,false,false,NaN,NaN,,,NaN,false,false,false
494,NaN,NaN,0.0,false,false,NaN,NaN,,,NaN,false,false,false
495,NaN,NaN,0.0,false,false,NaN,NaN,,,NaN,false,false,false
496,NaN,NaN,0.0,false,false,NaN,NaN,,,NaN,false,false,false
497,NaN,NaN,0.0,false,false,NaN,NaN,,,NaN,false,false,false
498,NaN,NaN,0.0,false,false,NaN,NaN,,,NaN,false,false,false
499,NaN,NaN,0.0,false,false,NaN,NaN,,,NaN,false,false,false
500,NaN,NaN,0.0,false,false,NaN,NaN,,,NaN,false,false,false
501,NaN,NaN,0.0,false,false,NaN,NaN,,,NaN,false,false,false
502,NaN,NaN,0.0,false,false,NaN,NaN,,,NaN,false,false,false
503,NaN,NaN,0.0,false,false,NaN,NaN,,,NaN,false,false,false
504,NaN,NaN,0.0,false,false,NaN,NaN,,,NaN,false,false,false
505,NaN,NaN,0.0,false,false,NaN,NaN,,,NaN,false,false,false
506,NaN,NaN,0.0,false,false,NaN,NaN,,,NaN,false,false,false
507,NaN,NaN,0.0,false,false,NaN,NaN,,,NaN,false,false,false
508,NaN,NaN,0.0,false,false,NaN,NaN,,,NaN,false,false,false
509,NaN,NaN,0.0,false,false,NaN,NaN,,,NaN,false,false,false
510,NaN,NaN,0.0,false,false,NaN,NaN,,,NaN,false,false,false
511,NaN,NaN,0.0,false,false,NaN,NaN,,,NaN,false,false,false
512,NaN,NaN,0.0,false,false,NaN,NaN,,,NaN,false,false,false
513,NaN,NaN,0.0,false,false,NaN,NaN,,,NaN,false,false,false
514,NaN,NaN,0.0,false,false,NaN,NaN,,,NaN,false,false,false
515,NaN,NaN,0.0,false,false,NaN,NaN,,,NaN,false,false,false
516,NaN,NaN,0.0,false,false,NaN,NaN,,,NaN,false,false,false
517,NaN,NaN,0.0,false,false,NaN,NaN,,,NaN,false,false,false
518,NaN,NaN,0.0,false,false,NaN,NaN,,,NaN,false,false,false
519,NaN,NaN,0.0,false,false,NaN,NaN,,,NaN,false,false,false
520,NaN,NaN,0.0,false,false,NaN,NaN,,,NaN,false,false,false
521,NaN,NaN,0.0,false,false,NaN,NaN,,,NaN,false,false,false
522,NaN,NaN,0.0,false,false,NaN,NaN,,,NaN,false,false,false
523,NaN,NaN,0.0,false,false,NaN,NaN,,,NaN,false,false,false
524,NaN,NaN,0.0,false,false,NaN,NaN,,,NaN,false,false,false
525,NaN,NaN,0.0,false,false,NaN,NaN,,,NaN,false,false,false
526,NaN,NaN,0.0,false,false,NaN,NaN,,,NaN,false,false,false
527,NaN,NaN,0.0,false,false,NaN,NaN,,,NaN,false,false,false
528,NaN,NaN,0.0,false,false,NaN,NaN,,,NaN,false,false,false
529,NaN,NaN,0.0,false,false,NaN,NaN,,,NaN,false,false,false
530,NaN,NaN,0.0,false,false,NaN,NaN,,,NaN,false,false,false
531,NaN,NaN,0.0,false,false,NaN,NaN,,,NaN,false,false,false
532,NaN,NaN,0.0,false,false,NaN,NaN,,,NaN,false,false,false
533,NaN,NaN,0.0,false,false,NaN,NaN,,,NaN,false,false,false
534,NaN,NaN,0.0,false,false,NaN,NaN,,,NaN,false,false,false
535,NaN,NaN,0.0,false,false,NaN,NaN,,,NaN,false,false,false
536,NaN,NaN,0.0,false,false,NaN,NaN,,,NaN,false,false,false
537,NaN,NaN,0.0,false,false,NaN,NaN,,,NaN,false,false,false
538,NaN,NaN,0.0,false,false,NaN,NaN,,,NaN,false,false,false
539,NaN,NaN,0.0,false,false,NaN,NaN,,,NaN,false,false,false
540,NaN,NaN,0.0,false,false,NaN,NaN,,,NaN,false,false,false
541,NaN,NaN,0.0,false,false,NaN,NaN,,,NaN,false,false,false
542,NaN,NaN,0.0,false,false,NaN,NaN,,,NaN,false,false,false
543,NaN,NaN,0.0,false,false,NaN,NaN,,,NaN,false,false,false
544,NaN,NaN,0.0,false,false,NaN,NaN,,,NaN,false,false,false
545,NaN,NaN,0.0,false,false,NaN,NaN,,,NaN,false,false,false
546,NaN,NaN,0.0,false,false,NaN,NaN,,,NaN,false,false,false
547,NaN,NaN,0.0,false,false,NaN,NaN,,,NaN,false,false,false
548,NaN,NaN,0.0,false,false,NaN,NaN,,,NaN,false,false,false
549,NaN,NaN,0.0,false,false,NaN,NaN,,,NaN,false,false,false
550,NaN,NaN,0.0,false,false,NaN,NaN,,,NaN,false,false,false
551,NaN,NaN,0.0,false,false,NaN,NaN,,,NaN,false,false,false
552,NaN,NaN,0.0,false,false,NaN,NaN,,,NaN,false,false,false
553,NaN,NaN,0.0,false,false,NaN,NaN,,,NaN,false,false,false
554,NaN,NaN,0.0,false,false,NaN,NaN,,,NaN,false,false,false
555,NaN,NaN,0.0,false,false,NaN,NaN,,,NaN,false,false,false
556,NaN,NaN,0.0,false,false,NaN,NaN,,,NaN,false,false,false
557,NaN,NaN,0.0,false,false,NaN,NaN,,,NaN,false,false,false
558,NaN,NaN,0.0,false,false,NaN,NaN,,,NaN,false,false,false
559,NaN,NaN,0.0,false,false,NaN,NaN,,,NaN,false,false,false
560,NaN,NaN,0.0,false,false,NaN,NaN,,,NaN,false,false,false
561,NaN,NaN,0.0,false,false,NaN,NaN,,,NaN,false,false,false
562,NaN,NaN,0.0,false,false,NaN,NaN,,,NaN,false,false,false
563,NaN,NaN,0.0,false,false,NaN,NaN,,,NaN,false,false,false
564,NaN,NaN,0.0,false,false,NaN,NaN,,,NaN,false,false,false
565,NaN,NaN,0.0,false,false,NaN,NaN,,,NaN,false,false,false
566,NaN,NaN,0.0,false,false,NaN,NaN,,,NaN,false,false,false
567,NaN,NaN,0.0,false,false,NaN,NaN,,,NaN,false,false,false
568,NaN,NaN,0.0,false,false,NaN,NaN,,,NaN,false,false,false
569,NaN,NaN,0.0,false,false,NaN,NaN,,,NaN,false,false,false
570,NaN,NaN,0.0,false,false,NaN,NaN,,,NaN,false,false,false
571,NaN,NaN,0.0,false,false,NaN,NaN,,,NaN,false,false,false
572,NaN,NaN,0.0,false,false,NaN,NaN,,,NaN,false,false,false
573,NaN,NaN,0.0,false,false,NaN,NaN,,,NaN,false,false,false
574,NaN,NaN,0.0,false,false,NaN,NaN,,,NaN,false,false,false
575,NaN,NaN,0.0,false,false,NaN,NaN,,,NaN,false,false,false
576,NaN,NaN,0.0,false,false,NaN,NaN,,,NaN,false,false,false
577,NaN,NaN,0.0,false,false,NaN,NaN,,,NaN,false,false,false
578,NaN,NaN,0.0,false,false,NaN,NaN,,,NaN,false,false,false
579,NaN,NaN,0.0,false,false,NaN,NaN,,,NaN,false,false,false
580,NaN,NaN,0.0,false,false,NaN,NaN,,,NaN,false,false,false
581,NaN,NaN,0.0,false,false,NaN,NaN,,,NaN,false,false,false
582,NaN,NaN,0.0,false,false,NaN,NaN,,,NaN,false,false,false
583,NaN,NaN,0.0,false,false,NaN,NaN,,,NaN,false,false,false
584,NaN,NaN,0.0,false,false,NaN,NaN,,,NaN,false,false,false
585,NaN,NaN,0.0,false,false,NaN,NaN,,,NaN,false,false,false
586,NaN,NaN,0.0,false,false,NaN,NaN,,,NaN,false,false,false
587,NaN,NaN,0.0,false,false,NaN,NaN,,,NaN,false,false,false
588,NaN,NaN,0.0,false,false,NaN,NaN,,,NaN,false,false,false
589,NaN,NaN,0.0,false,false,NaN,NaN,,,NaN,false,false,false
590,NaN,NaN,0.0,false,false,NaN,NaN,,,NaN,false,false,false
591,NaN,NaN,0.0,false,false,NaN,NaN,,,NaN,false,false,false
592,NaN,NaN,0.0,false,false,NaN,NaN,,,NaN,false,false,false
593,NaN,NaN,0.0,false,false,NaN,NaN,,,NaN,false,false,false
594,NaN,NaN,0.0,false,false,NaN,NaN,,,NaN,false,false,false
595,NaN,NaN,0.0,false,false,NaN,NaN,,,NaN,false,false,false
596,NaN,NaN,0.0,false,false,NaN,NaN,,,NaN,false,false,false
597,NaN,NaN,0.0,false,false,NaN,NaN,,,NaN,false,false,false
598,NaN,NaN,0.0,false,false,NaN,NaN,,,NaN,false,false,false
599,NaN,NaN,0.0,false,false,NaN,NaN,,,NaN,false,false,false
600,NaN,NaN,0.0,false,false,NaN,NaN,,,NaN,false,false,false
601,NaN,NaN,0.0,false,false,NaN,NaN,,,NaN,false,false,false
602,NaN,NaN,0.0,false,false,NaN,NaN,,,NaN,false,false,false
603,NaN,NaN,0.0,false,false,NaN,NaN,,,NaN,false,false,false
604,NaN,NaN,0.0,false,false,NaN,NaN,,,NaN,false,false,false
605,NaN,NaN,0.0,false,false,NaN,NaN,,,NaN,false,false,false
606,NaN,NaN,0.0,false,false,NaN,NaN,,,NaN,false,false,false
607,NaN,NaN,0.0,false,false,NaN,NaN,,,NaN,false,false,false
608,NaN,NaN,0.0,false,false,NaN,NaN,,,NaN,false,false,false
609,NaN,NaN,0.0,false,false,NaN,NaN,,,NaN,false,false,false
610,NaN,NaN,0.0,false,false,NaN,NaN,,,NaN,false,false,false
611,NaN,NaN,0.0,false,false,NaN,NaN,,,NaN,false,false,false
612,NaN,NaN,0.0,false,false,NaN,NaN,,,NaN,false,false,false
613,NaN,NaN,0.0,false,false,NaN,NaN,,,NaN,false,false,false
614,NaN,NaN,0.0,false,false,NaN,NaN,,,NaN,false,false,false
615,NaN,NaN,0.0,false,false,NaN,NaN,,,NaN,false,false,false
616,NaN,NaN,0.0,false,false,NaN,NaN,,,NaN,false,false,false
617,NaN,NaN,0.0,false,false,NaN,NaN,,,NaN,false,false,false
618,NaN,NaN,0.0,false,false,NaN,NaN,,,NaN,false,false,false
619,NaN,NaN,0.0,false,false,NaN,NaN,,,NaN,false,false,false
620,NaN,NaN,0.0,false,false,NaN,NaN,,,NaN,false,false,false
621,NaN,NaN,0.0,false,false,NaN,NaN,,,NaN,false,false,false
622,NaN,NaN,0.0,false,false,NaN,NaN,,,NaN,false,false,false
623,NaN,NaN,0.0,false,false,NaN,NaN,,,NaN,false,false,false
624,NaN,NaN,0.0,false,false,NaN,NaN,,,NaN,false,false,false
625,NaN,NaN,0.0,false,false,NaN,NaN,,,NaN,false,false,false
626,NaN,NaN,0.0,false,false,NaN,NaN,,,NaN,false,false,false
627,NaN,NaN,0.0,false,false,NaN,NaN,,,NaN,false,false,false
628,NaN,NaN,0.0,false,false,NaN,NaN,,,NaN,false,false,false
629,NaN,NaN,0.0,false,false,NaN,NaN,,,NaN,false,false,false
630,NaN,NaN,0.0,false,false,NaN,NaN,,,NaN,false,false,false
631,NaN,NaN,0.0,false,false,NaN,NaN,,,NaN,false,false,false
632,NaN,NaN,0.0,false,false,NaN,NaN,,,NaN,false,false,false
633,NaN,NaN,0.0,false,false,NaN,NaN,,,NaN,false,false,false
634,NaN,NaN,0.0,false,false,NaN,NaN,,,NaN,false,false,false
635,NaN,NaN,0.0,false,false,NaN,NaN,,,NaN,false,false,false
636,NaN,NaN,0.0,false,false,NaN,NaN,,,NaN,false,false,false
637,NaN,NaN,0.0,false,false,NaN,NaN,,,NaN,false,false,false
638,NaN,NaN,0.0,false,false,NaN,NaN,,,NaN,false,false,false
639,NaN,NaN,0.0,false,false,NaN,NaN,,,NaN,false,false,false
640,NaN,NaN,0.0,false,false,NaN,NaN,,,NaN,false,false,false
641,NaN,NaN,0.0,false,false,NaN,NaN,,,NaN,false,false,false
642,NaN,NaN,0.0,false,false,NaN,NaN,,,NaN,false,false,false
643,NaN,NaN,0.0,false,false,NaN,NaN,,,NaN,false,false,false
644,NaN,NaN,0.0,false,false,NaN,NaN,,,NaN,false,false,false
645,NaN,NaN,0.0,false,false,NaN,NaN,,,NaN,false,false,false
646,NaN,NaN,0.0,false,false,NaN,NaN,,,NaN,false,false,false
647,NaN,NaN,0.0,false,false,NaN,NaN,,,NaN,false,false,false
648,NaN,NaN,0.0,false,false,NaN,NaN,,,NaN,false,false,false
649,NaN,NaN,0.0,false,false,NaN,NaN,,,NaN,false,false,false
650,NaN,NaN,0.0,false,false,NaN,NaN,,,NaN,false,false,false
651,NaN,NaN,0.0,false,false,NaN,NaN,,,NaN,false,false,false
652,NaN,NaN,0.0,false,false,NaN,NaN,,,NaN,false,false,false
653,NaN,NaN,0.0,false,false,NaN,NaN,,,NaN,false,false,false
654,NaN,NaN,0.0,false,false,NaN,NaN,,,NaN,false,false,false
655,NaN,NaN,0.0,false,false,NaN,NaN,,,NaN,false,false,false
656,NaN,NaN,0.0,false,false,NaN,NaN,,,NaN,false,false,false
657,NaN,NaN,0.0,false,false,NaN,NaN,,,NaN,false,false,false
658,NaN,NaN,0.0,false,false,NaN,NaN,,,NaN,false,false,false
659,NaN,NaN,0.0,false,false,NaN,NaN,,,NaN,false,false,false
660,NaN,NaN,0.0,false,false,NaN,NaN,,,NaN,false,false,false
661,NaN,NaN,0.0,false,false,NaN,NaN,,,NaN,false,false,false
662,NaN,NaN,0.0,false,false,NaN,NaN,,,NaN,false,false,false
663,NaN,NaN,0.0,false,false,NaN,NaN,,,NaN,false,false,false
664,NaN,NaN,0.0,false,false,NaN,NaN,,,NaN,false,false,false
665,NaN,NaN,0.0,false,false,NaN,NaN,,,NaN,false,false,false
666,NaN,NaN,0.0,false,false,NaN,NaN,,,NaN,false,false,false
667,NaN,NaN,0.0,false,false,NaN,NaN,,,NaN,false,false,false
668,NaN,NaN,0.0,false,false,NaN,NaN,,,NaN,false,false,false
669,NaN,NaN,0.0,false,false,NaN,NaN,,,NaN,false,false,false
670,NaN,NaN,0.0,false,false,NaN,NaN,,,NaN,false,false,false
671,NaN,NaN,0.0,false,false,NaN,NaN,,,NaN,false,false,false
672,NaN,NaN,0.0,false,false,NaN,NaN,,,NaN,false,false,false
673,NaN,NaN,0.0,false,false,NaN,NaN,,,NaN,false,false,false
674,NaN,NaN,0.0,false,false,NaN,NaN,,,NaN,false,false,false
675,NaN,NaN,0.0,false,false,NaN,NaN,,,NaN,false,false,false
676,NaN,NaN,0.0,false,false,NaN,NaN,,,NaN,false,false,false
677,NaN,NaN,0.0,false,false,NaN,NaN,,,NaN,false,false,false
678,NaN,NaN,0.0,false,false,NaN,NaN,,,NaN,false,false,false
679,NaN,NaN,0.0,false,false,NaN,NaN,,,NaN,false,false,false
680,NaN,NaN,0.0,false,false,NaN,NaN,,,NaN,false,false,false
681,NaN,NaN,0.0,false,false,NaN,NaN,,,NaN,false,false,false
682,NaN,NaN,0.0,false,false,NaN,NaN,,,NaN,false,false,false
683,NaN,NaN,0.0,false,false,NaN,NaN,,,NaN,false,false,false
684,NaN,NaN,0.0,false,false,NaN,NaN,,,NaN,false,false,false
685,NaN,NaN,0.0,false,false,NaN,NaN,,,NaN,false,false,false
686,NaN,NaN,0.0,false,false,NaN,NaN,,,NaN,false,false,false
687,NaN,NaN,0.0,false,false,NaN,NaN,,,NaN,false,false,false
688,NaN,NaN,0.0,false,false,NaN,NaN,,,NaN,false,false,false
689,NaN,NaN,0.0,false,false,NaN,NaN,,,NaN,false,false,false
690,NaN,NaN,0.0,false,false,NaN,NaN,,,NaN,false,false,false
691,NaN,NaN,0.0,false,false,NaN,NaN,,,NaN,false,false,false
692,NaN,NaN,0.0,false,false,NaN,NaN,,,NaN,false,false,false
693,NaN,NaN,0.0,false,false,NaN,NaN,,,NaN,false,false,false
694,NaN,NaN,0.0,false,false,NaN,NaN,,,NaN,false,false,false
695,NaN,NaN,0.0,false,false,NaN,NaN,,,NaN,false,false,false
696,NaN,NaN,0.0,false,false,NaN,NaN,,,NaN,false,false,false
697,NaN,NaN,0.0,false,false,NaN,NaN,,,NaN,false,false,false
698,NaN,NaN,0.0,false,false,NaN,NaN,,,NaN,false,false,false
699,NaN,NaN,0.0,false,false,NaN,NaN,,,NaN,false,false,false
700,NaN,NaN,0.0,false,false,NaN,NaN,,,NaN,false,false,false
701,NaN,NaN,0.0,false,false,NaN,NaN,,,NaN,false,false,false
702,NaN,NaN,0.0,false,false,NaN,NaN,,,NaN,false,false,false
703,NaN,NaN,0.0,false,false,NaN,NaN,,,NaN,false,false,false
704,NaN,NaN,0.0,false,false,NaN,NaN,,,NaN,false,false,false
705,NaN,NaN,0.0,false,false,NaN,NaN,,,NaN,false,false,false
706,NaN,NaN,0.0,false,false,NaN,NaN,,,NaN,false,false,false
707,NaN,NaN,0.0,false,false,NaN,NaN,,,NaN,false,false,false
708,NaN,NaN,0.0,false,false,NaN,NaN,,,NaN,false,false,false
709,NaN,NaN,0.0,false,false,NaN,NaN,,,NaN,false,false,false
710,NaN,NaN,0.0,false,false,NaN,NaN,,,NaN,false,false,false
711,NaN,NaN,0.0,false,false,NaN,NaN,,,NaN,false,false,false
712,NaN,NaN,0.0,false,false,NaN,NaN,,,NaN,false,false,false
713,NaN,NaN,0.0,false,false,NaN,NaN,,,NaN,false,false,false
714,NaN,NaN,0.0,false,false,NaN,NaN,,,NaN,false,false,false
715,NaN,NaN,0.0,false,false,NaN,NaN,,,NaN,false,false,false
716,NaN,NaN,0.0,false,false,NaN,NaN,,,NaN,false,false,false
717,NaN,NaN,0.0,false,false,NaN,NaN,,,NaN,false,false,false
718,NaN,NaN,0.0,false,false,NaN,NaN,,,NaN,false,false,false
719,NaN,NaN,0.0,false,false,NaN,NaN,,,NaN,false,false,false
720,NaN,NaN,0.0,false,false,NaN,NaN,,,NaN,false,false,false
721,NaN,NaN,0.0,false,false,NaN,NaN,,,NaN,false,false,false
722,NaN,NaN,0.0,false,false,NaN,NaN,,,NaN,false,false,false
723,NaN,NaN,0.0,false,false,NaN,NaN,,,NaN,false,false,false
724,NaN,NaN,0.0,false,false,NaN,NaN,,,NaN,false,false,false
725,NaN,NaN,0.0,false,false,NaN,NaN,,,NaN,false,false,false
726,NaN,NaN,0.0,false,false,NaN,NaN,,,NaN,false,false,false
727,NaN,NaN,0.0,false,false,NaN,NaN,,,NaN,false,false,false
728,NaN,NaN,0.0,false,false,NaN,NaN,,,NaN,false,false,false
729,NaN,NaN,0.0,false,false,NaN,NaN,,,NaN,false,false,false
730,NaN,NaN,0.0,false,false,NaN,NaN,,,NaN,false,false,false
731,NaN,NaN,0.0,false,false,NaN,NaN,,,NaN,false,false,false
732,NaN,NaN,0.0,false,false,NaN,NaN,,,NaN,false,false,false
733,NaN,NaN,0.0,false,false,NaN,NaN,,,NaN,false,false,false
734,NaN,NaN,0.0,false,false,NaN,NaN,,,NaN,false,false,false
735,NaN,NaN,0.0,false,false,NaN,NaN,,,NaN,false,false,false
736,NaN,NaN,0.0,false,false,NaN,NaN,,,NaN,false,false,false
737,NaN,NaN,0.0,false,false,NaN,NaN,,,NaN,false,false,false
738,NaN,NaN,0.0,false,false,NaN,NaN,,,NaN,false,false,false
739,NaN,NaN,0.0,false,false,NaN,NaN,,,NaN,false,false,false
740,NaN,NaN,0.0,false,false,NaN,NaN,,,NaN,false,false,false
741,NaN,NaN,0.0,false,false,NaN,NaN,,,NaN,false,false,false
742,NaN,NaN,0.0,false,false,NaN,NaN,,,NaN,false,false,false
743,NaN,NaN,0.0,false,false,NaN,NaN,,,NaN,false,false,false
744,NaN,NaN,0.0,false,false,NaN,NaN,,,NaN,false,false,false
745,NaN,NaN,0.0,false,false,NaN,NaN,,,NaN,false,false,false
746,NaN,NaN,0.0,false,false,NaN,NaN,,,NaN,false,false,false
747,NaN,NaN,0.0,false,false,NaN,NaN,,,NaN,false,false,false
748,NaN,NaN,0.0,false,false,NaN,NaN,,,NaN,false,false,false
749,NaN,NaN,0.0,false,false,NaN,NaN,,,NaN,false,false,false
750,NaN,NaN,0.0,false,false,NaN,NaN,,,NaN,false,false,false
751,NaN,NaN,0.0,false,false,NaN,NaN,,,NaN,false,false,false
752,NaN,NaN,0.0,false,false,NaN,NaN,,,NaN,false,false,false
753,NaN,NaN,0.0,false,false,NaN,NaN,,,NaN,false,false,false
754,NaN,NaN,0.0,false,false,NaN,NaN,,,NaN,false,false,false
755,NaN,NaN,0.0,false,false,NaN,NaN,,,NaN,false,false,false
756,NaN,NaN,0.0,false,false,NaN,NaN,,,NaN,false,false,false
757,NaN,NaN,0.0,false,false,NaN,NaN,,,NaN,false,false,false
758,NaN,NaN,0.0,false,false,NaN,NaN,,,NaN,false,false,false
759,NaN,NaN,0.0,false,false,NaN,NaN,,,NaN,false,false,false
760,NaN,NaN,0.0,false,false,NaN,NaN,,,NaN,false,false,false
761,NaN,NaN,0.0,false,false,NaN,NaN,,,NaN,false,false,false
762,NaN,NaN,0.0,false,false,NaN,NaN,,,NaN,false,false,false
763,1912.538755953312,0.0,0.02,false,false,NaN,NaN,,,NaN,false,false,false
764,NaN,NaN,0.0,false,false,NaN,NaN,,,NaN,false,false,false
765,NaN,NaN,0.0,false,false,NaN,NaN,,,NaN,false,false,false
766,NaN,NaN,0.0,false,false,NaN,NaN,,,NaN,false,false,false
767,NaN,NaN,0.0,false,false,NaN,NaN,,,NaN,false,false,false
768,NaN,NaN,0.0,false,false,NaN,NaN,,,NaN,false,false,false
769,NaN,NaN,0.0,false,false,NaN,NaN,,,NaN,false,false,false
770,NaN,NaN,0.0,false,false,NaN,NaN,,,NaN,false,false,false
771,NaN,NaN,0.0,false,false,NaN,NaN,,,NaN,false,false,false
772,1912.5287792086601,0.0019409922919850422,1.0,true,false,NaN,NaN,,,NaN,false,false,false
773,NaN,NaN,0.0,false,false,NaN,NaN,,,NaN,false,false,false
774,1912.5412778258324,0.00040754724899604185,0.64,false,false,NaN,NaN,,,NaN,false,false,false
775,1912.5407134890556,0.00042619640910687636,1.0,true,false,NaN,NaN,,,NaN,false,false,false
776,NaN,NaN,0.0,false,false,NaN,NaN,,,NaN,false,false,false
777,1912.539458334446,0.0006785320237669758,0.32,false,false,NaN,NaN,,,NaN,false,false,false
778,1912.538684785366,0.0005850364192844194,1.0,true,false,NaN,NaN,,,NaN,false,false,false
779,1912.5390450954437,0.0007475349430198791,0.06,false,false,NaN,NaN,,,NaN,false,false,false
780,1912.5392641425133,0.0003965764097227871,0.46,false,false,NaN,NaN,,,NaN,false,false,false
781,1912.5385327339172,0.0005475387055203179,1.0,true,false,NaN,NaN,,,NaN,false,false,false
782,1912.5343939065933,0.0008974786435833586,0.14,false,false,NaN,NaN,,,NaN,false,false,false
783,NaN,NaN,0.0,false,false,NaN,NaN,,,NaN,false,false,false
784,1912.5356475114822,0.0009075646720558281,1.0,true,false,NaN,NaN,,,NaN,false,false,false
785,NaN,NaN,0.0,false,false,NaN,NaN,,,NaN,false,false,false
786,NaN,NaN,0.0,false,false,NaN,NaN,,,NaN,false,false,false
787,NaN,NaN,0.0,false,false,NaN,NaN,,,NaN,false,false,false
788,NaN,NaN,0.0,false,false,NaN,NaN,,,NaN,false,false,false
789,NaN,NaN,0.0,false,false,NaN,NaN,,,NaN,false,false,false
790,NaN,NaN,0.0,false,false,NaN,NaN,,,NaN,false,false,false
791,1912.538649469614,0.0006034015320446513,1.0,true,false,NaN,NaN,,,NaN,false,false,false
792,1912.5390815734863,0.000450593645482138,0.5,false,false,NaN,NaN,,,NaN,false,false,false
793,NaN,NaN,0.0,false,false,NaN,NaN,,,NaN,false,false,false
794,1912.536184489727,0.0004957872049276619,0.1,false,false,NaN,NaN,,,NaN,false,false,false
795,1912.5361881554127,0.001013307849918611,0.4,false,false,NaN,NaN,,,NaN,false,false,false
796,NaN,NaN,0.0,false,false,NaN,NaN,,,NaN,false,false,false
797,NaN,NaN,0.0,false,false,NaN,NaN,,,NaN,false,false,false
798,1912.5281559228897,0.0019022983402107812,1.0,true,false,NaN,NaN,,,NaN,false,false,false
799,1912.5343719124794,0.0012230263587063083,0.44,false,false,NaN,NaN,,,NaN,false,false,false
800,1912.5372552275658,0.0004333036302855102,1.0,true,false,NaN,NaN,,,NaN,false,false,false
801,1912.5349913835526,0.0,0.02,false,false,NaN,NaN,,,NaN,false,false,false
802,1912.5337335169315,0.0009526650083615333,0.64,false,false,NaN,NaN,,,NaN,false,false,false
803,1912.5337349176407,0.0006609338520914462,0.14,false,false,NaN,NaN,,,NaN,false,false,false
804,NaN,NaN,0.0,false,false,NaN,NaN,,,NaN,false,false,false
805,1912.5139682888985,0.002817866774620937,0.66,false,false,NaN,NaN,,,NaN,false,false,false
806,NaN,NaN,0.0,false,false,NaN,NaN,,,NaN,false,false,false
807,NaN,NaN,0.0,false,false,NaN,NaN,,,NaN,false,false,false
808,NaN,NaN,0.0,false,false,NaN,NaN,,,NaN,false,false,false
809,NaN,NaN,0.0,false,false,NaN,NaN,,,NaN,false,false,false
810,1912.5255974531174,0.0020658694982724074,1.0,true,false,NaN,NaN,,,NaN,false,false,false
811,NaN,NaN,0.0,false,false,NaN,NaN,,,NaN,false,false,false
812,NaN,NaN,0.0,false,false,NaN,NaN,,,NaN,false,false,false
813,1912.5278005301952,0.0015488586267891403,1.0,true,false,NaN,NaN,,,NaN,false,false,false
814,1912.533330321312,0.0008387916196983847,0.98,true,false,NaN,NaN,,,NaN,false,false,false
815,1912.53620916605,0.0005885957544874095,1.0,true,false,NaN,NaN,,,NaN,false,false,false
816,1912.5344538092613,0.0010039924417907674,1.0,true,false,NaN,NaN,,,NaN,false,false,false
817,NaN,NaN,0.0,false,false,NaN,NaN,,,NaN,false,false,false
818,1912.5377831459045,0.0003599165643159946,0.1,false,false,NaN,NaN,,,NaN,false,false,false
819,1912.5359634757042,0.0005273856514671507,0.82,true,false,NaN,NaN,,,NaN,false,false,false
820,NaN,NaN,0.0,false,false,NaN,NaN,,,NaN,false,false,false
821,1912.5348537564278,0.0004597746402604429,0.5,false,false,NaN,NaN,,,NaN,false,false,false
822,1912.5347691774368,0.0006849734454444948,1.0,true,false,NaN,NaN,,,NaN,false,false,false
823,1912.5348094701767,0.0,0.02,false,false,NaN,NaN,,,NaN,false,false,false
824,1912.5302880704403,0.0016619089395591754,0.36,false,false,NaN,NaN,,,NaN,false,false,false
825,1912.5285425186157,0.001301768134188281,0.24,false,false,NaN,NaN,,,NaN,false,false,false
826,NaN,NaN,0.0,false,false,NaN,NaN,,,NaN,false,false,false
827,NaN,NaN,0.0,false,false,NaN,NaN,,,NaN,false,false,false
828,NaN,NaN,0.0,false,false,NaN,NaN,,,NaN,false,false,false
829,1912.5345911681652,0.0013253874350663119,1.0,true,false,NaN,NaN,,,NaN,false,false,false
830,1912.5402175486088,0.0003764488040617971,0.24,false,false,NaN,NaN,,,NaN,false,false,false
831,1912.518731057644,0.002959291476768245,0.52,false,false,NaN,NaN,,,NaN,false,false,false
832,1912.3689040988684,0.009705768615483872,1.0,true,false,NaN,NaN,,,NaN,false,false,false
833,NaN,NaN,0.0,false,false,NaN,NaN,,,NaN,false,false,false
834,NaN,NaN,0.0,false,false,NaN,NaN,,,NaN,false,false,false
835,NaN,NaN,0.0,false,false,NaN,NaN,,,NaN,false,false,false
836,1900.0810183882713,0.007154174527519012,1.0,true,false,NaN,NaN,,,NaN,false,false,false
837,1900.2591314315796,0.007403412086639706,1.0,true,false,NaN,NaN,,,NaN,false,false,false
838,1900.3431507349014,0.009020991555114238,1.0,true,false,NaN,NaN,,,NaN,false,false,false
839,1900.3431074768305,0.009343060524508414,1.0,true,false,NaN,NaN,,,NaN,false,false,false
840,1900.3433637917042,0.00855792235631373,1.0,true,false,NaN,NaN,,,NaN,false,false,false
841,1900.3145522922277,0.005507176284393925,1.0,true,false,NaN,NaN,,,NaN,false,false,false
842,1900.1978584080935,0.004405718137540825,1.0,true,false,NaN,NaN,,,NaN,false,false,false
843,1900.173947967589,0.005424022739766486,1.0,true,false,NaN,NaN,,,NaN,false,false,false
844,1900.2548647373915,0.007264773951576094,1.0,true,false,NaN,NaN,,,NaN,false,false,false
845,1900.3896778970957,0.008407690834281322,1.0,true,false,NaN,NaN,,,NaN,false,false,false
846,1900.428850710392,0.012664225418912722,1.0,true,false,NaN,NaN,,,NaN,false,false,false
847,1900.4782045781612,0.009557734287247984,1.0,true,false,NaN,NaN,,,NaN,false,false,false
848,1900.490008443594,0.01973505390171865,1.0,true,false,NaN,NaN,,,NaN,false,false,false
849,1900.3561268597841,0.00934875844765633,1.0,true,false,NaN,NaN,,,NaN,false,false,false
850,1900.2282984256744,0.007719574279892005,1.0,true,false,NaN,NaN,,,NaN,false,false,false
851,1900.21063157171,0.006511631240263061,1.0,true,false,NaN,NaN,,,NaN,false,false,false
852,1900.3695211559534,0.008973607598586363,1.0,true,false,NaN,NaN,,,NaN,false,false,false
853,1900.3177159577608,0.00831345811240048,1.0,true,false,NaN,NaN,,,NaN,false,false,false
854,1900.2165899574757,0.007365890842262473,1.0,true,false,NaN,NaN,,,NaN,false,false,false
855,1900.1880915760994,0.008526615710246918,1.0,true,false,NaN,NaN,,,NaN,false,false,false
856,1900.1490795984864,0.010294924234888684,1.0,true,false,NaN,NaN,,,NaN,false,false,false
857,NaN,NaN,0.0,false,false,NaN,NaN,,,NaN,false,false,false
858,1899.9603342991322,0.0109334907285066,1.0,true,false,NaN,NaN,,,NaN,false,false,false
859,1899.8993420414627,0.010322233278909626,1.0,true,false,NaN,NaN,,,NaN,false,false,false
860,1899.8774180710316,0.009091186467939182,1.0,true,false,NaN,NaN,,,NaN,false,false,false
861,1899.84117308259,0.008141785387720526,1.0,true,false,NaN,NaN,,,NaN,false,false,false
862,1899.7403540313244,0.007989006765741352,1.0,true,false,NaN,NaN,,,NaN,false,false,false
863,1899.688044026494,0.006615567984037113,1.0,true,false,NaN,NaN,,,NaN,false,false,false
864,1899.7154215872288,0.005930511156221985,1.0,true,false,NaN,NaN,,,NaN,false,false,false
865,1899.7348939329386,0.006393513147751313,1.0,true,false,NaN,NaN,,,NaN,false,false,false
866,1899.7750913351774,0.006998223050769729,1.0,true,false,NaN,NaN,,,NaN,false,false,false
867,1899.8098663166165,0.00782947748217059,1.0,true,false,NaN,NaN,,,NaN,false,false,false
868,NaN,NaN,0.0,false,false,NaN,NaN,,,NaN,false,false,false
869,1899.8890657164156,0.006127105821022895,1.0,true,false,NaN,NaN,,,NaN,false,false,false
870,1899.92255442217,0.005416126234071501,1.0,true,false,NaN,NaN,,,NaN,false,false,false
871,1899.935077432543,0.005682537030778593,1.0,true,false,NaN,NaN,,,NaN,false,false,false
872,1899.906992714852,0.006291525654688276,1.0,true,false,NaN,NaN,,,NaN,false,false,false
873,1899.8934761546552,0.006009093498005133,1.0,true,false,NaN,NaN,,,NaN,false,false,false
874,1899.9270123280585,0.005305104806489901,1.0,true,false,NaN,NaN,,,NaN,false,false,false
875,1899.9777446761727,0.005774393868835919,1.0,true,false,NaN,NaN,,,NaN,false,false,false
876,1900.0009558867896,0.006809670251888659,1.0,true,false,NaN,NaN,,,NaN,false,false,false
877,NaN,NaN,0.0,false,false,NaN,NaN,,,NaN,false,false,false
878,1899.9699718905613,0.006516439644888979,1.0,true,false,NaN,NaN,,,NaN,false,false,false
879,1899.9372907467186,0.005804058778887851,1.0,true,false,NaN,NaN,,,NaN,false,false,false
880,1899.9155158028007,0.00528027487403326,1.0,true,false,NaN,NaN,,,NaN,false,false,false
881,1899.8592659905553,0.005096718629578513,1.0,true,false,NaN,NaN,,,NaN,false,false,false
882,1899.7373954802752,0.0057428710538127495,1.0,true,false,NaN,NaN,,,NaN,false,false,false
883,1899.6858054101467,0.006329186361045412,1.0,true,false,NaN,NaN,,,NaN,false,false,false
884,1899.726503521204,0.006390276923702647,1.0,true,false,NaN,NaN,,,NaN,false,false,false
885,1899.7906640693545,0.007000920969900193,1.0,true,false,NaN,NaN,,,NaN,false,false,false
886,1899.868636868894,0.007727413237952604,1.0,true,false,NaN,NaN,,,NaN,false,false,false
887,1899.9429818894714,0.008246762972705154,1.0,true,false,NaN,NaN,,,NaN,false,false,false
888,1900.016285918653,0.008232802263793977,1.0,true,false,NaN,NaN,,,NaN,false,false,false
889,1900.080308381468,0.007955867582430855,1.0,true,false,NaN,NaN,,,NaN,false,false,false
890,1900.125831708312,0.007750785504451457,1.0,true,false,NaN,NaN,,,NaN,false,false,false
891,1900.1436782106757,0.0075822979799885105,1.0,true,false,NaN,NaN,,,NaN,false,false,false
892,1900.1410742253065,0.007856955061105337,1.0,true,false,NaN,NaN,,,NaN,false,false,false
893,1900.13936894387,0.00886430584189625,1.0,true,false,NaN,NaN,,,NaN,false,false,false
894,1900.129584543407,0.00988951109415878,1.0,true,false,NaN,NaN,,,NaN,false,false,false
895,1900.0907503217459,0.010152053280747244,1.0,true,false,NaN,NaN,,,NaN,false,false,false
896,1900.0339444410056,0.009364372430689834,1.0,true,false,NaN,NaN,,,NaN,false,false,false
897,1899.9909167489968,0.007968590757532833,1.0,true,false,NaN,NaN,,,NaN,false,false,false
898,1899.9877884667367,0.006656508261364858,1.0,true,false,NaN,NaN,,,NaN,false,false,false
899,1900.0061660432257,0.005842571284624205,1.0,true,false,NaN,NaN,,,NaN,false,false,false
900,1900.0100009883754,0.00559250396903071,1.0,true,false,NaN,NaN,,,NaN,false,false,false
901,1899.9883876782842,0.005742353188837095,1.0,true,false,NaN,NaN,,,NaN,false,false,false
902,1899.9488464873284,0.006093120217637773,1.0,true,false,NaN,NaN,,,NaN,false,false,false
903,1899.8997922949493,0.006704338187366474,1.0,true,false,NaN,NaN,,,NaN,false,false,false
904,1899.8664906471968,0.007877323616755477,1.0,true,false,NaN,NaN,,,NaN,false,false,false
905,1899.867057517171,0.009143337544605437,1.0,true,false,NaN,NaN,,,NaN,false,false,false
906,1899.8728172257543,0.010084102870921166,1.0,true,false,NaN,NaN,,,NaN,false,false,false
907,1899.8624450713396,0.010564952109547771,1.0,true,false,NaN,NaN,,,NaN,false,false,false
908,1899.849898353219,0.010541685195814098,1.0,true,false,NaN,NaN,,,NaN,false,false,false
909,1899.8654218241572,0.010250836861160729,1.0,true,false,NaN,NaN,,,NaN,false,false,false
910,1899.9034320041537,0.00995617412379496,1.0,true,false,NaN,NaN,,,NaN,false,false,false
911,1899.945987649262,0.00924798321167145,1.0,true,false,NaN,NaN,,,NaN,false,false,false
912,1899.986843036022,0.008155653201434578,1.0,true,false,NaN,NaN,,,NaN,false,false,false
913,1900.0152206644416,0.007176654132199541,1.0,true,false,NaN,NaN,,,NaN,false,false,false
914,1899.9993997361453,0.006640894398567933,1.0,true,false,NaN,NaN,,,NaN,false,false,false
915,1899.9238054640591,0.006951729229844934,1.0,true,false,NaN,NaN,,,NaN,false,false,false
916,1899.8231829106808,0.008184103635580255,1.0,true,false,NaN,NaN,,,NaN,false,false,false
917,1899.7533479630947,0.009345504321616132,1.0,true,false,NaN,NaN,,,NaN,false,false,false
918,1899.7354167848825,0.009544166872615294,1.0,true,false,NaN,NaN,,,NaN,false,false,false
919,1899.7385823875666,0.010050556489274722,1.0,true,false,NaN,NaN,,,NaN,false,false,false
920,1899.7512469738722,0.010776218050117812,1.0,true,false,NaN,NaN,,,NaN,false,false,false
921,1899.7646128609776,0.010446297287910137,1.0,true,false,NaN,NaN,,,NaN,false,false,false
922,1899.7496567368507,0.009878237991529999,1.0,true,false,NaN,NaN,,,NaN,false,false,false
923,1899.7183214575052,0.0099449031281361,1.0,true,false,NaN,NaN,,,NaN,false,false,false
924,1899.7305062264204,0.009645638576394968,1.0,true,false,NaN,NaN,,,NaN,false,false,false
925,1899.7741393893957,0.00886205194562915,1.0,true,false,NaN,NaN,,,NaN,false,false,false
926,1899.8093439936638,0.008081238278812262,1.0,true,false,NaN,NaN,,,NaN,false,false,false
927,1899.7981430962682,0.008019511577834223,1.0,true,false,NaN,NaN,,,NaN,false,false,false
928,1899.726197168231,0.008841163151920142,1.0,true,false,NaN,NaN,,,NaN,false,false,false
929,1899.6314551085234,0.009910597197647756,1.0,true,false,NaN,NaN,,,NaN,false,false,false
930,1899.537653490901,0.010323677185625735,1.0,true,false,NaN,NaN,,,NaN,false,false,false
931,1899.4764873981476,0.009784237098449252,1.0,true,false,NaN,NaN,,,NaN,false,false,false
932,1899.475720345974,0.010879485605721221,1.0,true,false,NaN,NaN,,,NaN,false,false,false
933,1899.4952709972858,0.009512612720427355,1.0,true,false,NaN,NaN,,,NaN,false,false,false
934,1899.5137087404728,0.010100564182131953,1.0,true,false,NaN,NaN,,,NaN,false,false,false
935,1899.4958073794842,0.011891777914050362,1.0,true,false,NaN,NaN,,,NaN,false,false,false
936,1899.5064562261105,0.012148380441999652,1.0,true,false,NaN,NaN,,,NaN,false,false,false
937,1899.447760000825,0.011930998231097344,1.0,true,false,NaN,NaN,,,NaN,false,false,false
938,1899.4577034413815,0.011515020085345964,1.0,true,false,NaN,NaN,,,NaN,false,false,false
939,1899.51664853096,0.02799962614590456,1.0,true,false,NaN,NaN,,,NaN,false,false,false
940,1899.4899157583714,0.010827454970420586,1.0,true,false,NaN,NaN,,,NaN,false,false,false
941,1899.4819811582565,0.009425013904459847,1.0,true,false,NaN,NaN,,,NaN,false,false,false
942,1899.4260727465153,0.009666491997777638,1.0,true,false,NaN,NaN,,,NaN,false,false,false
943,1899.3451128304005,0.00940763318323241,1.0,true,false,NaN,NaN,,,NaN,false,false,false
944,1899.291476726532,0.009772600239298,1.0,true,false,NaN,NaN,,,NaN,false,false,false
945,1899.271171361208,0.010032983273845839,1.0,true,false,NaN,NaN,,,NaN,false,false,false
946,1899.3059944361448,0.009924183021230892,1.0,true,false,NaN,NaN,,,NaN,false,false,false
947,1899.383604183793,0.009714847214261819,1.0,true,false,NaN,NaN,,,NaN,false,false,false
948,1899.46497862041,0.009750135836654654,1.0,true,false,NaN,NaN,,,NaN,false,false,false
949,1899.5127293765545,0.014737549077947512,1.0,true,false,NaN,NaN,,,NaN,false,false,false
950,1899.5037764310837,0.010074647657624688,1.0,true,false,NaN,NaN,,,NaN,false,false,false
951,1899.4642141610384,0.009518086497013351,1.0,true,false,NaN,NaN,,,NaN,false,false,false
952,1899.4404073804617,0.00921128229563483,1.0,true,false,NaN,NaN,,,NaN,false,false,false
953,1899.3960168510675,0.009894453199318537,1.0,true,false,NaN,NaN,,,NaN,false,false,false
954,1899.3020261079073,0.010235026200734102,1.0,true,false,NaN,NaN,,,NaN,false,false,false
955,1899.2397337853909,0.010677127630421328,1.0,true,false,NaN,NaN,,,NaN,false,false,false
956,1899.2045543044806,0.010958515641370079,1.0,true,false,NaN,NaN,,,NaN,false,false,false
957,1899.171787083149,0.010359123365724978,1.0,true,false,NaN,NaN,,,NaN,false,false,false
958,1899.1515848636627,0.009498827936478608,1.0,true,false,NaN,NaN,,,NaN,false,false,false
959,1899.1549068763852,0.009344772727748777,1.0,true,false,NaN,NaN,,,NaN,false,false,false
960,1899.165264338255,0.00988971136027982,1.0,true,false,NaN,NaN,,,NaN,false,false,false
961,1899.1667673960328,0.010397347451370007,1.0,true,false,NaN,NaN,,,NaN,false,false,false
962,1899.1674384996295,0.010458823180431443,1.0,true,false,NaN,NaN,,,NaN,false,false,false
963,1899.1793008819222,0.010234488470871144,1.0,true,false,NaN,NaN,,,NaN,false,false,false
964,1899.1979409009218,0.00992323294943914,1.0,true,false,NaN,NaN,,,NaN,false,false,false
965,1899.2048791199923,0.010097439749493571,1.0,true,false,NaN,NaN,,,NaN,false,false,false
966,1899.2016937807202,0.010521159836266988,1.0,true,false,NaN,NaN,,,NaN,false,false,false
967,1899.1985737532377,0.010329067401736492,1.0,true,false,NaN,NaN,,,NaN,false,false,false
968,1899.1953279674053,0.009431777710221476,1.0,true,false,NaN,NaN,,,NaN,false,false,false
969,1899.1810599043965,0.00818498413334083,1.0,true,false,NaN,NaN,,,NaN,false,false,false
970,1899.1597620248795,0.007546461382333211,1.0,true,false,NaN,NaN,,,NaN,false,false,false
971,1899.1284088641405,0.007427043917707067,1.0,true,false,NaN,NaN,,,NaN,false,false,false
972,1899.0880607105792,0.0069306845096766285,1.0,true,false,NaN,NaN,,,NaN,false,false,false
973,1899.0611873529851,0.006921162196845615,1.0,true,false,NaN,NaN,,,NaN,false,false,false
974,1899.035716291517,0.007632838511641919,1.0,true,false,NaN,NaN,,,NaN,false,false,false
975,1898.9855452347547,0.008301884467680138,1.0,true,false,NaN,NaN,,,NaN,false,false,false
976,1898.9229828864336,0.007785880424289694,1.0,true,false,NaN,NaN,,,NaN,false,false,false
977,NaN,NaN,0.0,false,false,NaN,NaN,,,NaN,false,false,false
978,NaN,NaN,0.0,false,false,NaN,NaN,,,NaN,false,false,false
979,NaN,NaN,0.0,false,false,NaN,NaN,,,NaN,false,false,false
980,NaN,NaN,0.0,false,false,NaN,NaN,,,NaN,false,false,false
981,NaN,NaN,0.0,false,false,NaN,NaN,,,NaN,false,false,false
982,NaN,NaN,0.0,false,false,NaN,NaN,,,NaN,false,false,false
983,NaN,NaN,0.0,false,false,NaN,NaN,,,NaN,false,false,false
984,NaN,NaN,0.0,false,false,NaN,NaN,,,NaN,false,false,false
985,NaN,NaN,0.0,false,false,NaN,NaN,,,NaN,false,false,false
986,NaN,NaN,0.0,false,false,NaN,NaN,,,NaN,false,false,false
987,NaN,NaN,0.0,false,false,NaN,NaN,,,NaN,false,false,false
988,NaN,NaN,0.0,false,false,NaN,NaN,,,NaN,false,false,false
989,NaN,NaN,0.0,false,false,NaN,NaN,,,NaN,false,false,false
990,NaN,NaN,0.0,false,false,NaN,NaN,,,NaN,false,false,false
991,NaN,NaN,0.0,false,false,NaN,NaN,,,NaN,false,false,false
992,NaN,NaN,0.0,false,false,NaN,NaN,,,NaN,false,false,false
993,NaN,NaN,0.0,false,false,NaN,NaN,,,NaN,false,false,false
994,NaN,NaN,0.0,false,false,NaN,NaN,,,NaN,false,false,false
995,NaN,NaN,0.0,false,false,NaN,NaN,,,NaN,false,false,false
996,NaN,NaN,0.0,false,false,NaN,NaN,,,NaN,false,false,false
997,NaN,NaN,0.0,false,false,NaN,NaN,,,NaN,false,false,false
998,NaN,NaN,0.0,false,false,NaN,NaN,,,NaN,false,false,false
999,NaN,NaN,0.0,false,false,NaN,NaN,,,NaN,false,false,false
1000,NaN,NaN,0.0,false,false,NaN,NaN,,,NaN,false,false,false
1001,NaN,NaN,0.0,false,false,NaN,NaN,,,NaN,false,false,false
1002,NaN,NaN,0.0,false,false,NaN,NaN,,,NaN,false,false,false
1003,NaN,NaN,0.0,false,false,NaN,NaN,,,NaN,false,false,false
1004,NaN,NaN,0.0,false,false,NaN,NaN,,,NaN,false,false,false
1005,NaN,NaN,0.0,false,false,NaN,NaN,,,NaN,false,false,false
1006,NaN,NaN,0.0,false,false,NaN,NaN,,,NaN,false,false,false
1007,NaN,NaN,0.0,false,false,NaN,NaN,,,NaN,false,false,false
1008,NaN,NaN,0.0,false,false,NaN,NaN,,,NaN,false,false,false
1009,NaN,NaN,0.0,false,false,NaN,NaN,,,NaN,false,false,false
1010,NaN,NaN,0.0,false,false,NaN,NaN,,,NaN,false,false,false
1011,NaN,NaN,0.0,false,false,NaN,NaN,,,NaN,false,false,false
1012,NaN,NaN,0.0,false,false,NaN,NaN,,,NaN,false,false,false
1013,NaN,NaN,0.0,false,false,NaN,NaN,,,NaN,false,false,false
1014,NaN,NaN,0.0,false,false,NaN,NaN,,,NaN,false,false,false
1015,NaN,NaN,0.0,false,false,NaN,NaN,,,NaN,false,false,false
1016,NaN,NaN,0.0,false,false,NaN,NaN,,,NaN,false,false,false
1017,NaN,NaN,0.0,false,false,NaN,NaN,,,NaN,false,false,false
1018,NaN,NaN,0.0,false,false,NaN,NaN,,,NaN,false,false,false
1019,NaN,NaN,0.0,false,false,NaN,NaN,,,NaN,false,false,false
1020,NaN,NaN,0.0,false,false,NaN,NaN,,,NaN,false,false,false
1021,NaN,NaN,0.0,false,false,NaN,NaN,,,NaN,false,false,false
1022,NaN,NaN,0.0,false,false,NaN,NaN,,,NaN,false,false,false
1023,NaN,NaN,0.0,false,false,NaN,NaN,,,NaN,false,false,false
1024,NaN,NaN,0.0,false,false,NaN,NaN,,,NaN,false,false,false
1025,NaN,NaN,0.0,false,false,NaN,NaN,,,NaN,false,false,false
1026,NaN,NaN,0.0,false,false,NaN,NaN,,,NaN,false,false,false
1027,NaN,NaN,0.0,false,false,NaN,NaN,,,NaN,false,false,false
1028,NaN,NaN,0.0,false,false,NaN,NaN,,,NaN,false,false,false
1029,NaN,NaN,0.0,false,false,NaN,NaN,,,NaN,false,false,false
1030,NaN,NaN,0.0,false,false,NaN,NaN,,,NaN,false,false,false
1031,NaN,NaN,0.0,false,false,NaN,NaN,,,NaN,false,false,false
1032,NaN,NaN,0.0,false,false,NaN,NaN,,,NaN,false,false,false
1033,NaN,NaN,0.0,false,false,NaN,NaN,,,NaN,false,false,false
1034,NaN,NaN,0.0,false,false,NaN,NaN,,,NaN,false,false,false
1035,NaN,NaN,0.0,false,false,NaN,NaN,,,NaN,false,false,false
1036,NaN,NaN,0.0,false,false,NaN,NaN,,,NaN,false,false,false
1037,NaN,NaN,0.0,false,false,NaN,NaN,,,NaN,false,false,false
1038,NaN,NaN,0.0,false,false,NaN,NaN,,,NaN,false,false,false
1039,NaN,NaN,0.0,false,false,NaN,NaN,,,NaN,false,false,false
1040,NaN,NaN,0.0,false,false,NaN,NaN,,,NaN,false,false,false
1041,NaN,NaN,0.0,false,false,NaN,NaN,,,NaN,false,false,false
1042,NaN,NaN,0.0,false,false,NaN,NaN,,,NaN,false,false,false
1043,NaN,NaN,0.0,false,false,NaN,NaN,,,NaN,false,false,false
1044,NaN,NaN,0.0,false,false,NaN,NaN,,,NaN,false,false,false
1045,NaN,NaN,0.0,false,false,NaN,NaN,,,NaN,false,false,false
1046,NaN,NaN,0.0,false,false,NaN,NaN,,,NaN,false,false,false
1047,NaN,NaN,0.0,false,false,NaN,NaN,,,NaN,false,false,false
1048,NaN,NaN,0.0,false,false,NaN,NaN,,,NaN,false,false,false
1049,NaN,NaN,0.0,false,false,NaN,NaN,,,NaN,false,false,false
1050,NaN,NaN,0.0,false,false,NaN,NaN,,,NaN,false,false,false
1051,NaN,NaN,0.0,false,false,NaN,NaN,,,NaN,false,false,false
1052,NaN,NaN,0.0,false,false,NaN,NaN,,,NaN,false,false,false
1053,NaN,NaN,0.0,false,false,NaN,NaN,,,NaN,false,false,false
1054,NaN,NaN,0.0,false,false,NaN,NaN,,,NaN,false,false,false
1055,NaN,NaN,0.0,false,false,NaN,NaN,,,NaN,false,false,false
1056,NaN,NaN,0.0,false,false,NaN,NaN,,,NaN,false,false,false
1057,NaN,NaN,0.0,false,false,NaN,NaN,,,NaN,false,false,false
1058,NaN,NaN,0.0,false,false,NaN,NaN,,,NaN,false,false,false
1059,NaN,NaN,0.0,false,false,NaN,NaN,,,NaN,false,false,false
1060,NaN,NaN,0.0,false,false,NaN,NaN,,,NaN,false,false,false
1061,NaN,NaN,0.0,false,false,NaN,NaN,,,NaN,false,false,false
1062,NaN,NaN,0.0,false,false,NaN,NaN,,,NaN,false,false,false
1063,NaN,NaN,0.0,false,false,NaN,NaN,,,NaN,false,false,false
1064,NaN,NaN,0.0,false,false,NaN,NaN,,,NaN,false,false,false
1065,NaN,NaN,0.0,false,false,NaN,NaN,,,NaN,false,false,false
1066,NaN,NaN,0.0,false,false,NaN,NaN,,,NaN,false,false,false
1067,NaN,NaN,0.0,false,false,NaN,NaN,,,NaN,false,false,false
1068,NaN,NaN,0.0,false,false,NaN,NaN,,,NaN,false,false,false
1069,NaN,NaN,0.0,false,false,NaN,NaN,,,NaN,false,false,false
1070,NaN,NaN,0.0,false,false,NaN,NaN,,,NaN,false,false,false
1071,NaN,NaN,0.0,false,false,NaN,NaN,,,NaN,false,false,false
1072,NaN,NaN,0.0,false,false,NaN,NaN,,,NaN,false,false,false
1073,NaN,NaN,0.0,false,false,NaN,NaN,,,NaN,false,false,false
1074,NaN,NaN,0.0,false,false,NaN,NaN,,,NaN,false,false,false
1075,NaN,NaN,0.0,false,false,NaN,NaN,,,NaN,false,false,false
1076,NaN,NaN,0.0,false,false,NaN,NaN,,,NaN,false,false,false
1077,NaN,NaN,0.0,false,false,NaN,NaN,,,NaN,false,false,false
1078,NaN,NaN,0.0,false,false,1897.7455649774652,NaN,,,NaN,false,false,false
1079,NaN,NaN,0.0,false,false,1897.7304003405623,NaN,,,NaN,false,false,false
1080,NaN,NaN,0.0,false,false,1897.7152688771,NaN,,,NaN,false,false,false
1081,NaN,NaN,0.0,false,false,1897.7001704231857,NaN,,,NaN,false,false,false
1082,NaN,NaN,0.0,false,false,1897.6851048149247,NaN,,,NaN,false,false,false
1083,NaN,NaN,0.0,false,false,1897.6700718884238,NaN,,,NaN,false,false,false
1084,NaN,NaN,0.0,false,false,1897.6550714797884,NaN,,,NaN,false,false,false
1085,NaN,NaN,0.0,false,false,1897.6401034251257,NaN,,,NaN,false,false,false
1086,NaN,NaN,0.0,false,false,1897.6251675605417,NaN,,,NaN,false,false,false
1087,1897.8390715047717,0.007166249920895411,1.0,true,true,1897.6102637221422,0.22880778262947388,,,NaN,false,false,false
1088,1897.7525004521012,0.007799259518889152,1.0,true,true,1897.5953917460345,0.15710870606676508,,,NaN,false,false,false
1089,1897.6550268679857,0.008301134355546332,1.0,true,true,1897.5805514683225,0.07447539966324257,,,NaN,false,false,false
1090,1897.569903343916,0.008112767771978502,1.0,true,true,1897.5657427251147,0.00416061880127927,,,NaN,false,false,false
1091,1897.49094876647,0.0073541130108991945,1.0,true,true,1897.5509653525162,-0.06001658604623117,,,NaN,false,false,false
1092,1897.458119660616,0.008256186842243376,1.0,true,true,1897.5362191866336,-0.0780995260176951,,,NaN,false,false,false
1093,1897.467127919197,0.008726078515503444,1.0,true,true,1897.521504063573,-0.05437614437596494,,,NaN,false,false,false
1094,1897.4871983528137,0.009843632980326871,1.0,true,true,1897.5068198194406,-0.01962146662685882,,,NaN,false,false,false
1095,1897.4312884807587,0.009456191150843117,1.0,true,true,1897.4921662903428,-0.06087780958409894,,,NaN,false,false,false
1096,1897.328636571765,0.008638649226656669,1.0,true,true,1897.4775433123857,-0.1489067406207596,,,NaN,false,false,false
1097,1897.2138503417373,0.007563878403979209,1.0,true,true,1897.462950721675,-0.24910037993777223,,,NaN,false,false,false
1098,1897.1244448758662,0.006406558731407245,1.0,true,true,1897.4483883543176,-0.32394347845138327,,,NaN,false,false,false
1099,NaN,NaN,0.0,false,false,1897.4338560464191,NaN,,,NaN,false,false,false
1100,NaN,NaN,0.0,false,false,1897.4193536340863,NaN,,,NaN,false,false,false
1101,1897.1043591201305,0.01406260484755629,1.0,true,true,1897.4048809534252,-0.30052183329462423,,,NaN,false,false,false
1102,NaN,NaN,0.0,false,false,1897.3904378405425,NaN,,,NaN,false,false,false
1103,NaN,NaN,0.0,false,false,1897.376024131543,NaN,,,NaN,false,false,false
1104,NaN,NaN,0.0,false,false,1897.3616396625343,NaN,,,NaN,false,false,false
1105,NaN,NaN,0.0,false,false,1897.3472842696224,NaN,,,NaN,false,false,false
1106,NaN,NaN,0.0,false,false,1897.332957788913,NaN,,,NaN,false,false,false
1107,NaN,NaN,0.0,false,false,1897.3186600565127,NaN,,,NaN,false,false,false
1108,NaN,NaN,0.0,false,false,1897.3043909085275,NaN,,,NaN,false,false,false
1109,NaN,NaN,0.0,false,false,1897.2901501810636,NaN,,,NaN,false,false,false
1110,NaN,NaN,0.0,false,false,1897.2759377102273,NaN,,,NaN,false,false,false
1111,1838.2769971489906,0.00968380302824506,1.0,true,true,1897.261753332125,-58.98475618313432,,,NaN,false,false,false
1112,1838.1168120801449,0.009088705843852142,1.0,true,true,1897.2475968828628,-59.130784802717926,,,NaN,false,false,false
1113,1837.8675352111459,0.009718577843668664,1.0,true,true,1897.2334681985465,-59.36593298740058,,,NaN,false,false,false
1114,1837.6352147758007,0.01223077620048468,1.0,true,true,1897.2193671152827,-59.58415233948199,,,NaN,false,false,false
1115,1837.4396147578955,0.014011683048700372,1.0,true,true,1897.2052934691778,-59.76567871128236,,,NaN,false,false,false
1116,1837.13074401021,0.013728314846677593,1.0,true,true,1897.1912470963375,-60.06050308612748,,,NaN,false,false,false
1117,1836.7022131830454,0.015363221834124533,1.0,true,true,1897.1772278328683,-60.475014649822924,,,NaN,false,false,false
1118,NaN,NaN,0.0,false,false,1897.1632355148763,NaN,,,NaN,false,false,false
1119,1835.1377907469869,0.009227691700151997,1.0,true,true,1897.149269978468,-62.01147923148119,,,NaN,false,false,false
1120,1834.6772345602512,0.09167576512922673,1.0,true,true,1897.13533105975,-62.45809649949865,,,NaN,false,false,false
1121,1834.3885257393122,0.011444030857402343,1.0,true,true,1897.1214185948272,-62.73289285551505,,,NaN,false,false,false
1122,1834.3551411181688,0.009656077451068548,1.0,true,true,1897.1075324198068,-62.752391301638,,,NaN,false,false,false
1123,1834.3569873273373,0.00898934000541323,1.0,true,true,1897.093672370795,-62.73668504345778,,,NaN,false,false,false
1124,1834.3698767125607,0.008869815975316326,1.0,true,true,1897.0798382838973,-62.709961571336635,,,NaN,false,false,false
1125,1834.3849066197872,0.008999696849377922,1.0,true,true,1897.06602999522,-62.68112337543289,,,NaN,false,false,false
1126,1834.3861234933138,0.009326261695284036,1.0,true,true,1897.0522473408703,-62.66612384755649,,,NaN,false,false,false
1127,1834.3485841602087,0.009345490323782306,1.0,true,true,1897.0384901569537,-62.68990599674498,,,NaN,false,false,false
1128,1834.2860962301493,0.008935776834817019,1.0,true,true,1897.0247582795769,-62.7386620494276,,,NaN,false,false,false
1129,1834.2546253353357,0.008683482810721361,1.0,true,true,1897.0110515448455,-62.756426209509755,,,NaN,false,false,false
1130,1834.2704447358847,0.008683480431285459,1.0,true,true,1896.9973697888656,-62.72692505298096,,,NaN,false,false,false
1131,1834.3108838945627,0.008697971505400368,1.0,true,true,1896.983712847744,-62.67282895318135,,,NaN,false,false,false
1132,1834.3580059558153,0.008995034856688748,1.0,true,true,1896.9700805575867,-62.61207460177138,,,NaN,false,false,false
1133,1834.4015165567398,0.00983941772523162,1.0,true,true,1896.9564727544998,-62.55495619776002,,,NaN,false,false,false
1134,1834.3988392800093,0.00962824456866069,1.0,true,true,1896.942889274589,-62.54404999457984,,,NaN,false,false,false
1135,1834.3784844130278,0.009657449702569704,1.0,true,true,1896.9293299539622,-62.55084554093446,,,NaN,false,false,false
1136,1834.3421157896519,0.009783950540338393,1.0,true,true,1896.9157946287246,-62.57367883907273,,,NaN,false,false,false
1137,1834.304012209177,0.010093185301985773,1.0,true,true,1896.9022831349816,-62.59827092580463,,,NaN,false,false,false
1138,1834.2871214449406,0.0110662368953372,1.0,true,true,1896.8887953088401,-62.60167386389958,,,NaN,false,false,false
1139,1834.2820177674294,0.011816986356040412,1.0,true,true,1896.8753309864069,-62.59331321897753,,,NaN,false,false,false
1140,1834.2825166881084,0.012078426445696214,1.0,true,true,1896.8618900037875,-62.57937331567905,,,NaN,false,false,false
1141,1834.2875796109438,0.011716024183144366,1.0,true,true,1896.848472197088,-62.56089258614429,,,NaN,false,false,false
1142,1834.2867287695408,0.010912823985624816,1.0,true,true,1896.8350774024152,-62.54834863287442,,,NaN,false,false,false
1143,1834.2700050622225,0.010134548467192774,1.0,true,true,1896.8217054558747,-62.551700393652254,,,NaN,false,false,false
1144,1834.2142555266619,0.008931156115418719,1.0,true,true,1896.808356193573,-62.59410066691112,,,NaN,false,false,false
1145,1834.1709680333734,0.008423015132554317,1.0,true,true,1896.7950294516168,-62.6240614182434,,,NaN,false,false,false
1146,1834.166978418827,0.008620494710429612,1.0,true,true,1896.7817250661117,-62.61474664728462,,,NaN,false,false,false
1147,1834.1862655431032,0.008860053763097828,1.0,true,true,1896.7684428731638,-62.58217733006063,,,NaN,false,false,false
1148,1834.1947428658605,0.009052327282959004,1.0,true,true,1896.7551827088796,-62.56043984301914,,,NaN,false,false,false
1149,1834.1748742312193,0.00913968349305849,1.0,true,true,1896.7419444093653,-62.56707017814597,,,NaN,false,false,false
1150,1834.1358176246285,0.00916392200281661,1.0,true,true,1896.728727810727,-62.59291018609838,,,NaN,false,false,false
1151,1834.0911286845803,0.008949117250483266,1.0,true,true,1896.7155327490716,-62.62440406449127,,,NaN,false,false,false
1152,1834.0465508066118,0.008361472586208393,1.0,true,true,1896.7023590605038,-62.65580825389202,,,NaN,false,false,false
1153,1834.0192633140832,0.007529297184741003,1.0,true,true,1896.6892065811312,-62.669943267047984,,,NaN,false,false,false
1154,1834.0349714513868,0.006754062828679408,1.0,true,true,1896.6760751470595,-62.641103695672655,,,NaN,false,false,false
1155,1834.0890499986708,0.006539699522350658,1.0,true,true,1896.6629645943951,-62.57391459572432,,,NaN,false,false,false
1156,1834.1233533099294,0.006982669958215947,1.0,true,true,1896.6498747592439,-62.52652144931449,,,NaN,false,false,false
1157,1834.0957418829203,0.00765313918322144,1.0,true,true,1896.6368054777124,-62.54106359479215,,,NaN,false,false,false
1158,1834.0354092363268,0.008093452747006881,1.0,true,true,1896.6237565859064,-62.588347349579635,,,NaN,false,false,false
1159,1833.9722328409553,0.007885815742229399,1.0,true,true,1896.610727919933,-62.63849507897771,,,NaN,false,false,false
1160,1833.9238816983998,0.007214925333630648,1.0,true,true,1896.5977193158974,-62.67383761749761,,,NaN,false,false,false
1161,1833.8908761814237,0.006805640012420111,1.0,true,true,1896.584730609906,-62.69385442848238,,,NaN,false,false,false
1162,1833.8679063022137,0.0068207452932585524,1.0,true,true,1896.5717616380655,-62.70385533585181,,,NaN,false,false,false
1163,1833.847873620689,0.006940551987911498,1.0,true,true,1896.5588122364816,-62.71093861579266,,,NaN,false,false,false
1164,1833.8144782185555,0.0071728510515159435,1.0,true,true,1896.5458822412613,-62.731404022705874,,,NaN,false,false,false
1165,1833.7425395995378,0.007709876554023554,1.0,true,true,1896.5329714885097,-62.79043188897185,,,NaN,false,false,false
1166,1833.6697813272476,0.008406762117164403,1.0,true,true,1896.5200798143342,-62.85029848708655,,,NaN,false,false,false
1167,1833.6536333709955,0.008625745118754318,1.0,true,true,1896.5072070548397,-62.85357368384416,,,NaN,false,false,false
1168,1833.6837740689516,0.008477837293165208,1.0,true,true,1896.494353046134,-62.81057897718233,,,NaN,false,false,false
1169,1833.7195995748043,0.008028527659831539,1.0,true,true,1896.4815176243217,-62.76191804951736,,,NaN,false,false,false
1170,1833.7425935417414,0.007426328900988913,1.0,true,true,1896.4687006255097,-62.726107083768284,,,NaN,false,false,false
1171,1833.7500034421682,0.006875545021341013,1.0,true,true,1896.4559018858045,-62.705898443636215,,,NaN,false,false,false
1172,1833.7399721741676,0.006627755887963068,1.0,true,true,1896.4431212413122,-62.70314906714452,,,NaN,false,false,false
1173,1833.7302980571985,0.006733606157407022,1.0,true,true,1896.4303585281384,-62.70006047093989,,,NaN,false,false,false
1174,1833.7496742904186,0.007596064709057738,1.0,true,true,1896.4176135823902,-62.66793929197161,,,NaN,false,false,false
1175,1833.7896493673325,0.00945040155543908,1.0,true,true,1896.4048862401735,-62.615236872841024,,,NaN,false,false,false
1176,1833.8464082628489,0.011263169386140333,1.0,true,true,1896.392176337594,-62.54576807474518,,,NaN,false,false,false
1177,1833.8968624956906,0.01209750204081196,1.0,true,true,1896.3794837107584,-62.482621215067866,,,NaN,false,false,false
1178,1833.8985743522644,0.011681183986097115,1.0,true,true,1896.366808195773,-62.46823384350864,,,NaN,false,false,false
1179,1833.8639305755496,0.011263811300906205,1.0,true,true,1896.354149628744,-62.49021905319432,,,NaN,false,false,false
1180,1833.8200074061751,0.0113266817178797,1.0,true,true,1896.341507845777,-62.52150043960182,,,NaN,false,false,false
1181,1833.7635878100991,0.011099097334588928,1.0,true,true,1896.3288826829792,-62.56529487288003,,,NaN,false,false,false
1182,1833.6991223692894,0.010056618848699026,1.0,true,true,1896.3162739764555,-62.61715160716608,,,NaN,false,false,false
1183,1833.650437131524,0.008828270992327802,1.0,true,true,1896.3036815623136,-62.65324443078953,,,NaN,false,false,false
1184,1833.6291344612837,0.00867887248575594,1.0,true,true,1896.291105276659,-62.6619708153753,,,NaN,false,false,false
1185,1833.6660851985216,0.008566099161861448,1.0,true,true,1896.2785449555972,-62.61245975707561,,,NaN,false,false,false
1186,1833.721988543868,0.008818553500948728,1.0,true,true,1896.266000435236,-62.54401189136797,,,NaN,false,false,false
1187,1833.7291687130928,0.010262038208348341,1.0,true,true,1896.25347155168,-62.52430283858712,,,NaN,false,false,false
1188,1833.6898737847805,0.011541603665821515,1.0,true,true,1896.2409581410366,-62.55108435625607,,,NaN,false,false,false
1189,1833.655482634902,0.01107156078452055,1.0,true,true,1896.2284600394119,-62.57297740450986,,,NaN,false,false,false
1190,1833.6190494894981,0.00948592238349898,1.0,true,true,1896.215977082911,-62.59692759341283,,,NaN,false,false,false
1191,1833.5378371328115,0.008788209836270553,1.0,true,true,1896.2035091076414,-62.66567197482982,,,NaN,false,false,false
1192,1833.5123335719109,0.008574510094846085,1.0,true,true,1896.191055949709,-62.67872237779807,,,NaN,false,false,false
1193,1833.5616858750582,0.00792817897901229,1.0,true,true,1896.1786174452193,-62.616931570161114,,,NaN,false,false,false
1194,1833.6304865330458,0.00722701747744122,1.0,true,true,1896.1661934302792,-62.53570689723347,,,NaN,false,false,false
1195,1833.6669582277536,0.007001840944102398,1.0,true,true,1896.1537837409949,-62.48682551324123,,,NaN,false,false,false
1196,1833.6358322948217,0.007312371908881757,1.0,true,true,1896.1413882134723,-62.50555591865054,,,NaN,false,false,false
1197,1833.5534712523222,0.008363079529777205,1.0,true,true,1896.1290066838171,-62.57553543149493,,,NaN,false,false,false
1198,1833.460610628128,0.009616902129636866,1.0,true,true,1896.1166389881373,-62.65602836000926,,,NaN,false,false,false
1199,1833.4961813986301,0.015915209394431716,1.0,true,true,1896.1042849625376,-62.608103563907434,,,NaN,false,false,false
1200,1833.4583758413792,0.014091326290997082,1.0,true,true,1896.0919444431247,-62.63356860174554,,,NaN,false,false,false
1201,1833.4677926301956,0.008257897873881887,1.0,true,true,1896.0796172660043,-62.611824635808716,,,NaN,false,false,false
1202,1833.4344770908356,0.010451404861886917,1.0,true,true,1896.0673032672833,-62.63282617644768,,,NaN,false,false,false
1203,1833.391878992319,0.008060988242089673,1.0,true,true,1896.0550022830673,-62.66312329074822,,,NaN,false,false,false
1204,1833.3099184036255,0.008582462332605281,1.0,true,true,1896.0427141494636,-62.732795745838075,,,NaN,false,false,false
1205,1833.2545551508665,0.009318358832914389,1.0,true,true,1896.0304387025767,-62.775883551710194,,,NaN,false,false,false
1206,1833.2137790694833,0.009640128808761235,1.0,true,true,1896.0181757785144,-62.80439670903115,,,NaN,false,false,false
1207,1833.1944755837321,0.009056142930432533,1.0,true,true,1896.0059252133822,-62.81144962965004,,,NaN,false,false,false
1208,1833.1996342092752,0.008313549318724373,1.0,true,true,1895.9936868432865,-62.79405263401122,,,NaN,false,false,false
1209,1833.2067633494735,0.0077400596068924925,1.0,true,true,1895.981460513201,-62.774697163727524,,,NaN,false,false,false
1210,1833.2107255235314,0.00786327181611984,1.0,true,true,1895.969246171189,-62.75852064765763,,,NaN,false,false,false
1211,1833.2160945087671,0.00873349859940779,1.0,true,true,1895.9570438318226,-62.740949323055474,,,NaN,false,false,false
1212,1833.217283077538,0.009151570665025227,1.0,true,true,1895.9448535107801,-62.727570433242136,,,NaN,false,false,false
1213,1833.2064798921347,0.008663417976113355,1.0,true,true,1895.932675223744,-62.72619533160923,,,NaN,false,false,false
1214,1833.1775714308023,0.00804301116143414,1.0,true,true,1895.9205089863933,-62.74293755559097,,,NaN,false,false,false
1215,1833.152830965817,0.007853598696587166,1.0,true,true,1895.9083548144085,-62.755523848591565,,,NaN,false,false,false
1216,1833.1627878844738,0.007653052238038219,1.0,true,true,1895.89621272347,-62.73342483899614,,,NaN,false,false,false
1217,1833.1889375448227,0.007297497793435175,1.0,true,true,1895.8840827292572,-62.69514518443452,,,NaN,false,false,false
1218,1833.1933639645576,0.0069412169224802684,1.0,true,true,1895.8719648474514,-62.67860088289376,,,NaN,false,false,false
1219,1833.1708097532392,0.0068479032071971,1.0,true,true,1895.8598590937324,-62.689049340493284,,,NaN,false,false,false
1220,1833.1398350894451,0.007262526551436175,1.0,true,true,1895.84776548378,-62.70793039433488,,,NaN,false,false,false
1221,1833.1234571263194,0.007704053765752055,1.0,true,true,1895.835684033275,-62.71222690695549,,,NaN,false,false,false
1222,1833.1405362337828,0.00781463524467482,1.0,true,true,1895.823614757897,-62.68307852411431,,,NaN,false,false,false
1223,1833.190935894847,0.007932377672020268,1.0,true,true,1895.8115576733271,-62.6206217784802,,,NaN,false,false,false
1224,1833.2428879514337,0.008381526372160442,1.0,true,true,1895.7995127952445,-62.55662484381082,,,NaN,false,false,false
1225,1833.2476835921407,0.008916854160892083,1.0,true,true,1895.7874801393293,-62.539796547188644,,,NaN,false,false,false
1226,1833.1919441744685,0.009003015763767675,1.0,true,true,1895.7754597212634,-62.58351554679484,,,NaN,false,false,false
1227,1833.1136728562415,0.008363521675097981,1.0,true,true,1895.7634515567256,-62.64977870048415,,,NaN,false,false,false
1228,1833.0393754411489,0.007025082677913582,1.0,true,true,1895.751455661396,-62.71208022024712,,,NaN,false,false,false
1229,1832.9774157106876,0.0059856247884308164,1.0,true,true,1895.7394720509558,-62.762056340268146,,,NaN,false,false,false
1230,1832.915899977088,0.006507799747312322,1.0,true,true,1895.727500741084,-62.81160076399601,,,NaN,false,false,false
1231,1832.8920841626823,0.007533525327929103,1.0,true,true,1895.7155417474614,-62.823457584779135,,,NaN,false,false,false
1232,1832.8905804865062,0.008069584748905956,1.0,true,true,1895.7035950857687,-62.81301459926249,,,NaN,false,false,false
1233,1832.8912843093276,0.00766677506626381,1.0,true,true,1895.6916607716855,-62.80037646235792,,,NaN,false,false,false
1234,1832.8827964663506,0.006734249809188471,1.0,true,true,1895.6797388208918,-62.796942354541216,,,NaN,false,false,false
1235,1832.850152991712,0.006746582769043418,1.0,true,true,1895.6678292490685,-62.817676257356425,,,NaN,false,false,false
1236,1832.8432547673583,0.0063391321553323285,1.0,true,true,1895.655932071896,-62.8126773045376,,,NaN,false,false,false
1237,1832.842694632709,0.006116953220098769,1.0,true,true,1895.6440473050536,-62.80135267234459,,,NaN,false,false,false
1238,1832.8467736840248,0.00644940839914341,1.0,true,true,1895.6321749642211,-62.78540128019631,,,NaN,false,false,false
1239,1832.8720056787133,0.006879792351103799,1.0,true,true,1895.6203150650806,-62.74830938636728,,,NaN,false,false,false
1240,1832.902622513473,0.007215563566454574,1.0,true,true,1895.608467623311,-62.70584510983804,,,NaN,false,false,false
1241,1832.9058535695076,0.007477662063976264,1.0,true,true,1895.596632654592,-62.69077908508439,,,NaN,false,false,false
1242,1832.8709944412112,0.00756301609392526,1.0,true,true,1895.584810174605,-62.71381573339386,,,NaN,false,false,false
1243,1832.8387375622988,0.00790473690918058,1.0,true,true,1895.57300019903,-62.73426263673127,,,NaN,false,false,false
1244,1832.836940586567,0.008332714923277893,1.0,true,true,1895.561202743547,-62.7242621569801,,,NaN,false,false,false
1245,1832.855032660067,0.008274286498834799,1.0,true,true,1895.549417823836,-62.69438516376886,,,NaN,false,false,false
1246,1832.8747459501028,0.008026010418033804,1.0,true,true,1895.5376454555774,-62.66289950547457,,,NaN,false,false,false
1247,1832.8704372420907,0.008109995266844167,1.0,true,true,1895.525885654451,-62.65544841236033,,,NaN,false,false,false
1248,1832.8364587053657,0.008257870307655929,1.0,true,true,1895.5141384361375,-62.67767973077184,,,NaN,false,false,false
1249,1832.772040657699,0.008196067453770037,1.0,true,true,1895.5024038163174,-62.730363158618275,,,NaN,false,false,false
1250,1832.68702827394,0.008391055857039389,1.0,true,true,1895.4906818106701,-62.80365353673005,,,NaN,false,false,false
1251,1832.6104030758142,0.00882316350432752,1.0,true,true,1895.4789724348766,-62.86856935906235,,,NaN,false,false,false
1252,1832.5846394449472,0.009138650363838931,1.0,true,true,1895.4672757046164,-62.8826362596692,,,NaN,false,false,false
1253,1832.604381069541,0.009764560052346258,1.0,true,true,1895.4555916355707,-62.85121056602975,,,NaN,false,false,false
1254,1832.6110930740833,0.010605358089536785,1.0,true,true,1895.4439202434185,-62.83282716933513,,,NaN,false,false,false
1255,1832.5718259066343,0.011052127404291666,1.0,true,true,1895.4322615438405,-62.86043563720614,,,NaN,false,false,false
1256,1832.5293437242508,0.010686330345827739,1.0,true,true,1895.420615552517,-62.8912718282661,,,NaN,false,false,false
1257,1832.5227603018284,0.009361493728259118,1.0,true,true,1895.4089822851283,-62.88622198329995,,,NaN,false,false,false
1258,1832.5487246960402,0.008304862934606083,1.0,true,true,1895.3973617573545,-62.84863706131432,,,NaN,false,false,false
1259,1832.570744216442,0.00828560437878947,1.0,true,true,1895.3857539848757,-62.81500976843358,,,NaN,false,false,false
1260,1832.5749457776546,0.008731372252075658,1.0,true,true,1895.3741589833726,-62.79921320571793,,,NaN,false,false,false
1261,1832.6049977988005,0.00917245852719211,1.0,true,true,1895.3625767685246,-62.757578969724136,,,NaN,false,false,false
1262,1832.6576038450003,0.009968717062593615,1.0,true,true,1895.3510073560121,-62.693403511011866,,,NaN,false,false,false
1263,1832.6763229072094,0.010684999630311002,1.0,true,true,1895.3394507615162,-62.66312785430682,,,NaN,false,false,false
1264,1832.6635664701462,0.010778241546215761,1.0,true,true,1895.327907000716,-62.664340530569916,,,NaN,false,false,false
1265,1832.642243489623,0.010377020319798792,1.0,true,true,1895.3163760892926,-62.67413259966952,,,NaN,false,false,false
1266,1832.615735590458,0.010189844739025995,1.0,true,true,1895.3048580429258,-62.68912245246793,,,NaN,false,false,false
1267,1832.5701026022434,0.010162307735834571,1.0,true,true,1895.293352877295,-62.72325027505167,,,NaN,false,false,false
1268,1832.5175391286612,0.00958119532251964,1.0,true,true,1895.2818606080818,-62.76432147942069,,,NaN,false,false,false
1269,1832.4381979703903,0.009692760948737694,1.0,true,true,1895.2703812509658,-62.832183280575464,,,NaN,false,false,false
1270,1832.3980241566896,0.008430406324951725,1.0,true,true,1895.2589148216268,-62.86089066493719,,,NaN,false,false,false
1271,1832.381903782487,0.007195913713051596,1.0,true,true,1895.247461335746,-62.86555755325912,,,NaN,false,false,false
1272,1832.3598116636276,0.006489990701949796,1.0,true,true,1895.2360208090029,-62.87620914537524,,,NaN,false,false,false
1273,1832.3337257653475,0.006301398157280287,1.0,true,true,1895.224593257078,-62.89086749173043,,,NaN,false,false,false
1274,1832.3096308857203,0.006643108160771924,1.0,true,true,1895.2131786956509,-62.903547809930615,,,NaN,false,false,false
1275,1832.3030931651592,0.0076919913784128345,1.0,true,true,1895.2017771404023,-62.8986839752431,,,NaN,false,false,false
1276,1832.322432667017,0.009101301221160391,1.0,true,true,1895.1903886070127,-62.86795593999568,,,NaN,false,false,false
1277,1832.3532040566206,0.010437788080129282,1.0,true,true,1895.1790131111613,-62.82580905454074,,,NaN,false,false,false
1278,1832.3485530167818,0.010482550876477374,1.0,true,true,1895.1676506685299,-62.81909765174805,,,NaN,false,false,false
1279,1832.3330868780613,0.009379787857058532,1.0,true,true,1895.1563012947972,-62.82321441673594,,,NaN,false,false,false
1280,1832.311984166503,0.008204047668948607,1.0,true,true,1895.1449650056443,-62.83298083914133,,,NaN,false,false,false
1281,1832.261749625206,0.007866155965241548,1.0,true,true,1895.1336418167512,-62.87189219154516,,,NaN,false,false,false
1282,1832.2416431754827,0.008223973701192202,1.0,true,true,1895.1223317437978,-62.88068856831501,,,NaN,false,false,false
1283,1832.2208759188652,0.008346062923229132,1.0,true,true,1895.1110348024647,-62.8901588835995,,,NaN,false,false,false
1284,1832.1928618997335,0.008092992671828754,1.0,true,true,1895.0997510084312,-62.90688910869767,,,NaN,false,false,false
1285,1832.1915500685573,0.007844903613778223,1.0,true,true,1895.088480377379,-62.896930308821766,,,NaN,false,false,false
1286,1832.2272353321314,0.007802572771101536,1.0,true,true,1895.0772229249878,-62.84998759285645,,,NaN,false,false,false
1287,1832.2659159600735,0.008514813389974788,1.0,true,true,1895.0659786669378,-62.80006270686431,,,NaN,false,false,false
1288,1832.2740796655416,0.00952468809517092,1.0,true,true,1895.0547476189076,-62.78066795336599,,,NaN,false,false,false
1289,1832.2580831348896,0.010005043800287996,1.0,true,true,1895.04352979658,-62.78544666169046,,,NaN,false,false,false
1290,1832.2451899275184,0.009701292522009871,1.0,true,true,1895.0323252156338,-62.78713528811545,,,NaN,false,false,false
1291,1832.23587949574,0.008925812294866983,1.0,true,true,1895.021133891749,-62.78525439600912,,,NaN,false,false,false
1292,1832.2211202159524,0.008110321280583366,1.0,true,true,1895.0099558406068,-62.78883562465444,,,NaN,false,false,false
1293,1832.204789251089,0.007791502530236022,1.0,true,true,1894.9987910778864,-62.794001826797285,,,NaN,false,false,false
1294,1832.1733820587397,0.007965091105298475,1.0,true,true,1894.9876396192687,-62.814257560529086,,,NaN,false,false,false
1295,1832.0919846519828,0.007731929646517677,1.0,true,true,1894.9765014804332,-62.88451682845039,,,NaN,false,false,false
1296,1832.0263570779935,0.008052982279947994,1.0,true,true,1894.9653766770612,-62.939019599067706,,,NaN,false,false,false
1297,1832.0294941710308,0.008745085211943969,1.0,true,true,1894.9542652248322,-62.92477105380135,,,NaN,false,false,false
1298,1832.0889963507652,0.00917401472347833,1.0,true,true,1894.9431671394266,-62.85417078866135,,,NaN,false,false,false
1299,1832.1686536222696,0.009308641490926117,1.0,true,true,1894.932082436524,-62.76342881425444,,,NaN,false,false,false
1300,1832.2271117419004,0.009393725713650254,1.0,true,true,1894.9210111318052,-62.6938993899048,,,NaN,false,false,false
1301,1832.2366977408528,0.009354006850990677,1.0,true,true,1894.9099532409507,-62.673255500097866,,,NaN,false,false,false
1302,1832.1920746415854,0.008850783954084847,1.0,true,true,1894.89890877964,-62.706834138054546,,,NaN,false,false,false
1303,1832.1040748469532,0.008078731201401916,1.0,true,true,1894.8878777635537,-62.78380291660051,,,NaN,false,false,false
1304,1832.0301672574133,0.007868410175598077,1.0,true,true,1894.876860208372,-62.84669295095864,,,NaN,false,false,false
1305,1832.005755447084,0.007555697625940252,1.0,true,true,1894.8658561297748,-62.8601006826907,,,NaN,false,false,false
1306,1832.0160854561254,0.0068248637059299755,1.0,true,true,1894.854865543443,-62.83878008731767,,,NaN,false,false,false
1307,1832.0547247864306,0.006218975752587056,1.0,true,true,1894.8438884650561,-62.78916367862553,,,NaN,false,false,false
1308,1832.0927046984434,0.006285814709807152,1.0,true,true,1894.8329249102947,-62.74022021185124,,,NaN,false,false,false
1309,1832.0930043533444,0.0065831912328929215,1.0,true,true,1894.8219748948386,-62.728970541494164,,,NaN,false,false,false
1310,1832.0616513174027,0.007047411798601764,1.0,true,true,1894.8110384343693,-62.749387116966545,,,NaN,false,false,false
1311,1832.0218618642539,0.007862999272853752,1.0,true,true,1894.8001155445645,-62.77825368031063,,,NaN,false,false,false
1312,1831.9984216943267,0.008351124030956537,1.0,true,true,1894.7892062411065,-62.79078454677983,,,NaN,false,false,false
1313,1831.9918128969148,0.008281552642120462,1.0,true,true,1894.7783105396754,-62.78649764276065,,,NaN,false,false,false
1314,1831.9911446166225,0.008359230576927007,1.0,true,true,1894.767428455951,-62.77628383932847,,,NaN,false,false,false
1315,1831.994655735558,0.008788788488347764,1.0,true,true,1894.7565600056134,-62.76190427005554,,,NaN,false,false,false
1316,1831.9924228263553,0.009004229402569704,1.0,true,true,1894.7457052043424,-62.753282377987034,,,NaN,false,false,false
1317,1831.9689969252795,0.008627643130917833,1.0,true,true,1894.7348640678192,-62.76586714253972,,,NaN,false,false,false
1318,1831.9160402566195,0.008005709795717877,1.0,true,true,1894.724036611723,-62.80799635510357,,,NaN,false,false,false
1319,1831.9004923813045,0.0074820965934572995,1.0,true,true,1894.7132228517344,-62.81273047042987,,,NaN,false,false,false
1320,1831.9651521258056,0.007167519691389693,1.0,true,true,1894.7024228035343,-62.7372706777287,,,NaN,false,false,false
1321,1832.0397266913205,0.007512713681313676,1.0,true,true,1894.6916364828019,-62.65190979148133,,,NaN,false,false,false
1322,1832.0758222676814,0.007985840619080333,1.0,true,true,1894.6808639052178,-62.60504163753649,,,NaN,false,false,false
1323,1832.0810681059957,0.00781578811502255,1.0,true,true,1894.6701050864624,-62.589036980466744,,,NaN,false,false,false
1324,1832.0645897202194,0.007417401472391567,1.0,true,true,1894.6593600422157,-62.59477032199629,,,NaN,false,false,false
1325,1832.006256538909,0.007596483176711577,1.0,true,true,1894.648628788158,-62.64237224924909,,,NaN,false,false,false
1326,1831.896584957838,0.008039775841452849,1.0,true,true,1894.6379113399698,-62.741326382131774,,,NaN,false,false,false
1327,1831.8098197355866,0.008847578835526292,1.0,true,true,1894.62720771333,-62.817387977743465,,,NaN,false,false,false
1328,1831.7789732664824,0.009740031176689704,1.0,true,true,1894.6165179239208,-62.83754465743846,,,NaN,false,false,false
1329,1831.8045634776354,0.01035752402491604,1.0,true,true,1894.6058419874212,-62.80127850978579,,,NaN,false,false,false
1330,1831.853129349649,0.010908756562636266,1.0,true,true,1894.5951799195113,-62.742050569862386,,,NaN,false,false,false
1331,1831.8856361173093,0.01145947924776101,1.0,true,true,1894.584531735872,-62.698895618562574,,,NaN,false,false,false
1332,1831.8832745403051,0.011664282319036911,1.0,true,true,1894.5738974521826,-62.690622911877426,,,NaN,false,false,false
1333,1831.8550413250923,0.01134408587839199,1.0,true,true,1894.5632770841241,-62.70823575903182,,,NaN,false,false,false
1334,1831.827612914145,0.010806809279909145,1.0,true,true,1894.5526706473763,-62.725057733231324,,,NaN,false,false,false
1335,1831.810121871531,0.010157034660535193,1.0,true,true,1894.5420781576202,-62.731956286089144,,,NaN,false,false,false
1336,1831.7962256073952,0.010045602279783765,1.0,true,true,1894.5314996305347,-62.73527402313948,,,NaN,false,false,false
1337,1831.7776305899024,0.010364120094694465,1.0,true,true,1894.5209350818006,-62.74330449189824,,,NaN,false,false,false
1338,1831.7808738201857,0.009465398698005707,1.0,true,true,1894.5103845270987,-62.72951070691306,,,NaN,false,false,false
1339,1831.8040372729301,0.0077303725595596106,1.0,true,true,1894.4998479817673,-62.69581070883714,,,NaN,false,false,false
1340,1831.832039192319,0.00650058952669433,1.0,true,true,1894.4893254406613,-62.657286248342416,,,NaN,false,false,false
1341,1831.856758877635,0.0063115354195407295,1.0,true,true,1894.4788168668895,-62.62205798925447,,,NaN,false,false,false
1342,1831.8618244752288,0.0066995098667204525,1.0,true,true,1894.4683222208266,-62.606497745597835,,,NaN,false,false,false
1343,1831.83460406214,0.007027959555145671,1.0,true,true,1894.4578414628497,-62.62323740070974,,,NaN,false,false,false
1344,1831.7923164367676,0.007257151688417143,1.0,true,true,1894.4473745533342,-62.65505811656658,,,NaN,false,false,false
1345,1831.7665558159351,0.007209132929092647,1.0,true,true,1894.436921452656,-62.67036563672082,,,NaN,false,false,false
1346,1831.746753051877,0.006864362482082466,1.0,true,true,1894.4264821211907,-62.67972906931368,,,NaN,false,false,false
1347,1831.7009052187204,0.00671466327698316,1.0,true,true,1894.4160565193151,-62.7151513005947,,,NaN,false,false,false
1348,1831.6366689950228,0.006947876834681715,1.0,true,true,1894.4056446074053,-62.76897561238252,,,NaN,false,false,false
1349,1831.599330559373,0.007454920949104502,1.0,true,true,1894.3952463458368,-62.795915786463866,,,NaN,false,false,false
1350,1831.595402866602,0.008465827069506106,1.0,true,true,1894.3848616949851,-62.789458828383204,,,NaN,false,false,false
1351,1831.5775369554758,0.009569526496784234,1.0,true,true,1894.3744906152278,-62.796953659752035,,,NaN,false,false,false
1352,1831.5569161474705,0.01024552605699573,1.0,true,true,1894.36413306694,-62.80721691946951,,,NaN,false,false,false
1353,1831.548766002059,0.010592922850198985,1.0,true,true,1894.3537890104965,-62.8050230084375,,,NaN,false,false,false
1354,1831.622526973486,0.009583798179114091,1.0,true,true,1894.3434584062754,-62.720931432789484,,,NaN,false,false,false
1355,1831.7151229679585,0.008480530408700528,1.0,true,true,1894.3331412146517,-62.61801824669328,,,NaN,false,false,false
1356,1831.758011624217,0.0077887442455599155,1.0,true,true,1894.3228373960012,-62.56482577178417,,,NaN,false,false,false
1357,1831.7381605058908,0.007739871424883583,1.0,true,true,1894.3125469107006,-62.57438640480973,,,NaN,false,false,false
1358,1831.6845014542341,0.008071057932390855,1.0,true,true,1894.3022697191254,-62.61776826489131,,,NaN,false,false,false
1359,1831.6245494484901,0.00849866495924195,1.0,true,true,1894.2920057816518,-62.66745633316168,,,NaN,false,false,false
1360,1831.5745031535625,0.009035607128074417,1.0,true,true,1894.2817550586556,-62.70725190509302,,,NaN,false,false,false
1361,1831.5486565232277,0.009298827960956059,1.0,true,true,1894.2715175105127,-62.722860987285,,,NaN,false,false,false
1362,1831.5517551004887,0.009453173619536123,1.0,true,true,1894.2612930976,-62.70953799711128,,,NaN,false,false,false
1363,1831.583393111825,0.009515258282385964,1.0,true,true,1894.2510817802927,-62.66768866846769,,,NaN,false,false,false
1364,1831.6155677586794,0.009367505924831859,1.0,true,true,1894.2408835189663,-62.62531576028687,,,NaN,false,false,false
1365,1831.606615677476,0.009131078825996371,1.0,true,true,1894.2306982739988,-62.62408259652284,,,NaN,false,false,false
1366,1831.56827506423,0.009559327792598226,1.0,true,true,1894.2205260057638,-62.652250941533794,,,NaN,false,false,false
1367,1831.5303146541119,0.021154251026317884,1.0,true,true,1894.2103666746384,-62.680052020526546,,,NaN,false,false,false
1368,1831.5428359210491,0.012039949643821846,1.0,true,true,1894.2002202409994,-62.657384319950324,,,NaN,false,false,false
1369,1831.481204494834,0.01178203849776422,1.0,true,true,1894.1900866652213,-62.70888217038737,,,NaN,false,false,false
1370,1831.4556756466627,0.01077966766058786,1.0,true,true,1894.1799659076808,-62.72429026101804,,,NaN,false,false,false
1371,1831.4703045785427,0.009858578557351488,1.0,true,true,1894.1698579287545,-62.69955335021177,,,NaN,false,false,false
1372,1831.465677589178,0.009175100506413588,1.0,true,true,1894.1597626888176,-62.69408509963955,,,NaN,false,false,false
1373,1831.4238059520721,0.009003461746548832,1.0,true,true,1894.1496801482458,-62.72587419617366,,,NaN,false,false,false
1374,1831.3806888759136,0.009698707285946632,1.0,true,true,1894.1396102674164,-62.75892139150278,,,NaN,false,false,false
1375,1831.363421201706,0.011097605529975279,1.0,true,true,1894.1295530067046,-62.76613180499862,,,NaN,false,false,false
1376,1831.3695458322763,0.011629095791865997,1.0,true,true,1894.1195083264863,-62.74996249420997,,,NaN,false,false,false
1377,1831.3824499100447,0.010841068777606946,1.0,true,true,1894.1094761871373,-62.72702627709259,,,NaN,false,false,false
1378,1831.3934430778027,0.01020538625713412,1.0,true,true,1894.0994565490346,-62.70601347123193,,,NaN,false,false,false
1379,1831.4075856506824,0.010102168705053533,1.0,true,true,1894.0894493725534,-62.68186372187097,,,NaN,false,false,false
1380,1831.4314548671246,0.009618302533351573,1.0,true,true,1894.0794546180696,-62.64799975094502,,,NaN,false,false,false
1381,1831.4684209376574,0.008974069579667615,1.0,true,true,1894.0694722459598,-62.60105130830243,,,NaN,false,false,false
1382,1831.5297277271748,0.013813216549847103,1.0,true,true,1894.0595022165999,-62.52977448942511,,,NaN,false,false,false
1383,1831.515810444951,0.009272288900516052,1.0,true,true,1894.049544490366,-62.53373404541503,,,NaN,false,false,false
1384,1831.48924061656,0.011112452653810773,1.0,true,true,1894.0395990276334,-62.550358411073375,,,NaN,false,false,false
1385,1831.4986857026815,0.010661477429963744,1.0,true,true,1894.0296657887786,-62.53098008609709,,,NaN,false,false,false
1386,1831.4509769529104,0.01145737395704316,1.0,true,true,1894.019744734177,-62.568767781266615,,,NaN,false,false,false
1387,1831.4206486791372,0.011915245543365439,1.0,true,true,1894.009835824206,-62.58918714506876,,,NaN,false,false,false
1388,1831.4186921417713,0.012107237468346636,1.0,true,true,1893.9999390192404,-62.581246877469084,,,NaN,false,false,false
1389,1831.4280707091093,0.011940392632889645,1.0,true,true,1893.9900542796568,-62.561983570547454,,,NaN,false,false,false
1390,1831.4144119173288,0.010679911851455838,1.0,true,true,1893.980181565831,-62.565769648502055,,,NaN,false,false,false
1391,1831.4058326333761,0.009802572797602804,1.0,true,true,1893.9703208381386,-62.56448820476248,,,NaN,false,false,false
1392,1831.3635023385286,0.009799815084372393,1.0,true,true,1893.9604720569562,-62.596969718427545,,,NaN,false,false,false
1393,1831.2896043211222,0.009666701970854147,1.0,true,true,1893.9506351826599,-62.66103086153771,,,NaN,false,false,false
1394,1831.260870039463,0.00946179293801906,1.0,true,true,1893.9408101756248,-62.679940136161804,,,NaN,false,false,false
1395,1831.2635090351105,0.009168122648161648,1.0,true,true,1893.9309969962283,-62.667487961117786,,,NaN,false,false,false
1396,1831.259821280837,0.008268983420230592,1.0,true,true,1893.9211956048453,-62.66137432400819,,,NaN,false,false,false
1397,1831.2304907515645,0.006996326329362224,1.0,true,true,1893.911405961852,-62.680915210287594,,,NaN,false,false,false
1398,1831.194127932191,0.006791051104245944,1.0,true,true,1893.901628027625,-62.70750009543417,,,NaN,false,false,false
1399,1831.191674426198,0.007791805770553909,1.0,true,true,1893.8918617625397,-62.70018733634174,,,NaN,false,false,false
1400,1831.211803816259,0.008660264249931294,1.0,true,true,1893.8821071269726,-62.670303310713734,,,NaN,false,false,false
1401,1831.2409127801657,0.008809956686354061,1.0,true,true,1893.8723640812989,-62.63145130113321,,,NaN,false,false,false
1402,1831.2803409397602,0.008877447216105132,1.0,true,true,1893.8626325858952,-62.58229164613499,,,NaN,false,false,false
1403,1831.319787234068,0.009488151098323759,1.0,true,true,1893.8529126011372,-62.53312536706926,,,NaN,false,false,false
1404,1831.3772136867046,0.010754951592013935,1.0,true,true,1893.8432040874015,-62.46599040069691,,,NaN,false,false,false
1405,1831.4161633700132,0.01135465369185408,1.0,true,true,1893.8335070050637,-62.41734363505043,,,NaN,false,false,false
1406,1831.420497506857,0.01083720245784454,1.0,true,true,1893.8238213144996,-62.403323807642664,,,NaN,false,false,false
1407,1831.4039595127106,0.009873681851549878,1.0,true,true,1893.8141469760856,-62.410187463374996,,,NaN,false,false,false
1408,1831.3726886212826,0.009549829810161966,1.0,true,true,1893.8044839501977,-62.431795328915086,,,NaN,false,false,false
1409,1831.328583151102,0.009962011302053549,1.0,true,true,1893.7948321972115,-62.4662490461094,,,NaN,false,false,false
1410,1831.294083237648,0.010316987965153868,1.0,true,true,1893.785191677503,-62.491108439855,,,NaN,false,false,false
1411,1831.2836934179068,0.010200549809089002,1.0,true,true,1893.7755623514493,-62.49186893354249,,,NaN,false,false,false
1412,1831.2935631871223,0.00958791675853224,1.0,true,true,1893.7659441794247,-62.472380992302305,,,NaN,false,false,false
1413,1831.2860182523727,0.009099665896118074,1.0,true,true,1893.7563371218062,-62.47031886943341,,,NaN,false,false,false
1414,1831.2537525594234,0.009199568443176726,1.0,true,true,1893.7467411389698,-62.49298857954636,,,NaN,false,false,false
1415,1831.229620181024,0.009538317097675246,1.0,true,true,1893.7371561912917,-62.507536010267586,,,NaN,false,false,false
1416,1831.2292280644178,0.009702995076621488,1.0,true,true,1893.727582239148,-62.49835417473014,,,NaN,false,false,false
1417,1831.2426433935761,0.009686887923858092,1.0,true,true,1893.7180192429141,-62.47537584933798,,,NaN,false,false,false
1418,1831.2512800693512,0.009771286285705743,1.0,true,true,1893.7084671629657,-62.45718709361449,,,NaN,false,false,false
1419,1831.2545526325703,0.009983213291576464,1.0,true,true,1893.6989259596799,-62.44437332710959,,,NaN,false,false,false
1420,1831.2690884917974,0.010223941100829253,1.0,true,true,1893.6893955934318,-62.42030710163431,,,NaN,false,false,false
1421,1831.285881564021,0.010128412528043477,1.0,true,true,1893.6798760245974,-62.39399446057632,,,NaN,false,false,false
1422,1831.283865854144,0.009406171078425129,1.0,true,true,1893.6703672135538,-62.38650135940975,,,NaN,false,false,false
1423,1831.2554111480713,0.008760136025972176,1.0,true,true,1893.6608691206761,-62.405457972604836,,,NaN,false,false,false
1424,1831.2069613337517,0.008379398022593092,1.0,true,true,1893.6513817063405,-62.444420372588866,,,NaN,false,false,false
1425,1831.1604794114828,0.00795258987186626,1.0,true,true,1893.641904930923,-62.48142551944011,,,NaN,false,false,false
1426,1831.1424647569656,0.008153920153963486,1.0,true,true,1893.632438754799,-62.48997399783343,,,NaN,false,false,false
1427,1831.1439031735063,0.009400188580260937,1.0,true,true,1893.622983138346,-62.479079964839684,,,NaN,false,false,false
1428,1831.1310216858983,0.010507250012790353,1.0,true,true,1893.6135380419382,-62.48251635603992,,,NaN,false,false,false
1429,1831.1015698984265,0.011190365042795187,1.0,true,true,1893.604103425953,-62.502533527526566,,,NaN,false,false,false
1430,1831.0902580209076,0.011107412186878038,1.0,true,true,1893.5946792507664,-62.504421229858735,,,NaN,false,false,false
1431,1831.095008008182,0.010009346746104793,1.0,true,true,1893.5852654767534,-62.49025746857137,,,NaN,false,false,false
1432,1831.108973685652,0.009013910543086217,1.0,true,true,1893.5758620642907,-62.466888378638714,,,NaN,false,false,false
1433,1831.0968012288213,0.008692080502694183,1.0,true,true,1893.566468973754,-62.46966774493262,,,NaN,false,false,false
1434,1831.0423163585365,0.008515717839757807,1.0,true,true,1893.5570861655196,-62.51476980698317,,,NaN,false,false,false
1435,1830.9776983261108,0.008261001916962883,1.0,true,true,1893.5477135999631,-62.57001527385228,,,NaN,false,false,false
1436,1830.9378794692457,0.007809248959012951,1.0,true,true,1893.538351237462,-62.600471768216266,,,NaN,false,false,false
1437,1830.934967737645,0.007415275808372404,1.0,true,true,1893.5289990383897,-62.594031300744746,,,NaN,false,false,false
1438,1831.0028319528792,0.007615026968564512,1.0,true,true,1893.5196569631241,-62.51682501024493,,,NaN,false,false,false
1439,1831.1481431499124,0.008722637774514224,1.0,true,true,1893.5103249720405,-62.36218182212815,,,NaN,false,false,false
1440,1831.1693475693464,0.008999293623187583,1.0,true,true,1893.5010030255155,-62.331655456169074,,,NaN,false,false,false
1441,1831.1355468407273,0.009211785329654613,1.0,true,true,1893.4916910839247,-62.35614424319738,,,NaN,false,false,false
1442,1831.1077416017652,0.009111006719455753,1.0,true,true,1893.482389107644,-62.374647505878784,,,NaN,false,false,false
1443,1831.076508168131,0.008467045968636015,1.0,true,true,1893.4730970570495,-62.39658888891836,,,NaN,false,false,false
1444,1831.0387301612645,0.007606580397180716,1.0,true,true,1893.4638148925176,-62.42508473125304,,,NaN,false,false,false
1445,1831.009313734714,0.006757294175175471,1.0,true,true,1893.4545425744238,-62.4452288397099,,,NaN,false,false,false
1446,1830.9985813859967,0.006222276025342156,1.0,true,true,1893.4452800631436,-62.44669867714697,,,NaN,false,false,false
1447,1830.997433982091,0.006271273724571354,1.0,true,true,1893.4360273190546,-62.43859333696355,,,NaN,false,false,false
1448,1830.9807208199054,0.0066532018149893235,1.0,true,true,1893.4267843025314,-62.44606348262596,,,NaN,false,false,false
1449,1830.9425160735846,0.0071829755285285155,1.0,true,true,1893.417550973951,-62.47503490036638,,,NaN,false,false,false
1450,1830.900473639369,0.008178211403718187,1.0,true,true,1893.4083272936882,-62.507853654319206,,,NaN,false,false,false
1451,1830.8770714104176,0.00947312858294675,1.0,true,true,1893.3991132221204,-62.52204181170282,,,NaN,false,false,false
1452,1830.8551965728402,0.010667983672008326,1.0,true,true,1893.3899087196223,-62.53471214678211,,,NaN,false,false,false
1453,1830.8214864209294,0.011724141802375783,1.0,true,true,1893.3807137465706,-62.55922732564113,,,NaN,false,false,false
1454,1830.80502769351,0.011944185069397501,1.0,true,true,1893.3715282633416,-62.56650056983153,,,NaN,false,false,false
1455,1830.8277073130012,0.01127857042597689,1.0,true,true,1893.362352230311,-62.53464491730983,,,NaN,false,false,false
1456,1830.9102636389434,0.009840842006929047,1.0,true,true,1893.3531856078544,-62.44292196891092,,,NaN,false,false,false
1457,1831.0013656410738,0.008116090897426195,1.0,true,true,1893.3440283563486,-62.342662715274855,,,NaN,false,false,false
1458,1831.0117458174936,0.00681363388076365,1.0,true,true,1893.3348804361692,-62.32313461867557,,,NaN,false,false,false
1459,1830.941043075174,0.007394198892464493,1.0,true,true,1893.3257418076919,-62.38469873251779,,,NaN,false,false,false
1460,1830.8918817043304,0.009654447601874356,1.0,true,true,1893.316612431293,-62.42473072696248,,,NaN,false,false,false
1461,1830.8758992664516,0.01175370820931705,1.0,true,true,1893.3074922673482,-62.431593000896555,,,NaN,false,false,false
1462,1830.8765689060092,0.011975924658969671,1.0,true,true,1893.2983812762343,-62.4218123702251,,,NaN,false,false,false
1463,1830.8739360123873,0.010495659838233456,1.0,true,true,1893.2892794183265,-62.41534340593921,,,NaN,false,false,false
1464,1830.8686587661505,0.009077668758541648,1.0,true,true,1893.2801866540015,-62.41152788785098,,,NaN,false,false,false
1465,1830.8934283815324,0.008708862951111887,1.0,true,true,1893.2711029436348,-62.37767456210236,,,NaN,false,false,false
1466,1830.9420857597142,0.009020143268304606,1.0,true,true,1893.2620282476028,-62.31994248788851,,,NaN,false,false,false
1467,1830.9668738674372,0.009402341971384677,1.0,true,true,1893.2529625262803,-62.28608865884303,,,NaN,false,false,false
1468,1830.973441755399,0.009232196138780973,1.0,true,true,1893.2439057400452,-62.270463984646085,,,NaN,false,false,false
1469,1830.974512043409,0.008543876749275968,1.0,true,true,1893.234857849272,-62.260345805862926,,,NaN,false,false,false
1470,1830.9894900303334,0.007910175557474437,1.0,true,true,1893.2258187742345,-62.23632874390114,,,NaN,false,false,false
1471,1831.0366491042078,0.007801947248000743,1.0,true,true,1893.216788274793,-62.180139170585335,,,NaN,false,false,false
1472,1831.1104193665087,0.008154600600581338,1.0,true,true,1893.207766070706,-62.09734670419721,,,NaN,false,false,false
1473,1831.1742439717054,0.008534555138527319,1.0,true,true,1893.1987518817305,-62.02450791002502,,,NaN,false,false,false
1474,1831.2124489918351,0.008447035108717572,1.0,true,true,1893.1897454276238,-61.97729643578873,,,NaN,false,false,false
1475,1831.211752898991,0.008114224331235386,1.0,true,true,1893.1807464281446,-61.96899352915352,,,NaN,false,false,false
1476,1831.1745579913259,0.008067030571770379,1.0,true,true,1893.1717546030507,-61.9971966117248,,,NaN,false,false,false
1477,1831.1286535337567,0.008650368883078468,1.0,true,true,1893.162769672099,-62.03411613834237,,,NaN,false,false,false
1478,1831.106022555381,0.00965791615696378,1.0,true,true,1893.153791355048,-62.04776879966698,,,NaN,false,false,false
1479,1831.116280913353,0.010181858355454525,1.0,true,true,1893.1448193716549,-62.02853845830191,,,NaN,false,false,false
1480,1831.1452346518636,0.009737600452150056,1.0,true,true,1893.1358534416775,-61.99061878981388,,,NaN,false,false,false
1481,1831.1900967806578,0.009106648698213949,1.0,true,true,1893.1268932848739,-61.93679650421609,,,NaN,false,false,false
1482,1831.2260780110955,0.009027128263207115,1.0,true,true,1893.1179386210013,-61.891860609905734,,,NaN,false,false,false
1483,1831.201737448573,0.008948316618813231,1.0,true,true,1893.1089891698175,-61.90725172124439,,,NaN,false,false,false
1484,1831.134443886578,0.008720700254031157,1.0,true,true,1893.1000446510814,-61.96560076450328,,,NaN,false,false,false
1485,1831.0708179585636,0.00885603569797408,1.0,true,true,1893.0911047845495,-62.02028682598598,,,NaN,false,false,false
1486,1831.0689407289028,0.009262437240217148,1.0,true,true,1893.0821692899794,-62.01322856107663,,,NaN,false,false,false
1487,1831.1217913106084,0.009570439456015592,1.0,true,true,1893.0732378871292,-61.951446576520766,,,NaN,false,false,false
1488,1831.1638170853257,0.010183639565700632,1.0,true,true,1893.064310295757,-61.90049321043125,,,NaN,false,false,false
1489,1831.1700739189982,0.010559773703558472,1.0,true,true,1893.0553862356203,-61.88531231662205,,,NaN,false,false,false
1490,1831.1475331112742,0.01046550343086586,1.0,true,true,1893.0464654264763,-61.898932315202046,,,NaN,false,false,false
1491,1831.123372796923,0.010287684270637294,1.0,true,true,1893.0375475880842,-61.91417479116126,,,NaN,false,false,false
1492,1831.1159019954503,0.009933645709209994,1.0,true,true,1893.0286324402,-61.91273044474974,,,NaN,false,false,false
1493,1831.1145715042949,0.009312213316294999,1.0,true,true,1893.019719702582,-61.90514819828718,,,NaN,false,false,false
1494,1831.1217409148812,0.008549442659940261,1.0,true,true,1893.0108090949886,-61.889068180107415,,,NaN,false,false,false
1495,1831.1503038182855,0.00798478080646549,1.0,true,true,1893.001900337177,-61.85159651889148,,,NaN,false,false,false
1496,1831.1710515022278,0.007956475180738958,1.0,true,true,1892.9929931489048,-61.82194164667703,,,NaN,false,false,false
1497,1831.1595119386911,0.008042121458422506,1.0,true,true,1892.9840872499299,-61.82457531123873,,,NaN,false,false,false
1498,1831.1398598402739,0.00818103982503515,1.0,true,true,1892.9751823600097,-61.83532251973588,,,NaN,false,false,false
1499,1831.1328228339553,0.008256209420422149,1.0,true,true,1892.9662781989032,-61.833455364947895,,,NaN,false,false,false
1500,1831.1461273357272,0.00854497510066566,1.0,true,true,1892.9573744863665,-61.81124715063925,,,NaN,false,false,false
1501,1831.1790539100766,0.008680908891424777,1.0,true,true,1892.9484709421583,-61.76941703208172,,,NaN,false,false,false
1502,1831.2146620228887,0.008322408346784842,1.0,true,true,1892.9395672860362,-61.72490526314755,,,NaN,false,false,false
1503,1831.2359965071082,0.007641557429669973,1.0,true,true,1892.9306632377577,-61.69466673064949,,,NaN,false,false,false
1504,1831.2330824360251,0.007261778971815665,1.0,true,true,1892.9217585170804,-61.68867608105529,,,NaN,false,false,false
1505,1831.1861194521189,0.007709100282271886,1.0,true,true,1892.9128528437625,-61.72673339164362,,,NaN,false,false,false
1506,1831.1224043220282,0.008607357272885995,1.0,true,true,1892.903945937562,-61.7815416155338,,,NaN,false,false,false
1507,1831.0805376656353,0.00910451477283083,1.0,true,true,1892.895037518236,-61.81449985260065,,,NaN,false,false,false
1508,1831.0864957086742,0.009019329865279667,1.0,true,true,1892.8861273055413,-61.79963159686713,,,NaN,false,false,false
1509,1831.1431614607573,0.008914803219199623,1.0,true,true,1892.8772150192376,-61.734053558480355,,,NaN,false,false,false
1510,1831.2189154028893,0.009242916120009844,1.0,true,true,1892.868300379082,-61.64938497619278,,,NaN,false,false,false
1511,1831.271305039525,0.009518974255645192,1.0,true,true,1892.8593831048315,-61.58807806530649,,,NaN,false,false,false
1512,1831.2953692823648,0.009669487790662885,1.0,true,true,1892.8504629162446,-61.55509363387978,,,NaN,false,false,false
1513,1831.3056213408709,0.009976863101568138,1.0,true,true,1892.8415395330787,-61.53591819220787,,,NaN,false,false,false
1514,1831.313149124384,0.01032697399946833,1.0,true,true,1892.832612675092,-61.519463550708,,,NaN,false,false,false
1515,1831.300205335021,0.010617510114608745,1.0,true,true,1892.823682062041,-61.5234767270199,,,NaN,false,false,false
1516,1831.252399802208,0.010716045152842388,1.0,true,true,1892.8147474136845,-61.562347611476525,,,NaN,false,false,false
1517,1831.2110315337777,0.01108400773701156,1.0,true,true,1892.805808449781,-61.594776916003184,,,NaN,false,false,false
1518,1831.20361956954,0.011093370293325452,1.0,true,true,1892.7968648900862,-61.5932453205462,,,NaN,false,false,false
1519,1831.243315629661,0.010542077912288032,1.0,true,true,1892.7879164543592,-61.544600824698136,,,NaN,false,false,false
1520,1831.2608171105385,0.009919647891781081,1.0,true,true,1892.7789628623573,-61.51814575181879,,,NaN,false,false,false
1521,1831.2329588532448,0.010480229005658858,1.0,true,true,1892.7700038338387,-61.53704498059392,,,NaN,false,false,false
1522,1831.229711405933,0.011945664614134302,1.0,true,true,1892.7610390885604,-61.531327682627534,,,NaN,false,false,false
1523,1831.2521901279688,0.01262080097798422,1.0,true,true,1892.75206834628,-61.49987821831132,,,NaN,false,false,false
1524,1831.290042206645,0.012245398433286557,1.0,true,true,1892.743091326757,-61.45304912011193,,,NaN,false,false,false
1525,1831.3439387828112,0.011630403397503495,1.0,true,true,1892.7341077497472,-61.39016896693602,,,NaN,false,false,false
1526,1831.4118521213531,0.011085874488668336,1.0,true,true,1892.725117335009,-61.31326521365577,,,NaN,false,false,false
1527,1831.4677992016077,0.011011158341052497,1.0,true,true,1892.7161198023002,-61.24832060069252,,,NaN,false,false,false
1528,1831.481289356947,0.011555196719513503,1.0,true,true,1892.7071148713785,-61.22582551443156,,,NaN,false,false,false
1529,1831.4428267925978,0.011297244207459823,1.0,true,true,1892.6981022620016,-61.25527546940384,,,NaN,false,false,false
1530,1831.398443132639,0.01063470849675266,1.0,true,true,1892.6890816939274,-61.29063856128846,,,NaN,false,false,false
1531,1831.3673730194569,0.009821671382123571,1.0,true,true,1892.6800528869132,-61.31267986745638,,,NaN,false,false,false
1532,1831.3671105057,0.009673751951404106,1.0,true,true,1892.671015560717,-61.30390505501691,,,NaN,false,false,false
1533,1831.3879385143518,0.010090938514079219,1.0,true,true,1892.661969435097,-61.27403092074519,,,NaN,false,false,false
1534,1831.4072409421206,0.010384447205563913,1.0,true,true,1892.6529142298104,-61.2456732876899,,,NaN,false,false,false
1535,1831.4158539026976,0.010801917690710632,1.0,true,true,1892.643849664615,-61.22799576191733,,,NaN,false,false,false
1536,1831.4092066437006,0.010991207160986132,1.0,true,true,1892.6347754592684,-61.22556881556784,,,NaN,false,false,false
1537,1831.3853970617056,0.010349182835182167,1.0,true,true,1892.6256913335285,-61.240294271822904,,,NaN,false,false,false
1538,1831.358751937747,0.009462973579763043,1.0,true,true,1892.616597007153,-61.2578450694059,,,NaN,false,false,false
1539,1831.3457622528076,0.008347211952700783,1.0,true,true,1892.6074921999,-61.26172994709236,,,NaN,false,false,false
1540,1831.3927639573812,0.007670094001779861,1.0,true,true,1892.5983766315264,-61.205612674145186,,,NaN,false,false,false
1541,1831.5114646553993,0.008515994351007961,1.0,true,true,1892.5892500217906,-61.077785366391254,,,NaN,false,false,false
1542,1831.5204671621323,0.008760737313691565,1.0,true,true,1892.580112090451,-61.059644928318676,,,NaN,false,false,false
1543,1831.5361261814833,0.008657909770021224,1.0,true,true,1892.5709625572638,-61.034836375780515,,,NaN,false,false,false
1544,1831.502871721983,0.008543373709144538,1.0,true,true,1892.561801141987,-61.058929420004006,,,NaN,false,false,false
1545,1831.5284949839115,0.025716899416831904,1.0,true,true,1892.5526275643795,-61.02413258046795,,,NaN,false,false,false
1546,1831.4807653576136,0.007784580282956647,1.0,true,true,1892.5434415441978,-61.06267618658421,,,NaN,false,false,false
1547,1831.455389931798,0.007442558087641551,1.0,true,true,1892.5342428012007,-61.07885286940268,,,NaN,false,false,false
1548,1831.4970552325249,0.008124361937408712,1.0,true,true,1892.525031055145,-61.02797582262019,,,NaN,false,false,false
1549,1831.5340141355991,0.009073793110176937,1.0,true,true,1892.5158060257893,-60.98179189019015,,,NaN,false,false,false
1550,1831.6518463939428,0.008978688575096828,1.0,true,true,1892.50656743289,-60.85472103894722,,,NaN,false,false,false
1551,1831.7227017879486,0.008951091398591947,1.0,true,true,1892.4973149962066,-60.77461320825796,,,NaN,false,false,false
1552,1831.7304173856974,0.009077534297159578,1.0,true,true,1892.4880484354949,-60.75763104979751,,,NaN,false,false,false
1553,1831.6910097151995,0.009278270827804348,1.0,true,true,1892.4787674705142,-60.787757755314715,,,NaN,false,false,false
1554,1831.6831140965223,0.00896190348341001,1.0,true,true,1892.469471821022,-60.78635772449957,,,NaN,false,false,false
1555,1831.725190922618,0.009045429197303665,1.0,true,true,1892.4601612067752,-60.73497028415727,,,NaN,false,false,false
1556,1831.7887346073985,0.00919413054055914,1.0,true,true,1892.4508353475321,-60.66210074013361,,,NaN,false,false,false
1557,1831.8544892892241,0.008887563263569166,1.0,true,true,1892.4414939630508,-60.58700467382664,,,NaN,false,false,false
1558,1831.8908849358559,0.008163873299435895,1.0,true,true,1892.4321367730888,-60.54125183723295,,,NaN,false,false,false
1559,1831.8758843913674,0.007426537211892307,1.0,true,true,1892.422763497403,-60.546879106035476,,,NaN,false,false,false
1560,1831.8406244963408,0.007378866711627156,1.0,true,true,1892.4133738557518,-60.57274935941109,,,NaN,false,false,false
1561,1831.8257835954428,0.007614350464881926,1.0,true,true,1892.4039675678935,-60.57818397245069,,,NaN,false,false,false
1562,1831.8384841382504,0.008035601348133399,1.0,true,true,1892.3945443535852,-60.55606021533481,,,NaN,false,false,false
1563,1831.8735231608152,0.008785886925577236,1.0,true,true,1892.3851039325841,-60.51158077176888,,,NaN,false,false,false
1564,1831.9377529472113,0.00958387417792749,1.0,true,true,1892.375646024649,-60.43789307743782,,,NaN,false,false,false
1565,1832.0464769005775,0.009994762703769129,1.0,true,true,1892.3661703495377,-60.31969344896015,,,NaN,false,false,false
1566,1832.1691431105137,0.011010956036514294,1.0,true,true,1892.3566766270062,-60.18753351649252,,,NaN,false,false,false
1567,1832.312132999301,0.012022606333512284,1.0,true,true,1892.3471645768145,-60.035031577513564,,,NaN,false,false,false
1568,1832.4653236716986,0.011538820759870928,1.0,true,true,1892.3376339187184,-59.87231024701987,,,NaN,false,false,false
1569,1832.5651135742664,0.010853475891282919,1.0,true,true,1892.328084372477,-59.76297079821052,,,NaN,false,false,false
1570,1832.757539741695,0.009781011487125105,1.0,true,true,1892.3185156578472,-59.5609759161523,,,NaN,false,false,false
1571,1833.0180466528982,0.010438325248923828,1.0,true,true,1892.3089274945874,-59.29088084168916,,,NaN,false,false,false
1572,1833.2952865213156,0.01430238505170611,1.0,true,true,1892.299319602455,-59.00403308113937,,,NaN,false,false,false
1573,NaN,NaN,0.0,false,false,1892.289691701208,NaN,,,NaN,false,false,false
1574,NaN,NaN,0.0,false,false,1892.2800435106033,NaN,,,NaN,false,false,false
1575,NaN,NaN,0.0,false,false,1892.2703747503995,NaN,,,NaN,false,false,false
1576,NaN,NaN,0.0,false,false,1892.2606851403539,NaN,,,NaN,false,false,false
1577,NaN,NaN,0.0,false,false,1892.2509744002243,NaN,,,NaN,false,false,false
1578,NaN,NaN,0.0,false,false,1892.241242249769,NaN,,,NaN,false,false,false
1579,1890.967634031549,0.011932754409864932,1.0,true,true,1892.2314884087452,-1.2638543771961395,,,NaN,false,false,false
1580,1891.744854182005,0.01317352161447735,1.0,true,true,1892.2217125969105,-0.47685841490556413,,,NaN,false,false,false
1581,1891.9533973261714,0.013399524054492453,1.0,true,true,1892.211914534023,-0.2585172078515825,,,NaN,false,false,false
1582,1892.0263234712183,0.013108230490048337,1.0,true,true,1892.2020939398399,-0.175770468621522,,,NaN,false,false,false
1583,1892.0190590219572,0.012497368382550066,1.0,true,true,1892.1922505341197,-0.1731915121624752,,,NaN,false,false,false
1584,1892.00133948453,0.011825874847123493,1.0,true,true,1892.1823840366196,-0.18104455208958825,,,NaN,false,false,false
1585,1892.0084279589355,0.010696495361617408,1.0,true,true,1892.1724941670973,-0.16406620816178474,,,NaN,false,false,false
1586,1892.0444992315024,0.009952462863129615,1.0,true,true,1892.1625806453105,-0.11808141380811321,,,NaN,false,false,false
1587,1892.0819358490407,0.0095915093800211,1.0,true,true,1892.1526431910174,-0.07070734197668571,,,NaN,false,false,false
1588,1892.116176981479,0.009229654580937741,1.0,true,true,1892.1426815239754,-0.026504542496468275,,,NaN,false,false,false
1589,1892.1408677250147,0.008712714556974616,1.0,true,true,1892.1326953639427,0.008172361071956402,,,NaN,false,false,false
1590,1892.1287421509624,0.007957818758516104,1.0,true,true,1892.122684430676,0.006057720286435142,,,NaN,false,false,false
1591,1892.086562588811,0.007404342865978014,1.0,true,true,1892.1126484439342,-0.026085855123255897,,,NaN,false,false,false
1592,1892.0494994297624,0.006696856387572177,1.0,true,true,1892.1025871234747,-0.05308769371231392,,,NaN,false,false,false
1593,1892.044414114207,0.006000598843041398,1.0,true,true,1892.0925001890541,-0.04808607484710592,,,NaN,false,false,false
1594,1892.0681366175413,0.005530237058357231,1.0,true,true,1892.082387360432,-0.014250742890681067,,,NaN,false,false,false
1595,1892.078056320548,0.00554125309047599,1.0,true,true,1892.0722483573647,0.005807963183315223,,,NaN,false,false,false
1596,1892.0504158455878,0.006135733902208398,1.0,true,true,1892.0620828996107,-0.011667054022836965,,,NaN,false,false,false
1597,1891.9940037738997,0.006927053247202072,1.0,true,true,1892.0518907069272,-0.05788693302747561,,,NaN,false,false,false
1598,1891.9434940051287,0.00791950313650038,1.0,true,true,1892.0416714990722,-0.0981774939434672,,,NaN,false,false,false
1599,1891.930752146989,0.008254742426222015,1.0,true,true,1892.0314249958037,-0.10067284881461092,,,NaN,false,false,false
1600,1891.952013388276,0.007773183951692389,1.0,true,true,1892.0211509421988,-0.06913755392270104,,,NaN,false,false,false
1601,1891.987839896232,0.007513288714851578,1.0,true,true,1892.0108493776734,-0.023009481441476964,,,NaN,false,false,false
1602,1892.0204806234688,0.008068158176079707,1.0,true,true,1892.0005205315388,0.019960091929988266,,,NaN,false,false,false
1603,1892.041197258979,0.009056804460859158,1.0,true,true,1891.9901646362723,0.05103262270677078,,,NaN,false,false,false
1604,1892.0392834432423,0.010058567473078213,1.0,true,true,1891.9797819243513,0.059501518891011074,,,NaN,false,false,false
1605,1892.0169966891408,0.01076919959795335,1.0,true,true,1891.9693726282521,0.047624060888665554,,,NaN,false,false,false
1606,1892.0144458548166,0.010919734533051062,1.0,true,true,1891.9589369804517,0.055508874364932126,,,NaN,false,false,false
1607,1892.0359573587775,0.01013538052750275,1.0,true,true,1891.948475213427,0.08748214535057741,,,NaN,false,false,false
1608,1892.0554510373622,0.009348591594117382,1.0,true,true,1891.937987559655,0.11746347770713328,,,NaN,false,false,false
1609,1892.027498784475,0.009485037931597207,1.0,true,true,1891.9274742516118,0.10002453286324453,,,NaN,false,false,false
1610,1891.9595355689526,0.009045636098727161,1.0,true,true,1891.916935521775,0.04260004717752963,,,NaN,false,false,false
1611,1891.9167888835073,0.008164287031004512,1.0,true,true,1891.9063716026214,0.010417280885803848,,,NaN,false,false,false
1612,1891.9254058003426,0.007707613730293402,1.0,true,true,1891.895782726628,0.029623073714446946,,,NaN,false,false,false
1613,1891.9526017457247,0.0078075374707774516,1.0,true,true,1891.8851691262714,0.06743261945325685,,,NaN,false,false,false
1614,1891.9559697974473,0.00790857686659211,1.0,true,true,1891.8745310340282,0.08143876341910072,,,NaN,false,false,false
1615,1891.93805084005,0.00827303709281107,1.0,true,true,1891.8638686823763,0.07418215767370384,,,NaN,false,false,false
1616,1891.9203205257654,0.008772045634849061,1.0,true,true,1891.8531823037906,0.06713822197480113,,,NaN,false,false,false
1617,1891.9109481573105,0.008842732002108273,1.0,true,true,1891.8424721307504,0.06847602656011986,,,NaN,false,false,false
1618,1891.908337380737,0.008751266336376138,1.0,true,true,1891.8317383957303,0.0765989850067399,,,NaN,false,false,false
1619,1891.8956421390176,0.008864644169189749,1.0,true,true,1891.820981331209,0.07466080780864104,,,NaN,false,false,false
1620,1891.8703081458807,0.009109123424246758,1.0,true,true,1891.8102011696624,0.060106976218321506,,,NaN,false,false,false
1621,1891.8634357228875,0.009502580779047755,1.0,true,true,1891.799398143567,0.06403757932048393,,,NaN,false,false,false
1622,1891.8770412951708,0.00936204094068904,1.0,true,true,1891.7885724854011,0.08846880976966531,,,NaN,false,false,false
1623,1891.8927121795714,0.008700179558641196,1.0,true,true,1891.7777244276404,0.11498775193103938,,,NaN,false,false,false
1624,1891.8738233596087,0.00869661201689921,1.0,true,true,1891.7668542027616,0.10696915684707164,,,NaN,false,false,false
1625,1891.84477417171,0.009179396705358795,1.0,true,true,1891.755962043242,0.08881212846790731,,,NaN,false,false,false
1626,1891.8476524427533,0.00941943262882018,1.0,true,true,1891.7450481815588,0.10260426119452859,,,NaN,false,false,false
1627,1891.847952567041,0.009643828876022314,1.0,true,true,1891.734112850189,0.11383971685199867,,,NaN,false,false,false
1628,1891.8397223949432,0.00899241555468936,1.0,true,true,1891.7231562816078,0.11656611333546607,,,NaN,false,false,false
1629,1891.8214495778084,0.007842103996005332,1.0,true,true,1891.712178708294,0.10927086951437559,,,NaN,false,false,false
1630,1891.7973970621824,0.006794966785955842,1.0,true,true,1891.7011803627236,0.09621669945886424,,,NaN,false,false,false
1631,1891.7735604196787,0.006506568123900193,1.0,true,true,1891.6901614773737,0.08339894230493883,,,NaN,false,false,false
1632,1891.747649744153,0.00730154729189169,1.0,true,true,1891.6791222847207,0.0685274594322891,,,NaN,false,false,false
1633,1891.7210616767406,0.008357619667092604,1.0,true,true,1891.668063017242,0.0529986594985985,,,NaN,false,false,false
1634,1891.7097271680832,0.009228708826328,1.0,true,true,1891.6569839074143,0.052743260668876246,,,NaN,false,false,false
1635,1891.7306152135134,0.009915821318139078,1.0,true,true,1891.6458851877148,0.08473002579853528,,,NaN,false,false,false
1636,1891.774286173284,0.009637481763548096,1.0,true,true,1891.6347670906196,0.1395190826644921,,,NaN,false,false,false
1637,1891.8230941817164,0.008558335388095443,1.0,true,true,1891.623629848606,0.1994643331104271,,,NaN,false,false,false
1638,1891.8368914201856,0.00997186276323177,1.0,true,true,1891.6124736941504,0.22441772603519894,,,NaN,false,false,false
1639,NaN,NaN,0.0,false,false,1891.6012988597304,NaN,,,NaN,false,false,false
1640,NaN,NaN,0.0,false,false,1891.5901055778224,NaN,,,NaN,false,false,false
1641,NaN,NaN,0.0,false,false,1891.578894080904,NaN,,,NaN,false,false,false
1642,NaN,NaN,0.0,false,false,1891.5676646014513,NaN,,,NaN,false,false,false
1643,NaN,NaN,0.0,false,false,1891.556417371941,NaN,,,NaN,false,false,false
1644,NaN,NaN,0.0,false,false,1891.5451526248507,NaN,,,NaN,false,false,false
1645,NaN,NaN,0.0,false,false,1891.5338705926565,NaN,,,NaN,false,false,false
1646,NaN,NaN,0.0,false,false,1891.5225715078357,NaN,,,NaN,false,false,false
1647,NaN,NaN,0.0,false,false,1891.5112556028655,NaN,,,NaN,false,false,false
1648,NaN,NaN,0.0,false,false,1891.499923110222,NaN,,,NaN,false,false,false
1649,NaN,NaN,0.0,false,false,1891.4885742623824,NaN,,,NaN,false,false,false
1650,NaN,NaN,0.0,false,false,1891.4772092918238,NaN,,,NaN,false,false,false
1651,NaN,NaN,0.0,false,false,1891.4658284310228,NaN,,,NaN,false,false,false
1652,NaN,NaN,0.0,false,false,1891.4544319124561,NaN,,,NaN,false,false,false
1653,NaN,NaN,0.0,false,false,1891.443019968601,NaN,,,NaN,false,false,false
1654,NaN,NaN,0.0,false,false,1891.431592831934,NaN,,,NaN,false,false,false
1655,NaN,NaN,0.0,false,false,1891.4201507349317,NaN,,,NaN,false,false,false
1656,NaN,NaN,0.0,false,false,1891.4086939100723,NaN,,,NaN,false,false,false
1657,NaN,NaN,0.0,false,false,1891.3972225898315,NaN,,,NaN,false,false,false
1658,NaN,NaN,0.0,false,false,1891.3857370066858,NaN,,,NaN,false,false,false
1659,NaN,NaN,0.0,false,false,1891.3742373931132,NaN,,,NaN,false,false,false
1660,NaN,NaN,0.0,false,false,1891.3627239815896,NaN,,,NaN,false,false,false
1661,NaN,NaN,0.0,false,false,1891.3511970045924,NaN,,,NaN,false,false,false
1662,NaN,NaN,0.0,false,false,1891.3396566945987,NaN,,,NaN,false,false,false
1663,NaN,NaN,0.0,false,false,1891.3281032840848,NaN,,,NaN,false,false,false
1664,NaN,NaN,0.0,false,false,1891.3165370055278,NaN,,,NaN,false,false,false
1665,NaN,NaN,0.0,false,false,1891.3049580914042,NaN,,,NaN,false,false,false
1666,NaN,NaN,0.0,false,false,1891.2933667741918,NaN,,,NaN,false,false,false
1667,NaN,NaN,0.0,false,false,1891.2817632863666,NaN,,,NaN,false,false,false
1668,NaN,NaN,0.0,false,false,1891.270147860406,NaN,,,NaN,false,false,false
1669,NaN,NaN,0.0,false,false,1891.258520728786,NaN,,,NaN,false,false,false
1670,NaN,NaN,0.0,false,false,1891.2468821239843,NaN,,,NaN,false,false,false
1671,NaN,NaN,0.0,false,false,1891.2352322784777,NaN,,,NaN,false,false,false
1672,NaN,NaN,0.0,false,false,1891.2235714247427,NaN,,,NaN,false,false,false
1673,NaN,NaN,0.0,false,false,1891.2118997952564,NaN,,,NaN,false,false,false
1674,NaN,NaN,0.0,false,false,1891.200217622496,NaN,,,NaN,false,false,false
1675,NaN,NaN,0.0,false,false,1891.1885251389374,NaN,,,NaN,false,false,false
1676,NaN,NaN,0.0,false,false,1891.176822577058,NaN,,,NaN,false,false,false
1677,NaN,NaN,0.0,false,false,1891.1651101693353,NaN,,,NaN,false,false,false
1678,NaN,NaN,0.0,false,false,1891.153388148245,NaN,,,NaN,false,false,false
1679,NaN,NaN,0.0,false,false,1891.1416567462647,NaN,,,NaN,false,false,false
1680,NaN,NaN,0.0,false,false,1891.1299161958714,NaN,,,NaN,false,false,false
1681,NaN,NaN,0.0,false,false,1891.1181667295416,NaN,,,NaN,false,false,false
1682,NaN,NaN,0.0,false,false,1891.1064085797518,NaN,,,NaN,false,false,false
1683,NaN,NaN,0.0,false,false,1891.0946419789793,NaN,,,NaN,false,false,false
1684,NaN,NaN,0.0,false,false,1891.0828671597014,NaN,,,NaN,false,false,false
1685,NaN,NaN,0.0,false,false,1891.0710843543943,NaN,,,NaN,false,false,false
1686,NaN,NaN,0.0,false,false,1891.0592937955353,NaN,,,NaN,false,false,false
1687,NaN,NaN,0.0,false,false,1891.0474957156007,NaN,,,NaN,false,false,false
1688,NaN,NaN,0.0,false,false,1891.035690347068,NaN,,,NaN,false,false,false
1689,NaN,NaN,0.0,false,false,1891.0238779224135,NaN,,,NaN,false,false,false
1690,NaN,NaN,0.0,false,false,1891.012058674114,NaN,,,NaN,false,false,false
1691,NaN,NaN,0.0,false,false,1891.0002328346472,NaN,,,NaN,false,false,false
1692,NaN,NaN,0.0,false,false,1890.9884006364896,NaN,,,NaN,false,false,false
1693,NaN,NaN,0.0,false,false,1890.976562312118,NaN,,,NaN,false,false,false
1694,NaN,NaN,0.0,false,false,1890.9647180940092,NaN,,,NaN,false,false,false
1695,NaN,NaN,0.0,false,false,1890.9528682146395,NaN,,,NaN,false,false,false
1696,NaN,NaN,0.0,false,false,1890.9410129064863,NaN,,,NaN,false,false,false
1697,NaN,NaN,0.0,false,false,1890.9291524020266,NaN,,,NaN,false,false,false
1698,NaN,NaN,0.0,false,false,1890.9172869337374,NaN,,,NaN,false,false,false
1699,NaN,NaN,0.0,false,false,1890.9054167340946,NaN,,,NaN,false,false,false
1700,NaN,NaN,0.0,false,false,1890.893542035577,NaN,,,NaN,false,false,false
1701,NaN,NaN,0.0,false,false,1890.8816630706594,NaN,,,NaN,false,false,false
1702,NaN,NaN,0.0,false,false,1890.8697800718198,NaN,,,NaN,false,false,false
1703,NaN,NaN,0.0,false,false,1890.8578932715347,NaN,,,NaN,false,false,false
1704,NaN,NaN,0.0,false,false,1890.846002902281,NaN,,,NaN,false,false,false
1705,NaN,NaN,0.0,false,false,1890.8341091965353,NaN,,,NaN,false,false,false
1706,NaN,NaN,0.0,false,false,1890.822212386775,NaN,,,NaN,false,false,false
1707,NaN,NaN,0.0,false,false,1890.8103127054767,NaN,,,NaN,false,false,false
1708,NaN,NaN,0.0,false,false,1890.798410385117,NaN,,,NaN,false,false,false
1709,NaN,NaN,0.0,false,false,1890.7865056581736,NaN,,,NaN,false,false,false
1710,NaN,NaN,0.0,false,false,1890.774598757122,NaN,,,NaN,false,false,false
1711,NaN,NaN,0.0,false,false,1890.7626899144407,NaN,,,NaN,false,false,false
1712,NaN,NaN,0.0,false,false,1890.7507793626057,NaN,,,NaN,false,false,false
1713,NaN,NaN,0.0,false,false,1890.7388673340936,NaN,,,NaN,false,false,false
1714,NaN,NaN,0.0,false,false,1890.7269540613818,NaN,,,NaN,false,false,false
1715,NaN,NaN,0.0,false,false,1890.7150397769465,NaN,,,NaN,false,false,false
1716,NaN,NaN,0.0,false,false,1890.7031247132652,NaN,,,NaN,false,false,false
1717,NaN,NaN,0.0,false,false,1890.6912091028146,NaN,,,NaN,false,false,false
1718,NaN,NaN,0.0,false,false,1890.6792931780712,NaN,,,NaN,false,false,false
1719,NaN,NaN,0.0,false,false,1890.6673771715125,NaN,,,NaN,false,false,false
1720,NaN,NaN,0.0,false,false,1890.6554613156152,NaN,,,NaN,false,false,false
1721,NaN,NaN,0.0,false,false,1890.643545842856,NaN,,,NaN,false,false,false
1722,NaN,NaN,0.0,false,false,1890.6316309857111,NaN,,,NaN,false,false,false
1723,NaN,NaN,0.0,false,false,1890.6197169766585,NaN,,,NaN,false,false,false
1724,NaN,NaN,0.0,false,false,1890.6078040481746,NaN,,,NaN,false,false,false
1725,NaN,NaN,0.0,false,false,1890.5958924327363,NaN,,,NaN,false,false,false
1726,NaN,NaN,0.0,false,false,1890.5839823628203,NaN,,,NaN,false,false,false
1727,NaN,NaN,0.0,false,false,1890.5720740709035,NaN,,,NaN,false,false,false
1728,NaN,NaN,0.0,false,false,1890.5601677894629,NaN,,,NaN,false,false,false
1729,NaN,NaN,0.0,false,false,1890.5482637509756,NaN,,,NaN,false,false,false
1730,NaN,NaN,0.0,false,false,1890.5363621871034,NaN,,,NaN,false,false,false
1731,NaN,NaN,0.0,false,false,1890.5244632806368,NaN,,,NaN,false,false,false
1732,NaN,NaN,0.0,false,false,1890.512567138614,NaN,,,NaN,false,false,false
1733,NaN,NaN,0.0,false,false,1890.5006738615582,NaN,,,NaN,false,false,false
1734,NaN,NaN,0.0,false,false,1890.4887835499906,NaN,,,NaN,false,false,false
1735,NaN,NaN,0.0,false,false,1890.4768963044337,NaN,,,NaN,false,false,false
1736,NaN,NaN,0.0,false,false,1890.4650122254102,NaN,,,NaN,false,false,false
1737,NaN,NaN,0.0,false,false,1890.4531314134417,NaN,,,NaN,false,false,false
1738,NaN,NaN,0.0,false,false,1890.4412539690504,NaN,,,NaN,false,false,false
1739,NaN,NaN,0.0,false,false,1890.4293799927596,NaN,,,NaN,false,false,false
1740,NaN,NaN,0.0,false,false,1890.4175095850903,NaN,,,NaN,false,false,false
1741,NaN,NaN,0.0,false,false,1890.4056428465651,NaN,,,NaN,false,false,false
1742,NaN,NaN,0.0,false,false,1890.3937798777072,NaN,,,NaN,false,false,false
1743,NaN,NaN,0.0,false,false,1890.3819207790373,NaN,,,NaN,false,false,false
1744,NaN,NaN,0.0,false,false,1890.3700656510782,NaN,,,NaN,false,false,false
1745,NaN,NaN,0.0,false,false,1890.3582145943526,NaN,,,NaN,false,false,false
1746,NaN,NaN,0.0,false,false,1890.3463677093823,NaN,,,NaN,false,false,false
1747,NaN,NaN,0.0,false,false,1890.3345250966897,NaN,,,NaN,false,false,false
1748,1889.9973989782738,0.0071809366479177045,1.0,true,true,1890.3226868567967,-0.3252878785228859,,,NaN,false,false,false
1749,1890.022924729623,0.007009050177571481,1.0,true,true,1890.3108530902266,-0.28792836060370064,,,NaN,false,false,false
1750,1890.0475160367787,0.007747303378507962,1.0,true,true,1890.2990238975,-0.25150786072140363,,,NaN,false,false,false
1751,1890.0754298381507,0.0077897180487706665,1.0,true,true,1890.2871993791407,-0.21176954098996248,,,NaN,false,false,false
1752,1890.1054814495146,0.007698014600866203,1.0,true,true,1890.27537963567,-0.16989818615547847,,,NaN,false,false,false
1753,1890.1350600346923,0.007654557016518084,1.0,true,true,1890.26356476761,-0.1285047329176905,,,NaN,false,false,false
1754,1890.1773481965065,0.007497047021418078,1.0,true,true,1890.2517548754836,-0.07440667897708408,,,NaN,false,false,false
1755,1890.2485213056207,0.0074550281486338,1.0,true,true,1890.2399500598124,0.008571245808298045,,,NaN,false,false,false
1756,1890.31261074543,0.00798757308117015,1.0,true,true,1890.2281504211196,0.08446032431038475,,,NaN,false,false,false
1757,1890.2909285575151,0.00868785753179366,1.0,true,true,1890.2163560599267,0.0745724975884059,,,NaN,false,false,false
1758,1890.2463722079992,0.00920388371483666,1.0,true,true,1890.2045670767557,0.041805131243563665,,,NaN,false,false,false
1759,1890.2078522145748,0.009001291811631383,1.0,true,true,1890.1927835721294,0.015068642445385194,,,NaN,false,false,false
1760,1890.1731389313936,0.008493065349955985,1.0,true,true,1890.1810056465692,-0.00786671517562354,,,NaN,false,false,false
1761,1890.142899863422,0.008230058985981236,1.0,true,true,1890.1692334005988,-0.026333537176924438,,,NaN,false,false,false
1762,1890.1241404302418,0.008348098720656706,1.0,true,true,1890.157466934739,-0.03332650449715402,,,NaN,false,false,false
1763,1890.1400621905923,0.008545735002222271,1.0,true,true,1890.1457063495134,-0.005644158921086273,,,NaN,false,false,false
1764,1890.1674080193043,0.008396469548612156,1.0,true,true,1890.1339517454428,0.03345627386147498,,,NaN,false,false,false
1765,1890.1459128707647,0.007928748904434565,1.0,true,true,1890.1222032230503,0.023709647714440507,,,NaN,false,false,false
1766,1890.0585396140814,0.0073811809150990835,1.0,true,true,1890.110460882858,-0.05192126877659575,,,NaN,false,false,false
1767,1889.9509449545294,0.007493534473311155,1.0,true,true,1890.098724825388,-0.14777987085858513,,,NaN,false,false,false
1768,1889.9084547273815,0.007812624280345586,1.0,true,true,1890.0869951511627,-0.17854042378121449,,,NaN,false,false,false
1769,1889.9556902870536,0.007592882723638368,1.0,true,true,1890.0752719607042,-0.11958167365060035,,,NaN,false,false,false
1770,1890.026641316712,0.007881066786827238,1.0,true,true,1890.0635553545349,-0.036914037822953105,,,NaN,false,false,false
1771,1890.0442240014672,0.008679293865736943,1.0,true,true,1890.0518454331768,-0.007621431709594617,,,NaN,false,false,false
1772,1890.0272492142394,0.009272806632984904,1.0,true,true,1890.0401422971522,-0.012893082912796672,,,NaN,false,false,false
1773,1890.0084549351595,0.009094959048640975,1.0,true,true,1890.0284460469832,-0.01999111182362867,,,NaN,false,false,false
1774,1889.9891897565685,0.008579239014132845,1.0,true,true,1890.016756783193,-0.027567026624410573,,,NaN,false,false,false
1775,1889.9732797201723,0.008456152603115271,1.0,true,true,1890.005074606302,-0.03179488612977366,,,NaN,false,false,false
1776,1889.9908588347025,0.008934733116758931,1.0,true,true,1889.9933996168343,-0.0025407821317458,,,NaN,false,false,false
1777,1890.0356921888888,0.009913354356323692,1.0,true,true,1889.981731915311,0.05396027357778621,,,NaN,false,false,false
1778,1890.065508697182,0.010662229565107836,1.0,true,true,1889.9700716022548,0.0954370949270924,,,NaN,false,false,false
1779,1890.0606923978776,0.010448543893045404,1.0,true,true,1889.9584187781882,0.10227361968941295,,,NaN,false,false,false
1780,1890.0276555474848,0.009698205985909243,1.0,true,true,1889.9467735436322,0.0808820038525937,,,NaN,false,false,false
1781,1889.9735796507448,0.008867472148011535,1.0,true,true,1889.9351359991103,0.03844365163445218,,,NaN,false,false,false
1782,1889.9018731415272,0.007836626224712281,1.0,true,true,1889.9235062451442,-0.021633103616977678,,,NaN,false,false,false
1783,1889.8168463930488,0.006753788896328532,1.0,true,true,1889.9118843822566,-0.09503798920786721,,,NaN,false,false,false
1784,1889.7422939240932,0.006727742685253647,1.0,true,true,1889.9002705109694,-0.15797658687620242,,,NaN,false,false,false
1785,1889.7352113574743,0.007463146300465667,1.0,true,true,1889.8886647318045,-0.15345337433018358,,,NaN,false,false,false
1786,1889.7793802693486,0.00781647769277831,1.0,true,true,1889.8770671452846,-0.09768687593600589,,,NaN,false,false,false
1787,1889.8330844566226,0.008767243889511262,1.0,true,true,1889.865477851932,-0.03239339530932739,,,NaN,false,false,false
1788,1889.86276820302,0.010248026370130999,1.0,true,true,1889.8538969522683,0.00887125075178119,,,NaN,false,false,false
1789,1889.8356942385435,0.013062369692608182,1.0,true,true,1889.8423245468164,-0.00663030827286093,,,NaN,false,false,false
1790,1889.76737511158,0.015776486571811802,1.0,true,true,1889.8307607360987,-0.06338562451878715,,,NaN,false,false,false
1791,1889.709905013442,0.014023110138470336,1.0,true,true,1889.8192056206367,-0.10930060719465473,,,NaN,false,false,false
1792,1889.6724310964346,0.01155119113763491,1.0,true,true,1889.8076593009532,-0.13522820451862572,,,NaN,false,false,false
1793,1889.6643989384174,0.010756515081672458,1.0,true,true,1889.7961218775702,-0.13172293915272348,,,NaN,false,false,false
1794,1889.7010170519352,0.010124262045347693,1.0,true,true,1889.7845934510096,-0.08357639907444536,,,NaN,false,false,false
1795,1889.7178803533316,0.008933569600842467,1.0,true,true,1889.773074121794,-0.05519376846245905,,,NaN,false,false,false
1796,1889.6547010838985,0.0076397607155088325,1.0,true,true,1889.761563990446,-0.10686290654734876,,,NaN,false,false,false
1797,1889.539911299944,0.007620735564959476,1.0,true,true,1889.7500631574871,-0.21015185754322374,,,NaN,false,false,false
1798,1889.5162300467491,0.00800190631407394,1.0,true,true,1889.7385717234401,-0.22234167669103044,,,NaN,false,false,false
1799,1889.502171009779,0.008993930853412414,1.0,true,true,1889.7270897888272,-0.22491877904826652,,,NaN,false,false,false
1800,1889.554954946041,0.010388514887441011,1.0,true,true,1889.7156174541703,-0.160662508129235,,,NaN,false,false,false
1801,1889.5669462531805,0.010175089162643775,1.0,true,true,1889.704154819992,-0.13720856681152327,,,NaN,false,false,false
1802,1889.6559986174107,0.010282323071994769,1.0,true,true,1889.6927019868142,-0.03670336940353991,,,NaN,false,false,false
1803,1889.7096178680658,0.010823552937970904,1.0,true,true,1889.6812590551594,0.028358812906390085,,,NaN,false,false,false
1804,1889.7096243947744,0.010937342042350117,1.0,true,true,1889.6698261255492,0.03979826922522989,,,NaN,false,false,false
1805,1889.6692415326834,0.010319671479711056,1.0,true,true,1889.658403298507,0.01083823417638996,,,NaN,false,false,false
1806,1889.6446318477392,0.009507161654804528,1.0,true,true,1889.6469906745544,-0.0023588268152252567,,,NaN,false,false,false
1807,1889.6599187105894,0.00970457137920119,1.0,true,true,1889.6355883542133,0.024330356376140116,,,NaN,false,false,false
1808,1889.668898716569,0.011339281236312518,1.0,true,true,1889.6241964380065,0.04470227856245401,,,NaN,false,false,false
1809,1889.6686828136444,0.012819334224819628,1.0,true,true,1889.612815026456,0.05586778718839014,,,NaN,false,false,false
1810,1889.68012586236,0.01280121613690321,1.0,true,true,1889.6014442200837,0.0786816422762513,,,NaN,false,false,false
1811,1889.7003122121096,0.011835977362401117,1.0,true,true,1889.5900841194123,0.11022809269729805,,,NaN,false,false,false
1812,1889.6562000066042,0.01199311635239763,1.0,true,true,1889.5787348249642,0.07746518164003646,,,NaN,false,false,false
1813,1889.542652219534,0.013297257872207225,1.0,true,true,1889.5673964372618,-0.024744217727857176,,,NaN,false,false,false
1814,1889.486030638218,0.014072327334520175,1.0,true,true,1889.5560690568261,-0.07003841860819193,,,NaN,false,false,false
1815,1889.4080176204443,0.012976930879401894,1.0,true,true,1889.5447527841802,-0.13673516373592065,,,NaN,false,false,false
1816,1889.354324311018,0.0122931138738026,1.0,true,true,1889.5334477198467,-0.17912340882867284,,,NaN,false,false,false
1817,1889.3068042695522,0.011805975897916359,1.0,true,true,1889.522153964347,-0.2153496947946678,,,NaN,false,false,false
1818,1889.2735278010368,0.011334817917011897,1.0,true,true,1889.510871618204,-0.2373438171671296,,,NaN,false,false,false
1819,1889.280530244112,0.010594514760832707,1.0,true,true,1889.4996007819398,-0.2190705378277471,,,NaN,false,false,false
1820,1889.3130670934916,0.009839578260032487,1.0,true,true,1889.4883415560757,-0.17527446258418422,,,NaN,false,false,false
1821,1889.3436593413353,0.00969195087315063,1.0,true,true,1889.4770940411356,-0.1334346998003184,,,NaN,false,false,false
1822,1889.3697746694088,0.010153960356083408,1.0,true,true,1889.4658583376404,-0.09608366823158576,,,NaN,false,false,false
1823,1889.381526440382,0.010487152612964176,1.0,true,true,1889.4546345461133,-0.07310810573130766,,,NaN,false,false,false
1824,1889.3620227724314,0.010003158191087725,1.0,true,true,1889.4434227670752,-0.08139999464378889,,,NaN,false,false,false
1825,1889.3136955201626,0.009316695503048112,1.0,true,true,1889.4322231010499,-0.11852758088730297,,,NaN,false,false,false
1826,1889.2656722813845,0.00951506093091891,1.0,true,true,1889.4210356485587,-0.15536336717423183,,,NaN,false,false,false
1827,1889.2114919796586,0.010059624903010324,1.0,true,true,1889.409860510124,-0.19836853046535907,,,NaN,false,false,false
1828,1889.1497943028808,0.010725645852195275,1.0,true,true,1889.3986977862687,-0.24890348338794865,,,NaN,false,false,false
1829,1889.1160665303469,0.011889177568508612,1.0,true,true,1889.387547577514,-0.27148104716707167,,,NaN,false,false,false
1830,1889.132983468473,0.013067777740386866,1.0,true,true,1889.3764099843825,-0.24342651590950481,,,NaN,false,false,false
1831,1889.1934820637107,0.012997069726393895,1.0,true,true,1889.3652851073962,-0.17180304368548605,,,NaN,false,false,false
1832,1889.2787041664124,0.011879578710560813,1.0,true,true,1889.3541730470781,-0.07546888066576685,,,NaN,false,false,false
1833,1889.3299372643232,0.010643368458772796,1.0,true,true,1889.3430739039504,-0.013136639627191471,,,NaN,false,false,false
1834,1889.3068527281284,0.009808078612766754,1.0,true,true,1889.3319877785343,-0.025135050405879156,,,NaN,false,false,false
1835,1889.2641584575176,0.00917066324941351,1.0,true,true,1889.3209147713528,-0.056756313835194305,,,NaN,false,false,false
1836,1889.2540413886309,0.008960494220853054,1.0,true,true,1889.309854982928,-0.05581359429720578,,,NaN,false,false,false
1837,1889.2647626250982,0.009760373632274789,1.0,true,true,1889.298808513782,-0.03404588868374958,,,NaN,false,false,false
1838,1889.2384650483727,0.010767802111877911,1.0,true,true,1889.2877754644373,-0.04931041606459985,,,NaN,false,false,false
1839,1889.1428296789527,0.010637946212361011,1.0,true,true,1889.2767559354158,-0.13392625646315537,,,NaN,false,false,false
1840,1889.0505025163293,0.01010214677002135,1.0,true,true,1889.26575002724,-0.21524751091078542,,,NaN,false,false,false
1841,1889.0537778083235,0.009248048272690192,1.0,true,true,1889.2547578404324,-0.20098003210887327,,,NaN,false,false,false
1842,1889.1291260048747,0.008906195182236157,1.0,true,true,1889.2437794755149,-0.11465347064017806,,,NaN,false,false,false
1843,1889.1784882918,0.00867560623042096,1.0,true,true,1889.2328150330095,-0.054326741209479223,,,NaN,false,false,false
1844,1889.1758506819606,0.008570876372674358,1.0,true,true,1889.2218646134386,-0.046013931478000814,,,NaN,false,false,false
1845,1889.1650458276272,0.009688161934287587,1.0,true,true,1889.210928317325,-0.04588248969776032,,,NaN,false,false,false
1846,1889.167378500104,0.011042269453267415,1.0,true,true,1889.20000624519,-0.032627745086074356,,,NaN,false,false,false
1847,1889.166886024177,0.011232032440659265,1.0,true,true,1889.1890984975564,-0.022212473379340736,,,NaN,false,false,false
1848,1889.157543644309,0.010051817772318327,1.0,true,true,1889.1782051749467,-0.020661530637653414,,,NaN,false,false,false
1849,1889.154091231525,0.008500183500295733,1.0,true,true,1889.1673263778825,-0.01323514635760148,,,NaN,false,false,false
1850,1889.1867192462087,0.007752141655180889,1.0,true,true,1889.1564622068859,0.030257039322805213,,,NaN,false,false,false
1851,1889.2316814735532,0.008406120815276048,1.0,true,true,1889.1456127624801,0.0860687110730396,,,NaN,false,false,false
1852,1889.197189822793,0.009418261307034543,1.0,true,true,1889.1347781451866,0.06241167760640565,,,NaN,false,false,false
1853,1889.1462437734008,0.010809164535366475,1.0,true,true,1889.1239584555278,0.02228531787295651,,,NaN,false,false,false
1854,1889.1028844863176,0.012075728133835888,1.0,true,true,1889.1131537940255,-0.010269307707858388,,,NaN,false,false,false
1855,1889.0103557822295,0.011798716224086648,1.0,true,true,1889.102364261203,-0.09200847897363928,,,NaN,false,false,false
1856,1888.8230195865035,0.012471981685627251,1.0,true,true,1889.0915899575823,-0.2685703710787948,,,NaN,false,false,false
1857,1888.6155703663826,0.016354848272005784,1.0,true,true,1889.0808309836846,-0.4652606173019649,,,NaN,false,false,false
1858,1888.3384164869785,0.02609549411522776,1.0,true,true,1889.070087440033,-0.7316709530543903,,,NaN,false,false,false
1859,1888.2547803521156,0.02061079284740504,0.88,true,true,1889.059359427149,-0.8045790750334163,,,NaN,false,false,false
1860,1888.163489624858,0.01926073422776132,1.0,true,true,1889.0486470455562,-0.8851574206983059,,,NaN,false,false,false
1861,1888.0878469832242,0.016510203537042207,1.0,true,true,1889.0379503824206,-0.9501033991964505,,,NaN,false,false,false
1862,1888.011505451519,0.013694117341332029,1.0,true,true,1889.0272694714915,-1.0157640199724938,,,NaN,false,false,false
1863,1887.9504649452865,0.011704549380917797,1.0,true,true,1889.0166043331615,-1.066139387874955,h001,1.0,1.066139387874955,true,true,false
1864,1887.9084961749613,0.012564265403135834,1.0,true,true,1889.0059549878247,-1.0974588128633513,h001,1.0,1.0974588128633513,true,true,false
1865,1887.8886026218534,0.015440218768085536,1.0,true,true,1888.9953214558739,-1.106718834020512,h001,1.0,1.106718834020512,true,true,false
1866,1887.8667845502496,0.016887134569933838,1.0,true,true,1888.9847037577035,-1.1179192074539515,h001,1.0,1.1179192074539515,true,true,true
1867,1887.8289571925998,0.017656127736655036,1.0,true,true,1888.9741019137061,-1.1451447211063623,h001,1.0,1.1451447211063623,true,true,true
1868,1887.7818091064692,0.018302471881520198,1.0,true,true,1888.9635159442755,-1.1817068378063595,h001,1.0,1.1817068378063595,true,true,true
1869,1887.7573497518897,0.019025732404379707,1.0,true,true,1888.952945869805,-1.1955961179153292,h001,1.0,1.1955961179153292,true,true,true
1870,1887.762153543532,0.019933896598981538,1.0,true,true,1888.9423917106883,-1.1802381671564035,h001,1.0,1.1802381671564035,true,true,true
1871,1887.7627533450723,0.020196604114893536,1.0,true,true,1888.9318534873182,-1.1691001422459522,h001,1.0,1.1691001422459522,true,true,true
1872,1887.7431096285582,0.019926236021094404,1.0,true,true,1888.9213312200886,-1.1782215915304732,h001,1.0,1.1782215915304732,true,true,true
1873,1887.7187617868185,0.019641683108579885,1.0,true,true,1888.910824929393,-1.1920631425743977,h001,1.0,1.1920631425743977,true,true,true
1874,1887.7145938128233,0.019596187499386276,1.0,true,true,1888.9003346356249,-1.185740822801563,h001,1.0,1.185740822801563,true,true,true
1875,1887.743832692504,0.019059703805156675,1.0,true,true,1888.8898603591779,-1.1460276666739446,h001,1.0,1.1460276666739446,true,true,true
1876,1887.7889833301306,0.017670595044929006,1.0,true,true,1888.8794021204446,-1.090418790314061,h001,1.0,1.090418790314061,true,true,true
1877,1887.804020628333,0.016818508197783504,1.0,true,true,1888.8689599398194,-1.0649393114863415,h001,1.0,1.0649393114863415,true,true,true
1878,1887.7705624252558,0.017525063787872913,1.0,true,true,1888.8585338376947,-1.0879714124389466,h001,1.0,1.0879714124389466,true,true,true
1879,1887.7175386548042,0.018699920507661727,1.0,true,true,1888.8481238344657,-1.130585179661466,h001,1.0,1.130585179661466,true,true,true
1880,1887.6955551952124,0.019056766762890462,1.0,true,true,1888.837729950524,-1.1421747553115438,h001,1.0,1.1421747553115438,true,true,true
1881,1887.7185666412115,0.017532437209727976,1.0,true,true,1888.8273522062639,-1.108785565052358,h001,1.0,1.108785565052358,true,true,true
1882,1887.7466788291931,0.01544308201429296,1.0,true,true,1888.816990622079,-1.070311792885832,h001,1.0,1.070311792885832,true,true,true
1883,1887.7693095207214,0.013969932178172995,1.0,true,true,1888.806645218362,-1.0373356976406285,h001,1.0,1.0373356976406285,true,true,true
1884,1887.7677512839437,0.014153531449265577,1.0,true,true,1888.796316015507,-1.0285647315633923,h001,1.0,1.0285647315633923,true,true,true
1885,1887.748136535287,0.015137957780000745,1.0,true,true,1888.786003033907,-1.037866498620133,h001,1.0,1.037866498620133,true,true,true
1886,1887.7254135757685,0.01599072661718277,1.0,true,true,1888.7757062939563,-1.0502927181878476,h001,1.0,1.0502927181878476,true,true,true
1887,1887.7134126871824,0.016291333850982172,1.0,true,true,1888.7654258160474,-1.0520131288649281,h001,1.0,1.0520131288649281,true,true,true
1888,1887.7166672199965,0.01596275367647419,1.0,true,true,1888.7551616205737,-1.0384944005772923,h001,1.0,1.0384944005772923,true,true,true
1889,1887.7345761805773,0.016169685363847976,1.0,true,true,1888.744913727929,-1.01033754735181,h001,1.0,1.01033754735181,true,true,true
1890,1887.7885556221008,0.0167419286662445,1.0,true,true,1888.7346821585077,-0.9461265364068367,h001,1.0,0.9461265364068367,true,true,true
1891,1887.8477272242308,0.01737265434226028,1.0,true,true,1888.7244669327017,-0.8767397084709501,h001,1.0,0.8767397084709501,true,true,true
1892,1887.8926089890301,0.017520851078288966,1.0,true,true,1888.7142680709048,-0.8216590818747136,h001,1.0,0.8216590818747136,true,true,true
1893,1887.8984319269657,0.01678490111472349,1.0,true,true,1888.7040855935118,-0.8056536665460499,h001,1.0,0.8056536665460499,true,true,true
1894,1887.833416491747,0.014378510386926807,1.0,true,true,1888.693919520914,-0.8605030291671483,h001,1.0,0.8605030291671483,true,false,true
1895,1887.7235199660063,0.012073868115084282,1.0,true,true,1888.683769873506,-0.9602499074997013,h001,1.0,0.9602499074997013,true,false,true
1896,1887.6353136450052,0.012795124629200147,1.0,true,true,1888.6736366716812,-1.0383230266759256,h001,1.0,1.0383230266759256,true,false,true
1897,1887.590253829956,0.014884367544767164,1.0,true,true,1888.6635199358327,-1.0732661058766553,h001,1.0,1.0732661058766553,true,false,true
1898,1887.5771261155605,0.01596042651358441,1.0,true,true,1888.653419686355,-1.0762935707944052,h001,1.0,1.0762935707944052,true,false,true
1899,1887.5826112627983,0.015877855201007998,1.0,true,true,1888.64333594364,-1.0607246808417585,h001,1.0,1.0607246808417585,true,false,false
1900,1887.5784031450748,0.017215875596473383,1.0,true,true,1888.6332687280822,-1.054865583007313,h001,1.0,1.054865583007313,true,false,false
1901,1887.5532387048006,0.019564249130314817,1.0,true,true,1888.6232180600746,-1.069979355273972,h001,1.0,1.069979355273972,true,false,false
1902,1887.5455497056246,0.0167283089412368,1.0,true,true,1888.6131839600112,-1.0676342543865758,,,NaN,false,false,false
1903,1887.6488380134106,0.017722864086941254,1.0,true,true,1888.6031664482846,-0.9543284348740144,,,NaN,false,false,false
1904,1887.7902121394873,0.02087807066858448,1.0,true,true,1888.5931655452887,-0.8029534058014178,,,NaN,false,false,false
1905,1887.7720668241382,0.02166963573054945,1.0,true,true,1888.583181271417,-0.8111144472788965,,,NaN,false,false,false
1906,NaN,NaN,0.0,false,false,1888.5732136470626,NaN,,,NaN,false,false,false
1907,NaN,NaN,0.0,false,false,1888.5632626926197,NaN,,,NaN,false,false,false
1908,NaN,NaN,0.0,false,false,1888.553328428481,NaN,,,NaN,false,false,false
1909,NaN,NaN,0.0,false,false,1888.5434108750403,NaN,,,NaN,false,false,false
1910,NaN,NaN,0.0,false,false,1888.5335100526909,NaN,,,NaN,false,false,false
1911,NaN,NaN,0.0,false,false,1888.5236259818262,NaN,,,NaN,false,false,false
1912,NaN,NaN,0.0,false,false,1888.51375868284,NaN,,,NaN,false,false,false
1913,NaN,NaN,0.0,false,false,1888.5039081761247,NaN,,,NaN,false,false,false
1914,1877.1920227259398,0.0657455432790926,0.62,false,false,1888.4940744820753,NaN,,,NaN,false,false,false
1915,1876.4888213574886,0.6900905900021508,1.0,true,true,1888.484257621084,-11.995436263595366,,,NaN,false,false,false
1916,1877.251847565174,0.029086180530662906,1.0,true,true,1888.4744576135454,-11.22261004837128,,,NaN,false,false,false
1917,1877.1583549305797,0.027168685873470808,1.0,true,true,1888.4646744798515,-11.306319549271848,,,NaN,false,false,false
1918,1877.1193395368755,0.025844771716067836,1.0,true,true,1888.4549082403967,-11.335568703521176,,,NaN,false,false,false
1919,1877.1464589759707,0.026039640271522776,1.0,true,true,1888.4451589155742,-11.298699939603466,,,NaN,false,false,false
1920,1877.22405461967,0.026751408114290953,1.0,true,true,1888.4354265257778,-11.211371906107843,,,NaN,false,false,false
1921,1877.2863100469112,0.027394593707913723,0.98,true,true,1888.4257110914,-11.13940104448875,,,NaN,false,false,false
1922,1877.2742775529623,0.02574388964352581,1.0,true,true,1888.416012632835,-11.14173507987266,,,NaN,false,false,false
1923,1877.1794488057494,0.023350341111115648,1.0,true,true,1888.4063311704765,-11.22688236472709,,,NaN,false,false,false
1924,1877.0727182291448,0.02309803910575649,1.0,true,true,1888.396666724717,-11.323948495572267,,,NaN,false,false,false
1925,1877.0115359346382,0.024466528797444986,1.0,true,true,1888.3870193159507,-11.375483381312506,,,NaN,false,false,false
1926,1876.9837130019441,0.024979924558455945,1.0,true,true,1888.377388964571,-11.393675962626958,h010,10.0,1.1393675962626957,true,false,false
1927,1876.935615055263,0.02392166843828277,1.0,true,true,1888.3677756909713,-11.432160635708215,h010,10.0,1.1432160635708215,true,false,false
1928,1876.9035951979458,0.023220484041643927,1.0,true,true,1888.3581795155442,-11.454584317598346,h010,10.0,1.1454584317598346,true,false,false
1929,1876.951181165874,0.023521727019494492,1.0,true,true,1888.3486004586841,-11.397419292810127,h010,10.0,1.1397419292810127,true,false,true
1930,1877.0673252604902,0.024118228737938598,1.0,true,true,1888.339038540785,-11.271713280294762,h010,10.0,1.1271713280294762,true,false,true
1931,1877.1751833185554,0.02550173939048231,1.0,true,true,1888.329493782239,-11.154310463683714,h010,10.0,1.1154310463683714,true,false,true
1932,1877.2008670270443,0.02549864633352285,1.0,true,true,1888.31996620344,-11.119099176395594,h010,10.0,1.1119099176395593,true,true,true
1933,1877.155073210597,0.025658070468315964,1.0,true,true,1888.3104558247817,-11.155382614184646,h010,10.0,1.1155382614184646,true,true,true
1934,1877.0936696119606,0.026050720376495404,1.0,true,true,1888.300962666657,-11.207293054696265,h010,10.0,1.1207293054696266,true,true,true
1935,1877.0373615492135,0.024159731101320712,1.0,true,true,1888.2914867494599,-11.254125200246335,h010,10.0,1.1254125200246334,true,true,true
1936,1877.0297411708161,0.022161457325343737,1.0,true,true,1888.282028093584,-11.25228692276778,h010,10.0,1.125228692276778,true,true,true
1937,1877.0782440975308,0.023160039982906087,1.0,true,true,1888.2725867194222,-11.194342621891337,h010,10.0,1.1194342621891338,true,true,true
1938,1877.1192585118115,0.02261090202631327,1.0,true,true,1888.2631626473683,-11.143904135556795,h010,10.0,1.1143904135556795,true,true,true
1939,1877.1161747127771,0.02040904395914076,1.0,true,true,1888.2537558978147,-11.137581185037561,h010,10.0,1.1137581185037562,true,true,true
1940,1877.059400415048,0.018834210361225692,1.0,true,true,1888.2443664911566,-11.184966076108594,h010,10.0,1.1184966076108593,true,true,true
1941,1876.9770958023146,0.018486749711153414,1.0,true,true,1888.234994447787,-11.257898645472324,h010,10.0,1.1257898645472324,true,true,true
1942,1876.9183164611459,0.021476745140202848,1.0,true,true,1888.225639788098,-11.3073233269522,h010,10.0,1.13073233269522,true,true,true
1943,1876.8905543088913,0.02540030937943616,1.0,true,true,1888.2163025324837,-11.325748223592427,h010,10.0,1.1325748223592427,true,true,true
1944,1876.891830265522,0.028514073633148607,1.0,true,true,1888.2069827013388,-11.315152435816799,h010,10.0,1.13151524358168,true,true,true
1945,1876.9089096151292,0.029851799777794837,1.0,true,true,1888.1976803150555,-11.288770699926317,h010,10.0,1.1288770699926318,true,true,true
1946,1876.9094883352518,0.02867659091896522,1.0,true,true,1888.188395394027,-11.278907058775303,h010,10.0,1.1278907058775303,true,true,true
1947,1876.8826241008937,0.024889619363502008,1.0,true,true,1888.1791279586475,-11.296503857753805,h010,10.0,1.1296503857753806,true,true,true
1948,1876.8436663076282,0.019532830231712442,1.0,true,true,1888.1698780293107,-11.326211721682512,h010,10.0,1.132621172168251,true,true,true
1949,1876.830861583352,0.015787728052813157,1.0,true,true,1888.1606456264092,-11.329784043057089,h010,10.0,1.132978404305709,true,true,true
1950,1876.8548915311694,0.015550868684004333,1.0,true,true,1888.1514307703362,-11.296539239166805,h010,10.0,1.1296539239166805,true,true,true
1951,1876.8955970816314,0.015862384905204734,1.0,true,true,1888.1422334814865,-11.246636399855106,h010,10.0,1.1246636399855106,true,true,true
1952,1876.9568106699735,0.015977372933318072,1.0,true,true,1888.1330537802526,-11.176243110279074,h010,10.0,1.1176243110279074,true,false,true
1953,1877.0362501759082,0.015348720414350448,1.0,true,true,1888.1238916870277,-11.0876415111195,h010,10.0,1.10876415111195,true,false,true
1954,1877.1088811904192,0.014087571447700238,1.0,true,true,1888.1147472222056,-11.005866031786354,h010,10.0,1.1005866031786353,true,false,true
1955,1877.1184225864708,0.014297549679262117,1.0,true,true,1888.10562040618,-10.987197819709081,h010,10.0,1.098719781970908,true,false,true
1956,1877.040138617158,0.015750666398655973,1.0,true,true,1888.0965112593442,-11.056372642186261,h010,10.0,1.105637264218626,true,false,true
1957,1876.9075790643692,0.017803165237819933,1.0,true,true,1888.0874198020917,-11.179840737722543,h010,10.0,1.1179840737722544,true,false,true
1958,1876.7864577174187,0.020059010822339414,1.0,true,true,1888.0783460548157,-11.29188833739704,h010,10.0,1.129188833739704,true,false,true
1959,1876.744870454073,0.02045154230005221,1.0,true,true,1888.0692900379097,-11.324419583836743,h010,10.0,1.1324419583836742,true,false,false
1960,1876.8037138357759,0.019948324238114084,1.0,true,true,1888.0602517717675,-11.256537935991673,h010,10.0,1.1256537935991673,true,false,false
1961,1876.931281361729,0.019708133752113863,1.0,true,true,1888.051231276782,-11.119949915052985,h010,10.0,1.1119949915052985,true,false,false
1962,1876.984471146483,0.018024533858272216,1.0,true,true,1888.0422285733468,-11.057757426863873,,,NaN,false,false,false
1963,1876.9682666566223,0.017579429587855477,1.0,true,true,1888.0332436818549,-11.064977025232565,,,NaN,false,false,false
1964,1876.9700371380895,0.01980022579657864,1.0,true,true,1888.0242766227016,-11.054239484612026,,,NaN,false,false,false
1965,NaN,NaN,0.0,false,false,1888.0153274162778,NaN,,,NaN,false,false,false
1966,NaN,NaN,0.0,false,false,1888.0063960829789,NaN,,,NaN,false,false,false
1967,NaN,NaN,0.0,false,false,1887.9974826431974,NaN,,,NaN,false,false,false
1968,NaN,NaN,0.0,false,false,1887.9885871173265,NaN,,,NaN,false,false,false
1969,NaN,NaN,0.0,false,false,1887.9797095257609,NaN,,,NaN,false,false,false
1970,NaN,NaN,0.0,false,false,1887.9708498888924,NaN,,,NaN,false,false,false
1971,NaN,NaN,0.0,false,false,1887.962008227116,NaN,,,NaN,false,false,false
1972,NaN,NaN,0.0,false,false,1887.9531845608242,NaN,,,NaN,false,false,false
1973,NaN,NaN,0.0,false,false,1887.9443789104107,NaN,,,NaN,false,false,false
1974,NaN,NaN,0.0,false,false,1887.9355912962687,NaN,,,NaN,false,false,false
1975,NaN,NaN,0.0,false,false,1887.926821738792,NaN,,,NaN,false,false,false
1976,NaN,NaN,0.0,false,false,1887.9180702583737,NaN,,,NaN,false,false,false
1977,NaN,NaN,0.0,false,false,1887.9093368754075,NaN,,,NaN,false,false,false
1978,NaN,NaN,0.0,false,false,1887.900621610287,NaN,,,NaN,false,false,false
1979,NaN,NaN,0.0,false,false,1887.8919244834053,NaN,,,NaN,false,false,false
1980,NaN,NaN,0.0,false,false,1887.883245515156,NaN,,,NaN,false,false,false
1981,NaN,NaN,0.0,false,false,1887.8745847259327,NaN,,,NaN,false,false,false
1982,NaN,NaN,0.0,false,false,1887.8659421361283,NaN,,,NaN,false,false,false
1983,1852.7206538766623,0.031673574221448786,1.0,true,true,1887.8573177661367,-35.13666388947445,,,NaN,false,false,false
1984,1852.9674862921238,0.181913717109464,1.0,true,true,1887.8487116363513,-34.88122534422746,,,NaN,false,false,false
1985,1853.5049587786198,0.041854545612866785,1.0,true,true,1887.8401237671658,-34.33516498854601,,,NaN,false,false,false
1986,1853.4240289479494,0.014766501836249082,1.0,true,true,1887.831554178973,-34.407525231023556,,,NaN,false,false,false
1987,1853.3454256802797,0.021200901149558735,1.0,true,true,1887.8230028921662,-34.477577211886455,,,NaN,false,false,false
1988,1853.2529869228601,0.018868974720874447,1.0,true,true,1887.8144699271402,-34.561483004280035,,,NaN,false,false,false
1989,1853.221416927874,0.017057900827236287,1.0,true,true,1887.805955304287,-34.584538376412866,h030,30.0,1.1528179458804289,true,true,false
1990,1853.2199819758534,0.01975185025828204,1.0,true,true,1887.7974590440008,-34.577477068147346,h030,30.0,1.152582568938245,true,true,false
1991,1853.193920262158,0.021582920310791738,1.0,true,true,1887.7889811580528,-34.5950608958949,h030,30.0,1.15316869652983,true,true,false
1992,1853.1485352516174,0.020249797409240818,1.0,true,true,1887.7805215579822,-34.63198630636475,h030,30.0,1.1543995435454917,true,true,true
1993,1853.1268512010574,0.0178660318003519,1.0,true,true,1887.772080090663,-34.645228889605505,h030,30.0,1.1548409629868501,true,true,true
1994,1853.139978595078,0.01802391060454181,1.0,true,true,1887.763656601891,-34.62367800681295,h030,30.0,1.1541226002270983,true,true,true
1995,1853.1618641614914,0.019993245343705984,1.0,true,true,1887.7552509374616,-34.5933867759702,h030,30.0,1.1531128925323402,true,true,true
1996,1853.1743273288012,0.019899315244137156,1.0,true,true,1887.746862943172,-34.572535614370736,h030,30.0,1.152417853812358,true,true,true
1997,1853.1924340873957,0.018565023769926893,1.0,true,true,1887.7384924648165,-34.54605837742088,h030,30.0,1.1515352792473625,true,true,true
1998,1853.217463992536,0.0184457283074549,1.0,true,true,1887.7301393481928,-34.51267535565671,h030,30.0,1.1504225118552236,true,true,true
1999,1853.2320689558983,0.019370567503970853,1.0,true,true,1887.721803439095,-34.4897344831968,h030,30.0,1.14965781610656,true,true,true
2000,1853.2327683866024,0.02187733750992453,1.0,true,true,1887.7134845833205,-34.48071619671805,h030,30.0,1.1493572065572684,true,true,true
2001,1853.2267759293318,0.024336777358274976,1.0,true,true,1887.7051826266643,-34.4784066973325,h030,30.0,1.1492802232444168,true,true,true
2002,1853.229516915977,0.02347832060450771,1.0,true,true,1887.6968974149224,-34.46738049894543,h030,30.0,1.148912683298181,true,true,true
2003,1853.2379911318421,0.019671295744505293,1.0,true,true,1887.688628793891,-34.45063766204885,h030,30.0,1.1483545887349615,true,true,true
2004,1853.2581514120102,0.016951506990901956,1.0,true,true,1887.680376609366,-34.42222519735583,h030,30.0,1.1474075065785276,true,true,true
2005,1853.2745268940926,0.016784675625404557,1.0,true,true,1887.6721407071434,-34.39761381305084,h030,30.0,1.1465871271016945,true,true,true
2006,1853.2734814286232,0.017579847785301805,1.0,true,true,1887.663920933019,-34.39043950439577,h030,30.0,1.1463479834798591,true,true,true
2007,1853.2371244952083,0.018653514588082544,1.0,true,true,1887.655717132788,-34.41859263757965,h030,30.0,1.147286421252655,true,true,true
2008,1853.171228736639,0.01991446343713604,1.0,true,true,1887.647529152248,-34.476300415608875,h030,30.0,1.1492100138536292,true,true,true
2009,1853.134404487908,0.020953764405710038,1.0,true,true,1887.6393568371939,-34.504952349285986,h030,30.0,1.150165078309533,true,true,true
2010,1853.1254370771348,0.021615317235546338,1.0,true,true,1887.6312000334203,-34.50576295628548,h030,30.0,1.1501920985428493,true,true,true
2011,1853.1005245745182,0.02170804743068214,1.0,true,true,1887.6230585867256,-34.522534012207416,h030,30.0,1.1507511337402472,true,true,true
2012,1853.0276476880535,0.021196818409417294,1.0,true,true,1887.6149323429042,-34.58728465485069,h030,30.0,1.152909488495023,true,false,true
2013,1852.9362432025373,0.02033685690234609,1.0,true,true,1887.6068211477527,-34.67057794521543,h030,30.0,1.155685931507181,true,false,true
2014,1852.855602003634,0.01909673501396564,1.0,true,true,1887.5987248470663,-34.743122843432275,h030,30.0,1.158104094781076,true,false,true
2015,1852.8129409626126,0.01846487240648839,1.0,true,true,1887.5906432866414,-34.77770232402872,h030,30.0,1.1592567441342907,true,false,true
2016,1852.8028973639011,0.019454364633069356,1.0,true,true,1887.5825763122743,-34.7796789483732,h030,30.0,1.15932263161244,true,false,true
2017,1852.8124130815268,0.020419806417288158,1.0,true,true,1887.57452376976,-34.76211068823318,h030,30.0,1.158737022941106,true,false,true
2018,1852.8060329779983,0.019577007135889234,1.0,true,true,1887.566485504895,-34.76045252689664,h030,30.0,1.1586817508965548,true,false,true
2019,1852.7592117413878,0.01930496517371625,1.0,true,true,1887.558461363475,-34.799249622087245,h030,30.0,1.1599749874029082,true,false,true
2020,1852.691940382123,0.020867130303877653,1.0,true,true,1887.5504511912961,-34.85851080917314,h030,30.0,1.1619503603057713,true,false,true
2021,1852.6691475063562,0.020115159363932683,1.0,true,true,1887.5424548341543,-34.8733073277981,h030,30.0,1.16244357759327,true,false,false
2022,1852.7169153094292,0.01917605207447342,1.0,true,true,1887.5344721378444,-34.81755682841526,h030,30.0,1.1605852276138422,true,false,false
2023,1852.7442890405655,0.01735240664085325,1.0,true,true,1887.526502948164,-34.78221390759859,h030,30.0,1.1594071302532862,true,false,false
2024,1852.727700382471,0.01636344495584435,1.0,true,true,1887.5185471109082,-34.790846728437145,,,NaN,false,false,false
2025,1852.7090988904238,0.01739039262636868,1.0,true,true,1887.5106044718732,-34.80150558144942,,,NaN,false,false,false
2026,1852.7592220902443,0.017638271316844045,1.0,true,true,1887.5026748768544,-34.74345278661008,,,NaN,false,false,false
2027,1852.8170103505254,0.01723183917049877,1.0,true,true,1887.4947581716478,-34.677747821122466,,,NaN,false,false,false
2028,1852.8052850216627,0.017732744341616043,1.0,true,true,1887.4868542020502,-34.68156918038744,,,NaN,false,false,false
2029,1852.735308751464,0.019072796630647038,1.0,true,true,1887.478962813856,-34.743654062392125,,,NaN,false,false,false
2030,1852.7342880368233,0.020306518540855613,1.0,true,true,1887.4710838528624,-34.73679581603915,,,NaN,false,false,false
2031,1852.9330691508949,0.027454893636712052,1.0,true,true,1887.4632171648657,-34.5301480139708,,,NaN,false,false,false
2032,1853.406819269061,0.04965025354704368,1.0,true,true,1887.4553625956596,-34.04854332659852,,,NaN,false,false,false
2033,1885.8796479664743,0.007102455202154266,0.04,false,false,1887.4475199910416,NaN,,,NaN,false,false,false
2034,1886.9905470898375,0.008757527417504955,1.0,true,true,1887.4396891968086,-0.4491421069710668,,,NaN,false,false,false
2035,1887.237306803465,0.007779407394828252,1.0,true,true,1887.4318700587542,-0.19456325528926754,,,NaN,false,false,false
2036,1887.2997522950172,0.006952812889795497,1.0,true,true,1887.4240624226761,-0.12431012765887317,,,NaN,false,false,false
2037,1887.228006362915,0.0063234675030376586,1.0,true,true,1887.4162661343692,-0.18825977145411343,,,NaN,false,false,false
2038,1887.1883444935083,0.006522661419068345,1.0,true,true,1887.4084810396303,-0.22013654612192113,,,NaN,false,false,false
2039,1887.1730555593967,0.007019340404019088,1.0,true,true,1887.4007069842542,-0.22765142485741308,,,NaN,false,false,false
2040,1887.168145261705,0.007644426221435277,1.0,true,true,1887.3929438140376,-0.22479855233268609,,,NaN,false,false,false
2041,1887.1773991286755,0.00790977522286204,1.0,true,true,1887.385191374776,-0.2077922461005528,,,NaN,false,false,false
2042,1887.1915730461478,0.007581399834892443,1.0,true,true,1887.3774495122661,-0.18587646611831588,,,NaN,false,false,false
2043,1887.205019325018,0.007242378859008491,1.0,true,true,1887.3697180723034,-0.1646987472854562,,,NaN,false,false,false
2044,1887.2262776643038,0.007554116952250947,1.0,true,true,1887.3619969006827,-0.13571923637891814,,,NaN,false,false,false
2045,1887.2594842612743,0.008375327495261365,1.0,true,true,1887.3542858432018,-0.09480158192741328,,,NaN,false,false,false
2046,1887.2958016693592,0.008838737284612685,1.0,true,true,1887.346584745655,-0.05078307629582923,,,NaN,false,false,false
2047,1887.3256585896015,0.008480350309220367,1.0,true,true,1887.3388934538398,-0.013234864238256705,,,NaN,false,false,false
2048,1887.3266838043928,0.008517980500060801,1.0,true,true,1887.3312118135505,-0.004528009157638735,,,NaN,false,false,false
2049,1887.3117071539164,0.009845749812607392,1.0,true,true,1887.3235396705843,-0.011832516667936943,,,NaN,false,false,false
2050,1887.2934466302395,0.011275543848037362,1.0,true,true,1887.3158768707362,-0.022430240496760234,,,NaN,false,false,false
2051,1887.2638432979584,0.012193529297948704,1.0,true,true,1887.3082232598028,-0.04437996184447002,,,NaN,false,false,false
2052,1887.227024205029,0.012221266366161183,1.0,true,true,1887.3005786835795,-0.07355447855047714,,,NaN,false,false,false
2053,1887.201502688229,0.011482729946367667,1.0,true,true,1887.2929429878627,-0.0914402996336321,,,NaN,false,false,false
2054,1887.1876797378063,0.010728312159048141,1.0,true,true,1887.285316018448,-0.09763628064160912,,,NaN,false,false,false
2055,1887.156237065792,0.010365572723128687,1.0,true,true,1887.277697621131,-0.12146055533889921,,,NaN,false,false,false
2056,1887.0889336578548,0.010137508049068532,1.0,true,true,1887.2700876417086,-0.1811539838538465,,,NaN,false,false,false
2057,1887.0286941016093,0.00975672553293782,1.0,true,true,1887.2624859259754,-0.2337918243661079,,,NaN,false,false,false
2058,1887.0373005438596,0.009177547247605899,1.0,true,true,1887.2548923197282,-0.21759177586864098,,,NaN,false,false,false
2059,1887.1035784818232,0.008769936227079896,1.0,true,true,1887.2473066687635,-0.14372818694027956,,,NaN,false,false,false
2060,1887.1804590970278,0.00851697388322428,1.0,true,true,1887.2397288188758,-0.059269721848068,,,NaN,false,false,false
2061,1887.2362680733204,0.007976911124614551,1.0,true,true,1887.2321586158616,0.004109457458753241,,,NaN,false,false,false
2062,1887.2342199012637,0.007072138588793088,1.0,true,true,1887.2245959055172,0.009623995746551373,,,NaN,false,false,false
2063,1887.1508889719844,0.006759750560225317,1.0,true,true,1887.2170405336378,-0.0661515616534416,,,NaN,false,false,false
2064,1887.0260700285435,0.007510307292434184,1.0,true,true,1887.2094923460197,-0.18342231747624282,,,NaN,false,false,false
2065,1886.9216513037682,0.009180022777613293,1.0,true,true,1887.2019511884591,-0.2802998846909759,,,NaN,false,false,false
2066,1886.8632596880198,0.01081328998301653,1.0,true,true,1887.194416906752,-0.3311572187321872,,,NaN,false,false,false
2067,1886.8577784150839,0.011477544353209157,1.0,true,true,1887.1868893466938,-0.3291109316098755,,,NaN,false,false,false
2068,1886.894456345588,0.011084993387860174,1.0,true,true,1887.1793683540802,-0.28491200849225606,,,NaN,false,false,false
2069,1886.955089982599,0.009881862153610227,1.0,true,true,1887.1718537747079,-0.21676379210884988,,,NaN,false,false,false
2070,1887.0264259967953,0.009019487311205346,1.0,true,true,1887.1643454543719,-0.1379194575765723,,,NaN,false,false,false
2071,1887.091770645231,0.00887330981609179,1.0,true,true,1887.156843238869,-0.06507259363797857,,,NaN,false,false,false
2072,1887.0708365514874,0.008608155755185308,1.0,true,true,1887.1493469739946,-0.0785104225071791,,,NaN,false,false,false
2073,1887.047473821789,0.009643997754456282,1.0,true,true,1887.141856505545,-0.0943826837560664,,,NaN,false,false,false
2074,1887.0612132344395,0.010582815944873971,1.0,true,true,1887.1343716793158,-0.07315844487629874,,,NaN,false,false,false
2075,1887.102672316134,0.010393454369657365,1.0,true,true,1887.1268923411033,-0.02422002496928144,,,NaN,false,false,false
2076,1887.157915249467,0.008821228177715438,1.0,true,true,1887.1194183367027,0.03849691276423073,,,NaN,false,false,false
2077,1887.0979448892176,0.00817058543928078,1.0,true,true,1887.1119495119106,-0.014004622692937119,,,NaN,false,false,false
2078,NaN,NaN,0.0,false,false,1887.1044857125225,NaN,,,NaN,false,false,false
2079,NaN,NaN,0.0,false,false,1887.097026784334,NaN,,,NaN,false,false,false
2080,NaN,NaN,0.0,false,false,1887.0895725731416,NaN,,,NaN,false,false,false
2081,NaN,NaN,0.0,false,false,1887.0821229247415,NaN,,,NaN,false,false,false
2082,NaN,NaN,0.0,false,false,1887.0746776849292,NaN,,,NaN,false,false,false
2083,NaN,NaN,0.0,false,false,1887.0672366995004,NaN,,,NaN,false,false,false
2084,NaN,NaN,0.0,false,false,1887.0597998142516,NaN,,,NaN,false,false,false
2085,NaN,NaN,0.0,false,false,1887.0523668749784,NaN,,,NaN,false,false,false
2086,NaN,NaN,0.0,false,false,1887.0449377274763,NaN,,,NaN,false,false,false
2087,NaN,NaN,0.0,false,false,1887.0375122175415,NaN,,,NaN,false,false,false
2088,NaN,NaN,0.0,false,false,1887.0300901909702,NaN,,,NaN,false,false,false
2089,NaN,NaN,0.0,false,false,1887.0226714935584,NaN,,,NaN,false,false,false
2090,NaN,NaN,0.0,false,false,1887.0152559711014,NaN,,,NaN,false,false,false
2091,NaN,NaN,0.0,false,false,1887.007843469395,NaN,,,NaN,false,false,false
2092,NaN,NaN,0.0,false,false,1887.0004338342367,NaN,,,NaN,false,false,false
2093,NaN,NaN,0.0,false,false,1886.9930269114209,NaN,,,NaN,false,false,false
2094,NaN,NaN,0.0,false,false,1886.9856225467438,NaN,,,NaN,false,false,false
2095,NaN,NaN,0.0,false,false,1886.978220586001,NaN,,,NaN,false,false,false
2096,NaN,NaN,0.0,false,false,1886.9708208749894,NaN,,,NaN,false,false,false
2097,NaN,NaN,0.0,false,false,1886.9634232595042,NaN,,,NaN,false,false,false
2098,NaN,NaN,0.0,false,false,1886.9560275853412,NaN,,,NaN,false,false,false
2099,NaN,NaN,0.0,false,false,1886.9486336982968,NaN,,,NaN,false,false,false
2100,NaN,NaN,0.0,false,false,1886.9412414441672,NaN,,,NaN,false,false,false
2101,NaN,NaN,0.0,false,false,1886.9338506687473,NaN,,,NaN,false,false,false
2102,NaN,NaN,0.0,false,false,1886.926461217834,NaN,,,NaN,false,false,false
2103,NaN,NaN,0.0,false,false,1886.919072937222,NaN,,,NaN,false,false,false
2104,NaN,NaN,0.0,false,false,1886.9116856727082,NaN,,,NaN,false,false,false
2105,NaN,NaN,0.0,false,false,1886.9042992700888,NaN,,,NaN,false,false,false
2106,NaN,NaN,0.0,false,false,1886.8969135751588,NaN,,,NaN,false,false,false
2107,NaN,NaN,0.0,false,false,1886.889528433714,NaN,,,NaN,false,false,false
2108,NaN,NaN,0.0,false,false,1886.8821436915518,NaN,,,NaN,false,false,false
2109,NaN,NaN,0.0,false,false,1886.874759194467,NaN,,,NaN,false,false,false
2110,NaN,NaN,0.0,false,false,1886.8673747882553,NaN,,,NaN,false,false,false
2111,NaN,NaN,0.0,false,false,1886.8599903187128,NaN,,,NaN,false,false,false
2112,NaN,NaN,0.0,false,false,1886.8526056316364,NaN,,,NaN,false,false,false
2113,NaN,NaN,0.0,false,false,1886.8452205728204,NaN,,,NaN,false,false,false
2114,NaN,NaN,0.0,false,false,1886.837834988062,NaN,,,NaN,false,false,false
2115,NaN,NaN,0.0,false,false,1886.8304487231562,NaN,,,NaN,false,false,false
2116,NaN,NaN,0.0,false,false,1886.8230616238998,NaN,,,NaN,false,false,false
2117,NaN,NaN,0.0,false,false,1886.8156735360888,NaN,,,NaN,false,false,false
2118,NaN,NaN,0.0,false,false,1886.808284305518,NaN,,,NaN,false,false,false
2119,NaN,NaN,0.0,false,false,1886.800893777984,NaN,,,NaN,false,false,false
2120,NaN,NaN,0.0,false,false,1886.7935017992827,NaN,,,NaN,false,false,false
2121,NaN,NaN,0.0,false,false,1886.786108214273,NaN,,,NaN,false,false,false
2122,NaN,NaN,0.0,false,false,1886.778712811635,NaN,,,NaN,false,false,false
2123,NaN,NaN,0.0,false,false,1886.7713152929655,NaN,,,NaN,false,false,false
2124,NaN,NaN,0.0,false,false,1886.7639153523721,NaN,,,NaN,false,false,false
2125,NaN,NaN,0.0,false,false,1886.7565126839618,NaN,,,NaN,false,false,false
2126,NaN,NaN,0.0,false,false,1886.7491069818432,NaN,,,NaN,false,false,false
2127,NaN,NaN,0.0,false,false,1886.741697940122,NaN,,,NaN,false,false,false
2128,NaN,NaN,0.0,false,false,1886.7342852529064,NaN,,,NaN,false,false,false
2129,NaN,NaN,0.0,false,false,1886.726868614303,NaN,,,NaN,false,false,false
2130,NaN,NaN,0.0,false,false,1886.71944771842,NaN,,,NaN,false,false,false
2131,NaN,NaN,0.0,false,false,1886.7120222593649,NaN,,,NaN,false,false,false
2132,NaN,NaN,0.0,false,false,1886.7045919312434,NaN,,,NaN,false,false,false
2133,NaN,NaN,0.0,false,false,1886.6971564281641,NaN,,,NaN,false,false,false
2134,NaN,NaN,0.0,false,false,1886.6897154442338,NaN,,,NaN,false,false,false
2135,NaN,NaN,0.0,false,false,1886.68226867356,NaN,,,NaN,false,false,false
2136,NaN,NaN,0.0,false,false,1886.6748158102494,NaN,,,NaN,false,false,false
2137,NaN,NaN,0.0,false,false,1886.6673565484107,NaN,,,NaN,false,false,false
2138,NaN,NaN,0.0,false,false,1886.6598905821504,NaN,,,NaN,false,false,false
2139,NaN,NaN,0.0,false,false,1886.6524176055755,NaN,,,NaN,false,false,false
2140,NaN,NaN,0.0,false,false,1886.6449373127932,NaN,,,NaN,false,false,false
2141,NaN,NaN,0.0,false,false,1886.6374493979113,NaN,,,NaN,false,false,false
2142,NaN,NaN,0.0,false,false,1886.6299535550368,NaN,,,NaN,false,false,false
2143,NaN,NaN,0.0,false,false,1886.6224494782773,NaN,,,NaN,false,false,false
2144,NaN,NaN,0.0,false,false,1886.6149368617394,NaN,,,NaN,false,false,false
2145,NaN,NaN,0.0,false,false,1886.6074153995314,NaN,,,NaN,false,false,false
2146,NaN,NaN,0.0,false,false,1886.59988478576,NaN,,,NaN,false,false,false
2147,NaN,NaN,0.0,false,false,1886.5923447145328,NaN,,,NaN,false,false,false
2148,NaN,NaN,0.0,false,false,1886.584794879957,NaN,,,NaN,false,false,false
2149,NaN,NaN,0.0,false,false,1886.5772349761392,NaN,,,NaN,false,false,false
2150,NaN,NaN,0.0,false,false,1886.5696646971876,NaN,,,NaN,false,false,false
2151,NaN,NaN,0.0,false,false,1886.5620837372087,NaN,,,NaN,false,false,false
2152,NaN,NaN,0.0,false,false,1886.5544917903105,NaN,,,NaN,false,false,false
2153,NaN,NaN,0.0,false,false,1886.5468885506002,NaN,,,NaN,false,false,false
2154,NaN,NaN,0.0,false,false,1886.539273712185,NaN,,,NaN,false,false,false
2155,NaN,NaN,0.0,false,false,1886.531646969172,NaN,,,NaN,false,false,false
2156,NaN,NaN,0.0,false,false,1886.5240080156689,NaN,,,NaN,false,false,false
2157,NaN,NaN,0.0,false,false,1886.5163565457822,NaN,,,NaN,false,false,false
2158,NaN,NaN,0.0,false,false,1886.5086922536202,NaN,,,NaN,false,false,false
2159,NaN,NaN,0.0,false,false,1886.50101483329,NaN,,,NaN,false,false,false
2160,NaN,NaN,0.0,false,false,1886.4933239788975,NaN,,,NaN,false,false,false
2161,NaN,NaN,0.0,false,false,1886.4856193845521,NaN,,,NaN,false,false,false
2162,NaN,NaN,0.0,false,false,1886.4779007443603,NaN,,,NaN,false,false,false
2163,NaN,NaN,0.0,false,false,1886.4701677524288,NaN,,,NaN,false,false,false
2164,NaN,NaN,0.0,false,false,1886.462420102865,NaN,,,NaN,false,false,false
2165,NaN,NaN,0.0,false,false,1886.454657489777,NaN,,,NaN,false,false,false
2166,NaN,NaN,0.0,false,false,1886.4468796072717,NaN,,,NaN,false,false,false
2167,NaN,NaN,0.0,false,false,1886.439086149456,NaN,,,NaN,false,false,false
2168,NaN,NaN,0.0,false,false,1886.4312768104373,NaN,,,NaN,false,false,false
2169,NaN,NaN,0.0,false,false,1886.4234512843236,NaN,,,NaN,false,false,false
2170,NaN,NaN,0.0,false,false,1886.415609265221,NaN,,,NaN,false,false,false
2171,NaN,NaN,0.0,false,false,1886.407750447238,NaN,,,NaN,false,false,false
2172,NaN,NaN,0.0,false,false,1886.3998745244817,NaN,,,NaN,false,false,false
2173,NaN,NaN,0.0,false,false,1886.3919811910584,NaN,,,NaN,false,false,false
2174,NaN,NaN,0.0,false,false,1886.3840701410766,NaN,,,NaN,false,false,false
2175,NaN,NaN,0.0,false,false,1886.3761410686427,NaN,,,NaN,false,false,false
2176,NaN,NaN,0.0,false,false,1886.3681936678647,NaN,,,NaN,false,false,false
2177,NaN,NaN,0.0,false,false,1886.360227632849,NaN,,,NaN,false,false,false
2178,NaN,NaN,0.0,false,false,1886.3522426577038,NaN,,,NaN,false,false,false
2179,NaN,NaN,0.0,false,false,1886.344238436536,NaN,,,NaN,false,false,false
2180,NaN,NaN,0.0,false,false,1886.336214663453,NaN,,,NaN,false,false,false
2181,NaN,NaN,0.0,false,false,1886.3281710325616,NaN,,,NaN,false,false,false
2182,NaN,NaN,0.0,false,false,1886.3201072379702,NaN,,,NaN,false,false,false
2183,NaN,NaN,0.0,false,false,1886.312022973785,NaN,,,NaN,false,false,false
2184,NaN,NaN,0.0,false,false,1886.303917934114,NaN,,,NaN,false,false,false
2185,NaN,NaN,0.0,false,false,1886.2957918130637,NaN,,,NaN,false,false,false
2186,NaN,NaN,0.0,false,false,1886.2876443047426,NaN,,,NaN,false,false,false
2187,1885.0694672763348,0.006850519574386748,1.0,true,true,1886.2794751032568,-1.2100078269220376,,,NaN,false,false,false
2188,1885.8303770273924,0.00791511597829951,1.0,true,true,1886.2712839027145,-0.44090687532207085,,,NaN,false,false,false
2189,1885.7995039597154,0.008050347022946965,1.0,true,true,1886.2630703972222,-0.46356643750687,,,NaN,false,false,false
2190,1885.8353663012385,0.007339326770874085,1.0,true,true,1886.2548342808877,-0.41946797964919824,,,NaN,false,false,false
2191,1885.8945696949959,0.006982356623759245,1.0,true,true,1886.2465752478183,-0.3520055528224475,,,NaN,false,false,false
2192,1885.9443765170872,0.007008034148612327,1.0,true,true,1886.238292992121,-0.2939164750337113,,,NaN,false,false,false
2193,1885.9664499759674,0.00717817520342491,1.0,true,true,1886.2299872079038,-0.2635372319364251,,,NaN,false,false,false
2194,1885.9823931381106,0.007629821576173311,1.0,true,true,1886.221657589273,-0.23926445116239847,,,NaN,false,false,false
2195,1886.0152203286998,0.00809343701823761,1.0,true,true,1886.2133038303364,-0.1980835016365745,,,NaN,false,false,false
2196,1886.0345968045294,0.008557317962282797,1.0,true,true,1886.2049256252017,-0.1703288206722391,,,NaN,false,false,false
2197,1886.0087320064195,0.009129414635701072,1.0,true,true,1886.1965226679754,-0.18779066155593682,,,NaN,false,false,false
2198,1885.9790350561962,0.009795112380829614,1.0,true,true,1886.188094652765,-0.20905959656874984,,,NaN,false,false,false
2199,1885.9729373948649,0.010751441786806938,1.0,true,true,1886.1796412736783,-0.20670387881341412,,,NaN,false,false,false
2200,1885.9803723730147,0.010930944773759783,1.0,true,true,1886.171162224822,-0.19078985180726704,,,NaN,false,false,false
2201,1885.9968338657636,0.00991919372673364,1.0,true,true,1886.1626572003038,-0.16582333454016407,,,NaN,false,false,false
2202,1886.026344589889,0.008807738200459271,1.0,true,true,1886.154125894231,-0.12778130434185186,,,NaN,false,false,false
2203,1886.0398344192654,0.008049091498568249,1.0,true,true,1886.1455680007107,-0.10573358144529266,,,NaN,false,false,false
2204,1886.0234049772844,0.008357785800169557,1.0,true,true,1886.1369832138498,-0.11357823656544497,,,NaN,false,false,false
2205,1885.9981902277214,0.009319797131849954,1.0,true,true,1886.1283712277566,-0.13018100003523614,,,NaN,false,false,false
2206,1885.9635241441429,0.010015388960473676,1.0,true,true,1886.1197317365372,-0.15620759239436666,,,NaN,false,false,false
2207,1885.9091030806303,0.01001075359625131,1.0,true,true,1886.1110644342998,-0.2019613536695033,,,NaN,false,false,false
2208,1885.8551611825824,0.009416557112229954,1.0,true,true,1886.1023690151517,-0.2472078325693019,,,NaN,false,false,false
2209,1885.8498801589012,0.008717697288586807,1.0,true,true,1886.0936451732,-0.24376501429878772,,,NaN,false,false,false
2210,1885.8815469890833,0.008267665448111786,1.0,true,true,1886.0848926025515,-0.20334561346817281,,,NaN,false,false,false
2211,1885.9002385251224,0.00838609844107549,1.0,true,true,1886.0761109973137,-0.17587247219125857,,,NaN,false,false,false
2212,1885.8672485426068,0.009199253249083954,1.0,true,true,1886.0673000515949,-0.20005150898805368,,,NaN,false,false,false
2213,1885.8256862312555,0.010191683326274528,1.0,true,true,1886.058459459501,-0.23277322824537805,,,NaN,false,false,false
2214,1885.839224100113,0.010229429332143065,1.0,true,true,1886.0495889151398,-0.2103648150268782,,,NaN,false,false,false
2215,1885.9043831564486,0.009372961777629812,1.0,true,true,1886.0406881126191,-0.13630495617053384,,,NaN,false,false,false
2216,1885.9759452389553,0.008455107679328869,1.0,true,true,1886.0317567460454,-0.05581150709008398,,,NaN,false,false,false
2217,1886.028331777081,0.007817585927887243,1.0,true,true,1886.0227945095266,0.005537267554245773,,,NaN,false,false,false
2218,1886.0351237561554,0.0077486725646741346,1.0,true,true,1886.01380109717,0.021322658985354792,,,NaN,false,false,false
2219,1885.997154107201,0.007995842680853318,1.0,true,true,1886.0047762030822,-0.00762209588128826,,,NaN,false,false,false
2220,1885.9346141815186,0.008595130509791044,1.0,true,true,1885.995719521371,-0.06110533985247457,,,NaN,false,false,false
2221,1885.8844413533807,0.009614897687648746,1.0,true,true,1885.9866307461439,-0.10218939276319361,,,NaN,false,false,false
2222,1885.8903583213687,0.010044316679357719,1.0,true,true,1885.977509571508,-0.0871512501394136,,,NaN,false,false,false
2223,1885.9579659700394,0.009514184425733017,1.0,true,true,1885.9683556915704,-0.01038972153105533,,,NaN,false,false,false
2224,1886.034727141261,0.008695406482313943,1.0,true,true,1885.9591688004384,0.0755583408226812,,,NaN,false,false,false
2225,1886.05374083668,0.008258675396648936,1.0,true,true,1885.9499485922195,0.10379224446046464,,,NaN,false,false,false
2226,1886.0093943118118,0.00826862737111825,1.0,true,true,1885.9406947610212,0.06869955079059764,,,NaN,false,false,false
2227,1885.9265831410885,0.008638407238100746,1.0,true,true,1885.9314070009505,-0.004823859861971869,,,NaN,false,false,false
2228,1885.851860165596,0.009159013555590933,1.0,true,true,1885.9220850061145,-0.07022484051844913,,,NaN,false,false,false
2229,1885.842469766736,0.009478503486735963,1.0,true,true,1885.9127284706206,-0.07025870388451949,,,NaN,false,false,false
2230,1885.872131638229,0.009688586685994028,1.0,true,true,1885.9033370885768,-0.031205450347897568,,,NaN,false,false,false
2231,1885.9136180765927,0.009420633925894335,1.0,true,true,1885.8939105540899,0.019707522502812935,,,NaN,false,false,false
2232,1885.9543141461909,0.009062236182597737,1.0,true,true,1885.8844485612665,0.06986558492440054,,,NaN,false,false,false
2233,1885.9958051880822,0.009319735794688398,1.0,true,true,1885.8749508042147,0.12085438386748137,,,NaN,false,false,false
2234,1886.0069541186094,0.009836660301587216,1.0,true,true,1885.8654169770414,0.14153714156805108,,,NaN,false,false,false
2235,1885.9470087587833,0.00982721415663895,1.0,true,true,1885.8558467738544,0.0911619849289309,,,NaN,false,false,false
2236,1885.7977365776896,0.00924012065852146,1.0,true,true,1885.846239888761,-0.04850331107127204,,,NaN,false,false,false
2237,1885.670616388321,0.008892901181187247,1.0,true,true,1885.8365960158674,-0.16597962754644868,,,NaN,false,false,false
2238,1885.6165410876274,0.009908994921155745,1.0,true,true,1885.826914849282,-0.21037376165463684,,,NaN,false,false,false
2239,1885.6190360188484,0.010966428285321484,1.0,true,true,1885.8171960831123,-0.1981600642639023,,,NaN,false,false,false
2240,1885.6797329485416,0.011185101331650868,1.0,true,true,1885.8074394114647,-0.12770646292301535,,,NaN,false,false,false
2241,1885.7613322138786,0.011154698938135461,1.0,true,true,1885.7976445284467,-0.036312314568021975,,,NaN,false,false,false
2242,1885.8163088932633,0.011659870464259703,1.0,true,true,1885.787811128166,0.028497765097426964,,,NaN,false,false,false
2243,1885.8132420107722,0.012324996432440297,1.0,true,true,1885.7779389047291,0.03530310604310216,,,NaN,false,false,false
2244,1885.7714033052325,0.012442361854831734,1.0,true,true,1885.7680275522448,0.0033757529877220804,,,NaN,false,false,false
2245,1885.7226762026548,0.011926065079701564,1.0,true,true,1885.7580767648192,-0.035400562164340954,,,NaN,false,false,false
2246,1885.6779684722424,0.011320554927363152,1.0,true,true,1885.7480862365592,-0.07011776431681938,,,NaN,false,false,false
2247,1885.6357295066118,0.011254517716534414,1.0,true,true,1885.738055661573,-0.10232615496124708,,,NaN,false,false,false
2248,1885.57989564538,0.012072353375981915,1.0,true,true,1885.7279847339682,-0.14808908858822178,,,NaN,false,false,false
2249,1885.570451259613,0.023264135911267636,1.0,true,true,1885.7178731478512,-0.14742188823811375,,,NaN,false,false,false
2250,1885.5278342068195,0.011691192469956688,1.0,true,true,1885.7077205973294,-0.1798863905098642,,,NaN,false,false,false
2251,1885.5171593427658,0.011766973065749533,1.0,true,true,1885.6975267765106,-0.18036743374477737,,,NaN,false,false,false
2252,1885.5169176459312,0.011571452893474988,1.0,true,false,NaN,NaN,,,NaN,false,false,false
2253,1885.505811214447,0.010722359818530055,1.0,true,false,NaN,NaN,,,NaN,false,false,false
2254,1885.4860171824694,0.00988413592559581,1.0,true,false,NaN,NaN,,,NaN,false,false,false
2255,1885.4838646501303,0.010031797563357966,1.0,true,false,NaN,NaN,,,NaN,false,false,false
2256,1885.5073525607586,0.010412026227893124,1.0,true,false,NaN,NaN,,,NaN,false,false,false
2257,1885.5433002710342,0.01021824377064712,1.0,true,false,NaN,NaN,,,NaN,false,false,false
2258,1885.5327225029469,0.009827080197019479,1.0,true,false,NaN,NaN,,,NaN,false,false,false
2259,1885.6198104172945,0.00920316708579239,1.0,true,false,NaN,NaN,,,NaN,false,false,false
2260,1885.6976015865803,0.008861757200525986,1.0,true,false,NaN,NaN,,,NaN,false,false,false
2261,1885.7458982616663,0.00844624868149877,1.0,true,false,NaN,NaN,,,NaN,false,false,false
2262,1885.751009978354,0.008341732270485768,1.0,true,false,NaN,NaN,,,NaN,false,false,false
2263,1885.7031770050526,0.008921524884071604,1.0,true,false,NaN,NaN,,,NaN,false,false,false
2264,1885.6214228123426,0.009608136279275266,1.0,true,false,NaN,NaN,,,NaN,false,false,false
2265,1885.537617996335,0.009790757100571283,1.0,true,false,NaN,NaN,,,NaN,false,false,false
2266,1885.5209011137486,0.00927293149852901,1.0,true,false,NaN,NaN,,,NaN,false,false,false
2267,1885.4526015520096,0.008293009666739985,1.0,true,false,NaN,NaN,,,NaN,false,false,false
2268,1885.4129150360823,0.0076773010335980515,1.0,true,false,NaN,NaN,,,NaN,false,false,false
2269,1885.374159693718,0.007182093508572687,1.0,true,false,NaN,NaN,,,NaN,false,false,false
2270,1885.340480223298,0.0067647375664879605,1.0,true,false,NaN,NaN,,,NaN,false,false,false
2271,1885.3403730988503,0.006842212576940771,1.0,true,false,NaN,NaN,,,NaN,false,false,false
2272,1885.3887151926756,0.007632195484544493,1.0,true,false,NaN,NaN,,,NaN,false,false,false
2273,1885.4459095299244,0.008817368191571718,1.0,true,false,NaN,NaN,,,NaN,false,false,false
2274,1885.4681466668844,0.009641446194474525,1.0,true,false,NaN,NaN,,,NaN,false,false,false
2275,1885.463713541627,0.009591769186798256,1.0,true,false,NaN,NaN,,,NaN,false,false,false
2276,1885.4794528633356,0.009192680008037184,1.0,true,false,NaN,NaN,,,NaN,false,false,false
2277,1885.5205514132977,0.014618049323411118,1.0,true,false,NaN,NaN,,,NaN,false,false,false
2278,1885.5209265649319,0.013094916414442095,1.0,true,false,NaN,NaN,,,NaN,false,false,false
2279,1885.5246291458607,0.011982546529142463,1.0,true,false,NaN,NaN,,,NaN,false,false,false
2280,1885.5209551304579,0.00853616571747537,1.0,true,false,NaN,NaN,,,NaN,false,false,false
2281,1885.535251095891,0.009020951833677038,1.0,true,false,NaN,NaN,,,NaN,false,false,false
2282,1885.5233173668385,0.009672331555338323,1.0,true,false,NaN,NaN,,,NaN,false,false,false
2283,1885.4856915473938,0.013280788469583332,1.0,true,false,NaN,NaN,,,NaN,false,false,false
2284,1885.5167297422886,0.00948883828833683,1.0,true,false,NaN,NaN,,,NaN,false,false,false
2285,1885.475180760026,0.008872491917962846,1.0,true,false,NaN,NaN,,,NaN,false,false,false
2286,1885.4302937239408,0.008400405778520043,1.0,true,false,NaN,NaN,,,NaN,false,false,false
2287,1885.3998198062181,0.007811320948234384,1.0,true,false,NaN,NaN,,,NaN,false,false,false
2288,1885.349921733141,0.006723828287510383,1.0,true,false,NaN,NaN,,,NaN,false,false,false
2289,1885.2958355993032,0.006428186922915491,1.0,true,false,NaN,NaN,,,NaN,false,false,false
2290,1885.2993887662888,0.007059015241829576,1.0,true,false,NaN,NaN,,,NaN,false,false,false
2291,1885.3379275500774,0.007656410348642525,1.0,true,false,NaN,NaN,,,NaN,false,false,false
2292,1885.3671956658363,0.007834233622956254,1.0,true,false,NaN,NaN,,,NaN,false,false,false
2293,1885.3453912883997,0.007506918325979284,1.0,true,false,NaN,NaN,,,NaN,false,false,false
2294,1885.2473620399833,0.007427442284987358,1.0,true,false,NaN,NaN,,,NaN,false,false,false
2295,1885.1124065853655,0.0077366498039870375,1.0,true,false,NaN,NaN,,,NaN,false,false,false
2296,1885.0215401062742,0.008492207892382113,1.0,true,false,NaN,NaN,,,NaN,false,false,false
2297,1885.0261743869632,0.008697831627670705,1.0,true,false,NaN,NaN,,,NaN,false,false,false
2298,1885.0946620889008,0.008982551629081582,1.0,true,false,NaN,NaN,,,NaN,false,false,false
2299,1885.1291761174798,0.00965403517182873,1.0,true,false,NaN,NaN,,,NaN,false,false,false
2300,1885.1031659282744,0.010450716169431459,1.0,true,false,NaN,NaN,,,NaN,false,false,false
2301,1885.04236366041,0.01179929314354275,1.0,true,false,NaN,NaN,,,NaN,false,false,false
2302,1885.0217094179243,0.012551663802668976,1.0,true,false,NaN,NaN,,,NaN,false,false,false
2303,1885.0772117562592,0.011943943025835884,1.0,true,false,NaN,NaN,,,NaN,false,false,false
2304,1885.154962040484,0.011401013464867372,1.0,true,false,NaN,NaN,,,NaN,false,false,false
2305,1885.214667737484,0.011050726731503174,1.0,true,false,NaN,NaN,,,NaN,false,false,false
2306,1885.2325234487653,0.011022537712011228,1.0,true,false,NaN,NaN,,,NaN,false,false,false
2307,1885.2151696160436,0.010705854839481662,1.0,true,false,NaN,NaN,,,NaN,false,false,false
2308,1885.1607838720083,0.009542840959814823,1.0,true,false,NaN,NaN,,,NaN,false,false,false
2309,1885.079686101526,0.00833243250990949,1.0,true,false,NaN,NaN,,,NaN,false,false,false
2310,1885.0064700972289,0.007414737270876474,1.0,true,false,NaN,NaN,,,NaN,false,false,false
2311,1885.0046349563636,0.006732060899810778,1.0,true,false,NaN,NaN,,,NaN,false,false,false
2312,1885.0504010152072,0.0063942607751429886,1.0,true,false,NaN,NaN,,,NaN,false,false,false
2313,1885.0621726904064,0.007361354106578868,1.0,true,false,NaN,NaN,,,NaN,false,false,false
2314,1885.0616543479264,0.009033756112491981,1.0,true,false,NaN,NaN,,,NaN,false,false,false
2315,1885.0708696134388,0.010035368447512336,1.0,true,false,NaN,NaN,,,NaN,false,false,false
2316,1885.1039017140865,0.01046092716770513,1.0,true,false,NaN,NaN,,,NaN,false,false,false
2317,1885.159547276795,0.010700581131591072,1.0,true,false,NaN,NaN,,,NaN,false,false,false
2318,1885.1928200498223,0.010133790365524108,1.0,true,false,NaN,NaN,,,NaN,false,false,false
2319,1885.18018104136,0.009350250891101617,1.0,true,false,NaN,NaN,,,NaN,false,false,false
2320,1885.1136271245778,0.009155460799980914,1.0,true,false,NaN,NaN,,,NaN,false,false,false
2321,1885.0193936172873,0.009496228984191933,1.0,true,false,NaN,NaN,,,NaN,false,false,false
2322,1884.9734984599054,0.009591913043792423,1.0,true,false,NaN,NaN,,,NaN,false,false,false
2323,1884.9846918676049,0.009472917702863326,1.0,true,false,NaN,NaN,,,NaN,false,false,false
2324,1884.9980383338407,0.009823482675513558,1.0,true,false,NaN,NaN,,,NaN,false,false,false
2325,1885.0078122375999,0.009618677996157253,1.0,true,false,NaN,NaN,,,NaN,false,false,false
2326,1885.015911102295,0.009176090430921076,1.0,true,false,NaN,NaN,,,NaN,false,false,false
2327,1885.0041769878007,0.008444611423995267,1.0,true,false,NaN,NaN,,,NaN,false,false,false
2328,1884.943735934794,0.007585635804359711,1.0,true,false,NaN,NaN,,,NaN,false,false,false
2329,1884.872703164816,0.007218598650077218,1.0,true,false,NaN,NaN,,,NaN,false,false,false
2330,1884.8171694725752,0.006978619422963224,1.0,true,false,NaN,NaN,,,NaN,false,false,false
2331,1884.7742492556572,0.007036859793904856,1.0,true,false,NaN,NaN,,,NaN,false,false,false
2332,1884.769345253706,0.007443362241632555,1.0,true,false,NaN,NaN,,,NaN,false,false,false
2333,1884.8213934227824,0.008473612992768465,1.0,true,false,NaN,NaN,,,NaN,false,false,false
2334,1884.8535300418735,0.009758456536797484,1.0,true,false,NaN,NaN,,,NaN,false,false,false
2335,1884.8320638090372,0.010591249824932621,1.0,true,false,NaN,NaN,,,NaN,false,false,false
2336,1884.7878356724977,0.011206509301108837,1.0,true,false,NaN,NaN,,,NaN,false,false,false
2337,1884.755923435092,0.01213631454274162,1.0,true,false,NaN,NaN,,,NaN,false,false,false
2338,1884.7667316794395,0.013117314151834154,1.0,true,false,NaN,NaN,,,NaN,false,false,false
2339,1884.821218803525,0.012931559239171962,1.0,true,false,NaN,NaN,,,NaN,false,false,false
2340,1884.905847363174,0.01154357391960162,1.0,true,false,NaN,NaN,,,NaN,false,false,false
2341,1884.9683151328936,0.01014477223114278,1.0,true,false,NaN,NaN,,,NaN,false,false,false
2342,1884.9579515755177,0.008950086155279037,1.0,true,false,NaN,NaN,,,NaN,false,false,false
2343,1884.8895619139075,0.00820588517192823,1.0,true,false,NaN,NaN,,,NaN,false,false,false
2344,1884.802093051374,0.008319011252332774,1.0,true,false,NaN,NaN,,,NaN,false,false,false
2345,1884.7453481554985,0.009180720311345744,1.0,true,false,NaN,NaN,,,NaN,false,false,false
2346,1884.7400470376015,0.010794683203647468,1.0,true,false,NaN,NaN,,,NaN,false,false,false
2347,1884.7704848721623,0.0121557489297542,1.0,true,false,NaN,NaN,,,NaN,false,false,false
2348,1884.8168391361833,0.012406965745390464,1.0,true,false,NaN,NaN,,,NaN,false,false,false
2349,1884.8635624274611,0.011217055472475453,1.0,true,false,NaN,NaN,,,NaN,false,false,false
2350,1884.8948230408132,0.009486647814926951,1.0,true,false,NaN,NaN,,,NaN,false,false,false
2351,1884.8711244538426,0.00887195687794298,1.0,true,false,NaN,NaN,,,NaN,false,false,false
2352,1884.7643638402224,0.00964311446038182,1.0,true,false,NaN,NaN,,,NaN,false,false,false
2353,1884.7067139744759,0.00967929129519738,1.0,true,false,NaN,NaN,,,NaN,false,false,false
2354,1884.7150694429874,0.00960368037939343,1.0,true,false,NaN,NaN,,,NaN,false,false,false
2355,1884.7649764120579,0.009261875981838284,1.0,true,false,NaN,NaN,,,NaN,false,false,false
2356,1884.8296296149492,0.008728251919451122,1.0,true,false,NaN,NaN,,,NaN,false,false,false
2357,1884.8422022983432,0.00867774030903195,1.0,true,false,NaN,NaN,,,NaN,false,false,false
2358,1884.7715373560786,0.00945522024607253,1.0,true,false,NaN,NaN,,,NaN,false,false,false
2359,1884.68426451087,0.011109088305112017,1.0,true,false,NaN,NaN,,,NaN,false,false,false
2360,1884.6853044182062,0.012229464428454325,1.0,true,false,NaN,NaN,,,NaN,false,false,false
2361,1884.7847774550319,0.011539192828646813,1.0,true,false,NaN,NaN,,,NaN,false,false,false
2362,1884.8903428725898,0.010609248464196586,1.0,true,false,NaN,NaN,,,NaN,false,false,false
2363,1884.9445122797042,0.010118668359108386,1.0,true,false,NaN,NaN,,,NaN,false,false,false
2364,1884.9181889034808,0.010049234892462174,1.0,true,false,NaN,NaN,,,NaN,false,false,false
2365,1884.8726810365915,0.010173316163587858,1.0,true,false,NaN,NaN,,,NaN,false,false,false
2366,1884.8826244063675,0.009951563300603098,1.0,true,false,NaN,NaN,,,NaN,false,false,false
2367,1884.9454301502556,0.00926397954173604,1.0,true,false,NaN,NaN,,,NaN,false,false,false
2368,1884.9764602882788,0.008810667075236,1.0,true,false,NaN,NaN,,,NaN,false,false,false
2369,1884.9229439422488,0.008978909475465494,1.0,true,false,NaN,NaN,,,NaN,false,false,false
2370,1884.8309883102775,0.009429105144441478,1.0,true,false,NaN,NaN,,,NaN,false,false,false
2371,1884.7399031072855,0.009518666694855992,1.0,true,false,NaN,NaN,,,NaN,false,false,false
2372,1884.6784219741821,0.009349977174858195,1.0,true,false,NaN,NaN,,,NaN,false,false,false
2373,1884.6888739019632,0.00906903463940001,1.0,true,false,NaN,NaN,,,NaN,false,false,false
2374,1884.7507061064243,0.008925927008771024,1.0,true,false,NaN,NaN,,,NaN,false,false,false
2375,1884.8070197626948,0.009057836362752503,1.0,true,false,NaN,NaN,,,NaN,false,false,false
2376,1884.8322390466928,0.009536819511384692,1.0,true,false,NaN,NaN,,,NaN,false,false,false
2377,1884.8365613892674,0.009884774380819668,1.0,true,false,NaN,NaN,,,NaN,false,false,false
2378,1884.8266445547342,0.009733523467673475,1.0,true,false,NaN,NaN,,,NaN,false,false,false
2379,1884.7940794304013,0.009407867261984487,1.0,true,false,NaN,NaN,,,NaN,false,false,false
2380,1884.7211085259914,0.009520499528151694,1.0,true,false,NaN,NaN,,,NaN,false,false,false
2381,1884.5793726593256,0.0106636850102827,1.0,true,false,NaN,NaN,,,NaN,false,false,false
2382,1884.2414195761085,0.008933241854141566,1.0,true,false,NaN,NaN,,,NaN,false,false,false
2383,1884.046944765374,0.009363715388063293,1.0,true,false,NaN,NaN,,,NaN,false,false,false
2384,1883.9129019230604,0.010007910274072862,1.0,true,false,NaN,NaN,,,NaN,false,false,false
2385,1883.816450804472,0.008869532986407126,1.0,true,false,NaN,NaN,,,NaN,false,false,false
2386,1883.8031027540565,0.00731242020369158,1.0,true,false,NaN,NaN,,,NaN,false,false,false
2387,1883.859213039279,0.007457700923986829,1.0,true,false,NaN,NaN,,,NaN,false,false,false
2388,1883.9666034188122,0.008286857458403393,1.0,true,false,NaN,NaN,,,NaN,false,false,false
2389,1884.1259606406093,0.007825652121661994,1.0,true,false,NaN,NaN,,,NaN,false,false,false
2390,1884.24802095443,0.00850559495616298,1.0,true,false,NaN,NaN,,,NaN,false,false,false
2391,1884.1408184170723,0.00793192630590949,1.0,true,false,NaN,NaN,,,NaN,false,false,false
2392,NaN,NaN,0.0,false,false,NaN,NaN,,,NaN,false,false,false
2393,1883.9868524996564,0.009968648359509313,1.0,true,false,NaN,NaN,,,NaN,false,false,false
2394,1883.9749917965382,0.009567164397734716,1.0,true,false,NaN,NaN,,,NaN,false,false,false
2395,1883.9449685327709,0.008696188989188267,1.0,true,false,NaN,NaN,,,NaN,false,false,false
2396,1883.8432015925646,0.007785190426765487,1.0,true,false,NaN,NaN,,,NaN,false,false,false
2397,1883.6551814377308,0.008404194875179443,1.0,true,false,NaN,NaN,,,NaN,false,false,false
2398,1883.5341105014086,0.012281692551992636,1.0,true,false,NaN,NaN,,,NaN,false,false,false
2399,1883.6377385258675,0.009587798139199806,1.0,true,false,NaN,NaN,,,NaN,false,false,false
2400,1883.735036343336,0.008212723465429738,0.34,false,false,NaN,NaN,,,NaN,false,false,false
2401,1883.83553365618,0.008447732659865361,1.0,true,false,NaN,NaN,,,NaN,false,false,false
2402,1883.915102187544,0.007870420937812954,1.0,true,false,NaN,NaN,,,NaN,false,false,false
2403,1883.9915216187946,0.00851105754243377,1.0,true,false,NaN,NaN,,,NaN,false,false,false
2404,1884.0361001864076,0.009715845029726887,1.0,true,false,NaN,NaN,,,NaN,false,false,false
2405,1883.9627313185483,0.009588070679299884,1.0,true,false,NaN,NaN,,,NaN,false,false,false
2406,1883.8052314892411,0.00951027554089947,1.0,true,false,NaN,NaN,,,NaN,false,false,false
2407,1883.6518914997578,0.010443240796962567,1.0,true,false,NaN,NaN,,,NaN,false,false,false
2408,1883.6016490757465,0.011284219318812249,1.0,true,false,NaN,NaN,,,NaN,false,false,false
2409,1883.6660300791264,0.01116415212356192,0.94,true,false,NaN,NaN,,,NaN,false,false,false
2410,1883.7488090097904,0.010542046842769553,1.0,true,false,NaN,NaN,,,NaN,false,false,false
2411,1883.7811544016004,0.009766606094038103,1.0,true,false,NaN,NaN,,,NaN,false,false,false
2412,1883.7534314915538,0.009245978814912074,1.0,true,false,NaN,NaN,,,NaN,false,false,false
2413,1883.7209499180317,0.010007386804350538,1.0,true,false,NaN,NaN,,,NaN,false,false,false
2414,1883.7734050527215,0.010708812282865339,1.0,true,false,NaN,NaN,,,NaN,false,false,false
2415,1883.8702526465058,0.011690778369281405,1.0,true,false,NaN,NaN,,,NaN,false,false,false
2416,1883.920711286366,0.01379855819697865,1.0,true,false,NaN,NaN,,,NaN,false,false,false
2417,1883.879794113338,0.0160999041958151,1.0,true,false,NaN,NaN,,,NaN,false,false,false
2418,NaN,NaN,0.0,false,false,NaN,NaN,,,NaN,false,false,false
2419,1883.6512697935104,0.00884563932538494,0.08,false,false,NaN,NaN,,,NaN,false,false,false
2420,1883.512123823166,0.014450466243165882,1.0,true,false,NaN,NaN,,,NaN,false,false,false
2421,1883.4432407021523,0.012055806950403451,1.0,true,false,NaN,NaN,,,NaN,false,false,false
2422,1883.4773705005646,0.012218215854209135,1.0,true,false,NaN,NaN,,,NaN,false,false,false
2423,1883.5926082730293,0.01363776438303713,1.0,true,false,NaN,NaN,,,NaN,false,false,false
2424,1883.7265612781048,0.01687604052320472,1.0,true,false,NaN,NaN,,,NaN,false,false,false
2425,NaN,NaN,0.0,false,false,NaN,NaN,,,NaN,false,false,false
2426,1883.7226365059614,0.012679830171784054,1.0,true,false,NaN,NaN,,,NaN,false,false,false
2427,1883.6644755005836,0.010737045650958708,1.0,true,false,NaN,NaN,,,NaN,false,false,false
2428,1883.631303653121,0.009709788479268533,1.0,true,false,NaN,NaN,,,NaN,false,false,false
2429,1883.6847068071365,0.00704392744671167,1.0,true,false,NaN,NaN,,,NaN,false,false,false
2430,1883.7500102967024,0.006205287173704541,1.0,true,false,NaN,NaN,,,NaN,false,false,false
2431,1883.7677040547132,0.007700408684869107,1.0,true,false,NaN,NaN,,,NaN,false,false,false
2432,1883.7489721626043,0.010029755541648436,1.0,true,false,NaN,NaN,,,NaN,false,false,false
2433,1883.7312349379063,0.011444098894135096,1.0,true,false,NaN,NaN,,,NaN,false,false,false
2434,1883.7414518743753,0.011604703994249649,1.0,true,false,NaN,NaN,,,NaN,false,false,false
2435,1883.8549642935395,0.010992245918924611,1.0,true,false,NaN,NaN,,,NaN,false,false,false
2436,NaN,NaN,0.0,false,false,NaN,NaN,,,NaN,false,false,false
2437,NaN,NaN,0.0,false,false,NaN,NaN,,,NaN,false,false,false
2438,NaN,NaN,0.0,false,false,NaN,NaN,,,NaN,false,false,false
2439,NaN,NaN,0.0,false,false,NaN,NaN,,,NaN,false,false,false
2440,1894.9980711775715,0.015823320565208906,1.0,true,false,NaN,NaN,,,NaN,false,false,false
2441,1895.0048156608827,0.01554953959085836,1.0,true,false,NaN,NaN,,,NaN,false,false,false
2442,NaN,NaN,0.0,false,false,NaN,NaN,,,NaN,false,false,false
2443,NaN,NaN,0.0,false,false,NaN,NaN,,,NaN,false,false,false
2444,NaN,NaN,0.0,false,false,NaN,NaN,,,NaN,false,false,false
2445,NaN,NaN,0.0,false,false,NaN,NaN,,,NaN,false,false,false
2446,1894.8721683993936,0.01676377570992233,1.0,true,false,NaN,NaN,,,NaN,false,false,false
2447,NaN,NaN,0.0,false,false,NaN,NaN,,,NaN,false,false,false
