ply
format ascii 1.0
element vertex 6002
property float x
property float y
property float z
end_header
6.40522200 146.20650300 0.16410000
6.40633100 146.11061000 0.15601800
6.40556700 146.01359700 0.15309600
6.40194700 145.91488300 0.15804000
6.39532400 145.81438300 0.17125300
6.38890800 145.71401100 0.18389400
6.38549300 145.61542600 0.18827500
6.38502600 145.51859400 0.18454000
6.38569600 145.42243600 0.17767500
6.38581000 145.32594700 0.17234300
6.38469300 145.22872700 0.17040000
6.38157200 145.13031900 0.17397500
6.37816700 145.03174400 0.17833600
6.37855400 144.93541500 0.17225300
6.38129700 144.84047800 0.15968600
6.38146500 144.74401500 0.15421000
6.37471300 144.64346500 0.16778800
6.36513600 144.54124900 0.18914900
6.35836900 144.44069800 0.20277100
6.36432300 144.34765100 0.18136600
6.36292600 144.25026800 0.18020300
6.36282100 144.15364500 0.17548300
6.36560300 144.05871900 0.16281700
6.37004200 143.96476600 0.14558500
6.36232400 143.86366300 0.16183500
6.36919800 143.77113500 0.13789900
6.36448700 143.67180100 0.14586800
6.35787000 143.57135100 0.15908800
6.34889500 143.46952400 0.17880100
6.33977300 143.36761600 0.19891900
6.33345000 143.26735300 0.21133200
6.33082500 143.16925600 0.21356100
6.32897300 143.07161200 0.21366500
6.32743500 142.97415300 0.21290200
6.32906900 142.87854500 0.20340700
6.33733300 142.78680400 0.17565200
6.34876400 142.69690100 0.13917900
6.35422000 142.60350800 0.11915900
6.35025000 142.50462000 0.12509900
6.33950300 142.40179000 0.14970400
6.32709600 142.29800100 0.17888100
6.31798300 142.19613500 0.19898800
6.31556200 142.09816300 0.20066700
6.31805600 142.00304300 0.18881000
6.32412100 141.90999200 0.16712100
6.33114600 141.81749300 0.14278700
6.33247800 141.72168800 0.13413500
6.32766200 141.62232300 0.14241300
6.32174300 141.52232100 0.15373000
6.31819100 141.42369200 0.15853100
6.31516800 141.32537000 0.16187400
6.31149000 141.22667100 0.16702300
6.31032700 141.12942500 0.16524500
6.31301200 141.03439800 0.15287400
6.31665800 140.93992100 0.13785300
6.31732800 140.84372700 0.13103100
6.31523400 140.74594100 0.13182100
6.31167000 140.64730900 0.13666200
6.30561100 140.54724500 0.14837600
6.29448000 140.44427200 0.17406100
6.28170500 140.34036300 0.20427300
6.27895900 140.24221400 0.20686600
6.28798700 140.15081600 0.17703000
6.29581300 140.05872200 0.15050400
6.29632100 139.96243100 0.14413600
6.28893300 139.86162200 0.15951700
6.28218800 139.76118500 0.17312800
6.28448200 139.66591600 0.16184400
6.29032200 139.57266800 0.14079400
6.29135100 139.47667100 0.13299400
6.28500200 139.37646400 0.14551900
6.27409300 139.27366300 0.17060500
6.26544500 139.17215700 0.18946500
6.26967300 139.07798300 0.17285900
6.26589600 138.97925400 0.17830200
6.26363500 138.88138700 0.17957100
6.26406100 138.78504700 0.17344100
6.26082000 138.68662500 0.17741100
6.25339000 138.58582700 0.19292300
6.24430100 138.48409500 0.21300300
6.23783400 138.38385300 0.22586400
6.23669100 138.28662900 0.22405900
6.23856900 138.19111300 0.21393500
6.24045000 138.09559700 0.20380100
6.24194700 137.99986100 0.19472900
6.24348100 137.90414400 0.18555300
6.24416700 137.80794600 0.17871600
6.24321800 137.71082500 0.17638500
6.24168900 137.61337700 0.17564800
6.23916600 137.51537000 0.17765400
6.23146900 137.41445200 0.19391200
6.22266000 137.31291400 0.21323700
6.21859600 137.21404800 0.21948700
6.22095300 137.11878900 0.20805400
6.22531900 137.02465400 0.19108700
6.22747800 136.92927800 0.18019800
6.22792100 136.83293700 0.17404000
6.22874300 136.73680700 0.16683700
6.22969000 136.64074500 0.15929000
6.22898200 136.54375700 0.15630400
6.22770000 136.44644600 0.15490300
6.22753700 136.34976100 0.15041700
6.22701300 136.25287400 0.14692800
6.22200700 136.15348600 0.15578500
6.21355200 136.05217900 0.17414700
6.20570200 135.95121500 0.19084100
6.20205900 135.85259700 0.19594900
6.20474300 135.75749900 0.18362800
6.21189500 135.66488100 0.15899500
6.21760100 135.57145300 0.13835000
6.22021800 135.47630600 0.12621400
6.21970000 135.37941800 0.12271400
6.21524000 135.28034300 0.13007800
6.20899200 135.18028100 0.14237000
6.20495200 135.08144500 0.14857600
6.20470600 134.98470900 0.14433400
6.20623200 134.88895200 0.13520900
6.20615700 134.79230800 0.13049700
6.20346500 134.69421900 0.13299600
6.19786100 134.59452500 0.14351700
6.19266200 134.49505700 0.15292400
6.19098200 134.39753000 0.15263600
6.18972300 134.30023600 0.15119100
6.18657300 134.20190100 0.15495600
6.18194200 134.10275300 0.16280400
6.17724300 134.00357100 0.17083800
6.17410700 133.90525000 0.17456800
6.17529100 133.80929900 0.16639600
6.18072100 133.71567300 0.14652800
6.18426600 133.62101000 0.13185200
6.18300800 133.52371500 0.13041000
6.17750400 133.42409600 0.14066900
6.17131100 133.32410500 0.15282700
6.16716400 133.22523400 0.15935100
6.16403600 133.12692200 0.16306600
6.16660600 133.03172000 0.15108100
6.15531200 132.92895700 0.17730000
6.14560800 132.82706800 0.19913800
6.14423800 132.72972200 0.19801300
6.15177700 132.63722100 0.17234300
6.16007200 132.54512600 0.14458700
6.15901100 132.44794000 0.14261600
6.18937300 132.36781200 0.05405800
6.20014600 132.27703300 0.01947800
5.95573900 119.87685300 0.07922100
5.82296200 112.36998100 0.08080100
5.81888400 112.27141300 0.08735300
5.81302300 112.17201900 0.09882500
5.81269000 112.07519200 0.09504900
5.81902800 111.98145400 0.07287200
5.82778200 111.88882900 0.04403100
5.83476600 111.79537900 0.02007200
5.83676600 111.69961800 0.00986400
5.83156000 111.60052800 0.01953500
5.82313200 111.49995500 0.03809500
5.81679100 111.40034900 0.05089800
5.81253000 111.30170500 0.05796700
5.80805200 111.20296400 0.06563400
5.80063300 111.10287200 0.08141600
5.79586500 111.00400400 0.08988400
5.79955600 110.90902200 0.07502000
5.80819700 110.81630600 0.04650100
5.81737700 110.72383000 0.01649400
5.82123900 110.62891100 0.00115900
5.81729300 110.53041600 0.00736500
5.81080800 110.43076200 0.02057700
5.80621100 110.33197400 0.02858300
5.80515500 110.23480500 0.02681900
5.80628900 110.13863500 0.01901600
5.80754200 110.04251700 0.01088500
5.80757000 109.94584000 0.00613500
5.80569400 109.84829600 0.00663700
5.80315100 109.75044900 0.00898000
5.80206300 109.65326400 0.00731200
5.80222100 109.55664400 0.00220800
5.80007900 109.45898100 0.00344700
5.79474200 109.35987100 0.01350500
5.78994500 109.26100800 0.02207400
5.78830800 109.16357700 0.02192600
5.78606700 109.06587500 0.02344200
5.78043700 108.96664200 0.03431200
5.77443500 108.86724600 0.04620900
5.77200900 108.76946400 0.04824200
5.77301900 108.67323100 0.04079400
5.77334500 108.57668900 0.03523600
5.78144600 108.48364100 0.00822600
5.77865500 108.38569300 0.01127000
5.77647000 108.28801900 0.01264100
5.77363200 108.19005200 0.01581700
5.77017500 108.09181000 0.02070100
5.76501600 107.99280700 0.03028100
5.75931000 107.89356300 0.04137300
5.75482300 107.79486700 0.04910100
5.75426500 107.69792800 0.04599000
5.75803300 107.60291800 0.03094600
5.76265000 107.50828300 0.01355800
5.76318100 107.41182400 0.00744600
5.76196200 107.31458500 0.00616300
5.76237600 107.21807300 0.00037400
5.76636700 107.12314800 -0.01528300
5.77064300 107.02834500 -0.03172500
5.77167800 106.93210100 -0.03922400
5.76922900 106.83431200 -0.03710900
5.76422800 106.73539400 -0.02795000
5.75930900 106.63651500 -0.01901700
5.75498300 106.53790100 -0.01171700
5.75137700 106.43960800 -0.00640500
5.74972700 106.34217900 -0.00648900
5.75109900 106.24608300 -0.01491100
5.75552500 106.15133000 -0.03175900
5.75727300 106.05539500 -0.04121500
5.74980500 105.95540500 -0.02524100
5.74260600 105.85553800 -0.01000600
5.73714900 105.75644100 0.00042100
5.73308500 105.65795700 0.00700600
5.73051700 105.56013200 0.00946400
5.72798200 105.46232200 0.01183100
5.72452100 105.36410700 0.01675600
5.72059200 105.26569100 0.02297100
5.71930800 105.16843100 0.02189100
5.72169100 105.07277100 0.01069200
5.72332600 104.97678200 0.00155700
5.72096600 104.87905200 0.00344700
5.71613500 104.78024700 0.01216000
5.71183300 104.68167500 0.01941100
5.71046400 104.58438000 0.01857000
5.71368400 104.48907600 0.00506600
5.71829600 104.39437200 -0.01227700
5.71817000 104.29761100 -0.01654300
5.71346600 104.19886800 -0.00817700
5.70723100 104.09946600 0.00441500
5.70439600 104.00153700 0.00762700
5.70543800 103.90528300 0.00014100
5.70680000 103.80916500 -0.00822900
5.70586700 103.71205600 -0.01026400
5.70191600 103.61364800 -0.00396900
5.69704700 103.51484700 0.00486200
5.69401300 103.41683700 0.00862900
5.69450700 103.32034400 0.00266000
5.69707200 103.22473800 -0.00902300
5.69661900 103.12783600 -0.01237800
5.69195000 103.02912800 -0.00409600
5.68670000 102.93017400 0.00579300
5.68180500 102.83137500 0.01470200
5.67710300 102.73266100 0.02308000
5.67627400 102.63560300 0.02076900
5.67780700 102.53955100 0.01194300
5.67700300 102.44250200 0.00956400
5.67276200 102.34398900 0.01667500
5.67537700 102.24839500 0.00486200
5.67125300 102.14993500 0.01165300
5.67141000 102.05329400 0.00662600
5.67472000 101.95798900 -0.00710300
5.67284700 101.86048500 -0.00652400
5.68049500 101.76701200 -0.03222100
5.68533200 101.67234300 -0.05016100
5.68573900 101.57579700 -0.05587000
5.67862100 101.47607400 -0.04081100
5.67425600 101.37751700 -0.03334900
5.66821500 101.27825700 -0.02126000
5.66765000 101.18130400 -0.02428200
5.66761200 101.08457400 -0.02875900
5.66568000 100.98704700 -0.02801100
5.66181200 100.88870700 -0.02191300
5.65851900 100.79061100 -0.01740400
5.65775800 100.69357700 -0.01988100
5.65791900 100.59693000 -0.02490400
5.65701600 100.49983600 -0.02698700
5.65506100 100.40230300 -0.02616700
5.65321400 100.30481500 -0.02564100
5.65284000 100.20794200 -0.02918200
5.65476100 100.11202600 -0.03905700
5.65809000 100.01669300 -0.05281900
5.65986000 99.92070800 -0.06227500
5.65638300 99.82254100 -0.05724800
5.64847800 99.72253600 -0.03999500
5.64187600 99.62307700 -0.02633800
5.64003400 99.52559500 -0.02582000
5.64174000 99.42958400 -0.03509500
5.64428000 99.33391500 -0.04667100
5.64640200 99.23807000 -0.05709100
5.64820800 99.14209300 -0.06663800
5.64867800 99.04556200 -0.07249900
5.64562400 98.94757700 -0.06862700
5.63912400 98.84817500 -0.05524300
5.63286800 98.74887700 -0.04253200
5.62990000 98.65093500 -0.03889700
5.62880200 98.55376200 -0.04042000
5.62718500 98.45637600 -0.04051300
5.62586200 98.35911100 -0.04141500
5.62626700 98.26255400 -0.04708700
5.62775800 98.16644000 -0.05575300
5.63000300 98.07063300 -0.06650200
5.63327200 97.97524100 -0.08007700
5.63620700 97.87971000 -0.09272900
5.63478400 97.78239900 -0.09334900
5.62904100 97.68332900 -0.08204300
5.62305500 97.58416300 -0.07006300
5.61979000 97.48610700 -0.06559500
5.61994300 97.38944200 -0.07056100
5.62097200 97.29313000 -0.07794500
5.61834800 97.19533600 -0.07524400
5.61145100 97.09581300 -0.06074300
5.60706000 96.99730800 -0.05316000
5.60710400 96.90059900 -0.05782300
5.60746000 96.80401500 -0.06334400
5.60333500 96.70562100 -0.05649000
5.59468500 96.60540700 -0.03714700
5.58828700 96.50610400 -0.02401600
5.58320600 96.40733600 -0.01452400
5.57738000 96.30827100 -0.00297200
5.58089900 96.21296200 -0.01721800
5.57847600 96.11526600 -0.01506000
5.57686200 96.01789600 -0.01513300
5.57646200 95.92101200 -0.01855800
5.57745500 95.82468400 -0.02582500
5.57902900 95.72858700 -0.03469900
5.57420200 95.62993300 -0.02589700
5.57475100 95.53342600 -0.03193800
5.58133000 95.43932000 -0.05462500
5.57732900 95.34099700 -0.04810300
5.57713600 95.24419000 -0.05209000
5.57982000 95.14852500 -0.06402100
5.57889300 95.05142500 -0.06598300
5.57356200 94.95257800 -0.05578100
5.56894000 94.85401500 -0.04753700
5.56808600 94.75694600 -0.04969700
5.56830800 94.66030200 -0.05482500
5.56610700 94.56270000 -0.05326100
5.56301100 94.46474700 -0.04922800
5.56160000 94.36745800 -0.04984400
5.56191000 94.27084800 -0.05521100
5.56314300 94.17460000 -0.06312700
5.56359700 94.07804400 -0.06888800
5.56109100 93.98032500 -0.06647900
5.55522800 93.88128900 -0.05479500
5.54735800 93.78147000 -0.03757200
5.54258700 93.68287000 -0.02890300
5.54281200 93.58622700 -0.03402800
5.54276800 93.48947900 -0.03841000
5.53938300 93.39142500 -0.03356500
5.53426800 93.29269700 -0.02394100
5.53206700 93.19510900 -0.02236600
5.53296300 93.09872700 -0.02933800
5.53460500 93.00263400 -0.03837200
5.53619600 92.90651900 -0.04726000
5.53871300 92.81076200 -0.05870800
5.54143800 92.71508200 -0.07072900
5.54239400 92.61871400 -0.07786200
5.54100700 92.52143800 -0.07852600
5.53788800 92.42349200 -0.07440500
5.23440700 72.38488900 -0.13926100
5.23957700 72.28969400 -0.15783200
5.23092000 72.19024400 -0.13817600
5.22271100 72.09093800 -0.11975700
5.21780000 71.99264900 -0.11045500
5.21384600 71.89465500 -0.10379600
5.20958100 71.79656900 -0.09627900
5.20597100 71.69868500 -0.09056900
5.20582400 71.60186000 -0.09443300
5.20779900 71.50568100 -0.10416200
5.21027800 71.40965200 -0.11528200
5.21227600 71.31347500 -0.12507200
5.20750900 71.21524200 -0.11615800
5.19528800 71.11475300 -0.08663900
5.18830500 71.01585700 -0.07159700
5.19041200 70.91971500 -0.08168400
5.19615500 70.82466900 -0.10182200
5.19775100 70.72836700 -0.11049400
5.19416200 70.63050100 -0.10483100
5.19000500 70.53246600 -0.09759600
5.18897500 70.43537200 -0.09900500
5.19100400 70.33919700 -0.10886900
5.19320600 70.24307200 -0.11921400
5.19500500 70.14682300 -0.12844000
5.19482500 70.04998100 -0.13219600
5.19035900 69.95185800 -0.12409900
5.18466300 69.85337100 -0.11260300
5.18113400 69.75553300 -0.10709400
5.17860500 69.65799500 -0.10435300
5.18453100 69.56296900 -0.12498300
5.18156500 69.46530000 -0.12102800
5.18099900 69.36834400 -0.12371000
5.18101600 69.27155900 -0.12800000
5.17859100 69.17405200 -0.12553900
5.17296600 69.07560300 -0.11423100
5.16733200 68.97715300 -0.10289500
5.16346400 68.87922700 -0.09644000
5.15932400 68.78122400 -0.08923000
5.15398600 68.68287100 -0.07871000
5.14965900 68.58481800 -0.07098400
5.14840800 68.48766800 -0.07176000
5.15076500 68.39157300 -0.08251000
5.15601800 68.29632200 -0.10126900
5.16234100 68.20137800 -0.12298500
5.16819700 68.10629300 -0.14340700
5.17153300 68.01046900 -0.15686200
5.16835400 67.91274900 -0.15230200
5.15778100 67.81288500 -0.12729600
5.14591900 67.71265500 -0.09872500
5.14178500 67.61466900 -0.09152000
5.14523900 67.51887900 -0.10529500
5.14844500 67.42301500 -0.11838300
5.14751500 67.32595400 -0.12003500
5.14247400 67.22771000 -0.11031800
5.13519300 67.12882600 -0.09440700
5.12820500 67.03003000 -0.07930400
5.12305500 66.93176600 -0.06928200
5.12069000 66.83430200 -0.06696000
5.12379000 66.73840200 -0.07974900
5.12869700 66.64301600 -0.09753200
5.13195500 66.54715400 -0.11075700
5.13390100 66.45091500 -0.12035000
5.13459300 66.35431800 -0.12647700
5.13273300 66.25699400 -0.12554400
5.12819200 66.15891100 -0.11719800
5.12488700 66.06118000 -0.11226900
5.12396200 65.96412500 -0.11392000
5.12397800 65.86733500 -0.11816900
5.12253600 65.77013300 -0.11839000
5.11784600 65.67201600 -0.10962500
5.10991000 65.57298800 -0.09188100
5.10197300 65.47396600 -0.07413500
5.10004800 65.37663600 -0.07301600
5.10295600 65.28066100 -0.08525800
5.10613300 65.18475900 -0.09824300
5.10878400 65.08870600 -0.10977200
5.11257800 64.99297000 -0.12446200
5.11435600 64.89666800 -0.13357400
5.11119800 64.79899000 -0.12903700
5.10351300 64.70005500 -0.11197900
5.09111300 64.59981700 -0.08188000
5.08547100 64.50146000 -0.07046900
5.07818500 64.40265200 -0.05451100
5.07760400 64.30570300 -0.05709300
5.08165200 64.21003100 -0.07247700
5.08849400 64.11512500 -0.09558600
5.08612600 64.01767800 -0.09322600
5.08647500 63.92097900 -0.09837500
5.08845200 63.82472600 -0.10802800
5.08491100 63.72695700 -0.10241900
5.08443700 63.63003100 -0.10529100
5.08648700 63.53379400 -0.11514100
5.08804800 63.43742100 -0.12363800
5.08820300 63.34066300 -0.12824900
5.07988700 63.24159800 -0.10942700
5.08061100 63.14499600 -0.11560600
5.07957700 63.04791500 -0.11692300
5.08326700 62.95211500 -0.13130400
5.07487800 62.85304200 -0.11227700
5.06661400 62.75400800 -0.09359400
5.05930500 62.65523700 -0.07754900
5.05267800 62.55665600 -0.06339300
5.04844300 62.45872200 -0.05584700
5.04800600 62.36181200 -0.05880900
5.04999400 62.26555200 -0.06847500
5.05008200 62.16878000 -0.07288200
5.04679500 62.07110500 -0.06795900
5.04198300 61.97302400 -0.05881200
5.03889100 61.87540400 -0.05442300
5.03980800 61.77885500 -0.06112100
5.04061600 61.68227500 -0.06751700
5.03947900 61.58517700 -0.06853200
5.03855300 61.48813500 -0.07013200
5.03780200 61.39113900 -0.07221200
5.03383000 61.29329100 -0.06538300
5.02664100 61.19459600 -0.04965400
5.02095600 61.09630100 -0.03808500
5.01756400 60.99861400 -0.03285300
5.01509200 60.90117200 -0.03017000
5.01321900 60.80388800 -0.02914000
5.01263200 60.70694100 -0.03166500
5.01273900 60.61017600 -0.03611100
5.01152800 60.51306600 -0.03690800
5.00766100 60.41526200 -0.03036100
5.00274500 60.31718700 -0.02090900
5.00108200 60.21996200 -0.02045300
5.00350500 60.12380000 -0.03129900
5.00558300 60.02754600 -0.04119100
5.00496500 59.93059000 -0.04362100
5.00452500 59.83368000 -0.04654500
5.00630500 59.73734400 -0.05560800
5.00791700 59.64096200 -0.06420600
5.00674400 59.54386000 -0.06509900
5.00387500 59.44632200 -0.06130100
5.00277300 59.34924000 -0.06238800
5.00371700 59.25268200 -0.06913400
5.00156400 59.15533000 -0.06731000
4.99321900 59.05639400 -0.04835700
4.98294400 58.95697200 -0.02406600
4.98526000 58.86076700 -0.03460200
4.98615500 58.76419800 -0.04120600
4.98276600 58.66653900 -0.03595800
4.98235800 58.56963800 -0.03895600
4.98220800 58.47280200 -0.04266700
4.97987500 58.37541300 -0.04033800
4.98269700 58.27932800 -0.05226900
4.98265800 58.18251800 -0.05628300
4.98564200 58.08646900 -0.06866000
4.98893300 57.99049400 -0.08188600
4.98115200 57.89173400 -0.06447800
4.97715800 57.79392900 -0.05754600
4.97598500 57.69683300 -0.05841800
4.97434500 57.59962100 -0.05799800
4.97413700 57.50276700 -0.06153900
4.97613200 57.40646100 -0.07117100
4.97819500 57.31017000 -0.08099300
4.97783300 57.21327400 -0.08410100
4.97450400 57.11564100 -0.07900300
4.97013800 57.01775300 -0.07103500
4.96633300 56.92000600 -0.06461500
4.96247600 56.82224900 -0.05805200
4.95666300 56.72401100 -0.04607700
4.94963000 56.62547700 -0.03072300
4.94416900 56.52733300 -0.01971800
4.94254900 56.43013600 -0.01934000
4.94492600 56.33392000 -0.03001900
4.94852700 56.23800000 -0.04408300
4.94970500 56.14148500 -0.05144100
4.94589200 56.04375000 -0.04499100
4.93989200 55.94548500 -0.03248700
4.93644500 55.84784500 -0.02704800
4.93661000 55.75108300 -0.03160000
4.93849500 55.65473800 -0.04091100
4.94072000 55.55847300 -0.05116000
4.94206500 55.46199200 -0.05897300
4.93959000 55.36458900 -0.05621700
4.93179700 55.26590500 -0.03874600
4.92249600 55.16686300 -0.01710000
4.91712600 55.06877200 -0.00633100
4.91606300 54.97171700 -0.00747600
4.91668100 54.87506400 -0.01327100
4.91711800 54.77836700 -0.01856500
4.92019200 54.68229900 -0.03115600
4.92386700 54.58637000 -0.04540600
4.92179500 54.48907000 -0.04375400
4.91468100 54.39057500 -0.02815200
4.90747600 54.29206200 -0.01229500
4.90486000 54.19464000 -0.00913500
4.90518100 54.09791400 -0.01409900
4.90517900 54.00111000 -0.01817100
4.90403400 53.90403600 -0.01907800
4.90020000 53.80633000 -0.01254200
4.89323400 53.70789100 0.00265900
4.88719400 53.60967400 0.01530000
4.88566800 53.51251600 0.01545400
4.88745800 53.41613500 0.00643100
4.88690900 53.31920500 0.00388200
4.88702700 53.22243000 -0.00051400
4.87773600 53.12346700 0.02112900
4.87690700 53.02647400 0.01935800
4.88228700 52.93092100 0.00040700
4.88629200 52.83504400 -0.01473900
4.88494800 52.73792800 -0.01508100
4.87479300 52.63878000 0.00895800
4.85646000 52.53775600 0.05562900
4.84515900 52.43836200 0.08284300
4.84117000 52.34065400 0.08982500
4.53774800 32.43667200 0.12102600
4.54424000 32.34082000 0.09920800
4.55024800 32.24488900 0.07873300
4.55201700 32.14831800 0.06999900
4.55086500 32.05130700 0.06936100
4.54861000 31.95413300 0.07177700
4.54666200 31.85700400 0.07334500
4.54577000 31.76003400 0.07199000
4.54566400 31.66317900 0.06845600
4.54363600 31.56604000 0.07024900
4.53838200 31.46842700 0.08098200
4.53254700 31.37073100 0.09332300
4.53003500 31.27352700 0.09645900
4.53055600 31.17676600 0.09119600
4.52972500 31.07980800 0.08967900
4.52442100 30.98219900 0.10055300
4.51483200 30.88397200 0.12330100
4.50387700 30.78555400 0.14983200
4.50005000 30.68817200 0.15662100
4.50835400 30.59253700 0.12980100
4.52042500 30.49743500 0.09254900
4.52799100 30.40167800 0.06777600
4.52795800 30.30483100 0.06405600
4.52308500 30.20729400 0.07374500
4.51725300 30.10962400 0.08609500
4.51145700 30.01196300 0.09834500
4.50481100 29.91418600 0.11295100
4.49687400 29.81623100 0.13113400
4.48980400 29.71840300 0.14691900
4.49601500 29.62244000 0.12590900
4.49105900 29.52491100 0.13583700
4.49428900 29.42852600 0.12308700
4.49692700 29.33205500 0.11197800
4.49666300 29.23518000 0.10891000
4.49282100 29.13780900 0.11575900
4.49539100 29.04132400 0.10484100
4.49400300 28.94429300 0.10489000
4.49433500 28.84749800 0.10017800
4.48767300 28.74974600 0.11484200
4.49267700 28.65358800 0.09718500
4.48789600 28.55609600 0.10664100
4.48173900 28.45842100 0.11990900
4.48111500 28.36149600 0.11785100
4.48552300 28.26524900 0.10184900
4.49089500 28.16912800 0.08318000
4.48452000 28.07142900 0.09705500
4.49037900 27.97536700 0.07703700
4.48263800 27.87748900 0.09470200
4.47630100 27.77980300 0.10847800
4.47649900 27.68298600 0.10414900
4.48126600 27.58677100 0.08716200
4.48535800 27.49046300 0.07204300
4.48385900 27.39341800 0.07241800
4.47934900 27.29597900 0.08113700
4.47485700 27.19854500 0.08980900
4.47282900 27.10143400 0.09165300
4.47324700 27.00464100 0.08672300
4.47172700 26.90759600 0.08716000
4.46721100 26.81016600 0.09590200
4.46342500 26.71283200 0.10262400
4.46213100 26.61581900 0.10243900
4.46234900 26.51900000 0.09806800
4.46205700 26.42211600 0.09510900
4.46054100 26.32507500 0.09554600
4.45805500 26.22791200 0.09866900
4.45480800 26.13065300 0.10390100
4.45105900 26.03333400 0.11052700
4.44706100 25.93598500 0.11784700
4.44306900 25.83863900 0.12514700
4.44078400 25.74150900 0.12772100
4.44183600 25.64479400 0.12104500
4.44401100 25.54821700 0.11126200
4.44516200 25.45151100 0.10431800
4.44460800 25.35459300 0.10209800
4.44050600 25.25724000 0.10971100
4.43277300 25.15944400 0.12738700
4.42710600 25.06190500 0.13934100
4.42807000 24.96517700 0.13291800
4.43538200 24.86921700 0.10890700
4.44231200 24.77320500 0.08595200
4.44560900 24.67674800 0.07307000
4.44743700 24.58011300 0.06425600
4.44898300 24.48344100 0.05622800
4.44733100 24.38638500 0.05706100
4.44255200 24.28895800 0.06656200
4.43733600 24.19148200 0.07727600
4.43432800 24.09427000 0.08187100
4.43340500 23.99730500 0.08069000
4.43248900 23.90034100 0.07948800
4.43060400 23.80326400 0.08097500
4.42642600 23.70592000 0.08881800
4.42059300 23.60838600 0.10124700
4.41765100 23.51119000 0.10566800
4.42154400 23.41478600 0.09114600
4.43029500 23.31893700 0.06316200
4.43737100 23.22288900 0.03981900
4.43591500 23.12585900 0.04012400
4.42860600 23.02816100 0.05665300
4.42200200 22.93054900 0.07122600
4.41916700 22.83336800 0.07535700
4.41816100 22.73639400 0.07442100
4.41528200 22.63921000 0.07867400
4.41002800 22.54176200 0.08951200
4.40394400 22.44422300 0.10265200
4.39832000 22.34674000 0.11452000
4.39591600 22.24961800 0.11746300
4.39686000 22.15286600 0.11112700
4.39795500 22.05613000 0.10437500
4.39672900 21.95913800 0.10405800
4.39121400 21.86167600 0.11562500
4.38984400 21.76467000 0.11571000
4.39436100 21.66830400 0.09947700
4.39983100 21.57203700 0.08060300
4.40348300 21.47556800 0.06677000
4.40460700 21.37882400 0.05994600
4.40411800 21.28190600 0.05759200
4.40231400 21.18484700 0.05888400
4.39757700 21.08747700 0.06830600
4.39761400 20.99061600 0.06449900
4.38816400 20.89275200 0.08698700
4.38054200 20.79508700 0.10441000
4.37510600 20.69765600 0.11577300
4.37325500 20.60060300 0.11720500
4.37723200 20.50415700 0.10248100
4.38481200 20.40808100 0.07777300
4.39087300 20.31184100 0.05727400
4.39080700 20.21496500 0.05376000
4.38247000 20.11724100 0.07317200
4.37015900 20.01911700 0.10360200
4.36220900 19.92144500 0.12194600
4.35955600 19.82431500 0.12560600
4.35711500 19.72720800 0.12868000
4.35386600 19.63002000 0.13399700
4.35238300 19.53301200 0.13441900
4.35472700 19.43638600 0.12423500
4.35992100 19.34004000 0.10615100
4.36672700 19.24385000 0.08359900
4.37200900 19.14750300 0.06527100
4.37049500 19.05048400 0.06578400
4.36272100 18.95285100 0.08365300
4.35758100 18.85548100 0.09421900
4.35667700 18.75852600 0.09304500
4.35589900 18.66158300 0.09152000
4.35193300 18.56433200 0.09883800
4.34601800 18.46689700 0.11155800
4.34222700 18.36966800 0.11838900
4.34222400 18.27280200 0.11472400
4.34491400 18.17619100 0.10359400
4.34705200 18.07952500 0.09399500
4.34288900 17.98226400 0.10186300
4.33646100 17.88479300 0.11601100
4.33364100 17.78766300 0.12016000
4.33406500 17.69083500 0.11531700
4.33525600 17.59407800 0.10834700
4.33516600 17.49720100 0.10493200
4.33458400 17.40027800 0.10288000
4.33514300 17.30345900 0.09766700
4.33659400 17.20672000 0.08998300
4.33539600 17.10973900 0.08964200
4.32950300 17.01233400 0.10231900
4.32337300 16.91491200 0.11565200
4.32113400 16.81784200 0.11820200
4.32390200 16.72121900 0.10687100
4.32621700 16.62455300 0.09679800
4.32315200 16.52740900 0.10164000
4.31634900 16.42993800 0.11684600
4.30945400 16.33246400 0.13230900
4.30717400 16.23539600 0.13497600
4.31099300 16.13885900 0.12074000
4.31634900 16.04245100 0.10224000
4.31946700 15.94584500 0.08994900
4.32119300 15.84911700 0.08151700
4.32301400 15.75239500 0.07282100
4.32354200 15.65556100 0.06771100
4.32372900 15.55869800 0.06354900
4.32447300 15.46188000 0.05784300
4.32507900 15.36504900 0.05252200
4.32251300 15.26795300 0.05599400
4.31597900 15.17052800 0.07047000
4.30950400 15.07311300 0.08478500
4.30636800 14.97597600 0.08984200
4.30683000 14.87913500 0.08492500
4.31065400 14.78256700 0.07068600
4.31467200 14.68601200 0.05591200
4.31653100 14.58927800 0.04712300
4.31308500 14.49211600 0.05304600
4.30338200 14.39445500 0.07631800
4.29477800 14.29688900 0.09654500
4.29480600 14.20001200 0.09283800
4.30038200 14.10357100 0.07375000
4.30481100 14.00703500 0.05784500
4.30550800 13.91020400 0.05228600
4.30124000 13.81298700 0.06049500
4.29480200 13.71560400 0.07472300
4.29122400 13.61844500 0.08102100
4.29829900 13.52210200 0.05778400
4.29979400 13.42532900 0.05001800
4.29743300 13.32826300 0.05294700
4.30262500 13.23176600 0.03493100
4.30165800 13.13480200 0.03399700
4.29681900 13.03755000 0.04379900
4.29431100 12.94047400 0.04713900
4.29511300 12.84364400 0.04130200
4.29740200 12.74692100 0.03134200
4.30286300 12.65042700 0.01258700
4.31791200 12.55462500 -0.03275200
4.33792200 12.45916900 -0.09184800
4.04602200 -7.71262900 -0.00886400
4.04486300 -7.80957900 -0.00902600
4.05139100 -7.90659300 -0.03052400
4.05523100 -8.00358900 -0.04456100
4.05575900 -8.10055900 -0.04940100
4.05431300 -8.19751200 -0.04876100
4.05354700 -8.29447100 -0.05000900
4.05300900 -8.39143300 -0.05188800
4.05089500 -8.48837800 -0.04939400
4.04801600 -8.58531400 -0.04477200
4.04640800 -8.68226400 -0.04367700
4.04493500 -8.77921400 -0.04295700
4.04061500 -8.87613000 -0.03433300
4.03277200 -8.97299900 -0.01592500
4.02600600 -9.06987700 -0.00050900
4.02474100 -9.16682300 -0.00036200
4.02550100 -9.26379600 -0.00583300
4.02494100 -9.36075300 -0.00764100
4.02572600 -9.45772900 -0.01318100
4.02954600 -9.55475100 -0.02714400
4.03314900 -9.65177400 -0.04050400
4.03304600 -9.74874200 -0.04357600
4.02804700 -9.84563400 -0.03305500
4.02119900 -9.94249200 -0.01739700
4.01665300 -10.03938400 -0.00813200
4.01461800 -10.13631700 -0.00583600
4.01427100 -10.23327800 -0.00822400
4.01381800 -10.33023800 -0.01031600
4.01490800 -10.42722600 -0.01669300
4.01830300 -10.52425800 -0.02946600
4.01864000 -10.62123700 -0.03374700
4.01491500 -10.71813700 -0.02675300
4.01032800 -10.81501800 -0.01736500
4.00510000 -10.91188400 -0.00619400
4.00793400 -11.00891200 -0.01740300
4.00639000 -11.10585100 -0.01645800
4.01118800 -11.20292500 -0.03312100
4.01150900 -11.29990700 -0.03735100
4.01473600 -11.39695300 -0.04964700
4.00994800 -11.49382300 -0.03969400
4.00728700 -11.59073900 -0.03564200
3.99886400 -11.68751900 -0.01559200
3.99685600 -11.78444600 -0.01335100
4.00053800 -11.88150700 -0.02690800
4.00418700 -11.97857200 -0.04037000
4.00240800 -12.07550600 -0.03876300
3.99888400 -12.17239600 -0.03230700
3.99845000 -12.26936200 -0.03443200
4.00014800 -12.36638400 -0.04247200
4.00131800 -12.46339500 -0.04904600
4.00059000 -12.56035600 -0.05035000
3.99730000 -12.65724900 -0.04454200
3.99334900 -12.75412100 -0.03689400
3.99335600 -12.85110100 -0.04023600
3.99874800 -12.94823400 -0.05852800
4.00590700 -13.04542300 -0.08172500
4.01183900 -13.14258200 -0.10151300
4.01470500 -13.23965600 -0.11279000
4.01364100 -13.33661700 -0.11315000
4.00919000 -13.43347500 -0.10410800
4.00473900 -13.53033200 -0.09506500
4.00292400 -13.62726600 -0.09334000
4.00150600 -13.72421300 -0.09271400
3.99784900 -13.82108800 -0.08587200
3.99243500 -13.91790600 -0.07415100
3.98703700 -14.01472000 -0.06247000
3.98284800 -14.11157000 -0.05414700
3.98240000 -14.20854300 -0.05620900
3.98691900 -14.30568200 -0.07206300
3.98915400 -14.40274800 -0.08157300
3.98619400 -14.49963900 -0.07665700
3.98182000 -14.59647800 -0.06781500
3.98161800 -14.69346200 -0.07055500
3.98616300 -14.79061500 -0.08647600
3.98686600 -14.88763400 -0.09172600
3.98209200 -14.98445600 -0.08176900
3.97764700 -15.08128700 -0.07272200
3.97671800 -15.17824500 -0.07343800
3.97845200 -15.27530400 -0.08155000
3.97989700 -15.37235300 -0.08885300
3.97937000 -15.46932900 -0.09068500
3.97520600 -15.56616600 -0.08241400
3.97018600 -15.66296600 -0.07176400
3.96679400 -15.75982800 -0.06563200
3.96490100 -15.85674700 -0.06366600
3.96460300 -15.95373000 -0.06612400
3.96648100 -16.05080100 -0.07462600
3.96926800 -16.14791100 -0.08564800
3.97069100 -16.24496800 -0.09288500
3.96974900 -16.34192900 -0.09355000
3.96701400 -16.43881400 -0.08923900
3.96451000 -16.53570800 -0.08556300
3.96272700 -16.63263200 -0.08389200
3.96098200 -16.72955600 -0.08232400
3.95992500 -16.82651000 -0.08266800
3.96240300 -16.92362000 -0.09282300
3.96824100 -17.02088000 -0.11231200
3.97053500 -17.11798800 -0.12195600
3.96747400 -17.21485700 -0.11672800
3.96262800 -17.31164300 -0.10654200
3.95911100 -17.40848700 -0.10004600
3.95753200 -17.50541900 -0.09893100
3.95733300 -17.60241500 -0.10164800
3.95830200 -17.69946600 -0.10760600
3.95880700 -17.79649700 -0.11227300
3.95571300 -17.89335700 -0.10694600
3.95154800 -17.99016400 -0.09864300
3.94951000 -18.08707200 -0.09624600
3.94679600 -18.18394600 -0.09197000
3.94190800 -18.28071200 -0.08165700
3.93675600 -18.37746100 -0.07060800
3.93335300 -18.47429500 -0.06441600
3.93150800 -18.57120500 -0.06254800
3.93142900 -18.66820500 -0.06558600
3.93387800 -18.76533500 -0.07564300
3.93545500 -18.86242300 -0.08327500
3.93382900 -18.95934600 -0.08201200
3.93122200 -19.05621700 -0.07802400
3.93016600 -19.15316900 -0.07834200
3.92893500 -19.25011100 -0.07817400
3.92480200 -19.34689800 -0.06994400
3.92049300 -19.44367400 -0.06122100
3.91932800 -19.54061700 -0.06123300
3.92148100 -19.63774200 -0.07045700
3.92502900 -19.73494600 -0.08355500
3.92732100 -19.83208300 -0.09316500
3.92475500 -19.92895300 -0.08928000
3.91849200 -20.02561300 -0.07512700
3.91490200 -20.12242000 -0.06839500
3.91732900 -20.21956900 -0.07837300
3.92330100 -20.31692300 -0.09819900
3.92565900 -20.41407400 -0.10798400
3.92075400 -20.51080500 -0.09759500
3.91731600 -20.60762000 -0.09128000
3.90856200 -20.70411900 -0.07019900
3.90781600 -20.80108700 -0.07136000
3.91346900 -20.89843700 -0.09029300
3.91870900 -20.99576800 -0.10807800
3.91722600 -21.09269700 -0.10718800
3.91051000 -21.18930700 -0.09175900
3.90432100 -21.28594500 -0.07779700
3.90143900 -21.38278300 -0.07301700
3.90299500 -21.47989500 -0.08056200
3.90963300 -21.57732500 -0.10222500
3.91497200 -21.67468000 -0.12027700
3.91166300 -21.77149400 -0.11430600
3.90438000 -21.86805400 -0.09729800
3.89924700 -21.96474600 -0.08625700
3.89861800 -22.06172500 -0.08772800
3.89862100 -22.15874500 -0.09095300
3.89747500 -22.25569000 -0.09098600
3.89711100 -22.35268700 -0.09319000
3.89779300 -22.44975400 -0.09829800
3.89936700 -22.54688000 -0.10588100
3.89931700 -22.64390100 -0.10895400
3.89272200 -22.74048400 -0.09384400
3.88390300 -22.83691300 -0.07255700
3.87972000 -22.93365000 -0.06414400
3.87968300 -23.03066700 -0.06724800
3.87744200 -23.12753400 -0.06422800
3.87146900 -23.22414300 -0.05084000
3.86673600 -23.32083300 -0.04089600
3.86746800 -23.41790200 -0.04613100
3.87129700 -23.51518900 -0.05997000
3.87104300 -23.61219200 -0.06246300
3.86512900 -23.70879500 -0.04923500
3.85783800 -23.80529600 -0.03217800
3.85462000 -23.90208400 -0.02643500
3.85573000 -23.99918200 -0.03271400
3.85910100 -24.09644500 -0.04527300
3.86273200 -24.19373000 -0.05855500
3.86445600 -24.29087900 -0.06653500
3.86371700 -24.38785000 -0.06767400
3.86167500 -24.48472400 -0.06519200
3.85858300 -24.58152000 -0.05979100
3.85360000 -24.67817300 -0.04913500
3.84666700 -24.77467600 -0.03306300
3.83984100 -24.87118400 -0.01728400
3.83926700 -24.96816000 -0.01887600
3.84484600 -25.06560600 -0.03755700
3.85017200 -25.16303700 -0.05553600
3.85262900 -25.26025300 -0.06554500
3.85218500 -25.35724700 -0.06749200
3.85053200 -25.45414700 -0.06607800
3.84905100 -25.55106000 -0.06514300
3.84831000 -25.64803100 -0.06626100
3.84782300 -25.74502200 -0.06808300
3.84717500 -25.84200100 -0.06945900
3.84670800 -25.93899500 -0.07133600
3.84545100 -26.03592600 -0.07101500
3.84343200 -26.13279500 -0.06857900
3.84056400 -26.22959500 -0.06378100
3.83797800 -26.32641700 -0.05976400
3.83704100 -26.42337200 -0.06032900
3.83656100 -26.52036400 -0.06216500
3.83291900 -26.61709700 -0.05521200
3.82461200 -26.71344100 -0.03529500
3.81513000 -26.80968300 -0.01211600
3.81721600 -26.90688300 -0.02107300
3.81866600 -27.00403300 -0.02826300
3.81638300 -27.10087000 -0.02508200
3.82036500 -27.19823700 -0.03930300
3.81613700 -27.29490900 -0.03071500
3.80040300 -27.39059600 0.00984400
3.78253500 -27.48608900 0.05633300
3.77452800 -27.58241800 0.07542800
3.58718800 -47.65096700 -0.03336200
3.58952300 -47.74846600 -0.04278400
3.58633400 -47.84504700 -0.03684300
3.58352400 -47.94169000 -0.03195300
3.58404500 -48.03888900 -0.03632900
3.58687200 -48.13647600 -0.04711600
3.59030000 -48.23416700 -0.05957400
3.59353200 -48.33182800 -0.07148400
3.59654800 -48.42945600 -0.08279600
3.59898800 -48.52699000 -0.09250100
3.59887900 -48.62409400 -0.09511800
3.59429600 -48.72043800 -0.08528800
3.58771600 -48.81643800 -0.06990400
3.58266300 -48.91269600 -0.05876600
3.57969500 -49.00930700 -0.05342400
3.57738100 -49.10602900 -0.04990200
3.57410800 -49.20258500 -0.04371000
3.56973700 -49.29895100 -0.03446600
3.56515100 -49.39527600 -0.02461800
3.56222400 -49.49188600 -0.01938700
3.56203000 -49.58896900 -0.02175500
3.56319000 -49.68628700 -0.02788900
3.56362500 -49.78348100 -0.03200300
3.56423700 -49.88070800 -0.03661000
3.56627300 -49.97818400 -0.04518000
3.56706800 -50.07544600 -0.05029300
3.56501400 -50.17220800 -0.04748100
3.56169800 -50.26874600 -0.04115800
3.55953600 -50.36548700 -0.03804300
3.56018500 -50.46272400 -0.04274800
3.56223300 -50.56021100 -0.05134300
3.56328600 -50.65752300 -0.05716700
3.56254300 -50.75451800 -0.05799600
3.56198900 -50.85154500 -0.05934800
3.56343200 -50.94893100 -0.06625700
3.56384800 -51.04613400 -0.07030500
3.56184500 -51.14290400 -0.06762400
3.55886400 -51.23949700 -0.06222300
3.55646000 -51.33619300 -0.05842400
3.55222300 -51.43255600 -0.04952400
3.54755000 -51.52883800 -0.03941100
3.54612100 -51.62570600 -0.03832200
3.54755300 -51.72309400 -0.04519100
3.54875900 -51.82044300 -0.05142900
3.54956100 -51.91772000 -0.05654100
3.55146400 -52.01520000 -0.06471600
3.55453000 -52.11289600 -0.07612700
3.55646400 -52.21038600 -0.08438600
3.55523400 -52.30729600 -0.08384300
3.55180500 -52.40380000 -0.07718100
3.54909200 -52.50043400 -0.07250800
3.54808600 -52.59738400 -0.07258600
3.54911000 -52.69471000 -0.07830800
3.55065200 -52.79213500 -0.08546900
3.54933400 -52.88902800 -0.08467700
3.54454600 -52.98527300 -0.07422700
3.54053500 -53.08165900 -0.06593700
3.54066300 -53.17882100 -0.06916200
3.54189700 -53.27619100 -0.07546300
3.54261200 -53.37346600 -0.08031800
3.54118900 -53.47033800 -0.07922500
3.53668800 -53.56662700 -0.06956700
3.53219700 -53.66291500 -0.05993500
3.53340100 -53.76028300 -0.06614700
3.54155300 -53.85897600 -0.09168800
3.54910900 -53.95756200 -0.11556800
3.55243200 -54.05534600 -0.12767300
3.55173500 -54.15236300 -0.12859300
3.54867100 -54.24892500 -0.12292500
3.54391200 -54.34516000 -0.11253900
3.53645300 -54.44087100 -0.09464000
3.52956300 -54.53668800 -0.07832500
3.52865800 -54.63365800 -0.07866000
3.53451800 -54.73194000 -0.09781400
3.54257500 -54.83065400 -0.12308200
3.54893500 -54.92904500 -0.14362500
3.55112900 -55.02662900 -0.15258000
3.54674700 -55.12293000 -0.14323300
3.53720200 -55.21821800 -0.11952300
3.52870500 -55.31370400 -0.09872700
3.52604400 -55.41033300 -0.09416700
3.52822000 -55.50791200 -0.10306500
3.52913700 -55.60524600 -0.10845700
3.52697000 -55.70197200 -0.10526800
3.53069600 -55.79986400 -0.11847500
3.52628700 -55.89614500 -0.10904600
3.52439300 -55.99292300 -0.10661300
3.52646500 -56.09049100 -0.11521500
3.53106700 -56.18856700 -0.13085500
3.53165700 -56.28584500 -0.13533200
3.52614400 -56.38190000 -0.12282600
3.51788400 -56.47740000 -0.10267500
3.51209100 -56.57339100 -0.08938600
3.51068800 -56.67026400 -0.08831200
3.51124500 -56.76753200 -0.09269100
3.51269800 -56.86498300 -0.09956000
3.51455000 -56.96251600 -0.10754200
3.51655600 -57.06008300 -0.11595000
3.51848000 -57.15763600 -0.12412700
3.51441700 -57.25397000 -0.11564500
3.51044300 -57.35032000 -0.10740800
3.51246400 -57.44789500 -0.11585400
3.51686700 -57.54596100 -0.13092500
3.51965600 -57.64369900 -0.14150500
3.51552200 -57.74001500 -0.13282100
3.50879300 -57.83579300 -0.11691500
3.50687100 -57.93256100 -0.11438300
3.51255300 -58.03090100 -0.13300600
3.51914300 -58.12943600 -0.15415900
3.51994700 -58.22677400 -0.15921000
3.51431700 -58.32277400 -0.14635500
3.50616500 -58.41824400 -0.12648100
3.50032800 -58.51419300 -0.11304600
3.49820800 -58.61091600 -0.10995800
3.49823200 -58.70808700 -0.11283000
3.49828800 -58.80526700 -0.11579200
3.49668300 -58.90209700 -0.11413100
3.49357300 -58.99861000 -0.10828300
3.48979600 -59.09498100 -0.10057500
3.48709400 -59.19157600 -0.09585800
3.48661800 -59.28864300 -0.09733400
3.48550900 -59.38557500 -0.09704800
3.48202600 -59.48200200 -0.09015300
3.48022500 -59.57878600 -0.08793800
3.48361500 -59.67667700 -0.10017000
3.48880300 -59.77495700 -0.11740300
3.49298300 -59.87302600 -0.13182900
3.49518500 -59.97067400 -0.14075200
3.49478500 -60.06776500 -0.14243000
3.49186400 -60.16431300 -0.13709400
3.48808800 -60.26067400 -0.12937600
6.40947600 146.59525900 0.17250300
6.40271500 146.49466400 0.18608600
6.39749400 146.39499300 0.19543400
6.39458400 146.29670500 0.19841500
6.39412000 146.19987800 0.19466700
6.39567500 146.10425400 0.18536000
6.39811200 146.00915400 0.17362400
6.39796100 145.91250900 0.16901400
6.39275900 145.81285700 0.17831300
6.38525900 145.71184000 0.19394100
6.38036400 145.61237600 0.20239800
6.37786200 145.51433800 0.20426600
6.37454500 145.41581500 0.20837900
6.37243800 145.31801300 0.20916100
6.37416300 145.22248300 0.19939300
6.37634900 145.12722400 0.18835900
6.37486000 145.02978600 0.18743900
6.36977200 144.93021700 0.19643400
6.36440300 144.83048600 0.20620400
6.36051500 144.73163200 0.21189700
6.36542000 144.63797500 0.19337800
6.36356000 144.54031900 0.19348900
6.35763200 144.44026300 0.20480100
6.35411800 144.34163500 0.20946800
6.35362800 144.24478900 0.20580800
6.35308300 144.14791100 0.20230100
6.35223300 144.05085200 0.19963200
6.35287500 143.95467000 0.19285900
6.35483800 143.85926300 0.18244900
6.35300400 143.76162400 0.18249300
6.34671700 143.66137200 0.19480100
6.34059900 143.56122100 0.20664800
6.33767200 143.46294500 0.20970700
6.33860000 143.36692900 0.20215100
6.34178400 143.27223100 0.18838300
6.34493600 143.17751100 0.17470400
6.34594600 143.08153500 0.16692500
6.34426800 142.98398800 0.16654600
6.34295000 142.88665000 0.16518000
6.34242600 142.78977500 0.16162700
6.34214600 142.69304200 0.15740400
6.33795300 142.59402900 0.16395800
6.32766100 142.49146500 0.18730900
6.32043700 142.39069400 0.20221100
6.31980500 142.29376100 0.19896000
6.32330600 142.19922900 0.18433100
6.32606200 142.10426100 0.17175200
6.32622500 142.00778500 0.16631400
6.32499600 141.91050000 0.16471100
6.32317500 141.81287200 0.16474000
6.32042400 141.71470500 0.16733000
6.31886500 141.61723000 0.16664000
6.32107000 141.52193200 0.15558500
6.32192400 141.42585000 0.14824900
6.31766000 141.32681000 0.15501200
6.31171100 141.22679900 0.16641400
6.30788200 141.12801400 0.17198100
6.30626300 141.03050600 0.17146100
6.30598900 140.93377300 0.16723700
6.30630500 140.83737900 0.16138900
6.30543600 140.74030200 0.15880700
6.30092200 140.64112800 0.16626400
6.29419400 140.54068400 0.17982200
6.29096000 140.44225000 0.18375500
6.29186800 140.34619600 0.17628000
6.29372400 140.25068400 0.16619800
6.29332900 140.15387900 0.16231500
6.28856600 140.05457100 0.17046300
6.27999700 139.95308600 0.18909900
6.26981900 139.85068700 0.21216300
6.26016600 139.74859400 0.23378600
6.26504700 139.65481200 0.21537400
6.26591800 139.55873500 0.20801000
6.26278800 139.46037400 0.21166800
6.26999500 139.36790800 0.18685500
6.27359100 139.27337700 0.17198700
6.27200400 139.17589200 0.17139700
6.26810500 139.07709100 0.17717800
6.26580000 138.97919900 0.17856700
6.26636700 138.88293900 0.17204700
6.26636800 138.78635700 0.16708700
6.26343300 138.68810800 0.17021300
6.26284400 138.59118900 0.16688200
6.26584000 138.49630200 0.15367400
6.26641700 138.40004200 0.14713000
6.26002300 138.29983500 0.15978900
6.25597600 138.20095900 0.16598700
6.24726700 138.09945000 0.18502400
6.24443400 138.00126600 0.18787900
6.24447700 137.90470600 0.18281100
6.24816200 137.81020000 0.16771100
6.25412100 137.71697100 0.14634900
6.25648200 137.62171100 0.13489900
6.25542700 137.52452400 0.13286100
6.25289200 137.42650400 0.13489900
6.25085500 137.32876600 0.13556600
6.24930500 137.23130100 0.13489400
6.24513700 137.13236700 0.14143300
6.23564000 137.03044500 0.16265500
6.22349400 136.92704400 0.19117500
6.21376100 136.82500300 0.21304800
6.21067500 136.72669000 0.21661200
6.21503900 136.63254800 0.19965200
6.22148800 136.53956600 0.17694900
6.22305800 136.44385300 0.16769000
6.21759600 136.34421000 0.17780200
6.21132100 136.24411800 0.19015500
6.21171600 136.14774700 0.18413700
6.21619600 136.05365300 0.16686400
6.21589800 135.95689300 0.16275400
6.20886900 135.85638700 0.17718800
6.20011500 135.75492500 0.19637600
6.19549400 135.65576600 0.20418100
6.19655400 135.55976500 0.19633300
6.20003700 135.46510700 0.18181100
6.20244700 135.36984900 0.17024800
6.20199300 135.27300200 0.16657400
6.19994800 135.17527200 0.16728500
6.19842200 135.07783100 0.16656900
6.19597500 134.97988000 0.16838800
6.19106600 134.88057000 0.17699200
6.18610700 134.78123400 0.18573500
6.18402200 134.68348700 0.18656300
6.18410900 134.58693900 0.18140600
6.18473700 134.49068900 0.17475800
6.18377800 134.39356200 0.17248700
6.18067900 134.29525800 0.17610900
6.17819300 134.19729100 0.17804600
6.17932900 134.10131700 0.17000200
6.18304500 134.00675800 0.15485400
6.18468500 133.91105600 0.14542200
6.18371600 133.81392000 0.14318200
6.18255800 133.71668000 0.14146500
6.18113900 133.61929700 0.14046700
6.17695800 133.52040300 0.14707900
6.16998700 133.41998500 0.16138000
6.16230000 133.31917900 0.17765500
6.16328400 133.22311500 0.17004100
6.15629700 133.12269800 0.18438900
6.15180400 133.02364600 0.19186600
6.15192000 132.92710800 0.18664500
6.15487600 132.83211600 0.17359900
6.15575900 132.73599300 0.16626700
6.15391900 132.63838700 0.16644000
6.15303800 132.54130200 0.16397000
6.15524200 132.44589300 0.15300100
6.15701100 132.35024600 0.14322900
6.15604400 132.25311100 0.14099800
6.15327300 132.15499900 0.14374100
6.14927300 132.05622100 0.14987100
6.14539900 131.95751500 0.15565400
6.14059300 131.85830600 0.16400600
6.13517700 131.75877000 0.17404000
6.13235400 131.66063800 0.17692800
6.13295300 131.56435400 0.17039100
6.13376500 131.46818300 0.16326600
6.13140500 131.37030100 0.16488400
6.12664000 131.27112400 0.17312900
6.12272500 131.17240800 0.17903200
6.12105300 131.07490000 0.17875700
6.12241400 130.97902300 0.17012500
6.12650700 130.88461000 0.15396400
6.12956700 130.78964000 0.14065000
6.12893600 130.69268600 0.13750900
6.12814200 130.59564500 0.13481800
6.12806500 130.49898700 0.13015500
6.12537100 130.40092700 0.13270200
6.11676300 130.29970600 0.15154700
6.10495100 130.19677800 0.17922200
6.09582900 130.09529400 0.19948800
6.09362800 129.99751100 0.20068000
6.09669400 129.90253600 0.18736000
6.09878100 129.80703700 0.17673600
6.09696900 129.70945900 0.17686000
6.09555400 129.61209200 0.17589000
6.09796800 129.51676200 0.16437100
6.10296800 129.42280300 0.14572300
6.10414100 129.32680700 0.13762300
6.09975300 129.22785800 0.14485100
6.09413600 129.12826000 0.15546700
6.08996400 129.02943100 0.16210300
6.08531800 128.93035300 0.17004400
6.07681600 128.82923800 0.18861400
6.07034600 128.72920200 0.20158700
6.06987000 128.63233700 0.19803900
6.07173100 128.53670600 0.18805100
6.07328000 128.44090700 0.17892300
6.07380400 128.34456600 0.17262300
6.07545500 128.24881800 0.16321700
6.07977600 128.15447200 0.14645200
6.08225000 128.05915100 0.13478000
6.07823200 127.96041400 0.14100200
6.06980300 127.85936300 0.15938000
6.06126500 127.75825900 0.17806100
6.06380700 127.66297300 0.16620600
6.06291000 127.56588100 0.16382800
6.06125700 127.46839300 0.16353700
6.05526300 127.36863400 0.17521000
6.04647400 127.26741600 0.19458800
6.03994100 127.16738200 0.20774900
6.04032200 127.07096400 0.20185800
6.04627600 126.97745300 0.18060100
6.05238000 126.88401500 0.15893500
6.05654400 126.78956000 0.14261800
6.05734600 126.69335000 0.13556700
6.05395900 126.59495900 0.14006100
6.04851600 126.49550100 0.15022500
6.04325100 126.39613800 0.15990100
6.03774400 126.29665200 0.17024500
6.03378300 126.19797200 0.17632700
6.03206800 126.10045800 0.17622000
6.03358400 126.00461900 0.16720600
6.04043300 125.91153900 0.14349300
6.04339200 125.81644000 0.13050500
6.03565600 125.71580800 0.14700000
6.02898500 125.61573300 0.16055700
6.03034200 125.51980500 0.15198800
6.03699600 125.42660700 0.12881800
6.03951500 125.33127200 0.11704700
6.03446600 125.23203600 0.12613800
6.02632800 125.13121400 0.14374600
6.02104500 125.03186500 0.15348400
6.02253200 124.93599800 0.14456300
6.02623600 124.84126700 0.12953000
6.02744200 124.74525100 0.12138400
6.02809300 124.64894800 0.11477000
6.02812100 124.55232500 0.10987100
6.02548500 124.45433700 0.11231900
6.01772700 124.35373000 0.12888800
6.00557400 124.25088000 0.15757500
5.99524700 124.14897200 0.18122800
5.99371600 124.05156000 0.18063400
5.99617800 123.95618600 0.16903300
5.99548000 123.85919800 0.16614500
5.99218800 123.76088900 0.17040900
5.99029500 123.66329300 0.17081500
5.99349600 123.56828800 0.15718200
5.99615400 123.47300400 0.14504600
5.99489200 123.37572700 0.14371700
5.99079700 123.27701200 0.15019800
5.98625700 123.17807300 0.15790900
5.98554500 123.08107700 0.15506800
5.98567700 122.98450700 0.14989900
5.98395000 122.88699600 0.14985700
5.98064200 122.78868600 0.15417500
5.97743600 122.69042900 0.15821300
5.97139400 122.59074200 0.17007000
5.96663700 122.49170700 0.17838500
5.96088800 122.39217400 0.18943800
5.96149500 122.29584700 0.18296700
5.96430500 122.20062600 0.17042500
5.96462500 122.10415000 0.16474800
5.96356400 122.00697900 0.16287700
5.96688000 121.91200600 0.14894100
5.96526400 121.81455400 0.14860500
5.96850100 121.71953600 0.13488900
5.96390100 121.62058900 0.14278200
5.96628100 121.52513800 0.13143100
5.96034200 121.42552300 0.14301700
5.95553900 121.32648000 0.15147100
5.95204200 121.22809100 0.15632600
5.95134200 121.13110000 0.15347200
5.95410800 121.03583800 0.14105900
5.95738900 120.94082800 0.12722900
5.95762900 120.84430200 0.12178500
5.95516000 120.74642600 0.12381100
5.95305800 120.64873400 0.12482500
5.95204100 120.55158100 0.12284900
5.94924600 120.45354600 0.12577800
5.94304900 120.35382400 0.13808600
5.93417000 120.25277700 0.15779200
5.92437600 120.15128300 0.18002000
5.91752000 120.05124900 0.19415100
5.91911900 119.95540000 0.18496900
5.92779700 119.86304700 0.15626800
5.93410300 119.76951500 0.13410600
5.93554700 119.67357900 0.12535300
5.93533200 119.57682300 0.12117500
5.93631300 119.48065500 0.11370300
5.93838100 119.38502100 0.10323100
5.93605700 119.28722400 0.10487200
5.92858000 119.18689600 0.12072500
5.91924100 119.08565800 0.14171000
5.91271600 118.98580700 0.15493900
5.91070400 118.88817300 0.15572400
5.91191800 118.79212000 0.14761500
5.91457300 118.69677000 0.13553200
5.91580200 118.60072000 0.12738200
5.91448100 118.50342200 0.12626600
5.91237600 118.40574100 0.12731200
5.91014900 118.30800100 0.12869400
5.90839600 118.21049300 0.12877300
5.90790000 118.11359800 0.12538600
5.90719100 118.01659800 0.12258700
5.90519400 117.91897200 0.12334000
5.90312900 117.82131300 0.12428200
5.90173300 117.72398100 0.12337900
5.90030500 117.62663200 0.12256800
5.89923600 117.52945800 0.12076400
5.89994100 117.43314300 0.11407200
5.90143500 117.33720900 0.10520400
5.90063100 117.24016100 0.10267400
5.89621700 117.14136800 0.11010100
5.88743800 117.04046800 0.12956700
5.87559200 116.93809400 0.15749300
5.87407900 116.84071100 0.15692200
5.87093800 116.74254400 0.16084300
5.87312800 116.64694600 0.15006300
5.87610300 116.55172300 0.13711700
5.87024800 116.45225200 0.14852700
5.87727500 116.35897200 0.12440800
5.87548000 116.26145200 0.12462400
5.87478000 116.16445700 0.12181800
5.87499700 116.06790100 0.11648400
5.87685200 115.97212900 0.10663500
5.87162300 115.87296400 0.11632300
5.87922300 115.77993700 0.09062900
5.88657800 115.68678600 0.06561200
5.88744200 115.59053000 0.05850000
5.88013000 115.49037200 0.07393700
5.86720600 115.38754500 0.10485200
5.85766300 115.28633600 0.12644700
5.84581600 115.18403800 0.15439400
5.84569400 115.08732200 0.15000500
5.85153800 114.99344000 0.12916200
5.85632900 114.89905300 0.11122500
5.86004500 114.80415100 0.09625600
5.86374000 114.70923500 0.08134300
5.86598000 114.61362700 0.07044200
5.85907300 114.51368800 0.08477400
5.84944700 114.41246800 0.10660600
5.84479400 114.31360400 0.11472200
5.84274100 114.21596900 0.11567000
5.84117500 114.11856600 0.11527200
5.83916500 114.02095200 0.11610400
5.83767900 113.92358700 0.11548700
5.83720400 113.82669800 0.11208400
5.83695900 113.72991500 0.10804900
5.83779600 113.63364100 0.10103100
5.84061800 113.53829600 0.08853700
5.84428100 113.44334300 0.07372500
5.84572500 113.34734700 0.06503400
5.84227200 113.24905600 0.06985100
5.83587500 113.14938900 0.08279100
5.83200200 113.05090500 0.08877100
5.83513600 112.95569700 0.07542200
5.83848100 112.86058400 0.06149200
5.83500000 112.76228500 0.06639200
5.82793800 112.66231900 0.08117200
5.82092900 112.56238200 0.09580500
5.81599200 112.46341300 0.10472400
5.81467700 112.36613000 0.10365600
5.81748900 112.27076400 0.09120200
5.81971700 112.17512500 0.08036100
5.52953300 92.13005000 -0.06480100
5.52226800 92.03051300 -0.04922700
5.50669100 91.92778300 -0.01070000
5.50055200 91.82869200 0.00176700
5.50084800 91.73207600 -0.00353400
5.50165200 91.63565300 -0.01023700
5.50222400 91.53914000 -0.01629900
5.50283600 91.44264100 -0.02247100
5.50347800 91.34615300 -0.02872400
5.50249400 91.24904200 -0.03048600
5.49844600 91.15076100 -0.02378600
5.49262600 91.05180700 -0.01219100
5.49013200 90.95412300 -0.00978100
5.49228600 90.85821000 -0.02020400
5.49231100 90.76148400 -0.02474800
5.49010500 90.66391000 -0.02312800
5.48583500 90.56555500 -0.01581000
5.48077700 90.46690200 -0.00631100
5.47700600 90.36874100 -0.00036700
5.47490200 90.27121200 0.00097400
5.47560200 90.17474300 -0.00542600
5.47922300 90.07937600 -0.01989500
5.48080400 89.98323600 -0.02872800
5.47804900 89.88546000 -0.02558400
5.47359300 89.78704500 -0.01774100
5.47794600 89.69194500 -0.03422600
5.47628000 89.59458100 -0.03408700
5.47665800 89.49798300 -0.03959300
5.47804100 89.40176100 -0.04787300
5.48039000 89.30590000 -0.05882000
5.47962100 89.20886800 -0.06115200
5.47382100 89.10995700 -0.04959100
5.46798500 89.01103600 -0.03792900
5.46382600 88.91274400 -0.03089600
5.46142600 88.81510900 -0.02872100
5.46155900 88.71841900 -0.03354100
5.46322000 88.62229600 -0.04258200
5.46218300 88.52516800 -0.04416700
5.45727400 88.42660400 -0.03506000
5.45185600 88.32785400 -0.02454300
5.44842600 88.22984300 -0.01951600
5.44583200 88.13214400 -0.01680000
5.44372000 88.03462400 -0.01541000
5.44489500 87.93831800 -0.02310100
5.45096700 87.84381600 -0.04431600
5.46028400 87.75050500 -0.07449400
5.46782700 87.65653200 -0.09977200
5.46557600 87.55895200 -0.09799300
5.45734300 87.45917700 -0.07969300
5.44981800 87.35966600 -0.06334500
5.44479700 87.26107900 -0.05391500
5.44373900 87.16394500 -0.05542900
5.44633800 87.06814800 -0.06704200
5.44892600 86.97234500 -0.07862600
5.44944700 86.87578500 -0.08450000
5.44685700 86.77808900 -0.08177600
5.44145100 86.67936900 -0.07127500
5.43460400 86.58012800 -0.05679300
5.42707800 86.48064500 -0.04043300
5.41984200 86.38127200 -0.02487100
5.41441400 86.28255900 -0.01430500
5.41276400 86.18521800 -0.01417300
5.41397200 86.08891300 -0.02193500
5.41464000 85.99241000 -0.02820400
5.41345500 85.89523700 -0.02935500
5.41239300 85.79810800 -0.03084200
5.41457000 85.70214600 -0.04127800
5.41773300 85.60653700 -0.05443300
5.41861200 85.51010400 -0.06128000
5.41830000 85.41324100 -0.06483700
5.41806600 85.31640500 -0.06860800
5.41717200 85.21933300 -0.07055500
5.41389500 85.12140700 -0.06591700
5.40890800 85.02287100 -0.05655500
5.40492900 84.92469700 -0.04997300
5.40261700 84.82712200 -0.04799900
5.39931900 84.72919600 -0.04329800
5.39120000 84.62955400 -0.02527800
5.37826100 84.52820300 0.00605800
5.38015500 84.43213300 -0.00358000
5.38294200 84.33637700 -0.01568500
5.38273800 84.23955800 -0.01952900
5.38713000 84.14436700 -0.03606600
5.38692400 84.04754400 -0.03990000
5.38159100 83.94890800 -0.02956800
5.38477200 83.85328200 -0.04275800
5.38522600 83.75669100 -0.04841200
5.38285400 83.65910300 -0.04626000
5.38778200 83.56408500 -0.06427300
5.38808800 83.46743800 -0.06951300
5.38539100 83.36973500 -0.06645800
5.38989400 83.27455900 -0.08329600
5.38434600 83.17585700 -0.07236100
5.37949500 83.07740200 -0.06335300
5.37740600 82.97991500 -0.06197200
5.37669300 82.88291100 -0.06439300
5.37387600 82.78517200 -0.06100000
5.36793900 82.68634600 -0.04898600
5.36158900 82.58738100 -0.03582900
5.35769500 82.48927400 -0.02945700
5.35720700 82.39235200 -0.03249500
5.35797900 82.29586800 -0.03901300
5.35775500 82.19903600 -0.04277500
5.35665200 82.10190000 -0.04411300
5.35654400 82.00510700 -0.04819600
5.35908600 81.90923000 -0.05959800
5.36414900 81.81422000 -0.07796700
5.36943400 81.71928200 -0.09694800
5.37107800 81.62308500 -0.10586700
5.36845200 81.52541800 -0.10299000
5.36527500 81.42756200 -0.09858600
5.36539900 81.33084100 -0.10330300
5.36545800 81.23409700 -0.10783900
5.35941700 81.13526300 -0.09552100
5.35338500 81.03643600 -0.08322500
5.34805000 80.93785100 -0.07285300
5.34243800 80.83917400 -0.06171600
5.33689100 80.74052300 -0.05075700
5.33234500 80.64221700 -0.04256300
5.33022400 80.54473800 -0.04106800
5.33152600 80.44842300 -0.04903100
5.33384800 80.35245300 -0.05981100
5.33423300 80.25582300 -0.06523700
5.33219700 80.15837300 -0.06397300
5.33066000 80.06109100 -0.06408600
5.33206400 79.96480400 -0.07232600
5.33346100 79.86851300 -0.08054500
5.33175400 79.77117400 -0.08018600
5.32621000 79.67254300 -0.06922300
5.31779600 79.57295000 -0.05032700
5.30926500 79.47332300 -0.03110600
5.30515900 79.37518700 -0.02411500
5.30839400 79.27951500 -0.03740700
5.31413100 79.18467600 -0.05760900
5.31747900 79.08903400 -0.07121200
5.31613600 78.99182100 -0.07184900
5.31235300 78.89379400 -0.06574300
5.30920000 78.79598000 -0.06137900
5.30686000 78.69843700 -0.05925900
5.30432600 78.60083200 -0.05660200
5.30002700 78.50264100 -0.04906400
5.29320400 78.40361500 -0.03455300
5.28612200 78.30450700 -0.01932200
5.28318200 78.20677600 -0.01553900
5.28385300 78.11023900 -0.02173100
5.28314800 78.01324800 -0.02412300
5.28842100 77.91822700 -0.04303300
5.28502300 77.82034500 -0.03797800
5.28612300 77.72394600 -0.04535500
5.28223100 77.62590300 -0.03893200
5.28686100 77.53066100 -0.05606000
5.28882100 77.43453900 -0.06581100
5.28715300 77.33722600 -0.06553200
5.28244700 77.23891900 -0.05685700
5.28498700 77.14298400 -0.06820600
5.28004300 77.04460300 -0.05887100
5.27657800 76.94670700 -0.05362100
5.27519800 76.84949100 -0.05413300
5.27646000 76.75313600 -0.06194800
5.27877800 76.65712200 -0.07267800
5.28087600 76.56103400 -0.08279700
5.28257800 76.46481500 -0.09182600
5.28237200 76.36797700 -0.09557700
5.27830700 76.26989000 -0.08866200
5.27185200 76.17103300 -0.07514100
5.26582000 76.07231700 -0.06278600
5.26077300 75.97392200 -0.05315300
5.25675900 75.87586300 -0.04637600
5.25439800 75.77833700 -0.04416300
5.25433400 75.68155000 -0.04830000
5.25647800 75.58547000 -0.05854000
5.25990300 75.48979800 -0.07231700
5.26323900 75.39409500 -0.08584900
5.26492300 75.29786000 -0.09481100
5.26390100 75.20075900 -0.09629700
5.26042700 75.10287700 -0.09100200
5.25496000 75.00436200 -0.08019800
5.24868900 74.90559400 -0.06716900
5.24465200 74.80754100 -0.06031500
5.24508400 74.71090700 -0.06581200
5.24778600 74.61499200 -0.07758300
5.24994600 74.51890200 -0.08785400
5.24997200 74.42213600 -0.09222500
5.24698700 74.32441800 -0.08827500
5.24113400 74.22579600 -0.07639300
5.23484600 74.12704200 -0.06331100
5.23121200 74.02912600 -0.05756000
5.23075600 73.93221200 -0.06059700
5.23098400 73.83551100 -0.06552000
5.23020200 73.73849300 -0.06765100
5.23039300 73.64177900 -0.07247000
5.23243600 73.54564400 -0.08240900
5.23518600 73.44972600 -0.09429700
5.23622600 73.35327300 -0.10146100
5.23364500 73.25569000 -0.09861600
5.22900400 73.15746700 -0.09007200
5.22641400 73.05988400 -0.08719800
5.22578500 72.96291200 -0.08974300
5.22330700 72.86536600 -0.08717700
5.21745000 72.76677400 -0.07527000
5.21120900 72.66806800 -0.06229700
5.20863900 72.57049900 -0.05947300
5.20856800 72.47370300 -0.06355700
5.20906500 72.37708000 -0.06920600
5.21238900 72.28132700 -0.08267300
5.21941800 72.18670900 -0.10638000
5.22675100 72.09217800 -0.13092600
5.23142600 71.99682700 -0.14812400
4.84592900 51.95456500 0.06043800
4.85942000 51.86083800 0.01905200
4.87355800 51.76724700 -0.02412700
4.87340600 51.67040300 -0.02775600
4.86560500 51.57182700 -0.01021700
4.85743200 51.47317200 0.00835500
4.85137400 51.37500000 0.02107200
4.84757300 51.27734000 0.02754400
4.84500400 51.17996000 0.03061000
4.84381700 51.08289100 0.02985000
4.84502200 50.98635800 0.02247200
4.84959200 50.89057600 0.00578300
4.85514200 50.79500900 -0.01361700
4.85607400 50.69840700 -0.02023300
4.85227900 50.60075100 -0.01376900
4.84780500 50.50294700 -0.00542500
4.84568400 50.40566800 -0.00359100
4.84515800 50.30874200 -0.00617200
4.84411400 50.21170200 -0.00731600
4.84239700 50.11451300 -0.00659700
4.84241200 50.01770600 -0.01067000
4.84525200 49.92152000 -0.02256300
4.84732300 49.82516200 -0.03232300
4.84427900 49.72768100 -0.02792700
4.83831200 49.62956200 -0.01544100
4.83289300 49.53156600 -0.00446800
4.82864200 49.43382900 0.00327000
4.82506700 49.33624100 0.00913900
4.82159800 49.23867800 0.01472000
4.81827100 49.14114700 0.01990300
4.81541800 49.04372200 0.02377800
4.81305400 48.94640300 0.02630400
4.81102300 48.84915700 0.02790500
4.81003600 48.75213600 0.02661900
4.80994900 48.65530900 0.02284400
4.80872100 48.55823700 0.02222600
4.80375400 48.46036400 0.03195900
4.79671800 48.36205200 0.04742000
4.79467000 48.26480900 0.04907700
4.79836600 48.16879000 0.03483500
4.80186600 48.07272600 0.02113900
4.79885100 47.97527600 0.02547400
4.79394400 47.87742600 0.03504800
4.79387800 47.78060300 0.03122500
4.79589500 47.68422000 0.02163400
4.79378800 47.58696500 0.02346200
4.78542400 47.48839400 0.04261000
4.78498200 47.39149300 0.03983100
4.78103800 47.29385700 0.04674600
4.78014000 47.19686100 0.04523300
4.77942700 47.09990300 0.04320600
4.77905600 47.00301700 0.04023500
4.77937300 46.90627300 0.03535900
4.77891300 46.80936600 0.03263700
4.77649500 46.71205400 0.03533600
4.77360800 46.61464500 0.03933300
4.77407800 46.51793200 0.03403800
4.77893200 46.42212100 0.01661100
4.78357900 46.32626300 -0.00024400
4.78528100 46.22979500 -0.00894400
4.78464500 46.13284700 -0.01117300
4.77803400 46.03467500 0.00313900
4.77326600 45.93688400 0.01235100
4.77123900 45.83965500 0.01397800
4.76699900 45.74197600 0.02173100
4.76087400 45.64391700 0.03470400
4.75703500 45.54632600 0.04134900
4.75734100 45.44957500 0.03652100
4.75854300 45.35300400 0.02921200
4.75690200 45.25585900 0.02977600
4.75206900 45.15807100 0.03917700
4.74644600 45.06012800 0.05076700
4.74381900 44.96278900 0.05406400
4.74623700 44.86646100 0.04339600
4.75002600 44.77040400 0.02893500
4.75098800 44.67377900 0.02229900
4.74832400 44.57643200 0.02570300
4.74340700 44.47863900 0.03534500
4.73979200 44.38110700 0.04138400
4.73900200 44.28413600 0.03960300
4.73846600 44.18721400 0.03712100
4.73806200 44.09031900 0.03427300
4.73896900 43.99368000 0.02779600
4.74053300 43.89716900 0.01950300
4.74064100 43.80037100 0.01524200
4.73971700 43.70337100 0.01383900
4.73910200 43.60643000 0.01158100
4.73790100 43.50937600 0.01094600
4.73418200 43.41183200 0.01728400
4.72804000 43.31382000 0.03033200
4.72234500 43.21589900 0.04214200
4.71814900 43.11827100 0.04980400
4.71518400 43.02088300 0.05405900
4.71326800 42.92369800 0.05541200
4.71342800 42.82691200 0.05101700
4.71740900 42.73085800 0.03604400
4.72344400 42.63519300 0.01538500
4.72588200 42.53883600 0.00468700
4.72270100 42.44140600 0.00954700
4.71642500 42.34338900 0.02297700
4.71166300 42.24566400 0.03221800
4.70908600 42.14835500 0.03540800
4.70604600 42.05096000 0.03988100
4.70104000 41.95319500 0.04980100
4.69653000 41.85552700 0.05834700
4.69658900 41.75872000 0.05424400
4.70069900 41.66267200 0.03892600
4.70441500 41.56654600 0.02470000
4.70384300 41.46961500 0.02234600
4.70067600 41.37220200 0.02717900
4.69946100 41.27515200 0.02660900
4.70092000 41.17859900 0.01863700
4.70325700 41.08220700 0.00823400
4.70361500 40.98544600 0.00331100
4.70128300 40.88818900 0.00583700
4.69914800 40.79096800 0.00782000
4.70112100 40.69450300 -0.00157100
4.70675800 40.59870700 -0.02110700
4.70804100 40.50211000 -0.02858500
4.70276800 40.40431500 -0.01790800
4.69654800 40.30635000 -0.00460800
4.69417300 40.20908800 -0.00195400
4.69258900 40.11197100 -0.00148900
4.68832300 40.01436900 0.00640300
4.69157600 39.91812700 -0.00652600
4.68553300 39.82020700 0.00629100
4.67769100 39.72196800 0.02408800
4.66721500 39.62326100 0.04918000
4.65946600 39.52504900 0.06672500
4.65917600 39.42817500 0.06361200
4.66222200 39.33189600 0.05126600
4.66459800 39.23549400 0.04077500
4.66705500 39.13910400 0.03006200
4.67150500 39.04306400 0.01383100
4.67442100 38.94674900 0.00184700
4.67197900 38.84948600 0.00470300
4.66503900 38.75143300 0.02001300
4.65744500 38.65326900 0.03713900
4.65255900 38.55558500 0.04676300
4.65096600 38.45848000 0.04727400
4.65077200 38.36161900 0.04390800
4.64996200 38.26465000 0.04225200
4.64833000 38.16753800 0.04287300
4.64693600 38.07046900 0.04283500
4.64561100 37.97341100 0.04260500
4.64165600 37.87590000 0.04966400
4.63638900 37.77816500 0.06035400
4.63272200 37.68070900 0.06661500
4.62978800 37.58338000 0.07084800
4.62644500 37.48598200 0.07621400
4.62272900 37.38852300 0.08261300
4.62039600 37.29130200 0.08518700
4.62206000 37.19476000 0.07668900
4.62655500 37.09869600 0.06035400
4.63099500 37.00261800 0.04417100
4.63199800 36.90595700 0.03750900
4.62778900 36.80841700 0.04528000
4.62281900 36.71075100 0.05516200
4.61955400 36.61337400 0.06032200
4.61683300 36.51609000 0.06397700
4.61319800 36.41865500 0.07016400
4.60983300 36.32126600 0.07560500
4.60774800 36.22409200 0.07750100
4.60518100 36.12683900 0.08073600
4.60021400 36.02919100 0.09061700
4.59434700 35.93139700 0.10299200
4.58849200 35.83360900 0.11533400
4.58207000 35.73573200 0.12925000
4.58341200 35.63913000 0.12166200
4.58034500 35.54180600 0.12628600
4.58304500 35.44542300 0.11494000
4.58953100 35.34965300 0.09310900
4.58572500 35.25220800 0.09978400
4.58508600 35.15527800 0.09768800
4.58814200 35.05894400 0.08535900
4.58259100 34.96122000 0.09687100
4.57896400 34.86381000 0.10305500
4.57628800 34.76655300 0.10660600
4.57494600 34.66951200 0.10646300
4.57468800 34.57264300 0.10331800
4.57426700 34.47574800 0.10062800
4.57277800 34.37868300 0.10089400
4.56974700 34.28137400 0.10543500
4.56572300 34.18391000 0.11272700
4.56370600 34.08676500 0.11445900
4.56439900 33.99004600 0.10868700
4.56398000 33.89315200 0.10599600
4.56031700 33.79575000 0.11229400
4.55579500 33.69821500 0.12096900
4.55486600 33.60124300 0.11969500
4.55679000 33.50471400 0.11051900
4.55725900 33.40795700 0.10537600
4.55602200 33.31093600 0.10495800
4.55472600 33.21390500 0.10470400
4.55430100 33.11700900 0.10203800
4.55443900 33.02019900 0.09781400
4.55350000 32.92322300 0.09657400
4.55089400 32.82599200 0.09995600
4.54672400 32.72852500 0.10766900
4.54226300 32.63101600 0.11618700
4.53789200 32.53352300 0.12446000
4.53267300 32.43590500 0.13508300
4.52856000 32.33845600 0.14264200
4.52981400 32.24181700 0.13533600
4.53725300 32.14610400 0.11089900
4.54425800 32.05031900 0.08766200
4.53991600 31.95283600 0.09586000
4.53420400 31.85515000 0.10785700
4.62176000 28.67116800 -0.26045500
4.58534100 28.47245100 -0.16713400
4.57590800 28.37429700 -0.14479100
4.57194400 28.27688700 -0.13759700
4.56995800 28.17974400 -0.13588000
4.55842100 27.98445100 -0.11148800
4.54712900 27.88607500 -0.08398600
4.53608900 27.78774000 -0.05718000
4.52926400 27.68997000 -0.04205200
4.52568900 27.59263400 -0.03592600
4.52210400 27.49529900 -0.02977300
4.51801100 27.39789900 -0.02221100
4.51424300 27.30054400 -0.01554600
4.51016200 27.20315000 -0.00801400
4.50298300 27.10535600 0.00810200
4.50066600 27.00819700 0.01074700
4.49075000 26.91005600 0.03445000
4.48590800 26.81257600 0.04409600
4.48272200 26.71531200 0.04915300
4.48012100 26.61812500 0.05259200
4.47986800 26.52123900 0.04952400
4.47839100 26.42419600 0.04985100
4.47211400 26.32654500 0.06347700
4.46421700 26.22869200 0.08159500
4.45668000 26.13089000 0.09871600
4.45045200 26.03325700 0.11221200
4.44688200 25.93596200 0.11834300
4.44630500 25.83904400 0.11618000
4.44828500 25.74244400 0.10693500
4.45174000 25.64602500 0.09360200
4.45376600 25.54942600 0.08423100
4.45208200 25.45236600 0.08514000
4.44641000 25.35481500 0.09710400
4.43740300 25.25685900 0.11831100
4.42677100 25.15870900 0.14402000
4.41911400 25.06093000 0.16148700
4.42015000 24.96421400 0.15486500
4.42664800 24.86815800 0.13310800
4.43289500 24.77206600 0.11205100
4.43572200 24.67555700 0.10046900
4.43354900 24.57844400 0.10274400
4.42868900 24.48101100 0.11246700
4.42347700 24.38353800 0.12316800
4.41854000 24.28610100 0.13310700
4.41481600 24.18881100 0.13968500
4.41282500 24.09172800 0.14146200
4.41154000 23.99472900 0.14128300
4.40998600 23.89769900 0.14185100
4.40767500 23.80058000 0.14451900
4.40381400 23.70328200 0.15148300
4.39962500 23.60594700 0.15935800
4.40079700 23.50923700 0.15237500
4.40663600 23.41306400 0.13246000
4.40981800 23.31658000 0.11991100
4.40824300 23.21954600 0.12054500
4.40626500 23.12246700 0.12229600
4.40644700 23.02563500 0.11806500
4.40643900 22.92878100 0.11435900
4.40390900 22.83164000 0.11764400
4.40354200 22.73474500 0.11493700
4.40575600 22.63813900 0.10507600
4.40780900 22.54151300 0.09566500
4.40911100 22.44480000 0.08833200
4.40849000 22.34787200 0.08633400
4.40553300 22.25068500 0.09080900
4.40203100 22.15343800 0.09679500
4.40046800 22.05640700 0.09740900
4.40099300 21.95960600 0.09224000
4.40343900 21.86301400 0.08174300
4.40300700 21.76610500 0.07922600
4.39328500 21.66818700 0.10245900
4.38424400 21.57034900 0.12380400
4.37239600 21.47221500 0.15293400
4.36573600 21.37464600 0.16768300
4.36347000 21.27755300 0.17025600
4.36424400 21.18078400 0.16440200
4.36607200 21.08412700 0.15562900
4.36761400 20.98743700 0.14765000
4.36795400 20.89061800 0.14300300
4.36661800 20.79362200 0.14300400
4.36518100 20.69661600 0.14328300
4.36633500 20.59988100 0.13638300
4.36983700 20.50338800 0.12297700
4.37199600 20.40675200 0.11329400
4.37011000 20.30969700 0.11482500
4.36654200 20.21246900 0.12101800
4.36455600 20.11540500 0.12282600
4.36390800 20.01847800 0.12092900
4.36147700 19.92137000 0.12397300
4.35596800 19.82395100 0.13555200
4.34897100 19.72638500 0.15125500
4.34469900 19.62909800 0.15940600
4.34683500 19.53245600 0.14979800
4.35227700 19.43614100 0.13102600
4.35476000 19.33952700 0.12045600
4.35360100 19.24255000 0.11998300
4.35330700 19.14565800 0.11711300
4.35663300 19.04912100 0.10420900
4.36106700 18.95269000 0.08823800
4.36248800 18.85596000 0.08061600
4.35824300 18.75867800 0.08870300
4.35307900 18.66131000 0.09933800
4.34993400 18.56414000 0.10437800
4.34784100 18.46707200 0.10650300
4.34512200 18.36994500 0.11036600
4.34019900 18.27261000 0.12033800
4.33420500 18.17517600 0.13327900
4.33095700 18.07800500 0.13861100
4.33277900 17.98131300 0.12988900
4.33627500 17.88477600 0.11652700
4.33422100 17.78771700 0.11855400
4.32779400 17.69025300 0.13270100
4.32284900 17.59293000 0.14274200
4.32455000 17.49622200 0.13436200
4.33171600 17.40001500 0.11083100
4.33738800 17.30366400 0.09144200
4.33840900 17.20688500 0.08495100
4.33465800 17.10967200 0.09168700
4.32869600 17.01226100 0.10455500
4.32483300 16.91504300 0.11160600
4.32416700 16.81811300 0.10979200
4.32335700 16.72117100 0.10838100
4.31967100 16.62397200 0.11494500
4.31450100 16.52664500 0.12562200
4.31010000 16.42938900 0.13417100
4.30557100 16.33212400 0.14307300
4.30088700 16.23484800 0.15240700
4.30137700 16.13802400 0.14739900
4.30667900 16.04161500 0.12905000
4.31062300 15.94508400 0.11446700
4.31160000 15.84829500 0.10811100
4.31010000 15.75129400 0.10862300
4.30601300 15.65407300 0.11631000
4.30087400 15.55676600 0.12691300
4.29741900 15.45960400 0.13284900
4.29688300 15.36268800 0.13069300
4.29731700 15.26585200 0.12585000
4.29627100 15.16889300 0.12511100
4.29375500 15.07181200 0.12844800
4.29989400 14.97544400 0.10779100
4.29659300 14.87829700 0.11330800
4.29373500 14.78118900 0.11759600
4.29262100 14.68422400 0.11704900
4.29223800 14.58731800 0.11447900
4.29075500 14.49032200 0.11496000
4.28791600 14.39321900 0.11920100
4.28593400 14.29618600 0.12106700
4.28646000 14.19935100 0.11598000
4.28786300 14.10258500 0.10846200
4.28750300 14.00567900 0.10583300
4.28425600 13.90854600 0.11121200
4.27900900 13.81126100 0.12213600
4.27443400 13.71403000 0.13119700
4.27094700 13.61688600 0.13724400
4.26966300 13.51991200 0.13718400
4.27137200 13.42316700 0.12882700
4.27644600 13.32667400 0.11113900
4.28562700 13.23048500 0.08206300
4.29527200 13.13432400 0.05170300
4.29107200 13.03712200 0.05973400
4.29337000 12.94040500 0.04974700
4.28271200 12.84272900 0.07568800
4.27488300 12.74526800 0.09378400
4.27297700 12.64824500 0.09545800
4.27532500 12.55153100 0.08533700
4.27822200 12.45485500 0.07369600
4.27940000 12.35805200 0.06682200
4.27892200 12.26112900 0.06453900
4.27616600 12.16404400 0.06857600
4.27104200 12.06679200 0.07918000
4.26048900 11.96916200 0.10484000
4.24849400 11.87143800 0.13450000
4.24614800 11.77439400 0.13740400
4.06236800 -4.61025700 0.05447700
4.04231600 -8.29436100 -0.01883400
4.04256000 -8.39132700 -0.02288300
4.04159200 -8.48828000 -0.02356900
4.03669500 -8.58519100 -0.01334600
4.02879500 -8.68206500 0.00521300
4.02212900 -8.77894800 0.02035100
4.01853000 -8.87586300 0.02697300
4.01676200 -8.97280000 0.02851600
4.01479600 -9.06973300 0.03060800
4.01340200 -9.16667300 0.03111600
4.01540900 -9.26365900 0.02218200
4.01914000 -9.36067200 0.00846200
4.02245800 -9.45768200 -0.00410900
4.02336700 -9.55466000 -0.00999100
4.02279100 -9.65161700 -0.01174900
4.02278400 -9.74858300 -0.01508800
4.02254100 -9.84554600 -0.01776900
4.01976900 -9.94246900 -0.01342800
4.01260300 -10.03931700 0.00311000
4.01276500 -10.13628500 -0.00069100
4.00735000 -10.23315700 0.01098900
4.01276500 -10.33021900 -0.00739200
4.01097400 -10.42715400 -0.00577200
4.01196400 -10.52414100 -0.01186800
4.00620900 -10.62100100 0.00076300
4.00265800 -10.71790000 0.00727300
4.00420500 -10.81489700 -0.00036400
4.01141100 -10.91201100 -0.02371400
4.01463800 -11.00904900 -0.03601600
4.02000300 -11.10613600 -0.05425200
4.02082900 -11.20313000 -0.05988700
4.01944700 -11.30007800 -0.05939000
4.01816800 -11.39702900 -0.05917800
4.01725100 -11.49398700 -0.05996800
4.01713700 -11.59096300 -0.06299000
4.01652900 -11.68792900 -0.06463500
4.00989900 -11.78475300 -0.04956300
4.00462100 -11.88160500 -0.03824200
3.99684700 -11.97839300 -0.01999200
3.99326100 -12.07528000 -0.01336700
3.99071500 -12.17219100 -0.00962700
3.98964800 -12.26913800 -0.00999200
3.99176300 -12.36616700 -0.01919300
3.99615400 -12.46325900 -0.03471100
3.99975500 -12.56033400 -0.04803300
3.99855700 -12.65728200 -0.04803100
3.99418900 -12.75414400 -0.03922700
3.99391300 -12.85111700 -0.04178300
3.99921000 -12.94824700 -0.05981100
4.00644400 -13.04543800 -0.08321700
4.01231900 -13.14259600 -0.10284800
4.00894500 -13.23948700 -0.09679600
4.01052300 -13.33652400 -0.10449400
4.00653300 -13.43339500 -0.09673100
4.00605900 -13.53037200 -0.09873100
4.00249600 -13.62725300 -0.09215000
4.00352900 -13.72427600 -0.09833000
4.00304300 -13.82125300 -0.10029300
3.99800300 -13.91808400 -0.08961000
3.99102600 -14.01484900 -0.07354500
3.98524300 -14.11164900 -0.06079800
3.98192200 -14.20852700 -0.05488300
3.98263400 -14.30553800 -0.06016400
3.98762200 -14.40269600 -0.07731900
3.99410000 -14.49991000 -0.09860900
3.99867000 -14.59706300 -0.11460200
3.99926800 -14.69408100 -0.11956500
3.99625400 -14.79097300 -0.11449500
3.99146100 -14.88779800 -0.10448500
3.98761800 -14.98465600 -0.09711200
3.98772300 -15.08165600 -0.10070100
3.98933800 -15.17871300 -0.10848100
3.98627900 -15.27559600 -0.10328100
3.97972400 -15.37234700 -0.08837400
3.97357700 -15.46910800 -0.07459700
3.96949300 -15.56594600 -0.06654900
3.96760500 -15.66286600 -0.06459600
3.96727300 -15.75984700 -0.06696200
3.96730000 -15.85684200 -0.07032700
3.96725400 -15.95383600 -0.07348700
3.96853800 -16.05088400 -0.08033700
3.97158100 -16.14800600 -0.09207100
3.97187300 -16.24501700 -0.09616600
3.96593600 -16.34177000 -0.08296300
3.95777600 -16.43842600 -0.06358500
3.95184600 -16.53517100 -0.05039600
3.95074100 -16.63211900 -0.05060700
3.95370200 -16.72924200 -0.06210900
3.95576800 -16.82632900 -0.07112200
3.95418200 -16.92325900 -0.06999300
3.95144700 -17.02013600 -0.06567300
3.95139100 -17.11713300 -0.06879100
3.95472700 -17.21428200 -0.08132900
3.95953900 -17.31150300 -0.09796400
3.96389400 -17.40870700 -0.11332900
3.96679900 -17.50584800 -0.12466500
3.96708400 -17.60287000 -0.12872500
3.96355400 -17.69971300 -0.12219000
3.95716000 -17.79641900 -0.10769800
3.95061300 -17.89311400 -0.09278400
3.94607800 -17.98990100 -0.08345200
3.94317100 -18.08676400 -0.07864000
3.93988300 -18.18360800 -0.07277100
3.93530500 -18.28038600 -0.06331800
3.93078500 -18.37716400 -0.05402500
3.93057100 -18.47415500 -0.05668800
3.93436700 -18.57135000 -0.07049000
3.93771600 -18.66852500 -0.08304600
3.93724100 -18.76550700 -0.08498300
3.93225800 -18.86225800 -0.07439700
3.92594400 -18.95893600 -0.06011400
3.92361600 -19.05581900 -0.05690000
3.92833200 -19.15307200 -0.07324700
3.93410300 -19.25038600 -0.09252600
3.93690700 -19.34754600 -0.10356200
3.93567400 -19.44449200 -0.10338600
3.92976600 -19.54118400 -0.09022200
3.92109500 -19.63772100 -0.06938500
3.91501100 -19.73439400 -0.05573000
3.91253600 -19.83126400 -0.05210000
3.91903600 -19.92863300 -0.07339500
3.91795900 -20.02558300 -0.07364600
3.91796700 -20.12259400 -0.07690800
3.91962200 -20.21969900 -0.08474200
3.91501500 -20.31644800 -0.07518500
3.91792600 -20.41362700 -0.08650600
3.91920500 -20.51071500 -0.09329400
3.91670700 -20.60758400 -0.08958900
3.91148400 -20.70429100 -0.07831700
3.91632600 -20.80159200 -0.09499800
3.91355900 -20.89844300 -0.09054400
3.91501900 -20.99554600 -0.09782700
3.91858400 -21.09277900 -0.11095800
3.91639500 -21.18966500 -0.10810600
3.91733600 -21.28674200 -0.11394600
3.91456800 -21.38359200 -0.10948500
3.91890400 -21.48088100 -0.12475300
3.91274400 -21.57751900 -0.11086600
3.90474400 -21.67403800 -0.09186500
3.89648400 -21.77053600 -0.07214400
3.88877800 -21.86706300 -0.05395800
3.88346200 -21.96373800 -0.04241200
3.88188300 -22.06064900 -0.04124300
3.88275200 -22.15771900 -0.04687400
3.88508700 -22.25488500 -0.05657500
3.88855000 -22.35212700 -0.06940900
3.89107000 -22.44931100 -0.07962100
3.89063700 -22.54630300 -0.08163300
3.88642100 -22.64304200 -0.07313100
3.87831700 -22.73951900 -0.05383100
3.87051300 -22.83601100 -0.03536000
3.86667000 -22.93276600 -0.02789200
3.86762100 -23.02984500 -0.03374000
3.87104000 -23.12709500 -0.04644500
3.87244400 -23.22421000 -0.05354800
3.87121900 -23.32114400 -0.05334900
3.86928300 -23.41802900 -0.05117500
3.86819100 -23.51497100 -0.05134100
3.86719700 -23.61192100 -0.05178100
3.86358000 -23.70868500 -0.04493200
3.85812300 -23.80531700 -0.03296900
3.85573800 -23.90216400 -0.02954100
3.85632800 -23.99922500 -0.03437600
3.85603500 -24.09622300 -0.03675700
3.85542200 -24.19319800 -0.03824700
3.85563400 -24.29023400 -0.04202800
3.85618100 -24.38729600 -0.04674000
3.85505800 -24.48423500 -0.04680900
3.85199400 -24.58103100 -0.04148700
3.84896400 -24.67782700 -0.03625700
3.84677500 -24.77468500 -0.03336300
3.84537500 -24.87160100 -0.03265800
3.84531100 -24.96861800 -0.03566700
3.84670500 -25.06574700 -0.04272400
3.84712700 -25.16280400 -0.04707700
3.84539800 -25.25969600 -0.04545700
3.84446400 -25.35664900 -0.04604000
3.84559500 -25.45376300 -0.05236200
3.84510500 -25.55075200 -0.05417800
3.83835900 -25.64725000 -0.03861600
3.82878400 -25.74352100 -0.01519000
3.82229300 -25.84002900 -0.00033000
3.82104700 -25.93695100 -0.00004100
3.82342800 -26.03416300 -0.00982800
3.82512100 -26.13132300 -0.01770400
3.82345500 -26.22821300 -0.01624500
3.81961700 -26.32492600 -0.00875100
3.81766700 -26.42179200 -0.00650100
3.82193100 -26.51916500 -0.02151700
3.83033500 -26.61688400 -0.04803100
3.83690100 -26.71445800 -0.06943800
3.83785400 -26.81157100 -0.07525200
3.83413800 -26.90829600 -0.06808800
3.82986300 -27.00497200 -0.05937300
3.82530700 -27.10162200 -0.04987500
3.81802700 -27.19803900 -0.03280700
3.81585800 -27.29488500 -0.02994000
3.81166800 -27.39155800 -0.02145600
3.81531000 -27.48890000 -0.03473000
3.81609800 -27.58600000 -0.04007500
3.81983300 -27.68335700 -0.05360800
3.81853000 -27.78027900 -0.05313900
3.81548100 -27.87704900 -0.04782000
3.81459800 -27.97400600 -0.04851700
3.81674600 -28.07123200 -0.05763400
3.81984100 -28.16854300 -0.06938300
3.78895700 -28.26283800 0.01328200
3.77216900 -28.35836800 0.05678300
3.58029500 -48.52382600 -0.04051000
3.58809700 -48.62226400 -0.06512900
3.58889400 -48.71951900 -0.07026400
3.58588300 -48.81612600 -0.06480700
3.58124800 -48.91245400 -0.05483100
3.57815700 -49.00904400 -0.04914700
3.57800400 -49.10613600 -0.05163500
3.57817500 -49.20328500 -0.05502300
3.57664600 -49.30014100 -0.05368100
3.57515600 -49.39700400 -0.05244800
3.57564300 -49.49420900 -0.05671200
3.57689600 -49.59154800 -0.06310600
3.57706300 -49.68870000 -0.06647600
3.57561500 -49.78557100 -0.06535700
3.57410700 -49.88243200 -0.06406600
3.57490800 -49.97969600 -0.06919600
3.57669100 -50.07713400 -0.07706100
3.57640000 -50.17420900 -0.07915300
3.57201800 -50.27056500 -0.06986500
3.56082600 -50.36571500 -0.04163300
3.54701000 -50.46039300 -0.00609800
3.54039200 -50.55633800 0.00941100
3.54033100 -50.65344400 0.00668700
3.54495300 -50.75138400 -0.00906600
3.55125100 -50.84962900 -0.02947900
3.55582000 -50.94756900 -0.04508000
3.55768900 -51.04503000 -0.05317200
3.55799900 -51.14221300 -0.05692600
3.55874400 -51.23947600 -0.06188800
3.56016500 -51.33686200 -0.06873000
3.56127400 -51.43419300 -0.07470200
3.56042600 -51.53117100 -0.07523000
3.55803400 -51.62786900 -0.07146300
3.55889700 -51.72515800 -0.07674700
3.56017100 -51.82252400 -0.08317500
3.55686100 -51.91905400 -0.07685100
3.54924600 -52.01479400 -0.05854800
3.54067600 -52.11035300 -0.03758800
3.53871400 -52.20712200 -0.03500700
3.54231700 -52.30491600 -0.04790900
3.54666000 -52.40285000 -0.06286900
3.54846900 -52.50031900 -0.07077500
3.54723500 -52.59722600 -0.07021900
3.54533600 -52.69400900 -0.06780800
3.54472800 -52.79103200 -0.06899200
3.54648400 -52.88849700 -0.07674700
3.54902400 -52.98611000 -0.08668500
3.54842800 -53.08313800 -0.08789400
3.54497900 -53.17963100 -0.08116900
3.54006900 -53.27584800 -0.07037800
3.53650800 -53.37231500 -0.06333700
3.53436800 -53.46904900 -0.06024700
3.52934700 -53.56523700 -0.04914400
3.52864500 -53.66224100 -0.05005100
3.53998100 -53.76153400 -0.08445300
3.54606900 -53.85983600 -0.10425100
3.54379700 -53.95654900 -0.10079000
3.53624400 -54.05225000 -0.08263400
3.53055000 -54.14830300 -0.06965200
3.53152300 -54.24563300 -0.07521600
3.53596200 -54.34363000 -0.09042100
3.53818700 -54.44120500 -0.09946600
3.53582100 -54.53789600 -0.09573600
3.53382800 -54.63465800 -0.09304400
3.53573100 -54.73217500 -0.10119000
3.53881400 -54.82992300 -0.11261700
3.54057900 -54.92741800 -0.12037700
3.54070400 -55.02459600 -0.12357300
3.53932500 -55.12148000 -0.12258500
3.53586400 -55.21795600 -0.11580000
3.52867400 -55.31369800 -0.09864200
3.52869200 -55.41085300 -0.10153500
3.52669700 -55.50761200 -0.09882700
3.52737000 -55.60489700 -0.10354000
3.53494400 -55.70354900 -0.12745500
3.54073300 -55.80185300 -0.14640200
3.53963400 -55.89879500 -0.14618400
3.53173600 -55.99438400 -0.12704600
3.53038100 -56.09127200 -0.12611200
3.52321700 -56.18700000 -0.10901300
3.51877000 -56.28326600 -0.09947500
3.51575900 -56.37981800 -0.09392900
3.51447400 -56.47671600 -0.09318700
3.51459500 -56.57389500 -0.09635400
3.51337100 -56.67080500 -0.09577700
3.50946800 -56.76717300 -0.08774500
3.50599400 -56.86362600 -0.08090600
3.50466300 -56.96051100 -0.08003000
3.50573400 -57.05788500 -0.08583600
3.51013000 -57.15593700 -0.10089300
3.51689500 -57.25447600 -0.12254100
3.52253600 -57.35279100 -0.14106000
3.52360600 -57.45017600 -0.14685800
3.52078800 -57.54676500 -0.14183600
3.51897500 -57.64355900 -0.13961100
3.51975800 -57.74088700 -0.14460900
3.51826400 -57.83774700 -0.14326700
3.51235300 -57.93369300 -0.12963600
3.50638400 -58.02962400 -0.11584200
3.50642000 -58.12679700 -0.11875500
3.51104300 -58.22492400 -0.13443400
3.51539500 -58.32299800 -0.14935400
3.51734100 -58.42057500 -0.15757900
3.51573000 -58.51741100 -0.15590900
3.51123700 -58.61364300 -0.14621400
3.50458100 -58.70941900 -0.13049900
3.49714600 -58.80502700 -0.11261500
3.49130800 -58.90096600 -0.09917400
3.48815100 -58.99746700 -0.09319200
3.48917500 -59.09484900 -0.09884600
3.49600300 -59.19346200 -0.12064800
3.50556600 -59.29266000 -0.15006300
3.51111300 -59.39101300 -0.16830000
3.50990200 -59.48793400 -0.16772900
3.50602500 -59.58428600 -0.15973600
3.50257100 -59.68072600 -0.15292200
3.49997400 -59.77734700 -0.14849000
3.49688400 -59.87386200 -0.14268700
3.49242600 -59.97008100 -0.13307300
3.48664300 -60.06601300 -0.11977100
3.48064800 -60.16189500 -0.10587900
3.47510200 -60.25787100 -0.09323600
3.47126200 -60.35421200 -0.08533700
3.47047800 -60.45121300 -0.08594200
3.47316100 -60.54896600 -0.09619900
3.47742300 -60.64706600 -0.11084300
3.47880600 -60.74454300 -0.11747800
3.47546400 -60.84099000 -0.11096100
3.47060700 -60.93710500 -0.10022800
3.46760900 -61.03362400 -0.09466400
3.46711000 -61.13068900 -0.09605800
3.46842500 -61.22815400 -0.10249500
3.46975300 -61.32562300 -0.10897000
3.46722400 -61.42224300 -0.10470800
3.45983600 -61.51778900 -0.08692500
3.45524200 -61.61394800 -0.07691400
3.45561400 -61.71120600 -0.08072300
3.45719100 -61.80873200 -0.08788400
3.45777300 -61.90603800 -0.09227600
3.45759200 -62.00317600 -0.09454300
3.45826200 -62.10050500 -0.09917700
3.45942200 -62.19794400 -0.10517500
3.45966000 -62.29517900 -0.10860500
5.68952400 101.96426600 -0.04796100
5.69435700 101.86959800 -0.06589200
5.69806500 101.77444800 -0.08071400
5.69984400 101.67848000 -0.09021500
5.70063500 101.58209100 -0.09698400
5.70187100 101.48588900 -0.10498300
5.70174800 101.38911200 -0.10923000
5.69642300 101.29014200 -0.09911800
5.68625500 101.18913700 -0.07563500
5.68095700 101.09018700 -0.06559600
5.67162300 100.98954400 -0.04441200
5.66721200 100.89097400 -0.03681900
5.66600400 100.79375000 -0.03806300
5.66708300 100.69748600 -0.04562100
5.67001800 100.60199600 -0.05830000
5.67312800 100.50657600 -0.07146000
5.67079000 100.40887700 -0.06958200
5.66419500 100.30940000 -0.05595200
5.65895800 100.21049500 -0.04607200
5.65577800 100.11245000 -0.04186500
5.65341200 100.01474500 -0.03990700
5.65200600 99.91744100 -0.04059400
5.65231000 99.82084800 -0.04600400
5.65366500 99.72469000 -0.05431400
5.65361000 99.62794500 -0.05872700
5.65137600 99.53029700 -0.05712900
5.64717400 99.43183400 -0.05009300
5.64259000 99.33321600 -0.04200500
5.64013300 99.23547900 -0.03978500
5.63987400 99.13865100 -0.04363200
5.64062800 99.04224100 -0.05027600
5.64084100 98.94560600 -0.05542400
5.64357000 98.85000600 -0.06751800
5.64754100 98.75491500 -0.08303800
5.64929900 98.65890900 -0.09244700
5.64831100 98.56177400 -0.09427700
5.64583000 98.46402700 -0.09198400
5.64242700 98.36590200 -0.08714400
5.63729600 98.26707100 -0.07753200
5.62950600 98.16715600 -0.06057900
5.62171600 98.06724500 -0.04362500
5.61925700 97.96951800 -0.04138900
5.61963000 97.87294600 -0.04696800
5.61751600 97.77535900 -0.04567800
5.61618500 97.67809300 -0.04655100
5.61831100 97.58223300 -0.05696600
5.62216300 97.48707200 -0.07214500
5.62453200 97.39130500 -0.08323200
5.62509900 97.29480500 -0.08933800
5.62420200 97.19770900 -0.09140300
5.62288600 97.10044400 -0.09231200
5.62369700 97.00404000 -0.09909400
5.62755200 96.90886500 -0.11427600
5.62925900 96.81281800 -0.12352700
5.62210000 96.71319200 -0.10829800
5.60993700 96.61155400 -0.07925500
5.59860400 96.51025900 -0.05250000
5.59165400 96.41073500 -0.03784700
5.59009700 96.31338200 -0.03808100
5.59245700 96.21760300 -0.04912800
5.59727200 96.12280700 -0.06695300
5.60260900 96.02821500 -0.08621700
5.60475400 95.93234000 -0.09666900
5.60394100 95.83527900 -0.09895300
5.60212100 95.73781600 -0.09845400
5.60040400 95.64039400 -0.09824100
5.59804400 95.54271700 -0.09624900
5.59095700 95.44315600 -0.08120600
5.57790200 95.34122500 -0.04968500
5.57526000 95.24344300 -0.04691000
5.57341800 95.14598200 -0.04634500
5.57905900 95.05149100 -0.06643900
5.58472000 94.95700300 -0.08658800
5.57550800 94.85661700 -0.06567200
5.58038000 94.76181200 -0.08364000
5.57578700 94.66326000 -0.07547500
5.57580200 94.56653100 -0.08003000
5.57843400 94.47083400 -0.09181200
5.57944200 94.37449300 -0.09910800
5.57729100 94.27690700 -0.09768000
5.57175600 94.17799000 -0.08690800
5.56640600 94.07914900 -0.07664400
5.56513500 93.98191300 -0.07764500
5.56818300 93.88637300 -0.09056800
5.56993800 93.79032200 -0.09992000
5.56701300 93.69243600 -0.09635000
5.56241600 93.59389800 -0.08816200
5.56004600 93.49623200 -0.08612100
5.56050800 93.39967400 -0.09189700
5.55965200 93.30260000 -0.09403500
5.55953400 93.20581400 -0.09821000
5.56417300 93.11087900 -0.11551900
5.56957400 93.01623600 -0.13493200
5.56933900 92.91939800 -0.13878000
5.56376400 92.82048700 -0.12788400
5.55698300 92.72111100 -0.11365200
5.55175600 92.62234100 -0.10371400
5.54894600 92.52451100 -0.10044700
5.54694400 92.42699400 -0.09941200
5.54329200 92.32884000 -0.09381800
5.53917600 92.23050900 -0.08694200
5.53799500 92.13331300 -0.08817100
5.53947300 92.03714000 -0.09674000
5.53950300 91.94040800 -0.10130900
5.53766600 91.84295800 -0.10072300
5.53597700 91.74556500 -0.10054300
5.53497200 91.64843600 -0.10225300
5.53334600 91.55106800 -0.10224500
5.53159400 91.45365200 -0.10189000
5.53130400 91.35679600 -0.10556800
5.53129000 91.26004500 -0.11001100
5.53013600 91.16285800 -0.11130400
5.52782700 91.06523100 -0.10940500
5.52567600 90.96766400 -0.10794000
5.52477500 90.87057400 -0.10992700
5.52387100 90.77348400 -0.11190800
5.52263100 90.67626500 -0.11295700
5.52139900 90.57904900 -0.11402500
5.51864600 90.48125700 -0.11089500
5.51357200 90.38258800 -0.10135400
5.50954000 90.28431500 -0.09468700
5.50975000 90.18764800 -0.09973600
5.51198000 90.09174300 -0.11036200
5.51075700 89.99453300 -0.11145200
5.50410500 89.89527700 -0.09754500
5.49782900 89.79616800 -0.08467800
5.49781700 89.69941700 -0.08910600
5.49838200 89.60288300 -0.09513100
5.49701400 89.50562200 -0.09581400
5.49339000 89.40751500 -0.09026400
5.48865800 89.30899600 -0.08165500
5.48805900 89.21202500 -0.08445700
5.49241000 89.11690400 -0.10093200
5.49592600 89.02146800 -0.11510100
5.49700500 88.92511800 -0.12253600
5.49398300 88.82724000 -0.11864400
5.48783800 88.72820000 -0.10612500
5.48231300 88.62939500 -0.09531700
5.48002900 88.53179700 -0.09346000
5.48520500 88.43696800 -0.11220500
5.48289900 88.33936100 -0.11028500
5.48059000 88.24175400 -0.10835500
5.47685500 88.14362000 -0.10248700
5.47244300 88.04523800 -0.09474700
5.46677000 87.94639300 -0.08352300
5.46560900 87.84921600 -0.08475900
5.47137700 87.75459100 -0.10513500
5.47719100 87.65997800 -0.12563600
5.47726500 87.56324900 -0.13028000
5.47202600 87.46456900 -0.12024800
5.46770900 87.36623000 -0.11276300
5.46657800 87.26906100 -0.11407700
5.46662700 87.17232400 -0.11865000
5.46673800 87.07560900 -0.12339300
5.46690000 86.97891200 -0.12827400
5.46595100 86.88180800 -0.13008700
5.46181400 86.78354200 -0.12309200
5.45490700 86.68427000 -0.10844400
5.44892300 86.58533800 -0.09634600
5.44660100 86.48774000 -0.09436200
5.44539700 86.39055000 -0.09546300
5.44377300 86.29320700 -0.09540400
5.44372100 86.19643400 -0.09968900
5.44579500 86.10043000 -0.10984300
5.44645700 86.00391200 -0.11609500
5.44569700 85.90688100 -0.11842000
5.44382000 85.80944600 -0.11765800
5.44055200 85.71151000 -0.11305000
5.43673100 85.61337700 -0.10691500
5.43392800 85.51561200 -0.10359200
5.43324200 85.41860900 -0.10611600
5.43333000 85.32188300 -0.11077600
5.43419600 85.22543500 -0.11758400
5.43730700 85.12979000 -0.13059200
5.44156600 85.03455300 -0.14677100
5.44232600 84.93806100 -0.15328300
5.43775300 84.83966400 -0.14506400
5.43161300 84.74071100 -0.13251200
5.42658500 84.64215800 -0.12303300
5.42065600 84.54328700 -0.11106100
5.41435000 84.44428600 -0.09804800
5.41005800 84.34600500 -0.09059700
5.40843600 84.24867200 -0.09052300
5.40985300 84.15241700 -0.09884200
5.41503500 84.05749300 -0.11756300
5.42219900 83.96326400 -0.14175700
5.42969200 83.86914500 -0.16685900
5.43298400 83.77353800 -0.18035500
5.42695000 83.67464100 -0.16808400
5.41638600 83.57415300 -0.14329600
5.40710200 83.47412300 -0.12204600
5.40044600 83.37502200 -0.10805300
5.39567600 83.27658800 -0.09926900
5.39306300 83.17891200 -0.09644500
5.39234600 83.08190000 -0.09885600
5.39222500 82.98509800 -0.10291400
5.39109700 82.88794200 -0.10418900
5.38774300 82.79001000 -0.09931400
5.39139100 82.69452100 -0.11378000
5.38668600 82.59611900 -0.10516900
5.38624800 82.49920400 -0.10834700
5.38848200 82.40321800 -0.11890600
5.38975100 82.30689300 -0.12679400
5.38974400 82.21012500 -0.13116100
5.39059900 82.11365500 -0.13790600
5.38575400 82.01521100 -0.12890100
5.38601300 81.91853400 -0.13399700
5.39208600 81.82386200 -0.15515700
5.38670100 81.72523500 -0.14465700
5.38620500 81.62829500 -0.14766500
5.39056900 81.53302600 -0.16409900
5.38442200 81.43414100 -0.15149100
5.39039000 81.33941900 -0.17235600
5.38197700 81.23976000 -0.15348300
5.37452100 81.14043500 -0.13725300
5.37057700 81.04231700 -0.13072800
5.36688700 80.94428700 -0.12490300
5.36199900 80.84585100 -0.11576600
5.35967500 80.74829100 -0.11371200
5.36137400 80.65210300 -0.12277500
5.36432600 80.55633900 -0.13529800
5.36480100 80.45973000 -0.14097600
5.36216500 80.36206400 -0.13805500
5.35942200 80.26436300 -0.13484000
5.35996900 80.16777700 -0.14071400
5.36199500 80.07169100 -0.15067200
5.36154800 79.97476600 -0.15379800
5.35880200 79.87706600 -0.15056800
5.35656300 79.77953700 -0.14874000
5.35528200 79.68233200 -0.14955600
5.35232000 79.58456200 -0.14572600
5.34743300 79.48614600 -0.13657700
5.34189500 79.38751500 -0.12562700
5.33738400 79.28923200 -0.11751500
5.33496900 79.19165400 -0.11519400
5.33374000 79.09447300 -0.11614800
5.33118100 78.99684700 -0.11342500
5.32616300 78.89840300 -0.10390800
5.32165800 78.80013200 -0.09580500
5.31950000 78.70264500 -0.09418800
5.31873900 78.60562400 -0.09642900
5.32025100 78.50935800 -0.10495300
5.32318300 78.41356100 -0.11740000
5.32364900 78.31694400 -0.12303000
5.32068100 78.21918800 -0.11916800
5.31574700 78.12078500 -0.10987200
5.30970600 78.02201800 -0.09751600
5.30263400 77.92291600 -0.08231000
5.29916200 77.82500400 -0.07705300
5.30232100 77.72927600 -0.09012000
5.30474100 77.63330300 -0.10114200
5.30232400 77.53573800 -0.09879500
5.29564000 77.43677500 -0.08465700
5.28912700 77.33787200 -0.07098800
5.28779100 77.24066800 -0.07162600
5.29096200 77.14493700 -0.08472000
5.29450600 77.04932400 -0.09884200
5.29841700 76.95382700 -0.11397700
5.30412400 76.85891200 -0.13407800
5.31013300 76.76408900 -0.15500900
5.31354400 76.66841800 -0.16876100
5.31219300 76.57119700 -0.16935100
5.30708700 76.47276000 -0.15956100
5.30201300 76.37433600 -0.14985900
5.29880300 76.27651800 -0.14530900
5.29658400 76.17902100 -0.14349400
5.29473400 76.08164500 -0.14270000
5.29375700 75.98455000 -0.14431600
5.29435300 75.88796200 -0.15028000
5.29501000 75.79139300 -0.15641100
5.29268400 75.69386400 -0.15429600
5.28858000 75.59576600 -0.14726700
5.28516800 75.49789100 -0.14214800
5.29036700 75.40277400 -0.16082900
5.28716000 75.30496600 -0.15627500
5.28218100 75.20659400 -0.14682200
5.28158600 75.10962300 -0.14948400
5.28378300 75.01354000 -0.15986400
5.28460900 74.91701800 -0.16645100
5.28211100 74.81944000 -0.16385300
5.27733400 74.72114000 -0.15495200
5.27201000 74.62266900 -0.14453900
5.26893800 74.52491400 -0.14035000
5.26997500 74.42846000 -0.14751700
5.27473200 74.33317800 -0.16496400
5.27802000 74.23742900 -0.17835000
5.27372500 74.13928800 -0.17077500
5.26578400 74.04000300 -0.15312400
5.25973600 73.94131800 -0.14069900
5.25504700 73.84306300 -0.13203300
5.24998500 73.74469400 -0.12233400
5.24484300 73.64630300 -0.11241300
5.24078200 73.54825300 -0.10547800
5.23930200 73.45101200 -0.10567500
5.24199400 73.35507200 -0.11740600
5.24660100 73.25972600 -0.13442700
5.24696200 73.16305500 -0.13971200
5.23817300 73.06353900 -0.11970400
5.22944600 72.96404800 -0.09986400
4.83954700 53.01780200 0.12273900
4.84986000 52.92340500 0.09013900
4.86925900 52.83110300 0.03239400
4.88409800 52.73773100 -0.01273000
4.89003400 52.64229500 -0.03321600
4.89142700 52.54580700 -0.04113100
4.88934700 52.44851900 -0.03943600
4.88679000 52.35112200 -0.03641600
4.88416900 52.25371200 -0.03322000
4.88780400 52.15773400 -0.04733700
4.88167300 52.05952300 -0.03442400
4.87591300 51.96140000 -0.02253700
4.87061100 51.86338500 -0.01192000
4.86386500 51.76504500 0.00270000
4.85794500 51.66689700 0.01503100
4.85571100 51.56958700 0.01716500
4.85982100 51.47371200 0.00174300
4.86899400 51.37897600 -0.02768900
4.87614900 51.28377800 -0.05153700
4.87589800 51.18690700 -0.05488800
4.87087500 51.08896500 -0.04503200
4.86467600 50.99076200 -0.03191800
4.85910000 50.89270300 -0.02052900
4.85472700 50.79491600 -0.01246600
4.85145400 50.69737700 -0.00744800
4.85048800 50.60035300 -0.00881400
4.85256500 50.50400500 -0.01859900
4.85594900 50.40794500 -0.03200100
4.85705300 50.31137600 -0.03909200
4.85492700 50.21409200 -0.03724300
4.85188100 50.11660600 -0.03284500
4.85042700 50.01947200 -0.03285300
4.85225200 49.92306000 -0.04193500
4.85363900 49.82654900 -0.04980300
4.85155400 49.72927600 -0.04806300
4.84810300 49.63170400 -0.04253900
4.84428300 49.53405400 -0.03599400
4.83935700 49.43616500 -0.02638500
4.83326100 49.33802400 -0.01353900
4.82680200 49.23980800 0.00031500
4.82286200 49.14214300 0.00719900
4.82249600 49.04525400 0.00418900
4.82273700 48.94849500 -0.00049700
4.82333000 48.85181200 -0.00615800
4.82491300 48.75534000 -0.01455800
4.82700900 48.65897700 -0.02437600
4.82829500 48.56243700 -0.03195100
4.82724500 48.46539600 -0.03305800
4.82270900 48.36760900 -0.02451700
4.81590000 48.26934000 -0.00968500
4.80951300 48.17116500 0.00398200
4.80477400 48.07334400 0.01309000
4.80122800 47.97578000 0.01889600
4.79917600 47.87853500 0.02056700
4.79672900 47.78120600 0.02333400
4.79363400 47.68374200 0.02789400
4.79126100 47.58643200 0.03045600
4.78962800 47.48927900 0.03097300
4.78778500 47.39208100 0.03207200
4.78596100 47.29488900 0.03311800
4.78468300 47.19781100 0.03265700
4.78521600 47.10111200 0.02718300
4.78824700 47.00493300 0.01479300
4.79020500 46.90852700 0.00537600
4.78827200 46.81131000 0.00673200
4.78593000 46.71401000 0.00921900
4.78524000 46.61705200 0.00713400
4.78278900 46.51973100 0.00992500
4.78825400 46.42404300 -0.00919400
4.78722900 46.32701400 -0.01034600
4.78951900 46.23066600 -0.02067500
4.79139500 46.13423100 -0.02985900
4.78815100 46.03674500 -0.02486500
4.78424000 45.93912600 -0.01802600
4.78086900 45.84161800 -0.01267900
4.77645900 45.74390100 -0.00445500
4.77156000 45.64608800 0.00512200
4.76777300 45.54850300 0.01162400
4.76828200 45.45178900 0.00623300
4.77432200 45.35619100 -0.01446800
4.78137500 45.26079200 -0.03797000
4.78588900 45.16487600 -0.05444500
4.78541400 45.06795400 -0.05710700
4.77903600 44.96984800 -0.04342600
4.76938100 44.87109100 -0.02067400
4.76030900 44.77245700 0.00046800
4.75308100 44.67419600 0.01650500
4.74885300 44.57653800 0.02423700
4.74947000 44.47984300 0.01855900
4.75337700 44.38379900 0.00377400
4.75732100 44.28775800 -0.01111300
4.75733700 44.19093900 -0.01512300
4.75401100 44.09346000 -0.00988100
4.75111400 43.99606800 -0.00582500
4.74859400 43.89875100 -0.00281400
4.74625300 43.80147000 -0.00029500
4.74457100 43.70431900 0.00040000
4.74308500 43.60720700 0.00055200
4.74140600 43.51005800 0.00124100
4.74073500 43.41310500 -0.00085700
4.74196900 43.31652200 -0.00823300
4.74315600 43.21992700 -0.01547400
4.74198300 43.12287500 -0.01618300
4.73766800 43.02521700 -0.00819000
4.73250700 42.92739900 0.00214700
4.72882900 42.82987000 0.00837600
4.72685900 42.73266900 0.00988200
4.72335500 42.63517600 0.01563300
4.71845700 42.53741900 0.02524400
4.71602000 42.44013300 0.02804600
4.71805700 42.34369900 0.01845900
4.72253100 42.24772600 0.00212500
4.72501900 42.15137200 -0.00870600
4.72355100 42.05426700 -0.00858500
4.71743800 41.95628800 0.00439800
4.71017800 41.85809600 0.02055900
4.71426200 41.76204000 0.00531100
4.72311200 41.66687300 -0.02313200
4.72943000 41.57122500 -0.04456200
4.72968900 41.47444000 -0.04921700
4.72222200 41.37621500 -0.03247700
4.71103100 41.27730300 -0.00542700
4.70051700 41.17852400 0.01975200
4.69414100 41.08051900 0.03347400
4.69311200 40.98350600 0.03239200
4.69476400 40.88698700 0.02388900
4.69731400 40.79063100 0.01289700
4.70026600 40.69434600 0.00079700
4.70348800 40.59810800 -0.01205100
4.70378900 40.50133200 -0.01681200
4.70103900 40.40399900 -0.01312000
4.69790800 40.30659800 -0.00837600
4.69568300 40.20936300 -0.00613700
4.69393200 40.11221500 -0.00521000
4.69053300 40.01476900 0.00028300
4.69347900 39.91847100 -0.01179300
4.68845100 39.82073300 -0.00179000
4.68668900 39.72358500 -0.00082800
4.68473800 39.62640400 0.00065800
4.67947900 39.52863200 0.01130700
4.67496600 39.43099600 0.01989100
4.67331700 39.33387300 0.02054300
4.67477000 39.23730300 0.01260700
4.67734600 39.14093000 0.00156500
4.67913500 39.04441500 -0.00730000
4.67967200 38.94767700 -0.01269400
4.67792800 38.85053500 -0.01177300
4.67304600 38.75284200 -0.00216100
4.66571400 38.65472100 0.01424000
4.65833400 38.55659700 0.03077300
4.65446000 38.45909100 0.03759700
4.65563700 38.36246800 0.03043600
4.65823000 38.26608900 0.01935500
4.65817400 38.16924800 0.01561100
4.65459300 38.07179600 0.02162900
4.64822400 37.97386300 0.03536900
4.64090400 37.87577000 0.05174300
4.63555200 37.77802100 0.06267000
4.63364600 37.68086800 0.06405500
4.63307100 37.58394300 0.06175400
4.63088600 37.48674200 0.06391600
4.62606900 37.38909300 0.07336400
4.62019000 37.29126700 0.08575700
4.61494800 37.19355200 0.09638500
4.61168300 37.09617600 0.10154000
4.61415400 36.99977100 0.09081000
4.62027700 36.90398000 0.06996900
4.62286500 36.80758800 0.05891600
4.62095100 36.71043700 0.06033500
4.61662800 36.61288400 0.06842500
4.61255200 36.51537400 0.07583400
4.60978500 36.41808500 0.07961700
4.60662800 36.32073300 0.08448300
4.60346800 36.22338200 0.08935500
4.60214800 36.12633700 0.08913500
4.60260300 36.02958600 0.08400000
4.60290300 35.93280800 0.07929400
4.60004800 35.83551000 0.08332900
4.59327900 35.73757100 0.09820500
4.59451200 35.64094700 0.09091900
4.59358300 35.54396800 0.08962300
4.58925700 35.44643500 0.09773600
4.59364100 35.35032100 0.08172600
4.59658200 35.25396900 0.06971400
4.59827800 35.15741200 0.06115100
4.59731100 35.06042400 0.05996300
4.59359100 34.96299200 0.06640500
4.58913700 34.86544400 0.07487900
4.58662000 34.76820900 0.07798900
4.58564600 34.67122300 0.07682600
4.58405300 34.57413700 0.07738000
4.58847600 34.47800900 0.06127000
4.58251100 34.38022800 0.07393500
4.57799800 34.28268100 0.08258100
4.57543300 34.18544400 0.08583200
4.57553000 34.08862800 0.08171000
4.57906900 33.99235300 0.06805400
4.58171700 33.89593400 0.05686700
4.57760400 33.79845500 0.06440900
4.56992100 33.70042000 0.08184200
4.56366200 33.60261300 0.09533100
4.55933300 33.50510900 0.10347600
4.55563800 33.40770600 0.10986400
4.55232000 33.31036400 0.11521100
4.54923300 33.21305900 0.11991900
4.54477500 33.11554400 0.12842400
4.53956100 33.01791700 0.13902600
4.25055600 13.03410100 0.17207900
4.24596700 12.93688800 0.18118800
4.25035000 12.84034000 0.16542200
4.26115600 12.74426000 0.13184700
4.26747300 12.64784300 0.11071800
4.26961100 12.55111600 0.10118200
4.27155400 12.45437300 0.09218600
4.27813200 12.35796100 0.07033700
4.28908000 12.26185500 0.03637300
4.29140000 12.16512700 0.02633200
4.28211900 12.06757600 0.04846500
4.26993200 11.96982600 0.07865400
4.26045700 11.87227500 0.10132700
4.25707700 11.77515500 0.10709800
4.25886300 11.67839400 0.09854600
4.26320100 11.58180600 0.08291800
4.26818900 11.48525900 0.06548800
4.27071200 11.38853900 0.05489400
4.26949600 11.29156400 0.05467000
4.26372600 11.19428200 0.06707600
4.25571700 11.09685400 0.08569300
4.24892200 10.99951300 0.10094400
4.24505900 10.90236900 0.10806500
4.24424100 10.80542900 0.10674200
4.24446500 10.70855600 0.10253200
4.24380400 10.61162400 0.10077800
4.24319600 10.51469600 0.09887700
4.24356700 10.41783000 0.09426300
4.24540500 10.32105700 0.08558300
4.24867400 10.22437300 0.07293200
4.25106100 10.12763000 0.06273000
4.24875300 10.03059000 0.06555000
4.24151800 9.93324300 0.08203500
4.23418800 9.83589600 0.09878300
4.23144900 9.73883600 0.10280000
4.23313400 9.64204800 0.09455000
4.23563300 9.54530800 0.08404500
4.23716200 9.44850600 0.07623000
4.23685500 9.35159200 0.07350700
4.23467000 9.25456500 0.07599500
4.23194800 9.15750800 0.07997400
4.22991900 9.06049200 0.08202900
4.22909400 8.96354800 0.08074900
4.23022200 8.86671800 0.07405200
4.23440300 8.77006100 0.05888800
4.24020600 8.67349400 0.03923000
4.24338300 8.57677200 0.02685200
4.24128700 8.47974900 0.02910200
4.23598700 8.38254600 0.04023900
4.23050300 8.28533700 0.05188500
4.22687700 8.18823300 0.05838100
4.22573700 8.09126900 0.05798400
4.22421700 7.99428400 0.05864300
4.21942400 7.89712200 0.06838000
4.21122500 7.79977900 0.08756200
4.20475200 7.70253400 0.10196100
4.20686100 7.60574900 0.09255700
4.21376400 7.50921400 0.06986000
4.22047700 7.41266400 0.04768900
4.22608700 7.31605000 0.02857600
4.23113400 7.21940200 0.01102900
4.23572100 7.12272600 -0.00524200
4.23782400 7.02591900 -0.01462400
4.23390400 6.92880700 -0.00729600
4.22380500 6.83138700 0.01717000
4.21407900 6.73399300 0.04060300
4.20877900 6.63682300 0.05176100
4.20493300 6.53972800 0.05888600
4.19983400 6.44257400 0.06949000
4.20198500 6.34577300 0.05998300
4.20091400 6.24881500 0.05941600
4.19493800 6.15162500 0.07245300
4.19738000 6.05483400 0.06214500
4.20305800 5.95819100 0.04285800
4.19753000 5.86102600 0.05465900
4.19179800 5.76385400 0.06702500
4.18674400 5.66671700 0.07751400
4.18431300 5.56970100 0.08072400
4.18405800 5.47278400 0.07790300
4.18292000 5.37582600 0.07753100
4.18100700 5.27883500 0.07931100
4.18059300 5.18191000 0.07693300
4.18102200 5.08502100 0.07221600
4.17843200 4.98800100 0.07587700
4.17156900 4.89080200 0.09139100
4.16345100 4.79355400 0.11039100
4.15774900 4.69641300 0.12268600
4.15443600 4.59937300 0.12835600
4.15150300 4.50235100 0.13297500
4.14780400 4.40529900 0.13972000
4.14508200 4.30828900 0.14375300
4.14659200 4.21144800 0.13605000
4.15134100 4.11473200 0.11936200
4.15529100 4.01798100 0.10489100
4.15684100 3.92113300 0.09708100
4.15523400 3.82416300 0.09802600
4.15002400 3.72705700 0.10897200
4.14466600 3.62994900 0.12032700
4.14263200 3.53296800 0.12246200
4.14165600 3.43602500 0.12166400
4.14126900 3.33910500 0.11923100
4.14311200 3.24226300 0.11061500
4.14719300 3.14549900 0.09579100
4.15148300 3.04873900 0.08038600
4.15383100 2.95190700 0.07037200
4.15324300 2.85497100 0.06850300
4.15162800 2.75800000 0.06948400
4.15262500 2.66111800 0.06322100
4.15713400 2.56435000 0.04721500
4.15915300 2.46749700 0.03811900
4.15536300 2.37045300 0.04513800
4.14843500 2.27331000 0.06086500
4.13902000 2.17609400 0.08349300
4.12697600 2.07880100 0.11341700
4.11941200 1.98165600 0.13091300
4.11974800 1.88475600 0.12649300
4.12277500 1.78793700 0.11460600
4.12532900 1.69110000 0.10403400
4.12556700 1.59419200 0.09988700
4.12426000 1.49723900 0.10003100
4.12403800 1.40031700 0.09716400
4.12549300 1.30344200 0.08964300
4.12651800 1.20655300 0.08331900
4.12524900 1.10959900 0.08336000
4.12316100 1.01262400 0.08567500
4.12325000 0.91570700 0.08194800
4.12484600 0.81882900 0.07404400
4.12507900 0.72191400 0.06992200
4.12349600 0.62495200 0.07084100
4.12170200 0.52798400 0.07234500
4.12011500 0.43102300 0.07327500
4.11634500 0.33400800 0.08026400
4.11096800 0.23695700 0.09171200
4.10622200 0.13992500 0.10141400
4.10213900 0.04291100 0.10927400
4.09925000 -0.05407400 0.11382400
4.09912800 -0.15099500 0.11069700
4.10051400 -0.24788400 0.10338700
4.09922700 -0.34483200 0.10349500
4.10362100 -0.44165900 0.08784100
4.09948200 -0.53866900 0.09586200
4.09598300 -0.63566300 0.10211300
4.09266400 -0.73265200 0.10786100
4.08964700 -0.82963300 0.11277600
4.08750000 -0.92659500 0.11527500
4.08557600 -1.02355300 0.11716000
4.08233500 -1.12053400 0.12269700
4.08070200 -1.21748400 0.12377500
4.08330500 -1.31435800 0.11310000
4.08832900 -1.41119300 0.09570800
4.09344600 -1.50803100 0.07806100
4.09901500 -1.60486600 0.05915700
4.10368500 -1.70172000 0.04274900
4.10431300 -1.79864300 0.03756100
4.09995200 -1.89564600 0.04621600
4.09320900 -1.99268100 0.06148400
4.08568200 -2.08972400 0.07892600
4.07787300 -2.18676600 0.09715200
4.07318700 -2.28375900 0.10671500
4.07430900 -2.38067000 0.10016200
4.07756900 -2.47755400 0.08767500
4.07894000 -2.57446600 0.08043400
4.07772900 -2.67141200 0.08035800
4.07609500 -2.76836300 0.08145600
4.07560200 -2.86530000 0.07938700
4.07612600 -2.96222600 0.07450100
4.07793100 -3.05913900 0.06605800
4.08176100 -3.15603300 0.05200000
4.08706500 -3.25291600 0.03384900
4.09215600 -3.34980500 0.01629000
4.09555900 -3.44671500 0.00341900
4.09483500 -3.54366600 0.00200100
4.08901000 -3.64066100 0.01474000
4.08165500 -3.73766500 0.03172700
4.07471900 -3.83466100 0.04755100
4.07035000 -3.93163300 0.05625300
4.06987800 -4.02857500 0.05413900
4.07228100 -4.12549800 0.04405000
4.07583300 -4.22241600 0.03077400
4.07906400 -4.31933900 0.01838700
4.07993700 -4.41627900 0.01254800
4.07719100 -4.51324000 0.01675200
4.07254800 -4.61020800 0.02622300
4.06854100 -4.70717000 0.03393000
4.06687500 -4.80412100 0.03514000
4.06665500 -4.90106600 0.03233800
4.06448300 -4.99801800 0.03495500
4.05885000 -5.09497900 0.04718100
4.05211600 -5.19193900 0.06246100
4.04761900 -5.28889000 0.07153400
4.04737000 -5.38583100 0.06881800
4.05098700 -5.48276800 0.05537500
4.05587700 -5.57970600 0.03839800
4.06009900 -5.67665000 0.02327800
4.06115700 -5.77359800 0.01694100
4.05720800 -5.87054700 0.02449900
4.05181100 -5.96749300 0.03607800
4.04804000 -6.06443800 0.04314600
4.04591400 -6.16138200 0.04565100
4.04559700 -6.25832800 0.04313300
4.04996900 -6.35528500 0.02760300
4.05779100 -6.45225500 0.00249900
4.06206600 -6.54922100 -0.01276000
4.05824600 -6.64616500 -0.00555000
4.04857500 -6.74308500 0.01790000
4.04104500 -6.84000800 0.03541100
4.04915900 -6.93699400 0.00950200
4.05812300 -7.03399100 -0.01876700
3.87376200 -27.00865400 -0.18134300
3.85443700 -27.10407600 -0.13081100
3.82539200 -27.19866200 -0.05327100
3.81213700 -27.29456900 -0.01960300
3.81217200 -27.39160100 -0.02285700
3.80457700 -27.48798000 -0.00490900
3.79962800 -27.58458100 0.00568700
3.79716700 -27.68139500 0.00937100
3.79542400 -27.77827000 0.01106200
3.79356300 -27.87513500 0.01308100
3.79167400 -27.97199600 0.01517900
3.78882800 -28.06877200 0.01993500
3.78401000 -28.16537300 0.03017600
3.77769400 -28.26183700 0.04457600
3.77337700 -28.35847600 0.05342600
3.77352600 -28.45551200 0.04986800
3.77828400 -28.55296500 0.03350500
3.78213500 -28.65033900 0.01965900
3.78292000 -28.74744000 0.01433700
3.78157000 -28.84434700 0.01494700
3.77824900 -28.94107300 0.02103500
3.77434000 -29.03774300 0.02876100
3.77264900 -29.13461600 0.03032200
3.77460700 -29.23182700 0.02174300
3.78021000 -29.32938000 0.00303900
3.78833800 -29.42717300 -0.02267900
3.79363000 -29.52470800 -0.04051900
3.78918300 -29.62132900 -0.03129400
3.78050900 -29.71754800 -0.01032100
3.77228500 -29.81380300 0.00940300
3.76865700 -29.91049200 0.01635500
3.76861300 -30.00752200 0.01335100
3.76830600 -30.10452700 0.01107600
3.76789500 -30.20152300 0.00909200
3.76705000 -30.29847800 0.00831700
3.76375800 -30.39519400 0.01434200
3.75903000 -30.49176800 0.02435800
3.75517700 -30.58842600 0.03194500
3.75254900 -30.68520100 0.03612700
3.74968100 -30.78195200 0.04097900
3.74647000 -30.87866700 0.04678400
3.74343400 -30.97539900 0.05210500
3.74085400 -31.07217400 0.05615900
3.73951300 -31.16907200 0.05677200
3.73929600 -31.26608300 0.05426300
3.74014500 -31.36320300 0.04879000
3.74300000 -31.46052800 0.03774600
3.74689400 -31.55796200 0.02381500
3.74903300 -31.65522100 0.01476000
3.74864400 -31.75222200 0.01273500
3.74623100 -31.84901400 0.01633200
3.74158700 -31.94557500 0.02613400
3.73600800 -32.04203600 0.03853500
3.73277700 -32.13873900 0.04441100
3.73268700 -32.23576800 0.04155900
3.73259100 -32.33279700 0.03872300
3.73029700 -32.42959600 0.04199800
3.72842800 -32.52643800 0.04409400
3.72913300 -32.62355300 0.03903700
3.73200100 -32.72090000 0.02797000
3.73576200 -32.81834500 0.01442200
3.73742900 -32.91557000 0.00669300
3.73472600 -33.01232600 0.01111300
3.73151900 -33.10902600 0.01693300
3.73190600 -33.20611400 0.01276600
3.73426600 -33.30341800 0.00311700
3.73547600 -33.40059900 -0.00333800
3.73407600 -33.49749500 -0.00253200
3.73154300 -33.59426700 0.00142000
3.72983900 -33.69112900 0.00306900
3.72802400 -33.78797800 0.00502800
3.72444300 -33.88463100 0.01189800
3.71847900 -33.98101500 0.02539200
3.71743500 -34.07794700 0.02521000
3.71042800 -34.17420900 0.04160700
3.70465000 -34.27060500 0.05458600
3.69917000 -34.36703000 0.06673800
3.69584100 -34.46369700 0.07291600
3.69927700 -34.56113200 0.06028800
3.70985900 -34.65938600 0.02780100
3.71371800 -34.75687900 0.01400200
3.71413200 -34.85398000 0.00977900
3.71077900 -34.95064700 0.01602600
3.71411900 -35.04808700 0.00367100
3.71263200 -35.14496900 0.00473400
3.71327400 -35.24210000 -0.00011700
3.71348400 -35.33918100 -0.00377000
3.71303000 -35.43618600 -0.00557400
3.71193600 -35.53311500 -0.00559800
3.71021000 -35.62997000 -0.00386400
3.70904800 -35.72689100 -0.00369800
3.70993300 -35.82405500 -0.00921900
3.71413500 -35.92161700 -0.02396000
3.71261800 -36.01849800 -0.02280400
3.71523200 -36.11587400 -0.03313000
3.70932700 -36.21222800 -0.01977200
3.70070700 -36.30825000 0.00113100
3.69011300 -36.40402800 0.02752500
3.68484600 -36.50044500 0.03911000
3.68536600 -36.59756500 0.03461100
3.69119600 -36.69533500 0.01535400
3.69788800 -36.79321600 -0.00630000
3.69638600 -36.89009500 -0.00517500
3.68757900 -36.98607100 0.01625900
3.68000400 -37.08219500 0.03426600
3.67634700 -37.17879900 0.04138600
3.67723600 -37.27596900 0.03587000
3.68100500 -37.37350000 0.02234600
3.68274200 -37.47077900 0.01447600
3.67951300 -37.56743600 0.02041000
3.67453500 -37.66387100 0.03120700
3.67483600 -37.76097100 0.02733000
3.68023700 -37.85872000 0.00927600
3.68806300 -37.95678200 -0.01551700
3.69521900 -38.05476500 -0.03844700
3.69716800 -38.15208800 -0.04690100
3.69005200 -38.24824800 -0.03015600
3.67865200 -38.34385200 -0.00149600
3.67328600 -38.44022700 0.01038700
3.67390600 -38.53737500 0.00563400
3.67601500 -38.63471800 -0.00326100
3.67714600 -38.73193600 -0.00943400
3.67653200 -38.82892800 -0.01075500
3.67542300 -38.92585400 -0.01070200
3.67563600 -39.02295500 -0.01431800
3.67719000 -39.12023400 -0.02166500
3.67881700 -39.21752400 -0.02921100
3.67885200 -39.31460500 -0.03233300
3.67625700 -39.41133600 -0.02813900
3.67249600 -39.50791100 -0.02070400
3.66999000 -39.60465200 -0.01675700
3.66932300 -39.70163900 -0.01792100
3.66846600 -39.79860000 -0.01855700
3.66455100 -39.89514900 -0.01068700
3.65867700 -39.99143000 0.00262900
3.65573100 -40.08810500 0.00780400
3.65461600 -40.18502800 0.00789000
3.65387600 -40.28200100 0.00693700
3.65423900 -40.37912700 0.00291700
3.65646700 -40.47650900 -0.00628900
3.65924600 -40.57397000 -0.01702200
3.66111000 -40.67130700 -0.02521200
3.66069400 -40.76833100 -0.02706200
3.65793300 -40.86503000 -0.02239200
3.65458400 -40.96164600 -0.01608600
3.65233100 -41.05841200 -0.01282400
3.64792300 -41.15487700 -0.00357100
3.63912300 -41.25072100 0.01789600
3.62573500 -41.34591500 0.05211900
3.62042900 -41.44223900 0.06387300
3.62150100 -41.53946300 0.05789600
3.62334500 -41.63679800 0.04977100
3.63240400 -41.73516300 0.02158700
3.63822900 -41.83307300 0.00239800
3.63947700 -41.93033400 -0.00406600
3.63610300 -42.02693300 0.00232400
3.63156100 -42.12336300 0.01196000
3.63091000 -42.22035100 0.01078000
3.63403800 -42.31788600 -0.00090700
3.63638700 -42.41531200 -0.01042500
3.63446000 -42.51211800 -0.00805500
3.63107000 -42.60871000 -0.00161600
3.63145800 -42.70585300 -0.00567900
3.63312400 -42.80318400 -0.01329600
3.63411500 -42.90041800 -0.01903400
3.63575300 -42.99774900 -0.02656800
3.63809800 -43.09518600 -0.03607200
3.63942300 -43.19247500 -0.04273500
3.63900300 -43.28950700 -0.04454600
3.63700000 -43.38630300 -0.04195400
3.63446400 -43.48301900 -0.03787900
3.63225300 -43.57978300 -0.03470500
3.62970500 -43.67649500 -0.03059300
3.62540400 -43.77294200 -0.02160600
3.62013300 -43.86924100 -0.00992200
3.61721700 -43.96589300 -0.00478500
3.62298800 -44.06385900 -0.02380100
3.62039500 -44.16056000 -0.01956000
3.62014600 -44.25761700 -0.02183600
3.62223100 -44.35503000 -0.03059900
3.62216100 -44.45211700 -0.03336900
3.61681900 -44.54839400 -0.02147900
3.60998100 -44.64443900 -0.00542600
3.60594200 -44.74091100 0.00284300
3.60635800 -44.83806900 -0.00127400
3.60940700 -44.93563600 -0.01271300
3.61052300 -45.03290600 -0.01877500
3.60878400 -45.12973400 -0.01689900
3.60505900 -45.22625000 -0.00949600
3.59957800 -45.32249000 0.00279200
3.59459800 -45.41880400 0.01368500
3.59361100 -45.51574400 0.01347900
3.59637700 -45.61327600 0.00283300
3.59943700 -45.71085700 -0.00863000
3.60011900 -45.80806500 -0.01347400
3.59867000 -45.90493500 -0.01239500
3.59714200 -46.00179200 -0.01109300
3.59551600 -46.09863400 -0.00951700
3.59212200 -46.19519200 -0.00302600
3.58611200 -46.29132800 0.01074400
3.57944200 -46.38735500 0.02635100
3.57502800 -46.48374100 0.03568300
3.57606500 -46.58100500 0.02986000
3.58278000 -46.67919000 0.00824400
3.58566100 -46.77675900 -0.00270800
3.57737300 -46.87251300 0.01740200
3.56393800 -46.96742200 0.05183100
3.55904900 -47.06371900 0.06249300
3.38565600 -67.04006200 -0.03691900
3.39103400 -67.13856300 -0.05460400
3.39471700 -67.23665500 -0.06757200
3.39179900 -67.33314100 -0.06216100
3.38916100 -67.42969300 -0.05752800
3.38941600 -67.52695300 -0.06094700
3.39212500 -67.62481500 -0.07119700
3.39464500 -67.72263300 -0.08092300
3.39390700 -67.81965300 -0.08157300
3.39062300 -67.91604600 -0.07513800
3.38757700 -68.01249600 -0.06936100
3.38540200 -68.10915900 -0.06601000
3.38245200 -68.20563000 -0.06050100
3.37828100 -68.30179700 -0.05158900
3.37396100 -68.39792400 -0.04226200
3.36980200 -68.49408900 -0.03338200
3.36495800 -68.59008000 -0.02259500
3.36121100 -68.68634300 -0.01485900
3.36155600 -68.78362500 -0.01851700
3.36855600 -68.88257400 -0.04070100
3.37609400 -68.98166400 -0.06438100
3.37723800 -69.07915600 -0.07025900
3.37590000 -69.17602500 -0.06922700
3.37394100 -69.27273800 -0.06646300
3.37120300 -69.36925300 -0.06153100
3.36851500 -69.46578000 -0.05673600
3.36993400 -69.56334500 -0.06337300
3.37483800 -69.66179400 -0.07971400
3.37832300 -69.75988700 -0.09210300
3.37760700 -69.85691700 -0.09279400
3.37200100 -69.95270300 -0.07987100
3.36272500 -70.04755000 -0.05672600
3.35266500 -70.14219000 -0.03139600
3.34646300 -70.23781000 -0.01680800
3.34824300 -70.33546900 -0.02444400
3.35677800 -70.43486200 -0.05088700
3.36612300 -70.53447000 -0.07958300
3.37147500 -70.63305900 -0.09716100
3.36989000 -70.72986800 -0.09542500
3.36153400 -70.82492800 -0.07483200
3.35204300 -70.91969000 -0.05107700
3.34771700 -71.01578200 -0.04170300
3.34860300 -71.11322200 -0.04684200
3.34911100 -71.21056500 -0.05092700
3.34807700 -71.30750800 -0.05071500
3.34645600 -71.40429900 -0.04886900
3.34645000 -71.50151000 -0.05152000
3.34851200 -71.59926200 -0.05992500
3.35038700 -71.69696700 -0.06781100
3.34990900 -71.79405800 -0.06914500
3.34643000 -71.89036300 -0.06211900
3.34232600 -71.98650200 -0.05335200
3.33600000 -72.08205500 -0.03839800
3.33662600 -72.17943400 -0.04279900
3.33154400 -72.27530900 -0.03130700
3.33232500 -72.37272900 -0.03614000
3.33580600 -72.47086500 -0.04848700
3.33577200 -72.56807300 -0.05104900
3.33149900 -72.66415800 -0.04180500
3.32745500 -72.76030000 -0.03319500
3.32497700 -72.85685700 -0.02894600
3.32442600 -72.95392700 -0.03006200
3.32856700 -73.05224900 -0.04424500
3.33599400 -73.15145200 -0.06757300
3.33501000 -73.24841200 -0.06748200
3.33950800 -73.34684000 -0.08265500
3.34222300 -73.44479400 -0.09286000
3.34085700 -73.54165500 -0.09170300
3.33194800 -73.63648500 -0.06953600
3.32628600 -73.73218400 -0.05641000
3.31876500 -73.82737800 -0.03810800
3.31342200 -73.92315500 -0.02586800
3.30869000 -74.01909500 -0.01532900
3.30913300 -74.11643400 -0.01920100
3.31903800 -74.21634300 -0.04942200
3.32819700 -74.31605700 -0.07756500
3.32886100 -74.41346700 -0.08205000
3.32667500 -74.51010100 -0.07859400
3.32810000 -74.60772000 -0.08519500
3.33370100 -74.70648300 -0.10342700
3.33182900 -74.80320500 -0.10084500
3.33195200 -74.90047300 -0.10381700
3.32995900 -74.99716100 -0.10089600
3.32178000 -75.09214800 -0.08074600
3.31617800 -75.18783900 -0.06777000
3.31304000 -75.28420500 -0.06165500
3.30990600 -75.38057100 -0.05555200
3.30581500 -75.47667000 -0.04678100
3.30245700 -75.57297100 -0.04005100
3.30136000 -75.66989600 -0.03961700
3.30196800 -75.76729400 -0.04393200
3.30374800 -75.86502000 -0.05150700
3.30687500 -75.96312200 -0.06283500
3.30938700 -76.06105700 -0.07244700
3.30830600 -76.15799100 -0.07205300
3.30494700 -76.25428800 -0.06531300
3.30242600 -76.35081800 -0.06090700
3.30128500 -76.44773400 -0.06034000
3.30035800 -76.54470900 -0.06037000
3.29876100 -76.64149700 -0.05853400
3.29738200 -76.73834500 -0.05730200
3.29767300 -76.83566400 -0.06072100
3.29939700 -76.93338800 -0.06813100
3.30044800 -77.03092400 -0.07366400
3.29912900 -77.12779100 -0.07259800
3.29665600 -77.22433000 -0.06831300
3.29487300 -77.32106500 -0.06595000
3.29499300 -77.41833900 -0.06888800
3.29707600 -77.51617300 -0.07729100
3.30055200 -77.61440600 -0.08957100
3.30261000 -77.71223800 -0.09790400
3.29975400 -77.80866900 -0.09254800
3.29267200 -77.90388900 -0.07542000
3.28531800 -77.99902600 -0.05753100
3.28405900 -78.09590700 -0.05661900
3.28835000 -78.19438200 -0.07116700
3.29071700 -78.29230700 -0.08035000
3.28751600 -78.38863200 -0.07402800
3.28207400 -78.48430900 -0.06146100
3.27882900 -78.58061600 -0.05501000
3.27991600 -78.67817500 -0.06062800
3.28272900 -78.77623500 -0.07105200
3.28055900 -78.87285300 -0.06759300
3.27478300 -78.96842300 -0.05409000
3.27079800 -79.06451000 -0.04557400
3.26902300 -79.16123800 -0.04321400
3.26934400 -79.25857700 -0.04669000
3.27317300 -79.35694000 -0.05993500
3.27938000 -79.45600300 -0.07980700
3.28319200 -79.55437000 -0.09300500
3.28482600 -79.65210200 -0.10013400
3.28595100 -79.74968800 -0.10584600
3.28534400 -79.84676500 -0.10673100
3.28051900 -79.94260300 -0.09586600
3.27366000 -80.03783700 -0.07933400
3.26739400 -80.13324300 -0.06445200
3.26315100 -80.22924200 -0.05520400
3.26402600 -80.32675100 -0.06021100
3.27143500 -80.42619800 -0.08342100
3.27982600 -80.52594300 -0.10936600
3.28435000 -80.62454600 -0.12453700
3.28470400 -80.72191400 -0.12809100
3.28306900 -80.81869100 -0.12610200
3.27977100 -80.91497100 -0.11947900
3.27423500 -81.01058200 -0.10662000
3.26780600 -81.10592200 -0.09127300
3.26264600 -81.20163800 -0.07946000
3.26000400 -81.29810500 -0.07466100
3.25936300 -81.39517100 -0.07543300
3.26161400 -81.49310600 -0.08426300
3.26470800 -81.59129800 -0.09543900
3.26442800 -81.68847600 -0.09721600
3.25978200 -81.78433800 -0.08682900
3.25336200 -81.87966200 -0.07149800
3.25004800 -81.97592100 -0.06482000
3.25130900 -82.07356200 -0.07088500
3.25342700 -82.17146600 -0.07933500
3.25146600 -82.26813300 -0.07642100
3.24473400 -82.36335100 -0.06021700
3.23859600 -82.45874400 -0.04566500
3.23758800 -82.55569600 -0.04540400
3.23921300 -82.65345200 -0.05247500
3.23968400 -82.75085700 -0.05633300
3.23714000 -82.84734100 -0.05178900
3.23867200 -82.94507200 -0.05860000
3.23419000 -83.04096100 -0.04865400
3.23486800 -83.13843100 -0.05308300
3.23218500 -83.23487000 -0.04814900
3.23636600 -83.33342000 -0.06233400
3.23719100 -83.43094000 -0.06717200
3.23583300 -83.52778700 -0.06592400
3.23346600 -83.62432300 -0.06186600
3.23206000 -83.72115500 -0.06048200
3.23383300 -83.81897100 -0.06795600
3.23813900 -83.91757400 -0.08248600
3.24069200 -84.01563700 -0.09212800
3.24008300 -84.11272100 -0.09296300
3.23742300 -84.20916600 -0.08808100
3.23372400 -84.30528600 -0.08030400
3.23690900 -84.40355200 -0.09170500
3.23322700 -84.49967500 -0.08397300
3.22842400 -84.59544700 -0.07311600
3.22283700 -84.69096900 -0.06007300
3.21785400 -84.78667800 -0.04871100
3.21519600 -84.88311300 -0.04382500
3.21560800 -84.98051200 -0.04749400
3.21797500 -85.07852700 -0.05661100
3.21932700 -85.17622500 -0.06289700
3.21828900 -85.27317100 -0.06252200
3.21839900 -85.37047900 -0.06534500
3.22073200 -85.46849200 -0.07436200
3.22236200 -85.56628400 -0.08141800
3.21944700 -85.66263700 -0.07580800
3.21210400 -85.75758400 -0.05786000
3.20613100 -85.85296100 -0.04372900
3.20614500 -85.95023900 -0.04627800
3.21182000 -86.04932100 -0.06460200
3.21868000 -86.14878600 -0.08622400
3.22206700 -86.24714900 -0.09816900
3.21964800 -86.34365800 -0.09393500
3.21204500 -86.43850600 -0.07525400
3.20113400 -86.53229000 -0.04735500
3.19324800 -86.62703600 -0.02788400
3.19338600 -86.72435500 -0.03076900
3.19819200 -86.82317600 -0.04666300
3.20317100 -86.92205800 -0.06303900
3.20364500 -87.01949200 -0.06685900
3.20107700 -87.11594400 -0.06220000
3.19897900 -87.21254800 -0.05885200
3.19715100 -87.30923700 -0.05625300
3.19508000 -87.40584800 -0.05297500
3.19284300 -87.50240300 -0.04923600
3.19071900 -87.59899500 -0.04580900
3.18933600 -87.69582700 -0.04445000
3.18927100 -87.79308700 -0.04675800
3.18874900 -87.89019900 -0.04779300
3.18629500 -87.98668100 -0.04344300
3.18194100 -88.08254100 -0.03379600
3.17739700 -88.17833600 -0.02362000
3.17438100 -88.27462900 -0.01770000
3.17394900 -88.37176700 -0.01898300
3.17737300 -88.47017200 -0.03100600
3.18542300 -88.57010000 -0.05592200
3.19520300 -88.67060500 -0.08565900
3.19909800 -88.76917900 -0.09899500
3.19372800 -88.86470200 -0.08651000
3.18558600 -88.95930500 -0.06629600
3.18101100 -89.05508300 -0.05602400
3.18043000 -89.15217900 -0.05688200
3.18119500 -89.24972200 -0.06148800
3.18192900 -89.34725600 -0.06600800
3.18116900 -89.44429400 -0.06636400
3.17673500 -89.54011200 -0.05647800
3.16998100 -89.63515400 -0.04012600
3.16595400 -89.73110100 -0.03137300
3.16653400 -89.82858300 -0.03545800
3.16870500 -89.92659700 -0.04397800
3.16818400 -90.02371400 -0.04499200
3.16628500 -90.12036900 -0.04216400
3.16656200 -90.21775300 -0.04540200
3.16559100 -90.31471900 -0.04516000
3.16419500 -90.41154300 -0.04373100
3.16558600 -90.50930300 -0.05007000
3.16999500 -90.60808200 -0.06481800
3.17215100 -90.70610500 -0.07328600
3.17106800 -90.80303800 -0.07272700
3.16903200 -90.89964800 -0.06951100
3.16502300 -90.99559000 -0.06079300
3.15759800 -91.09037300 -0.04255500
3.15214400 -91.18581900 -0.02980900
3.15417100 -91.28380100 -0.03791100
3.16121500 -91.38349000 -0.05999800
3.16946600 -91.48359700 -0.08544600
3.17515700 -91.58283800 -0.10375900
3.17439800 -91.67988500 -0.10409100
3.16898100 -91.77534200 -0.09144200
3.16387300 -91.87090100 -0.07965400
3.16160500 -91.96742900 -0.07577700
3.16036100 -92.06430600 -0.07475600
3.15714900 -92.16050900 -0.06824800
3.15262700 -92.25625900 -0.05808800
3.15122400 -92.35307900 -0.05661800
3.15583700 -92.45196900 -0.07191800
3.16181100 -92.55133200 -0.09100800
3.16156800 -92.64855700 -0.09277100
3.15497400 -92.74358900 -0.07682900
3.14773700 -92.83839400 -0.05909400
3.14261600 -92.93392700 -0.04725700
3.14641600 -93.03254700 -0.06028200
3.14622700 -93.12978700 -0.06219000
3.14750300 -93.22753700 -0.06818000
3.14637600 -93.32445300 -0.06747000
3.14343700 -93.42073800 -0.06171000
3.14537500 -93.51872100 -0.06954100
3.14689700 -93.61656100 -0.07621200
3.15041000 -93.71509800 -0.08843200
3.14352600 -93.81000400 -0.07167200
3.13549500 -93.90450500 -0.05171000
3.12189200 -93.99704800 -0.01621600
3.11220900 -94.09095600 0.00835300
3.10800800 -94.18678200 0.01764100
3.11106100 -94.28515500 0.00670900
3.12033200 -94.38571800 -0.02155500
3.12986100 -94.48638100 -0.05053800
3.13533500 -94.58562100 -0.06821400
3.13698300 -94.68351700 -0.07522700
3.13540200 -94.78027300 -0.07323700
3.13254600 -94.87657700 -0.06769100
3.13224900 -94.97378600 -0.06927600
3.13478800 -95.07200100 -0.07876700
3.13630200 -95.16985600 -0.08540200
3.13316400 -95.26605900 -0.07906400
3.12698900 -95.36118000 -0.06426200
3.12310600 -95.45711300 -0.05584600
3.12453900 -95.55493900 -0.06224800
3.12808300 -95.65352000 -0.07453600
3.12885600 -95.75111500 -0.07909700
3.12592600 -95.84738700 -0.07333300
3.12394700 -95.94399800 -0.07022200
3.12810200 -96.04280600 -0.08420800
3.13534300 -96.14272600 -0.10679700
3.13928100 -96.24146500 -0.12017800
3.13857800 -96.33854000 -0.12061800
3.13731100 -96.43541100 -0.11948500
3.13563400 -96.53213500 -0.11720900
3.13242600 -96.62830600 -0.11066100
3.12946800 -96.72456500 -0.10481200
3.12927800 -96.82182300 -0.10667500
3.12939200 -96.91919300 -0.10938800
3.12797800 -97.01600900 -0.10784000
3.12601300 -97.11262500 -0.10475400
3.12458900 -97.20943700 -0.10317400
6.36603600 144.83145200 0.20170700
6.36739800 144.73570100 0.19294300
6.36575900 144.63817500 0.19244300
6.36108000 144.53885500 0.20031600
6.36525000 144.44475800 0.18382200
6.36331800 144.34705900 0.18413300
6.36384700 144.25081000 0.17766900
6.36420000 144.15445700 0.17168600
6.36420700 144.05789800 0.16666000
6.36343400 143.96088000 0.16378200
6.36165800 143.86327200 0.16366700
6.35928200 143.76531100 0.16520700
6.35767500 143.66780300 0.16462600
6.35634800 143.57045900 0.16327800
6.35227800 143.47150700 0.16948500
6.34506200 143.37071400 0.18435400
6.33642400 143.26909300 0.20314200
6.33110000 143.16941700 0.21280500
6.33352700 143.07427500 0.20112300
6.33648300 142.97943900 0.18798700
6.33106600 142.87971100 0.19790700
6.32294200 142.77840700 0.21528400
6.31667100 142.67818800 0.22755900
6.31280300 142.57937300 0.23321800
6.31063800 142.48155200 0.23418800
6.31001600 142.38462900 0.23090900
6.31062900 142.28842400 0.22423200
6.31250400 142.19295100 0.21407800
6.31540200 142.09806900 0.20110900
6.31607800 142.00189500 0.19425900
6.31214400 141.90304500 0.20010600
6.30590400 141.80286000 0.21230300
6.30144300 141.70371000 0.21960400
6.30170800 141.60729700 0.21389200
6.30440900 141.51229300 0.20147000
6.30427900 141.41564900 0.19684500
6.30088600 141.31711800 0.20121000
6.29772800 141.21872500 0.20492600
6.29739700 141.12196400 0.20085900
6.29904300 141.02634300 0.19134400
6.29784700 140.92908100 0.18966200
6.29094300 140.82853300 0.20369900
6.28257100 140.72714300 0.22178100
6.28208700 140.63029500 0.21814000
6.28748100 140.53682500 0.19831100
6.29064500 140.44207000 0.18462100
6.29190100 140.34621500 0.17619000
6.29200100 140.24969600 0.17094300
6.28957500 140.15172700 0.17265600
6.28364900 140.05175400 0.18400800
6.27724300 139.95151000 0.19668300
6.27399100 139.85307400 0.20067200
6.27392200 139.75645900 0.19589500
6.27486200 139.66041900 0.18834100
6.27554800 139.56423300 0.18148700
6.27346200 139.46646400 0.18226900
6.26765200 139.36657100 0.19330900
6.26009000 139.26568500 0.20917400
6.26055700 139.16937400 0.20292700
6.25405300 139.06909500 0.21588200
6.24922200 138.96977200 0.22423100
6.24627500 138.87152100 0.22739000
6.24568400 138.77461000 0.22406100
6.24657800 138.67854200 0.21664000
6.24777300 138.58264200 0.20839500
6.25037300 138.48753600 0.19627800
6.25439900 138.39323500 0.18023600
6.25698400 138.29811500 0.16816100
6.25509700 138.20046200 0.16840800
6.24805100 138.09989300 0.18286600
6.23921400 137.99831700 0.20225800
6.23141300 137.89733200 0.21879700
6.22405300 137.79660000 0.23412400
6.21733100 137.69623200 0.24769300
6.21470600 137.59817600 0.24997900
6.21604100 137.50235100 0.24135700
6.21915200 137.40752300 0.22784300
6.22314700 137.31318800 0.21189500
6.22723800 137.21890300 0.19568100
6.22944700 137.12355800 0.18465400
6.22809100 137.02620900 0.18345100
6.22470000 136.92772000 0.18785100
6.22229700 136.82978500 0.18953400
6.22198100 136.73302100 0.18546600
6.22202600 136.63645700 0.18040500
6.22098300 136.53928400 0.17834000
6.21926200 136.44173200 0.17814700
6.21788500 136.34437200 0.17700600
6.21772500 136.24769100 0.17251400
6.21718900 136.15079900 0.16906000
6.21395200 136.05240200 0.17304500
6.20895200 135.95302500 0.18188900
6.20255800 135.85287500 0.19457400
6.19518700 135.75218500 0.20995400
6.18892800 135.65211700 0.22227000
6.18593200 135.55386600 0.22559700
6.18478000 135.45663900 0.22384400
6.18384900 135.35953500 0.22148500
6.18450800 135.26331100 0.21474700
6.18899400 135.16920600 0.19746400
6.19644000 135.07673400 0.17202800
6.20043700 134.98234800 0.15609500
6.19709200 134.88390000 0.16039200
6.18962100 134.78317500 0.17605500
6.18312200 134.68299100 0.18904300
6.18189100 134.58571600 0.18751600
6.18324700 134.48986700 0.17886500
6.18222400 134.39270600 0.17676700
6.17697600 134.29322000 0.18631100
6.17030100 134.19295100 0.19978800
6.16933900 134.09582600 0.19752700
6.17266600 134.00105700 0.18344900
6.17440800 133.90541500 0.17373900
6.17431500 133.80876300 0.16908600
6.17385900 133.71191200 0.16543300
6.17130200 133.61390900 0.16757000
6.16633500 133.51458800 0.17635000
6.16332500 133.41634000 0.17973700
6.16214800 133.31909600 0.17807300
6.16959300 133.22656100 0.15265800
6.16808100 133.12913000 0.15191900
6.16629400 133.03154900 0.15194100
6.16495800 132.93421500 0.15072100
6.16256400 132.83630400 0.15241600
6.15836500 132.73741200 0.15908600
6.15294100 132.63785500 0.16913500
6.14737900 132.53822600 0.17956400
6.14356300 132.43954900 0.18518000
6.14114000 132.34163000 0.18696300
6.13535100 132.24188600 0.19802000
6.12463900 132.13947700 0.22264300
5.81027100 112.17074200 0.10641500
5.81089700 112.07436000 0.09999300
5.80922000 111.97691100 0.09992700
5.80690900 111.87916800 0.10161000
5.80596100 111.78205600 0.09953300
5.80548700 111.68516400 0.09614800
5.80331600 111.58748700 0.09744900
5.80079200 111.48964800 0.09972200
5.79963900 111.39244200 0.09821700
5.79994400 111.29590800 0.09268700
5.80049900 111.19948700 0.08647100
5.79941200 111.10231100 0.08478400
5.79641200 111.00425500 0.08837600
5.79338600 110.90618900 0.09204000
5.79051900 110.80819700 0.09526800
5.78709500 110.70995200 0.10003300
5.78393700 110.61182900 0.10406600
5.78177600 110.51416500 0.10534700
5.78049500 110.41690300 0.10420500
5.77985400 110.31993400 0.10129700
5.78067000 110.22363000 0.09437000
5.78179100 110.12746300 0.08660300
5.78151400 110.03065700 0.08269200
5.77822100 109.93247800 0.08710400
5.77196700 109.83295400 0.09968400
5.77524600 109.73776600 0.08596700
5.77787400 109.64227900 0.07404800
5.77625200 109.54486000 0.07385400
5.78284800 109.45116900 0.05098600
5.78544800 109.35566000 0.03914700
5.78170100 109.25727700 0.04481700
5.77072100 109.15562400 0.07044600
5.76294900 109.05542900 0.08722500
5.74969100 108.95276100 0.11914100
5.74318500 108.85314900 0.13242900
5.74334600 108.75654600 0.12732400
5.74755800 108.66176600 0.11104200
5.75041000 108.56637000 0.09851500
5.75019500 108.46959100 0.09445200
5.75300600 108.37417200 0.08203800
5.76072100 108.28095000 0.05609600
5.76939900 108.18815400 0.02749600
5.77102300 108.09219000 0.01836100
5.76437200 107.99251900 0.03206000
5.75567200 107.89193600 0.05141000
5.74896500 107.79224900 0.06526500
5.74497600 107.69378000 0.07162100
5.74272700 107.59609000 0.07317800
5.74220900 107.49917200 0.06995700
5.74345300 107.40303800 0.06187900
5.74445300 107.30679400 0.05447300
5.74362100 107.20973400 0.05212200
5.74039700 107.11161100 0.05637700
5.73670800 107.01328300 0.06191200
5.73523500 106.91594000 0.06133400
5.73565800 106.81943700 0.05552400
5.73566400 106.72274900 0.05086800
5.73393000 106.62529000 0.05101200
5.73244300 106.52794000 0.05047800
5.73317400 106.43157000 0.04382300
5.73491200 106.33564300 0.03439000
5.73591800 106.23939200 0.02697900
5.73546000 106.14249300 0.02361000
5.73425600 106.04526600 0.02229800
5.73110100 105.94718200 0.02637100
5.72341900 105.84711000 0.04294000
5.71392000 105.74624600 0.06452000
5.70578500 105.64598600 0.08234000
5.70053500 105.54699600 0.09219800
5.69896300 105.44961800 0.09191100
5.70092700 105.35378800 0.08186400
5.70447600 105.25864800 0.06744500
5.70794000 105.16346800 0.05326000
5.70937900 105.06740000 0.04466900
5.70803800 104.97011900 0.04374600
5.70763000 104.87324400 0.04024900
5.70972500 104.77745800 0.02984900
5.71333900 104.68233000 0.01525600
5.71529500 104.58647800 0.00523800
5.71211100 104.48839300 0.00940700
5.70494300 104.38858200 0.02457400
5.69654700 104.28824400 0.04312700
5.68860500 104.18810900 0.06043100
5.68368700 104.08928600 0.06939000
5.68397600 103.99271500 0.06398000
5.68814700 103.89781900 0.04785900
5.69201800 103.80279000 0.03256600
5.69261900 103.70634700 0.02629800
5.68959300 103.60834200 0.03004100
5.68366100 103.50908900 0.04180400
5.67578700 103.40900500 0.05892700
5.67208500 103.31071700 0.06454000
5.66270100 103.20999400 0.08583400
5.65733700 103.11099900 0.09603600
5.65856500 103.01483200 0.08804400
5.66629500 102.92144400 0.06210900
5.67500100 102.82846600 0.03348100
5.67484600 102.73169700 0.02931000
5.66837600 102.63223300 0.04256700
5.66208800 102.53284900 0.05532500
5.65806800 102.43443600 0.06182500
5.65829900 102.33783500 0.05659100
5.66397100 102.24354500 0.03634400
5.67134500 102.14997400 0.01139800
5.67453400 102.05462000 -0.00199700
5.67100700 101.95641500 0.00314700
5.66533600 101.85730300 0.01420800
5.66399200 101.76002600 0.01333000
5.66630100 101.66429500 0.00236700
5.66819900 101.56838600 -0.00745800
5.66900000 101.47201300 -0.01425500
5.66582800 101.37396300 -0.01008600
5.65651300 101.27332500 0.01104100
5.64654800 101.17242100 0.03396000
5.64012900 101.07301400 0.04709700
5.63743700 100.97517800 0.04994600
5.63641400 100.87804400 0.04819100
5.63577600 100.78107100 0.04537200
5.63631700 100.68459200 0.03930000
5.63788900 100.58854300 0.03038600
5.63883200 100.49222900 0.02320600
5.63606400 100.39436300 0.02626900
5.62993200 100.29509300 0.03862400
5.62698800 100.19715700 0.04217700
5.62944000 100.10147200 0.03083600
5.63313000 100.00630000 0.01607800
5.63540800 99.91053600 0.00522100
5.63606800 99.81409700 -0.00117100
5.63718100 99.71784500 -0.00881000
5.63884700 99.62182000 -0.01797600
5.63752500 99.52455500 -0.01889300
5.63473000 99.42668000 -0.01574300
5.63347000 99.32944200 -0.01682900
5.63250600 99.23232600 -0.01873100
5.62801400 99.13375300 -0.01089500
5.61960200 99.03356500 0.00776500
5.61197600 98.93370700 0.02425700
5.60737200 98.83509800 0.03240700
5.60488200 98.73736200 0.03472500
5.60308700 98.63991300 0.03512200
5.60552100 98.54420000 0.02384800
5.61136300 98.44988400 0.00316600
5.61393000 98.35422000 -0.00847600
5.61177300 98.25661800 -0.00707400
5.60763100 98.15820500 -0.00019200
5.60287800 98.05954400 0.00837900
5.59781400 97.96076000 0.01780700
5.59401400 97.86249400 0.02375000
5.59478500 97.76609300 0.01707400
5.60041600 97.67167000 -0.00301800
5.60293700 97.57597800 -0.01452500
5.59814900 97.47731000 -0.00585100
5.58747100 97.37625400 0.01908600
5.58219400 97.27739600 0.02911100
5.57465400 97.17762400 0.04538600
5.57556000 97.08127800 0.03834200
5.57219200 96.98320100 0.04310100
5.57950900 96.88944500 0.01836200
5.58311900 96.79418500 0.00385900
5.58211700 96.69706100 0.00208700
5.57879400 96.59900100 0.00672600
5.57638900 96.50131300 0.00883200
5.57540300 96.40419700 0.00701900
5.57257400 96.30633900 0.01029700
5.57792900 96.21177000 -0.00901800
5.57717300 96.11474400 -0.01146200
5.57846900 96.01854000 -0.01956900
5.57732400 95.92135700 -0.02093800
5.57181600 95.82242800 -0.01025800
5.56671600 95.72366600 -0.00070300
5.56589300 95.62661500 -0.00295500
5.56538600 95.52969000 -0.00608000
5.55991700 95.43078700 0.00449600
5.55564300 95.33236300 0.01177200
5.55450400 95.23518800 0.01039600
5.55413100 95.13831800 0.00690600
5.55373100 95.04143600 0.00349200
5.55526500 94.94532100 -0.00526300
5.55828700 94.84979400 -0.01812300
5.55926900 94.75345600 -0.02535000
5.55599000 94.65543100 -0.02081400
5.54977800 94.55624900 -0.00817600
5.54420200 94.45732300 0.00270700
5.54201500 94.35973600 0.00423300
5.54358300 94.26362900 -0.00460800
5.54759100 94.16848000 -0.02018500
5.55129200 94.07320700 -0.03491400
5.54997900 93.97596000 -0.03579500
5.54252400 93.87630400 -0.01971700
5.53595900 93.77700100 -0.00609700
5.53419000 93.67958100 -0.00571600
5.53610300 93.58360200 -0.01550300
5.53742000 93.48738800 -0.02364400
5.53432700 93.38945000 -0.01960600
5.52890700 93.29060600 -0.00914000
5.52566400 93.19261300 -0.00468400
5.52576300 93.09592400 -0.00945800
5.52454500 92.99872100 -0.01059100
5.52084400 92.90055300 -0.00486800
5.51637200 92.80208800 0.00298600
5.51254200 92.70387500 0.00906500
5.51027800 92.60627100 0.01082400
5.50840700 92.50881900 0.01149700
5.50636700 92.41130300 0.01264000
5.51144400 92.31653700 -0.00587100
5.52222100 92.22396600 -0.04012200
5.22710000 72.18907000 -0.12761500
5.21754600 72.08935300 -0.10547900
5.20605400 71.98904700 -0.07798300
5.19984200 71.89036700 -0.06508400
5.19564200 71.79230600 -0.05774600
5.19183500 71.69436800 -0.05149200
5.18943800 71.59686100 -0.04913400
5.18962900 71.50014500 -0.05393100
5.19279100 71.40433100 -0.06693900
5.19742600 71.30896200 -0.08401900
5.20030200 71.21305500 -0.09623500
5.19783000 71.11552300 -0.09366500
5.18908200 71.01609200 -0.07374400
5.18482300 70.91802500 -0.06623100
5.17926300 70.81956700 -0.05512000
5.17753500 70.72226900 -0.05460300
5.18088400 70.62650100 -0.06812100
5.17844000 70.52898600 -0.06562200
5.18530100 70.43426900 -0.08884800
5.18871300 70.33851000 -0.10253700
5.18546800 70.24075300 -0.09782100
5.18548100 70.14397200 -0.10210900
5.17608500 70.04437800 -0.08038400
5.17144900 69.94621200 -0.07181900
5.17168500 69.84950100 -0.07672300
5.17204300 69.75282600 -0.08196000
5.16958800 69.65531300 -0.07942300
5.16493400 69.55714800 -0.07080100
5.16080000 69.45914000 -0.06361700
5.15779000 69.36146700 -0.05954000
5.15611600 69.26419100 -0.05915600
5.15699500 69.16767000 -0.06582900
5.15885500 69.07143800 -0.07521600
5.15931000 68.97478900 -0.08071500
5.15887100 68.87787500 -0.08373900
5.15880300 68.78107100 -0.08779200
5.15799900 68.68404900 -0.08980400
5.15556500 68.58654900 -0.08731400
5.15241200 68.48884000 -0.08283100
5.14973500 68.39127200 -0.07966400
5.14826500 68.29405800 -0.07983300
5.14806800 68.19721500 -0.08352000
5.14988300 68.10095800 -0.09277000
5.15530400 68.00574700 -0.11198800
5.16301600 67.91119800 -0.13754300
5.16497700 67.81497300 -0.14719400
5.15463700 67.71518100 -0.12283000
5.14320600 67.61508100 -0.09544900
5.13577600 67.51614400 -0.07912800
5.13096300 67.41796900 -0.07004600
5.12590400 67.31972500 -0.06028000
5.11984700 67.22119600 -0.04775300
5.11471300 67.12293700 -0.03777700
5.11039600 67.02491600 -0.03005800
5.10722200 66.92722500 -0.02550200
5.10561300 66.82998400 -0.02526900
5.10475900 66.73296000 -0.02712500
5.10308700 66.63570100 -0.02671500
5.09992400 66.53801800 -0.02218400
5.09804900 66.44070400 -0.02121300
5.10185300 66.34500500 -0.03594300
5.10872200 66.25017400 -0.05914900
5.11181000 66.15426300 -0.07189800
5.10780600 66.05634100 -0.06503500
5.09729300 65.95657900 -0.04017200
5.08341600 65.85587400 -0.00600200
5.08126000 65.75848600 -0.00424800
5.07923700 65.66113700 -0.00285800
5.08349100 65.56555400 -0.01882500
5.08054600 65.46794500 -0.01488300
5.08278300 65.37179100 -0.02527100
5.08811200 65.27650100 -0.04420600
5.08209900 65.17803200 -0.03177700
5.07940400 65.08049500 -0.02852500
5.08143500 64.98427700 -0.03833600
5.08411300 64.88823800 -0.04994000
5.08285500 64.79110100 -0.05065400
5.07841800 64.69308000 -0.04258000
5.07483100 64.59529700 -0.03685400
5.07284200 64.49795900 -0.03554300
5.06974700 64.40031600 -0.03117500
5.06928800 64.30340400 -0.03409500
5.07078100 64.20703000 -0.04241200
5.07161400 64.11047200 -0.04890400
5.07257000 64.01394600 -0.05573600
5.07409800 63.91757600 -0.06414500
5.07505700 63.82104800 -0.07098300
5.07271400 63.72361300 -0.06868600
5.06758700 63.62541800 -0.05868900
5.06354200 63.52752100 -0.05168300
5.06149900 63.43017300 -0.05021300
5.06105500 63.33326100 -0.05316400
5.06105300 63.23647000 -0.05733800
5.06068400 63.13957800 -0.06049300
5.05926800 63.04240200 -0.06075500
5.05698100 62.94498900 -0.05860400
5.05683500 62.84815700 -0.06237300
5.06136200 62.75258800 -0.07906700
5.06622700 62.65710600 -0.09669400
5.06602900 62.56025500 -0.10031800
5.06009400 62.46185800 -0.08807300
5.05311600 62.36318500 -0.07294100
5.04968600 62.26546900 -0.06762100
5.04968700 62.16867500 -0.07179100
5.04985800 62.07192500 -0.07643000
5.04799300 61.97463000 -0.07543600
5.04287000 61.87646600 -0.06542900
5.03389000 61.77727800 -0.04475300
5.02235200 61.67741500 -0.01700300
5.01211600 61.57790500 0.00715000
5.00812800 61.48006100 0.01402300
5.01009600 61.38379800 0.00442300
5.01252800 61.28765500 -0.00646200
5.01214700 61.19076600 -0.00956400
5.01042300 61.09352200 -0.00895000
5.01240900 60.99725600 -0.01859400
5.01832900 60.90202300 -0.03912400
5.02365600 60.80662900 -0.05800800
5.02517600 60.71023200 -0.06636400
5.02065500 60.61225000 -0.05800800
5.01353100 60.51359000 -0.04245000
5.00952800 60.41575000 -0.03552400
5.00930500 60.31889800 -0.03905400
5.01009300 60.22230800 -0.04537800
5.00874800 60.12516300 -0.04580300
5.00295700 60.02686400 -0.03392500
4.99355100 59.92763100 -0.01204900
4.98445100 59.82848300 0.00898200
4.98602500 59.73210200 0.00048800
4.98120800 59.63406800 0.00967600
4.97849800 59.53658000 0.01303600
4.97902500 59.43992700 0.00744000
4.98110300 59.34367100 -0.00244100
4.98218100 59.24715600 -0.00955700
4.98207300 59.15033600 -0.01339200
4.98285000 59.05374200 -0.01967300
4.98371200 58.95716800 -0.02618800
4.98117000 58.85972400 -0.02328700
4.97753300 58.76200300 -0.01735500
4.97713100 58.66510600 -0.02037200
4.97879400 58.56873300 -0.02909800
4.97588400 58.47119900 -0.02517400
4.97230400 58.37349600 -0.01939300
4.96733200 58.27544400 -0.00976200
4.96126900 58.17711900 0.00288800
4.95772800 58.07943400 0.00856100
4.95990700 57.98319000 -0.00158500
4.96550400 57.88780200 -0.02118800
4.96905300 57.79189600 -0.03512600
4.96995100 57.69532200 -0.04172700
4.96852000 57.59816400 -0.04188200
4.96564800 57.50064700 -0.03805400
4.96487300 57.40365400 -0.04002300
4.96723900 57.30744300 -0.05068100
4.96896000 57.21106800 -0.05955400
4.96646200 57.11364500 -0.05675400
4.95539000 57.01409800 -0.03023300
4.94292200 56.91421400 0.00015300
4.93814600 56.81623800 0.00926000
4.94152900 56.72027800 -0.00420800
4.94818300 56.62512000 -0.02672100
4.95198400 56.52925500 -0.04134100
4.95110600 56.43223700 -0.04301600
4.94801500 56.33467700 -0.03856500
4.94428600 56.23696200 -0.03235000
4.94148500 56.13947600 -0.02870000
4.94156200 56.04269400 -0.03301200
4.94346100 55.94635500 -0.04236400
4.94127100 55.84901900 -0.04040000
4.93192200 55.74994500 -0.01863000
4.92350000 55.65110200 0.00057700
4.92115300 55.55373600 0.00297700
4.92290400 55.45736200 -0.00596000
4.92253200 55.36047200 -0.00902100
4.91718500 55.26238400 0.00168400
4.90934700 55.16370000 0.01928000
4.90132600 55.06497800 0.03738500
4.89358500 54.96632700 0.05471800
4.88716900 54.86799900 0.06838500
4.88510400 54.77071600 0.07001300
4.88771800 54.67454900 0.05869800
4.89531400 54.57956700 0.03359700
4.90486600 54.48504400 0.00308600
4.91032200 54.38953900 -0.01609000
4.91010300 54.29268500 -0.01956400
4.90825000 54.19544300 -0.01851600
4.90812900 54.09861000 -0.02225700
4.90796400 54.00176700 -0.02587800
4.90447000 53.90413900 -0.02028400
4.89709300 53.80560000 -0.00394600
4.88890300 53.70687400 0.01464200
4.88174100 53.60839500 0.03039100
4.88369200 53.51205400 0.02092100
4.88001200 53.41439500 0.02703400
4.87860900 53.31726900 0.02684700
4.87637200 53.21994900 0.02897100
4.87297400 53.12236000 0.03430600
4.87130400 53.02517400 0.03486400
4.87240800 52.92863100 0.02774300
4.87394100 52.83218600 0.01943700
4.87407700 52.73541700 0.01500100
4.87361700 52.63850900 0.01221300
4.87377900 52.54174400 0.00770400
4.87199700 52.44453100 0.00857600
4.86329700 52.34573100 0.02859300
4.85047600 52.24599400 0.06001600
4.84573300 52.14811200 0.06908600
4.54461300 32.24404200 0.09434000
4.53991800 32.14650300 0.10351700
4.52805400 32.04789600 0.13254900
4.51866600 31.94966500 0.15472600
4.51586000 31.85242100 0.15867300
4.51674400 31.75572500 0.15239600
4.51725900 31.65897400 0.14714500
4.51577400 31.56192600 0.14743400
4.51307900 31.46470000 0.15107400
4.51054900 31.36750000 0.15426300
4.50870300 31.27040100 0.15555500
4.50845000 31.17353600 0.15243600
4.51083700 31.07705500 0.14200400
4.51068100 30.98020100 0.13861700
4.50548200 30.88261600 0.14920200
4.49893000 30.78483900 0.16353800
4.49638900 30.68764400 0.16676300
4.50043400 30.59139700 0.15174400
4.50635600 30.49541600 0.13152300
4.50833700 30.39886600 0.12222300
4.50561900 30.30164300 0.12594400
4.50150100 30.20422300 0.13354200
4.49843800 30.10695400 0.13822100
4.49570300 30.00973300 0.14199000
4.49076200 29.91220300 0.15187400
4.49186600 29.81552600 0.14500800
4.48659500 29.71795300 0.15580800
4.48651500 29.62111000 0.15222600
4.49128200 29.52494300 0.13521900
4.48962700 29.42787700 0.13600200
4.49293400 29.33150100 0.12304100
4.49170500 29.23449300 0.12264700
4.49443000 29.13803200 0.11130100
4.48696500 29.04016400 0.12818700
4.47996000 28.94236500 0.14379800
4.47545000 28.84491100 0.15250100
4.47462100 28.74796400 0.15100300
4.47618600 28.65134200 0.14287500
4.47684500 28.55459500 0.13726100
4.47532700 28.45755200 0.13767700
4.47259700 28.36034600 0.14145100
4.46924700 28.26305800 0.14694500
4.46858700 28.16613200 0.14498700
4.47000300 28.06948500 0.13727900
4.47100700 27.97278000 0.13071400
4.47119200 27.87596500 0.12641500
4.47056300 27.77904200 0.12437700
4.46754900 27.68180200 0.12894700
4.46290900 27.58434900 0.13802500
4.45786900 27.48684600 0.14820900
4.45482700 27.38960800 0.15286100
4.45576100 27.29289200 0.14649700
4.45877200 27.19644600 0.13437800
4.46031300 27.09980600 0.12633500
4.46018000 27.00294600 0.12292900
4.46003200 26.90608400 0.11956700
4.45959800 26.80918400 0.11699700
4.45758300 26.71208100 0.11881200
4.45447100 26.61483800 0.12366400
4.45173700 26.51764500 0.12747300
4.44971500 26.42054300 0.12930900
4.44870000 26.32357100 0.12835500
4.44867800 26.22672400 0.12465300
4.44881900 26.12989700 0.12049700
4.44824900 26.03298000 0.11831400
4.44620400 25.93587700 0.12022000
4.44321300 25.83865700 0.12474900
4.44175500 25.74163000 0.12502800
4.44277200 25.64491000 0.11845300
4.44440600 25.54826600 0.11016700
4.44281000 25.45122000 0.11083500
4.43694800 25.35365000 0.12332500
4.43020100 25.25597400 0.13826600
4.42533100 25.15853300 0.14801000
4.42475000 25.06161800 0.14587000
4.42835500 24.96521200 0.13212800
4.43239200 24.86885500 0.11719100
4.43602300 24.77244500 0.10338200
4.43886900 24.67593600 0.09174600
4.43889300 24.57908600 0.08793600
4.43495400 24.48176100 0.09510400
4.42984100 24.38429700 0.10553000
4.42583200 24.28696900 0.11289800
4.42204700 24.18966900 0.11964400
4.41498600 24.09198400 0.13547300
4.40497200 23.99395500 0.15948400
4.39577900 23.89603000 0.18122400
4.39000700 23.79851200 0.19348300
4.38871900 23.70152100 0.19331500
4.39105500 23.60495100 0.18310800
4.39590400 23.50867000 0.16593700
4.40147100 23.41246700 0.14677400
4.40658300 23.31620700 0.12887600
4.41022400 23.21977400 0.11505500
4.41115400 23.12302700 0.10874800
4.40870800 23.02589300 0.11179700
4.40568900 22.92869600 0.11643900
4.40508600 22.83177300 0.11438300
4.40544600 22.73496000 0.10965900
4.40327600 22.63786000 0.11195000
4.39788200 22.54040000 0.12317700
4.39392200 22.44310400 0.13042900
4.39233600 22.34607400 0.13110400
4.39782200 22.24982900 0.11217900
4.39456600 22.15261300 0.11748600
4.39055400 22.05531500 0.12488800
4.38968200 21.95836400 0.12358800
4.39214300 21.86177800 0.11305300
4.39404500 21.76512800 0.10406500
4.39206400 21.66805400 0.10584400
4.38710800 21.57065900 0.11586800
4.38360300 21.47342400 0.12187200
4.38150100 21.37634100 0.12398800
4.37860400 21.27917400 0.12830900
4.37513200 21.18194600 0.13422400
4.37157000 21.08471200 0.14039100
4.36691600 20.98736300 0.14958400
4.36225200 20.89001600 0.15880700
4.35887300 20.79280800 0.16447100
4.35685100 20.69574300 0.16637300
4.35532900 20.59873100 0.16689100
4.35434300 20.50177600 0.16592500
4.35540000 20.40503200 0.15929500
4.35809800 20.30845600 0.14811900
4.36085200 20.21188300 0.13678900
4.36098700 20.11503900 0.13272000
4.35588600 20.01765900 0.14316500
4.34909300 19.92011000 0.15830100
4.34445000 19.82278400 0.16747900
4.34498100 19.72598200 0.16231600
4.34993300 19.62962500 0.14490000
4.35176100 19.53294900 0.13614200
4.34681300 19.43559600 0.14617000
4.34126900 19.33818500 0.15785300
4.34208200 19.24140800 0.15191400
4.34601700 19.14493800 0.13732200
4.34840100 19.04831200 0.12702900
4.34840400 18.95145000 0.12334000
4.34661100 18.85441100 0.12462800
4.34448000 18.75734100 0.12685500
4.34290700 18.66032600 0.12753500
4.33961600 18.56314500 0.13298100
4.33362800 18.46570700 0.14590200
4.32914000 18.36841700 0.15466800
4.32984700 18.27162400 0.14903300
4.33571100 18.17531800 0.12910700
4.34291600 18.07913500 0.10546000
4.34745800 17.98269400 0.08919700
4.34771400 17.88584800 0.08481800
4.34408700 17.78863800 0.09120100
4.33806300 17.69120700 0.10423500
4.33240600 17.59381400 0.11624800
4.33097200 17.49681400 0.11655700
4.33198900 17.40004000 0.11007500
4.32942800 17.30293700 0.11350900
4.32189700 17.20538200 0.13072500
4.31198100 17.10761600 0.15455300
4.30342000 17.00998000 0.17462800
4.29794000 16.91262600 0.18616000
4.29451000 16.81545900 0.19201200
4.29267100 16.71843600 0.19345200
4.29314800 16.62161900 0.18847400
4.29538200 16.52495600 0.17862600
4.29848000 16.42836600 0.16638500
4.29985600 16.33162300 0.15891700
4.29834900 16.23462600 0.15944400
4.29516800 16.13748500 0.16461200
4.29242100 16.04038200 0.16858000
4.29243000 15.94351900 0.16490600
4.29522300 15.84689200 0.15351500
4.29804600 15.75026600 0.14204200
4.29916700 15.65349200 0.13529200
4.29945900 15.55664600 0.13083700
4.29886400 15.45972500 0.12884500
4.29540500 15.36256400 0.13479400
4.29792900 15.26590300 0.12415500
4.29446600 15.16874300 0.13011500
4.29543700 15.07195100 0.12378500
4.29426100 14.97498000 0.12340700
4.30162600 14.87870900 0.09935300
4.30363600 14.78199600 0.09014400
4.29863000 14.68471100 0.10038900
4.30095300 14.58802100 0.09031600
4.29824000 14.49092400 0.09420600
4.29626100 14.39388600 0.09606200
4.29297900 14.29674600 0.10153200
4.28901700 14.19955400 0.10889000
4.28575600 14.10241900 0.11430400
4.28533500 14.00550900 0.11184300
4.28752800 13.90880200 0.10213900
4.28924600 13.81205500 0.09375100
4.28991000 13.71522600 0.08828600
4.29190500 13.61849700 0.07913500
4.28775400 13.52129600 0.08702300
4.28996900 13.42458200 0.07725900
4.28890700 13.32761700 0.07658600
4.28884500 13.23072800 0.07314200
4.28389300 13.13347100 0.08325600
4.28231300 13.03646900 0.08402000
4.28395000 12.93970600 0.07586700
4.28521900 12.84291400 0.06873400
4.28180400 12.74577600 0.07459200
4.27619800 12.64848000 0.08652700
4.27455200 12.55147500 0.08748000
4.28220500 12.45514300 0.06265000
4.30932100 12.36020300 -0.01614800
4.34389300 12.26577400 -0.11562200
4.35123600 12.16938200 -0.13959000
4.05340900 -7.80964600 -0.03274800
4.04784600 -7.90656300 -0.02068300
4.03469400 -8.00341200 0.01244700
4.02838800 -8.10031300 0.02657500
4.02713100 -8.19725700 0.02668900
4.02726000 -8.29421400 0.02295700
4.02648300 -8.39116400 0.02174400
4.02357400 -8.48809000 0.02644600
4.01913000 -8.58499900 0.03541200
4.01491100 -8.68190800 0.04375400
4.01264800 -8.77883700 0.04666800
4.01046000 -8.87576600 0.04937600
4.00987800 -8.97271400 0.04762500
4.01557700 -9.06974300 0.02844100
4.02555600 -9.16683400 -0.00262300
4.03395700 -9.26391100 -0.02930800
4.03729700 -9.36092500 -0.04193900
4.03547200 -9.45786900 -0.04023400
4.03160600 -9.55478100 -0.03286200
4.02957800 -9.65172000 -0.03059200
4.03102800 -9.74871100 -0.03797400
4.03343200 -9.84571900 -0.04800300
4.03352400 -9.94269300 -0.05161300
4.03087400 -10.03962200 -0.04761100
4.02761100 -10.13653800 -0.04190500
4.02602900 -10.23348300 -0.04086600
4.02520600 -10.33044100 -0.04193100
4.01958800 -10.42731100 -0.02968400
4.00679600 -10.52404500 0.00247900
4.00456800 -10.62097000 0.00531700
4.00549500 -10.71795500 -0.00060200
4.01107700 -10.81503300 -0.01944300
4.00988000 -10.91198000 -0.01946400
4.00964400 -11.00894700 -0.02215100
4.01005500 -11.10592800 -0.02663600
4.01151800 -11.20293200 -0.03403500
4.01246200 -11.29992700 -0.03999800
4.01122500 -11.39687600 -0.03990000
4.01377100 -11.49390900 -0.05030800
4.01060000 -11.59081400 -0.04484000
4.00925900 -11.68776000 -0.04445300
4.00841400 -11.78471800 -0.04544100
4.00499200 -11.88161400 -0.03927200
4.00386300 -11.97856400 -0.03947100
4.00670200 -12.07561200 -0.05068300
4.00763200 -12.17261500 -0.05659400
4.00481000 -12.26952400 -0.05208700
3.99858900 -12.36634400 -0.03814400
3.99057600 -12.46311300 -0.01922500
3.98251500 -12.55987400 -0.00016900
3.97705700 -12.65670100 0.01166100
3.97569400 -12.75363700 0.01212400
3.97897900 -12.85070200 -0.00032000
3.98421200 -12.94782500 -0.01817000
3.98666900 -13.04487300 -0.02831000
3.98583100 -13.14182900 -0.02930200
3.98207900 -13.23869900 -0.02220100
3.97694100 -13.33552600 -0.01125400
3.97537300 -13.43245800 -0.01021500
3.98011200 -13.52958100 -0.02668600
3.98693800 -13.62677300 -0.04895400
3.98990100 -13.72385000 -0.06049300
3.98579400 -13.82070700 -0.05239900
3.97642700 -13.91739300 -0.02970100
3.96785200 -14.01409800 -0.00920000
3.96470000 -14.11097500 -0.00375700
3.96736200 -14.20804400 -0.01445600
3.97249400 -14.30519800 -0.03201000
3.97536600 -14.40228000 -0.04328900
3.97372700 -14.49921100 -0.04204000
3.97165800 -14.59612600 -0.03959800
3.97133300 -14.69310100 -0.04199600
3.97216200 -14.79011800 -0.04759800
3.97277400 -14.88712800 -0.05259800
3.97199700 -14.98409000 -0.05373700
3.97076100 -15.08103500 -0.05360300
3.97004500 -15.17799800 -0.05490800
3.96981700 -15.27498100 -0.05757200
3.96928400 -15.37195200 -0.05938500
3.96703400 -15.46885900 -0.05643000
3.96243500 -15.56567300 -0.04694800
3.95886800 -15.66252600 -0.04033400
3.95882100 -15.75951400 -0.04349300
3.96042700 -15.85656900 -0.05124200
3.96039800 -15.95356100 -0.05444800
3.95816300 -16.05046400 -0.05152700
3.95661600 -16.14739400 -0.05051400
3.95693500 -16.24440100 -0.05468300
3.95776200 -16.34143000 -0.06026400
3.95921600 -16.43848700 -0.06758400
3.96190100 -16.53559800 -0.07832000
3.96401900 -16.63268700 -0.08748000
3.96350100 -16.72966500 -0.08932000
3.96108000 -16.82656100 -0.08587300
3.95868400 -16.92345600 -0.08249600
3.95738600 -17.02039900 -0.08216500
3.95748200 -17.11740500 -0.08570600
3.95846600 -17.21445100 -0.09171100
3.95798900 -17.31143200 -0.09366000
3.95656100 -17.40837100 -0.09296400
3.95611200 -17.50535400 -0.09498800
3.95581500 -17.60234400 -0.09743100
3.95420800 -17.69927400 -0.09623400
3.95071300 -17.79611400 -0.08979400
3.94532600 -17.89286100 -0.07810000
3.93895600 -17.98955800 -0.06367200
3.93453500 -18.08634500 -0.05465800
3.93970000 -18.18359900 -0.07226400
3.95261400 -18.28123900 -0.11139000
3.95967500 -18.37860000 -0.13425900
3.95641400 -18.47544900 -0.12846000
3.94561200 -18.57191700 -0.10172000
3.93439000 -18.66835600 -0.07380700
3.92850600 -18.76506000 -0.06072200
3.92485200 -18.86187500 -0.05382700
3.91954400 -18.95860300 -0.04234000
3.91567900 -19.05540300 -0.03485600
3.90395500 -19.15178600 -0.00554600
3.90048700 -19.24860000 0.00083700
3.90574000 -19.34587800 -0.01700100
3.91058000 -19.44313900 -0.03368900
3.91066200 -19.54014700 -0.03716300
3.91046900 -19.63714000 -0.03987100
3.91466600 -19.73437500 -0.05477200
3.91166600 -19.83121600 -0.04968300
3.91518300 -19.92841800 -0.06269600
3.91373300 -20.02534500 -0.06190800
3.91424400 -20.12238300 -0.06656600
3.90828000 -20.21905300 -0.05324000
3.90404400 -20.31581800 -0.04471200
3.90383600 -20.41281400 -0.04737200
3.90856200 -20.51009700 -0.06373200
3.91684700 -20.60759200 -0.08997800
3.91965500 -20.70477200 -0.10101100
3.91146800 -20.80130400 -0.08150400
3.89941800 -20.89759900 -0.05126500
3.89215800 -20.99417300 -0.03432900
3.89385100 -21.09128400 -0.04225900
3.90135400 -21.18875000 -0.06632900
3.90777400 -21.28615700 -0.08738700
3.91224000 -21.38344800 -0.10301800
3.90895400 -21.48026400 -0.09711600
3.90834400 -21.57724500 -0.09864500
3.90523100 -21.67406900 -0.09321800
3.89342600 -21.77034300 -0.06365000
3.88306800 -21.86670000 -0.03809800
3.87602600 -21.96326300 -0.02175700
3.87421100 -22.06015600 -0.01993200
3.87529800 -22.15723700 -0.02616700
3.87427500 -22.25418100 -0.02654100
3.86949900 -22.35088100 -0.01648800
3.86440200 -22.44755600 -0.00554500
3.86322400 -22.54448800 -0.00548400
3.86610600 -22.64169000 -0.01670100
3.86852500 -22.73886400 -0.02663100
3.86927800 -22.83592800 -0.03193000
3.87063800 -22.93303500 -0.03891600
3.87300100 -23.03021200 -0.04868600
3.87308000 -23.12723500 -0.05211200
3.86821500 -23.22391800 -0.04180000
3.85966900 -23.32034400 -0.02126600
3.85177800 -23.41680900 -0.00254600
3.84852900 -23.51359400 0.00327800
3.84899300 -23.61063900 -0.00121000
3.84975800 -23.70770700 -0.00653500
3.85156700 -23.80485000 -0.01475900
3.85492900 -23.90210600 -0.02729300
3.85719300 -23.99928700 -0.03677900
3.85627300 -24.09624000 -0.03741800
3.85317400 -24.19303500 -0.03200100
3.84907500 -24.28975500 -0.02380600
3.84598700 -24.38654700 -0.01842000
3.84730900 -24.48366300 -0.02528100
3.85042800 -24.58091400 -0.03713800
3.85209300 -24.67806000 -0.04495000
3.85207900 -24.77508300 -0.04809800
3.85017400 -24.87196300 -0.04599300
3.84773400 -24.96880200 -0.04239800
3.84713700 -25.06578000 -0.04392200
3.84747100 -25.16283000 -0.04803200
3.84736600 -25.25984800 -0.05092300
3.84498600 -25.35669000 -0.04749100
3.83941400 -25.45328300 -0.03519000
3.83400800 -25.54988500 -0.02335000
3.83290700 -25.64682200 -0.02346800
3.83381600 -25.74391800 -0.02917000
3.83509600 -25.84104400 -0.03590000
3.83584400 -25.93813000 -0.04115200
3.83383700 -26.03499700 -0.03874900
3.82815100 -26.13156700 -0.02612100
3.82261000 -26.22814500 -0.01389900
3.82131200 -26.32506400 -0.01346000
3.82238200 -26.42217600 -0.01960100
3.82093100 -26.51908300 -0.01873900
3.81655400 -26.61574900 -0.00974200
3.81273900 -26.71245900 -0.00230700
3.81689300 -26.80982900 -0.01701500
3.81247900 -26.90648800 -0.00791300
3.81883700 -27.00404700 -0.02874000
3.82116500 -27.10127300 -0.03836700
3.81598300 -27.19786600 -0.02712800
3.81192100 -27.29455000 -0.01900200
3.80654200 -27.39112000 -0.00721300
3.80436700 -27.48796200 -0.00432700
3.80528000 -27.58506800 -0.01001700
3.79177500 -27.68092800 0.02435200
3.76857500 -27.77593600 0.08566000
3.57273600 -47.84278200 0.00097700
3.57321500 -47.93996900 -0.00328100
3.57533900 -48.03743200 -0.01211400
3.57807900 -48.13500100 -0.02266000
3.57873700 -48.23222300 -0.02741200
3.57707500 -48.32905500 -0.02571300
3.57415200 -48.42567400 -0.02050300
3.57232700 -48.52247700 -0.01834700
3.57290300 -48.61968700 -0.02286800
3.57496600 -48.71715100 -0.03152400
3.57747200 -48.81469300 -0.04141100
3.57965700 -48.91218200 -0.05040400
3.58049900 -49.00944500 -0.05566100
3.57838600 -49.10620200 -0.05269700
3.57293800 -49.20238400 -0.04045700
3.56724900 -49.29852200 -0.02754500
3.56610100 -49.39544000 -0.02726200
3.56992600 -49.49321900 -0.04080900
3.57352700 -49.59096300 -0.05373300
3.57250300 -49.68790700 -0.05379200
3.56998000 -49.78458900 -0.04968200
3.57134200 -49.88194900 -0.05637400
3.57930500 -49.98046500 -0.08142800
3.58822600 -50.07915700 -0.10914600
3.58901800 -50.17642800 -0.11425000
3.58046600 -50.27205300 -0.09336400
3.56956500 -50.36725800 -0.06594000
3.56159700 -50.46297400 -0.04667500
3.55831300 -50.55951600 -0.04043800
3.55810200 -50.65660200 -0.04274600
3.55764300 -50.75364500 -0.04436600
3.55441600 -50.85019400 -0.03828300
3.54875000 -50.94630400 -0.02541400
3.54408100 -51.04259100 -0.01532000
3.54298500 -51.13951600 -0.01516000
3.54634300 -51.23724300 -0.02739200
3.55209000 -51.33540500 -0.04626700
3.55461500 -51.43298900 -0.05618000
3.55312400 -51.52984800 -0.05491900
3.55056300 -51.62651300 -0.05068000
3.54917200 -51.72338900 -0.04969300
3.54954700 -51.82058700 -0.05362200
3.55047800 -51.91788800 -0.05909200
3.54970200 -52.01487700 -0.05981700
3.54647200 -52.11141700 -0.05371100
3.54127100 -52.20759200 -0.04212200
3.53800000 -52.30412000 -0.03589900
3.54101200 -52.40180700 -0.04715600
3.54710400 -52.50006600 -0.06697800
3.55277400 -52.59825300 -0.08562800
3.55385400 -52.69559200 -0.09150500
3.54750600 -52.79154900 -0.07671800
3.53625700 -52.88658800 -0.04829600
3.52875000 -52.98231900 -0.03028200
3.53326900 -53.08029800 -0.04572200
3.54320300 -53.17929800 -0.07622800
3.55060100 -53.27782900 -0.09967600
3.55039400 -53.37493300 -0.10196800
3.54408800 -53.47088600 -0.08729000
3.53605400 -53.56650700 -0.06780200
3.53035500 -53.66256600 -0.05481000
3.53011400 -53.75965800 -0.05700100
3.53512000 -53.85775100 -0.07378800
3.54193300 -53.95619300 -0.09560500
3.54615100 -54.05414500 -0.11019700
3.54638200 -54.15133700 -0.11369800
3.54255200 -54.24775000 -0.10589800
3.53711000 -54.34385100 -0.09361400
3.53404000 -54.44040600 -0.08792800
3.53430300 -54.53760300 -0.09151200
3.53645800 -54.63516700 -0.10036100
3.54013000 -54.73302800 -0.11342900
3.54486200 -54.83109900 -0.12944600
3.54841600 -54.92894400 -0.14218300
3.54873200 -55.02616200 -0.14591100
3.54701300 -55.12298200 -0.14397600
3.54458300 -55.21966300 -0.14005900
3.54026600 -55.31597300 -0.13089200
3.53445700 -55.41198700 -0.11757600
3.53132500 -55.50852400 -0.11170400
3.53166300 -55.60574500 -0.11548400
3.53326800 -55.70321700 -0.12279200
3.53336100 -55.80039200 -0.12588900
3.52907400 -55.89669800 -0.11680200
3.52843200 -55.99372700 -0.11785100
3.52572600 -56.09034400 -0.11316000
3.52836300 -56.18802700 -0.12333100
3.53019500 -56.28555200 -0.13126200
3.52802500 -56.38227700 -0.12805800
3.52257500 -56.47834300 -0.11572700
3.51703400 -56.57438600 -0.10313900
3.51512800 -56.67115900 -0.10066700
3.51669900 -56.76863400 -0.10786500
3.51937000 -56.86633300 -0.11812600
3.52184800 -56.96399600 -0.12784700
3.52252700 -57.06129600 -0.13256200
3.52026700 -57.15800000 -0.12909800
3.51512200 -57.25411400 -0.11760600
3.50892800 -57.35001000 -0.10319200
3.50539800 -57.44644900 -0.09619300
3.50589000 -57.54370900 -0.10038000
3.50825500 -57.64135600 -0.10978100
3.51147200 -57.73918100 -0.12155000
3.51495500 -57.83706400 -0.13405900
3.51744400 -57.93474500 -0.14380300
3.52039300 -58.03252500 -0.15482500
3.52464300 -58.13057600 -0.16946300
3.52809700 -58.22846700 -0.18188900
3.52685000 -58.32538300 -0.18123000
3.51699800 -58.42050300 -0.15662700
3.50221900 -58.51458800 -0.11831000
3.49275000 -58.60977300 -0.09476800
3.48960200 -58.70627800 -0.08881500
3.49014200 -58.80355500 -0.09312400
3.49209600 -58.90113200 -0.10136900
3.49392700 -58.99868500 -0.10926600
3.49486500 -59.09605100 -0.11468100
3.49539700 -59.19333300 -0.11896400
3.49530200 -59.29048400 -0.12149900
3.49117700 -59.38677900 -0.11282100
3.48417300 -59.48245900 -0.09612600
3.47875000 -59.57847100 -0.08383500
3.47480900 -59.67479700 -0.07566300
3.47278800 -59.77153100 -0.07283500
3.47444700 -59.86905300 -0.08024400
3.47943300 -59.96729100 -0.09691400
3.48318400 -60.06526900 -0.11014600
3.48179100 -60.16214200 -0.10906100
3.47574400 -60.25801000 -0.09502200
3.46850700 -60.35361600 -0.07766900
3.46330500 -60.44965900 -0.06598000
3.46132600 -60.54639800 -0.06326100
3.46173100 -60.64365400 -0.06717400
3.46502800 -60.74154200 -0.07913400
3.47199300 -60.84023300 -0.10130100
3.48077700 -60.93932800 -0.12853200
3.48546900 -61.03753400 -0.14437100
3.48419700 -61.13443700 -0.14361200
3.47938100 -61.23056100 -0.13298900
3.47418200 -61.32659800 -0.12129600
3.47144400 -61.42317400 -0.11645300
6.40087000 145.33488300 0.13087500
6.39514000 145.23492200 0.14163300
6.38927700 145.13488500 0.15275900
6.38461000 145.03556000 0.16059300
6.38201100 144.93746100 0.16273600
6.38188000 144.84082200 0.15808200
6.38180500 144.74421600 0.15327300
6.38043500 144.64684400 0.15203200
6.37915200 144.54952400 0.15055200
6.37839700 144.45251400 0.14762100
6.37703600 144.35514700 0.14635800
6.37509900 144.25744000 0.14668400
6.37462500 144.16059500 0.14298000
6.37172500 144.06232200 0.14595900
6.36484300 143.96170800 0.15990400
6.36464000 143.86502400 0.15545500
6.35988900 143.76566800 0.16353300
6.35793700 143.66795600 0.16390700
6.35654500 143.57057400 0.16273600
6.35265900 143.47173000 0.16843500
6.34637300 143.37148200 0.18074400
6.34018500 143.27129500 0.19278500
6.33680700 143.17275600 0.19708800
6.33797400 143.07687500 0.18887700
6.34272500 142.98308600 0.17079700
6.34585800 142.88834800 0.15717200
6.34271800 142.78994600 0.16082200
6.33842500 142.69087300 0.16765100
6.33556300 142.59263600 0.17053900
6.33340000 142.49480700 0.17150400
6.33060300 142.39661000 0.17421500
6.32851900 142.29882800 0.17496400
6.32866200 142.20234200 0.16958100
6.32882600 142.10586600 0.16413900
6.32746500 142.00850500 0.16289900
6.32501500 141.91051100 0.16465800
6.32213900 141.81227100 0.16759300
6.31800600 141.71330400 0.17399100
6.31225900 141.61340500 0.18483500
6.30723400 141.51392700 0.19369000
6.30438400 141.41570900 0.19655500
6.30454200 141.31923000 0.19114000
6.30749700 141.22436600 0.17802000
6.31174000 141.13024100 0.16135500
6.31578300 141.03599600 0.14524100
6.31782700 140.94059500 0.13463400
6.31567600 140.84277600 0.13557900
6.30882000 140.74224900 0.14948700
6.30006400 140.64063500 0.16862700
6.29459700 140.54091500 0.17871000
6.29389400 140.44393600 0.17567400
6.29370400 140.34725000 0.17122400
6.29304700 140.25029500 0.16806300
6.29041100 140.15220600 0.17035200
6.28496500 140.05250800 0.18038200
6.28170800 139.95406600 0.18438400
6.28316300 139.85832100 0.17540900
6.28657000 139.76369000 0.16105800
6.28743800 139.66760400 0.15370200
6.28495300 139.56960300 0.15558200
6.28569900 139.47344600 0.14856300
6.29170700 139.38028700 0.12705200
6.29883400 139.28776100 0.10245800
6.30037500 139.19204700 0.09325100
6.29357100 139.09158300 0.10703300
6.28448800 138.98982600 0.12709200
6.27890900 138.89006700 0.13750100
6.27762000 138.79274700 0.13609200
6.27402000 138.69411600 0.14105100
6.26527200 138.59256600 0.16019400
6.25749400 138.49157200 0.17666300
6.26327600 138.39826400 0.15578100
6.26168800 138.30077800 0.15520300
6.25823300 138.20223600 0.15977000
6.25467000 138.10363500 0.16463300
6.25163200 138.00533200 0.16805000
6.24776200 137.90656000 0.17376100
6.24447800 137.80812100 0.17786000
6.24499700 137.71182800 0.17148200
6.24837200 137.61714200 0.15724000
6.24914400 137.52098700 0.15016700
6.24853600 137.42405400 0.14689800
6.24741400 137.32683100 0.14504400
6.24192400 137.22715400 0.15522600
6.23289000 137.12549100 0.17517100
6.22493100 137.02443600 0.19215400
6.22100200 136.92564700 0.19803800
6.22100000 136.82905900 0.19310600
6.22486300 136.73463500 0.17752500
6.22897900 136.64034700 0.16125000
6.22968400 136.54414900 0.15437200
6.22895800 136.44714900 0.15143700
6.22981600 136.35103400 0.14414000
6.23267200 136.25603200 0.13133700
6.23548600 136.16100300 0.11865200
6.23607300 136.06473000 0.11210200
6.23347900 135.96668300 0.11432000
6.23056200 135.86845900 0.11742500
6.22941100 135.77121700 0.11566700
6.22853100 135.67412600 0.11316400
6.22296600 135.57443300 0.12356900
6.21248500 135.47201400 0.14751900
6.20506100 135.37129900 0.16304500
6.20663400 135.27557300 0.15378900
6.21345000 135.18275000 0.13008800
6.21666800 135.08792900 0.11630000
6.21227800 134.98889700 0.12347200
6.20664700 134.88918100 0.13406500
6.20163300 134.78980900 0.14296200
6.19467600 134.68936800 0.15720900
6.18570900 134.58782200 0.17699700
6.17813500 134.48705000 0.19294700
6.17492900 134.38868800 0.19686600
6.17316400 134.29112100 0.19681500
6.17253600 134.19418000 0.19363000
6.17604500 134.09951200 0.17905100
6.18400700 134.00728600 0.15220300
6.19225600 133.91521100 0.12456300
6.19339500 133.81922900 0.11651400
6.18997400 133.72074500 0.12103200
6.18617400 133.62205500 0.12659500
6.18260800 133.52349600 0.13151300
6.17964900 133.42526900 0.13476000
6.17831300 133.32793200 0.13353600
6.17731500 133.23077900 0.13138000
6.17366600 133.13217900 0.13653100
6.16862000 133.03281800 0.14553300
6.16577400 132.93466000 0.14847200
6.16136100 132.83564900 0.15573100
6.16064300 132.73865100 0.15281100
6.15017400 132.63635000 0.17675800
6.14374300 132.53625000 0.18958200
6.14575000 132.44073800 0.17915400
6.15674400 132.35010000 0.14396700
6.16044200 132.25549600 0.12888200
6.16203900 132.15975000 0.11958700
6.16341200 132.06388000 0.11091000
6.15633200 131.96343300 0.12552600
6.15285500 131.86493800 0.13021700
6.14889200 131.76618300 0.13624800
6.14355700 131.66668900 0.14605700
6.13709400 131.56658900 0.15897900
6.12921100 131.46572600 0.17581600
6.12204300 131.36525500 0.19068100
6.11878600 131.26689400 0.19477100
6.11998800 131.17093500 0.18657600
6.12468000 131.07685100 0.16876300
6.13105600 130.98366800 0.14630800
6.13487400 130.88910400 0.13090800
6.13444700 130.79225900 0.12720200
6.13156900 130.69409900 0.13025300
6.12722100 130.59515100 0.13735700
6.12262100 130.49607100 0.14515500
6.11918400 130.39761600 0.14975000
6.11682400 130.29973900 0.15137800
6.11536500 130.20234400 0.15052400
6.11531600 130.10570200 0.14578500
6.11623900 130.00957800 0.13836800
6.11807000 129.91393600 0.12844900
6.12081700 129.81878100 0.11600800
6.12289600 129.72326600 0.10541100
6.12139800 129.62584500 0.10466700
6.11592500 129.52631100 0.11488400
6.10753200 129.42522800 0.13314500
6.09806100 129.32357800 0.15438000
6.09371800 129.22465600 0.16148400
6.09304800 129.12768300 0.15846600
6.09033000 129.02962500 0.16109400
6.08679900 128.93113700 0.16596200
6.08768800 128.83499000 0.15865100
6.08979200 128.73948400 0.14799100
6.08812600 128.64198300 0.14772500
6.08343000 128.54288300 0.15580700
6.07866200 128.44374700 0.16408900
6.07592300 128.34568400 0.16678100
6.07263700 128.24733300 0.17098200
6.07153100 128.15013200 0.16917600
6.07612500 128.05592900 0.15166100
6.07989100 127.96128600 0.13642900
6.08194200 127.86573900 0.12592500
6.08034800 127.76827600 0.12546700
6.07483200 127.66875600 0.13581900
6.06848900 127.56880600 0.14845200
6.07181600 127.47392400 0.13443400
6.06675800 127.37465000 0.14352900
6.06170600 127.27538200 0.15260600
6.05851600 127.17709000 0.15655400
6.05958600 127.08102500 0.14876000
6.06286600 126.98611100 0.13487700
6.06476800 126.89047500 0.12479100
6.06367100 126.79327400 0.12297200
6.05819500 126.69379200 0.13322700
6.05156600 126.59371400 0.14665700
6.04764100 126.49504600 0.15263700
6.04440100 126.39673500 0.15673200
6.04049800 126.29808200 0.16265300
6.04024000 126.20132200 0.15852700
6.04491100 126.10711700 0.14081800
6.05390200 126.01514500 0.11120100
6.05986700 125.92160000 0.08992500
6.04848600 125.81907500 0.11646400
6.03504500 125.71549300 0.14868300
6.02957300 125.61603600 0.15893700
6.03095200 125.52012000 0.15030500
6.03481700 125.42548300 0.13482600
6.03545300 125.32917800 0.12824400
6.03261200 125.23108100 0.13125000
6.03004200 125.13312500 0.13350900
6.03017800 125.03656100 0.12831000
6.03199200 124.94085900 0.11848600
6.03125800 124.84384600 0.11568700
6.02732000 124.74518800 0.12172100
6.02485600 124.64728900 0.12369300
6.02839400 124.55246500 0.10912100
6.03578300 124.45960900 0.08393300
6.04009100 124.36517100 0.06723900
6.03683700 124.26686300 0.07139200
6.02889700 124.16616200 0.08846500
6.02126300 124.06562300 0.10469400
6.01579300 123.96619200 0.11495900
6.01095400 123.86708600 0.12348700
6.00559200 123.76771600 0.13345700
5.99921200 123.66783100 0.14623500
5.99289800 123.56798400 0.15883000
5.98877500 123.46925500 0.16538700
5.98810800 123.37228200 0.16241900
5.99191200 123.27757700 0.14712600
5.99681200 123.18342500 0.12881100
5.99664000 123.08669800 0.12448100
5.99038500 122.98689100 0.13691900
5.98167700 122.88584600 0.15612500
5.97420400 122.78543200 0.17192300
5.97074400 122.68704900 0.17666200
5.97202200 122.59105900 0.16833900
5.97514500 122.49599800 0.15493100
5.97579000 122.39968500 0.14835400
5.97318100 122.30173200 0.15075100
5.97041100 122.20369800 0.15359100
5.97061500 122.10716200 0.14823100
5.97415700 122.01230200 0.13367200
5.97718300 121.91717900 0.12053800
5.97783200 121.82086000 0.11395400
5.97674600 121.72367000 0.11215800
5.97531500 121.62630700 0.11131200
5.97567200 121.52983900 0.10553900
5.97707700 121.43389400 0.09687500
5.97611300 121.33676300 0.09474600
5.97143500 121.23777700 0.10285600
5.96634100 121.13858600 0.11211500
5.97161100 121.04456600 0.09280000
5.96718700 120.94571100 0.10021300
5.96079300 120.84587700 0.11306100
5.95704300 120.74736300 0.11862000
5.95752300 120.65095400 0.11251400
5.95852300 120.55480100 0.10497800
5.95775800 120.45777100 0.10230700
5.95486300 120.35968400 0.10551100
5.95045900 120.26085000 0.11287800
5.94634100 120.16216100 0.11945800
5.94419700 120.06445000 0.12059300
5.94391700 119.96766200 0.11659000
5.94376700 119.87093800 0.11223100
5.94309900 119.77395700 0.10930200
5.94084500 119.67619300 0.11074600
5.93685500 119.57757400 0.11697600
5.93406200 119.47954700 0.11990900
5.93305800 119.38240100 0.11791000
5.93368500 119.28605800 0.11141400
5.93433200 119.18972300 0.10486400
5.93363100 119.09272400 0.10203200
5.93353800 118.99602400 0.09752400
5.93494900 118.90006000 0.08886700
5.93648600 118.80415600 0.07986700
5.93606100 118.70728900 0.07627800
5.93221800 118.60875000 0.08211500
5.92575600 118.50893300 0.09517300
5.91841700 118.40869100 0.11065200
5.91162400 118.30872100 0.12462800
5.90848700 118.21053700 0.12852300
5.90905700 118.11416200 0.12219400
5.91077300 118.01834300 0.11270800
5.91150200 117.92204100 0.10594300
5.90989700 117.82460300 0.10561800
5.90804400 117.72704600 0.10597500
5.90798300 117.63035800 0.10139300
5.90979300 117.53457800 0.09165200
5.91045400 117.43823800 0.08507900
5.90575500 117.33930100 0.09329000
5.89923000 117.23948300 0.10653700
5.89450700 117.14054100 0.11481600
5.89177500 117.04256300 0.11760600
5.88956800 116.94484000 0.11895000
5.88731600 116.84709600 0.12041700
5.88579600 116.74970500 0.11986700
5.88605100 116.65316900 0.11442200
5.88887100 116.55786700 0.10190400
5.89372500 116.46353900 0.08378100
5.89672300 116.36831500 0.07077500
5.89583700 116.27122400 0.06847900
5.89143700 116.17244600 0.07588000
5.88282800 116.07165500 0.09488500
5.87482700 115.97115900 0.11221700
5.87255500 115.87341100 0.11375000
5.87260000 115.77677100 0.10889500
5.87360300 115.68058700 0.10139800
5.87459300 115.58439600 0.09393700
5.87346500 115.48719300 0.09231900
5.87625300 115.39185700 0.07990100
5.86378600 115.28925200 0.10955900
5.85402800 115.18794500 0.13174400
5.85276700 115.09068500 0.13049900
5.85978800 114.99735900 0.10641000
5.87394600 114.90741500 0.06263700
5.87954800 114.81340100 0.04246200
5.88655100 114.72004600 0.01842700
5.88220100 114.62130800 0.02570400
5.87758300 114.52244700 0.03372000
5.86541100 114.42001600 0.06257400
5.85483900 114.31834900 0.08701700
5.84917100 114.21900500 0.09793300
5.84879700 114.12216000 0.09424900
5.85244100 114.02720900 0.07948400
5.85880500 113.93353500 0.05721800
5.86629700 113.84038600 0.03183800
5.86935000 113.74514300 0.01870800
5.86287600 113.64542200 0.03185300
5.85091000 113.54312700 0.06015000
5.84098600 113.44179800 0.08281200
5.83604400 113.34281000 0.09173700
5.83430200 113.24532400 0.09183600
5.83283300 113.14796500 0.09118300
5.83015500 113.05004200 0.09386300
5.82720800 112.95199500 0.09728900
5.82678500 112.85512600 0.09375400
5.82988000 112.75989700 0.08051500
5.83109000 112.66378700 0.07247600
5.82761500 112.56549400 0.07736300
5.82396700 109.66321100 -0.05311800
5.51905800 92.70640200 -0.00892700
5.52112200 92.61047200 -0.01912200
5.52295800 92.51445100 -0.02868300
5.52554900 92.41872100 -0.04033200
5.52634900 92.32229500 -0.04703100
5.52373700 92.22455100 -0.04430700
5.51790300 92.12556600 -0.03268700
5.51256600 92.02677600 -0.02243500
5.51098800 91.92943600 -0.02256400
5.51303100 91.83348900 -0.03269400
5.51655300 91.73810600 -0.04690200
5.51939100 91.64245800 -0.05922500
5.52006400 91.54597700 -0.06556600
5.51822500 91.44853300 -0.06496900
5.51505000 91.35057900 -0.06068300
5.51235300 91.25280900 -0.05771300
5.51035200 91.15530600 -0.05666700
5.50821700 91.05775200 -0.05524700
5.50601700 90.96017500 -0.05364900
5.50144800 90.86169700 -0.04550700
5.49376100 90.76203600 -0.02875300
5.48724000 90.66282300 -0.01521800
5.48231400 90.56421900 -0.00608500
5.48222300 90.46745000 -0.01030400
5.48917100 90.37334700 -0.03396400
5.49731900 90.27969200 -0.06093500
5.49984400 90.18390500 -0.07237800
5.49572400 90.08560600 -0.06546700
5.48917000 89.98639100 -0.05183300
5.48387400 89.88765500 -0.04167200
5.47907800 89.78911000 -0.03288800
5.47561100 89.69106700 -0.02777600
5.47983200 89.59591500 -0.04389600
5.47827900 89.49859100 -0.04406900
5.47757700 89.40158800 -0.04659200
5.47777500 89.30492000 -0.05159700
5.47958800 89.20885600 -0.06106200
5.48350800 89.11357700 -0.07634700
5.48248100 89.01644800 -0.07796600
5.47606700 88.91730900 -0.06470500
5.46842400 88.81771700 -0.04804900
5.46252300 88.71877800 -0.03620500
5.46198400 88.62183600 -0.03916800
5.46567600 88.52646500 -0.05381500
5.46839000 88.43072900 -0.06576200
5.46871400 88.33410300 -0.07110700
5.46725900 88.23681700 -0.07153400
5.46425100 88.13895800 -0.06767500
5.46110300 88.04104800 -0.06342600
5.46011500 87.94393700 -0.06514100
5.46198700 87.84788000 -0.07475500
5.46518100 87.75230800 -0.08802000
5.46663800 87.65609400 -0.09648600
5.46443800 87.55853400 -0.09484900
5.45779500 87.45934300 -0.08094100
5.44947600 87.35954100 -0.06240200
5.44394300 87.26076600 -0.05155400
5.44135400 87.16307200 -0.04884100
5.43974700 87.06573800 -0.04883600
5.43707200 86.96801500 -0.04588100
5.43380100 86.87007500 -0.04128100
5.43258900 86.77288800 -0.04236500
5.43475400 86.67693000 -0.05277500
5.43995200 86.58207400 -0.07156400
5.44551900 86.48734700 -0.09137100
5.44740900 86.39128000 -0.10102200
5.44249000 86.29274100 -0.09186000
5.43163900 86.19205700 -0.06631400
5.42293400 86.09215600 -0.04669100
5.41803800 85.99363800 -0.03759100
5.41544600 85.89595600 -0.03485300
5.41391600 85.79865700 -0.03504800
5.41136800 85.70099200 -0.03243100
5.40787900 85.60299000 -0.02721400
5.40545400 85.50537200 -0.02493300
5.40598600 85.40881700 -0.03081900
5.40972400 85.31341200 -0.04556300
5.41336400 85.21796800 -0.06003500
5.41347700 85.12125700 -0.06476200
5.40937300 85.02303700 -0.05783900
5.40395400 84.92434900 -0.04728200
5.40079100 84.82647000 -0.04295400
5.40029600 84.72954400 -0.04599800
5.39854300 84.63217000 -0.04556500
5.39429900 84.53390900 -0.03824700
5.39205400 84.43636200 -0.03645400
5.39677000 84.34128700 -0.05388700
5.40651800 84.24799200 -0.08522400
5.41460300 84.15410000 -0.11196400
5.41555400 84.05767600 -0.11899500
5.41056500 83.95915100 -0.10961500
5.40468100 83.86031300 -0.09776100
5.40002700 83.76191200 -0.08930300
5.39701600 83.66409300 -0.08538500
5.39605400 83.56699700 -0.08712500
5.39749200 83.47074400 -0.09549600
5.39822600 83.37424300 -0.10191900
5.39522300 83.27642900 -0.09801800
5.38820500 83.17720900 -0.08302300
5.37953600 83.07741600 -0.06346500
5.38304800 82.98188900 -0.07756100
5.38144900 82.88457200 -0.07753300
5.38259500 82.78821400 -0.08509000
5.38486200 82.69224500 -0.09574100
5.38777700 82.59649900 -0.10818300
5.38089200 82.49734200 -0.09354800
5.38837500 82.40318000 -0.11861000
5.38426000 82.30498800 -0.11162600
5.37933000 82.20651500 -0.10238800
5.37793700 82.10927000 -0.10292100
5.37717700 82.01224400 -0.10520200
5.37507300 81.91475400 -0.10377100
5.37239900 81.81706700 -0.10076100
5.37111600 81.71986200 -0.10159600
5.37175100 81.62331700 -0.10772800
5.37183000 81.52658000 -0.11232200
5.36960100 81.42904900 -0.11053900
5.36657900 81.33124600 -0.10656500
5.36462500 81.23381100 -0.10553800
5.36461700 81.13704400 -0.10988900
5.36535500 81.04053000 -0.11629900
5.36212400 80.94266000 -0.11174300
5.35432200 80.84323000 -0.09455200
5.34832500 80.74442200 -0.08235100
5.34511500 80.64656600 -0.07784800
5.34327100 80.54917600 -0.07711800
5.34169800 80.45188000 -0.07713800
5.33959100 80.35440200 -0.07567900
5.33830500 80.25720400 -0.07648800
5.33706800 80.16002200 -0.07743300
5.33484500 80.06250700 -0.07564900
5.33290100 79.96508700 -0.07463800
5.33314700 79.86840700 -0.07967800
5.33381900 79.77187000 -0.08589200
5.33320700 79.67489900 -0.08855700
5.33042000 79.57719600 -0.08521000
5.32539400 79.47874200 -0.07567700
5.31962200 79.38004100 -0.06408100
5.31511500 79.28176800 -0.05597800
5.31469900 79.18486600 -0.05917900
5.32106800 79.09023400 -0.08112900
5.33159500 78.99698500 -0.11456900
5.34051800 78.90319300 -0.14357600
5.34274100 78.80715900 -0.15406800
5.33836000 78.70892500 -0.14630800
5.33175900 78.60995400 -0.13241100
5.32531800 78.51104100 -0.11895500
5.32012800 78.41254700 -0.10895600
5.31635600 78.31452700 -0.10287500
5.31264500 78.21652800 -0.09695900
5.30793400 78.11820100 -0.08828100
5.30276700 78.01972700 -0.07834200
5.29804300 77.92140100 -0.06962400
5.29546800 77.82378700 -0.06684500
5.29378300 77.72646600 -0.06652400
5.29232200 77.62922000 -0.06681900
5.29117500 77.53207700 -0.06798400
5.28972500 77.43483500 -0.06830800
5.28952100 77.33800100 -0.07207500
5.29122300 77.24179100 -0.08111000
5.29422100 77.14600200 -0.09372600
5.29782500 77.05040700 -0.10801300
5.29982400 76.95428600 -0.11786700
5.29673500 76.85650600 -0.11365600
5.28854400 76.75706700 -0.09534400
5.28832300 76.66022300 -0.09905700
5.28237900 76.56152200 -0.08695200
5.28192800 76.46460400 -0.09002700
5.28552400 76.36899700 -0.10428800
5.28019800 76.27050100 -0.09388900
5.28016700 76.17371900 -0.09812200
5.28419400 76.07824500 -0.11357000
5.27921100 75.97986300 -0.10411300
5.27722400 75.88244900 -0.10293700
5.28004400 75.78658100 -0.11504700
5.28804000 75.69237300 -0.14146100
5.28742100 75.59539400 -0.14406200
5.28852300 75.49896600 -0.15141900
5.28027900 75.39954700 -0.13294500
5.27626200 75.30148400 -0.12615400
5.26872500 75.20229900 -0.10963000
5.26851300 75.10545500 -0.11335200
5.27209400 75.00981800 -0.12755400
5.27214500 74.91305400 -0.13200200
5.26665400 74.81453000 -0.12112900
5.25976000 74.71556400 -0.10637700
5.25666500 74.61780600 -0.10212500
5.25796600 74.52144100 -0.11002100
5.26063100 74.42550500 -0.12168800
5.25997800 74.32852000 -0.12418300
5.25373000 74.22976900 -0.11121200
5.24495600 74.13022700 -0.09125600
5.23728300 74.03103600 -0.07434100
5.23193400 73.93258200 -0.06385100
5.22958400 73.83507200 -0.06164900
5.23097700 73.73873600 -0.06979200
5.23210100 73.64231400 -0.07719100
5.23012100 73.54491900 -0.07600800
5.22862800 73.44767800 -0.07617000
5.23049000 73.35148400 -0.08560600
5.23401000 73.25580400 -0.09962300
5.23529900 73.15942600 -0.10747400
5.23300600 73.06193300 -0.10541900
5.22867200 72.96380800 -0.09772400
5.22860700 72.86700900 -0.10182800
5.24226400 72.77445800 -0.14386200
5.25297400 72.68098400 -0.17774900
4.92024700 52.64926200 -0.11682400
4.85933400 52.53841800 0.04767700
4.87671700 52.44561600 -0.00448600
4.87671900 52.34881100 -0.00854700
4.87227800 52.25098800 -0.00031400
4.87062500 52.15380500 0.00020200
4.87313300 52.05757300 -0.01079300
4.87569300 51.96135000 -0.02193100
4.87570700 51.86454400 -0.02602200
4.87321100 51.76716800 -0.02316500
4.86933800 51.66948100 -0.01649700
4.86498200 51.57168600 -0.00849200
4.86062100 51.47389300 -0.00047300
4.85715400 51.37630500 0.00507500
4.85579200 51.27919200 0.00479900
4.85629500 51.18249900 -0.00063700
4.85722400 51.08590000 -0.00725200
4.85732700 50.98911500 -0.01158100
4.85641500 50.89210200 -0.01309900
4.85525300 50.79503300 -0.01392300
4.85480500 50.69812400 -0.01672300
4.85626200 50.60163800 -0.02479300
4.85839300 50.50530000 -0.03472900
4.85874100 50.40856400 -0.03972700
4.85715300 50.31139800 -0.03936700
4.85471100 50.21404400 -0.03664300
4.85029200 50.11625500 -0.02844700
4.84430100 50.01812300 -0.01589900
4.84030000 49.92043100 -0.00885800
4.83838500 49.82320000 -0.00758600
4.83529300 49.72571200 -0.00305700
4.83051200 49.62785500 0.00614800
4.82647400 49.53016500 0.01329500
4.82367300 49.43274500 0.01702200
4.82047500 49.33524100 0.02184900
4.81589700 49.23743900 0.03049700
4.81389300 49.14019800 0.03202300
4.81645400 49.04394600 0.02091200
4.82131200 48.94818700 0.00344800
4.82413100 48.85198400 -0.00837500
4.82314300 48.75495900 -0.00965900
4.82203300 48.65790700 -0.01060300
4.82279700 48.56125700 -0.01673300
4.82358400 48.46461100 -0.02292600
4.82123000 48.36729300 -0.02042500
4.81679100 48.26953000 -0.01214900
4.81330500 48.17197300 -0.00651300
4.81099300 48.07466700 -0.00412500
4.80649600 47.97689900 0.00431500
4.80004000 47.87871800 0.01817500
4.79513300 47.78086900 0.02775100
4.79289900 47.68358700 0.02992700
4.79329200 47.58686000 0.02483600
4.79606800 47.49063300 0.01314800
4.80021500 47.39469200 -0.00233400
4.80194900 47.29824000 -0.01113500
4.79914400 47.20083700 -0.00737000
4.79535900 47.10323000 -0.00089400
4.79348700 47.00602500 0.00029100
4.79081700 46.90865400 0.00368400
4.78473100 46.81057500 0.01653300
4.78825800 46.71449200 0.00277500
4.78427200 46.61685200 0.00981400
4.77916300 46.51898200 0.01996500
4.77405200 46.42111500 0.03012000
4.77209500 46.32389900 0.03154500
4.77202300 46.22707200 0.02775500
4.77155300 46.13016300 0.02506900
4.77012900 46.03305700 0.02502300
4.76695600 45.93559500 0.02981900
4.76440100 45.83826100 0.03290600
4.76495600 45.74156100 0.02738500
4.76817400 45.64540000 0.01449400
4.77193000 45.54934500 0.00011600
4.77501400 45.45315100 -0.01240300
4.77753800 45.35684000 -0.02336900
4.77823700 45.26015900 -0.02928500
4.77653700 45.16299400 -0.02855700
4.77439300 45.06574000 -0.02659700
4.77298400 44.96863500 -0.02667300
4.77046600 44.87130800 -0.02367600
4.76643600 44.77368000 -0.01649500
4.76292200 44.67615700 -0.01073800
4.75946200 44.57864800 -0.00513200
4.75421600 44.48078500 0.00542200
4.74844200 44.38282100 0.01743800
4.74670800 44.28566000 0.01827000
4.74929000 44.18935100 0.00715500
4.75122400 44.09291200 -0.00216600
4.74913700 43.99567900 -0.00035300
4.74189200 43.89743600 0.01574100
4.73403200 43.79907700 0.03353900
4.73172200 43.70180800 0.03597200
4.73324800 43.60528900 0.02778600
4.73754700 43.50930700 0.01192700
4.74418300 43.41377500 -0.01040400
4.75029300 43.31813600 -0.03127700
4.75105400 43.22145600 -0.03734100
4.74611600 43.12367300 -0.02762400
4.74182600 43.02601900 -0.01970000
4.74154000 42.92913700 -0.02286200
4.74269700 42.83253300 -0.03001900
4.74146400 42.73546800 -0.03055400
4.73579600 42.63755600 -0.01881400
4.72653600 42.53896100 0.00287800
4.71812800 42.44053500 0.02220700
4.71341300 42.34281700 0.03131500
4.71243000 42.24580900 0.03009300
4.71550400 42.14957000 0.01763900
4.72015600 42.05362600 0.00081500
4.72125700 41.95700800 -0.00617600
4.71783600 41.85953700 -0.00064400
4.71198800 41.76161300 0.01160600
4.70460500 41.66340400 0.02810900
4.69793800 41.56533400 0.04263200
4.69690100 41.46832000 0.04156800
4.70118500 41.37229600 0.02577000
4.70527200 41.27623300 0.01051800
4.70657100 41.17964700 0.00299000
4.70652300 41.08281100 -0.00080900
4.70914400 40.98646800 -0.01199700
4.71508000 40.89073200 -0.03236600
4.71888700 40.79460000 -0.04683400
4.71719400 40.69745400 -0.04607500
4.71068600 40.59942700 -0.03198200
4.70394900 40.50136100 -0.01725200
4.70093300 40.40398000 -0.01282600
4.70020900 40.30701700 -0.01474700
4.69950600 40.21005800 -0.01672300
4.69737200 40.11283800 -0.01473300
4.69374000 40.01534900 -0.00859800
4.68938700 39.91773200 -0.00046300
4.69366600 39.82167200 -0.01622900
4.69152800 39.72445500 -0.01422800
4.68841700 39.62706400 -0.00952800
4.68406600 39.52945300 -0.00139600
4.68010300 39.43191400 0.00566500
4.67788000 39.33468700 0.00790600
4.67840300 39.23794900 0.00254700
4.67939600 39.14129400 -0.00411200
4.67713000 39.04406000 -0.00174600
4.67166600 38.94626200 0.00947600
4.66685100 38.84858200 0.01890100
4.66422700 38.75129000 0.02226200
4.66149800 38.65398100 0.02591400
4.65938600 38.55678100 0.02786000
4.66038100 38.46012600 0.02120100
4.66321100 38.36378900 0.00946200
4.66454900 38.26718900 0.00185600
4.66358700 38.17018800 0.00062000
4.66048800 38.07281700 0.00530300
4.65561400 37.97514100 0.01490300
4.64996500 37.87733300 0.02665300
4.64572300 37.77977200 0.03450600
4.64536700 37.68288100 0.03159500
4.64733000 37.58638600 0.02226800
4.64517900 37.48918600 0.02433100
4.63759100 37.39105900 0.04145500
4.62978300 37.29290000 0.05919000
4.62609400 37.19544500 0.06551600
4.62760400 37.09887400 0.05744700
4.63166400 37.00273200 0.04231800
4.63234100 36.90601500 0.03655800
4.62698800 36.80828200 0.04750000
4.61997400 36.71027300 0.06304000
4.61550100 36.61269500 0.07154600
4.61264500 36.51539000 0.07557500
4.60940300 36.41802200 0.08067400
4.60613900 36.32065200 0.08583500
4.61110600 36.22465000 0.06820300
4.62180800 36.12959300 0.03468500
4.62772700 36.03373800 0.01441800
4.62688400 35.93676200 0.01287700
4.62188800 35.83910200 0.02284200
4.61480400 35.74110400 0.03858900
4.60614100 35.64285100 0.05871000
4.59613100 35.54438400 0.08256400
4.58655200 35.44599400 0.10522800
4.58995100 35.34972100 0.09194500
4.59168600 35.25317500 0.08327500
4.58734600 35.15564300 0.09142900
4.58857300 35.05901300 0.08416600
4.59085500 34.96255100 0.07398100
4.58640000 34.86500400 0.08245900
4.58837800 34.76849100 0.07312000
4.58600100 34.67127900 0.07584400
4.59211800 34.57542400 0.05504100
4.59660200 34.47930300 0.03876400
4.59746600 34.38260300 0.03251300
4.59438900 34.28527700 0.03718100
4.58830000 34.18747700 0.05019000
4.59059300 34.09100300 0.03998600
4.58642500 33.99350900 0.04768000
4.58293800 33.89612500 0.05348600
4.57650400 33.79828200 0.06745800
4.56954500 33.70036100 0.08288500
4.56493000 33.60281000 0.09182000
4.56170000 33.50547700 0.09691900
4.55911700 33.40824500 0.10022700
4.55606700 33.31094300 0.10483100
4.55044300 33.21324500 0.11656800
4.54444800 33.11549400 0.12933100
4.54279000 33.01841200 0.13008300
4.54749400 32.92230400 0.11321100
4.55700700 32.82692600 0.08302100
4.55989400 32.73053000 0.07118700
4.54696900 32.63173100 0.10315200
4.25384100 12.64684700 0.14852000
4.32151000 12.55488600 -0.04272900
4.31265800 12.45734300 -0.02179400
4.29605600 12.35924900 0.02063500
4.29146600 12.26202600 0.02975600
4.28728600 12.16483500 0.03774000
4.28559100 12.06782100 0.03883600
4.28390400 11.97080900 0.03991000
4.28276000 11.87383600 0.03948000
4.28364200 11.77700300 0.03343300
4.28595600 11.68026800 0.02341700
4.28613900 11.58338400 0.01930900
4.28255700 11.48624200 0.02564400
4.27755500 11.38900500 0.03591900
4.27339300 11.29182700 0.04386400
4.26977700 11.19468900 0.05029700
4.26445100 11.09743900 0.06147300
4.25761000 11.00009100 0.07685100
4.25431900 10.90298200 0.08238500
4.25825000 10.80635000 0.06789500
4.26618300 10.70997500 0.04230500
4.27138500 10.61341700 0.02429200
4.26875700 10.51634700 0.02799200
4.26368500 10.41912200 0.03847200
4.26144200 10.32208100 0.04110800
4.26277800 10.22526800 0.03381800
4.26685500 10.12862600 0.01893100
4.27152000 10.03201700 0.00241100
4.27508700 9.93533500 -0.01106200
4.27749600 9.83857800 -0.02132100
4.27869600 9.74174400 -0.02822900
4.27625900 9.64468500 -0.02504700
4.26974200 9.54738000 -0.01055000
4.26114200 9.44995400 0.00972400
4.25449000 9.35265000 0.02459900
4.25301400 9.25565900 0.02511900
4.25507000 9.15887800 0.01584600
4.25639100 9.06205100 0.00861100
4.25503100 8.96506500 0.00881500
4.25188300 8.86797600 0.01397700
4.24900700 8.77090400 0.01838600
4.24866400 8.67397900 0.01577100
4.25184000 8.57725400 0.00339700
4.25653100 8.48061100 -0.01317800
4.25860600 8.38381700 -0.02249600
4.25654200 8.28678900 -0.02033300
4.25277200 8.18966800 -0.01343800
4.24967600 8.09258600 -0.00841200
4.24747600 7.99555500 -0.00586700
4.24532200 7.89852700 -0.00345200
4.24280800 7.80148100 -0.00003600
4.24004900 7.70442200 0.00406200
4.23634600 7.60731500 0.01077900
4.23033600 7.51008800 0.02389400
4.22175100 7.41273000 0.04415500
4.21295600 7.31536800 0.06499900
4.21239000 7.21843500 0.06301900
4.21921900 7.12188100 0.04053000
4.22145400 7.02508700 0.03078300
4.21661700 6.92793500 0.04065100
4.20723400 6.83055700 0.06313400
4.20296200 6.73344100 0.07143700
4.20091500 6.63643600 0.07357200
4.20667900 6.53981300 0.05404400
4.20653800 6.44290000 0.05089400
4.21306100 6.34630600 0.02926100
4.21724700 6.24959500 0.01411200
4.21789400 6.15271200 0.00877800
4.21554500 6.05568700 0.01175800
4.21209800 5.95861200 0.01778400
4.20839500 5.86152800 0.02452100
4.20445600 5.76443400 0.03191500
4.20176400 5.66739900 0.03584800
4.20131800 5.57046700 0.03355500
4.20152700 5.47356400 0.02944700
4.19991500 5.37657900 0.03038800
4.20423600 5.27985500 0.01487500
4.19815100 5.18267400 0.02822700
4.19176700 5.08548400 0.04241200
4.18647500 4.98834500 0.05356800
4.18505900 4.89137400 0.05397000
4.18781400 4.79457800 0.04280700
4.18939700 4.69773000 0.03489600
4.18624400 4.60068500 0.04012100
4.17993000 4.50351200 0.05411800
4.17315500 4.40632500 0.06939400
4.17024900 4.30929800 0.07394100
4.17114700 4.21242200 0.06793200
4.16974600 4.11545500 0.06830600
4.16573500 4.01838700 0.07591800
4.16272300 3.92136000 0.08076200
4.16462900 3.82452100 0.07196500
4.17068400 3.72783800 0.05165900
4.17686100 3.63115300 0.03101300
4.18042100 3.53436600 0.01762800
4.17970500 3.43741900 0.01610700
4.17494600 3.34032500 0.02580400
4.16940500 3.24320600 0.03767100
4.16577800 3.14615900 0.04423200
4.16376300 3.04917000 0.04631900
4.16295200 2.95222300 0.04506800
4.16434100 2.85535200 0.03771500
4.16709300 2.75852500 0.02658100
4.16896500 2.66166600 0.01788800
4.16860700 2.56473100 0.01538600
4.16567500 2.46771100 0.02002300
4.16211200 2.37067200 0.02641500
4.16048400 2.27369600 0.02743900
4.16152400 2.17680600 0.02106000
4.16481800 2.07998400 0.00843100
4.16672700 1.98311700 -0.00035700
4.16495600 1.88613500 0.00106800
4.16179100 1.78911200 0.00636100
4.15800900 1.69207100 0.01336700
4.15596400 1.59508400 0.01555500
4.15916400 1.49825000 0.00319100
4.16711500 1.40154900 -0.02235300
4.17224600 1.30476000 -0.04007000
4.16898900 1.20773400 -0.03451700
4.16096600 1.11057900 -0.01573800
4.15128000 1.01338400 0.00765700
4.14078700 0.91617500 0.03329200
4.13024800 0.81897100 0.05905700
4.12144400 0.72182000 0.08000700
4.11745000 0.62479700 0.08761500
4.12097600 0.52796600 0.07435800
4.12737800 0.43120200 0.05312200
4.13069800 0.33435800 0.04044100
4.13060800 0.23742800 0.03721800
4.13048500 0.14049700 0.03409100
4.13250300 0.04361500 0.02502500
4.13627400 -0.05322900 0.01109400
4.13976100 -0.15008300 -0.00204800
4.14032600 -0.24700500 -0.00707900
4.13838200 -0.34398300 -0.00515100
4.13433700 -0.44100500 0.00261100
4.12866700 -0.53805900 0.01488300
4.12233700 -0.63512200 0.02898500
4.11597500 -0.73218200 0.04317900
4.11066800 -0.82921700 0.05444800
4.10622100 -0.92623300 0.06333100
4.10142400 -1.02325200 0.07318400
4.10912400 -1.12003500 0.04836400
4.10615800 -1.21702000 0.05314100
4.11566700 -1.31378100 0.02330200
4.12264600 -1.41059400 0.00048400
4.12255200 -1.50753400 -0.00270500
4.11875100 -1.60453600 0.00439300
4.11549900 -1.70152700 0.00996800
4.11452800 -1.79848100 0.00921500
4.11629200 -1.89539200 0.00087500
4.12006400 -1.99227400 -0.01303900
4.12356000 -2.08916400 -0.02618300
4.12511400 -2.18608600 -0.03394000
4.12373100 -2.28305100 -0.03354400
4.11777500 -2.38007800 -0.02045600
4.10779600 -2.47715400 0.00379400
4.09941900 -2.57420300 0.02360300
4.10374100 -2.67108800 0.00817100
4.10089100 -2.76806300 0.01264500
4.09845000 -2.86503300 0.01598500
4.09922500 -2.96196400 0.01040000
4.10491500 -3.05884400 -0.00882500
4.10355200 -3.15580300 -0.00847300
4.10796300 -3.25270300 -0.02414700
4.10898500 -3.34964000 -0.03041000
4.10613400 -3.44661600 -0.02592900
4.10127900 -3.54360800 -0.01588300
4.10626200 -3.64051200 -0.03313900
4.10793500 -3.73744800 -0.04120500
4.11116600 -3.83437400 -0.05359700
4.11153400 -3.93132400 -0.05804300
4.10769600 -4.02830600 -0.05081400
4.10020100 -4.12531000 -0.03343400
4.09235400 -4.22231100 -0.01507800
4.08966600 -4.31927600 -0.01103500
4.09162700 -4.41621400 -0.01989400
4.09447900 -4.51315000 -0.03122700
4.09550200 -4.61009700 -0.03748200
4.09731100 -4.70704300 -0.04591800
4.09983700 -4.80398800 -0.05634100
4.10065900 -4.90094100 -0.06203300
4.09965000 -4.99790300 -0.06264600
4.09794800 -5.09486600 -0.06133200
4.09443800 -5.19183300 -0.05499900
4.08770600 -5.28880500 -0.03972200
4.08021900 -5.38577400 -0.02235000
4.07627200 -5.48273300 -0.01480200
4.07599800 -5.57968700 -0.01744500
4.07655600 -5.67664000 -0.02239800
4.07812900 -5.77359500 -0.03016600
4.08071600 -5.87055200 -0.04074600
4.08190200 -5.96751000 -0.04743900
4.08056400 -6.06446800 -0.04712300
4.07804400 -6.16142400 -0.04352900
4.07522700 -6.25837900 -0.03910600
4.07151700 -6.35533000 -0.03220600
4.06768100 -6.45227900 -0.02495100
4.06625800 -6.54923300 -0.02439700
4.06822000 -6.64619700 -0.03323300
4.07133300 -6.74316800 -0.04526600
4.07343300 -6.84013800 -0.05448500
4.07262400 -6.93709700 -0.05562900
4.06917400 -7.03404400 -0.04944100
4.06482200 -7.13098500 -0.04075000
4.06096200 -7.22792500 -0.03342000
4.06049800 -7.32488400 -0.03551800
3.86112200 -27.39578200 -0.15886300
3.84720000 -27.49163600 -0.12333700
3.82501300 -27.58676900 -0.06484700
3.81620400 -27.68304300 -0.04352400
3.82100600 -27.78049400 -0.06002000
3.81857700 -27.87731900 -0.05642200
3.81725100 -27.97423900 -0.05589000
3.81644200 -28.07120500 -0.05679000
3.80783900 -28.16748100 -0.03603600
3.80364700 -28.26414300 -0.02753400
3.80710300 -28.36148600 -0.04028300
3.81528000 -28.45925500 -0.06615000
3.81513700 -28.55628200 -0.06889700
3.81835100 -28.65361300 -0.08097000
3.81661600 -28.75049900 -0.07929200
3.81263300 -28.84717900 -0.07136600
3.81308300 -28.94426200 -0.07575600
3.80645200 -29.04069600 -0.06047000
3.80296000 -29.13741500 -0.05390500
3.80483300 -29.23462900 -0.06224600
3.81027200 -29.33217800 -0.08049400
3.81498700 -29.42966400 -0.09673000
3.81400300 -29.52662000 -0.09713000
3.80960700 -29.62325400 -0.08804800
3.80770400 -29.72012100 -0.08589100
3.80692200 -29.81709400 -0.08684900
3.80307000 -29.91377500 -0.07927200
3.79944000 -30.01047500 -0.07231400
3.79823700 -30.10740600 -0.07209700
3.79977200 -30.20460100 -0.07948900
3.80281500 -30.30194400 -0.09106900
3.80492400 -30.39920000 -0.10005500
3.80474400 -30.49623500 -0.10267700
3.79979100 -30.59280200 -0.09203400
3.78927000 -30.68881700 -0.06591800
3.77980300 -30.78493000 -0.04272700
3.77602600 -30.88160000 -0.03534900
3.77573600 -30.97861700 -0.03766100
3.77584200 -31.07567300 -0.04107100
3.77569600 -31.17270500 -0.04378100
3.77649000 -31.26983200 -0.04910100
3.77922500 -31.36715700 -0.05981400
3.78172700 -31.46446100 -0.06987700
3.78098600 -31.56143700 -0.07092800
3.77621800 -31.65800200 -0.06078700
3.76844800 -31.75425500 -0.04230200
3.76177100 -31.85061600 -0.02685300
3.75923500 -31.94740100 -0.02291200
3.76103300 -32.04463500 -0.03101300
3.76487100 -32.14208400 -0.04478200
3.76549100 -32.23920000 -0.04961000
3.76204200 -32.33589000 -0.04312500
3.75870800 -32.43259000 -0.03695900
3.75914500 -32.52968700 -0.04127300
3.76401600 -32.62725600 -0.05790900
3.76647900 -32.72457400 -0.06785100
3.76491700 -32.82146300 -0.06660600
3.76254300 -32.91826500 -0.06310400
3.76121500 -33.01517800 -0.06250700
3.75959700 -33.11206000 -0.06110500
3.75648500 -33.20878000 -0.05554600
3.75499200 -33.30567400 -0.05448800
3.75694000 -33.40294300 -0.06299000
3.75910000 -33.50023900 -0.07208500
3.75680700 -33.59704600 -0.06879700
3.74962000 -33.69331300 -0.05190900
3.74195900 -33.78952200 -0.03370200
3.73786800 -33.88612300 -0.02541500
3.73837000 -33.98323400 -0.02989400
3.74189100 -34.08068400 -0.04276100
3.74543100 -34.17814000 -0.05568100
3.74757500 -34.27544200 -0.06472000
3.74824600 -34.37258000 -0.06966300
3.74561000 -34.46934400 -0.06541600
3.74060200 -34.56583600 -0.05457200
3.73656400 -34.66243700 -0.04642500
3.73468700 -34.75928200 -0.04428000
3.73499800 -34.85637900 -0.04821800
3.73676700 -34.95364500 -0.05620900
3.73824600 -35.05088000 -0.06338900
3.73576500 -35.14765600 -0.05956400
3.72953700 -35.24399500 -0.04532200
3.72376600 -35.34038300 -0.03234900
3.71956800 -35.43695300 -0.02374800
3.71789300 -35.53381600 -0.02215700
3.71961700 -35.63108100 -0.03001300
3.72285800 -35.72852700 -0.04208400
3.72751000 -35.82614400 -0.05807800
3.73153400 -35.92369100 -0.07232300
3.73312200 -36.02095000 -0.07979800
3.73414300 -36.11814400 -0.08569600
3.73663800 -36.21551600 -0.09568800
3.73766500 -36.31271400 -0.10160100
3.73460000 -36.40941800 -0.09613800
3.72900300 -36.50581200 -0.08363600
3.72249200 -36.60209100 -0.06858900
3.72206300 -36.69911000 -0.07044900
3.71588500 -36.79542400 -0.05632800
3.71223500 -36.89204600 -0.04923100
3.71116200 -36.98898300 -0.04929800
3.71447800 -37.08646400 -0.06156300
3.72148300 -37.18440700 -0.08408500
3.72185000 -37.28152800 -0.08815100
3.72182700 -37.37860200 -0.09113300
3.72000500 -37.47545200 -0.08911000
3.72030800 -37.57256700 -0.09299600
3.72163800 -37.66981400 -0.09973600
3.72441400 -37.76724500 -0.11049200
3.72058400 -37.86384100 -0.10288400
3.71721500 -37.96049300 -0.09655800
3.71442300 -38.05721700 -0.09183300
3.71328100 -38.15415100 -0.09169600
3.71325300 -38.25122800 -0.09465200
3.71068000 -38.34797800 -0.09053400
3.70503200 -38.44433000 -0.07786500
3.69867100 -38.54058500 -0.06321600
3.69518000 -38.63721000 -0.05654100
3.69625700 -38.73442800 -0.06256400
3.70088500 -38.83211200 -0.07845800
3.70637100 -38.92991300 -0.09673800
3.70884700 -39.02732400 -0.10664900
3.70731700 -39.12420800 -0.10542100
3.70392900 -39.22084600 -0.09902400
3.70063100 -39.31749500 -0.09287900
3.69795300 -39.41422400 -0.08845700
3.69648500 -39.51111300 -0.08739600
3.69575900 -39.60810100 -0.08839900
3.69433800 -39.70499700 -0.08746700
3.69513400 -39.80219000 -0.09269900
3.69756200 -39.89960500 -0.10246400
3.69851800 -39.99682400 -0.10813800
3.69622600 -40.09360300 -0.10478200
3.69185100 -40.19009800 -0.09563200
3.68909000 -40.28681000 -0.09096800
3.68808100 -40.38376100 -0.09117300
3.68734500 -40.48074900 -0.09213600
3.68606700 -40.57766300 -0.09159200
3.68485100 -40.67458500 -0.09122000
3.68473500 -40.77166000 -0.09390600
3.68584300 -40.86890500 -0.09999200
3.68711600 -40.96617500 -0.10653500
3.68692100 -41.06324200 -0.10899700
3.68532600 -41.16011300 -0.10756400
3.68271500 -41.25684100 -0.10330600
3.67938300 -41.35346700 -0.09704500
3.67554900 -41.45002000 -0.08938300
3.67083400 -41.54644600 -0.07927200
3.66570500 -41.64281000 -0.06800700
3.66374100 -41.73962200 -0.06554300
3.66554500 -41.83697100 -0.07355400
3.66754500 -41.93435000 -0.08210900
3.66958400 -42.03173700 -0.09077100
3.67172600 -42.12914100 -0.09971800
3.67221600 -42.22630900 -0.10407200
3.66898200 -42.32294000 -0.09807000
3.66327600 -42.41921100 -0.08519300
3.65703800 -42.51540100 -0.07083400
3.65321200 -42.61193800 -0.06318300
3.65435600 -42.70920000 -0.06934800
3.65877100 -42.80694300 -0.08461000
3.66349300 -42.90473500 -0.10072200
3.66516800 -43.00208200 -0.10836200
3.66389500 -43.09899600 -0.10780200
3.66365300 -43.19606300 -0.11010900
3.66459200 -43.29330600 -0.11569900
3.66506700 -43.39048100 -0.11999900
3.66315200 -43.48730100 -0.11765100
3.65840400 -43.58369600 -0.10742300
3.65198100 -43.67983700 -0.09253700
3.64498700 -43.77588800 -0.07606200
3.63910600 -43.87210200 -0.06268100
3.63568800 -43.96868500 -0.05614800
3.63295400 -44.06536900 -0.05151400
3.63118000 -44.16219900 -0.04955100
3.63372200 -44.25968400 -0.05958600
3.64082100 -44.35786900 -0.08229400
3.64717200 -44.45594600 -0.10292000
3.64893500 -44.55332400 -0.11078900
3.64634100 -44.65003300 -0.10653800
3.64136300 -44.74637400 -0.09565800
3.63552600 -44.84257900 -0.08238800
3.63159000 -44.93907500 -0.07440300
3.63212700 -45.03626400 -0.07885500
3.63522600 -45.13385300 -0.09043200
3.63657400 -45.23117200 -0.09713700
3.63562000 -45.32813200 -0.09743900
3.63271700 -45.42478700 -0.09232100
3.62673700 -45.52095600 -0.07864600
3.62007400 -45.61701300 -0.06306700
3.61906400 -45.71396000 -0.06321200
3.62224400 -45.81157100 -0.07500600
3.62566300 -45.90922300 -0.08746300
3.62918000 -46.00689500 -0.10019200
3.63242900 -46.10452600 -0.11217500
3.63204100 -46.20158000 -0.11404200
3.62527000 -46.29761000 -0.09815800
3.62472500 -46.39463600 -0.09958600
3.62051200 -46.49107200 -0.09081300
3.62038200 -46.58816500 -0.09339100
3.62004300 -46.68522500 -0.09539100
3.61569200 -46.78163400 -0.08622900
3.60797400 -46.87749200 -0.06770300
3.60241500 -46.97369800 -0.05518000
3.60262600 -47.07084300 -0.05870400
3.60725500 -47.16871400 -0.07451200
3.61167300 -47.26655400 -0.08973500
3.61205500 -47.36373400 -0.09373000
3.60948300 -47.46042700 -0.08950800
3.60817500 -47.55732900 -0.08880200
3.60864800 -47.65452500 -0.09304900
3.60759600 -47.75146900 -0.09305000
3.60360300 -47.84792300 -0.08487300
3.59803200 -47.94411200 -0.07230500
3.59425200 -48.04059700 -0.06471900
3.59474000 -48.13779500 -0.06900000
3.59783300 -48.23543300 -0.08052500
3.60138500 -48.33315100 -0.09332600
3.60342700 -48.43061800 -0.10192900
3.60166300 -48.52744200 -0.09994100
3.59658400 -48.62370400 -0.08873300
3.59161800 -48.71998200 -0.07784000
3.58940800 -48.81672700 -0.07461100
3.59115100 -48.91414600 -0.08237300
3.59639300 -49.01216600 -0.09986900
3.60146100 -49.11016100 -0.11688000
3.60253700 -49.20747400 -0.12278600
3.59979800 -49.30413100 -0.11807900
3.59498400 -49.40042900 -0.10760000
3.59035000 -49.49675500 -0.09762000
3.58462200 -49.59288800 -0.08459600
3.57706700 -49.68870000 -0.06648900
3.57147200 -49.78484900 -0.05383200
3.57087800 -49.88186800 -0.05508300
3.57403100 -49.97954200 -0.06675900
3.57809600 -50.07738000 -0.08096900
3.57955300 -50.17476400 -0.08792200
3.57675200 -50.27139900 -0.08303200
3.57154900 -50.36760800 -0.07145900
3.56600800 -50.46375500 -0.05894400
3.56078700 -50.55995500 -0.04732000
3.55593300 -50.65621700 -0.03671300
3.55393000 -50.75298300 -0.03403700
3.55615200 -50.85050300 -0.04311100
3.56160100 -50.94860300 -0.06116200
3.56603400 -51.04652600 -0.07638600
3.56575800 -51.14360700 -0.07850900
3.56255900 -51.24016300 -0.07250100
3.55954000 -51.33674900 -0.06699000
3.55902600 -51.43378600 -0.06845000
3.56137800 -51.53134400 -0.07787800
3.56494300 -51.62912400 -0.09068300
3.56755900 -51.72673500 -0.10084200
3.56725100 -51.82381500 -0.10287200
3.56309500 -51.92019300 -0.09419300
3.55721100 -52.01625300 -0.08070400
3.55312000 -52.11263700 -0.07220500
3.54956200 -52.20911700 -0.06518500
3.54605100 -52.30560400 -0.05829800
3.54358800 -52.40228200 -0.05432200
3.54439900 -52.49956600 -0.05945500
3.54811800 -52.59738900 -0.07267400
3.55361700 -52.69554800 -0.09084800
3.56060600 -52.79398900 -0.11316300
3.56741300 -52.89240200 -0.13497200
3.57034300 -52.99009600 -0.14599300
3.56891100 -53.08697600 -0.14488000
3.56549000 -53.18348200 -0.13823000
3.56178900 -53.27993400 -0.13080300
3.55763500 -53.37629800 -0.12211300
3.55327600 -53.47262100 -0.11285000
3.55050700 -53.56924300 -0.10801200
3.55023100 -53.66633600 -0.11010700
3.55228800 -53.76387300 -0.11869100
3.55661300 -53.86184400 -0.13358400
3.55731600 -53.95912900 -0.13840200
3.55245400 -54.05535000 -0.12773400
3.54536500 -54.15114200 -0.11086900
3.53971700 -54.24720600 -0.09801200
3.53767800 -54.34396000 -0.09519400
3.54098200 -54.44174400 -0.10724200
3.54762800 -54.54017700 -0.12858700
3.55353800 -54.63847300 -0.14788000
3.55661500 -54.73622500 -0.15929500
3.55705500 -54.83346800 -0.16336900
3.55767700 -54.93074700 -0.16794800
3.55983500 -55.02832700 -0.17680000
3.56227900 -55.12596600 -0.18644800
3.56286100 -55.22324300 -0.19091400
3.55947100 -55.31974100 -0.18432700
3.55394500 -55.41581800 -0.17179700
3.54778900 -55.51176700 -0.15751000
3.54066900 -55.60752200 -0.14054200
3.53444200 -55.70344900 -0.12605800
3.53351800 -55.80042300 -0.12632700
3.53598000 -55.89806900 -0.13601600
3.53802600 -55.99563500 -0.14454600
3.53891500 -56.09297300 -0.14985600
3.53833600 -56.19001900 -0.15108100
3.53427200 -56.28636800 -0.14260800
3.52998800 -56.38267100 -0.13352100
3.53016600 -56.47986700 -0.13684900
3.53005600 -56.57700700 -0.13937400
3.52762800 -56.67367900 -0.13544700
3.53227200 -56.77178000 -0.15119900
3.53026900 -56.86853900 -0.14845200
3.53273400 -56.96620400 -0.15813800
3.52808400 -57.06242500 -0.14802500
3.52831000 -57.15963700 -0.15147800
3.52730400 -57.25659800 -0.15150300
3.52677500 -57.35365700 -0.15285400
3.52709200 -57.45088900 -0.15655700
3.52797500 -57.54823900 -0.16183500
