scan_px,center_median_px,center_sigma_px,z_median_mm,z_sigma_mm,valid_fraction,z_valid_fraction,stable
0,2167.130629643798,0.018941678804614507,nan,0.0,1.0,0.0,False
1,2167.161021590233,0.008702586647650676,nan,0.0,1.0,0.0,False
2,2167.203942708671,0.00030696603441696894,nan,0.0,1.0,0.0,False
3,2167.228888295591,0.00028589261016152194,nan,0.0,1.0,0.0,False
4,nan,0.0,nan,0.0,0.0,0.0,False
5,2167.2323681116104,0.001368824272512561,nan,0.0,1.0,0.0,False
6,nan,0.0,nan,0.0,0.0,0.0,False
7,2167.159595258534,0.004593637702762979,nan,0.0,1.0,0.0,False
8,2167.083132971078,0.0029457222677673417,nan,0.0,1.0,0.0,False
9,nan,0.0,nan,0.0,0.0,0.0,False
10,nan,0.0,nan,0.0,0.0,0.0,False
11,nan,0.0,nan,0.0,0.0,0.0,False
12,2166.98194408603,0.00024558441791691567,nan,0.0,1.0,0.0,False
13,2166.9794327430427,0.00028628510268827965,nan,0.0,1.0,0.0,False
14,2166.9685751115903,0.004732931720002468,nan,0.0,1.0,0.0,False
15,2166.9483164064586,0.012571124700276172,nan,0.0,1.0,0.0,False
16,2166.916062116623,0.0177090520730649,nan,0.0,1.0,0.0,False
17,2166.8922609500587,0.015517105117490642,nan,0.0,1.0,0.0,False
18,2166.9099624045193,0.0016876599131414103,nan,0.0,1.0,0.0,False
19,2166.9539074227214,0.0144374977878159,nan,0.0,1.0,0.0,False
20,2166.971528557129,0.01652423172152779,nan,0.0,1.0,0.0,False
21,2166.969108977355,0.008037083958396612,nan,0.0,1.0,0.0,False
22,2166.962739219889,0.003850680959747035,nan,0.0,1.0,0.0,False
23,2166.9437784757465,0.012441399334737672,nan,0.0,1.0,0.0,False
24,2166.887992348522,0.014127439228389445,nan,0.0,1.0,0.0,False
25,2166.8006829097867,0.011910604558769505,nan,0.0,1.0,0.0,False
26,2166.7339390963316,0.01209557654017169,nan,0.0,1.0,0.0,False
27,2166.7313222289085,0.012131843903315315,nan,0.0,1.0,0.0,False
28,2166.768044911325,0.006699800016549376,nan,0.0,1.0,0.0,False
29,2166.7903275042772,0.0023449874308733775,nan,0.0,1.0,0.0,False
30,2166.772697918117,0.013899282532331783,nan,0.0,1.0,0.0,False
31,2166.736233867705,0.028851635684844636,nan,0.0,1.0,0.0,False
32,2166.70425863564,0.04121428626731773,nan,0.0,1.0,0.0,False
33,2166.6744752675295,0.039954306231084556,nan,0.0,1.0,0.0,False
34,2166.6299061477184,0.029488674763374672,nan,0.0,1.0,0.0,False
35,2166.5683357715607,0.023589296083607814,nan,0.0,1.0,0.0,False
36,2166.5548898875713,0.023197077511365433,nan,0.0,1.0,0.0,False
37,2166.5190730690956,0.017681951649472394,nan,0.0,1.0,0.0,False
38,2166.4951672554016,0.0035293349474537555,nan,0.0,1.0,0.0,False
39,2166.461931422353,0.0018848702856799474,nan,0.0,1.0,0.0,False
40,2166.4438491016626,0.0067831770196160514,nan,0.0,1.0,0.0,False
41,2166.4559843838215,0.01633519125215529,nan,0.0,1.0,0.0,False
42,2166.456582143903,0.014447244246534045,nan,0.0,1.0,0.0,False
43,2166.4162341356277,0.0027516834455792497,nan,0.0,1.0,0.0,False
44,2166.3622775673866,0.0044460289025657004,nan,0.0,1.0,0.0,False
45,2166.3365514427423,0.002155410906271376,nan,0.0,1.0,0.0,False
46,2166.343495592475,0.011211925714292286,nan,0.0,1.0,0.0,False
47,2166.354808047414,0.009708547627908695,nan,0.0,1.0,0.0,False
48,2166.3471206873655,8.659070026563179e-05,nan,0.0,1.0,0.0,False
49,2166.32225112617,0.009910810353912477,nan,0.0,1.0,0.0,False
50,2166.3037857562304,0.01154016537049513,nan,0.0,1.0,0.0,False
51,2166.321699514985,0.005738061617091413,nan,0.0,1.0,0.0,False
52,2166.348490267992,0.003366816699595748,nan,0.0,1.0,0.0,False
53,2166.293659776449,0.017504049801907912,nan,0.0,1.0,0.0,False
54,2166.1774848923087,0.024342892271694727,nan,0.0,1.0,0.0,False
55,2166.099662628025,0.022791124334864566,nan,0.0,1.0,0.0,False
56,2166.1044872775674,0.015497859812789356,nan,0.0,1.0,0.0,False
57,2166.1446011662483,0.007815964468951254,nan,0.0,1.0,0.0,False
58,2166.172983624041,0.004928494414182032,nan,0.0,1.0,0.0,False
59,2166.1836549714208,0.0074606559992922905,nan,0.0,1.0,0.0,False
60,2166.1980054602027,0.008900371271000174,nan,0.0,1.0,0.0,False
61,2166.2084698677063,0.006185534707731574,nan,0.0,1.0,0.0,False
62,2166.197100572288,0.00026033054653966473,nan,0.0,1.0,0.0,False
63,2166.169086486101,0.011269835484146255,nan,0.0,1.0,0.0,False
64,nan,0.0,nan,0.0,0.0,0.0,False
65,2166.0609653089195,0.0332677482275017,nan,0.0,1.0,0.0,False
66,2165.980439506704,0.032019124462036426,nan,0.0,1.0,0.0,False
67,2165.9240433555096,0.019814516329672835,nan,0.0,1.0,0.0,False
68,2165.9276236258447,0.01106108741182786,nan,0.0,1.0,0.0,False
69,2165.9512343108654,0.003937226878986124,nan,0.0,1.0,0.0,False
70,2165.9556515123695,0.007536549302570251,nan,0.0,1.0,0.0,False
71,2165.9384421519935,0.022727956745658865,nan,0.0,1.0,0.0,False
72,2165.9121860079467,0.037246218431933764,nan,0.0,1.0,0.0,False
73,2165.886932965368,0.0464417335463436,nan,0.0,1.0,0.0,False
74,2165.8609625175595,0.048932417364163074,nan,0.0,1.0,0.0,False
75,2165.8304659053683,0.045281573052452416,nan,0.0,1.0,0.0,False
76,2165.801150612533,0.033707058000420904,nan,0.0,1.0,0.0,False
77,2165.7755752131343,0.01789724828837817,nan,0.0,1.0,0.0,False
78,2165.7464439868927,0.0071792941753456895,nan,0.0,1.0,0.0,False
79,2165.704460963607,0.0046121928528199,nan,0.0,1.0,0.0,False
80,2165.651170924306,0.0052433419092705385,nan,0.0,1.0,0.0,False
81,2165.621084958315,0.004872428568950415,nan,0.0,1.0,0.0,False
82,2165.6436977386475,0.010684521125451213,nan,0.0,1.0,0.0,False
83,2165.6849824637175,0.018927580683787613,nan,0.0,1.0,0.0,False
84,2165.699666827917,0.0,nan,0.0,0.5,0.0,False
85,2165.728587895632,0.01332063791241359,nan,0.0,1.0,0.0,False
86,2165.737494841218,0.004474330511340766,nan,0.0,1.0,0.0,False
87,2165.7480112686753,0.008399329535902667,nan,0.0,1.0,0.0,False
88,2165.7606571912766,0.017635210794473815,nan,0.0,1.0,0.0,False
89,2165.7470123544335,0.01815084587586822,nan,0.0,1.0,0.0,False
90,2165.7183118909597,0.013256427188707244,nan,0.0,1.0,0.0,False
91,2165.701797142625,0.005193650774876195,nan,0.0,1.0,0.0,False
92,2165.705639600754,0.006536891910342643,nan,0.0,1.0,0.0,False
93,2165.700170278549,0.017134126912527796,nan,0.0,1.0,0.0,False
94,2165.6510203182697,0.017561158781640173,nan,0.0,1.0,0.0,False
95,2165.5820361822844,0.009417692226335017,nan,0.0,1.0,0.0,False
96,2165.5212966948748,0.0018341254800728311,nan,0.0,1.0,0.0,False
97,2165.459746837616,0.0011599655647168256,nan,0.0,1.0,0.0,False
98,2165.449020475149,0.00017545733035085186,nan,0.0,1.0,0.0,False
99,2165.4241149425507,0.003307853258529007,nan,0.0,1.0,0.0,False
100,2165.4206311404705,0.0023554187758798237,nan,0.0,1.0,0.0,False
101,2165.4061288386583,0.0006772366352973008,nan,0.0,1.0,0.0,False
102,2165.38221912086,0.00040707533634247,nan,0.0,1.0,0.0,False
103,2165.3540318459272,0.004374863948855056,nan,0.0,1.0,0.0,False
104,2165.3211836069822,0.004287114210255375,nan,0.0,1.0,0.0,False
105,2165.258461341262,0.005871034924143283,nan,0.0,1.0,0.0,False
106,2165.157481878996,0.01685555731729504,nan,0.0,1.0,0.0,False
107,2165.075876493007,0.01771083804577055,nan,0.0,1.0,0.0,False
108,2165.0767962522805,0.00858886918201222,nan,0.0,1.0,0.0,False
109,2165.1474330723286,0.0033498315196458578,nan,0.0,1.0,0.0,False
110,2165.2371296063066,0.011278760079318436,nan,0.0,1.0,0.0,False
111,2165.3119459599257,0.011511842688295807,nan,0.0,1.0,0.0,False
112,2165.364634037018,0.006089165938611415,nan,0.0,1.0,0.0,False
113,2165.3894053548574,0.0018860503974382525,nan,0.0,1.0,0.0,False
114,2165.376658529043,0.008512778315381865,nan,0.0,1.0,0.0,False
115,2165.3305031210184,0.010035607172353233,nan,0.0,1.0,0.0,False
116,2165.2722251564264,0.004799914916087423,nan,0.0,1.0,0.0,False
117,2165.224598504603,0.003937495565145381,nan,0.0,1.0,0.0,False
118,2165.1932632774115,0.011605197957747438,nan,0.0,1.0,0.0,False
119,2165.1623170003295,0.014686248487727196,nan,0.0,1.0,0.0,False
120,2165.1288666054606,0.012980418014521527,nan,0.0,1.0,0.0,False
121,2165.093250051141,0.007312625730609903,nan,0.0,1.0,0.0,False
122,2165.056985568255,0.00038089687506114093,nan,0.0,1.0,0.0,False
123,2165.031231950037,0.00415916296362138,nan,0.0,1.0,0.0,False
124,2165.016980954446,0.005222127556490383,nan,0.0,1.0,0.0,False
125,2164.996750024555,0.005702997332445809,nan,0.0,1.0,0.0,False
126,2164.967929300852,0.007100138442575183,nan,0.0,1.0,0.0,False
127,2164.955985046923,0.005342734714771354,nan,0.0,1.0,0.0,False
128,2164.9957132644195,0.004838422935760426,nan,0.0,1.0,0.0,False
129,2165.076629154384,0.016923308376276303,nan,0.0,1.0,0.0,False
130,2165.1430070847273,0.020275837294226856,nan,0.0,1.0,0.0,False
131,2165.1552371382713,0.011128496027664971,nan,0.0,1.0,0.0,False
132,2165.110347378999,0.00264922972520533,nan,0.0,1.0,0.0,False
133,2165.046621536836,0.011816646062548562,nan,0.0,1.0,0.0,False
134,2164.9828833879437,0.015922963134310106,nan,0.0,1.0,0.0,False
135,2164.911813121289,0.01504626159935119,nan,0.0,1.0,0.0,False
136,2164.8333973810077,0.00836080731636371,nan,0.0,1.0,0.0,False
137,2164.7629782408476,0.0064718382496660775,nan,0.0,1.0,0.0,False
138,2164.717199996114,0.021029233284783344,nan,0.0,1.0,0.0,False
139,2164.698105752468,0.02448352576846345,nan,0.0,1.0,0.0,False
140,2164.6949676275253,0.018877404860635393,nan,0.0,1.0,0.0,False
141,2164.6871585547924,0.011959842614542356,nan,0.0,1.0,0.0,False
142,2164.6669011563063,0.008156700665737577,nan,0.0,1.0,0.0,False
143,2164.6602141708136,0.0066281187639444725,nan,0.0,1.0,0.0,False
144,2164.6792287528515,0.005531478839115265,nan,0.0,1.0,0.0,False
145,2164.700911909342,0.003470245065841482,nan,0.0,1.0,0.0,False
146,2164.6913928985596,1.8966081829902315e-06,nan,0.0,1.0,0.0,False
147,2164.6472320258617,0.00267156228656004,nan,0.0,1.0,0.0,False
148,2164.5992604494095,0.00557741890399214,nan,0.0,1.0,0.0,False
149,2164.5899441093206,0.013864943387507532,nan,0.0,1.0,0.0,False
150,2164.638185530901,0.021990371091650026,nan,0.0,1.0,0.0,False
151,2164.686255261302,0.02263603973741267,nan,0.0,1.0,0.0,False
152,2164.6940144002438,0.016808289626690072,nan,0.0,1.0,0.0,False
153,2164.672961205244,0.005254405457004648,nan,0.0,1.0,0.0,False
154,2164.6892645061016,0.006472280791575442,nan,0.0,1.0,0.0,False
155,2164.7403299063444,0.013166106492348398,nan,0.0,1.0,0.0,False
156,2164.785154297948,0.01624057157724833,nan,0.0,1.0,0.0,False
157,2164.8029565662146,0.020268840917374048,nan,0.0,1.0,0.0,False
158,2164.7812342196703,0.0234927165802451,nan,0.0,1.0,0.0,False
159,2164.7293118685484,0.02193690781431396,nan,0.0,1.0,0.0,False
160,2164.6644904464483,0.01812847643602106,nan,0.0,1.0,0.0,False
161,2164.6036171913147,0.018629834272482403,nan,0.0,1.0,0.0,False
162,2164.566562563181,0.025813764601164288,nan,0.0,1.0,0.0,False
163,2164.5901221334934,0.005380255946658178,nan,0.0,1.0,0.0,False
164,2164.6049554795027,0.03719705940150187,nan,0.0,1.0,0.0,False
165,2164.6437539607286,0.03213821532158777,nan,0.0,1.0,0.0,False
166,2164.6660158336163,0.026100278877341346,nan,0.0,1.0,0.0,False
167,2164.6603899896145,0.02380306489925507,nan,0.0,1.0,0.0,False
168,2164.6135943681,0.023992578203584303,nan,0.0,1.0,0.0,False
169,2164.5411121100187,0.02259566305653923,nan,0.0,1.0,0.0,False
170,2164.517697095871,0.013221044909382348,nan,0.0,1.0,0.0,False
171,2164.459170743823,0.0009350489076384395,nan,0.0,1.0,0.0,False
172,2164.3937287777662,0.008339870869365922,nan,0.0,1.0,0.0,False
173,2164.291945800185,0.013667527549082504,nan,0.0,1.0,0.0,False
174,2164.1705513969064,0.014813300162563287,nan,0.0,1.0,0.0,False
175,2164.094975512475,0.012047471180952568,nan,0.0,1.0,0.0,False
176,2164.058843774721,0.007553645117997482,nan,0.0,1.0,0.0,False
177,2164.02027997002,0.0020633779941917753,nan,0.0,1.0,0.0,False
178,2163.9881864939816,0.0016636829661502675,nan,0.0,1.0,0.0,False
179,2163.9852185887285,0.002575560326730827,nan,0.0,1.0,0.0,False
180,2163.996963116573,0.0034827886923572827,nan,0.0,1.0,0.0,False
181,2164.000377607532,0.006543169815137242,nan,0.0,1.0,0.0,False
182,2163.9888176470995,0.009405387980747866,nan,0.0,1.0,0.0,False
183,2163.969737429172,0.008263611415341524,nan,0.0,1.0,0.0,False
184,2163.967245804146,0.0027730650686644326,nan,0.0,1.0,0.0,False
185,2163.9892421690747,0.00024140002611319346,nan,0.0,1.0,0.0,False
186,2164.0170796038583,0.0009655935190076941,nan,0.0,1.0,0.0,False
187,2164.042604515329,0.0015487886814760465,nan,0.0,1.0,0.0,False
188,2164.0723106749356,0.0014770310377082176,nan,0.0,1.0,0.0,False
189,2164.0988002046943,0.0026474226790754256,nan,0.0,1.0,0.0,False
190,2164.098845321685,0.003974484693069754,nan,0.0,1.0,0.0,False
191,2164.0664449073374,0.0010344469814953193,nan,0.0,1.0,0.0,False
192,2164.0277662379667,0.008141355261612564,nan,0.0,1.0,0.0,False
193,2164.0091271959245,0.01942016407322459,nan,0.0,1.0,0.0,False
194,2164.0053631551564,0.029078217142439203,nan,0.0,1.0,0.0,False
195,2163.98957355367,0.03521535212155659,nan,0.0,1.0,0.0,False
196,2163.9450572049245,0.03633718861780572,nan,0.0,1.0,0.0,False
197,2163.869389448315,0.029766090588629442,nan,0.0,1.0,0.0,False
198,2163.7795263305306,0.016740464810723915,nan,0.0,1.0,0.0,False
199,2163.708215624094,0.006259818528232025,nan,0.0,1.0,0.0,False
200,2163.657955214381,0.003232979382149404,nan,0.0,1.0,0.0,False
201,2163.6261685341597,0.005846926926795052,nan,0.0,1.0,0.0,False
202,2163.6303029209375,0.011384222031004821,nan,0.0,1.0,0.0,False
203,2163.6862316429615,0.01589644255915688,nan,0.0,1.0,0.0,False
204,2163.7788433507085,0.017143325462215298,nan,0.0,1.0,0.0,False
205,2163.8269217535853,0.014741460859276467,nan,0.0,1.0,0.0,False
206,2163.794009782374,0.005209508526628418,nan,0.0,1.0,0.0,False
207,2163.736139640212,0.008441824095913776,nan,0.0,1.0,0.0,False
208,2163.7148301154375,0.018829757848393826,nan,0.0,1.0,0.0,False
209,2163.740162871778,0.016853081189945024,nan,0.0,1.0,0.0,False
210,2163.737862288952,0.0039524050128061095,nan,0.0,1.0,0.0,False
211,2163.670628145337,0.00616741156287189,nan,0.0,1.0,0.0,False
212,2163.5882259607315,0.007836574277873081,nan,0.0,1.0,0.0,False
213,2163.5603672266006,0.01136274821168852,nan,0.0,1.0,0.0,False
214,2163.5781769305468,0.022660822084337073,nan,0.0,1.0,0.0,False
215,2163.6104209572077,0.03933618055082379,nan,0.0,1.0,0.0,False
216,2163.615233823657,0.05031121990306059,nan,0.0,1.0,0.0,False
217,2163.6064741909504,0.014798222127508514,nan,0.0,1.0,0.0,False
218,2163.56044536829,0.0114226388834225,nan,0.0,1.0,0.0,False
219,2163.5442821383476,0.03776079457375933,nan,0.0,1.0,0.0,False
220,2163.524005755782,0.03457434531236596,nan,0.0,1.0,0.0,False
221,2163.543699800968,0.035707315820611554,nan,0.0,1.0,0.0,False
222,2163.5492388159037,0.03487670680358311,nan,0.0,1.0,0.0,False
223,2163.5676301270723,0.02962740111524828,nan,0.0,1.0,0.0,False
224,2163.5324241369963,0.012715050919584811,nan,0.0,1.0,0.0,False
225,2163.4598259031773,0.0013642513394491289,nan,0.0,1.0,0.0,False
226,2163.3802988380194,0.012073112269915384,nan,0.0,1.0,0.0,False
227,2163.3246677666903,0.016960250088996102,nan,0.0,1.0,0.0,False
228,2163.260111525655,0.008862323203506965,nan,0.0,1.0,0.0,False
229,2163.1695189327,0.0041090859221453585,nan,0.0,1.0,0.0,False
230,2163.1076945625246,0.01184677842505582,nan,0.0,1.0,0.0,False
231,2163.13839648664,0.005987170565215052,nan,0.0,1.0,0.0,False
232,2163.2092245668173,0.00471448325415584,nan,0.0,1.0,0.0,False
233,2163.2581147551537,0.007206563186332238,nan,0.0,1.0,0.0,False
234,2163.2587790191174,0.000814951462806647,nan,0.0,1.0,0.0,False
235,2163.198814943433,0.013157782489767497,nan,0.0,1.0,0.0,False
236,2163.12676082924,0.026254404633989623,nan,0.0,1.0,0.0,False
237,2163.105429045856,0.037488030706908954,nan,0.0,1.0,0.0,False
238,2163.1217406988144,0.03913796392227705,nan,0.0,1.0,0.0,False
239,2163.1334886811674,0.032409161605596114,nan,0.0,1.0,0.0,False
240,2163.128218676895,0.020401166216630063,nan,0.0,1.0,0.0,False
241,2163.120443701744,0.003482393894924747,nan,0.0,1.0,0.0,False
242,2163.119589038193,0.011127747921103902,nan,0.0,1.0,0.0,False
243,2163.119231302291,0.011027169735488718,nan,0.0,1.0,0.0,False
244,2163.100810870528,0.0021331046866969855,nan,0.0,1.0,0.0,False
245,2163.0511337965727,0.018676691031314387,nan,0.0,1.0,0.0,False
246,2162.9878065094817,0.02310232777391815,nan,0.0,1.0,0.0,False
247,2162.964392805472,0.013999710569799147,nan,0.0,1.0,0.0,False
248,2162.9824643237516,0.005762165663172596,nan,0.0,1.0,0.0,False
249,2163.015043027699,0.0008881025867533675,nan,0.0,1.0,0.0,False
250,2163.0383542310447,0.002937838172917773,nan,0.0,1.0,0.0,False
251,2163.0504103247076,0.003110139757986371,nan,0.0,1.0,0.0,False
252,2163.05580307357,0.001540849268887807,nan,0.0,1.0,0.0,False
253,2163.051335416734,0.008296327906498105,nan,0.0,1.0,0.0,False
254,2163.020274735056,0.011569334940931715,nan,0.0,1.0,0.0,False
255,2162.982541452162,0.015621085344034065,nan,0.0,1.0,0.0,False
256,2162.9597461670637,0.026153889668647203,nan,0.0,1.0,0.0,False
257,2162.931123971939,0.03851184087751134,nan,0.0,1.0,0.0,False
258,2162.8788467235863,0.0449331819343053,nan,0.0,1.0,0.0,False
259,2162.818470083177,0.039870275951865965,nan,0.0,1.0,0.0,False
260,2162.7764030992985,0.02599343661636623,nan,0.0,1.0,0.0,False
261,2162.7580976709723,0.011865760311953912,nan,0.0,1.0,0.0,False
262,2162.7600119933486,0.004882491129032392,nan,0.0,1.0,0.0,False
263,2162.771098777652,0.0042228613397005165,nan,0.0,1.0,0.0,False
264,2162.7680894881487,0.0031388233225760668,nan,0.0,1.0,0.0,False
265,2162.745451107621,0.0026412797759049625,nan,0.0,1.0,0.0,False
266,2162.7406820356846,0.012149756313932444,nan,0.0,1.0,0.0,False
267,2162.7708199992776,0.019638545334605757,nan,0.0,1.0,0.0,False
268,2162.8084581419826,0.021414782118248873,nan,0.0,1.0,0.0,False
269,2162.804315023124,0.016898346905245724,nan,0.0,1.0,0.0,False
270,2162.7520843297243,0.008906282366503827,nan,0.0,1.0,0.0,False
271,2162.6926038116217,0.005188171684569778,nan,0.0,1.0,0.0,False
272,2162.656134337187,0.007344004059326263,nan,0.0,1.0,0.0,False
273,2162.636564075947,0.01013614847947597,nan,0.0,1.0,0.0,False
274,2162.6008470356464,0.007119192769369154,nan,0.0,1.0,0.0,False
275,2162.5282869935036,0.0033282944800567906,nan,0.0,1.0,0.0,False
276,2162.5042219311,0.016892941571924204,nan,0.0,1.0,0.0,False
277,2162.476679712534,0.02172467735863735,nan,0.0,1.0,0.0,False
278,2162.4876763522625,0.020837022582149412,nan,0.0,1.0,0.0,False
279,2162.499265804887,0.016715250458602275,nan,0.0,1.0,0.0,False
280,2162.4718546420336,0.011773026708517818,nan,0.0,1.0,0.0,False
281,2162.445310741663,0.005650712273552585,nan,0.0,1.0,0.0,False
282,2162.459988847375,0.004519174758156357,nan,0.0,1.0,0.0,False
283,2162.498752295971,0.011055708420286657,nan,0.0,1.0,0.0,False
284,2162.536152511835,0.019449716916564823,nan,0.0,1.0,0.0,False
285,2162.5407626628876,0.020794664999395963,nan,0.0,1.0,0.0,False
286,2162.517587721348,0.01471784808739824,nan,0.0,1.0,0.0,False
287,2162.497165337205,0.006626475036852548,nan,0.0,1.0,0.0,False
288,2162.4648656100035,0.0018157073072735703,nan,0.0,1.0,0.0,False
289,2162.4021496474743,0.007704064586154831,nan,0.0,1.0,0.0,False
290,2162.328497156501,0.006637138189525804,nan,0.0,1.0,0.0,False
291,2162.2948247641325,4.929073933349057e-05,nan,0.0,1.0,0.0,False
292,2162.3184495568275,0.003809948664839288,nan,0.0,1.0,0.0,False
293,2162.3452658504248,0.0017974155750198424,nan,0.0,1.0,0.0,False
294,2162.3181948661804,0.008917725235874535,nan,0.0,1.0,0.0,False
295,2162.2576549351215,0.010668041707683453,nan,0.0,1.0,0.0,False
296,2162.208492681384,0.006083834362274787,nan,0.0,1.0,0.0,False
297,2162.1902426183224,0.0027154793027083916,nan,0.0,1.0,0.0,False
298,2162.1913632825017,0.011342717921933717,nan,0.0,1.0,0.0,False
299,2162.1968090087175,0.015140623124811018,nan,0.0,1.0,0.0,False
300,2162.205944761634,0.01326704819453199,nan,0.0,1.0,0.0,False
301,2162.2187571302056,0.01028944710422222,nan,0.0,1.0,0.0,False
302,2162.227960675955,0.010150078012908821,nan,0.0,1.0,0.0,False
303,2162.2336373776197,0.012439326236626542,nan,0.0,1.0,0.0,False
304,2162.241791471839,0.01616489691074702,nan,0.0,1.0,0.0,False
305,2162.2577028647065,0.020415332826085788,nan,0.0,1.0,0.0,False
306,2162.2818868905306,0.02276294389827897,nan,0.0,1.0,0.0,False
307,2162.297357365489,0.020810069672526695,nan,0.0,1.0,0.0,False
308,2162.270368859172,0.011743313180317638,nan,0.0,1.0,0.0,False
309,2162.184470653534,0.0014594610702352386,nan,0.0,1.0,0.0,False
310,2162.07685463503,0.007731760333982552,nan,0.0,1.0,0.0,False
311,2161.982719788328,0.013925542653132103,nan,0.0,1.0,0.0,False
312,2161.9285404086113,0.009226061042868109,nan,0.0,1.0,0.0,False
313,2161.913538623601,0.005435873981624366,nan,0.0,1.0,0.0,False
314,2161.9219788238406,0.019189154562358347,nan,0.0,1.0,0.0,False
315,2161.945397986099,0.024559366388180775,nan,0.0,1.0,0.0,False
316,2161.9831718376954,0.023194683455124727,nan,0.0,1.0,0.0,False
317,2162.0416784910485,0.021905957539527787,nan,0.0,1.0,0.0,False
318,2162.11200851202,0.022038839967437555,nan,0.0,1.0,0.0,False
319,2162.15174523741,0.021903959515490568,nan,0.0,1.0,0.0,False
320,2162.116781245917,0.02005899702699437,nan,0.0,1.0,0.0,False
321,2162.0192208350636,0.01560154566993771,nan,0.0,1.0,0.0,False
322,2161.9399593714625,0.004229786593746463,nan,0.0,1.0,0.0,False
323,2161.9097365289927,0.009985831744261868,nan,0.0,1.0,0.0,False
324,2161.8941736742854,0.01956151143223997,nan,0.0,1.0,0.0,False
325,2161.8795299977064,0.022416602170640697,nan,0.0,1.0,0.0,False
326,2161.867095336318,0.017750924967060475,nan,0.0,1.0,0.0,False
327,2161.8650365769863,0.008787470400551618,nan,0.0,1.0,0.0,False
328,2161.8747980073094,0.001570149231136974,nan,0.0,1.0,0.0,False
329,2161.8819280043244,0.004390173791576638,nan,0.0,1.0,0.0,False
330,2161.875634856522,0.008303108280752296,nan,0.0,1.0,0.0,False
331,2161.856922544539,0.0061526285557566935,nan,0.0,1.0,0.0,False
332,2161.832607984543,4.003950608534933e-07,nan,0.0,1.0,0.0,False
333,2161.81104837358,0.0,nan,0.0,0.5,0.0,False
334,2161.799142897129,0.0010706353192979857,nan,0.0,1.0,0.0,False
335,nan,0.0,nan,0.0,0.0,0.0,False
336,2161.7403924763203,0.014165092169177865,nan,0.0,1.0,0.0,False
337,2161.688946560025,0.01595382549340446,nan,0.0,1.0,0.0,False
338,2161.630322292447,0.015244831207754203,nan,0.0,1.0,0.0,False
339,2161.562119707465,0.012526485919347071,nan,0.0,1.0,0.0,False
340,2161.5367700457573,0.02683068376203514,nan,0.0,1.0,0.0,False
341,2161.5321576595306,0.022877983721289456,nan,0.0,1.0,0.0,False
342,2161.519853323698,0.02924531886007277,nan,0.0,1.0,0.0,False
343,2161.50922447443,0.004281361165433637,nan,0.0,1.0,0.0,False
344,2161.448513954878,0.015952792895615946,nan,0.0,1.0,0.0,False
345,2161.3694608807564,0.02314886151666897,nan,0.0,1.0,0.0,False
346,2161.302348434925,0.025040369930989383,nan,0.0,1.0,0.0,False
347,2161.2779853791,0.022196700988535108,nan,0.0,1.0,0.0,False
348,2161.2622462660074,0.01929278312613451,nan,0.0,1.0,0.0,False
349,2161.2109253257513,0.016909147035176642,nan,0.0,1.0,0.0,False
350,2161.1831680610776,0.015085990272428771,nan,0.0,1.0,0.0,False
351,2161.210756264627,0.017459764000835088,nan,0.0,1.0,0.0,False
352,2161.268339037895,0.02220401346675175,nan,0.0,1.0,0.0,False
353,2161.326615393162,0.023537076138302814,nan,0.0,1.0,0.0,False
354,2161.3709681779146,0.02099475716270143,nan,0.0,1.0,0.0,False
355,2161.4072942733765,0.019596893711564867,nan,0.0,1.0,0.0,False
356,2161.439861446619,0.021467160114235787,nan,0.0,1.0,0.0,False
357,2161.4600770771503,0.02270185204136243,nan,0.0,1.0,0.0,False
358,2161.458357781172,0.018880860902213286,nan,0.0,1.0,0.0,False
359,2161.417720630765,0.010466137229892016,nan,0.0,1.0,0.0,False
360,2161.345337808132,0.0020509077953886146,nan,0.0,1.0,0.0,False
361,2161.2864740490913,0.0035169437739915525,nan,0.0,1.0,0.0,False
362,2161.26088501513,0.005324010977320389,nan,0.0,1.0,0.0,False
363,2161.2512970492244,0.004713714074170516,nan,0.0,1.0,0.0,False
364,2161.2415306568146,0.0042741751277625304,nan,0.0,1.0,0.0,False
365,2161.2238106131554,0.004389278171045782,nan,0.0,1.0,0.0,False
366,2161.20044259727,0.0033230471974171846,nan,0.0,1.0,0.0,False
367,2161.1923178955913,0.00111338276040016,nan,0.0,1.0,0.0,False
368,2161.195743240416,0.003142964250442262,nan,0.0,1.0,0.0,False
369,2161.184633605182,0.00787790979955014,nan,0.0,1.0,0.0,False
370,2161.1361073330045,0.01094516777335471,nan,0.0,1.0,0.0,False
371,2161.0582854039967,0.011949500831588996,nan,0.0,1.0,0.0,False
372,2160.9934183992445,0.010402682515280834,nan,0.0,1.0,0.0,False
373,2160.975199890323,0.010845697259601952,nan,0.0,1.0,0.0,False
374,2160.993022770155,0.015325329712776488,nan,0.0,1.0,0.0,False
375,2161.009382669581,0.022870438447589243,nan,0.0,1.0,0.0,False
376,2161.0214466837933,0.028899080688558378,nan,0.0,1.0,0.0,False
377,2161.053681626916,0.03048368809973199,nan,0.0,1.0,0.0,False
378,2161.0958116576076,0.028931820064136613,nan,0.0,1.0,0.0,False
379,2161.121223408729,0.02487679274356254,nan,0.0,1.0,0.0,False
380,2161.122705306858,0.020128602547310113,nan,0.0,1.0,0.0,False
381,2161.101861692965,0.017019719292244974,nan,0.0,1.0,0.0,False
382,2161.06465546228,0.017087172689108625,nan,0.0,1.0,0.0,False
383,2161.03137043491,0.021775416895888404,nan,0.0,1.0,0.0,False
384,2161.0207691470714,0.028771438319878145,nan,0.0,1.0,0.0,False
385,2161.0301379379816,0.033935561749434275,nan,0.0,1.0,0.0,False
386,2161.028675735346,0.037750494443746105,nan,0.0,1.0,0.0,False
387,2160.987074288074,0.03942344362503207,nan,0.0,1.0,0.0,False
388,2160.913756823167,0.03916832809245112,nan,0.0,1.0,0.0,False
389,2160.8454968631268,0.03825136281700189,nan,0.0,1.0,0.0,False
390,2160.7933299839497,0.03408023673384849,nan,0.0,1.0,0.0,False
391,2160.771839722991,0.02440332031574722,nan,0.0,1.0,0.0,False
392,2160.8182437494397,0.009930039853545571,nan,0.0,1.0,0.0,False
393,2160.8873752839863,0.002340177421787072,nan,0.0,1.0,0.0,False
394,2160.915947686881,0.00922843707145291,nan,0.0,1.0,0.0,False
395,2160.8937307037413,0.012255149776989998,nan,0.0,1.0,0.0,False
396,2160.8441877141595,0.00758442021994453,nan,0.0,1.0,0.0,False
397,2160.789724126458,0.006959182258997545,nan,0.0,1.0,0.0,False
398,2160.748849362135,0.025258311284639217,nan,0.0,1.0,0.0,False
399,2160.728576518595,0.038432625875735114,nan,0.0,1.0,0.0,False
400,2160.738555520773,0.0358487184973656,nan,0.0,1.0,0.0,False
401,2160.753422111273,0.021310205250381218,nan,0.0,1.0,0.0,False
402,2160.7292039990425,0.008544514892310569,nan,0.0,1.0,0.0,False
403,2160.66990044713,0.0018500359153856936,nan,0.0,1.0,0.0,False
404,2160.6008823513985,0.00015202368257879477,nan,0.0,1.0,0.0,False
405,2160.5861105918884,0.000560805966285956,nan,0.0,1.0,0.0,False
406,2160.5329580903053,0.005611262823346388,nan,0.0,1.0,0.0,False
407,2160.5022004395723,0.015033338321926536,nan,0.0,1.0,0.0,False
408,2160.514010846615,0.02526273670373286,nan,0.0,1.0,0.0,False
409,2160.5606332719326,0.02759906295723725,nan,0.0,1.0,0.0,False
410,2160.5794964432716,0.019995729339023455,nan,0.0,1.0,0.0,False
411,2160.607272684574,0.013790533126461548,nan,0.0,1.0,0.0,False
412,2160.6158414185047,0.013524839393448873,nan,0.0,1.0,0.0,False
413,2160.622902929783,0.014742040378443493,nan,0.0,1.0,0.0,False
414,2160.641548037529,0.015223652416377478,nan,0.0,1.0,0.0,False
415,2160.6625935584307,0.019928947657557945,nan,0.0,1.0,0.0,False
416,2160.6491831839085,0.027915796523796617,nan,0.0,1.0,0.0,False
417,2160.613831728697,0.033368039287711405,nan,0.0,1.0,0.0,False
418,2160.5861157029867,0.03406778234011352,nan,0.0,1.0,0.0,False
419,2160.5656335651875,0.030658460543794536,nan,0.0,1.0,0.0,False
420,2160.5259768664837,0.02298562677238628,nan,0.0,1.0,0.0,False
421,2160.4445608258247,0.014362803035542469,nan,0.0,1.0,0.0,False
422,2160.387152478099,0.014302891290384232,nan,0.0,1.0,0.0,False
423,2160.3255196660757,0.012296448420174612,nan,0.0,1.0,0.0,False
424,2160.3134353905916,0.007504941800365112,nan,0.0,1.0,0.0,False
425,2160.3284225165844,0.0015470843682893873,nan,0.0,1.0,0.0,False
426,2160.3438962101936,6.0649315007176514e-05,nan,0.0,1.0,0.0,False
427,2160.346188619733,0.003559069549078191,nan,0.0,1.0,0.0,False
428,2160.3453677147627,0.005150492402001039,nan,0.0,1.0,0.0,False
429,2160.352857604623,0.0006962870108242248,nan,0.0,1.0,0.0,False
430,2160.3561943620443,0.008233997985906558,nan,0.0,1.0,0.0,False
431,2160.3490747213364,0.008981156242883431,nan,0.0,1.0,0.0,False
432,2160.3364582955837,0.0016297764850677612,nan,0.0,1.0,0.0,False
433,2160.3270269930363,0.01032323834001583,nan,0.0,1.0,0.0,False
434,2160.3272082209587,0.016090023034367417,nan,0.0,1.0,0.0,False
435,2160.322232171893,0.00890400643668424,nan,0.0,1.0,0.0,False
436,2160.299325093627,0.002553698624699325,nan,0.0,1.0,0.0,False
437,2160.2625371962786,0.00898134590370173,nan,0.0,1.0,0.0,False
438,2160.209024772048,0.009078936931428706,nan,0.0,1.0,0.0,False
439,2160.143192924559,0.006213825779794512,nan,0.0,1.0,0.0,False
440,2160.0959924459457,0.005488583884043303,nan,0.0,1.0,0.0,False
441,2160.092043749988,0.005163473631342394,nan,0.0,1.0,0.0,False
442,2160.104139447212,0.002487770416916159,nan,0.0,1.0,0.0,False
443,2160.093797940761,0.00174963685387668,nan,0.0,1.0,0.0,False
444,2160.0402663815767,0.007289126228387047,nan,0.0,1.0,0.0,False
445,2159.976457999088,0.012859716025831407,nan,0.0,1.0,0.0,False
446,2159.9462280180305,0.017584779456052496,nan,0.0,1.0,0.0,False
447,2159.9448062758893,0.02236364202130873,nan,0.0,1.0,0.0,False
448,2159.953654093668,0.02793420152570572,nan,0.0,1.0,0.0,False
449,2159.964419002179,0.03319884932544302,nan,0.0,1.0,0.0,False
450,2159.974067328614,0.03359834827185728,nan,0.0,1.0,0.0,False
451,2159.9915546223056,0.02210750607401266,nan,0.0,1.0,0.0,False
452,2160.0156887103803,0.0020702894188030538,nan,0.0,1.0,0.0,False
453,2159.9953965719324,0.015228551658244617,nan,0.0,1.0,0.0,False
454,2159.9190247654915,0.022458706872303082,nan,0.0,1.0,0.0,False
455,2159.8185981065035,0.021319203602538295,nan,0.0,1.0,0.0,False
456,2159.72338090837,0.017991162003572567,nan,0.0,1.0,0.0,False
457,2159.659433975816,0.019957733955090883,nan,0.0,1.0,0.0,False
458,2159.6485410928726,0.026963024866359347,nan,0.0,1.0,0.0,False
459,2159.6726813167334,0.029549893060836746,nan,0.0,1.0,0.0,False
460,2159.6999377012253,0.02475592085038936,nan,0.0,1.0,0.0,False
461,2159.701641857624,0.0156659414446508,nan,0.0,1.0,0.0,False
462,2159.6746790260077,0.006501593924714769,nan,0.0,1.0,0.0,False
463,2159.6457798480988,0.001740833430893967,nan,0.0,1.0,0.0,False
464,2159.630610257387,0.00018123144859684434,nan,0.0,1.0,0.0,False
465,2159.6162705123425,0.005336676105297913,nan,0.0,1.0,0.0,False
466,2159.6056184470654,0.017918269029072977,nan,0.0,1.0,0.0,False
467,2159.6251843571663,0.02993264966558843,nan,0.0,1.0,0.0,False
468,2159.674697160721,0.03078152934144635,nan,0.0,1.0,0.0,False
469,2159.7141555696726,0.025024417348828012,nan,0.0,1.0,0.0,False
470,2159.7100253254175,0.02334553978524506,nan,0.0,1.0,0.0,False
471,2159.654697135091,0.02548445020032442,nan,0.0,1.0,0.0,False
472,2159.5587223768234,0.02291397712991776,nan,0.0,1.0,0.0,False
473,2159.5020761340857,0.013333092306148561,nan,0.0,1.0,0.0,False
474,2159.433900758624,0.005374250020745376,nan,0.0,1.0,0.0,False
475,2159.422619536519,0.0017950553515032322,nan,0.0,1.0,0.0,False
476,2159.4220148324966,0.008564492498504732,nan,0.0,1.0,0.0,False
477,2159.368603795767,0.013918111636904025,nan,0.0,1.0,0.0,False
478,2159.2837827652693,0.0138365785584597,nan,0.0,1.0,0.0,False
479,2159.2389748841524,0.009683933868378333,nan,0.0,1.0,0.0,False
480,2159.2674153745174,0.0019598284557565725,nan,0.0,1.0,0.0,False
481,2159.3298339545727,0.009296709697684495,nan,0.0,1.0,0.0,False
482,2159.3567751795053,0.020225998645862726,nan,0.0,1.0,0.0,False
483,2159.3548016548157,0.025216122289279812,nan,0.0,1.0,0.0,False
484,2159.3676341325045,0.021869894325181636,nan,0.0,1.0,0.0,False
485,2159.4040345698595,0.01536819503334559,nan,0.0,1.0,0.0,False
486,2159.4373446404934,0.008300779667372069,nan,0.0,1.0,0.0,False
487,2159.4360724687576,0.0011872767225518848,nan,0.0,1.0,0.0,False
488,2159.4051988124847,0.009800701712177765,nan,0.0,1.0,0.0,False
489,2159.367651373148,0.01123259874348688,nan,0.0,1.0,0.0,False
490,2159.3287377357483,0.0007455777501577154,nan,0.0,1.0,0.0,False
491,2159.2863037735224,0.014888985365776725,nan,0.0,1.0,0.0,False
492,2159.251433931291,0.023066306377148255,nan,0.0,1.0,0.0,False
493,2159.2273168563843,0.02017963711250074,nan,0.0,1.0,0.0,False
494,2159.2071755826473,0.013690581875217964,nan,0.0,1.0,0.0,False
495,2159.192994080484,0.007145882261188678,nan,0.0,1.0,0.0,False
496,2159.1830371320248,0.00026322814237478867,nan,0.0,1.0,0.0,False
497,2159.163728900254,0.002723729548304399,nan,0.0,1.0,0.0,False
498,2159.135882385075,0.001684704365389584,nan,0.0,1.0,0.0,False
499,2159.125744637102,0.007112559909084753,nan,0.0,1.0,0.0,False
500,2159.136266440153,0.0077210286926804655,nan,0.0,1.0,0.0,False
501,2159.149465382099,0.0026712040383476974,nan,0.0,1.0,0.0,False
502,2159.1428212821484,0.004740635373656849,nan,0.0,1.0,0.0,False
503,2159.0986600480974,0.010238623273274147,nan,0.0,1.0,0.0,False
504,2159.0300372876227,0.012058329262800187,nan,0.0,1.0,0.0,False
505,2158.9778321408667,0.011353405440753769,nan,0.0,1.0,0.0,False
506,2158.9771741847508,0.012156493882793615,nan,0.0,1.0,0.0,False
507,2159.024370836094,0.017824389558192995,nan,0.0,1.0,0.0,False
508,2159.0788160208613,0.02555820455104045,nan,0.0,1.0,0.0,False
509,2159.0998744033277,0.027041360052672908,nan,0.0,1.0,0.0,False
510,2159.0657509770244,0.016030208753796363,nan,0.0,1.0,0.0,False
511,2159.0077102815267,0.0011708740252193053,nan,0.0,1.0,0.0,False
512,2158.964140728116,0.005182534543581446,nan,0.0,1.0,0.0,False
513,2158.9296691976488,0.005068279705624477,nan,0.0,1.0,0.0,False
514,2158.899114511907,0.008588948207353179,nan,0.0,1.0,0.0,False
515,2158.9100742191076,0.018730523093574928,nan,0.0,1.0,0.0,False
516,2158.975318971323,0.028384716104156,nan,0.0,1.0,0.0,False
517,2159.0509106302634,0.03300521682521636,nan,0.0,1.0,0.0,False
518,2159.0898097753525,0.03394315410906681,nan,0.0,1.0,0.0,False
519,2159.049438304268,0.027215359365483086,nan,0.0,1.0,0.0,False
520,2158.946211721748,0.01375630461711464,nan,0.0,1.0,0.0,False
521,2158.849700950086,0.0009055987972414523,nan,0.0,1.0,0.0,False
522,2158.822433896363,0.011154384729362787,nan,0.0,1.0,0.0,False
523,2158.8644862025976,0.008825929399817809,nan,0.0,1.0,0.0,False
524,2158.959698807448,0.0026957387725371016,nan,0.0,1.0,0.0,False
525,2159.089328072965,0.014480076641524032,nan,0.0,1.0,0.0,False
526,nan,0.0,nan,0.0,0.0,0.0,False
527,2126.0995073355734,0.0014769467440111958,0.4058668747391607,0.0004636383441714102,1.0,1.0,False
528,2126.028766031377,0.004491806965493611,0.42286747696635985,0.0014099794501844123,1.0,1.0,False
529,2126.0432208087295,0.011817889394579633,0.41312555647527915,0.003709726774954877,1.0,1.0,False
530,2126.122546363622,0.010914848384207185,0.3830200764987808,0.0034265354689454654,1.0,1.0,False
531,2126.183720320463,0.007647946057362576,0.358612206586713,0.002401103083839067,1.0,1.0,False
532,2126.22732064873,0.004047709574001369,0.3397215984263653,0.0012708578261024066,1.0,1.0,False
533,2126.25769880414,0.0016682987046067184,0.3249828019036727,0.0005238149993085175,1.0,1.0,False
534,2126.260455623269,0.00215275565481519,0.3189174517124229,0.0006759345005151674,1.0,1.0,False
535,2126.2694058418274,0.004110624282116006,0.31090851073383874,0.0012907015195378344,1.0,1.0,False
536,2126.288273483515,0.00521866492946741,0.29978652777356274,0.0016386623265998894,1.0,1.0,False
537,2126.279992982745,0.0050199636121628,0.29719007604364833,0.0015762753639313287,1.0,1.0,False
538,2126.2102617770433,0.0035969806393137405,0.3138899019293149,0.0011293984623483822,1.0,1.0,False
539,2126.137735031545,0.0026967344918331715,0.33146764576201804,0.0008466887103381682,1.0,1.0,False
540,2126.1277785673738,0.0018806661375409858,0.3294009423462967,0.000590470350923783,1.0,1.0,False
541,2126.1241555176675,0.0009927426748937895,0.325346876759113,0.0003116925016016922,1.0,1.0,False
542,2126.0992187187076,3.86381233723621e-05,0.3279858215394711,1.2131112129815642e-05,1.0,1.0,False
543,2126.056559730321,0.0007072399230809934,0.3361899448464669,0.0002220442373065513,1.0,1.0,False
544,2126.0259241471067,0.001206821006459796,0.340620176191635,0.00037888584179550556,1.0,1.0,False
545,2126.097844772041,0.0006087480064670979,0.3128526176249693,0.00019113301247330618,1.0,1.0,False
546,2126.2053360790014,0.0006802079881173188,0.27391482000126643,0.00021359267114950465,1.0,1.0,False
547,2126.2433625906706,0.0016754636688535705,0.2567885033422499,0.0005261373038612979,1.0,1.0,False
548,2126.2149804010987,0.0025378830197956117,0.2605169260143043,0.000796946784492815,1.0,1.0,False
549,2126.1710165664554,0.002400526440498608,0.26913926483257455,0.0007537924845128618,1.0,1.0,False
550,2126.142815478146,5.627657947417126e-05,0.27281288714328866,1.767122713189835e-05,1.0,1.0,False
551,2126.094482611865,0.003985411263546203,0.28280894485146746,0.0012514054751525095,1.0,1.0,False
552,2126.0416759699583,0.005108703801702487,0.2942104785686297,0.0016040569260893619,1.0,1.0,False
553,2126.029190480709,0.0034482338742066673,0.29295268319674506,0.0010826936465838661,1.0,1.0,False
554,2126.041904013604,0.0013551581568829036,0.2837838316556258,0.00042550873018577063,1.0,1.0,False
555,2126.062445130199,0.0004135501459449561,0.2721580911701267,0.0001298551955946081,1.0,1.0,False
556,2126.0813834629953,0.0009738292766245259,0.2610364876040876,0.00030579192608931046,1.0,1.0,False
557,2126.068031717092,0.0004951253712377915,0.26005529517590276,0.00015547402974033463,1.0,1.0,False
558,2126.017000738997,0.00268948457534479,0.2709066670788616,0.0008444939909861024,1.0,1.0,False
559,2125.9814523439854,0.0038808054197201963,0.2768973855983745,0.0012185412221876733,1.0,1.0,False
560,2125.956397952512,0.003455343520714849,0.2795941173724259,0.0010849369954927207,1.0,1.0,False
561,2125.8976529613137,0.0015453142006519296,0.2928701144737147,0.0004851900876637919,1.0,1.0,False
562,2125.8202339559793,0.00038916292572534005,0.3120095233697384,0.00012218029104157045,1.0,1.0,False
563,2125.7636953517795,0.0014805661046270687,0.3245936574298298,0.00046481506175659315,1.0,1.0,False
564,2125.7473550885916,0.00179872212732368,0.32455862271626756,0.0005646960965762907,1.0,1.0,False
565,2125.7342849224806,0.0026162024010409806,0.32349810753549946,0.0008213374710746362,1.0,1.0,False
566,2125.6707117408514,0.0038377445114322222,0.33829341456316797,0.0012047760153048044,1.0,1.0,False
567,2125.588820129633,0.0038092321684146026,0.35883947984200404,0.0011957503960930821,1.0,1.0,False
568,2125.5630845725536,0.0006593874449529371,0.36175811707948924,0.000206984787242777,1.0,1.0,False
569,2125.6184239685535,0.0016328532050090565,0.33922743143307343,0.0005125911155211764,1.0,1.0,False
570,2125.67680940032,0.001543206858226385,0.31574033734904106,0.00048447954000541414,1.0,1.0,False
571,2125.705685183406,0.000611909020105415,0.3015178178278006,0.00019211179884724805,1.0,1.0,False
572,2125.691991493106,0.0008499965673434554,0.3006611027126951,0.0002668601377683551,1.0,1.0,False
573,2125.6775793135166,0.0022306219574390667,0.30003110659282584,0.0007003119955469244,1.0,1.0,False
574,2125.659562215209,0.003555107745318167,0.30053402966495923,0.0011161331856861668,1.0,1.0,False
575,2125.6174561083317,0.004569687756096664,0.3086007606309522,0.0014346239528586625,1.0,1.0,False
576,2125.5583783239126,0.005772622032870346,0.3219963491886233,0.0018122010335894783,1.0,1.0,False
577,2125.5249249637127,0.006745392369926035,0.3273484264699391,0.0021175424638669275,1.0,1.0,False
578,2125.552210792899,0.006250019385953242,0.31363386549753614,0.0019621018412727333,1.0,1.0,False
579,2125.6196467876434,0.0056553905737372935,0.2873147947544794,0.0017755530855003028,1.0,1.0,False
580,2125.6694346815348,0.005822523901507244,0.2665362053879221,0.0018281269644739068,1.0,1.0,False
581,2125.635764941573,0.007078373546586353,0.2719617724886234,0.0022223892418123136,1.0,1.0,False
582,2125.5260393172503,0.007964384595982367,0.30126626400442547,0.002500350433160905,1.0,1.0,False
583,2125.4762576818466,0.007775587788077818,0.31175146047422686,0.0024409967228786193,1.0,1.0,False
584,2125.3779852092266,0.005712963168803175,0.33745933027279307,0.0017933367681104773,1.0,1.0,False
585,2125.278372168541,0.0039671564097849225,0.36358703759225364,0.001245218872103586,1.0,1.0,False
586,2125.147372789681,0.00293427413004057,0.3995644317510596,0.0009209176571673144,1.0,1.0,False
587,2125.0059836932924,0.0027578609223363813,0.43879943228483853,0.0008654504009985633,1.0,1.0,False
588,2124.9491597730666,0.003323861158429051,0.45149536483808106,0.0010430263307701431,1.0,1.0,False
589,2125.0229424349964,0.003150511170503744,0.42320683819514215,0.0009887050524994023,1.0,1.0,False
590,2125.139163374901,0.0019203368587018647,0.3815979839152419,0.0006027163510949622,1.0,1.0,False
591,2125.2505009919405,0.000712935015986028,0.3415185138368315,0.00022378626816365062,1.0,1.0,False
592,2125.3166532814503,0.0020440800059298497,0.31562061890281257,0.0006416700205861711,1.0,1.0,False
593,2125.3207191824913,0.004595060158900222,0.30921290899408405,0.001442484974292666,1.0,1.0,False
594,2125.2915825396776,0.005906480423740945,0.31322924188384604,0.0018541386032958449,1.0,1.0,False
595,2125.2341461256146,0.005939892337897957,0.3261301455903549,0.0018645512754464069,1.0,1.0,False
596,2125.152567140758,0.004583627826241642,0.3466096612268075,0.0014387258680723038,1.0,1.0,False
597,2125.0637919474393,0.0033614930257932158,0.3693475912215831,0.0010550452079279796,1.0,1.0,False
598,2124.9961034674197,0.003910990465788093,0.3854670875981583,0.0012274504189782683,1.0,1.0,False
599,2124.97006172128,0.0065513719869841665,0.3885165911791546,0.0020560988639551675,1.0,1.0,False
600,2125.0080376770347,0.009773597337318213,0.371475391921706,0.0030675071895713123,1.0,1.0,False
601,2125.0782650858164,0.009709380028166785,0.3443117204003556,0.003047576350407362,1.0,1.0,False
602,2125.1149233318865,0.006934531620974736,0.3276845984574379,0.0021767027649650305,1.0,1.0,False
603,2125.1204109974205,0.003557957925948716,0.32084248830693696,0.0011168364762515932,1.0,1.0,False
604,2125.1249179318547,0.0014158917655871018,0.3143092975711852,0.00044445238669407977,1.0,1.0,False
605,2125.1367864981294,0.0018937105871551074,0.3054663037724481,0.0005944537299749282,1.0,1.0,False
606,2125.09495318681,0.0031949629247925776,0.31348178641678714,0.0010029023847606651,1.0,1.0,False
607,2125.033900211565,0.003998130392173381,0.3275310319088476,0.0012549624020189885,1.0,1.0,False
608,2125.005789928022,0.0040992764077905745,0.3312407627091716,0.0012866922616650883,1.0,1.0,False
609,2125.055008087307,0.0031978552522716375,0.31067901843408663,0.0010038066494116875,1.0,1.0,False
610,2125.1800132617354,0.0027698382005753174,0.26632572476097494,0.0008695587002031172,1.0,1.0,False
611,2125.2582279741764,0.004415219556304237,0.2366591305624297,0.001386219049460895,1.0,1.0,False
612,2125.222797371447,0.005845820572021641,0.24267298333523968,0.0018353374030197426,1.0,1.0,False
613,2125.139818571508,0.005205652089989671,0.2636153038121165,0.001634248017390046,1.0,1.0,False
614,2125.0641103331,0.0031239744610100724,0.2822749994014089,0.0009806759417599505,1.0,1.0,False
615,2125.0318494793028,0.0012866774305867964,0.28729624607325377,0.00040390556459276244,1.0,1.0,False
616,2125.043330334127,0.0014519220527078524,0.27858739333544236,0.0004557876645872436,1.0,1.0,False
617,2125.046711696312,0.0026436057551071576,0.27242217885975606,0.0008298926456886289,1.0,1.0,False
618,2125.0262006716803,0.00318038933483092,0.2737584815894252,0.0009983945225186534,1.0,1.0,False
619,2124.998281776747,0.0024111468932488645,0.277421387700997,0.0007569014983771107,1.0,1.0,False
620,2124.954754460603,0.001601927954914188,0.28598503117677865,0.0005028592007327665,1.0,1.0,False
621,2124.882205259055,0.0021218145996521297,0.3036593971603452,0.0006660200470287258,1.0,1.0,False
622,2124.819971986115,0.0046585227760455004,0.3180959616288419,0.0014622059520749344,1.0,1.0,False
623,2124.879612877965,0.007319853915129521,0.2942790350068094,0.002297685385901818,1.0,1.0,False
624,2125.1083020865917,0.007548468958164738,0.2173905317599747,0.002369957494816497,1.0,1.0,False
625,2125.4094661325216,0.007790444552177908,0.1177266857832251,0.0024466150670516395,1.0,1.0,False
626,2125.804983995855,0.005982102406681617,-0.011605254433504797,0.0018793846468268803,1.0,1.0,False
627,2126.056776445359,0.006828253074098453,-0.09581525783943334,0.0021457246965780052,1.0,1.0,False
628,2126.2211506143212,0.009179657362657615,-0.1525677606808813,0.0028850904453486584,1.0,1.0,False
629,2126.307219967246,0.011578645443185575,-0.184714277711862,0.0036393920033359886,1.0,1.0,False
630,2126.329887211323,0.012186887687470543,-0.1969326480584641,0.00383069302086735,1.0,1.0,False
631,2126.316396534443,0.009577576296161093,-0.19778453985873057,0.003010506425695891,1.0,1.0,False
632,2126.3139240145683,0.006791079553711845,-0.2020986104972735,0.0021346488177748386,1.0,1.0,False
633,2126.3458523601294,0.005945972020795652,-0.21722507833510463,0.0018690785047814084,1.0,1.0,False
634,2126.363839045167,0.005387821305965883,-0.2279683136241033,0.001693672762694696,1.0,1.0,False
635,2126.3257820755243,0.0036007527822554653,-0.22109317409524465,0.0011318775981663742,1.0,1.0,False
636,2126.2488819137216,0.0015574841031594504,-0.2020074153404039,0.0004895584081671435,1.0,1.0,False
637,2126.1749476268888,0.0012543639686691005,-0.1838538874413871,0.00039425784872305713,1.0,1.0,False
638,2126.132903508842,0.0032112421450299104,-0.1757232370387669,0.0010092949951945908,1.0,1.0,False
639,2126.109995417297,0.00592802800004214,-0.17360603684039688,0.0018631638165444609,1.0,1.0,False
640,2126.088100001216,0.007877235449973968,-0.17180599075425107,0.002475772565753225,1.0,1.0,False
641,2126.076062101871,0.007790913435867592,-0.17310296255305957,0.0024486417835965345,1.0,1.0,False
642,2126.0699549019337,0.006365017062115216,-0.17626276588367773,0.0020005007275318886,1.0,1.0,False
643,2126.05279087089,0.005506177559118569,-0.1759462997739547,0.0017305626082014486,1.0,1.0,False
644,2126.0345149766654,0.006594393382601662,-0.17527923327293138,0.0020725713279366683,1.0,1.0,False
645,2126.0405986513942,0.00894719905387381,-0.18226710147092717,0.002812086905872646,1.0,1.0,False
646,2126.065849361941,0.010473125704210728,-0.1952782115122318,0.0032917922137977694,1.0,1.0,False
647,2126.077495072037,0.00967152688984794,-0.20401226471960854,0.003039907068724705,1.0,1.0,False
648,2126.059196073562,0.007012166115931803,-0.20333316593786321,0.002204017200409548,1.0,1.0,False
649,2126.0237143542618,0.004713774660265251,-0.19725223464791952,0.0014815708952290363,1.0,1.0,False
650,2125.9968075468687,0.004552295005265978,-0.19386540730920387,0.001430797554917329,1.0,1.0,False
651,2125.9806491569616,0.006437757912833464,-0.19385570995984835,0.0020233955195721252,1.0,1.0,False
652,2125.95226932317,0.008915581014956543,-0.1900036790871127,0.002802137172584508,1.0,1.0,False
653,2125.914036139846,0.010703287009750689,-0.18305374878002567,0.003363927887676798,1.0,1.0,False
654,2125.884402528405,0.010603799373840723,-0.17880555006792065,0.003332607118821285,1.0,1.0,False
655,2125.868691660464,0.008382196841982988,-0.17893193328842472,0.0026343834826238967,1.0,1.0,False
656,2125.8549725413322,0.0055764916733249004,-0.179683131784941,0.0017525947081420592,1.0,1.0,False
657,2125.8429677039385,0.004525876107069589,-0.18097194107366477,0.001422404320352975,1.0,1.0,False
658,2125.84878064692,0.004749085816783284,-0.1878594537830054,0.00149257895287103,1.0,1.0,False
659,2125.872227270156,0.004711770050782951,-0.20028807312434083,0.001480897956957474,1.0,1.0,False
660,2125.898144684732,0.00478118064192433,-0.21349247244461367,0.0015027644487909074,1.0,1.0,False
661,2125.9089920036495,0.006990629076342736,-0.22195933132951495,0.0021972570608035638,1.0,1.0,False
662,2125.894642148167,0.011001923773230693,-0.22250526491330902,0.003458058150746598,1.0,1.0,False
663,2125.8639009594917,0.013000427230852074,-0.2178980612069381,0.004086146752228079,1.0,1.0,False
664,2125.8363081887364,0.011702820595610796,-0.21427934964947326,0.0036782460911223207,1.0,1.0,False
665,2125.8131811991334,0.008388645309805156,-0.21206314004535898,0.002636560264837771,1.0,1.0,False
666,2125.7943537533283,0.004245810298714699,-0.21119714512013843,0.0013344544800462377,1.0,1.0,False
667,2125.7756284102798,0.0011313583912900562,-0.21036209461351518,0.00035558278431581305,1.0,1.0,False
668,2125.748051047325,0.0013708262478168284,-0.20674375897164055,0.0004308408171516364,1.0,1.0,False
669,2125.7170543819666,0.00220838949484957,-0.20204968479509944,0.0006940690429699307,1.0,1.0,False
670,2125.6946178525686,0.0013056882934432417,-0.20004485759227464,0.00041035753615789556,1.0,1.0,False
671,2125.683909907937,0.0008772234314814929,-0.20172499552830914,0.00027569798722635415,1.0,1.0,False
672,2125.6707073003054,0.002795747975697389,-0.20261993693111435,0.0008786600522744235,1.0,1.0,False
673,2125.638712078333,0.0052835289293256755,-0.19760754725621155,0.001660500981502942,1.0,1.0,False
674,2125.602259069681,0.006747584006048602,-0.1911931482013074,0.002120575782011187,1.0,1.0,False
675,2125.5824931412935,0.007109267186544839,-0.19002195827363266,0.0022342268828107734,1.0,1.0,False
676,2125.560450926423,0.007248267492933768,-0.18813426014327206,0.0022778897621156475,1.0,1.0,False
677,2125.5049305707216,0.007688617766175588,-0.1757246131468264,0.002416182837926525,1.0,1.0,False
678,2125.5325591266155,0.0069234206580360514,-0.18944420954920815,0.0021757931937732957,1.0,1.0,False
679,2125.523243367672,0.00526439426010173,-0.19155253356666435,0.001654422027409507,1.0,1.0,False
680,2125.4574880599976,0.004006057950960477,-0.17592305172956912,0.0012589085317444573,1.0,1.0,False
681,2125.4561235308647,0.0038434554094054487,-0.18052770993688227,0.0012078218696701696,1.0,1.0,False
682,2125.487012386322,0.0027180081136190452,-0.19526723696560566,0.0008541780894301554,1.0,1.0,False
683,2125.455809816718,0.0032572981137401896,-0.1904926738299082,0.0010236410101974436,1.0,1.0,False
684,2125.4554380327463,0.005865850861776443,-0.1954059251049216,0.0018434258113029134,1.0,1.0,False
685,2125.4658115655184,0.008527508638936422,-0.2036949673877757,0.0026799424788562084,1.0,1.0,False
686,2125.4931143820286,0.009699928597388217,-0.21730350007686638,0.003048506196522059,1.0,1.0,False
687,2125.4899383485317,0.011479494982063696,-0.22133216298226444,0.003607818775349874,1.0,1.0,False
688,2125.459555596113,0.011537320458220644,-0.21680908723067205,0.003625932318981127,1.0,1.0,False
689,2125.4499271064997,0.007955744492037635,-0.21880750961651074,0.0025003248762157943,1.0,1.0,False
690,2125.371381148696,0.005392499606150593,-0.19914606952465874,0.0016946492059782114,1.0,1.0,False
691,2125.294370725751,0.0037391208859167305,-0.1799672451406309,0.0011749891824671356,1.0,1.0,False
692,2125.2388415262103,0.003808189033913958,-0.16753842563912258,0.001196646533041165,1.0,1.0,False
693,2125.2105984687805,0.004355076003479191,-0.16368286566302004,0.0013684746748514828,1.0,1.0,False
694,2125.2097947970033,0.005353566454838654,-0.1684483417606657,0.0016822422275282057,1.0,1.0,False
695,2125.2310861870646,0.007250048197283353,-0.18015571910734707,0.0022782381817602194,1.0,1.0,False
696,2125.25078779459,0.009205883239143517,-0.19136265632528193,0.0028929170029266147,1.0,1.0,False
697,2125.236699514091,0.008889918852569473,-0.19195020988871647,0.002793620754504563,1.0,1.0,False
698,2125.206076838076,0.006251779016878572,-0.18734077825837403,0.001964563088748495,1.0,1.0,False
699,2125.199495308101,0.0033369451207136518,-0.19028493949633685,0.0010486087648937934,1.0,1.0,False
700,2125.2166259139776,0.001950282194568855,-0.20067940991810929,0.0006128767640417043,1.0,1.0,False
701,2125.2083384543657,0.00261500121585842,-0.2030851996036631,0.0008217675522479161,1.0,1.0,False
702,2125.1521858498454,0.003073147995883966,-0.19044841545974123,0.0009657024852933648,1.0,1.0,False
703,2125.087825525552,0.0015384600694128454,-0.17523194245057994,0.0004834212007796426,1.0,1.0,False
704,2125.0458834860474,0.0011612536777744398,-0.16705918221049387,0.0003648840433926619,1.0,1.0,False
705,2125.022815621458,0.0026485277167598202,-0.16481596035634993,0.0008322004314733485,1.0,1.0,False
706,2124.9951179270865,0.0013964767210388823,-0.16111687276293196,0.0004387841785148732,1.0,1.0,False
707,2124.9675934426486,0.0010620004837093163,-0.15747111138637138,0.0003336843861135121,1.0,1.0,False
708,2124.974638639018,0.0020045041151781203,-0.16468618569336968,0.0006298330969767725,1.0,1.0,False
709,2125.021660464816,0.0008755257037399135,-0.1844616436505362,0.00027511249967817085,1.0,1.0,False
710,2125.075571089983,0.0009096554314106259,-0.20640166653015513,0.00028585376439597927,1.0,1.0,False
711,2125.105513446033,0.00207569014231302,-0.22080949097448865,0.0006522976033347905,1.0,1.0,False
712,2125.085582818836,0.0010489981809437053,-0.21954352880379702,0.0003296513463592886,1.0,1.0,False
713,2125.013268612325,0.002291051318580577,-0.20181519872340914,0.0007199319236456462,1.0,1.0,False
714,2124.918776370585,0.006122683219889704,-0.17711802858264036,0.001923828140289031,1.0,1.0,False
715,2124.8443168625236,0.008008691470479445,-0.158715751045861,0.0025162958690853904,1.0,1.0,False
716,2124.811096981168,0.006655198114112722,-0.15327022713893257,0.002090994179199464,1.0,1.0,False
717,2124.813567198813,0.0037249068612564312,-0.1590370851379248,0.0011703420945749655,1.0,1.0,False
718,2124.8409829735756,0.0014425812574066254,-0.1726407567446131,0.0004532658126077275,1.0,1.0,False
719,2124.8757604174316,0.0006827842142325471,-0.18855685357056018,0.00021454296759538036,1.0,1.0,False
720,2124.900767136365,0.0007703969755745682,-0.2014021421465486,0.00024208044954054516,1.0,1.0,False
721,2124.9115886054933,0.001001414388974906,-0.20978911913550746,0.00031467902297190693,1.0,1.0,False
722,2124.9115624651313,0.0014872779902524286,-0.2147663244277851,0.00046735911565741104,1.0,1.0,False
723,2124.9053398817778,0.0025687977331783525,-0.21779522686222208,0.0008072176755961459,1.0,1.0,False
724,2124.897930189967,0.0038799229700794994,-0.22044993034819527,0.001219229849848039,1.0,1.0,False
725,2124.895531781018,0.004377087195114006,-0.22467822783215752,0.0013754707465486575,1.0,1.0,False
726,2124.8933187760413,0.004192152092204266,-0.22896364213801235,0.0013173674813337839,1.0,1.0,False
727,2124.8782517425716,0.003897060932355242,-0.22920857195089184,0.00122463270132818,1.0,1.0,False
728,2124.8409515842795,0.002839844115951912,-0.22246577051180338,0.0008923870556173448,1.0,1.0,False
729,2124.7696663811803,0.0015965542317290492,-0.20504299253451563,0.000501671375755834,1.0,1.0,False
730,2124.681300714612,0.001575217389670409,-0.18225331879290252,0.0004949329753535995,1.0,1.0,False
731,2124.602788746357,0.0026789801318979575,-0.16255995295682624,0.0008416847642352532,1.0,1.0,False
732,2124.5565024018288,0.00541523783092222,-0.15299088905459257,0.0017013125979841314,1.0,1.0,False
733,2124.5675061941147,0.009374765661126671,-0.16141981647143666,0.002945343066311901,1.0,1.0,False
734,2124.610406771302,0.012712564255522668,-0.17986932955994916,0.003994200988047496,1.0,1.0,False
735,2124.6276975125074,0.013268396893684338,-0.19027177203128076,0.004168948557745676,1.0,1.0,False
736,2124.612469866872,0.011828449814309644,-0.19045583834838453,0.0037165039434671372,1.0,1.0,False
737,2124.5818629413843,0.009838233480776717,-0.18580660721340791,0.003091125195640393,1.0,1.0,False
738,2124.521949455142,0.007494995144116541,-0.17194859971988308,0.0023547897386193345,1.0,1.0,False
739,2124.5340808928013,0.0017170204614853119,-0.18072501617893977,0.000539467853924543,1.0,1.0,False
740,2124.510170042515,0.0014589553080531078,-0.17817629784480005,0.00045838183097582434,1.0,1.0,False
741,2124.495496496558,0.002129322007043133,-0.17852865117265537,0.0006689992740860054,1.0,1.0,False
742,2124.485942989588,0.00020508656485401035,-0.1804884685916477,6.443508689406685e-05,1.0,1.0,False
743,2124.4906643778086,0.003206300427042008,-0.18693210902284818,0.0010073858415457905,1.0,1.0,False
744,2124.5236860513687,0.006240346684219992,-0.20226655133103577,0.0019607299906473584,1.0,1.0,False
745,2124.506724193692,0.008777017982120916,-0.20189517798610268,0.00275774476238447,1.0,1.0,False
746,2124.5549345463514,0.010618371646713365,-0.22200029317212966,0.003336478651017258,1.0,1.0,False
747,2124.55716753006,0.01150179066492596,-0.22765787310231644,0.003614109926037322,1.0,1.0,False
748,2124.5121254324913,0.010488453986178535,-0.21845961273015746,0.003295599765565109,1.0,1.0,False
749,2124.4500353634357,0.008076389845900069,-0.203904007802862,0.0025375856969184606,1.0,1.0,False
750,2124.452647253871,0.003650191035558744,-0.20967684096558514,0.0011468976276047698,1.0,1.0,False
751,2124.392261862755,0.003962730990691278,-0.1956549880594025,0.0012450442086074805,1.0,1.0,False
752,2124.3600281476974,0.006674501370730712,-0.19047728406428632,0.002097012766337853,1.0,1.0,False
753,2124.365196272731,0.009486475883104795,-0.1970495170180584,0.0029805318320276484,1.0,1.0,False
754,2124.382393717766,0.011053179609376003,-0.2074001956506777,0.0034728607527764557,1.0,1.0,False
755,2124.3874917328358,0.010626274180809157,-0.21394826787974353,0.0033387795254609704,1.0,1.0,False
756,2124.3640425652266,0.007448085701723916,-0.21152568561035423,0.0023401671072694045,1.0,1.0,False
757,2124.325357168913,0.004514981146729523,-0.20431487161965833,0.001418559980369737,1.0,1.0,False
758,2124.2921835929155,0.004581973562437589,-0.19883480751974503,0.0014395807828834815,1.0,1.0,False
759,2124.259060651064,0.005085017272839365,-0.19336960526334224,0.0015975983860411719,1.0,1.0,False
760,2124.233099631965,0.0035698064587363415,-0.19015343426514164,0.0011215389361448292,1.0,1.0,False
761,2124.2219586223364,0.0019501346805990668,-0.19159217240064663,0.0006126812038961692,1.0,1.0,False
762,2124.215405650437,0.002470995971208823,-0.19447118134809216,0.0007763258274221502,1.0,1.0,False
763,2124.2016755118966,0.004100140253548921,-0.19509413175268264,0.001288160474506937,1.0,1.0,False
764,2124.1815822795033,0.004614458245927361,-0.19371679312496326,0.0014497354569589006,1.0,1.0,False
765,2124.1628631949425,0.003780677678548472,-0.19277001380214642,0.001187777272489288,1.0,1.0,False
766,2124.157403357327,0.0031485487078699555,-0.19598773519282986,0.0009891866515966796,1.0,1.0,False
767,2124.1703067421913,0.002993353474940716,-0.20497358770455776,0.0009404494296942387,1.0,1.0,False
768,2124.18694922328,0.003364414329230627,-0.21513321069426183,0.001057055969640472,1.0,1.0,False
769,2124.191750280559,0.004562385814592151,-0.22157138690459988,0.0014334646223115653,1.0,1.0,False
770,2124.1606579348445,0.006377840240774656,-0.2167310626217045,0.0020038310975628777,1.0,1.0,False
771,2124.10563326627,0.00826758902416974,-0.20437066540182514,0.0025974641111390757,1.0,1.0,False
772,2124.0480735395104,0.008968962632773622,-0.1912131973248279,0.002817702288122766,1.0,1.0,False
773,2124.000226459233,0.008001300954738609,-0.18110636661157287,0.0025136192111544246,1.0,1.0,False
774,2123.9848593613133,0.0064095570613681195,-0.18120217224668522,0.0020135643690719495,1.0,1.0,False
775,2124.005564476014,0.005474438841920215,-0.19262904931542835,0.0017198467528350351,1.0,1.0,False
776,2124.0267483247444,0.004866963966623175,-0.2042054503932036,0.0015290479401235525,1.0,1.0,False
777,2124.0009264640976,0.004265545889802179,-0.20101313064486703,0.0013400843722216579,1.0,1.0,False
778,2123.9378306549042,0.0029675675061861446,-0.1861098682861666,0.0009322624497102434,1.0,1.0,False
779,2123.8823341429234,0.001904405349964747,-0.173593389191808,0.0005982462599818986,1.0,1.0,False
780,2123.8626230731606,0.002844986031470241,-0.17231758094953875,0.0008937121569784166,1.0,1.0,False
781,2123.8724555894732,0.004864410131021218,-0.1803213706027691,0.0015281153041982352,1.0,1.0,False
782,2123.8903928883374,0.006301875814689833,-0.19087022507261509,0.0019797363005270826,1.0,1.0,False
783,2123.8937250487506,0.00645444740629927,-0.19682984843689155,0.002027694196019375,1.0,1.0,False
784,2123.8651712834835,0.006183279851336242,-0.19277125562518904,0.0019424765425634781,1.0,1.0,False
785,2123.807567000389,0.00636352084899308,-0.17958560318533046,0.0019990172648668334,1.0,1.0,False
786,2123.745432548225,0.006637275166783464,-0.16497633004775025,0.002084919687404258,1.0,1.0,False
787,2123.7116543501616,0.006071190307721519,-0.1592736487684192,0.0019070619927087505,1.0,1.0,False
788,2123.713551580906,0.00502537948219645,-0.16477612938018638,0.0015785747567302873,1.0,1.0,False
789,2123.7153406590223,0.005658572660799866,-0.17024351209931865,0.0017774953445159366,1.0,1.0,False
790,2123.6999557316303,0.008217750375805608,-0.17031497293027087,0.0025813870480683354,1.0,1.0,False
791,2123.6818670630455,0.01081728369826053,-0.1695359550993203,0.003397941969963885,1.0,1.0,False
792,2123.682668879628,0.010781564244147546,-0.17468969121784994,0.003386759926261646,1.0,1.0,False
793,2123.7119511067867,0.008389878105124099,-0.18878891646022566,0.0026355682063642534,1.0,1.0,False
794,2123.7524960637093,0.006101725699467661,-0.20642562212930216,0.0019168654925392423,1.0,1.0,False
795,2123.774375267327,0.00378401781629296,-0.21819782190976866,0.0011887902228693,1.0,1.0,False
796,2123.750187151134,0.0003943575248043077,-0.2154964758858,0.00012389031608893845,1.0,1.0,False
797,2123.6931662857533,0.0027265639238667565,-0.20247961119719093,0.0008565354408180812,1.0,1.0,False
798,2123.644873857498,0.00424326041437979,-0.19220403360338878,0.0013329539633132324,1.0,1.0,False
799,2123.6320266872644,0.0035381647122167876,-0.19306203646681297,0.0011114581147168977,1.0,1.0,False
800,2123.6517450660467,0.0015110277393883174,-0.20414894758619084,0.0004746786982284082,1.0,1.0,False
801,2123.6825179308653,8.393544880944546e-05,-0.21870776233146216,2.6368732491284464e-05,1.0,1.0,False
802,2123.7010471075773,0.00031633317149851517,-0.22941936630246573,9.93803192815027e-05,1.0,1.0,False
803,2123.6910071372986,0.0005415870033649884,-0.23115453809748487,0.00017014710268950403,1.0,1.0,False
804,2123.6531062573195,0.0014059977928991695,-0.2241357327878859,0.00044170347657492904,1.0,1.0,False
805,2123.595716640353,0.0027978974649714447,-0.21099362020004264,0.000878942049843347,1.0,1.0,False
806,2123.525880128145,0.003085697220028085,-0.1939409781269319,0.0009693021819406535,1.0,1.0,False
807,2123.4451783895493,0.0012489797087718336,-0.1734752301269964,0.00039231460140832906,1.0,1.0,False
808,2123.484204351902,0.0006154704288045855,-0.19061676906119374,0.00019333302084134055,1.0,1.0,False
809,2123.464549601078,0.002113917333912401,-0.1893245751438144,0.000664024019847656,1.0,1.0,False
810,2123.4447074979544,0.003155724208828935,-0.18797236679517937,0.0009912693974813175,1.0,1.0,False
811,2123.4244629889727,0.002721527375469705,-0.18649259283751007,0.0008548739340694943,1.0,1.0,False
812,2123.4185030013323,0.0014852338680996502,-0.1894986416367601,0.0004665374132908601,1.0,1.0,False
813,2123.4152194410563,7.078563207404653e-05,-0.1933442356970545,2.223514934176049e-05,1.0,1.0,False
814,2123.40342605114,0.0013846925609769126,-0.19451555480884508,0.00043495897306001797,1.0,1.0,False
815,2123.395668461919,0.0014846438122204978,-0.1969534180554433,0.00046635729164089,1.0,1.0,False
816,2123.4001270234585,0.00013246754486973995,-0.20322748387678757,4.161139788506365e-05,1.0,1.0,False
817,2123.3997010290623,0.0007056225377693879,-0.2079660607780056,0.00022165609316718686,1.0,1.0,False
818,2123.3710124641657,0.0004093512661620583,-0.2038254370945083,0.00012858692094913065,1.0,1.0,False
819,2123.342635124922,0.0006576594241639905,-0.19978147337002383,0.00020658332019815714,1.0,1.0,False
820,2123.3395120352507,0.001310745915264549,-0.20366921615203637,0.000411733386524725,1.0,1.0,False
821,2123.34577819705,0.0021215880603413836,-0.21050519793448075,0.0006664470480272783,1.0,1.0,False
822,2123.319898933172,0.0046453413491737185,-0.20724234140385533,0.001459206447361476,1.0,1.0,False
823,2123.285577878356,0.007317430471340145,-0.20132664563749358,0.002298523499226448,1.0,1.0,False
824,2123.2480270788074,0.009151987956610211,-0.19439541647113856,0.0028747214152770578,1.0,1.0,False
825,2123.1997601389885,0.008726336396786565,-0.1840972464822812,0.0027409309217761506,1.0,1.0,False
826,2123.126885794103,0.006111893626670915,-0.1660694491056347,0.0019196328595097493,1.0,1.0,False
827,2123.051054900512,0.0032753659408612038,-0.1471129734408123,0.0010286729431557282,1.0,1.0,False
828,2122.9898033943027,0.00034404604148344394,-0.1327350899275075,0.00010804752516242288,1.0,1.0,False
829,2122.952299354598,0.002573204713025773,-0.1258143437447643,0.0008080953241001003,1.0,1.0,False
830,2122.938843589276,0.004921872090609758,-0.12644468538587716,0.0015456740818810125,1.0,1.0,False
831,2122.9444534946233,0.006209629534189646,-0.13306130544805228,0.0019501142225505693,1.0,1.0,False
832,2122.9776600822806,0.006258627879761593,-0.1483437169983972,0.0019655811256452547,1.0,1.0,False
833,2123.036002367735,0.0057338732740206426,-0.17152002242619346,0.001800890009057716,1.0,1.0,False
834,2123.0773332081735,0.005177092331767477,-0.18935329104465382,0.0016260940181703465,1.0,1.0,False
835,2123.058909960091,0.004418696671306386,-0.18841737288335025,0.0013878781737285757,1.0,1.0,False
836,2123.0298648374155,0.002197830392208575,-0.1841440700039243,0.0006903107170830084,1.0,1.0,False
837,2123.0335417520255,0.001509096886890912,-0.1901472368375039,0.0004739947906729413,1.0,1.0,False
838,2123.0351595059037,0.0037342371198455307,-0.19550251351591896,0.0011729068988177173,1.0,1.0,False
839,2123.006963877473,0.0025100825633911214,-0.19149241940868933,0.000788393926923299,1.0,1.0,False
840,2122.9520973563194,0.0027632369504272986,-0.17910435716487427,0.0008678739199514059,1.0,1.0,False
841,2122.903318159282,0.00901522143319236,-0.16862746764758185,0.002831395390491555,1.0,1.0,False
842,2122.8824540115893,0.012155409259988969,-0.16691682919002915,0.003817597797005408,1.0,1.0,False
843,2122.8843585327268,0.011047848033039376,-0.17235589614836044,0.0034697932007683166,1.0,1.0,False
844,2122.880135305226,0.007374571061208789,-0.17586926954635373,0.0023161442103191397,1.0,1.0,False
845,2122.8562047705054,0.003906960173399238,-0.17319198046078554,0.0012270523380678972,1.0,1.0,False
846,2122.835567250848,0.0018088373709662946,-0.17154777123971598,0.0005680939635606888,1.0,1.0,False
847,2122.831359103322,0.0012525621908952597,-0.17506230014083712,0.00039338961189089983,1.0,1.0,False
848,2122.831871293485,0.0019588274681044387,-0.18005817941582336,0.0006152116420355741,1.0,1.0,False
849,2122.828060954809,0.002568829343314736,-0.1836953202883933,0.0008068015153399129,1.0,1.0,False
850,2122.8359821662307,0.002676967619881562,-0.19101590866887364,0.0008407797099256978,1.0,1.0,False
851,2122.8600153923035,0.0029597835101017886,-0.20339599335744651,0.000929636065285674,1.0,1.0,False
852,2122.880113981664,0.004367340736395862,-0.2145393882207145,0.0013717737221358123,1.0,1.0,False
853,2122.8665132522583,0.007352939191210573,-0.21509684729397804,0.0023095409244068238,1.0,1.0,False
854,2122.8172145560384,0.010359453019598815,-0.20444067221444584,0.003253770516864046,1.0,1.0,False
855,2122.7603922486305,0.011578582222912808,-0.19142072300275004,0.0036365365848970944,1.0,1.0,False
856,2122.72771987319,0.011011285641956175,-0.18598480726319622,0.003458298497626276,1.0,1.0,False
857,2122.7303928285837,0.009648024753447051,-0.19164865109445373,0.003030180264650052,1.0,1.0,False
858,2122.744483754039,0.008230963412813772,-0.2008975029367548,0.002585179931866124,1.0,1.0,False
859,2122.748453527689,0.00710671730220993,-0.2069664468719452,0.002232108273019899,1.0,1.0,False
860,2122.7425285577774,0.006646010101137348,-0.20992646038155272,0.0020874182731960246,1.0,1.0,False
861,2122.7223444730043,0.00679346085065271,-0.20840671454664061,0.0021337143802576063,1.0,1.0,False
862,2122.672058314085,0.007111016280758041,-0.1974314334647147,0.002233376290341039,1.0,1.0,False
863,2122.5822426229715,0.007167682718580938,-0.1740408816816057,0.0022510163966627775,1.0,1.0,False
864,2122.4910736382008,0.007053401538843649,-0.15022588193846786,0.0022149688569139043,1.0,1.0,False
865,2122.4713409245014,0.007948347720123972,-0.14884361330797446,0.0024959896053698837,1.0,1.0,False
866,2122.494673669338,0.008904027510108495,-0.16098402217789953,0.002796185922747502,1.0,1.0,False
867,2122.5114046633244,0.009198802568593688,-0.17105034131157026,0.002888829564276949,1.0,1.0,False
868,2122.5067009329796,0.00851395842714017,-0.17438414363687116,0.0026737751785892877,1.0,1.0,False
869,2122.479370445013,0.007815585147314657,-0.17061095459069975,0.00245441956644335,1.0,1.0,False
870,2122.4703172445297,0.04983451797297812,-0.17257661360918064,0.015650154012782764,1.0,1.0,False
871,2122.467381492257,0.006580029209793542,-0.17646189284221236,0.0020664247786547916,1.0,1.0,False
872,2122.461321875453,0.005240012308238178,-0.17936513551649114,0.0016456076511402473,1.0,1.0,False
873,2122.489197999239,0.0036805578399108432,-0.1929248162116437,0.001155907389334846,1.0,1.0,False
874,2122.433364510536,0.002223414846343704,-0.18019415715400555,0.0006982529174721505,1.0,1.0,False
875,2122.478685155511,0.00044703054873079757,-0.19923001747730495,0.00014039500132197768,1.0,1.0,False
876,2122.4010175019503,0.0012849941908243928,-0.17963989147853,0.0004035431490284553,1.0,1.0,False
877,2122.3012255728245,0.001454487742110953,-0.1531023074002178,0.0004567353823233138,1.0,1.0,False
878,2122.2229391634464,0.0006998062726748845,-0.13331836652258744,0.00021973870256715786,1.0,1.0,False
879,2122.200307749212,0.00331047689984881,-0.13100950743023532,0.001039477417293824,1.0,1.0,False
880,2122.214879743755,0.004416958113805311,-0.14038130450353492,0.0013869410613566119,1.0,1.0,False
881,2122.223532475531,0.004743280088400908,-0.14789339713314575,0.0014894345454550264,1.0,1.0,False
882,2122.2187777757645,0.004662347602547864,-0.1511943055551228,0.0014640301417454496,1.0,1.0,False
883,2122.2142100706697,0.003093610290836005,-0.15455275592296402,0.0009714350327565134,1.0,1.0,False
884,2122.2051755189896,0.0013375513109174775,-0.15650737533820802,0.0004200100277615035,1.0,1.0,False
885,2122.1863793209195,0.0015413840070282888,-0.15539551830801202,0.00048401332329236585,1.0,1.0,False
886,2122.1606555357575,0.0025189590848142206,-0.1521071592578096,0.0007909738848443319,1.0,1.0,False
887,2122.124358076602,0.001882251912716208,-0.1454975010308317,0.0005910296034478856,1.0,1.0,False
888,2122.0632935985923,0.0003641382344219967,-0.13111020213540314,0.00011433484379931497,1.0,1.0,False
889,2121.9778000535443,0.001211857554856848,-0.10905239826661273,0.00038048297083433563,1.0,1.0,False
890,2121.8976612761617,0.0005348118974668621,-0.08867604410238528,0.0001679028709515738,1.0,1.0,False
891,2121.8367480114102,0.0006367651240147148,-0.07433529843871156,0.00019990203985000688,1.0,1.0,False
892,2121.8017387017608,0.0019490704726741667,-0.0681259027922465,0.00061186618906839,1.0,1.0,False
893,2121.796686090529,0.002856808222477547,-0.07131962040119788,0.0008968351003613067,1.0,1.0,False
894,2121.824091464281,0.003163542449227706,-0.08470187279795027,0.0009931626703357389,1.0,1.0,False
895,2121.8654642403126,0.0023960272644200703,-0.10246847198715159,0.0007522446657626191,1.0,1.0,False
896,2121.892592303455,0.001616447544226191,-0.11576228999683735,0.000507509387851794,1.0,1.0,False
897,2121.915276825428,0.0018991475306130128,-0.12766017519447814,0.0005962859048995465,1.0,1.0,False
898,2121.935423992574,0.002969614262516955,-0.1387605110497816,0.0009324128959394887,1.0,1.0,False
899,2121.9438479468226,0.002557807942429137,-0.14617894734965375,0.0008031265773297589,1.0,1.0,False
900,2121.9499465078115,9.232794001917724e-05,-0.15286614277306398,2.8990528487701296e-05,1.0,1.0,False
901,2121.9634079635143,0.0018457843520421572,-0.16186419446063383,0.000579580476698521,1.0,1.0,False
902,2121.9613367971033,0.0023107720924166273,-0.16598387782198643,0.0007255939567642595,1.0,1.0,False
903,2121.9249016307294,0.0021325725827345357,-0.15931200054808414,0.0006696236165640469,1.0,1.0,False
904,2121.874796818942,0.0017331152892604096,-0.14834698184040462,0.0005441761198136952,1.0,1.0,False
905,2121.8384896069765,0.001407494006021306,-0.14171333324560464,0.0004419254669283907,1.0,1.0,False
906,2121.8170717284083,0.0009416554261425222,-0.1397535485161825,0.00029565874289684215,1.0,1.0,False
907,2121.782751262188,0.0009803567697876507,-0.13374153240329179,0.0003078038760276783,1.0,1.0,False
908,2121.727678462863,0.0038853283034010217,-0.12121302369689602,0.001219834197397079,1.0,1.0,False
909,2121.6870026141405,0.005368096580862785,-0.11320375767496671,0.0016853191402416848,1.0,1.0,False
910,2121.6882449239492,0.0043510931262949115,-0.11835368519615486,0.0013660457750787377,1.0,1.0,False
911,2121.7052111178637,0.002228619982134799,-0.12843914482277796,0.000699703493588506,1.0,1.0,False
912,2121.6773644685745,0.0012106682234754311,-0.12445400413332663,0.00038009915402051624,1.0,1.0,False
913,2121.6016244739294,0.0007717720165072361,-0.10543177666386327,0.00024229023583914965,1.0,1.0,False
914,2121.551516830921,6.132366458335082e-05,-0.09445616323159811,1.9251299610727696e-05,1.0,1.0,False
915,2121.6002260893583,0.000734429908726584,-0.11450160525447473,0.00023057159685589874,1.0,1.0,False
916,2121.664519056678,0.0017278732749768672,-0.1394396273780103,0.0005424964226220161,1.0,1.0,False
917,2121.672129675746,0.0016096935117523204,-0.14658089264798946,0.0005054005402275961,1.0,1.0,False
918,2121.6140227913857,0.0006532340050703466,-0.1330877875066676,0.00020508942178922387,1.0,1.0,False
919,2121.5077838003635,0.00019391764999862344,-0.10448348409096297,6.087725991493454e-05,1.0,1.0,False
920,2121.465563029051,0.0023118389345195595,-0.09597684048958399,0.0007257440248449006,1.0,1.0,False
921,2121.4118858277798,0.0033529925332841746,-0.0838729211478153,0.0010525486517105774,1.0,1.0,False
922,2121.4151616990566,0.003337777520971742,-0.08964640797893253,0.0010477865158838521,1.0,1.0,False
923,2121.4575488865376,0.0026848385438409715,-0.10769686672796297,0.0008428584034946495,1.0,1.0,False
924,2121.4973294883966,0.0021243486789188472,-0.12492862276860706,0.0006669330828141136,1.0,1.0,False
925,2121.5059452056885,0.001355105473322265,-0.1323754902786618,0.0004254391604892471,1.0,1.0,False
926,2121.4973659217358,5.0154749727963896e-05,-0.13442280401432072,1.5746268334517768e-05,1.0,1.0,False
927,2121.4886545091867,0.0008866221786994223,-0.13642744373066762,0.0002783590502252792,1.0,1.0,False
928,2121.475797995925,0.0001549950353988128,-0.13712951694753883,4.8661344101969345e-05,1.0,1.0,False
929,2121.456723615527,0.002082749739438595,-0.13587827794367513,0.0006538837378476533,1.0,1.0,False
930,2121.441787838936,0.0034187837638096803,-0.13592517682712923,0.0010733313903042976,1.0,1.0,False
931,2121.4301083236933,0.0018080365808445876,-0.13699318831839946,0.0005676353367499501,1.0,1.0,False
932,2121.407312169671,0.0012775341986379645,-0.1345699397971316,0.00040107947919897535,1.0,1.0,False
933,2121.364139229059,0.0034656089125052834,-0.1257483990051469,0.0010879908250635974,1.0,1.0,False
934,2121.312420204282,0.004489924845289797,-0.11424307485651752,0.0014095133922391134,1.0,1.0,False
935,2121.2823340445757,0.005078336997350388,-0.1095279906334099,0.0015942062708706832,1.0,1.0,False
936,2121.294533133507,0.005204545735216261,-0.11808614611874191,0.0016338610389677116,1.0,1.0,False
937,2121.3324767947197,0.003828661865578125,-0.13472551533152455,0.0012019837545962416,1.0,1.0,False
938,2121.357151478529,0.0005698675387157982,-0.14719851091456349,0.00017891207156058584,1.0,1.0,False
939,2121.3574017584324,0.0022736538897686893,-0.1520023839523219,0.0007138298900271016,1.0,1.0,False
940,2121.3424653857946,0.003501412660315288,-0.15203712462403018,0.0010992903622864536,1.0,1.0,False
941,2121.3095066547394,0.0021456539108411043,-0.14641250114186732,0.0006736286300724213,1.0,1.0,False
942,2121.2672789394855,0.0006782692330858177,-0.1378768758484057,0.00021293699515271316,1.0,1.0,False
943,2121.2137894034386,0.0006778477646007087,-0.12580487539395335,0.00021279672348434943,1.0,1.0,False
944,2121.1591152846813,0.0015750698757006209,-0.11336030714033996,0.0004944426174214332,1.0,1.0,False
945,2121.128239631653,0.0025182320516774076,-0.10838561766047405,0.000790504546556358,1.0,1.0,False
946,2121.1132367923856,0.001977119200358167,-0.10839245911569151,0.0006206406241952192,1.0,1.0,False
947,2121.1053992956877,0.0009374934248520713,-0.11064739153545133,0.00029429106726036147,1.0,1.0,False
948,2121.108484558761,0.00029579711956158203,-0.11632995289420478,9.285569149440856e-05,1.0,1.0,False
949,2121.117712587118,0.0001964148507728939,-0.12393972711242895,6.165908287760258e-05,1.0,1.0,False
950,2121.1057536154985,0.0003644437990737007,-0.12489728549581969,0.00011440715941421049,1.0,1.0,False
951,2121.072730049491,0.0006637601804859424,-0.11924105760101611,0.00020836537499808295,1.0,1.0,False
952,2121.0340361855924,0.0007343350783174345,-0.11180379769837145,0.00023051444038571804,1.0,1.0,False
953,2120.9882246116176,0.0007941598956006166,-0.10213129240997887,0.000249286384950675,1.0,1.0,False
954,2120.928185287863,0.0018920194448586078,-0.08799199796567336,0.0005938782558886036,1.0,1.0,False
955,2120.856869548559,0.0037232736708766342,-0.070312825579947,0.0011686208326295976,1.0,1.0,False
956,2120.8085729405284,0.0042815192161155535,-0.05985813792057115,0.0013437929070953642,1.0,1.0,False
957,2120.803325511515,0.0041360282950559475,-0.0629138139752854,0.0012981367824615563,1.0,1.0,False
958,2120.8176136910915,0.003614071186384908,-0.07209985278495878,0.0011343413337538385,1.0,1.0,False
959,2120.8288749307394,0.002745066390363039,-0.0803348028949813,0.0008616062301532214,1.0,1.0,False
960,2120.8352629318833,0.0018579700596178693,-0.08703909001843613,0.0005831787847912094,1.0,1.0,False
961,2120.839941546321,0.0010331035506990346,-0.0932057212949644,0.00032427482058172024,1.0,1.0,False
962,2120.8401234447956,0.00022807767071670305,-0.09795976416256735,7.159072580662202e-05,1.0,1.0,False
963,2120.8342399299145,0.001100959976801574,-0.10080877617389206,0.00034557934813789085,1.0,1.0,False
964,2120.8111610487103,0.0030612836580281495,-0.09825917497676073,0.0009608938248084586,1.0,1.0,False
965,2120.7481719926,0.005238653072373701,-0.0831815217810572,0.0016442639574728026,1.0,1.0,False
966,2120.6535091400146,0.006910186547603631,-0.05816250356576802,0.0021687497092028195,1.0,1.0,False
967,2120.57959318161,0.0066876511874661105,-0.03965517056076351,0.0020987905570781676,1.0,1.0,False
968,2120.5628756433725,0.0032577617290738096,-0.03909780641629368,0.0010223812004052555,1.0,1.0,False
969,2120.575608998537,0.0024443907730863214,-0.047781887132259726,0.0007671383032906661,1.0,1.0,False
970,2120.5762746930122,0.008040522877817298,-0.0526776098581081,0.0025234350242880625,1.0,1.0,False
971,2120.55123052001,0.010478128008293366,-0.049503402781851946,0.0032884129363865275,1.0,1.0,False
972,2120.52176399529,0.008105323657402798,-0.04494016679518609,0.002543701263899966,1.0,1.0,False
973,2120.523214548826,0.0023241879611332512,-0.05007853443606791,0.0007294106476855878,1.0,1.0,False
974,2120.558398529887,0.002414318996673798,-0.0658027572282549,0.0007577286697500053,1.0,1.0,False
975,2120.5863541662693,0.003679419875001049,-0.07925771036877904,0.0011548187409839603,1.0,1.0,False
976,2120.5754309147596,0.003981718145945437,-0.0805091986824209,0.0012496986139645411,1.0,1.0,False
977,2120.525384992361,0.006793397630379943,-0.06948068824243592,0.0021320967437312073,1.0,1.0,False
978,2120.4953332543373,0.03888147927566401,-0.06472647469786352,0.012202688313219915,1.0,1.0,False
979,2120.4945352971554,0.009237704109769243,-0.06915202278639754,0.00289921898173535,1.0,1.0,False
980,2120.469574138522,0.007425368550376545,-0.06599297964299922,0.0023303965635238675,1.0,1.0,False
981,2120.4623101353645,0.006563528718601527,-0.06838688549953531,0.002059922720487068,1.0,1.0,False
982,2120.4708687216043,0.0062634220837797065,-0.07574547350282046,0.001965771730870399,1.0,1.0,False
983,2120.4808871895075,0.005265848326375356,-0.08356116755425091,0.0016527158319206438,1.0,1.0,False
984,2120.48103544116,0.0030121509693765746,-0.08827792424813197,0.000945390374664076,1.0,1.0,False
985,2120.4790754318237,0.00036591893877158197,-0.09233181768047416,0.0001148479106645276,1.0,1.0,False
986,2120.4912289977074,0.0009758259835727295,-0.10081431404927343,0.00030628086572304477,1.0,1.0,False
987,2120.426727563143,0.0011010021236500848,-0.08523650469885524,0.00034555336416782607,1.0,1.0,False
988,2120.451910942793,0.00015564831155073165,-0.09780596922553286,4.885237490507123e-05,1.0,1.0,False
989,2120.4757929444313,0.0016814063744936066,-0.10996614621990375,0.0005277494690500799,1.0,1.0,False
990,2120.4638696312904,0.0025056301439726502,-0.11088694847700253,0.0007864515814093877,1.0,1.0,False
991,2120.4189472198486,0.0009201499966898385,-0.10144915276322308,0.00028880236117515294,1.0,1.0,False
992,2120.4710016846657,0.0013946392172254835,-0.12244847466490683,0.0004377526167763586,1.0,1.0,False
993,2120.47731487453,0.002462577138218772,-0.1290898332331949,0.0007729719145857783,1.0,1.0,False
994,2120.4817093908787,0.002092464588020356,-0.1351278244416676,0.000656807707055869,1.0,1.0,False
995,2120.6859331429005,0.0009087282007433862,-0.20389597737630538,0.00028529754027625955,1.0,1.0,False
996,2120.093889180571,7.20553058854372e-05,-0.022726490703064428,2.2610203863975213e-05,1.0,1.0,False
997,nan,0.0,nan,0.0,0.0,0.0,False
998,nan,0.0,nan,0.0,0.0,0.0,False
999,nan,0.0,nan,0.0,0.0,0.0,False
1000,nan,0.0,nan,0.0,0.0,0.0,False
1001,nan,0.0,nan,0.0,0.0,0.0,False
1002,nan,0.0,nan,0.0,0.0,0.0,False
1003,nan,0.0,nan,0.0,0.0,0.0,False
1004,nan,0.0,nan,0.0,0.0,0.0,False
1005,nan,0.0,nan,0.0,0.0,0.0,False
1006,nan,0.0,nan,0.0,0.0,0.0,False
1007,nan,0.0,nan,0.0,0.0,0.0,False
1008,nan,0.0,nan,0.0,0.0,0.0,False
1009,nan,0.0,nan,0.0,0.0,0.0,False
1010,nan,0.0,nan,0.0,0.0,0.0,False
1011,nan,0.0,nan,0.0,0.0,0.0,False
1012,nan,0.0,nan,0.0,0.0,0.0,False
1013,nan,0.0,nan,0.0,0.0,0.0,False
1014,nan,0.0,nan,0.0,0.0,0.0,False
1015,nan,0.0,nan,0.0,0.0,0.0,False
1016,nan,0.0,nan,0.0,0.0,0.0,False
1017,nan,0.0,nan,0.0,0.0,0.0,False
1018,nan,0.0,nan,0.0,0.0,0.0,False
1019,nan,0.0,nan,0.0,0.0,0.0,False
1020,nan,0.0,nan,0.0,0.0,0.0,False
1021,nan,0.0,nan,0.0,0.0,0.0,False
1022,nan,0.0,nan,0.0,0.0,0.0,False
1023,nan,0.0,nan,0.0,0.0,0.0,False
1024,nan,0.0,nan,0.0,0.0,0.0,False
1025,nan,0.0,nan,0.0,0.0,0.0,False
1026,nan,0.0,nan,0.0,0.0,0.0,False
1027,nan,0.0,nan,0.0,0.0,0.0,False
1028,nan,0.0,nan,0.0,0.0,0.0,False
1029,nan,0.0,nan,0.0,0.0,0.0,False
1030,nan,0.0,nan,0.0,0.0,0.0,False
1031,nan,0.0,nan,0.0,0.0,0.0,False
1032,nan,0.0,nan,0.0,0.0,0.0,False
1033,nan,0.0,nan,0.0,0.0,0.0,False
1034,nan,0.0,nan,0.0,0.0,0.0,False
1035,nan,0.0,nan,0.0,0.0,0.0,False
1036,nan,0.0,nan,0.0,0.0,0.0,False
1037,nan,0.0,nan,0.0,0.0,0.0,False
1038,nan,0.0,nan,0.0,0.0,0.0,False
1039,nan,0.0,nan,0.0,0.0,0.0,False
1040,nan,0.0,nan,0.0,0.0,0.0,False
1041,nan,0.0,nan,0.0,0.0,0.0,False
1042,nan,0.0,nan,0.0,0.0,0.0,False
1043,2119.5454982221127,0.0,-0.06807633169341898,0.0,0.5,0.5,False
1044,nan,0.0,nan,0.0,0.0,0.0,False
1045,nan,0.0,nan,0.0,0.0,0.0,False
1046,nan,0.0,nan,0.0,0.0,0.0,False
1047,nan,0.0,nan,0.0,0.0,0.0,False
1048,nan,0.0,nan,0.0,0.0,0.0,False
1049,nan,0.0,nan,0.0,0.0,0.0,False
1050,nan,0.0,nan,0.0,0.0,0.0,False
1051,nan,0.0,nan,0.0,0.0,0.0,False
1052,nan,0.0,nan,0.0,0.0,0.0,False
1053,nan,0.0,nan,0.0,0.0,0.0,False
1054,nan,0.0,nan,0.0,0.0,0.0,False
1055,nan,0.0,nan,0.0,0.0,0.0,False
1056,nan,0.0,nan,0.0,0.0,0.0,False
1057,nan,0.0,nan,0.0,0.0,0.0,False
1058,nan,0.0,nan,0.0,0.0,0.0,False
1059,2119.239832177758,0.005174684693046292,-0.04557464555199431,0.0016235898370011467,1.0,1.0,False
1060,nan,0.0,nan,0.0,0.0,0.0,False
1061,nan,0.0,nan,0.0,0.0,0.0,False
1062,nan,0.0,nan,0.0,0.0,0.0,False
1063,nan,0.0,nan,0.0,0.0,0.0,False
1064,nan,0.0,nan,0.0,0.0,0.0,False
1065,2119.088951304555,0.0,-0.025682933706207223,0.0,0.5,0.5,False
1066,nan,0.0,nan,0.0,0.0,0.0,False
1067,nan,0.0,nan,0.0,0.0,0.0,False
1068,nan,0.0,nan,0.0,0.0,0.0,False
1069,nan,0.0,nan,0.0,0.0,0.0,False
1070,nan,0.0,nan,0.0,0.0,0.0,False
1071,nan,0.0,nan,0.0,0.0,0.0,False
1072,nan,0.0,nan,0.0,0.0,0.0,False
1073,nan,0.0,nan,0.0,0.0,0.0,False
1074,nan,0.0,nan,0.0,0.0,0.0,False
1075,nan,0.0,nan,0.0,0.0,0.0,False
1076,nan,0.0,nan,0.0,0.0,0.0,False
1077,nan,0.0,nan,0.0,0.0,0.0,False
1078,nan,0.0,nan,0.0,0.0,0.0,False
1079,nan,0.0,nan,0.0,0.0,0.0,False
1080,nan,0.0,nan,0.0,0.0,0.0,False
1081,nan,0.0,nan,0.0,0.0,0.0,False
1082,nan,0.0,nan,0.0,0.0,0.0,False
1083,nan,0.0,nan,0.0,0.0,0.0,False
1084,nan,0.0,nan,0.0,0.0,0.0,False
1085,nan,0.0,nan,0.0,0.0,0.0,False
1086,nan,0.0,nan,0.0,0.0,0.0,False
1087,nan,0.0,nan,0.0,0.0,0.0,False
1088,nan,0.0,nan,0.0,0.0,0.0,False
1089,nan,0.0,nan,0.0,0.0,0.0,False
1090,nan,0.0,nan,0.0,0.0,0.0,False
1091,nan,0.0,nan,0.0,0.0,0.0,False
1092,nan,0.0,nan,0.0,0.0,0.0,False
1093,nan,0.0,nan,0.0,0.0,0.0,False
1094,nan,0.0,nan,0.0,0.0,0.0,False
1095,nan,0.0,nan,0.0,0.0,0.0,False
1096,nan,0.0,nan,0.0,0.0,0.0,False
1097,nan,0.0,nan,0.0,0.0,0.0,False
1098,nan,0.0,nan,0.0,0.0,0.0,False
1099,nan,0.0,nan,0.0,0.0,0.0,False
1100,nan,0.0,nan,0.0,0.0,0.0,False
1101,nan,0.0,nan,0.0,0.0,0.0,False
1102,nan,0.0,nan,0.0,0.0,0.0,False
1103,nan,0.0,nan,0.0,0.0,0.0,False
1104,nan,0.0,nan,0.0,0.0,0.0,False
1105,nan,0.0,nan,0.0,0.0,0.0,False
1106,nan,0.0,nan,0.0,0.0,0.0,False
1107,nan,0.0,nan,0.0,0.0,0.0,False
1108,nan,0.0,nan,0.0,0.0,0.0,False
1109,nan,0.0,nan,0.0,0.0,0.0,False
1110,nan,0.0,nan,0.0,0.0,0.0,False
1111,nan,0.0,nan,0.0,0.0,0.0,False
1112,nan,0.0,nan,0.0,0.0,0.0,False
1113,nan,0.0,nan,0.0,0.0,0.0,False
1114,nan,0.0,nan,0.0,0.0,0.0,False
1115,nan,0.0,nan,0.0,0.0,0.0,False
1116,nan,0.0,nan,0.0,0.0,0.0,False
1117,nan,0.0,nan,0.0,0.0,0.0,False
1118,nan,0.0,nan,0.0,0.0,0.0,False
1119,nan,0.0,nan,0.0,0.0,0.0,False
1120,nan,0.0,nan,0.0,0.0,0.0,False
1121,nan,0.0,nan,0.0,0.0,0.0,False
1122,nan,0.0,nan,0.0,0.0,0.0,False
1123,nan,0.0,nan,0.0,0.0,0.0,False
1124,nan,0.0,nan,0.0,0.0,0.0,False
1125,nan,0.0,nan,0.0,0.0,0.0,False
1126,nan,0.0,nan,0.0,0.0,0.0,False
1127,nan,0.0,nan,0.0,0.0,0.0,False
1128,nan,0.0,nan,0.0,0.0,0.0,False
1129,nan,0.0,nan,0.0,0.0,0.0,False
1130,nan,0.0,nan,0.0,0.0,0.0,False
1131,nan,0.0,nan,0.0,0.0,0.0,False
1132,nan,0.0,nan,0.0,0.0,0.0,False
1133,nan,0.0,nan,0.0,0.0,0.0,False
1134,nan,0.0,nan,0.0,0.0,0.0,False
1135,nan,0.0,nan,0.0,0.0,0.0,False
1136,nan,0.0,nan,0.0,0.0,0.0,False
1137,nan,0.0,nan,0.0,0.0,0.0,False
1138,nan,0.0,nan,0.0,0.0,0.0,False
1139,nan,0.0,nan,0.0,0.0,0.0,False
1140,nan,0.0,nan,0.0,0.0,0.0,False
1141,nan,0.0,nan,0.0,0.0,0.0,False
1142,nan,0.0,nan,0.0,0.0,0.0,False
1143,nan,0.0,nan,0.0,0.0,0.0,False
1144,nan,0.0,nan,0.0,0.0,0.0,False
1145,nan,0.0,nan,0.0,0.0,0.0,False
1146,nan,0.0,nan,0.0,0.0,0.0,False
1147,nan,0.0,nan,0.0,0.0,0.0,False
1148,nan,0.0,nan,0.0,0.0,0.0,False
1149,nan,0.0,nan,0.0,0.0,0.0,False
1150,nan,0.0,nan,0.0,0.0,0.0,False
1151,nan,0.0,nan,0.0,0.0,0.0,False
1152,nan,0.0,nan,0.0,0.0,0.0,False
1153,nan,0.0,nan,0.0,0.0,0.0,False
1154,nan,0.0,nan,0.0,0.0,0.0,False
1155,nan,0.0,nan,0.0,0.0,0.0,False
1156,nan,0.0,nan,0.0,0.0,0.0,False
1157,nan,0.0,nan,0.0,0.0,0.0,False
1158,nan,0.0,nan,0.0,0.0,0.0,False
1159,nan,0.0,nan,0.0,0.0,0.0,False
1160,nan,0.0,nan,0.0,0.0,0.0,False
1161,nan,0.0,nan,0.0,0.0,0.0,False
1162,nan,0.0,nan,0.0,0.0,0.0,False
1163,nan,0.0,nan,0.0,0.0,0.0,False
1164,nan,0.0,nan,0.0,0.0,0.0,False
1165,nan,0.0,nan,0.0,0.0,0.0,False
1166,nan,0.0,nan,0.0,0.0,0.0,False
1167,nan,0.0,nan,0.0,0.0,0.0,False
1168,nan,0.0,nan,0.0,0.0,0.0,False
1169,nan,0.0,nan,0.0,0.0,0.0,False
1170,nan,0.0,nan,0.0,0.0,0.0,False
1171,nan,0.0,nan,0.0,0.0,0.0,False
1172,nan,0.0,nan,0.0,0.0,0.0,False
1173,nan,0.0,nan,0.0,0.0,0.0,False
1174,nan,0.0,nan,0.0,0.0,0.0,False
1175,nan,0.0,nan,0.0,0.0,0.0,False
1176,nan,0.0,nan,0.0,0.0,0.0,False
1177,nan,0.0,nan,0.0,0.0,0.0,False
1178,nan,0.0,nan,0.0,0.0,0.0,False
1179,nan,0.0,nan,0.0,0.0,0.0,False
1180,nan,0.0,nan,0.0,0.0,0.0,False
1181,nan,0.0,nan,0.0,0.0,0.0,False
1182,nan,0.0,nan,0.0,0.0,0.0,False
1183,nan,0.0,nan,0.0,0.0,0.0,False
1184,nan,0.0,nan,0.0,0.0,0.0,False
1185,2117.06048585847,0.0005674177531461025,0.07090019619738541,0.00017791749233753994,1.0,1.0,False
1186,nan,0.0,nan,0.0,0.0,0.0,False
1187,nan,0.0,nan,0.0,0.0,0.0,False
1188,nan,0.0,nan,0.0,0.0,0.0,False
1189,nan,0.0,nan,0.0,0.0,0.0,False
1190,nan,0.0,nan,0.0,0.0,0.0,False
1191,nan,0.0,nan,0.0,0.0,0.0,False
1192,nan,0.0,nan,0.0,0.0,0.0,False
1193,nan,0.0,nan,0.0,0.0,0.0,False
1194,nan,0.0,nan,0.0,0.0,0.0,False
1195,nan,0.0,nan,0.0,0.0,0.0,False
1196,nan,0.0,nan,0.0,0.0,0.0,False
1197,nan,0.0,nan,0.0,0.0,0.0,False
1198,nan,0.0,nan,0.0,0.0,0.0,False
1199,nan,0.0,nan,0.0,0.0,0.0,False
1200,2116.8700960204005,0.0003464365580474212,0.0643886001133751,0.0001086258572290144,1.0,1.0,True
1201,2116.9297462254763,0.00047350930630776674,0.041280272557855824,0.0001484792278636005,1.0,1.0,True
1202,2116.9104390777647,0.0031464887806489854,0.0429312511456601,0.000986643779571027,1.0,1.0,True
1203,2116.847871720791,0.005026095978621135,0.05814816902858411,0.0015759599969185811,1.0,1.0,True
1204,2116.816928423941,0.007175637936237369,0.06344999001083806,0.0022499218156233312,1.0,1.0,True
1205,2116.80025216192,0.009633304966604622,0.06427954200376007,0.003020509843786348,1.0,1.0,True
1206,2116.758896306157,0.010516839888650622,0.07284843951282483,0.0032974533661774144,1.0,1.0,True
1207,2116.7078958302736,0.009273339270185204,0.08444219394186803,0.002907463410081019,1.0,1.0,True
1208,2116.6779847443104,0.0057335308308764914,0.08942476283124279,0.0017976004138807167,1.0,1.0,True
1209,2116.6765115857124,0.0007395086039721467,0.0854925098447552,0.00023185591267127915,1.0,1.0,True
1210,2116.6717662215233,0.0020209835329458798,0.08258737621758883,0.000633636800133477,1.0,1.0,True
1211,2116.640370860696,0.0013609849586895346,0.08803894459782668,0.0004267006110154938,1.0,1.0,True
1212,2116.5950736403465,0.000934648512577586,0.09785007539926482,0.00029302534270630033,1.0,1.0,True
1213,2116.550618097186,0.0037447264167686793,0.1073982359139336,0.0011739894799896904,1.0,1.0,True
1214,2116.525409683585,0.002104497513270216,0.11091337305401794,0.0006597619305640822,1.0,1.0,True
1215,2116.568025678396,0.0018123566328169542,0.09316627474561301,0.0005682030415866996,1.0,1.0,True
1216,2116.551105171442,0.003670189715177163,0.0940856317312182,0.001150658231869188,1.0,1.0,True
1217,2116.5602507591248,0.002382898521108927,0.08683404171699749,0.0007470874544387277,1.0,1.0,True
1218,2116.517302811146,0.0013850718826135106,0.09591586162986232,0.0004342362205428957,1.0,1.0,True
1219,2116.5078039467335,0.0027529057041860653,0.0945120828083077,0.0008630697399325828,1.0,1.0,True
1220,2116.54462236166,0.0011434440001005552,0.07858815833975541,0.0003584992577569264,1.0,1.0,True
1221,2116.526197016239,0.0008144457006245163,0.07998546416433783,0.0002553482285432689,1.0,1.0,True
1222,2116.5525821745396,0.001466499593936558,0.06733461379008077,0.00045979836173988114,1.0,1.0,True
1223,2116.5126057863235,0.0019844422152869344,0.07549130806046378,0.00062217551981338,1.0,1.0,True
1224,2116.5378014296293,0.0031746059969618157,0.06321574961924625,0.000995356343749988,1.0,1.0,True
1225,2116.5024643540382,0.005119156220133189,0.06992038589874028,0.0016050106866465582,1.0,1.0,True
1226,2116.514437586069,0.006643734171317759,0.06179286839631004,0.0020830560324122276,1.0,1.0,True
1227,2116.49149364233,0.006295769790011818,0.06461429979430022,0.00197393635418478,1.0,1.0,True
1228,2116.4454865157604,0.005146593818513781,0.07466785358667494,0.0016135812792569888,1.0,1.0,True
1229,2116.4816757440567,0.0038883839499180618,0.058951600886018696,0.0012191542502729756,1.0,1.0,True
1230,2116.48934841156,0.002934853649207595,0.05217720636090917,0.0009202025959226953,1.0,1.0,True
1231,2116.483052432537,0.002645051918846688,0.049783745018885384,0.0008293412596844693,1.0,1.0,True
1232,2116.4690762758255,0.0025455853563609776,0.04979957508953703,0.0007981523851873616,1.0,1.0,True
1233,2116.423663586378,0.0029182899377428136,0.05967319202790122,0.0009149839302253546,1.0,1.0,True
1234,2116.3892126232386,0.0028867430216324096,0.06611091850368211,0.000905074411883675,1.0,1.0,True
1235,2116.3042998462915,0.0035561614165309395,0.08837022356152602,0.0011148826788802077,1.0,1.0,True
1236,2116.234206803143,0.0034406895883232176,0.10598342121716087,0.0010786250203449266,1.0,1.0,True
1237,2116.1753430590034,0.004262363473467352,0.12007676247407062,0.0013361559014893616,1.0,1.0,True
1238,2116.1392580494285,0.007151930333949992,0.1270302995309862,0.002241921630920827,1.0,1.0,True
1239,2116.133990511298,0.010072949280133886,0.12432458686538439,0.0031575938166067095,1.0,1.0,True
1240,2116.152492813766,0.011064885896549904,0.11416876913619944,0.003468632173456213,1.0,1.0,True
1241,2116.173874773085,0.009746975017038504,0.10311117717935758,0.0030555822025156052,1.0,1.0,True
1242,2116.173873268068,0.006210980867520027,0.09875814460059473,0.0019471025187663552,1.0,1.0,True
1243,2116.154246620834,0.002994101581501784,0.10055865801450636,0.0009386248491736992,1.0,1.0,True
1244,2116.13975674659,0.002181257461120682,0.10075004583842428,0.000683803515000981,1.0,1.0,True
1245,2116.13975790143,0.0024980858580892,0.09639983323131673,0.0007831343400644732,1.0,1.0,True
1246,2116.1431603208184,0.001857063902374885,0.090984515386765,0.0005821857700937024,1.0,1.0,True
1247,2116.138731777668,0.0006908500673663196,0.08802536985524512,0.00021658148496524356,1.0,1.0,True
1248,2116.126119069755,0.0011112543445503597,0.08763317252379466,0.0003483779118055226,1.0,1.0,True
1249,2116.113134685904,0.002528394710524597,0.0873587151280617,0.0007926500279696972,1.0,1.0,True
1250,2116.110835276544,0.0028961944524109775,0.08373573368345433,0.0009079625556918576,1.0,1.0,True
1251,2116.1293271780014,0.0015097211870844797,0.07359571802169285,0.00047331324831480264,1.0,1.0,True
1252,2116.1513916626573,2.5277572394408695e-05,0.06233659479909193,7.925021316710906e-06,1.0,1.0,True
1253,2116.141168922186,0.0002216502763187917,0.06120121738422313,6.949183601527909e-05,1.0,1.0,True
1254,2116.103132363409,0.0020786246166405913,0.0687871559413793,0.0006516754018498983,1.0,1.0,True
1255,2116.0787910707295,0.004566869185602497,0.07208055264601398,0.0014317556039723119,1.0,1.0,True
1256,2116.0916144661605,0.006938272153780078,0.0637235904992508,0.0021752598195080726,1.0,1.0,True
1257,2116.13048055768,0.008396368719794777,0.04720260499584583,0.002632515318627783,1.0,1.0,True
1258,2116.1678463220596,0.008256125081374776,0.03115254667955014,0.002588658047547232,1.0,1.0,True
1259,2116.182308882475,0.005880918360119088,0.022284440939074557,0.0018439693393887246,1.0,1.0,True
1260,2116.1672950685024,0.0014947801292873677,0.022659813365123682,0.00046868876251905157,1.0,1.0,True
1261,2116.133029781282,0.003182708728588035,0.029072635640829958,0.000997919067612696,1.0,1.0,True
1262,2116.0924358926713,0.005526879564271514,0.03747078306531648,0.0017328747477596068,1.0,1.0,True
1263,2116.0473162624985,0.004669330808510513,0.04728886060087234,0.0014639586318668338,1.0,1.0,True
1264,2115.9877059417777,0.001925968072789625,0.06165089413724445,0.0006038159848878881,1.0,1.0,True
1265,2115.919891882688,0.00040739670606236556,0.07858536067504929,0.000127717736896522,1.0,1.0,True
1266,2115.8655175492167,0.0011742849564984018,0.09130703245176619,0.0003681210005894347,1.0,1.0,True
1267,2115.833964943886,0.0031490860801884693,0.09687533806635429,0.0009871744028533878,1.0,1.0,True
1268,2115.8305122703314,0.004733491482834253,0.09363604288353145,0.0014838640752650853,1.0,1.0,True
1269,2115.863165900111,0.003529566755120565,0.07907901294322528,0.0011064992014180402,1.0,1.0,True
1270,2115.9078396968544,0.00010622586331564455,0.06075423188349305,3.3302880987913935e-05,1.0,1.0,True
1271,2115.9278441369534,0.0025634345467053414,0.05016417987036448,0.0008036853707538023,1.0,1.0,True
1272,2115.9196491725743,0.0024271895905378124,0.048416256611233166,0.0007609723146463274,1.0,1.0,True
1273,2115.889446005225,0.0004478945591252709,0.05356951548537836,0.00014042153659797946,1.0,1.0,True
1274,2115.843157045543,0.0018508472422195282,0.06376691101382903,0.0005802498630742653,1.0,1.0,True
1275,2115.7909216359258,0.0027260686983967535,0.07582937008146473,0.0008546051248350859,1.0,1.0,True
1276,2115.7361194491386,0.001678835416734442,0.08869722697448879,0.0005262838559798851,1.0,1.0,True
1277,2115.6885200738907,8.572668987115846e-05,0.09930791434157982,2.6872868650494907e-05,1.0,1.0,True
1278,2115.676689207554,0.0012580834280501868,0.09870723641705581,0.00039437312319306453,1.0,1.0,True
1279,2115.7009917646646,0.0016263836637626344,0.0867808064265887,0.0005098410599429565,1.0,1.0,True
1280,2115.716055586934,0.001874670748340311,0.07775148975599677,0.0005876884595580039,1.0,1.0,True
1281,2115.6943860799074,0.0021981478106614227,0.08023877196484364,0.0006890887282607834,1.0,1.0,True
1282,2115.6704128980637,0.001303349143350887,0.08344941086096469,0.00040857728930059485,1.0,1.0,True
1283,2115.687536239624,0.0004444806643958885,0.07377808928083596,0.00013934053466268354,1.0,1.0,True
1284,2115.717283219099,0.001998139941052975,0.06015024160217308,0.0006264213641416105,1.0,1.0,True
1285,2115.7248133271933,0.003199894106068352,0.05348836412423452,0.001003191157894024,1.0,1.0,True
1286,2115.700989872217,0.003339379101215156,0.056657217693327766,0.001046909330660171,1.0,1.0,True
1287,2115.651780113578,0.0019588801516650773,0.06778578752050635,0.0006140964853389126,1.0,1.0,True
1288,2115.596966519952,0.000248771773335552,0.0806718863133824,7.798535890148097e-05,1.0,1.0,True
1289,2115.5607014000416,0.0022986891177841605,0.08774425592338275,0.0007205807173217637,1.0,1.0,True
1290,2115.541346296668,0.004090161987163967,0.08951689271776786,0.001282153125070435,1.0,1.0,True
1291,2115.5194243490696,0.005245933940453958,0.09209536364136284,0.0016444406331793061,1.0,1.0,True
1292,2115.495382487774,0.004166974618575071,0.09533955036249608,0.0013062051994332184,1.0,1.0,True
1293,2115.468261539936,0.0022031843590584748,0.09955009356292521,0.0006906139862344163,1.0,1.0,True
1294,2115.494721993804,0.0024690677528894497,0.08696590267032889,0.0007739845905990414,1.0,1.0,True
1295,2115.456444993615,0.002072086586765339,0.09467603691609838,0.0006495264626759488,1.0,1.0,True
1296,2115.440390124917,0.0018398995983188236,0.0954214325608973,0.0005767416936630507,1.0,1.0,True
1297,2115.4607966542244,0.00044060315433288623,0.08473858088063935,0.0001381170380693658,1.0,1.0,True
1298,2115.4729658812284,0.0024804052551388803,0.07663889753808917,0.0007775557221547979,1.0,1.0,True
1299,2115.4426249563694,0.0020492640682966898,0.08186636217573096,0.0006423911244911389,1.0,1.0,True
1300,2115.4169128239155,8.25656762328414e-05,0.08564396640781524,2.5881872514095694e-05,1.0,1.0,True
1301,2115.4145310372114,0.002140870243535118,0.08210938722947958,0.0006711043482630348,1.0,1.0,True
1302,2115.427725598216,0.002691729553572503,0.07369317349150606,0.0008438024004381718,1.0,1.0,True
1303,2115.438986286521,0.0003682159420154257,0.06588425374570761,0.0001154305600080724,1.0,1.0,True
1304,2115.4400553256273,0.005200225683243894,0.06127139869454368,0.001630216638306287,1.0,1.0,True
1305,2115.43555881083,0.009361426183572972,0.058404478032230145,0.0029347283384453283,1.0,1.0,True
1306,2115.4246256798506,0.01159297537167928,0.05755659934425239,0.003634302403760618,1.0,1.0,True
1307,2115.4159616827965,0.010624251132080634,0.05599859252089345,0.0033306240720090753,1.0,1.0,True
1308,2115.421591281891,0.007172466385886925,0.049960832335955274,0.002248549745134769,1.0,1.0,True
1309,2115.4365377128124,0.003691768901614741,0.041003350596724886,0.0011573875157066676,1.0,1.0,True
1310,2115.4171479046345,0.0019693957903685454,0.04281156095339611,0.0006174108628351826,1.0,1.0,True
1311,2115.3335920721292,0.0005653367525008771,0.0647364809890405,0.00017722318818750836,1.0,1.0,True
1312,2115.2421162724495,0.0007311424545427342,0.08914377599410273,0.0002291840164865758,1.0,1.0,True
1313,2115.2004370614886,0.0015173181565285682,0.09794202826452647,0.0004756059651509669,1.0,1.0,True
1314,2115.2278295382857,0.0009613590778213652,0.08509052602852307,0.00030135014861181966,1.0,1.0,True
1315,2115.2938173115253,0.0015470422214408763,0.060141007402933155,0.0004849735628599583,1.0,1.0,True
1316,2115.351668253541,0.005063079838189445,0.03774196090893156,0.0015872949641896773,1.0,1.0,True
1317,2115.373838186264,0.007194551334506633,0.026529435476902563,0.0022555875545821878,1.0,1.0,True
1318,2115.34114433825,0.00680711642957024,0.03251843886488359,0.002134081311498262,1.0,1.0,True
1319,2115.2559952288866,0.005555270735099665,0.05495295840069048,0.0017415039274381262,1.0,1.0,True
1320,2115.1571751236916,0.004262584744422034,0.08167255400269369,0.001336159778557608,1.0,1.0,True
1321,2115.0943904966116,0.003567151207280155,0.09709617474220522,0.0011181163948836188,1.0,1.0,True
1322,2115.093048263341,0.0034500303836244445,0.09326164199057985,0.0010814150256671716,1.0,1.0,True
1323,2115.1394658386707,0.0023454510462069976,0.07445749363091636,0.0007352217972430104,1.0,1.0,True
1324,2115.173415258527,0.0003156798953465963,0.05956216369474987,9.895929912436262e-05,1.0,1.0,True
1325,2115.1634471416473,0.0018113240350284374,0.05843503059895738,0.0005678144871432375,1.0,1.0,True
1326,2115.1312999501824,0.002404277510016078,0.06426176597381072,0.0007536799045928255,1.0,1.0,True
1327,2115.1057416014373,0.0008907262280731706,0.0680242046655053,0.00027921655483990795,1.0,1.0,True
1328,2115.0940785370767,0.0006100176802784886,0.0674320755800295,0.0001912226430175931,1.0,1.0,True
1329,2115.073939718306,0.00018799601778284283,0.06949806067410691,5.8930785314095945e-05,1.0,1.0,True
1330,2115.031310494058,0.0007109659679071596,0.07861515310781897,0.00022285908500615267,1.0,1.0,True
1331,2114.979261625558,5.46249498481506e-05,0.09068578326969146,1.7122094343560802e-05,1.0,1.0,True
1332,2114.9513655379415,0.001746712916261237,0.09518672437133091,0.0005474961049868746,1.0,1.0,True
1333,2114.9578966908157,0.0028455760873493936,0.08889780572553718,0.0008919422681290881,1.0,1.0,True
1334,2114.9747053375468,0.0036920994909577483,0.07938848464635839,0.0011573133547683858,1.0,1.0,True
1335,2114.9810346215963,0.003965533756117253,0.07316505659696304,0.001243043075214423,1.0,1.0,True
1336,2114.9538270477206,0.0034605855349983915,0.07745529570649978,0.0010847460003822168,1.0,1.0,True
1337,2114.8957575671375,0.002446419090170908,0.0914203143991017,0.0007668162089467232,1.0,1.0,True
1338,2114.8507551923394,0.0020779766088447364,0.10129028804630025,0.0006513105522755066,1.0,1.0,True
1339,2114.8222101330757,0.002403761211121819,0.10600299106971534,0.000753411426720778,1.0,1.0,True
1340,2114.787368312478,0.0020187708233990577,0.11269039824816218,0.0006327306534214169,1.0,1.0,True
1341,2114.739493817091,0.0004666920535611296,0.12346351946320056,0.00014626761361327773,1.0,1.0,True
1342,2114.6928467452526,0.0018931099945638272,0.1338528171603457,0.0005933077444399881,1.0,1.0,True
1343,2114.689362168312,0.003101839463007757,0.13071587088501246,0.0009721351233679986,1.0,1.0,True
1344,2114.7408306896687,0.002184049689834529,0.11035695261807632,0.0006845328778836906,1.0,1.0,True
1345,2114.7907931506634,0.0011753913112718128,0.09047020600905853,0.0003684157356728534,1.0,1.0,True
1346,2114.8189738467336,0.0004870384446797637,0.07741122794897137,0.00015266320606728686,1.0,1.0,True
1347,2114.827940516174,0.0029562115646904904,0.07037586943431506,0.0009266476501980552,1.0,1.0,True
1348,2114.810631223023,0.004474235680931617,0.0715780778606927,0.0014024770312359017,1.0,1.0,True
1349,2114.763667665422,0.004702144764254275,0.08207664577423657,0.0014738699552571443,1.0,1.0,True
1350,2114.6966520398855,0.004757557333333974,0.09886108000677041,0.0014911649484837131,1.0,1.0,True
1351,2114.638959378004,0.00469300943483954,0.11272390747177496,0.0014708730435626862,1.0,1.0,True
1352,2114.6172736883163,0.004405694368540775,0.11530241941454733,0.0013808109120195574,1.0,1.0,True
1353,2114.61668074131,0.003918434652906329,0.1112713422703564,0.0012281084631467713,1.0,1.0,True
1354,2114.6001414358616,0.0027663926957095515,0.11223934787795997,0.000867033795381043,1.0,1.0,True
1355,2114.565647959709,0.0008035296668601948,0.11883563936959263,0.0002518344968747794,1.0,1.0,True
1356,2114.5558912009,7.66440440170608e-05,0.11768033883947737,2.402107493961157e-05,1.0,1.0,True
1357,2114.6010441184044,0.0015795795884912865,0.09931652363093235,0.0004950824875461458,1.0,1.0,True
1358,2114.6522905379534,0.004932087433017586,0.07904306150066986,0.0015459349291740507,1.0,1.0,True
1359,2114.6566250175238,0.0077645242403437086,0.07347451730475996,0.0024337808888017427,1.0,1.0,True
1360,2114.6213593930006,0.008075947303990704,0.080319692019998,0.002531342517806015,1.0,1.0,True
1361,2114.571518048644,0.006365164576085005,0.09173445604426433,0.0019950428454616346,1.0,1.0,True
1362,2114.5406111627817,0.004345192567503387,0.0972155329664588,0.0013618965541499775,1.0,1.0,True
1363,2114.5627478063107,0.004951243175665788,0.0860723976733766,0.0015518953897110188,1.0,1.0,True
1364,2114.6156255602837,0.007013151298515745,0.06529438939173815,0.0021982972793636642,1.0,1.0,True
1365,2114.657243102789,0.008806120381017689,0.04804618073706024,0.0027604411249607204,1.0,1.0,True
1366,2114.637299850583,0.010479455634021459,0.05009615924376476,0.003284954454126285,1.0,1.0,True
1367,2114.55531001091,0.011773469250427182,0.07159616339589547,0.003690351677899798,1.0,1.0,True
1368,2114.5181368887424,0.03620806252776949,0.0790488877925668,0.01134902773663429,1.0,1.0,True
1369,2114.528221786022,0.0102449716423311,0.07169032895359351,0.0032112383888663193,1.0,1.0,True
1370,2114.520714044571,0.009483968145618396,0.06984717433016385,0.0029727162599721213,1.0,1.0,True
1371,2114.501229956746,0.008306448418496783,0.0717591780680209,0.002603608500134507,1.0,1.0,True
1372,2114.470787882805,0.006723265274457816,0.07710706689249491,0.0021073333401707755,1.0,1.0,True
1373,2114.455531001091,0.0061499416941641245,0.07769649758580499,0.0019276250742320102,1.0,1.0,True
1374,2114.4760626852512,0.007356900994970597,0.06706951141586615,0.0023059981262622685,1.0,1.0,True
1375,2114.455418497324,0.007170569777703934,0.06935004750931739,0.002247574987763781,1.0,1.0,True
1376,2114.482617944479,0.006818475005243925,0.05663526743251168,0.00213728695961446,1.0,1.0,True
1377,2114.4716365635395,0.004855106214212438,0.05588948554827766,0.0015218594850828285,1.0,1.0,True
1378,2114.417517989874,0.002886005451783469,0.06866626354639038,0.000904599744626532,1.0,1.0,True
1379,2114.4202669858932,0.0030285460934473124,0.06361921226647382,0.0009492903508861482,1.0,1.0,True
1380,2114.3751953691244,0.004437999927924375,0.07356245424000463,0.0013910385707853038,1.0,1.0,True
1381,2114.3685341626406,0.004346330532413181,0.0714674738406984,0.0013623118868041951,1.0,1.0,True
1382,2114.396330013871,0.0028624664368901345,0.058573294705297485,0.0008972417802937641,1.0,1.0,True
1383,2114.4379195272923,0.0015099951415998005,0.04135609620971081,0.00047333135957499186,1.0,1.0,True
1384,2114.457665041089,0.0006792175371773128,0.030986929611458436,0.00021291722000650994,1.0,1.0,True
1385,2114.4443007409573,0.00019872239072886536,0.030997925583733377,6.229425580820556e-05,1.0,1.0,True
1386,2114.3996556550264,0.00022264072725879772,0.04081569992166578,6.978996687959457e-05,1.0,1.0,True
1387,2114.327960729599,0.0012872911940682364,0.05911320569714462,0.0004034984195310908,1.0,1.0,True
1388,2114.263721883297,0.001884048422133985,0.07507395260068961,0.0005905227930770538,1.0,1.0,True
1389,2114.2270702570677,0.0006765201388726156,0.0823887069100806,0.00021203892975929303,1.0,1.0,True
1390,2114.218291565776,0.0007916021087316117,0.08096849850323906,0.00024810922434317955,1.0,1.0,True
1391,2114.229529976845,0.0006734223455070648,0.07327554824519211,0.00021107283716837518,1.0,1.0,True
1392,2114.255309522152,0.0007227763051133217,0.06102588313734714,0.00022654956778577796,1.0,1.0,True
1393,2114.2845920324326,0.00189559665862597,0.04767903269436147,0.0005941842505396452,1.0,1.0,True
1394,2114.2977175563574,0.0029507640845204573,0.03939757697105506,0.0009249521882933289,1.0,1.0,True
1395,2114.283314704895,0.004397517879929661,0.03974635804678428,0.001378450948721279,1.0,1.0,True
1396,2114.2443716302514,0.005508055728055336,0.047788665774419314,0.0017265191907440132,1.0,1.0,True
1397,2114.1939521729946,0.006348284763256392,0.05942919590290785,0.0019898228356646634,1.0,1.0,True
1398,2114.1527995467186,0.0068554799382364905,0.06816599950718683,0.0021487426214051686,1.0,1.0,True
1399,2114.1335303634405,0.006641774342862002,0.07004487768341505,0.0020817456665472435,1.0,1.0,True
1400,2114.135608240962,0.005647235158550436,0.06523409322778662,0.0017700467260491333,1.0,1.0,True
1401,2114.1446175277233,0.004047741184137752,0.05825189681485199,0.0012687311095096632,1.0,1.0,True
1402,2114.1391348317266,0.002357620948714518,0.05581325450845043,0.0007389808897972879,1.0,1.0,True
1403,2114.1125412359834,0.0009692405384929023,0.059992875208877194,0.0003037980403033338,1.0,1.0,True
1404,2114.0751581154764,0.0006366544885373737,0.06755545817787834,0.00019954791574049003,1.0,1.0,True
1405,2114.036299351603,0.0017708894022382983,0.07558158406777693,0.0005550399470441249,1.0,1.0,True
1406,2113.9889908782206,0.0013656296731043367,0.08625699910663798,0.0004280079903586258,1.0,1.0,True
1407,2113.9470429830253,0.0066987884921851145,0.09525324754702069,0.002099439750607847,1.0,1.0,True
1408,2113.9483127575368,0.009187067305461436,0.09070589854832178,0.002879314069143909,1.0,1.0,True
1409,nan,0.0,nan,0.0,0.0,0.0,False
1410,nan,0.0,nan,0.0,0.0,0.0,False
1411,nan,0.0,nan,0.0,0.0,0.0,False
1412,nan,0.0,nan,0.0,0.0,0.0,False
1413,nan,0.0,nan,0.0,0.0,0.0,False
1414,nan,0.0,nan,0.0,0.0,0.0,False
1415,nan,0.0,nan,0.0,0.0,0.0,False
1416,nan,0.0,nan,0.0,0.0,0.0,False
1417,nan,0.0,nan,0.0,0.0,0.0,False
1418,nan,0.0,nan,0.0,0.0,0.0,False
1419,2113.9322094470263,0.0,0.05018855691639601,0.0,0.5,0.5,False
1420,nan,0.0,nan,0.0,0.0,0.0,False
1421,nan,0.0,nan,0.0,0.0,0.0,False
1422,nan,0.0,nan,0.0,0.0,0.0,False
1423,nan,0.0,nan,0.0,0.0,0.0,False
1424,nan,0.0,nan,0.0,0.0,0.0,False
1425,nan,0.0,nan,0.0,0.0,0.0,False
1426,nan,0.0,nan,0.0,0.0,0.0,False
1427,nan,0.0,nan,0.0,0.0,0.0,False
1428,nan,0.0,nan,0.0,0.0,0.0,False
1429,nan,0.0,nan,0.0,0.0,0.0,False
1430,nan,0.0,nan,0.0,0.0,0.0,False
1431,nan,0.0,nan,0.0,0.0,0.0,False
1432,nan,0.0,nan,0.0,0.0,0.0,False
1433,nan,0.0,nan,0.0,0.0,0.0,False
1434,2113.5772505402565,0.0,0.09954563237795355,0.0,0.5,0.5,False
1435,nan,0.0,nan,0.0,0.0,0.0,False
1436,nan,0.0,nan,0.0,0.0,0.0,False
1437,nan,0.0,nan,0.0,0.0,0.0,False
1438,2113.648626193404,0.009536925660772334,0.06071842453644649,0.002989090953085365,1.0,1.0,False
1439,nan,0.0,nan,0.0,0.0,0.0,False
1440,nan,0.0,nan,0.0,0.0,0.0,False
1441,nan,0.0,nan,0.0,0.0,0.0,False
1442,nan,0.0,nan,0.0,0.0,0.0,False
1443,nan,0.0,nan,0.0,0.0,0.0,False
1444,nan,0.0,nan,0.0,0.0,0.0,False
1445,nan,0.0,nan,0.0,0.0,0.0,False
1446,nan,0.0,nan,0.0,0.0,0.0,False
1447,nan,0.0,nan,0.0,0.0,0.0,False
1448,2113.2095831632614,0.0,0.15724992189859677,0.0,0.5,0.5,False
1449,2113.1672236919403,0.011875970386005677,0.16642417152132793,0.003721023783067777,1.0,1.0,False
1450,nan,0.0,nan,0.0,0.0,0.0,False
1451,nan,0.0,nan,0.0,0.0,0.0,False
1452,nan,0.0,nan,0.0,0.0,0.0,False
1453,2113.3001739382744,0.0,0.10838307650340084,0.0,0.5,0.5,False
1454,nan,0.0,nan,0.0,0.0,0.0,False
1455,nan,0.0,nan,0.0,0.0,0.0,False
1456,nan,0.0,nan,0.0,0.0,0.0,False
1457,2113.3546529114246,0.0,0.0749465457736278,0.0,0.5,0.5,False
1458,nan,0.0,nan,0.0,0.0,0.0,False
1459,nan,0.0,nan,0.0,0.0,0.0,False
1460,nan,0.0,nan,0.0,0.0,0.0,False
1461,nan,0.0,nan,0.0,0.0,0.0,False
1462,nan,0.0,nan,0.0,0.0,0.0,False
1463,nan,0.0,nan,0.0,0.0,0.0,False
1464,nan,0.0,nan,0.0,0.0,0.0,False
1465,nan,0.0,nan,0.0,0.0,0.0,False
1466,nan,0.0,nan,0.0,0.0,0.0,False
1467,nan,0.0,nan,0.0,0.0,0.0,False
1468,nan,0.0,nan,0.0,0.0,0.0,False
1469,nan,0.0,nan,0.0,0.0,0.0,False
1470,nan,0.0,nan,0.0,0.0,0.0,False
1471,nan,0.0,nan,0.0,0.0,0.0,False
1472,2112.9078434184194,0.013851224588317236,0.15377667457477173,0.004339945040723195,1.0,1.0,False
1473,nan,0.0,nan,0.0,0.0,0.0,False
1474,nan,0.0,nan,0.0,0.0,0.0,False
1475,nan,0.0,nan,0.0,0.0,0.0,False
1476,nan,0.0,nan,0.0,0.0,0.0,False
1477,nan,0.0,nan,0.0,0.0,0.0,False
1478,2014.3984669744968,0.02065359949743,29.695669627266227,0.0059376555878591,1.0,1.0,True
1479,2013.2375724837184,0.014762449989834893,30.02548879073538,0.0042398532134595,1.0,1.0,True
1480,2013.3179906606674,0.0019666140983668266,29.99863436270914,0.0005648663616832105,1.0,1.0,True
1481,2013.305573374033,0.011470475556482364,29.99844502977038,0.0032946379689481296,1.0,1.0,True
1482,2013.286162763834,0.012271434265583395,30.000265597012913,0.0035246720402645876,1.0,1.0,True
1483,2013.2593095004559,0.00909802945380414,30.004225080431638,0.002613154422483711,1.0,1.0,True
1484,2013.2350716590881,0.0067983288116557185,30.00743453219394,0.001952608710526626,1.0,1.0,True
1485,2013.2142422646284,0.00439460974738241,30.00966620803166,0.0012622051757271984,1.0,1.0,True
1486,2013.1971548944712,0.00017235953698530114,30.0108243226436,4.9504303661421446e-05,1.0,1.0,True
1487,2013.1905219480395,0.003977787952321795,30.008980982661114,0.001142486567385995,1.0,1.0,True
1488,2013.1909054517746,0.0015425535820744662,30.005123608059193,0.00044305148390183383,1.0,1.0,True
1489,2013.1859987601638,0.004881100283031532,30.00278688041493,0.0014019552966162356,1.0,1.0,True
1490,2013.1863987445831,0.009127110779276658,29.998927162526854,0.0026215263413321655,1.0,1.0,True
1491,2013.2102993875742,0.007318357702007384,29.98831854645124,0.002102072704882082,1.0,1.0,True
1492,2013.2497605010867,0.0014783533950802467,29.973241202938652,0.0004246502055988863,1.0,1.0,True
1493,2013.270136013627,0.00949760265111167,29.96364688054166,0.0027282172950343084,1.0,1.0,True
1494,2013.2347341105342,0.009834450801122864,29.970075837389516,0.0028249206083820156,1.0,1.0,True
1495,2013.167578227818,0.006051539339603315,29.985626824195606,0.0017382065299717823,1.0,1.0,True
1496,2013.112393207848,0.001534893392357611,29.997739986908698,0.00044085681350650684,1.0,1.0,True
1497,2013.089808743447,0.0030394568588555703,30.000490492472295,0.000872994003658164,1.0,1.0,True
1498,2013.0982725918293,0.006827188866173553,29.994324448348834,0.0019609415847278103,1.0,1.0,True
1499,2013.12490253523,0.008368209356633436,29.98294163824562,0.0024036403447310942,1.0,1.0,True
1500,2013.147144280374,0.00508749340018938,29.972820179741916,0.0014613471135700442,1.0,1.0,True
1501,2013.1401197612286,0.002784473693720725,29.97110633232421,0.0007998238650426629,1.0,1.0,True
1502,2013.1228321306407,0.009832169602947211,29.97234171607505,0.002824219840656225,1.0,1.0,True
1503,2013.1106544025242,0.01145673041551175,29.972110541801158,0.0032908616916942097,1.0,1.0,True
1504,2013.1022936925292,0.007040652117169103,29.970784188146013,0.002022381283374315,1.0,1.0,True
1505,2013.0857968963683,0.0005761316140757298,29.971796091100998,0.00016548934978478696,1.0,1.0,True
1506,2013.0506288670003,0.0024749103597642725,29.978172312357856,0.0007108845526091433,1.0,1.0,True
1507,2012.9997916748544,0.0005703189092374727,29.989050258080738,0.00016381090786318756,1.0,1.0,True
1508,2012.955783765763,0.00507247331705131,29.997967556217645,0.0014569102313645031,1.0,1.0,True
1509,2012.9484382700175,0.00363577944754605,29.99635581278943,0.0010442684185443915,1.0,1.0,True
1510,2012.9820891199633,0.0017793964801924192,29.982970071802868,0.0005110979701135135,1.0,1.0,True
1511,2013.0317956041545,0.004448681519843855,29.964973163544528,0.0012778666118405662,1.0,1.0,True
1512,2013.053805032745,0.003198832532321484,29.954932753628214,0.0009188787417928298,1.0,1.0,True
1513,2013.02729376778,0.0023602472242123533,29.958831185625797,0.0006779827892964118,1.0,1.0,True
1514,2012.9728869562969,0.006638733184324138,29.97074360512761,0.001906911346552724,1.0,1.0,True
1515,2012.9186033569276,0.014052670719131119,29.982621403327755,0.004036345368945815,1.0,1.0,True
1516,2012.8900058194995,0.01400769476341393,29.987122375981414,0.004023368567737477,1.0,1.0,True
1517,2012.9010271914303,0.006292319016789988,29.980244920080963,0.0018073501245643127,1.0,1.0,True
1518,2012.9337561428547,0.0010467591296165642,29.967133284297176,0.00030067324846189667,1.0,1.0,True
1519,2012.9519564397633,0.00042704767418056994,29.958195761323736,0.00012266918204012083,1.0,1.0,True
1520,2012.9316359832883,0.0013580452160058998,29.960324407849043,0.00039009475720059737,1.0,1.0,True
1521,2012.8807615675032,0.00041877635516030697,29.971230622438043,0.00012028832080619297,1.0,1.0,True
1522,2012.8216085731983,0.002329076995560515,29.984515514671898,0.0006689713357854311,1.0,1.0,True
1523,2012.7748829945922,0.0017514017531580738,29.99423172801835,0.0005030329235199082,1.0,1.0,True
1524,2012.7499843612313,0.004762477977897621,29.99767991578358,0.0013678506557773177,1.0,1.0,True
1525,2012.7364880740643,0.013685756061063467,29.997854383823835,0.003930735349250488,1.0,1.0,True
1526,2012.7138836681843,0.016652936343078916,30.000646042273047,0.004782905015154866,1.0,1.0,True
1527,2012.6814488470554,0.010320288060620067,30.006262276746213,0.0029640466038425924,1.0,1.0,True
1528,2012.6722856611013,0.006012142572957757,30.005195927951718,0.0017267258653555064,1.0,1.0,True
1529,2012.6878135502338,0.005482124879509009,29.997039274395036,0.001574537951085436,1.0,1.0,True
1530,2012.7020452171564,0.005449524292185832,29.989255965230313,0.0015652092426322924,1.0,1.0,True
1531,2012.697452440858,0.004427673950039206,29.98688053970517,0.00127172162378829,1.0,1.0,True
1532,2012.6809647530317,0.000380438528083585,29.987922801455227,0.00010926953954826528,1.0,1.0,True
1533,2012.6743679642677,0.006498327543955174,29.98612541523454,0.0018664574136334103,1.0,1.0,True
1534,2012.6932339966297,0.010408627855098902,29.97701567374247,0.0029896564996453874,1.0,1.0,True
1535,2012.714902639389,0.009186748569919571,29.967101922815743,0.002638772845119509,1.0,1.0,True
1536,2012.72540409863,0.004471127350853938,29.960396830330524,0.0012842968983035677,1.0,1.0,True
1537,2012.7391293644905,0.00313968733297054,29.952766807284604,0.000901870559330237,1.0,1.0,True
1538,2012.744720056653,0.00902846608033691,29.947474533648858,0.002593451753878695,1.0,1.0,True
1539,2012.7462439015508,0.008789988674750143,29.94335164557714,0.002524976854961907,1.0,1.0,True
1540,2012.7603579312563,0.0064194075701185255,29.935613276383208,0.0018440538346203021,1.0,1.0,True
1541,2012.7559717446566,0.008578379885089072,29.933190455484123,0.002464260463514789,1.0,1.0,True
1542,2012.724994406104,0.01259948426096794,29.938407487383472,0.0036193194540276702,1.0,1.0,True
1543,2012.6615431457758,0.016276417471906845,29.952953804770516,0.004675345648649627,1.0,1.0,True
1544,2012.617427572608,0.023550415615856513,29.961946766430344,0.006764588992898245,1.0,1.0,True
1545,2012.59462967515,0.0239629700425054,29.96481756535826,0.0068830248124080685,1.0,1.0,True
1546,2012.5624557882547,0.017895404363755817,29.970382659984864,0.0051401119306028874,1.0,1.0,True
1547,2012.5413206219673,0.011198965558375186,29.97277825257919,0.003216662070916351,1.0,1.0,True
1548,2012.5261145979166,0.004595882022446185,29.973472033797805,0.0013200642590374555,1.0,1.0,True
1549,2012.5340382158756,0.04536235802433567,29.967523388512575,0.013029539937915804,1.0,1.0,True
1550,2012.525582164526,0.011317819671175906,29.966280936147996,0.0032508535613316957,1.0,1.0,True
1551,2012.5302613079548,0.010889017634426072,29.96126669346438,0.0031277309847423584,1.0,1.0,True
1552,2012.5354252010584,0.0020303190598910427,29.95611437729991,0.0005831915437694966,1.0,1.0,True
1553,2012.6037012189627,0.008754680152410143,29.932834045940467,0.002514877765998088,1.0,1.0,True
1554,2012.6506993025541,0.013299543414733888,29.915666051895585,0.0038206310409508665,1.0,1.0,True
1555,2012.6384880691767,0.015875221620931645,29.915508240215274,0.004560557623572407,1.0,1.0,True
1556,2012.5619078874588,0.021374142019572245,29.933842730951426,0.006139920099618215,1.0,1.0,True
1557,2012.4828951656818,0.0188395148438241,29.952876159753544,0.005411513159216017,1.0,1.0,True
1558,2012.408617168665,0.014372707544942529,29.970549762008204,0.004128234200217286,1.0,1.0,True
1559,2012.3756489306688,0.005232215141263662,29.9763587624891,0.0015028076804049935,1.0,1.0,True
1560,2012.3676159977913,0.002642480961087523,29.975006951122907,0.0007589811927857992,1.0,1.0,True
1561,2012.3519701510668,0.006326853090788602,29.975842961984142,0.0018172111951885196,1.0,1.0,True
1562,2012.326302394271,0.010359126381522856,29.979558682728566,0.0029753329387432943,1.0,1.0,True
1563,2012.3166526407003,0.014623586660703625,29.97867493465816,0.004200171996504359,1.0,1.0,True
1564,2012.32057864964,0.01633369503903315,29.973893168167706,0.0046914099947049995,1.0,1.0,True
1565,2012.316889256239,0.013219569769684468,29.971299915964664,0.003796987902308802,1.0,1.0,True
1566,2012.2827819138765,0.008279938050783432,29.977444608703024,0.0023781575962515808,1.0,1.0,True
1567,2012.2343665733933,0.0077153704782678785,29.987699825119762,0.0022159332157609983,1.0,1.0,True
1568,2012.2129024490714,0.01358678472404776,29.99021541605771,0.0039022305284478645,1.0,1.0,True
1569,2012.2353511750698,0.020489627183298366,29.98011995816489,0.005884952147327759,1.0,1.0,True
1570,2012.2780699282885,0.01761361053461198,29.964203362223202,0.005059148736494666,1.0,1.0,True
1571,2012.2921962589025,0.012731193162564483,29.9565001375978,0.003656854892131157,1.0,1.0,True
1572,2013.4093500375748,0.023636879875576614,29.63181247499176,0.006795916434983336,1.0,1.0,True
1573,nan,0.0,nan,0.0,0.0,0.0,False
1574,nan,0.0,nan,0.0,0.0,0.0,False
1575,nan,0.0,nan,0.0,0.0,0.0,False
1576,2045.6701513826847,0.013905551876047778,20.211658722659763,0.004110871232930173,1.0,1.0,True
1577,2046.4452202692628,0.4336580596580034,19.978699327241998,0.12828903746812076,1.0,1.0,False
1578,2046.626563489437,0.019484403772889288,19.921322888776558,0.005765035274564013,1.0,1.0,True
1579,2046.6173215061426,0.015264598079705812,19.920321109400163,0.004516490618767483,1.0,1.0,True
1580,2046.5764523893595,0.007266896399975582,19.928678287013554,0.002150075328665908,1.0,1.0,True
1581,2046.5072230696678,0.004106030275628318,19.945427151664717,0.0012148009737172833,1.0,1.0,True
1582,2046.4470055103302,0.010717690695229288,19.95951030503869,0.003170778312077241,1.0,1.0,True
1583,2046.4793979674578,0.022558110214516026,19.946195876777438,0.006673965503932406,1.0,1.0,True
1584,2046.464523524046,0.02745243407126785,19.946866658565057,0.008121960396967822,1.0,1.0,True
1585,2046.450626462698,0.020662366041920267,19.947249537358516,0.006113067574864215,1.0,1.0,True
1586,2046.4430029541254,0.007971928881865818,19.945777579306196,0.0023585444295688767,1.0,1.0,True
1587,2046.445908293128,0.001336118318068107,19.941191774657568,0.0003953038383099744,1.0,1.0,True
1588,2046.4572047442198,0.005141810151207795,19.934124502922373,0.001521285704545961,1.0,1.0,True
1589,2046.4547883421183,0.01289986485030508,19.93111553614625,0.003816659088595522,1.0,1.0,True
1590,2046.4268993735313,0.019867055010519698,19.935644266233737,0.005877945627908785,1.0,1.0,True
1591,2046.3962216079235,0.022945798000543482,19.94099925269643,0.006788722328855786,1.0,1.0,True
1592,2046.3751218020916,0.01747484203588986,19.943521703708086,0.00517004779394381,1.0,1.0,True
1593,2046.3606358766556,0.009321576338305921,19.94408860796443,0.002757843215270746,1.0,1.0,True
1594,2046.3463185876608,0.006806062758357467,19.94460683308887,0.002013608974529497,1.0,1.0,True
1595,2046.335073441267,0.009988213041202733,19.94421736827303,0.002955065556083984,1.0,1.0,True
1596,2046.339131578803,0.01443902561107442,19.939301537430822,0.004271920019509294,1.0,1.0,True
1597,2046.3533434420824,0.01800384820497435,19.931382741269488,0.005326725282581653,1.0,1.0,True
1598,2046.3461409509182,0.016388338428127525,19.929800872286194,0.004848769494528078,1.0,1.0,True
1599,2046.2981816977262,0.005219950408346992,19.94027865267475,0.0015443626391285488,1.0,1.0,True
1600,2046.2255454361439,0.007727982922684763,19.958057877291424,0.00228626230968439,1.0,1.0,True
1601,2046.1562580019236,0.014941732146688109,19.974846690355832,0.004420171358656862,1.0,1.0,True
1602,2046.0998958982527,0.015499319147419045,19.987812389886244,0.004584942658263515,1.0,1.0,True
1603,2046.0544528309256,0.01283348092972239,19.997548894542604,0.003796234235017845,1.0,1.0,True
1604,2046.030303643085,0.008476809931444866,20.000987579518608,0.002507472896446873,1.0,1.0,True
1605,2046.0375793725252,0.0031725197279605264,19.995131811728243,0.0009384588793976084,1.0,1.0,True
1606,2046.0586540866643,0.0019085963272135488,19.985195224364134,0.0005645953791393814,1.0,1.0,True
1607,2046.0572962667793,0.007999158380181887,19.981895634953162,0.002366308637484055,1.0,1.0,True
1608,2046.0527250356972,0.012736171759044831,19.979547839867337,0.0037676335051500397,1.0,1.0,True
1609,2046.042356716469,0.012894267221987228,19.97891617384971,0.0038144056168961304,1.0,1.0,True
1610,2046.0164430472068,0.007403758412347091,19.98288436872207,0.002190166092135368,1.0,1.0,True
1611,2045.974580558017,0.002857653793625797,19.991571592113985,0.0008453236508726431,1.0,1.0,True
1612,2045.9382117148489,0.010961950121596141,19.99863475768558,0.0032425888969712124,1.0,1.0,True
1613,2045.9338507652283,0.006219441847358589,19.996231012822648,0.0018397474492150283,1.0,1.0,True
1614,2045.9566956982017,0.006111335180928146,19.985780669990845,0.001807822902284266,1.0,1.0,True
1615,2045.9997467845678,0.017336412029044845,19.969353723023403,0.005128609109083001,1.0,1.0,True
1616,2046.0466892616823,0.02361475673137544,19.95177599393054,0.006986278938806325,1.0,1.0,True
1617,2046.0714955814183,0.024313205085274864,19.940747739682422,0.007193137823625753,1.0,1.0,True
1618,2046.0715744253248,0.021314633303652894,19.937036235911023,0.006306064891548967,1.0,1.0,True
1619,2046.0724397096783,0.01778522986757031,19.933093247619524,0.005261926179583588,1.0,1.0,True
1620,2046.091069597751,0.011840656595309612,19.92389552683352,0.0035032606305006723,1.0,1.0,True
1621,2046.1083409190178,0.0008417779318838311,19.91510076061877,0.0002490606291889181,1.0,1.0,True
1622,2046.085117932409,0.0059816967432647,19.918288318185034,0.0017698137074868248,1.0,1.0,True
1623,2046.0148761058226,0.0004234362160987927,19.935388183038526,0.0001252763412578156,1.0,1.0,True
1624,2045.941406980157,0.011325880255953616,19.95344314763031,0.0033506549115424286,1.0,1.0,True
1625,2045.92303583771,0.017693984574722255,19.9551986182434,0.00523456777568185,1.0,1.0,True
1626,2045.9622116982937,0.013270151256253604,19.939930360310257,0.003925999087502428,1.0,1.0,True
1627,2045.9878933033906,0.0034311887667065506,19.928655121426573,0.001015156463597656,1.0,1.0,True
1628,2045.9580350015312,0.00401543299057612,19.93381299350966,0.0011879929770868699,1.0,1.0,True
1629,2045.8941415213048,0.005176734083555134,19.949041234598667,0.001531502232526836,1.0,1.0,True
1630,2045.8448823168874,0.001063228010672196,19.95994071785458,0.00031453863031849873,1.0,1.0,True
1631,2045.8229076266289,0.00686275026960462,19.962769548879635,0.0020302142240589075,1.0,1.0,True
1632,2045.8058974966407,0.014333373998569736,19.964130910176493,0.004240236331936388,1.0,1.0,True
1633,2045.7950902804732,0.013443316851716677,19.963658499700557,0.003976933804097584,1.0,1.0,True
1634,2045.8077801838517,0.001316994185556289,19.95623610085471,0.0003896143452037535,1.0,1.0,True
1635,2045.830555461347,0.00991436122589952,19.94583106559236,0.002933112870646192,1.0,1.0,True
1636,2045.8453740924597,0.015904239726131395,19.937780944125336,0.0047052955478634854,1.0,1.0,True
1637,2045.8486847952008,0.018237794824346194,19.933136574713558,0.0053957514846218165,1.0,1.0,True
1638,2045.8542596921325,0.017691908842433095,19.9278234968005,0.005234326133739669,1.0,1.0,True
1639,2045.8652245216072,0.015594560488341538,19.92091687981025,0.004613895233381009,1.0,1.0,True
1640,2045.851940356195,0.0145388609584846,19.921185865729512,0.004301543674632377,1.0,1.0,True
1641,2045.802746720612,0.014823921168388031,19.932080257123005,0.004385739956666833,1.0,1.0,True
1642,2045.7455724701285,0.016156815252545056,19.945336533401928,0.004779895036834436,1.0,1.0,True
1643,2045.7183710187674,0.018281975258297736,19.949726465899687,0.00540853737520821,1.0,1.0,True
1644,2045.7254153639078,0.018850241216770123,19.943986279160697,0.005576743325191836,1.0,1.0,True
1645,2045.7399371564388,0.015939643078880548,19.936035030786513,0.004715765283152908,1.0,1.0,True
1646,2045.7482254132628,0.011682590108325567,19.92992907082254,0.0034563699620929586,1.0,1.0,True
1647,2045.7565437108278,0.008270518230141247,19.923815343841397,0.00244692868593098,1.0,1.0,True
1648,2045.7706032842398,0.005219992555195503,19.916004082261054,0.0015444296933008117,1.0,1.0,True
1649,2045.7935081645846,0.003920700046013789,19.905576762151895,0.0011600451190156523,1.0,1.0,True
1650,2045.8044335842133,0.005514662246559419,19.898694895250856,0.0016316938293638797,1.0,1.0,True
1651,2045.7787035778165,0.004588537934093161,19.90265987553414,0.0013576528950287002,1.0,1.0,True
1652,2045.7145915180445,0.00010311226488190224,19.91798215316868,3.0507380532986836e-05,1.0,1.0,True
1653,2045.622525036335,0.003115452895076776,19.941575223441248,0.0009216912896434419,1.0,1.0,True
1654,2045.5562250316143,0.0005853775789678072,19.957545420276688,0.00017317283157456388,1.0,1.0,True
1655,2045.5407661348581,0.007857542335007251,19.958476076278714,0.0023244967711585312,1.0,1.0,True
1656,2045.5549947619438,0.015534401130448301,19.950625402287926,0.004595644920618527,1.0,1.0,True
1657,2045.5655483454466,0.016588051269796397,19.943863026953352,0.004907447556875748,1.0,1.0,True
1658,2045.5602377355099,0.009964779393430675,19.941795122152598,0.0029480195223063675,1.0,1.0,True
1659,2045.5541905760765,0.003190305698032124,19.93994633177016,0.0009438371266195242,1.0,1.0,True
1660,2045.5521477758884,0.015261163111552175,19.93691405990512,0.004514981662182085,1.0,1.0,True
1661,2045.5350785404444,0.01773187459153355,19.938328544745332,0.005245911303308051,1.0,1.0,True
1662,2045.5011124312878,0.013616508788960067,19.94474307951458,0.004028316915384263,1.0,1.0,True
1663,2045.5082795917988,0.038308830044946486,19.93898974591508,0.011333493997944307,1.0,1.0,True
1664,2045.5466384589672,0.002856081189340734,19.924009522713163,0.0008449953274468778,1.0,1.0,True
1665,2045.5537219792604,0.029478664886853335,19.918283081576305,0.008721649066213824,1.0,1.0,True
1666,2045.5584615767002,0.021376797271028432,19.913251348535994,0.006324695078620591,1.0,1.0,True
1667,2045.541209205985,0.10759064149070006,19.91472676601171,0.03183239517318449,1.0,1.0,False
1668,2045.0954557098448,0.011900325996088909,20.042959498562368,0.003519573520031807,1.0,1.0,True
1669,2046.2759957760572,0.0030903544467885385,19.69000263046638,0.0009149321110043828,1.0,1.0,True
1670,nan,0.0,nan,0.0,0.0,0.0,False
1671,nan,0.0,nan,0.0,0.0,0.0,False
1672,2078.2695935359225,1.0265707457159086,10.073302851551148,0.3125591629183669,1.0,1.0,False
1673,2078.7566307857633,0.07345733133786422,9.921331413219775,0.022375315748392577,1.0,1.0,True
1674,2078.7903415113688,0.0022586074648503003,9.907342234446048,0.0006880058151637281,1.0,1.0,True
1675,2078.768002718687,0.030469136900283602,9.91042709418582,0.009281269496109712,1.0,1.0,True
1676,2078.664747208357,0.003352023155768424,9.938160376214398,0.0010209845481673138,1.0,1.0,True
1677,2078.5769478678703,0.045277769299374306,9.961185022118855,0.013790119297076655,1.0,1.0,True
1678,2078.598699942231,0.06137358752541197,9.95084422969802,0.018692924807237735,1.0,1.0,True
1679,2078.67563021183,0.05380900793440394,9.923697680549878,0.016390212692181542,1.0,1.0,True
1680,2078.733452796936,0.04582576262371295,9.902370852327692,0.01395937108664182,1.0,1.0,True
1681,2078.767564058304,0.037850525214239025,9.888267221286299,0.011530430917271668,1.0,1.0,True
1682,2078.7774439826608,0.02740429183355628,9.88154608393188,0.00834834558345889,1.0,1.0,True
1683,2078.7575459703803,0.006873782207202347,9.883897547260062,0.002093989104890251,1.0,1.0,True
1684,2078.7143174260855,0.018774039714662426,9.893357302937375,0.005719054983647035,1.0,1.0,True
1685,2078.6699519753456,0.03695806569702085,9.90316428923552,0.011258051417013661,1.0,1.0,True
1686,2078.63126924634,0.04152817492160262,9.911241249405805,0.012649881840060072,1.0,1.0,True
1687,2078.577181264758,0.03823522057402221,9.924011724269292,0.011646380088797096,1.0,1.0,True
1688,2078.538007557392,0.028215418469860563,9.932240245970661,0.00859415726595371,1.0,1.0,True
1689,2078.553922981024,0.011545412653134735,9.9236901465095,0.003516711776205387,1.0,1.0,True
1690,2078.5920838415623,0.0022780371620138226,9.908364884055231,0.0006939163882209994,1.0,1.0,True
1691,2078.61246804893,0.011896516974654738,9.898455334378014,0.003623918260928602,1.0,1.0,True
1692,2078.6012187302113,0.021312228299109743,9.89818306968607,0.006492135090294587,1.0,1.0,True
1693,2078.5709417909384,0.029511876603479918,9.903708174214671,0.008989765407776932,1.0,1.0,True
1694,2078.5220448821783,0.03152219698375254,9.91490621554459,0.009601823807272704,1.0,1.0,True
1695,2078.483556717634,0.022345711171445373,9.922934682640232,0.006806457513907472,1.0,1.0,True
1696,2078.46089489758,0.014255265351566923,9.926143576502227,0.0043420819920075935,1.0,1.0,True
1697,2078.4482945501804,0.007758560461279417,9.926288995189907,0.0023632162769499174,1.0,1.0,True
1698,2078.4603745937347,0.006147918645435601,9.918918040288872,0.0018726623522270908,1.0,1.0,True
1699,2078.4588314145803,0.012958617557129267,9.915697859852742,0.003947243117230694,1.0,1.0,True
1700,2078.440177500248,0.019229331045701358,9.917690873500703,0.0058572892306609,1.0,1.0,True
1701,2078.432511597872,0.02302621418750227,9.91633813820664,0.007013850862259469,1.0,1.0,True
1702,2078.4276329278946,0.025391537472782152,9.914137624425166,0.007734380703159331,1.0,1.0,True
1703,2078.4270695745945,0.0163739242059368,9.910623881183028,0.004987622006631704,1.0,1.0,True
1704,2078.448536992073,0.006215437896750053,9.900400450250231,0.0018933248115893982,1.0,1.0,True
1705,2078.4809308201075,0.02966368955181616,9.886849402409155,0.009036398620090345,1.0,1.0,True
1706,2078.4645235836506,0.0002308382892941666,9.888165617090692,7.031957091319826e-05,1.0,1.0,True
1707,2078.4527080357075,0.008546158619402494,9.888084237827343,0.002603389908295159,1.0,1.0,True
1708,2078.4152351915836,0.003259342235892968,9.895819905805865,0.0009928607072600903,1.0,1.0,True
1709,2078.412974625826,0.011743755722227002,9.892830321793099,0.0035774117413401784,1.0,1.0,True
1710,2078.4196361601353,0.009875217340345027,9.88712404598266,0.003008261294086474,1.0,1.0,True
1711,2078.4069319069386,0.002907795372463601,9.887318302411074,0.0008857931148149546,1.0,1.0,True
1712,2078.353878468275,0.005627784387962658,9.899804998571085,0.0017143126888537294,1.0,1.0,True
1713,2078.2964077293873,0.0014601354198114128,9.913637989783467,0.00044476250142851033,1.0,1.0,True
1714,2078.269455730915,0.0003763292103537728,9.918175771682002,0.00011462967848437498,1.0,1.0,True
1715,2078.290407150984,0.009769386603734172,9.908123242577119,0.0029758352259616253,1.0,1.0,True
1716,2078.3298435658216,0.01464546087508078,9.892440765140975,0.004461327837420371,1.0,1.0,True
1717,2078.350386545062,0.007251554947117617,9.882514398108071,0.0022090447893214306,1.0,1.0,True
1718,2078.3290571272373,0.010360411860402438,9.88534469952873,0.00315607027903237,1.0,1.0,True
1719,2078.2793054282665,0.017824028675802617,9.896834226234262,0.005429513404653897,1.0,1.0,True
1720,2078.234321296215,0.009114066329662536,9.906872377320497,0.002776223581248461,1.0,1.0,True
1721,2078.196063488722,0.0028239020705026663,9.91486260044826,0.0008601648210857456,1.0,1.0,True
1722,2078.1579564139247,0.010534299220646259,9.922807933000911,0.003208688378481876,1.0,1.0,True
1723,2078.1276846267283,0.01452550567586271,9.928367764536006,0.004424314556942068,1.0,1.0,True
1724,2078.114304572344,0.013588196643472874,9.928783739759524,0.0041388135823634,1.0,1.0,True
1725,2078.1223645024,0.006767166485537976,9.922670514328047,0.0020612392856900435,1.0,1.0,True
1726,2078.1529939845204,0.0034877886915341415,9.90968366263104,0.0010623994961643356,1.0,1.0,True
1727,2078.1889390423894,0.01068208714494971,9.895078331413231,0.0032539582953801413,1.0,1.0,True
1728,2078.1847941949964,0.014442070720879331,9.892686030411255,0.004399346530853353,1.0,1.0,True
1729,2078.132203761488,0.01661542037954816,9.905052226967598,0.0050612098540316185,1.0,1.0,True
1730,2078.0937009453773,0.01337303698182476,9.913128118192049,0.004073453397836759,1.0,1.0,True
1731,2078.079613711685,0.008088986485248762,9.913768102352321,0.002463915738054094,1.0,1.0,True
1732,2078.0599364247173,0.004705909004661905,9.916112034078651,0.0014334157238544618,1.0,1.0,True
1733,2078.020230767783,0.008070068477167942,9.924557693207703,0.0024580747959495612,1.0,1.0,True
1734,2077.963500718586,0.016204966709879736,9.93818967284767,0.0049356998408118654,1.0,1.0,True
1735,2077.912937581539,0.022198755647400013,9.949944082349361,0.006761052539193345,1.0,1.0,True
1736,2077.88594410941,0.026746405870081546,9.954520891799575,0.008146015065475048,1.0,1.0,True
1737,2077.8845379017293,0.029608514058759337,9.951305902565593,0.009017793298781497,1.0,1.0,True
1738,2077.8856342993677,0.026573350910095814,9.947329912090481,0.008093471265312836,1.0,1.0,True
1739,2077.871973887086,0.016425638389059666,9.947849637507659,0.005002763384552061,1.0,1.0,True
1740,2077.8552942052484,0.00034835423965466687,9.949290152010633,0.0001060979163656276,1.0,1.0,True
1741,2077.8609754294157,0.01570191377985485,9.943921373096032,0.0047823893719111206,1.0,1.0,True
1742,2077.894144669175,0.01768983311014393,9.930181396539865,0.005388069523706496,1.0,1.0,True
1743,2077.9223828837276,0.009308500278555417,9.917944102377362,0.0028353351145211526,1.0,1.0,True
1744,2077.9057697616518,0.0037182318541235187,9.919369359031066,0.0011325547745319868,1.0,1.0,True
1745,2077.842665873468,0.01844425116177681,9.934956307370271,0.0056177713698496,1.0,1.0,True
1746,2077.7669960185885,0.025355744261684278,9.954370930394475,0.007722445897343278,1.0,1.0,True
1747,2077.7275782078505,0.015134785786292258,9.96274510398473,0.004609397217713844,1.0,1.0,True
1748,2077.7437631189823,2.710042359250486e-05,9.95418611202399,8.253811961797564e-06,1.0,1.0,True
1749,2077.77864407748,0.0018912449965172201,9.939933794069702,0.0005760285721181915,1.0,1.0,True
1750,2077.787182852626,0.0033124894118652056,9.933705563289607,0.001008923930606405,1.0,1.0,True
1751,2077.7703826725483,0.0019569835434820873,9.935196283547896,0.0005960587862271953,1.0,1.0,True
1752,2077.7499761730433,0.004951854304969195,9.93778662564506,0.0015082259017287205,1.0,1.0,True
1753,2077.7303257137537,0.011351431782863346,9.940147893349263,0.0034573718085379366,1.0,1.0,True
1754,2077.707935795188,0.01442444280148965,9.943344735003791,0.004393294803539808,1.0,1.0,True
1755,2077.6793885976076,0.01759034547423397,9.94841808488053,0.005357462904246193,1.0,1.0,True
1756,2077.641250938177,0.02316428726322396,9.956413467845266,0.007054944149047045,1.0,1.0,True
1757,2077.5972738713026,0.02951697637214974,9.9661882886802,0.008989470393985772,1.0,1.0,True
1758,2077.5681356191635,0.03356777320280453,9.9714449571062,0.010222992632396566,1.0,1.0,True
1759,2077.5816055834293,0.02978610507331605,9.963726516705606,0.009071493772482375,1.0,1.0,True
1760,2077.677794933319,0.022216573227607995,9.930815103780219,0.006766800562613209,1.0,1.0,True
1761,2077.9747884013923,0.03962619318006338,9.836728874897688,0.0120727634357865,1.0,1.0,True
1762,2078.316355422139,0.041387762695788574,9.729034365587154,0.012613377503067656,1.0,1.0,True
1763,nan,0.0,nan,0.0,0.0,0.0,False
1764,nan,0.0,nan,0.0,0.0,0.0,False
1765,2091.0617630239576,0.027873431038509075,5.811841225496494,0.008591201013594632,1.0,1.0,True
1766,2090.7482604905963,0.021896457376455628,5.904807116095185,0.006747161668239725,1.0,1.0,True
1767,2090.551372408867,0.019501557540233222,5.961823572242167,0.006008212030366622,1.0,1.0,True
1768,2090.487865999341,0.006949109162203442,5.977742808526557,0.0021408443714661706,1.0,1.0,True
1769,2090.4902580082417,0.01778870961675049,5.973361200521879,0.0054803181828289305,1.0,1.0,True
1770,2090.4728683382273,0.005982218310515022,5.975075131522146,0.0018429830438227617,1.0,1.0,True
1771,2090.4503479897976,0.0025029748925164638,5.978370891251643,0.0007711011570883321,1.0,1.0,True
1772,2090.4235268980265,0.0008130337811994013,5.982992771337251,0.00025047107291804513,1.0,1.0,True
1773,2090.401808425784,0.010660476348375749,5.986043858472783,0.003284140191013556,1.0,1.0,True
1774,2090.388715684414,0.021560936852172526,5.986438836020909,0.006642202494464503,1.0,1.0,True
1775,2090.3868286013603,0.024929692306799776,5.983382949217059,0.007680068972819291,1.0,1.0,True
1776,2090.404036015272,0.02003981494256585,5.974445760579044,0.006173805918866783,1.0,1.0,True
1777,2090.446848168969,0.010578500728022059,5.957621052702336,0.003259149645146485,1.0,1.0,True
1778,2090.4311758875847,0.00013107669886888043,5.958815727018532,4.038351311192933e-05,1.0,1.0,True
1779,2090.4231511950493,0.006228039804454811,5.957655459295609,0.0019188071619839016,1.0,1.0,True
1780,2090.4383762329817,0.009095226688378165,5.949333266713381,0.0028022300206878687,1.0,1.0,True
1781,2090.3944997936487,0.008257768808466702,5.959221165452163,0.0025441372512335246,1.0,1.0,True
1782,2090.3455091118813,0.002939953417877413,5.970685604250946,0.0009057406520855412,1.0,1.0,True
1783,2090.269773006439,0.0011867288135212432,5.990390237468091,0.00036558654920326803,1.0,1.0,True
1784,2090.2050943523645,0.0018823204013450384,6.006688760617749,0.0005798448815949775,1.0,1.0,True
1785,2090.1916064843535,0.010741303467107515,6.007218898587212,0.0033088304921141654,1.0,1.0,True
1786,2090.2256760448217,0.02099532614515633,5.993100018820087,0.006467816771098006,1.0,1.0,True
1787,2090.2796701788902,0.027672777795282804,5.972843530980924,0.008525366429103388,1.0,1.0,True
1788,2090.3035827875137,0.0289026649816792,5.961854973597326,0.008904547000837433,1.0,1.0,True
1789,2090.2697471007705,0.027969375704966094,5.968658930417291,0.008616842199104316,1.0,1.0,True
1790,2090.2122187018394,0.028142567642209484,5.982763031546654,0.008669846254109905,1.0,1.0,True
1791,2090.177037909627,0.022514972915065126,5.9899834111053565,0.006936014853486846,1.0,1.0,True
1792,2090.190665639937,0.006964419004925024,5.982168795700261,0.0021455229448117978,1.0,1.0,True
1793,2090.2021567448974,0.0011234558571942637,5.975013444451292,0.0003461092040293978,1.0,1.0,True
1794,2090.1834765449166,0.004020503783287587,5.9771542714988755,0.0012386108081260943,1.0,1.0,True
1795,2090.165315270424,0.014373887656700833,5.979136429036146,0.004428188425797369,1.0,1.0,True
1796,2090.1481890529394,0.021937329282799067,5.980800921354273,0.0067582375655323,1.0,1.0,True
1797,2090.1253639385104,0.02245551424852838,5.984222292090976,0.00691780579967931,1.0,1.0,True
1798,2090.108158927411,0.01640739407201051,5.985913512065565,0.005054553448208617,1.0,1.0,True
1799,2090.127829182893,0.004544815847119172,5.97624581746004,0.0014001400719777116,1.0,1.0,True
1800,2090.179828852415,0.006980719298586612,5.9566187870749445,0.0021506999110239315,1.0,1.0,True
1801,2090.2244385629892,0.010471005190895024,5.939268778506573,0.0032261876323266482,1.0,1.0,True
1802,2090.225657530129,0.008601529041633681,5.9352885281921886,0.0026502193379320076,1.0,1.0,True
1803,2090.1540151312947,0.011996605203155984,5.953758312080424,0.0036960803509475284,1.0,1.0,True
1804,2090.0469364970922,0.01490189810648925,5.983145265658493,0.00459079470880485,1.0,1.0,True
1805,2089.9713586345315,0.00765237147645622,6.002827280145368,0.0023573153963622902,1.0,1.0,True
1806,2089.962616717443,0.003952839652181378,6.001921114315508,0.0012176765001921277,1.0,1.0,True
1807,2089.9968697061995,0.007929639293832818,5.9877712501846645,0.00244283300052266,1.0,1.0,True
1808,2090.0194468721747,0.0018607912642900674,5.977219065923748,0.0005732593333764047,1.0,1.0,True
1809,2090.006060173386,0.009649971904921029,5.977747425615519,0.0029728898226249055,1.0,1.0,True
1810,2089.9797791619785,0.01956679625191653,5.98224934503628,0.006027910814266462,1.0,1.0,True
1811,2089.977688388666,0.022334339095609276,5.979300209368205,0.006880560816521884,1.0,1.0,True
1812,2090.0050599023234,0.0171030715998926,5.967275624220463,0.005269140971018586,1.0,1.0,True
1813,2090.035122297704,0.006419465522035228,5.954422809977018,0.0019777918473009573,1.0,1.0,True
1814,2090.0504075754434,0.0028123195896962664,5.94612359334684,0.0008664763311847143,1.0,1.0,True
1815,2090.0549877509475,0.005885391194417306,5.941123705107714,0.001813316325821545,1.0,1.0,True
1816,2090.044815538451,0.0018974274123581619,5.940670285846409,0.0005846068984463768,1.0,1.0,True
1817,2090.0121140610427,0.004518910023264148,5.947159402965383,0.00139227273102456,1.0,1.0,True
1818,2089.96050629206,0.006893451614566774,5.959474474747537,0.002123791804695437,1.0,1.0,True
1819,2089.9049092680216,0.00276690899460381,5.973019331465537,0.0008524190277374502,1.0,1.0,True
1820,2089.8657103851438,0.005271127219151345,5.9815131579712215,0.001623869475401897,1.0,1.0,True
1821,2089.841773197055,0.00960433954496551,5.985306426513944,0.002958764212468516,1.0,1.0,True
1822,2089.8046869412065,0.005480028073795592,5.993151587145121,0.001688168556938096,1.0,1.0,True
1823,2089.739254772663,0.001718917069668302,6.009729677221458,0.0005295015265527904,1.0,1.0,True
1824,2089.66513928771,0.0030866244506953244,6.028982896451453,0.0009507624293006544,1.0,1.0,True
1825,2089.6200001984835,0.009640311880169557,6.039311142780775,0.0029693841078032913,1.0,1.0,True
1826,2089.646679073572,0.029166714987599953,6.027519025990216,0.008984160800028814,1.0,1.0,True
1827,2089.7263987213373,0.03474908614629212,5.999388786365557,0.010704551943520775,1.0,1.0,True
1828,2089.797606691718,0.025949709261036177,5.973879803675231,0.007994465577708809,1.0,1.0,True
1829,2089.835943520069,0.011857236111842584,5.958497556421321,0.003653083485711012,1.0,1.0,True
1830,2089.8412731289864,0.000557644952647639,5.953285284720778,0.0001718068182967112,1.0,1.0,True
1831,2089.8341581448913,0.005013378167082973,5.9519082800425736,0.0015445955781863995,1.0,1.0,True
1832,2089.8360840454698,0.009026917183654134,5.94774701733229,0.0027811791199890477,1.0,1.0,True
1833,2089.839787989855,0.016086566992789524,5.9430390981270875,0.004956313158541149,1.0,1.0,True
1834,2089.833155885339,0.018805860585288152,5.941516933810533,0.005794159779317549,1.0,1.0,True
1835,2089.8183177933097,0.011936946339088813,5.9425243033379616,0.003677809473139145,1.0,1.0,True
1836,2089.797022677958,0.00263962551210091,5.945522302339782,0.000813269620521993,1.0,1.0,True
1837,2089.768449701369,0.017828527851881156,5.950763750621263,0.005492893289331754,1.0,1.0,True
1838,2089.732104316354,0.026881618228460556,5.958400935239069,0.00828192977073614,1.0,1.0,True
1839,2089.696938827634,0.029479549970672064,5.96567568472733,0.00908213375680097,1.0,1.0,True
1840,2089.674561291933,0.023779884132574078,5.969011848401067,0.0073260960487864825,1.0,1.0,True
1841,2089.6401426792145,0.009955169911970192,5.97605876563091,0.0030669221217327087,1.0,1.0,True
1842,2089.5635574758053,0.0065446047836201365,5.996096627420741,0.002016101869924347,1.0,1.0,True
1843,2089.5120558440685,0.022323289048037577,6.008407745627153,0.006876569789849318,1.0,1.0,True
1844,2089.4701235443354,0.027830849550622913,6.017771970712715,0.008572913525785663,1.0,1.0,True
1845,2089.4976506084204,0.029961457036545628,6.005741082656925,0.00922953745358456,1.0,1.0,True
1846,2089.5073142796755,0.005522311899564146,5.99921397754764,0.0017011636543811,1.0,1.0,True
1847,2089.4960272461176,0.005132579991383909,5.999141895527146,0.0015811059965865353,1.0,1.0,True
1848,2089.4755175560713,0.004482338412557836,6.001912088375718,0.0013807862329194211,1.0,1.0,True
1849,2089.4728288054466,0.0009156402838991728,5.999193732424544,0.00028206558478612037,1.0,1.0,True
1850,2089.506355702877,0.001186433785581667,5.985319974148922,0.0003654988811891414,1.0,1.0,True
1851,2089.553094089031,0.0032405025946085986,5.9673766956171335,0.0009983373916120902,1.0,1.0,True
1852,2089.6185122281313,0.09780094010598364,5.943677836389497,0.03013266891438294,1.0,1.0,False
1853,2089.679220612161,0.4258658278160309,5.921418689769268,0.13121852911088155,1.0,1.0,False
1854,2089.0982399471104,0.0030436399335702765,6.096858260668341,0.0009373387577319648,1.0,1.0,True
1855,nan,0.0,nan,0.0,0.0,0.0,False
1856,nan,0.0,nan,0.0,0.0,0.0,False
1857,2101.7500731498003,0.044669484908240825,2.1678333319822514,0.013912589246331545,1.0,1.0,True
1858,2102.0906133539975,0.012521623226700127,2.058177983152632,0.0039011608569830547,1.0,1.0,True
1859,2102.2345696538687,0.0008378372015480624,2.0097496700245756,0.0002610676279466583,1.0,1.0,True
1860,2102.236350543797,0.008870552375678718,2.0056206239804624,0.002764071037080248,1.0,1.0,True
1861,2102.241531729698,0.015424861471168488,2.0004331941477176,0.004806470411379776,1.0,1.0,True
1862,2102.280245348811,0.013625254260026079,1.9847977219883433,0.004245893105863253,1.0,1.0,True
1863,2102.33342166245,0.008296291028005658,1.9646556869606684,0.0025854340036751155,1.0,1.0,True
1864,2102.3701864928007,0.010585412811177846,1.9496283866126305,0.0032989517538951916,1.0,1.0,True
1865,2102.3827973902225,0.01759588778481315,1.9421294818460524,0.005483889417925376,1.0,1.0,True
1866,2102.376994729042,0.020125288751345945,1.9403704411475928,0.006272228043509306,1.0,1.0,True
1867,2102.360725671053,0.014107308839869428,1.9418745805617164,0.00439665165611179,1.0,1.0,True
1868,2102.338316038251,0.0017376934906799056,1.9452936769157532,0.0005415603292576431,1.0,1.0,True
1869,2102.306982651353,0.004712291618033273,1.9514950368814539,0.0014685818812034692,1.0,1.0,True
1870,2102.2856672257185,7.626472238046275e-05,1.954575461962179,2.3767632815572426e-05,1.0,1.0,True
1871,2102.284354969859,0.006425392422607072,1.951423157029808,0.002002469116664305,1.0,1.0,True
1872,2102.2917068749666,0.008929547426881842,1.945571828016739,0.0027829341011496207,1.0,1.0,True
1873,2102.2809543311596,0.011361399512536171,1.9453640020120702,0.0035408343082386482,1.0,1.0,True
1874,2102.231583610177,0.019232302398521375,1.9571927220688963,0.00599363657908422,1.0,1.0,True
1875,2102.1754942685366,0.029932712885861197,1.97111598652549,0.009327987640728251,1.0,1.0,True
1876,2102.153298854828,0.03558740803659806,1.97447776092082,0.011090065471460214,1.0,1.0,True
1877,2102.132104679942,0.03319730240439377,1.9775287478481118,0.010345150293446827,1.0,1.0,True
1878,2102.0905026495457,0.02626082676003147,1.9869404556519612,0.008183343202176084,1.0,1.0,True
1879,2102.05680026114,0.02036117412574929,1.993891509373782,0.006344780559582197,1.0,1.0,True
1880,2102.061047513038,0.012943302446051621,1.9890181245135636,0.004033341449604647,1.0,1.0,True
1881,2102.106791164726,0.0029430986264475387,1.9712145163634887,0.0009171637140741634,1.0,1.0,True
1882,2102.176837347448,0.00398318274893119,1.9458372902021779,0.0012413774300538156,1.0,1.0,True
1883,2102.227044686675,0.0050490449376353165,1.9266426977160336,0.0015736448910161425,1.0,1.0,True
1884,2102.2122266069055,0.006205712511456165,1.927715382118265,0.0019341398651712936,1.0,1.0,True
1885,2102.160184726119,0.004699226094994896,1.9403906325106846,0.0014645590430207417,1.0,1.0,True
1886,2102.113364662975,0.0006606255086279446,1.9514392711890878,0.000205883822533973,1.0,1.0,True
1887,2102.101821780205,0.0023332916804116046,1.9514948266160559,0.0007271699249158917,1.0,1.0,True
1888,2102.118412196636,0.0068981114755052595,1.9427837507610661,0.0021498490167748898,1.0,1.0,True
1889,2102.1296626850963,0.018611805958031868,1.935737923113095,0.005800628873281056,1.0,1.0,True
1890,2102.1199738904834,0.02511032316280534,1.9352192620176538,0.007825995147665259,1.0,1.0,True
1891,2102.089311569929,0.023709151184060667,1.9412384949138755,0.00738917361177455,1.0,1.0,True
1892,2102.0372791523114,0.016287163601188107,1.953918869209872,0.005075860126967305,1.0,1.0,True
1893,2101.973661395721,0.008960392334546735,1.9702103956453243,0.002792357716783155,1.0,1.0,True
1894,2101.9303895682096,0.004639093078881979,1.9801621431905687,0.0014456555459102757,1.0,1.0,True
1895,2101.9221835657954,0.0021162354105805003,1.9791875905767142,0.0006594729678740887,1.0,1.0,True
1896,2101.9143386632204,0.013697652009055667,1.9781017107943057,0.004268551950699218,1.0,1.0,True
1897,2101.867248918861,0.021058878324354692,1.9892466008188876,0.006562297479769249,1.0,1.0,True
1898,2101.7980723008513,0.022605830983742484,2.0072747226237766,0.0070439918408312235,1.0,1.0,True
1899,2101.7495358213782,0.02080156654583962,2.0188719399115485,0.006481568072659243,1.0,1.0,True
1900,2101.7434646487236,0.019992104710051518,2.017238396321943,0.0062293777722739075,1.0,1.0,True
1901,2101.775985598564,0.022425031540342876,2.0035807951649645,0.006987732206659046,1.0,1.0,True
1902,2101.8127044662833,0.02414617185627013,1.98861573261388,0.007524369975769902,1.0,1.0,True
1903,2101.8267280086875,0.0199965828127058,1.980723753220559,0.006231427160612254,1.0,1.0,True
1904,2101.845764860511,0.007022170724097076,1.9712705123135947,0.0021883407234032926,1.0,1.0,True
1905,2101.8844867758453,0.011348592138944924,1.955683462004572,0.0035367550835490335,1.0,1.0,True
1906,2101.9195712972432,0.028603762166217975,1.9412305179278064,0.008914647791148415,1.0,1.0,True
1907,2101.915263177827,0.03972685286056142,1.9390555870439243,0.012381349460110052,1.0,1.0,True
1908,2101.8543136157095,0.03897720003698831,1.9545345677655632,0.012147176114684433,1.0,1.0,True
1909,2101.749435529113,0.022619728907038953,1.9837035297819057,0.007048812502148268,1.0,1.0,True
1910,2101.637621179223,0.0018225772435808462,2.0150325621386855,0.0005679050061438112,1.0,1.0,True
1911,2101.583317399025,0.016960734777753977,2.0284411300208376,0.005284669839839457,1.0,1.0,True
1912,2101.5636459439993,0.02145242979068123,2.0310598294102533,0.006684155266725501,1.0,1.0,True
1913,2101.5642100721598,0.004242354257136805,2.027374749160799,0.0013218483836865012,1.0,1.0,True
1914,2101.600917235017,0.005072689319649928,2.0124289315831447,0.0015806351478746404,1.0,1.0,True
1915,2101.6314854621887,0.0037291953030924147,1.9993966380711754,0.0011620499113019326,1.0,1.0,True
1916,2101.665255561471,0.0024243077997708803,1.9853672992551878,0.0007554660166121505,1.0,1.0,True
1917,2101.7026251852512,0.005673387278051446,1.9702168698261175,0.0017680254809222438,1.0,1.0,True
1918,2101.723688200116,0.0013380992199481191,1.96014889041777,0.00041701052184221424,1.0,1.0,True
1919,2101.6921839416027,0.013533268763151052,1.9664641825731906,0.004217486141864443,1.0,1.0,True
1920,2101.636770963669,0.03229544413995766,1.9802311960277166,0.01006410666844729,1.0,1.0,True
1921,2101.6198312193155,0.039765151174967664,1.9820099088672691,0.012391803176818806,1.0,1.0,True
1922,2101.6571153104305,0.03160099051704366,1.9668920950064148,0.009848077222564281,1.0,1.0,True
1923,2101.720671400428,0.01510743248160869,1.9435870380261235,0.004708368648060871,1.0,1.0,True
1924,2101.7592466175556,0.0010792754232427188,1.928067545036015,0.0003363810059337104,1.0,1.0,True
1925,2101.7368375509977,0.003706330637775255,1.9315560413555772,0.0011551519626560587,1.0,1.0,True
1926,2101.6801967918873,0.015238150932265226,1.9457144308556167,0.004749083083485943,1.0,1.0,True
1927,2101.6510857641697,0.015296650757998347,1.951293880098035,0.004767240219596309,1.0,1.0,True
1928,2101.6638863682747,0.011072988628176123,1.9438125612103931,0.003450999892495386,1.0,1.0,True
1929,2101.6784125864506,0.018881324517546906,1.9357944544755128,0.005884676902894815,1.0,1.0,True
1930,2101.685021981597,0.024706082202025227,1.9302448313225113,0.007700183225149921,1.0,1.0,True
1931,2101.661195024848,0.017376745245980756,1.934182541717064,0.005415777877934687,1.0,1.0,True
1932,2101.573307007551,0.002796401251849308,1.9580864273914358,0.0008714898658146409,1.0,1.0,True
1933,2101.489515170455,0.010640456595333074,1.9807134036100251,0.003315852073085931,1.0,1.0,True
1934,2101.432042017579,0.010688040387301872,1.9951389750604562,0.003330544059655243,1.0,1.0,True
1935,2101.45207375288,0.0025056301439726502,1.985413722446765,0.000780811614355116,1.0,1.0,True
1936,2101.4922761917114,0.018646945892977825,1.9694034926563972,0.005811082210313821,1.0,1.0,True
1937,2101.512190952897,0.03388916399612435,1.9597163334047423,0.010561420212098273,1.0,1.0,True
1938,2101.529570609331,0.04720771563953666,1.9508201722912304,0.01471247134264176,1.0,1.0,True
1939,2101.5326156169176,0.0053414597726039,1.9463927589618493,0.0016647086523566112,1.0,1.0,True
1940,2101.5047280192375,0.026374486273753224,1.9516066889378862,0.008219699567384874,1.0,1.0,True
1941,2101.4994122236967,0.0016223375663055885,1.9497873059465292,0.0005056098832627219,1.0,1.0,True
1942,2101.4025075882673,0.006056354617045684,1.9765122047609225,0.0018873505876973017,1.0,1.0,True
1943,2101.335099950433,0.0038940527010427766,1.9940446838362504,0.0012134488590084093,1.0,1.0,True
1944,2101.341646641493,0.0014253642697899254,1.9885325510958296,0.0004441733581222649,1.0,1.0,True
1945,2101.4862216711044,0.008824538553816949,1.940005678834325,0.0027502934651238878,1.0,1.0,True
1946,2102.0095913051628,0.005259075196110754,1.7733801672534923,0.0016398473193209497,1.0,1.0,True
1947,nan,0.0,nan,0.0,0.0,0.0,False
1948,nan,0.0,nan,0.0,0.0,0.0,False
1949,2103.9203813634813,0.004073424419949078,1.1666366527726382,0.0012723510892795648,1.0,1.0,True
1950,2104.3322847634554,0.00795363714961209,1.0344786894510776,0.002485290266029624,1.0,1.0,True
1951,2104.4917367100716,0.007024868122401774,0.9811769405487212,0.002195410619611898,1.0,1.0,True
1952,2104.414615020156,0.033284398866841536,1.001805610566464,0.01040142578895931,1.0,1.0,True
1953,2104.326602101326,0.035199572736600813,1.0258376691114677,0.010999169671687495,1.0,1.0,True
1954,2104.303245410323,0.02431723537766372,1.0296663694818449,0.007598574284175611,1.0,1.0,True
1955,2104.3266264647245,0.009897534096631544,1.0188916186327788,0.0030928470007724356,1.0,1.0,True
1956,2104.3764337301254,0.007595747185481833,0.9998595196227029,0.002373699216973157,1.0,1.0,True
1957,2104.433571919799,0.024502681511111655,0.9785364724703527,0.007657647956203584,1.0,1.0,True
1958,2104.4656271487474,0.04317049009410237,0.9650526665092798,0.013492289074567603,1.0,1.0,True
1959,2104.4657273441553,0.04274864228735683,0.9615569484645334,0.013360585133759827,1.0,1.0,True
1960,2104.464417308569,0.03193180113100567,0.9585032161969025,0.00997999942288438,1.0,1.0,True
1961,2104.477604791522,0.022593049951931555,0.9509195076993251,0.007061411624946117,1.0,1.0,True
1962,2104.477963283658,0.005279756786383951,0.9473465816425346,0.0016501946576181542,1.0,1.0,True
1963,2104.4707980006933,0.011446725807346476,0.9461263718485498,0.003577702445169759,1.0,1.0,True
1964,2104.445316106081,0.012110475451120291,0.9506322543418264,0.0037851118003656686,1.0,1.0,True
1965,2104.4080557227135,0.015592437340847802,0.9588205749458325,0.004873281978723718,1.0,1.0,True
1966,2104.3873952031136,0.010389746066966021,0.9618218766706264,0.0032471990802445967,1.0,1.0,True
1967,2104.3850770294666,0.004849795711300065,0.9590916696639624,0.001515761889324338,1.0,1.0,True
1968,2104.3892578333616,0.0011776883145156564,0.9543314263768252,0.0003680814923403361,1.0,1.0,True
1969,2104.3983264267445,0.007739720819995047,0.9480446398310391,0.002419061311452353,1.0,1.0,True
1970,2104.404825642705,0.014536216243740541,0.9425620188505945,0.00454338906269172,1.0,1.0,True
1971,2104.3712225556374,0.010894707458975042,0.9496147509050843,0.0034051445986638352,1.0,1.0,True
1972,2104.3228623718023,0.0029471816023970317,0.9612807754454025,0.0009211123313486135,1.0,1.0,True
1973,2104.2841753065586,0.0004143878145591101,0.9699244763215233,0.00012950965467059682,1.0,1.0,True
1974,2104.2396484985948,0.0035565302014554097,0.9803942428486607,0.0011114984505680118,1.0,1.0,True
1975,2104.1751386225224,0.014840368976019409,0.9971098385381651,0.00463774125268827,1.0,1.0,True
1976,2104.1112686805427,0.02555111070960046,1.0136258722925504,0.007984565794040858,1.0,1.0,True
1977,2104.0754219386727,0.026578674583898346,1.0213856015668057,0.008305492743160335,1.0,1.0,True
1978,2104.074014523998,0.01812268914688491,1.0183846316240306,0.005663157384478898,1.0,1.0,True
1979,2104.0959134995937,0.009832459362530724,1.0081016829582836,0.0030726358123301612,1.0,1.0,True
1980,2104.108837388456,0.01018280504077753,1.000624399312585,0.0031821878776817202,1.0,1.0,True
1981,2104.065095577389,0.013278970484304509,1.010856467926999,0.004149638809576647,1.0,1.0,True
1982,2103.9741983385757,0.010546860298591521,1.0358246656368237,0.0032956290026260678,1.0,1.0,True
1983,2103.9196577332914,0.005332192734287567,1.049432404638594,0.0016661123383676017,1.0,1.0,True
1984,2103.9155198931694,0.00019577211133310277,1.0472920927579707,6.117191927216593e-05,1.0,1.0,True
1985,2103.9380097836256,0.0038854125970980437,1.0368325894989994,0.0012140920066621911,1.0,1.0,True
1986,2103.970851787366,0.008246048033313625,1.0231390904382351,0.0025767808995858935,1.0,1.0,True
1987,2104.003855387913,0.01308876142770259,1.009395753233207,0.0040902271165083855,1.0,1.0,True
1988,2104.0343120358884,0.015028101575999058,0.9964490308291829,0.00469644505743786,1.0,1.0,True
1989,2104.0543266497552,0.012186745441856817,0.986766395099778,0.0038085974364162048,1.0,1.0,True
1990,2104.0657287575305,0.012849905029751479,0.9797763307225296,0.0040159298513137475,1.0,1.0,True
1991,2104.094523932785,0.024329916310709434,0.9673513639013436,0.007604005536513101,1.0,1.0,True
1992,2104.140561040491,0.040495097712683906,0.9495381314682731,0.012656876760108245,1.0,1.0,True
1993,2104.173306427896,0.05218316164295982,0.9358797451971554,0.016310663528586976,1.0,1.0,True
1994,2104.1569903865457,0.05072844209318206,0.937557297514843,0.01585589982498346,1.0,1.0,True
1995,2104.0921570770442,0.03193947712579071,0.9544005248928897,0.009982664995208944,1.0,1.0,True
1996,2104.0142330075614,0.007059534563846492,0.9753354201154139,0.0022063226224439364,1.0,1.0,True
1997,2103.957060813904,0.006896578383890676,0.9897849504601481,0.00215530592067503,1.0,1.0,True
1998,2103.934289040044,0.004823266904340489,0.9934846292649127,0.0015073432700075417,1.0,1.0,True
1999,2103.9394151251763,0.0043356963556982755,0.9884669621840771,0.0013549902385642922,1.0,1.0,True
2000,2103.9519761241972,0.00984544059187208,0.9811268248449778,0.003076959500204573,1.0,1.0,True
2001,2103.9479616992176,0.006413559694887639,0.9789680760907231,0.002004419685624138,1.0,1.0,True
2002,2103.9192130565643,0.0024648846781747434,0.9845406335192024,0.0007703346485010239,1.0,1.0,True
2003,2103.87185286358,0.005742112982904522,0.9959307253210454,0.0017944884125299506,1.0,1.0,True
2004,2103.812630996108,0.0031382332666969144,1.0110284688371394,0.0009806988100234675,1.0,1.0,True
2005,2103.7533162534237,0.01896865278766148,1.0261557839131683,0.005927456546759118,1.0,1.0,True
2006,2103.7195766419172,0.03720194843592913,1.0332919797668296,0.011624892722371362,1.0,1.0,True
2007,2103.73001255095,0.04817028643925271,1.0266252565215837,0.015052581524944765,1.0,1.0,True
2008,2103.7508684173226,0.043733182131859186,1.0167035249959895,0.013666439002423368,1.0,1.0,True
2009,2103.753354564309,0.03622367793514277,1.0125233058902268,0.011319890967132401,1.0,1.0,True
2010,2103.7495562657714,0.030436378262278508,1.0103081345222336,0.009511426338788723,1.0,1.0,True
2011,2103.7601840123534,0.02482604266959936,1.0035859251205466,0.007758338772142541,1.0,1.0,True
2012,2103.7919495627284,0.017721348416117954,0.9902588621743575,0.005538278137440133,1.0,1.0,True
2013,2103.8278046920896,0.012607586992594158,0.975654350230684,0.00394029114799876,1.0,1.0,True
2014,2103.8455850854516,0.01211880999041332,0.9666995640515097,0.003787630917520458,1.0,1.0,True
2015,2103.835341691971,0.01081113025837794,0.9665044655773158,0.003378930472036442,1.0,1.0,True
2016,2103.79303599149,0.007226382741844486,0.9763312588667645,0.0022584847859347923,1.0,1.0,True
2017,2103.722267255187,0.007435399500322137,0.9950542792502688,0.0023236865360037025,1.0,1.0,True
2018,2103.6447336375713,0.01357701719190536,1.0158915404684876,0.0042427945825679984,1.0,1.0,True
2019,2103.595181852579,0.019516266790363525,1.0279849214739443,0.006098592715773076,1.0,1.0,True
2020,2103.591955393553,0.019300011310654126,1.0256032215896767,0.006031059929889832,1.0,1.0,True
2021,2103.6102300435305,0.016957046928509273,1.0165037227522475,0.005299047709360444,1.0,1.0,True
2022,2103.614596039057,0.013883382633731048,1.0117517059677539,0.004338594270837451,1.0,1.0,True
2023,2103.589316651225,0.007059491758453473,1.0162651020113458,0.002206082918031019,1.0,1.0,True
2024,2103.5528772622347,0.0006245530746586832,1.0242670745973896,0.00019516775936268243,1.0,1.0,True
2025,2103.549731209874,0.0014189790222405249,1.0218662591834118,0.0004434227007462816,1.0,1.0,True
2026,2103.5976034402847,0.002784473693720725,1.0035232348751606,0.0008701779279479654,1.0,1.0,True
2027,2103.6687795966864,0.004313540284271705,0.9778972487645206,0.001348127065120032,1.0,1.0,True
2028,2103.7190875560045,0.0006571747354061152,0.9587930056124492,0.0002054006295692691,1.0,1.0,True
2029,2103.7231161743402,0.010746203038246907,0.9541540511448829,0.0033587830865244774,1.0,1.0,True
2030,2103.6874040663242,0.015934838338150306,0.9619373643673725,0.004980411003113846,1.0,1.0,True
2031,2103.629399999976,0.009220276387909988,0.976688843597799,0.002881664591026559,1.0,1.0,True
2032,2103.5739865005016,0.0054512312395505235,0.9906313079541178,0.0017036370154743933,1.0,1.0,True
2033,2103.5405970811844,0.015272163439013518,0.9976915873499479,0.004772814248836665,1.0,1.0,True
2034,2103.5739111602306,0.015749645085793438,0.983906749005655,0.0049222321642894695,1.0,1.0,True
2035,2103.5348002910614,0.0022996163484514,0.9927576995420964,0.0007186807255769643,1.0,1.0,True
2036,2103.4989042282104,0.009945813311600774,1.000604947397278,0.0031082178424652897,1.0,1.0,True
2037,2103.5669775903225,0.014574675243006733,0.9759604110074633,0.004555130823645332,1.0,1.0,False
2038,2103.997996579972,0.004453932259842128,0.8378548411471343,0.0013925700645130244,1.0,1.0,False
2039,2104.404193609953,0.002071854779098529,0.7074596688612473,0.0006480293110957326,1.0,1.0,False
2040,2105.7396070361137,0.0013556533823529066,0.2861501034470848,0.0004245279380325296,1.0,1.0,False
2041,2106.086776699871,0.0008500545192601579,0.1740424570562027,0.00026628304545681753,1.0,1.0,False
2042,2106.516301110387,0.004202104016808901,0.036092850507202456,0.0013168449062499047,1.0,1.0,False
2043,2106.545398339629,0.0078674046975588,0.023601874309804316,0.002465557069240194,1.0,1.0,True
2044,2106.5915665775537,0.008993821370860954,0.005761548303894415,0.0028187086629455124,1.0,1.0,True
2045,2106.622558876872,0.0075942509723596965,-0.007322069154838573,0.0023801665765497302,1.0,1.0,True
2046,2106.645098939538,0.003210304377650543,-0.017755817658553497,0.0010061942074290917,1.0,1.0,True
2047,2106.665425673127,0.0015173919135134625,-0.027494948835510513,0.00047560422529759945,1.0,1.0,True
2048,2106.6739902198315,0.004361440177604336,-0.033546386976581744,0.0013670538739986597,1.0,1.0,True
2049,2106.645415008068,0.005412793313708588,-0.02795559382320789,0.0016965650360721383,1.0,1.0,True
2050,2106.5893358439207,0.0048582461544264995,-0.013743179261666683,0.0015226892104057987,1.0,1.0,True
2051,2106.5471293330193,0.003580416927848959,-0.0038779856440100957,0.0011221564877041872,1.0,1.0,True
2052,2106.520372033119,0.00275973349364483,0.001146234734051177,0.0008649301430395497,1.0,1.0,True
2053,2106.5616615712643,0.0011624522287789682,-0.015155370527111245,0.0003643421963156651,1.0,1.0,True
2054,2106.541115194559,0.0012624245534468088,-0.012075216469384031,0.0003956728621497618,1.0,1.0,True
2055,2106.5339584350586,0.0036776497073635916,-0.013190484069980357,0.0011526643512930759,1.0,1.0,True
2056,2106.4593921899796,0.004517130636003579,0.006822658224962197,0.001415698145382493,1.0,1.0,True
2057,2106.4687572419643,0.004541365073897343,0.0005317746406490187,0.00142331985791615,1.0,1.0,True
2058,2106.4777062535286,0.005223511817046163,-0.005627629479761254,0.0016371429148165396,1.0,1.0,True
2059,2106.4950180649757,0.005795950313521125,-0.014407053601075859,0.0018166021705425537,1.0,1.0,True
2060,2106.4905575811863,0.006409566280991231,-0.01636138813847765,0.002008937996713391,1.0,1.0,True
2061,2106.483280196786,0.006993531940533924,-0.01743162979016688,0.002191977412614642,1.0,1.0,True
2062,2106.370887517929,0.0056553905737372935,0.014444114715104206,0.0017724049254578128,1.0,1.0,True
2063,2106.301813945174,0.0029329359676003495,0.032742924548642804,0.000919137674547782,1.0,1.0,True
2064,2106.294172182679,0.001291990567677201,0.03179067445108785,0.0004048916398132056,1.0,1.0,True
2065,2106.3157790750265,0.0047848263443205225,0.021673357114707414,0.0014995414553583767,1.0,1.0,True
2066,2106.3386636525393,0.006394962397982207,0.01115650755622255,0.002004211800277924,1.0,1.0,True
2067,2106.35559540987,0.007284872030865479,0.0025062287620585266,0.002283171643503597,1.0,1.0,True
2068,2106.3638397455215,0.007778200892685494,-0.003420262416057085,0.002437830095936181,1.0,1.0,True
2069,2106.383794128895,0.008034875200116838,-0.013015882664376477,0.0025183471759008713,1.0,1.0,True
2070,2106.4265528917313,0.010495787537819429,-0.029758359011509583,0.003289823011613698,1.0,1.0,True
2071,2106.4176675230265,0.012158838959786542,-0.030312590096173153,0.003811102289956775,1.0,1.0,True
2072,2106.3521857112646,0.008139294017302578,-0.013126261237687231,0.0025510811224259623,1.0,1.0,True
2073,2106.307285144925,0.0022842959690176903,-0.0023900285820559475,0.0007159404914923068,1.0,1.0,True
2074,2106.3061839938164,0.002501794780758159,-0.005380311237274782,0.0007841158827269337,1.0,1.0,True
2075,2106.345086172223,0.0056348018382397225,-0.020907657661211942,0.0017661466218481965,1.0,1.0,True
2076,2106.3906794190407,0.006192257130069062,-0.0385318262834744,0.0019409717985889015,1.0,1.0,True
2077,2106.4062121659517,0.0045344319173173005,-0.046732839314984176,0.001421358398614149,1.0,1.0,True
2078,2106.3842397630215,0.002633040067021083,-0.04317643912759195,0.0008253422906049958,1.0,1.0,True
2079,2106.345679819584,0.001145888517314187,-0.034419488422884115,0.0003591769640450728,1.0,1.0,True
2080,2106.3163693994284,0.0009029330090731383,-0.028560729499076842,0.0002830184232041502,1.0,1.0,True
2081,2106.2977636009455,0.003146241167913984,-0.026056111767729817,0.000986162332086902,1.0,1.0,True
2082,2106.289457961917,0.0039182871389365406,-0.026778794411825402,0.0012281569703519071,1.0,1.0,True
2083,2106.290804952383,0.002251611087997492,-0.03052583819527399,0.0007057582497887656,1.0,1.0,True
2084,2106.287030503154,0.0011191884887825356,-0.03266641490449729,0.00035080743949466816,1.0,1.0,True
2085,2106.2664927095175,0.003294682368369353,-0.029551370529077303,0.0010327033435066522,1.0,1.0,True
2086,2106.2372002750635,0.0026868194457209836,-0.02369107441415963,0.0008421580205897278,1.0,1.0,True
2087,2106.23164973408,0.0016171640406508763,-0.025271294392382515,0.0005068873695728265,1.0,1.0,True
2088,2106.249789699912,0.0014886056159805218,-0.0342760413248584,0.0004666040752464902,1.0,1.0,True
2089,2106.2575363069773,0.0012261571903031845,-0.040021955559495836,0.0003843460922786373,1.0,1.0,True
2090,2106.248666010797,0.00021266246087384356,-0.04055805350299124,6.666043580074001e-05,1.0,1.0,True
2091,2106.2395528182387,0.0011181242808576354,-0.04101681203849239,0.00035048408497693296,1.0,1.0,True
2092,2106.2394738271832,0.0022666680496280086,-0.044306221206454666,0.0007105105896051574,1.0,1.0,True
2093,2106.2437427565455,0.0028914950788020127,-0.04895738004921668,0.0009063818210510271,1.0,1.0,True
2094,2106.2489049062133,0.0025026482544405044,-0.0538874012347037,0.0007845036853749566,1.0,1.0,True
2095,2106.252652823925,0.0016888663666800347,-0.058372971316714484,0.00052941513752342,1.0,1.0,True
2096,2106.2510443776846,0.0010101967385333637,-0.0611783049291148,0.0003166728596403672,1.0,1.0,True
2097,2106.2453306019306,0.0007235138749622624,-0.06269552946690737,0.00022680570317356845,1.0,1.0,True
2098,2106.2295246720314,0.00420770954766085,-0.061047890752888634,0.001319019338861865,1.0,1.0,True
2099,2106.180616788566,0.007953710906596984,-0.04902255563121116,0.002493220397416982,1.0,1.0,True
2100,2106.1067055761814,0.009996853145147467,-0.029159058897391787,0.0031335017209539275,1.0,1.0,True
2101,2106.0530615914613,0.010850977469466958,-0.01564789237261266,0.003401097706001434,1.0,1.0,True
2102,2106.0544433891773,0.011306555925911371,-0.019382910552224075,0.0035439334393531194,1.0,1.0,True
2103,2106.0955080688,0.0107196715971093,-0.03555535892144235,0.0033601377003583104,1.0,1.0,True
2104,2106.1342108622193,0.008762993618278916,-0.05098699526655537,0.0027469297144750407,1.0,1.0,True
2105,2106.141512528062,0.005215651429798881,-0.05657453917166322,0.0016349741192233768,1.0,1.0,True
2106,2106.1112924553454,0.001733062605699771,-0.05039886992022957,0.0005432619445180045,1.0,1.0,True
2107,2106.060513816774,9.814420511368061e-05,-0.037777786485150955,3.076411738928424e-05,1.0,1.0,True
2108,2106.010172188282,0.00031439441646701404,-0.02529291423951463,9.854611220622974e-05,1.0,1.0,True
2109,2105.984277054202,0.00199451465353653,-0.020469771423620386,0.000625167343865648,1.0,1.0,True
2110,2105.997756652767,0.0060480526757058,-0.027987292729221735,0.001895764071379834,1.0,1.0,True
2111,2106.0346820941195,0.009000913895211928,-0.04285313432495741,0.002821461288712332,1.0,1.0,True
2112,2106.0599688310176,0.009586477183730987,-0.05406997470913666,0.0030051128194828677,1.0,1.0,True
2113,2106.0409260001034,0.008091328269519148,-0.051389633898509146,0.002536405026699621,1.0,1.0,True
2114,2106.0034299665713,0.0065232737861440045,-0.04292363219042272,0.0020448161945395647,1.0,1.0,True
2115,2105.981581748463,0.004998433158018813,-0.039361577706756634,0.001566817869993285,1.0,1.0,True
2116,2105.96764793247,0.002411737502202506,-0.03827920045631572,0.0007559858931266217,1.0,1.0,True
2117,2105.9696368752047,0.0005669607232575625,-0.042186814350145596,0.00017772226355436586,1.0,1.0,True
2118,2105.982690709643,0.0026600074646229753,-0.04956179169465713,0.0008338371061420384,1.0,1.0,True
2119,2105.989440713078,0.002911039362709924,-0.0549596249590536,0.0009125433321232772,1.0,1.0,True
2120,2105.9686225792393,0.0007201566150605665,-0.051714343374897,0.00022575050433368607,1.0,1.0,True
2121,2105.9215154722333,0.0029550209162200578,-0.040227138275270136,0.0009262932258366172,1.0,1.0,True
2122,2105.8809322714806,0.005727556515100072,-0.03078404167450799,0.0017953370608785448,1.0,1.0,True
2123,2105.8557659983635,0.005754878209647259,-0.02617241684254168,0.0018038790625122705,1.0,1.0,True
2124,2105.840483263135,0.003945514003074579,-0.024657634967582,0.0012367256650647196,1.0,1.0,True
2125,2105.840301245451,0.0018179832370931587,-0.027875009006379514,0.0005698545528805039,1.0,1.0,True
2126,2105.856259778142,0.0009229316886915575,-0.036150629860060235,0.00028930393076325665,1.0,1.0,True
2127,2105.8630779609084,0.0016263309802019958,-0.041560050669488646,0.0005098011229807401,1.0,1.0,True
2128,2105.8356144577265,0.0020439324919600617,-0.03622217589270349,0.0006406962414656854,1.0,1.0,True
2129,2105.7914308980107,0.0009276415990126499,-0.025642175729046812,0.00029077236780928413,1.0,1.0,True
2130,2105.770614154637,0.0006512636399024623,-0.022385545154520514,0.00020413905596787082,1.0,1.0,True
2131,2105.800795160234,0.00016252878457013512,-0.0351132503582221,5.0946658180796374e-05,1.0,1.0,True
2132,2105.8520486801863,0.002992089069485389,-0.05444598912112042,0.0009379598627145267,1.0,1.0,True
2133,2105.878771584481,0.006036245301949924,-0.06608842767553824,0.0018923062336764595,1.0,1.0,True
2134,2105.8859459981322,0.007333509494047051,-0.07160164969309335,0.002299024578041331,1.0,1.0,True
2135,2105.8894417509437,0.006351340409773432,-0.07596050468566773,0.001991145213455431,1.0,1.0,True
2136,2105.894605204463,0.004455248525677458,-0.08084105347143122,0.0013967411081694284,1.0,1.0,True
2137,2105.88753823936,0.0035901949967034863,-0.08188615186332981,0.0011255471859428522,1.0,1.0,True
2138,2105.852933548391,0.003444524951537709,-0.07429689072279189,0.001079856396883106,1.0,1.0,True
2139,2105.783956103027,0.003697637850269883,-0.05593113309629416,0.0011591475102302408,1.0,1.0,True
2140,2105.6918736845255,0.005396250675668062,-0.03032253071643254,0.00169151223974536,1.0,1.0,True
2141,2105.6283387094736,0.008493116810551534,-0.013662523062976106,0.002662133930885201,1.0,1.0,True
2142,2105.630663320422,0.011379543730820112,-0.017645151505405465,0.003566916843653551,1.0,1.0,True
2143,2105.6923364698887,0.011659040556720105,-0.04023014554070414,0.0036547637699012258,1.0,1.0,True
2144,2105.783280029893,0.00927502514412564,-0.07199155888764608,0.0029077115168047903,1.0,1.0,True
2145,2105.8537525609136,0.006325557075196892,-0.0973365325740474,0.0019832012118763177,1.0,1.0,True
2146,2105.8619365766644,0.0044365142515143665,-0.1031524836130302,0.0013909691166877798,1.0,1.0,True
2147,2105.8210579678416,0.0036531518516666342,-0.0935849317119164,0.0011453333213663737,1.0,1.0,True
2148,2105.7517651692033,0.0035430853567804347,-0.0751083780868953,0.0011107679061316915,1.0,1.0,True
2149,2105.673846513033,0.0032691203047474954,-0.053927482679341665,0.0010248181313340708,1.0,1.0,True
2150,2105.6138388216496,0.0018671896827296274,-0.03836114661322654,0.0005853093729053766,1.0,1.0,True
2151,2105.5800016522408,0.0007594019164692886,-0.030997707456720036,0.0002380455263586755,1.0,1.0,True
2152,2105.5781490802765,0.0009654578588390495,-0.03365918903114107,0.0003026393286690987,1.0,1.0,True
2153,2105.6038703620434,0.0006923884273369672,-0.044963176140470296,0.00021704823152043695,1.0,1.0,True
2154,2105.6303530037403,0.0015819398120078966,-0.05650502910856403,0.000495919420844551,1.0,1.0,True
2155,2105.6223841160536,0.004485541573044664,-0.057245741295332664,0.0014061685523968025,1.0,1.0,True
2156,2105.591266363859,0.00511734390564722,-0.05072839365669779,0.0016042034645418644,1.0,1.0,True
2157,2105.588126733899,0.004106725698628748,-0.052980594365863,0.001287400728059146,1.0,1.0,True
2158,2105.601979121566,0.0031306889808134643,-0.06055845529056114,0.0009814491013895453,1.0,1.0,True
2159,2105.6090418994427,0.0015246200980330808,-0.06600676089254875,0.0004779656241778876,1.0,1.0,True
2160,2105.6008808612823,0.000598190220915119,-0.06668128035641985,0.00018753208732538617,1.0,1.0,True
2161,2105.577940955758,0.0012736566885749622,-0.06272146165861159,0.00039928609617944803,1.0,1.0,True
2162,2105.5498000234365,0.00019355940178628084,-0.05713000333105356,6.067916286173546e-05,1.0,1.0,True
2163,2105.5127711743116,0.003184046891028256,-0.04875119675472206,0.0009981477291860165,1.0,1.0,True
2164,2105.4739131331444,0.005831606547361342,-0.03979796953035475,0.0018280704474157154,1.0,1.0,True
2165,2105.452010810375,0.006380864277155313,-0.03615888137625234,0.00200023096464593,1.0,1.0,True
2166,2105.489089757204,0.0041301382729765496,-0.05100799595618355,0.0012947444067511811,1.0,1.0,True
2167,2105.4591965079308,0.0016690152010314036,-0.04486138303229836,0.0005232058212808472,1.0,1.0,True
2168,2105.439585208893,0.0010282566631202817,-0.04193683586845509,0.0003223373462231386,1.0,1.0,True
2169,2105.438926383853,0.004504001892692435,-0.044952330886530945,0.001411925632572203,1.0,1.0,True
2170,2105.4476679861546,0.007438665881081732,-0.05091357306025657,0.002331933315800226,1.0,1.0,True
2171,2105.4482438862324,0.008329650258602031,-0.05431384409394013,0.0026112742679452175,1.0,1.0,True
2172,2105.4404337853193,0.007553115648213064,-0.05508399952628906,0.0023678448852407193,1.0,1.0,True
2173,2105.4351475536823,0.005070308022709063,-0.05664417887606987,0.0015895120703571328,1.0,1.0,True
2174,2105.4340531229973,0.0019605870990297685,-0.059517288513063704,0.0006146383103090077,1.0,1.0,True
2175,2105.4254232496023,0.0004275587047187645,-0.06002688056679517,0.00013403873391114264,1.0,1.0,True
2176,2105.4107879549265,0.00248133248580612,-0.058652593722570145,0.0007778901306057745,1.0,1.0,True
2177,2105.404893323779,0.004594617616990857,-0.06001728907699544,0.0014404056273240853,1.0,1.0,True
2178,2105.401290848851,0.0048571924832137275,-0.06209938850957997,0.0015227330552251468,1.0,1.0,True
2179,2105.3699177503586,0.001589315510497303,-0.05547424669140355,0.0004982425673085414,1.0,1.0,True
2180,2105.317876815796,0.002354870866849182,-0.04236893421932564,0.0007382135800558579,1.0,1.0,True
2181,2105.2891212254763,0.005574531844869144,-0.036562277357631956,0.001747497634665322,1.0,1.0,True
2182,2105.2919837236404,0.007486797582081172,-0.04066609718501013,0.0023469823243321337,1.0,1.0,True
2183,2105.3113783448935,0.007668218691496316,-0.04995141829010663,0.0024039208518928912,1.0,1.0,True
2184,2105.3071972727776,0.004385253147012992,-0.051844903959704425,0.0013747481422683606,1.0,1.0,True
2185,2105.2491374611855,2.9418500260604035e-05,-0.036846876878371404,9.222124648379091e-06,1.0,1.0,True
2186,2105.173357717693,0.001499384672487183,-0.016293691642374597,0.0004700006307690836,1.0,1.0,True
2187,2105.1231945082545,0.00035566671787130703,-0.0037699217575095645,0.000111484260421209,1.0,1.0,True
2188,2105.110099069774,0.002426141187681104,-0.002864116948330775,0.0007604763929295002,1.0,1.0,True
2189,2105.1139085292816,0.0048177114228711475,-0.007256008880915488,0.0015101369954792245,1.0,1.0,True
2190,2105.11220812425,0.005461583559216012,-0.009919655549992967,0.001711976917821415,1.0,1.0,True
2191,2105.121345784515,0.0043676515694036295,-0.015979457260925756,0.0013691003213955656,1.0,1.0,True
2192,2105.1583698391914,0.002179476756771097,-0.030779825176693976,0.0006832164521551684,1.0,1.0,True
2193,2105.1861903592944,0.0006765517490089988,-0.04269444461880312,0.00021209103050161097,1.0,1.0,True
2194,2105.1543815508485,0.002314631163233406,-0.0359150501024601,0.000725596464490813,1.0,1.0,True
2195,2105.0914291627705,0.0035254416323225613,-0.019371924581378153,0.0011051134877555068,1.0,1.0,True
2196,2105.0620503500104,0.003842359591344165,-0.013352268017285951,0.0012044377912025738,1.0,1.0,True
2197,2105.0856422036886,0.0028431104967115064,-0.02393598140258746,0.0008912379650675585,1.0,1.0,True
2198,2105.133070677519,0.0019147313278499159,-0.04199129093092324,0.0006002478404970941,1.0,1.0,True
2199,2105.162586696446,0.0016720813842605712,-0.0544307629104992,0.0005241988283414244,1.0,1.0,True
2200,2105.1628556475043,0.002450681190226572,-0.057700316782700156,0.0007682984782410241,1.0,1.0,False
2201,2105.1630971208215,0.003758160724731527,-0.06096010172643673,0.001178210841125129,1.0,1.0,False
2202,2105.189653068781,0.004859847734669914,-0.07246869459999061,0.0015236494157277905,1.0,1.0,False
2203,2105.238091222942,0.005723995106400902,-0.09083726172360684,0.0017946710448808573,1.0,1.0,False
2204,2105.259864240885,0.005021670559527491,-0.1008448451101458,0.0015745145763728958,1.0,1.0,False
2205,2105.1960802674294,0.004866506936734635,-0.08402589555441864,0.0015257925027626906,1.0,1.0,False
2206,2105.0988546535373,0.004770633393084479,-0.05672223686843836,0.0014956185976890352,1.0,1.0,False
2207,2105.032731533982,0.00424073028638012,-0.039169633068183884,0.0013294261557382171,1.0,1.0,False
2208,2104.9939069428947,0.004952417689795774,-0.03017417657883925,0.0015524948940800086,1.0,1.0,False
2209,2104.968038250692,0.006014725384518064,-0.025239107418201456,0.001885485054020561,1.0,1.0,False
2210,2104.949732095003,0.006460511284128775,-0.022673572210976545,0.002025216654551142,1.0,1.0,False
2211,2104.932159822434,0.004141649630976088,-0.020336910208129666,0.001298301482015263,1.0,1.0,False
2212,2104.9324824102223,0.0014133787597446397,-0.02360866392018579,0.00044306280906666347,1.0,1.0,False
2213,2104.9601474311203,0.0013942888715472368,-0.03545070448097931,0.00043709379822318205,1.0,1.0,False
2214,2105.0021678105622,0.0032439989823273637,-0.051792409601205236,0.0010170055265874888,1.0,1.0,False
2215,2105.0327763929963,0.004550305474137716,-0.06455592967154189,0.0014265908949519883,1.0,1.0,False
2216,2105.0143919684924,0.0022101590039425197,-0.06195844773878889,0.0006929145646868109,1.0,1.0,False
2217,2104.947464093566,0.00331156744955403,-0.044141191061555674,0.001038169383666787,1.0,1.0,False
2218,2104.8906920552254,0.009088936271237915,-0.02950730238558208,0.002849246682277811,1.0,1.0,False
2219,2104.885514844209,0.012451933412687364,-0.03104672996590807,0.003903517988347016,1.0,1.0,False
2220,2104.920207090676,0.012675327514863293,-0.04508381725759136,0.00397371265719427,1.0,1.0,False
2221,2104.941048150882,0.0099914030307994,-0.054777807603556994,0.003132393017704045,1.0,1.0,False
2222,2104.905003376305,0.00436336839592371,-0.04663662548631464,0.0013679243292383173,1.0,1.0,False
2223,2104.860174320638,0.001480861132566645,-0.035740610708955955,0.0004642389136107351,1.0,1.0,False
2224,2104.855699673295,0.004770327828432775,-0.0374943776145642,0.0014954713795497876,1.0,1.0,False
2225,2104.874542042613,0.0044216469507021485,-0.046556842870359105,0.0013861992665973734,1.0,1.0,False
2226,2104.8727419748902,0.0014587129636741702,-0.04914679322905613,0.000457314692640408,1.0,1.0,False
2227,2104.8264393135905,0.0010936158884485507,-0.03778392594892921,0.0003428440096467382,1.0,1.0,False
2228,2104.782076507807,0.0019662769235787394,-0.02702832922352627,0.000616401421664571,1.0,1.0,False
2229,2104.7730987891555,0.0015758179822616893,-0.027364445660055026,0.0004939988355158487,1.0,1.0,False
2230,2104.791392855346,0.001221489426830603,-0.036248853181348295,0.00038293150049084184,1.0,1.0,False
2231,2104.8284593448043,0.0012334380583834416,-0.05101759413076934,0.000386694077655567,1.0,1.0,False
2232,2104.9272885248065,0.00037844708949144525,-0.08515034147995948,0.00011865829701901228,1.0,1.0,False
2233,2105.0206985976547,0.00338357270605686,-0.11758603234233078,0.001060984682101691,1.0,1.0,False
2234,nan,0.0,nan,0.0,0.0,0.0,False
2235,nan,0.0,nan,0.0,0.0,0.0,False
2236,nan,0.0,nan,0.0,0.0,0.0,False
2237,nan,0.0,nan,0.0,0.0,0.0,False
2238,nan,0.0,nan,0.0,0.0,0.0,False
2239,nan,0.0,nan,0.0,0.0,0.0,False
2240,nan,0.0,nan,0.0,0.0,0.0,False
2241,nan,0.0,nan,0.0,0.0,0.0,False
2242,nan,0.0,nan,0.0,0.0,0.0,False
2243,nan,0.0,nan,0.0,0.0,0.0,False
2244,nan,0.0,nan,0.0,0.0,0.0,False
2245,nan,0.0,nan,0.0,0.0,0.0,False
2246,nan,0.0,nan,0.0,0.0,0.0,False
2247,nan,0.0,nan,0.0,0.0,0.0,False
2248,nan,0.0,nan,0.0,0.0,0.0,False
2249,nan,0.0,nan,0.0,0.0,0.0,False
2250,nan,0.0,nan,0.0,0.0,0.0,False
2251,nan,0.0,nan,0.0,0.0,0.0,False
2252,nan,0.0,nan,0.0,0.0,0.0,False
2253,nan,0.0,nan,0.0,0.0,0.0,False
2254,nan,0.0,nan,0.0,0.0,0.0,False
2255,nan,0.0,nan,0.0,0.0,0.0,False
2256,2104.7133978903294,0.014376669348702553,-0.09327221027649557,0.004507896508513343,1.0,1.0,False
2257,nan,0.0,nan,0.0,0.0,0.0,False
2258,nan,0.0,nan,0.0,0.0,0.0,False
2259,nan,0.0,nan,0.0,0.0,0.0,False
2260,nan,0.0,nan,0.0,0.0,0.0,False
2261,nan,0.0,nan,0.0,0.0,0.0,False
2262,nan,0.0,nan,0.0,0.0,0.0,False
2263,nan,0.0,nan,0.0,0.0,0.0,False
2264,2104.5575072467327,0.027801578564332095,-0.06930342116879729,0.008716854816695686,1.0,1.0,False
2265,nan,0.0,nan,0.0,0.0,0.0,False
2266,nan,0.0,nan,0.0,0.0,0.0,False
2267,nan,0.0,nan,0.0,0.0,0.0,False
2268,nan,0.0,nan,0.0,0.0,0.0,False
2269,nan,0.0,nan,0.0,0.0,0.0,False
2270,nan,0.0,nan,0.0,0.0,0.0,False
2271,nan,0.0,nan,0.0,0.0,0.0,False
2272,nan,0.0,nan,0.0,0.0,0.0,False
2273,2104.4414467811584,0.0,-0.06084642687653741,0.0,0.5,0.5,False
2274,nan,0.0,nan,0.0,0.0,0.0,False
2275,nan,0.0,nan,0.0,0.0,0.0,False
2276,nan,0.0,nan,0.0,0.0,0.0,False
2277,nan,0.0,nan,0.0,0.0,0.0,False
2278,nan,0.0,nan,0.0,0.0,0.0,False
2279,nan,0.0,nan,0.0,0.0,0.0,False
2280,nan,0.0,nan,0.0,0.0,0.0,False
2281,nan,0.0,nan,0.0,0.0,0.0,False
2282,nan,0.0,nan,0.0,0.0,0.0,False
2283,nan,0.0,nan,0.0,0.0,0.0,False
2284,nan,0.0,nan,0.0,0.0,0.0,False
2285,nan,0.0,nan,0.0,0.0,0.0,False
2286,nan,0.0,nan,0.0,0.0,0.0,False
2287,2104.4081284999847,0.0,-0.09366132965044471,0.0,0.5,0.5,False
2288,nan,0.0,nan,0.0,0.0,0.0,False
2289,nan,0.0,nan,0.0,0.0,0.0,False
2290,nan,0.0,nan,0.0,0.0,0.0,False
2291,nan,0.0,nan,0.0,0.0,0.0,False
2292,nan,0.0,nan,0.0,0.0,0.0,False
2293,nan,0.0,nan,0.0,0.0,0.0,False
2294,nan,0.0,nan,0.0,0.0,0.0,False
2295,nan,0.0,nan,0.0,0.0,0.0,False
2296,nan,0.0,nan,0.0,0.0,0.0,False
2297,nan,0.0,nan,0.0,0.0,0.0,False
2298,nan,0.0,nan,0.0,0.0,0.0,False
2299,nan,0.0,nan,0.0,0.0,0.0,False
2300,nan,0.0,nan,0.0,0.0,0.0,False
2301,nan,0.0,nan,0.0,0.0,0.0,False
2302,nan,0.0,nan,0.0,0.0,0.0,False
2303,nan,0.0,nan,0.0,0.0,0.0,False
2304,nan,0.0,nan,0.0,0.0,0.0,False
2305,nan,0.0,nan,0.0,0.0,0.0,False
2306,nan,0.0,nan,0.0,0.0,0.0,False
2307,nan,0.0,nan,0.0,0.0,0.0,False
2308,nan,0.0,nan,0.0,0.0,0.0,False
2309,nan,0.0,nan,0.0,0.0,0.0,False
2310,nan,0.0,nan,0.0,0.0,0.0,False
2311,nan,0.0,nan,0.0,0.0,0.0,False
2312,nan,0.0,nan,0.0,0.0,0.0,False
2313,nan,0.0,nan,0.0,0.0,0.0,False
2314,nan,0.0,nan,0.0,0.0,0.0,False
2315,nan,0.0,nan,0.0,0.0,0.0,False
2316,nan,0.0,nan,0.0,0.0,0.0,False
2317,nan,0.0,nan,0.0,0.0,0.0,False
2318,nan,0.0,nan,0.0,0.0,0.0,False
2319,nan,0.0,nan,0.0,0.0,0.0,False
2320,nan,0.0,nan,0.0,0.0,0.0,False
2321,nan,0.0,nan,0.0,0.0,0.0,False
2322,nan,0.0,nan,0.0,0.0,0.0,False
2323,nan,0.0,nan,0.0,0.0,0.0,False
2324,nan,0.0,nan,0.0,0.0,0.0,False
2325,nan,0.0,nan,0.0,0.0,0.0,False
2326,nan,0.0,nan,0.0,0.0,0.0,False
2327,nan,0.0,nan,0.0,0.0,0.0,False
2328,nan,0.0,nan,0.0,0.0,0.0,False
2329,nan,0.0,nan,0.0,0.0,0.0,False
2330,nan,0.0,nan,0.0,0.0,0.0,False
2331,nan,0.0,nan,0.0,0.0,0.0,False
2332,nan,0.0,nan,0.0,0.0,0.0,False
2333,nan,0.0,nan,0.0,0.0,0.0,False
2334,nan,0.0,nan,0.0,0.0,0.0,False
2335,nan,0.0,nan,0.0,0.0,0.0,False
2336,nan,0.0,nan,0.0,0.0,0.0,False
2337,nan,0.0,nan,0.0,0.0,0.0,False
2338,nan,0.0,nan,0.0,0.0,0.0,False
2339,2103.7812221720815,0.0036227007536175134,-0.05575340167467857,0.0011359275652155143,1.0,1.0,False
2340,nan,0.0,nan,0.0,0.0,0.0,False
2341,2103.791452035308,0.0007508882530700881,-0.06500003454544867,0.0002354540723663648,1.0,1.0,False
2342,nan,0.0,nan,0.0,0.0,0.0,False
2343,nan,0.0,nan,0.0,0.0,0.0,False
2344,nan,0.0,nan,0.0,0.0,0.0,False
2345,nan,0.0,nan,0.0,0.0,0.0,False
2346,nan,0.0,nan,0.0,0.0,0.0,False
2347,nan,0.0,nan,0.0,0.0,0.0,False
2348,nan,0.0,nan,0.0,0.0,0.0,False
2349,nan,0.0,nan,0.0,0.0,0.0,False
2350,nan,0.0,nan,0.0,0.0,0.0,False
2351,nan,0.0,nan,0.0,0.0,0.0,False
2352,nan,0.0,nan,0.0,0.0,0.0,False
2353,nan,0.0,nan,0.0,0.0,0.0,False
2354,nan,0.0,nan,0.0,0.0,0.0,False
2355,nan,0.0,nan,0.0,0.0,0.0,False
2356,nan,0.0,nan,0.0,0.0,0.0,False
2357,nan,0.0,nan,0.0,0.0,0.0,False
2358,nan,0.0,nan,0.0,0.0,0.0,False
2359,nan,0.0,nan,0.0,0.0,0.0,False
2360,nan,0.0,nan,0.0,0.0,0.0,False
2361,nan,0.0,nan,0.0,0.0,0.0,False
2362,nan,0.0,nan,0.0,0.0,0.0,False
2363,nan,0.0,nan,0.0,0.0,0.0,False
2364,nan,0.0,nan,0.0,0.0,0.0,False
2365,nan,0.0,nan,0.0,0.0,0.0,False
2366,nan,0.0,nan,0.0,0.0,0.0,False
2367,nan,0.0,nan,0.0,0.0,0.0,False
2368,nan,0.0,nan,0.0,0.0,0.0,False
2369,nan,0.0,nan,0.0,0.0,0.0,False
2370,nan,0.0,nan,0.0,0.0,0.0,False
2371,nan,0.0,nan,0.0,0.0,0.0,False
2372,nan,0.0,nan,0.0,0.0,0.0,False
2373,nan,0.0,nan,0.0,0.0,0.0,False
2374,nan,0.0,nan,0.0,0.0,0.0,False
2375,nan,0.0,nan,0.0,0.0,0.0,False
2376,nan,0.0,nan,0.0,0.0,0.0,False
2377,nan,0.0,nan,0.0,0.0,0.0,False
2378,nan,0.0,nan,0.0,0.0,0.0,False
2379,nan,0.0,nan,0.0,0.0,0.0,False
2380,nan,0.0,nan,0.0,0.0,0.0,False
2381,nan,0.0,nan,0.0,0.0,0.0,False
2382,nan,0.0,nan,0.0,0.0,0.0,False
2383,nan,0.0,nan,0.0,0.0,0.0,False
2384,nan,0.0,nan,0.0,0.0,0.0,False
2385,nan,0.0,nan,0.0,0.0,0.0,False
2386,nan,0.0,nan,0.0,0.0,0.0,False
2387,2103.443836271763,0.0,-0.0936046953999039,0.0,0.5,0.5,False
2388,nan,0.0,nan,0.0,0.0,0.0,False
2389,nan,0.0,nan,0.0,0.0,0.0,False
2390,nan,0.0,nan,0.0,0.0,0.0,False
2391,nan,0.0,nan,0.0,0.0,0.0,False
2392,nan,0.0,nan,0.0,0.0,0.0,False
2393,2103.101318862289,0.0058680583029672015,-0.003965161869700751,0.0018398588000717122,1.0,1.0,False
2394,nan,0.0,nan,0.0,0.0,0.0,False
2395,nan,0.0,nan,0.0,0.0,0.0,False
2396,nan,0.0,nan,0.0,0.0,0.0,False
2397,nan,0.0,nan,0.0,0.0,0.0,False
2398,nan,0.0,nan,0.0,0.0,0.0,False
2399,nan,0.0,nan,0.0,0.0,0.0,False
2400,nan,0.0,nan,0.0,0.0,0.0,False
2401,nan,0.0,nan,0.0,0.0,0.0,False
2402,nan,0.0,nan,0.0,0.0,0.0,False
2403,nan,0.0,nan,0.0,0.0,0.0,False
2404,nan,0.0,nan,0.0,0.0,0.0,False
2405,nan,0.0,nan,0.0,0.0,0.0,False
2406,nan,0.0,nan,0.0,0.0,0.0,False
2407,nan,0.0,nan,0.0,0.0,0.0,False
2408,nan,0.0,nan,0.0,0.0,0.0,False
2409,nan,0.0,nan,0.0,0.0,0.0,False
2410,nan,0.0,nan,0.0,0.0,0.0,False
2411,2103.0814013667405,0.005973246300138265,-0.05076232625464172,0.0018731437583110178,1.0,1.0,False
2412,nan,0.0,nan,0.0,0.0,0.0,False
2413,nan,0.0,nan,0.0,0.0,0.0,False
2414,nan,0.0,nan,0.0,0.0,0.0,False
2415,nan,0.0,nan,0.0,0.0,0.0,False
2416,nan,0.0,nan,0.0,0.0,0.0,False
2417,nan,0.0,nan,0.0,0.0,0.0,False
2418,nan,0.0,nan,0.0,0.0,0.0,False
2419,nan,0.0,nan,0.0,0.0,0.0,False
2420,nan,0.0,nan,0.0,0.0,0.0,False
2421,nan,0.0,nan,0.0,0.0,0.0,False
2422,nan,0.0,nan,0.0,0.0,0.0,False
2423,nan,0.0,nan,0.0,0.0,0.0,False
2424,nan,0.0,nan,0.0,0.0,0.0,False
2425,nan,0.0,nan,0.0,0.0,0.0,False
2426,2102.9032340981066,0.010590149063279257,-0.038808733201449286,0.0033209229693380873,1.0,1.0,False
2427,nan,0.0,nan,0.0,0.0,0.0,False
2428,nan,0.0,nan,0.0,0.0,0.0,False
2429,nan,0.0,nan,0.0,0.0,0.0,False
2430,nan,0.0,nan,0.0,0.0,0.0,False
2431,nan,0.0,nan,0.0,0.0,0.0,False
2432,nan,0.0,nan,0.0,0.0,0.0,False
2433,nan,0.0,nan,0.0,0.0,0.0,False
2434,nan,0.0,nan,0.0,0.0,0.0,False
2435,nan,0.0,nan,0.0,0.0,0.0,False
2436,nan,0.0,nan,0.0,0.0,0.0,False
2437,nan,0.0,nan,0.0,0.0,0.0,False
2438,nan,0.0,nan,0.0,0.0,0.0,False
2439,2102.8784275241196,0.004570219860059114,-0.06888138378224085,0.0014333116051702217,1.0,1.0,False
2440,2102.827156729996,0.0011544548642740261,-0.055705814020768685,0.0003620469722352797,1.0,1.0,False
2441,2102.771410241723,0.00617116263238936,-0.0411259732364897,0.0019352525824718255,1.0,1.0,False
2442,2102.720933124423,0.006646241908804157,-0.02819791706218666,0.0020841623906423545,1.0,1.0,False
2443,2102.6879461854696,0.0040312406929457366,-0.02075363869545299,0.0012641123487583733,1.0,1.0,False
2444,2102.66723652184,0.0006728533630521678,-0.01715817409160536,0.00021099087329763883,1.0,1.0,False
2445,2102.637171521783,0.0010371285747318249,-0.010627999697476298,0.00032521345816913195,1.0,1.0,False
2446,2102.589320510626,0.0013153609951764918,0.0014802753709659555,0.0004124455594825244,1.0,1.0,False
2447,2102.5589990615845,0.00173248835488881,0.008092889654449209,0.0005432310245189017,1.0,1.0,False
2448,2102.591284364462,0.002121630207189895,-0.004924333737335473,0.0006652743725484124,1.0,1.0,False
2449,2102.623164817691,0.0007988724400997409,-0.01781397190967482,0.0002505101035776757,1.0,1.0,False
2450,2102.615623563528,0.00017693247004873315,-0.01834086719611605,5.5482595384229875e-05,1.0,1.0,False
2451,2102.597081825137,0.0005593519000123301,-0.015417072358900441,0.00017540076063803979,1.0,1.0,False
2452,2102.5918563455343,0.0008560235666805132,-0.0166678224215957,0.00026843205882956853,1.0,1.0,False
2453,2102.599943637848,0.0008444542567642728,-0.022092090512842333,0.0002648087049837285,1.0,1.0,False
2454,2102.6182036548853,0.0014359220553419043,-0.03070539142584039,0.00045029633188054414,1.0,1.0,False
2455,2102.651001960039,0.003578351732271925,-0.04387704242850532,0.0011221931940039664,1.0,1.0,False
2456,2102.6672377735376,0.0053971779063353015,-0.0518538098068575,0.0016926297496614284,1.0,1.0,False
2457,2102.6426204890013,0.006659433872388067,-0.0470174501020324,0.0020884655785053494,1.0,1.0,False
2458,2102.6107960790396,0.005855019121709143,-0.03991978671041352,0.0018361590913182652,1.0,1.0,False
2459,2102.5953051000834,0.0027956215351518567,-0.03794325879766802,0.0008767154967134403,1.0,1.0,False
2460,2102.5699080079794,0.00035670985237195164,-0.032859016065174274,0.00011186388255089431,1.0,1.0,False
2461,2102.5175017118454,0.00259991264409152,-0.019303820190089027,0.0008153001523161983,1.0,1.0,False
2462,2102.5268752276897,0.0032008424101598472,-0.025121140103465223,0.0010037626373033844,1.0,1.0,False
2463,2102.507678717375,0.00032288700644195916,-0.021977999997943698,0.00010125446436019482,1.0,1.0,False
2464,2102.507212162018,0.05184837868852566,-0.024707460486411037,0.016259340897040737,1.0,1.0,False
2465,2102.5173848867416,0.00504657934699743,-0.030771881301745907,0.0015826071987138856,1.0,1.0,False
2466,2102.5503670573235,0.0021956822200235354,-0.04398870682291545,0.000688593061858575,1.0,1.0,False
2467,2102.5614194124937,0.0009195810142349414,-0.05032725580895203,0.00028839768485149894,1.0,1.0,False
2468,2102.5309334993362,0.001125995204817045,-0.04363759566246017,0.0003531269053604776,1.0,1.0,False
2469,2102.525937974453,0.0014383876459797915,-0.04494095586551339,0.0004510997629329367,1.0,1.0,False
2470,2102.4371445327997,0.0043425373160472,-0.019963736109616548,0.0013617897886666743,1.0,1.0,False
2471,2102.3993594050407,0.005866504137928362,-0.010982158471449566,0.001839651482269959,1.0,1.0,False
2472,2102.4204223155975,0.006269090834904422,-0.020453567001482043,0.0019659534688966415,1.0,1.0,False
2473,2102.4432858228683,0.006272125407997206,-0.030488782259112668,0.0019669648623880445,1.0,1.0,False
2474,2102.452980145812,0.004923110154284765,-0.036393150145386244,0.0015439367543275664,1.0,1.0,False
2475,2102.454614341259,0.0009736343474501631,-0.03976870675836608,0.0003053449873181462,1.0,1.0,False
2476,2102.4558810591698,0.004653222809845255,-0.04302790755934893,0.0014593302012351336,1.0,1.0,False
2477,2102.4669952243567,0.009836421166290748,-0.049374373657599335,0.0030849311268897534,1.0,1.0,False
2478,2102.451847612858,0.01035341548354963,-0.047483444031740873,0.003247060951579101,1.0,1.0,False
2479,2102.419958680868,0.007975110968928391,-0.04034096657386499,0.0025011254589345677,1.0,1.0,False
2480,2102.414898991585,0.00557080184877593,-0.04161148875050458,0.001747104206333313,1.0,1.0,False
2481,2102.423506870866,0.0028211625253494583,-0.04716731142030994,0.0008847831916334947,1.0,1.0,False
2482,2102.412629067898,0.0009023218797697304,-0.046610863213913944,0.000282989514611558,1.0,1.0,False
2483,2102.377700418234,0.0005753887758707253,-0.03851042336333421,0.00018045171332959527,1.0,1.0,False
2484,2102.3384366482496,0.00033917676339141975,-0.029049450231468654,0.00010636892841212202,1.0,1.0,False
2485,2102.313855186105,0.0008370153380021,-0.02419196326565043,0.00026249249518319633,1.0,1.0,False
2486,2102.297198832035,0.0015683263799388778,-0.02181870656954743,0.0004918331255638473,1.0,1.0,False
2487,2102.2718243300915,0.00046787216531943466,-0.01671028229878857,0.0001467246237261892,1.0,1.0,False
2488,2102.240797713399,0.001708106403025258,-0.009828284702848578,0.0005356523185912643,1.0,1.0,False
2489,2102.214194022119,0.0029542938830832447,-0.004332224979748389,0.0009264367091956771,1.0,1.0,False
2490,2102.19410661608,0.0031831934173459104,-0.0008784958046135216,0.0009982092899941493,1.0,1.0,False
2491,2102.189117990434,0.003422798251130343,-0.002158415129315472,0.001073352221195743,1.0,1.0,False
2492,2102.2123312056065,0.004954172381637294,-0.012281140575566951,0.0015536221123826908,1.0,1.0,False
2493,2102.2570984959602,0.0076869108188108975,-0.029162645854000857,0.0024107257738920267,1.0,1.0,False
2494,2102.298094332218,0.008824707141210992,-0.04486103126220087,0.002767683947384503,1.0,1.0,False
2495,2102.317058607936,0.006642364398741155,-0.053649029806365434,0.0020832940020362677,1.0,1.0,False
2496,2102.3113351762295,0.0029890544963926046,-0.05469301597304366,0.0009374838405856627,1.0,1.0,False
2497,2102.2828918099403,0.0006111714502564743,-0.04861004009114822,0.00019168418745703933,1.0,1.0,False
2498,2102.234665118158,0.00031571150548297946,-0.036321421083869154,9.901459941867793e-05,1.0,1.0,False
2499,2102.1753235682845,0.0015113754508885322,-0.020546284946419746,0.00047398267544763496,1.0,1.0,False
2500,2102.1089330352843,0.00405712412628749,-0.0025601176008080984,0.0012722924291381167,1.0,1.0,False
2501,2102.0481191854924,0.006503693364606218,0.013677609977662541,0.00203943286023818,1.0,1.0,False
2502,2102.023106536828,0.006844233315129161,0.01868955260687244,0.0021461929521101224,1.0,1.0,False
2503,2102.043286865577,0.004493757574326256,0.009531016073196952,0.001409177624253869,1.0,1.0,False
2504,2102.0753488130867,0.000787055517448499,-0.0033526704651762884,0.0002468187894177646,1.0,1.0,False
2505,2102.094131976366,0.002007949620043886,-0.012071395829934772,0.0006297051693200517,1.0,1.0,False
2506,2102.1183785907924,0.002001738228244593,-0.02250263974013933,0.0006277770679662861,1.0,1.0,False
2507,2102.1706899926066,0.0006914295865333443,-0.041735034684108996,0.00021685564696388655,1.0,1.0,False
2508,2102.212865769863,0.004420867234004697,-0.05778836603747095,0.0013865991322180255,1.0,1.0,False
2509,2102.2035879418254,0.007537447557279139,-0.05770258954555629,0.002364114246439578,1.0,1.0,False
2510,2102.161473490298,0.008372313406007184,-0.04731661440627022,0.0026258964414009192,1.0,1.0,False
2511,2102.1185729578137,0.006870041674397005,-0.03668321449652012,0.002154661955628602,1.0,1.0,False
2512,2102.092066619545,0.00423605857164049,-0.031190574182005548,0.0013285433950735088,1.0,1.0,False
2513,2102.0820595398545,0.0023467049149501966,-0.03087143383874036,0.0007359913223371688,1.0,1.0,False
2514,2102.085394755006,0.0029037703484308106,-0.03473568356770329,0.0009107141258742125,1.0,1.0,False
2515,2102.110481340438,0.005476145295376525,-0.04542091266364423,0.0017175477120583425,1.0,1.0,False
2516,2102.155039563775,0.007692874597875188,-0.06221272662571664,0.0024129265271420693,1.0,1.0,False
2517,2102.1918314918876,0.008247390147020894,-0.07656818778508523,0.0025869650858125186,1.0,1.0,False
2518,2102.195069104433,0.0070069767852088995,-0.0803978385375217,0.002197911821413842,1.0,1.0,False
2519,2102.1572660654783,0.005107797644459503,-0.07135305006812587,0.0016021489828537277,1.0,1.0,False
2520,2102.1024418137968,0.004571378898393163,-0.056968482930983555,0.0014338359215544654,1.0,1.0,False
2521,2102.06299409084,0.00452630020973273,-0.04740607190734636,0.001419660771680042,1.0,1.0,False
2522,2102.0364549215883,0.003457629987246565,-0.04189138618068,0.0010844605108070822,1.0,1.0,False
2523,2102.005906360224,0.0021957889042338286,-0.03511812025783456,0.0006886812450840971,1.0,1.0,False
2524,2101.983056178782,0.0018818706154460861,-0.030758276123947326,0.0005902185573315096,1.0,1.0,False
2525,2101.9973984318203,0.0021016123474626803,-0.03806220317324005,0.0006591520011429161,1.0,1.0,False
2526,2102.048569776118,0.0026804236614594553,-0.05691673072175263,0.0008407377855128136,1.0,1.0,False
2527,2102.105017889291,0.004072476115857582,-0.07742639478647106,0.0012774440161446307,1.0,1.0,False
2528,2102.137762196362,0.005837412275743717,-0.0905004680591901,0.0018311364370688118,1.0,1.0,False
2529,2102.135103955865,0.0067985606193225285,-0.09246825409803705,0.002132654860684055,1.0,1.0,False
2530,2102.107931867242,0.007261027451320441,-0.0867451359399638,0.002277694274319973,1.0,1.0,False
2531,2102.0835559628904,0.007465086686741998,-0.08189805800617478,0.0023416772743483577,1.0,1.0,False
2532,2102.070406924933,0.006202324958507102,-0.08057154209399187,0.0019455656646374707,1.0,1.0,False
2533,2102.0623815003783,0.0034514344005154634,-0.08085107058838048,0.001082660221511038,1.0,1.0,False
2534,2102.060405926779,0.0005395349786781142,-0.08302720670354802,0.00016924494004309527,1.0,1.0,False
2535,2102.0631340183318,0.005004237569312173,-0.0866777123106317,0.0015697820394368206,1.0,1.0,False
2536,2102.063226437196,0.007950879165212659,-0.08950032907074501,0.002494140526382693,1.0,1.0,False
2537,2102.0598269477487,0.00831822846265558,-0.0912264315579705,0.0026093935428074906,1.0,1.0,False
2538,2102.055791946128,0.006712014700083439,-0.09275204160178419,0.002105544208348662,1.0,1.0,False
2539,2102.04153547436,0.0036281324287193548,-0.09107005900466447,0.0011381338859480995,1.0,1.0,False
2540,2102.002072725445,0.0003185735399146724,-0.08147991370691443,9.993299391706647e-05,1.0,1.0,False
2541,2101.944137018174,0.001570760360440382,-0.06609428063040923,0.0004927094963692653,1.0,1.0,False
2542,2101.89609669894,0.00261074438415882,-0.05381194389161692,0.0008189002375626267,1.0,1.0,False
2543,2101.8892379514873,0.003699118258323828,-0.0544458894573836,0.001160289830521248,1.0,1.0,False
2544,2101.9188809655607,0.003743298692275373,-0.06652830544555854,0.0011741904595417205,1.0,1.0,False
2545,2101.9438854325563,0.002407741454128067,-0.07715497813097727,0.0007552798674953025,1.0,1.0,False
2546,2101.941046975553,0.0007749330301455532,-0.07904670174514195,0.0002430890643149724,1.0,1.0,False
2547,2101.9231737218797,0.0005464496960119327,-0.07622102357225913,0.0001714149845556277,1.0,1.0,False
2548,2101.9127551689744,0.0012787353838205249,-0.07573265962037112,0.0004011248063061875,1.0,1.0,False
2549,2101.923775665462,0.00026255379279861436,-0.08196840453462073,8.236177318372625e-05,1.0,1.0,False
2550,2101.936416503042,0.002394778664032935,-0.08871144343567039,0.0007512456616221053,1.0,1.0,False
2551,2101.911442209035,0.00414765555688889,-0.08365351944991062,0.001301109568773477,1.0,1.0,False
2552,2101.851808488369,0.004849289949117935,-0.06772222884364965,0.0015211445205458563,1.0,1.0,False
2553,2101.7914049327374,0.007794532796483465,-0.05154898255369744,0.0024449121204734563,1.0,1.0,False
2554,2101.799306795001,0.011770392530485887,-0.05680035493003288,0.003692083054677218,1.0,1.0,False
2555,2101.807160280645,0.0136306595933476,-0.06203550565180649,0.004275675323503321,1.0,1.0,False
2556,2101.780216179788,0.013947161352240159,-0.05635426155214418,0.004374893624597336,1.0,1.0,False
2557,2101.717663526535,0.01247344411049611,-0.03950271863317312,0.003912443335636191,1.0,1.0,False
2558,2101.624118283391,0.011307430473017972,-0.01293016550783932,0.0035464478306150215,1.0,1.0,False
2559,2101.5672537088394,0.010720893855716115,0.0021378051738452086,0.003362349517670575,1.0,1.0,False
2560,2101.505965679884,0.008671166172085805,0.018593583410563497,0.002719379779591498,1.0,1.0,False
2561,2101.509611994028,0.009992554166599355,0.014685942868368329,0.003133823700100815,1.0,1.0,False
2562,2101.54908362031,0.011889499524377675,-0.00045632923223593025,0.0037289041684596094,1.0,1.0,False
2563,2101.577038317919,0.01075322048852397,-0.011985968238946043,0.003372650410974834,1.0,1.0,False
2564,2101.594483792782,0.00719817596347857,-0.02021866460614774,0.002257700269708373,1.0,1.0,False
2565,2101.5837576687336,0.003633226929033109,-0.0196143405581779,0.0011395580828229858,1.0,1.0,False
2566,2101.6689290851355,0.00011339609591856039,-0.04908834171050103,3.556963290614334e-05,1.0,1.0,False
2567,2101.7624122202396,0.002569124371254312,-0.08117121525970106,0.0008059478987263984,1.0,1.0,False
2568,2101.8440460935235,0.0034347679561074367,-0.10953850381133634,0.0010775941012339506,1.0,1.0,False
2569,2101.9020822159946,0.002425714450839931,-0.13050316834932119,0.0007610694395107194,1.0,1.0,False
2570,2101.9176459237933,0.0004634572829379185,-0.13814171070623615,0.00014541347101627747,1.0,1.0,False
2571,2101.8865986950696,0.0011007755843393387,-0.1311547079126285,0.00034537105377379854,1.0,1.0,False
2572,2101.8539360910654,0.0022254589684964823,-0.12365985670965074,0.0006982297290203064,1.0,1.0,False
2573,2101.8451157063246,0.002408081263094186,-0.1236443395752076,0.0007555282930407923,1.0,1.0,False
2574,2101.828989841044,0.00180543401294904,-0.12133561158560724,0.0005664469308036378,1.0,1.0,False
2575,2101.7625789642334,0.002534226780687292,-0.10324947611422886,0.000795063063990475,1.0,1.0,False
2576,2101.658703416586,0.004869520436403164,-0.07341004663982176,0.0015275880286243085,1.0,1.0,False
2577,2101.5689999461174,0.006733506958645963,-0.048017390327572684,0.0021121794841537397,1.0,1.0,False
2578,2101.5405946820974,0.0068436998940776955,-0.0418526416081022,0.0021467116296266277,1.0,1.0,False
2579,2101.5715243816376,0.0060774069678768755,-0.05429905625163656,0.0019064145658018866,1.0,1.0,False
2580,2101.613001897931,0.0060463236671000915,-0.07005369494874003,0.0018967530430867479,1.0,1.0,False
2581,2101.6186579167843,0.00709778217032562,-0.07457028851104042,0.0022266324251930636,1.0,1.0,False
2582,2101.6008090227842,0.008456449052347055,-0.07171210334945499,0.0026528411160821256,1.0,1.0,False
2583,2101.609955832362,0.010381590651779163,-0.0773215634919211,0.0032568287471553816,1.0,1.0,False
2584,2101.6576358377934,0.011381967174609488,-0.09501874444629266,0.003570846050344706,1.0,1.0,False
2585,2101.7037127166986,0.010072569958497287,-0.11221277449237732,0.003160212190454725,1.0,1.0,False
2586,2101.701498493552,0.007550333956211345,-0.1142550687885091,0.0023688934144685176,1.0,1.0,False
2587,2101.6397605389357,0.005644369172851695,-0.09762121354316378,0.0017708226619840414,1.0,1.0,False
2588,2101.5902756005526,0.005772158417536726,-0.08483095975248034,0.0018108520107116984,1.0,1.0,False
2589,2101.6149945110083,0.005791883142639824,-0.09531931863409682,0.0018170980783521298,1.0,1.0,False
2590,2101.6969546824694,0.004958471360185406,-0.12376633263852455,0.0015557595207574295,1.0,1.0,False
2591,2101.793798290193,0.0033772796547385775,-0.1568848442250328,0.0010597502832686726,1.0,1.0,False
2592,2101.840190857649,0.001707874595358448,-0.17417337116950193,0.0005359382687938441,1.0,1.0,False
2593,2101.798841096461,0.0004195191933653115,-0.1639274365417691,0.00013164332038705207,1.0,1.0,False
2594,2101.7289304733276,0.0008929652794003118,-0.14471870345130355,0.00028019391423343465,1.0,1.0,False
2595,2101.6714789122343,0.001173895098149676,-0.12941901559850066,0.00036832854267575537,1.0,1.0,False
2596,2101.6338809132576,0.00019577211133310277,-0.12034796678716475,6.14251982070753e-05,1.0,1.0,False
2597,2101.6221016198397,0.0013056461465947309,-0.11937672209643324,0.00040965751998637786,1.0,1.0,False
2598,2101.6331121772528,0.0026517321943356643,-0.12555491554962828,0.0008320197512020667,1.0,1.0,False
2599,2101.6555277854204,0.002855048591552217,-0.13531069602498746,0.000895839981890634,1.0,1.0,False
2600,2101.6442806124687,0.0025491678384844036,-0.13450298951823925,0.0007998623587859399,1.0,1.0,False
2601,2101.560136243701,0.0036909470380687786,-0.1108216584121351,0.0011580471368609633,1.0,1.0,False
2602,2101.456077873707,0.0063735728723629285,-0.08089307148338776,0.0019995637031855885,1.0,1.0,False
2603,2101.3926073759794,0.009156592499810028,-0.06369847251960437,0.002872538094243569,1.0,1.0,False
2604,2101.427960321307,0.011742217362256354,-0.07750557970138061,0.003683833594720307,1.0,1.0,False
2605,2101.4904996454716,0.02795166349187939,-0.099841710965336,0.008769727129518744,1.0,1.0,False
2606,2101.5333207547665,0.014081051353247142,-0.11599126812626537,0.004418088204397455,1.0,1.0,False
2607,2101.5331054478884,0.014155925229626744,-0.11863699170379505,0.004441623387963733,1.0,1.0,False
2608,2101.4806386828423,0.013128827604840512,-0.10488719413029912,0.004119204038157823,1.0,1.0,False
2609,2101.4797907173634,0.009144390987166124,-0.10733204516287742,0.0028691025481753234,1.0,1.0,False
2610,2101.4373495429754,0.005773043501355455,-0.09672581965253357,0.0018112729145463404,1.0,1.0,False
2611,2101.4249320030212,0.005828909149056645,-0.09553841474001956,0.0018287981856421134,1.0,1.0,False
2612,2101.4205737560987,0.008763320256354875,-0.0968784558018001,0.00274947477210959,1.0,1.0,False
2613,2101.4113914370537,0.010451238318943415,-0.09670382347752593,0.003279060989640525,1.0,1.0,False
2614,2101.40218706429,0.009468394885093621,-0.09652113331839018,0.0029706999135738978,1.0,1.0,False
2615,2101.4063476771116,0.007581143302472808,-0.10053059069554138,0.002378608646022207,1.0,1.0,False
2616,2101.455849274993,0.00794192032572606,-0.11876534293128316,0.0024919382639145603,1.0,1.0,False
2617,2101.4827384650707,0.008586198125487844,-0.12990457275515155,0.0026941845808895913,1.0,1.0,False
2618,2101.553671747446,0.006533098693976662,-0.15486399842529863,0.002050111333557117,1.0,1.0,False
2619,2101.5376264750957,0.0037050451588956724,-0.15252903034917153,0.001162652026696999,1.0,1.0,False
2620,2101.4426430761814,0.00033451953663096593,-0.12542294996194414,0.00010496514223676912,1.0,1.0,False
2621,2101.3888118565083,0.0037541462374108643,-0.1112296675121911,0.0011779264035169659,1.0,1.0,False
2622,2101.306529119611,0.005743329973155274,-0.0881090814897334,0.0018019512858486013,1.0,1.0,False
2623,2101.2888994812965,0.00542611171783803,-0.08527278115360559,0.0017024148963420307,1.0,1.0,False
2624,2101.320348933339,0.0029107245784351084,-0.09783391819837561,0.0009132595991989046,1.0,1.0,False
2625,2101.382575497031,0.0011217172996931893,-0.12005145255892558,0.0003519694383046205,1.0,1.0,False
2626,2101.456404402852,0.006226501444484164,-0.14591016616742536,0.0019538829012201962,1.0,1.0,False
2627,2101.4591979682446,0.04185059831271096,-0.14947793083427996,0.013132924242453386,1.0,1.0,False
2628,2101.479578897357,0.010042561402357531,-0.15856349160355876,0.003151493523565031,1.0,1.0,False
2629,2101.4231667220592,0.006735825035314062,-0.1435497290192984,0.0021137083535108536,1.0,1.0,False
2630,2101.3654024749994,0.004519006170762314,-0.1281111518356397,0.0014180090999303247,1.0,1.0,False
2631,2101.3511356264353,0.004516603800397192,-0.12632070657360828,0.0014172510340090155,1.0,1.0,False
2632,2101.3866260945797,0.004547307779537379,-0.14014262562085378,0.0014269447398714324,1.0,1.0,False
2633,2101.4225109815598,0.003052906971886609,-0.15408778924779654,0.0009580419984597493,1.0,1.0,False
2634,2101.4132063388824,0.002342606133932512,-0.15385106521648595,0.00073514139998792,1.0,1.0,False
2635,2101.3611555844545,0.004050038187381595,-0.14019914118910037,0.0012709098770840982,1.0,1.0,False
2636,2101.310168683529,0.005778880839874214,-0.12688038721921657,0.0018133591195581974,1.0,1.0,False
2637,2101.284811526537,0.005739431389668016,-0.12160313003101919,0.0018009570004463777,1.0,1.0,False
2638,2101.270832642913,0.003938770507312835,-0.11989512084130638,0.0012359302528689206,1.0,1.0,False
2639,2101.254177197814,0.002762072643737185,-0.11734611968353192,0.0008666947226149488,1.0,1.0,False
2640,2101.241540722549,0.002759786177205469,-0.11605708189034658,0.0008659759333427958,1.0,1.0,False
2641,2101.2502141669393,0.001650291463580439,-0.12145367226082726,0.0005178436382200122,1.0,1.0,False
2642,2101.2738834023476,0.0006734223455070648,-0.1315548704409366,0.0002113191863532575,1.0,1.0,False
2643,2101.282045289874,0.002229041450619908,-0.13678896817850728,0.0006994826742577308,1.0,1.0,False
2644,2101.2619337290525,0.0024503545521506126,-0.1331496696379304,0.0007689253354394391,1.0,1.0,False
2645,2101.2428270876408,0.0014847702527660304,-0.1298246068652702,0.0004659199613331434,1.0,1.0,False
2646,2101.238552622497,0.00011479747863154762,-0.1311527568431643,3.602358969416441e-05,1.0,1.0,False
2647,2101.235292188823,0.0012149145184629036,-0.1327979954897387,0.0003812442641221442,1.0,1.0,False
2648,2101.2265374809504,0.0007559880217399063,-0.13271799097452686,0.0002372320385148965,1.0,1.0,False
2649,2101.2124090641737,0.000919370279992387,-0.13095056755662426,0.0002885012083375533,1.0,1.0,False
2650,2101.1919772699475,0.0015391502240572113,-0.12720400955998912,0.0004829859361408019,1.0,1.0,False
2651,2101.1812821775675,5.873163339993084e-05,-0.1265117152751145,1.8430010361880135e-05,1.0,1.0,False
2652,2101.193651996553,0.002360824109201346,-0.1330561474308638,0.0007408430547841354,1.0,1.0,False
2653,2101.217912092805,0.004361693058695402,-0.14333095195348733,0.001368772681354427,1.0,1.0,False
2654,2101.2436132878065,0.0062424329532212814,-0.15405722999156524,0.0019590445852928524,1.0,1.0,False
2655,2101.2702024132013,0.007283080789803766,-0.1650614201196845,0.0022857046438731167,1.0,1.0,False
2656,2101.287641376257,0.006617603125241005,-0.17319312435660095,0.002076905317788105,1.0,1.0,False
2657,2101.2839254289865,0.005687864720514938,-0.17468444503464298,0.0017851224951866635,1.0,1.0,False
2658,2101.256760507822,0.005462905916588041,-0.16881527892820714,0.0017144947674870372,1.0,1.0,False
2659,2101.2144264802337,0.006396953836574347,-0.15818444363389972,0.002007582719431338,1.0,1.0,False
2660,2101.171136163175,0.007561408040657583,-0.14725265041209923,0.002372959490455263,1.0,1.0,False
2661,2101.1570111587644,0.00824977144396176,-0.14547268433733507,0.0025889776767706505,1.0,1.0,False
2662,2101.168593481183,0.008345771428157449,-0.1517592426254737,0.0026191573765054106,1.0,1.0,False
2663,2101.185298964381,0.0079300770612945,-0.15965265418441277,0.002488761177433179,1.0,1.0,False
2664,2101.209197178483,0.007604850904760187,-0.16980256855362086,0.0023867669730497838,1.0,1.0,False
2665,2101.2457312121987,0.00787782550585312,-0.18391756746888177,0.0024725442772755707,1.0,1.0,False
2666,2101.278774946928,0.009171702145001183,-0.19693655670761245,0.0028787550478981934,1.0,1.0,False
2667,2101.254228003323,0.009167308336043923,-0.19187852149008222,0.0028773407637580828,1.0,1.0,False
2668,2101.1773816794157,0.007660231863703501,-0.17040480136864744,0.002404173240602962,1.0,1.0,False
2669,2101.105832669884,0.006673579408419536,-0.15059365143065406,0.0020943975248368537,1.0,1.0,False
2670,2101.051245767623,0.0060013055645343925,-0.13610544980014083,0.0018833413836850076,1.0,1.0,False
2671,2101.0146395284683,0.005021175334057488,-0.1272592096213998,0.0015757187479165313,1.0,1.0,False
2672,2101.0032269971853,0.0037131105592800957,-0.12631809288114937,0.0011652281885012401,1.0,1.0,False
2673,2101.019666166976,0.002752781897818565,-0.13411622481970653,0.0008638841429217083,1.0,1.0,False
2674,2101.0594775471836,0.002330538964368237,-0.14924841513368392,0.0007314080532922776,1.0,1.0,False
2675,2101.119962476194,0.0025353120620364472,-0.17086866721240312,0.0007957240606763961,1.0,1.0,False
2676,2101.1753679811954,0.0030208121467455635,-0.19089491392935543,0.0009481575589109909,1.0,1.0,False
2677,2101.189063757658,0.0031930873900338427,-0.19782909277836325,0.0010022524523781323,1.0,1.0,False
2678,2101.1747890487313,0.0021156137445649645,-0.19598280218832542,0.0006640509064224249,1.0,1.0,False
2679,2101.158077955246,0.0004249245266868336,-0.1933706585328423,0.00013337502635633744,1.0,1.0,False
2680,2101.1457877531648,0.00023068023861225076,-0.19214502202271433,7.24056641043265e-05,1.0,1.0,False
2681,2101.131094902754,0.0022613470100035084,-0.19016412304637242,0.0007097867306978906,1.0,1.0,False
2682,2101.1132219471037,0.006217476750546768,-0.18718394615058287,0.001951515944343236,1.0,1.0,False
2683,2101.089975051582,0.010876974172464084,-0.182515926770634,0.0034139819083918747,1.0,1.0,False
2684,2101.055887155235,0.0132079899230561,-0.17444418829398955,0.004145537249359655,1.0,1.0,False
2685,2101.020402795635,0.013863983229614893,-0.16593318220600395,0.004351335283046544,1.0,1.0,False
2686,2100.981958215125,0.013155705440389319,-0.15649215020300744,0.004128934055370169,1.0,1.0,False
2687,2100.9351352863014,0.011929765569773768,-0.1444207278104841,0.003744050897857982,1.0,1.0,False
2688,2100.887745037675,0.009840130088959707,-0.13217050200449876,0.0030881364565861764,1.0,1.0,False
2689,2100.8933654613793,0.006601624201299312,-0.13655576274629766,0.002071823849533167,1.0,1.0,False
2690,2100.9521221686155,0.005756698426667323,-0.15761667150474068,0.0018067685631215037,1.0,1.0,False
2691,2101.004401009408,0.006304792022124626,-0.17664458600285116,0.0019789021093687786,1.0,1.0,False
2692,2101.00159433356,0.006055385074893806,-0.17838210500536889,0.0019006337085683326,1.0,1.0,False
2693,2100.9544342905283,0.004995866151526696,-0.16619728418436353,0.0015680263207900028,1.0,1.0,False
2694,2100.9285957291722,0.003325312590524645,-0.16070361952034773,0.0010436844241365514,1.0,1.0,False
2695,2100.966453578323,0.0017889071799767056,-0.17520098745734458,0.0005614918178017858,1.0,1.0,False
2696,2101.0337147843093,0.0006184233423783801,-0.1989273769483475,0.00019412068388474784,1.0,1.0,False
2697,2101.088975764811,0.0009559853546362261,-0.2188872888957576,0.00030009781553460397,1.0,1.0,False
2698,2101.1018697842956,0.0020868801305926627,-0.22554716091906357,0.0006551161532494407,1.0,1.0,False
2699,2101.064018957317,0.0008752846764499918,-0.2162762035982837,0.0002747638730326094,1.0,1.0,False
2700,2101.0119607644156,0.00164643897820874,-0.20254457951369886,0.0005168207361970779,1.0,1.0,False
2701,2100.969747508876,0.005279897714908659,-0.19190256008710094,0.001657324725356793,1.0,1.0,False
2702,2100.9364776369184,0.010138379628269016,-0.1840669009631597,0.003182305934807751,1.0,1.0,False
2703,2100.907341092825,0.012531269586653057,-0.1775276356608515,0.003933338624245339,1.0,1.0,False
2704,2100.904729794711,0.010271350301142856,-0.1793130934408964,0.003224014499841681,1.0,1.0,False
2705,2100.9198223538697,0.006770232668767143,-0.18665449481994756,0.0021251182183222007,1.0,1.0,False
2706,2100.934919234365,0.0037392315213940716,-0.19399632265918854,0.0011737400171079786,1.0,1.0,False
2707,2100.9454007875174,0.002197296971157109,-0.19988844440246112,0.0006897418484585585,1.0,1.0,False
2708,2100.95449934341,0.0031878690833525877,-0.2053454371247767,0.001000704896900993,1.0,1.0,False
2709,2100.967569133267,0.006280178090240819,-0.21204805856575604,0.001971454566744401,1.0,1.0,False
2710,2100.9891704753973,0.009436400817262297,-0.2214279883379504,0.0029623322861976127,1.0,1.0,False
2711,2101.015405703103,0.011685880525959702,-0.23226183588189997,0.003668624079791441,1.0,1.0,False
2712,2101.0304833063856,0.013804466611161447,-0.2395920658549926,0.004333825756405858,1.0,1.0,False
2713,2101.021463317331,0.01476931268215258,-0.2393559812908279,0.004636740474931121,1.0,1.0,False
2714,2100.9913960459526,0.01379134272461605,-0.23251115380503506,0.0043296378245234616,1.0,1.0,False
2715,2100.9549229368567,0.012216917317034554,-0.2236543104082216,0.003835276496832842,1.0,1.0,False
2716,2100.924366272986,0.011254104172939563,-0.2166538564675875,0.003532956570047822,1.0,1.0,False
2717,2100.9175624735653,0.011174599411579826,-0.21710898593210004,0.003508010435258341,1.0,1.0,False
2718,2100.942084359005,0.010846293900926184,-0.22739715785650105,0.0034050538869714662,1.0,1.0,False
2719,2100.9595480822027,0.010396083899310847,-0.2354686796964529,0.0032637986901023815,1.0,1.0,False
2720,2100.961784310639,0.009537110053234571,-0.23875862295057004,0.0029941629747797954,1.0,1.0,False
2721,2100.95145062916,0.008624765126053343,-0.2381011660258423,0.0027077345757970397,1.0,1.0,False
2722,2100.9135508984327,0.009495537455534638,-0.22878836944784098,0.002981040200653698,1.0,1.0,False
2723,2100.8421870544553,0.011928011207204502,-0.20896931361323823,0.003744491021352676,1.0,1.0,False
2724,2100.7739961221814,0.013627877901345882,-0.19014617170381598,0.004277900651589312,1.0,1.0,False
2725,2100.7364051640034,0.012882900743779445,-0.1809280505255515,0.0040439493487698305,1.0,1.0,False
2726,2100.743182376027,0.008366802705564384,-0.18563614360868996,0.002626384985843638,1.0,1.0,False
2727,2100.7741023525596,0.0024687621882377455,-0.19792195495841725,0.0007749867943719414,1.0,1.0,False
2728,2100.7955729067326,0.001923034257006562,-0.2072407082704899,0.0006036908340992019,1.0,1.0,False
2729,2100.7951270341873,0.0037560217721695987,-0.20967836661475303,0.0011791245095698524,1.0,1.0,False
2730,2100.774359293282,0.0015755440277463685,-0.20573531076342988,0.0004946046807070009,1.0,1.0,False
2731,2100.7462335526943,0.003821791929270849,-0.199481327707133,0.0011997423129100984,1.0,1.0,False
2732,2100.7101438343525,0.009562024109060572,-0.19072630288582104,0.003001656115260641,1.0,1.0,False
2733,2100.6547744870186,0.013186400199906394,-0.17591838118511305,0.004139234500105293,1.0,1.0,False
2734,2100.5971012860537,0.01442111320045729,-0.16038674536093822,0.004526623233852769,1.0,1.0,False
2735,2100.583890989423,0.014680274171950777,-0.1588107018690721,0.004607960780930725,1.0,1.0,False
2736,2100.6285628825426,0.012707843808489447,-0.1754024914891943,0.003989036354592582,1.0,1.0,False
2737,2100.6802555024624,0.00980373628527055,-0.1941979743167508,0.0030775987018165744,1.0,1.0,False
2738,2100.7073481678963,0.00693467386658846,-0.20527064960066355,0.002177013406486834,1.0,1.0,False
2739,2100.699132040143,0.004391259072925794,-0.20525786708833493,0.0013785581917136614,1.0,1.0,False
2740,2100.664861008525,0.0037867468247340407,-0.19706457402440947,0.0011887572461244406,1.0,1.0,False
2741,2100.6302066892385,0.005044113756359542,-0.18875000222874405,0.0015834432204040484,1.0,1.0,False
2742,2100.6161593049765,0.0064014530126528845,-0.18690330752991713,0.0020095318787747216,1.0,1.0,False
2743,2100.6370269209146,0.007581606917806428,-0.19601609109258789,0.002380070784369768,1.0,1.0,False
2744,2100.6920902878046,0.008781274813820517,-0.21586347725354926,0.002756841049843272,1.0,1.0,False
2745,2100.7688307762146,0.011846130417259964,-0.24251686786516302,0.0037193293202342353,1.0,1.0,False
2746,2100.8298862949014,0.016219529763129265,-0.26424633724843716,0.005092772297627916,1.0,1.0,False
2747,2100.8472538739443,0.018526216245418368,-0.2722579429292864,0.0058171952323487885,1.0,1.0,False
2748,2100.833773329854,0.018179200168203923,-0.2705822915734757,0.005708218823726757,1.0,1.0,False
2749,2100.813194207847,0.016412688769854692,-0.26667660496713097,0.005153493703563477,1.0,1.0,False
2750,2100.799316935241,0.015849670094021915,-0.2648741677030557,0.004976694916040146,1.0,1.0,False
2751,2100.801451139152,0.015999122818841544,-0.26809814549585553,0.005023679862907963,1.0,1.0,False
2752,2100.7908048331738,0.016040226532851795,-0.26730798978894654,0.005036586647297639,1.0,1.0,False
2753,2100.7460157349706,0.014820401906537372,-0.2557961403431932,0.0046534233317442235,1.0,1.0,False
2754,2100.6699104607105,0.012517614007735527,-0.2344510476701771,0.003930146563915275,1.0,1.0,False
2755,2100.604656264186,0.012169417818762776,-0.2165127703264602,0.003820637337800392,1.0,1.0,False
2756,2100.5732536762953,0.014160477089265922,-0.20920171133229815,0.004445656109137403,1.0,1.0,False
2757,2100.556135430932,0.017461460411487655,-0.206374154200887,0.0054819624401649435,1.0,1.0,False
2758,2100.5461086183786,0.019727359281130338,-0.205771820334121,0.006193336987268787,1.0,1.0,False
2759,2100.5585272461176,0.01882798768075637,-0.21221511177367347,0.005911104569653129,1.0,1.0,False
2760,2100.588247269392,0.017115287271243423,-0.2240894215061644,0.005373591230569422,1.0,1.0,False
2761,2100.6139141619205,0.01762416832016396,-0.23469050263275903,0.005533541717647823,1.0,1.0,False
2762,2100.6217150241137,0.018966987987145297,-0.23968122924401314,0.005955251541954972,1.0,1.0,False
2763,2100.605881780386,0.01845298609613069,-0.2372502603761859,0.005793838728499761,1.0,1.0,False
2764,2100.5681856423616,0.016394723675676924,-0.22795380780814867,0.00514746456194705,1.0,1.0,False
2765,2100.547235354781,0.014336608769192948,-0.22391407138167096,0.004501235304849537,1.0,1.0,False
2766,2100.5691770911217,0.012006035560510296,-0.23334010963742458,0.0037696200660753626,1.0,1.0,False
2767,2100.616653546691,0.00988223479062209,-0.25078298085406914,0.0031029566681701356,1.0,1.0,False
2768,2100.6511106044054,0.00885595902938182,-0.2641375007320903,0.0027808250913813467,1.0,1.0,False
2769,2100.6345044970512,0.009115857570724249,-0.26145705943673647,0.002862419671306918,1.0,1.0,False
2770,2100.5598009228706,0.010739902084394529,-0.2405332295012954,0.0033721838132995756,1.0,1.0,False
2771,2100.5084057450294,0.03149102938927874,-0.22692767897518706,0.00988739686369583,1.0,1.0,False
2772,2100.5263290405273,0.017301534194813065,-0.23508552716333497,0.005432388641809688,1.0,1.0,False
2773,2100.485444098711,0.018864297190748506,-0.22477777236343854,0.005922909794296593,1.0,1.0,False
2774,2100.5218172222376,0.01765605241106245,-0.2387264099567119,0.005543784864991315,1.0,1.0,False
2775,2100.54458001256,0.015741047128697214,-0.24840092761996857,0.004942644369503758,1.0,1.0,False
2776,2100.5533818751574,0.014773587294553896,-0.2536908583600166,0.004638945500681592,1.0,1.0,False
2777,2100.556197717786,0.014424232067247095,-0.2571001356566853,0.004529301660657435,1.0,1.0,False
2778,2100.5556448847055,0.013590820284792677,-0.2594505587881599,0.004267643613152993,1.0,1.0,False
2779,2100.5522686094046,0.012698402914423007,-0.26091330958337267,0.00398744228289808,1.0,1.0,False
2780,2100.533327996731,0.012273120139523832,-0.25748759325085757,0.0038538701673221,1.0,1.0,False
2781,2100.4842807352543,0.012112962115182434,-0.24460722840700555,0.0038034485712918316,1.0,1.0,False
2782,2100.462833568454,0.03913939691512642,-0.24039245830613254,0.012289582562791692,1.0,1.0,False
2783,2100.4761511534452,0.013127162804324332,-0.24709245124239487,0.00412195441649681,1.0,1.0,False
2784,2100.477218180895,0.013419893740656746,-0.24994483531406786,0.004213916679018025,1.0,1.0,False
2785,2100.4555195122957,0.011860607859723456,-0.24564759909281975,0.003724256007940563,1.0,1.0,False
2786,2100.419461965561,0.008852229033288606,-0.23684064497530244,0.002779555547558539,1.0,1.0,False
2787,2100.408390030265,0.00659170388683106,-0.23587803452653588,0.0020697612075846533,1.0,1.0,False
2788,2100.4322787076235,0.0063628464994169055,-0.24589194142015458,0.001997962864126301,1.0,1.0,False
2789,2100.484539464116,0.009059444013992416,-0.2648144317103629,0.0028448668269558117,1.0,1.0,False
2790,2100.5132331997156,0.008824138158756096,-0.27633601811191966,0.002771073035838772,1.0,1.0,False
2791,2100.5534824430943,0.008844769041102178,-0.2914858948701067,0.002777678226803303,1.0,1.0,False
2792,2100.527162104845,0.009677759355071487,-0.2857290507251946,0.003039234208912547,1.0,1.0,False
2793,2100.4620550870895,0.011386476887400153,-0.2677908627260308,0.0035756711256463504,1.0,1.0,False
2794,2100.4596908837557,0.011420594761269722,-0.26955498661010324,0.0035864116286809054,1.0,1.0,False
2795,2100.397811770439,0.011232008687607728,-0.2526289052509014,0.0035270283013401162,1.0,1.0,False
2796,2100.343299359083,0.010377102012412752,-0.2380156186942486,0.0032584462499149276,1.0,1.0,False
2797,2100.2969698160887,0.010791932368881227,-0.22597112863815028,0.0033885962780240996,1.0,1.0,False
2798,2100.280268371105,0.012675875423893935,-0.22322875080629956,0.003980120487627183,1.0,1.0,False
2799,2100.2932913452387,0.014856869467211424,-0.22981857721885035,0.004665033315626592,1.0,1.0,False
2800,2100.2937044501305,0.016647035784287393,-0.23244791700341239,0.005227194285631741,1.0,1.0,False
2801,2100.3045146763325,0.017132736066526936,-0.2383409443174287,0.005379808019507531,1.0,1.0,False
2802,2100.3526671379805,0.015591826211544393,-0.25595915647232914,0.004896208047689036,1.0,1.0,False
2803,2100.3996957838535,0.011112016609897211,-0.2732243075576548,0.0034896200844371566,1.0,1.0,False
2804,2100.4096269011497,0.00583059502299708,-0.27883876832692067,0.0018310749625981794,1.0,1.0,False
2805,2100.404649809003,0.0035330227966984588,-0.27977033194764545,0.0011095372237502291,1.0,1.0,False
2806,2100.3872755914927,0.0038354264347641234,-0.2768075188556054,0.0012044990731421886,1.0,1.0,False
2807,2100.3601621240377,0.0044645102956377275,-0.27078507934493246,0.0014020394489094744,1.0,1.0,False
2808,2100.345494672656,0.006085267355124158,-0.2686701392361215,0.0019110167468591452,1.0,1.0,False
2809,2100.351743891835,0.010184132666505624,-0.2731228123608389,0.0031982722146466575,1.0,1.0,False
2810,2100.272199511528,0.01196898848066922,-0.2506320697795559,0.0037585649102015715,1.0,1.0,False
2811,2099.97485820204,0.007242743621600808,-0.1597586847968273,0.0022738215421613693,1.0,1.0,False
2812,2099.5975407361984,0.005309407094311365,-0.04380651695123561,0.0016663142701241846,1.0,1.0,False
2813,2099.133860260248,0.0001386420581765859,0.09920342424601358,4.349406682237575e-05,1.0,1.0,False
2814,2098.85662599653,0.0010850179313523281,0.1836847779034656,0.000340305088807745,1.0,1.0,False
2815,2098.7857112139463,0.0018546931421461474,0.203446703062923,0.0005816747155192763,1.0,1.0,False
2816,2098.8062541782856,0.0006606939972567748,0.19452581526900303,0.0002072147009510166,1.0,1.0,False
2817,2098.7906635329127,0.002854932687718812,0.19693853857359045,0.0008953939069768041,1.0,1.0,False
2818,2098.7430199235678,0.00828082313460216,0.2094049478585589,0.002597032549768039,1.0,1.0,False
2819,2098.7657716572285,0.012178858712829217,0.1997947122080177,0.0038196486450423847,1.0,1.0,False
2820,2098.8067858442664,0.013673480791434668,0.1844574061548201,0.004288603880860015,1.0,1.0,False
2821,2098.819722235203,0.01594750346612783,0.17792717547087022,0.0050019423687856866,1.0,1.0,False
2822,2098.8253399059176,0.016288587374414364,0.17369345296702932,0.005108997473564512,1.0,1.0,False
2823,2098.837851770222,0.015650610528504964,0.16729832073446005,0.0049089941253400125,1.0,1.0,False
2824,2098.89391483739,0.012315872848982069,0.1472432583381078,0.00386324534231237,1.0,1.0,False
2825,2098.9267568662763,0.009375208203036035,0.13447238468489786,0.002940931211209325,1.0,1.0,False
2826,2098.9027157872915,0.01089526590471781,0.1395461088781076,0.0034177205702298243,1.0,1.0,False
2827,2098.8777743838727,0.014170060228946086,0.1449032940769257,0.004444929100921098,1.0,1.0,False
2828,2098.8778528012335,0.016607465161891728,0.14241320072346753,0.00520955497250564,1.0,1.0,False
2829,2098.9076465144753,0.016661039074705137,0.13060264710634328,0.00522654897029575,1.0,1.0,False
2830,2098.967108842917,0.014714804294682342,0.10948526819549897,0.004616306243846858,1.0,1.0,False
2831,2099.0552637334913,0.012997089727285617,0.07936554394643736,0.004077787181812648,1.0,1.0,False
2832,2099.1256307549775,0.012175228815501217,0.05482550563260702,0.00382020778502226,1.0,1.0,False
2833,2099.0058283180115,0.010521899074515135,0.0899532293408356,0.003301122051793013,1.0,1.0,False
2834,2098.8071267977357,0.011689776145996674,0.14982906834342202,0.0036669131132312217,1.0,1.0,False
2835,2098.6729854643345,0.013948668102074423,0.18944730471270077,0.0043750115246437805,1.0,1.0,False
2836,2098.654567345977,0.015111225697974668,0.192767805110293,0.004739615388378347,1.0,1.0,False
2837,2098.7486976385117,0.014064656229176404,0.16078720499109522,0.004411772995532452,1.0,1.0,False
2838,2098.872227359563,0.012643322251775333,0.11958169151267839,0.003966407069980287,1.0,1.0,False
2839,2098.94133955054,0.010656543520574076,0.09544549072859354,0.003343361668420478,1.0,1.0,False
2840,2098.9112491197884,0.010233123109543475,0.10243306214300674,0.0032104625517291653,1.0,1.0,False
2841,2098.8438034281135,0.011721955264834742,0.12114077470010898,0.0036773704585266456,1.0,1.0,False
2842,2098.7870158702135,0.013080400875901496,0.13650519595154265,0.004103367626238119,1.0,1.0,False
2843,2098.697956800461,0.012755532967579523,0.16199323697981072,0.004001174646159833,1.0,1.0,False
2844,2098.6466326862574,0.009522469291733098,0.17564452202941538,0.0029869135278420083,1.0,1.0,False
2845,2098.6765971928835,0.011166027796263921,0.16379862387020694,0.003502575387849113,1.0,1.0,False
2846,2098.6779108196497,0.011485205880036922,0.1609408203115663,0.0036027337642026563,1.0,1.0,False
2847,2098.658039301634,0.011424830519545067,0.16472953558167092,0.003583765018209724,1.0,1.0,False
2848,2098.619870439172,0.012733174064444495,0.17425877235899634,0.0039940703314344265,1.0,1.0,False
2849,2098.6027599573135,0.014496492839019024,0.1771835137818698,0.004547151483902301,1.0,1.0,False
2850,2098.6273645311594,0.016246198181524535,0.16702430197818785,0.005096145955464716,1.0,1.0,False
2851,2098.643282547593,0.017544531849902626,0.15959073265293,0.005503540378326261,1.0,1.0,False
2852,2098.558928027749,0.01746415780979235,0.18361186723268474,0.005477966397798104,1.0,1.0,False
2853,2098.3678386062384,0.014770299840370047,0.24110820542307465,0.004632238911146409,1.0,1.0,False
2854,2098.3017271757126,0.020883721290299483,0.25940520516070364,0.006549195461290742,1.0,1.0,False
2855,2098.3318818360567,0.027326604655038576,0.24751330063213572,0.008570013773281588,1.0,1.0,False
2856,2098.349233582616,0.026024519917143014,0.2396373506429086,0.008161864594665627,1.0,1.0,False
2857,2098.378865480423,0.02041117082479534,0.22791084416968488,0.006401623887508351,1.0,1.0,False
2858,2098.4272671490908,0.01604144879145861,0.21029788373118663,0.005031398178824295,1.0,1.0,False
2859,2098.3639998435974,0.010665344309378757,0.22771009513837726,0.003345026037570712,1.0,1.0,False
2860,2098.239315867424,0.00984308036835547,0.2643835936474943,0.0030868202652712022,1.0,1.0,False
2861,2098.181525275111,0.009659341182272227,0.280078071000446,0.0030290710985218395,1.0,1.0,False
2862,2098.196870058775,0.00918740184607149,0.2728387226777613,0.002881142250275839,1.0,1.0,False
2863,2098.278437912464,0.010459836276039637,0.24483182075334753,0.0032804438077812526,1.0,1.0,False
2864,2098.348865762353,0.014606053571723093,0.2203176581211892,0.004581123608495568,1.0,1.0,False
2865,2098.3456860631704,0.018341613048940653,0.21889033874549568,0.005752802785407726,1.0,1.0,False
2866,2098.260394193232,0.019690659912789475,0.24321760732021858,0.006175515277893491,1.0,1.0,False
2867,2098.1453507095575,0.020543322268301245,0.27687454911392706,0.006442330980628414,1.0,1.0,False
2868,2098.0450565563515,0.020383679225765092,0.3059045707555583,0.006391754413126292,1.0,1.0,False
2869,2097.9871671191067,0.018566457348441225,0.3216373026240831,0.005821677617873645,1.0,1.0,False
2870,2097.9681086977944,0.01661093042309273,0.3251949881009182,0.005208464867591285,1.0,1.0,False
2871,2097.952200708911,0.016270819843588993,0.3277659052482136,0.005101796243548142,1.0,1.0,False
2872,2097.9379795659333,0.016617957092992908,0.32980898426109206,0.005210625414978796,1.0,1.0,False
2873,2097.9901775013423,0.01572355141211751,0.3110266404646609,0.0049304571011003885,1.0,1.0,False
2874,2098.103852059692,0.013501242426638835,0.27296536290907625,0.004234074062074879,1.0,1.0,False
2875,2098.1990840882063,0.0105533179860368,0.240685141560391,0.0033098991390245617,1.0,1.0,False
2876,2098.2093879282475,0.006158581798108857,0.23504090899268704,0.0019315880531949347,1.0,1.0,False
2877,2098.1749338284135,0.0043531899320083285,0.24343557541681093,0.0013653126154361268,1.0,1.0,False
2878,2098.1757738143206,0.0068389162267717095,0.2407617677652638,0.0021449449845431004,1.0,1.0,False
2879,2098.1798703595996,0.009614654986138551,0.2370676172762387,0.003015561763351714,1.0,1.0,False
2880,2098.1853194907308,0.011094683718447107,0.23295026170887922,0.0034798107312617845,1.0,1.0,False
2881,2098.176945105195,0.013168466715865008,0.23316965568966452,0.004130253568669183,1.0,1.0,False
2882,2098.1302013807,0.016241735883938443,0.2454243866110346,0.005094010845243102,1.0,1.0,False
2883,2098.095773935318,0.017551328029225006,0.2538171001280034,0.005504629586423901,1.0,1.0,False
2884,2098.056244753301,0.018285800084800102,0.263810761684681,0.005734833311490958,1.0,1.0,False
2885,2097.990445393836,0.02008794631429304,0.2820438699841361,0.0062997148256466184,1.0,1.0,False
2886,2097.943693727255,0.022309159317074303,0.29430396398430503,0.006996075172781493,1.0,1.0,False
2887,2097.9479751382023,0.023322793657939333,0.2905611353180575,0.007314043623721832,1.0,1.0,False
2888,2097.975371144479,0.024032490939851867,0.2795704094759799,0.007536859973916275,1.0,1.0,False
2889,2097.991316759959,0.02569202342924057,0.2721714388816281,0.008057498022359205,1.0,1.0,False
2890,2098.043814698234,0.027599818966332415,0.2533094088609573,0.008656305098747635,1.0,1.0,False
2891,2098.105128414929,0.02649253959643224,0.23168225052319258,0.008309554834116765,1.0,1.0,False
2892,2098.126325920224,0.021400209845376234,0.22263803500948143,0.006712502697963156,1.0,1.0,False
2893,2098.1110085509717,0.015123411405550381,0.2250482076099729,0.004743668269760256,1.0,1.0,False
2894,2098.0898381620646,0.011757432374568787,0.22929531630205702,0.003687846740353001,1.0,1.0,False
2895,2098.0923546738923,0.012428668352309349,0.22611380756796962,0.0038984322997639375,1.0,1.0,False
2896,2098.126624248922,0.015989998026138937,0.21297326406903494,0.005015695379491794,1.0,1.0,False
2897,2098.2058869451284,0.020755552723977853,0.18571908243569624,0.006511062331584215,1.0,1.0,False
2898,2098.332974255085,0.0270069418825077,0.14345951178711402,0.008473178005265999,1.0,1.0,False
2899,2098.290176257491,0.024540192206286348,0.15449819934650577,0.007699035307391373,1.0,1.0,False
2900,2098.0881149210036,0.02130421512953661,0.21549862802368125,0.006682662173007794,1.0,1.0,False
2901,2097.9404510371387,0.02393850906530089,0.25942905185678455,0.007508061113714335,1.0,1.0,False
2902,2097.8958554789424,0.025875077729035512,0.2710314619103542,0.008115197552763275,1.0,1.0,False
2903,2097.9417325146496,0.02568496910047106,0.2542594453233846,0.008055978968948831,1.0,1.0,False
2904,2098.0059662223794,0.025498300049871803,0.2317297959822895,0.007997964457880268,1.0,1.0,False
2905,2098.037025136873,0.024231047706636973,0.21960603468522777,0.007600751365435575,1.0,1.0,False
2906,2098.0518990773708,0.024917688357508266,0.21255989161045363,0.007816312102795953,1.0,1.0,False
2907,2098.0649824514985,0.02909032382467396,0.20607632442437307,0.009125397918918645,1.0,1.0,False
2908,2098.032492734026,0.027586445903008808,0.2138896230003411,0.008653472779287925,1.0,1.0,False
2909,2097.9488918390125,0.015879080691748423,0.23773605706145418,0.004980714212134481,1.0,1.0,False
2910,2097.940009461716,0.00858900352509185,0.2381462026367558,0.0026940747020310135,1.0,1.0,False
2911,2098.8625456541777,0.0,-0.05371854756253924,0.0,0.5,0.5,False
2912,nan,0.0,nan,0.0,0.0,0.0,False
2913,nan,0.0,nan,0.0,0.0,0.0,False
2914,nan,0.0,nan,0.0,0.0,0.0,False
2915,nan,0.0,nan,0.0,0.0,0.0,False
2916,2130.3420746326447,0.026264862320776388,nan,0.0,1.0,0.0,False
2917,nan,0.0,nan,0.0,0.0,0.0,False
2918,2130.313436329365,0.0,nan,0.0,0.5,0.0,False
2919,2130.368298560381,0.0,nan,0.0,0.5,0.0,False
2920,2130.4246085882187,0.0,nan,0.0,0.5,0.0,False
2921,2130.4500869214535,0.02186001088920583,nan,0.0,1.0,0.0,False
2922,2130.470070809126,0.02337687596711291,nan,0.0,1.0,0.0,False
2923,nan,0.0,nan,0.0,0.0,0.0,False
2924,2130.4457568377256,0.0010691180327515935,nan,0.0,1.0,0.0,False
2925,nan,0.0,nan,0.0,0.0,0.0,False
2926,2130.4313572645187,0.0,nan,0.0,0.5,0.0,False
2927,2130.389520943165,0.00017756467277639656,nan,0.0,1.0,0.0,False
2928,2130.3508612811565,0.005572529869564876,nan,0.0,1.0,0.0,False
2929,nan,0.0,nan,0.0,0.0,0.0,False
2930,2130.3273210674524,0.006938277422136142,nan,0.0,1.0,0.0,False
2931,nan,0.0,nan,0.0,0.0,0.0,False
2932,nan,0.0,nan,0.0,0.0,0.0,False
2933,2130.1186472699046,0.02887795639173969,nan,0.0,1.0,0.0,False
2934,2130.1057101376355,0.01752999645552243,nan,0.0,1.0,0.0,False
2935,2130.1503904163837,0.0040026651296553506,nan,0.0,1.0,0.0,False
2936,nan,0.0,nan,0.0,0.0,0.0,False
2937,2130.444406747818,0.0,nan,0.0,0.5,0.0,False
2938,2130.5067556500435,0.0,nan,0.0,0.5,0.0,False
2939,2130.4443406015635,0.10462733871874762,nan,0.0,1.0,0.0,False
2940,2130.3873373121023,0.08079380164801916,nan,0.0,1.0,0.0,False
2941,nan,0.0,nan,0.0,0.0,0.0,False
2942,nan,0.0,nan,0.0,0.0,0.0,False
2943,2130.3295370042324,0.00557084399562444,nan,0.0,1.0,0.0,False
2944,nan,0.0,nan,0.0,0.0,0.0,False
2945,nan,0.0,nan,0.0,0.0,0.0,False
2946,2130.149831160903,0.019583533160586912,nan,0.0,1.0,0.0,False
2947,nan,0.0,nan,0.0,0.0,0.0,False
2948,nan,0.0,nan,0.0,0.0,0.0,False
2949,nan,0.0,nan,0.0,0.0,0.0,False
2950,nan,0.0,nan,0.0,0.0,0.0,False
2951,nan,0.0,nan,0.0,0.0,0.0,False
2952,nan,0.0,nan,0.0,0.0,0.0,False
2953,nan,0.0,nan,0.0,0.0,0.0,False
2954,nan,0.0,nan,0.0,0.0,0.0,False
2955,nan,0.0,nan,0.0,0.0,0.0,False
2956,nan,0.0,nan,0.0,0.0,0.0,False
2957,nan,0.0,nan,0.0,0.0,0.0,False
2958,nan,0.0,nan,0.0,0.0,0.0,False
2959,2129.9257495990023,0.0648804147386719,nan,0.0,1.0,0.0,False
2960,nan,0.0,nan,0.0,0.0,0.0,False
2961,nan,0.0,nan,0.0,0.0,0.0,False
2962,nan,0.0,nan,0.0,0.0,0.0,False
2963,2129.935463089496,0.013293395243207362,nan,0.0,1.0,0.0,False
2964,2129.945410784334,0.016863243848792214,nan,0.0,1.0,0.0,False
2965,2129.932349672541,0.016357305176733346,nan,0.0,1.0,0.0,False
2966,2129.8983196876943,0.012126201493970918,nan,0.0,1.0,0.0,False
2967,nan,0.0,nan,0.0,0.0,0.0,False
2968,2129.8245537653565,0.0009777752753163584,nan,0.0,1.0,0.0,False
2969,2129.8405604436994,0.0008150462932157965,nan,0.0,1.0,0.0,False
2970,nan,0.0,nan,0.0,0.0,0.0,False
2971,2129.904310066253,0.0015408308296415833,nan,0.0,1.0,0.0,False
2972,2129.8903241604567,0.0008094723725002307,nan,0.0,1.0,0.0,False
2973,2129.8567420840263,0.0026089742165213625,nan,0.0,1.0,0.0,False
2974,nan,0.0,nan,0.0,0.0,0.0,False
2975,2129.8487430661917,0.022248415171657977,nan,0.0,1.0,0.0,False
2976,2129.8829969763756,0.023967711562962877,nan,0.0,1.0,0.0,False
2977,nan,0.0,nan,0.0,0.0,0.0,False
2978,nan,0.0,nan,0.0,0.0,0.0,False
2979,nan,0.0,nan,0.0,0.0,0.0,False
2980,2129.925947304815,0.011481312564905729,nan,0.0,1.0,0.0,False
2981,2129.9861311586574,0.00433362194049813,nan,0.0,1.0,0.0,False
2982,2130.0698210727423,0.016348775708265956,nan,0.0,1.0,0.0,False
2983,2130.1029812023044,0.02889961987187429,nan,0.0,1.0,0.0,False
2984,2130.073484405875,0.029713043511422416,nan,0.0,1.0,0.0,False
2985,2129.987217003014,0.02940449367746375,nan,0.0,1.0,0.0,False
2986,2129.870455905795,0.036788171750673435,nan,0.0,1.0,0.0,False
2987,2129.8122682869434,0.04597523642195683,nan,0.0,1.0,0.0,False
2988,nan,0.0,nan,0.0,0.0,0.0,False
2989,2129.9047294929624,0.047873519942175376,nan,0.0,1.0,0.0,False
2990,nan,0.0,nan,0.0,0.0,0.0,False
2991,2130.02406600432,0.03366588662096246,nan,0.0,1.0,0.0,False
2992,2130.0746081303805,0.020386738823549178,nan,0.0,1.0,0.0,False
2993,2130.087499771267,0.015918490629284143,nan,0.0,1.0,0.0,False
2994,nan,0.0,nan,0.0,0.0,0.0,False
2995,nan,0.0,nan,0.0,0.0,0.0,False
2996,2129.97913687845,0.030369498869271625,nan,0.0,1.0,0.0,False
2997,2129.9819754979108,0.028060452739692356,nan,0.0,1.0,0.0,False
2998,2129.9807330059302,0.02709669707949471,nan,0.0,1.0,0.0,False
2999,2129.9680154477246,0.02854037659878013,nan,0.0,1.0,0.0,False
