u,y_ref_median_px,sigma_ref_px,valid_fraction,valid_frame_count,fwhm_p50_px,source
0,NaN,NaN,0.0,0,NaN,invalid
1,NaN,NaN,0.0,0,NaN,invalid
2,NaN,NaN,0.0,0,NaN,invalid
3,NaN,NaN,0.0,0,NaN,invalid
4,NaN,NaN,0.0,0,NaN,invalid
5,NaN,NaN,0.58,29,NaN,invalid
6,NaN,NaN,0.0,0,NaN,invalid
7,NaN,NaN,0.0,0,NaN,invalid
8,NaN,NaN,0.0,0,NaN,invalid
9,NaN,NaN,0.0,0,NaN,invalid
10,NaN,NaN,0.0,0,NaN,invalid
11,NaN,NaN,0.0,0,NaN,invalid
12,NaN,NaN,0.0,0,NaN,invalid
13,NaN,NaN,0.0,0,NaN,invalid
14,NaN,NaN,0.0,0,NaN,invalid
15,NaN,NaN,0.0,0,NaN,invalid
16,NaN,NaN,0.0,0,NaN,invalid
17,NaN,NaN,0.0,0,NaN,invalid
18,1902.9327415674925,0.011607138740856776,0.98,49,1.0,observed
19,1902.9418317303061,0.010393164443372186,0.88,44,1.0,observed
20,1902.8713169060647,0.010579351795240714,0.0,0,1.5,interpolated
21,1902.8008020818233,0.010765539147109243,1.0,50,2.0,observed
22,1902.7857219427824,0.011044242131783434,0.0,0,2.0,interpolated
23,1902.7706418037415,0.011322945116457626,0.0,0,2.0,interpolated
24,1902.7555616647005,0.011601648101131816,0.0,0,2.0,interpolated
25,1902.7404815256596,0.011880351085806007,0.0,0,2.0,interpolated
26,1902.7254013866186,0.012159054070480199,1.0,50,2.0,observed
27,NaN,NaN,0.0,0,NaN,invalid
28,NaN,NaN,0.0,0,NaN,invalid
29,NaN,NaN,0.0,0,NaN,invalid
30,NaN,NaN,0.0,0,NaN,invalid
31,NaN,NaN,0.0,0,NaN,invalid
32,NaN,NaN,0.0,0,NaN,invalid
33,NaN,NaN,0.0,0,NaN,invalid
34,NaN,NaN,0.0,0,NaN,invalid
35,NaN,NaN,0.0,0,NaN,invalid
36,NaN,NaN,0.0,0,NaN,invalid
37,NaN,NaN,0.0,0,NaN,invalid
38,NaN,NaN,0.0,0,NaN,invalid
39,NaN,NaN,0.0,0,NaN,invalid
40,NaN,NaN,0.0,0,NaN,invalid
41,NaN,NaN,0.0,0,NaN,invalid
42,NaN,NaN,0.0,0,NaN,invalid
43,NaN,NaN,0.0,0,NaN,invalid
44,NaN,NaN,0.0,0,NaN,invalid
45,NaN,NaN,0.0,0,NaN,invalid
46,NaN,NaN,0.0,0,NaN,invalid
47,NaN,NaN,0.0,0,NaN,invalid
48,NaN,NaN,0.0,0,NaN,invalid
49,NaN,NaN,0.0,0,NaN,invalid
50,NaN,NaN,0.0,0,NaN,invalid
51,NaN,NaN,0.0,0,NaN,invalid
52,NaN,NaN,0.0,0,NaN,invalid
53,NaN,NaN,0.0,0,NaN,invalid
54,NaN,NaN,0.0,0,NaN,invalid
55,1902.043804999441,0.015713102900231687,1.0,50,1.0,observed
56,NaN,NaN,0.0,0,NaN,invalid
57,NaN,NaN,0.0,0,NaN,invalid
58,NaN,NaN,0.0,0,NaN,invalid
59,NaN,NaN,0.0,0,NaN,invalid
60,NaN,NaN,0.0,0,NaN,invalid
61,NaN,NaN,0.0,0,NaN,invalid
62,NaN,NaN,0.0,0,NaN,invalid
63,NaN,NaN,0.0,0,NaN,invalid
64,NaN,NaN,0.0,0,NaN,invalid
65,NaN,NaN,0.0,0,NaN,invalid
66,1901.8391247689724,0.012018860221793893,0.98,49,1.0,observed
67,1901.82201436162,0.00989773087951105,1.0,50,1.0,observed
68,1901.6725798100233,0.009397715837553172,1.0,50,2.0,observed
69,NaN,NaN,0.0,0,NaN,invalid
70,NaN,NaN,0.0,0,NaN,invalid
71,NaN,NaN,0.0,0,NaN,invalid
72,NaN,NaN,0.0,0,NaN,invalid
73,NaN,NaN,0.0,0,NaN,invalid
74,NaN,NaN,0.0,0,NaN,invalid
75,NaN,NaN,0.0,0,NaN,invalid
76,NaN,NaN,0.0,0,NaN,invalid
77,NaN,NaN,0.0,0,NaN,invalid
78,NaN,NaN,0.0,0,NaN,invalid
79,NaN,NaN,0.0,0,NaN,invalid
80,NaN,NaN,0.0,0,NaN,invalid
81,NaN,NaN,0.0,0,NaN,invalid
82,NaN,NaN,0.0,0,NaN,invalid
83,NaN,NaN,0.0,0,NaN,invalid
84,NaN,NaN,0.0,0,NaN,invalid
85,NaN,NaN,0.0,0,NaN,invalid
86,1901.1884108409286,0.017028730552023728,1.0,50,2.0,observed
87,NaN,NaN,0.0,0,NaN,invalid
88,NaN,NaN,0.0,0,NaN,invalid
89,NaN,NaN,0.0,0,NaN,invalid
90,NaN,NaN,0.0,0,NaN,invalid
91,NaN,NaN,0.0,0,NaN,invalid
92,NaN,NaN,0.0,0,NaN,invalid
93,NaN,NaN,0.0,0,NaN,invalid
94,NaN,NaN,0.0,0,NaN,invalid
95,NaN,NaN,0.0,0,NaN,invalid
96,NaN,NaN,0.0,0,NaN,invalid
97,NaN,NaN,0.0,0,NaN,invalid
98,1901.0911131985486,0.013774120607531689,1.0,50,1.0,observed
99,NaN,NaN,0.0,0,NaN,invalid
100,NaN,NaN,0.0,0,NaN,invalid
101,NaN,NaN,0.0,0,NaN,invalid
102,NaN,NaN,0.0,0,NaN,invalid
103,NaN,NaN,0.0,0,NaN,invalid
104,NaN,NaN,0.0,0,NaN,invalid
105,NaN,NaN,0.0,0,NaN,invalid
106,NaN,NaN,0.0,0,NaN,invalid
107,NaN,NaN,0.0,0,NaN,invalid
108,NaN,NaN,0.0,0,NaN,invalid
109,NaN,NaN,0.0,0,NaN,invalid
110,NaN,NaN,0.0,0,NaN,invalid
111,NaN,NaN,0.0,0,NaN,invalid
112,NaN,NaN,0.0,0,NaN,invalid
113,NaN,NaN,0.0,0,NaN,invalid
114,NaN,NaN,0.0,0,NaN,invalid
115,NaN,NaN,0.0,0,NaN,invalid
116,NaN,NaN,0.0,0,NaN,invalid
117,NaN,NaN,0.0,0,NaN,invalid
118,NaN,NaN,0.0,0,NaN,invalid
119,NaN,NaN,0.0,0,NaN,invalid
120,NaN,NaN,0.0,0,NaN,invalid
121,NaN,NaN,0.0,0,NaN,invalid
122,NaN,NaN,0.0,0,NaN,invalid
123,NaN,NaN,0.0,0,NaN,invalid
124,NaN,NaN,0.0,0,NaN,invalid
125,NaN,NaN,0.0,0,NaN,invalid
126,NaN,NaN,0.0,0,NaN,invalid
127,NaN,NaN,0.16,8,NaN,invalid
128,NaN,NaN,0.0,0,NaN,invalid
129,NaN,NaN,0.0,0,NaN,invalid
130,NaN,NaN,0.0,0,NaN,invalid
131,NaN,NaN,0.0,0,NaN,invalid
132,NaN,NaN,0.0,0,NaN,invalid
133,1900.0524810571223,0.013737068977501635,1.0,50,2.0,observed
134,1900.0300993975252,0.014351141698048133,0.0,0,1.6666666666666667,interpolated
135,1900.007717737928,0.014965214418594629,0.0,0,1.3333333333333335,interpolated
136,1899.9853360783309,0.015579287139141126,1.0,50,1.0,observed
137,NaN,NaN,0.0,0,NaN,invalid
138,NaN,NaN,0.0,0,NaN,invalid
139,NaN,NaN,0.0,0,NaN,invalid
140,NaN,NaN,0.0,0,NaN,invalid
141,NaN,NaN,0.0,0,NaN,invalid
142,NaN,NaN,0.0,0,NaN,invalid
143,NaN,NaN,0.0,0,NaN,invalid
144,NaN,NaN,0.0,0,NaN,invalid
145,NaN,NaN,0.0,0,NaN,invalid
146,NaN,NaN,0.0,0,NaN,invalid
147,NaN,NaN,0.0,0,NaN,invalid
148,NaN,NaN,0.0,0,NaN,invalid
149,1899.7612054347992,0.012680168817996907,0.9,45,2.0,observed
150,1899.734297350049,0.012891071986874406,1.0,50,1.0,observed
151,NaN,NaN,0.0,0,NaN,invalid
152,NaN,NaN,0.0,0,NaN,invalid
153,NaN,NaN,0.0,0,NaN,invalid
154,NaN,NaN,0.0,0,NaN,invalid
155,NaN,NaN,0.0,0,NaN,invalid
156,NaN,NaN,0.0,0,NaN,invalid
157,NaN,NaN,0.0,0,NaN,invalid
158,NaN,NaN,0.0,0,NaN,invalid
159,NaN,NaN,0.0,0,NaN,invalid
160,NaN,NaN,0.0,0,NaN,invalid
161,NaN,NaN,0.0,0,NaN,invalid
162,NaN,NaN,0.0,0,NaN,invalid
163,NaN,NaN,0.0,0,NaN,invalid
164,NaN,NaN,0.0,0,NaN,invalid
165,NaN,NaN,0.0,0,NaN,invalid
166,NaN,NaN,0.0,0,NaN,invalid
167,NaN,NaN,0.0,0,NaN,invalid
168,NaN,NaN,0.0,0,NaN,invalid
169,NaN,NaN,0.0,0,NaN,invalid
170,NaN,NaN,0.0,0,NaN,invalid
171,NaN,NaN,0.0,0,NaN,invalid
172,NaN,NaN,0.0,0,NaN,invalid
173,NaN,NaN,0.0,0,NaN,invalid
174,NaN,NaN,0.0,0,NaN,invalid
175,NaN,NaN,0.0,0,NaN,invalid
176,NaN,NaN,0.0,0,NaN,invalid
177,NaN,NaN,0.0,0,NaN,invalid
178,NaN,NaN,0.0,0,NaN,invalid
179,NaN,NaN,0.0,0,NaN,invalid
180,NaN,NaN,0.0,0,NaN,invalid
181,NaN,NaN,0.0,0,NaN,invalid
182,NaN,NaN,0.0,0,NaN,invalid
183,NaN,NaN,0.0,0,NaN,invalid
184,NaN,NaN,0.0,0,NaN,invalid
185,NaN,NaN,0.0,0,NaN,invalid
186,NaN,NaN,0.0,0,NaN,invalid
187,NaN,NaN,0.0,0,NaN,invalid
188,NaN,NaN,0.0,0,NaN,invalid
189,NaN,NaN,0.0,0,NaN,invalid
190,NaN,NaN,0.0,0,NaN,invalid
191,1898.7744267582893,0.012438413968956187,1.0,50,1.0,observed
192,1898.6737713416417,0.01380954788567665,0.0,0,1.3333333333333333,interpolated
193,1898.5731159249942,0.015180681802397115,0.0,0,1.6666666666666665,interpolated
194,1898.4724605083466,0.01655181571911758,1.0,50,2.0,observed
195,NaN,NaN,0.0,0,NaN,invalid
196,NaN,NaN,0.0,0,NaN,invalid
197,NaN,NaN,0.0,0,NaN,invalid
198,NaN,NaN,0.0,0,NaN,invalid
199,NaN,NaN,0.0,0,NaN,invalid
200,NaN,NaN,0.0,0,NaN,invalid
201,NaN,NaN,0.0,0,NaN,invalid
202,NaN,NaN,0.0,0,NaN,invalid
203,NaN,NaN,0.0,0,NaN,invalid
204,NaN,NaN,0.24,12,NaN,invalid
205,NaN,NaN,0.0,0,NaN,invalid
206,NaN,NaN,0.0,0,NaN,invalid
207,1898.4949947148561,0.013164874944537405,1.0,50,2.0,observed
208,1898.4652536138892,0.012815462326135401,0.2,10,1.875,interpolated
209,1898.4355125129223,0.012466049707733396,0.0,0,1.75,interpolated
210,1898.4057714119554,0.012116637089331393,0.0,0,1.625,interpolated
211,1898.3760303109884,0.011767224470929389,0.0,0,1.5,interpolated
212,1898.3462892100215,0.011417811852527385,0.0,0,1.375,interpolated
213,1898.3165481090546,0.011068399234125382,0.0,0,1.25,interpolated
214,1898.2868070080876,0.010718986615723377,0.0,0,1.125,interpolated
215,1898.2570659071207,0.010369573997321373,1.0,50,1.0,observed
216,1898.3792755454779,0.011411293243167153,1.0,50,2.0,observed
217,1898.448578119278,0.01412327071382169,1.0,50,2.0,observed
218,1898.370140703395,0.013493591482480406,0.0,0,2.0,interpolated
219,1898.291703287512,0.012863912251139122,0.0,0,2.0,interpolated
220,1898.2132658716291,0.012234233019797836,0.0,0,2.0,interpolated
221,1898.1348284557462,0.011604553788456552,1.0,50,2.0,observed
222,1898.0981639465317,0.010444673953145961,0.0,0,1.5,interpolated
223,1898.0614994373173,0.00928479411783537,1.0,50,1.0,observed
224,1898.03020696342,0.010372047125518912,0.0,0,1.0,interpolated
225,1897.9989144895226,0.011459300133202453,0.0,0,1.0,interpolated
226,1897.9676220156252,0.012546553140885994,1.0,50,1.0,observed
227,1897.9674581405707,0.011964898001106214,0.0,0,1.0,interpolated
228,1897.967294265516,0.011383242861326432,0.0,0,1.0,interpolated
229,1897.9671303904615,0.010801587721546652,0.0,0,1.0,interpolated
230,1897.966966515407,0.010219932581766872,1.0,50,1.0,observed
231,1897.9639099538326,0.009434983333772826,1.0,50,1.0,observed
232,1897.9003450013697,0.010098171753897128,1.0,50,1.0,observed
233,1897.8401621645316,0.011137442910610456,0.0,0,1.25,interpolated
234,1897.7799793276936,0.012176714067323784,0.0,0,1.5,interpolated
235,1897.7197964908555,0.013215985224037113,0.0,0,1.75,interpolated
236,1897.6596136540174,0.01425525638075044,1.0,50,2.0,observed
237,1897.656481936574,0.013790809956244664,0.88,44,1.0,observed
238,NaN,NaN,0.0,0,NaN,invalid
239,NaN,NaN,0.0,0,NaN,invalid
240,NaN,NaN,0.0,0,NaN,invalid
241,NaN,NaN,0.0,0,NaN,invalid
242,NaN,NaN,0.0,0,NaN,invalid
243,NaN,NaN,0.0,0,NaN,invalid
244,NaN,NaN,0.0,0,NaN,invalid
245,NaN,NaN,0.0,0,NaN,invalid
246,NaN,NaN,0.0,0,NaN,invalid
247,NaN,NaN,0.0,0,NaN,invalid
248,NaN,NaN,0.0,0,NaN,invalid
249,NaN,NaN,0.78,39,NaN,invalid
250,NaN,NaN,0.0,0,NaN,invalid
251,NaN,NaN,0.0,0,NaN,invalid
252,NaN,NaN,0.0,0,NaN,invalid
253,NaN,NaN,0.0,0,NaN,invalid
254,NaN,NaN,0.0,0,NaN,invalid
255,NaN,NaN,0.0,0,NaN,invalid
256,NaN,NaN,0.0,0,NaN,invalid
257,NaN,NaN,0.0,0,NaN,invalid
258,1897.2324187979102,0.01109761246612157,1.0,50,1.0,observed
259,1897.1787215396762,0.012120210911606045,1.0,50,2.0,observed
260,1897.1677724249662,0.011810040930496049,0.0,0,2.0,interpolated
261,1897.156823310256,0.011499870949386053,0.0,0,2.0,interpolated
262,1897.145874195546,0.011189700968276055,0.0,0,2.0,interpolated
263,1897.1349250808357,0.010879530987166059,0.0,0,2.0,interpolated
264,1897.1239759661257,0.010569361006056063,1.0,50,2.0,observed
265,1897.0537161994725,0.010250195305195133,1.0,50,1.0,observed
266,1897.0093052154407,0.010703118629635532,0.0,0,1.1666666666666667,interpolated
267,1896.9648942314088,0.011156041954075931,0.0,0,1.3333333333333333,interpolated
268,1896.920483247377,0.01160896527851633,0.0,0,1.5,interpolated
269,1896.8760722633451,0.01206188860295673,0.04,2,1.6666666666666665,interpolated
270,1896.8316612793133,0.012514811927397129,0.26,13,1.8333333333333333,interpolated
271,1896.7872502952814,0.012967735251837528,1.0,50,2.0,observed
272,1896.7967821098864,0.012230312197338928,0.0,0,1.8333333333333333,interpolated
273,1896.8063139244914,0.01149288914284033,0.0,0,1.6666666666666667,interpolated
274,1896.8158457390964,0.010755466088341731,0.0,0,1.5,interpolated
275,1896.8253775537014,0.010018043033843132,0.0,0,1.3333333333333335,interpolated
276,1896.8349093683064,0.009280619979344533,0.0,0,1.1666666666666667,interpolated
277,1896.8444411829114,0.008543196924845935,1.0,50,1.0,observed
278,1896.8526001423597,0.009417246853818955,1.0,50,2.0,observed
279,1896.856006936729,0.009905181396887976,0.0,0,1.8,interpolated
280,1896.8594137310981,0.010393115939956997,0.0,0,1.6,interpolated
281,1896.8628205254674,0.010881050483026018,0.0,0,1.4,interpolated
282,1896.8662273198365,0.01136898502609504,0.0,0,1.2,interpolated
283,1896.8696341142058,0.01185691956916406,1.0,50,1.0,observed
284,1896.7947531733662,0.013309489097065304,0.0,0,1.0,interpolated
285,1896.7198722325265,0.014762058624966547,0.0,0,1.0,interpolated
286,1896.644991291687,0.01621462815286779,0.0,0,1.0,interpolated
287,1896.5701103508472,0.017667197680769034,1.0,50,1.0,observed
288,NaN,NaN,0.0,0,NaN,invalid
289,NaN,NaN,0.0,0,NaN,invalid
290,NaN,NaN,0.0,0,NaN,invalid
291,NaN,NaN,0.0,0,NaN,invalid
292,NaN,NaN,0.0,0,NaN,invalid
293,NaN,NaN,0.0,0,NaN,invalid
294,NaN,NaN,0.0,0,NaN,invalid
295,NaN,NaN,0.0,0,NaN,invalid
296,NaN,NaN,0.0,0,NaN,invalid
297,NaN,NaN,0.0,0,NaN,invalid
298,NaN,NaN,0.0,0,NaN,invalid
299,NaN,NaN,0.0,0,NaN,invalid
300,NaN,NaN,0.0,0,NaN,invalid
301,NaN,NaN,0.0,0,NaN,invalid
302,NaN,NaN,0.0,0,NaN,invalid
303,NaN,NaN,0.0,0,NaN,invalid
304,NaN,NaN,0.0,0,NaN,invalid
305,NaN,NaN,0.0,0,NaN,invalid
306,NaN,NaN,0.0,0,NaN,invalid
307,NaN,NaN,0.0,0,NaN,invalid
308,NaN,NaN,0.0,0,NaN,invalid
309,NaN,NaN,0.0,0,NaN,invalid
310,NaN,NaN,0.0,0,NaN,invalid
311,NaN,NaN,0.0,0,NaN,invalid
312,NaN,NaN,0.0,0,NaN,invalid
313,NaN,NaN,0.0,0,NaN,invalid
314,NaN,NaN,0.0,0,NaN,invalid
315,1895.8682806640863,0.012203604610073897,1.0,50,1.0,observed
316,1895.816381521523,0.010959916566034664,1.0,50,1.0,observed
317,1895.7802011966705,0.010269176338316689,1.0,50,1.0,observed
318,1895.7512211749952,0.011890664661607275,0.0,0,1.0,interpolated
319,1895.7222411533196,0.01351215298489786,0.0,0,1.0,interpolated
320,1895.6932611316442,0.015133641308188447,1.0,50,1.0,observed
321,NaN,NaN,0.0,0,NaN,invalid
322,NaN,NaN,0.0,0,NaN,invalid
323,NaN,NaN,0.0,0,NaN,invalid
324,NaN,NaN,0.0,0,NaN,invalid
325,NaN,NaN,0.0,0,NaN,invalid
326,NaN,NaN,0.0,0,NaN,invalid
327,NaN,NaN,0.0,0,NaN,invalid
328,NaN,NaN,0.28,14,NaN,invalid
329,NaN,NaN,0.0,0,NaN,invalid
330,NaN,NaN,0.0,0,NaN,invalid
331,NaN,NaN,0.12,6,NaN,invalid
332,1895.4824369847775,0.015674326429541415,1.0,50,2.0,observed
333,NaN,NaN,0.0,0,NaN,invalid
334,NaN,NaN,0.0,0,NaN,invalid
335,NaN,NaN,0.0,0,NaN,invalid
336,NaN,NaN,0.0,0,NaN,invalid
337,NaN,NaN,0.0,0,NaN,invalid
338,NaN,NaN,0.0,0,NaN,invalid
339,NaN,NaN,0.0,0,NaN,invalid
340,NaN,NaN,0.0,0,NaN,invalid
341,NaN,NaN,0.0,0,NaN,invalid
342,NaN,NaN,0.0,0,NaN,invalid
343,NaN,NaN,0.0,0,NaN,invalid
344,NaN,NaN,0.0,0,NaN,invalid
345,NaN,NaN,0.0,0,NaN,invalid
346,1895.2734064161777,0.010363198032638592,1.0,50,2.0,observed
347,1895.2415061034262,0.011622410720598338,0.02,1,2.0,interpolated
348,1895.2096057906747,0.012881623408558085,1.0,50,2.0,observed
349,NaN,NaN,0.0,0,NaN,invalid
350,NaN,NaN,0.0,0,NaN,invalid
351,NaN,NaN,0.0,0,NaN,invalid
352,NaN,NaN,0.0,0,NaN,invalid
353,NaN,NaN,0.0,0,NaN,invalid
354,NaN,NaN,0.0,0,NaN,invalid
355,NaN,NaN,0.0,0,NaN,invalid
356,NaN,NaN,0.0,0,NaN,invalid
357,NaN,NaN,0.0,0,NaN,invalid
358,NaN,NaN,0.0,0,NaN,invalid
359,NaN,NaN,0.0,0,NaN,invalid
360,NaN,NaN,0.0,0,NaN,invalid
361,NaN,NaN,0.0,0,NaN,invalid
362,NaN,NaN,0.0,0,NaN,invalid
363,NaN,NaN,0.0,0,NaN,invalid
364,NaN,NaN,0.0,0,NaN,invalid
365,NaN,NaN,0.0,0,NaN,invalid
366,NaN,NaN,0.0,0,NaN,invalid
367,1894.6823167353868,0.01209255156144952,1.0,50,1.0,observed
368,1894.6387222141027,0.01236093745872854,0.0,0,1.2,interpolated
369,1894.5951276928186,0.01262932335600756,0.0,0,1.4,interpolated
370,1894.5515331715346,0.012897709253286581,0.0,0,1.6,interpolated
371,1894.5079386502505,0.0131660951505656,0.0,0,1.8,interpolated
372,1894.4643441289663,0.01343448104784462,1.0,50,2.0,observed
373,1894.5601407662034,0.011004112435931163,0.0,0,1.5,interpolated
374,1894.6559374034405,0.008573743824017705,1.0,50,1.0,observed
375,1894.7408929914236,0.007318177945250933,1.0,50,1.0,observed
376,1894.757662601769,0.006955910228224005,1.0,50,1.0,observed
377,1894.7142204344273,0.007325138585095858,1.0,50,2.0,observed
378,1894.672834649682,0.008667009957193219,1.0,50,2.0,observed
379,NaN,NaN,0.02,1,NaN,invalid
380,NaN,NaN,0.0,0,NaN,invalid
381,NaN,NaN,0.0,0,NaN,invalid
382,NaN,NaN,0.0,0,NaN,invalid
383,NaN,NaN,0.0,0,NaN,invalid
384,NaN,NaN,0.0,0,NaN,invalid
385,NaN,NaN,0.0,0,NaN,invalid
386,NaN,NaN,0.0,0,NaN,invalid
387,NaN,NaN,0.0,0,NaN,invalid
388,NaN,NaN,0.0,0,NaN,invalid
389,NaN,NaN,0.0,0,NaN,invalid
390,NaN,NaN,0.0,0,NaN,invalid
391,1894.1346646994352,0.01077083821366661,1.0,50,2.0,observed
392,1894.1145225322496,0.010683103453967075,0.0,0,1.8888888888888888,interpolated
393,1894.0943803650637,0.01059536869426754,0.14,7,1.7777777777777777,interpolated
394,1894.074238197878,0.010507633934568005,0.0,0,1.6666666666666667,interpolated
395,1894.0540960306923,0.01041989917486847,0.0,0,1.5555555555555556,interpolated
396,1894.0339538635064,0.010332164415168934,0.0,0,1.4444444444444444,interpolated
397,1894.0138116963208,0.010244429655469399,0.0,0,1.3333333333333335,interpolated
398,1893.993669529135,0.010156694895769864,0.0,0,1.2222222222222223,interpolated
399,1893.9735273619492,0.010068960136070329,0.0,0,1.1111111111111112,interpolated
400,1893.9533851947635,0.009981225376370794,1.0,50,1.0,observed
401,1893.9277836605906,0.008665886625392666,0.9,45,1.0,observed
402,1893.8971829414368,0.008742613570298359,1.0,50,1.0,observed
403,1893.8954297214746,0.008524532515872544,0.0,0,1.0,interpolated
404,1893.8936765015126,0.00830645146144673,0.32,16,1.0,interpolated
405,1893.8919232815504,0.008088370407020914,0.0,0,1.0,interpolated
406,1893.8901700615884,0.0078702893525951,0.0,0,1.0,interpolated
407,1893.8884168416262,0.007652208298169286,1.0,50,1.0,observed
408,1893.7498774901032,0.009352124629794263,1.0,50,1.0,observed
409,1893.6391482204199,0.011467862284530365,1.0,50,2.0,observed
410,1893.6686578889687,0.011739203908491003,0.0,0,1.6666666666666667,interpolated
411,1893.6981675575178,0.012010545532451643,0.0,0,1.3333333333333335,interpolated
412,1893.7276772260666,0.01228188715641228,1.0,50,1.0,observed
413,1893.7140809893608,0.012366471580661956,0.0,0,1.0,interpolated
414,1893.700484752655,0.012451056004911634,0.0,0,1.0,interpolated
415,1893.6868885159492,0.012535640429161311,0.0,0,1.0,interpolated
416,1893.6732922792435,0.012620224853410987,0.0,0,1.0,interpolated
417,1893.6596960425377,0.012704809277660663,0.0,0,1.0,interpolated
418,1893.646099805832,0.01278939370191034,1.0,50,1.0,observed
419,1893.603437229991,0.011007369613198299,1.0,50,2.0,observed
420,1893.5559623142083,0.010677160385143597,0.0,0,2.0,interpolated
421,1893.5084873984258,0.010346951157088896,0.0,0,2.0,interpolated
422,1893.4610124826431,0.010016741929034194,1.0,50,2.0,observed
423,1893.4572354480624,0.010735092697806857,0.0,0,2.0,interpolated
424,1893.4534584134817,0.01145344346657952,1.0,50,2.0,observed
425,1893.4346339553595,0.012483433469657905,1.0,50,2.0,observed
426,1893.4483738131821,0.013466353496183352,0.0,0,2.0,interpolated
427,1893.4621136710048,0.014449273522708798,0.0,0,2.0,interpolated
428,1893.4758535288274,0.015432193549234245,0.0,0,2.0,interpolated
429,1893.48959338665,0.016415113575759692,1.0,50,2.0,observed
430,1893.3569538365118,0.01527901008404093,0.0,0,1.75,interpolated
431,1893.2243142863736,0.014142906592322166,0.0,0,1.5,interpolated
432,1893.0916747362353,0.013006803100603401,0.0,0,1.25,interpolated
433,1892.959035186097,0.011870699608884639,0.84,42,1.0,observed
434,1892.9764094244067,0.011905619160934664,0.0,0,1.1666666666666667,interpolated
435,1892.9937836627166,0.01194053871298469,0.0,0,1.3333333333333333,interpolated
436,1893.0111579010263,0.011975458265034714,0.0,0,1.5,interpolated
437,1893.028532139336,0.01201037781708474,0.0,0,1.6666666666666665,interpolated
438,1893.045906377646,0.012045297369134764,0.0,0,1.8333333333333333,interpolated
439,1893.0632806159556,0.01208021692118479,1.0,50,2.0,observed
440,1893.0382944340818,0.011624938858662046,0.0,0,1.75,interpolated
441,1893.013308252208,0.011169660796139302,0.0,0,1.5,interpolated
442,1892.988322070334,0.010714382733616558,0.0,0,1.25,interpolated
443,1892.9633358884603,0.010259104671093814,1.0,50,1.0,observed
444,1892.8753496408463,0.009829488583114105,1.0,50,2.0,observed
445,NaN,NaN,0.0,0,NaN,invalid
446,NaN,NaN,0.0,0,NaN,invalid
447,NaN,NaN,0.0,0,NaN,invalid
448,NaN,NaN,0.0,0,NaN,invalid
449,NaN,NaN,0.0,0,NaN,invalid
450,NaN,NaN,0.0,0,NaN,invalid
451,NaN,NaN,0.0,0,NaN,invalid
452,NaN,NaN,0.0,0,NaN,invalid
453,NaN,NaN,0.0,0,NaN,invalid
454,NaN,NaN,0.0,0,NaN,invalid
455,NaN,NaN,0.76,38,NaN,invalid
456,1892.8253146559,0.011683358542725151,1.0,50,2.0,observed
457,1892.728665202856,0.012655528043756057,0.0,0,1.6666666666666667,interpolated
458,1892.6320157498121,0.013627697544786963,0.0,0,1.3333333333333335,interpolated
459,1892.5353662967682,0.01459986704581787,1.0,50,1.0,observed
460,1892.5354994945228,0.014120167619599113,0.0,0,1.25,interpolated
461,1892.5356326922774,0.013640468193380356,0.0,0,1.5,interpolated
462,1892.535765890032,0.0131607687671616,0.0,0,1.75,interpolated
463,1892.5358990877867,0.012681069340942843,1.0,50,2.0,observed
464,1892.5296253934503,0.011713957507662031,0.0,0,2.0,interpolated
465,1892.5233516991138,0.01074684567438122,1.0,50,2.0,observed
466,1892.531885355711,0.015899085174728073,1.0,50,2.0,observed
467,1892.5226495563984,0.031732367924200935,1.0,50,2.0,observed
468,1892.4858366847038,0.02225556537583688,0.0,0,2.0,interpolated
469,1892.4490238130093,0.012778762827472829,1.0,50,2.0,observed
470,1892.4658014178276,0.011926909090701788,1.0,50,2.0,observed
471,1892.384325221181,0.010687850979876486,1.0,50,2.0,observed
472,1892.3217847794294,0.010113847687118687,0.0,0,2.0,interpolated
473,1892.259244337678,0.00953984439436089,1.0,50,2.0,observed
474,1892.211466088891,0.010036853820007957,1.0,50,1.0,observed
475,1892.1634062305093,0.010282691732316256,1.0,50,2.0,observed
476,NaN,NaN,0.68,34,NaN,invalid
477,NaN,NaN,0.0,0,NaN,invalid
478,NaN,NaN,0.0,0,NaN,invalid
479,NaN,NaN,0.0,0,NaN,invalid
480,NaN,NaN,0.0,0,NaN,invalid
481,NaN,NaN,0.0,0,NaN,invalid
482,NaN,NaN,0.0,0,NaN,invalid
483,NaN,NaN,0.0,0,NaN,invalid
484,NaN,NaN,0.0,0,NaN,invalid
485,1892.0613687243313,0.011772391138349981,1.0,50,1.0,observed
486,1892.0261194519699,0.010620232616058631,1.0,50,2.0,observed
487,1891.961873413995,0.011476023457157657,0.0,0,2.0,interpolated
488,1891.89762737602,0.012331814298256685,1.0,50,2.0,observed
489,1891.8975992910564,0.011561452633410192,1.0,50,2.0,observed
490,1891.9540098367725,0.012645497246541343,0.0,0,1.5,interpolated
491,1892.0104203824885,0.013729541859672494,1.0,50,1.0,observed
492,NaN,NaN,0.0,0,NaN,invalid
493,NaN,NaN,0.0,0,NaN,invalid
494,NaN,NaN,0.0,0,NaN,invalid
495,NaN,NaN,0.0,0,NaN,invalid
496,NaN,NaN,0.0,0,NaN,invalid
497,NaN,NaN,0.0,0,NaN,invalid
498,NaN,NaN,0.0,0,NaN,invalid
499,NaN,NaN,0.0,0,NaN,invalid
500,NaN,NaN,0.0,0,NaN,invalid
501,NaN,NaN,0.0,0,NaN,invalid
502,NaN,NaN,0.0,0,NaN,invalid
503,NaN,NaN,0.0,0,NaN,invalid
504,NaN,NaN,0.0,0,NaN,invalid
505,1891.730003491044,0.014442418712240807,1.0,50,1.0,observed
506,1891.7366804212331,0.013777863439856352,0.14,7,1.0,interpolated
507,1891.7433573514222,0.013113308167471896,0.0,0,1.0,interpolated
508,1891.7500342816115,0.012448752895087442,0.0,0,1.0,interpolated
509,1891.7567112118006,0.011784197622702986,0.0,0,1.0,interpolated
510,1891.7633881419897,0.011119642350318532,1.0,50,1.0,observed
511,1891.7351112514734,0.011155119603134523,1.0,50,1.0,observed
512,1891.6784040946513,0.011330295529230516,0.0,0,1.125,interpolated
513,1891.6216969378293,0.011505471455326509,0.0,0,1.25,interpolated
514,1891.5649897810072,0.011680647381422502,0.0,0,1.375,interpolated
515,1891.508282624185,0.011855823307518495,0.62,31,1.5,interpolated
516,1891.451575467363,0.012030999233614488,0.0,0,1.625,interpolated
517,1891.394868310541,0.01220617515971048,0.0,0,1.75,interpolated
518,1891.3381611537188,0.012381351085806474,0.0,0,1.875,interpolated
519,1891.2814539968967,0.012556527011902466,1.0,50,2.0,observed
520,NaN,NaN,0.0,0,NaN,invalid
521,NaN,NaN,0.0,0,NaN,invalid
522,NaN,NaN,0.0,0,NaN,invalid
523,NaN,NaN,0.0,0,NaN,invalid
524,NaN,NaN,0.0,0,NaN,invalid
525,NaN,NaN,0.0,0,NaN,invalid
526,NaN,NaN,0.0,0,NaN,invalid
527,NaN,NaN,0.0,0,NaN,invalid
528,NaN,NaN,0.0,0,NaN,invalid
529,NaN,NaN,0.0,0,NaN,invalid
530,NaN,NaN,0.0,0,NaN,invalid
531,1891.0348023641855,0.011651597411771384,1.0,50,1.0,observed
532,NaN,NaN,0.34,17,NaN,invalid
533,NaN,NaN,0.0,0,NaN,invalid
534,NaN,NaN,0.0,0,NaN,invalid
535,NaN,NaN,0.0,0,NaN,invalid
536,NaN,NaN,0.0,0,NaN,invalid
537,NaN,NaN,0.36,18,NaN,invalid
538,NaN,NaN,0.0,0,NaN,invalid
539,NaN,NaN,0.0,0,NaN,invalid
540,NaN,NaN,0.0,0,NaN,invalid
541,1890.8110390529037,0.011784766172784155,1.0,50,3.0,observed
542,1890.8187082977965,0.01186864068845448,0.0,0,2.75,interpolated
543,1890.8263775426894,0.011952515204124804,0.0,0,2.5,interpolated
544,1890.8340467875823,0.01203638971979513,0.0,0,2.25,interpolated
545,1890.8417160324752,0.012120264235465455,0.0,0,2.0,interpolated
546,1890.8493852773681,0.01220413875113578,0.0,0,1.75,interpolated
547,1890.857054522261,0.012288013266806105,0.0,0,1.5,interpolated
548,1890.864723767154,0.012371887782476429,0.0,0,1.25,interpolated
549,1890.8723930120468,0.012455762298146754,1.0,50,1.0,observed
550,1890.8087321172159,0.011978228629992127,0.0,0,1.3333333333333333,interpolated
551,1890.7450712223847,0.0115006949618375,0.0,0,1.6666666666666665,interpolated
552,1890.6814103275537,0.011023161293682873,1.0,50,2.0,observed
553,NaN,NaN,0.0,0,NaN,invalid
554,NaN,NaN,0.0,0,NaN,invalid
555,NaN,NaN,0.0,0,NaN,invalid
556,NaN,NaN,0.0,0,NaN,invalid
557,NaN,NaN,0.32,16,NaN,invalid
558,NaN,NaN,0.0,0,NaN,invalid
559,NaN,NaN,0.0,0,NaN,invalid
560,NaN,NaN,0.0,0,NaN,invalid
561,NaN,NaN,0.0,0,NaN,invalid
562,1890.559694737196,0.012367320706801686,1.0,50,2.0,observed
563,1890.5343252062798,0.012273560787050747,0.04,2,2.0,interpolated
564,1890.5089556753635,0.012179800867299806,0.0,0,2.0,interpolated
565,1890.4835861444474,0.012086040947548867,0.12,6,2.0,interpolated
566,1890.458216613531,0.011992281027797926,0.0,0,2.0,interpolated
567,1890.432847082615,0.011898521108046987,1.0,50,2.0,observed
568,1890.4430760939915,0.01644487451034894,0.0,0,2.0,interpolated
569,1890.4533051053684,0.020991227912650887,0.0,0,2.0,interpolated
570,1890.463534116745,0.02553758131495284,1.0,50,2.0,observed
571,1890.4575984378655,0.023370195698940083,0.76,38,1.8333333333333333,interpolated
572,1890.4516627589862,0.021202810082927327,0.0,0,1.6666666666666667,interpolated
573,1890.4457270801067,0.019035424466914575,0.0,0,1.5,interpolated
574,1890.4397914012272,0.01686803885090182,0.0,0,1.3333333333333335,interpolated
575,1890.433855722348,0.014700653234889064,0.0,0,1.1666666666666667,interpolated
576,1890.4279200434685,0.01253326761887631,1.0,50,1.0,observed
577,1890.426228761673,0.012528330873956507,0.58,29,1.0,interpolated
578,1890.4245374798775,0.012523394129036703,0.96,48,1.0,observed
579,1890.4108968898654,0.012422302805672292,0.0,0,1.5,interpolated
580,1890.3972562998533,0.01232121148230788,1.0,50,2.0,observed
581,1890.324251383543,0.011400114367553792,1.0,50,2.0,observed
582,1890.282408311963,0.012190041389697936,1.0,50,3.0,observed
583,1890.2562192454934,0.013006321025580272,0.0,0,2.5,interpolated
584,1890.2300301790237,0.01382260066146261,1.0,50,2.0,observed
585,1890.2033758759499,0.014122590602591934,1.0,50,2.0,observed
586,1890.226984237631,0.013382200299516362,0.0,0,2.0,interpolated
587,1890.2505925993125,0.012641809996440791,0.0,0,2.0,interpolated
588,1890.2742009609938,0.01190141969336522,1.0,50,2.0,observed
589,1890.1995781790465,0.011686976879007629,0.0,0,1.5,interpolated
590,1890.1249553970993,0.01147253406465004,1.0,50,1.0,observed
591,1890.0327134076506,0.012033052193282889,1.0,50,2.0,observed
592,1889.9631552193314,0.011652553947490476,1.0,50,3.0,observed
593,1889.9049059823155,0.010902065013479536,1.0,50,3.0,observed
594,1889.9022626850222,0.010659245122748733,0.0,0,2.857142857142857,interpolated
595,1889.8996193877288,0.010416425232017931,0.0,0,2.7142857142857144,interpolated
596,1889.8969760904354,0.010173605341287128,0.0,0,2.5714285714285716,interpolated
597,1889.8943327931422,0.009930785450556326,0.0,0,2.428571428571429,interpolated
598,1889.8916894958488,0.009687965559825523,0.0,0,2.2857142857142856,interpolated
599,1889.8890461985554,0.00944514566909472,0.42,21,2.142857142857143,interpolated
600,1889.886402901262,0.009202325778363918,1.0,50,2.0,observed
601,1889.8623184859753,0.008757273669492499,1.0,50,1.0,observed
602,1889.8829296939075,0.009295561416491497,1.0,50,2.0,observed
603,1889.931274227798,0.011107537526314978,1.0,50,3.0,observed
604,1889.8702253500621,0.011284358509422575,0.0,0,2.6666666666666665,interpolated
605,1889.809176472326,0.01146117949253017,0.0,0,2.3333333333333335,interpolated
606,1889.7481275945902,0.011638000475637766,1.0,50,2.0,observed
607,1889.7166882505019,0.011539544575297453,0.0,0,2.0,interpolated
608,1889.6852489064138,0.011441088674957139,0.0,0,2.0,interpolated
609,1889.6538095623255,0.011342632774616826,1.0,50,2.0,observed
610,1889.6335727125406,0.011064104488175472,0.0,0,2.0,interpolated
611,1889.6133358627558,0.010785576201734119,1.0,50,2.0,observed
612,1889.5745061598718,0.010951324041258493,0.0,0,2.0,interpolated
613,1889.5356764569879,0.01111707188078287,0.0,0,2.0,interpolated
614,1889.496846754104,0.011282819720307244,0.0,0,2.0,interpolated
615,1889.45801705122,0.011448567559831618,0.16,8,2.0,interpolated
616,1889.419187348336,0.011614315399355993,0.0,0,2.0,interpolated
617,1889.380357645452,0.011780063238880367,0.0,0,2.0,interpolated
618,1889.341527942568,0.011945811078404743,0.0,0,2.0,interpolated
619,1889.302698239684,0.012111558917929118,1.0,50,2.0,observed
620,1889.2836886048317,0.012725723623982334,0.0,0,1.5,interpolated
621,1889.2646789699793,0.01333988833003555,1.0,50,1.0,observed
622,1889.2185366700094,0.013551881739912352,0.0,0,1.6666666666666665,interpolated
623,1889.1723943700392,0.013763875149789152,0.0,0,2.333333333333333,interpolated
624,1889.1262520700693,0.013975868559665953,1.0,50,3.0,observed
625,1889.1590391248465,0.01340786128583581,0.0,0,2.8,interpolated
626,1889.1918261796236,0.012839854012005667,0.0,0,2.6,interpolated
627,1889.2246132344007,0.012271846738175524,0.0,0,2.4,interpolated
628,1889.257400289178,0.011703839464345382,0.0,0,2.2,interpolated
629,1889.290187343955,0.011135832190515239,0.88,44,2.0,observed
630,1889.2719506174326,0.010134901786795191,1.0,50,2.0,observed
631,1889.1493255347013,0.009823253432739164,1.0,50,1.0,observed
632,1889.10463071391,0.010585094201927613,0.0,0,1.2,interpolated
633,1889.0599358931183,0.011346934971116064,0.0,0,1.4,interpolated
634,1889.015241072327,0.012108775740304513,0.0,0,1.6,interpolated
635,1888.9705462515353,0.012870616509492963,0.0,0,1.8,interpolated
636,1888.925851430744,0.013632457278681412,1.0,50,2.0,observed
637,1888.9923459971324,0.011820350543601435,0.0,0,2.0,interpolated
638,1889.0588405635208,0.01000824380852146,1.0,50,2.0,observed
639,1889.0695011252537,0.010809324174386575,0.0,0,2.0,interpolated
640,1889.0801616869867,0.01161040454025169,1.0,50,2.0,observed
641,NaN,NaN,0.0,0,NaN,invalid
642,NaN,NaN,0.0,0,NaN,invalid
643,NaN,NaN,0.0,0,NaN,invalid
644,NaN,NaN,0.0,0,NaN,invalid
645,NaN,NaN,0.0,0,NaN,invalid
646,NaN,NaN,0.0,0,NaN,invalid
647,NaN,NaN,0.0,0,NaN,invalid
648,NaN,NaN,0.0,0,NaN,invalid
649,NaN,NaN,0.0,0,NaN,invalid
650,NaN,NaN,0.0,0,NaN,invalid
651,NaN,NaN,0.0,0,NaN,invalid
652,NaN,NaN,0.0,0,NaN,invalid
653,NaN,NaN,0.0,0,NaN,invalid
654,NaN,NaN,0.0,0,NaN,invalid
655,NaN,NaN,0.0,0,NaN,invalid
656,NaN,NaN,0.0,0,NaN,invalid
657,NaN,NaN,0.0,0,NaN,invalid
658,NaN,NaN,0.0,0,NaN,invalid
659,NaN,NaN,0.0,0,NaN,invalid
660,NaN,NaN,0.0,0,NaN,invalid
661,NaN,NaN,0.0,0,NaN,invalid
662,NaN,NaN,0.0,0,NaN,invalid
663,NaN,NaN,0.0,0,NaN,invalid
664,NaN,NaN,0.0,0,NaN,invalid
665,NaN,NaN,0.0,0,NaN,invalid
666,NaN,NaN,0.0,0,NaN,invalid
667,NaN,NaN,0.0,0,NaN,invalid
668,NaN,NaN,0.0,0,NaN,invalid
669,NaN,NaN,0.0,0,NaN,invalid
670,NaN,NaN,0.0,0,NaN,invalid
671,NaN,NaN,0.0,0,NaN,invalid
672,NaN,NaN,0.0,0,NaN,invalid
673,NaN,NaN,0.0,0,NaN,invalid
674,NaN,NaN,0.0,0,NaN,invalid
675,NaN,NaN,0.0,0,NaN,invalid
676,NaN,NaN,0.0,0,NaN,invalid
677,NaN,NaN,0.0,0,NaN,invalid
678,NaN,NaN,0.0,0,NaN,invalid
679,NaN,NaN,0.0,0,NaN,invalid
680,NaN,NaN,0.0,0,NaN,invalid
681,NaN,NaN,0.0,0,NaN,invalid
682,NaN,NaN,0.0,0,NaN,invalid
683,NaN,NaN,0.0,0,NaN,invalid
684,NaN,NaN,0.0,0,NaN,invalid
685,1923.9403232280165,0.006038778413137226,1.0,50,3.0,observed
686,1923.814745567739,0.0062048524093030275,1.0,50,2.0,observed
687,1923.6204583495855,0.01364591881733328,1.0,50,2.0,observed
688,1923.5963585823774,0.013534813446676943,1.0,50,1.0,observed
689,1923.5208779126406,0.01331647579430032,1.0,50,2.0,observed
690,1923.4341672360897,0.011567086357431285,1.0,50,1.0,observed
691,1923.3378228992224,0.009054018644356496,1.0,50,3.0,observed
692,1923.3864451795816,0.008402763532419779,1.0,50,2.0,observed
693,1923.5350368320942,0.0082775568559861,1.0,50,2.0,observed
694,1923.7184490561485,0.008008789090478335,1.0,50,4.0,observed
695,1923.7298884540796,0.009096527805876872,1.0,50,2.0,observed
696,1923.6537713855505,0.008655549109986255,1.0,50,2.0,observed
697,1923.5679754018784,0.008146663032336413,1.0,50,2.0,observed
698,1923.4749122858047,0.009285887983722532,1.0,50,2.0,observed
699,1923.4325182884932,0.010225378769203491,1.0,50,2.0,observed
700,1923.361350208521,0.01116781023899674,1.0,50,3.0,observed
701,1923.3545383960009,0.012178051005000518,1.0,50,3.0,observed
702,1923.3850816190243,0.011727970535955494,1.0,50,2.0,observed
703,1923.393916875124,0.010569278975082015,1.0,50,2.0,observed
704,1923.3577779978514,0.00928263574040188,0.0,0,2.0,interpolated
705,1923.3216391205788,0.007995992505721744,1.0,50,2.0,observed
706,1923.3220438063145,0.007509666150044629,1.0,50,2.0,observed
707,1923.4212311506271,0.008178463216261495,1.0,50,2.0,observed
708,1923.4998785108328,0.04043825865599024,1.0,50,2.0,observed
709,1923.4499321728945,0.0073540565168540815,1.0,50,2.0,observed
710,1923.3844635933638,0.0068869577344812865,1.0,50,1.0,observed
711,1923.3485112935305,0.007216114014065978,1.0,50,2.0,observed
712,1923.3003116250038,0.008137314559848148,1.0,50,2.0,observed
713,1923.186221331358,0.008709343873184238,1.0,50,2.0,observed
714,1923.0354634504765,0.008946799177553273,1.0,50,3.0,observed
715,1922.9034843817353,0.008942954604672863,1.0,50,2.0,observed
716,1922.8814256042242,0.008348057984696807,1.0,50,3.0,observed
717,1922.9733084859326,0.007192230247944365,1.0,50,1.0,observed
718,1923.0620420146734,0.006414357798924361,1.0,50,2.0,observed
719,1923.084525231272,0.0063437187398216015,1.0,50,1.0,observed
720,1923.0661517456174,0.0069115093528883675,1.0,50,4.0,observed
721,1923.0510774888098,0.007198136458809206,1.0,50,2.0,observed
722,1923.047821905464,0.007356138701475023,1.0,50,1.0,observed
723,1923.0378642547876,0.007743532175437055,1.0,50,2.0,observed
724,1923.017349996604,0.007685049236584297,1.0,50,1.0,observed
725,1923.0044019783381,0.007842704149287732,1.0,50,3.0,observed
726,1922.9888236504048,0.007820486438918762,1.0,50,1.0,observed
727,1922.9603941161186,0.007161963478232321,1.0,50,1.0,observed
728,1922.9124890081584,0.006263745987127747,1.0,50,1.0,observed
729,1922.8778903223574,0.005927119764878271,1.0,50,1.0,observed
730,1922.8661559596658,0.006304042117072446,1.0,50,1.0,observed
731,1922.8696141168475,0.00676778420522995,1.0,50,2.0,observed
732,1922.900131162256,0.006616485935921229,1.0,50,1.0,observed
733,1922.9481934700161,0.0062085824034679785,1.0,50,2.0,observed
734,1922.9910945203155,0.006146563837814486,1.0,50,2.0,observed
735,1923.011325424537,0.006047442374055632,1.0,50,1.0,observed
736,1923.016592568718,0.0063795214480671806,1.0,50,3.0,observed
737,1923.015857592225,0.00696155752521515,1.0,50,3.0,observed
738,1923.0158501523547,0.007215648517255429,1.0,50,3.0,observed
739,1923.0455622840673,0.007665298415822156,1.0,50,3.0,observed
740,1923.0944039970636,0.007351416111957343,1.0,50,1.0,observed
741,1923.0975684039295,0.007016119886645594,1.0,50,2.0,observed
742,1923.072720348835,0.006954899149724822,1.0,50,3.0,observed
743,1923.0502352733165,0.0065605641709544065,1.0,50,1.0,observed
744,1923.0548859741539,0.00609592368241622,1.0,50,1.0,observed
745,1923.0945787392557,0.00623363990822589,1.0,50,2.0,observed
746,1923.115803282708,0.006301447762983758,1.0,50,2.0,observed
747,1923.0936173014343,0.005968259461587599,1.0,50,1.0,observed
748,1923.0831444747746,0.006091681887241431,1.0,50,1.0,observed
749,1923.0986603163183,0.006733414472981527,1.0,50,3.0,observed
750,1923.10225899145,0.007339242838216708,1.0,50,2.0,observed
751,1923.0655420906842,0.00760508930278841,1.0,50,2.0,observed
752,1922.978390391916,0.0075919574781054665,1.0,50,3.0,observed
753,1922.9038019180298,0.007590826628930115,1.0,50,1.0,observed
754,1922.880991511047,0.007163082898345072,1.0,50,2.0,observed
755,1922.8912165984511,0.006488384543233053,1.0,50,1.0,observed
756,1922.9055334106088,0.00592091975582195,1.0,50,1.0,observed
757,1922.9092768616974,0.005850123236678338,1.0,50,1.0,observed
758,1922.9122736267745,0.006222970935506592,1.0,50,2.0,observed
759,1922.9516312628984,0.006057902841321471,1.0,50,1.0,observed
760,1923.000598715851,0.005809355562363813,1.0,50,2.0,observed
761,1923.019543924369,0.006087963509869699,1.0,50,2.0,observed
762,1922.9919123379514,0.006731632362120542,1.0,50,1.0,observed
763,1922.9393448475748,0.0073875629956280464,1.0,50,3.0,observed
764,1922.8867784328759,0.007717549052135163,1.0,50,3.0,observed
765,1922.8641439452767,0.0073840091676995205,1.0,50,2.0,observed
766,1922.8809168450534,0.006652310931530828,1.0,50,1.0,observed
767,1922.9126857705414,0.00629059538334587,1.0,50,3.0,observed
768,1922.9342200793326,0.006377422912543836,1.0,50,1.0,observed
769,1922.9100880846381,0.006898104966897881,1.0,50,1.0,observed
770,1922.8515027165413,0.007672358327878175,1.0,50,2.0,observed
771,1922.7932730838656,0.008268377230348076,1.0,50,2.0,observed
772,1922.7505721896887,0.008527044783102723,1.0,50,2.0,observed
773,1922.7114822864532,0.0086794852785547,1.0,50,2.0,observed
774,1922.6446837186813,0.009105903062348847,1.0,50,2.0,observed
775,1922.5530399233103,0.009551171147215785,1.0,50,2.0,observed
776,1922.4667888581753,0.009952777595512823,1.0,50,2.0,observed
777,1922.457614928484,0.0250102079509961,1.0,50,2.0,observed
778,1922.520129069686,0.008263999249802036,1.0,50,2.0,observed
779,1922.5751131623983,0.008229737986604483,1.0,50,2.0,observed
780,1922.6138692498207,0.008597372741089633,1.0,50,1.0,observed
781,1922.643693715334,0.008401187648034228,1.0,50,2.0,observed
782,1922.6492673307657,0.007974673398107314,1.0,50,2.0,observed
783,1922.6109037995338,0.007699649844448949,1.0,50,2.0,observed
784,1922.5242087244987,0.00780959077647929,1.0,50,2.0,observed
785,1922.4308449178934,0.005756743275484681,1.0,50,2.0,observed
786,1922.3802427649498,0.008899659455350572,1.0,50,3.0,observed
787,1922.3694964498281,0.00957733764744,1.0,50,3.0,observed
788,1922.3805729150772,0.009458110583467473,1.0,50,2.0,observed
789,1922.4574356526136,0.009746992904387183,1.0,50,2.0,observed
790,1922.477262109518,0.00932286491433712,1.0,50,2.0,observed
791,1922.5292339920998,0.03340329844017236,1.0,50,2.0,observed
792,1922.4540841281414,0.007842026106600689,1.0,50,2.0,observed
793,1922.362668812275,0.006985345605651172,1.0,50,2.0,observed
794,1922.3062558323145,0.006690729496198953,1.0,50,2.0,observed
795,1922.3250318020582,0.007268183413688423,1.0,50,2.0,observed
796,1922.385947138071,0.008146519257842226,1.0,50,2.0,observed
797,1922.4260691553354,0.008449338976922448,1.0,50,2.0,observed
798,1922.417815849185,0.00812553696017284,1.0,50,2.0,observed
799,1922.354208022356,0.007730651703416355,1.0,50,2.0,observed
800,1922.2643737792969,0.007398417819248476,1.0,50,2.0,observed
801,1922.177238330245,0.006957807640927959,1.0,50,3.0,observed
802,1922.1220903731883,0.006680783187424766,1.0,50,1.0,observed
803,1922.1128205545247,0.006496025027057954,1.0,50,3.0,observed
804,1922.1261041238904,0.0070726007550343355,1.0,50,3.0,observed
805,1922.1395565494895,0.007843239877644582,1.0,50,3.0,observed
806,1922.1463276445866,0.007873585700461285,1.0,50,3.0,observed
807,1922.1452746987343,0.007290149852336666,1.0,50,2.0,observed
808,1922.1299710422754,0.006844664453782529,1.0,50,2.0,observed
809,1922.1015579290688,0.006535974886616947,1.0,50,3.0,observed
810,1922.0768311284482,0.006439121375742604,1.0,50,1.0,observed
811,1922.0645025633276,0.006788865824885586,1.0,50,2.0,observed
812,1922.0535008180887,0.006978699701225709,1.0,50,3.0,observed
813,1922.0434911772609,0.006644231933326589,1.0,50,1.0,observed
814,1922.0407549589872,0.006055093572298818,1.0,50,1.0,observed
815,1922.0452321302146,0.005761578071477876,1.0,50,1.0,observed
816,1922.0581621006131,0.0058567185690006004,1.0,50,2.0,observed
817,1922.0730856060982,0.006060529209838822,1.0,50,1.0,observed
818,1922.0644188784063,0.005973219122862892,1.0,50,2.0,observed
819,1922.0315226763487,0.006047332744957024,1.0,50,1.0,observed
820,1922.0069568459876,0.006470224278971047,1.0,50,1.0,observed
821,1921.9987554269028,0.006645235112724321,1.0,50,3.0,observed
822,1922.0063860730734,0.006538461829807656,1.0,50,2.0,observed
823,1922.0159718729556,0.006207237142100387,1.0,50,1.0,observed
824,1922.004058823688,0.005593949777882522,1.0,50,2.0,observed
825,1921.9876001304947,0.006260294036843257,1.0,50,3.0,observed
826,NaN,NaN,0.0,0,NaN,invalid
827,NaN,NaN,0.0,0,NaN,invalid
828,NaN,NaN,0.0,0,NaN,invalid
829,NaN,NaN,0.0,0,NaN,invalid
830,NaN,NaN,0.0,0,NaN,invalid
831,NaN,NaN,0.0,0,NaN,invalid
832,NaN,NaN,0.0,0,NaN,invalid
833,NaN,NaN,0.0,0,NaN,invalid
834,NaN,NaN,0.0,0,NaN,invalid
835,NaN,NaN,0.0,0,NaN,invalid
836,NaN,NaN,0.0,0,NaN,invalid
837,NaN,NaN,0.0,0,NaN,invalid
838,NaN,NaN,0.0,0,NaN,invalid
839,NaN,NaN,0.0,0,NaN,invalid
840,NaN,NaN,0.0,0,NaN,invalid
841,NaN,NaN,0.0,0,NaN,invalid
842,NaN,NaN,0.0,0,NaN,invalid
843,NaN,NaN,0.0,0,NaN,invalid
844,NaN,NaN,0.0,0,NaN,invalid
845,NaN,NaN,0.0,0,NaN,invalid
846,NaN,NaN,0.0,0,NaN,invalid
847,NaN,NaN,0.0,0,NaN,invalid
848,NaN,NaN,0.0,0,NaN,invalid
849,NaN,NaN,0.0,0,NaN,invalid
850,NaN,NaN,0.0,0,NaN,invalid
851,NaN,NaN,0.0,0,NaN,invalid
852,NaN,NaN,0.0,0,NaN,invalid
853,NaN,NaN,0.0,0,NaN,invalid
854,NaN,NaN,0.0,0,NaN,invalid
855,NaN,NaN,0.0,0,NaN,invalid
856,NaN,NaN,0.0,0,NaN,invalid
857,NaN,NaN,0.0,0,NaN,invalid
858,NaN,NaN,0.0,0,NaN,invalid
859,NaN,NaN,0.0,0,NaN,invalid
860,NaN,NaN,0.0,0,NaN,invalid
861,NaN,NaN,0.0,0,NaN,invalid
862,NaN,NaN,0.0,0,NaN,invalid
863,NaN,NaN,0.0,0,NaN,invalid
864,NaN,NaN,0.0,0,NaN,invalid
865,NaN,NaN,0.0,0,NaN,invalid
866,NaN,NaN,0.0,0,NaN,invalid
867,NaN,NaN,0.0,0,NaN,invalid
868,NaN,NaN,0.0,0,NaN,invalid
869,NaN,NaN,0.0,0,NaN,invalid
870,NaN,NaN,0.0,0,NaN,invalid
871,NaN,NaN,0.0,0,NaN,invalid
872,NaN,NaN,0.0,0,NaN,invalid
873,NaN,NaN,0.0,0,NaN,invalid
874,NaN,NaN,0.0,0,NaN,invalid
875,NaN,NaN,0.0,0,NaN,invalid
876,NaN,NaN,0.0,0,NaN,invalid
877,NaN,NaN,0.0,0,NaN,invalid
878,NaN,NaN,0.0,0,NaN,invalid
879,NaN,NaN,0.0,0,NaN,invalid
880,NaN,NaN,0.0,0,NaN,invalid
881,NaN,NaN,0.0,0,NaN,invalid
882,NaN,NaN,0.0,0,NaN,invalid
883,NaN,NaN,0.0,0,NaN,invalid
884,NaN,NaN,0.0,0,NaN,invalid
885,NaN,NaN,0.0,0,NaN,invalid
886,NaN,NaN,0.0,0,NaN,invalid
887,NaN,NaN,0.0,0,NaN,invalid
888,NaN,NaN,0.0,0,NaN,invalid
889,NaN,NaN,0.0,0,NaN,invalid
890,NaN,NaN,0.0,0,NaN,invalid
891,NaN,NaN,0.0,0,NaN,invalid
892,NaN,NaN,0.0,0,NaN,invalid
893,NaN,NaN,0.0,0,NaN,invalid
894,NaN,NaN,0.0,0,NaN,invalid
895,NaN,NaN,0.0,0,NaN,invalid
896,NaN,NaN,0.0,0,NaN,invalid
897,NaN,NaN,0.0,0,NaN,invalid
898,NaN,NaN,0.0,0,NaN,invalid
899,NaN,NaN,0.0,0,NaN,invalid
900,NaN,NaN,0.0,0,NaN,invalid
901,NaN,NaN,0.0,0,NaN,invalid
902,NaN,NaN,0.0,0,NaN,invalid
903,NaN,NaN,0.0,0,NaN,invalid
904,NaN,NaN,0.0,0,NaN,invalid
905,NaN,NaN,0.0,0,NaN,invalid
906,NaN,NaN,0.0,0,NaN,invalid
907,NaN,NaN,0.0,0,NaN,invalid
908,NaN,NaN,0.0,0,NaN,invalid
909,NaN,NaN,0.0,0,NaN,invalid
910,NaN,NaN,0.0,0,NaN,invalid
911,NaN,NaN,0.0,0,NaN,invalid
912,NaN,NaN,0.0,0,NaN,invalid
913,NaN,NaN,0.0,0,NaN,invalid
914,NaN,NaN,0.0,0,NaN,invalid
915,NaN,NaN,0.0,0,NaN,invalid
916,NaN,NaN,0.0,0,NaN,invalid
917,NaN,NaN,0.0,0,NaN,invalid
918,NaN,NaN,0.0,0,NaN,invalid
919,NaN,NaN,0.0,0,NaN,invalid
920,NaN,NaN,0.0,0,NaN,invalid
921,NaN,NaN,0.0,0,NaN,invalid
922,NaN,NaN,0.0,0,NaN,invalid
923,NaN,NaN,0.0,0,NaN,invalid
924,NaN,NaN,0.0,0,NaN,invalid
925,NaN,NaN,0.0,0,NaN,invalid
926,NaN,NaN,0.0,0,NaN,invalid
927,NaN,NaN,0.0,0,NaN,invalid
928,NaN,NaN,0.0,0,NaN,invalid
929,NaN,NaN,0.0,0,NaN,invalid
930,NaN,NaN,0.0,0,NaN,invalid
931,NaN,NaN,0.0,0,NaN,invalid
932,NaN,NaN,0.0,0,NaN,invalid
933,NaN,NaN,0.0,0,NaN,invalid
934,NaN,NaN,0.0,0,NaN,invalid
935,1920.0383457932621,0.003924707010787951,1.0,50,3.0,observed
936,1920.159268066287,0.004442434760175524,1.0,50,2.0,observed
937,1920.1965675279498,0.0064237278623881355,1.0,50,1.0,observed
938,1920.1579646021128,0.006952203734368687,1.0,50,2.0,observed
939,1920.1210619695485,0.007157155997459483,1.0,50,2.0,observed
940,1920.0728030353785,0.007363941957939477,1.0,50,2.0,observed
941,1920.0066805686802,0.0074822486678433105,1.0,50,3.0,observed
942,1919.9432824254036,0.007612654117932221,1.0,50,2.0,observed
943,1919.9047715961933,0.007787407618655648,1.0,50,1.0,observed
944,1919.874960217625,0.008056069843713138,1.0,50,3.0,observed
945,1919.8488658368587,0.007850862514663985,1.0,50,3.0,observed
946,1919.8324502259493,0.007127855380470417,1.0,50,2.0,observed
947,1919.816443182528,0.006705268073034947,1.0,50,1.0,observed
948,1919.8195237889886,0.006679192991659714,1.0,50,2.0,observed
949,1919.82595205307,0.006829014757724088,1.0,50,1.0,observed
950,1919.7998140230775,0.007463628903859869,1.0,50,3.0,observed
951,1919.7674577385187,0.008126525572535435,1.0,50,2.0,observed
952,1919.7493272423744,0.008335512594358038,1.0,50,1.0,observed
953,1919.721516251564,0.008409842268849955,1.0,50,3.0,observed
954,1919.6686916947365,0.008669335116904934,1.0,50,2.0,observed
955,1919.6208591908216,0.008994522215084075,1.0,50,2.0,observed
956,1919.6102005839348,0.009065712678266216,1.0,50,2.0,observed
957,1919.6082800924778,0.009083313099568498,1.0,50,3.0,observed
958,1919.5822185873985,0.009048139547469275,1.0,50,2.0,observed
959,1919.5438653081656,0.009051564587599027,1.0,50,2.0,observed
960,1919.5476026386023,0.008775190506635009,1.0,50,2.0,observed
961,1919.6280852109194,0.008321662538506467,1.0,50,2.0,observed
962,1919.679938212037,0.008577655041671083,1.0,50,3.0,observed
963,1919.6545512378216,0.008582149275244944,1.0,50,3.0,observed
964,1919.5998999774456,0.007974448616985045,1.0,50,2.0,observed
965,1919.5699923932552,0.008339868679831984,1.0,50,2.0,observed
966,1919.5253598690033,0.007984081505898093,1.0,50,2.0,observed
967,1919.5410582125187,0.00810395715631454,1.0,50,2.0,observed
968,1919.495715200901,0.014801828485079221,1.0,50,2.0,observed
969,1919.488021016121,0.016970264487571676,1.0,50,2.0,observed
970,1919.484274700284,0.008950991648416742,1.0,50,2.0,observed
971,1919.421327829361,0.008531831199906173,1.0,50,3.0,observed
972,1919.37179556489,0.0075965106174093276,1.0,50,3.0,observed
973,1919.409779176116,0.007273756654787225,1.0,50,2.0,observed
974,1919.4516880363226,0.007278680391451773,1.0,50,2.0,observed
975,1919.4528194665909,0.007097934768254223,1.0,50,2.0,observed
976,1919.4268171489239,0.006800169541237902,1.0,50,2.0,observed
977,1919.3783784508705,0.006722419447442306,1.0,50,2.0,observed
978,1919.33916503191,0.007283354350582457,1.0,50,2.0,observed
979,1919.3485138267279,0.008241827807429885,1.0,50,1.0,observed
980,1919.3693678677082,0.009040669568310372,1.0,50,2.0,observed
981,1919.3466577082872,0.008963853543812026,1.0,50,2.0,observed
982,1919.2881921231747,0.008009823555986884,1.0,50,2.0,observed
983,1919.2467989623547,0.007099403368072091,1.0,50,1.0,observed
984,1919.2367849349976,0.006902117955460879,1.0,50,2.0,observed
985,1919.232663139701,0.007238274957986363,1.0,50,2.0,observed
986,1919.234876908362,0.007645421426689404,1.0,50,2.0,observed
987,1919.2360256686807,0.00772711037843096,1.0,50,2.0,observed
988,1919.219068840146,0.007487050537210414,1.0,50,1.0,observed
989,1919.1923044323921,0.007409097942046035,1.0,50,1.0,observed
990,1919.1741379722953,0.007685048010256456,1.0,50,2.0,observed
991,1919.1621912419796,0.008072757540437651,1.0,50,2.0,observed
992,1919.1398056447506,0.008126783778757422,1.0,50,3.0,observed
993,1919.1014680452645,0.00763581203035606,1.0,50,3.0,observed
994,1919.0676723867655,0.006818976998326093,1.0,50,3.0,observed
995,1919.065875839442,0.005885139152554919,1.0,50,2.0,observed
996,1919.1057080365717,0.005452011657134953,1.0,50,2.0,observed
997,1919.15678075701,0.005885542086584154,1.0,50,1.0,observed
998,1919.1752194687724,0.0065424796701383,1.0,50,2.0,observed
999,1919.1302857846022,0.00647719141210543,1.0,50,2.0,observed
1000,1919.064952161163,0.006260289531710843,1.0,50,3.0,observed
1001,1919.0212227981538,0.00635686470952756,1.0,50,3.0,observed
1002,1918.9964730978245,0.00616389361792693,1.0,50,3.0,observed
1003,1918.9858662616462,0.005747130970762068,1.0,50,2.0,observed
1004,1918.9736415529624,0.005718041319628564,1.0,50,1.0,observed
1005,1918.9582613948733,0.006253125726603295,1.0,50,1.0,observed
1006,1918.9607952851802,0.006771035285786087,1.0,50,1.0,observed
1007,1918.9734136695042,0.006939800597603866,1.0,50,2.0,observed
1008,1918.9777127215639,0.006732662821076508,1.0,50,3.0,observed
1009,1918.950339699164,0.00650806114713859,1.0,50,2.0,observed
1010,1918.877803441137,0.0068193117862401405,1.0,50,2.0,observed
1011,1918.8374823182821,0.007044866860828627,1.0,50,2.0,observed
1012,1918.8409610688686,0.006811699098253762,1.0,50,2.0,observed
1013,1918.841682933271,0.006485558023482616,1.0,50,1.0,observed
1014,1918.8095071166754,0.006617966717360808,1.0,50,2.0,observed
1015,1918.7683329209685,0.007158136486887242,1.0,50,3.0,observed
1016,1918.7500454559922,0.007288538679427101,1.0,50,2.0,observed
1017,1918.7617404535413,0.006843186564982064,1.0,50,2.0,observed
1018,1918.7844889089465,0.006443476968080907,1.0,50,1.0,observed
1019,1918.8060815557837,0.006431624297124718,1.0,50,2.0,observed
1020,1918.8349130377173,0.006501983230032376,1.0,50,3.0,observed
1021,1918.8708033934236,0.006387896373018938,1.0,50,1.0,observed
1022,1918.883832104504,0.005971713455357913,1.0,50,2.0,observed
1023,1918.8429154381156,0.005856592694953004,1.0,50,2.0,observed
1024,1918.7671253308654,0.006527276139196817,1.0,50,2.0,observed
1025,1918.686926215887,0.007372118780910199,1.0,50,2.0,observed
1026,1918.6020377278328,0.008512416767851154,1.0,50,2.0,observed
1027,1918.5341971218586,0.0101069797672357,1.0,50,2.0,observed
1028,1918.5545659512281,0.009967720091982282,1.0,50,2.0,observed
1029,1918.5883153527975,0.00932075828791343,1.0,50,2.0,observed
1030,1918.6149369478226,0.008696893527358548,1.0,50,3.0,observed
1031,1918.622654646635,0.008303220186327813,1.0,50,2.0,observed
1032,1918.6223387420177,0.00800309911615982,1.0,50,2.0,observed
1033,1918.6144117563963,0.007825165824058861,1.0,50,3.0,observed
1034,1918.5907195806503,0.007483346875733557,1.0,50,2.0,observed
1035,1918.5114930868149,0.007647614111982519,1.0,50,2.0,observed
1036,1918.5012460947037,0.007220870121829274,1.0,50,2.0,observed
1037,1918.4438339024782,0.00644978715158238,1.0,50,2.0,observed
1038,1918.4133191108704,0.006087909235206961,1.0,50,2.0,observed
1039,1918.4031852781773,0.006572009744414748,1.0,50,2.0,observed
1040,1918.409779265523,0.007595502689241373,1.0,50,2.0,observed
1041,1918.4415685236454,0.008203002019126899,1.0,50,2.0,observed
1042,1918.4778356701136,0.008679104695955444,1.0,50,2.0,observed
1043,1918.5202805995941,0.029947410063372898,1.0,50,2.0,observed
1044,1918.6423453390598,0.11153706367262571,1.0,50,2.0,observed
1045,1918.7648956105113,0.17742694386090335,1.0,50,2.0,observed
1046,NaN,NaN,0.0,0,NaN,invalid
1047,NaN,NaN,0.0,0,NaN,invalid
1048,NaN,NaN,0.0,0,NaN,invalid
1049,NaN,NaN,0.0,0,NaN,invalid
1050,NaN,NaN,0.0,0,NaN,invalid
1051,NaN,NaN,0.0,0,NaN,invalid
1052,NaN,NaN,0.0,0,NaN,invalid
1053,NaN,NaN,0.0,0,NaN,invalid
1054,NaN,NaN,0.0,0,NaN,invalid
1055,NaN,NaN,0.0,0,NaN,invalid
1056,NaN,NaN,0.0,0,NaN,invalid
1057,NaN,NaN,0.0,0,NaN,invalid
1058,NaN,NaN,0.0,0,NaN,invalid
1059,NaN,NaN,0.0,0,NaN,invalid
1060,NaN,NaN,0.0,0,NaN,invalid
1061,NaN,NaN,0.0,0,NaN,invalid
1062,NaN,NaN,0.0,0,NaN,invalid
1063,NaN,NaN,0.0,0,NaN,invalid
1064,NaN,NaN,0.0,0,NaN,invalid
1065,NaN,NaN,0.0,0,NaN,invalid
1066,NaN,NaN,0.0,0,NaN,invalid
1067,NaN,NaN,0.0,0,NaN,invalid
1068,NaN,NaN,0.0,0,NaN,invalid
1069,NaN,NaN,0.0,0,NaN,invalid
1070,NaN,NaN,0.0,0,NaN,invalid
1071,NaN,NaN,0.0,0,NaN,invalid
1072,NaN,NaN,0.0,0,NaN,invalid
1073,NaN,NaN,0.0,0,NaN,invalid
1074,NaN,NaN,0.0,0,NaN,invalid
1075,NaN,NaN,0.0,0,NaN,invalid
1076,NaN,NaN,0.0,0,NaN,invalid
1077,NaN,NaN,0.0,0,NaN,invalid
1078,NaN,NaN,0.0,0,NaN,invalid
1079,NaN,NaN,0.0,0,NaN,invalid
1080,NaN,NaN,0.0,0,NaN,invalid
1081,NaN,NaN,0.0,0,NaN,invalid
1082,NaN,NaN,0.0,0,NaN,invalid
1083,NaN,NaN,0.0,0,NaN,invalid
1084,NaN,NaN,0.0,0,NaN,invalid
1085,NaN,NaN,0.0,0,NaN,invalid
1086,NaN,NaN,0.0,0,NaN,invalid
1087,NaN,NaN,0.0,0,NaN,invalid
1088,NaN,NaN,0.0,0,NaN,invalid
1089,NaN,NaN,0.0,0,NaN,invalid
1090,NaN,NaN,0.0,0,NaN,invalid
1091,NaN,NaN,0.0,0,NaN,invalid
1092,NaN,NaN,0.0,0,NaN,invalid
1093,NaN,NaN,0.0,0,NaN,invalid
1094,NaN,NaN,0.0,0,NaN,invalid
1095,NaN,NaN,0.0,0,NaN,invalid
1096,NaN,NaN,0.0,0,NaN,invalid
1097,NaN,NaN,0.0,0,NaN,invalid
1098,NaN,NaN,0.0,0,NaN,invalid
1099,NaN,NaN,0.0,0,NaN,invalid
1100,NaN,NaN,0.0,0,NaN,invalid
1101,NaN,NaN,0.0,0,NaN,invalid
1102,NaN,NaN,0.0,0,NaN,invalid
1103,NaN,NaN,0.0,0,NaN,invalid
1104,NaN,NaN,0.0,0,NaN,invalid
1105,NaN,NaN,0.0,0,NaN,invalid
1106,NaN,NaN,0.0,0,NaN,invalid
1107,NaN,NaN,0.0,0,NaN,invalid
1108,NaN,NaN,0.0,0,NaN,invalid
1109,NaN,NaN,0.0,0,NaN,invalid
1110,NaN,NaN,0.0,0,NaN,invalid
1111,NaN,NaN,0.0,0,NaN,invalid
1112,NaN,NaN,0.0,0,NaN,invalid
1113,NaN,NaN,0.0,0,NaN,invalid
1114,NaN,NaN,0.0,0,NaN,invalid
1115,NaN,NaN,0.0,0,NaN,invalid
1116,NaN,NaN,0.0,0,NaN,invalid
1117,NaN,NaN,0.0,0,NaN,invalid
1118,NaN,NaN,0.0,0,NaN,invalid
1119,NaN,NaN,0.0,0,NaN,invalid
1120,NaN,NaN,0.0,0,NaN,invalid
1121,NaN,NaN,0.0,0,NaN,invalid
1122,NaN,NaN,0.0,0,NaN,invalid
1123,NaN,NaN,0.0,0,NaN,invalid
1124,NaN,NaN,0.0,0,NaN,invalid
1125,NaN,NaN,0.0,0,NaN,invalid
1126,NaN,NaN,0.0,0,NaN,invalid
1127,NaN,NaN,0.0,0,NaN,invalid
1128,NaN,NaN,0.0,0,NaN,invalid
1129,NaN,NaN,0.0,0,NaN,invalid
1130,NaN,NaN,0.0,0,NaN,invalid
1131,NaN,NaN,0.0,0,NaN,invalid
1132,NaN,NaN,0.0,0,NaN,invalid
1133,NaN,NaN,0.0,0,NaN,invalid
1134,NaN,NaN,0.0,0,NaN,invalid
1135,NaN,NaN,0.0,0,NaN,invalid
1136,NaN,NaN,0.0,0,NaN,invalid
1137,NaN,NaN,0.0,0,NaN,invalid
1138,NaN,NaN,0.0,0,NaN,invalid
1139,NaN,NaN,0.0,0,NaN,invalid
1140,NaN,NaN,0.0,0,NaN,invalid
1141,NaN,NaN,0.0,0,NaN,invalid
1142,NaN,NaN,0.0,0,NaN,invalid
1143,NaN,NaN,0.0,0,NaN,invalid
1144,NaN,NaN,0.0,0,NaN,invalid
1145,NaN,NaN,0.0,0,NaN,invalid
1146,NaN,NaN,0.0,0,NaN,invalid
1147,1916.8019436597824,0.012740907956268584,0.9,45,1.0,observed
1148,1916.8201935993773,0.011459050473840124,0.0,0,1.0,interpolated
1149,1916.8384435389723,0.010177192991411663,0.0,0,1.0,interpolated
1150,1916.8566934785672,0.008895335508983202,0.0,0,1.0,interpolated
1151,1916.8749434181623,0.007613478026554741,0.0,0,1.0,interpolated
1152,1916.8931933577571,0.00633162054412628,0.0,0,1.0,interpolated
1153,1916.9114432973522,0.005049763061697819,0.0,0,1.0,interpolated
1154,1916.929693236947,0.003767905579269359,1.0,50,1.0,observed
1155,1916.7841364517808,0.0042069434910869405,1.0,50,1.0,observed
1156,1916.658667653799,0.004755915276794985,1.0,50,2.0,observed
1157,1916.6345845907927,0.005094227120055986,1.0,50,2.0,observed
1158,1916.6733085513115,0.0051556629029610515,1.0,50,2.0,observed
1159,1916.7378185093403,0.005091853277965328,1.0,50,2.0,observed
1160,1916.760619752109,0.005159274928692078,1.0,50,1.0,observed
1161,1916.7003517001867,0.0054515931755308574,1.0,50,1.0,observed
1162,1916.601962685585,0.005809728035019969,1.0,50,2.0,observed
1163,1916.532820418477,0.0059855811931513285,1.0,50,2.0,observed
1164,1916.517918765545,0.005855740553391737,1.0,50,2.0,observed
1165,1916.5251704007387,0.005422724492971364,1.0,50,2.0,observed
1166,1916.515005916357,0.00542606177178371,1.0,50,2.0,observed
1167,1916.4597216546535,0.01654582318000024,1.0,50,2.0,observed
1168,1916.4520094692707,0.006277600360182701,1.0,50,2.0,observed
1169,1916.4090969264507,0.006263921821751183,1.0,50,2.0,observed
1170,1916.383806347847,0.005998821280557162,1.0,50,2.0,observed
1171,1916.3823460042477,0.00570972547441667,1.0,50,2.0,observed
1172,1916.396805420518,0.005480796904012109,1.0,50,2.0,observed
1173,1916.4226035177708,0.005471111762358636,1.0,50,2.0,observed
1174,1916.4720486849546,0.005899340210564536,1.0,50,2.0,observed
1175,1916.4629303216934,0.006174539820374215,1.0,50,2.0,observed
1176,1916.551376581192,0.005783942382796687,1.0,50,2.0,observed
1177,1916.5681017637253,0.006283264078186075,1.0,50,2.0,observed
1178,1916.523000240326,0.007343985620492299,1.0,50,2.0,observed
1179,1916.4702138006687,0.007902255902992879,1.0,50,2.0,observed
1180,1916.488730058074,0.007650172989798631,1.0,50,2.0,observed
1181,1916.3967406451702,0.006669067337687926,1.0,50,2.0,observed
1182,1916.3310972899199,0.006121967918397764,1.0,50,2.0,observed
1183,1916.3296399861574,0.006356456975720235,1.0,50,2.0,observed
1184,1916.3638175278902,0.007210229404033329,1.0,50,2.0,observed
1185,1916.3803240656853,0.007638747913950665,1.0,50,2.0,observed
1186,1916.4007537662983,0.008363523681837235,1.0,50,2.0,observed
1187,1916.3976926654577,0.008830038803628537,1.0,50,2.0,observed
1188,1916.348347723484,0.008403940120912168,1.0,50,2.0,observed
1189,1916.2678517699242,0.007444122030877512,1.0,50,2.0,observed
1190,1916.185969941318,0.0065617360319134834,1.0,50,1.0,observed
1191,1916.1620709002018,0.006411887276718482,1.0,50,1.0,observed
1192,1916.1858110800385,0.006821057765160419,1.0,50,2.0,observed
1193,1916.2106042131782,0.007132809190830241,1.0,50,2.0,observed
1194,1916.204846277833,0.006696051600932615,1.0,50,2.0,observed
1195,1916.1770130991936,0.005777741037856024,1.0,50,1.0,observed
1196,1916.159232787788,0.005235168495080782,1.0,50,2.0,observed
1197,1916.1335077807307,0.005229735659593199,1.0,50,2.0,observed
1198,1916.0857864543796,0.005666343044309373,1.0,50,3.0,observed
1199,1916.0582476127893,0.006310661122065092,1.0,50,2.0,observed
1200,1916.1036106720567,0.00664772063584309,1.0,50,2.0,observed
1201,1916.1569950059056,0.007030816165137659,1.0,50,3.0,observed
1202,1916.1713747829199,0.006980998387921507,1.0,50,2.0,observed
1203,1916.1464689299464,0.006363389348253661,1.0,50,3.0,observed
1204,1916.1085762679577,0.005889074688972956,1.0,50,3.0,observed
1205,1916.0610673371702,0.006027351828676581,1.0,50,2.0,observed
1206,1915.9949747314677,0.006281567650662285,1.0,50,2.0,observed
1207,1915.9752194127068,0.006966467492420385,1.0,50,3.0,observed
1208,1915.9890629793517,0.007570148919788563,1.0,50,3.0,observed
1209,1916.0085688456893,0.0076018004888416275,1.0,50,3.0,observed
1210,1916.0180866848677,0.007267269660740906,1.0,50,3.0,observed
1211,1916.012882983312,0.00710520829007424,1.0,50,1.5,observed
1212,1916.0083215553313,0.006919397477116324,1.0,50,1.0,observed
1213,1916.0042481061537,0.006429225237227383,1.0,50,1.0,observed
1214,1915.9839791562408,0.0057577044382389,1.0,50,3.0,observed
1215,1915.9102032519877,0.005051018990975881,1.0,50,1.0,observed
1216,1915.802077524364,0.004863610315625758,1.0,50,2.0,observed
1217,1915.7219582647085,0.005160566271640455,1.0,50,2.0,observed
1218,1915.6856807172298,0.005471449069648664,1.0,50,2.0,observed
1219,1915.6742447018623,0.005595912130045393,1.0,50,2.0,observed
1220,1915.6943117827177,0.005513151594028622,1.0,50,2.0,observed
1221,1915.7426292300224,0.005191015193627815,1.0,50,3.0,observed
1222,1915.7891234457493,0.004830453999088411,1.0,50,1.0,observed
1223,1915.794714793563,0.004598239198349032,1.0,50,1.0,observed
1224,1915.7374118864536,0.0048273944164365775,1.0,50,2.0,observed
1225,1915.6714561283588,0.005237289856298943,1.0,50,2.0,observed
1226,1915.6601448655128,0.0053952925389604955,1.0,50,2.0,observed
1227,1915.6679790616035,0.005503258442199356,1.0,50,2.0,observed
1228,1915.6841731071472,0.005388740730573301,1.0,50,2.0,observed
1229,1915.6904901713133,0.005274891520146663,1.0,50,2.0,observed
1230,1915.6751830726862,0.005367982656196974,1.0,50,2.0,observed
1231,1915.6685298979282,0.005462522527814516,1.0,50,2.0,observed
1232,1915.6823429912329,0.005435743035334791,1.0,50,2.0,observed
1233,1915.69619448483,0.005357743497099196,1.0,50,1.0,observed
1234,1915.672578200698,0.005453204336146491,1.0,50,1.0,observed
1235,1915.6118170917034,0.005465584504397807,1.0,50,2.0,observed
1236,1915.5506831258535,0.005797374155384633,1.0,50,2.0,observed
1237,1915.5170757323503,0.006781011062404212,1.0,50,2.0,observed
1238,1915.4883769452572,0.007571035000348653,1.0,50,3.0,observed
1239,1915.4546643197536,0.011284360586742414,1.0,50,3.0,observed
1240,1915.4891131222248,0.007939973505923029,1.0,50,2.0,observed
1241,1915.4792656600475,0.007547461306659042,1.0,50,2.0,observed
1242,1915.4656861573458,0.007073081732726261,1.0,50,2.0,observed
1243,1915.4424663633108,0.006645398754147752,1.0,50,3.0,observed
1244,1915.4231138825417,0.006312920152181986,1.0,50,2.0,observed
1245,1915.4228211641312,0.006344285484287781,1.0,50,2.0,observed
1246,1915.4337607324123,0.006830906922289278,1.0,50,2.0,observed
1247,1915.4202372729778,0.007105456400049336,1.0,50,2.0,observed
1248,1915.3845159709454,0.006600554210164303,1.0,50,3.0,observed
1249,1915.3697168529034,0.006258336491044631,1.0,50,2.0,observed
1250,1915.4009592086077,0.00654312118609944,1.0,50,2.0,observed
1251,1915.4445184469223,0.0068830119206294196,1.0,50,2.0,observed
1252,1915.449703425169,0.00651654806234276,1.0,50,2.0,observed
1253,1915.418083384633,0.005628727815963374,1.0,50,2.0,observed
1254,1915.3771082013845,0.005120443026793471,1.0,50,2.0,observed
1255,1915.3512220680714,0.005570565916657387,1.0,50,2.0,observed
1256,1915.3127665668726,0.006044267454327046,1.0,50,2.0,observed
1257,1915.2500448301435,0.005960249936769525,1.0,50,3.0,observed
1258,1915.1746264398098,0.005429717861806569,1.0,50,2.0,observed
1259,1915.1142796613276,0.005269717803131263,1.0,50,1.0,observed
1260,1915.1008907482028,0.005763179643866184,1.0,50,1.0,observed
1261,1915.1239957027137,0.006289658592569957,1.0,50,3.0,observed
1262,1915.1400380134583,0.005937278813937109,1.0,50,3.0,observed
1263,1915.087462555617,0.005062773270555634,1.0,50,3.0,observed
1264,NaN,NaN,0.0,0,NaN,invalid
1265,NaN,NaN,0.0,0,NaN,invalid
1266,NaN,NaN,0.0,0,NaN,invalid
1267,NaN,NaN,0.0,0,NaN,invalid
1268,NaN,NaN,0.0,0,NaN,invalid
1269,NaN,NaN,0.0,0,NaN,invalid
1270,NaN,NaN,0.0,0,NaN,invalid
1271,NaN,NaN,0.0,0,NaN,invalid
1272,NaN,NaN,0.0,0,NaN,invalid
1273,NaN,NaN,0.0,0,NaN,invalid
1274,NaN,NaN,0.0,0,NaN,invalid
1275,NaN,NaN,0.0,0,NaN,invalid
1276,NaN,NaN,0.0,0,NaN,invalid
1277,NaN,NaN,0.0,0,NaN,invalid
1278,NaN,NaN,0.0,0,NaN,invalid
1279,NaN,NaN,0.0,0,NaN,invalid
1280,NaN,NaN,0.0,0,NaN,invalid
1281,NaN,NaN,0.0,0,NaN,invalid
1282,NaN,NaN,0.0,0,NaN,invalid
1283,NaN,NaN,0.0,0,NaN,invalid
1284,NaN,NaN,0.0,0,NaN,invalid
1285,NaN,NaN,0.0,0,NaN,invalid
1286,NaN,NaN,0.0,0,NaN,invalid
1287,NaN,NaN,0.0,0,NaN,invalid
1288,NaN,NaN,0.0,0,NaN,invalid
1289,NaN,NaN,0.0,0,NaN,invalid
1290,NaN,NaN,0.0,0,NaN,invalid
1291,NaN,NaN,0.0,0,NaN,invalid
1292,NaN,NaN,0.0,0,NaN,invalid
1293,NaN,NaN,0.0,0,NaN,invalid
1294,NaN,NaN,0.0,0,NaN,invalid
1295,NaN,NaN,0.0,0,NaN,invalid
1296,NaN,NaN,0.0,0,NaN,invalid
1297,NaN,NaN,0.0,0,NaN,invalid
1298,NaN,NaN,0.0,0,NaN,invalid
1299,NaN,NaN,0.0,0,NaN,invalid
1300,NaN,NaN,0.0,0,NaN,invalid
1301,NaN,NaN,0.0,0,NaN,invalid
1302,NaN,NaN,0.0,0,NaN,invalid
1303,NaN,NaN,0.0,0,NaN,invalid
1304,NaN,NaN,0.0,0,NaN,invalid
1305,NaN,NaN,0.0,0,NaN,invalid
1306,NaN,NaN,0.0,0,NaN,invalid
1307,NaN,NaN,0.0,0,NaN,invalid
1308,NaN,NaN,0.0,0,NaN,invalid
1309,NaN,NaN,0.0,0,NaN,invalid
1310,NaN,NaN,0.0,0,NaN,invalid
1311,NaN,NaN,0.0,0,NaN,invalid
1312,NaN,NaN,0.0,0,NaN,invalid
1313,NaN,NaN,0.0,0,NaN,invalid
1314,NaN,NaN,0.0,0,NaN,invalid
1315,NaN,NaN,0.0,0,NaN,invalid
1316,NaN,NaN,0.0,0,NaN,invalid
1317,NaN,NaN,0.0,0,NaN,invalid
1318,NaN,NaN,0.0,0,NaN,invalid
1319,NaN,NaN,0.0,0,NaN,invalid
1320,NaN,NaN,0.0,0,NaN,invalid
1321,NaN,NaN,0.38,19,NaN,invalid
1322,NaN,NaN,0.0,0,NaN,invalid
1323,NaN,NaN,0.0,0,NaN,invalid
1324,NaN,NaN,0.0,0,NaN,invalid
1325,NaN,NaN,0.0,0,NaN,invalid
1326,NaN,NaN,0.0,0,NaN,invalid
1327,NaN,NaN,0.0,0,NaN,invalid
1328,NaN,NaN,0.0,0,NaN,invalid
1329,NaN,NaN,0.0,0,NaN,invalid
1330,NaN,NaN,0.0,0,NaN,invalid
1331,NaN,NaN,0.0,0,NaN,invalid
1332,NaN,NaN,0.0,0,NaN,invalid
1333,NaN,NaN,0.0,0,NaN,invalid
1334,NaN,NaN,0.0,0,NaN,invalid
1335,NaN,NaN,0.0,0,NaN,invalid
1336,NaN,NaN,0.0,0,NaN,invalid
1337,NaN,NaN,0.0,0,NaN,invalid
1338,NaN,NaN,0.0,0,NaN,invalid
1339,NaN,NaN,0.0,0,NaN,invalid
1340,NaN,NaN,0.0,0,NaN,invalid
1341,NaN,NaN,0.0,0,NaN,invalid
1342,NaN,NaN,0.0,0,NaN,invalid
1343,NaN,NaN,0.0,0,NaN,invalid
1344,NaN,NaN,0.0,0,NaN,invalid
1345,NaN,NaN,0.0,0,NaN,invalid
1346,NaN,NaN,0.0,0,NaN,invalid
1347,NaN,NaN,0.0,0,NaN,invalid
1348,NaN,NaN,0.0,0,NaN,invalid
1349,1913.743645042181,0.014206220905618384,1.0,50,2.0,observed
1350,NaN,NaN,0.0,0,NaN,invalid
1351,NaN,NaN,0.0,0,NaN,invalid
1352,NaN,NaN,0.0,0,NaN,invalid
1353,NaN,NaN,0.0,0,NaN,invalid
1354,NaN,NaN,0.0,0,NaN,invalid
1355,NaN,NaN,0.0,0,NaN,invalid
1356,NaN,NaN,0.0,0,NaN,invalid
1357,NaN,NaN,0.0,0,NaN,invalid
1358,NaN,NaN,0.0,0,NaN,invalid
1359,NaN,NaN,0.0,0,NaN,invalid
1360,NaN,NaN,0.0,0,NaN,invalid
1361,NaN,NaN,0.0,0,NaN,invalid
1362,NaN,NaN,0.0,0,NaN,invalid
1363,NaN,NaN,0.0,0,NaN,invalid
1364,NaN,NaN,0.0,0,NaN,invalid
1365,NaN,NaN,0.0,0,NaN,invalid
1366,NaN,NaN,0.0,0,NaN,invalid
1367,NaN,NaN,0.0,0,NaN,invalid
1368,NaN,NaN,0.0,0,NaN,invalid
1369,NaN,NaN,0.0,0,NaN,invalid
1370,NaN,NaN,0.0,0,NaN,invalid
1371,NaN,NaN,0.0,0,NaN,invalid
1372,NaN,NaN,0.0,0,NaN,invalid
1373,1913.8211024478078,0.006707226317678867,1.0,50,2.0,observed
1374,1913.7609918564558,0.006669644635850832,1.0,50,2.0,observed
1375,1913.7398901432753,0.006525929418175076,1.0,50,2.0,observed
1376,1913.7267551869154,0.006554245151826774,1.0,50,2.0,observed
1377,1913.7192560583353,0.006991507217149588,1.0,50,2.0,observed
1378,1913.7115748375654,0.007289110539097835,1.0,50,2.0,observed
1379,1913.6834608763456,0.0074130253929177185,1.0,50,2.0,observed
1380,1913.654886573553,0.0070756077926432855,1.0,50,2.0,observed
1381,1913.6347685158253,0.006477464032007628,1.0,50,2.0,observed
1382,1913.5986651331186,0.006742199945477781,1.0,50,2.0,observed
1383,1913.5793310403824,0.00685456992755789,1.0,50,2.0,observed
1384,1913.6193411499262,0.006487765703023377,1.0,50,2.0,observed
1385,1913.683549568057,0.006969345813788915,1.0,50,3.0,observed
1386,1913.7100696712732,0.007607438645675507,1.0,50,3.0,observed
1387,1913.6860017180443,0.00806633647993949,1.0,50,2.0,observed
1388,1913.640865728259,0.0084288278894963,1.0,50,3.0,observed
1389,1913.5713554024696,0.008558655697170948,1.0,50,3.0,observed
1390,1913.5312074124813,0.008870823242969339,1.0,50,2.0,observed
1391,1913.4284171313047,0.008237680376821484,1.0,50,2.0,observed
1392,1913.381808117032,0.007995120326971607,1.0,50,2.0,observed
1393,1913.4081463962793,0.00796591009019752,1.0,50,2.0,observed
1394,1913.4748372584581,0.008513749565086106,1.0,50,3.0,observed
1395,1913.5325094163418,0.009128122939528902,1.0,50,3.0,observed
1396,1913.54853618145,0.008943506133583573,1.0,50,2.0,observed
1397,1913.5288252830505,0.009746939635697073,1.0,50,2.0,observed
1398,1913.503947839141,0.011384818609763167,1.0,50,2.0,observed
1399,1913.4976249039173,0.007846905019819087,1.0,50,3.0,observed
1400,1913.5275670439005,0.007304345065460299,1.0,50,2.0,observed
1401,1913.5123465806246,0.007010670099514988,1.0,50,2.0,observed
1402,1913.4966640919447,0.008193118143791136,1.0,50,2.0,observed
1403,1913.4394809752703,0.008068557604956094,1.0,50,2.0,observed
1404,1913.3898556530476,0.007327469801504232,1.0,50,2.0,observed
1405,1913.4155554026365,0.0073024420322475945,1.0,50,2.0,observed
1406,1913.4670721441507,0.007869298235516152,1.0,50,2.0,observed
1407,1913.4723210334778,0.007666174885278959,1.0,50,2.0,observed
1408,1913.467242076993,0.007647724775655326,1.0,50,2.0,observed
1409,1913.4255945980549,0.007431846407441124,1.0,50,2.0,observed
1410,1913.390037983656,0.007704975079327312,1.0,50,2.0,observed
1411,1913.3659429699183,0.008053026698428434,1.0,50,3.0,observed
1412,1913.3405972719193,0.007972253643034043,1.0,50,2.0,observed
1413,1913.3048439323902,0.007990879939375604,1.0,50,2.0,observed
1414,1913.2454577237368,0.008057541257286421,1.0,50,2.0,observed
1415,1913.1671613007784,0.00793213792499082,1.0,50,3.0,observed
1416,1913.093066394329,0.00748169568899709,1.0,50,3.0,observed
1417,1913.0721162594855,0.0068901924904484395,1.0,50,2.0,observed
1418,1913.1533040329814,0.006449120896419582,1.0,50,1.0,observed
1419,1913.2700379490852,0.006473073602031963,1.0,50,2.0,observed
1420,1913.335150912404,0.006789589267409506,1.0,50,2.0,observed
1421,1913.3364192396402,0.006995829821992607,1.0,50,2.0,observed
1422,1913.2949517071247,0.006905028160466296,1.0,50,3.0,observed
1423,1913.2362163886428,0.006590560278926274,1.0,50,3.0,observed
1424,1913.1827974244952,0.006470041155390906,1.0,50,2.0,observed
1425,1913.1272398531437,0.006670326258254636,1.0,50,3.0,observed
1426,1913.0700660943985,0.007001314233982356,1.0,50,1.0,observed
1427,1913.069418746978,0.0073855575945779095,1.0,50,3.0,observed
1428,1913.1113511510193,0.007899237357555098,1.0,50,3.0,observed
1429,1913.1464804559946,0.0076710328057226634,1.0,50,3.0,observed
1430,1913.159719876945,0.006886557398072333,1.0,50,3.0,observed
1431,1913.1455209329724,0.006752986842330889,1.0,50,2.0,observed
1432,1913.1166759692132,0.006967338265604028,1.0,50,3.0,observed
1433,1913.0853840112686,0.006860463942149409,1.0,50,3.0,observed
1434,1913.0574161540717,0.0065543499637772135,1.0,50,3.0,observed
1435,1913.043473456055,0.006816396686211221,1.0,50,3.0,observed
1436,1913.039843417704,0.007229548249764569,1.0,50,3.0,observed
1437,1913.0341322943568,0.007130274281427883,1.0,50,2.0,observed
1438,1913.0170592116192,0.006675759674681434,1.0,50,2.0,observed
1439,1912.9803745951504,0.006332471754921634,1.0,50,3.0,observed
1440,1912.9341875575483,0.006265979212301921,1.0,50,3.0,observed
1441,1912.8897769488394,0.006122111417829259,1.0,50,3.0,observed
1442,1912.8573648184538,0.005834529957773893,1.0,50,2.0,observed
1443,1912.8501136824489,0.00591180279857665,1.0,50,3.0,observed
1444,1912.872512921691,0.00592220109136901,1.0,50,1.0,observed
1445,1912.9156540632248,0.005794560021501565,1.0,50,3.0,observed
1446,1912.9667741432786,0.0058068742964723224,1.0,50,1.0,observed
1447,1912.9929205083754,0.006242274726729765,1.0,50,2.0,observed
1448,1912.9601854588836,0.006726804709443523,1.0,50,1.0,observed
1449,1912.9051529839635,0.007049555158671657,1.0,50,2.0,observed
1450,1912.8617480099201,0.0072923022061489136,1.0,50,2.0,observed
1451,1912.8262776508927,0.007218043905168568,1.0,50,2.0,observed
1452,1912.7703520730138,0.007071456598676086,1.0,50,2.0,observed
1453,1912.697668775916,0.007141950727978492,1.0,50,2.0,observed
1454,1912.6946930885315,0.007025223338593143,1.0,50,2.0,observed
1455,1912.7274409979582,0.007249210604473372,1.0,50,1.0,observed
1456,1912.7374522536993,0.00747085221716805,1.0,50,1.0,observed
1457,1912.7108247578144,0.007662693875921987,1.0,50,1.0,observed
1458,1912.6788814216852,0.00809408735724543,1.0,50,2.0,observed
1459,1912.700631186366,0.00812858043290469,1.0,50,2.0,observed
1460,1912.763665407896,0.00758421498987234,1.0,50,2.0,observed
1461,1912.8091325834394,0.00721655884259643,1.0,50,2.0,observed
1462,1912.797545209527,0.0074676811747742275,1.0,50,2.0,observed
1463,1912.7703792527318,0.007734446950839929,1.0,50,2.0,observed
1464,1912.7455523014069,0.0076518765538971635,1.0,50,2.0,observed
1465,1912.7150140106678,0.007330540466820619,1.0,50,2.0,observed
1466,1912.681365787983,0.006895391072789733,1.0,50,2.0,observed
1467,1912.6713358014822,0.006967225096869758,1.0,50,2.0,observed
1468,1912.6897979080677,0.0073035850276599226,1.0,50,2.0,observed
1469,1912.714646577835,0.0073565032633336755,1.0,50,3.0,observed
1470,1912.7240508496761,0.007141987570511221,1.0,50,2.0,observed
1471,1912.688805103302,0.006902235179520644,1.0,50,2.0,observed
1472,1912.639476597309,0.006744924824589388,1.0,50,2.0,observed
1473,1912.6328200548887,0.006659151583173576,1.0,50,2.0,observed
1474,1912.6602750569582,0.006599784539646293,1.0,50,2.0,observed
1475,1912.6893510520458,0.006996705048671474,1.0,50,2.0,observed
1476,1912.7091909796,0.007605793416935656,1.0,50,2.0,observed
1477,1912.7165067493916,0.007954967536893651,1.0,50,1.0,observed
1478,1912.713900461793,0.007712557896220583,1.0,50,2.0,observed
1479,1912.6980692893267,0.007136755553737425,1.0,50,2.0,observed
1480,1912.648234307766,0.00721600020798927,1.0,50,1.0,observed
1481,1912.6553839445114,0.007954254056635917,1.0,50,2.0,observed
1482,1912.8103212937713,0.13731061431935074,1.0,50,2.0,observed
1483,NaN,NaN,0.0,0,NaN,invalid
1484,NaN,NaN,0.0,0,NaN,invalid
1485,NaN,NaN,0.0,0,NaN,invalid
1486,NaN,NaN,0.0,0,NaN,invalid
1487,NaN,NaN,0.0,0,NaN,invalid
1488,NaN,NaN,0.0,0,NaN,invalid
1489,NaN,NaN,0.0,0,NaN,invalid
1490,NaN,NaN,0.0,0,NaN,invalid
1491,NaN,NaN,0.0,0,NaN,invalid
1492,NaN,NaN,0.0,0,NaN,invalid
1493,NaN,NaN,0.0,0,NaN,invalid
1494,NaN,NaN,0.0,0,NaN,invalid
1495,NaN,NaN,0.0,0,NaN,invalid
1496,NaN,NaN,0.0,0,NaN,invalid
1497,NaN,NaN,0.0,0,NaN,invalid
1498,NaN,NaN,0.0,0,NaN,invalid
1499,NaN,NaN,0.0,0,NaN,invalid
1500,NaN,NaN,0.0,0,NaN,invalid
1501,NaN,NaN,0.0,0,NaN,invalid
1502,NaN,NaN,0.0,0,NaN,invalid
1503,NaN,NaN,0.0,0,NaN,invalid
1504,NaN,NaN,0.0,0,NaN,invalid
1505,NaN,NaN,0.0,0,NaN,invalid
1506,NaN,NaN,0.0,0,NaN,invalid
1507,NaN,NaN,0.0,0,NaN,invalid
1508,NaN,NaN,0.0,0,NaN,invalid
1509,NaN,NaN,0.0,0,NaN,invalid
1510,NaN,NaN,0.0,0,NaN,invalid
1511,NaN,NaN,0.0,0,NaN,invalid
1512,NaN,NaN,0.0,0,NaN,invalid
1513,NaN,NaN,0.0,0,NaN,invalid
1514,NaN,NaN,0.0,0,NaN,invalid
1515,NaN,NaN,0.0,0,NaN,invalid
1516,NaN,NaN,0.0,0,NaN,invalid
1517,NaN,NaN,0.0,0,NaN,invalid
1518,NaN,NaN,0.0,0,NaN,invalid
1519,NaN,NaN,0.0,0,NaN,invalid
1520,NaN,NaN,0.0,0,NaN,invalid
1521,NaN,NaN,0.0,0,NaN,invalid
1522,NaN,NaN,0.0,0,NaN,invalid
1523,NaN,NaN,0.0,0,NaN,invalid
1524,NaN,NaN,0.0,0,NaN,invalid
1525,NaN,NaN,0.0,0,NaN,invalid
1526,NaN,NaN,0.0,0,NaN,invalid
1527,NaN,NaN,0.0,0,NaN,invalid
1528,NaN,NaN,0.0,0,NaN,invalid
1529,NaN,NaN,0.0,0,NaN,invalid
1530,NaN,NaN,0.0,0,NaN,invalid
1531,NaN,NaN,0.0,0,NaN,invalid
1532,NaN,NaN,0.0,0,NaN,invalid
1533,NaN,NaN,0.0,0,NaN,invalid
1534,NaN,NaN,0.0,0,NaN,invalid
1535,NaN,NaN,0.0,0,NaN,invalid
1536,NaN,NaN,0.0,0,NaN,invalid
1537,NaN,NaN,0.0,0,NaN,invalid
1538,NaN,NaN,0.0,0,NaN,invalid
1539,NaN,NaN,0.0,0,NaN,invalid
1540,NaN,NaN,0.0,0,NaN,invalid
1541,NaN,NaN,0.0,0,NaN,invalid
1542,NaN,NaN,0.0,0,NaN,invalid
1543,NaN,NaN,0.0,0,NaN,invalid
1544,NaN,NaN,0.0,0,NaN,invalid
1545,NaN,NaN,0.0,0,NaN,invalid
1546,NaN,NaN,0.0,0,NaN,invalid
1547,NaN,NaN,0.0,0,NaN,invalid
1548,NaN,NaN,0.0,0,NaN,invalid
1549,NaN,NaN,0.0,0,NaN,invalid
1550,NaN,NaN,0.0,0,NaN,invalid
1551,NaN,NaN,0.0,0,NaN,invalid
1552,NaN,NaN,0.0,0,NaN,invalid
1553,NaN,NaN,0.0,0,NaN,invalid
1554,NaN,NaN,0.0,0,NaN,invalid
1555,NaN,NaN,0.0,0,NaN,invalid
1556,NaN,NaN,0.0,0,NaN,invalid
1557,NaN,NaN,0.0,0,NaN,invalid
1558,NaN,NaN,0.0,0,NaN,invalid
1559,NaN,NaN,0.0,0,NaN,invalid
1560,NaN,NaN,0.0,0,NaN,invalid
1561,NaN,NaN,0.0,0,NaN,invalid
1562,NaN,NaN,0.0,0,NaN,invalid
1563,NaN,NaN,0.0,0,NaN,invalid
1564,NaN,NaN,0.0,0,NaN,invalid
1565,NaN,NaN,0.0,0,NaN,invalid
1566,NaN,NaN,0.0,0,NaN,invalid
1567,NaN,NaN,0.0,0,NaN,invalid
1568,NaN,NaN,0.0,0,NaN,invalid
1569,NaN,NaN,0.0,0,NaN,invalid
1570,NaN,NaN,0.0,0,NaN,invalid
1571,NaN,NaN,0.0,0,NaN,invalid
1572,NaN,NaN,0.0,0,NaN,invalid
1573,NaN,NaN,0.0,0,NaN,invalid
1574,NaN,NaN,0.0,0,NaN,invalid
1575,NaN,NaN,0.0,0,NaN,invalid
1576,NaN,NaN,0.0,0,NaN,invalid
1577,NaN,NaN,0.0,0,NaN,invalid
1578,NaN,NaN,0.0,0,NaN,invalid
1579,NaN,NaN,0.0,0,NaN,invalid
1580,NaN,NaN,0.0,0,NaN,invalid
1581,NaN,NaN,0.0,0,NaN,invalid
1582,NaN,NaN,0.0,0,NaN,invalid
1583,NaN,NaN,0.0,0,NaN,invalid
1584,NaN,NaN,0.0,0,NaN,invalid
1585,NaN,NaN,0.0,0,NaN,invalid
1586,NaN,NaN,0.0,0,NaN,invalid
1587,NaN,NaN,0.0,0,NaN,invalid
1588,NaN,NaN,0.0,0,NaN,invalid
1589,NaN,NaN,0.0,0,NaN,invalid
1590,NaN,NaN,0.0,0,NaN,invalid
1591,1911.1431481540203,0.00815444323528342,1.0,50,2.0,observed
1592,1911.2118285000324,0.007270393367001828,1.0,50,2.0,observed
1593,1911.2360083907843,0.006651924895101168,1.0,50,2.0,observed
1594,1911.2614918649197,0.006748223795695857,1.0,50,3.0,observed
1595,1911.327892422676,0.006945202715704521,1.0,50,2.0,observed
1596,1911.3609010130167,0.00724417663628487,1.0,50,2.0,observed
1597,1911.3225837051868,0.007142096060403086,1.0,50,2.0,observed
1598,1911.3161629587412,0.007069409443145194,1.0,50,1.0,observed
1599,1911.3506555855274,0.0067994235244443505,1.0,50,2.0,observed
1600,1911.383670091629,0.006321153162545729,1.0,50,2.0,observed
1601,1911.322218477726,0.005500762670296185,1.0,50,2.0,observed
1602,1911.2026941776276,0.005068667441182811,1.0,50,3.0,observed
1603,1911.1160448603332,0.005174108444900657,1.0,50,2.0,observed
1604,1911.0839016065001,0.005996417839871469,1.0,50,3.0,observed
1605,1911.0795375034213,0.006613984897959295,1.0,50,3.0,observed
1606,1911.0854812972248,0.006909820040441028,1.0,50,1.0,observed
1607,1911.100663229823,0.00699399039143111,1.0,50,3.0,observed
1608,1911.132808946073,0.007061775896900328,1.0,50,2.0,observed
1609,1911.1875260397792,0.00742957886505545,1.0,50,3.0,observed
1610,1911.2221813946962,0.007688136391070169,1.0,50,2.0,observed
1611,1911.199161566794,0.007067657005895436,1.0,50,2.0,observed
1612,1911.1637383922935,0.006502767483895007,1.0,50,3.0,observed
1613,1911.1254413053393,0.006317457940220437,1.0,50,2.0,observed
1614,1911.0660044588149,0.006078332811343927,1.0,50,2.0,observed
1615,1911.0224525881931,0.006002695581266253,1.0,50,2.0,observed
1616,1911.010419195518,0.006101284303031096,1.0,50,2.0,observed
1617,1911.0185847952962,0.00582495277236692,1.0,50,2.0,observed
1618,1911.0647939369082,0.005669000899924912,1.0,50,1.0,observed
1619,1911.1573266461492,0.005667490794176583,1.0,50,2.0,observed
1620,1911.2083981335163,0.005855902991881815,1.0,50,2.0,observed
1621,1911.1459058895707,0.0055969703896877115,1.0,50,2.0,observed
1622,1911.0296259075403,0.0058234736338645425,1.0,50,1.0,observed
1623,1910.9324498064816,0.0065773905967143375,1.0,50,1.0,observed
1624,1910.8617274537683,0.007262127780146831,1.0,50,3.0,observed
1625,1910.824647165835,0.007602274267424687,1.0,50,3.0,observed
1626,1910.8330212831497,0.00764573584503368,1.0,50,3.0,observed
1627,1910.8794253468513,0.0072902602185889445,1.0,50,1.0,observed
1628,1910.9229289107025,0.007287627827152365,1.0,50,2.0,observed
1629,1910.9294334985316,0.007584651090039286,1.0,50,2.0,observed
1630,1910.8937019333243,0.007525984917878531,1.0,50,2.0,observed
1631,1910.8471682295203,0.007302961371078964,1.0,50,3.0,observed
1632,1910.82910554111,0.007310521674162544,1.0,50,2.0,observed
1633,1910.8418606221676,0.0076863591552312534,1.0,50,2.0,observed
1634,1910.869605191052,0.007761001985315403,1.0,50,3.0,observed
1635,1910.8962391279638,0.007567988493562615,1.0,50,3.0,observed
1636,1910.9277095496655,0.007265129357907622,1.0,50,3.0,observed
1637,1910.9484844375402,0.007012055722028098,1.0,50,3.0,observed
1638,1910.9361680299044,0.006758000634081037,1.0,50,3.0,observed
1639,1910.8767792843282,0.006650708346864331,1.0,50,1.0,observed
1640,1910.8011746928096,0.007062298649190437,1.0,50,2.0,observed
1641,1910.7949640527368,0.0077775606185461164,1.0,50,2.0,observed
1642,1910.8429291397333,0.009180709435847926,1.0,50,1.0,observed
1643,1910.8951261751354,0.010428095092986547,1.0,50,3.0,observed
1644,1910.926598481834,0.010203023591261422,1.0,50,3.0,observed
1645,1910.9322056733072,0.008877241143834202,1.0,50,2.0,observed
1646,1910.9248645678163,0.007960738452044003,1.0,50,1.0,observed
1647,1910.9175719320774,0.0077592210764575184,1.0,50,1.0,observed
1648,1910.9304412901402,0.007695034746362472,1.0,50,2.0,observed
1649,1910.9652401097119,0.007962404683371154,1.0,50,3.0,observed
1650,1910.9803434321657,0.008228287439519259,1.0,50,2.0,observed
1651,1910.9378250669688,0.008168128065638486,1.0,50,2.0,observed
1652,1910.8626431897283,0.008074295076210559,1.0,50,2.0,observed
1653,1910.7824211195111,0.007884930079298127,1.0,50,2.0,observed
1654,1910.706966906786,0.007664979788029026,1.0,50,2.0,observed
1655,1910.649711921811,0.007487497939878957,1.0,50,2.0,observed
1656,1910.657024860382,0.007504296396830162,1.0,50,2.0,observed
1657,1910.706949442625,0.007599783629978609,1.0,50,3.0,observed
1658,1910.7352032512426,0.00784951745352212,1.0,50,1.0,observed
1659,1910.7301886826754,0.008085890915098556,1.0,50,2.0,observed
1660,1910.702025294304,0.008275006951838722,1.0,50,2.0,observed
1661,1910.6556589901447,0.008242285715239864,1.0,50,2.0,observed
1662,1910.5924373716116,0.007553607645078588,1.0,50,2.0,observed
1663,1910.5129517018795,0.007308691823410489,1.0,50,2.0,observed
1664,1910.5161055922508,0.007481642744573463,1.0,50,2.0,observed
1665,1910.4753117114305,0.00749992793519886,1.0,50,2.0,observed
1666,1910.4793446809053,0.007586366137509015,1.0,50,2.0,observed
1667,1910.507226228714,0.008013472338181771,1.0,50,2.0,observed
1668,1910.5095330774784,0.008304042053361013,1.0,50,2.0,observed
1669,1910.4940265119076,0.008725101931590718,1.0,50,2.0,observed
1670,1910.453220307827,0.008879230406380428,1.0,50,4.0,observed
1671,1910.4151417911053,0.008553280481550619,1.0,50,2.0,observed
1672,1910.4035675227642,0.008140784066599559,1.0,50,2.0,observed
1673,1910.4014294147491,0.007695560813722245,1.0,50,2.0,observed
1674,1910.4186179190874,0.0076731301289554976,1.0,50,3.0,observed
1675,1910.4618795514107,0.008129073025618818,1.0,50,2.0,observed
1676,1910.48196965456,0.008679559754844133,1.0,50,2.0,observed
1677,1910.4638475626707,0.008791155250091552,1.0,50,2.0,observed
1678,1910.4406519383192,0.008408726510702331,1.0,50,3.0,observed
1679,1910.4364511072636,0.008087790660354739,1.0,50,2.0,observed
1680,1910.4307266026735,0.007948938029641967,1.0,50,2.0,observed
1681,1910.4102464169264,0.007777156904516638,1.0,50,3.0,observed
1682,1910.4103358983994,0.007700512505915761,1.0,50,2.0,observed
1683,1910.4306310862303,0.007754681170948766,1.0,50,2.0,observed
1684,1910.3814502209425,0.007079741949946058,1.0,50,2.0,observed
1685,1910.2836658358574,0.006141696674989278,1.0,50,2.0,observed
1686,1910.2216744199395,0.005715191709560413,1.0,50,3.0,observed
1687,1910.2374032139778,0.005919935028946283,1.0,50,3.0,observed
1688,1910.2882177233696,0.006623237589244121,1.0,50,3.0,observed
1689,1910.323720023036,0.007468845304549184,1.0,50,2.0,observed
1690,1910.2753085792065,0.00758201317935874,1.0,50,2.0,observed
1691,1910.1326998472214,0.007284616431134766,1.0,50,3.0,observed
1692,1910.0251511251554,0.007295667454256743,1.0,50,2.0,observed
1693,1910.0063260076568,0.007012598478212359,1.0,50,2.0,observed
1694,1910.0481956228614,0.006799035937305877,1.0,50,2.0,observed
1695,1910.1029462367296,0.006743378425542137,1.0,50,3.0,observed
1696,1910.1135182455182,0.0064510653155795085,1.0,50,2.0,observed
1697,1910.077405191958,0.0059516412323179935,1.0,50,2.0,observed
1698,1910.0525278765708,0.00564583859429944,1.0,50,1.0,observed
1699,1910.032282313332,0.005234672006342178,1.0,50,1.0,observed
1700,1909.9796984558925,0.0041677850271286026,1.0,50,2.0,observed
1701,NaN,NaN,0.0,0,NaN,invalid
1702,NaN,NaN,0.0,0,NaN,invalid
1703,NaN,NaN,0.0,0,NaN,invalid
1704,NaN,NaN,0.0,0,NaN,invalid
1705,NaN,NaN,0.0,0,NaN,invalid
1706,NaN,NaN,0.0,0,NaN,invalid
1707,NaN,NaN,0.0,0,NaN,invalid
1708,NaN,NaN,0.0,0,NaN,invalid
1709,NaN,NaN,0.0,0,NaN,invalid
1710,NaN,NaN,0.0,0,NaN,invalid
1711,NaN,NaN,0.0,0,NaN,invalid
1712,NaN,NaN,0.0,0,NaN,invalid
1713,NaN,NaN,0.0,0,NaN,invalid
1714,NaN,NaN,0.0,0,NaN,invalid
1715,NaN,NaN,0.0,0,NaN,invalid
1716,NaN,NaN,0.0,0,NaN,invalid
1717,NaN,NaN,0.0,0,NaN,invalid
1718,NaN,NaN,0.0,0,NaN,invalid
1719,NaN,NaN,0.0,0,NaN,invalid
1720,NaN,NaN,0.0,0,NaN,invalid
1721,NaN,NaN,0.0,0,NaN,invalid
1722,NaN,NaN,0.0,0,NaN,invalid
1723,NaN,NaN,0.0,0,NaN,invalid
1724,NaN,NaN,0.0,0,NaN,invalid
1725,NaN,NaN,0.0,0,NaN,invalid
1726,NaN,NaN,0.0,0,NaN,invalid
1727,NaN,NaN,0.0,0,NaN,invalid
1728,NaN,NaN,0.0,0,NaN,invalid
1729,NaN,NaN,0.0,0,NaN,invalid
1730,NaN,NaN,0.0,0,NaN,invalid
1731,NaN,NaN,0.0,0,NaN,invalid
1732,NaN,NaN,0.0,0,NaN,invalid
1733,NaN,NaN,0.0,0,NaN,invalid
1734,NaN,NaN,0.0,0,NaN,invalid
1735,NaN,NaN,0.0,0,NaN,invalid
1736,NaN,NaN,0.0,0,NaN,invalid
1737,NaN,NaN,0.0,0,NaN,invalid
1738,NaN,NaN,0.0,0,NaN,invalid
1739,NaN,NaN,0.0,0,NaN,invalid
1740,NaN,NaN,0.0,0,NaN,invalid
1741,NaN,NaN,0.0,0,NaN,invalid
1742,NaN,NaN,0.0,0,NaN,invalid
1743,NaN,NaN,0.0,0,NaN,invalid
1744,NaN,NaN,0.0,0,NaN,invalid
1745,NaN,NaN,0.0,0,NaN,invalid
1746,NaN,NaN,0.0,0,NaN,invalid
1747,NaN,NaN,0.0,0,NaN,invalid
1748,NaN,NaN,0.0,0,NaN,invalid
1749,NaN,NaN,0.0,0,NaN,invalid
1750,NaN,NaN,0.0,0,NaN,invalid
1751,NaN,NaN,0.0,0,NaN,invalid
1752,NaN,NaN,0.0,0,NaN,invalid
1753,NaN,NaN,0.0,0,NaN,invalid
1754,NaN,NaN,0.0,0,NaN,invalid
1755,NaN,NaN,0.0,0,NaN,invalid
1756,NaN,NaN,0.0,0,NaN,invalid
1757,NaN,NaN,0.0,0,NaN,invalid
1758,NaN,NaN,0.0,0,NaN,invalid
1759,NaN,NaN,0.0,0,NaN,invalid
1760,NaN,NaN,0.0,0,NaN,invalid
1761,NaN,NaN,0.0,0,NaN,invalid
1762,NaN,NaN,0.0,0,NaN,invalid
1763,NaN,NaN,0.0,0,NaN,invalid
1764,NaN,NaN,0.0,0,NaN,invalid
1765,NaN,NaN,0.0,0,NaN,invalid
1766,NaN,NaN,0.0,0,NaN,invalid
1767,NaN,NaN,0.0,0,NaN,invalid
1768,NaN,NaN,0.0,0,NaN,invalid
1769,NaN,NaN,0.0,0,NaN,invalid
1770,NaN,NaN,0.0,0,NaN,invalid
1771,NaN,NaN,0.0,0,NaN,invalid
1772,NaN,NaN,0.0,0,NaN,invalid
1773,NaN,NaN,0.0,0,NaN,invalid
1774,NaN,NaN,0.0,0,NaN,invalid
1775,NaN,NaN,0.0,0,NaN,invalid
1776,NaN,NaN,0.0,0,NaN,invalid
1777,NaN,NaN,0.0,0,NaN,invalid
1778,NaN,NaN,0.0,0,NaN,invalid
1779,NaN,NaN,0.0,0,NaN,invalid
1780,NaN,NaN,0.0,0,NaN,invalid
1781,NaN,NaN,0.0,0,NaN,invalid
1782,NaN,NaN,0.0,0,NaN,invalid
1783,NaN,NaN,0.0,0,NaN,invalid
1784,NaN,NaN,0.0,0,NaN,invalid
1785,NaN,NaN,0.0,0,NaN,invalid
1786,NaN,NaN,0.0,0,NaN,invalid
1787,NaN,NaN,0.0,0,NaN,invalid
1788,NaN,NaN,0.0,0,NaN,invalid
1789,NaN,NaN,0.0,0,NaN,invalid
1790,NaN,NaN,0.0,0,NaN,invalid
1791,NaN,NaN,0.0,0,NaN,invalid
1792,NaN,NaN,0.0,0,NaN,invalid
1793,NaN,NaN,0.0,0,NaN,invalid
1794,NaN,NaN,0.0,0,NaN,invalid
1795,NaN,NaN,0.0,0,NaN,invalid
1796,NaN,NaN,0.0,0,NaN,invalid
1797,NaN,NaN,0.0,0,NaN,invalid
1798,NaN,NaN,0.0,0,NaN,invalid
1799,NaN,NaN,0.0,0,NaN,invalid
1800,NaN,NaN,0.0,0,NaN,invalid
1801,NaN,NaN,0.0,0,NaN,invalid
1802,NaN,NaN,0.0,0,NaN,invalid
1803,NaN,NaN,0.0,0,NaN,invalid
1804,NaN,NaN,0.0,0,NaN,invalid
1805,NaN,NaN,0.0,0,NaN,invalid
1806,NaN,NaN,0.0,0,NaN,invalid
1807,NaN,NaN,0.0,0,NaN,invalid
1808,NaN,NaN,0.0,0,NaN,invalid
1809,1908.9947402265389,0.005316129935844499,1.0,50,2.0,observed
1810,1908.7549388036132,0.17358326287813264,1.0,50,2.0,observed
1811,1908.3451859503984,0.007432701872371813,1.0,50,2.0,observed
1812,1908.3198746144772,0.007122150267576804,1.0,50,3.0,observed
1813,1908.2975367158651,0.007273512469160435,1.0,50,3.0,observed
1814,1908.2607648670673,0.007726470181768844,1.0,50,3.0,observed
1815,1908.2286821976304,0.007991642416483648,1.0,50,3.0,observed
1816,1908.2341868430376,0.007833218212299327,1.0,50,3.0,observed
1817,1908.2538282722235,0.007491174966138656,1.0,50,3.0,observed
1818,1908.2783022671938,0.007186836970592002,1.0,50,3.0,observed
1819,1908.3038935810328,0.007147080211421798,1.0,50,2.0,observed
1820,1908.3355394899845,0.007168586124556874,1.0,50,3.0,observed
1821,1908.3548490554094,0.0073368587545410225,1.0,50,2.0,observed
1822,1908.2862573564053,0.006718393036436798,1.0,50,3.0,observed
1823,1908.219469845295,0.006324781330779394,1.0,50,3.0,observed
1824,1908.1910553276539,0.006805937736727495,1.0,50,3.0,observed
1825,1908.1724522709846,0.0072151685751856345,1.0,50,3.0,observed
1826,1908.16066865623,0.007810601734171477,1.0,50,3.0,observed
1827,1908.1091357506812,0.00798064981731564,1.0,50,3.0,observed
1828,1908.0472622606903,0.008022432294072212,1.0,50,4.0,observed
1829,1907.9925664677285,0.007823598635471118,1.0,50,3.0,observed
1830,1907.9387474749237,0.0074528787582456455,1.0,50,3.0,observed
1831,1907.9157107621431,0.007153119500406699,1.0,50,3.0,observed
1832,1907.9397819098085,0.006882193725500036,1.0,50,3.0,observed
1833,1907.9643514603376,0.0064777381063778425,1.0,50,3.0,observed
1834,1907.9707898274064,0.006051276571416143,1.0,50,3.0,observed
1835,1907.9662290550768,0.005872879076444267,1.0,50,3.0,observed
1836,1907.9621565267444,0.005960832040867977,1.0,50,3.0,observed
1837,1908.002121111087,0.005963521671162876,1.0,50,3.0,observed
1838,1908.0827055089176,0.006412170131617132,1.0,50,2.0,observed
1839,1908.1548378244042,0.00729105409234118,1.0,50,2.0,observed
1840,1908.186453975737,0.00781805483659576,1.0,50,3.0,observed
1841,1908.1716995239258,0.0075652354097964615,1.0,50,2.0,observed
1842,1908.1208100095391,0.006974387181324072,1.0,50,3.0,observed
1843,1908.064349770546,0.006602588243797692,1.0,50,3.0,observed
1844,1908.0442871470004,0.006488565804758162,1.0,50,3.0,observed
1845,1908.0480062719434,0.006614911566921778,1.0,50,3.0,observed
1846,1908.0417980700731,0.006721283651742025,1.0,50,2.0,observed
1847,1907.9973335247487,0.0063775499413629665,1.0,50,2.0,observed
1848,1907.964206745848,0.005853931113794329,1.0,50,3.0,observed
1849,1907.9606558978558,0.0063341647087785885,1.0,50,3.0,observed
1850,1907.9416750501841,0.007501212728758929,1.0,50,4.0,observed
1851,1907.9204534702003,0.00852729433785239,1.0,50,3.0,observed
1852,1907.9239973947406,0.009252643879887312,1.0,50,3.0,observed
1853,1907.942473102361,0.009293719740957891,1.0,50,3.0,observed
1854,1907.9408772978932,0.008485122158141348,1.0,50,3.0,observed
1855,1907.907706785947,0.007413981953445216,1.0,50,1.0,observed
1856,1907.8602366894484,0.007018796025039698,1.0,50,2.0,observed
1857,1907.811796605587,0.007246414478996167,1.0,50,3.0,observed
1858,1907.7784819304943,0.00711346723685654,1.0,50,3.0,observed
1859,1907.7849515601993,0.006550185212389334,1.0,50,4.0,observed
1860,1907.8331659659743,0.006291581990750858,1.0,50,1.0,observed
1861,1907.870559670031,0.006216859754322417,1.0,50,2.0,observed
1862,1907.858403235674,0.006285212134027451,1.0,50,3.0,observed
1863,1907.8152829632163,0.006654691841904048,1.0,50,3.0,observed
1864,1907.7764806300402,0.00695124278725944,1.0,50,3.0,observed
1865,1907.7559016123414,0.006901659700297725,1.0,50,3.0,observed
1866,1907.7244693487883,0.006672831323111892,1.0,50,3.0,observed
1867,1907.6620676368475,0.006657886201513625,1.0,50,3.0,observed
1868,1907.575796827674,0.007040849057932182,1.0,50,2.0,observed
1869,1907.5312689244747,0.007608702330845242,1.0,50,2.0,observed
1870,1907.6210187971592,0.007137567084750555,1.0,50,2.0,observed
1871,1907.7324770241976,0.006307772877548424,1.0,50,2.0,observed
1872,1907.753803998232,0.006270782254532321,1.0,50,3.0,observed
1873,1907.731012865901,0.006560962357674345,1.0,50,4.0,observed
1874,1907.731591746211,0.006674499927977724,1.0,50,2.0,observed
1875,1907.7743597626686,0.006721911050846569,1.0,50,1.0,observed
1876,1907.8001187369227,0.006932531020047351,1.0,50,3.0,observed
1877,1907.7425988167524,0.0073615067594034606,1.0,50,3.0,observed
1878,1907.6238125264645,0.007850849589933743,1.0,50,4.0,observed
1879,1907.4819469451904,0.011158509390700812,1.0,50,4.0,observed
1880,1907.468687325716,0.007819402827601116,1.0,50,2.0,observed
1881,1907.4730156809092,0.008242715109472103,1.0,50,4.0,observed
1882,1907.4978942722082,0.009167719733055095,1.0,50,3.0,observed
1883,1907.5032062530518,0.009643489809818379,1.0,50,4.0,observed
1884,1907.5060541629791,0.009022287592145363,1.0,50,3.0,observed
1885,1907.5150355100632,0.013202413566712357,1.0,50,2.0,observed
1886,1907.5208852887154,0.028662037696583497,1.0,50,2.0,observed
1887,1907.4844426512718,0.007490035934959111,1.0,50,4.0,observed
1888,1907.4839439094067,0.0076178786879188805,1.0,50,2.0,observed
1889,1907.4473450183868,0.007816539713014449,1.0,50,2.0,observed
1890,1907.4799087643623,0.012394752337775886,1.0,50,3.0,observed
1891,1907.4816721975803,0.01093414414526158,1.0,50,3.0,observed
1892,1907.4794781506062,0.00985950682003998,1.0,50,3.0,observed
1893,1907.3766131997108,0.009047026790373792,1.0,50,4.0,observed
1894,1907.2022706270218,0.007944802684230855,1.0,50,3.0,observed
1895,1907.037093617022,0.0074078669617752895,1.0,50,3.0,observed
1896,1906.9445205293596,0.00753733264631707,1.0,50,3.0,observed
1897,1906.965977255255,0.007406862691920822,1.0,50,3.0,observed
1898,1906.9915021271445,0.007200326675978042,1.0,50,3.0,observed
1899,1906.994234472746,0.007066161311505528,1.0,50,3.0,observed
1900,1907.0152730499394,0.007021171617767576,1.0,50,3.0,observed
1901,1907.1232917234302,0.007425538477353919,1.0,50,3.0,observed
1902,1907.2722320705652,0.008822632709752483,1.0,50,3.0,observed
1903,1907.3416349440813,0.00958130127307865,1.0,50,2.0,observed
1904,1907.3384740650654,0.008681930179620509,1.0,50,3.0,observed
1905,1907.3091091513634,0.00734163509637175,1.0,50,1.0,observed
1906,1907.2414912208915,0.0070276927936443806,1.0,50,3.0,observed
1907,1907.1611405983567,0.007212104437849293,1.0,50,3.0,observed
1908,1907.088383063674,0.0072740203735276255,1.0,50,3.0,observed
1909,1907.024792960845,0.006980922437087988,1.0,50,3.0,observed
1910,1906.9866069494747,0.006752824276960307,1.0,50,3.0,observed
1911,1907.0160261839628,0.006759055357234815,1.0,50,3.0,observed
1912,1907.1184736974537,0.006831129539102469,1.0,50,3.0,observed
1913,1907.2327725738287,0.007266342374063629,1.0,50,2.0,observed
1914,1907.2800945788622,0.007482292483265269,1.0,50,2.0,observed
1915,1907.247153751552,0.007050990336483921,1.0,50,3.0,observed
1916,1907.2286779507995,0.006386049058477996,1.0,50,3.0,observed
1917,1907.8938313387334,0.34543760076646945,1.0,50,2.0,observed
1918,1908.017397643067,0.3940668454106208,1.0,50,2.0,observed
1919,NaN,NaN,0.0,0,NaN,invalid
1920,NaN,NaN,0.0,0,NaN,invalid
1921,NaN,NaN,0.0,0,NaN,invalid
1922,NaN,NaN,0.0,0,NaN,invalid
1923,NaN,NaN,0.0,0,NaN,invalid
1924,NaN,NaN,0.0,0,NaN,invalid
1925,NaN,NaN,0.0,0,NaN,invalid
1926,NaN,NaN,0.0,0,NaN,invalid
1927,NaN,NaN,0.0,0,NaN,invalid
1928,NaN,NaN,0.0,0,NaN,invalid
1929,NaN,NaN,0.0,0,NaN,invalid
1930,NaN,NaN,0.0,0,NaN,invalid
1931,NaN,NaN,0.0,0,NaN,invalid
1932,NaN,NaN,0.0,0,NaN,invalid
1933,NaN,NaN,0.0,0,NaN,invalid
1934,NaN,NaN,0.0,0,NaN,invalid
1935,NaN,NaN,0.0,0,NaN,invalid
1936,NaN,NaN,0.0,0,NaN,invalid
1937,NaN,NaN,0.0,0,NaN,invalid
1938,NaN,NaN,0.0,0,NaN,invalid
1939,NaN,NaN,0.0,0,NaN,invalid
1940,NaN,NaN,0.0,0,NaN,invalid
1941,NaN,NaN,0.0,0,NaN,invalid
1942,NaN,NaN,0.0,0,NaN,invalid
1943,NaN,NaN,0.0,0,NaN,invalid
1944,NaN,NaN,0.0,0,NaN,invalid
1945,NaN,NaN,0.0,0,NaN,invalid
1946,NaN,NaN,0.0,0,NaN,invalid
1947,NaN,NaN,0.0,0,NaN,invalid
1948,NaN,NaN,0.0,0,NaN,invalid
1949,NaN,NaN,0.0,0,NaN,invalid
1950,NaN,NaN,0.0,0,NaN,invalid
1951,NaN,NaN,0.0,0,NaN,invalid
1952,NaN,NaN,0.0,0,NaN,invalid
1953,NaN,NaN,0.0,0,NaN,invalid
1954,NaN,NaN,0.0,0,NaN,invalid
1955,NaN,NaN,0.0,0,NaN,invalid
1956,NaN,NaN,0.0,0,NaN,invalid
1957,NaN,NaN,0.0,0,NaN,invalid
1958,NaN,NaN,0.0,0,NaN,invalid
1959,NaN,NaN,0.0,0,NaN,invalid
1960,NaN,NaN,0.0,0,NaN,invalid
1961,NaN,NaN,0.0,0,NaN,invalid
1962,NaN,NaN,0.0,0,NaN,invalid
1963,NaN,NaN,0.0,0,NaN,invalid
1964,NaN,NaN,0.0,0,NaN,invalid
1965,NaN,NaN,0.0,0,NaN,invalid
1966,NaN,NaN,0.0,0,NaN,invalid
1967,NaN,NaN,0.0,0,NaN,invalid
1968,NaN,NaN,0.0,0,NaN,invalid
1969,NaN,NaN,0.0,0,NaN,invalid
1970,NaN,NaN,0.0,0,NaN,invalid
1971,NaN,NaN,0.0,0,NaN,invalid
1972,NaN,NaN,0.0,0,NaN,invalid
1973,NaN,NaN,0.0,0,NaN,invalid
1974,NaN,NaN,0.0,0,NaN,invalid
1975,NaN,NaN,0.0,0,NaN,invalid
1976,NaN,NaN,0.0,0,NaN,invalid
1977,NaN,NaN,0.0,0,NaN,invalid
1978,NaN,NaN,0.0,0,NaN,invalid
1979,NaN,NaN,0.0,0,NaN,invalid
1980,NaN,NaN,0.0,0,NaN,invalid
1981,NaN,NaN,0.0,0,NaN,invalid
1982,NaN,NaN,0.0,0,NaN,invalid
1983,NaN,NaN,0.0,0,NaN,invalid
1984,NaN,NaN,0.0,0,NaN,invalid
1985,NaN,NaN,0.0,0,NaN,invalid
1986,NaN,NaN,0.0,0,NaN,invalid
1987,NaN,NaN,0.0,0,NaN,invalid
1988,NaN,NaN,0.0,0,NaN,invalid
1989,NaN,NaN,0.0,0,NaN,invalid
1990,NaN,NaN,0.0,0,NaN,invalid
1991,NaN,NaN,0.0,0,NaN,invalid
1992,NaN,NaN,0.0,0,NaN,invalid
1993,NaN,NaN,0.0,0,NaN,invalid
1994,NaN,NaN,0.0,0,NaN,invalid
1995,NaN,NaN,0.0,0,NaN,invalid
1996,NaN,NaN,0.0,0,NaN,invalid
1997,NaN,NaN,0.0,0,NaN,invalid
1998,NaN,NaN,0.0,0,NaN,invalid
1999,NaN,NaN,0.0,0,NaN,invalid
2000,NaN,NaN,0.0,0,NaN,invalid
2001,NaN,NaN,0.0,0,NaN,invalid
2002,NaN,NaN,0.0,0,NaN,invalid
2003,NaN,NaN,0.0,0,NaN,invalid
2004,NaN,NaN,0.0,0,NaN,invalid
2005,NaN,NaN,0.0,0,NaN,invalid
2006,NaN,NaN,0.0,0,NaN,invalid
2007,NaN,NaN,0.0,0,NaN,invalid
2008,NaN,NaN,0.0,0,NaN,invalid
2009,NaN,NaN,0.0,0,NaN,invalid
2010,NaN,NaN,0.0,0,NaN,invalid
2011,NaN,NaN,0.0,0,NaN,invalid
2012,NaN,NaN,0.0,0,NaN,invalid
2013,NaN,NaN,0.0,0,NaN,invalid
2014,NaN,NaN,0.0,0,NaN,invalid
2015,NaN,NaN,0.0,0,NaN,invalid
2016,NaN,NaN,0.0,0,NaN,invalid
2017,NaN,NaN,0.0,0,NaN,invalid
2018,NaN,NaN,0.0,0,NaN,invalid
2019,NaN,NaN,0.0,0,NaN,invalid
2020,NaN,NaN,0.0,0,NaN,invalid
2021,NaN,NaN,0.0,0,NaN,invalid
2022,NaN,NaN,0.0,0,NaN,invalid
2023,NaN,NaN,0.0,0,NaN,invalid
2024,NaN,NaN,0.0,0,NaN,invalid
2025,NaN,NaN,0.0,0,NaN,invalid
2026,NaN,NaN,0.02,1,NaN,invalid
2027,1906.1186557039618,0.008680243109567585,1.0,50,4.0,observed
2028,1905.884284980595,0.008066645440860805,1.0,50,4.0,observed
2029,1905.7000030577183,0.007222010254227557,1.0,50,3.0,observed
2030,1905.6887117475271,0.006496299525083136,1.0,50,3.0,observed
2031,1905.7869601398706,0.005964725857697226,1.0,50,1.0,observed
2032,1905.8794777803123,0.005554450486561151,1.0,50,3.0,observed
2033,1905.884465906769,0.00534032739014449,1.0,50,1.0,observed
2034,1905.8130117580295,0.005308179749437251,1.0,50,2.0,observed
2035,1905.7607581689954,0.005814938369561529,1.0,50,2.0,observed
2036,1905.7366250306368,0.0067170579146433925,1.0,50,3.0,observed
2037,1905.667811140418,0.0074665023076346,1.0,50,3.0,observed
2038,1905.5896208435297,0.007832866095331684,1.0,50,3.0,observed
2039,1905.5544101893902,0.007619807133660466,1.0,50,3.0,observed
2040,1905.580314323306,0.007017800366312688,1.0,50,4.0,observed
2041,1905.6331537812948,0.006890888990506126,1.0,50,3.0,observed
2042,1905.6509678661823,0.006215532317966608,1.0,50,2.0,observed
2043,1905.6488835960627,0.0053965570366666365,1.0,50,2.0,observed
2044,1905.6505140960217,0.005097475717431693,1.0,50,2.0,observed
2045,1905.6381028294563,0.005744851562317207,1.0,50,2.0,observed
2046,1905.59547072649,0.007090477042810779,1.0,50,3.0,observed
2047,1905.5838847458363,0.008455950705895244,1.0,50,4.0,observed
2048,1905.6056052297354,0.009183411358466153,1.0,50,4.0,observed
2049,1905.6696105003357,0.008648974552678787,1.0,50,3.0,observed
2050,1905.7299299687147,0.007919476552333748,1.0,50,3.0,observed
2051,1905.7024286091328,0.007999312360801734,1.0,50,3.0,observed
2052,1905.587832570076,0.008282907957861673,1.0,50,4.0,observed
2053,1905.5268780887127,0.008795446970352333,1.0,50,4.0,observed
2054,1905.5059502124786,0.008328314395241955,1.0,50,2.0,observed
2055,1905.5148387551308,0.008571904472279856,1.0,50,3.0,observed
2056,1905.5068708360195,0.009144566746273414,1.0,50,4.0,observed
2057,1905.4600021839142,0.009257764533465091,1.0,50,3.0,observed
2058,1905.4027325809002,0.00870313985720502,1.0,50,3.0,observed
2059,1905.384907439351,0.008456880637849579,1.0,50,4.0,observed
2060,1905.4200610220432,0.008532462821923636,1.0,50,3.0,observed
2061,1905.4882350116968,0.008528795202008447,1.0,50,2.0,observed
2062,1905.5322627723217,0.008071515508021456,1.0,50,2.0,observed
2063,1905.5879342108965,0.007713025242405001,1.0,50,2.0,observed
2064,1905.6119801700115,0.007170033462621905,1.0,50,3.0,observed
2065,1905.5890828073025,0.006983243746164898,1.0,50,4.0,observed
2066,1905.5521485358477,0.007479557905395245,1.0,50,3.0,observed
2067,1905.5300323814154,0.00833675520670894,1.0,50,3.0,observed
2068,1905.500316902995,0.009657749997396941,1.0,50,2.0,observed
2069,1905.463068664074,0.010132503938035676,1.0,50,3.0,observed
2070,1905.430143803358,0.011429815523022063,1.0,50,4.0,observed
2071,1905.4436841607094,0.01243364667287154,1.0,50,4.0,observed
2072,1905.4463499039412,0.01222390513973996,1.0,50,3.0,observed
2073,1905.4332670271397,0.01121636828084463,1.0,50,2.0,observed
2074,1905.431380778551,0.010135576216073531,1.0,50,2.0,observed
2075,1905.4411985725164,0.009622263094104175,1.0,50,2.0,observed
2076,1905.4370111078024,0.009644769484250911,1.0,50,4.0,observed
2077,1905.4345537126064,0.009376822907483338,1.0,50,4.0,observed
2078,1905.4702284932137,0.00903650306463335,1.0,50,4.0,observed
2079,1905.4698072969913,0.00925621559750802,1.0,50,2.0,observed
2080,1905.4856018424034,0.009170881752441983,1.0,50,1.0,observed
2081,1905.429075539112,0.00986530249059512,1.0,50,1.0,observed
2082,1905.4322665780783,0.00927945273249832,1.0,50,3.0,observed
2083,1905.3840123414993,0.008396829348668786,1.0,50,2.0,observed
2084,1905.4056631177664,0.00781718687646868,1.0,50,2.0,observed
2085,1905.4146855473518,0.008000988735933731,1.0,50,2.0,observed
2086,1905.3762804567814,0.008094682370408142,1.0,50,3.0,observed
2087,1905.3680754601955,0.00832093279585567,1.0,50,3.0,observed
2088,1905.35569319129,0.008110207876395062,1.0,50,2.0,observed
2089,1905.322068542242,0.007347258525255272,1.0,50,2.0,observed
2090,1905.2935915738344,0.006814881719236468,1.0,50,2.0,observed
2091,1905.3073208332062,0.006643242044547309,1.0,50,3.0,observed
2092,1905.4011434465647,0.0072697767531425435,1.0,50,3.0,observed
2093,1905.4137345552444,0.019200082044304356,1.0,50,1.0,observed
2094,1905.4043557494879,0.008500127217291908,1.0,50,2.0,observed
2095,1905.234954789281,0.008049218260729817,1.0,50,3.0,observed
2096,1905.1175970770419,0.008237651851007735,1.0,50,3.0,observed
2097,1905.0962239429355,0.008030455604212875,1.0,50,4.0,observed
2098,1905.0841595306993,0.008129071048386395,1.0,50,3.0,observed
2099,1905.0570318792015,0.008583976775443826,1.0,50,3.0,observed
2100,1905.0326342936605,0.008579980987970696,1.0,50,2.0,observed
2101,1905.0149765815586,0.0078079931136009785,1.0,50,3.0,observed
2102,1904.9695708081126,0.006947636545299381,1.0,50,3.0,observed
2103,1904.9097503833473,0.006809990529400324,1.0,50,2.0,observed
2104,1904.9095982424915,0.007082371806016328,1.0,50,3.0,observed
2105,1904.980667753145,0.007674323252763219,1.0,50,3.0,observed
2106,1905.0637589469552,0.008499942002851611,1.0,50,2.0,observed
2107,1905.1118369475007,0.00916275685295153,1.0,50,3.0,observed
2108,1905.087517105043,0.009203366508471105,1.0,50,3.0,observed
2109,1904.994484907249,0.009043475482655824,1.0,50,3.0,observed
2110,1904.9230698682368,0.009432559144724247,1.0,50,2.0,observed
2111,1904.9263717085123,0.009468258275504082,1.0,50,3.0,observed
2112,1904.9903634721413,0.008653818098441715,1.0,50,3.0,observed
2113,1905.0693547688425,0.007430562810801515,1.0,50,2.0,observed
2114,1905.1108025424182,0.006577918458472639,1.0,50,3.0,observed
2115,1905.1179702840745,0.006575766828622737,1.0,50,3.0,observed
2116,1905.1240861862898,0.007144258923268334,1.0,50,3.0,observed
2117,1905.1235639750957,0.008149070461076692,1.0,50,3.0,observed
2118,1905.0561772920191,0.008500834862909172,1.0,50,3.0,observed
2119,1904.9304819479585,0.008784893209859057,1.0,50,3.0,observed
2120,1904.8131136372685,0.009489188079253195,1.0,50,2.0,observed
2121,1904.7292067706585,0.010195096551320053,1.0,50,2.0,observed
2122,1904.6876323521137,0.01017376288358491,1.0,50,3.0,observed
2123,1904.6799705773592,0.009215008146116125,1.0,50,4.0,observed
2124,1904.7075465917587,0.00821489743694835,1.0,50,3.0,observed
2125,1904.7985574230552,0.007759000159810027,1.0,50,3.0,observed
2126,1904.9088742807508,0.00735748963683514,1.0,50,2.0,observed
2127,1904.9668028131127,0.007101700931260541,1.0,50,1.0,observed
2128,1904.9930654945783,0.007044217812908906,1.0,50,3.0,observed
2129,1905.0042451820336,0.0073349982480179175,1.0,50,3.0,observed
2130,1904.9747959114611,0.007853215782177016,1.0,50,3.0,observed
2131,1904.8983837515116,0.008110102093267938,1.0,50,3.0,observed
2132,1904.8120003268123,0.008170537632894057,1.0,50,3.0,observed
2133,1904.7383669614792,0.007984524888173325,1.0,50,4.0,observed
2134,1904.6739167422056,0.007574550740887628,1.0,50,2.0,observed
2135,1904.6228317767382,0.007020854824875105,1.0,50,2.0,observed
2136,1904.6083619594574,0.006807004889115827,1.0,50,2.5,observed
2137,1904.618391662836,0.006966556878092862,1.0,50,3.0,observed
2138,1904.622981697321,0.007459969874041363,1.0,50,3.0,observed
2139,1904.5811109095812,0.008354050754882141,1.0,50,4.0,observed
2140,1904.5308012515306,0.00892489009616756,1.0,50,2.0,observed
2141,1904.5367796868086,0.009260055756225408,1.0,50,2.0,observed
2142,1904.5579029023647,0.010051269480099071,1.0,50,4.0,observed
2143,1904.5728259980679,0.010253875880958947,1.0,50,4.0,observed
2144,1904.604170665145,0.009372099974768528,1.0,50,3.0,observed
2145,1904.6748790889978,0.008251754168771244,1.0,50,4.0,observed
2146,1904.7632144019008,0.007577604904340496,1.0,50,3.0,observed
2147,1904.8286436125636,0.007643322921559978,1.0,50,1.0,observed
2148,1904.830222159624,0.008363802924142174,1.0,50,4.0,observed
2149,1904.7941032648087,0.008998846342908087,1.0,50,3.0,observed
2150,1904.786882556975,0.008979293717636422,1.0,50,3.0,observed
2151,1904.7854148447514,0.009218124734713458,1.0,50,3.0,observed
2152,1904.7497339099646,0.010071229972596697,1.0,50,4.0,observed
2153,1904.6830509305,0.010721417416160377,1.0,50,3.0,observed
2154,1904.615659058094,0.010586076926664325,1.0,50,4.0,observed
2155,1904.5647730976343,0.009841732881080987,1.0,50,4.0,observed
2156,1904.5132173895836,0.009783918776367447,1.0,50,3.0,observed
2157,1904.5123942792416,0.00918805829608539,1.0,50,4.0,observed
2158,1904.5375326275826,0.008552739684739694,1.0,50,4.0,observed
2159,1904.5364564955235,0.008034264061889906,1.0,50,3.0,observed
2160,1904.504878088832,0.007634910017387645,1.0,50,2.0,observed
2161,1904.508319362998,0.007239258546784754,1.0,50,2.0,observed
2162,1904.5338279157877,0.01395680511082403,1.0,50,3.0,observed
2163,1904.5314919799566,0.008133876246211364,1.0,50,3.0,observed
2164,1904.506085947156,0.009036406357522925,1.0,50,2.0,observed
2165,1904.5287328660488,0.012351247710532061,1.0,50,4.0,observed
2166,1904.4521576315165,0.009356860212987466,1.0,50,3.0,observed
2167,1904.4150850623846,0.00950732247118711,1.0,50,3.0,observed
2168,1904.4402495026588,0.00974259679563818,1.0,50,3.0,observed
2169,1904.4640622735023,0.013961728986968356,1.0,50,2.0,observed
2170,1904.537497162819,0.009707031485674885,1.0,50,3.0,observed
2171,1904.539507701993,0.009285579665761485,1.0,50,2.0,observed
2172,1904.4654224514961,0.013646257085531965,1.0,50,2.0,observed
2173,1904.4599364697933,0.008596699695726955,1.0,50,3.0,observed
2174,1904.4655542820692,0.008854209129631887,1.0,50,4.0,observed
2175,1904.4880026131868,0.009101819995870113,1.0,50,4.0,observed
2176,1904.475423321128,0.009165092305682652,1.0,50,3.0,observed
2177,1904.4375743716955,0.009019975838879335,1.0,50,4.0,observed
2178,1904.4269943386316,0.008743001271454727,1.0,50,1.0,observed
2179,1904.467228025198,0.00847633942577862,1.0,50,2.0,observed
2180,1904.4873557835817,0.00810804287533616,1.0,50,2.0,observed
2181,1904.3989175856113,0.0076900855175497315,1.0,50,2.0,observed
2182,1904.289665684104,0.007871123815844639,1.0,50,2.0,observed
2183,1904.2519563138485,0.00865658006590323,1.0,50,2.0,observed
2184,1904.306673541665,0.009390595909276038,1.0,50,3.0,observed
2185,1904.400519311428,0.010337650982261432,1.0,50,2.0,observed
2186,1904.4432420432568,0.011098974374605244,1.0,50,3.0,observed
2187,1904.4023315161467,0.010833110084000336,1.0,50,3.0,observed
2188,1904.3387772291899,0.010298363107024639,1.0,50,3.0,observed
2189,1904.3505368381739,0.010059738765315558,1.0,50,3.0,observed
2190,1904.381213068962,0.010204944982278792,1.0,50,2.0,observed
2191,1904.3136344850063,0.009884740576869423,1.0,50,3.0,observed
2192,1904.200363598764,0.008986799970812942,1.0,50,3.0,observed
2193,1904.109907783568,0.008163708947107292,1.0,50,3.0,observed
2194,1904.0690294876695,0.007492922353697482,1.0,50,3.0,observed
2195,1904.0775651335716,0.0069345680288340145,1.0,50,3.0,observed
2196,1904.1115477010608,0.006702547748401553,1.0,50,2.0,observed
2197,1904.1423133090138,0.00712305053473049,1.0,50,3.0,observed
2198,1904.162158176303,0.008032939751972171,1.0,50,3.0,observed
2199,1904.1885677948594,0.008804872575478599,1.0,50,3.0,observed
2200,1904.2053089365363,0.009277025175354454,1.0,50,4.0,observed
2201,1904.18051725626,0.009112200766361996,1.0,50,3.0,observed
2202,1904.1099635101855,0.008597299769247219,1.0,50,3.0,observed
2203,1904.031844748184,0.00857166478713874,1.0,50,3.0,observed
2204,1904.0063215480186,0.008817296226877283,1.0,50,2.0,observed
2205,1904.047410454601,0.008951389030747863,1.0,50,3.0,observed
2206,1904.1084732860327,0.009272098902510593,1.0,50,3.0,observed
2207,1904.1373116075993,0.009302147288236076,1.0,50,2.0,observed
2208,1904.1060080491006,0.009037482120149667,1.0,50,3.0,observed
2209,1904.0799151323736,0.009145955714766375,1.0,50,4.0,observed
2210,1904.0902062654495,0.009222144412080075,1.0,50,3.0,observed
2211,1904.125423654914,0.009502604011319655,1.0,50,3.0,observed
2212,1904.146754913032,0.009925663410896032,1.0,50,2.0,observed
2213,1904.119260225445,0.00989086878297709,1.0,50,3.0,observed
2214,1904.0774812065065,0.009418150969200087,1.0,50,2.0,observed
2215,1904.0489995367825,0.008831066401971514,1.0,50,3.0,observed
2216,1904.02953094244,0.008659674477468536,1.0,50,3.0,observed
2217,1904.0194448940456,0.00883961245843486,1.0,50,3.0,observed
2218,1904.0138675766066,0.00902016962127515,1.0,50,3.0,observed
2219,1903.9705705260858,0.008838398227290349,1.0,50,3.0,observed
2220,1903.8550304546952,0.008688147027590047,1.0,50,3.0,observed
2221,1903.6990948319435,0.01200716105816765,1.0,50,3.0,observed
2222,1903.5129049569368,0.020418659698749137,1.0,50,2.0,observed
2223,1903.450998917222,0.028041260554513232,1.0,50,3.0,observed
2224,1903.4064459949732,0.028869260751665925,1.0,50,3.0,observed
2225,1903.4751826822758,0.022744835241388026,1.0,50,2.0,observed
2226,1903.5111898183823,0.013487405940136147,1.0,50,4.0,observed
2227,1903.472154557705,0.013975308153386174,1.0,50,2.0,observed
2228,1903.4353691339493,0.013715471553856249,1.0,50,4.0,observed
2229,1903.479747056961,0.015362926849406476,1.0,50,3.0,observed
2230,1903.623555317521,0.013274272808542749,1.0,50,3.0,observed
2231,1903.655056372285,0.011503216925656602,1.0,50,2.0,observed
2232,1903.6229830235243,0.010541615650912224,1.0,50,1.0,observed
2233,1903.5402048230171,0.012064671030770776,1.0,50,2.0,observed
2234,1903.7711101695895,0.01037353961761264,1.0,50,3.0,observed
2235,1904.0302478158846,0.008958146275151948,1.0,50,3.0,observed
2236,1903.9439797215164,0.011003023869196613,1.0,50,2.0,observed
2237,1903.638557581231,0.01238974279090383,0.0,0,2.3333333333333335,interpolated
2238,1903.3331354409456,0.01377646171261105,0.18,9,2.6666666666666665,interpolated
2239,1903.0277133006603,0.015163180634318268,0.98,49,3.0,observed
2240,1902.8844651728868,0.01624796912457425,1.0,50,2.0,observed
2241,1902.8749723695219,0.016752774572806283,1.0,50,1.0,observed
2242,1903.0475567225367,0.0161498025342251,0.0,0,2.0,interpolated
2243,1903.2201410755515,0.015546830495643912,1.0,50,3.0,observed
2244,1903.2920081913471,0.01533139373096645,1.0,50,1.0,observed
2245,1903.2166843637824,0.012329286825766528,1.0,50,3.0,observed
2246,1903.0869704782963,0.009261658567376884,1.0,50,3.0,observed
2247,1903.005959447939,0.008273316876696695,1.0,50,2.0,observed
2248,1903.1163344345987,0.008419736409800054,1.0,50,2.0,observed
2249,1903.313029050827,0.009533373192999435,1.0,50,3.0,observed
2250,1903.4779326021671,0.015853837891189732,1.0,50,2.0,observed
2251,1903.634203016758,0.009525719606327044,1.0,50,4.0,observed
2252,1903.7016030848026,0.00849650608586082,1.0,50,3.0,observed
2253,1903.5901844650507,0.010486433885372697,1.0,50,3.0,observed
2254,1903.4584060162306,0.01262164837037754,1.0,50,4.0,observed
2255,1903.2634517252445,0.011170924090309033,1.0,50,3.0,observed
2256,1903.1460371166468,0.010607707086188519,1.0,50,3.0,observed
2257,1903.1609324663877,0.010869957091890372,1.0,50,2.0,observed
2258,1903.0608245860785,0.010846917384071763,1.0,50,3.0,observed
2259,1902.9881364456378,0.011527222299466648,1.0,50,3.0,observed
2260,1903.0451477989554,0.012829521214128049,1.0,50,3.0,observed
2261,1903.1493982598186,0.014524047240476888,1.0,50,5.0,observed
2262,1903.1973903253675,0.013144962560775438,1.0,50,2.0,observed
2263,1903.1860388591886,0.00976389076199803,1.0,50,3.0,observed
2264,1903.1247542239726,0.007210386433730147,1.0,50,3.0,observed
2265,1903.058840304613,0.006462742454359984,1.0,50,1.0,observed
2266,1903.0008918806852,0.0065161032030450535,1.0,50,1.0,observed
2267,1902.9469473380595,0.007068715479231061,1.0,50,3.0,observed
2268,1902.83740285784,0.00940221070391715,1.0,50,2.0,observed
2269,1902.6573065966368,0.012784613912351032,1.0,50,5.0,observed
2270,1902.4608495682478,0.012887111298136435,1.0,50,2.0,observed
2271,1902.3621434420347,0.01203297715288163,1.0,50,1.0,observed
2272,1902.3750417530537,0.012276653767969518,1.0,50,2.0,observed
2273,1902.4489864110947,0.01562901913254814,1.0,50,2.0,observed
2274,NaN,NaN,0.0,0,NaN,invalid
2275,NaN,NaN,0.02,1,NaN,invalid
2276,NaN,NaN,0.0,0,NaN,invalid
2277,NaN,NaN,0.06,3,NaN,invalid
2278,NaN,NaN,0.0,0,NaN,invalid
2279,NaN,NaN,0.0,0,NaN,invalid
2280,NaN,NaN,0.0,0,NaN,invalid
2281,NaN,NaN,0.0,0,NaN,invalid
2282,NaN,NaN,0.0,0,NaN,invalid
2283,NaN,NaN,0.0,0,NaN,invalid
2284,NaN,NaN,0.0,0,NaN,invalid
2285,NaN,NaN,0.0,0,NaN,invalid
2286,NaN,NaN,0.0,0,NaN,invalid
2287,NaN,NaN,0.0,0,NaN,invalid
2288,NaN,NaN,0.0,0,NaN,invalid
2289,NaN,NaN,0.0,0,NaN,invalid
2290,NaN,NaN,0.0,0,NaN,invalid
2291,NaN,NaN,0.0,0,NaN,invalid
2292,NaN,NaN,0.0,0,NaN,invalid
2293,NaN,NaN,0.0,0,NaN,invalid
2294,NaN,NaN,0.0,0,NaN,invalid
2295,NaN,NaN,0.0,0,NaN,invalid
2296,NaN,NaN,0.0,0,NaN,invalid
2297,NaN,NaN,0.0,0,NaN,invalid
2298,NaN,NaN,0.0,0,NaN,invalid
2299,NaN,NaN,0.0,0,NaN,invalid
2300,NaN,NaN,0.0,0,NaN,invalid
2301,NaN,NaN,0.0,0,NaN,invalid
2302,NaN,NaN,0.0,0,NaN,invalid
2303,NaN,NaN,0.0,0,NaN,invalid
2304,NaN,NaN,0.0,0,NaN,invalid
2305,NaN,NaN,0.0,0,NaN,invalid
2306,NaN,NaN,0.0,0,NaN,invalid
2307,NaN,NaN,0.0,0,NaN,invalid
2308,NaN,NaN,0.0,0,NaN,invalid
2309,NaN,NaN,0.0,0,NaN,invalid
2310,NaN,NaN,0.0,0,NaN,invalid
2311,NaN,NaN,0.0,0,NaN,invalid
2312,NaN,NaN,0.0,0,NaN,invalid
2313,NaN,NaN,0.0,0,NaN,invalid
2314,NaN,NaN,0.0,0,NaN,invalid
2315,NaN,NaN,0.0,0,NaN,invalid
2316,NaN,NaN,0.0,0,NaN,invalid
2317,NaN,NaN,0.0,0,NaN,invalid
2318,NaN,NaN,0.0,0,NaN,invalid
2319,NaN,NaN,0.0,0,NaN,invalid
2320,NaN,NaN,0.0,0,NaN,invalid
2321,NaN,NaN,0.0,0,NaN,invalid
2322,NaN,NaN,0.0,0,NaN,invalid
2323,NaN,NaN,0.0,0,NaN,invalid
2324,NaN,NaN,0.0,0,NaN,invalid
2325,NaN,NaN,0.0,0,NaN,invalid
2326,NaN,NaN,0.0,0,NaN,invalid
2327,NaN,NaN,0.0,0,NaN,invalid
2328,NaN,NaN,0.0,0,NaN,invalid
2329,NaN,NaN,0.0,0,NaN,invalid
2330,NaN,NaN,0.0,0,NaN,invalid
2331,NaN,NaN,0.0,0,NaN,invalid
2332,NaN,NaN,0.0,0,NaN,invalid
2333,NaN,NaN,0.0,0,NaN,invalid
2334,NaN,NaN,0.0,0,NaN,invalid
2335,NaN,NaN,0.0,0,NaN,invalid
2336,NaN,NaN,0.0,0,NaN,invalid
2337,NaN,NaN,0.0,0,NaN,invalid
2338,NaN,NaN,0.0,0,NaN,invalid
2339,NaN,NaN,0.14,7,NaN,invalid
2340,1865.2536605745554,0.008454275101683941,1.0,50,4.0,observed
2341,1865.152590803802,0.0072321476452362685,1.0,50,3.0,observed
2342,1865.1517825499177,0.006862858456642904,1.0,50,2.0,observed
2343,1865.2220262289047,0.006950288761381149,1.0,50,2.0,observed
2344,1865.2900457680225,0.007213498598965536,1.0,50,2.0,observed
2345,1865.320764541626,0.00740761276802935,1.0,50,2.0,observed
2346,1865.2837350517511,0.007521166920991453,1.0,50,2.0,observed
2347,1865.1970669478178,0.008008620057030371,1.0,50,3.0,observed
2348,1865.1479444429278,0.008256870330815133,1.0,50,3.0,observed
2349,1865.1198993809521,0.008538113768534653,1.0,50,3.0,observed
2350,1865.0754456035793,0.008841678941741073,1.0,50,4.0,observed
2351,1865.026450233534,0.009134241586885123,1.0,50,3.0,observed
2352,1865.011379327625,0.009167058081613408,1.0,50,3.0,observed
2353,1865.0470633357763,0.008564428519247259,1.0,50,3.0,observed
2354,1865.1020498089492,0.00786317976674103,1.0,50,3.0,observed
2355,1865.1502387672663,0.007409664391618481,1.0,50,3.0,observed
2356,1865.1190116479993,0.00694310718817572,1.0,50,3.0,observed
2357,1865.0318503249437,0.007127928670118997,1.0,50,3.0,observed
2358,1864.9679935332388,0.007552936375430171,1.0,50,3.0,observed
2359,1864.9350322447717,0.007579782196441339,1.0,50,3.0,observed
2360,1864.9150161892176,0.007630020501172246,1.0,50,3.0,observed
2361,1864.8741871342063,0.007664592431157406,1.0,50,3.0,observed
2362,1864.8349081352353,0.007788831989009775,1.0,50,2.5,observed
2363,1864.821323864162,0.007768847618118762,1.0,50,4.0,observed
2364,1864.8307092934847,0.007603875532448438,1.0,50,3.0,observed
2365,1864.84040312469,0.007530921811641628,1.0,50,2.0,observed
2366,1864.820140093565,0.007259588779347043,1.0,50,3.0,observed
2367,1864.7629983574152,0.006706749325247097,1.0,50,3.0,observed
2368,1864.6850620955229,0.006358223110616791,1.0,50,3.0,observed
2369,1864.6387636065483,0.006456823703178135,1.0,50,2.0,observed
2370,1864.6620230674744,0.006507420196797696,1.0,50,2.0,observed
2371,1864.720611333847,0.00695863530661874,1.0,50,3.0,observed
2372,1864.7594940662384,0.007909626857373706,1.0,50,3.0,observed
2373,1864.7347301989794,0.008471404454769946,1.0,50,3.0,observed
2374,1864.6815789490938,0.008319900632281215,1.0,50,4.0,observed
2375,1864.6448102742434,0.007619829085688159,1.0,50,2.0,observed
2376,1864.6372704803944,0.007015319705414435,1.0,50,3.0,observed
2377,1864.6662170886993,0.0072315709638458335,1.0,50,2.0,observed
2378,1864.7066486179829,0.00774784409324873,1.0,50,3.0,observed
2379,1864.7228431254625,0.007907072054828698,1.0,50,4.0,observed
2380,1864.7032607644796,0.007810716851159585,1.0,50,3.0,observed
2381,1864.6518592983484,0.008062410947997353,1.0,50,3.0,observed
2382,1864.5868387967348,0.008881779204597182,1.0,50,2.0,observed
2383,1864.534862563014,0.009779521681629499,1.0,50,4.0,observed
2384,1864.5194378197193,0.010185225382319208,1.0,50,4.0,observed
2385,1864.5305988043547,0.010033757094847787,1.0,50,3.0,observed
2386,1864.5264997333288,0.009609697800564632,1.0,50,4.0,observed
2387,1864.4793409109116,0.009450125116276043,1.0,50,2.0,observed
2388,1864.4829397052526,0.01894911449197728,1.0,50,3.0,observed
2389,1864.4741040170193,0.01123827897374439,1.0,50,3.0,observed
2390,1864.4421489834785,0.02760843951673305,1.0,50,2.0,observed
2391,1864.4521525502205,0.00922220337892333,1.0,50,3.0,observed
2392,1864.46909609437,0.008939830036068309,1.0,50,4.0,observed
2393,1864.473532795906,0.009069771160105692,1.0,50,2.0,observed
2394,1864.4405894577503,0.009251445346307719,1.0,50,2.0,observed
2395,1864.4190252870321,0.008201508909221574,1.0,50,2.0,observed
2396,1864.317082926631,0.0075170656185929415,1.0,50,3.0,observed
2397,1864.259664312005,0.0070588461817961065,1.0,50,2.0,observed
2398,1864.263120085001,0.0069639187603650135,1.0,50,2.0,observed
2399,1864.2783433943987,0.007218069906134412,1.0,50,2.0,observed
2400,1864.2610969096422,0.007366297444128572,1.0,50,4.0,observed
2401,1864.2206432968378,0.007229028521878962,1.0,50,3.0,observed
2402,1864.2065185010433,0.007153950103497671,1.0,50,3.0,observed
2403,1864.2272159159184,0.007335556821519806,1.0,50,3.0,observed
2404,1864.26515455544,0.007521989623862831,1.0,50,2.0,observed
2405,1864.2986290305853,0.007599443829156184,1.0,50,2.0,observed
2406,1864.2968669980764,0.007351936064422816,1.0,50,3.0,observed
2407,1864.2606756687164,0.006893877466135245,1.0,50,2.0,observed
2408,1864.2150924503803,0.006223210335840366,1.0,50,3.0,observed
2409,1864.179649733007,0.005579870757840404,1.0,50,2.0,observed
2410,1864.168108254671,0.005582556590279436,1.0,50,2.0,observed
2411,1864.1847450062633,0.0061201023141341515,1.0,50,3.0,observed
2412,1864.2276370376348,0.006824879373666603,1.0,50,3.0,observed
2413,1864.2635664343834,0.007094302442151303,1.0,50,3.0,observed
2414,1864.2564671486616,0.006738205196327604,1.0,50,3.0,observed
2415,1864.2272027656436,0.006249672264324624,1.0,50,2.0,observed
2416,1864.1828807517886,0.005873718434706575,1.0,50,2.0,observed
2417,1864.1181854642928,0.005917956434555253,1.0,50,2.0,observed
2418,1864.0605302117765,0.00594603063340429,1.0,50,3.0,observed
2419,1864.0524322222918,0.005922399807498739,1.0,50,3.0,observed
2420,1864.068555496633,0.006294377860370447,1.0,50,3.0,observed
2421,1864.0707533545792,0.00654706077589352,1.0,50,3.0,observed
2422,1864.0528342258185,0.006379009939656893,1.0,50,3.0,observed
2423,1864.0190387656912,0.006108575622561402,1.0,50,1.0,observed
2424,1863.9813377410173,0.005815671235352675,1.0,50,3.0,observed
2425,1863.9468098897487,0.005436135914094737,1.0,50,3.0,observed
2426,1863.9339715242386,0.005288553902790185,1.0,50,1.0,observed
2427,1863.9416223894805,0.005469179549276617,1.0,50,3.0,observed
2428,1863.9416539352387,0.00600432607499343,1.0,50,3.0,observed
2429,1863.9106475710869,0.00672140453925695,1.0,50,3.0,observed
2430,1863.857886351645,0.007230791951478011,1.0,50,2.0,observed
2431,1863.8081759661436,0.0073629023754870895,1.0,50,2.0,observed
2432,1863.7739132270217,0.007295781595785147,1.0,50,4.0,observed
2433,1863.7548341751099,0.007321341851703634,1.0,50,3.0,observed
2434,1863.7707191631198,0.007106973436052036,1.0,50,3.0,observed
2435,1863.816338405013,0.007302345752989366,1.0,50,3.0,observed
2436,1863.837892614305,0.00782276872400893,1.0,50,4.0,observed
2437,1863.8422707170248,0.007761182533061797,1.0,50,3.0,observed
2438,1863.8409450054169,0.00730086680786438,1.0,50,4.0,observed
2439,1863.815129891038,0.007321571349938707,1.0,50,2.0,observed
2440,1863.7584482058883,0.00814541553352996,1.0,50,3.0,observed
2441,1863.6967182308435,0.00878647937975267,1.0,50,3.0,observed
2442,1863.6430310606956,0.008656787707126842,1.0,50,3.0,observed
2443,1863.6024727225304,0.008307342700061063,1.0,50,2.0,observed
2444,1863.571633681655,0.008295153181610905,1.0,50,3.0,observed
2445,1863.545050010085,0.014703748632692918,1.0,50,2.0,observed
2446,1863.5900375247002,0.021635573971694962,1.0,50,3.0,observed
2447,1863.5845453441143,0.01804000499627989,1.0,50,4.0,observed
