scenario,candidate,model,interior_knot_count,basis_count,smoothness_penalty,v_bin_index,v_bin,v_start_px,v_end_px,point_count,frame_count,bias_mm,rmse_mm,p95_abs_mm,p99_abs_mm,max_abs_mm
full36_grouped_cv,C1_3k,C0,3,7,0.1,0,v_0000_0100,0.0,100.0,323,11,0.16476217503504978,0.18033925181398608,0.2602972413815707,0.3044477107114174,0.3373106132157772
full36_grouped_cv,C1_3k,C0,3,7,0.1,1,v_0100_0200,100.0,200.0,643,18,0.1266598569303492,0.16669689826960932,0.26111456415760104,0.38469124698373547,0.4448776126135954
full36_grouped_cv,C1_3k,C0,3,7,0.1,2,v_0200_0300,200.0,300.0,920,22,0.10143142812800393,0.14450804042877038,0.23559411427569604,0.39608517349265243,0.535807286652016
full36_grouped_cv,C1_3k,C0,3,7,0.1,3,v_0300_0400,300.0,400.0,976,26,0.06661698169458438,0.10535246897076891,0.22566490158429994,0.24980525509834955,0.3869675815252549
full36_grouped_cv,C1_3k,C0,3,7,0.1,4,v_0400_0500,400.0,500.0,1061,30,0.000508774582549212,0.08136785058842874,0.14587375034218147,0.2673308447158848,0.5274230267441453
full36_grouped_cv,C1_3k,C0,3,7,0.1,5,v_0500_0600,500.0,600.0,1366,30,-0.04371105438538509,0.07771972333585028,0.1537631624226947,0.1995215223812086,0.3122956361038405
full36_grouped_cv,C1_3k,C0,3,7,0.1,6,v_0600_0700,600.0,700.0,1363,31,-0.08481191280355113,0.10664883041938061,0.18488150935887945,0.2248277488944353,0.4185882320286964
full36_grouped_cv,C1_3k,C0,3,7,0.1,7,v_0700_0800,700.0,800.0,1003,31,-0.12008294623765783,0.13885020691490213,0.24104832663818973,0.28180499881991444,0.3994971550562241
full36_grouped_cv,C1_3k,C0,3,7,0.1,8,v_0800_0900,800.0,900.0,1177,33,-0.10200951202855428,0.12550492038017286,0.21734752681229122,0.26704040729245393,0.2953863435844823
full36_grouped_cv,C1_3k,C0,3,7,0.1,9,v_0900_1000,900.0,1000.0,1583,35,-0.062035229414108536,0.09291182152667794,0.15614343465983244,0.20178633443626554,0.2430311226028152
full36_grouped_cv,C1_3k,C0,3,7,0.1,10,v_1000_1100,1000.0,1100.0,1554,36,-0.017437767485322386,0.07401445468893396,0.15009616369966686,0.23261813716944404,0.3589744798377978
full36_grouped_cv,C1_3k,C0,3,7,0.1,11,v_1100_1200,1100.0,1200.0,1262,36,0.02739905124399044,0.08723007612962051,0.14988792266073594,0.35332138843790295,0.4673112004591075
full36_grouped_cv,C1_3k,C0,3,7,0.1,12,v_1200_1300,1200.0,1300.0,1469,36,0.06614709507540498,0.10053207378465702,0.1660975475905813,0.4012214900396799,0.4313197142058698
full36_grouped_cv,C1_3k,C0,3,7,0.1,13,v_1300_1400,1300.0,1400.0,1602,36,0.05864312467835675,0.10296871690869443,0.155733481986729,0.4410719552332927,0.4665276683218735
full36_grouped_cv,C1_3k,C0,3,7,0.1,14,v_1400_1500,1400.0,1500.0,1593,36,0.04893657712410663,0.10143109114562539,0.1366283739694058,0.4869275631389791,0.5367846632395867
full36_grouped_cv,C1_3k,C0,3,7,0.1,15,v_1500_1600,1500.0,1600.0,1539,36,0.02823271504705705,0.10443717620029436,0.14445841905908655,0.5195015261617255,0.561264223555213
full36_grouped_cv,C1_3k,C0,3,7,0.1,16,v_1600_1700,1600.0,1700.0,1493,36,-0.009776685623072464,0.11102483670202092,0.15952046724109523,0.5272662867408932,0.5725298157542511
full36_grouped_cv,C1_3k,C0,3,7,0.1,17,v_1700_1800,1700.0,1800.0,1464,36,-0.0029784630323613026,0.11513099129851151,0.14920864638722223,0.5897552395466307,0.6241623458050753
full36_grouped_cv,C1_3k,C0,3,7,0.1,18,v_1800_1900,1800.0,1900.0,1342,36,0.02147581582250184,0.12597419483498762,0.15176576555109375,0.6501738806756879,0.7228659990850019
full36_grouped_cv,C1_3k,C0,3,7,0.1,19,v_1900_2000,1900.0,2000.0,1253,36,0.022315851201744685,0.13571067125512937,0.14665532858308145,0.5480407800229996,0.721635899331659
full36_grouped_cv,C1_3k,C0,3,7,0.1,20,v_2000_2100,2000.0,2100.0,1126,30,0.009973015902239504,0.06659659953673448,0.1290285978546424,0.17536233858463568,0.2410398596762206
full36_grouped_cv,C1_3k,C0,3,7,0.1,21,v_2100_2200,2100.0,2200.0,842,25,0.00743196396530471,0.07003394740572626,0.14729945262568994,0.1824650088174553,0.2604344276544452
full36_grouped_cv,C1_3k,C0,3,7,0.1,22,v_2200_2300,2200.0,2300.0,689,23,0.0214009164874045,0.0691235675573569,0.140755338495021,0.19238970771727107,0.2942356733212818
full36_grouped_cv,C1_3k,C0,3,7,0.1,23,v_2300_2400,2300.0,2400.0,948,24,0.03955359726595571,0.07885291658835736,0.13442866467890885,0.2894473177349534,0.5468938822320979
full36_grouped_cv,C1_3k,C0,3,7,0.1,24,v_2400_2500,2400.0,2500.0,1089,24,0.045896897463021856,0.07342255009189358,0.1562786992023046,0.2211319181943826,0.2235989540171203
full36_grouped_cv,C1_3k,C0,3,7,0.1,25,v_2500_2600,2500.0,2600.0,813,24,0.027843471139610186,0.06585753335022303,0.13408227072193352,0.18141991312479297,0.2600665925551766
full36_grouped_cv,C1_3k,C0,3,7,0.1,26,v_2600_2700,2600.0,2700.0,441,20,0.007666429355021539,0.059935531197308135,0.12657093232634187,0.19154606362517781,0.2209102815943424
full36_grouped_cv,C1_3k,C0,3,7,0.1,27,v_2700_2800,2700.0,2800.0,541,18,-0.050285897794756035,0.08863257425615513,0.14868127869897046,0.22527681330694702,0.4147937548120808
full36_grouped_cv,C1_3k,C0,3,7,0.1,28,v_2800_2900,2800.0,2900.0,580,15,-0.09579441420854594,0.1053780795847208,0.15652447863847269,0.18036562192537503,0.2298343950697017
full36_grouped_cv,C1_3k,C0,3,7,0.1,29,v_2900_3000,2900.0,3000.0,345,11,-0.11558182120164216,0.12520313842849357,0.1751714027781555,0.19237534066638656,0.2392512818067871
full36_grouped_cv,C1_3k,C0+C1,3,7,0.1,0,v_0000_0100,0.0,100.0,323,11,0.023165958732396765,0.078123948952138,0.13516807213207252,0.17666243402158693,0.20227994601350047
full36_grouped_cv,C1_3k,C0+C1,3,7,0.1,1,v_0100_0200,100.0,200.0,643,18,0.04039743669936155,0.11359326285511158,0.20610871305979092,0.31210708331454456,0.3662892808060753
full36_grouped_cv,C1_3k,C0+C1,3,7,0.1,2,v_0200_0300,200.0,300.0,920,22,0.0618491548296903,0.12036360772460232,0.19303141603435411,0.3491108917149649,0.4769458277571898
full36_grouped_cv,C1_3k,C0+C1,3,7,0.1,3,v_0300_0400,300.0,400.0,976,26,0.062269495520885614,0.10271351749458911,0.22037946704943898,0.26074521523656613,0.3712406125814935
full36_grouped_cv,C1_3k,C0+C1,3,7,0.1,4,v_0400_0500,400.0,500.0,1061,30,0.02101937694313478,0.08387867765621237,0.13612910070583276,0.271076907393379,0.5179475276222415
full36_grouped_cv,C1_3k,C0+C1,3,7,0.1,5,v_0500_0600,500.0,600.0,1366,30,-0.008864753983372069,0.06513800496925674,0.1220089673935451,0.17665589113127292,0.27842174407875203
full36_grouped_cv,C1_3k,C0+C1,3,7,0.1,6,v_0600_0700,600.0,700.0,1363,31,-0.042519184754842676,0.07762714619319942,0.14355485505840032,0.18778423767659344,0.3754232305259176
full36_grouped_cv,C1_3k,C0+C1,3,7,0.1,7,v_0700_0800,700.0,800.0,1003,31,-0.07562042436336883,0.10319020718274176,0.19802598694519374,0.23805483227214402,0.3554931254135335
full36_grouped_cv,C1_3k,C0+C1,3,7,0.1,8,v_0800_0900,800.0,900.0,1177,33,-0.0596547466887785,0.09473495795366603,0.17790725551874495,0.22913303596356172,0.28496432805225025
full36_grouped_cv,C1_3k,C0+C1,3,7,0.1,9,v_0900_1000,900.0,1000.0,1583,35,-0.024565881252067306,0.07402176108436309,0.14785078163875814,0.20446595383081775,0.25354133733400114
full36_grouped_cv,C1_3k,C0+C1,3,7,0.1,10,v_1000_1100,1000.0,1100.0,1554,36,0.013156441365324394,0.07406248250847597,0.14121386994456922,0.2684035606098241,0.3952908810349512
full36_grouped_cv,C1_3k,C0+C1,3,7,0.1,11,v_1100_1200,1100.0,1200.0,1262,36,0.04936297712232716,0.09667815639013431,0.16415157885854703,0.376809572412284,0.4915543820038161
full36_grouped_cv,C1_3k,C0+C1,3,7,0.1,12,v_1200_1300,1200.0,1300.0,1469,36,0.0785312874561398,0.10981365177451922,0.18363505469108302,0.4181418873120559,0.44884134891998484
full36_grouped_cv,C1_3k,C0+C1,3,7,0.1,13,v_1300_1400,1300.0,1400.0,1602,36,0.06232652021018232,0.10622383924184248,0.16228036847954583,0.4505441922549146,0.4729578942156645
full36_grouped_cv,C1_3k,C0+C1,3,7,0.1,14,v_1400_1500,1400.0,1500.0,1593,36,0.044470088446115635,0.10039603085764452,0.136192011916072,0.48770464973980543,0.5382766365540159
full36_grouped_cv,C1_3k,C0+C1,3,7,0.1,15,v_1500_1600,1500.0,1600.0,1539,36,0.01688941180774683,0.10309169641265513,0.14038981269738443,0.5139902951925148,0.5583226542516962
full36_grouped_cv,C1_3k,C0+C1,3,7,0.1,16,v_1600_1700,1600.0,1700.0,1493,36,-0.025949767995284412,0.11454134628636502,0.16619000436451012,0.5158256455733443,0.5629280960584442
full36_grouped_cv,C1_3k,C0+C1,3,7,0.1,17,v_1700_1800,1700.0,1800.0,1464,36,-0.022296079643645054,0.11789518084530927,0.1613890018839765,0.5744914722364219,0.6085371580949426
full36_grouped_cv,C1_3k,C0+C1,3,7,0.1,18,v_1800_1900,1800.0,1900.0,1342,36,0.0005567797051082533,0.12487745832216994,0.16748571233709894,0.6339450238577131,0.7059268085929671
full36_grouped_cv,C1_3k,C0+C1,3,7,0.1,19,v_1900_2000,1900.0,2000.0,1253,36,0.0011793396746102875,0.13442001359359118,0.1568974826361943,0.5430791938164439,0.7038234189332968
full36_grouped_cv,C1_3k,C0+C1,3,7,0.1,20,v_2000_2100,2000.0,2100.0,1126,30,-0.010251871829379509,0.06709863944856384,0.1439500020917303,0.19602833189044935,0.25974423474010466
full36_grouped_cv,C1_3k,C0+C1,3,7,0.1,21,v_2100_2200,2100.0,2200.0,842,25,-0.010757639055904317,0.0707265722219582,0.16607029509669524,0.19566531745697927,0.24237295701276046
full36_grouped_cv,C1_3k,C0+C1,3,7,0.1,22,v_2200_2300,2200.0,2300.0,689,23,0.006454838858309998,0.06593373726917685,0.13301218083854394,0.20412712785564013,0.30729316071504703
full36_grouped_cv,C1_3k,C0+C1,3,7,0.1,23,v_2300_2400,2300.0,2400.0,948,24,0.02865424048695976,0.07425636347274955,0.12459930636674607,0.28110763795670496,0.5353196154493659
full36_grouped_cv,C1_3k,C0+C1,3,7,0.1,24,v_2400_2500,2400.0,2500.0,1089,24,0.040981217095683475,0.07092171908876889,0.15167352912656976,0.2213875071130865,0.22329996425787366
full36_grouped_cv,C1_3k,C0+C1,3,7,0.1,25,v_2500_2600,2500.0,2600.0,813,24,0.03140270951466892,0.06804436815001723,0.1384645910334219,0.18720903546462384,0.26861965544459443
full36_grouped_cv,C1_3k,C0+C1,3,7,0.1,26,v_2600_2700,2600.0,2700.0,441,20,0.026789746277621655,0.06483042064848955,0.14345313833064918,0.20155278702830642,0.2330286461573151
full36_grouped_cv,C1_3k,C0+C1,3,7,0.1,27,v_2700_2800,2700.0,2800.0,541,18,-0.009435238397068932,0.07138094003920527,0.14245775535729868,0.2172236561601555,0.36301493207863544
full36_grouped_cv,C1_3k,C0+C1,3,7,0.1,28,v_2800_2900,2800.0,2900.0,580,15,-0.030183486626611376,0.05492322953249398,0.09598774034496595,0.15880862267777526,0.21581226998613207
full36_grouped_cv,C1_3k,C0+C1,3,7,0.1,29,v_2900_3000,2900.0,3000.0,345,11,-0.016066665760012068,0.054199399277564855,0.10099001905844604,0.1528743655722464,0.28869913450505236
full36_grouped_cv_non027,C1_3k,C0,3,7,0.1,0,v_0000_0100,0.0,100.0,323,11,0.16476217503504978,0.18033925181398608,0.2602972413815707,0.3044477107114174,0.3373106132157772
full36_grouped_cv_non027,C1_3k,C0,3,7,0.1,1,v_0100_0200,100.0,200.0,601,17,0.13771711709154807,0.1705776092900896,0.2665020392163158,0.3941941110609575,0.4448776126135954
full36_grouped_cv_non027,C1_3k,C0,3,7,0.1,2,v_0200_0300,200.0,300.0,844,21,0.11007768765162163,0.14656033512301353,0.2410657658112595,0.3970185409625679,0.535807286652016
full36_grouped_cv_non027,C1_3k,C0,3,7,0.1,3,v_0300_0400,300.0,400.0,905,25,0.07145279545511082,0.10651751294427098,0.22581787681514423,0.2549456981275956,0.3869675815252549
full36_grouped_cv_non027,C1_3k,C0,3,7,0.1,4,v_0400_0500,400.0,500.0,1012,29,0.005027721806745944,0.07342604081542962,0.1412935306861417,0.17866723437150897,0.3772132119063371
full36_grouped_cv_non027,C1_3k,C0,3,7,0.1,5,v_0500_0600,500.0,600.0,1289,29,-0.044388359307922,0.0785467618825244,0.15440857996511345,0.20106734613127256,0.3122956361038405
full36_grouped_cv_non027,C1_3k,C0,3,7,0.1,6,v_0600_0700,600.0,700.0,1351,30,-0.08567693270791993,0.10766158979238835,0.1860147916203058,0.22514277549980682,0.4185882320286964
full36_grouped_cv_non027,C1_3k,C0,3,7,0.1,7,v_0700_0800,700.0,800.0,999,30,-0.12491277380402704,0.1405729269609662,0.24403142926832996,0.2822292034436793,0.3994971550562241
full36_grouped_cv_non027,C1_3k,C0,3,7,0.1,8,v_0800_0900,800.0,900.0,1115,32,-0.10694387071586817,0.1268940752455344,0.2193176707426522,0.2684560379869735,0.2953863435844823
full36_grouped_cv_non027,C1_3k,C0,3,7,0.1,9,v_0900_1000,900.0,1000.0,1507,34,-0.06779056865376754,0.09123585448960068,0.15340259767853992,0.2009325417329118,0.2430311226028152
full36_grouped_cv_non027,C1_3k,C0,3,7,0.1,10,v_1000_1100,1000.0,1100.0,1517,35,-0.024342390527884897,0.06427056966209133,0.12446167895571689,0.18182908222753488,0.2417937506500038
full36_grouped_cv_non027,C1_3k,C0,3,7,0.1,11,v_1100_1200,1100.0,1200.0,1240,35,0.018843194846852512,0.06799602260629235,0.12659382705384675,0.19018124239855122,0.3532924597803912
full36_grouped_cv_non027,C1_3k,C0,3,7,0.1,12,v_1200_1300,1200.0,1300.0,1411,35,0.056891300219909055,0.07753848430601477,0.14642821047846505,0.17968294473493956,0.2460048666843022
full36_grouped_cv_non027,C1_3k,C0,3,7,0.1,13,v_1300_1400,1300.0,1400.0,1526,35,0.0478548727317413,0.07391307966796253,0.14055990371317767,0.1692212285862176,0.2274832003622577
full36_grouped_cv_non027,C1_3k,C0,3,7,0.1,14,v_1400_1500,1400.0,1500.0,1541,35,0.03665067832792672,0.0633122717347235,0.11964623884428481,0.15198879771269744,0.1977359249631263
full36_grouped_cv_non027,C1_3k,C0,3,7,0.1,15,v_1500_1600,1500.0,1600.0,1513,35,0.014384374060470145,0.06070328729358883,0.11719244572986062,0.20347483870810149,0.3018895950964406
full36_grouped_cv_non027,C1_3k,C0,3,7,0.1,16,v_1600_1700,1600.0,1700.0,1431,35,-0.02489741574120853,0.07043577214830873,0.13791800484986733,0.19131813633374525,0.3738442916552458
full36_grouped_cv_non027,C1_3k,C0,3,7,0.1,17,v_1700_1800,1700.0,1800.0,1388,35,-0.019402721702742556,0.06530791484490404,0.12938146376611212,0.16592481435976386,0.2135432868685711
full36_grouped_cv_non027,C1_3k,C0,3,7,0.1,18,v_1800_1900,1800.0,1900.0,1321,35,0.0036355636415660573,0.06612143094895712,0.1293390787024201,0.1701389290216191,0.2769109251321424
full36_grouped_cv_non027,C1_3k,C0,3,7,0.1,19,v_1900_2000,1900.0,2000.0,1252,35,0.002335278398032844,0.06375567993216165,0.1221677610318189,0.16978346924522475,0.2394272345853778
full36_grouped_cv_non027,C1_3k,C0,3,7,0.1,20,v_2000_2100,2000.0,2100.0,1126,30,0.009973015902239504,0.06659659953673448,0.1290285978546424,0.17536233858463568,0.2410398596762206
full36_grouped_cv_non027,C1_3k,C0,3,7,0.1,21,v_2100_2200,2100.0,2200.0,842,25,0.00743196396530471,0.07003394740572626,0.14729945262568994,0.1824650088174553,0.2604344276544452
full36_grouped_cv_non027,C1_3k,C0,3,7,0.1,22,v_2200_2300,2200.0,2300.0,689,23,0.0214009164874045,0.0691235675573569,0.140755338495021,0.19238970771727107,0.2942356733212818
full36_grouped_cv_non027,C1_3k,C0,3,7,0.1,23,v_2300_2400,2300.0,2400.0,948,24,0.03955359726595571,0.07885291658835736,0.13442866467890885,0.2894473177349534,0.5468938822320979
full36_grouped_cv_non027,C1_3k,C0,3,7,0.1,24,v_2400_2500,2400.0,2500.0,1089,24,0.045896897463021856,0.07342255009189358,0.1562786992023046,0.2211319181943826,0.2235989540171203
full36_grouped_cv_non027,C1_3k,C0,3,7,0.1,25,v_2500_2600,2500.0,2600.0,813,24,0.027843471139610186,0.06585753335022303,0.13408227072193352,0.18141991312479297,0.2600665925551766
full36_grouped_cv_non027,C1_3k,C0,3,7,0.1,26,v_2600_2700,2600.0,2700.0,441,20,0.007666429355021539,0.059935531197308135,0.12657093232634187,0.19154606362517781,0.2209102815943424
full36_grouped_cv_non027,C1_3k,C0,3,7,0.1,27,v_2700_2800,2700.0,2800.0,541,18,-0.050285897794756035,0.08863257425615513,0.14868127869897046,0.22527681330694702,0.4147937548120808
full36_grouped_cv_non027,C1_3k,C0,3,7,0.1,28,v_2800_2900,2800.0,2900.0,580,15,-0.09579441420854594,0.1053780795847208,0.15652447863847269,0.18036562192537503,0.2298343950697017
full36_grouped_cv_non027,C1_3k,C0,3,7,0.1,29,v_2900_3000,2900.0,3000.0,345,11,-0.11558182120164216,0.12520313842849357,0.1751714027781555,0.19237534066638656,0.2392512818067871
full36_grouped_cv_non027,C1_3k,C0+C1,3,7,0.1,0,v_0000_0100,0.0,100.0,323,11,0.023165958732396765,0.078123948952138,0.13516807213207252,0.17666243402158693,0.20227994601350047
full36_grouped_cv_non027,C1_3k,C0+C1,3,7,0.1,1,v_0100_0200,100.0,200.0,601,17,0.05175245662120868,0.11034898527512176,0.1999357531448731,0.3197079615925121,0.3662892808060753
full36_grouped_cv_non027,C1_3k,C0+C1,3,7,0.1,2,v_0200_0300,200.0,300.0,844,21,0.07116396793394775,0.11918063193904617,0.19001668402030564,0.3517561452509548,0.4769458277571898
full36_grouped_cv_non027,C1_3k,C0+C1,3,7,0.1,3,v_0300_0400,300.0,400.0,905,25,0.06759701214475648,0.10335063756051277,0.22059367313744715,0.26476459607570335,0.3712406125814935
full36_grouped_cv_non027,C1_3k,C0+C1,3,7,0.1,4,v_0400_0500,400.0,500.0,1012,29,0.02568882462332815,0.07693626287441643,0.12979851940197784,0.18635365419179173,0.40226529538785516
full36_grouped_cv_non027,C1_3k,C0+C1,3,7,0.1,5,v_0500_0600,500.0,600.0,1289,29,-0.009370148644703615,0.06577764975038909,0.12290918725337811,0.17814688063658204,0.27842174407875203
full36_grouped_cv_non027,C1_3k,C0+C1,3,7,0.1,6,v_0600_0700,600.0,700.0,1351,30,-0.04324507647091845,0.07853134557356205,0.146094218364955,0.18973998347352103,0.3754232305259176
full36_grouped_cv_non027,C1_3k,C0+C1,3,7,0.1,7,v_0700_0800,700.0,800.0,999,30,-0.08043748947866831,0.10345007911171178,0.19909056240555587,0.23883339774596302,0.3554931254135335
full36_grouped_cv_non027,C1_3k,C0+C1,3,7,0.1,8,v_0800_0900,800.0,900.0,1115,32,-0.06464677449808187,0.09433423763053521,0.1789192905512578,0.22945816525992435,0.28496432805225025
full36_grouped_cv_non027,C1_3k,C0+C1,3,7,0.1,9,v_0900_1000,900.0,1000.0,1507,34,-0.030425799819641594,0.06861491709780071,0.12366438977827644,0.18264227355405002,0.23956728183762674
full36_grouped_cv_non027,C1_3k,C0+C1,3,7,0.1,10,v_1000_1100,1000.0,1100.0,1517,35,0.006078380907753092,0.060257846205954126,0.11297113806054475,0.16141262596380815,0.22180654764048008
full36_grouped_cv_non027,C1_3k,C0+C1,3,7,0.1,11,v_1100_1200,1100.0,1200.0,1240,35,0.04064112957250829,0.07667239835579756,0.15018349521291086,0.211095029696358,0.37668518201531326
full36_grouped_cv_non027,C1_3k,C0+C1,3,7,0.1,12,v_1200_1300,1200.0,1300.0,1411,35,0.06912108526056746,0.08727684010869131,0.1602833315717531,0.19468866023369888,0.265133481003218
full36_grouped_cv_non027,C1_3k,C0+C1,3,7,0.1,13,v_1300_1400,1300.0,1400.0,1526,35,0.05135920171559284,0.07689974209246186,0.14617731832786535,0.1740873393714106,0.2418549030871518
full36_grouped_cv_non027,C1_3k,C0+C1,3,7,0.1,14,v_1400_1500,1400.0,1500.0,1541,35,0.031991430554524164,0.06109942057277063,0.11956542899629823,0.15401423606960762,0.19871390266415753
full36_grouped_cv_non027,C1_3k,C0+C1,3,7,0.1,15,v_1500_1600,1500.0,1600.0,1513,35,0.002862596660081205,0.05954702642273021,0.11791325335643034,0.19441072835376594,0.28803006145091825
full36_grouped_cv_non027,C1_3k,C0+C1,3,7,0.1,16,v_1600_1700,1600.0,1700.0,1431,35,-0.041214142055002775,0.07813352238894228,0.14866758417222595,0.20142643653789893,0.39076841181320854
full36_grouped_cv_non027,C1_3k,C0+C1,3,7,0.1,17,v_1700_1800,1700.0,1800.0,1388,35,-0.03885731888685405,0.07346776536675605,0.1438935922513389,0.17648891560746902,0.2064727194393243
full36_grouped_cv_non027,C1_3k,C0+C1,3,7,0.1,18,v_1800_1900,1800.0,1900.0,1321,35,-0.017414234799047183,0.06844663642924113,0.13568081256608436,0.1854480689004378,0.2971860977046762
full36_grouped_cv_non027,C1_3k,C0+C1,3,7,0.1,19,v_1900_2000,1900.0,2000.0,1252,35,-0.018896205447066473,0.06657052906999993,0.13903673345204315,0.17348226947589193,0.25731168249759434
full36_grouped_cv_non027,C1_3k,C0+C1,3,7,0.1,20,v_2000_2100,2000.0,2100.0,1126,30,-0.010251871829379509,0.06709863944856384,0.1439500020917303,0.19602833189044935,0.25974423474010466
full36_grouped_cv_non027,C1_3k,C0+C1,3,7,0.1,21,v_2100_2200,2100.0,2200.0,842,25,-0.010757639055904317,0.0707265722219582,0.16607029509669524,0.19566531745697927,0.24237295701276046
full36_grouped_cv_non027,C1_3k,C0+C1,3,7,0.1,22,v_2200_2300,2200.0,2300.0,689,23,0.006454838858309998,0.06593373726917685,0.13301218083854394,0.20412712785564013,0.30729316071504703
full36_grouped_cv_non027,C1_3k,C0+C1,3,7,0.1,23,v_2300_2400,2300.0,2400.0,948,24,0.02865424048695976,0.07425636347274955,0.12459930636674607,0.28110763795670496,0.5353196154493659
full36_grouped_cv_non027,C1_3k,C0+C1,3,7,0.1,24,v_2400_2500,2400.0,2500.0,1089,24,0.040981217095683475,0.07092171908876889,0.15167352912656976,0.2213875071130865,0.22329996425787366
full36_grouped_cv_non027,C1_3k,C0+C1,3,7,0.1,25,v_2500_2600,2500.0,2600.0,813,24,0.03140270951466892,0.06804436815001723,0.1384645910334219,0.18720903546462384,0.26861965544459443
full36_grouped_cv_non027,C1_3k,C0+C1,3,7,0.1,26,v_2600_2700,2600.0,2700.0,441,20,0.026789746277621655,0.06483042064848955,0.14345313833064918,0.20155278702830642,0.2330286461573151
full36_grouped_cv_non027,C1_3k,C0+C1,3,7,0.1,27,v_2700_2800,2700.0,2800.0,541,18,-0.009435238397068932,0.07138094003920527,0.14245775535729868,0.2172236561601555,0.36301493207863544
full36_grouped_cv_non027,C1_3k,C0+C1,3,7,0.1,28,v_2800_2900,2800.0,2900.0,580,15,-0.030183486626611376,0.05492322953249398,0.09598774034496595,0.15880862267777526,0.21581226998613207
full36_grouped_cv_non027,C1_3k,C0+C1,3,7,0.1,29,v_2900_3000,2900.0,3000.0,345,11,-0.016066665760012068,0.054199399277564855,0.10099001905844604,0.1528743655722464,0.28869913450505236
exclude027_grouped_cv_non027,C1_3k,C0,3,7,0.1,0,v_0000_0100,0.0,100.0,323,11,0.16476217503504978,0.18033925181398608,0.2602972413815707,0.3044477107114174,0.3373106132157772
exclude027_grouped_cv_non027,C1_3k,C0,3,7,0.1,1,v_0100_0200,100.0,200.0,601,17,0.13771711709154807,0.1705776092900896,0.2665020392163158,0.3941941110609575,0.4448776126135954
exclude027_grouped_cv_non027,C1_3k,C0,3,7,0.1,2,v_0200_0300,200.0,300.0,844,21,0.11007768765162163,0.14656033512301353,0.2410657658112595,0.3970185409625679,0.535807286652016
exclude027_grouped_cv_non027,C1_3k,C0,3,7,0.1,3,v_0300_0400,300.0,400.0,905,25,0.07145279545511082,0.10651751294427098,0.22581787681514423,0.2549456981275956,0.3869675815252549
exclude027_grouped_cv_non027,C1_3k,C0,3,7,0.1,4,v_0400_0500,400.0,500.0,1012,29,0.005027721806745944,0.07342604081542962,0.1412935306861417,0.17866723437150897,0.3772132119063371
exclude027_grouped_cv_non027,C1_3k,C0,3,7,0.1,5,v_0500_0600,500.0,600.0,1289,29,-0.044388359307922,0.0785467618825244,0.15440857996511345,0.20106734613127256,0.3122956361038405
exclude027_grouped_cv_non027,C1_3k,C0,3,7,0.1,6,v_0600_0700,600.0,700.0,1351,30,-0.08567693270791993,0.10766158979238835,0.1860147916203058,0.22514277549980682,0.4185882320286964
exclude027_grouped_cv_non027,C1_3k,C0,3,7,0.1,7,v_0700_0800,700.0,800.0,999,30,-0.12491277380402704,0.1405729269609662,0.24403142926832996,0.2822292034436793,0.3994971550562241
exclude027_grouped_cv_non027,C1_3k,C0,3,7,0.1,8,v_0800_0900,800.0,900.0,1115,32,-0.10694387071586817,0.1268940752455344,0.2193176707426522,0.2684560379869735,0.2953863435844823
exclude027_grouped_cv_non027,C1_3k,C0,3,7,0.1,9,v_0900_1000,900.0,1000.0,1507,34,-0.06779056865376754,0.09123585448960068,0.15340259767853992,0.2009325417329118,0.2430311226028152
exclude027_grouped_cv_non027,C1_3k,C0,3,7,0.1,10,v_1000_1100,1000.0,1100.0,1517,35,-0.024342390527884897,0.06427056966209133,0.12446167895571689,0.18182908222753488,0.2417937506500038
exclude027_grouped_cv_non027,C1_3k,C0,3,7,0.1,11,v_1100_1200,1100.0,1200.0,1240,35,0.018843194846852512,0.06799602260629235,0.12659382705384675,0.19018124239855122,0.3532924597803912
exclude027_grouped_cv_non027,C1_3k,C0,3,7,0.1,12,v_1200_1300,1200.0,1300.0,1411,35,0.056891300219909055,0.07753848430601477,0.14642821047846505,0.17968294473493956,0.2460048666843022
exclude027_grouped_cv_non027,C1_3k,C0,3,7,0.1,13,v_1300_1400,1300.0,1400.0,1526,35,0.0478548727317413,0.07391307966796253,0.14055990371317767,0.1692212285862176,0.2274832003622577
exclude027_grouped_cv_non027,C1_3k,C0,3,7,0.1,14,v_1400_1500,1400.0,1500.0,1541,35,0.03665067832792672,0.0633122717347235,0.11964623884428481,0.15198879771269744,0.1977359249631263
exclude027_grouped_cv_non027,C1_3k,C0,3,7,0.1,15,v_1500_1600,1500.0,1600.0,1513,35,0.014384374060470145,0.06070328729358883,0.11719244572986062,0.20347483870810149,0.3018895950964406
exclude027_grouped_cv_non027,C1_3k,C0,3,7,0.1,16,v_1600_1700,1600.0,1700.0,1431,35,-0.02489741574120853,0.07043577214830873,0.13791800484986733,0.19131813633374525,0.3738442916552458
exclude027_grouped_cv_non027,C1_3k,C0,3,7,0.1,17,v_1700_1800,1700.0,1800.0,1388,35,-0.019402721702742556,0.06530791484490404,0.12938146376611212,0.16592481435976386,0.2135432868685711
exclude027_grouped_cv_non027,C1_3k,C0,3,7,0.1,18,v_1800_1900,1800.0,1900.0,1321,35,0.0036355636415660573,0.06612143094895712,0.1293390787024201,0.1701389290216191,0.2769109251321424
exclude027_grouped_cv_non027,C1_3k,C0,3,7,0.1,19,v_1900_2000,1900.0,2000.0,1252,35,0.002335278398032844,0.06375567993216165,0.1221677610318189,0.16978346924522475,0.2394272345853778
exclude027_grouped_cv_non027,C1_3k,C0,3,7,0.1,20,v_2000_2100,2000.0,2100.0,1126,30,0.009973015902239504,0.06659659953673448,0.1290285978546424,0.17536233858463568,0.2410398596762206
exclude027_grouped_cv_non027,C1_3k,C0,3,7,0.1,21,v_2100_2200,2100.0,2200.0,842,25,0.00743196396530471,0.07003394740572626,0.14729945262568994,0.1824650088174553,0.2604344276544452
exclude027_grouped_cv_non027,C1_3k,C0,3,7,0.1,22,v_2200_2300,2200.0,2300.0,689,23,0.0214009164874045,0.0691235675573569,0.140755338495021,0.19238970771727107,0.2942356733212818
exclude027_grouped_cv_non027,C1_3k,C0,3,7,0.1,23,v_2300_2400,2300.0,2400.0,948,24,0.03955359726595571,0.07885291658835736,0.13442866467890885,0.2894473177349534,0.5468938822320979
exclude027_grouped_cv_non027,C1_3k,C0,3,7,0.1,24,v_2400_2500,2400.0,2500.0,1089,24,0.045896897463021856,0.07342255009189358,0.1562786992023046,0.2211319181943826,0.2235989540171203
exclude027_grouped_cv_non027,C1_3k,C0,3,7,0.1,25,v_2500_2600,2500.0,2600.0,813,24,0.027843471139610186,0.06585753335022303,0.13408227072193352,0.18141991312479297,0.2600665925551766
exclude027_grouped_cv_non027,C1_3k,C0,3,7,0.1,26,v_2600_2700,2600.0,2700.0,441,20,0.007666429355021539,0.059935531197308135,0.12657093232634187,0.19154606362517781,0.2209102815943424
exclude027_grouped_cv_non027,C1_3k,C0,3,7,0.1,27,v_2700_2800,2700.0,2800.0,541,18,-0.050285897794756035,0.08863257425615513,0.14868127869897046,0.22527681330694702,0.4147937548120808
exclude027_grouped_cv_non027,C1_3k,C0,3,7,0.1,28,v_2800_2900,2800.0,2900.0,580,15,-0.09579441420854594,0.1053780795847208,0.15652447863847269,0.18036562192537503,0.2298343950697017
exclude027_grouped_cv_non027,C1_3k,C0,3,7,0.1,29,v_2900_3000,2900.0,3000.0,345,11,-0.11558182120164216,0.12520313842849357,0.1751714027781555,0.19237534066638656,0.2392512818067871
exclude027_grouped_cv_non027,C1_3k,C0+C1,3,7,0.1,0,v_0000_0100,0.0,100.0,323,11,0.0054557196207613515,0.07778158792107888,0.15403666434752664,0.1823944667671975,0.19961019538918198
exclude027_grouped_cv_non027,C1_3k,C0+C1,3,7,0.1,1,v_0100_0200,100.0,200.0,601,17,0.035747852025059354,0.1081327471141355,0.21778949307168705,0.32233252660691886,0.3648160608361424
exclude027_grouped_cv_non027,C1_3k,C0+C1,3,7,0.1,2,v_0200_0300,200.0,300.0,844,21,0.05501051802460266,0.11125705936361066,0.18217338080161014,0.3361191580670912,0.45815242805605855
exclude027_grouped_cv_non027,C1_3k,C0+C1,3,7,0.1,3,v_0300_0400,300.0,400.0,905,25,0.054048503844120015,0.09544459005540458,0.2061537139325805,0.25020852549533734,0.3551631543981586
exclude027_grouped_cv_non027,C1_3k,C0+C1,3,7,0.1,4,v_0400_0500,400.0,500.0,1012,29,0.015059608698469343,0.07432418264306034,0.12804350632123665,0.1803418980335395,0.39120679945675474
exclude027_grouped_cv_non027,C1_3k,C0+C1,3,7,0.1,5,v_0500_0600,500.0,600.0,1289,29,-0.01740424650651195,0.06744940778756213,0.12820579067457247,0.1773124319081097,0.2871510335152698
exclude027_grouped_cv_non027,C1_3k,C0+C1,3,7,0.1,6,v_0600_0700,600.0,700.0,1351,30,-0.048655781388196526,0.08153296589396097,0.1519865021546248,0.1888384759103382,0.3766107365311419
exclude027_grouped_cv_non027,C1_3k,C0+C1,3,7,0.1,7,v_0700_0800,700.0,800.0,999,30,-0.0833167052200381,0.1055921927841258,0.20138449125718172,0.23934824507490726,0.35684063892477386
exclude027_grouped_cv_non027,C1_3k,C0+C1,3,7,0.1,8,v_0800_0900,800.0,900.0,1115,32,-0.06505240309576348,0.0945184099031461,0.17902189895754603,0.22759721584062578,0.2855919888837827
exclude027_grouped_cv_non027,C1_3k,C0+C1,3,7,0.1,9,v_0900_1000,900.0,1000.0,1507,34,-0.028964599697608576,0.06784185405373667,0.12151834284341938,0.18384762365454962,0.2422039528431208
exclude027_grouped_cv_non027,C1_3k,C0+C1,3,7,0.1,10,v_1000_1100,1000.0,1100.0,1517,35,0.009295578852510079,0.060329561686852995,0.11208726242095643,0.15872192990718828,0.2262525812789395
exclude027_grouped_cv_non027,C1_3k,C0+C1,3,7,0.1,11,v_1100_1200,1100.0,1200.0,1240,35,0.045279826741834964,0.07902589108065923,0.148816572342571,0.213543355931958,0.38144446423303335
exclude027_grouped_cv_non027,C1_3k,C0+C1,3,7,0.1,12,v_1200_1300,1200.0,1300.0,1411,35,0.07485207575318106,0.09154941401817276,0.16411620005235017,0.20074164997091637,0.263643385427957
exclude027_grouped_cv_non027,C1_3k,C0+C1,3,7,0.1,13,v_1300_1400,1300.0,1400.0,1526,35,0.057769311121246926,0.08102578527178447,0.1498965683049495,0.17974494126805482,0.24065814063534052
exclude027_grouped_cv_non027,C1_3k,C0+C1,3,7,0.1,14,v_1400_1500,1400.0,1500.0,1541,35,0.038756280241270966,0.0645385040019991,0.12071290108809454,0.1532724631103422,0.19763124551661426
exclude027_grouped_cv_non027,C1_3k,C0+C1,3,7,0.1,15,v_1500_1600,1500.0,1600.0,1513,35,0.009620877195404172,0.06010466836674829,0.11751641896761485,0.1959886290533519,0.29481254739234014
exclude027_grouped_cv_non027,C1_3k,C0+C1,3,7,0.1,16,v_1600_1700,1600.0,1700.0,1431,35,-0.03480735788912578,0.0746880849958343,0.14593483577704264,0.19203593086224546,0.38129565700266177
exclude027_grouped_cv_non027,C1_3k,C0+C1,3,7,0.1,17,v_1700_1800,1700.0,1800.0,1388,35,-0.03305418386905892,0.07042644577676793,0.14014172032016442,0.17736039006340323,0.2065091722370443
exclude027_grouped_cv_non027,C1_3k,C0+C1,3,7,0.1,18,v_1800_1900,1800.0,1900.0,1321,35,-0.012424864921361675,0.06727426643946588,0.13342044768572894,0.18232247814971836,0.29376635836396237
exclude027_grouped_cv_non027,C1_3k,C0+C1,3,7,0.1,19,v_1900_2000,1900.0,2000.0,1252,35,-0.014871886376053998,0.06557472981353638,0.1368100363329526,0.17429058643192658,0.25811701391800396
exclude027_grouped_cv_non027,C1_3k,C0+C1,3,7,0.1,20,v_2000_2100,2000.0,2100.0,1126,30,-0.007175805027654056,0.06634326760360278,0.13933907176007668,0.19197687423007642,0.25720863140338096
exclude027_grouped_cv_non027,C1_3k,C0+C1,3,7,0.1,21,v_2100_2200,2100.0,2200.0,842,25,-0.008549483204416442,0.07046787329365782,0.16283504348602132,0.19379591174106378,0.24558624055676406
exclude027_grouped_cv_non027,C1_3k,C0+C1,3,7,0.1,22,v_2200_2300,2200.0,2300.0,689,23,0.0075498872328074165,0.06617057066084599,0.13426422563256696,0.2015994820422918,0.3046988291649905
exclude027_grouped_cv_non027,C1_3k,C0+C1,3,7,0.1,23,v_2300_2400,2300.0,2400.0,948,24,0.029006239778068835,0.07444502974078222,0.12380232616219518,0.2791346638327297,0.5336714572428903
exclude027_grouped_cv_non027,C1_3k,C0+C1,3,7,0.1,24,v_2400_2500,2400.0,2500.0,1089,24,0.04069305347773158,0.07103668435708939,0.14982667294320423,0.2079405090394807,0.2232734665031554
exclude027_grouped_cv_non027,C1_3k,C0+C1,3,7,0.1,25,v_2500_2600,2500.0,2600.0,813,24,0.030711653320047487,0.06822829474778525,0.13898300387797677,0.18607343686009908,0.2707092342223801
exclude027_grouped_cv_non027,C1_3k,C0+C1,3,7,0.1,26,v_2600_2700,2600.0,2700.0,441,20,0.026457876550831302,0.06489199593658995,0.1457832821913816,0.20000867100323638,0.23046485938570732
exclude027_grouped_cv_non027,C1_3k,C0+C1,3,7,0.1,27,v_2700_2800,2700.0,2800.0,541,18,-0.009642710945464143,0.071572876337969,0.1428842903707189,0.21537687842111522,0.36030685847541716
exclude027_grouped_cv_non027,C1_3k,C0+C1,3,7,0.1,28,v_2800_2900,2800.0,2900.0,580,15,-0.030026208449698034,0.05626191304115899,0.09709316843872173,0.15408697624807716,0.2296229213174129
exclude027_grouped_cv_non027,C1_3k,C0+C1,3,7,0.1,29,v_2900_3000,2900.0,3000.0,345,11,-0.015419822889939355,0.05727776581936599,0.1040513528634328,0.15634956489096283,0.2927664108400899
full36_fullfit_all36,C1_3k,C0,3,7,0.1,0,v_0000_0100,0.0,100.0,323,11,0.16476217503504978,0.18033925181398608,0.2602972413815707,0.3044477107114174,0.3373106132157772
full36_fullfit_all36,C1_3k,C0,3,7,0.1,1,v_0100_0200,100.0,200.0,643,18,0.1266598569303492,0.16669689826960932,0.26111456415760104,0.38469124698373547,0.4448776126135954
full36_fullfit_all36,C1_3k,C0,3,7,0.1,2,v_0200_0300,200.0,300.0,920,22,0.10143142812800393,0.14450804042877038,0.23559411427569604,0.39608517349265243,0.535807286652016
full36_fullfit_all36,C1_3k,C0,3,7,0.1,3,v_0300_0400,300.0,400.0,976,26,0.06661698169458438,0.10535246897076891,0.22566490158429994,0.24980525509834955,0.3869675815252549
full36_fullfit_all36,C1_3k,C0,3,7,0.1,4,v_0400_0500,400.0,500.0,1061,30,0.000508774582549212,0.08136785058842874,0.14587375034218147,0.2673308447158848,0.5274230267441453
full36_fullfit_all36,C1_3k,C0,3,7,0.1,5,v_0500_0600,500.0,600.0,1366,30,-0.04371105438538509,0.07771972333585028,0.1537631624226947,0.1995215223812086,0.3122956361038405
full36_fullfit_all36,C1_3k,C0,3,7,0.1,6,v_0600_0700,600.0,700.0,1363,31,-0.08481191280355113,0.10664883041938061,0.18488150935887945,0.2248277488944353,0.4185882320286964
full36_fullfit_all36,C1_3k,C0,3,7,0.1,7,v_0700_0800,700.0,800.0,1003,31,-0.12008294623765783,0.13885020691490213,0.24104832663818973,0.28180499881991444,0.3994971550562241
full36_fullfit_all36,C1_3k,C0,3,7,0.1,8,v_0800_0900,800.0,900.0,1177,33,-0.10200951202855428,0.12550492038017286,0.21734752681229122,0.26704040729245393,0.2953863435844823
full36_fullfit_all36,C1_3k,C0,3,7,0.1,9,v_0900_1000,900.0,1000.0,1583,35,-0.062035229414108536,0.09291182152667794,0.15614343465983244,0.20178633443626554,0.2430311226028152
full36_fullfit_all36,C1_3k,C0,3,7,0.1,10,v_1000_1100,1000.0,1100.0,1554,36,-0.017437767485322386,0.07401445468893396,0.15009616369966686,0.23261813716944404,0.3589744798377978
full36_fullfit_all36,C1_3k,C0,3,7,0.1,11,v_1100_1200,1100.0,1200.0,1262,36,0.02739905124399044,0.08723007612962051,0.14988792266073594,0.35332138843790295,0.4673112004591075
full36_fullfit_all36,C1_3k,C0,3,7,0.1,12,v_1200_1300,1200.0,1300.0,1469,36,0.06614709507540498,0.10053207378465702,0.1660975475905813,0.4012214900396799,0.4313197142058698
full36_fullfit_all36,C1_3k,C0,3,7,0.1,13,v_1300_1400,1300.0,1400.0,1602,36,0.05864312467835675,0.10296871690869443,0.155733481986729,0.4410719552332927,0.4665276683218735
full36_fullfit_all36,C1_3k,C0,3,7,0.1,14,v_1400_1500,1400.0,1500.0,1593,36,0.04893657712410663,0.10143109114562539,0.1366283739694058,0.4869275631389791,0.5367846632395867
full36_fullfit_all36,C1_3k,C0,3,7,0.1,15,v_1500_1600,1500.0,1600.0,1539,36,0.02823271504705705,0.10443717620029436,0.14445841905908655,0.5195015261617255,0.561264223555213
full36_fullfit_all36,C1_3k,C0,3,7,0.1,16,v_1600_1700,1600.0,1700.0,1493,36,-0.009776685623072464,0.11102483670202092,0.15952046724109523,0.5272662867408932,0.5725298157542511
full36_fullfit_all36,C1_3k,C0,3,7,0.1,17,v_1700_1800,1700.0,1800.0,1464,36,-0.0029784630323613026,0.11513099129851151,0.14920864638722223,0.5897552395466307,0.6241623458050753
full36_fullfit_all36,C1_3k,C0,3,7,0.1,18,v_1800_1900,1800.0,1900.0,1342,36,0.02147581582250184,0.12597419483498762,0.15176576555109375,0.6501738806756879,0.7228659990850019
full36_fullfit_all36,C1_3k,C0,3,7,0.1,19,v_1900_2000,1900.0,2000.0,1253,36,0.022315851201744685,0.13571067125512937,0.14665532858308145,0.5480407800229996,0.721635899331659
full36_fullfit_all36,C1_3k,C0,3,7,0.1,20,v_2000_2100,2000.0,2100.0,1126,30,0.009973015902239504,0.06659659953673448,0.1290285978546424,0.17536233858463568,0.2410398596762206
full36_fullfit_all36,C1_3k,C0,3,7,0.1,21,v_2100_2200,2100.0,2200.0,842,25,0.00743196396530471,0.07003394740572626,0.14729945262568994,0.1824650088174553,0.2604344276544452
full36_fullfit_all36,C1_3k,C0,3,7,0.1,22,v_2200_2300,2200.0,2300.0,689,23,0.0214009164874045,0.0691235675573569,0.140755338495021,0.19238970771727107,0.2942356733212818
full36_fullfit_all36,C1_3k,C0,3,7,0.1,23,v_2300_2400,2300.0,2400.0,948,24,0.03955359726595571,0.07885291658835736,0.13442866467890885,0.2894473177349534,0.5468938822320979
full36_fullfit_all36,C1_3k,C0,3,7,0.1,24,v_2400_2500,2400.0,2500.0,1089,24,0.045896897463021856,0.07342255009189358,0.1562786992023046,0.2211319181943826,0.2235989540171203
full36_fullfit_all36,C1_3k,C0,3,7,0.1,25,v_2500_2600,2500.0,2600.0,813,24,0.027843471139610186,0.06585753335022303,0.13408227072193352,0.18141991312479297,0.2600665925551766
full36_fullfit_all36,C1_3k,C0,3,7,0.1,26,v_2600_2700,2600.0,2700.0,441,20,0.007666429355021539,0.059935531197308135,0.12657093232634187,0.19154606362517781,0.2209102815943424
full36_fullfit_all36,C1_3k,C0,3,7,0.1,27,v_2700_2800,2700.0,2800.0,541,18,-0.050285897794756035,0.08863257425615513,0.14868127869897046,0.22527681330694702,0.4147937548120808
full36_fullfit_all36,C1_3k,C0,3,7,0.1,28,v_2800_2900,2800.0,2900.0,580,15,-0.09579441420854594,0.1053780795847208,0.15652447863847269,0.18036562192537503,0.2298343950697017
full36_fullfit_all36,C1_3k,C0,3,7,0.1,29,v_2900_3000,2900.0,3000.0,345,11,-0.11558182120164216,0.12520313842849357,0.1751714027781555,0.19237534066638656,0.2392512818067871
full36_fullfit_all36,C1_3k,C0+C1,3,7,0.1,0,v_0000_0100,0.0,100.0,323,11,0.014769219494160829,0.07675161662489315,0.1392438588826883,0.18179417080899216,0.19777606498584013
full36_fullfit_all36,C1_3k,C0+C1,3,7,0.1,1,v_0100_0200,100.0,200.0,643,18,0.0367986791181631,0.11337721077887811,0.20589847329776767,0.32007484052547364,0.3766746280299884
full36_fullfit_all36,C1_3k,C0+C1,3,7,0.1,2,v_0200_0300,200.0,300.0,920,22,0.059200392474825586,0.11830342019117251,0.19294533947235712,0.3463859747944686,0.47771513090298867
full36_fullfit_all36,C1_3k,C0+C1,3,7,0.1,3,v_0300_0400,300.0,400.0,976,26,0.061506032344487475,0.10086677530450935,0.21077096874284426,0.25096284565789373,0.37119333225249634
full36_fullfit_all36,C1_3k,C0+C1,3,7,0.1,4,v_0400_0500,400.0,500.0,1061,30,0.021722077160557417,0.08344902284866794,0.1357718782923589,0.27871865946809643,0.509350841454968
full36_fullfit_all36,C1_3k,C0+C1,3,7,0.1,5,v_0500_0600,500.0,600.0,1366,30,-0.007576815057711664,0.06426290564596011,0.12269560034776904,0.17282147917054172,0.2742778514054561
full36_fullfit_all36,C1_3k,C0+C1,3,7,0.1,6,v_0600_0700,600.0,700.0,1363,31,-0.04093189780108362,0.07625019792050156,0.14228030809018105,0.1858266083349935,0.37327275629997264
full36_fullfit_all36,C1_3k,C0+C1,3,7,0.1,7,v_0700_0800,700.0,800.0,1003,31,-0.07414390307311375,0.10176389232514801,0.19501262393328592,0.23568794550908392,0.3535171734140861
full36_fullfit_all36,C1_3k,C0+C1,3,7,0.1,8,v_0800_0900,800.0,900.0,1177,33,-0.05840436450478004,0.0934337312365146,0.17487113399722642,0.22672989865607424,0.28707153319587514
full36_fullfit_all36,C1_3k,C0+C1,3,7,0.1,9,v_0900_1000,900.0,1000.0,1583,35,-0.023608584747279747,0.07285621003678916,0.1461506448681911,0.20234691593141665,0.2501985032757069
full36_fullfit_all36,C1_3k,C0+C1,3,7,0.1,10,v_1000_1100,1000.0,1100.0,1554,36,0.01371013114203582,0.07307197809525903,0.1371286912583036,0.26467536535648156,0.3913162496859091
full36_fullfit_all36,C1_3k,C0+C1,3,7,0.1,11,v_1100_1200,1100.0,1200.0,1262,36,0.049425801939215544,0.09574509446171155,0.16631441903529562,0.36563270843151474,0.4855602145840058
full36_fullfit_all36,C1_3k,C0+C1,3,7,0.1,12,v_1200_1300,1200.0,1300.0,1469,36,0.07809565125063632,0.10864693681965286,0.17982980221661382,0.4115877164975512,0.4423002602115542
full36_fullfit_all36,C1_3k,C0+C1,3,7,0.1,13,v_1300_1400,1300.0,1400.0,1602,36,0.06152460300447491,0.10481368969834527,0.1597446940752442,0.443574028833048,0.46565388981471756
full36_fullfit_all36,C1_3k,C0+C1,3,7,0.1,14,v_1400_1500,1400.0,1500.0,1593,36,0.043423692308745446,0.09884673809464556,0.13184224589002855,0.4803456280423118,0.5309096717460844
full36_fullfit_all36,C1_3k,C0+C1,3,7,0.1,15,v_1500_1600,1500.0,1600.0,1539,36,0.015773200528071435,0.10198081989631036,0.1415887353038518,0.5068224439745176,0.5510508986415992
full36_fullfit_all36,C1_3k,C0+C1,3,7,0.1,16,v_1600_1700,1600.0,1700.0,1493,36,-0.026953688685112016,0.11390333818063847,0.16950350060728409,0.5094377385949405,0.5562499411317884
full36_fullfit_all36,C1_3k,C0+C1,3,7,0.1,17,v_1700_1800,1700.0,1800.0,1464,36,-0.02305322678367809,0.11729059715673376,0.1622279456631281,0.5691541441597446,0.6033440481723998
full36_fullfit_all36,C1_3k,C0+C1,3,7,0.1,18,v_1800_1900,1800.0,1900.0,1342,36,0.00010266259457300878,0.12414393275159247,0.16958459299773146,0.629030373844619,0.7014213837746797
full36_fullfit_all36,C1_3k,C0+C1,3,7,0.1,19,v_1900_2000,1900.0,2000.0,1253,36,0.0010468298373234736,0.13385571314848485,0.15984647258382376,0.5419987818618627,0.7002175793568517
full36_fullfit_all36,C1_3k,C0+C1,3,7,0.1,20,v_2000_2100,2000.0,2100.0,1126,30,-0.010042233319320453,0.06654892682737683,0.14133763756284037,0.1931448010568764,0.2600988684173837
full36_fullfit_all36,C1_3k,C0+C1,3,7,0.1,21,v_2100_2200,2100.0,2200.0,842,25,-0.010413111122139981,0.07045580750895805,0.1633247348205502,0.1957252397851247,0.24235196121547575
full36_fullfit_all36,C1_3k,C0+C1,3,7,0.1,22,v_2200_2300,2200.0,2300.0,689,23,0.006660142475132561,0.06603689815777349,0.13302672409887675,0.2049554660077513,0.3080948326569078
full36_fullfit_all36,C1_3k,C0+C1,3,7,0.1,23,v_2300_2400,2300.0,2400.0,948,24,0.028609248705381868,0.07408956807282922,0.12314129067225066,0.2797026968801084,0.536782790284621
full36_fullfit_all36,C1_3k,C0+C1,3,7,0.1,24,v_2400_2500,2400.0,2500.0,1089,24,0.04069343138550026,0.0704409283982075,0.15398653436832874,0.2191953282013653,0.22114982775367678
full36_fullfit_all36,C1_3k,C0+C1,3,7,0.1,25,v_2500_2600,2500.0,2600.0,813,24,0.030992448212670776,0.06743454511566474,0.13710739542259087,0.18470617937389616,0.26584449188398085
full36_fullfit_all36,C1_3k,C0+C1,3,7,0.1,26,v_2600_2700,2600.0,2700.0,441,20,0.026816775004556793,0.06422464929859821,0.14008573635114066,0.19949417293392063,0.23774424415605044
full36_fullfit_all36,C1_3k,C0+C1,3,7,0.1,27,v_2700_2800,2700.0,2800.0,541,18,-0.008527344975817835,0.07080809780630513,0.13812361973022935,0.21350828531508736,0.36779479520478287
full36_fullfit_all36,C1_3k,C0+C1,3,7,0.1,28,v_2800_2900,2800.0,2900.0,580,15,-0.028236790647305596,0.05297896056746164,0.09696956835173672,0.1562244191923993,0.2207424832353039
full36_fullfit_all36,C1_3k,C0+C1,3,7,0.1,29,v_2900_3000,2900.0,3000.0,345,11,-0.012809537327682738,0.05121173346695396,0.0977550254384791,0.14687853652877397,0.2822229118305096
exclude027_fullfit_non027,C1_3k,C0,3,7,0.1,0,v_0000_0100,0.0,100.0,323,11,0.16476217503504978,0.18033925181398608,0.2602972413815707,0.3044477107114174,0.3373106132157772
exclude027_fullfit_non027,C1_3k,C0,3,7,0.1,1,v_0100_0200,100.0,200.0,601,17,0.13771711709154807,0.1705776092900896,0.2665020392163158,0.3941941110609575,0.4448776126135954
exclude027_fullfit_non027,C1_3k,C0,3,7,0.1,2,v_0200_0300,200.0,300.0,844,21,0.11007768765162163,0.14656033512301353,0.2410657658112595,0.3970185409625679,0.535807286652016
exclude027_fullfit_non027,C1_3k,C0,3,7,0.1,3,v_0300_0400,300.0,400.0,905,25,0.07145279545511082,0.10651751294427098,0.22581787681514423,0.2549456981275956,0.3869675815252549
exclude027_fullfit_non027,C1_3k,C0,3,7,0.1,4,v_0400_0500,400.0,500.0,1012,29,0.005027721806745944,0.07342604081542962,0.1412935306861417,0.17866723437150897,0.3772132119063371
exclude027_fullfit_non027,C1_3k,C0,3,7,0.1,5,v_0500_0600,500.0,600.0,1289,29,-0.044388359307922,0.0785467618825244,0.15440857996511345,0.20106734613127256,0.3122956361038405
exclude027_fullfit_non027,C1_3k,C0,3,7,0.1,6,v_0600_0700,600.0,700.0,1351,30,-0.08567693270791993,0.10766158979238835,0.1860147916203058,0.22514277549980682,0.4185882320286964
exclude027_fullfit_non027,C1_3k,C0,3,7,0.1,7,v_0700_0800,700.0,800.0,999,30,-0.12491277380402704,0.1405729269609662,0.24403142926832996,0.2822292034436793,0.3994971550562241
exclude027_fullfit_non027,C1_3k,C0,3,7,0.1,8,v_0800_0900,800.0,900.0,1115,32,-0.10694387071586817,0.1268940752455344,0.2193176707426522,0.2684560379869735,0.2953863435844823
exclude027_fullfit_non027,C1_3k,C0,3,7,0.1,9,v_0900_1000,900.0,1000.0,1507,34,-0.06779056865376754,0.09123585448960068,0.15340259767853992,0.2009325417329118,0.2430311226028152
exclude027_fullfit_non027,C1_3k,C0,3,7,0.1,10,v_1000_1100,1000.0,1100.0,1517,35,-0.024342390527884897,0.06427056966209133,0.12446167895571689,0.18182908222753488,0.2417937506500038
exclude027_fullfit_non027,C1_3k,C0,3,7,0.1,11,v_1100_1200,1100.0,1200.0,1240,35,0.018843194846852512,0.06799602260629235,0.12659382705384675,0.19018124239855122,0.3532924597803912
exclude027_fullfit_non027,C1_3k,C0,3,7,0.1,12,v_1200_1300,1200.0,1300.0,1411,35,0.056891300219909055,0.07753848430601477,0.14642821047846505,0.17968294473493956,0.2460048666843022
exclude027_fullfit_non027,C1_3k,C0,3,7,0.1,13,v_1300_1400,1300.0,1400.0,1526,35,0.0478548727317413,0.07391307966796253,0.14055990371317767,0.1692212285862176,0.2274832003622577
exclude027_fullfit_non027,C1_3k,C0,3,7,0.1,14,v_1400_1500,1400.0,1500.0,1541,35,0.03665067832792672,0.0633122717347235,0.11964623884428481,0.15198879771269744,0.1977359249631263
exclude027_fullfit_non027,C1_3k,C0,3,7,0.1,15,v_1500_1600,1500.0,1600.0,1513,35,0.014384374060470145,0.06070328729358883,0.11719244572986062,0.20347483870810149,0.3018895950964406
exclude027_fullfit_non027,C1_3k,C0,3,7,0.1,16,v_1600_1700,1600.0,1700.0,1431,35,-0.02489741574120853,0.07043577214830873,0.13791800484986733,0.19131813633374525,0.3738442916552458
exclude027_fullfit_non027,C1_3k,C0,3,7,0.1,17,v_1700_1800,1700.0,1800.0,1388,35,-0.019402721702742556,0.06530791484490404,0.12938146376611212,0.16592481435976386,0.2135432868685711
exclude027_fullfit_non027,C1_3k,C0,3,7,0.1,18,v_1800_1900,1800.0,1900.0,1321,35,0.0036355636415660573,0.06612143094895712,0.1293390787024201,0.1701389290216191,0.2769109251321424
exclude027_fullfit_non027,C1_3k,C0,3,7,0.1,19,v_1900_2000,1900.0,2000.0,1252,35,0.002335278398032844,0.06375567993216165,0.1221677610318189,0.16978346924522475,0.2394272345853778
exclude027_fullfit_non027,C1_3k,C0,3,7,0.1,20,v_2000_2100,2000.0,2100.0,1126,30,0.009973015902239504,0.06659659953673448,0.1290285978546424,0.17536233858463568,0.2410398596762206
exclude027_fullfit_non027,C1_3k,C0,3,7,0.1,21,v_2100_2200,2100.0,2200.0,842,25,0.00743196396530471,0.07003394740572626,0.14729945262568994,0.1824650088174553,0.2604344276544452
exclude027_fullfit_non027,C1_3k,C0,3,7,0.1,22,v_2200_2300,2200.0,2300.0,689,23,0.0214009164874045,0.0691235675573569,0.140755338495021,0.19238970771727107,0.2942356733212818
exclude027_fullfit_non027,C1_3k,C0,3,7,0.1,23,v_2300_2400,2300.0,2400.0,948,24,0.03955359726595571,0.07885291658835736,0.13442866467890885,0.2894473177349534,0.5468938822320979
exclude027_fullfit_non027,C1_3k,C0,3,7,0.1,24,v_2400_2500,2400.0,2500.0,1089,24,0.045896897463021856,0.07342255009189358,0.1562786992023046,0.2211319181943826,0.2235989540171203
exclude027_fullfit_non027,C1_3k,C0,3,7,0.1,25,v_2500_2600,2500.0,2600.0,813,24,0.027843471139610186,0.06585753335022303,0.13408227072193352,0.18141991312479297,0.2600665925551766
exclude027_fullfit_non027,C1_3k,C0,3,7,0.1,26,v_2600_2700,2600.0,2700.0,441,20,0.007666429355021539,0.059935531197308135,0.12657093232634187,0.19154606362517781,0.2209102815943424
exclude027_fullfit_non027,C1_3k,C0,3,7,0.1,27,v_2700_2800,2700.0,2800.0,541,18,-0.050285897794756035,0.08863257425615513,0.14868127869897046,0.22527681330694702,0.4147937548120808
exclude027_fullfit_non027,C1_3k,C0,3,7,0.1,28,v_2800_2900,2800.0,2900.0,580,15,-0.09579441420854594,0.1053780795847208,0.15652447863847269,0.18036562192537503,0.2298343950697017
exclude027_fullfit_non027,C1_3k,C0,3,7,0.1,29,v_2900_3000,2900.0,3000.0,345,11,-0.11558182120164216,0.12520313842849357,0.1751714027781555,0.19237534066638656,0.2392512818067871
exclude027_fullfit_non027,C1_3k,C0+C1,3,7,0.1,0,v_0000_0100,0.0,100.0,323,11,-0.0020222961568054382,0.07534811098970086,0.15236737813538556,0.18012453987783247,0.19881242360446025
exclude027_fullfit_non027,C1_3k,C0+C1,3,7,0.1,1,v_0100_0200,100.0,200.0,601,17,0.03105005069840263,0.1050212541885176,0.2192574449103391,0.3195018065857745,0.36077245709746364
exclude027_fullfit_non027,C1_3k,C0+C1,3,7,0.1,2,v_0200_0300,200.0,300.0,844,21,0.05282279065837694,0.10954101740586553,0.17977597523060967,0.33219559446596797,0.46207692006612394
exclude027_fullfit_non027,C1_3k,C0+C1,3,7,0.1,3,v_0300_0400,300.0,400.0,905,25,0.05322738059535569,0.09354710945383501,0.20115327644423053,0.2426162715965243,0.35728458327521456
exclude027_fullfit_non027,C1_3k,C0+C1,3,7,0.1,4,v_0400_0500,400.0,500.0,1012,29,0.015394227056066164,0.07383521279388942,0.12968316372915575,0.18184966285423887,0.3933852473955976
exclude027_fullfit_non027,C1_3k,C0+C1,3,7,0.1,5,v_0500_0600,500.0,600.0,1289,29,-0.016472170819458388,0.06631955168702057,0.12682421581572845,0.18055441159414512,0.2821085450343824
exclude027_fullfit_non027,C1_3k,C0+C1,3,7,0.1,6,v_0600_0700,600.0,700.0,1351,30,-0.04730638787344148,0.08015913644215275,0.15005818923197917,0.1884018577835402,0.3779848847826047
exclude027_fullfit_non027,C1_3k,C0+C1,3,7,0.1,7,v_0700_0800,700.0,800.0,999,30,-0.08191691557191184,0.10422871361133529,0.20136698487524451,0.23923788981789035,0.3559893920891221
exclude027_fullfit_non027,C1_3k,C0+C1,3,7,0.1,8,v_0800_0900,800.0,900.0,1115,32,-0.06382808153454775,0.09342314829042053,0.17679693990516843,0.228053496202569,0.2873548111789248
exclude027_fullfit_non027,C1_3k,C0+C1,3,7,0.1,9,v_0900_1000,900.0,1000.0,1507,34,-0.027881637576107385,0.06695047936409887,0.11981380178557806,0.18366068996875032,0.24365496423758412
exclude027_fullfit_non027,C1_3k,C0+C1,3,7,0.1,10,v_1000_1100,1000.0,1100.0,1517,35,0.00991749046922991,0.05999332616624324,0.11191687976253493,0.15896654494691057,0.22743804107956184
exclude027_fullfit_non027,C1_3k,C0+C1,3,7,0.1,11,v_1100_1200,1100.0,1200.0,1240,35,0.04543118969672042,0.07884361785689732,0.14966679531737312,0.21320010315452628,0.3809731006179793
exclude027_fullfit_non027,C1_3k,C0+C1,3,7,0.1,12,v_1200_1300,1200.0,1300.0,1411,35,0.07452521730257539,0.09121885107998647,0.16452743169160125,0.19995022264733647,0.2642195318795145
exclude027_fullfit_non027,C1_3k,C0+C1,3,7,0.1,13,v_1300_1400,1300.0,1400.0,1526,35,0.05707170504568002,0.0804269907760912,0.14808860364284623,0.17814029665221195,0.24098415072185939
exclude027_fullfit_non027,C1_3k,C0+C1,3,7,0.1,14,v_1400_1500,1400.0,1500.0,1541,35,0.03780279755253878,0.06384994957726983,0.11963344374633748,0.1533826522201409,0.19805544345552903
exclude027_fullfit_non027,C1_3k,C0+C1,3,7,0.1,15,v_1500_1600,1500.0,1600.0,1513,35,0.008576366811761542,0.05990167167056849,0.11694073968528534,0.19587611672841213,0.29495119307422646
exclude027_fullfit_non027,C1_3k,C0+C1,3,7,0.1,16,v_1600_1700,1600.0,1700.0,1431,35,-0.03576345099623941,0.07518839078078735,0.1460323525681339,0.19496016198089347,0.38424206339749856
exclude027_fullfit_non027,C1_3k,C0+C1,3,7,0.1,17,v_1700_1800,1700.0,1800.0,1388,35,-0.033803657383690615,0.07074355254827734,0.1401830444213009,0.17641654142728502,0.2055802783556078
exclude027_fullfit_non027,C1_3k,C0+C1,3,7,0.1,18,v_1800_1900,1800.0,1900.0,1321,35,-0.012907883881754574,0.0672148725913293,0.13283810975233945,0.18123713678085637,0.2931925243076741
exclude027_fullfit_non027,C1_3k,C0+C1,3,7,0.1,19,v_1900_2000,1900.0,2000.0,1252,35,-0.01505977465373045,0.06546473897041764,0.13569091764313362,0.17308071792618718,0.25687778278478257
exclude027_fullfit_non027,C1_3k,C0+C1,3,7,0.1,20,v_2000_2100,2000.0,2100.0,1126,30,-0.007176602097717708,0.0662116594315481,0.13817892681278668,0.19067267769325277,0.25774431299878586
exclude027_fullfit_non027,C1_3k,C0+C1,3,7,0.1,21,v_2100_2200,2100.0,2200.0,842,25,-0.008546661465290102,0.07018561339423993,0.16146707724549253,0.1938742311824498,0.2442947651535003
exclude027_fullfit_non027,C1_3k,C0+C1,3,7,0.1,22,v_2200_2300,2200.0,2300.0,689,23,0.0075465039613093355,0.0661378052945864,0.13318092000482679,0.20385458417927055,0.3069448932544973
exclude027_fullfit_non027,C1_3k,C0+C1,3,7,0.1,23,v_2300_2400,2300.0,2400.0,948,24,0.028718924083511146,0.07411192823698567,0.1232163564489245,0.2796256448093153,0.5367524708046817
exclude027_fullfit_non027,C1_3k,C0+C1,3,7,0.1,24,v_2400_2500,2400.0,2500.0,1089,24,0.04021182458400699,0.07015029358176271,0.14967370969274973,0.21851090784803678,0.22049007265932483
exclude027_fullfit_non027,C1_3k,C0+C1,3,7,0.1,25,v_2500_2600,2500.0,2600.0,813,24,0.030137707093739134,0.06703893702829565,0.13619191021806104,0.1838210092898497,0.26491170066970227
exclude027_fullfit_non027,C1_3k,C0+C1,3,7,0.1,26,v_2600_2700,2600.0,2700.0,441,20,0.025751673574394486,0.06379017269541995,0.1390045007144735,0.2000129108297029,0.23666458261251602
exclude027_fullfit_non027,C1_3k,C0+C1,3,7,0.1,27,v_2700_2800,2700.0,2800.0,541,18,-0.009523401925916287,0.07091983218601287,0.13715071961223635,0.21328814862924952,0.3687552048472289
exclude027_fullfit_non027,C1_3k,C0+C1,3,7,0.1,28,v_2800_2900,2800.0,2900.0,580,15,-0.028960047798925984,0.053389343867882286,0.0976937464856291,0.15668175185778743,0.2201798263488408
exclude027_fullfit_non027,C1_3k,C0+C1,3,7,0.1,29,v_2900_3000,2900.0,3000.0,345,11,-0.013016700563577354,0.05130514632834454,0.09748915404610495,0.14657314258372456,0.28254317887909614
full36_grouped_cv,C1_4k,C0,4,8,0.1,0,v_0000_0100,0.0,100.0,323,11,0.16476217503504978,0.18033925181398608,0.2602972413815707,0.3044477107114174,0.3373106132157772
full36_grouped_cv,C1_4k,C0,4,8,0.1,1,v_0100_0200,100.0,200.0,643,18,0.1266598569303492,0.16669689826960932,0.26111456415760104,0.38469124698373547,0.4448776126135954
full36_grouped_cv,C1_4k,C0,4,8,0.1,2,v_0200_0300,200.0,300.0,920,22,0.10143142812800393,0.14450804042877038,0.23559411427569604,0.39608517349265243,0.535807286652016
full36_grouped_cv,C1_4k,C0,4,8,0.1,3,v_0300_0400,300.0,400.0,976,26,0.06661698169458438,0.10535246897076891,0.22566490158429994,0.24980525509834955,0.3869675815252549
full36_grouped_cv,C1_4k,C0,4,8,0.1,4,v_0400_0500,400.0,500.0,1061,30,0.000508774582549212,0.08136785058842874,0.14587375034218147,0.2673308447158848,0.5274230267441453
full36_grouped_cv,C1_4k,C0,4,8,0.1,5,v_0500_0600,500.0,600.0,1366,30,-0.04371105438538509,0.07771972333585028,0.1537631624226947,0.1995215223812086,0.3122956361038405
full36_grouped_cv,C1_4k,C0,4,8,0.1,6,v_0600_0700,600.0,700.0,1363,31,-0.08481191280355113,0.10664883041938061,0.18488150935887945,0.2248277488944353,0.4185882320286964
full36_grouped_cv,C1_4k,C0,4,8,0.1,7,v_0700_0800,700.0,800.0,1003,31,-0.12008294623765783,0.13885020691490213,0.24104832663818973,0.28180499881991444,0.3994971550562241
full36_grouped_cv,C1_4k,C0,4,8,0.1,8,v_0800_0900,800.0,900.0,1177,33,-0.10200951202855428,0.12550492038017286,0.21734752681229122,0.26704040729245393,0.2953863435844823
full36_grouped_cv,C1_4k,C0,4,8,0.1,9,v_0900_1000,900.0,1000.0,1583,35,-0.062035229414108536,0.09291182152667794,0.15614343465983244,0.20178633443626554,0.2430311226028152
full36_grouped_cv,C1_4k,C0,4,8,0.1,10,v_1000_1100,1000.0,1100.0,1554,36,-0.017437767485322386,0.07401445468893396,0.15009616369966686,0.23261813716944404,0.3589744798377978
full36_grouped_cv,C1_4k,C0,4,8,0.1,11,v_1100_1200,1100.0,1200.0,1262,36,0.02739905124399044,0.08723007612962051,0.14988792266073594,0.35332138843790295,0.4673112004591075
full36_grouped_cv,C1_4k,C0,4,8,0.1,12,v_1200_1300,1200.0,1300.0,1469,36,0.06614709507540498,0.10053207378465702,0.1660975475905813,0.4012214900396799,0.4313197142058698
full36_grouped_cv,C1_4k,C0,4,8,0.1,13,v_1300_1400,1300.0,1400.0,1602,36,0.05864312467835675,0.10296871690869443,0.155733481986729,0.4410719552332927,0.4665276683218735
full36_grouped_cv,C1_4k,C0,4,8,0.1,14,v_1400_1500,1400.0,1500.0,1593,36,0.04893657712410663,0.10143109114562539,0.1366283739694058,0.4869275631389791,0.5367846632395867
full36_grouped_cv,C1_4k,C0,4,8,0.1,15,v_1500_1600,1500.0,1600.0,1539,36,0.02823271504705705,0.10443717620029436,0.14445841905908655,0.5195015261617255,0.561264223555213
full36_grouped_cv,C1_4k,C0,4,8,0.1,16,v_1600_1700,1600.0,1700.0,1493,36,-0.009776685623072464,0.11102483670202092,0.15952046724109523,0.5272662867408932,0.5725298157542511
full36_grouped_cv,C1_4k,C0,4,8,0.1,17,v_1700_1800,1700.0,1800.0,1464,36,-0.0029784630323613026,0.11513099129851151,0.14920864638722223,0.5897552395466307,0.6241623458050753
full36_grouped_cv,C1_4k,C0,4,8,0.1,18,v_1800_1900,1800.0,1900.0,1342,36,0.02147581582250184,0.12597419483498762,0.15176576555109375,0.6501738806756879,0.7228659990850019
full36_grouped_cv,C1_4k,C0,4,8,0.1,19,v_1900_2000,1900.0,2000.0,1253,36,0.022315851201744685,0.13571067125512937,0.14665532858308145,0.5480407800229996,0.721635899331659
full36_grouped_cv,C1_4k,C0,4,8,0.1,20,v_2000_2100,2000.0,2100.0,1126,30,0.009973015902239504,0.06659659953673448,0.1290285978546424,0.17536233858463568,0.2410398596762206
full36_grouped_cv,C1_4k,C0,4,8,0.1,21,v_2100_2200,2100.0,2200.0,842,25,0.00743196396530471,0.07003394740572626,0.14729945262568994,0.1824650088174553,0.2604344276544452
full36_grouped_cv,C1_4k,C0,4,8,0.1,22,v_2200_2300,2200.0,2300.0,689,23,0.0214009164874045,0.0691235675573569,0.140755338495021,0.19238970771727107,0.2942356733212818
full36_grouped_cv,C1_4k,C0,4,8,0.1,23,v_2300_2400,2300.0,2400.0,948,24,0.03955359726595571,0.07885291658835736,0.13442866467890885,0.2894473177349534,0.5468938822320979
full36_grouped_cv,C1_4k,C0,4,8,0.1,24,v_2400_2500,2400.0,2500.0,1089,24,0.045896897463021856,0.07342255009189358,0.1562786992023046,0.2211319181943826,0.2235989540171203
full36_grouped_cv,C1_4k,C0,4,8,0.1,25,v_2500_2600,2500.0,2600.0,813,24,0.027843471139610186,0.06585753335022303,0.13408227072193352,0.18141991312479297,0.2600665925551766
full36_grouped_cv,C1_4k,C0,4,8,0.1,26,v_2600_2700,2600.0,2700.0,441,20,0.007666429355021539,0.059935531197308135,0.12657093232634187,0.19154606362517781,0.2209102815943424
full36_grouped_cv,C1_4k,C0,4,8,0.1,27,v_2700_2800,2700.0,2800.0,541,18,-0.050285897794756035,0.08863257425615513,0.14868127869897046,0.22527681330694702,0.4147937548120808
full36_grouped_cv,C1_4k,C0,4,8,0.1,28,v_2800_2900,2800.0,2900.0,580,15,-0.09579441420854594,0.1053780795847208,0.15652447863847269,0.18036562192537503,0.2298343950697017
full36_grouped_cv,C1_4k,C0,4,8,0.1,29,v_2900_3000,2900.0,3000.0,345,11,-0.11558182120164216,0.12520313842849357,0.1751714027781555,0.19237534066638656,0.2392512818067871
full36_grouped_cv,C1_4k,C0+C1,4,8,0.1,0,v_0000_0100,0.0,100.0,323,11,0.00694189302911599,0.07607088541506167,0.14908007148234562,0.18778746343890296,0.19658476716384013
full36_grouped_cv,C1_4k,C0+C1,4,8,0.1,1,v_0100_0200,100.0,200.0,643,18,0.030288296142254978,0.11044334918059086,0.2130280470295018,0.31092347955341204,0.35959301502738616
full36_grouped_cv,C1_4k,C0+C1,4,8,0.1,2,v_0200_0300,200.0,300.0,920,22,0.05722905702425748,0.1180847942349826,0.19382016060741084,0.3450454791466483,0.4705493254350527
full36_grouped_cv,C1_4k,C0+C1,4,8,0.1,3,v_0300_0400,300.0,400.0,976,26,0.06297331075175278,0.10299042383922549,0.22341379300366165,0.25911371402212546,0.3704388524621016
full36_grouped_cv,C1_4k,C0+C1,4,8,0.1,4,v_0400_0500,400.0,500.0,1061,30,0.02627003030012635,0.08528114389341798,0.13404208531772432,0.2827117456455938,0.5138817275101102
full36_grouped_cv,C1_4k,C0+C1,4,8,0.1,5,v_0500_0600,500.0,600.0,1366,30,-0.000849634281619072,0.06450550522910771,0.12175991490793339,0.16861917336568794,0.27013309176335604
full36_grouped_cv,C1_4k,C0+C1,4,8,0.1,6,v_0600_0700,600.0,700.0,1363,31,-0.03358547328973893,0.07316474457486084,0.13466516187434194,0.18188395688352835,0.3667314836381206
full36_grouped_cv,C1_4k,C0+C1,4,8,0.1,7,v_0700_0800,700.0,800.0,1003,31,-0.06797893762690425,0.09777050397403846,0.18977843449563614,0.230342903724514,0.34819648180268997
full36_grouped_cv,C1_4k,C0+C1,4,8,0.1,8,v_0800_0900,800.0,900.0,1177,33,-0.05555343163502801,0.09211149811452159,0.17585677937040134,0.22506399563913107,0.2874991581278688
full36_grouped_cv,C1_4k,C0+C1,4,8,0.1,9,v_0900_1000,900.0,1000.0,1583,35,-0.02478079343038307,0.07404357711963902,0.147716096895504,0.20418830215866554,0.2518956007151068
full36_grouped_cv,C1_4k,C0+C1,4,8,0.1,10,v_1000_1100,1000.0,1100.0,1554,36,0.008753724543220268,0.07348120569208905,0.1416876239164617,0.265875538010459,0.3920619577311287
full36_grouped_cv,C1_4k,C0+C1,4,8,0.1,11,v_1100_1200,1100.0,1200.0,1262,36,0.041877781731980854,0.09304988932668529,0.15731364608931858,0.36951195748960064,0.4841960501634085
full36_grouped_cv,C1_4k,C0+C1,4,8,0.1,12,v_1200_1300,1200.0,1300.0,1469,36,0.07041216277692405,0.10425259641616128,0.175401261093497,0.41067474165547524,0.4413654471472022
full36_grouped_cv,C1_4k,C0+C1,4,8,0.1,13,v_1300_1400,1300.0,1400.0,1602,36,0.055898295159304875,0.10259209495703993,0.15697411111156645,0.44399249727682333,0.46808560636293167
full36_grouped_cv,C1_4k,C0+C1,4,8,0.1,14,v_1400_1500,1400.0,1500.0,1593,36,0.04098168214019835,0.09895338565219282,0.13398927369805247,0.48489551962607425,0.5346187075397416
full36_grouped_cv,C1_4k,C0+C1,4,8,0.1,15,v_1500_1600,1500.0,1600.0,1539,36,0.01657053818047484,0.10293114115221738,0.1390755624630466,0.5134696421371273,0.5569140355570059
full36_grouped_cv,C1_4k,C0+C1,4,8,0.1,16,v_1600_1700,1600.0,1700.0,1493,36,-0.023835378977695575,0.11398681190868089,0.16452531144839433,0.5177737772078755,0.5642077426144952
full36_grouped_cv,C1_4k,C0+C1,4,8,0.1,17,v_1700_1800,1700.0,1800.0,1464,36,-0.01869936584764344,0.11723061830030597,0.15864619740483493,0.5776255884164215,0.6117233789471295
full36_grouped_cv,C1_4k,C0+C1,4,8,0.1,18,v_1800_1900,1800.0,1900.0,1342,36,0.00443575236076397,0.12486683881077533,0.1644189685275674,0.6371600350429196,0.7090467916439209
full36_grouped_cv,C1_4k,C0+C1,4,8,0.1,19,v_1900_2000,1900.0,2000.0,1253,36,0.004213732612605327,0.13441046291644346,0.15443135025837393,0.543839570884738,0.7062513804747104
full36_grouped_cv,C1_4k,C0+C1,4,8,0.1,20,v_2000_2100,2000.0,2100.0,1126,30,-0.008632895825798789,0.06689359980305146,0.1419765540442082,0.1946921992867954,0.25890200987677897
full36_grouped_cv,C1_4k,C0+C1,4,8,0.1,21,v_2100_2200,2100.0,2200.0,842,25,-0.010656615498389215,0.07066676376715597,0.16619803067519964,0.195390545709149,0.24277819532160763
full36_grouped_cv,C1_4k,C0+C1,4,8,0.1,22,v_2200_2300,2200.0,2300.0,689,23,0.005328792753814136,0.06581536553818682,0.13311038702203531,0.2051053493283609,0.3082152689974112
full36_grouped_cv,C1_4k,C0+C1,4,8,0.1,23,v_2300_2400,2300.0,2400.0,948,24,0.027059715948851044,0.07362765569727668,0.12275518922747299,0.27933043547849484,0.5336648189005038
full36_grouped_cv,C1_4k,C0+C1,4,8,0.1,24,v_2400_2500,2400.0,2500.0,1089,24,0.038903285930709686,0.06973394047413024,0.14951837013823557,0.2190661926489276,0.22100822814122326
full36_grouped_cv,C1_4k,C0+C1,4,8,0.1,25,v_2500_2600,2500.0,2600.0,813,24,0.028734460835474412,0.06687961407661415,0.13582332640887423,0.18480505557868793,0.26600946991442237
full36_grouped_cv,C1_4k,C0+C1,4,8,0.1,26,v_2600_2700,2600.0,2700.0,441,20,0.02409385216237831,0.0637839082551015,0.14219185625049424,0.1931603904317047,0.23020007154541847
full36_grouped_cv,C1_4k,C0+C1,4,8,0.1,27,v_2700_2800,2700.0,2800.0,541,18,-0.010597507528323016,0.07140393963350442,0.1421511569437736,0.21782900381284906,0.3632406299412223
full36_grouped_cv,C1_4k,C0+C1,4,8,0.1,28,v_2800_2900,2800.0,2900.0,580,15,-0.028198283070607164,0.05418155121089325,0.0959449964685882,0.15828957730631388,0.21947622210444484
full36_grouped_cv,C1_4k,C0+C1,4,8,0.1,29,v_2900_3000,2900.0,3000.0,345,11,-0.00821315919535675,0.0529870407621245,0.10641325024933315,0.16006643824603864,0.3029969937582013
full36_grouped_cv_non027,C1_4k,C0,4,8,0.1,0,v_0000_0100,0.0,100.0,323,11,0.16476217503504978,0.18033925181398608,0.2602972413815707,0.3044477107114174,0.3373106132157772
full36_grouped_cv_non027,C1_4k,C0,4,8,0.1,1,v_0100_0200,100.0,200.0,601,17,0.13771711709154807,0.1705776092900896,0.2665020392163158,0.3941941110609575,0.4448776126135954
full36_grouped_cv_non027,C1_4k,C0,4,8,0.1,2,v_0200_0300,200.0,300.0,844,21,0.11007768765162163,0.14656033512301353,0.2410657658112595,0.3970185409625679,0.535807286652016
full36_grouped_cv_non027,C1_4k,C0,4,8,0.1,3,v_0300_0400,300.0,400.0,905,25,0.07145279545511082,0.10651751294427098,0.22581787681514423,0.2549456981275956,0.3869675815252549
full36_grouped_cv_non027,C1_4k,C0,4,8,0.1,4,v_0400_0500,400.0,500.0,1012,29,0.005027721806745944,0.07342604081542962,0.1412935306861417,0.17866723437150897,0.3772132119063371
full36_grouped_cv_non027,C1_4k,C0,4,8,0.1,5,v_0500_0600,500.0,600.0,1289,29,-0.044388359307922,0.0785467618825244,0.15440857996511345,0.20106734613127256,0.3122956361038405
full36_grouped_cv_non027,C1_4k,C0,4,8,0.1,6,v_0600_0700,600.0,700.0,1351,30,-0.08567693270791993,0.10766158979238835,0.1860147916203058,0.22514277549980682,0.4185882320286964
full36_grouped_cv_non027,C1_4k,C0,4,8,0.1,7,v_0700_0800,700.0,800.0,999,30,-0.12491277380402704,0.1405729269609662,0.24403142926832996,0.2822292034436793,0.3994971550562241
full36_grouped_cv_non027,C1_4k,C0,4,8,0.1,8,v_0800_0900,800.0,900.0,1115,32,-0.10694387071586817,0.1268940752455344,0.2193176707426522,0.2684560379869735,0.2953863435844823
full36_grouped_cv_non027,C1_4k,C0,4,8,0.1,9,v_0900_1000,900.0,1000.0,1507,34,-0.06779056865376754,0.09123585448960068,0.15340259767853992,0.2009325417329118,0.2430311226028152
full36_grouped_cv_non027,C1_4k,C0,4,8,0.1,10,v_1000_1100,1000.0,1100.0,1517,35,-0.024342390527884897,0.06427056966209133,0.12446167895571689,0.18182908222753488,0.2417937506500038
full36_grouped_cv_non027,C1_4k,C0,4,8,0.1,11,v_1100_1200,1100.0,1200.0,1240,35,0.018843194846852512,0.06799602260629235,0.12659382705384675,0.19018124239855122,0.3532924597803912
full36_grouped_cv_non027,C1_4k,C0,4,8,0.1,12,v_1200_1300,1200.0,1300.0,1411,35,0.056891300219909055,0.07753848430601477,0.14642821047846505,0.17968294473493956,0.2460048666843022
full36_grouped_cv_non027,C1_4k,C0,4,8,0.1,13,v_1300_1400,1300.0,1400.0,1526,35,0.0478548727317413,0.07391307966796253,0.14055990371317767,0.1692212285862176,0.2274832003622577
full36_grouped_cv_non027,C1_4k,C0,4,8,0.1,14,v_1400_1500,1400.0,1500.0,1541,35,0.03665067832792672,0.0633122717347235,0.11964623884428481,0.15198879771269744,0.1977359249631263
full36_grouped_cv_non027,C1_4k,C0,4,8,0.1,15,v_1500_1600,1500.0,1600.0,1513,35,0.014384374060470145,0.06070328729358883,0.11719244572986062,0.20347483870810149,0.3018895950964406
full36_grouped_cv_non027,C1_4k,C0,4,8,0.1,16,v_1600_1700,1600.0,1700.0,1431,35,-0.02489741574120853,0.07043577214830873,0.13791800484986733,0.19131813633374525,0.3738442916552458
full36_grouped_cv_non027,C1_4k,C0,4,8,0.1,17,v_1700_1800,1700.0,1800.0,1388,35,-0.019402721702742556,0.06530791484490404,0.12938146376611212,0.16592481435976386,0.2135432868685711
full36_grouped_cv_non027,C1_4k,C0,4,8,0.1,18,v_1800_1900,1800.0,1900.0,1321,35,0.0036355636415660573,0.06612143094895712,0.1293390787024201,0.1701389290216191,0.2769109251321424
full36_grouped_cv_non027,C1_4k,C0,4,8,0.1,19,v_1900_2000,1900.0,2000.0,1252,35,0.002335278398032844,0.06375567993216165,0.1221677610318189,0.16978346924522475,0.2394272345853778
full36_grouped_cv_non027,C1_4k,C0,4,8,0.1,20,v_2000_2100,2000.0,2100.0,1126,30,0.009973015902239504,0.06659659953673448,0.1290285978546424,0.17536233858463568,0.2410398596762206
full36_grouped_cv_non027,C1_4k,C0,4,8,0.1,21,v_2100_2200,2100.0,2200.0,842,25,0.00743196396530471,0.07003394740572626,0.14729945262568994,0.1824650088174553,0.2604344276544452
full36_grouped_cv_non027,C1_4k,C0,4,8,0.1,22,v_2200_2300,2200.0,2300.0,689,23,0.0214009164874045,0.0691235675573569,0.140755338495021,0.19238970771727107,0.2942356733212818
full36_grouped_cv_non027,C1_4k,C0,4,8,0.1,23,v_2300_2400,2300.0,2400.0,948,24,0.03955359726595571,0.07885291658835736,0.13442866467890885,0.2894473177349534,0.5468938822320979
full36_grouped_cv_non027,C1_4k,C0,4,8,0.1,24,v_2400_2500,2400.0,2500.0,1089,24,0.045896897463021856,0.07342255009189358,0.1562786992023046,0.2211319181943826,0.2235989540171203
full36_grouped_cv_non027,C1_4k,C0,4,8,0.1,25,v_2500_2600,2500.0,2600.0,813,24,0.027843471139610186,0.06585753335022303,0.13408227072193352,0.18141991312479297,0.2600665925551766
full36_grouped_cv_non027,C1_4k,C0,4,8,0.1,26,v_2600_2700,2600.0,2700.0,441,20,0.007666429355021539,0.059935531197308135,0.12657093232634187,0.19154606362517781,0.2209102815943424
full36_grouped_cv_non027,C1_4k,C0,4,8,0.1,27,v_2700_2800,2700.0,2800.0,541,18,-0.050285897794756035,0.08863257425615513,0.14868127869897046,0.22527681330694702,0.4147937548120808
full36_grouped_cv_non027,C1_4k,C0,4,8,0.1,28,v_2800_2900,2800.0,2900.0,580,15,-0.09579441420854594,0.1053780795847208,0.15652447863847269,0.18036562192537503,0.2298343950697017
full36_grouped_cv_non027,C1_4k,C0,4,8,0.1,29,v_2900_3000,2900.0,3000.0,345,11,-0.11558182120164216,0.12520313842849357,0.1751714027781555,0.19237534066638656,0.2392512818067871
full36_grouped_cv_non027,C1_4k,C0+C1,4,8,0.1,0,v_0000_0100,0.0,100.0,323,11,0.00694189302911599,0.07607088541506167,0.14908007148234562,0.18778746343890296,0.19658476716384013
full36_grouped_cv_non027,C1_4k,C0+C1,4,8,0.1,1,v_0100_0200,100.0,200.0,601,17,0.041498446388975194,0.10624417943789209,0.20864920355788877,0.31644875716026605,0.35959301502738616
full36_grouped_cv_non027,C1_4k,C0+C1,4,8,0.1,2,v_0200_0300,200.0,300.0,844,21,0.06653071810069752,0.11651050533139021,0.18462149786945825,0.34855124875794774,0.4705493254350527
full36_grouped_cv_non027,C1_4k,C0+C1,4,8,0.1,3,v_0300_0400,300.0,400.0,905,25,0.06832640400148939,0.10362962338752373,0.22342090424971028,0.26355644104283477,0.3704388524621016
full36_grouped_cv_non027,C1_4k,C0+C1,4,8,0.1,4,v_0400_0500,400.0,500.0,1012,29,0.030940399359772785,0.07872853284510492,0.1310855467433377,0.18899737134339592,0.4087121081349316
full36_grouped_cv_non027,C1_4k,C0+C1,4,8,0.1,5,v_0500_0600,500.0,600.0,1289,29,-0.0013402978964990138,0.06508747216573459,0.12198202474194424,0.17005207375373732,0.27013309176335604
full36_grouped_cv_non027,C1_4k,C0+C1,4,8,0.1,6,v_0600_0700,600.0,700.0,1351,30,-0.03429984785630067,0.07403570507775703,0.1371995680920472,0.18304955659524566,0.3667314836381206
full36_grouped_cv_non027,C1_4k,C0+C1,4,8,0.1,7,v_0700_0800,700.0,800.0,999,30,-0.07280234576414975,0.09767775047112293,0.19095932365444984,0.2310947354858568,0.34819648180268997
full36_grouped_cv_non027,C1_4k,C0+C1,4,8,0.1,8,v_0800_0900,800.0,900.0,1115,32,-0.06054394070246646,0.09148296431287853,0.1765727685575146,0.22539364454780547,0.2874991581278688
full36_grouped_cv_non027,C1_4k,C0+C1,4,8,0.1,9,v_0900_1000,900.0,1000.0,1507,34,-0.03065513354427108,0.06863218492740929,0.12206167194597643,0.18224099958828885,0.2374977099472935
full36_grouped_cv_non027,C1_4k,C0+C1,4,8,0.1,10,v_1000_1100,1000.0,1100.0,1517,35,0.0016347068078159319,0.059895713935236974,0.10933380229156628,0.1574172551319272,0.21613835681656643
full36_grouped_cv_non027,C1_4k,C0+C1,4,8,0.1,11,v_1100_1200,1100.0,1200.0,1240,35,0.03313084425551388,0.0728372589011326,0.14338762237149708,0.20726309307198987,0.36938920953417836
full36_grouped_cv_non027,C1_4k,C0+C1,4,8,0.1,12,v_1200_1300,1200.0,1300.0,1411,35,0.06097892434876484,0.08100315548174701,0.15260063483215852,0.18701508491660715,0.25765287292704364
full36_grouped_cv_non027,C1_4k,C0+C1,4,8,0.1,13,v_1300_1400,1300.0,1400.0,1526,35,0.04491455822762723,0.07267462558245252,0.1412165945495672,0.16705784307303345,0.23495550110612204
full36_grouped_cv_non027,C1_4k,C0+C1,4,8,0.1,14,v_1400_1500,1400.0,1500.0,1541,35,0.02850080235950091,0.05941414433119143,0.11699308086232886,0.15066861432030318,0.1957654343778342
full36_grouped_cv_non027,C1_4k,C0+C1,4,8,0.1,15,v_1500_1600,1500.0,1600.0,1513,35,0.0025499529939846236,0.05939370378741038,0.1174174882765097,0.1947783795351422,0.2882574945675982
full36_grouped_cv_non027,C1_4k,C0+C1,4,8,0.1,16,v_1600_1700,1600.0,1700.0,1431,35,-0.03909265527339208,0.0769416894581764,0.14742709119351496,0.19930314376389316,0.38883643014138536
full36_grouped_cv_non027,C1_4k,C0+C1,4,8,0.1,17,v_1700_1800,1700.0,1800.0,1388,35,-0.03524208626346777,0.07171004921782208,0.14076046205681145,0.17357095019106167,0.2032321489047519
full36_grouped_cv_non027,C1_4k,C0+C1,4,8,0.1,18,v_1800_1900,1800.0,1900.0,1321,35,-0.01351575011301447,0.06757948984897176,0.13291464595481484,0.1810136503348595,0.29311015021535
full36_grouped_cv_non027,C1_4k,C0+C1,4,8,0.1,19,v_1900_2000,1900.0,2000.0,1252,35,-0.015844485897740526,0.06581167917809559,0.13666752794877365,0.1707710310476676,0.25510746494700953
full36_grouped_cv_non027,C1_4k,C0+C1,4,8,0.1,20,v_2000_2100,2000.0,2100.0,1126,30,-0.008632895825798789,0.06689359980305146,0.1419765540442082,0.1946921992867954,0.25890200987677897
full36_grouped_cv_non027,C1_4k,C0+C1,4,8,0.1,21,v_2100_2200,2100.0,2200.0,842,25,-0.010656615498389215,0.07066676376715597,0.16619803067519964,0.195390545709149,0.24277819532160763
full36_grouped_cv_non027,C1_4k,C0+C1,4,8,0.1,22,v_2200_2300,2200.0,2300.0,689,23,0.005328792753814136,0.06581536553818682,0.13311038702203531,0.2051053493283609,0.3082152689974112
full36_grouped_cv_non027,C1_4k,C0+C1,4,8,0.1,23,v_2300_2400,2300.0,2400.0,948,24,0.027059715948851044,0.07362765569727668,0.12275518922747299,0.27933043547849484,0.5336648189005038
full36_grouped_cv_non027,C1_4k,C0+C1,4,8,0.1,24,v_2400_2500,2400.0,2500.0,1089,24,0.038903285930709686,0.06973394047413024,0.14951837013823557,0.2190661926489276,0.22100822814122326
full36_grouped_cv_non027,C1_4k,C0+C1,4,8,0.1,25,v_2500_2600,2500.0,2600.0,813,24,0.028734460835474412,0.06687961407661415,0.13582332640887423,0.18480505557868793,0.26600946991442237
full36_grouped_cv_non027,C1_4k,C0+C1,4,8,0.1,26,v_2600_2700,2600.0,2700.0,441,20,0.02409385216237831,0.0637839082551015,0.14219185625049424,0.1931603904317047,0.23020007154541847
full36_grouped_cv_non027,C1_4k,C0+C1,4,8,0.1,27,v_2700_2800,2700.0,2800.0,541,18,-0.010597507528323016,0.07140393963350442,0.1421511569437736,0.21782900381284906,0.3632406299412223
full36_grouped_cv_non027,C1_4k,C0+C1,4,8,0.1,28,v_2800_2900,2800.0,2900.0,580,15,-0.028198283070607164,0.05418155121089325,0.0959449964685882,0.15828957730631388,0.21947622210444484
full36_grouped_cv_non027,C1_4k,C0+C1,4,8,0.1,29,v_2900_3000,2900.0,3000.0,345,11,-0.00821315919535675,0.0529870407621245,0.10641325024933315,0.16006643824603864,0.3029969937582013
exclude027_grouped_cv_non027,C1_4k,C0,4,8,0.1,0,v_0000_0100,0.0,100.0,323,11,0.16476217503504978,0.18033925181398608,0.2602972413815707,0.3044477107114174,0.3373106132157772
exclude027_grouped_cv_non027,C1_4k,C0,4,8,0.1,1,v_0100_0200,100.0,200.0,601,17,0.13771711709154807,0.1705776092900896,0.2665020392163158,0.3941941110609575,0.4448776126135954
exclude027_grouped_cv_non027,C1_4k,C0,4,8,0.1,2,v_0200_0300,200.0,300.0,844,21,0.11007768765162163,0.14656033512301353,0.2410657658112595,0.3970185409625679,0.535807286652016
exclude027_grouped_cv_non027,C1_4k,C0,4,8,0.1,3,v_0300_0400,300.0,400.0,905,25,0.07145279545511082,0.10651751294427098,0.22581787681514423,0.2549456981275956,0.3869675815252549
exclude027_grouped_cv_non027,C1_4k,C0,4,8,0.1,4,v_0400_0500,400.0,500.0,1012,29,0.005027721806745944,0.07342604081542962,0.1412935306861417,0.17866723437150897,0.3772132119063371
exclude027_grouped_cv_non027,C1_4k,C0,4,8,0.1,5,v_0500_0600,500.0,600.0,1289,29,-0.044388359307922,0.0785467618825244,0.15440857996511345,0.20106734613127256,0.3122956361038405
exclude027_grouped_cv_non027,C1_4k,C0,4,8,0.1,6,v_0600_0700,600.0,700.0,1351,30,-0.08567693270791993,0.10766158979238835,0.1860147916203058,0.22514277549980682,0.4185882320286964
exclude027_grouped_cv_non027,C1_4k,C0,4,8,0.1,7,v_0700_0800,700.0,800.0,999,30,-0.12491277380402704,0.1405729269609662,0.24403142926832996,0.2822292034436793,0.3994971550562241
exclude027_grouped_cv_non027,C1_4k,C0,4,8,0.1,8,v_0800_0900,800.0,900.0,1115,32,-0.10694387071586817,0.1268940752455344,0.2193176707426522,0.2684560379869735,0.2953863435844823
exclude027_grouped_cv_non027,C1_4k,C0,4,8,0.1,9,v_0900_1000,900.0,1000.0,1507,34,-0.06779056865376754,0.09123585448960068,0.15340259767853992,0.2009325417329118,0.2430311226028152
exclude027_grouped_cv_non027,C1_4k,C0,4,8,0.1,10,v_1000_1100,1000.0,1100.0,1517,35,-0.024342390527884897,0.06427056966209133,0.12446167895571689,0.18182908222753488,0.2417937506500038
exclude027_grouped_cv_non027,C1_4k,C0,4,8,0.1,11,v_1100_1200,1100.0,1200.0,1240,35,0.018843194846852512,0.06799602260629235,0.12659382705384675,0.19018124239855122,0.3532924597803912
exclude027_grouped_cv_non027,C1_4k,C0,4,8,0.1,12,v_1200_1300,1200.0,1300.0,1411,35,0.056891300219909055,0.07753848430601477,0.14642821047846505,0.17968294473493956,0.2460048666843022
exclude027_grouped_cv_non027,C1_4k,C0,4,8,0.1,13,v_1300_1400,1300.0,1400.0,1526,35,0.0478548727317413,0.07391307966796253,0.14055990371317767,0.1692212285862176,0.2274832003622577
exclude027_grouped_cv_non027,C1_4k,C0,4,8,0.1,14,v_1400_1500,1400.0,1500.0,1541,35,0.03665067832792672,0.0633122717347235,0.11964623884428481,0.15198879771269744,0.1977359249631263
exclude027_grouped_cv_non027,C1_4k,C0,4,8,0.1,15,v_1500_1600,1500.0,1600.0,1513,35,0.014384374060470145,0.06070328729358883,0.11719244572986062,0.20347483870810149,0.3018895950964406
exclude027_grouped_cv_non027,C1_4k,C0,4,8,0.1,16,v_1600_1700,1600.0,1700.0,1431,35,-0.02489741574120853,0.07043577214830873,0.13791800484986733,0.19131813633374525,0.3738442916552458
exclude027_grouped_cv_non027,C1_4k,C0,4,8,0.1,17,v_1700_1800,1700.0,1800.0,1388,35,-0.019402721702742556,0.06530791484490404,0.12938146376611212,0.16592481435976386,0.2135432868685711
exclude027_grouped_cv_non027,C1_4k,C0,4,8,0.1,18,v_1800_1900,1800.0,1900.0,1321,35,0.0036355636415660573,0.06612143094895712,0.1293390787024201,0.1701389290216191,0.2769109251321424
exclude027_grouped_cv_non027,C1_4k,C0,4,8,0.1,19,v_1900_2000,1900.0,2000.0,1252,35,0.002335278398032844,0.06375567993216165,0.1221677610318189,0.16978346924522475,0.2394272345853778
exclude027_grouped_cv_non027,C1_4k,C0,4,8,0.1,20,v_2000_2100,2000.0,2100.0,1126,30,0.009973015902239504,0.06659659953673448,0.1290285978546424,0.17536233858463568,0.2410398596762206
exclude027_grouped_cv_non027,C1_4k,C0,4,8,0.1,21,v_2100_2200,2100.0,2200.0,842,25,0.00743196396530471,0.07003394740572626,0.14729945262568994,0.1824650088174553,0.2604344276544452
exclude027_grouped_cv_non027,C1_4k,C0,4,8,0.1,22,v_2200_2300,2200.0,2300.0,689,23,0.0214009164874045,0.0691235675573569,0.140755338495021,0.19238970771727107,0.2942356733212818
exclude027_grouped_cv_non027,C1_4k,C0,4,8,0.1,23,v_2300_2400,2300.0,2400.0,948,24,0.03955359726595571,0.07885291658835736,0.13442866467890885,0.2894473177349534,0.5468938822320979
exclude027_grouped_cv_non027,C1_4k,C0,4,8,0.1,24,v_2400_2500,2400.0,2500.0,1089,24,0.045896897463021856,0.07342255009189358,0.1562786992023046,0.2211319181943826,0.2235989540171203
exclude027_grouped_cv_non027,C1_4k,C0,4,8,0.1,25,v_2500_2600,2500.0,2600.0,813,24,0.027843471139610186,0.06585753335022303,0.13408227072193352,0.18141991312479297,0.2600665925551766
exclude027_grouped_cv_non027,C1_4k,C0,4,8,0.1,26,v_2600_2700,2600.0,2700.0,441,20,0.007666429355021539,0.059935531197308135,0.12657093232634187,0.19154606362517781,0.2209102815943424
exclude027_grouped_cv_non027,C1_4k,C0,4,8,0.1,27,v_2700_2800,2700.0,2800.0,541,18,-0.050285897794756035,0.08863257425615513,0.14868127869897046,0.22527681330694702,0.4147937548120808
exclude027_grouped_cv_non027,C1_4k,C0,4,8,0.1,28,v_2800_2900,2800.0,2900.0,580,15,-0.09579441420854594,0.1053780795847208,0.15652447863847269,0.18036562192537503,0.2298343950697017
exclude027_grouped_cv_non027,C1_4k,C0,4,8,0.1,29,v_2900_3000,2900.0,3000.0,345,11,-0.11558182120164216,0.12520313842849357,0.1751714027781555,0.19237534066638656,0.2392512818067871
exclude027_grouped_cv_non027,C1_4k,C0+C1,4,8,0.1,0,v_0000_0100,0.0,100.0,323,11,-0.008533278199145476,0.07821503345657256,0.16308743172114545,0.1852795579018264,0.21440499049329537
exclude027_grouped_cv_non027,C1_4k,C0+C1,4,8,0.1,1,v_0100_0200,100.0,200.0,601,17,0.026179177039544182,0.10518108444633607,0.2258061423295427,0.3179029630887938,0.35683751027308913
exclude027_grouped_cv_non027,C1_4k,C0+C1,4,8,0.1,2,v_0200_0300,200.0,300.0,844,21,0.0503191472088866,0.10897328383360519,0.18329771633429862,0.33445373591159094,0.4521844912306343
exclude027_grouped_cv_non027,C1_4k,C0+C1,4,8,0.1,3,v_0300_0400,300.0,400.0,905,25,0.05427587628847777,0.09534914116146727,0.20851503706868468,0.24852347611045478,0.35365489101882
exclude027_grouped_cv_non027,C1_4k,C0+C1,4,8,0.1,4,v_0400_0500,400.0,500.0,1012,29,0.019674258568294037,0.07529724625801767,0.1290419106706538,0.1838412833827911,0.3965910018289753
exclude027_grouped_cv_non027,C1_4k,C0+C1,4,8,0.1,5,v_0500_0600,500.0,600.0,1289,29,-0.009941475598596036,0.06590163431386845,0.122097998457279,0.17433828608715662,0.2796222074004057
exclude027_grouped_cv_non027,C1_4k,C0+C1,4,8,0.1,6,v_0600_0700,600.0,700.0,1351,30,-0.040125022453786054,0.07678844889250903,0.14353919559369333,0.18395735313317657,0.36815374346511814
exclude027_grouped_cv_non027,C1_4k,C0+C1,4,8,0.1,7,v_0700_0800,700.0,800.0,999,30,-0.07590710670811888,0.09988420702094472,0.19412279267480242,0.23176196420006837,0.3500100092028035
exclude027_grouped_cv_non027,C1_4k,C0+C1,4,8,0.1,8,v_0800_0900,800.0,900.0,1115,32,-0.06089621099736138,0.09160216256779612,0.1753368794528852,0.22297143009090578,0.2884066523133673
exclude027_grouped_cv_non027,C1_4k,C0+C1,4,8,0.1,9,v_0900_1000,900.0,1000.0,1507,34,-0.028871882117686397,0.06770335750342055,0.12151457278427227,0.1827816925610926,0.24081896184932333
exclude027_grouped_cv_non027,C1_4k,C0+C1,4,8,0.1,10,v_1000_1100,1000.0,1100.0,1517,35,0.0054245368474031535,0.05975952278077562,0.11046224561287073,0.15526882512507129,0.22146662137734913
exclude027_grouped_cv_non027,C1_4k,C0+C1,4,8,0.1,11,v_1100_1200,1100.0,1200.0,1240,35,0.0384926762568356,0.07519917528394296,0.14194210960634937,0.2060029018500431,0.3751217909004031
exclude027_grouped_cv_non027,C1_4k,C0+C1,4,8,0.1,12,v_1200_1300,1200.0,1300.0,1411,35,0.06740183510036754,0.08555580498322626,0.15688576666656798,0.19364224925080462,0.2560277168197307
exclude027_grouped_cv_non027,C1_4k,C0+C1,4,8,0.1,13,v_1300_1400,1300.0,1400.0,1526,35,0.05182933692309662,0.07682358592618155,0.14421537563597847,0.17401711595816127,0.23363661159804022
exclude027_grouped_cv_non027,C1_4k,C0+C1,4,8,0.1,14,v_1400_1500,1400.0,1500.0,1541,35,0.035499264721264155,0.06268529894292904,0.11844282428742221,0.1504057428573005,0.19455056323560155
exclude027_grouped_cv_non027,C1_4k,C0+C1,4,8,0.1,15,v_1500_1600,1500.0,1600.0,1513,35,0.009259215935610875,0.05992205450084181,0.11650031768262473,0.19638509927561856,0.2950160881832871
exclude027_grouped_cv_non027,C1_4k,C0+C1,4,8,0.1,16,v_1600_1700,1600.0,1700.0,1431,35,-0.03296368398694022,0.0737617422951696,0.14402787827673508,0.19034593710298486,0.37976323890712943
exclude027_grouped_cv_non027,C1_4k,C0+C1,4,8,0.1,17,v_1700_1800,1700.0,1800.0,1388,35,-0.029885897795169432,0.06907476945845571,0.1373916123820671,0.17448063662273142,0.20453418478411556
exclude027_grouped_cv_non027,C1_4k,C0+C1,4,8,0.1,18,v_1800_1900,1800.0,1900.0,1321,35,-0.009081231721916015,0.06676797629651318,0.1331012230247122,0.18296641007623424,0.2903299524876419
exclude027_grouped_cv_non027,C1_4k,C0+C1,4,8,0.1,19,v_1900_2000,1900.0,2000.0,1252,35,-0.01242191765688026,0.06509402079416284,0.13520248815729952,0.17153010616898515,0.25584018740019787
exclude027_grouped_cv_non027,C1_4k,C0+C1,4,8,0.1,20,v_2000_2100,2000.0,2100.0,1126,30,-0.0061444935607253125,0.06633212371468102,0.13863372289135148,0.19140931416728182,0.2571632098750122
exclude027_grouped_cv_non027,C1_4k,C0+C1,4,8,0.1,21,v_2100_2200,2100.0,2200.0,842,25,-0.009008318336331369,0.07052187273388477,0.16313873813024113,0.19433727067443,0.24516071203954684
exclude027_grouped_cv_non027,C1_4k,C0+C1,4,8,0.1,22,v_2200_2300,2200.0,2300.0,689,23,0.005955249213995916,0.06602230828547555,0.13436112230313915,0.2028850388474135,0.3059260019641233
exclude027_grouped_cv_non027,C1_4k,C0+C1,4,8,0.1,23,v_2300_2400,2300.0,2400.0,948,24,0.027025081282818976,0.0736978899398363,0.12163090246628933,0.2770975598615239,0.5315467323552278
exclude027_grouped_cv_non027,C1_4k,C0+C1,4,8,0.1,24,v_2400_2500,2400.0,2500.0,1089,24,0.03836081688158568,0.06974209292428173,0.1473926325760068,0.20597184110361624,0.2206921515652441
exclude027_grouped_cv_non027,C1_4k,C0+C1,4,8,0.1,25,v_2500_2600,2500.0,2600.0,813,24,0.02795378843516991,0.06706020839343206,0.1363764535099017,0.18357443240629473,0.26778106094150017
exclude027_grouped_cv_non027,C1_4k,C0+C1,4,8,0.1,26,v_2600_2700,2600.0,2700.0,441,20,0.02385693976925057,0.0638638624974519,0.1432243660515537,0.20152483446344946,0.22793459459065893
exclude027_grouped_cv_non027,C1_4k,C0+C1,4,8,0.1,27,v_2700_2800,2700.0,2800.0,541,18,-0.010472191224494708,0.07151148540271705,0.14105161999633237,0.21638951552183922,0.360466086256613
exclude027_grouped_cv_non027,C1_4k,C0+C1,4,8,0.1,28,v_2800_2900,2800.0,2900.0,580,15,-0.027559150036841548,0.05532351056912275,0.0977690640639761,0.15573785161459938,0.23467011731833148
exclude027_grouped_cv_non027,C1_4k,C0+C1,4,8,0.1,29,v_2900_3000,2900.0,3000.0,345,11,-0.006936531739525035,0.05662597269817891,0.10968132312418002,0.16487254885308317,0.3093783231682219
full36_fullfit_all36,C1_4k,C0,4,8,0.1,0,v_0000_0100,0.0,100.0,323,11,0.16476217503504978,0.18033925181398608,0.2602972413815707,0.3044477107114174,0.3373106132157772
full36_fullfit_all36,C1_4k,C0,4,8,0.1,1,v_0100_0200,100.0,200.0,643,18,0.1266598569303492,0.16669689826960932,0.26111456415760104,0.38469124698373547,0.4448776126135954
full36_fullfit_all36,C1_4k,C0,4,8,0.1,2,v_0200_0300,200.0,300.0,920,22,0.10143142812800393,0.14450804042877038,0.23559411427569604,0.39608517349265243,0.535807286652016
full36_fullfit_all36,C1_4k,C0,4,8,0.1,3,v_0300_0400,300.0,400.0,976,26,0.06661698169458438,0.10535246897076891,0.22566490158429994,0.24980525509834955,0.3869675815252549
full36_fullfit_all36,C1_4k,C0,4,8,0.1,4,v_0400_0500,400.0,500.0,1061,30,0.000508774582549212,0.08136785058842874,0.14587375034218147,0.2673308447158848,0.5274230267441453
full36_fullfit_all36,C1_4k,C0,4,8,0.1,5,v_0500_0600,500.0,600.0,1366,30,-0.04371105438538509,0.07771972333585028,0.1537631624226947,0.1995215223812086,0.3122956361038405
full36_fullfit_all36,C1_4k,C0,4,8,0.1,6,v_0600_0700,600.0,700.0,1363,31,-0.08481191280355113,0.10664883041938061,0.18488150935887945,0.2248277488944353,0.4185882320286964
full36_fullfit_all36,C1_4k,C0,4,8,0.1,7,v_0700_0800,700.0,800.0,1003,31,-0.12008294623765783,0.13885020691490213,0.24104832663818973,0.28180499881991444,0.3994971550562241
full36_fullfit_all36,C1_4k,C0,4,8,0.1,8,v_0800_0900,800.0,900.0,1177,33,-0.10200951202855428,0.12550492038017286,0.21734752681229122,0.26704040729245393,0.2953863435844823
full36_fullfit_all36,C1_4k,C0,4,8,0.1,9,v_0900_1000,900.0,1000.0,1583,35,-0.062035229414108536,0.09291182152667794,0.15614343465983244,0.20178633443626554,0.2430311226028152
full36_fullfit_all36,C1_4k,C0,4,8,0.1,10,v_1000_1100,1000.0,1100.0,1554,36,-0.017437767485322386,0.07401445468893396,0.15009616369966686,0.23261813716944404,0.3589744798377978
full36_fullfit_all36,C1_4k,C0,4,8,0.1,11,v_1100_1200,1100.0,1200.0,1262,36,0.02739905124399044,0.08723007612962051,0.14988792266073594,0.35332138843790295,0.4673112004591075
full36_fullfit_all36,C1_4k,C0,4,8,0.1,12,v_1200_1300,1200.0,1300.0,1469,36,0.06614709507540498,0.10053207378465702,0.1660975475905813,0.4012214900396799,0.4313197142058698
full36_fullfit_all36,C1_4k,C0,4,8,0.1,13,v_1300_1400,1300.0,1400.0,1602,36,0.05864312467835675,0.10296871690869443,0.155733481986729,0.4410719552332927,0.4665276683218735
full36_fullfit_all36,C1_4k,C0,4,8,0.1,14,v_1400_1500,1400.0,1500.0,1593,36,0.04893657712410663,0.10143109114562539,0.1366283739694058,0.4869275631389791,0.5367846632395867
full36_fullfit_all36,C1_4k,C0,4,8,0.1,15,v_1500_1600,1500.0,1600.0,1539,36,0.02823271504705705,0.10443717620029436,0.14445841905908655,0.5195015261617255,0.561264223555213
full36_fullfit_all36,C1_4k,C0,4,8,0.1,16,v_1600_1700,1600.0,1700.0,1493,36,-0.009776685623072464,0.11102483670202092,0.15952046724109523,0.5272662867408932,0.5725298157542511
full36_fullfit_all36,C1_4k,C0,4,8,0.1,17,v_1700_1800,1700.0,1800.0,1464,36,-0.0029784630323613026,0.11513099129851151,0.14920864638722223,0.5897552395466307,0.6241623458050753
full36_fullfit_all36,C1_4k,C0,4,8,0.1,18,v_1800_1900,1800.0,1900.0,1342,36,0.02147581582250184,0.12597419483498762,0.15176576555109375,0.6501738806756879,0.7228659990850019
full36_fullfit_all36,C1_4k,C0,4,8,0.1,19,v_1900_2000,1900.0,2000.0,1253,36,0.022315851201744685,0.13571067125512937,0.14665532858308145,0.5480407800229996,0.721635899331659
full36_fullfit_all36,C1_4k,C0,4,8,0.1,20,v_2000_2100,2000.0,2100.0,1126,30,0.009973015902239504,0.06659659953673448,0.1290285978546424,0.17536233858463568,0.2410398596762206
full36_fullfit_all36,C1_4k,C0,4,8,0.1,21,v_2100_2200,2100.0,2200.0,842,25,0.00743196396530471,0.07003394740572626,0.14729945262568994,0.1824650088174553,0.2604344276544452
full36_fullfit_all36,C1_4k,C0,4,8,0.1,22,v_2200_2300,2200.0,2300.0,689,23,0.0214009164874045,0.0691235675573569,0.140755338495021,0.19238970771727107,0.2942356733212818
full36_fullfit_all36,C1_4k,C0,4,8,0.1,23,v_2300_2400,2300.0,2400.0,948,24,0.03955359726595571,0.07885291658835736,0.13442866467890885,0.2894473177349534,0.5468938822320979
full36_fullfit_all36,C1_4k,C0,4,8,0.1,24,v_2400_2500,2400.0,2500.0,1089,24,0.045896897463021856,0.07342255009189358,0.1562786992023046,0.2211319181943826,0.2235989540171203
full36_fullfit_all36,C1_4k,C0,4,8,0.1,25,v_2500_2600,2500.0,2600.0,813,24,0.027843471139610186,0.06585753335022303,0.13408227072193352,0.18141991312479297,0.2600665925551766
full36_fullfit_all36,C1_4k,C0,4,8,0.1,26,v_2600_2700,2600.0,2700.0,441,20,0.007666429355021539,0.059935531197308135,0.12657093232634187,0.19154606362517781,0.2209102815943424
full36_fullfit_all36,C1_4k,C0,4,8,0.1,27,v_2700_2800,2700.0,2800.0,541,18,-0.050285897794756035,0.08863257425615513,0.14868127869897046,0.22527681330694702,0.4147937548120808
full36_fullfit_all36,C1_4k,C0,4,8,0.1,28,v_2800_2900,2800.0,2900.0,580,15,-0.09579441420854594,0.1053780795847208,0.15652447863847269,0.18036562192537503,0.2298343950697017
full36_fullfit_all36,C1_4k,C0,4,8,0.1,29,v_2900_3000,2900.0,3000.0,345,11,-0.11558182120164216,0.12520313842849357,0.1751714027781555,0.19237534066638656,0.2392512818067871
full36_fullfit_all36,C1_4k,C0+C1,4,8,0.1,0,v_0000_0100,0.0,100.0,323,11,0.001157640375810157,0.07552374392473267,0.15058717623183906,0.18190830694211238,0.19722505553560418
full36_fullfit_all36,C1_4k,C0+C1,4,8,0.1,1,v_0100_0200,100.0,200.0,643,18,0.02708838821825843,0.11064961699219274,0.21498572821117876,0.3183950303708277,0.3688265247898336
full36_fullfit_all36,C1_4k,C0+C1,4,8,0.1,2,v_0200_0300,200.0,300.0,920,22,0.05431223155465678,0.11598972989361882,0.19176212068235854,0.3419660671760419,0.4709129240461241
full36_fullfit_all36,C1_4k,C0+C1,4,8,0.1,3,v_0300_0400,300.0,400.0,976,26,0.06191496515617503,0.10097455111557749,0.2136918561174457,0.24931767752235254,0.36984027343119563
full36_fullfit_all36,C1_4k,C0+C1,4,8,0.1,4,v_0400_0500,400.0,500.0,1061,30,0.027028946946293167,0.08488563306312055,0.1380317979519287,0.273673625298376,0.5047162309895622
full36_fullfit_all36,C1_4k,C0+C1,4,8,0.1,5,v_0500_0600,500.0,600.0,1366,30,0.0008671178775268695,0.06374987370721354,0.11947717868716715,0.16501988909832765,0.2654265714235774
full36_fullfit_all36,C1_4k,C0+C1,4,8,0.1,6,v_0600_0700,600.0,700.0,1363,31,-0.03141945063928367,0.07160742725829296,0.133006027306519,0.17939400367283026,0.3638377368227098
full36_fullfit_all36,C1_4k,C0+C1,4,8,0.1,7,v_0700_0800,700.0,800.0,1003,31,-0.06611563082197947,0.09609216404540663,0.1871635051733081,0.22644563306898471,0.345947900215445
full36_fullfit_all36,C1_4k,C0+C1,4,8,0.1,8,v_0800_0900,800.0,900.0,1177,33,-0.05435951608666664,0.09080850100620601,0.17229752626330583,0.22242090383959187,0.2894360928167202
full36_fullfit_all36,C1_4k,C0+C1,4,8,0.1,9,v_0900_1000,900.0,1000.0,1583,35,-0.024366848848401516,0.07295857007615505,0.146324425364637,0.20254266170837307,0.24721319999638286
full36_fullfit_all36,C1_4k,C0+C1,4,8,0.1,10,v_1000_1100,1000.0,1100.0,1554,36,0.008340545366232938,0.07220139335062306,0.13888718244934134,0.26076224993817626,0.3864883910840167
full36_fullfit_all36,C1_4k,C0+C1,4,8,0.1,11,v_1100_1200,1100.0,1200.0,1262,36,0.04073122866488123,0.09141196847205495,0.15701363652204983,0.3564821715510515,0.47612265057698855
full36_fullfit_all36,C1_4k,C0+C1,4,8,0.1,12,v_1200_1300,1200.0,1300.0,1469,36,0.06887233005502869,0.10222797291825753,0.17027412309726686,0.4022146558000746,0.43289985826096916
full36_fullfit_all36,C1_4k,C0+C1,4,8,0.1,13,v_1300_1400,1300.0,1400.0,1602,36,0.05439940823802688,0.10072479860584944,0.15359402830112256,0.4356503754434672,0.4598801485934556
full36_fullfit_all36,C1_4k,C0+C1,4,8,0.1,14,v_1400_1500,1400.0,1500.0,1593,36,0.03980787554257606,0.09732716191363698,0.12971056945801965,0.47731535641729866,0.5267530017791814
full36_fullfit_all36,C1_4k,C0+C1,4,8,0.1,15,v_1500_1600,1500.0,1600.0,1539,36,0.01590465076644336,0.1018797629509217,0.14020390140964006,0.5068792991155184,0.5498809853920831
full36_fullfit_all36,C1_4k,C0+C1,4,8,0.1,16,v_1600_1700,1600.0,1700.0,1493,36,-0.023958269242503428,0.11318501745977946,0.16564375678695034,0.5128239557093632,0.5586839941693881
full36_fullfit_all36,C1_4k,C0+C1,4,8,0.1,17,v_1700_1800,1700.0,1800.0,1464,36,-0.018345025937338222,0.1165002905616605,0.15800170865062935,0.5741364104982533,0.6084040628593604
full36_fullfit_all36,C1_4k,C0+C1,4,8,0.1,18,v_1800_1900,1800.0,1900.0,1342,36,0.005065588128827746,0.1242563291340601,0.1644975076935483,0.6341444971719403,0.7064308782138498
full36_fullfit_all36,C1_4k,C0+C1,4,8,0.1,19,v_1900_2000,1900.0,2000.0,1253,36,0.004900787090132166,0.13396143635501698,0.1557984288706593,0.5432592845025903,0.7043426143169002
full36_fullfit_all36,C1_4k,C0+C1,4,8,0.1,20,v_2000_2100,2000.0,2100.0,1126,30,-0.008025821294210944,0.06634397736656922,0.13878677894580863,0.19191464538940925,0.25910327200881306
full36_fullfit_all36,C1_4k,C0+C1,4,8,0.1,21,v_2100_2200,2100.0,2200.0,842,25,-0.010361213631102376,0.07041294520446412,0.16299604352682057,0.19571462030533507,0.24253498222165715
full36_fullfit_all36,C1_4k,C0+C1,4,8,0.1,22,v_2200_2300,2200.0,2300.0,689,23,0.005166688667742523,0.06590948450699864,0.13315918773845373,0.20621361639578384,0.3092835678303385
full36_fullfit_all36,C1_4k,C0+C1,4,8,0.1,23,v_2300_2400,2300.0,2400.0,948,24,0.026483597241860234,0.07328311237467997,0.1210005015200294,0.2774686558182284,0.5345794339901584
full36_fullfit_all36,C1_4k,C0+C1,4,8,0.1,24,v_2400_2500,2400.0,2500.0,1089,24,0.03802954094599498,0.06891841730216916,0.14750465521365233,0.21623044602425026,0.21822677600787202
full36_fullfit_all36,C1_4k,C0+C1,4,8,0.1,25,v_2500_2600,2500.0,2600.0,813,24,0.027743945869782394,0.06599347216667066,0.1337665395800554,0.18140555462458252,0.2624649913570638
full36_fullfit_all36,C1_4k,C0+C1,4,8,0.1,26,v_2600_2700,2600.0,2700.0,441,20,0.023603916764579742,0.06292119864134937,0.13691641742891927,0.19083241280856242,0.23450503580650195
full36_fullfit_all36,C1_4k,C0+C1,4,8,0.1,27,v_2700_2800,2700.0,2800.0,541,18,-0.009979393894397004,0.07077234076401058,0.13695991187030115,0.21370606313699167,0.368716565501511
full36_fullfit_all36,C1_4k,C0+C1,4,8,0.1,28,v_2800_2900,2800.0,2900.0,580,15,-0.026229023544611894,0.05222239657525517,0.09554907386933417,0.15536191817504405,0.2246921235176505
full36_fullfit_all36,C1_4k,C0+C1,4,8,0.1,29,v_2900_3000,2900.0,3000.0,345,11,-0.004536715891770274,0.050354173970900015,0.1040939517622954,0.15398694647082606,0.29704545598736976
exclude027_fullfit_non027,C1_4k,C0,4,8,0.1,0,v_0000_0100,0.0,100.0,323,11,0.16476217503504978,0.18033925181398608,0.2602972413815707,0.3044477107114174,0.3373106132157772
exclude027_fullfit_non027,C1_4k,C0,4,8,0.1,1,v_0100_0200,100.0,200.0,601,17,0.13771711709154807,0.1705776092900896,0.2665020392163158,0.3941941110609575,0.4448776126135954
exclude027_fullfit_non027,C1_4k,C0,4,8,0.1,2,v_0200_0300,200.0,300.0,844,21,0.11007768765162163,0.14656033512301353,0.2410657658112595,0.3970185409625679,0.535807286652016
exclude027_fullfit_non027,C1_4k,C0,4,8,0.1,3,v_0300_0400,300.0,400.0,905,25,0.07145279545511082,0.10651751294427098,0.22581787681514423,0.2549456981275956,0.3869675815252549
exclude027_fullfit_non027,C1_4k,C0,4,8,0.1,4,v_0400_0500,400.0,500.0,1012,29,0.005027721806745944,0.07342604081542962,0.1412935306861417,0.17866723437150897,0.3772132119063371
exclude027_fullfit_non027,C1_4k,C0,4,8,0.1,5,v_0500_0600,500.0,600.0,1289,29,-0.044388359307922,0.0785467618825244,0.15440857996511345,0.20106734613127256,0.3122956361038405
exclude027_fullfit_non027,C1_4k,C0,4,8,0.1,6,v_0600_0700,600.0,700.0,1351,30,-0.08567693270791993,0.10766158979238835,0.1860147916203058,0.22514277549980682,0.4185882320286964
exclude027_fullfit_non027,C1_4k,C0,4,8,0.1,7,v_0700_0800,700.0,800.0,999,30,-0.12491277380402704,0.1405729269609662,0.24403142926832996,0.2822292034436793,0.3994971550562241
exclude027_fullfit_non027,C1_4k,C0,4,8,0.1,8,v_0800_0900,800.0,900.0,1115,32,-0.10694387071586817,0.1268940752455344,0.2193176707426522,0.2684560379869735,0.2953863435844823
exclude027_fullfit_non027,C1_4k,C0,4,8,0.1,9,v_0900_1000,900.0,1000.0,1507,34,-0.06779056865376754,0.09123585448960068,0.15340259767853992,0.2009325417329118,0.2430311226028152
exclude027_fullfit_non027,C1_4k,C0,4,8,0.1,10,v_1000_1100,1000.0,1100.0,1517,35,-0.024342390527884897,0.06427056966209133,0.12446167895571689,0.18182908222753488,0.2417937506500038
exclude027_fullfit_non027,C1_4k,C0,4,8,0.1,11,v_1100_1200,1100.0,1200.0,1240,35,0.018843194846852512,0.06799602260629235,0.12659382705384675,0.19018124239855122,0.3532924597803912
exclude027_fullfit_non027,C1_4k,C0,4,8,0.1,12,v_1200_1300,1200.0,1300.0,1411,35,0.056891300219909055,0.07753848430601477,0.14642821047846505,0.17968294473493956,0.2460048666843022
exclude027_fullfit_non027,C1_4k,C0,4,8,0.1,13,v_1300_1400,1300.0,1400.0,1526,35,0.0478548727317413,0.07391307966796253,0.14055990371317767,0.1692212285862176,0.2274832003622577
exclude027_fullfit_non027,C1_4k,C0,4,8,0.1,14,v_1400_1500,1400.0,1500.0,1541,35,0.03665067832792672,0.0633122717347235,0.11964623884428481,0.15198879771269744,0.1977359249631263
exclude027_fullfit_non027,C1_4k,C0,4,8,0.1,15,v_1500_1600,1500.0,1600.0,1513,35,0.014384374060470145,0.06070328729358883,0.11719244572986062,0.20347483870810149,0.3018895950964406
exclude027_fullfit_non027,C1_4k,C0,4,8,0.1,16,v_1600_1700,1600.0,1700.0,1431,35,-0.02489741574120853,0.07043577214830873,0.13791800484986733,0.19131813633374525,0.3738442916552458
exclude027_fullfit_non027,C1_4k,C0,4,8,0.1,17,v_1700_1800,1700.0,1800.0,1388,35,-0.019402721702742556,0.06530791484490404,0.12938146376611212,0.16592481435976386,0.2135432868685711
exclude027_fullfit_non027,C1_4k,C0,4,8,0.1,18,v_1800_1900,1800.0,1900.0,1321,35,0.0036355636415660573,0.06612143094895712,0.1293390787024201,0.1701389290216191,0.2769109251321424
exclude027_fullfit_non027,C1_4k,C0,4,8,0.1,19,v_1900_2000,1900.0,2000.0,1252,35,0.002335278398032844,0.06375567993216165,0.1221677610318189,0.16978346924522475,0.2394272345853778
exclude027_fullfit_non027,C1_4k,C0,4,8,0.1,20,v_2000_2100,2000.0,2100.0,1126,30,0.009973015902239504,0.06659659953673448,0.1290285978546424,0.17536233858463568,0.2410398596762206
exclude027_fullfit_non027,C1_4k,C0,4,8,0.1,21,v_2100_2200,2100.0,2200.0,842,25,0.00743196396530471,0.07003394740572626,0.14729945262568994,0.1824650088174553,0.2604344276544452
exclude027_fullfit_non027,C1_4k,C0,4,8,0.1,22,v_2200_2300,2200.0,2300.0,689,23,0.0214009164874045,0.0691235675573569,0.140755338495021,0.19238970771727107,0.2942356733212818
exclude027_fullfit_non027,C1_4k,C0,4,8,0.1,23,v_2300_2400,2300.0,2400.0,948,24,0.03955359726595571,0.07885291658835736,0.13442866467890885,0.2894473177349534,0.5468938822320979
exclude027_fullfit_non027,C1_4k,C0,4,8,0.1,24,v_2400_2500,2400.0,2500.0,1089,24,0.045896897463021856,0.07342255009189358,0.1562786992023046,0.2211319181943826,0.2235989540171203
exclude027_fullfit_non027,C1_4k,C0,4,8,0.1,25,v_2500_2600,2500.0,2600.0,813,24,0.027843471139610186,0.06585753335022303,0.13408227072193352,0.18141991312479297,0.2600665925551766
exclude027_fullfit_non027,C1_4k,C0,4,8,0.1,26,v_2600_2700,2600.0,2700.0,441,20,0.007666429355021539,0.059935531197308135,0.12657093232634187,0.19154606362517781,0.2209102815943424
exclude027_fullfit_non027,C1_4k,C0,4,8,0.1,27,v_2700_2800,2700.0,2800.0,541,18,-0.050285897794756035,0.08863257425615513,0.14868127869897046,0.22527681330694702,0.4147937548120808
exclude027_fullfit_non027,C1_4k,C0,4,8,0.1,28,v_2800_2900,2800.0,2900.0,580,15,-0.09579441420854594,0.1053780795847208,0.15652447863847269,0.18036562192537503,0.2298343950697017
exclude027_fullfit_non027,C1_4k,C0,4,8,0.1,29,v_2900_3000,2900.0,3000.0,345,11,-0.11558182120164216,0.12520313842849357,0.1751714027781555,0.19237534066638656,0.2392512818067871
exclude027_fullfit_non027,C1_4k,C0+C1,4,8,0.1,0,v_0000_0100,0.0,100.0,323,11,-0.013533835518599336,0.07661031323167408,0.160688684105481,0.18444787611750776,0.2108590588575258
exclude027_fullfit_non027,C1_4k,C0+C1,4,8,0.1,1,v_0100_0200,100.0,200.0,601,17,0.021985960356248717,0.10279431140665964,0.20598032607102745,0.3155149314234497,0.3531527062692512
exclude027_fullfit_non027,C1_4k,C0+C1,4,8,0.1,2,v_0200_0300,200.0,300.0,844,21,0.04774601374888694,0.10721823518393635,0.18452422315628406,0.3331233633471646,0.4553215944521467
exclude027_fullfit_non027,C1_4k,C0+C1,4,8,0.1,3,v_0300_0400,300.0,400.0,905,25,0.0530311032177596,0.09326642916697936,0.1992626136321269,0.24078509563588207,0.35539314483957085
exclude027_fullfit_non027,C1_4k,C0+C1,4,8,0.1,4,v_0400_0500,400.0,500.0,1012,29,0.019998469943072427,0.07481350059208647,0.1275862513521202,0.18511703572512495,0.39906904211866745
exclude027_fullfit_non027,C1_4k,C0+C1,4,8,0.1,5,v_0500_0600,500.0,600.0,1289,29,-0.008590702330005168,0.06474117681706062,0.12252518972818717,0.17319293289148807,0.27379597928322186
exclude027_fullfit_non027,C1_4k,C0+C1,4,8,0.1,6,v_0600_0700,600.0,700.0,1351,30,-0.03819612557471288,0.0751477525106868,0.14092381254932385,0.1842526420226561,0.3689082938644516
exclude027_fullfit_non027,C1_4k,C0+C1,4,8,0.1,7,v_0700_0800,700.0,800.0,999,30,-0.07413620566038145,0.09824386148244445,0.19347299689402062,0.231151775016744,0.34862311252179323
exclude027_fullfit_non027,C1_4k,C0+C1,4,8,0.1,8,v_0800_0900,800.0,900.0,1115,32,-0.05976389029181294,0.09056160754315276,0.17551231644770668,0.2234574536001935,0.28982627990250814
exclude027_fullfit_non027,C1_4k,C0+C1,4,8,0.1,9,v_0900_1000,900.0,1000.0,1507,34,-0.028367534743242336,0.06699829222267147,0.11867550817213401,0.1826751496294395,0.24117053610963973
exclude027_fullfit_non027,C1_4k,C0+C1,4,8,0.1,10,v_1000_1100,1000.0,1100.0,1517,35,0.005025965069521921,0.05921386682764277,0.10953279227401132,0.15424594620228585,0.2215235103012682
exclude027_fullfit_non027,C1_4k,C0+C1,4,8,0.1,11,v_1100_1200,1100.0,1200.0,1240,35,0.037370123856691834,0.07431347531783718,0.14138134376123832,0.20531324350402314,0.3730773821935112
exclude027_fullfit_non027,C1_4k,C0+C1,4,8,0.1,12,v_1200_1300,1200.0,1300.0,1411,35,0.06589501088870563,0.08431790812959929,0.1560862486795388,0.19104959122176476,0.2554209426550603
exclude027_fullfit_non027,C1_4k,C0+C1,4,8,0.1,13,v_1300_1400,1300.0,1400.0,1526,35,0.050352315548270715,0.07571275699364458,0.1410411781268962,0.17152283715103175,0.23297264466653841
exclude027_fullfit_non027,C1_4k,C0+C1,4,8,0.1,14,v_1400_1500,1400.0,1500.0,1541,35,0.03433251511118913,0.06191350544191945,0.11772544482759441,0.15001857318925899,0.1949503905597169
exclude027_fullfit_non027,C1_4k,C0+C1,4,8,0.1,15,v_1500_1600,1500.0,1600.0,1513,35,0.008580880337819804,0.05973562515467217,0.11623339708830352,0.1968218703714468,0.2955467139591915
exclude027_fullfit_non027,C1_4k,C0+C1,4,8,0.1,16,v_1600_1700,1600.0,1700.0,1431,35,-0.03311379352168351,0.07384765183152554,0.14324672719163992,0.19233556489572728,0.38182041990247045
exclude027_fullfit_non027,C1_4k,C0+C1,4,8,0.1,17,v_1700_1800,1700.0,1800.0,1388,35,-0.029582232964394113,0.06888700979277941,0.13636124109767528,0.1722420968303817,0.20330281238538278
exclude027_fullfit_non027,C1_4k,C0+C1,4,8,0.1,18,v_1800_1900,1800.0,1900.0,1321,35,-0.008515864699890241,0.06649220678767169,0.13184949605452082,0.17969871077533658,0.288654653953836
exclude027_fullfit_non027,C1_4k,C0+C1,4,8,0.1,19,v_1900_2000,1900.0,2000.0,1252,35,-0.011796948177177542,0.06475138259206487,0.13312778459519883,0.16922146822258166,0.2536309740492643
exclude027_fullfit_non027,C1_4k,C0+C1,4,8,0.1,20,v_2000_2100,2000.0,2100.0,1126,30,-0.005711037889913744,0.06613939902294003,0.1363070523759583,0.18997067321790306,0.2572705439610836
exclude027_fullfit_non027,C1_4k,C0+C1,4,8,0.1,21,v_2100_2200,2100.0,2200.0,842,25,-0.008978911457695238,0.0702076108902461,0.16147606461440406,0.19434740459970812,0.24398634449222786
exclude027_fullfit_non027,C1_4k,C0+C1,4,8,0.1,22,v_2200_2300,2200.0,2300.0,689,23,0.005662333767934181,0.06595619527064289,0.1332938371670197,0.20552728394742917,0.3085532102469106
exclude027_fullfit_non027,C1_4k,C0+C1,4,8,0.1,23,v_2300_2400,2300.0,2400.0,948,24,0.026306180901689263,0.07320248911599725,0.12079212957279774,0.2771355996901844,0.5342838896487561
exclude027_fullfit_non027,C1_4k,C0+C1,4,8,0.1,24,v_2400_2500,2400.0,2500.0,1089,24,0.03739890341436823,0.06856310777672238,0.1469363842619403,0.21546750115339972,0.21747826842149853
exclude027_fullfit_non027,C1_4k,C0+C1,4,8,0.1,25,v_2500_2600,2500.0,2600.0,813,24,0.026898671098566453,0.0656397182261639,0.13289687303341483,0.1805467719460006,0.2615854702108455
exclude027_fullfit_non027,C1_4k,C0+C1,4,8,0.1,26,v_2600_2700,2600.0,2700.0,441,20,0.02274350716933813,0.06259923930098005,0.13606312121140074,0.19000381167340874,0.2336418945602131
exclude027_fullfit_non027,C1_4k,C0+C1,4,8,0.1,27,v_2700_2800,2700.0,2800.0,541,18,-0.010629417632492852,0.07084230886606663,0.1363389916241865,0.21359741418378414,0.3693073390310123
exclude027_fullfit_non027,C1_4k,C0+C1,4,8,0.1,28,v_2800_2900,2800.0,2900.0,580,15,-0.026551046651640535,0.05241104817687236,0.09596540837396,0.15557925194634115,0.22453498289157275
exclude027_fullfit_non027,C1_4k,C0+C1,4,8,0.1,29,v_2900_3000,2900.0,3000.0,345,11,-0.0043758460955690935,0.05038036624560795,0.10421356672490019,0.15410138266126566,0.2976369549020088
full36_grouped_cv,C1_5k,C0,5,9,0.1,0,v_0000_0100,0.0,100.0,323,11,0.16476217503504978,0.18033925181398608,0.2602972413815707,0.3044477107114174,0.3373106132157772
full36_grouped_cv,C1_5k,C0,5,9,0.1,1,v_0100_0200,100.0,200.0,643,18,0.1266598569303492,0.16669689826960932,0.26111456415760104,0.38469124698373547,0.4448776126135954
full36_grouped_cv,C1_5k,C0,5,9,0.1,2,v_0200_0300,200.0,300.0,920,22,0.10143142812800393,0.14450804042877038,0.23559411427569604,0.39608517349265243,0.535807286652016
full36_grouped_cv,C1_5k,C0,5,9,0.1,3,v_0300_0400,300.0,400.0,976,26,0.06661698169458438,0.10535246897076891,0.22566490158429994,0.24980525509834955,0.3869675815252549
full36_grouped_cv,C1_5k,C0,5,9,0.1,4,v_0400_0500,400.0,500.0,1061,30,0.000508774582549212,0.08136785058842874,0.14587375034218147,0.2673308447158848,0.5274230267441453
full36_grouped_cv,C1_5k,C0,5,9,0.1,5,v_0500_0600,500.0,600.0,1366,30,-0.04371105438538509,0.07771972333585028,0.1537631624226947,0.1995215223812086,0.3122956361038405
full36_grouped_cv,C1_5k,C0,5,9,0.1,6,v_0600_0700,600.0,700.0,1363,31,-0.08481191280355113,0.10664883041938061,0.18488150935887945,0.2248277488944353,0.4185882320286964
full36_grouped_cv,C1_5k,C0,5,9,0.1,7,v_0700_0800,700.0,800.0,1003,31,-0.12008294623765783,0.13885020691490213,0.24104832663818973,0.28180499881991444,0.3994971550562241
full36_grouped_cv,C1_5k,C0,5,9,0.1,8,v_0800_0900,800.0,900.0,1177,33,-0.10200951202855428,0.12550492038017286,0.21734752681229122,0.26704040729245393,0.2953863435844823
full36_grouped_cv,C1_5k,C0,5,9,0.1,9,v_0900_1000,900.0,1000.0,1583,35,-0.062035229414108536,0.09291182152667794,0.15614343465983244,0.20178633443626554,0.2430311226028152
full36_grouped_cv,C1_5k,C0,5,9,0.1,10,v_1000_1100,1000.0,1100.0,1554,36,-0.017437767485322386,0.07401445468893396,0.15009616369966686,0.23261813716944404,0.3589744798377978
full36_grouped_cv,C1_5k,C0,5,9,0.1,11,v_1100_1200,1100.0,1200.0,1262,36,0.02739905124399044,0.08723007612962051,0.14988792266073594,0.35332138843790295,0.4673112004591075
full36_grouped_cv,C1_5k,C0,5,9,0.1,12,v_1200_1300,1200.0,1300.0,1469,36,0.06614709507540498,0.10053207378465702,0.1660975475905813,0.4012214900396799,0.4313197142058698
full36_grouped_cv,C1_5k,C0,5,9,0.1,13,v_1300_1400,1300.0,1400.0,1602,36,0.05864312467835675,0.10296871690869443,0.155733481986729,0.4410719552332927,0.4665276683218735
full36_grouped_cv,C1_5k,C0,5,9,0.1,14,v_1400_1500,1400.0,1500.0,1593,36,0.04893657712410663,0.10143109114562539,0.1366283739694058,0.4869275631389791,0.5367846632395867
full36_grouped_cv,C1_5k,C0,5,9,0.1,15,v_1500_1600,1500.0,1600.0,1539,36,0.02823271504705705,0.10443717620029436,0.14445841905908655,0.5195015261617255,0.561264223555213
full36_grouped_cv,C1_5k,C0,5,9,0.1,16,v_1600_1700,1600.0,1700.0,1493,36,-0.009776685623072464,0.11102483670202092,0.15952046724109523,0.5272662867408932,0.5725298157542511
full36_grouped_cv,C1_5k,C0,5,9,0.1,17,v_1700_1800,1700.0,1800.0,1464,36,-0.0029784630323613026,0.11513099129851151,0.14920864638722223,0.5897552395466307,0.6241623458050753
full36_grouped_cv,C1_5k,C0,5,9,0.1,18,v_1800_1900,1800.0,1900.0,1342,36,0.02147581582250184,0.12597419483498762,0.15176576555109375,0.6501738806756879,0.7228659990850019
full36_grouped_cv,C1_5k,C0,5,9,0.1,19,v_1900_2000,1900.0,2000.0,1253,36,0.022315851201744685,0.13571067125512937,0.14665532858308145,0.5480407800229996,0.721635899331659
full36_grouped_cv,C1_5k,C0,5,9,0.1,20,v_2000_2100,2000.0,2100.0,1126,30,0.009973015902239504,0.06659659953673448,0.1290285978546424,0.17536233858463568,0.2410398596762206
full36_grouped_cv,C1_5k,C0,5,9,0.1,21,v_2100_2200,2100.0,2200.0,842,25,0.00743196396530471,0.07003394740572626,0.14729945262568994,0.1824650088174553,0.2604344276544452
full36_grouped_cv,C1_5k,C0,5,9,0.1,22,v_2200_2300,2200.0,2300.0,689,23,0.0214009164874045,0.0691235675573569,0.140755338495021,0.19238970771727107,0.2942356733212818
full36_grouped_cv,C1_5k,C0,5,9,0.1,23,v_2300_2400,2300.0,2400.0,948,24,0.03955359726595571,0.07885291658835736,0.13442866467890885,0.2894473177349534,0.5468938822320979
full36_grouped_cv,C1_5k,C0,5,9,0.1,24,v_2400_2500,2400.0,2500.0,1089,24,0.045896897463021856,0.07342255009189358,0.1562786992023046,0.2211319181943826,0.2235989540171203
full36_grouped_cv,C1_5k,C0,5,9,0.1,25,v_2500_2600,2500.0,2600.0,813,24,0.027843471139610186,0.06585753335022303,0.13408227072193352,0.18141991312479297,0.2600665925551766
full36_grouped_cv,C1_5k,C0,5,9,0.1,26,v_2600_2700,2600.0,2700.0,441,20,0.007666429355021539,0.059935531197308135,0.12657093232634187,0.19154606362517781,0.2209102815943424
full36_grouped_cv,C1_5k,C0,5,9,0.1,27,v_2700_2800,2700.0,2800.0,541,18,-0.050285897794756035,0.08863257425615513,0.14868127869897046,0.22527681330694702,0.4147937548120808
full36_grouped_cv,C1_5k,C0,5,9,0.1,28,v_2800_2900,2800.0,2900.0,580,15,-0.09579441420854594,0.1053780795847208,0.15652447863847269,0.18036562192537503,0.2298343950697017
full36_grouped_cv,C1_5k,C0,5,9,0.1,29,v_2900_3000,2900.0,3000.0,345,11,-0.11558182120164216,0.12520313842849357,0.1751714027781555,0.19237534066638656,0.2392512818067871
full36_grouped_cv,C1_5k,C0+C1,5,9,0.1,0,v_0000_0100,0.0,100.0,323,11,-0.0007918609116985085,0.07640611459120603,0.15528840776380984,0.18353118772259255,0.20362024459576825
full36_grouped_cv,C1_5k,C0+C1,5,9,0.1,1,v_0100_0200,100.0,200.0,643,18,0.02409679137952256,0.10894685078441094,0.2173978421953968,0.30956716847431476,0.35456913901016196
full36_grouped_cv,C1_5k,C0+C1,5,9,0.1,2,v_0200_0300,200.0,300.0,920,22,0.05303159452418614,0.11615129018887757,0.19737976450155909,0.3412357493820146,0.4657436256703714
full36_grouped_cv,C1_5k,C0+C1,5,9,0.1,3,v_0300_0400,300.0,400.0,976,26,0.061358338429567,0.10198074868754706,0.22093610968933558,0.2564834343077019,0.3681377215382012
full36_grouped_cv,C1_5k,C0+C1,5,9,0.1,4,v_0400_0500,400.0,500.0,1061,30,0.027270457953610692,0.08557172032608852,0.1350850260571844,0.28225081528902396,0.5136615977482959
full36_grouped_cv,C1_5k,C0+C1,5,9,0.1,5,v_0500_0600,500.0,600.0,1366,30,0.0019212716284928034,0.0645179780148684,0.12126193109957943,0.16585032803737648,0.267151595015971
full36_grouped_cv,C1_5k,C0+C1,5,9,0.1,6,v_0600_0700,600.0,700.0,1363,31,-0.029698066057375253,0.07144550232142195,0.1332424847002852,0.17829746521270998,0.3627128273994488
full36_grouped_cv,C1_5k,C0+C1,5,9,0.1,7,v_0700_0800,700.0,800.0,1003,31,-0.06343668396512352,0.09470410173920972,0.1879726025586754,0.22597253459857367,0.3436849934953906
full36_grouped_cv,C1_5k,C0+C1,5,9,0.1,8,v_0800_0900,800.0,900.0,1177,33,-0.05084700953827381,0.0894214258237169,0.17127529929529928,0.22049251421114996,0.29216645428381016
full36_grouped_cv,C1_5k,C0+C1,5,9,0.1,9,v_0900_1000,900.0,1000.0,1583,35,-0.020384582180542607,0.07279103311563932,0.14702168930311593,0.20438016575463874,0.2567359382745927
full36_grouped_cv,C1_5k,C0+C1,5,9,0.1,10,v_1000_1100,1000.0,1100.0,1554,36,0.012394775439574107,0.07414044710536172,0.14081125114455081,0.2705797852761347,0.39658857148401394
full36_grouped_cv,C1_5k,C0+C1,5,9,0.1,11,v_1100_1200,1100.0,1200.0,1262,36,0.043897834198202125,0.09392301398702395,0.15730500865647803,0.3716502626123155,0.48588751815143755
full36_grouped_cv,C1_5k,C0+C1,5,9,0.1,12,v_1200_1300,1200.0,1300.0,1469,36,0.06931243708156358,0.1035477022326429,0.17384212810768096,0.4105764773925469,0.4410549308502384
full36_grouped_cv,C1_5k,C0+C1,5,9,0.1,13,v_1300_1400,1300.0,1400.0,1602,36,0.05113871411521648,0.10021824084587369,0.15588304760485175,0.4406340294513641,0.4622033109100385
full36_grouped_cv,C1_5k,C0+C1,5,9,0.1,14,v_1400_1500,1400.0,1500.0,1593,36,0.033182618696597,0.09602056862353844,0.12855382669384732,0.4770370482488221,0.5274117886020598
full36_grouped_cv,C1_5k,C0+C1,5,9,0.1,15,v_1500_1600,1500.0,1600.0,1539,36,0.008016244138682245,0.10189718471081552,0.14635570283135488,0.5049997489596249,0.5484101310915146
full36_grouped_cv,C1_5k,C0+C1,5,9,0.1,16,v_1600_1700,1600.0,1700.0,1493,36,-0.030385593316499575,0.11547286860071138,0.16908825378545844,0.5116509372830584,0.5569247798670125
full36_grouped_cv,C1_5k,C0+C1,5,9,0.1,17,v_1700_1800,1700.0,1800.0,1464,36,-0.02146801556218498,0.11786691210288856,0.16233267547430855,0.5756070947818265,0.6103555516725206
full36_grouped_cv,C1_5k,C0+C1,5,9,0.1,18,v_1800_1900,1800.0,1900.0,1342,36,0.006245216803961222,0.12481375534593551,0.1636178244667684,0.6369572828480617,0.7105239007487834
full36_grouped_cv,C1_5k,C0+C1,5,9,0.1,19,v_1900_2000,1900.0,2000.0,1253,36,0.00995580243149816,0.13464197456025315,0.1510035025369226,0.5449585736530632,0.7109812761202889
full36_grouped_cv,C1_5k,C0+C1,5,9,0.1,20,v_2000_2100,2000.0,2100.0,1126,30,-0.0013274844884647312,0.06636599451226168,0.1347228314336781,0.18751682379581155,0.25172852029227744
full36_grouped_cv,C1_5k,C0+C1,5,9,0.1,21,v_2100_2200,2100.0,2200.0,842,25,-0.004407325623283381,0.06999302964113106,0.16072902060700928,0.19169060065611374,0.24951208988755297
full36_grouped_cv,C1_5k,C0+C1,5,9,0.1,22,v_2200_2300,2200.0,2300.0,689,23,0.008563991206070785,0.06616255624880556,0.13371952083352417,0.20096202496248344,0.3039018078348697
full36_grouped_cv,C1_5k,C0+C1,5,9,0.1,23,v_2300_2400,2300.0,2400.0,948,24,0.027049655623511856,0.07353778943930153,0.12252635288042764,0.27861893689147316,0.5331430079161047
full36_grouped_cv,C1_5k,C0+C1,5,9,0.1,24,v_2400_2500,2400.0,2500.0,1089,24,0.036443299954988656,0.06834489385087496,0.14696492890206184,0.2159181877119736,0.21793373405395788
full36_grouped_cv,C1_5k,C0+C1,5,9,0.1,25,v_2500_2600,2500.0,2600.0,813,24,0.02498415017431002,0.06535262517403043,0.1318722720479278,0.18109994414659636,0.2621758469265934
full36_grouped_cv,C1_5k,C0+C1,5,9,0.1,26,v_2600_2700,2600.0,2700.0,441,20,0.020042039536943362,0.06237168460716666,0.13830290998074593,0.18909349768165717,0.2260394311831979
full36_grouped_cv,C1_5k,C0+C1,5,9,0.1,27,v_2700_2800,2700.0,2800.0,541,18,-0.013081893012383624,0.07165309361468758,0.1403541375558434,0.21790553064210424,0.36498881449646947
full36_grouped_cv,C1_5k,C0+C1,5,9,0.1,28,v_2800_2900,2800.0,2900.0,580,15,-0.02753957808807305,0.054152046498111193,0.0968089806982462,0.15836518789272838,0.22174446504234324
full36_grouped_cv,C1_5k,C0+C1,5,9,0.1,29,v_2900_3000,2900.0,3000.0,345,11,-0.0019202446886654899,0.05289978736345969,0.11438149660642533,0.1661119438953983,0.3149000090792781
full36_grouped_cv_non027,C1_5k,C0,5,9,0.1,0,v_0000_0100,0.0,100.0,323,11,0.16476217503504978,0.18033925181398608,0.2602972413815707,0.3044477107114174,0.3373106132157772
full36_grouped_cv_non027,C1_5k,C0,5,9,0.1,1,v_0100_0200,100.0,200.0,601,17,0.13771711709154807,0.1705776092900896,0.2665020392163158,0.3941941110609575,0.4448776126135954
full36_grouped_cv_non027,C1_5k,C0,5,9,0.1,2,v_0200_0300,200.0,300.0,844,21,0.11007768765162163,0.14656033512301353,0.2410657658112595,0.3970185409625679,0.535807286652016
full36_grouped_cv_non027,C1_5k,C0,5,9,0.1,3,v_0300_0400,300.0,400.0,905,25,0.07145279545511082,0.10651751294427098,0.22581787681514423,0.2549456981275956,0.3869675815252549
full36_grouped_cv_non027,C1_5k,C0,5,9,0.1,4,v_0400_0500,400.0,500.0,1012,29,0.005027721806745944,0.07342604081542962,0.1412935306861417,0.17866723437150897,0.3772132119063371
full36_grouped_cv_non027,C1_5k,C0,5,9,0.1,5,v_0500_0600,500.0,600.0,1289,29,-0.044388359307922,0.0785467618825244,0.15440857996511345,0.20106734613127256,0.3122956361038405
full36_grouped_cv_non027,C1_5k,C0,5,9,0.1,6,v_0600_0700,600.0,700.0,1351,30,-0.08567693270791993,0.10766158979238835,0.1860147916203058,0.22514277549980682,0.4185882320286964
full36_grouped_cv_non027,C1_5k,C0,5,9,0.1,7,v_0700_0800,700.0,800.0,999,30,-0.12491277380402704,0.1405729269609662,0.24403142926832996,0.2822292034436793,0.3994971550562241
full36_grouped_cv_non027,C1_5k,C0,5,9,0.1,8,v_0800_0900,800.0,900.0,1115,32,-0.10694387071586817,0.1268940752455344,0.2193176707426522,0.2684560379869735,0.2953863435844823
full36_grouped_cv_non027,C1_5k,C0,5,9,0.1,9,v_0900_1000,900.0,1000.0,1507,34,-0.06779056865376754,0.09123585448960068,0.15340259767853992,0.2009325417329118,0.2430311226028152
full36_grouped_cv_non027,C1_5k,C0,5,9,0.1,10,v_1000_1100,1000.0,1100.0,1517,35,-0.024342390527884897,0.06427056966209133,0.12446167895571689,0.18182908222753488,0.2417937506500038
full36_grouped_cv_non027,C1_5k,C0,5,9,0.1,11,v_1100_1200,1100.0,1200.0,1240,35,0.018843194846852512,0.06799602260629235,0.12659382705384675,0.19018124239855122,0.3532924597803912
full36_grouped_cv_non027,C1_5k,C0,5,9,0.1,12,v_1200_1300,1200.0,1300.0,1411,35,0.056891300219909055,0.07753848430601477,0.14642821047846505,0.17968294473493956,0.2460048666843022
full36_grouped_cv_non027,C1_5k,C0,5,9,0.1,13,v_1300_1400,1300.0,1400.0,1526,35,0.0478548727317413,0.07391307966796253,0.14055990371317767,0.1692212285862176,0.2274832003622577
full36_grouped_cv_non027,C1_5k,C0,5,9,0.1,14,v_1400_1500,1400.0,1500.0,1541,35,0.03665067832792672,0.0633122717347235,0.11964623884428481,0.15198879771269744,0.1977359249631263
full36_grouped_cv_non027,C1_5k,C0,5,9,0.1,15,v_1500_1600,1500.0,1600.0,1513,35,0.014384374060470145,0.06070328729358883,0.11719244572986062,0.20347483870810149,0.3018895950964406
full36_grouped_cv_non027,C1_5k,C0,5,9,0.1,16,v_1600_1700,1600.0,1700.0,1431,35,-0.02489741574120853,0.07043577214830873,0.13791800484986733,0.19131813633374525,0.3738442916552458
full36_grouped_cv_non027,C1_5k,C0,5,9,0.1,17,v_1700_1800,1700.0,1800.0,1388,35,-0.019402721702742556,0.06530791484490404,0.12938146376611212,0.16592481435976386,0.2135432868685711
full36_grouped_cv_non027,C1_5k,C0,5,9,0.1,18,v_1800_1900,1800.0,1900.0,1321,35,0.0036355636415660573,0.06612143094895712,0.1293390787024201,0.1701389290216191,0.2769109251321424
full36_grouped_cv_non027,C1_5k,C0,5,9,0.1,19,v_1900_2000,1900.0,2000.0,1252,35,0.002335278398032844,0.06375567993216165,0.1221677610318189,0.16978346924522475,0.2394272345853778
full36_grouped_cv_non027,C1_5k,C0,5,9,0.1,20,v_2000_2100,2000.0,2100.0,1126,30,0.009973015902239504,0.06659659953673448,0.1290285978546424,0.17536233858463568,0.2410398596762206
full36_grouped_cv_non027,C1_5k,C0,5,9,0.1,21,v_2100_2200,2100.0,2200.0,842,25,0.00743196396530471,0.07003394740572626,0.14729945262568994,0.1824650088174553,0.2604344276544452
full36_grouped_cv_non027,C1_5k,C0,5,9,0.1,22,v_2200_2300,2200.0,2300.0,689,23,0.0214009164874045,0.0691235675573569,0.140755338495021,0.19238970771727107,0.2942356733212818
full36_grouped_cv_non027,C1_5k,C0,5,9,0.1,23,v_2300_2400,2300.0,2400.0,948,24,0.03955359726595571,0.07885291658835736,0.13442866467890885,0.2894473177349534,0.5468938822320979
full36_grouped_cv_non027,C1_5k,C0,5,9,0.1,24,v_2400_2500,2400.0,2500.0,1089,24,0.045896897463021856,0.07342255009189358,0.1562786992023046,0.2211319181943826,0.2235989540171203
full36_grouped_cv_non027,C1_5k,C0,5,9,0.1,25,v_2500_2600,2500.0,2600.0,813,24,0.027843471139610186,0.06585753335022303,0.13408227072193352,0.18141991312479297,0.2600665925551766
full36_grouped_cv_non027,C1_5k,C0,5,9,0.1,26,v_2600_2700,2600.0,2700.0,441,20,0.007666429355021539,0.059935531197308135,0.12657093232634187,0.19154606362517781,0.2209102815943424
full36_grouped_cv_non027,C1_5k,C0,5,9,0.1,27,v_2700_2800,2700.0,2800.0,541,18,-0.050285897794756035,0.08863257425615513,0.14868127869897046,0.22527681330694702,0.4147937548120808
full36_grouped_cv_non027,C1_5k,C0,5,9,0.1,28,v_2800_2900,2800.0,2900.0,580,15,-0.09579441420854594,0.1053780795847208,0.15652447863847269,0.18036562192537503,0.2298343950697017
full36_grouped_cv_non027,C1_5k,C0,5,9,0.1,29,v_2900_3000,2900.0,3000.0,345,11,-0.11558182120164216,0.12520313842849357,0.1751714027781555,0.19237534066638656,0.2392512818067871
full36_grouped_cv_non027,C1_5k,C0+C1,5,9,0.1,0,v_0000_0100,0.0,100.0,323,11,-0.0007918609116985085,0.07640611459120603,0.15528840776380984,0.18353118772259255,0.20362024459576825
full36_grouped_cv_non027,C1_5k,C0+C1,5,9,0.1,1,v_0100_0200,100.0,200.0,601,17,0.03524356974153357,0.10412554193355941,0.21425141383433874,0.3136960807860111,0.35456913901016196
full36_grouped_cv_non027,C1_5k,C0+C1,5,9,0.1,2,v_0200_0300,200.0,300.0,844,21,0.06233814652908658,0.11419898148999705,0.18095224865013304,0.3451494017697128,0.4657436256703714
full36_grouped_cv_non027,C1_5k,C0+C1,5,9,0.1,3,v_0300_0400,300.0,400.0,905,25,0.06673522188190548,0.10251866092683151,0.2209535799297947,0.2611286243347268,0.3681377215382012
full36_grouped_cv_non027,C1_5k,C0+C1,5,9,0.1,4,v_0400_0500,400.0,500.0,1012,29,0.03194173627582809,0.07907248695818939,0.13089003222766954,0.18900274237795048,0.41039766886320234
full36_grouped_cv_non027,C1_5k,C0+C1,5,9,0.1,5,v_0500_0600,500.0,600.0,1289,29,0.0014388315178433765,0.0650778839301107,0.12163298783446572,0.1671890746379912,0.267151595015971
full36_grouped_cv_non027,C1_5k,C0+C1,5,9,0.1,6,v_0600_0700,600.0,700.0,1351,30,-0.03040123184343463,0.07229791508368842,0.1345496899516127,0.17955205587785106,0.3627128273994488
full36_grouped_cv_non027,C1_5k,C0+C1,5,9,0.1,7,v_0700_0800,700.0,800.0,999,30,-0.06826255609948197,0.0943714490189515,0.18661813415928585,0.22672720629017284,0.3436849934953906
full36_grouped_cv_non027,C1_5k,C0+C1,5,9,0.1,8,v_0800_0900,800.0,900.0,1115,32,-0.055851890610419674,0.08849303118168247,0.17209459668236146,0.2208281108328693,0.29216645428381016
full36_grouped_cv_non027,C1_5k,C0+C1,5,9,0.1,9,v_0900_1000,900.0,1000.0,1507,34,-0.02627814354771861,0.06684684012105387,0.11806372464778188,0.18443429552508864,0.24152716672054525
full36_grouped_cv_non027,C1_5k,C0+C1,5,9,0.1,10,v_1000_1100,1000.0,1100.0,1517,35,0.005249461410453319,0.06016564126801004,0.11279610779242377,0.16053034752489728,0.2194357407154736
full36_grouped_cv_non027,C1_5k,C0+C1,5,9,0.1,11,v_1100_1200,1100.0,1200.0,1240,35,0.035131001140785746,0.07362951674077592,0.14552867307803555,0.2057194841624653,0.3715563730807986
full36_grouped_cv_non027,C1_5k,C0+C1,5,9,0.1,12,v_1200_1300,1200.0,1300.0,1411,35,0.05987273877874891,0.08019863467699626,0.15177819930686512,0.18719072736998327,0.2573753665817352
full36_grouped_cv_non027,C1_5k,C0+C1,5,9,0.1,13,v_1300_1400,1300.0,1400.0,1526,35,0.04014342617270273,0.06996981134482815,0.13663337301686454,0.16817115680643946,0.2325776210317262
full36_grouped_cv_non027,C1_5k,C0+C1,5,9,0.1,14,v_1400_1500,1400.0,1500.0,1541,35,0.02068781267074344,0.05604099841615837,0.11276170142343973,0.14388483662440943,0.1879778193358389
full36_grouped_cv_non027,C1_5k,C0+C1,5,9,0.1,15,v_1500_1600,1500.0,1600.0,1513,35,-0.006009097025804039,0.05958963346358381,0.11836412764810153,0.19704378149404603,0.27994778200869475
full36_grouped_cv_non027,C1_5k,C0+C1,5,9,0.1,16,v_1600_1700,1600.0,1700.0,1431,35,-0.045650272612337714,0.08032853118891493,0.1510963489836177,0.20587940287212875,0.3956928554803951
full36_grouped_cv_non027,C1_5k,C0+C1,5,9,0.1,17,v_1700_1800,1700.0,1800.0,1388,35,-0.038005443904170114,0.07340815774315666,0.14354935283088494,0.17764682225580972,0.20735924231860076
full36_grouped_cv_non027,C1_5k,C0+C1,5,9,0.1,18,v_1800_1900,1800.0,1900.0,1321,35,-0.011656721657827086,0.06745247003394379,0.13203428587126345,0.18165451556825862,0.29217582605956793
full36_grouped_cv_non027,C1_5k,C0+C1,5,9,0.1,19,v_1900_2000,1900.0,2000.0,1252,35,-0.010073496816753003,0.06483610816992648,0.13278158668742068,0.16864224969338765,0.2498071026002125
full36_grouped_cv_non027,C1_5k,C0+C1,5,9,0.1,20,v_2000_2100,2000.0,2100.0,1126,30,-0.0013274844884647312,0.06636599451226168,0.1347228314336781,0.18751682379581155,0.25172852029227744
full36_grouped_cv_non027,C1_5k,C0+C1,5,9,0.1,21,v_2100_2200,2100.0,2200.0,842,25,-0.004407325623283381,0.06999302964113106,0.16072902060700928,0.19169060065611374,0.24951208988755297
full36_grouped_cv_non027,C1_5k,C0+C1,5,9,0.1,22,v_2200_2300,2200.0,2300.0,689,23,0.008563991206070785,0.06616255624880556,0.13371952083352417,0.20096202496248344,0.3039018078348697
full36_grouped_cv_non027,C1_5k,C0+C1,5,9,0.1,23,v_2300_2400,2300.0,2400.0,948,24,0.027049655623511856,0.07353778943930153,0.12252635288042764,0.27861893689147316,0.5331430079161047
full36_grouped_cv_non027,C1_5k,C0+C1,5,9,0.1,24,v_2400_2500,2400.0,2500.0,1089,24,0.036443299954988656,0.06834489385087496,0.14696492890206184,0.2159181877119736,0.21793373405395788
full36_grouped_cv_non027,C1_5k,C0+C1,5,9,0.1,25,v_2500_2600,2500.0,2600.0,813,24,0.02498415017431002,0.06535262517403043,0.1318722720479278,0.18109994414659636,0.2621758469265934
full36_grouped_cv_non027,C1_5k,C0+C1,5,9,0.1,26,v_2600_2700,2600.0,2700.0,441,20,0.020042039536943362,0.06237168460716666,0.13830290998074593,0.18909349768165717,0.2260394311831979
full36_grouped_cv_non027,C1_5k,C0+C1,5,9,0.1,27,v_2700_2800,2700.0,2800.0,541,18,-0.013081893012383624,0.07165309361468758,0.1403541375558434,0.21790553064210424,0.36498881449646947
full36_grouped_cv_non027,C1_5k,C0+C1,5,9,0.1,28,v_2800_2900,2800.0,2900.0,580,15,-0.02753957808807305,0.054152046498111193,0.0968089806982462,0.15836518789272838,0.22174446504234324
full36_grouped_cv_non027,C1_5k,C0+C1,5,9,0.1,29,v_2900_3000,2900.0,3000.0,345,11,-0.0019202446886654899,0.05289978736345969,0.11438149660642533,0.1661119438953983,0.3149000090792781
exclude027_grouped_cv_non027,C1_5k,C0,5,9,0.1,0,v_0000_0100,0.0,100.0,323,11,0.16476217503504978,0.18033925181398608,0.2602972413815707,0.3044477107114174,0.3373106132157772
exclude027_grouped_cv_non027,C1_5k,C0,5,9,0.1,1,v_0100_0200,100.0,200.0,601,17,0.13771711709154807,0.1705776092900896,0.2665020392163158,0.3941941110609575,0.4448776126135954
exclude027_grouped_cv_non027,C1_5k,C0,5,9,0.1,2,v_0200_0300,200.0,300.0,844,21,0.11007768765162163,0.14656033512301353,0.2410657658112595,0.3970185409625679,0.535807286652016
exclude027_grouped_cv_non027,C1_5k,C0,5,9,0.1,3,v_0300_0400,300.0,400.0,905,25,0.07145279545511082,0.10651751294427098,0.22581787681514423,0.2549456981275956,0.3869675815252549
exclude027_grouped_cv_non027,C1_5k,C0,5,9,0.1,4,v_0400_0500,400.0,500.0,1012,29,0.005027721806745944,0.07342604081542962,0.1412935306861417,0.17866723437150897,0.3772132119063371
exclude027_grouped_cv_non027,C1_5k,C0,5,9,0.1,5,v_0500_0600,500.0,600.0,1289,29,-0.044388359307922,0.0785467618825244,0.15440857996511345,0.20106734613127256,0.3122956361038405
exclude027_grouped_cv_non027,C1_5k,C0,5,9,0.1,6,v_0600_0700,600.0,700.0,1351,30,-0.08567693270791993,0.10766158979238835,0.1860147916203058,0.22514277549980682,0.4185882320286964
exclude027_grouped_cv_non027,C1_5k,C0,5,9,0.1,7,v_0700_0800,700.0,800.0,999,30,-0.12491277380402704,0.1405729269609662,0.24403142926832996,0.2822292034436793,0.3994971550562241
exclude027_grouped_cv_non027,C1_5k,C0,5,9,0.1,8,v_0800_0900,800.0,900.0,1115,32,-0.10694387071586817,0.1268940752455344,0.2193176707426522,0.2684560379869735,0.2953863435844823
exclude027_grouped_cv_non027,C1_5k,C0,5,9,0.1,9,v_0900_1000,900.0,1000.0,1507,34,-0.06779056865376754,0.09123585448960068,0.15340259767853992,0.2009325417329118,0.2430311226028152
exclude027_grouped_cv_non027,C1_5k,C0,5,9,0.1,10,v_1000_1100,1000.0,1100.0,1517,35,-0.024342390527884897,0.06427056966209133,0.12446167895571689,0.18182908222753488,0.2417937506500038
exclude027_grouped_cv_non027,C1_5k,C0,5,9,0.1,11,v_1100_1200,1100.0,1200.0,1240,35,0.018843194846852512,0.06799602260629235,0.12659382705384675,0.19018124239855122,0.3532924597803912
exclude027_grouped_cv_non027,C1_5k,C0,5,9,0.1,12,v_1200_1300,1200.0,1300.0,1411,35,0.056891300219909055,0.07753848430601477,0.14642821047846505,0.17968294473493956,0.2460048666843022
exclude027_grouped_cv_non027,C1_5k,C0,5,9,0.1,13,v_1300_1400,1300.0,1400.0,1526,35,0.0478548727317413,0.07391307966796253,0.14055990371317767,0.1692212285862176,0.2274832003622577
exclude027_grouped_cv_non027,C1_5k,C0,5,9,0.1,14,v_1400_1500,1400.0,1500.0,1541,35,0.03665067832792672,0.0633122717347235,0.11964623884428481,0.15198879771269744,0.1977359249631263
exclude027_grouped_cv_non027,C1_5k,C0,5,9,0.1,15,v_1500_1600,1500.0,1600.0,1513,35,0.014384374060470145,0.06070328729358883,0.11719244572986062,0.20347483870810149,0.3018895950964406
exclude027_grouped_cv_non027,C1_5k,C0,5,9,0.1,16,v_1600_1700,1600.0,1700.0,1431,35,-0.02489741574120853,0.07043577214830873,0.13791800484986733,0.19131813633374525,0.3738442916552458
exclude027_grouped_cv_non027,C1_5k,C0,5,9,0.1,17,v_1700_1800,1700.0,1800.0,1388,35,-0.019402721702742556,0.06530791484490404,0.12938146376611212,0.16592481435976386,0.2135432868685711
exclude027_grouped_cv_non027,C1_5k,C0,5,9,0.1,18,v_1800_1900,1800.0,1900.0,1321,35,0.0036355636415660573,0.06612143094895712,0.1293390787024201,0.1701389290216191,0.2769109251321424
exclude027_grouped_cv_non027,C1_5k,C0,5,9,0.1,19,v_1900_2000,1900.0,2000.0,1252,35,0.002335278398032844,0.06375567993216165,0.1221677610318189,0.16978346924522475,0.2394272345853778
exclude027_grouped_cv_non027,C1_5k,C0,5,9,0.1,20,v_2000_2100,2000.0,2100.0,1126,30,0.009973015902239504,0.06659659953673448,0.1290285978546424,0.17536233858463568,0.2410398596762206
exclude027_grouped_cv_non027,C1_5k,C0,5,9,0.1,21,v_2100_2200,2100.0,2200.0,842,25,0.00743196396530471,0.07003394740572626,0.14729945262568994,0.1824650088174553,0.2604344276544452
exclude027_grouped_cv_non027,C1_5k,C0,5,9,0.1,22,v_2200_2300,2200.0,2300.0,689,23,0.0214009164874045,0.0691235675573569,0.140755338495021,0.19238970771727107,0.2942356733212818
exclude027_grouped_cv_non027,C1_5k,C0,5,9,0.1,23,v_2300_2400,2300.0,2400.0,948,24,0.03955359726595571,0.07885291658835736,0.13442866467890885,0.2894473177349534,0.5468938822320979
exclude027_grouped_cv_non027,C1_5k,C0,5,9,0.1,24,v_2400_2500,2400.0,2500.0,1089,24,0.045896897463021856,0.07342255009189358,0.1562786992023046,0.2211319181943826,0.2235989540171203
exclude027_grouped_cv_non027,C1_5k,C0,5,9,0.1,25,v_2500_2600,2500.0,2600.0,813,24,0.027843471139610186,0.06585753335022303,0.13408227072193352,0.18141991312479297,0.2600665925551766
exclude027_grouped_cv_non027,C1_5k,C0,5,9,0.1,26,v_2600_2700,2600.0,2700.0,441,20,0.007666429355021539,0.059935531197308135,0.12657093232634187,0.19154606362517781,0.2209102815943424
exclude027_grouped_cv_non027,C1_5k,C0,5,9,0.1,27,v_2700_2800,2700.0,2800.0,541,18,-0.050285897794756035,0.08863257425615513,0.14868127869897046,0.22527681330694702,0.4147937548120808
exclude027_grouped_cv_non027,C1_5k,C0,5,9,0.1,28,v_2800_2900,2800.0,2900.0,580,15,-0.09579441420854594,0.1053780795847208,0.15652447863847269,0.18036562192537503,0.2298343950697017
exclude027_grouped_cv_non027,C1_5k,C0,5,9,0.1,29,v_2900_3000,2900.0,3000.0,345,11,-0.11558182120164216,0.12520313842849357,0.1751714027781555,0.19237534066638656,0.2392512818067871
exclude027_grouped_cv_non027,C1_5k,C0+C1,5,9,0.1,0,v_0000_0100,0.0,100.0,323,11,-0.014536926541615671,0.078940673182372,0.16870475188477244,0.19105810536541268,0.2190243277910276
exclude027_grouped_cv_non027,C1_5k,C0+C1,5,9,0.1,1,v_0100_0200,100.0,200.0,601,17,0.02037227132551516,0.10374765804918037,0.20759021370302078,0.31460588011500634,0.35123635434713385
exclude027_grouped_cv_non027,C1_5k,C0+C1,5,9,0.1,2,v_0200_0300,200.0,300.0,844,21,0.04603949010916839,0.10704837473029485,0.185365500249283,0.335369390393767,0.447560360774352
exclude027_grouped_cv_non027,C1_5k,C0+C1,5,9,0.1,3,v_0300_0400,300.0,400.0,905,25,0.0524104325236914,0.09418937161170862,0.20558426269323812,0.24562800568939117,0.35088090266545413
exclude027_grouped_cv_non027,C1_5k,C0+C1,5,9,0.1,4,v_0400_0500,400.0,500.0,1012,29,0.020441192004866313,0.07543864385561981,0.12875498710265146,0.18385644999533474,0.3977338991249437
exclude027_grouped_cv_non027,C1_5k,C0+C1,5,9,0.1,5,v_0500_0600,500.0,600.0,1289,29,-0.00733621466174444,0.06554399157540063,0.1218755132729031,0.17635199722109446,0.2768741288423583
exclude027_grouped_cv_non027,C1_5k,C0+C1,5,9,0.1,6,v_0600_0700,600.0,700.0,1351,30,-0.03634885117382643,0.07487707707365016,0.13950499339331404,0.1825383367771025,0.36405560247230306
exclude027_grouped_cv_non027,C1_5k,C0+C1,5,9,0.1,7,v_0700_0800,700.0,800.0,999,30,-0.07139161862651151,0.09652817591192815,0.18928311674447762,0.22723076996351432,0.345600607888893
exclude027_grouped_cv_non027,C1_5k,C0+C1,5,9,0.1,8,v_0800_0900,800.0,900.0,1115,32,-0.05609184704092327,0.08851683246850052,0.17150382118527735,0.21813538791589515,0.2933353519363813
exclude027_grouped_cv_non027,C1_5k,C0+C1,5,9,0.1,9,v_0900_1000,900.0,1000.0,1507,34,-0.024277697294155007,0.0659074912260338,0.11704552864873824,0.18454624426787655,0.24507050610953504
exclude027_grouped_cv_non027,C1_5k,C0+C1,5,9,0.1,10,v_1000_1100,1000.0,1100.0,1517,35,0.00933629754901254,0.060251772248369716,0.11173649835081045,0.1569865702655997,0.2252193793218338
exclude027_grouped_cv_non027,C1_5k,C0+C1,5,9,0.1,11,v_1100_1200,1100.0,1200.0,1240,35,0.04084995533862046,0.0762596304951613,0.14411066557638513,0.20748687443129335,0.3778101372629117
exclude027_grouped_cv_non027,C1_5k,C0+C1,5,9,0.1,12,v_1200_1300,1200.0,1300.0,1411,35,0.06675063386696253,0.08503166456344763,0.1566250925353393,0.19369644329218227,0.25554770555887146
exclude027_grouped_cv_non027,C1_5k,C0+C1,5,9,0.1,13,v_1300_1400,1300.0,1400.0,1526,35,0.04762381107924603,0.07415327158422375,0.14106109393854457,0.17086241818336914,0.23111387649637893
exclude027_grouped_cv_non027,C1_5k,C0+C1,5,9,0.1,14,v_1400_1500,1400.0,1500.0,1541,35,0.02830840956786867,0.05884278980188747,0.11272308618231563,0.14565197238172398,0.1867663250344819
exclude027_grouped_cv_non027,C1_5k,C0+C1,5,9,0.1,15,v_1500_1600,1500.0,1600.0,1513,35,0.0012349965689112904,0.05914337086710099,0.11858947990546961,0.1918091896903373,0.28690221108144637
exclude027_grouped_cv_non027,C1_5k,C0+C1,5,9,0.1,16,v_1600_1700,1600.0,1700.0,1431,35,-0.0392263389676414,0.07660752108869849,0.14794859762165152,0.19636377324709606,0.3860141191848455
exclude027_grouped_cv_non027,C1_5k,C0+C1,5,9,0.1,17,v_1700_1800,1700.0,1800.0,1388,35,-0.03267307040758078,0.0706098689218151,0.14049851999374452,0.17855284524669462,0.2073147175280817
exclude027_grouped_cv_non027,C1_5k,C0+C1,5,9,0.1,18,v_1800_1900,1800.0,1900.0,1321,35,-0.0075826233012244474,0.06678594742672588,0.13142509716080114,0.1807442748727849,0.2897038400582122
exclude027_grouped_cv_non027,C1_5k,C0+C1,5,9,0.1,19,v_1900_2000,1900.0,2000.0,1252,35,-0.0072704132566140415,0.0644674620993416,0.13113707440473846,0.16916920921029982,0.250602132096751
exclude027_grouped_cv_non027,C1_5k,C0+C1,5,9,0.1,20,v_2000_2100,2000.0,2100.0,1126,30,0.0004552479486140998,0.06615459402335548,0.1321717378971106,0.18502157597533164,0.2513852983937499
exclude027_grouped_cv_non027,C1_5k,C0+C1,5,9,0.1,21,v_2100_2200,2100.0,2200.0,842,25,-0.0033810243319451275,0.07003139012261927,0.15906809142367617,0.19097095385062515,0.25104512609993296
exclude027_grouped_cv_non027,C1_5k,C0+C1,5,9,0.1,22,v_2200_2300,2200.0,2300.0,689,23,0.008783420362734514,0.06637326851972981,0.13485063826130236,0.1988338292632039,0.3017092213729669
exclude027_grouped_cv_non027,C1_5k,C0+C1,5,9,0.1,23,v_2300_2400,2300.0,2400.0,948,24,0.026824857030050095,0.07355414650240555,0.12164732173770816,0.2760375465779609,0.5308223824935252
exclude027_grouped_cv_non027,C1_5k,C0+C1,5,9,0.1,24,v_2400_2500,2400.0,2500.0,1089,24,0.0359094770709038,0.06837600322258353,0.14474717802082804,0.20352565933424224,0.21744451390223962
exclude027_grouped_cv_non027,C1_5k,C0+C1,5,9,0.1,25,v_2500_2600,2500.0,2600.0,813,24,0.02435031634064655,0.06561669998322398,0.1328079381479961,0.17987883326915696,0.26374202954923337
exclude027_grouped_cv_non027,C1_5k,C0+C1,5,9,0.1,26,v_2600_2700,2600.0,2700.0,441,20,0.02001512082816432,0.06249598811913887,0.13934435254227526,0.18854019558203203,0.22415502296163423
exclude027_grouped_cv_non027,C1_5k,C0+C1,5,9,0.1,27,v_2700_2800,2700.0,2800.0,541,18,-0.012727174538776918,0.07168959591148233,0.13377566488086287,0.21799386001587467,0.3624483203716323
exclude027_grouped_cv_non027,C1_5k,C0+C1,5,9,0.1,28,v_2800_2900,2800.0,2900.0,580,15,-0.02673678787932783,0.0552057308163341,0.10091831996006738,0.1589806464090104,0.23759303285495476
exclude027_grouped_cv_non027,C1_5k,C0+C1,5,9,0.1,29,v_2900_3000,2900.0,3000.0,345,11,-0.0005108108996053581,0.057200370058924366,0.12008846437577958,0.17395924981088198,0.32326448931917395
full36_fullfit_all36,C1_5k,C0,5,9,0.1,0,v_0000_0100,0.0,100.0,323,11,0.16476217503504978,0.18033925181398608,0.2602972413815707,0.3044477107114174,0.3373106132157772
full36_fullfit_all36,C1_5k,C0,5,9,0.1,1,v_0100_0200,100.0,200.0,643,18,0.1266598569303492,0.16669689826960932,0.26111456415760104,0.38469124698373547,0.4448776126135954
full36_fullfit_all36,C1_5k,C0,5,9,0.1,2,v_0200_0300,200.0,300.0,920,22,0.10143142812800393,0.14450804042877038,0.23559411427569604,0.39608517349265243,0.535807286652016
full36_fullfit_all36,C1_5k,C0,5,9,0.1,3,v_0300_0400,300.0,400.0,976,26,0.06661698169458438,0.10535246897076891,0.22566490158429994,0.24980525509834955,0.3869675815252549
full36_fullfit_all36,C1_5k,C0,5,9,0.1,4,v_0400_0500,400.0,500.0,1061,30,0.000508774582549212,0.08136785058842874,0.14587375034218147,0.2673308447158848,0.5274230267441453
full36_fullfit_all36,C1_5k,C0,5,9,0.1,5,v_0500_0600,500.0,600.0,1366,30,-0.04371105438538509,0.07771972333585028,0.1537631624226947,0.1995215223812086,0.3122956361038405
full36_fullfit_all36,C1_5k,C0,5,9,0.1,6,v_0600_0700,600.0,700.0,1363,31,-0.08481191280355113,0.10664883041938061,0.18488150935887945,0.2248277488944353,0.4185882320286964
full36_fullfit_all36,C1_5k,C0,5,9,0.1,7,v_0700_0800,700.0,800.0,1003,31,-0.12008294623765783,0.13885020691490213,0.24104832663818973,0.28180499881991444,0.3994971550562241
full36_fullfit_all36,C1_5k,C0,5,9,0.1,8,v_0800_0900,800.0,900.0,1177,33,-0.10200951202855428,0.12550492038017286,0.21734752681229122,0.26704040729245393,0.2953863435844823
full36_fullfit_all36,C1_5k,C0,5,9,0.1,9,v_0900_1000,900.0,1000.0,1583,35,-0.062035229414108536,0.09291182152667794,0.15614343465983244,0.20178633443626554,0.2430311226028152
full36_fullfit_all36,C1_5k,C0,5,9,0.1,10,v_1000_1100,1000.0,1100.0,1554,36,-0.017437767485322386,0.07401445468893396,0.15009616369966686,0.23261813716944404,0.3589744798377978
full36_fullfit_all36,C1_5k,C0,5,9,0.1,11,v_1100_1200,1100.0,1200.0,1262,36,0.02739905124399044,0.08723007612962051,0.14988792266073594,0.35332138843790295,0.4673112004591075
full36_fullfit_all36,C1_5k,C0,5,9,0.1,12,v_1200_1300,1200.0,1300.0,1469,36,0.06614709507540498,0.10053207378465702,0.1660975475905813,0.4012214900396799,0.4313197142058698
full36_fullfit_all36,C1_5k,C0,5,9,0.1,13,v_1300_1400,1300.0,1400.0,1602,36,0.05864312467835675,0.10296871690869443,0.155733481986729,0.4410719552332927,0.4665276683218735
full36_fullfit_all36,C1_5k,C0,5,9,0.1,14,v_1400_1500,1400.0,1500.0,1593,36,0.04893657712410663,0.10143109114562539,0.1366283739694058,0.4869275631389791,0.5367846632395867
full36_fullfit_all36,C1_5k,C0,5,9,0.1,15,v_1500_1600,1500.0,1600.0,1539,36,0.02823271504705705,0.10443717620029436,0.14445841905908655,0.5195015261617255,0.561264223555213
full36_fullfit_all36,C1_5k,C0,5,9,0.1,16,v_1600_1700,1600.0,1700.0,1493,36,-0.009776685623072464,0.11102483670202092,0.15952046724109523,0.5272662867408932,0.5725298157542511
full36_fullfit_all36,C1_5k,C0,5,9,0.1,17,v_1700_1800,1700.0,1800.0,1464,36,-0.0029784630323613026,0.11513099129851151,0.14920864638722223,0.5897552395466307,0.6241623458050753
full36_fullfit_all36,C1_5k,C0,5,9,0.1,18,v_1800_1900,1800.0,1900.0,1342,36,0.02147581582250184,0.12597419483498762,0.15176576555109375,0.6501738806756879,0.7228659990850019
full36_fullfit_all36,C1_5k,C0,5,9,0.1,19,v_1900_2000,1900.0,2000.0,1253,36,0.022315851201744685,0.13571067125512937,0.14665532858308145,0.5480407800229996,0.721635899331659
full36_fullfit_all36,C1_5k,C0,5,9,0.1,20,v_2000_2100,2000.0,2100.0,1126,30,0.009973015902239504,0.06659659953673448,0.1290285978546424,0.17536233858463568,0.2410398596762206
full36_fullfit_all36,C1_5k,C0,5,9,0.1,21,v_2100_2200,2100.0,2200.0,842,25,0.00743196396530471,0.07003394740572626,0.14729945262568994,0.1824650088174553,0.2604344276544452
full36_fullfit_all36,C1_5k,C0,5,9,0.1,22,v_2200_2300,2200.0,2300.0,689,23,0.0214009164874045,0.0691235675573569,0.140755338495021,0.19238970771727107,0.2942356733212818
full36_fullfit_all36,C1_5k,C0,5,9,0.1,23,v_2300_2400,2300.0,2400.0,948,24,0.03955359726595571,0.07885291658835736,0.13442866467890885,0.2894473177349534,0.5468938822320979
full36_fullfit_all36,C1_5k,C0,5,9,0.1,24,v_2400_2500,2400.0,2500.0,1089,24,0.045896897463021856,0.07342255009189358,0.1562786992023046,0.2211319181943826,0.2235989540171203
full36_fullfit_all36,C1_5k,C0,5,9,0.1,25,v_2500_2600,2500.0,2600.0,813,24,0.027843471139610186,0.06585753335022303,0.13408227072193352,0.18141991312479297,0.2600665925551766
full36_fullfit_all36,C1_5k,C0,5,9,0.1,26,v_2600_2700,2600.0,2700.0,441,20,0.007666429355021539,0.059935531197308135,0.12657093232634187,0.19154606362517781,0.2209102815943424
full36_fullfit_all36,C1_5k,C0,5,9,0.1,27,v_2700_2800,2700.0,2800.0,541,18,-0.050285897794756035,0.08863257425615513,0.14868127869897046,0.22527681330694702,0.4147937548120808
full36_fullfit_all36,C1_5k,C0,5,9,0.1,28,v_2800_2900,2800.0,2900.0,580,15,-0.09579441420854594,0.1053780795847208,0.15652447863847269,0.18036562192537503,0.2298343950697017
full36_fullfit_all36,C1_5k,C0,5,9,0.1,29,v_2900_3000,2900.0,3000.0,345,11,-0.11558182120164216,0.12520313842849357,0.1751714027781555,0.19237534066638656,0.2392512818067871
full36_fullfit_all36,C1_5k,C0+C1,5,9,0.1,0,v_0000_0100,0.0,100.0,323,11,-0.003823886898129919,0.07550269613945175,0.15183763027476885,0.17951063226794806,0.20107021428943525
full36_fullfit_all36,C1_5k,C0+C1,5,9,0.1,1,v_0100_0200,100.0,200.0,643,18,0.021620053571168717,0.10945124500202366,0.22045288226358717,0.31686955622411156,0.3636086414033206
full36_fullfit_all36,C1_5k,C0+C1,5,9,0.1,2,v_0200_0300,200.0,300.0,920,22,0.050061962705742126,0.1140898297356434,0.1941623238803956,0.33831555917027367,0.46597490568497946
full36_fullfit_all36,C1_5k,C0+C1,5,9,0.1,3,v_0300_0400,300.0,400.0,976,26,0.06000046537566034,0.09974888942454857,0.21088388001108077,0.24638514905878373,0.367044306839964
full36_fullfit_all36,C1_5k,C0+C1,5,9,0.1,4,v_0400_0500,400.0,500.0,1061,30,0.027725779367111132,0.08506312607577984,0.13804503491539116,0.2731223873096884,0.5043926184012559
full36_fullfit_all36,C1_5k,C0+C1,5,9,0.1,5,v_0500_0600,500.0,600.0,1366,30,0.003291840822940725,0.06379186045853906,0.11929769938412411,0.16255927691275157,0.26278800992507256
full36_fullfit_all36,C1_5k,C0+C1,5,9,0.1,6,v_0600_0700,600.0,700.0,1363,31,-0.027936628940999495,0.07009448492354163,0.13129225829754498,0.17607947167574595,0.3600757405474495
full36_fullfit_all36,C1_5k,C0+C1,5,9,0.1,7,v_0700_0800,700.0,800.0,1003,31,-0.06192176576036513,0.0932502952542742,0.18855421336172967,0.2222383935972329,0.3416447664792049
full36_fullfit_all36,C1_5k,C0+C1,5,9,0.1,8,v_0800_0900,800.0,900.0,1177,33,-0.049829083202638444,0.08817473280369807,0.17052408107853653,0.21790311923671637,0.293998273991583
full36_fullfit_all36,C1_5k,C0+C1,5,9,0.1,9,v_0900_1000,900.0,1000.0,1583,35,-0.019931632517171963,0.07159230046909285,0.14394452087633422,0.19975289508138083,0.25148644256028496
full36_fullfit_all36,C1_5k,C0+C1,5,9,0.1,10,v_1000_1100,1000.0,1100.0,1554,36,0.012227460736557729,0.0727478363669347,0.1389955508939523,0.26493098203901844,0.3905199171590559
full36_fullfit_all36,C1_5k,C0+C1,5,9,0.1,11,v_1100_1200,1100.0,1200.0,1262,36,0.043125068041015964,0.09235293871676367,0.15835021398803528,0.35843792030307164,0.47760189357273714
full36_fullfit_all36,C1_5k,C0+C1,5,9,0.1,12,v_1200_1300,1200.0,1300.0,1469,36,0.0680531001316877,0.10164498932922537,0.1708916675533427,0.4020341640157694,0.4323559614574416
full36_fullfit_all36,C1_5k,C0+C1,5,9,0.1,13,v_1300_1400,1300.0,1400.0,1602,36,0.049653034436133316,0.09833893418847844,0.1497692524931078,0.4317920692096281,0.4534767369740425
full36_fullfit_all36,C1_5k,C0+C1,5,9,0.1,14,v_1400_1500,1400.0,1500.0,1593,36,0.031738535021298225,0.09430258971061523,0.12548749675249332,0.46882075170055326,0.5189442474988524
full36_fullfit_all36,C1_5k,C0+C1,5,9,0.1,15,v_1500_1600,1500.0,1600.0,1539,36,0.006945499042263546,0.10084387941548532,0.1485281435164079,0.49787850839236797,0.5407259030985877
full36_fullfit_all36,C1_5k,C0+C1,5,9,0.1,16,v_1600_1700,1600.0,1700.0,1493,36,-0.030817789298025897,0.11477963925960791,0.17118477018509673,0.5064677728576507,0.5509889035218078
full36_fullfit_all36,C1_5k,C0+C1,5,9,0.1,17,v_1700_1800,1700.0,1800.0,1464,36,-0.021155528351420337,0.11718910092481122,0.16209603273567874,0.5722780518321967,0.6074338291850269
full36_fullfit_all36,C1_5k,C0+C1,5,9,0.1,18,v_1800_1900,1800.0,1900.0,1342,36,0.007195111964238127,0.12426148354311556,0.16345836922943488,0.6345008229599826,0.7087031018454576
full36_fullfit_all36,C1_5k,C0+C1,5,9,0.1,19,v_1900_2000,1900.0,2000.0,1253,36,0.011300186681705387,0.13432257264726802,0.15188297522500138,0.5447008093878338,0.7103218206145119
full36_fullfit_all36,C1_5k,C0+C1,5,9,0.1,20,v_2000_2100,2000.0,2100.0,1126,30,-3.839336992119162e-06,0.06585092905185606,0.1307349625365751,0.18411812538365388,0.25133410995853134
full36_fullfit_all36,C1_5k,C0+C1,5,9,0.1,21,v_2100_2200,2100.0,2200.0,842,25,-0.003673022255291797,0.0697108187048668,0.15788250904918893,0.1918239679216987,0.24950018103497637
full36_fullfit_all36,C1_5k,C0+C1,5,9,0.1,22,v_2200_2300,2200.0,2300.0,689,23,0.00844615771310767,0.06628347791916471,0.13385503265707713,0.20199175046798526,0.30486597698242046
full36_fullfit_all36,C1_5k,C0+C1,5,9,0.1,23,v_2300_2400,2300.0,2400.0,948,24,0.026127877801632938,0.07306242968029078,0.12120807423981658,0.276193442576107,0.5335300705823245
full36_fullfit_all36,C1_5k,C0+C1,5,9,0.1,24,v_2400_2500,2400.0,2500.0,1089,24,0.03498927635686251,0.06723466212776796,0.1448317138546325,0.21241245759171298,0.2144953649743747
full36_fullfit_all36,C1_5k,C0+C1,5,9,0.1,25,v_2500_2600,2500.0,2600.0,813,24,0.02339475595822709,0.06426650170955585,0.12925064142861512,0.17766074389284764,0.25788381966961754
full36_fullfit_all36,C1_5k,C0+C1,5,9,0.1,26,v_2600_2700,2600.0,2700.0,441,20,0.019140148831680907,0.06135392345773687,0.13267062562129806,0.1866190222831885,0.2300093987518796
full36_fullfit_all36,C1_5k,C0+C1,5,9,0.1,27,v_2700_2800,2700.0,2800.0,541,18,-0.012581982301249846,0.07096217249300717,0.1347098885309063,0.2136178800308607,0.37076682721028964
full36_fullfit_all36,C1_5k,C0+C1,5,9,0.1,28,v_2800_2900,2800.0,2900.0,580,15,-0.025413721334199578,0.05213292056849521,0.09560646574756036,0.15518620338959585,0.22736253616846386
full36_fullfit_all36,C1_5k,C0+C1,5,9,0.1,29,v_2900_3000,2900.0,3000.0,345,11,0.0020936985681849632,0.05076517995473817,0.10927855288193825,0.1605485957546243,0.30949444462163755
exclude027_fullfit_non027,C1_5k,C0,5,9,0.1,0,v_0000_0100,0.0,100.0,323,11,0.16476217503504978,0.18033925181398608,0.2602972413815707,0.3044477107114174,0.3373106132157772
exclude027_fullfit_non027,C1_5k,C0,5,9,0.1,1,v_0100_0200,100.0,200.0,601,17,0.13771711709154807,0.1705776092900896,0.2665020392163158,0.3941941110609575,0.4448776126135954
exclude027_fullfit_non027,C1_5k,C0,5,9,0.1,2,v_0200_0300,200.0,300.0,844,21,0.11007768765162163,0.14656033512301353,0.2410657658112595,0.3970185409625679,0.535807286652016
exclude027_fullfit_non027,C1_5k,C0,5,9,0.1,3,v_0300_0400,300.0,400.0,905,25,0.07145279545511082,0.10651751294427098,0.22581787681514423,0.2549456981275956,0.3869675815252549
exclude027_fullfit_non027,C1_5k,C0,5,9,0.1,4,v_0400_0500,400.0,500.0,1012,29,0.005027721806745944,0.07342604081542962,0.1412935306861417,0.17866723437150897,0.3772132119063371
exclude027_fullfit_non027,C1_5k,C0,5,9,0.1,5,v_0500_0600,500.0,600.0,1289,29,-0.044388359307922,0.0785467618825244,0.15440857996511345,0.20106734613127256,0.3122956361038405
exclude027_fullfit_non027,C1_5k,C0,5,9,0.1,6,v_0600_0700,600.0,700.0,1351,30,-0.08567693270791993,0.10766158979238835,0.1860147916203058,0.22514277549980682,0.4185882320286964
exclude027_fullfit_non027,C1_5k,C0,5,9,0.1,7,v_0700_0800,700.0,800.0,999,30,-0.12491277380402704,0.1405729269609662,0.24403142926832996,0.2822292034436793,0.3994971550562241
exclude027_fullfit_non027,C1_5k,C0,5,9,0.1,8,v_0800_0900,800.0,900.0,1115,32,-0.10694387071586817,0.1268940752455344,0.2193176707426522,0.2684560379869735,0.2953863435844823
exclude027_fullfit_non027,C1_5k,C0,5,9,0.1,9,v_0900_1000,900.0,1000.0,1507,34,-0.06779056865376754,0.09123585448960068,0.15340259767853992,0.2009325417329118,0.2430311226028152
exclude027_fullfit_non027,C1_5k,C0,5,9,0.1,10,v_1000_1100,1000.0,1100.0,1517,35,-0.024342390527884897,0.06427056966209133,0.12446167895571689,0.18182908222753488,0.2417937506500038
exclude027_fullfit_non027,C1_5k,C0,5,9,0.1,11,v_1100_1200,1100.0,1200.0,1240,35,0.018843194846852512,0.06799602260629235,0.12659382705384675,0.19018124239855122,0.3532924597803912
exclude027_fullfit_non027,C1_5k,C0,5,9,0.1,12,v_1200_1300,1200.0,1300.0,1411,35,0.056891300219909055,0.07753848430601477,0.14642821047846505,0.17968294473493956,0.2460048666843022
exclude027_fullfit_non027,C1_5k,C0,5,9,0.1,13,v_1300_1400,1300.0,1400.0,1526,35,0.0478548727317413,0.07391307966796253,0.14055990371317767,0.1692212285862176,0.2274832003622577
exclude027_fullfit_non027,C1_5k,C0,5,9,0.1,14,v_1400_1500,1400.0,1500.0,1541,35,0.03665067832792672,0.0633122717347235,0.11964623884428481,0.15198879771269744,0.1977359249631263
exclude027_fullfit_non027,C1_5k,C0,5,9,0.1,15,v_1500_1600,1500.0,1600.0,1513,35,0.014384374060470145,0.06070328729358883,0.11719244572986062,0.20347483870810149,0.3018895950964406
exclude027_fullfit_non027,C1_5k,C0,5,9,0.1,16,v_1600_1700,1600.0,1700.0,1431,35,-0.02489741574120853,0.07043577214830873,0.13791800484986733,0.19131813633374525,0.3738442916552458
exclude027_fullfit_non027,C1_5k,C0,5,9,0.1,17,v_1700_1800,1700.0,1800.0,1388,35,-0.019402721702742556,0.06530791484490404,0.12938146376611212,0.16592481435976386,0.2135432868685711
exclude027_fullfit_non027,C1_5k,C0,5,9,0.1,18,v_1800_1900,1800.0,1900.0,1321,35,0.0036355636415660573,0.06612143094895712,0.1293390787024201,0.1701389290216191,0.2769109251321424
exclude027_fullfit_non027,C1_5k,C0,5,9,0.1,19,v_1900_2000,1900.0,2000.0,1252,35,0.002335278398032844,0.06375567993216165,0.1221677610318189,0.16978346924522475,0.2394272345853778
exclude027_fullfit_non027,C1_5k,C0,5,9,0.1,20,v_2000_2100,2000.0,2100.0,1126,30,0.009973015902239504,0.06659659953673448,0.1290285978546424,0.17536233858463568,0.2410398596762206
exclude027_fullfit_non027,C1_5k,C0,5,9,0.1,21,v_2100_2200,2100.0,2200.0,842,25,0.00743196396530471,0.07003394740572626,0.14729945262568994,0.1824650088174553,0.2604344276544452
exclude027_fullfit_non027,C1_5k,C0,5,9,0.1,22,v_2200_2300,2200.0,2300.0,689,23,0.0214009164874045,0.0691235675573569,0.140755338495021,0.19238970771727107,0.2942356733212818
exclude027_fullfit_non027,C1_5k,C0,5,9,0.1,23,v_2300_2400,2300.0,2400.0,948,24,0.03955359726595571,0.07885291658835736,0.13442866467890885,0.2894473177349534,0.5468938822320979
exclude027_fullfit_non027,C1_5k,C0,5,9,0.1,24,v_2400_2500,2400.0,2500.0,1089,24,0.045896897463021856,0.07342255009189358,0.1562786992023046,0.2211319181943826,0.2235989540171203
exclude027_fullfit_non027,C1_5k,C0,5,9,0.1,25,v_2500_2600,2500.0,2600.0,813,24,0.027843471139610186,0.06585753335022303,0.13408227072193352,0.18141991312479297,0.2600665925551766
exclude027_fullfit_non027,C1_5k,C0,5,9,0.1,26,v_2600_2700,2600.0,2700.0,441,20,0.007666429355021539,0.059935531197308135,0.12657093232634187,0.19154606362517781,0.2209102815943424
exclude027_fullfit_non027,C1_5k,C0,5,9,0.1,27,v_2700_2800,2700.0,2800.0,541,18,-0.050285897794756035,0.08863257425615513,0.14868127869897046,0.22527681330694702,0.4147937548120808
exclude027_fullfit_non027,C1_5k,C0,5,9,0.1,28,v_2800_2900,2800.0,2900.0,580,15,-0.09579441420854594,0.1053780795847208,0.15652447863847269,0.18036562192537503,0.2298343950697017
exclude027_fullfit_non027,C1_5k,C0,5,9,0.1,29,v_2900_3000,2900.0,3000.0,345,11,-0.11558182120164216,0.12520313842849357,0.1751714027781555,0.19237534066638656,0.2392512818067871
exclude027_fullfit_non027,C1_5k,C0+C1,5,9,0.1,0,v_0000_0100,0.0,100.0,323,11,-0.0170119968528058,0.07710486242526658,0.16310157170708495,0.1906772891729821,0.21310541665570246
exclude027_fullfit_non027,C1_5k,C0+C1,5,9,0.1,1,v_0100_0200,100.0,200.0,601,17,0.016871139905339432,0.10181648139597124,0.20806385148578055,0.31251933607203397,0.3479614735599276
exclude027_fullfit_non027,C1_5k,C0+C1,5,9,0.1,2,v_0200_0300,200.0,300.0,844,21,0.04328971959332127,0.10532856874583954,0.18249513768500006,0.33499295680473706,0.4502973917883507
exclude027_fullfit_non027,C1_5k,C0+C1,5,9,0.1,3,v_0300_0400,300.0,400.0,905,25,0.050784570135891036,0.0919265211641115,0.19612184648869782,0.23768271690172663,0.3522520621121447
exclude027_fullfit_non027,C1_5k,C0+C1,5,9,0.1,4,v_0400_0500,400.0,500.0,1012,29,0.020443179371927862,0.07487576138499687,0.12831106234439585,0.1847934909364333,0.40013544638681015
exclude027_fullfit_non027,C1_5k,C0+C1,5,9,0.1,5,v_0500_0600,500.0,600.0,1289,29,-0.006333237330247191,0.06444430193746818,0.12257417065485458,0.17165008718303346,0.27131915766424264
exclude027_fullfit_non027,C1_5k,C0+C1,5,9,0.1,6,v_0600_0700,600.0,700.0,1351,30,-0.034830952817269015,0.07344299055991327,0.13745586639098742,0.18430558445182016,0.365249004961841
exclude027_fullfit_non027,C1_5k,C0+C1,5,9,0.1,7,v_0700_0800,700.0,800.0,999,30,-0.06997334865479349,0.09513621394243793,0.18916150520198297,0.22702725047180264,0.344333118312669
exclude027_fullfit_non027,C1_5k,C0+C1,5,9,0.1,8,v_0800_0900,800.0,900.0,1115,32,-0.05514463379929225,0.08758848991963851,0.1708746362104062,0.21881959317046393,0.29452027827078586
exclude027_fullfit_non027,C1_5k,C0+C1,5,9,0.1,9,v_0900_1000,900.0,1000.0,1507,34,-0.023737628046728253,0.06516769485326421,0.11433931969975551,0.18524019095578334,0.2456880268709874
exclude027_fullfit_non027,C1_5k,C0+C1,5,9,0.1,10,v_1000_1100,1000.0,1100.0,1517,35,0.009172553880012016,0.05968280857494073,0.11111519216592788,0.15751699647413625,0.22547885054344954
exclude027_fullfit_non027,C1_5k,C0+C1,5,9,0.1,11,v_1100_1200,1100.0,1200.0,1240,35,0.04007887652794557,0.07553234971871559,0.1439688688111499,0.2061694808701638,0.3761150098412634
exclude027_fullfit_non027,C1_5k,C0+C1,5,9,0.1,12,v_1200_1300,1200.0,1300.0,1411,35,0.06549393921598803,0.08400228649126332,0.15471002364368158,0.19218244124695638,0.25531138467242354
exclude027_fullfit_non027,C1_5k,C0+C1,5,9,0.1,13,v_1300_1400,1300.0,1400.0,1526,35,0.04612683105994026,0.07310735412143361,0.13793231529675917,0.17072996195059809,0.2307407486960889
exclude027_fullfit_non027,C1_5k,C0+C1,5,9,0.1,14,v_1400_1500,1400.0,1500.0,1541,35,0.02683897057028972,0.05804676641265602,0.112976166667653,0.1454001045363178,0.18711526314832594
exclude027_fullfit_non027,C1_5k,C0+C1,5,9,0.1,15,v_1500_1600,1500.0,1600.0,1513,35,0.00012504542746758114,0.05908626836328157,0.11805687636430676,0.1926365796391252,0.2871383395009793
exclude027_fullfit_non027,C1_5k,C0+C1,5,9,0.1,16,v_1600_1700,1600.0,1700.0,1431,35,-0.03970244326816181,0.07689303222109575,0.14724348919990946,0.1990911864535111,0.38885091661274
exclude027_fullfit_non027,C1_5k,C0+C1,5,9,0.1,17,v_1700_1800,1700.0,1800.0,1388,35,-0.03241949892321996,0.07046493536174571,0.13963743851047852,0.17636503391061478,0.20499553677128654
exclude027_fullfit_non027,C1_5k,C0+C1,5,9,0.1,18,v_1800_1900,1800.0,1900.0,1321,35,-0.006688502807718861,0.06646726858238707,0.13019302831139856,0.1783450963983858,0.28774922469717845
exclude027_fullfit_non027,C1_5k,C0+C1,5,9,0.1,19,v_1900_2000,1900.0,2000.0,1252,35,-0.005971167698079294,0.06401862903192847,0.12836014701928258,0.167735598750297,0.2476034636172942
exclude027_fullfit_non027,C1_5k,C0+C1,5,9,0.1,20,v_2000_2100,2000.0,2100.0,1126,30,0.0016440343825170744,0.0659070435712815,0.12918168235935165,0.1828240702681927,0.25014852313556935
exclude027_fullfit_non027,C1_5k,C0+C1,5,9,0.1,21,v_2100_2200,2100.0,2200.0,842,25,-0.0028700199685100206,0.06966216876962569,0.15610337467087315,0.19191532894996488,0.25035512027906065
exclude027_fullfit_non027,C1_5k,C0+C1,5,9,0.1,22,v_2200_2300,2200.0,2300.0,689,23,0.008576299994004498,0.06630688826569048,0.13394412431411692,0.20173089323619103,0.3045733778730139
exclude027_fullfit_non027,C1_5k,C0+C1,5,9,0.1,23,v_2300_2400,2300.0,2400.0,948,24,0.025824597164638467,0.07294593075704453,0.12105993559303617,0.275797920282885,0.5331558029812715
exclude027_fullfit_non027,C1_5k,C0+C1,5,9,0.1,24,v_2400_2500,2400.0,2500.0,1089,24,0.0344362700926376,0.06694411548225224,0.1443112997449285,0.21179668980768074,0.21388561412503765
exclude027_fullfit_non027,C1_5k,C0+C1,5,9,0.1,25,v_2500_2600,2500.0,2600.0,813,24,0.022754831227058375,0.06403587743093654,0.12860708019204353,0.1772013770263309,0.2572363198363052
exclude027_fullfit_non027,C1_5k,C0+C1,5,9,0.1,26,v_2600_2700,2600.0,2700.0,441,20,0.018556831243684086,0.06116922520167578,0.13255593579425062,0.18607065289261196,0.22942834067936338
exclude027_fullfit_non027,C1_5k,C0+C1,5,9,0.1,27,v_2700_2800,2700.0,2800.0,541,18,-0.01297965395881767,0.07101509655608004,0.13431801441237676,0.21356092037960556,0.3711177871411418
exclude027_fullfit_non027,C1_5k,C0+C1,5,9,0.1,28,v_2800_2900,2800.0,2900.0,580,15,-0.02557915181619111,0.05223338740808992,0.09561213748436716,0.1553008006354754,0.22730561352533352
exclude027_fullfit_non027,C1_5k,C0+C1,5,9,0.1,29,v_2900_3000,2900.0,3000.0,345,11,0.0022297976552819064,0.05079701599921966,0.10930782659001094,0.16086259741563233,0.3098754301013187
full36_grouped_cv_027_heldout,C1_3k,C0,3,7,0.1,1,v_0100_0200,100.0,200.0,42,1,-0.06131356581003152,0.07441204619999706,0.12488447022435593,0.1656817066865892,0.1735438870471171
full36_grouped_cv_027_heldout,C1_3k,C0,3,7,0.1,2,v_0200_0300,200.0,300.0,76,1,-0.08014002186796844,0.09131294546567999,0.15013613274888937,0.1579491227324797,0.1584316917920887
full36_grouped_cv_027_heldout,C1_3k,C0,3,7,0.1,3,v_0300_0400,300.0,400.0,71,1,-0.05427836231857665,0.07020111522144154,0.13376879724070814,0.1452501052124603,0.1454724549776074
full36_grouped_cv_027_heldout,C1_3k,C0,3,7,0.1,4,v_0400_0500,400.0,500.0,49,1,-0.130540694919156,0.20560080898766162,0.48230533201987663,0.5136604919886292,0.5274230267441453
full36_grouped_cv_027_heldout,C1_3k,C0,3,7,0.1,5,v_0500_0600,500.0,600.0,77,1,-0.024069211631814264,0.047879448590847966,0.08376217259076944,0.09689278218098134,0.1045773214074188
full36_grouped_cv_027_heldout,C1_3k,C0,3,7,0.1,6,v_0600_0700,600.0,700.0,12,1,-0.0588613156724875,0.06973253491549619,0.11403240003555756,0.1270413418790303,0.1302935773398985
full36_grouped_cv_027_heldout,C1_3k,C0,3,7,0.1,7,v_0700_0800,700.0,800.0,4,1,0.02481188075341835,0.06955821258809812,0.11387887791847784,0.12781953785814948,0.1313047028430674
full36_grouped_cv_027_heldout,C1_3k,C0,3,7,0.1,8,v_0800_0900,800.0,900.0,62,1,0.05588996596548936,0.06731718703635356,0.11048788973233734,0.11382158322668143,0.1145966452082802
full36_grouped_cv_027_heldout,C1_3k,C0,3,7,0.1,9,v_0900_1000,900.0,1000.0,76,1,0.13364630473429728,0.13829631726103844,0.1876793735832279,0.21181447353093974,0.2147888239455824
full36_grouped_cv_027_heldout,C1_3k,C0,3,7,0.1,10,v_1000_1100,1000.0,1100.0,37,1,0.22422403900436563,0.22943039846600236,0.3059382810951433,0.34538934669293664,0.3589744798377978
full36_grouped_cv_027_heldout,C1_3k,C0,3,7,0.1,11,v_1100_1200,1100.0,1200.0,22,1,0.3268540251438181,0.33482239228764005,0.45543070664385815,0.46555714156960215,0.4673112004591075
full36_grouped_cv_027_heldout,C1_3k,C0,3,7,0.1,12,v_1200_1300,1200.0,1300.0,58,1,0.3900999150177621,0.3916804102114127,0.42692696855342543,0.4304329327012783,0.4313197142058698
full36_grouped_cv_027_heldout,C1_3k,C0,3,7,0.1,13,v_1300_1400,1300.0,1400.0,76,1,0.43623194280989774,0.43644246209040266,0.4597452374604927,0.4638631740016353,0.4665276683218735
full36_grouped_cv_027_heldout,C1_3k,C0,3,7,0.1,14,v_1400_1500,1400.0,1500.0,52,1,0.4789430349904035,0.4796686916073599,0.5269348948724656,0.5360603576230506,0.5367846632395867
full36_grouped_cv_027_heldout,C1_3k,C0,3,7,0.1,15,v_1500_1600,1500.0,1600.0,26,1,0.5129246495775988,0.513503006542521,0.5540411617382573,0.5603661883068639,0.561264223555213
full36_grouped_cv_027_heldout,C1_3k,C0,3,7,0.1,16,v_1600_1700,1600.0,1700.0,62,1,0.5194488685116899,0.5197235680581347,0.5405578594581698,0.5579724799218161,0.5725298157542511
full36_grouped_cv_027_heldout,C1_3k,C0,3,7,0.1,17,v_1700_1800,1700.0,1800.0,76,1,0.5718705904309825,0.5726306791615188,0.6135826396797711,0.6225205688856659,0.6241623458050753
full36_grouped_cv_027_heldout,C1_3k,C0,3,7,0.1,18,v_1800_1900,1800.0,1900.0,21,1,0.645884642155254,0.6467460030335118,0.7114159810631349,0.7207860263941223,0.7228659990850019
full36_grouped_cv_027_heldout,C1_3k,C0,3,7,0.1,19,v_1900_2000,1900.0,2000.0,1,1,0.721635899331659,0.721635899331659,0.721635899331659,0.721635899331659,0.721635899331659
full36_grouped_cv_027_heldout,C1_3k,C0+C1,3,7,0.1,1,v_0100_0200,100.0,200.0,42,1,-0.15263790197203975,0.15891649762700816,0.2206677622379133,0.2590884540680299,0.26672567777399936
full36_grouped_cv_027_heldout,C1_3k,C0+C1,3,7,0.1,2,v_0200_0300,200.0,300.0,76,1,-0.13376192035971624,0.14296249088975918,0.2148263687029965,0.2239746227381002,0.2296032867234146
full36_grouped_cv_027_heldout,C1_3k,C0+C1,3,7,0.1,3,v_0300_0400,300.0,400.0,71,1,-0.0709184200758861,0.08525184147442771,0.1477780539780196,0.1649324840486557,0.17401565695413798
full36_grouped_cv_027_heldout,C1_3k,C0+C1,3,7,0.1,4,v_0400_0500,400.0,500.0,49,1,-0.11439460578247293,0.19852584001405343,0.4722187778149741,0.5038502895705534,0.5179475276222415
full36_grouped_cv_027_heldout,C1_3k,C0+C1,3,7,0.1,5,v_0500_0600,500.0,600.0,77,1,0.005791691195242844,0.04259710961305284,0.08821931089829461,0.10649830848613835,0.11360358522219716
full36_grouped_cv_027_heldout,C1_3k,C0+C1,3,7,0.1,6,v_0600_0700,600.0,700.0,12,1,-0.020742433272569628,0.04230864546737873,0.07695807375092995,0.09001155616856546,0.09327492677297435
full36_grouped_cv_027_heldout,C1_3k,C0+C1,3,7,0.1,7,v_0700_0800,700.0,800.0,4,1,0.06889152909561622,0.09506428648209281,0.15235981803210363,0.17144042062410564,0.17621057127210613
full36_grouped_cv_027_heldout,C1_3k,C0+C1,3,7,0.1,8,v_0800_0900,800.0,900.0,62,1,0.10009014320892917,0.10676683038864475,0.15391852667292055,0.15718123311135215,0.15791407965509083
full36_grouped_cv_027_heldout,C1_3k,C0+C1,3,7,0.1,9,v_0900_1000,900.0,1000.0,76,1,0.1746713500454585,0.17804635954597425,0.2270471409858078,0.2506105572963718,0.25354133733400114
full36_grouped_cv_027_heldout,C1_3k,C0+C1,3,7,0.1,10,v_1000_1100,1000.0,1100.0,37,1,0.26088855738032,0.2652993899788395,0.34194133488644135,0.381754829967932,0.3952908810349512
full36_grouped_cv_027_heldout,C1_3k,C0+C1,3,7,0.1,11,v_1100_1200,1100.0,1200.0,22,1,0.3546276413659877,0.36156187546639357,0.4796895061561413,0.48981896178932993,0.4915543820038161
full36_grouped_cv_027_heldout,C1_3k,C0+C1,3,7,0.1,12,v_1200_1300,1200.0,1300.0,58,1,0.4078883643011716,0.409294189429145,0.4443270259930622,0.4470301005380202,0.44884134891998484
full36_grouped_cv_027_heldout,C1_3k,C0+C1,3,7,0.1,13,v_1300_1400,1300.0,1400.0,76,1,0.4461826675208136,0.44635320448263205,0.4669691844389347,0.47035652762949887,0.4729578942156645
full36_grouped_cv_027_heldout,C1_3k,C0+C1,3,7,0.1,14,v_1400_1500,1400.0,1500.0,52,1,0.48122311465181683,0.48186844328031814,0.5261369067219929,0.5371566908900267,0.5382766365540159
full36_grouped_cv_027_heldout,C1_3k,C0+C1,3,7,0.1,15,v_1500_1600,1500.0,1600.0,26,1,0.5078279419760438,0.508428589715389,0.5489557095989857,0.556732973838004,0.5583226542516962
full36_grouped_cv_027_heldout,C1_3k,C0+C1,3,7,0.1,16,v_1600_1700,1600.0,1700.0,62,1,0.5083033240948585,0.5085668727863923,0.5286633878213337,0.5470026090993249,0.5629280960584442
full36_grouped_cv_027_heldout,C1_3k,C0+C1,3,7,0.1,17,v_1700_1800,1700.0,1800.0,76,1,0.55734729386867,0.5580868326849051,0.5979694397948655,0.606876809842731,0.6085371580949426
full36_grouped_cv_027_heldout,C1_3k,C0+C1,3,7,0.1,18,v_1800_1900,1800.0,1900.0,21,1,0.6295422873505483,0.630416286389799,0.6945094886381473,0.7038535299082286,0.7059268085929671
full36_grouped_cv_027_heldout,C1_3k,C0+C1,3,7,0.1,19,v_1900_2000,1900.0,2000.0,1,1,0.7038234189332968,0.7038234189332968,0.7038234189332968,0.7038234189332968,0.7038234189332968
full36_fullfit_027_in_sample,C1_3k,C0,3,7,0.1,1,v_0100_0200,100.0,200.0,42,1,-0.06131356581003152,0.07441204619999706,0.12488447022435593,0.1656817066865892,0.1735438870471171
full36_fullfit_027_in_sample,C1_3k,C0,3,7,0.1,2,v_0200_0300,200.0,300.0,76,1,-0.08014002186796844,0.09131294546567999,0.15013613274888937,0.1579491227324797,0.1584316917920887
full36_fullfit_027_in_sample,C1_3k,C0,3,7,0.1,3,v_0300_0400,300.0,400.0,71,1,-0.05427836231857665,0.07020111522144154,0.13376879724070814,0.1452501052124603,0.1454724549776074
full36_fullfit_027_in_sample,C1_3k,C0,3,7,0.1,4,v_0400_0500,400.0,500.0,49,1,-0.130540694919156,0.20560080898766162,0.48230533201987663,0.5136604919886292,0.5274230267441453
full36_fullfit_027_in_sample,C1_3k,C0,3,7,0.1,5,v_0500_0600,500.0,600.0,77,1,-0.024069211631814264,0.047879448590847966,0.08376217259076944,0.09689278218098134,0.1045773214074188
full36_fullfit_027_in_sample,C1_3k,C0,3,7,0.1,6,v_0600_0700,600.0,700.0,12,1,-0.0588613156724875,0.06973253491549619,0.11403240003555756,0.1270413418790303,0.1302935773398985
full36_fullfit_027_in_sample,C1_3k,C0,3,7,0.1,7,v_0700_0800,700.0,800.0,4,1,0.02481188075341835,0.06955821258809812,0.11387887791847784,0.12781953785814948,0.1313047028430674
full36_fullfit_027_in_sample,C1_3k,C0,3,7,0.1,8,v_0800_0900,800.0,900.0,62,1,0.05588996596548936,0.06731718703635356,0.11048788973233734,0.11382158322668143,0.1145966452082802
full36_fullfit_027_in_sample,C1_3k,C0,3,7,0.1,9,v_0900_1000,900.0,1000.0,76,1,0.13364630473429728,0.13829631726103844,0.1876793735832279,0.21181447353093974,0.2147888239455824
full36_fullfit_027_in_sample,C1_3k,C0,3,7,0.1,10,v_1000_1100,1000.0,1100.0,37,1,0.22422403900436563,0.22943039846600236,0.3059382810951433,0.34538934669293664,0.3589744798377978
full36_fullfit_027_in_sample,C1_3k,C0,3,7,0.1,11,v_1100_1200,1100.0,1200.0,22,1,0.3268540251438181,0.33482239228764005,0.45543070664385815,0.46555714156960215,0.4673112004591075
full36_fullfit_027_in_sample,C1_3k,C0,3,7,0.1,12,v_1200_1300,1200.0,1300.0,58,1,0.3900999150177621,0.3916804102114127,0.42692696855342543,0.4304329327012783,0.4313197142058698
full36_fullfit_027_in_sample,C1_3k,C0,3,7,0.1,13,v_1300_1400,1300.0,1400.0,76,1,0.43623194280989774,0.43644246209040266,0.4597452374604927,0.4638631740016353,0.4665276683218735
full36_fullfit_027_in_sample,C1_3k,C0,3,7,0.1,14,v_1400_1500,1400.0,1500.0,52,1,0.4789430349904035,0.4796686916073599,0.5269348948724656,0.5360603576230506,0.5367846632395867
full36_fullfit_027_in_sample,C1_3k,C0,3,7,0.1,15,v_1500_1600,1500.0,1600.0,26,1,0.5129246495775988,0.513503006542521,0.5540411617382573,0.5603661883068639,0.561264223555213
full36_fullfit_027_in_sample,C1_3k,C0,3,7,0.1,16,v_1600_1700,1600.0,1700.0,62,1,0.5194488685116899,0.5197235680581347,0.5405578594581698,0.5579724799218161,0.5725298157542511
full36_fullfit_027_in_sample,C1_3k,C0,3,7,0.1,17,v_1700_1800,1700.0,1800.0,76,1,0.5718705904309825,0.5726306791615188,0.6135826396797711,0.6225205688856659,0.6241623458050753
full36_fullfit_027_in_sample,C1_3k,C0,3,7,0.1,18,v_1800_1900,1800.0,1900.0,21,1,0.645884642155254,0.6467460030335118,0.7114159810631349,0.7207860263941223,0.7228659990850019
full36_fullfit_027_in_sample,C1_3k,C0,3,7,0.1,19,v_1900_2000,1900.0,2000.0,1,1,0.721635899331659,0.721635899331659,0.721635899331659,0.721635899331659,0.721635899331659
full36_fullfit_027_in_sample,C1_3k,C0+C1,3,7,0.1,1,v_0100_0200,100.0,200.0,42,1,-0.14242124174506413,0.14914236914064125,0.21053972557812353,0.24888937155826094,0.25652313750855543
full36_fullfit_027_in_sample,C1_3k,C0+C1,3,7,0.1,2,v_0200_0300,200.0,300.0,76,1,-0.12332665236690972,0.13324603358287285,0.20437650733477916,0.21353208313666058,0.21915833154796194
full36_fullfit_027_in_sample,C1_3k,C0+C1,3,7,0.1,3,v_0300_0400,300.0,400.0,71,1,-0.061055422424834825,0.07718253828501127,0.13802459242048234,0.1547193884474372,0.16379743727160334
full36_fullfit_027_in_sample,C1_3k,C0+C1,3,7,0.1,4,v_0400_0500,400.0,500.0,49,1,-0.10637318847831018,0.19375588473510444,0.46366786714535885,0.4952786277107328,0.509350841454968
full36_fullfit_027_in_sample,C1_3k,C0+C1,3,7,0.1,5,v_0500_0600,500.0,600.0,77,1,0.012099194652581627,0.04375010499043242,0.09367599432941365,0.11193508527661314,0.1190578103400128
full36_fullfit_027_in_sample,C1_3k,C0+C1,3,7,0.1,6,v_0600_0700,600.0,700.0,12,1,-0.01621363631152782,0.04041907931754829,0.0728421926741531,0.08523920509962667,0.08833845820599506
full36_fullfit_027_in_sample,C1_3k,C0+C1,3,7,0.1,7,v_0700_0800,700.0,800.0,4,1,0.07079368001665971,0.09604387050452089,0.15345488401217597,0.17238507927934715,0.17711762809613996
full36_fullfit_027_in_sample,C1_3k,C0+C1,3,7,0.1,8,v_0800_0900,800.0,900.0,62,1,0.09927751870459567,0.10588109066339396,0.1524539628667618,0.15566601158289714,0.1563732781020315
full36_fullfit_027_in_sample,C1_3k,C0+C1,3,7,0.1,9,v_0900_1000,900.0,1000.0,76,1,0.17212052281835322,0.17546738325151348,0.2240216961881083,0.24728029648557381,0.2501985032757069
full36_fullfit_027_in_sample,C1_3k,C0+C1,3,7,0.1,10,v_1000_1100,1000.0,1100.0,37,1,0.257015402731276,0.2614729263547,0.33789419597762493,0.3777917892656572,0.3913162496859091
full36_fullfit_027_in_sample,C1_3k,C0+C1,3,7,0.1,11,v_1100_1200,1100.0,1200.0,22,1,0.3491179432329537,0.35609979475614295,0.4736973384977112,0.4838270329170751,0.4855602145840058
full36_fullfit_027_in_sample,C1_3k,C0+C1,3,7,0.1,12,v_1200_1300,1200.0,1300.0,58,1,0.4012472096437006,0.40266744606139154,0.4374709992244013,0.4403747304002241,0.4423002602115542
full36_fullfit_027_in_sample,C1_3k,C0+C1,3,7,0.1,13,v_1300_1400,1300.0,1400.0,76,1,0.4390273400457095,0.4391992888736283,0.4596624642933732,0.46313288955380844,0.46565388981471756
full36_fullfit_027_in_sample,C1_3k,C0+C1,3,7,0.1,14,v_1400_1500,1400.0,1500.0,52,1,0.4738739992276992,0.4745293529157092,0.518799257869193,0.5298015469256162,0.5309096717460844
full36_fullfit_027_in_sample,C1_3k,C0+C1,3,7,0.1,15,v_1500_1600,1500.0,1600.0,26,1,0.5006980657705717,0.5013060528054419,0.541808911609216,0.5495024910809673,0.5510508986415992
full36_fullfit_027_in_sample,C1_3k,C0+C1,3,7,0.1,16,v_1600_1700,1600.0,1700.0,62,1,0.5018956978081828,0.502165636236386,0.5223842584816969,0.5405609226956707,0.5562499411317884
full36_fullfit_027_in_sample,C1_3k,C0+C1,3,7,0.1,17,v_1700_1800,1700.0,1800.0,76,1,0.5517737983298635,0.5525338965285796,0.5927751448594403,0.6016915194630982,0.6033440481723998
full36_fullfit_027_in_sample,C1_3k,C0+C1,3,7,0.1,18,v_1800_1900,1800.0,1900.0,21,1,0.6246953971148758,0.6255816488307829,0.689982114037174,0.6993436100608715,0.7014213837746797
full36_fullfit_027_in_sample,C1_3k,C0+C1,3,7,0.1,19,v_1900_2000,1900.0,2000.0,1,1,0.7002175793568517,0.7002175793568517,0.7002175793568517,0.7002175793568517,0.7002175793568517
exclude027_fullfit_027_heldout,C1_3k,C0,3,7,0.1,1,v_0100_0200,100.0,200.0,42,1,-0.06131356581003152,0.07441204619999706,0.12488447022435593,0.1656817066865892,0.1735438870471171
exclude027_fullfit_027_heldout,C1_3k,C0,3,7,0.1,2,v_0200_0300,200.0,300.0,76,1,-0.08014002186796844,0.09131294546567999,0.15013613274888937,0.1579491227324797,0.1584316917920887
exclude027_fullfit_027_heldout,C1_3k,C0,3,7,0.1,3,v_0300_0400,300.0,400.0,71,1,-0.05427836231857665,0.07020111522144154,0.13376879724070814,0.1452501052124603,0.1454724549776074
exclude027_fullfit_027_heldout,C1_3k,C0,3,7,0.1,4,v_0400_0500,400.0,500.0,49,1,-0.130540694919156,0.20560080898766162,0.48230533201987663,0.5136604919886292,0.5274230267441453
exclude027_fullfit_027_heldout,C1_3k,C0,3,7,0.1,5,v_0500_0600,500.0,600.0,77,1,-0.024069211631814264,0.047879448590847966,0.08376217259076944,0.09689278218098134,0.1045773214074188
exclude027_fullfit_027_heldout,C1_3k,C0,3,7,0.1,6,v_0600_0700,600.0,700.0,12,1,-0.0588613156724875,0.06973253491549619,0.11403240003555756,0.1270413418790303,0.1302935773398985
exclude027_fullfit_027_heldout,C1_3k,C0,3,7,0.1,7,v_0700_0800,700.0,800.0,4,1,0.02481188075341835,0.06955821258809812,0.11387887791847784,0.12781953785814948,0.1313047028430674
exclude027_fullfit_027_heldout,C1_3k,C0,3,7,0.1,8,v_0800_0900,800.0,900.0,62,1,0.05588996596548936,0.06731718703635356,0.11048788973233734,0.11382158322668143,0.1145966452082802
exclude027_fullfit_027_heldout,C1_3k,C0,3,7,0.1,9,v_0900_1000,900.0,1000.0,76,1,0.13364630473429728,0.13829631726103844,0.1876793735832279,0.21181447353093974,0.2147888239455824
exclude027_fullfit_027_heldout,C1_3k,C0,3,7,0.1,10,v_1000_1100,1000.0,1100.0,37,1,0.22422403900436563,0.22943039846600236,0.3059382810951433,0.34538934669293664,0.3589744798377978
exclude027_fullfit_027_heldout,C1_3k,C0,3,7,0.1,11,v_1100_1200,1100.0,1200.0,22,1,0.3268540251438181,0.33482239228764005,0.45543070664385815,0.46555714156960215,0.4673112004591075
exclude027_fullfit_027_heldout,C1_3k,C0,3,7,0.1,12,v_1200_1300,1200.0,1300.0,58,1,0.3900999150177621,0.3916804102114127,0.42692696855342543,0.4304329327012783,0.4313197142058698
exclude027_fullfit_027_heldout,C1_3k,C0,3,7,0.1,13,v_1300_1400,1300.0,1400.0,76,1,0.43623194280989774,0.43644246209040266,0.4597452374604927,0.4638631740016353,0.4665276683218735
exclude027_fullfit_027_heldout,C1_3k,C0,3,7,0.1,14,v_1400_1500,1400.0,1500.0,52,1,0.4789430349904035,0.4796686916073599,0.5269348948724656,0.5360603576230506,0.5367846632395867
exclude027_fullfit_027_heldout,C1_3k,C0,3,7,0.1,15,v_1500_1600,1500.0,1600.0,26,1,0.5129246495775988,0.513503006542521,0.5540411617382573,0.5603661883068639,0.561264223555213
exclude027_fullfit_027_heldout,C1_3k,C0,3,7,0.1,16,v_1600_1700,1600.0,1700.0,62,1,0.5194488685116899,0.5197235680581347,0.5405578594581698,0.5579724799218161,0.5725298157542511
exclude027_fullfit_027_heldout,C1_3k,C0,3,7,0.1,17,v_1700_1800,1700.0,1800.0,76,1,0.5718705904309825,0.5726306791615188,0.6135826396797711,0.6225205688856659,0.6241623458050753
exclude027_fullfit_027_heldout,C1_3k,C0,3,7,0.1,18,v_1800_1900,1800.0,1900.0,21,1,0.645884642155254,0.6467460030335118,0.7114159810631349,0.7207860263941223,0.7228659990850019
exclude027_fullfit_027_heldout,C1_3k,C0,3,7,0.1,19,v_1900_2000,1900.0,2000.0,1,1,0.721635899331659,0.721635899331659,0.721635899331659,0.721635899331659,0.721635899331659
exclude027_fullfit_027_heldout,C1_3k,C0+C1,3,7,0.1,1,v_0100_0200,100.0,200.0,42,1,-0.1585865373798945,0.16466475909868247,0.2268246566007689,0.2651074084564838,0.27273699197889834
exclude027_fullfit_027_heldout,C1_3k,C0+C1,3,7,0.1,2,v_0200_0300,200.0,300.0,76,1,-0.13843911014081922,0.14743866671700898,0.22006566846080078,0.22925353004197577,0.2348696717389429
exclude027_fullfit_027_heldout,C1_3k,C0+C1,3,7,0.1,3,v_0300_0400,300.0,400.0,71,1,-0.07436325425650638,0.08820143023752833,0.15112692466629415,0.16877358141461937,0.17786525646003776
exclude027_fullfit_027_heldout,C1_3k,C0+C1,3,7,0.1,4,v_0400_0500,400.0,500.0,49,1,-0.11675619226401625,0.19998791326176416,0.4747809127026904,0.506421547157389,0.5205298336634111
exclude027_fullfit_027_heldout,C1_3k,C0+C1,3,7,0.1,5,v_0500_0600,500.0,600.0,77,1,0.0038913340256144318,0.04241467910674228,0.08648920439773662,0.1047715533573966,0.11187394021782955
exclude027_fullfit_027_heldout,C1_3k,C0+C1,3,7,0.1,6,v_0600_0700,600.0,700.0,12,1,-0.022345381260424183,0.043102620307650094,0.07860498575055236,0.09166011722572309,0.09492390009451578
exclude027_fullfit_027_heldout,C1_3k,C0+C1,3,7,0.1,7,v_0700_0800,700.0,800.0,4,1,0.06756204362321266,0.09413671581164805,0.15109079599686645,0.17018218941768312,0.1749550377728873
exclude027_fullfit_027_heldout,C1_3k,C0+C1,3,7,0.1,8,v_0800_0900,800.0,900.0,62,1,0.09893464888526106,0.10569084614564671,0.15279545361070515,0.15606056665074694,0.15679457075796527
exclude027_fullfit_027_heldout,C1_3k,C0+C1,3,7,0.1,9,v_0900_1000,900.0,1000.0,76,1,0.17359296566889218,0.1769915053964365,0.22599176158089065,0.24956111956997779,0.25249233139079674
exclude027_fullfit_027_heldout,C1_3k,C0+C1,3,7,0.1,10,v_1000_1100,1000.0,1100.0,37,1,0.25985727880680853,0.26428594027087526,0.34091580129282156,0.3807265432583548,0.394262974321856
exclude027_fullfit_027_heldout,C1_3k,C0+C1,3,7,0.1,11,v_1100_1200,1100.0,1200.0,22,1,0.3536548084152124,0.3606103157228913,0.4787384881007442,0.48886791954326947,0.4906034618380028
exclude027_fullfit_027_heldout,C1_3k,C0+C1,3,7,0.1,12,v_1200_1300,1200.0,1300.0,58,1,0.4069865118478206,0.4083963021624043,0.44344624960942886,0.44614130864061685,0.44792802887504846
exclude027_fullfit_027_heldout,C1_3k,C0+C1,3,7,0.1,13,v_1300_1400,1300.0,1400.0,76,1,0.44536593812806874,0.4455371613611583,0.46620360308499054,0.46958826748685983,0.4721906709659065
exclude027_fullfit_027_heldout,C1_3k,C0+C1,3,7,0.1,14,v_1400_1500,1400.0,1500.0,52,1,0.48053951642077647,0.4811873752320725,0.5255253691390029,0.5364996074984718,0.537575302117803
exclude027_fullfit_027_heldout,C1_3k,C0+C1,3,7,0.1,15,v_1500_1600,1500.0,1600.0,26,1,0.5073650266156854,0.5079654859601507,0.5484884466891367,0.5562119257693523,0.557775633336504
exclude027_fullfit_027_heldout,C1_3k,C0+C1,3,7,0.1,16,v_1600_1700,1600.0,1700.0,62,1,0.5081486916979294,0.5084133476200399,0.5285550742749472,0.5468364587310864,0.562677086142842
exclude027_fullfit_027_heldout,C1_3k,C0+C1,3,7,0.1,17,v_1700_1800,1700.0,1800.0,76,1,0.5574409611212278,0.5581837163317409,0.5981574899662346,0.6070673860417185,0.6087259890381782
exclude027_fullfit_027_heldout,C1_3k,C0+C1,3,7,0.1,18,v_1800_1900,1800.0,1900.0,21,1,0.6298017476457616,0.6306763830109859,0.694827534758965,0.7041744159086607,0.7062484257170022
exclude027_fullfit_027_heldout,C1_3k,C0+C1,3,7,0.1,19,v_1900_2000,1900.0,2000.0,1,1,0.7042479427719064,0.7042479427719064,0.7042479427719064,0.7042479427719064,0.7042479427719064
full36_grouped_cv_027_heldout,C1_4k,C0,4,8,0.1,1,v_0100_0200,100.0,200.0,42,1,-0.06131356581003152,0.07441204619999706,0.12488447022435593,0.1656817066865892,0.1735438870471171
full36_grouped_cv_027_heldout,C1_4k,C0,4,8,0.1,2,v_0200_0300,200.0,300.0,76,1,-0.08014002186796844,0.09131294546567999,0.15013613274888937,0.1579491227324797,0.1584316917920887
full36_grouped_cv_027_heldout,C1_4k,C0,4,8,0.1,3,v_0300_0400,300.0,400.0,71,1,-0.05427836231857665,0.07020111522144154,0.13376879724070814,0.1452501052124603,0.1454724549776074
full36_grouped_cv_027_heldout,C1_4k,C0,4,8,0.1,4,v_0400_0500,400.0,500.0,49,1,-0.130540694919156,0.20560080898766162,0.48230533201987663,0.5136604919886292,0.5274230267441453
full36_grouped_cv_027_heldout,C1_4k,C0,4,8,0.1,5,v_0500_0600,500.0,600.0,77,1,-0.024069211631814264,0.047879448590847966,0.08376217259076944,0.09689278218098134,0.1045773214074188
full36_grouped_cv_027_heldout,C1_4k,C0,4,8,0.1,6,v_0600_0700,600.0,700.0,12,1,-0.0588613156724875,0.06973253491549619,0.11403240003555756,0.1270413418790303,0.1302935773398985
full36_grouped_cv_027_heldout,C1_4k,C0,4,8,0.1,7,v_0700_0800,700.0,800.0,4,1,0.02481188075341835,0.06955821258809812,0.11387887791847784,0.12781953785814948,0.1313047028430674
full36_grouped_cv_027_heldout,C1_4k,C0,4,8,0.1,8,v_0800_0900,800.0,900.0,62,1,0.05588996596548936,0.06731718703635356,0.11048788973233734,0.11382158322668143,0.1145966452082802
full36_grouped_cv_027_heldout,C1_4k,C0,4,8,0.1,9,v_0900_1000,900.0,1000.0,76,1,0.13364630473429728,0.13829631726103844,0.1876793735832279,0.21181447353093974,0.2147888239455824
full36_grouped_cv_027_heldout,C1_4k,C0,4,8,0.1,10,v_1000_1100,1000.0,1100.0,37,1,0.22422403900436563,0.22943039846600236,0.3059382810951433,0.34538934669293664,0.3589744798377978
full36_grouped_cv_027_heldout,C1_4k,C0,4,8,0.1,11,v_1100_1200,1100.0,1200.0,22,1,0.3268540251438181,0.33482239228764005,0.45543070664385815,0.46555714156960215,0.4673112004591075
full36_grouped_cv_027_heldout,C1_4k,C0,4,8,0.1,12,v_1200_1300,1200.0,1300.0,58,1,0.3900999150177621,0.3916804102114127,0.42692696855342543,0.4304329327012783,0.4313197142058698
full36_grouped_cv_027_heldout,C1_4k,C0,4,8,0.1,13,v_1300_1400,1300.0,1400.0,76,1,0.43623194280989774,0.43644246209040266,0.4597452374604927,0.4638631740016353,0.4665276683218735
full36_grouped_cv_027_heldout,C1_4k,C0,4,8,0.1,14,v_1400_1500,1400.0,1500.0,52,1,0.4789430349904035,0.4796686916073599,0.5269348948724656,0.5360603576230506,0.5367846632395867
full36_grouped_cv_027_heldout,C1_4k,C0,4,8,0.1,15,v_1500_1600,1500.0,1600.0,26,1,0.5129246495775988,0.513503006542521,0.5540411617382573,0.5603661883068639,0.561264223555213
full36_grouped_cv_027_heldout,C1_4k,C0,4,8,0.1,16,v_1600_1700,1600.0,1700.0,62,1,0.5194488685116899,0.5197235680581347,0.5405578594581698,0.5579724799218161,0.5725298157542511
full36_grouped_cv_027_heldout,C1_4k,C0,4,8,0.1,17,v_1700_1800,1700.0,1800.0,76,1,0.5718705904309825,0.5726306791615188,0.6135826396797711,0.6225205688856659,0.6241623458050753
full36_grouped_cv_027_heldout,C1_4k,C0,4,8,0.1,18,v_1800_1900,1800.0,1900.0,21,1,0.645884642155254,0.6467460030335118,0.7114159810631349,0.7207860263941223,0.7228659990850019
full36_grouped_cv_027_heldout,C1_4k,C0,4,8,0.1,19,v_1900_2000,1900.0,2000.0,1,1,0.721635899331659,0.721635899331659,0.721635899331659,0.721635899331659,0.721635899331659
full36_grouped_cv_027_heldout,C1_4k,C0+C1,4,8,0.1,1,v_0100_0200,100.0,200.0,42,1,-0.1602842580519887,0.166331489841038,0.22875817029563195,0.26690949837885086,0.27453084027666286
full36_grouped_cv_027_heldout,C1_4k,C0+C1,4,8,0.1,2,v_0200_0300,200.0,300.0,76,1,-0.13810582558098364,0.1473083668543843,0.220827787081772,0.23007866999298085,0.2356750693145753
full36_grouped_cv_027_heldout,C1_4k,C0+C1,4,8,0.1,3,v_0300_0400,300.0,400.0,71,1,-0.07085402049166216,0.08547070481261902,0.14717249347034256,0.16650177475791894,0.17561725675600462
full36_grouped_cv_027_heldout,C1_4k,C0+C1,4,8,0.1,4,v_0400_0500,400.0,500.0,49,1,-0.10917067242962024,0.19605848739280776,0.46804893657979735,0.4997275210719786,0.5138817275101102
full36_grouped_cv_027_heldout,C1_4k,C0+C1,4,8,0.1,5,v_0500_0600,500.0,600.0,77,1,0.013379610549899197,0.044427628690268006,0.0965825818724301,0.11487417292741499,0.12196891904779361
full36_grouped_cv_027_heldout,C1_4k,C0+C1,4,8,0.1,6,v_0600_0700,600.0,700.0,12,1,-0.01215423629288676,0.038818893840821656,0.07355937898806446,0.08243500542802727,0.08465391203801798
full36_grouped_cv_027_heldout,C1_4k,C0+C1,4,8,0.1,7,v_0700_0800,700.0,800.0,4,1,0.07672330649046089,0.10051331630432286,0.15942238123985814,0.17834203746279959,0.18307195151853495
full36_grouped_cv_027_heldout,C1_4k,C0+C1,4,8,0.1,8,v_0800_0900,800.0,900.0,62,1,0.10414285852300208,0.11035025373176524,0.15668470100366957,0.15984299855633538,0.16052091715110214
full36_grouped_cv_027_heldout,C1_4k,C0+C1,4,8,0.1,9,v_0900_1000,900.0,1000.0,76,1,0.17494677044180923,0.17813754369748677,0.2262581141184142,0.24899625374736367,0.2518956007151068
full36_grouped_cv_027_heldout,C1_4k,C0+C1,4,8,0.1,10,v_1000_1100,1000.0,1100.0,37,1,0.2579193452823722,0.2623340886451106,0.3385318856076357,0.37855483925367556,0.3920619577311287
full36_grouped_cv_027_heldout,C1_4k,C0+C1,4,8,0.1,11,v_1100_1200,1100.0,1200.0,22,1,0.3480205934083253,0.3549842652645748,0.47233379290856053,0.4824628140605543,0.4841960501634085
full36_grouped_cv_027_heldout,C1_4k,C0+C1,4,8,0.1,12,v_1200_1300,1200.0,1300.0,58,1,0.4005755077624961,0.4020159785535809,0.43726996232124615,0.4398857511265029,0.4413654471472022
full36_grouped_cv_027_heldout,C1_4k,C0+C1,4,8,0.1,13,v_1300_1400,1300.0,1400.0,76,1,0.44032908776802254,0.4405098455108995,0.4621287128479532,0.4654640684055472,0.46808560636293167
full36_grouped_cv_027_heldout,C1_4k,C0+C1,4,8,0.1,14,v_1400_1500,1400.0,1500.0,52,1,0.4778124744646086,0.47848969897153465,0.523878231317095,0.5341973279943388,0.5346187075397416
full36_grouped_cv_027_heldout,C1_4k,C0+C1,4,8,0.1,15,v_1500_1600,1500.0,1600.0,26,1,0.5072910197076324,0.5078849197847721,0.5484133630008918,0.5556039790526062,0.5569140355570059
full36_grouped_cv_027_heldout,C1_4k,C0+C1,4,8,0.1,16,v_1600_1700,1600.0,1700.0,62,1,0.5101692913716821,0.5104379817607954,0.5308159328857861,0.5488041135641324,0.5642077426144952
full36_grouped_cv_027_heldout,C1_4k,C0+C1,4,8,0.1,17,v_1700_1800,1700.0,1800.0,76,1,0.5602958487062079,0.561041043646369,0.6011485911957779,0.610065099939324,0.6117233789471295
full36_grouped_cv_027_heldout,C1_4k,C0+C1,4,8,0.1,18,v_1800_1900,1800.0,1900.0,21,1,0.6327383389430092,0.6336068394176364,0.6976386228967421,0.7069753885631257,0.7090467916439209
full36_grouped_cv_027_heldout,C1_4k,C0+C1,4,8,0.1,19,v_1900_2000,1900.0,2000.0,1,1,0.7062513804747104,0.7062513804747104,0.7062513804747104,0.7062513804747104,0.7062513804747104
full36_fullfit_027_in_sample,C1_4k,C0,4,8,0.1,1,v_0100_0200,100.0,200.0,42,1,-0.06131356581003152,0.07441204619999706,0.12488447022435593,0.1656817066865892,0.1735438870471171
full36_fullfit_027_in_sample,C1_4k,C0,4,8,0.1,2,v_0200_0300,200.0,300.0,76,1,-0.08014002186796844,0.09131294546567999,0.15013613274888937,0.1579491227324797,0.1584316917920887
full36_fullfit_027_in_sample,C1_4k,C0,4,8,0.1,3,v_0300_0400,300.0,400.0,71,1,-0.05427836231857665,0.07020111522144154,0.13376879724070814,0.1452501052124603,0.1454724549776074
full36_fullfit_027_in_sample,C1_4k,C0,4,8,0.1,4,v_0400_0500,400.0,500.0,49,1,-0.130540694919156,0.20560080898766162,0.48230533201987663,0.5136604919886292,0.5274230267441453
full36_fullfit_027_in_sample,C1_4k,C0,4,8,0.1,5,v_0500_0600,500.0,600.0,77,1,-0.024069211631814264,0.047879448590847966,0.08376217259076944,0.09689278218098134,0.1045773214074188
full36_fullfit_027_in_sample,C1_4k,C0,4,8,0.1,6,v_0600_0700,600.0,700.0,12,1,-0.0588613156724875,0.06973253491549619,0.11403240003555756,0.1270413418790303,0.1302935773398985
full36_fullfit_027_in_sample,C1_4k,C0,4,8,0.1,7,v_0700_0800,700.0,800.0,4,1,0.02481188075341835,0.06955821258809812,0.11387887791847784,0.12781953785814948,0.1313047028430674
full36_fullfit_027_in_sample,C1_4k,C0,4,8,0.1,8,v_0800_0900,800.0,900.0,62,1,0.05588996596548936,0.06731718703635356,0.11048788973233734,0.11382158322668143,0.1145966452082802
full36_fullfit_027_in_sample,C1_4k,C0,4,8,0.1,9,v_0900_1000,900.0,1000.0,76,1,0.13364630473429728,0.13829631726103844,0.1876793735832279,0.21181447353093974,0.2147888239455824
full36_fullfit_027_in_sample,C1_4k,C0,4,8,0.1,10,v_1000_1100,1000.0,1100.0,37,1,0.22422403900436563,0.22943039846600236,0.3059382810951433,0.34538934669293664,0.3589744798377978
full36_fullfit_027_in_sample,C1_4k,C0,4,8,0.1,11,v_1100_1200,1100.0,1200.0,22,1,0.3268540251438181,0.33482239228764005,0.45543070664385815,0.46555714156960215,0.4673112004591075
full36_fullfit_027_in_sample,C1_4k,C0,4,8,0.1,12,v_1200_1300,1200.0,1300.0,58,1,0.3900999150177621,0.3916804102114127,0.42692696855342543,0.4304329327012783,0.4313197142058698
full36_fullfit_027_in_sample,C1_4k,C0,4,8,0.1,13,v_1300_1400,1300.0,1400.0,76,1,0.43623194280989774,0.43644246209040266,0.4597452374604927,0.4638631740016353,0.4665276683218735
full36_fullfit_027_in_sample,C1_4k,C0,4,8,0.1,14,v_1400_1500,1400.0,1500.0,52,1,0.4789430349904035,0.4796686916073599,0.5269348948724656,0.5360603576230506,0.5367846632395867
full36_fullfit_027_in_sample,C1_4k,C0,4,8,0.1,15,v_1500_1600,1500.0,1600.0,26,1,0.5129246495775988,0.513503006542521,0.5540411617382573,0.5603661883068639,0.561264223555213
full36_fullfit_027_in_sample,C1_4k,C0,4,8,0.1,16,v_1600_1700,1600.0,1700.0,62,1,0.5194488685116899,0.5197235680581347,0.5405578594581698,0.5579724799218161,0.5725298157542511
full36_fullfit_027_in_sample,C1_4k,C0,4,8,0.1,17,v_1700_1800,1700.0,1800.0,76,1,0.5718705904309825,0.5726306791615188,0.6135826396797711,0.6225205688856659,0.6241623458050753
full36_fullfit_027_in_sample,C1_4k,C0,4,8,0.1,18,v_1800_1900,1800.0,1900.0,21,1,0.645884642155254,0.6467460030335118,0.7114159810631349,0.7207860263941223,0.7228659990850019
full36_fullfit_027_in_sample,C1_4k,C0,4,8,0.1,19,v_1900_2000,1900.0,2000.0,1,1,0.721635899331659,0.721635899331659,0.721635899331659,0.721635899331659,0.721635899331659
full36_fullfit_027_in_sample,C1_4k,C0+C1,4,8,0.1,1,v_0100_0200,100.0,200.0,42,1,-0.1514561614170525,0.15786930181730274,0.22014383231634313,0.2581384683895248,0.2657522062249285
full36_fullfit_027_in_sample,C1_4k,C0+C1,4,8,0.1,2,v_0200_0300,200.0,300.0,76,1,-0.12834150441188893,0.1382500356658244,0.2113739054378942,0.22065449727856906,0.22624141052457042
full36_fullfit_027_in_sample,C1_4k,C0+C1,4,8,0.1,3,v_0300_0400,300.0,400.0,71,1,-0.0609306427738444,0.07742584076783873,0.13733359263613754,0.15646696575315608,0.16558243157506766
full36_fullfit_027_in_sample,C1_4k,C0+C1,4,8,0.1,4,v_0400_0500,400.0,500.0,49,1,-0.10046487930826517,0.1911334646446332,0.45891807225462494,0.49058094171486916,0.5047162309895622
full36_fullfit_027_in_sample,C1_4k,C0+C1,4,8,0.1,5,v_0500_0600,500.0,600.0,77,1,0.02054944808112436,0.04694252921054097,0.10293265669737463,0.12120432131362166,0.12831659858943398
full36_fullfit_027_in_sample,C1_4k,C0+C1,4,8,0.1,6,v_0600_0700,600.0,700.0,12,1,-0.006780764620928026,0.037644533692316885,0.07473811935356942,0.07801460079390395,0.07883372115398758
full36_fullfit_027_in_sample,C1_4k,C0+C1,4,8,0.1,7,v_0700_0800,700.0,800.0,4,1,0.07913529468113215,0.10189920724298311,0.1608429163988533,0.1795749694630131,0.18425798272905305
full36_fullfit_027_in_sample,C1_4k,C0+C1,4,8,0.1,8,v_0800_0900,800.0,900.0,62,1,0.10303340546109398,0.10914455177708983,0.15467320811573296,0.15791655879400116,0.15840276872915707
full36_fullfit_027_in_sample,C1_4k,C0+C1,4,8,0.1,9,v_0900_1000,900.0,1000.0,76,1,0.17139386549767013,0.17454460981515632,0.22209518137348902,0.24433173699960165,0.24721319999638286
full36_fullfit_027_in_sample,C1_4k,C0+C1,4,8,0.1,10,v_1000_1100,1000.0,1100.0,37,1,0.2524915583594419,0.2569744221257894,0.33285743796393175,0.37299744920146266,0.3864883910840167
full36_fullfit_027_in_sample,C1_4k,C0+C1,4,8,0.1,11,v_1100_1200,1100.0,1200.0,22,1,0.34047297711625985,0.3475201606072967,0.46426242246702965,0.4743914829187817,0.47612265057698855
full36_fullfit_027_in_sample,C1_4k,C0+C1,4,8,0.1,12,v_1200_1300,1200.0,1300.0,58,1,0.39208977579469134,0.3935579305421014,0.42872625570428036,0.4313713350203964,0.43289985826096916
full36_fullfit_027_in_sample,C1_4k,C0+C1,4,8,0.1,13,v_1300_1400,1300.0,1400.0,76,1,0.4319280314978805,0.43211382830795797,0.453931237536983,0.4572536133132956,0.4598801485934556
full36_fullfit_027_in_sample,C1_4k,C0+C1,4,8,0.1,14,v_1400_1500,1400.0,1500.0,52,1,0.4700449238459025,0.47074282998591543,0.5164995930260594,0.5265718832006158,0.5267530017791814
full36_fullfit_027_in_sample,C1_4k,C0+C1,4,8,0.1,15,v_1500_1600,1500.0,1600.0,26,1,0.5006927698011019,0.5012912354623587,0.5417950570954845,0.5487058216146923,0.5498809853920831
full36_fullfit_027_in_sample,C1_4k,C0+C1,4,8,0.1,16,v_1600_1700,1600.0,1700.0,62,1,0.5051260216211464,0.505402937205428,0.5260035457356811,0.5437034248620836,0.5586839941693881
full36_fullfit_027_in_sample,C1_4k,C0+C1,4,8,0.1,17,v_1700_1800,1700.0,1800.0,76,1,0.556494962923301,0.5572623540159872,0.5978256468751086,0.6067547396899826,0.6084040628593604
full36_fullfit_027_in_sample,C1_4k,C0+C1,4,8,0.1,18,v_1800_1900,1800.0,1900.0,21,1,0.6297878737901594,0.6306657928933934,0.6950026760273956,0.7043553730896164,0.7064308782138498
full36_fullfit_027_in_sample,C1_4k,C0+C1,4,8,0.1,19,v_1900_2000,1900.0,2000.0,1,1,0.7043426143169002,0.7043426143169002,0.7043426143169002,0.7043426143169002,0.7043426143169002
exclude027_fullfit_027_heldout,C1_4k,C0,4,8,0.1,1,v_0100_0200,100.0,200.0,42,1,-0.06131356581003152,0.07441204619999706,0.12488447022435593,0.1656817066865892,0.1735438870471171
exclude027_fullfit_027_heldout,C1_4k,C0,4,8,0.1,2,v_0200_0300,200.0,300.0,76,1,-0.08014002186796844,0.09131294546567999,0.15013613274888937,0.1579491227324797,0.1584316917920887
exclude027_fullfit_027_heldout,C1_4k,C0,4,8,0.1,3,v_0300_0400,300.0,400.0,71,1,-0.05427836231857665,0.07020111522144154,0.13376879724070814,0.1452501052124603,0.1454724549776074
exclude027_fullfit_027_heldout,C1_4k,C0,4,8,0.1,4,v_0400_0500,400.0,500.0,49,1,-0.130540694919156,0.20560080898766162,0.48230533201987663,0.5136604919886292,0.5274230267441453
exclude027_fullfit_027_heldout,C1_4k,C0,4,8,0.1,5,v_0500_0600,500.0,600.0,77,1,-0.024069211631814264,0.047879448590847966,0.08376217259076944,0.09689278218098134,0.1045773214074188
exclude027_fullfit_027_heldout,C1_4k,C0,4,8,0.1,6,v_0600_0700,600.0,700.0,12,1,-0.0588613156724875,0.06973253491549619,0.11403240003555756,0.1270413418790303,0.1302935773398985
exclude027_fullfit_027_heldout,C1_4k,C0,4,8,0.1,7,v_0700_0800,700.0,800.0,4,1,0.02481188075341835,0.06955821258809812,0.11387887791847784,0.12781953785814948,0.1313047028430674
exclude027_fullfit_027_heldout,C1_4k,C0,4,8,0.1,8,v_0800_0900,800.0,900.0,62,1,0.05588996596548936,0.06731718703635356,0.11048788973233734,0.11382158322668143,0.1145966452082802
exclude027_fullfit_027_heldout,C1_4k,C0,4,8,0.1,9,v_0900_1000,900.0,1000.0,76,1,0.13364630473429728,0.13829631726103844,0.1876793735832279,0.21181447353093974,0.2147888239455824
exclude027_fullfit_027_heldout,C1_4k,C0,4,8,0.1,10,v_1000_1100,1000.0,1100.0,37,1,0.22422403900436563,0.22943039846600236,0.3059382810951433,0.34538934669293664,0.3589744798377978
exclude027_fullfit_027_heldout,C1_4k,C0,4,8,0.1,11,v_1100_1200,1100.0,1200.0,22,1,0.3268540251438181,0.33482239228764005,0.45543070664385815,0.46555714156960215,0.4673112004591075
exclude027_fullfit_027_heldout,C1_4k,C0,4,8,0.1,12,v_1200_1300,1200.0,1300.0,58,1,0.3900999150177621,0.3916804102114127,0.42692696855342543,0.4304329327012783,0.4313197142058698
exclude027_fullfit_027_heldout,C1_4k,C0,4,8,0.1,13,v_1300_1400,1300.0,1400.0,76,1,0.43623194280989774,0.43644246209040266,0.4597452374604927,0.4638631740016353,0.4665276683218735
exclude027_fullfit_027_heldout,C1_4k,C0,4,8,0.1,14,v_1400_1500,1400.0,1500.0,52,1,0.4789430349904035,0.4796686916073599,0.5269348948724656,0.5360603576230506,0.5367846632395867
exclude027_fullfit_027_heldout,C1_4k,C0,4,8,0.1,15,v_1500_1600,1500.0,1600.0,26,1,0.5129246495775988,0.513503006542521,0.5540411617382573,0.5603661883068639,0.561264223555213
exclude027_fullfit_027_heldout,C1_4k,C0,4,8,0.1,16,v_1600_1700,1600.0,1700.0,62,1,0.5194488685116899,0.5197235680581347,0.5405578594581698,0.5579724799218161,0.5725298157542511
exclude027_fullfit_027_heldout,C1_4k,C0,4,8,0.1,17,v_1700_1800,1700.0,1800.0,76,1,0.5718705904309825,0.5726306791615188,0.6135826396797711,0.6225205688856659,0.6241623458050753
exclude027_fullfit_027_heldout,C1_4k,C0,4,8,0.1,18,v_1800_1900,1800.0,1900.0,21,1,0.645884642155254,0.6467460030335118,0.7114159810631349,0.7207860263941223,0.7228659990850019
exclude027_fullfit_027_heldout,C1_4k,C0,4,8,0.1,19,v_1900_2000,1900.0,2000.0,1,1,0.721635899331659,0.721635899331659,0.721635899331659,0.721635899331659,0.721635899331659
exclude027_fullfit_027_heldout,C1_4k,C0+C1,4,8,0.1,1,v_0100_0200,100.0,200.0,42,1,-0.16713874931271544,0.17297132417142733,0.23582078730610911,0.27383557772911793,0.2814497841790953
exclude027_fullfit_027_heldout,C1_4k,C0+C1,4,8,0.1,2,v_0200_0300,200.0,300.0,76,1,-0.1436353813910561,0.15260695210204864,0.22698438506019902,0.2362764805439751,0.24185988821100232
exclude027_fullfit_027_heldout,C1_4k,C0+C1,4,8,0.1,3,v_0300_0400,300.0,400.0,71,1,-0.07484432577471115,0.088897386019137,0.1509363508640741,0.1710333500269075,0.18015985051853392
exclude027_fullfit_027_heldout,C1_4k,C0+C1,4,8,0.1,4,v_0400_0500,400.0,500.0,49,1,-0.11152375706544139,0.19753161295488847,0.4707291847653272,0.5024223958802663,0.5165943057966988
exclude027_fullfit_027_heldout,C1_4k,C0+C1,4,8,0.1,5,v_0500_0600,500.0,600.0,77,1,0.011779860782567137,0.044027309439883686,0.09524753095297019,0.11354389337482823,0.12063458194682322
exclude027_fullfit_027_heldout,C1_4k,C0+C1,4,8,0.1,6,v_0600_0700,600.0,700.0,12,1,-0.013349841743330319,0.03919554305527525,0.07331127303256427,0.08336755929328248,0.08588163085846202
exclude027_fullfit_027_heldout,C1_4k,C0+C1,4,8,0.1,7,v_0700_0800,700.0,800.0,4,1,0.07564351814736914,0.09966467748667376,0.15828709121454138,0.17719391900894477,0.1819206259575456
exclude027_fullfit_027_heldout,C1_4k,C0+C1,4,8,0.1,8,v_0800_0900,800.0,900.0,62,1,0.10271848744361384,0.10898444021517827,0.15512953541031366,0.1582771471860421,0.158949427138861
exclude027_fullfit_027_heldout,C1_4k,C0+C1,4,8,0.1,9,v_0900_1000,900.0,1000.0,76,1,0.1731379847517079,0.17634372405829407,0.22434630597297192,0.24699849947417257,0.24989479486190433
exclude027_fullfit_027_heldout,C1_4k,C0+C1,4,8,0.1,10,v_1000_1100,1000.0,1100.0,37,1,0.25579542206626865,0.2602419697425089,0.33636605459111474,0.37640781059697187,0.3899123086748779
exclude027_fullfit_027_heldout,C1_4k,C0+C1,4,8,0.1,11,v_1100_1200,1100.0,1200.0,22,1,0.34564347340618884,0.3526524840669154,0.4699556531082263,0.4800845112647874,0.48181801032657984
exclude027_fullfit_027_heldout,C1_4k,C0+C1,4,8,0.1,12,v_1200_1300,1200.0,1300.0,58,1,0.39841422081617034,0.3998673342128106,0.4352274682442827,0.43779867916724485,0.4391367899504753
exclude027_fullfit_027_heldout,C1_4k,C0+C1,4,8,0.1,13,v_1300_1400,1300.0,1400.0,76,1,0.4386709741091817,0.43885500655573406,0.4607692163455856,0.46408967981954674,0.46671699867110017
exclude027_fullfit_027_heldout,C1_4k,C0+C1,4,8,0.1,14,v_1400_1500,1400.0,1500.0,52,1,0.47686605626172107,0.47755291104263187,0.5232694027225023,0.5333813767572299,0.5335977098062974
exclude027_fullfit_027_heldout,C1_4k,C0+C1,4,8,0.1,15,v_1500_1600,1500.0,1600.0,26,1,0.5072389311099242,0.5078306516946864,0.5483544511008683,0.5553510228247716,0.5565681368663656
exclude027_fullfit_027_heldout,C1_4k,C0+C1,4,8,0.1,16,v_1600_1700,1600.0,1700.0,62,1,0.5110218090351901,0.5112927575347228,0.5317876936350505,0.549628639698272,0.5648146152686918
exclude027_fullfit_027_heldout,C1_4k,C0+C1,4,8,0.1,17,v_1700_1800,1700.0,1800.0,76,1,0.5616745172874102,0.5624236846575063,0.6026801256333897,0.6116015596604912,0.6132576100569666
exclude027_fullfit_027_heldout,C1_4k,C0+C1,4,8,0.1,18,v_1800_1900,1800.0,1900.0,21,1,0.6343419455237835,0.6352088748074384,0.6992784439740819,0.7086158036085585,0.7106873588764425
exclude027_fullfit_027_heldout,C1_4k,C0+C1,4,8,0.1,19,v_1900_2000,1900.0,2000.0,1,1,0.707786204813999,0.707786204813999,0.707786204813999,0.707786204813999,0.707786204813999
full36_grouped_cv_027_heldout,C1_5k,C0,5,9,0.1,1,v_0100_0200,100.0,200.0,42,1,-0.06131356581003152,0.07441204619999706,0.12488447022435593,0.1656817066865892,0.1735438870471171
full36_grouped_cv_027_heldout,C1_5k,C0,5,9,0.1,2,v_0200_0300,200.0,300.0,76,1,-0.08014002186796844,0.09131294546567999,0.15013613274888937,0.1579491227324797,0.1584316917920887
full36_grouped_cv_027_heldout,C1_5k,C0,5,9,0.1,3,v_0300_0400,300.0,400.0,71,1,-0.05427836231857665,0.07020111522144154,0.13376879724070814,0.1452501052124603,0.1454724549776074
full36_grouped_cv_027_heldout,C1_5k,C0,5,9,0.1,4,v_0400_0500,400.0,500.0,49,1,-0.130540694919156,0.20560080898766162,0.48230533201987663,0.5136604919886292,0.5274230267441453
full36_grouped_cv_027_heldout,C1_5k,C0,5,9,0.1,5,v_0500_0600,500.0,600.0,77,1,-0.024069211631814264,0.047879448590847966,0.08376217259076944,0.09689278218098134,0.1045773214074188
full36_grouped_cv_027_heldout,C1_5k,C0,5,9,0.1,6,v_0600_0700,600.0,700.0,12,1,-0.0588613156724875,0.06973253491549619,0.11403240003555756,0.1270413418790303,0.1302935773398985
full36_grouped_cv_027_heldout,C1_5k,C0,5,9,0.1,7,v_0700_0800,700.0,800.0,4,1,0.02481188075341835,0.06955821258809812,0.11387887791847784,0.12781953785814948,0.1313047028430674
full36_grouped_cv_027_heldout,C1_5k,C0,5,9,0.1,8,v_0800_0900,800.0,900.0,62,1,0.05588996596548936,0.06731718703635356,0.11048788973233734,0.11382158322668143,0.1145966452082802
full36_grouped_cv_027_heldout,C1_5k,C0,5,9,0.1,9,v_0900_1000,900.0,1000.0,76,1,0.13364630473429728,0.13829631726103844,0.1876793735832279,0.21181447353093974,0.2147888239455824
full36_grouped_cv_027_heldout,C1_5k,C0,5,9,0.1,10,v_1000_1100,1000.0,1100.0,37,1,0.22422403900436563,0.22943039846600236,0.3059382810951433,0.34538934669293664,0.3589744798377978
full36_grouped_cv_027_heldout,C1_5k,C0,5,9,0.1,11,v_1100_1200,1100.0,1200.0,22,1,0.3268540251438181,0.33482239228764005,0.45543070664385815,0.46555714156960215,0.4673112004591075
full36_grouped_cv_027_heldout,C1_5k,C0,5,9,0.1,12,v_1200_1300,1200.0,1300.0,58,1,0.3900999150177621,0.3916804102114127,0.42692696855342543,0.4304329327012783,0.4313197142058698
full36_grouped_cv_027_heldout,C1_5k,C0,5,9,0.1,13,v_1300_1400,1300.0,1400.0,76,1,0.43623194280989774,0.43644246209040266,0.4597452374604927,0.4638631740016353,0.4665276683218735
full36_grouped_cv_027_heldout,C1_5k,C0,5,9,0.1,14,v_1400_1500,1400.0,1500.0,52,1,0.4789430349904035,0.4796686916073599,0.5269348948724656,0.5360603576230506,0.5367846632395867
full36_grouped_cv_027_heldout,C1_5k,C0,5,9,0.1,15,v_1500_1600,1500.0,1600.0,26,1,0.5129246495775988,0.513503006542521,0.5540411617382573,0.5603661883068639,0.561264223555213
full36_grouped_cv_027_heldout,C1_5k,C0,5,9,0.1,16,v_1600_1700,1600.0,1700.0,62,1,0.5194488685116899,0.5197235680581347,0.5405578594581698,0.5579724799218161,0.5725298157542511
full36_grouped_cv_027_heldout,C1_5k,C0,5,9,0.1,17,v_1700_1800,1700.0,1800.0,76,1,0.5718705904309825,0.5726306791615188,0.6135826396797711,0.6225205688856659,0.6241623458050753
full36_grouped_cv_027_heldout,C1_5k,C0,5,9,0.1,18,v_1800_1900,1800.0,1900.0,21,1,0.645884642155254,0.6467460030335118,0.7114159810631349,0.7207860263941223,0.7228659990850019
full36_grouped_cv_027_heldout,C1_5k,C0,5,9,0.1,19,v_1900_2000,1900.0,2000.0,1,1,0.721635899331659,0.721635899331659,0.721635899331659,0.721635899331659,0.721635899331659
full36_grouped_cv_027_heldout,C1_5k,C0+C1,5,9,0.1,1,v_0100_0200,100.0,200.0,42,1,-0.16539844077466467,0.1712696970127996,0.23390048765998112,0.27206014708851867,0.2796809018434982
full36_grouped_cv_027_heldout,C1_5k,C0+C1,5,9,0.1,2,v_0200_0300,200.0,300.0,76,1,-0.14240599757872327,0.1514435004729228,0.2257020099506779,0.23497801032613588,0.24056666648901676
full36_grouped_cv_027_heldout,C1_5k,C0+C1,5,9,0.1,3,v_0300_0400,300.0,400.0,71,1,-0.07306374787889482,0.08746430539895822,0.14897810126005753,0.16961477537099554,0.1787467272456967
full36_grouped_cv_027_heldout,C1_5k,C0+C1,5,9,0.1,4,v_0400_0500,400.0,500.0,49,1,-0.1081966133906938,0.19584251828484908,0.4677614163136979,0.49947049643628505,0.5136615977482959
full36_grouped_cv_027_heldout,C1_5k,C0+C1,5,9,0.1,5,v_0500_0600,500.0,600.0,77,1,0.015912034837326148,0.045368340128369176,0.09967557293935385,0.11797837060462409,0.12506340311925132
full36_grouped_cv_027_heldout,C1_5k,C0+C1,5,9,0.1,6,v_0600_0700,600.0,700.0,12,1,-0.008603092475593984,0.03779680009369809,0.07422641263133439,0.0798708246943797,0.08128192771014103
full36_grouped_cv_027_heldout,C1_5k,C0+C1,5,9,0.1,7,v_0700_0800,700.0,800.0,4,1,0.08133948006563027,0.10419098701447835,0.1642774765423592,0.18323874775447072,0.1879790655574986
full36_grouped_cv_027_heldout,C1_5k,C0+C1,5,9,0.1,8,v_0800_0900,800.0,900.0,62,1,0.10930918477039342,0.11524663080681972,0.16187985457551413,0.16503871563682193,0.16571588246958607
full36_grouped_cv_027_heldout,C1_5k,C0+C1,5,9,0.1,9,v_0900_1000,900.0,1000.0,76,1,0.17999650430344147,0.18308387807150706,0.2312224956878718,0.2538415583673557,0.2567359382745927
full36_grouped_cv_027_heldout,C1_5k,C0+C1,5,9,0.1,10,v_1000_1100,1000.0,1100.0,37,1,0.26248076645880186,0.26681146652590715,0.34301253641660845,0.3830884742253049,0.39658857148401394
full36_grouped_cv_027_heldout,C1_5k,C0+C1,5,9,0.1,11,v_1100_1200,1100.0,1200.0,22,1,0.35073699120777513,0.3575324758519624,0.4740301237556605,0.48416057970026666,0.48588751815143755
full36_grouped_cv_027_heldout,C1_5k,C0+C1,5,9,0.1,12,v_1200_1300,1200.0,1300.0,58,1,0.3997018776800771,0.4011020117300112,0.4352331012690659,0.43909977789329047,0.4410549308502384
full36_grouped_cv_027_heldout,C1_5k,C0+C1,5,9,0.1,13,v_1300_1400,1300.0,1400.0,76,1,0.4359737921031976,0.43614325771427015,0.45620643170236164,0.4599408809504695,0.4622033109100385
full36_grouped_cv_027_heldout,C1_5k,C0+C1,5,9,0.1,14,v_1400_1500,1400.0,1500.0,52,1,0.47050082960147166,0.4711660141972894,0.5156898161859348,0.5264839911612399,0.5274117886020598
full36_grouped_cv_027_heldout,C1_5k,C0+C1,5,9,0.1,15,v_1500_1600,1500.0,1600.0,26,1,0.4989031848957022,0.49950670716246903,0.539933632017211,0.5471133834218845,0.5484101310915146
full36_grouped_cv_027_heldout,C1_5k,C0+C1,5,9,0.1,16,v_1600_1700,1600.0,1700.0,62,1,0.5038781820378351,0.50416252288293,0.5249993952419227,0.5423839303177518,0.5569247798670125
full36_grouped_cv_027_heldout,C1_5k,C0+C1,5,9,0.1,17,v_1700_1800,1700.0,1800.0,76,1,0.5573419764072949,0.5581464019937566,0.599582359498705,0.6087300680511877,0.6103555516725206
full36_grouped_cv_027_heldout,C1_5k,C0+C1,5,9,0.1,18,v_1800_1900,1800.0,1900.0,21,1,0.6328130629665519,0.6337040293932007,0.6990275439904386,0.7084344389247604,0.7105239007487834
full36_grouped_cv_027_heldout,C1_5k,C0+C1,5,9,0.1,19,v_1900_2000,1900.0,2000.0,1,1,0.7109812761202889,0.7109812761202889,0.7109812761202889,0.7109812761202889,0.7109812761202889
full36_fullfit_027_in_sample,C1_5k,C0,5,9,0.1,1,v_0100_0200,100.0,200.0,42,1,-0.06131356581003152,0.07441204619999706,0.12488447022435593,0.1656817066865892,0.1735438870471171
full36_fullfit_027_in_sample,C1_5k,C0,5,9,0.1,2,v_0200_0300,200.0,300.0,76,1,-0.08014002186796844,0.09131294546567999,0.15013613274888937,0.1579491227324797,0.1584316917920887
full36_fullfit_027_in_sample,C1_5k,C0,5,9,0.1,3,v_0300_0400,300.0,400.0,71,1,-0.05427836231857665,0.07020111522144154,0.13376879724070814,0.1452501052124603,0.1454724549776074
full36_fullfit_027_in_sample,C1_5k,C0,5,9,0.1,4,v_0400_0500,400.0,500.0,49,1,-0.130540694919156,0.20560080898766162,0.48230533201987663,0.5136604919886292,0.5274230267441453
full36_fullfit_027_in_sample,C1_5k,C0,5,9,0.1,5,v_0500_0600,500.0,600.0,77,1,-0.024069211631814264,0.047879448590847966,0.08376217259076944,0.09689278218098134,0.1045773214074188
full36_fullfit_027_in_sample,C1_5k,C0,5,9,0.1,6,v_0600_0700,600.0,700.0,12,1,-0.0588613156724875,0.06973253491549619,0.11403240003555756,0.1270413418790303,0.1302935773398985
full36_fullfit_027_in_sample,C1_5k,C0,5,9,0.1,7,v_0700_0800,700.0,800.0,4,1,0.02481188075341835,0.06955821258809812,0.11387887791847784,0.12781953785814948,0.1313047028430674
full36_fullfit_027_in_sample,C1_5k,C0,5,9,0.1,8,v_0800_0900,800.0,900.0,62,1,0.05588996596548936,0.06731718703635356,0.11048788973233734,0.11382158322668143,0.1145966452082802
full36_fullfit_027_in_sample,C1_5k,C0,5,9,0.1,9,v_0900_1000,900.0,1000.0,76,1,0.13364630473429728,0.13829631726103844,0.1876793735832279,0.21181447353093974,0.2147888239455824
full36_fullfit_027_in_sample,C1_5k,C0,5,9,0.1,10,v_1000_1100,1000.0,1100.0,37,1,0.22422403900436563,0.22943039846600236,0.3059382810951433,0.34538934669293664,0.3589744798377978
full36_fullfit_027_in_sample,C1_5k,C0,5,9,0.1,11,v_1100_1200,1100.0,1200.0,22,1,0.3268540251438181,0.33482239228764005,0.45543070664385815,0.46555714156960215,0.4673112004591075
full36_fullfit_027_in_sample,C1_5k,C0,5,9,0.1,12,v_1200_1300,1200.0,1300.0,58,1,0.3900999150177621,0.3916804102114127,0.42692696855342543,0.4304329327012783,0.4313197142058698
full36_fullfit_027_in_sample,C1_5k,C0,5,9,0.1,13,v_1300_1400,1300.0,1400.0,76,1,0.43623194280989774,0.43644246209040266,0.4597452374604927,0.4638631740016353,0.4665276683218735
full36_fullfit_027_in_sample,C1_5k,C0,5,9,0.1,14,v_1400_1500,1400.0,1500.0,52,1,0.4789430349904035,0.4796686916073599,0.5269348948724656,0.5360603576230506,0.5367846632395867
full36_fullfit_027_in_sample,C1_5k,C0,5,9,0.1,15,v_1500_1600,1500.0,1600.0,26,1,0.5129246495775988,0.513503006542521,0.5540411617382573,0.5603661883068639,0.561264223555213
full36_fullfit_027_in_sample,C1_5k,C0,5,9,0.1,16,v_1600_1700,1600.0,1700.0,62,1,0.5194488685116899,0.5197235680581347,0.5405578594581698,0.5579724799218161,0.5725298157542511
full36_fullfit_027_in_sample,C1_5k,C0,5,9,0.1,17,v_1700_1800,1700.0,1800.0,76,1,0.5718705904309825,0.5726306791615188,0.6135826396797711,0.6225205688856659,0.6241623458050753
full36_fullfit_027_in_sample,C1_5k,C0,5,9,0.1,18,v_1800_1900,1800.0,1900.0,21,1,0.645884642155254,0.6467460030335118,0.7114159810631349,0.7207860263941223,0.7228659990850019
full36_fullfit_027_in_sample,C1_5k,C0,5,9,0.1,19,v_1900_2000,1900.0,2000.0,1,1,0.721635899331659,0.721635899331659,0.721635899331659,0.721635899331659,0.721635899331659
full36_fullfit_027_in_sample,C1_5k,C0+C1,5,9,0.1,1,v_0100_0200,100.0,200.0,42,1,-0.15689490656481223,0.163107730203677,0.22570516196238002,0.26363262894477985,0.27124336073396144
full36_fullfit_027_in_sample,C1_5k,C0+C1,5,9,0.1,2,v_0200_0300,200.0,300.0,76,1,-0.13264345027227303,0.1423763134475207,0.21636822393792374,0.22568406165501687,0.23126000726070756
full36_fullfit_027_in_sample,C1_5k,C0+C1,5,9,0.1,3,v_0300_0400,300.0,400.0,71,1,-0.06299022350449215,0.07922876304400604,0.13898890953077653,0.15944692271456853,0.1685796601290412
full36_fullfit_027_in_sample,C1_5k,C0+C1,5,9,0.1,4,v_0400_0500,400.0,500.0,49,1,-0.0994358761911389,0.190904241458059,0.45853062333121203,0.4902223743572093,0.5043926184012559
full36_fullfit_027_in_sample,C1_5k,C0+C1,5,9,0.1,5,v_0500_0600,500.0,600.0,77,1,0.022978415053720745,0.04814281297447731,0.10584207116608893,0.12412308562856815,0.13122727319758637
full36_fullfit_027_in_sample,C1_5k,C0+C1,5,9,0.1,6,v_0600_0700,600.0,700.0,12,1,-0.0034961023866604624,0.037134910026916275,0.07536014252699806,0.07562665716307004,0.07569328582208804
full36_fullfit_027_in_sample,C1_5k,C0+C1,5,9,0.1,7,v_0700_0800,700.0,800.0,4,1,0.08327053016111244,0.10522646891136049,0.16516150456889694,0.18392524213682007,0.18861617652880086
full36_fullfit_027_in_sample,C1_5k,C0+C1,5,9,0.1,8,v_0800_0900,800.0,900.0,62,1,0.10757725770156594,0.11344889858704922,0.1592326585001152,0.16247697892798482,0.16296128619638495
full36_fullfit_027_in_sample,C1_5k,C0+C1,5,9,0.1,9,v_0900_1000,900.0,1000.0,76,1,0.1758322707240605,0.17889260344844116,0.22646485366741517,0.24860880864056217,0.25148644256028496
full36_fullfit_027_in_sample,C1_5k,C0+C1,5,9,0.1,10,v_1000_1100,1000.0,1100.0,37,1,0.25654768196277405,0.2609545181117133,0.33685296615720944,0.37703444600838765,0.3905199171590559
full36_fullfit_027_in_sample,C1_5k,C0+C1,5,9,0.1,11,v_1100_1200,1100.0,1200.0,22,1,0.34292266856078446,0.3498107110421813,0.4657463438414349,0.4758769062799132,0.47760189357273714
full36_fullfit_027_in_sample,C1_5k,C0+C1,5,9,0.1,12,v_1200_1300,1200.0,1300.0,58,1,0.39095867319311434,0.3923852705678142,0.4263759290703315,0.4303947180720081,0.4323559614574416
full36_fullfit_027_in_sample,C1_5k,C0+C1,5,9,0.1,13,v_1300_1400,1300.0,1400.0,76,1,0.4271428491998026,0.4273163452724492,0.44748536272804745,0.4511137118173709,0.4534767369740425
full36_fullfit_027_in_sample,C1_5k,C0+C1,5,9,0.1,14,v_1400_1500,1400.0,1500.0,52,1,0.46212886835294753,0.4628140912706713,0.5076615242377224,0.5182312340511956,0.5189442474988524
full36_fullfit_027_in_sample,C1_5k,C0+C1,5,9,0.1,15,v_1500_1600,1500.0,1600.0,26,1,0.49169948981073763,0.4923084058478351,0.5326994392678006,0.5395760395048481,0.5407259030985877
full36_fullfit_027_in_sample,C1_5k,C0+C1,5,9,0.1,16,v_1600_1700,1600.0,1700.0,62,1,0.49856168360851155,0.49885709368259007,0.519996240001556,0.5369921599355554,0.5509889035218078
full36_fullfit_027_in_sample,C1_5k,C0+C1,5,9,0.1,17,v_1700_1800,1700.0,1800.0,76,1,0.5537228901365481,0.5545584189963482,0.5963711143520866,0.6058218113084756,0.6074338291850269
full36_fullfit_027_in_sample,C1_5k,C0+C1,5,9,0.1,18,v_1800_1900,1800.0,1900.0,21,1,0.6304607455070865,0.6313638862484038,0.6971742651746039,0.7066069892357846,0.7087031018454576
full36_fullfit_027_in_sample,C1_5k,C0+C1,5,9,0.1,19,v_1900_2000,1900.0,2000.0,1,1,0.7103218206145119,0.7103218206145119,0.7103218206145119,0.7103218206145119,0.7103218206145119
exclude027_fullfit_027_heldout,C1_5k,C0,5,9,0.1,1,v_0100_0200,100.0,200.0,42,1,-0.06131356581003152,0.07441204619999706,0.12488447022435593,0.1656817066865892,0.1735438870471171
exclude027_fullfit_027_heldout,C1_5k,C0,5,9,0.1,2,v_0200_0300,200.0,300.0,76,1,-0.08014002186796844,0.09131294546567999,0.15013613274888937,0.1579491227324797,0.1584316917920887
exclude027_fullfit_027_heldout,C1_5k,C0,5,9,0.1,3,v_0300_0400,300.0,400.0,71,1,-0.05427836231857665,0.07020111522144154,0.13376879724070814,0.1452501052124603,0.1454724549776074
exclude027_fullfit_027_heldout,C1_5k,C0,5,9,0.1,4,v_0400_0500,400.0,500.0,49,1,-0.130540694919156,0.20560080898766162,0.48230533201987663,0.5136604919886292,0.5274230267441453
exclude027_fullfit_027_heldout,C1_5k,C0,5,9,0.1,5,v_0500_0600,500.0,600.0,77,1,-0.024069211631814264,0.047879448590847966,0.08376217259076944,0.09689278218098134,0.1045773214074188
exclude027_fullfit_027_heldout,C1_5k,C0,5,9,0.1,6,v_0600_0700,600.0,700.0,12,1,-0.0588613156724875,0.06973253491549619,0.11403240003555756,0.1270413418790303,0.1302935773398985
exclude027_fullfit_027_heldout,C1_5k,C0,5,9,0.1,7,v_0700_0800,700.0,800.0,4,1,0.02481188075341835,0.06955821258809812,0.11387887791847784,0.12781953785814948,0.1313047028430674
exclude027_fullfit_027_heldout,C1_5k,C0,5,9,0.1,8,v_0800_0900,800.0,900.0,62,1,0.05588996596548936,0.06731718703635356,0.11048788973233734,0.11382158322668143,0.1145966452082802
exclude027_fullfit_027_heldout,C1_5k,C0,5,9,0.1,9,v_0900_1000,900.0,1000.0,76,1,0.13364630473429728,0.13829631726103844,0.1876793735832279,0.21181447353093974,0.2147888239455824
exclude027_fullfit_027_heldout,C1_5k,C0,5,9,0.1,10,v_1000_1100,1000.0,1100.0,37,1,0.22422403900436563,0.22943039846600236,0.3059382810951433,0.34538934669293664,0.3589744798377978
exclude027_fullfit_027_heldout,C1_5k,C0,5,9,0.1,11,v_1100_1200,1100.0,1200.0,22,1,0.3268540251438181,0.33482239228764005,0.45543070664385815,0.46555714156960215,0.4673112004591075
exclude027_fullfit_027_heldout,C1_5k,C0,5,9,0.1,12,v_1200_1300,1200.0,1300.0,58,1,0.3900999150177621,0.3916804102114127,0.42692696855342543,0.4304329327012783,0.4313197142058698
exclude027_fullfit_027_heldout,C1_5k,C0,5,9,0.1,13,v_1300_1400,1300.0,1400.0,76,1,0.43623194280989774,0.43644246209040266,0.4597452374604927,0.4638631740016353,0.4665276683218735
exclude027_fullfit_027_heldout,C1_5k,C0,5,9,0.1,14,v_1400_1500,1400.0,1500.0,52,1,0.4789430349904035,0.4796686916073599,0.5269348948724656,0.5360603576230506,0.5367846632395867
exclude027_fullfit_027_heldout,C1_5k,C0,5,9,0.1,15,v_1500_1600,1500.0,1600.0,26,1,0.5129246495775988,0.513503006542521,0.5540411617382573,0.5603661883068639,0.561264223555213
exclude027_fullfit_027_heldout,C1_5k,C0,5,9,0.1,16,v_1600_1700,1600.0,1700.0,62,1,0.5194488685116899,0.5197235680581347,0.5405578594581698,0.5579724799218161,0.5725298157542511
exclude027_fullfit_027_heldout,C1_5k,C0,5,9,0.1,17,v_1700_1800,1700.0,1800.0,76,1,0.5718705904309825,0.5726306791615188,0.6135826396797711,0.6225205688856659,0.6241623458050753
exclude027_fullfit_027_heldout,C1_5k,C0,5,9,0.1,18,v_1800_1900,1800.0,1900.0,21,1,0.645884642155254,0.6467460030335118,0.7114159810631349,0.7207860263941223,0.7228659990850019
exclude027_fullfit_027_heldout,C1_5k,C0,5,9,0.1,19,v_1900_2000,1900.0,2000.0,1,1,0.721635899331659,0.721635899331659,0.721635899331659,0.721635899331659,0.721635899331659
exclude027_fullfit_027_heldout,C1_5k,C0+C1,5,9,0.1,1,v_0100_0200,100.0,200.0,42,1,-0.17237631087374627,0.17803907787882933,0.24106781559126933,0.2791045367140895,0.28671902910892655
exclude027_fullfit_027_heldout,C1_5k,C0+C1,5,9,0.1,2,v_0200_0300,200.0,300.0,76,1,-0.14814045121771222,0.15694617141393769,0.23204578689703576,0.2413605034570343,0.24693697449808957
exclude027_fullfit_027_heldout,C1_5k,C0+C1,5,9,0.1,3,v_0300_0400,300.0,400.0,71,1,-0.07724441657754673,0.09108016528899852,0.15292506025780547,0.17435358539402893,0.18349681273054266
exclude027_fullfit_027_heldout,C1_5k,C0+C1,5,9,0.1,4,v_0400_0500,400.0,500.0,49,1,-0.11071720361055833,0.19739402574922327,0.4705990068765233,0.5023226739643704,0.5165314418372791
exclude027_fullfit_027_heldout,C1_5k,C0+C1,5,9,0.1,5,v_0500_0600,500.0,600.0,77,1,0.01404187343097335,0.044789456580998185,0.0980010113575434,0.11630695281298219,0.12338934041160035
exclude027_fullfit_027_heldout,C1_5k,C0+C1,5,9,0.1,6,v_0600_0700,600.0,700.0,12,1,-0.01020105197599783,0.038186162224728704,0.0739034002870348,0.08109219637901244,0.08288939540200684
exclude027_fullfit_027_heldout,C1_5k,C0+C1,5,9,0.1,7,v_0700_0800,700.0,800.0,4,1,0.07973292084113284,0.10290742356957785,0.1625981393338235,0.18154406547031998,0.18628054700444413
exclude027_fullfit_027_heldout,C1_5k,C0+C1,5,9,0.1,8,v_0800_0900,800.0,900.0,62,1,0.10735979217312316,0.1133811219865865,0.1598239975236701,0.16297444357674515,0.16364735097463357
exclude027_fullfit_027_heldout,C1_5k,C0+C1,5,9,0.1,9,v_0900_1000,900.0,1000.0,76,1,0.17777068141186753,0.18088562038857808,0.22893278907645084,0.2515087428825652,0.2544017562076795
exclude027_fullfit_027_heldout,C1_5k,C0+C1,5,9,0.1,10,v_1000_1100,1000.0,1100.0,37,1,0.26010560356143303,0.26447379922271463,0.3406222285161587,0.38070256741163155,0.3942019987608823
exclude027_fullfit_027_heldout,C1_5k,C0+C1,5,9,0.1,11,v_1100_1200,1100.0,1200.0,22,1,0.34840807865033224,0.35525677510329295,0.4717813145023907,0.48191162831847745,0.483639121178992
exclude027_fullfit_027_heldout,C1_5k,C0+C1,5,9,0.1,12,v_1200_1300,1200.0,1300.0,58,1,0.3977018970062944,0.3991134933603349,0.43336516365931227,0.43704377243758485,0.43899424396660897
exclude027_fullfit_027_heldout,C1_5k,C0+C1,5,9,0.1,13,v_1300_1400,1300.0,1400.0,76,1,0.43440665930576094,0.4345784757375913,0.4548847202521203,0.4584237249296117,0.4608740958729955
exclude027_fullfit_027_heldout,C1_5k,C0+C1,5,9,0.1,14,v_1400_1500,1400.0,1500.0,52,1,0.46952873475314466,0.47020221275008994,0.515010435916824,0.5256230360281812,0.5263724149051728
exclude027_fullfit_027_heldout,C1_5k,C0+C1,5,9,0.1,15,v_1500_1600,1500.0,1600.0,26,1,0.4987549100236704,0.49935647399429406,0.5397744689735048,0.546765809822126,0.5479719524038503
exclude027_fullfit_027_heldout,C1_5k,C0+C1,5,9,0.1,16,v_1600_1700,1600.0,1700.0,62,1,0.5047102644062459,0.5049977327750803,0.5259783656290312,0.5431820344651274,0.5574675886953209
exclude027_fullfit_027_heldout,C1_5k,C0+C1,5,9,0.1,17,v_1700_1800,1700.0,1800.0,76,1,0.5588739223843889,0.5596855138989127,0.6012662683319512,0.6105156339275447,0.6121367922420604
exclude027_fullfit_027_heldout,C1_5k,C0+C1,5,9,0.1,18,v_1800_1900,1800.0,1900.0,21,1,0.6347610121751982,0.6356515251763765,0.7011048286554007,0.7105174571856712,0.712608394759567
exclude027_fullfit_027_heldout,C1_5k,C0+C1,5,9,0.1,19,v_1900_2000,1900.0,2000.0,1,1,0.7132025643023949,0.7132025643023949,0.7132025643023949,0.7132025643023949,0.7132025643023949
