u,v,Xc_mm,Yc_mm,Zc_mm,Xg_mm,Yg_mm,Zg_mm
2128.612715,463.000000,5.681671,-101.958374,713.480516,5.689524,101.964266,-0.047961
2128.652938,464.000000,5.685696,-101.863560,713.497870,5.694357,101.869598,-0.065892
2128.683274,465.000000,5.688736,-101.768291,713.512064,5.698065,101.774448,-0.080714
2128.696691,466.000000,5.690089,-101.672248,713.520849,5.699844,101.678480,-0.090215
2128.701421,467.000000,5.690575,-101.575807,713.526858,5.700635,101.582091,-0.096984
2128.710066,468.000000,5.691452,-101.479542,713.534116,5.701871,101.485889,-0.104983
2128.706785,469.000000,5.691139,-101.382734,713.537561,5.701748,101.389112,-0.109230
2128.657840,470.000000,5.686273,-101.283852,713.526411,5.696423,101.290142,-0.099118
2128.566374,471.000000,5.677166,-101.183045,713.501670,5.686255,101.189137,-0.075635
2128.517669,472.000000,5.672323,-101.084183,713.490595,5.680957,101.090187,-0.065596
2128.433514,473.000000,5.663946,-100.983720,713.468192,5.671623,100.989544,-0.044412
2128.392589,474.000000,5.659880,-100.885217,713.459602,5.667212,100.890974,-0.036819
2128.379777,475.000000,5.658617,-100.787987,713.459995,5.666004,100.793750,-0.038063
2128.387055,476.000000,5.659357,-100.691663,713.466806,5.667083,100.697486,-0.045621
2128.410622,477.000000,5.661722,-100.596072,713.478821,5.670018,100.601996,-0.058300
2128.435721,478.000000,5.664239,-100.500547,713.491326,5.673128,100.506576,-0.071460
2128.412995,479.000000,5.661987,-100.402866,713.488545,5.670790,100.408877,-0.069582
2128.352891,480.000000,5.656009,-100.303507,713.473820,5.664195,100.309400,-0.055952
2128.304719,481.000000,5.651220,-100.204688,713.462907,5.658958,100.210495,-0.046072
2128.274595,482.000000,5.648231,-100.106682,713.457759,5.655778,100.112450,-0.041865
2128.251628,483.000000,5.645956,-100.008997,713.454898,5.653412,100.014745,-0.039907
2128.237077,484.000000,5.644520,-99.911691,713.454725,5.652006,99.917441,-0.040594
2128.237552,485.000000,5.644582,-99.815057,713.459352,5.652310,99.820848,-0.046004
2128.247256,486.000000,5.645564,-99.718834,713.466927,5.653665,99.724690,-0.054314
2128.244568,487.000000,5.645310,-99.622056,713.470541,5.653610,99.627945,-0.058727
2128.222766,488.000000,5.643151,-99.524425,713.468046,5.651376,99.530297,-0.057129
2128.183666,489.000000,5.639267,-99.426024,713.460023,5.647174,99.431834,-0.050093
2128.141225,490.000000,5.635051,-99.327477,713.450931,5.642590,99.333216,-0.042005
2128.117451,491.000000,5.632695,-99.229763,713.447803,5.640133,99.235479,-0.039785
2128.112981,492.000000,5.632264,-99.132907,713.450842,5.639874,99.138651,-0.043632
2128.117411,493.000000,5.632720,-99.036445,713.456723,5.640628,99.042241,-0.050276
2128.117086,494.000000,5.632702,-98.939771,713.461085,5.640841,98.945606,-0.055424
2128.138860,495.000000,5.634887,-98.844075,713.472506,5.643570,98.850006,-0.067518
2128.171535,496.000000,5.638160,-98.748859,713.487410,5.647541,98.754915,-0.083038
2128.184772,497.000000,5.639494,-98.652779,713.496102,5.649299,98.658909,-0.092447
2128.173909,498.000000,5.638425,-98.555633,713.497091,5.648311,98.561774,-0.094277
2128.149933,499.000000,5.636050,-98.457908,713.493889,5.645830,98.464027,-0.091984
2128.117860,500.000000,5.632867,-98.359827,713.488098,5.642427,98.365902,-0.087144
2128.070612,501.000000,5.628171,-98.261080,713.477458,5.637296,98.267071,-0.077532
2128.000016,502.000000,5.621148,-98.161309,713.459356,5.629506,98.167156,-0.060579
2127.929416,503.000000,5.614124,-98.061544,713.441253,5.621716,98.067245,-0.043625
2127.905639,504.000000,5.611769,-97.963839,713.438110,5.619257,97.969518,-0.041389
2127.906726,505.000000,5.611892,-97.867225,713.442909,5.619630,97.872946,-0.046968
2127.885968,506.000000,5.609837,-97.769653,713.440727,5.617516,97.775359,-0.045678
2127.872091,507.000000,5.608468,-97.672382,713.440744,5.616185,97.678093,-0.046551
2127.888572,508.000000,5.610126,-97.576440,713.450458,5.618311,97.582233,-0.056966
2127.920211,509.000000,5.613294,-97.481157,713.465015,5.622163,97.487072,-0.072145
2127.938835,510.000000,5.615165,-97.385302,713.475412,5.624532,97.391305,-0.083232
2127.941621,511.000000,5.615457,-97.288754,713.480748,5.625099,97.294805,-0.089338
2127.931556,512.000000,5.614469,-97.191645,713.481977,5.624202,97.197709,-0.091403
2127.917813,513.000000,5.613113,-97.094377,713.482029,5.622886,97.100444,-0.092312
2127.922758,514.000000,5.613621,-96.997920,713.488051,5.623697,97.004040,-0.099094
2127.954425,515.000000,5.616792,-96.902622,713.502611,5.627552,96.908865,-0.114276
2127.967229,516.000000,5.618083,-96.806503,713.511143,5.629259,96.812818,-0.123527
2127.902175,517.000000,5.611613,-96.707007,713.494794,5.622100,96.713192,-0.108298
2127.793180,518.000000,5.600763,-96.605615,713.464405,5.609937,96.611554,-0.079255
2127.691459,519.000000,5.590639,-96.504545,713.436341,5.598604,96.510259,-0.052500
2127.628235,520.000000,5.584352,-96.405147,713.420578,5.591654,96.410735,-0.037847
2127.612375,521.000000,5.582786,-96.307797,713.419944,5.590097,96.313382,-0.038081
2127.630923,522.000000,5.584649,-96.211930,713.430302,5.592457,96.217603,-0.049128
2127.671032,523.000000,5.588661,-96.116989,713.447548,5.597272,96.122807,-0.066953
2127.715723,524.000000,5.593130,-96.022240,713.466257,5.602609,96.028215,-0.086217
2127.732383,525.000000,5.594805,-95.926282,713.476009,5.604754,95.932340,-0.096669
2127.723065,526.000000,5.593891,-95.829207,713.477461,5.603941,95.835279,-0.098953
2127.704895,527.000000,5.592094,-95.731751,713.476082,5.602121,95.737816,-0.098454
2127.687642,528.000000,5.590389,-95.634335,713.474996,5.600404,95.640394,-0.098241
2127.664732,529.000000,5.588120,-95.536678,713.472101,5.598044,95.542717,-0.096249
2127.600307,530.000000,5.581714,-95.437247,713.455941,5.590957,95.443156,-0.081206
2127.483464,531.000000,5.570084,-95.335581,713.423034,5.577902,95.341225,-0.049685
2127.458073,532.000000,5.567568,-95.237827,713.419344,5.575260,95.243443,-0.046910
2127.439716,533.000000,5.565753,-95.140373,713.417899,5.573418,95.145982,-0.046345
2127.487089,534.000000,5.570489,-95.045719,713.437451,5.579059,95.051491,-0.066439
2127.534636,535.000000,5.575242,-94.951068,713.457060,5.584720,94.957003,-0.086588
2127.451548,536.000000,5.566976,-94.850860,713.434931,5.575508,94.856617,-0.065672
2127.492163,537.000000,5.571038,-94.755909,713.452322,5.580380,94.761812,-0.083640
2127.449647,538.000000,5.566816,-94.657429,713.443153,5.575787,94.663260,-0.075475
2127.447601,539.000000,5.566626,-94.560666,713.446913,5.575802,94.566531,-0.080030
2127.468549,540.000000,5.568729,-94.464875,713.458017,5.578434,94.470834,-0.091812
2127.475229,541.000000,5.569409,-94.368477,713.464562,5.579442,94.374493,-0.099108
2127.454162,542.000000,5.567324,-94.270907,713.462241,5.577291,94.276907,-0.097680
2127.403369,543.000000,5.562277,-94.172083,713.450423,5.571756,94.177990,-0.086908
2127.354199,544.000000,5.557392,-94.073331,713.439121,5.566406,94.079149,-0.076644
2127.340864,545.000000,5.556077,-93.976091,713.439268,5.565135,93.981913,-0.077645
2127.365468,546.000000,5.558544,-93.880447,713.451533,5.568183,93.886373,-0.090568
2127.378709,547.000000,5.559878,-93.784322,713.460167,5.569938,93.790322,-0.099920
2127.350849,548.000000,5.557116,-93.686470,713.455669,5.567013,93.692436,-0.096350
2127.308297,549.000000,5.552891,-93.588004,713.446476,5.562416,93.593898,-0.088162
2127.285306,550.000000,5.550614,-93.490359,713.443532,5.560046,93.496232,-0.086121
2127.287191,551.000000,5.550817,-93.393756,713.448533,5.560508,93.399674,-0.091897
2127.277502,552.000000,5.549866,-93.296669,713.449836,5.559652,93.302600,-0.094035
2127.274295,553.000000,5.549561,-93.199852,713.453208,5.559534,93.205814,-0.098210
2127.312877,554.000000,5.553420,-93.104777,713.469930,5.564173,93.110879,-0.115519
2127.358155,555.000000,5.557947,-93.009976,713.488791,5.569574,93.016236,-0.134932
2127.353920,556.000000,5.557540,-92.913110,713.491832,5.569339,92.919398,-0.138780
2127.302788,557.000000,5.552459,-92.814293,713.479888,5.563764,92.820487,-0.127884
2127.241046,558.000000,5.546321,-92.715039,713.464554,5.556983,92.721111,-0.113652
2127.192963,559.000000,5.541544,-92.616357,713.453583,5.551756,92.622341,-0.103714
2127.166111,560.000000,5.538884,-92.518557,713.449394,5.548946,92.524511,-0.100447
2127.146361,561.000000,5.536930,-92.421053,713.447472,5.546944,92.426994,-0.099412
2127.112108,562.000000,5.533532,-92.322949,713.440916,5.543292,92.328840,-0.093818
2127.073782,563.000000,5.529728,-92.224680,713.433058,5.539176,92.230509,-0.086942
2127.061246,564.000000,5.528494,-92.127477,713.433438,5.537995,92.133313,-0.088171
2127.072067,565.000000,5.529586,-92.031237,713.441277,5.539473,92.037140,-0.096740
2127.070163,566.000000,5.529411,-91.934471,713.445051,5.539503,91.940408,-0.101309
2127.051862,567.000000,5.527603,-91.837029,713.443586,5.537666,91.842958,-0.100723
2127.034857,568.000000,5.525923,-91.739642,713.442533,5.535977,91.745565,-0.100543
2127.023869,569.000000,5.524843,-91.642502,713.443401,5.534972,91.648436,-0.102253
2127.007421,570.000000,5.523219,-91.545138,713.442524,5.533346,91.551068,-0.102245
2126.989868,571.000000,5.521485,-91.447729,713.441293,5.531594,91.453652,-0.101890
2126.985154,572.000000,5.521030,-91.350846,713.444162,5.531304,91.356796,-0.105568
2126.982874,573.000000,5.520817,-91.254062,713.447808,5.531290,91.260045,-0.110011
2126.970578,574.000000,5.519607,-91.156868,713.448252,5.530136,91.162858,-0.111304
2126.948130,575.000000,5.517385,-91.059260,713.445453,5.527827,91.065231,-0.109405
2126.927068,576.000000,5.515301,-90.961710,713.443095,5.525676,90.967664,-0.107940
2126.916990,577.000000,5.514312,-90.864607,713.444245,5.524775,90.870574,-0.109927
2126.906896,578.000000,5.513321,-90.767504,713.445388,5.523871,90.773484,-0.111908
2126.893842,579.000000,5.512035,-90.670280,713.445585,5.522631,90.676265,-0.112957
2126.880854,580.000000,5.510756,-90.573060,713.445802,5.521399,90.579049,-0.114025
2126.854511,581.000000,5.508146,-90.475298,713.441751,5.518646,90.481257,-0.110895
2126.807772,582.000000,5.503505,-90.376711,713.431185,5.513572,90.382588,-0.101354
2126.770182,583.000000,5.499775,-90.278498,713.423540,5.509540,90.284315,-0.094687
2126.769875,584.000000,5.499759,-90.181793,713.427803,5.509750,90.187648,-0.099736
2126.787313,585.000000,5.501511,-90.085803,713.437732,5.511980,90.091743,-0.110362
2126.774414,586.000000,5.500241,-89.988588,713.437971,5.510757,89.994533,-0.111452
2126.713802,587.000000,5.494217,-89.889452,713.422967,5.504105,89.895277,-0.097545
2126.656503,588.000000,5.488524,-89.790453,713.409022,5.497829,89.796168,-0.084678
2126.654237,589.000000,5.488313,-89.693669,713.412653,5.497817,89.699417,-0.089106
2126.657054,590.000000,5.488609,-89.597089,713.417907,5.498382,89.602883,-0.095131
2126.642879,591.000000,5.487211,-89.499826,713.417731,5.497014,89.505622,-0.095814
2126.608876,592.000000,5.483839,-89.401769,713.411222,5.493390,89.407515,-0.090264
2126.565141,593.000000,5.479498,-89.303325,713.401604,5.488658,89.308996,-0.081655
2126.557722,594.000000,5.478773,-89.206335,713.403583,5.488059,89.212025,-0.084457
2126.593808,595.000000,5.482382,-89.111081,713.419457,5.492410,89.116904,-0.100932
2126.622560,596.000000,5.485261,-89.015531,713.432987,5.495926,89.021468,-0.115101
2126.629889,597.000000,5.486006,-88.919124,713.439674,5.497005,88.925118,-0.122536
2126.601184,598.000000,5.483161,-88.821281,713.434850,5.493983,88.827240,-0.118644
2126.545034,599.000000,5.477583,-88.722350,713.421259,5.487838,88.728200,-0.106125
2126.494328,600.000000,5.472547,-88.623638,713.409406,5.482313,88.629395,-0.095317
2126.472106,601.000000,5.470349,-88.526059,713.406649,5.480029,88.531797,-0.093460
2126.515445,602.000000,5.474680,-88.431078,713.424831,5.485205,88.436968,-0.112205
2126.493030,603.000000,5.472462,-88.333491,713.422010,5.482899,88.339361,-0.110285
2126.470590,604.000000,5.470242,-88.235904,713.419181,5.480590,88.241754,-0.108355
2126.435620,605.000000,5.466774,-88.137823,713.412348,5.476855,88.143620,-0.102487
2126.394698,606.000000,5.462713,-88.039509,713.403613,5.472443,88.045238,-0.094747
2126.342692,607.000000,5.457548,-87.940761,713.391338,5.466770,87.946393,-0.083523
2126.330338,608.000000,5.456332,-87.843577,713.391725,5.465609,87.849216,-0.084759
2126.378894,609.000000,5.461183,-87.748787,713.411564,5.471377,87.754591,-0.105135
2126.427845,610.000000,5.466073,-87.654008,713.431529,5.477191,87.659978,-0.125636
2126.426347,611.000000,5.465939,-87.557244,713.435380,5.477265,87.563249,-0.130280
2126.378157,612.000000,5.461154,-87.458651,713.424317,5.472026,87.464569,-0.120248
2126.338072,613.000000,5.457176,-87.360378,713.415841,5.467709,87.366230,-0.112763
2126.325991,614.000000,5.455988,-87.263202,713.416308,5.466578,87.269061,-0.114077
2126.324281,615.000000,5.455832,-87.166431,713.420087,5.466627,87.172324,-0.118650
2126.323115,616.000000,5.455731,-87.069681,713.424038,5.466738,87.075609,-0.123393
2126.322391,617.000000,5.455674,-86.972946,713.428130,5.466900,86.978912,-0.128274
2126.311911,618.000000,5.454645,-86.875832,713.429104,5.465951,86.881808,-0.130087
2126.273408,619.000000,5.450825,-86.777628,713.421126,5.461814,86.783542,-0.123092
2126.210558,620.000000,5.444581,-86.678481,713.405372,5.454907,86.684270,-0.108444
2126.155822,621.000000,5.439145,-86.579653,713.392209,5.448923,86.585338,-0.096346
2126.133272,622.000000,5.436914,-86.482076,713.389324,5.446601,86.487740,-0.094362
2126.120546,623.000000,5.435662,-86.384880,713.389575,5.445397,86.390550,-0.095463
2126.104130,624.000000,5.434042,-86.287541,713.388647,5.443773,86.293207,-0.095404
2126.101539,625.000000,5.433798,-86.190737,713.392132,5.443721,86.196434,-0.099689
2126.117632,626.000000,5.435416,-86.094652,713.401583,5.445795,86.100430,-0.109843
2126.121309,627.000000,5.435797,-85.998087,713.407068,5.446457,86.003912,-0.116095
2126.112496,628.000000,5.434934,-85.901040,713.408563,5.445697,85.906881,-0.118420
2126.093860,629.000000,5.433093,-85.803615,713.406920,5.443820,85.809446,-0.117658
2126.062992,630.000000,5.430034,-85.705721,713.401369,5.440552,85.711510,-0.113050
2126.027268,631.000000,5.426491,-85.607643,713.394266,5.436731,85.613377,-0.106915
2126.000496,632.000000,5.423841,-85.509909,713.390021,5.433928,85.515612,-0.103592
2125.992331,633.000000,5.423042,-85.412889,713.391717,5.433242,85.418609,-0.106116
2125.990970,634.000000,5.422922,-85.316129,713.395585,5.433330,85.321883,-0.110776
2125.996447,635.000000,5.423482,-85.219628,713.401635,5.434196,85.225435,-0.117584
2126.021657,636.000000,5.426007,-85.123879,713.413986,5.437307,85.129790,-0.130592
2126.056959,637.000000,5.429537,-85.028510,713.429560,5.441566,85.034553,-0.146771
2126.061505,638.000000,5.430004,-84.931968,713.435310,5.442326,84.938061,-0.153283
2126.019180,639.000000,5.425805,-84.833643,713.426089,5.437753,84.839664,-0.145064
2125.963070,640.000000,5.420232,-84.734798,713.412465,5.431613,84.740711,-0.132512
2125.916741,641.000000,5.415634,-84.636328,713.401964,5.426585,84.642158,-0.123033
2125.862482,642.000000,5.410247,-84.537561,713.388930,5.420656,84.543287,-0.111061
2125.804911,643.000000,5.404530,-84.438672,713.374837,5.414350,84.444286,-0.098048
2125.765047,644.000000,5.400576,-84.340456,713.366398,5.410058,84.346005,-0.090597
2125.748660,645.000000,5.398959,-84.243128,713.365455,5.408436,84.248672,-0.090523
2125.758985,646.000000,5.400002,-84.146808,713.373040,5.409853,84.152417,-0.098842
2125.802420,647.000000,5.404341,-84.051732,713.391197,5.415035,84.057493,-0.117563
2125.863271,648.000000,5.410414,-83.957305,713.414916,5.422199,83.963264,-0.141757
2125.927010,649.000000,5.416776,-83.862982,713.439557,5.429692,83.869145,-0.166859
2125.953820,650.000000,5.419460,-83.767266,713.452404,5.432984,83.773538,-0.180355
2125.898649,651.000000,5.413982,-83.668475,713.439066,5.426950,83.674641,-0.168084
2125.803649,652.000000,5.404538,-83.568198,713.413008,5.416386,83.574153,-0.143296
2125.719907,653.000000,5.396215,-83.468348,713.390546,5.407102,83.474123,-0.122046
2125.659256,654.000000,5.390192,-83.369367,713.375458,5.400446,83.375022,-0.108053
2125.615188,655.000000,5.385820,-83.271009,713.365664,5.395676,83.276588,-0.099269
2125.590089,656.000000,5.383336,-83.173361,713.361926,5.393063,83.178912,-0.096445
2125.581658,657.000000,5.382512,-83.076333,713.363510,5.392346,83.081900,-0.098856
2125.578469,658.000000,5.382209,-82.979501,713.366765,5.392225,82.985098,-0.102914
2125.566427,659.000000,5.381025,-82.882338,713.367193,5.391097,82.887942,-0.104189
2125.534817,660.000000,5.377894,-82.784451,713.361372,5.387743,82.790010,-0.099314
2125.564764,661.000000,5.380889,-82.688845,713.375205,5.391391,82.694521,-0.113780
2125.521270,662.000000,5.376575,-82.590519,713.365586,5.386686,82.596119,-0.105169
2125.515299,663.000000,5.375995,-82.493582,713.367948,5.386248,82.499204,-0.108347
2125.532823,664.000000,5.377754,-82.397511,713.377810,5.388482,82.403218,-0.118906
2125.541852,665.000000,5.378668,-82.301125,713.384959,5.389751,82.306893,-0.126794
2125.539675,666.000000,5.378466,-82.204324,713.388529,5.389744,82.210125,-0.131161
2125.545072,667.000000,5.379018,-82.107801,713.394516,5.390599,82.113655,-0.137906
2125.500349,668.000000,5.374581,-82.009436,713.384498,5.385754,82.015211,-0.128901
2125.500504,669.000000,5.374612,-81.912720,713.388809,5.386013,81.918534,-0.133997
2125.551782,670.000000,5.379731,-81.817877,713.409443,5.392086,81.823862,-0.155157
2125.502313,671.000000,5.374822,-81.719341,713.397906,5.386701,81.725235,-0.144657
2125.495837,672.000000,5.374192,-81.622379,713.400096,5.386205,81.628295,-0.147665
2125.532086,673.000000,5.377815,-81.526978,713.415928,5.390569,81.533026,-0.164099
2125.475920,674.000000,5.372239,-81.428202,713.402248,5.384422,81.434141,-0.151491
2125.526279,675.000000,5.377267,-81.333310,713.422584,5.390390,81.339419,-0.172356
2125.450185,676.000000,5.369707,-81.233812,713.402539,5.381977,81.239760,-0.153483
2125.382503,677.000000,5.362985,-81.134626,713.385179,5.374521,81.140435,-0.137253
2125.345708,678.000000,5.359338,-81.036565,713.377681,5.370577,81.042317,-0.130728
2125.311144,679.000000,5.355912,-80.938588,713.370894,5.366887,80.944287,-0.124903
2125.266042,680.000000,5.351438,-80.840231,713.360742,5.361999,80.845851,-0.115766
2125.243487,681.000000,5.349208,-80.742693,713.357788,5.359675,80.748291,-0.113712
2125.256317,682.000000,5.350500,-80.646433,713.366130,5.361374,80.652103,-0.122775
2125.280161,683.000000,5.352888,-80.550568,713.377988,5.364326,80.556339,-0.135298
2125.282225,684.000000,5.353109,-80.453916,713.382891,5.364801,80.459730,-0.140976
2125.256928,685.000000,5.350606,-80.356278,713.379056,5.362165,80.362064,-0.138055
2125.230695,686.000000,5.348010,-80.258608,713.374921,5.359422,80.264363,-0.134840
2125.233394,687.000000,5.348294,-80.161977,713.380023,5.359969,80.167777,-0.140714
2125.249094,688.000000,5.349871,-80.065812,713.389275,5.361995,80.071691,-0.150672
2125.243054,689.000000,5.349285,-79.968865,713.391585,5.361548,79.974766,-0.153798
2125.216792,690.000000,5.346686,-79.871195,713.387436,5.358802,79.877066,-0.150568
2125.194992,691.000000,5.344531,-79.773686,713.384711,5.356563,79.779537,-0.148740
2125.181613,692.000000,5.343215,-79.676478,713.384673,5.355282,79.682332,-0.149556
2125.153452,693.000000,5.340427,-79.578743,713.379915,5.352320,79.584562,-0.145726
2125.108363,694.000000,5.335955,-79.480408,713.369751,5.347433,79.486146,-0.136577
2125.057546,695.000000,5.330912,-79.381872,713.357757,5.341895,79.387515,-0.125627
2125.015763,696.000000,5.326769,-79.283660,713.348647,5.337384,79.289232,-0.117515
2124.992418,697.000000,5.324461,-79.186104,713.345422,5.334969,79.191654,-0.115194
2124.979500,698.000000,5.323191,-79.088919,713.345525,5.333740,79.094473,-0.116148
2124.954882,699.000000,5.320756,-78.991320,713.341891,5.331181,78.996847,-0.113425
2124.908639,700.000000,5.316169,-78.892959,713.331353,5.326163,78.898403,-0.103908
2124.866903,701.000000,5.312031,-78.794759,713.322252,5.321658,78.800132,-0.095805
2124.845814,702.000000,5.309948,-78.697290,713.319742,5.319500,78.702645,-0.094188
2124.837012,703.000000,5.309087,-78.600254,713.321153,5.318739,78.605624,-0.096429
2124.848213,704.000000,5.310216,-78.503921,713.328948,5.320251,78.509358,-0.104953
2124.871901,705.000000,5.312588,-78.408024,713.340729,5.323183,78.413561,-0.117400
2124.873894,706.000000,5.312802,-78.311364,713.345583,5.323649,78.316944,-0.123030
2124.845682,707.000000,5.310010,-78.213644,713.340793,5.320681,78.219188,-0.119168
2124.800173,708.000000,5.305496,-78.115322,713.330480,5.315747,78.120785,-0.109872
2124.744928,709.000000,5.300014,-78.016662,713.317058,5.309706,78.022018,-0.097516
2124.680612,710.000000,5.293630,-77.917690,713.300740,5.302634,77.922916,-0.082310
2124.647969,711.000000,5.290398,-77.819825,713.294531,5.299162,77.825004,-0.077053
2124.673661,712.000000,5.292969,-77.723993,713.306943,5.302321,77.729276,-0.090120
2124.692848,713.000000,5.294893,-77.627931,713.317276,5.304741,77.633303,-0.101142
2124.669480,714.000000,5.292583,-77.530390,713.314025,5.302324,77.535738,-0.098795
2124.608583,715.000000,5.286539,-77.431549,713.298792,5.295640,77.436775,-0.084657
2124.549179,716.000000,5.280644,-77.332763,713.284037,5.289127,77.337872,-0.070988
2124.535326,717.000000,5.279281,-77.235557,713.283819,5.287791,77.240668,-0.071626
2124.561127,718.000000,5.281863,-77.139721,713.296257,5.290962,77.144937,-0.084720
2124.590205,719.000000,5.284771,-77.043995,713.309741,5.294506,77.049324,-0.098842
2124.622509,720.000000,5.288000,-76.948376,713.324253,5.298417,76.953827,-0.113977
2124.670623,721.000000,5.292802,-76.853298,713.343812,5.304124,76.858912,-0.134078
2124.721381,722.000000,5.297867,-76.758305,713.364215,5.310133,76.764089,-0.155009
2124.749287,723.000000,5.300659,-76.662523,713.377322,5.313544,76.668418,-0.168761
2124.735308,724.000000,5.299283,-76.565301,713.377056,5.312193,76.571197,-0.169351
2124.688292,725.000000,5.294620,-76.466949,713.366241,5.307087,76.472760,-0.159561
2124.641563,726.000000,5.289986,-76.368609,713.355517,5.302013,76.374336,-0.149859
2124.611231,727.000000,5.286983,-76.270833,713.350027,5.298803,76.276518,-0.145309
2124.589612,728.000000,5.284847,-76.173356,713.347317,5.296584,76.179021,-0.143494
2124.571244,729.000000,5.283035,-76.075990,713.345644,5.294734,76.081645,-0.142700
2124.560552,730.000000,5.281986,-75.978886,713.346420,5.293757,75.984550,-0.144316
2124.563702,731.000000,5.282315,-75.882252,713.351613,5.294353,75.887962,-0.150280
2124.567390,732.000000,5.282697,-75.785635,713.356978,5.295010,75.791393,-0.156411
2124.544833,733.000000,5.280468,-75.688127,713.353962,5.292684,75.693864,-0.154296
2124.506637,734.000000,5.276683,-75.590092,713.345954,5.288580,75.595766,-0.147267
2124.474524,735.000000,5.273503,-75.492264,713.339886,5.285168,75.497891,-0.142148
2124.518173,736.000000,5.277861,-75.396995,713.358002,5.290367,75.402774,-0.160829
2124.487868,737.000000,5.274861,-75.299229,713.352509,5.287160,75.304966,-0.156275
2124.441972,738.000000,5.270310,-75.200939,713.342038,5.282181,75.206594,-0.146822
2124.434643,739.000000,5.269596,-75.103949,713.343877,5.281586,75.109623,-0.149484
2124.451884,740.000000,5.271326,-75.007784,713.353558,5.283783,75.013540,-0.159864
2124.457055,741.000000,5.271856,-74.911212,713.359385,5.284609,74.917018,-0.166451
2124.432992,742.000000,5.269477,-74.813659,713.355879,5.282111,74.819440,-0.163853
2124.388875,743.000000,5.265104,-74.715436,713.345969,5.277334,74.721140,-0.154952
2124.339944,744.000000,5.260251,-74.617055,713.334523,5.272010,74.622669,-0.144539
2124.310827,745.000000,5.257370,-74.519339,713.329400,5.268938,74.524914,-0.140350
2124.317866,746.000000,5.258085,-74.422829,713.335817,5.269975,74.428460,-0.147517
2124.357627,747.000000,5.262056,-74.327407,713.352678,5.274732,74.333178,-0.164964
2124.384465,748.000000,5.264741,-74.231550,713.365414,5.278020,74.237429,-0.178350
2124.344591,749.000000,5.260789,-74.133476,713.356852,5.273725,74.139288,-0.170775
2124.272643,750.000000,5.253648,-74.034342,713.338050,5.265784,74.040003,-0.153124
2124.217334,751.000000,5.248161,-73.935763,713.324560,5.259736,73.941318,-0.140699
2124.173993,752.000000,5.243865,-73.837584,713.314889,5.255047,73.843063,-0.132033
2124.127364,753.000000,5.239243,-73.739300,713.304168,5.249985,73.744694,-0.122334
2124.080033,754.000000,5.234550,-73.640995,713.293222,5.244843,73.646303,-0.112413
2124.042212,755.000000,5.230804,-73.543007,713.285310,5.240782,73.548253,-0.105478
2124.027101,756.000000,5.229316,-73.445768,713.284645,5.239302,73.451012,-0.105675
2124.048710,757.000000,5.231480,-73.349734,713.295699,5.241994,73.355072,-0.117406
2124.087164,758.000000,5.235320,-73.254251,713.312128,5.246601,73.259726,-0.134427
2124.088260,759.000000,5.235444,-73.157539,713.316632,5.246962,73.163055,-0.139712
2124.008840,760.000000,5.227560,-73.058194,713.295437,5.238173,73.063539,-0.119704
2123.929953,761.000000,5.219730,-72.958871,713.274412,5.229446,72.964048,-0.099864
2120.076963,966.000000,4.840189,-53.015256,712.871333,4.839547,53.017802,0.122739
2120.165935,967.000000,4.849032,-52.920592,712.903588,4.849860,52.923405,0.090139
2120.335048,968.000000,4.865826,-52.827814,712.961386,4.869259,52.831103,0.032394
2120.463914,969.000000,4.878630,-52.734071,713.006364,4.884098,52.737731,-0.012730
2120.514260,970.000000,4.883642,-52.638468,713.026313,4.890034,52.642295,-0.033216
2120.524554,971.000000,4.884680,-52.541918,713.033493,4.891427,52.545807,-0.041131
2120.504225,972.000000,4.882678,-52.444648,713.030910,4.889347,52.448519,-0.039436
2120.479681,973.000000,4.880258,-52.347280,713.026982,4.886790,52.351122,-0.036416
2120.454576,974.000000,4.877783,-52.249900,713.022874,4.884169,52.253712,-0.033220
2120.484644,975.000000,4.880783,-52.153809,713.036353,4.887804,52.157734,-0.047337
2120.428588,976.000000,4.875236,-52.055709,713.022376,4.881673,52.059523,-0.034424
2120.375801,977.000000,4.870014,-51.957688,713.009440,4.875913,51.961400,-0.022537
2120.327063,978.000000,4.865193,-51.859765,712.997795,4.870611,51.863385,-0.011920
2120.265573,979.000000,4.859108,-51.761551,712.982083,4.863865,51.765045,0.002700
2120.211377,980.000000,4.853746,-51.663509,712.968696,4.857945,51.666897,0.015031
2120.189683,981.000000,4.851610,-51.566221,712.965668,4.855711,51.569587,0.017165
2120.223944,982.000000,4.855025,-51.470222,712.980473,4.859821,51.473712,0.001743
2120.302854,983.000000,4.862871,-51.375245,713.009510,4.868994,51.378976,-0.027689
2120.363967,984.000000,4.868951,-51.279852,713.032875,4.876149,51.283778,-0.051537
2120.359769,985.000000,4.868551,-51.182957,713.035418,4.875898,51.186907,-0.054888
2120.313489,986.000000,4.863974,-51.085101,713.024546,4.870875,51.088965,-0.045032
2120.256833,987.000000,4.858368,-50.987011,713.010365,4.864676,50.990762,-0.031918
2120.205671,988.000000,4.853308,-50.889050,712.997935,4.859100,50.892703,-0.020529
2120.165115,989.000000,4.849300,-50.791334,712.988884,4.854727,50.794916,-0.012466
2120.134265,990.000000,4.846255,-50.693840,712.982926,4.851454,50.697377,-0.007448
2120.123765,991.000000,4.845229,-50.596808,712.983454,4.850488,50.600353,-0.008814
2120.140099,992.000000,4.846866,-50.500383,712.992533,4.852565,50.504005,-0.018599
2120.167961,993.000000,4.849646,-50.404215,713.005286,4.855949,50.407945,-0.032001
2120.175716,994.000000,4.850432,-50.307592,713.011629,4.857053,50.311376,-0.039092
2120.154985,995.000000,4.848391,-50.210327,713.008891,4.854927,50.214092,-0.037243
2120.126134,996.000000,4.845544,-50.112881,713.003563,4.851881,50.116606,-0.032845
2120.111330,997.000000,4.844092,-50.015751,713.002711,4.850427,50.019472,-0.032853
2120.125443,998.000000,4.845508,-49.919266,713.011076,4.852252,49.923060,-0.041935
2120.135695,999.000000,4.846541,-49.822694,713.018208,4.853639,49.826549,-0.049803
2120.115331,1000.000000,4.844537,-49.725439,713.015581,4.851554,49.729276,-0.048063
2120.082911,1001.000000,4.841336,-49.627917,713.009109,4.848103,49.631704,-0.042539
2120.047241,1002.000000,4.837813,-49.530325,713.001600,4.844283,49.534054,-0.035994
2120.001812,1003.000000,4.833322,-49.432520,712.990980,4.839357,49.436165,-0.026385
2119.946067,1004.000000,4.827808,-49.334490,712.977071,4.833261,49.338024,-0.013539
2119.887114,1005.000000,4.821976,-49.236393,712.962138,4.826802,49.239808,0.000315
2119.850376,1006.000000,4.818347,-49.138788,712.954286,4.822862,49.142143,0.007199
2119.845175,1007.000000,4.817847,-49.041878,712.956483,4.822496,49.045254,0.004189
2119.845322,1008.000000,4.817878,-48.945084,712.960383,4.822737,48.948495,-0.000497
2119.848578,1009.000000,4.818217,-48.848357,712.965273,4.823330,48.851812,-0.006158
2119.860569,1010.000000,4.819423,-48.751820,712.972946,4.824913,48.755340,-0.014558
2119.877082,1011.000000,4.821077,-48.655379,712.982059,4.827009,48.658977,-0.024376
2119.886450,1012.000000,4.822023,-48.558780,712.988894,4.828295,48.562437,-0.031951
2119.875208,1013.000000,4.820924,-48.461733,712.989158,4.827245,48.465396,-0.033058
2119.833221,1014.000000,4.816774,-48.364021,712.979623,4.822709,48.367609,-0.024517
2119.771189,1015.000000,4.810637,-48.265879,712.963697,4.815900,48.269340,-0.009685
2119.712871,1016.000000,4.804868,-48.167821,712.948955,4.809513,48.171165,0.003982
2119.669087,1017.000000,4.800541,-48.070081,712.938844,4.804774,48.073344,0.013090
2119.635829,1018.000000,4.797259,-47.972568,712.932086,4.801228,47.975780,0.018896
2119.615755,1019.000000,4.795284,-47.875341,712.929529,4.799176,47.878535,0.020567
2119.592193,1020.000000,4.792963,-47.778039,712.925859,4.796729,47.781206,0.023334
2119.562916,1021.000000,4.790075,-47.680617,712.920367,4.793634,47.683742,0.027894
2119.540014,1022.000000,4.787820,-47.583332,712.916905,4.791261,47.586432,0.030456
2119.523636,1023.000000,4.786212,-47.486186,712.915521,4.789628,47.489279,0.030973
2119.505403,1024.000000,4.784419,-47.389002,712.913544,4.787785,47.392081,0.032072
2119.487344,1025.000000,4.782645,-47.291822,712.911622,4.785961,47.294889,0.033118
2119.474094,1026.000000,4.781347,-47.194744,712.911231,4.784683,47.197811,0.032657
2119.476827,1027.000000,4.781634,-47.098003,712.915932,4.785216,47.101112,0.027183
2119.501607,1028.000000,4.784108,-47.001724,712.927658,4.788247,47.004933,0.014793
2119.516914,1029.000000,4.785642,-46.905244,712.936364,4.790205,46.908527,0.005376
2119.497886,1030.000000,4.783771,-46.808043,712.934126,4.788272,46.811310,0.006732
2119.475258,1031.000000,4.781543,-46.710767,712.930741,4.785930,46.714010,0.009219
2119.467208,1032.000000,4.780761,-46.613796,712.932000,4.785240,46.617052,0.007134
2119.443616,1033.000000,4.778437,-46.516501,712.928305,4.782789,46.519731,0.009925
2119.489867,1034.000000,4.783041,-46.420658,712.946866,4.788254,46.424043,-0.009194
2119.478852,1035.000000,4.781964,-46.323623,712.947176,4.787229,46.327014,-0.010346
2119.497092,1036.000000,4.783790,-46.227193,712.956809,4.789519,46.230666,-0.020675
2119.511684,1037.000000,4.785253,-46.130685,712.965278,4.791395,46.134231,-0.029859
2119.481094,1038.000000,4.782236,-46.033245,712.959346,4.788151,46.036745,-0.024865
2119.444626,1039.000000,4.778635,-45.935686,712.951540,4.784240,45.939126,-0.018026
2119.412920,1040.000000,4.775507,-45.838227,712.945250,4.780869,45.841618,-0.012679
2119.372042,1041.000000,4.771469,-45.740582,712.936037,4.776459,45.743901,-0.004455
2119.326858,1042.000000,4.767004,-45.642852,712.925450,4.771560,45.646088,0.005122
2119.291476,1043.000000,4.763512,-45.545325,712.917986,4.767773,45.548503,0.011624
2119.294010,1044.000000,4.763779,-45.448570,712.922603,4.768282,45.451789,0.006233
2119.345346,1045.000000,4.768887,-45.352804,712.942771,4.774322,45.356191,-0.014468
2119.405609,1046.000000,4.774880,-45.257213,712.965783,4.781375,45.260792,-0.037970
2119.443475,1047.000000,4.778652,-45.161164,712.981658,4.785889,45.164876,-0.054445
2119.437325,1048.000000,4.778058,-45.064223,712.983503,4.785414,45.067954,-0.057107
2119.379090,1049.000000,4.772299,-44.966235,712.968747,4.779036,44.969848,-0.043426
2119.291947,1050.000000,4.763673,-44.867671,712.944779,4.769381,44.871091,-0.020674
2119.209932,1051.000000,4.755556,-44.769216,712.922445,4.760309,44.772457,0.000468
2119.144192,1052.000000,4.749053,-44.671093,712.905296,4.753081,44.674196,0.016505
2119.104928,1053.000000,4.745176,-44.573502,712.896584,4.748853,44.576538,0.024237
2119.108414,1054.000000,4.745538,-44.476764,712.901492,4.749470,44.479843,0.018559
2119.140936,1055.000000,4.748779,-44.380601,712.915651,4.753377,44.383799,0.003774
2119.173783,1056.000000,4.752053,-44.284441,712.929913,4.757321,44.287758,-0.011113
2119.171965,1057.000000,4.751889,-44.187592,712.933128,4.757337,44.190939,-0.015123
2119.140658,1058.000000,4.748801,-44.090161,712.926944,4.754011,44.093460,-0.009881
2119.113137,1059.000000,4.746088,-43.992806,712.921966,4.751114,43.996068,-0.005825
2119.088948,1060.000000,4.743706,-43.895518,712.918048,4.748594,43.898751,-0.002814
2119.066332,1061.000000,4.741480,-43.798262,712.914631,4.746253,43.801470,-0.000295
2119.049534,1062.000000,4.739831,-43.701120,712.913066,4.744571,43.704319,0.000400
2119.034471,1063.000000,4.738353,-43.604013,712.912053,4.743085,43.607207,0.000552
2119.017700,1064.000000,4.736707,-43.506873,712.910494,4.741406,43.510058,0.001241
2119.009819,1065.000000,4.735942,-43.409907,712.911767,4.740735,43.413105,-0.000857
2119.018763,1066.000000,4.736845,-43.313266,712.918400,4.741969,43.316522,-0.008233
2119.027282,1067.000000,4.737706,-43.216615,712.924896,4.743156,43.219927,-0.015474
2119.014982,1068.000000,4.736503,-43.119561,712.924757,4.741983,43.122875,-0.016183
2118.974948,1069.000000,4.732550,-43.021973,712.915780,4.737668,43.025217,-0.008190
2118.927446,1070.000000,4.727857,-42.924245,712.904422,4.732507,42.927399,0.002147
2118.893041,1071.000000,4.724462,-42.826771,712.897236,4.728829,42.829870,0.008376
2118.873699,1072.000000,4.722561,-42.729586,712.894849,4.726859,42.732669,0.009882
2118.840823,1073.000000,4.719318,-42.632145,712.888148,4.723355,42.635176,0.015633
2118.795649,1074.000000,4.714856,-42.534471,712.877528,4.718457,42.537419,0.025244
2118.772185,1075.000000,4.712546,-42.437213,712.873824,4.716020,42.440133,0.028046
2118.788219,1076.000000,4.714152,-42.340703,712.882703,4.718057,42.343699,0.018459
2118.825763,1077.000000,4.717890,-42.244597,712.898434,4.722531,42.247726,0.002125
2118.845770,1078.000000,4.719890,-42.148157,712.908577,4.725019,42.151372,-0.008706
2118.830867,1079.000000,4.718429,-42.051058,712.907596,4.723551,42.054267,-0.008585
2118.774968,1080.000000,4.712904,-41.953190,712.893551,4.717438,41.956288,0.004398
2118.708937,1081.000000,4.706374,-41.855136,712.876277,4.710178,41.858096,0.020559
2118.743041,1082.000000,4.709772,-41.758957,712.890906,4.714262,41.762040,0.005311
2118.819209,1083.000000,4.717340,-41.663557,712.918938,4.723112,41.666873,-0.023132
2118.873018,1084.000000,4.722691,-41.567735,712.939845,4.729430,41.571225,-0.044562
2118.873364,1085.000000,4.722742,-41.470915,712.943715,4.729689,41.474440,-0.049217
2118.805515,1086.000000,4.716032,-41.372833,712.925854,4.722222,41.376215,-0.032477
2118.704805,1087.000000,4.706064,-41.274150,712.897522,4.711031,41.277303,-0.005427
2118.610053,1088.000000,4.696687,-41.175584,712.871089,4.700517,41.178524,0.019752
2118.551827,1089.000000,4.690932,-41.077697,712.856294,4.694141,41.080519,0.033474
2118.540803,1090.000000,4.689856,-40.980678,712.856535,4.693112,40.983506,0.032392
2118.553440,1091.000000,4.691125,-40.884092,712.864313,4.694764,40.886987,0.023889
2118.574015,1092.000000,4.693181,-40.787649,712.874619,4.697314,40.790631,0.012897
2118.598126,1093.000000,4.695588,-40.691267,712.886050,4.700266,40.694346,0.000797
2118.624626,1094.000000,4.698231,-40.594926,712.898242,4.703488,40.598108,-0.012051
2118.625347,1095.000000,4.698319,-40.498115,712.902219,4.703789,40.501332,-0.016812
2118.599127,1096.000000,4.695737,-40.400816,712.897612,4.701039,40.403999,-0.013120
2118.569555,1097.000000,4.692822,-40.303458,712.891935,4.697908,40.306598,-0.008376
2118.547975,1098.000000,4.690699,-40.206245,712.888803,4.695683,40.209363,-0.006137
2118.530580,1099.000000,4.688992,-40.109109,712.887003,4.693932,40.112215,-0.005210
2118.498634,1100.000000,4.685842,-40.011712,712.880567,4.690533,40.014769,0.000283
2118.522699,1101.000000,4.688244,-39.915317,712.891974,4.693479,39.918471,-0.011793
2118.476382,1102.000000,4.683669,-39.817667,712.880956,4.688451,39.820733,-0.001790
2118.458890,1103.000000,4.681952,-39.720531,712.879121,4.686689,39.723585,-0.000828
2118.439732,1104.000000,4.680070,-39.623366,712.876754,4.684738,39.626404,0.000658
2118.391366,1105.000000,4.675292,-39.525686,712.865080,4.679479,39.528632,0.011307
2118.349586,1106.000000,4.671168,-39.428125,712.855504,4.674966,39.430996,0.019891
2118.333097,1107.000000,4.669550,-39.331011,712.853983,4.673317,39.333873,0.020543
2118.343993,1108.000000,4.670647,-39.234379,712.861186,4.674770,39.237303,0.012607
2118.364795,1109.000000,4.672725,-39.137918,712.871543,4.677346,39.140930,0.001565
2118.378657,1110.000000,4.674116,-39.041333,712.879689,4.679135,39.044415,-0.007300
2118.381461,1111.000000,4.674410,-38.944554,712.884310,4.679672,38.947677,-0.012694
2118.364134,1112.000000,4.672710,-38.847423,712.882516,4.677928,38.850535,-0.011773
2118.319105,1113.000000,4.668263,-38.749814,712.871896,4.673046,38.752842,-0.002161
2118.252438,1114.000000,4.661672,-38.651833,712.854382,4.665714,38.654721,0.014240
2118.185345,1115.000000,4.655040,-38.553850,712.836731,4.658334,38.556597,0.030773
2118.149213,1116.000000,4.651476,-38.456404,712.828943,4.654460,38.459091,0.037597
2118.157676,1117.000000,4.652331,-38.359725,712.835359,4.655637,38.362468,0.030436
2118.178639,1118.000000,4.654425,-38.263259,712.845756,4.658230,38.266089,0.019355
2118.176211,1119.000000,4.654201,-38.166390,712.848700,4.658174,38.169248,0.015611
2118.142666,1120.000000,4.650894,-38.068992,712.841731,4.654593,38.071796,0.021629
2118.084502,1121.000000,4.645146,-37.971177,712.826918,4.648224,37.973863,0.035369
2118.017941,1122.000000,4.638567,-37.873224,712.809430,4.640904,37.875770,0.051743
2117.968752,1123.000000,4.633710,-37.775570,712.797475,4.635552,37.778021,0.062670
2117.949991,1124.000000,4.631867,-37.678431,712.795211,4.633646,37.680868,0.064055
2117.942988,1125.000000,4.631190,-37.581491,712.796691,4.633071,37.583943,0.061754
2117.921760,1126.000000,4.629103,-37.484312,712.793638,4.630886,37.486742,0.063916
2117.877300,1127.000000,4.624715,-37.386746,712.783185,4.626069,37.389093,0.073364
2117.823451,1128.000000,4.619396,-37.289026,712.769741,4.620190,37.291267,0.085757
2117.775233,1129.000000,4.614635,-37.191403,712.758089,4.614948,37.193552,0.096385
2117.744474,1130.000000,4.611605,-37.094073,712.751997,4.611683,37.096176,0.101540
2117.764375,1131.000000,4.613593,-36.997583,712.762037,4.614154,36.999771,0.090810
2117.816520,1132.000000,4.618776,-36.901622,712.782346,4.620277,36.903980,0.069969
2117.837458,1133.000000,4.620867,-36.805143,712.792715,4.622865,36.807588,0.058916
2117.818625,1134.000000,4.619018,-36.708008,712.790416,4.620951,36.710437,0.060335
2117.778529,1135.000000,4.615062,-36.610525,712.781343,4.616628,36.612884,0.068425
2117.740606,1136.000000,4.611321,-36.513081,712.772962,4.612552,36.515374,0.075834
2117.714246,1137.000000,4.608727,-36.415827,712.768262,4.609785,36.418085,0.079617
2117.684440,1138.000000,4.605790,-36.318519,712.762463,4.606628,36.320733,0.084483
2117.654614,1139.000000,4.602852,-36.221212,712.756657,4.603468,36.223382,0.089355
2117.641036,1140.000000,4.601524,-36.124169,712.756025,4.602148,36.126337,0.089135
2117.643131,1141.000000,4.601748,-36.027379,712.760382,4.602603,36.029586,0.084000
2117.643865,1142.000000,4.601838,-35.930566,712.764305,4.602903,35.932808,0.079294
2117.616728,1143.000000,4.599166,-35.833305,712.759350,4.600048,35.835510,0.083329
2117.555020,1144.000000,4.593070,-35.735494,712.743385,4.593279,35.737571,0.098205
2117.563991,1145.000000,4.593975,-35.638813,712.749927,4.594512,35.640947,0.090919
2117.553866,1146.000000,4.592989,-35.541827,712.750387,4.593583,35.543968,0.089623
2117.513737,1147.000000,4.589030,-35.444365,712.741290,4.589257,35.446435,0.097736
2117.550542,1148.000000,4.592693,-35.348122,712.756693,4.593641,35.350321,0.081726
2117.574602,1149.000000,4.595093,-35.251674,712.768036,4.596582,35.253969,0.069714
2117.587666,1150.000000,4.596404,-35.155050,712.775876,4.598278,35.157412,0.061151
2117.577213,1151.000000,4.595386,-35.058055,712.776225,4.597311,35.060424,0.059963
2117.542435,1152.000000,4.591957,-34.960680,712.768826,4.593591,34.962992,0.066405
2117.501179,1153.000000,4.587887,-34.863207,712.759363,4.589137,34.865444,0.074879
2117.477032,1154.000000,4.585512,-34.766002,712.755348,4.586620,34.768209,0.077989
2117.466518,1155.000000,4.584487,-34.669009,712.755672,4.585646,34.671223,0.076826
2117.450530,1156.000000,4.582920,-34.571932,712.754253,4.584053,34.574137,0.077380
2117.487688,1157.000000,4.586618,-34.475674,712.769757,4.588476,34.478009,0.061270
2117.433086,1158.000000,4.581226,-34.378002,712.756038,4.582511,34.380228,0.073935
2117.391305,1159.000000,4.577104,-34.280530,712.746400,4.577998,34.282681,0.082581
2117.366732,1160.000000,4.574687,-34.183324,712.742242,4.575433,34.185444,0.085832
2117.365676,1161.000000,4.574599,-34.086478,712.745572,4.575530,34.088628,0.081710
2117.395030,1162.000000,4.577524,-33.990093,712.758584,4.579069,33.992353,0.068054
2117.416512,1163.000000,4.579669,-33.893585,712.769089,4.581717,33.895934,0.056867
2117.378271,1164.000000,4.575898,-33.796172,712.760573,4.577604,33.798455,0.064409
2117.308490,1165.000000,4.569003,-33.698286,712.742012,4.569921,33.700420,0.081842
2117.251289,1166.000000,4.563354,-33.600594,712.727456,4.563662,33.602613,0.095331
2117.211133,1167.000000,4.559393,-33.503162,712.718327,4.559333,33.505109,0.103476
2117.176586,1168.000000,4.555989,-33.405816,712.710984,4.555638,33.407706,0.109864
2117.145359,1169.000000,4.552913,-33.308522,712.704696,4.552320,33.310364,0.115211
2117.116179,1170.000000,4.550040,-33.211260,712.699059,4.549233,33.213059,0.119919
2117.074888,1171.000000,4.545968,-33.113820,712.689565,4.544775,33.115544,0.128424
2117.026910,1172.000000,4.541233,-33.016284,712.677941,4.539561,33.017917,0.139026
2114.087545,1378.000000,4.253997,-13.033514,712.468425,4.250556,13.034101,0.172079
2114.045122,1379.000000,4.249822,-12.936381,712.458325,4.245967,12.936888,0.181188
2114.082087,1380.000000,4.253494,-12.839705,712.473480,4.250350,12.840340,0.165422
2114.175883,1381.000000,4.262786,-12.743350,712.506718,4.261156,12.744260,0.131847
2114.229960,1382.000000,4.268151,-12.646760,712.527318,4.267473,12.647843,0.110718
2114.247052,1383.000000,4.269859,-12.549958,712.536149,4.269611,12.551116,0.101182
2114.262420,1384.000000,4.271397,-12.453144,712.544431,4.271554,12.454373,0.092186
2114.318800,1385.000000,4.276991,-12.356554,712.565763,4.278132,12.357961,0.070337
2114.413828,1386.000000,4.286407,-12.260170,712.599395,4.289080,12.261855,0.036373
2114.432540,1387.000000,4.288276,-12.163362,712.608738,4.291400,12.165127,0.026332
2114.348615,1388.000000,4.279994,-12.065999,712.585414,4.282119,12.067576,0.048465
2114.238985,1389.000000,4.269172,-11.968504,712.553910,4.269932,11.969826,0.078654
2114.153336,1390.000000,4.260721,-11.871145,712.530038,4.260457,11.872275,0.101327
2114.121615,1391.000000,4.257603,-11.774076,712.523327,4.257077,11.775155,0.107098
2114.135602,1392.000000,4.259004,-11.677248,712.531158,4.258863,11.678394,0.098546
2114.172166,1393.000000,4.262638,-11.580534,712.546174,4.263201,11.581806,0.082918
2114.214481,1394.000000,4.266841,-11.483845,712.563018,4.268189,11.485259,0.065488
2114.234989,1395.000000,4.268887,-11.387041,712.572923,4.270712,11.388539,0.054894
2114.222419,1396.000000,4.267662,-11.290068,712.572299,4.269496,11.291564,0.054670
2114.169556,1397.000000,4.262454,-11.192893,712.558851,4.263726,11.194282,0.067076
2114.096878,1398.000000,4.255286,-11.095624,712.539097,4.255717,11.096854,0.085693
2114.034944,1399.000000,4.249181,-10.998413,712.522762,4.248922,10.999513,0.100944
2113.998950,1400.000000,4.245640,-10.901332,712.514679,4.245059,10.902369,0.108065
2113.989903,1401.000000,4.244764,-10.804384,712.515170,4.244241,10.805429,0.106742
2113.990073,1402.000000,4.244800,-10.707480,712.518593,4.244465,10.708556,0.102532
2113.982411,1403.000000,4.244060,-10.610538,712.519523,4.243804,10.611624,0.100778
2113.975222,1404.000000,4.243368,-10.513597,712.520601,4.243196,10.514696,0.098877
2113.976693,1405.000000,4.243532,-10.416697,712.524434,4.243567,10.417830,0.094263
2113.991143,1406.000000,4.244979,-10.319856,712.532396,4.245405,10.321057,0.085583
2114.018262,1407.000000,4.247679,-10.223070,712.544389,4.248674,10.224373,0.072932
2114.037572,1408.000000,4.249607,-10.126246,712.553895,4.251061,10.127630,0.062730
2114.015340,1409.000000,4.247427,-10.029233,712.550181,4.248753,10.030590,0.065550
2113.949513,1410.000000,4.240937,-9.932027,712.532592,4.241518,9.933243,0.082035
2113.882846,1411.000000,4.234365,-9.834823,712.514736,4.234188,9.835896,0.098783
2113.856805,1412.000000,4.231809,-9.737800,712.509807,4.231449,9.738836,0.102800
2113.869907,1413.000000,4.233122,-9.640947,712.517331,4.233134,9.642048,0.094550
2113.890212,1414.000000,4.235148,-9.544123,712.527146,4.235633,9.545308,0.084045
2113.901933,1415.000000,4.236326,-9.447260,712.534229,4.237162,9.448506,0.076230
2113.897413,1416.000000,4.235897,-9.350327,712.536142,4.236855,9.351592,0.073507
2113.876272,1417.000000,4.233826,-9.253325,712.532765,4.234670,9.254565,0.075995
2113.850376,1418.000000,4.231284,-9.156304,712.527874,4.231948,9.157508,0.079974
2113.830620,1419.000000,4.229350,-9.059310,712.524935,4.229919,9.060492,0.082029
2113.821513,1420.000000,4.228468,-8.962359,712.525384,4.229094,8.963548,0.080749
2113.829692,1421.000000,4.229295,-8.865476,712.531332,4.230222,8.866718,0.074052
2113.864889,1422.000000,4.232793,-8.768697,712.545876,4.234403,8.770061,0.058888
2113.914426,1423.000000,4.237710,-8.671970,712.564984,4.240206,8.673494,0.039230
2113.940738,1424.000000,4.240330,-8.575149,712.576699,4.243383,8.576772,0.026852
2113.920388,1425.000000,4.238336,-8.478148,712.573564,4.241287,8.479749,0.029102
2113.871688,1426.000000,4.233540,-8.381042,712.561405,4.235987,8.382546,0.040239
2113.821366,1427.000000,4.228584,-8.283933,712.548730,4.230503,8.285337,0.051885
2113.787480,1428.000000,4.225252,-8.186888,712.541284,4.226877,8.188233,0.058381
2113.775590,1429.000000,4.224096,-8.089924,712.540836,4.225737,8.091269,0.057984
2113.760334,1430.000000,4.222606,-7.992948,712.539316,4.224217,7.994284,0.058643
2113.716119,1431.000000,4.218254,-7.895870,712.528579,4.219424,7.897122,0.068380
2113.641769,1432.000000,4.210923,-7.798690,712.508253,4.211225,7.799779,0.087562
2113.582681,1433.000000,4.205100,-7.701569,712.492783,4.204752,7.702534,0.101961
2113.599551,1434.000000,4.206787,-7.604709,712.501480,4.206861,7.605749,0.092557
2113.658837,1435.000000,4.212666,-7.507990,712.523672,4.213764,7.509214,0.069860
2113.716446,1436.000000,4.218379,-7.411259,712.545331,4.220477,7.412664,0.047689
2113.764296,1437.000000,4.223129,-7.314490,712.563884,4.226087,7.316050,0.028576
2113.807153,1438.000000,4.227385,-7.217700,712.580848,4.231134,7.219402,0.011029
2113.845939,1439.000000,4.231238,-7.120892,712.596516,4.235721,7.122726,-0.005242
2113.862755,1440.000000,4.232920,-7.024011,712.605191,4.237824,7.025919,-0.014624
2113.826268,1441.000000,4.229331,-6.926963,712.596899,4.233904,6.928807,-0.007296
2113.735114,1442.000000,4.220338,-6.829751,712.571210,4.223805,6.831387,0.017170
2113.647252,1443.000000,4.211671,-6.732555,712.546568,4.214079,6.733993,0.040603
2113.598555,1444.000000,4.206875,-6.635482,712.534389,4.208779,6.636823,0.051761
2113.562728,1445.000000,4.203353,-6.538450,712.526305,4.204933,6.539728,0.058886
2113.515804,1446.000000,4.198733,-6.441388,712.514688,4.199834,6.442574,0.069490
2113.533051,1447.000000,4.200457,-6.344511,712.523490,4.201985,6.345773,0.059983
2113.521777,1448.000000,4.199361,-6.247552,712.523214,4.200914,6.248815,0.059416
2113.467100,1449.000000,4.193975,-6.150474,712.509127,4.194938,6.151625,0.072453
2113.486915,1450.000000,4.195953,-6.053601,712.518742,4.197380,6.054834,0.062145
2113.535381,1451.000000,4.200762,-5.956802,712.537473,4.203058,5.958191,0.042858
2113.484662,1452.000000,4.195768,-5.859738,712.524641,4.197530,5.861026,0.054659
2113.432144,1453.000000,4.190595,-5.762673,712.511236,4.191798,5.763854,0.067025
2113.385617,1454.000000,4.186016,-5.665627,712.499737,4.186744,5.666717,0.077514
2113.362317,1455.000000,4.183731,-5.568641,712.495627,4.184313,5.569701,0.080724
2113.358267,1456.000000,4.183350,-5.471704,712.497640,4.184058,5.472784,0.077903
2113.346407,1457.000000,4.182197,-5.374747,712.497167,4.182920,5.375826,0.077531
2113.327684,1458.000000,4.180365,-5.277775,712.494510,4.181007,5.278835,0.079311
2113.322230,1459.000000,4.179845,-5.180833,712.496073,4.180593,5.181910,0.076933
2113.324245,1460.000000,4.180063,-5.083909,712.500012,4.181022,5.085021,0.072216
2113.299532,1461.000000,4.177639,-4.986923,712.495444,4.178432,4.988001,0.075877
2113.236999,1462.000000,4.171478,-4.889857,712.478843,4.171569,4.890802,0.091391
2113.163346,1463.000000,4.164218,-4.792771,712.458704,4.163451,4.793554,0.110391
2113.111089,1464.000000,4.159073,-4.695735,712.445371,4.157749,4.696413,0.122686
2113.079978,1465.000000,4.156017,-4.598746,712.438765,4.154436,4.599373,0.128356
2113.052225,1466.000000,4.153293,-4.501766,712.433225,4.151503,4.502351,0.132975
2113.017690,1467.000000,4.149900,-4.404774,712.425527,4.147804,4.405299,0.139720
2112.991815,1468.000000,4.147362,-4.307801,712.420583,4.145082,4.308289,0.143753
2113.003397,1469.000000,4.148525,-4.210899,712.427553,4.146592,4.211448,0.136050
2113.043656,1470.000000,4.152522,-4.114049,712.443644,4.151341,4.114732,0.119362
2113.076843,1471.000000,4.155820,-4.017181,712.457485,4.155291,4.017981,0.104891
2113.088776,1472.000000,4.157019,-3.920272,712.464564,4.156841,3.921133,0.097081
2113.072775,1473.000000,4.155456,-3.823314,712.462754,4.155234,3.824163,0.098026
2113.024865,1474.000000,4.150741,-3.726303,712.450792,4.150024,3.727057,0.108972
2112.975652,1475.000000,4.145897,-3.629293,712.438414,4.144666,3.629949,0.120327
2112.955863,1476.000000,4.143960,-3.532332,712.435396,4.142632,3.532968,0.122462
2112.945443,1477.000000,4.142950,-3.435387,712.435357,4.141656,3.436025,0.121664
2112.940240,1478.000000,4.142454,-3.338450,712.436976,4.141269,3.339105,0.119231
2112.954774,1479.000000,4.143910,-3.241541,712.444873,4.143112,3.242263,0.110615
2112.989122,1480.000000,4.147323,-3.144657,712.459073,4.147193,3.145499,0.095791
2113.025326,1481.000000,4.150919,-3.047772,712.473862,4.151483,3.048739,0.080386
2113.044328,1482.000000,4.152816,-2.950861,712.483178,4.153831,2.951907,0.070372
2113.037348,1483.000000,4.152145,-2.853914,712.484226,4.153243,2.854971,0.068503
2113.021275,1484.000000,4.150576,-2.756955,712.482379,4.151628,2.758000,0.069484
2113.028320,1485.000000,4.151291,-2.660024,712.487887,4.152625,2.661118,0.063221
2113.066457,1486.000000,4.155079,-2.563127,712.503287,4.157134,2.564350,0.047215
2113.082549,1487.000000,4.156688,-2.466202,712.511671,4.159153,2.467497,0.038119
2113.047227,1488.000000,4.153217,-2.369220,712.503695,4.155363,2.370453,0.045138
2112.984126,1489.000000,4.147000,-2.272212,712.486880,4.148435,2.273310,0.060865
2112.899003,1490.000000,4.138608,-2.175187,712.463057,4.139020,2.176094,0.083493
2112.790596,1491.000000,4.127915,-2.078147,712.431829,4.126976,2.078801,0.113417
2112.721850,1492.000000,4.121142,-1.981150,712.413218,4.119412,1.981656,0.130913
2112.723049,1493.000000,4.121280,-1.884218,712.416855,4.119748,1.884756,0.126493
2112.748083,1494.000000,4.123772,-1.787303,712.428073,4.122775,1.787937,0.114606
2112.768922,1495.000000,4.125850,-1.690382,712.437956,4.125329,1.691100,0.104034
2112.769259,1496.000000,4.125902,-1.593444,712.441316,4.125567,1.594192,0.099887
2112.755908,1497.000000,4.124602,-1.496496,712.440320,4.124260,1.497239,0.100031
2112.752172,1498.000000,4.124252,-1.399554,712.442381,4.124038,1.400317,0.097164
2112.763287,1499.000000,4.125370,-1.302620,712.449166,4.125493,1.303442,0.089643
2112.770589,1500.000000,4.126110,-1.205682,712.454737,4.126518,1.206553,0.083319
2112.757583,1501.000000,4.124844,-1.108732,712.453845,4.125249,1.109599,0.083360
2112.737324,1502.000000,4.122862,-1.011779,712.450645,4.123161,1.012624,0.085675
2112.736348,1503.000000,4.122784,-0.914836,712.453579,4.123250,0.915707,0.081948
2112.748709,1504.000000,4.124025,-0.817896,712.460754,4.124846,0.818829,0.074044
2112.749001,1505.000000,4.124073,-0.720950,712.464089,4.125079,0.721914,0.069922
2112.733211,1506.000000,4.122532,-0.623999,712.462306,4.123496,0.624952,0.070841
2112.715561,1507.000000,4.120807,-0.527048,712.459930,4.121702,0.527984,0.072345
2112.699745,1508.000000,4.119264,-0.430097,712.458136,4.120115,0.431023,0.073275
2112.664600,1509.000000,4.115811,-0.333145,712.450192,4.116345,0.334008,0.080264
2112.615227,1510.000000,4.110952,-0.236193,712.437720,4.110968,0.236957,0.091712
2112.571432,1511.000000,4.106644,-0.139245,712.427022,4.106222,0.139925,0.101414
2112.533516,1512.000000,4.102918,-0.042299,712.418193,4.102139,0.042911,0.109274
2112.506167,1513.000000,4.100235,0.054644,712.412725,4.099250,-0.054074,0.113824
2112.503322,1514.000000,4.099973,0.151587,712.415050,4.099128,-0.150995,0.110697
2112.513830,1515.000000,4.101031,0.248533,712.421622,4.100514,-0.247884,0.103387
2112.500668,1516.000000,4.099750,0.345477,712.420662,4.099227,-0.344832,0.103495
2112.537810,1517.000000,4.103438,0.442430,712.435704,4.103621,-0.441659,0.087841
2112.499403,1518.000000,4.099663,0.539369,712.426712,4.099482,-0.538669,0.095862
2112.466652,1519.000000,4.096447,0.636308,712.419517,4.095983,-0.635663,0.102113
2112.435505,1520.000000,4.093389,0.733245,712.412832,4.092664,-0.732652,0.107861
2112.407024,1521.000000,4.090595,0.830182,712.406994,4.089647,-0.829633,0.112776
2112.386254,1522.000000,4.088563,0.927120,712.403607,4.087500,-0.926595,0.115275
2112.367451,1523.000000,4.086724,1.024058,712.400846,4.085576,-1.023553,0.117160
2112.336992,1524.000000,4.083735,1.120989,712.394375,4.082335,-1.120534,0.122697
2112.320772,1525.000000,4.082152,1.217927,712.392432,4.080702,-1.217484,0.123775
2112.342062,1526.000000,4.084274,1.314886,712.402419,4.083305,-1.314358,0.113100
2112.384793,1527.000000,4.088515,1.411862,712.419226,4.088329,-1.411193,0.095708
2112.428338,1528.000000,4.092836,1.508842,712.436291,4.093446,-1.508031,0.078061
2112.475895,1529.000000,4.097553,1.605830,712.454632,4.099015,-1.604866,0.059157
2112.515486,1530.000000,4.101484,1.702817,712.470439,4.103685,-1.701720,0.042749
2112.519285,1531.000000,4.101879,1.799780,712.474857,4.104313,-1.798643,0.037561
2112.478913,1532.000000,4.097910,1.896707,712.465221,4.099952,-1.895646,0.046216
2112.417447,1533.000000,4.091857,1.993612,712.448874,4.093209,-1.992681,0.061484
2112.349043,1534.000000,4.085118,2.090506,712.430319,4.085682,-2.089724,0.078926
2112.278135,1535.000000,4.078134,2.187393,712.410967,4.077873,-2.186766,0.097152
2112.234881,1536.000000,4.073880,2.284303,712.400411,4.073187,-2.283759,0.106715
2112.243058,1537.000000,4.074707,2.381264,712.406214,4.074309,-2.380670,0.100162
2112.270179,1538.000000,4.077406,2.478249,712.418041,4.077569,-2.477554,0.087675
2112.280558,1539.000000,4.078450,2.575217,712.424542,4.078940,-2.574466,0.080434
2112.268079,1540.000000,4.077237,2.672160,712.423771,4.077729,-2.671412,0.080358
2112.251855,1541.000000,4.075654,2.769098,712.421807,4.076095,-2.768363,0.081456
2112.245742,1542.000000,4.075070,2.866049,712.423058,4.075602,-2.865300,0.079387
2112.248623,1543.000000,4.075374,2.963011,712.427169,4.076126,-2.962226,0.074501
2112.262861,1544.000000,4.076799,3.059991,712.434892,4.077931,-3.059139,0.066058
2112.295016,1545.000000,4.079995,3.156998,712.448314,4.081761,-3.156033,0.052000
2112.340232,1546.000000,4.084482,3.254028,712.465890,4.087065,-3.252916,0.033849
2112.383563,1547.000000,4.088782,3.351059,712.482866,4.092156,-3.349805,0.016290
2112.411939,1548.000000,4.091605,3.448073,712.495083,4.095559,-3.446715,0.003419
2112.403775,1549.000000,4.090818,3.545032,712.495674,4.094835,-3.543666,0.002001
2112.350445,1550.000000,4.085569,3.641917,712.481892,4.089010,-3.640661,0.014740
2112.283569,1551.000000,4.078982,3.738776,712.463801,4.081655,-3.737665,0.031727
2112.220400,1552.000000,4.072761,3.835637,712.446888,4.074719,-3.834661,0.047551
2112.179963,1553.000000,4.068787,3.932533,712.437206,4.070350,-3.931633,0.056253
2112.174040,1554.000000,4.068221,4.029489,712.438503,4.069878,-4.028575,0.054139
2112.193570,1555.000000,4.070170,4.126492,712.447896,4.072281,-4.125498,0.044050
2112.223272,1556.000000,4.073123,4.223516,712.460524,4.075833,-4.222416,0.030774
2112.250139,1557.000000,4.075797,4.320539,712.472250,4.079064,-4.319339,0.018387
2112.256116,1558.000000,4.076407,4.417524,712.477328,4.079937,-4.416279,0.012548
2112.230057,1559.000000,4.073852,4.514446,712.472213,4.077191,-4.513240,0.016752
2112.187191,1560.000000,4.069638,4.611331,712.461749,4.072548,-4.610208,0.026223
2112.149961,1561.000000,4.065980,4.708226,712.453077,4.068541,-4.707170,0.033930
2112.133463,1562.000000,4.064370,4.805163,712.451000,4.066875,-4.804121,0.035140
2112.129773,1563.000000,4.064025,4.902128,712.452997,4.066655,-4.901066,0.032338
2112.108792,1564.000000,4.061972,4.999054,712.449491,4.064483,-4.998018,0.034955
2112.057157,1565.000000,4.056892,5.095910,712.436232,4.058850,-5.094979,0.047181
2111.995779,1566.000000,4.050849,5.192739,712.419873,4.052116,-5.191939,0.062461
2111.954208,1567.000000,4.046763,5.289612,712.409814,4.047619,-5.288890,0.071534
2111.950264,1568.000000,4.046393,5.386571,712.411723,4.047370,-5.385831,0.068818
2111.980551,1569.000000,4.049404,5.483616,712.424521,4.050987,-5.482768,0.055375
2112.022118,1570.000000,4.053529,5.580692,712.440905,4.055877,-5.579706,0.038398
2112.057765,1571.000000,4.057070,5.677757,712.455406,4.060099,-5.676650,0.023278
2112.065387,1572.000000,4.057842,5.774755,712.460990,4.061157,-5.773598,0.016941
2112.028679,1573.000000,4.054236,5.871637,712.452470,4.057208,-5.870547,0.024499
2111.979141,1574.000000,4.049363,5.968483,712.439867,4.051811,-5.967493,0.036078
2111.944005,1575.000000,4.045912,6.065365,712.431845,4.048040,-6.064438,0.043146
2111.923430,1576.000000,4.043900,6.162285,712.428454,4.045914,-6.161382,0.045651
2111.918887,1577.000000,4.043471,6.259249,712.430161,4.045597,-6.258328,0.043133
2111.955867,1578.000000,4.047143,6.356331,712.445077,4.049969,-6.355285,0.027603
2112.023395,1579.000000,4.053833,6.453505,712.469712,4.057791,-6.452255,0.002499
2112.059514,1580.000000,4.057421,6.550594,712.484353,4.062066,-6.549221,-0.012760
2112.023949,1581.000000,4.053927,6.647475,712.476186,4.058246,-6.646165,-0.005550
2111.936571,1582.000000,4.045317,6.744197,712.451533,4.048575,-6.743085,0.017900
2111.868144,1583.000000,4.038578,6.840970,712.432910,4.041045,-6.840008,0.035411
2111.938262,1584.000000,4.045523,6.938168,712.458362,4.049159,-6.936994,0.009502
2112.015911,1585.000000,4.053213,7.035396,712.486210,4.058123,-7.033991,-0.018767
2110.033566,1791.000000,3.861757,27.010651,712.476879,3.873762,-27.008654,-0.181343
2109.860660,1792.000000,3.844714,27.105650,712.424754,3.854437,-27.104076,-0.130811
2109.601570,1793.000000,3.819170,27.199588,712.345219,3.825392,-27.198662,-0.053271
2109.482423,1794.000000,3.807437,27.295212,712.310208,3.812137,-27.294569,-0.019603
2109.481082,1795.000000,3.807326,27.392267,712.312666,3.812172,-27.391601,-0.022857
2109.412094,1796.000000,3.800542,27.488493,712.293608,3.804577,-27.487980,-0.004909
2109.366565,1797.000000,3.796072,27.585003,712.282010,3.799628,-27.584581,0.005687
2109.343099,1798.000000,3.793778,27.681783,712.277428,3.797167,-27.681395,0.009371
2109.325995,1799.000000,3.792113,27.778640,712.274868,3.795424,-27.778270,0.011062
2109.307848,1800.000000,3.790344,27.875484,712.271975,3.793563,-27.875135,0.013081
2109.289453,1801.000000,3.788551,27.972324,712.269002,3.791674,-27.971996,0.015179
2109.262578,1802.000000,3.785921,28.069058,712.263330,3.788828,-28.068772,0.019935
2109.218203,1803.000000,3.781566,28.165569,712.252093,3.784010,-28.165373,0.030176
2109.160560,1804.000000,3.775902,28.261910,712.236636,3.777694,-28.261837,0.044576
2109.120633,1805.000000,3.771985,28.358472,712.226811,3.773377,-28.358476,0.053426
2109.120309,1806.000000,3.771975,28.455534,712.229579,3.773526,-28.455512,0.049868
2109.160850,1807.000000,3.775995,28.553119,712.245340,3.778284,-28.552965,0.033505
2109.193359,1808.000000,3.779223,28.650605,712.258546,3.782135,-28.650339,0.019659
2109.198672,1809.000000,3.779768,28.747746,712.263103,3.782920,-28.747440,0.014337
2109.185060,1810.000000,3.778447,28.844644,712.261640,3.781570,-28.844347,0.014947
2109.153973,1811.000000,3.775402,28.941316,712.254619,3.778249,-28.941073,0.021035
2109.117661,1812.000000,3.771842,29.037919,712.245935,3.774340,-29.037743,0.028761
2109.101025,1813.000000,3.770223,29.134775,712.243507,3.772649,-29.134616,0.030322
2109.116751,1814.000000,3.771795,29.232054,712.251368,3.774607,-29.231827,0.021743
2109.164790,1815.000000,3.776555,29.329758,712.269505,3.780210,-29.329380,0.003039
2109.235210,1816.000000,3.783523,29.427761,712.294761,3.788338,-29.427173,-0.022679
2109.280494,1817.000000,3.788012,29.525440,712.312021,3.793630,-29.524708,-0.040519
2109.239425,1818.000000,3.783982,29.621981,712.301815,3.789183,-29.621329,-0.031294
2109.160877,1819.000000,3.776256,29.718022,712.279689,3.780509,-29.717548,-0.010321
2109.086311,1820.000000,3.768922,29.814110,712.258828,3.772285,-29.813803,0.009403
2109.052507,1821.000000,3.765610,29.910738,712.250930,3.768657,-29.910492,0.016355
2109.050473,1822.000000,3.765431,30.007789,712.253135,3.768613,-30.007522,0.013351
2109.046118,1823.000000,3.765023,30.104809,712.254600,3.768306,-30.104527,0.011076
2109.040836,1824.000000,3.764524,30.201818,712.255769,3.767895,-30.201523,0.009092
2109.031704,1825.000000,3.763645,30.298775,712.255712,3.767050,-30.298478,0.008317
2109.000874,1826.000000,3.760626,30.395438,712.248754,3.763758,-30.395194,0.014342
2108.957312,1827.000000,3.756351,30.491925,712.237746,3.759030,-30.491768,0.024358
2108.921507,1828.000000,3.752841,30.588516,712.229204,3.755177,-30.588426,0.031945
2108.896570,1829.000000,3.750404,30.685253,712.224117,3.752549,-30.685201,0.036127
2108.869498,1830.000000,3.747755,30.781960,712.218349,3.749681,-30.781952,0.040979
2108.839391,1831.000000,3.744808,30.878624,712.211616,3.746470,-30.878667,0.046784
2108.810827,1832.000000,3.742013,30.975307,712.205372,3.743434,-30.975399,0.052105
2108.786315,1833.000000,3.739617,31.072045,712.200415,3.740854,-31.072174,0.056159
2108.772787,1834.000000,3.738305,31.168934,712.198949,3.739513,-31.169072,0.056772
2108.769227,1835.000000,3.737975,31.265963,712.200652,3.739296,-31.266083,0.054263
2108.775127,1836.000000,3.738579,31.363125,712.205362,3.740145,-31.363203,0.048790
2108.798813,1837.000000,3.740936,31.460538,712.215726,3.743000,-31.460528,0.037746
2108.831714,1838.000000,3.744203,31.558084,712.229020,3.746894,-31.557962,0.023815
2108.849054,1839.000000,3.745934,31.655413,712.237365,3.749033,-31.655221,0.014760
2108.843969,1840.000000,3.745454,31.752428,712.238576,3.748644,-31.752222,0.012735
2108.820945,1841.000000,3.743206,31.849187,712.234083,3.746231,-31.849014,0.016332
2108.778128,1842.000000,3.739005,31.945663,712.223293,3.741587,-31.945575,0.026134
2108.727016,1843.000000,3.733986,32.042017,712.209866,3.736008,-32.042036,0.038535
2108.696731,1844.000000,3.731022,32.138667,712.203060,3.732777,-32.138739,0.044411
2108.694305,1845.000000,3.730804,32.235716,712.205111,3.732687,-32.235768,0.041559
2108.691830,1846.000000,3.730582,32.332766,712.207145,3.732591,-32.332797,0.038723
2108.669856,1847.000000,3.728437,32.429533,712.202978,3.730297,-32.429596,0.041998
2108.651651,1848.000000,3.726663,32.526355,712.200009,3.728428,-32.526438,0.044094
2108.656273,1849.000000,3.727141,32.623508,712.204296,3.729133,-32.623553,0.039037
2108.680082,1850.000000,3.729510,32.720943,712.214684,3.732001,-32.720900,0.027970
2108.711810,1851.000000,3.732661,32.818497,712.227589,3.735762,-32.818345,0.014422
2108.724973,1852.000000,3.733981,32.915782,712.234589,3.737429,-32.915570,0.006693
2108.699369,1853.000000,3.731478,33.012498,712.229260,3.734726,-33.012326,0.011113
2108.669304,1854.000000,3.728535,33.109146,712.222512,3.731519,-33.109026,0.016933
2108.671111,1855.000000,3.728735,33.206265,712.225897,3.731906,-33.206114,0.012766
2108.690415,1856.000000,3.730660,33.303645,712.234845,3.734266,-33.303418,0.003117
2108.699528,1857.000000,3.731581,33.400876,712.240552,3.735476,-33.400599,-0.003338
2108.685480,1858.000000,3.730217,33.497762,712.238892,3.734076,-33.497495,-0.002532
2108.661394,1859.000000,3.727864,33.594498,712.234038,3.731543,-33.594267,0.001420
2108.644660,1860.000000,3.726236,33.691342,712.231521,3.729839,-33.691129,0.003069
2108.626944,1861.000000,3.724511,33.788172,712.228691,3.728024,-33.787978,0.005028
2108.593558,1862.000000,3.721240,33.884763,712.220876,3.724443,-33.884631,0.011898
2108.539039,1863.000000,3.715886,33.981032,712.206340,3.718479,-33.981015,0.025392
2108.528165,1864.000000,3.714836,34.077962,712.205682,3.717435,-34.077947,0.025210
2108.464387,1865.000000,3.708569,34.174084,712.188200,3.710428,-34.174209,0.041607
2108.411522,1866.000000,3.703379,34.270368,712.174188,3.704650,-34.270605,0.054586
2108.361294,1867.000000,3.698449,34.366689,712.161013,3.699170,-34.367030,0.066738
2108.330136,1868.000000,3.695399,34.463300,712.153901,3.695841,-34.463697,0.072916
2108.359005,1869.000000,3.698267,34.560837,712.165873,3.699277,-34.561132,0.060288
2108.451249,1870.000000,3.707384,34.659357,712.197996,3.709859,-34.659386,0.027801
2108.483856,1871.000000,3.710620,34.756961,712.211155,3.713718,-34.756879,0.014002
2108.485907,1872.000000,3.710845,34.854093,712.214598,3.714132,-34.853980,0.009779
2108.454554,1873.000000,3.707775,34.950705,712.207416,3.710779,-34.950647,0.016026
2108.482561,1874.000000,3.710559,35.048244,712.219110,3.714119,-35.048087,0.003671
2108.467757,1875.000000,3.709121,35.145114,712.217189,3.712632,-35.144969,0.004734
2108.471827,1876.000000,3.709544,35.242281,712.221268,3.713274,-35.242100,-0.000117
2108.472081,1877.000000,3.709591,35.339389,712.224133,3.713484,-35.339181,-0.003770
2108.466437,1878.000000,3.709057,35.436405,712.225121,3.713030,-35.436186,-0.005574
2108.455115,1879.000000,3.707963,35.533331,712.224302,3.711936,-35.533115,-0.005598
2108.438189,1880.000000,3.706316,35.630168,712.221699,3.710210,-35.629970,-0.003864
2108.426271,1881.000000,3.705163,35.727084,712.220689,3.709048,-35.726891,-0.003698
2108.432505,1882.000000,3.705799,35.824290,712.225449,3.709933,-35.824055,-0.009219
2108.468159,1883.000000,3.709337,35.921970,712.239564,3.714135,-35.921617,-0.023960
2108.453092,1884.000000,3.707873,36.018838,712.237548,3.712618,-36.018498,-0.022804
2108.474664,1885.000000,3.710023,36.116297,712.247183,3.715232,-36.115874,-0.033130
2108.420676,1886.000000,3.704721,36.212536,712.232787,3.709327,-36.212228,-0.019772
2108.342612,1887.000000,3.697046,36.308381,712.210733,3.700707,-36.308250,0.001131
2108.247026,1888.000000,3.687644,36.403935,712.183108,3.690113,-36.404028,0.027525
2108.198698,1889.000000,3.682902,36.500253,712.170510,3.684846,-36.500445,0.039110
2108.201702,1890.000000,3.683220,36.597406,712.174233,3.685366,-36.597565,0.034611
2108.251803,1891.000000,3.688181,36.695333,712.192931,3.691196,-36.695335,0.015354
2108.309553,1892.000000,3.693897,36.793390,712.214061,3.697888,-36.793216,-0.006300
2108.294623,1893.000000,3.692447,36.890256,712.212077,3.696386,-36.890095,-0.005175
2108.214890,1894.000000,3.684608,36.986051,712.189486,3.687579,-36.986071,0.016259
2108.146092,1895.000000,3.677848,37.082021,712.170371,3.680004,-37.082195,0.034266
2108.112040,1896.000000,3.674513,37.178563,712.162304,3.676347,-37.178799,0.041386
2108.118316,1897.000000,3.675154,37.275774,712.167059,3.677236,-37.275969,0.035870
2108.150150,1898.000000,3.678314,37.373414,712.179939,3.681005,-37.373500,0.022346
2108.163946,1899.000000,3.679697,37.470755,712.187083,3.682742,-37.470779,0.014476
2108.133695,1900.000000,3.676737,37.567360,712.180219,3.679513,-37.567436,0.020410
2108.087930,1901.000000,3.672247,37.663701,712.168421,3.674535,-37.663871,0.031207
2108.088996,1902.000000,3.672374,37.760830,712.171514,3.674836,-37.760971,0.027330
2108.135303,1903.000000,3.676962,37.858724,712.188990,3.680237,-37.858720,0.009276
2108.203113,1904.000000,3.683669,37.956989,712.213305,3.688063,-37.956782,-0.015517
2108.264981,1905.000000,3.689791,38.055159,712.235730,3.695219,-38.054765,-0.038447
2108.280663,1906.000000,3.691360,38.152548,712.243467,3.697168,-38.152088,-0.046901
2108.215948,1907.000000,3.685001,38.248566,712.225633,3.690052,-38.248248,-0.030156
2108.113219,1908.000000,3.674896,38.343928,712.195710,3.678652,-38.343852,-0.001496
2108.064020,1909.000000,3.670068,38.440201,712.182810,3.673286,-38.440227,0.010387
2108.067912,1910.000000,3.670473,38.537385,712.186791,3.673906,-38.537375,0.005634
2108.085022,1911.000000,3.672182,38.634798,712.194974,3.676015,-38.634718,-0.003261
2108.093449,1912.000000,3.673036,38.732064,712.200395,3.677146,-38.731936,-0.009434
2108.086402,1913.000000,3.672363,38.829062,712.200894,3.676532,-38.828928,-0.010755
2108.074970,1914.000000,3.671258,38.925985,712.199998,3.675423,-38.925854,-0.010702
2108.075251,1915.000000,3.671308,39.023112,712.202825,3.675636,-39.022955,-0.014318
2108.087441,1916.000000,3.672532,39.120448,712.209438,3.677190,-39.120234,-0.021665
2108.100269,1917.000000,3.673820,39.217797,712.216253,3.678817,-39.217524,-0.029211
2108.098986,1918.000000,3.673715,39.314900,712.218579,3.678852,-39.314605,-0.032333
2108.074363,1919.000000,3.671310,39.411594,712.213481,3.676257,-39.411336,-0.028139
2108.039403,1920.000000,3.667886,39.508103,712.205095,3.672496,-39.507911,-0.020704
2108.015576,1921.000000,3.665559,39.604808,712.200248,3.669990,-39.604652,-0.016757
2108.008062,1922.000000,3.664841,39.701800,712.200587,3.669323,-39.701639,-0.017921
2107.998864,1923.000000,3.663957,39.798763,712.200390,3.668466,-39.798600,-0.018557
2107.962531,1924.000000,3.660397,39.895243,712.191563,3.664551,-39.895149,-0.010687
2107.908824,1925.000000,3.655125,39.991409,712.177210,3.658677,-39.991430,0.002629
2107.881099,1926.000000,3.652414,40.088038,712.171118,3.655731,-40.088105,0.007804
2107.869612,1927.000000,3.651304,40.184956,712.170188,3.654616,-40.185028,0.007890
2107.861447,1928.000000,3.650522,40.281935,712.170313,3.653876,-40.282001,0.006937
2107.863073,1929.000000,3.650705,40.379090,712.173550,3.654239,-40.379127,0.002917
2107.881248,1930.000000,3.652519,40.476545,712.182049,3.656467,-40.476509,-0.006289
2107.904303,1931.000000,3.654814,40.574091,712.192099,3.659246,-40.573970,-0.017022
2107.919244,1932.000000,3.656309,40.671493,712.199567,3.661110,-40.671307,-0.025212
2107.913960,1933.000000,3.655811,40.768528,712.200602,3.660694,-40.768331,-0.027062
2107.887874,1934.000000,3.653262,40.865185,712.195021,3.657933,-40.865030,-0.022392
2107.856576,1935.000000,3.650199,40.961744,712.187782,3.654584,-40.961646,-0.016086
2107.834992,1936.000000,3.648094,41.058480,712.183630,3.652331,-41.058412,-0.012824
2107.794298,1937.000000,3.644105,41.154864,712.173400,3.647923,-41.154877,-0.003571
2107.714630,1938.000000,3.636274,41.250527,712.150777,3.639123,-41.250721,0.017896
2107.594253,1939.000000,3.624432,41.345432,712.115210,3.625735,-41.345915,0.052119
2107.545582,1940.000000,3.619658,41.441656,712.102442,3.620429,-41.442239,0.063873
2107.553504,1941.000000,3.620461,41.538926,712.107666,3.621501,-41.539463,0.057896
2107.568281,1942.000000,3.621940,41.636325,712.115068,3.623345,-41.636798,0.049771
2107.647073,1943.000000,3.629728,41.734919,712.142823,3.632404,-41.735163,0.021587
2107.697160,1944.000000,3.634687,41.832985,712.161452,3.638229,-41.833073,0.002398
2107.706647,1945.000000,3.635645,41.930296,712.167170,3.639477,-41.930334,-0.004066
2107.675122,1946.000000,3.632560,42.026839,712.159845,3.636103,-42.026933,0.002324
2107.633239,1947.000000,3.628454,42.123185,712.149225,3.631561,-42.123363,0.011960
2107.625878,1948.000000,3.627751,42.220180,712.149582,3.630910,-42.220351,0.010780
2107.652043,1949.000000,3.630353,42.317808,712.160598,3.634038,-42.317886,-0.000907
2107.671295,1950.000000,3.632273,42.415309,712.169414,3.636387,-42.415312,-0.010425
2107.652615,1951.000000,3.630454,42.512092,712.166168,3.634460,-42.512118,-0.008055
2107.620956,1952.000000,3.627357,42.608627,712.158793,3.631070,-42.608710,-0.001616
2107.622811,1953.000000,3.627562,42.705800,712.162074,3.631458,-42.705853,-0.005679
2107.636009,1954.000000,3.628885,42.803190,712.168961,3.633124,-42.803184,-0.013296
2107.643216,1955.000000,3.629618,42.900468,712.173942,3.634115,-42.900418,-0.019034
2107.656158,1956.000000,3.630917,42.997858,712.180745,3.635753,-42.997749,-0.026568
2107.675385,1957.000000,3.632835,43.095371,712.189546,3.638098,-43.095186,-0.036072
2107.685554,1958.000000,3.633860,43.192711,712.195466,3.639423,-43.192475,-0.042735
2107.680248,1959.000000,3.633359,43.289755,712.196462,3.639003,-43.289507,-0.044546
2107.660896,1960.000000,3.631474,43.386526,712.192991,3.637000,-43.386303,-0.041954
2107.636815,1961.000000,3.629123,43.483204,712.188015,3.634464,-43.483019,-0.037879
2107.615614,1962.000000,3.627056,43.579938,712.183953,3.632253,-43.579783,-0.034705
2107.591424,1963.000000,3.624695,43.676612,712.178940,3.629705,-43.676495,-0.030593
2107.551684,1964.000000,3.620800,43.772982,712.168980,3.625404,-43.772942,-0.021606
2107.503342,1965.000000,3.616058,43.869180,712.156284,3.620133,-43.869241,-0.009922
2107.475890,1966.000000,3.613375,43.965785,712.150231,3.617217,-43.965893,-0.004785
2107.525511,1967.000000,3.618289,44.063905,712.168684,3.622988,-44.063859,-0.023801
2107.500927,1968.000000,3.615888,44.160567,712.163539,3.620395,-44.160560,-0.019560
2107.497142,1969.000000,3.615538,44.257639,712.165007,3.620146,-44.257617,-0.021836
2107.514059,1970.000000,3.617228,44.355122,712.173058,3.622231,-44.355030,-0.030599
2107.511858,1971.000000,3.617034,44.452228,712.175027,3.622161,-44.452117,-0.033369
2107.462886,1972.000000,3.612230,44.548403,712.162122,3.616819,-44.548394,-0.021479
2107.400634,1973.000000,3.606117,44.644311,712.144994,3.609981,-44.644439,-0.005426
2107.363221,1974.000000,3.602453,44.740710,712.135763,3.605942,-44.740911,0.002843
2107.365334,1975.000000,3.602684,44.837899,712.139099,3.606358,-44.838069,-0.001274
2107.390814,1976.000000,3.605218,44.935558,712.149864,3.609407,-44.935636,-0.012713
2107.399138,1977.000000,3.606061,45.032875,712.155173,3.610523,-45.032906,-0.018775
2107.382141,1978.000000,3.604409,45.129683,712.152429,3.608784,-45.129734,-0.016899
2107.347512,1979.000000,3.601019,45.226134,712.144078,3.605059,-45.226250,-0.009496
2107.297299,1980.000000,3.596093,45.322268,712.130769,3.599578,-45.322490,0.002792
2107.251539,1981.000000,3.591606,45.418489,712.118876,3.594598,-45.418804,0.013685
2107.241201,1982.000000,3.590610,45.515426,712.118244,3.593611,-45.515744,0.013479
2107.264175,1983.000000,3.592897,45.613043,712.128204,3.596377,-45.613276,0.002833
2107.289762,1984.000000,3.595441,45.710716,712.138994,3.599437,-45.710857,-0.008630
2107.294235,1985.000000,3.595905,45.807960,712.143068,3.600119,-45.808065,-0.013474
2107.279811,1986.000000,3.594506,45.904818,712.141133,3.598670,-45.904935,-0.012395
2107.264678,1987.000000,3.593038,46.001661,712.138971,3.597142,-46.001792,-0.011093
2107.248675,1988.000000,3.591484,46.098485,712.136531,3.595516,-46.098634,-0.009517
2107.216995,1989.000000,3.588384,46.194986,712.129104,3.592122,-46.195192,-0.003026
2107.162092,1990.000000,3.582997,46.291004,712.114293,3.586112,-46.291328,0.010744
2107.101328,1991.000000,3.577032,46.386898,712.097617,3.579442,-46.387355,0.026351
2107.060589,1992.000000,3.573041,46.483202,712.087308,3.575028,-46.483741,0.035683
2107.068218,1993.000000,3.573815,46.580511,712.092376,3.576065,-46.581005,0.029860
2107.126242,1994.000000,3.579556,46.678872,712.113466,3.582780,-46.679190,0.008244
2107.150241,1995.000000,3.581943,46.776528,712.123737,3.585661,-46.776759,-0.002708
2107.075130,1996.000000,3.574565,46.872112,712.102493,3.577373,-46.872513,0.017402
2106.954327,1997.000000,3.562685,46.966731,712.066722,3.563938,-46.967422,0.051831
2106.909367,1998.000000,3.558278,47.062936,712.055064,3.559049,-47.063719,0.062493
2105.055963,2204.000000,3.380608,67.039359,711.983112,3.385656,-67.040062,-0.036919
2105.102235,2205.000000,3.385188,67.138003,712.000214,3.391034,-67.138563,-0.054604
2105.133461,2206.000000,3.388287,67.236200,712.012530,3.394717,-67.236655,-0.067572
2105.106069,2207.000000,3.385615,67.332637,712.006205,3.391799,-67.333141,-0.062161
2105.081163,2208.000000,3.383187,67.429147,712.000669,3.389161,-67.429693,-0.057528
2105.081940,2209.000000,3.383288,67.526431,712.003299,3.389416,-67.526953,-0.060947
2105.104514,2210.000000,3.385535,67.624375,712.012859,3.392125,-67.624815,-0.071197
2105.125416,2211.000000,3.387618,67.722271,712.021887,3.394645,-67.722633,-0.080923
2105.117374,2212.000000,3.386851,67.819292,712.021709,3.393907,-67.819653,-0.081573
2105.086740,2213.000000,3.383859,67.915628,712.014345,3.390623,-67.916046,-0.075138
2105.058205,2214.000000,3.381074,68.012026,712.007648,3.387577,-68.012496,-0.069361
2105.037413,2215.000000,3.379051,68.108658,712.003411,3.385402,-68.109159,-0.066010
2105.009744,2216.000000,3.376351,68.205080,711.996987,3.382452,-68.205630,-0.060501
2104.971221,2217.000000,3.372583,68.301169,711.987110,3.378281,-68.301797,-0.051589
2104.931378,2218.000000,3.368685,68.397215,711.976813,3.373961,-68.397924,-0.042262
2104.892963,2219.000000,3.364927,68.493302,711.966968,3.369802,-68.494089,-0.033382
2104.848470,2220.000000,3.360572,68.589201,711.955190,3.364958,-68.590080,-0.022595
2104.813712,2221.000000,3.357174,68.685395,711.946507,3.361211,-68.686343,-0.014859
2104.815305,2222.000000,3.357356,68.782705,711.949380,3.361556,-68.783625,-0.018517
2104.875998,2223.000000,3.363356,68.881834,711.971045,3.368556,-68.882574,-0.040701
2104.941459,2224.000000,3.369825,68.981117,711.994226,3.376094,-68.981664,-0.064381
2104.950144,2225.000000,3.370705,69.078654,711.999352,3.377238,-69.079156,-0.070259
2104.936791,2226.000000,3.369415,69.175511,711.997469,3.375900,-69.176025,-0.069227
2104.917918,2227.000000,3.367581,69.272197,711.993828,3.373941,-69.272738,-0.066463
2104.892131,2228.000000,3.365067,69.368669,711.987988,3.371203,-69.369253,-0.061531
2104.866787,2229.000000,3.362597,69.465152,711.982288,3.368515,-69.465780,-0.056736
2104.877911,2230.000000,3.363717,69.562768,711.988183,3.369934,-69.563345,-0.063373
2104.919989,2231.000000,3.367884,69.661349,712.003921,3.374838,-69.661794,-0.079714
2104.949464,2232.000000,3.370811,69.759542,712.015651,3.378323,-69.759887,-0.092103
2104.941633,2233.000000,3.370065,69.856574,712.015515,3.377607,-69.856917,-0.092794
2104.890386,2234.000000,3.365044,69.952249,712.001570,3.372001,-69.952703,-0.079871
2104.806537,2235.000000,3.356813,70.046900,711.977258,3.362725,-70.047550,-0.056726
2104.715715,2236.000000,3.347897,70.141326,711.950728,3.352665,-70.142190,-0.031396
2104.659161,2237.000000,3.342354,70.236821,711.935095,3.346463,-70.237810,-0.016808
2104.673506,2238.000000,3.343791,70.334540,711.942004,3.348243,-70.335469,-0.024444
2104.747840,2239.000000,3.351133,70.434149,711.967988,3.356778,-70.434862,-0.050887
2104.829358,2240.000000,3.359184,70.533992,711.996257,3.366123,-70.534470,-0.079583
2104.875417,2241.000000,3.363743,70.632724,712.013250,3.371475,-70.633059,-0.097161
2104.859879,2242.000000,3.362238,70.729514,712.010653,3.369890,-70.729868,-0.095425
2104.784202,2243.000000,3.354812,70.824400,711.988928,3.361534,-70.824928,-0.074832
2104.698444,2244.000000,3.346394,70.918961,711.963998,3.352043,-70.919690,-0.051077
2104.658552,2245.000000,3.342492,71.014971,711.953653,3.347717,-71.015782,-0.041703
2104.664961,2246.000000,3.343148,71.112450,711.958030,3.348603,-71.113222,-0.046842
2104.668008,2247.000000,3.343473,71.209824,711.961336,3.349111,-71.210565,-0.050927
2104.657352,2248.000000,3.342448,71.306761,711.960284,3.348077,-71.307508,-0.050715
2104.641491,2249.000000,3.340912,71.403533,711.957576,3.346456,-71.404299,-0.048869
2104.639975,2250.000000,3.340787,71.500763,711.959428,3.346450,-71.501510,-0.051520
2104.656819,2251.000000,3.342470,71.598581,711.967117,3.348512,-71.599262,-0.059925
2104.672007,2252.000000,3.343990,71.696348,711.974279,3.350387,-71.696967,-0.067811
2104.666302,2253.000000,3.343454,71.793447,711.974795,3.349909,-71.794058,-0.069145
2104.633938,2254.000000,3.340292,71.889690,711.966832,3.346430,-71.890363,-0.062119
2104.596024,2255.000000,3.336585,71.985752,711.957104,3.342326,-71.986502,-0.053352
2104.538379,2256.000000,3.330935,72.081177,711.941101,3.336000,-72.082055,-0.038398
2104.542473,2257.000000,3.331363,72.178589,711.944728,3.336626,-72.179434,-0.042799
2104.495876,2258.000000,3.326801,72.274365,711.932236,3.331544,-72.275309,-0.031307
2104.501357,2259.000000,3.327365,72.371822,711.936301,3.332325,-72.372729,-0.036140
2104.530806,2260.000000,3.330289,72.470056,711.947988,3.335806,-72.470865,-0.048487
2104.529050,2261.000000,3.330141,72.567282,711.949751,3.335772,-72.568073,-0.051049
2104.489638,2262.000000,3.326287,72.663287,711.939538,3.331499,-72.664158,-0.041805
2104.452255,2263.000000,3.322632,72.759354,711.929969,3.327455,-72.760300,-0.033195
2104.428782,2264.000000,3.320346,72.855872,711.924823,3.324977,-72.856857,-0.028946
2104.422430,2265.000000,3.319746,72.952947,711.925119,3.324426,-72.953927,-0.030062
2104.457758,2266.000000,3.323248,73.051383,711.938668,3.328567,-73.052249,-0.044245
2104.522260,2267.000000,3.329622,73.150777,711.961493,3.335994,-73.151452,-0.067573
2104.512065,2268.000000,3.328644,73.247732,711.960564,3.335010,-73.248412,-0.067482
2104.550558,2269.000000,3.332458,73.346283,711.975117,3.339508,-73.346840,-0.082655
2104.573210,2270.000000,3.334713,73.444318,711.984631,3.342223,-73.444794,-0.092860
2104.559628,2271.000000,3.333401,73.541166,711.982621,3.340857,-73.541655,-0.091703
2104.479044,2272.000000,3.325493,73.635808,711.959302,3.331948,-73.636485,-0.069536
2104.427298,2273.000000,3.320424,73.731395,711.945153,3.326286,-73.732184,-0.056410
2104.359041,2274.000000,3.313731,73.826433,711.925754,3.318765,-73.827378,-0.038108
2104.310124,2275.000000,3.308941,73.922105,711.912504,3.313422,-73.923155,-0.025868
2104.266635,2276.000000,3.304686,74.017953,711.900979,3.308690,-74.019095,-0.015329
2104.269118,2277.000000,3.304955,74.115321,711.904070,3.309133,-74.116434,-0.019201
2104.355647,2278.000000,3.313497,74.215477,711.933885,3.319038,-74.216343,-0.049422
2104.435546,2279.000000,3.321387,74.315422,711.961593,3.328197,-74.316057,-0.077565
2104.439992,2280.000000,3.321849,74.412866,711.965306,3.328861,-74.413467,-0.082050
2104.419116,2281.000000,3.319819,74.509467,711.960964,3.326675,-74.510101,-0.078594
2104.430321,2282.000000,3.320947,74.607138,711.966824,3.328100,-74.607720,-0.085195
2104.478616,2283.000000,3.325727,74.706048,711.984479,3.333701,-74.706483,-0.103427
2104.460540,2284.000000,3.323973,74.802745,711.981024,3.331829,-74.803205,-0.100845
2104.460182,2285.000000,3.323962,74.900034,711.983203,3.331952,-74.900473,-0.103817
2104.441030,2286.000000,3.322102,74.996695,711.979404,3.329959,-74.997161,-0.100896
2104.366939,2287.000000,3.314834,75.091510,711.958131,3.321780,-75.092148,-0.080746
2104.315728,2288.000000,3.309818,75.187090,711.944135,3.316178,-75.187839,-0.067770
2104.286403,2289.000000,3.306957,75.283402,711.937097,3.313040,-75.284205,-0.061655
2104.257117,2290.000000,3.304099,75.379713,711.930071,3.309906,-75.380571,-0.055552
2104.219329,2291.000000,3.300405,75.475736,711.920340,3.305815,-75.476670,-0.046781
2104.188052,2292.000000,3.297352,75.571977,711.912679,3.302457,-75.572971,-0.040051
2104.176859,2293.000000,3.296275,75.668895,711.911402,3.301360,-75.669896,-0.039617
2104.180819,2294.000000,3.296690,75.766326,711.914943,3.301968,-75.767294,-0.043932
2104.195176,2295.000000,3.298128,75.864110,711.921789,3.303748,-75.865020,-0.051507
2104.221508,2296.000000,3.300745,75.962304,711.932443,3.306875,-75.963122,-0.062835
2104.242371,2297.000000,3.302824,76.060314,711.941356,3.309387,-76.061057,-0.072447
2104.231326,2298.000000,3.301762,76.157242,711.940121,3.308306,-76.157991,-0.072053
2104.200044,2299.000000,3.298708,76.253479,711.932449,3.304947,-76.254288,-0.065313
2104.176211,2300.000000,3.296387,76.349969,711.927145,3.302426,-76.350818,-0.060907
2104.164626,2301.000000,3.295272,76.446876,711.925734,3.301285,-76.447734,-0.060340
2104.154948,2302.000000,3.294345,76.543849,711.924929,3.300358,-76.544709,-0.060370
2104.139320,2303.000000,3.292832,76.640617,711.922231,3.298761,-76.641497,-0.058534
2104.125625,2304.000000,3.291509,76.737452,711.920146,3.297382,-76.738345,-0.057302
2104.126766,2305.000000,3.291647,76.834795,711.922778,3.297673,-76.835664,-0.060721
2104.140641,2306.000000,3.293038,76.932577,711.929458,3.299397,-76.933388,-0.068131
2104.148531,2307.000000,3.293840,77.030156,711.934234,3.300448,-77.030924,-0.073664
2104.135379,2308.000000,3.292570,77.127010,711.932317,3.299129,-77.127791,-0.072598
2104.111965,2309.000000,3.290291,77.223510,711.927136,3.296656,-77.224330,-0.068313
2104.094686,2310.000000,3.288616,77.320222,711.923904,3.294873,-77.321065,-0.065950
2104.094315,2311.000000,3.288604,77.417517,711.926048,3.294993,-77.418339,-0.068888
2104.111376,2312.000000,3.290309,77.515417,711.933734,3.297076,-77.516173,-0.077291
2104.140807,2313.000000,3.293231,77.613749,711.945354,3.300552,-77.614406,-0.089571
2104.157651,2314.000000,3.294914,77.711646,711.952970,3.302610,-77.712238,-0.097904
2104.130844,2315.000000,3.292301,77.808029,711.946701,3.299754,-77.808669,-0.092548
2104.066501,2316.000000,3.285993,77.903103,711.928495,3.292672,-77.903889,-0.075420
2103.999731,2317.000000,3.279447,77.998088,711.909517,3.285318,-77.999026,-0.057531
2103.987108,2318.000000,3.278230,78.094957,711.907756,3.284059,-78.095907,-0.056619
2104.023795,2319.000000,3.281866,78.193550,711.921675,3.288350,-78.194382,-0.071167
2104.043376,2320.000000,3.283819,78.291548,711.930154,3.290717,-78.292307,-0.080350
2104.013512,2321.000000,3.280905,78.387817,711.922907,3.287516,-78.388632,-0.074028
2103.963733,2322.000000,3.276031,78.483385,711.909326,3.282074,-78.484309,-0.061461
2103.933465,2323.000000,3.273077,78.579635,711.901948,3.278829,-78.580616,-0.055010
2103.941690,2324.000000,3.273912,78.677237,711.906810,3.279916,-78.678175,-0.060628
2103.965245,2325.000000,3.276256,78.775380,711.916546,3.282729,-78.776235,-0.071052
2103.944530,2326.000000,3.274243,78.871966,711.912203,3.280559,-78.872853,-0.067593
2103.891787,2327.000000,3.269077,78.967420,711.897674,3.274783,-78.968423,-0.054090
2103.854950,2328.000000,3.265477,79.063433,711.888202,3.270798,-79.064510,-0.045574
2103.837751,2329.000000,3.263810,79.160138,711.884973,3.269023,-79.161238,-0.043214
2103.839168,2330.000000,3.263975,79.257502,711.887663,3.269344,-79.258577,-0.046690
2103.871746,2331.000000,3.267206,79.355972,711.900261,3.273173,-79.356940,-0.059935
2103.925458,2332.000000,3.272518,79.455196,711.919579,3.279380,-79.456003,-0.079807
2103.957887,2333.000000,3.275735,79.553669,711.932129,3.283192,-79.554370,-0.093005
2103.970966,2334.000000,3.277048,79.651457,711.938524,3.284826,-79.652102,-0.100134
2103.979530,2335.000000,3.277916,79.749086,711.943482,3.285951,-79.749688,-0.105846
2103.972705,2336.000000,3.277270,79.846168,711.943544,3.285344,-79.846765,-0.106731
2103.928418,2337.000000,3.272937,79.941911,711.931690,3.280519,-79.942603,-0.095866
2103.866060,2338.000000,3.266825,80.037005,711.914089,3.273660,-80.037837,-0.079334
2103.808963,2339.000000,3.261231,80.132283,711.898160,3.267394,-80.133243,-0.064452
2103.769839,2340.000000,3.257407,80.228201,711.887946,3.263151,-80.229242,-0.055204
2103.776181,2341.000000,3.258056,80.325749,711.892190,3.264026,-80.326751,-0.060211
2103.840572,2342.000000,3.264419,80.425385,711.914893,3.271435,-80.426198,-0.083421
2103.913685,2343.000000,3.271640,80.525342,711.940370,3.279826,-80.525943,-0.109366
2103.952444,2344.000000,3.275480,80.624067,711.954921,3.284350,-80.624546,-0.124537
2103.954164,2345.000000,3.275675,80.721461,711.957691,3.284704,-80.721914,-0.128091
2103.938212,2346.000000,3.274131,80.818218,711.954838,3.283069,-80.818691,-0.126102
2103.907490,2347.000000,3.271133,80.914440,711.947287,3.279771,-80.914971,-0.119479
2103.856883,2348.000000,3.266177,81.009940,711.933410,3.274235,-81.010582,-0.106620
2103.798349,2349.000000,3.260442,81.105149,711.917011,3.267806,-81.105922,-0.091273
2103.751083,2350.000000,3.255816,81.200763,711.904196,3.262646,-81.201638,-0.079460
2103.726191,2351.000000,3.253392,81.297187,711.898494,3.260004,-81.298105,-0.074661
2103.719067,2352.000000,3.252716,81.394256,711.898443,3.259363,-81.395171,-0.075433
2103.737641,2353.000000,3.254570,81.492261,711.906562,3.261614,-81.493106,-0.084263
2103.763701,2354.000000,3.257160,81.590542,711.917062,3.264708,-81.591298,-0.095439
2103.759792,2355.000000,3.256801,81.687731,711.918029,3.264428,-81.688476,-0.097216
2103.717096,2356.000000,3.252625,81.783503,711.906660,3.259782,-81.784338,-0.086829
2103.658640,2357.000000,3.246898,81.878696,711.890277,3.253362,-81.879662,-0.071498
2103.627781,2358.000000,3.243887,81.974896,711.882670,3.250048,-81.975921,-0.064820
2103.637562,2359.000000,3.244875,82.072585,711.887986,3.251309,-82.073562,-0.070885
2103.654950,2360.000000,3.246612,82.170554,711.895720,3.253427,-82.171466,-0.079335
2103.636107,2361.000000,3.244783,82.267194,711.891931,3.251466,-82.268133,-0.076421
2103.574884,2362.000000,3.238784,82.362273,711.874663,3.244734,-82.363351,-0.060217
2103.518928,2363.000000,3.233304,82.457542,711.859070,3.238596,-82.458744,-0.045665
2103.508554,2364.000000,3.232309,82.554489,711.857971,3.237588,-82.555696,-0.045404
2103.521567,2365.000000,3.233615,82.652299,711.864307,3.239213,-82.653452,-0.052475
2103.524339,2366.000000,3.233913,82.749733,711.867386,3.239684,-82.750857,-0.056333
2103.500316,2367.000000,3.231575,82.846176,711.861942,3.237140,-82.847341,-0.051789
2103.512510,2368.000000,3.232800,82.943960,711.868015,3.238672,-82.945072,-0.058600
2103.471270,2369.000000,3.228768,83.039763,711.857094,3.234190,-83.040961,-0.048654
2103.475874,2370.000000,3.229247,83.137266,711.860751,3.234868,-83.138431,-0.053083
2103.450623,2371.000000,3.226788,83.233661,711.854912,3.232185,-83.234870,-0.048149
2103.486350,2372.000000,3.230329,83.332324,711.868464,3.236366,-83.333420,-0.062334
2103.492269,2373.000000,3.230937,83.429881,711.872535,3.237191,-83.430940,-0.067172
2103.478784,2374.000000,3.229636,83.526714,711.870435,3.235833,-83.527787,-0.065924
2103.456343,2375.000000,3.227453,83.623213,711.865485,3.233466,-83.624323,-0.061866
2103.442434,2376.000000,3.226111,83.720029,711.863247,3.232060,-83.721155,-0.060482
2103.456774,2377.000000,3.227547,83.817904,711.869992,3.233833,-83.818971,-0.067956
2103.493620,2378.000000,3.231199,83.916624,711.883893,3.238139,-83.917574,-0.082486
2103.514880,2379.000000,3.233317,84.014764,711.892837,3.240692,-84.015637,-0.092128
2103.508060,2380.000000,3.232671,84.111851,711.892849,3.240083,-84.112721,-0.092963
2103.483016,2381.000000,3.230233,84.208252,711.887064,3.237423,-84.209166,-0.088081
2103.448742,2382.000000,3.226886,84.304304,711.878343,3.233724,-84.305286,-0.080304
2103.475624,2383.000000,3.229557,84.402660,711.889069,3.236909,-84.403552,-0.091705
2103.441502,2384.000000,3.226225,84.498717,711.880394,3.233227,-84.499675,-0.083973
2103.397417,2385.000000,3.221913,84.594394,711.868549,3.228424,-84.595447,-0.073116
2103.346366,2386.000000,3.216916,84.689805,711.854488,3.222837,-84.690969,-0.060073
2103.300677,2387.000000,3.212446,84.785415,711.842131,3.217854,-84.786678,-0.048711
2103.275645,2388.000000,3.210009,84.881806,711.836342,3.215196,-84.883113,-0.043825
2103.277898,2389.000000,3.210256,84.979232,711.839229,3.215608,-84.980512,-0.047494
2103.297525,2390.000000,3.212213,85.077320,711.847640,3.217975,-85.078527,-0.056611
2103.308130,2391.000000,3.213283,85.175066,711.853180,3.219327,-85.176225,-0.062897
2103.297498,2392.000000,3.212262,85.272005,711.851966,3.218289,-85.273171,-0.062522
2103.297066,2393.000000,3.212246,85.369334,711.853994,3.218399,-85.370479,-0.065345
2103.316390,2394.000000,3.214173,85.467417,711.862304,3.220732,-85.468492,-0.074362
2103.329464,2395.000000,3.215485,85.565265,711.868625,3.222362,-85.566284,-0.081418
2103.302154,2396.000000,3.212824,85.661568,711.862103,3.219447,-85.662637,-0.075808
2103.235502,2397.000000,3.206292,85.756362,711.843067,3.212104,-85.757584,-0.057860
2103.181025,2398.000000,3.200958,85.851618,711.827903,3.206131,-85.852961,-0.043729
2103.179742,2399.000000,3.200858,85.948913,711.829653,3.206145,-85.950239,-0.046278
2103.228768,2400.000000,3.205707,86.048144,711.847402,3.211820,-86.049321,-0.064602
2103.288311,2401.000000,3.211591,86.147785,711.868494,3.218680,-86.148786,-0.086224
2103.316999,2402.000000,3.214440,86.246243,711.879774,3.222067,-86.247149,-0.098169
2103.294102,2403.000000,3.212213,86.342714,711.874646,3.219648,-86.343658,-0.093935
2103.225144,2404.000000,3.205454,86.437404,711.854868,3.212045,-86.438506,-0.075254
2103.126788,2405.000000,3.195803,86.530952,711.825741,3.201134,-86.532290,-0.047355
2103.055310,2406.000000,3.188797,86.625533,711.805162,3.193248,-86.627036,-0.027884
2103.055131,2407.000000,3.188805,86.722872,711.807254,3.193386,-86.724355,-0.030769
2103.096440,2408.000000,3.192895,86.821822,711.822538,3.198192,-86.823176,-0.046663
2103.139287,2409.000000,3.197136,86.920836,711.838310,3.203171,-86.922058,-0.063039
2103.142097,2410.000000,3.197439,87.018298,711.841350,3.203645,-87.019492,-0.066859
2103.117875,2411.000000,3.195082,87.114708,711.835792,3.201077,-87.115944,-0.062200
2103.097835,2412.000000,3.193136,87.211280,711.831562,3.198979,-87.212548,-0.058852
2103.080190,2413.000000,3.191426,87.307945,711.828093,3.197151,-87.309237,-0.056253
2103.060381,2414.000000,3.189503,87.404524,711.823935,3.195080,-87.405848,-0.052975
2103.039105,2415.000000,3.187436,87.501045,711.819309,3.192843,-87.502403,-0.049236
2103.018831,2416.000000,3.185468,87.597605,711.815001,3.190719,-87.598995,-0.045809
2103.005151,2417.000000,3.184148,87.694422,711.812788,3.189336,-87.695827,-0.044450
2103.003172,2418.000000,3.183979,87.791697,711.814295,3.189271,-87.793087,-0.046758
2102.997135,2419.000000,3.183411,87.888814,711.814510,3.188749,-87.890199,-0.047793
2102.973932,2420.000000,3.181155,87.985257,711.809266,3.186295,-87.986681,-0.043443
2102.933838,2421.000000,3.177236,88.081033,711.798649,3.181941,-88.082541,-0.033796
2102.892063,2422.000000,3.173153,88.176740,711.787496,3.177397,-88.178336,-0.023620
2102.863862,2423.000000,3.170405,88.272980,711.780659,3.174381,-88.274629,-0.017700
2102.858634,2424.000000,3.169916,88.370126,711.781126,3.173949,-88.371767,-0.018983
2102.887662,2425.000000,3.172798,88.468627,711.792485,3.177373,-88.470172,-0.031006
2102.957805,2426.000000,3.179724,88.568758,711.816917,3.185423,-88.570100,-0.055922
2103.043320,2427.000000,3.188163,88.669506,711.846239,3.195203,-88.670605,-0.085659
2103.076537,2428.000000,3.191458,88.768188,711.858929,3.199098,-88.769179,-0.098995
2103.027428,2429.000000,3.186652,88.863603,711.845434,3.193728,-88.864702,-0.086510
2102.953679,2430.000000,3.179423,88.958035,711.824102,3.185586,-88.959305,-0.066296
2102.911634,2431.000000,3.175312,89.053724,711.812853,3.181011,-89.055083,-0.056024
2102.905082,2432.000000,3.174694,89.150824,711.812889,3.180430,-89.152179,-0.056882
2102.910484,2433.000000,3.175252,89.248401,711.816726,3.181195,-89.249722,-0.061488
2102.915616,2434.000000,3.175783,89.345969,711.820476,3.181929,-89.347256,-0.066008
2102.907471,2435.000000,3.175007,89.443007,711.820003,3.181169,-89.444294,-0.066364
2102.866676,2436.000000,3.171020,89.538739,711.809145,3.176735,-89.540112,-0.056478
2102.805263,2437.000000,3.165005,89.633642,711.791729,3.169981,-89.635154,-0.040126
2102.768084,2438.000000,3.161374,89.729512,711.782020,3.165954,-89.731101,-0.031373
2102.771850,2439.000000,3.161771,89.827024,711.785329,3.166534,-89.828583,-0.035458
2102.789760,2440.000000,3.163559,89.925106,711.793135,3.168705,-89.926597,-0.043978
2102.783737,2441.000000,3.162992,90.022227,711.793330,3.168184,-90.023714,-0.044992
2102.765470,2442.000000,3.161221,90.118856,711.789629,3.166285,-90.120369,-0.042164
2102.766546,2443.000000,3.161353,90.216263,711.792078,3.166562,-90.217753,-0.045402
2102.756530,2444.000000,3.160394,90.313224,711.790999,3.165591,-90.314719,-0.045160
2102.742734,2445.000000,3.159063,90.410032,711.788717,3.164195,-90.411543,-0.043731
2102.753710,2446.000000,3.160169,90.507841,711.794312,3.165586,-90.509303,-0.050070
2102.791505,2447.000000,3.163913,90.606739,711.808434,3.169995,-90.608082,-0.064818
2102.809277,2448.000000,3.165688,90.704829,711.816187,3.172151,-90.706105,-0.073286
2102.798268,2449.000000,3.164631,90.801753,711.814787,3.171068,-90.803038,-0.072727
2102.778790,2450.000000,3.162741,90.898333,711.810692,3.169032,-90.899648,-0.069511
2102.741776,2451.000000,3.159127,90.994199,711.801019,3.165023,-90.995590,-0.060793
2102.674406,2452.000000,3.152526,91.088827,711.781691,3.157598,-91.090373,-0.042555
2102.624554,2453.000000,3.147648,91.184164,711.767934,3.152144,-91.185819,-0.029809
2102.641181,2454.000000,3.149310,91.282209,711.775315,3.154171,-91.283801,-0.037911
2102.702405,2455.000000,3.155359,91.382079,711.796879,3.161215,-91.383490,-0.059998
2102.774346,2456.000000,3.162462,91.482393,711.821851,3.169466,-91.483597,-0.085446
2102.823535,2457.000000,3.167327,91.581783,711.839587,3.175157,-91.582838,-0.103759
2102.815404,2458.000000,3.166554,91.678829,711.839091,3.174398,-91.679885,-0.104091
2102.765885,2459.000000,3.161708,91.774177,711.825431,3.168981,-91.775342,-0.091442
2102.719116,2460.000000,3.157134,91.869635,711.812644,3.163873,-91.870901,-0.079654
2102.697575,2461.000000,3.155041,91.966127,711.807880,3.161605,-91.967429,-0.075777
2102.685142,2462.000000,3.153845,92.062992,711.806011,3.160361,-92.064306,-0.074756
2102.655219,2463.000000,3.150927,92.159137,711.798579,3.157149,-92.160509,-0.068248
2102.613652,2464.000000,3.146865,92.254800,711.787443,3.152627,-92.256259,-0.058088
2102.599800,2465.000000,3.145529,92.351604,711.785120,3.151224,-92.353079,-0.056618
2102.639421,2466.000000,3.149452,92.450617,711.799801,3.155837,-92.451969,-0.071918
2102.691126,2467.000000,3.154565,92.550135,711.818325,3.161811,-92.551332,-0.091008
2102.687591,2468.000000,3.154244,92.647371,711.819280,3.161568,-92.648557,-0.092771
2102.627613,2469.000000,3.148370,92.742267,711.802281,3.154974,-92.743589,-0.076829
2102.561917,2470.000000,3.141934,92.836921,711.783465,3.147737,-92.838394,-0.059094
2102.515032,2471.000000,3.137349,92.932352,711.770629,3.142616,-92.933927,-0.047257
2102.547423,2472.000000,3.140561,93.031077,711.783004,3.146416,-93.032547,-0.060282
2102.544367,2473.000000,3.140287,93.128329,711.784105,3.146227,-93.129787,-0.062190
2102.554334,2474.000000,3.141294,93.226125,711.789346,3.147503,-93.227537,-0.068180
2102.542939,2475.000000,3.140199,93.323032,711.787793,3.146376,-93.324453,-0.067470
2102.515450,2476.000000,3.137522,93.419266,711.781120,3.143437,-93.420738,-0.061710
2102.531295,2477.000000,3.139107,93.517310,711.788227,3.145375,-93.518721,-0.069541
2102.543446,2478.000000,3.140329,93.615201,711.794158,3.146897,-93.616561,-0.076212
2102.573291,2479.000000,3.143291,93.713836,711.805716,3.150410,-93.715098,-0.088432
2102.510745,2480.000000,3.137165,93.808600,711.787889,3.143526,-93.810004,-0.071672
2102.437991,2481.000000,3.130035,93.902931,711.766815,3.135495,-93.904505,-0.051710
2102.315711,2482.000000,3.118035,93.995176,711.729992,3.121892,-93.997048,-0.016216
2102.228260,2483.000000,3.109461,94.088877,711.704245,3.112209,-94.090956,0.008353
2102.189544,2484.000000,3.105681,94.184622,711.693994,3.108008,-94.186782,0.017641
2102.215317,2485.000000,3.108241,94.283082,711.704247,3.111061,-94.285155,0.006709
2102.296357,2486.000000,3.116237,94.383877,711.732073,3.120332,-94.385718,-0.021555
2102.379687,2487.000000,3.124459,94.484776,711.760629,3.129861,-94.486381,-0.050538
2102.426966,2488.000000,3.129136,94.584160,711.777720,3.135335,-94.585621,-0.068214
2102.440246,2489.000000,3.130469,94.682110,711.783998,3.136983,-94.683517,-0.075227
2102.424828,2490.000000,3.128979,94.778846,711.781148,3.135402,-94.780273,-0.073237
2102.398075,2491.000000,3.126374,94.875101,711.774691,3.132546,-94.876577,-0.067691
2102.394061,2492.000000,3.126006,94.972319,711.775466,3.132249,-94.973786,-0.069276
2102.415256,2493.000000,3.128117,95.070610,711.784256,3.134788,-95.072001,-0.078767
2102.427350,2494.000000,3.129333,95.168516,711.790151,3.136302,-95.169856,-0.085402
2102.398090,2495.000000,3.126482,95.264663,711.782893,3.133164,-95.266059,-0.079064
2102.341843,2496.000000,3.120976,95.359657,711.767050,3.126989,-95.361180,-0.064262
2102.305963,2497.000000,3.117474,95.455517,711.757684,3.123106,-95.457113,-0.055846
2102.317331,2498.000000,3.118618,95.553393,711.763344,3.124539,-95.554939,-0.062248
2102.347465,2499.000000,3.121608,95.652072,711.774970,3.128083,-95.653520,-0.074536
2102.352970,2500.000000,3.122177,95.749701,711.778763,3.128856,-95.751115,-0.079097
2102.325560,2501.000000,3.119507,95.845922,711.772086,3.125926,-95.847387,-0.073333
2102.306612,2502.000000,3.117670,95.942503,711.768099,3.123947,-95.943998,-0.070222
2102.342175,2503.000000,3.121195,96.041424,711.781447,3.128102,-96.042806,-0.084208
2102.405164,2504.000000,3.127417,96.141528,711.803519,3.135343,-96.142726,-0.106797
2102.438799,2505.000000,3.130752,96.240375,711.816254,3.139281,-96.241465,-0.120178
2102.431186,2506.000000,3.130030,96.337449,711.815868,3.138578,-96.338540,-0.120618
2102.418563,2507.000000,3.128815,96.434308,711.813887,3.137311,-96.435411,-0.119485
2102.402299,2508.000000,3.127242,96.531009,711.810746,3.135634,-96.532135,-0.117209
2102.372420,2509.000000,3.124329,96.627122,711.803274,3.132426,-96.628306,-0.110661
2102.344773,2510.000000,3.121637,96.723329,711.796510,3.129468,-96.724565,-0.104812
2102.341718,2511.000000,3.121363,96.820600,711.797568,3.129278,-96.821823,-0.106675
2102.341370,2512.000000,3.121355,96.917988,711.799485,3.129392,-96.919193,-0.109388
2102.327448,2513.000000,3.120013,97.014788,711.797084,3.127978,-97.016009,-0.107840
2102.308623,2514.000000,3.118188,97.111374,711.793122,3.126013,-97.112625,-0.104754
2102.294605,2515.000000,3.116836,97.208169,711.790688,3.124589,-97.209437,-0.103174
