split,bin_width_px,v_start,v_end,v_center,point_count,unique_frame_count,frame_ids,u_min,u_max,u_span,frame_median_u_span,lambda_min,lambda_max,lambda_span,frame_median_lambda_span,board_depth_span,slope_dlambda_du,slope_intercept,robust_RMSE,corr_u_lambda,local_design_condition_number,quadratic_coefficient,quadratic_linear_coefficient,quadratic_intercept,quadratic_RMSE,linear_quadratic_RMSE_ratio,slope_p05,slope_p50,slope_p95,slope_relative_interval,m0_local_gain_dlambda_du,m0_point_derivative_median,m0_derivative_u_trend_slope,m0_derivative_u_trend_RMSE,m0_derivative_u_trend_corr,m0_derivative_u_trend_condition_number,truth_slope_minus_m0_local_gain,truth_slope_to_m0_local_gain_ratio,m0_gain_step_px,classification,task2_support_300px_region,task2_support_point_count,task2_support_unique_frame_count,task2_support_lambda_span
fit,30,0,30,15,0,0,,,,,,,,,,,,,,,,,,,,,,,,,,,,,,,,,0.5,UNSUPPORTED,bin_0000_0299,57,4,61.6084138863
fit,30,30,60,45,0,0,,,,,,,,,,,,,,,,,,,,,,,,,,,,,,,,,0.5,UNSUPPORTED,bin_0000_0299,57,4,61.6084138863
fit,30,60,90,75,0,0,,,,,,,,,,,,,,,,,,,,,,,,,,,,,,,,,0.5,UNSUPPORTED,bin_0000_0299,57,4,61.6084138863
fit,30,90,120,105,0,0,,,,,,,,,,,,,,,,,,,,,,,,,,,,,,,,,0.5,UNSUPPORTED,bin_0000_0299,57,4,61.6084138863
fit,30,120,150,135,0,0,,,,,,,,,,,,,,,,,,,,,,,,,,,,,,,,,0.5,UNSUPPORTED,bin_0000_0299,57,4,61.6084138863
fit,30,150,180,165,0,0,,,,,,,,,,,,,,,,,,,,,,,,,,,,,,,,,0.5,UNSUPPORTED,bin_0000_0299,57,4,61.6084138863
fit,30,180,210,195,0,0,,,,,,,,,,,,,,,,,,,,,,,,,,,,,,,,,0.5,UNSUPPORTED,bin_0000_0299,57,4,61.6084138863
fit,30,210,240,225,0,0,,,,,,,,,,,,,,,,,,,,,,,,,,,,,,,,,0.5,UNSUPPORTED,bin_0000_0299,57,4,61.6084138863
fit,30,240,270,255,11,1,015,2066.22187013,2067.94940902,1.7275388851,0,693.402592068,693.811412445,0.40882037698,0,0,,,,,,,,,,,,,,,0.302022187343,0.302022187343,,,,,,,0.5,SINGLE_FRAME_ONLY,bin_0000_0299,57,4,61.6084138863
fit,30,270,300,285,46,4,"004,014,015,018",1919.05966744,2131.67127397,212.611606537,212.144481166,652.069477271,713.677891157,61.6084138861,61.5824214828,61.19059997,0.296981812107,80.3792749039,0.927974404741,0.999748010269,91.6988061701,0.000134638728743,0.305763890716,698.602553469,0.0297419572319,31.2008519649,0.281459708361,0.290285286443,0.317003879972,0.122445653539,0.306616995318,0.306616995318,0.00026016804416,0.00127276650106,0.999481416134,91.6988061701,-0.00963518321076,0.968575834484,0.5,SPARSE_BUT_INFORMATIVE,bin_0000_0299,57,4,61.6084138863
fit,30,300,330,315,66,5,"004,007,014,015,018",1919.08992039,2131.10354481,212.013624415,211.695501999,652.011706583,713.651823806,61.6401172233,61.6015626422,61.19059997,0.304952346949,63.5916475674,1.42158793269,0.99977528679,94.2436043043,0.000128657557755,0.310493269582,704.244946293,0.0557252049919,25.5106810804,0.287096781729,0.304472179665,0.31795299645,0.101343297619,0.311377701436,0.311377701436,0.000268604490141,0.0018891373693,0.999516800951,94.2436043043,-0.00642535448685,0.979364757151,0.5,WELL_CONSTRAINED,bin_0300_0599,1482,14,82.1026327068
fit,30,330,360,345,91,5,"004,007,014,015,018",1918.92966203,2130.65636973,211.72670771,211.414541571,651.951720242,713.625986928,61.6742666859,61.6345976776,61.19059997,0.304005636679,65.6550241222,1.30982029422,0.999791554992,94.6147038391,0.000123589159121,0.310240084827,704.325439795,0.0460618850401,28.4360983724,0.287283966557,0.302555462472,0.317733975486,0.100642733997,0.311503070088,0.311503070088,0.000268844459916,0.0019097339179,0.999495515946,94.6147038391,-0.00749743340894,0.975931430124,0.5,WELL_CONSTRAINED,bin_0300_0599,1482,14,82.1026327068
fit,30,360,390,375,99,6,"004,007,009,014,015,018",1918.07490769,2130.31656217,212.241654478,211.59340618,651.891024538,713.599838282,61.7088137437,61.667780468,61.19059997,0.305198932964,63.2418970818,1.29613680418,0.999787576174,83.6909234073,0.000123900781427,0.309826146914,703.760113865,0.0402873573674,32.1722964442,0.287271516249,0.305198932964,0.313838085547,0.0870467306019,0.311501357695,0.311501357695,0.000267610765858,0.00167004508486,0.999502032647,83.6909234073,-0.00630242473038,0.979767585037,0.5,WELL_CONSTRAINED,bin_0300_0599,1482,14,82.1026327068
fit,30,390,420,405,147,10,"003,004,007,009,010,011,014,015,017,018",1839.02246894,2129.75572038,290.733251447,289.557099961,631.549191099,713.572580843,82.0233897434,81.925529381,61.19059997,0.293747883876,87.352921335,1.29545830602,0.999470396064,96.1923904904,0.000118458919867,0.29944338421,690.742728284,0.0522236713645,24.8059600592,0.27946484779,0.293416708347,0.305240355452,0.0878460800934,0.310451240931,0.310451240931,0.00025204131579,0.00159968129256,0.998797420376,96.1923904904,-0.0167033570545,0.946196520251,0.5,WELL_CONSTRAINED,bin_0300_0599,1482,14,82.1026327068
fit,30,420,450,435,152,10,"003,004,007,009,010,011,014,015,017,018",1842.16352522,2129.39674675,287.233221539,286.709513519,632.226949581,713.54700358,81.3200539991,81.2914075908,61.19059997,0.293956526017,86.996418124,1.26802639588,0.999477883743,94.352382568,0.000118273731288,0.299160249793,690.178213041,0.0599393457802,21.1551590925,0.280702801916,0.293956526017,0.304407601577,0.0806404946408,0.305116294729,0.305116294729,0.000252401770579,0.00158480439752,0.998790077574,94.352382568,-0.0111597687121,0.963424540397,0.5,WELL_CONSTRAINED,bin_0300_0599,1482,14,82.1026327068
fit,30,450,480,465,169,11,"003,004,005,007,009,010,011,014,015,017,018",1845.46572891,2128.91176414,283.446035238,283.182739232,633.136639648,713.521659599,80.3850199509,80.346375213,61.19059997,0.288438187107,98.7245832319,0.83607869334,0.999539624733,96.9559803137,0.000117071075353,0.29732147664,688.424234325,0.0679356211969,12.306926449,0.28021183142,0.288438187107,0.301847415874,0.0750094315577,0.299188122671,0.299188122671,0.00024609631781,0.00108879680288,0.998934966625,96.9559803137,-0.0107499355646,0.964069644648,0.5,WELL_CONSTRAINED,bin_0300_0599,1482,14,82.1026327068
fit,30,480,510,495,168,11,"003,004,005,007,009,010,011,014,015,017,018",1846.84870688,2128.29567451,281.446967623,281.207976927,633.673897822,713.494740833,79.8208430105,79.8064027859,61.19059997,0.288869324339,97.9573361021,0.86166407373,0.999510549606,94.9472556372,0.000121302293591,0.297182110394,687.634865902,0.0430225790521,20.0281827058,0.280209488128,0.288646655072,0.303407597589,0.0803685372862,0.298600057246,0.298600057246,0.000246340462491,0.00108076730201,0.998936243177,94.9472556372,-0.00973073290698,0.967412153244,0.5,WELL_CONSTRAINED,bin_0300_0599,1482,14,82.1026327068
fit,30,510,540,525,180,12,"003,004,005,007,009,010,011,014,015,016,017,018",1852.72897644,2127.96165813,275.232681695,274.764824734,635.214720331,713.469676426,78.2549560957,78.2271223708,61.19059997,0.290114540083,95.4048341644,0.824314803498,0.999574970718,90.2901995993,0.000119248719967,0.297390032265,688.280250488,0.0706682771573,11.66456629,0.281223643205,0.289121669207,0.303296318904,0.0763438996445,0.298361586047,0.298361586047,0.000250969387059,0.00125040827495,0.999016910727,90.2901995993,-0.00824704596428,0.972358888175,0.5,WELL_CONSTRAINED,bin_0300_0599,1482,14,82.1026327068
fit,30,540,570,555,204,13,"003,004,005,007,008,009,010,011,014,015,016,017,018",1853.72092149,2127.46340302,273.74248153,271.829452532,635.584203488,713.442131165,77.8579276773,77.4184841546,61.19059997,0.294571179112,86.2017646271,1.0771968224,0.999551342517,88.1132131254,0.000122463689844,0.298209140002,688.949350201,0.0530404596129,20.3089647085,0.281821662,0.292471408587,0.303687502375,0.0747623177276,0.306701081307,0.306701081307,0.000253440346379,0.00136052945858,0.998999042176,88.1132131254,-0.0121299021942,0.960450409426,0.5,WELL_CONSTRAINED,bin_0300_0599,1482,14,82.1026327068
fit,30,570,600,585,206,14,"003,004,005,007,008,009,010,011,013,014,015,016,017,018",1856.67482577,2126.95449123,270.279665462,270.036671024,636.47080181,713.431952729,76.9611509194,76.9470356899,63.593293018,0.294980683315,85.4632248103,1.05761764058,0.999553463441,92.03164179,0.000121081208219,0.301587384723,693.367873787,0.044031004181,24.0198392076,0.284950319519,0.29429038889,0.306235576271,0.072327393472,0.305650060718,0.305650060718,0.000255031357,0.00138616843022,0.998987849582,92.03164179,-0.0106693774024,0.965092834016,0.5,WELL_CONSTRAINED,bin_0300_0599,1482,14,82.1026327068
fit,30,600,630,615,241,13,"004,005,007,008,009,010,011,013,014,015,016,017,018",1913.42828766,2126.67087109,213.242583424,212.741767793,651.409007114,713.429442634,62.0204355203,61.9854792779,63.593293018,0.300135924837,74.7806699474,0.885585962884,0.999650182362,79.066771222,0.000128989289563,0.305600468687,697.318867586,0.0367767884458,24.0800243934,0.288606027418,0.29992352061,0.306923698053,0.0610744719113,0.297271259399,0.297271259399,0.000261474033071,0.00119036277231,0.999246408621,79.066771222,0.00286466543764,1.00963653682,0.5,WELL_CONSTRAINED,bin_0600_0899,2297,15,75.4377480922
fit,30,630,660,645,256,14,"003,004,005,007,008,009,010,011,013,014,015,016,017,018",1861.49577188,2126.23475267,264.73898079,262.554784871,637.991694542,713.400167725,75.4084731834,74.9914773336,63.593293018,0.295334956267,84.9546900828,1.0224723362,0.99955352023,88.4276103064,0.000124155566398,0.30075306326,691.951380018,0.0381426863685,26.8065108555,0.285207884079,0.295334956267,0.305083703719,0.0672992452073,0.296543090703,0.296543090703,0.000254569142987,0.00130187515506,0.999015695074,88.4276103064,-0.001208134436,0.99592593969,0.5,WELL_CONSTRAINED,bin_0600_0899,2297,15,75.4377480922
fit,30,660,690,675,248,14,"003,004,005,007,008,009,010,011,013,014,015,016,017,018",1865.27455712,2125.7768826,260.502325475,258.786023764,638.855127279,713.373427353,74.518300074,74.1118857619,63.593293018,0.296003414457,83.6656072656,1.03189675141,0.999570826511,86.7662756991,0.000122997742724,0.300173286721,691.20876425,0.0582845205163,17.7044735423,0.286508031003,0.296092983796,0.305679861354,0.0647493571267,0.29618929326,0.29618929326,0.000254720439345,0.00127985709657,0.999035678444,86.7662756991,-0.000185878802942,0.999372432403,0.5,WELL_CONSTRAINED,bin_0600_0899,2297,15,75.4377480922
fit,30,690,720,705,248,14,"003,004,005,007,008,009,010,011,013,014,015,016,017,018",1867.96303398,2125.28641727,257.323383292,255.563589067,639.694479036,713.343964241,73.649485205,73.2317059156,63.593293018,0.296640625218,82.4127262413,1.06607587215,0.999570431424,85.7242358791,0.000124190323199,0.299818787985,690.758867306,0.0385332375418,27.6663976389,0.285507120542,0.296640625218,0.305349487878,0.0668902559165,0.296160175944,0.296160175944,0.00025534115037,0.00128759288446,0.999054818341,85.7242358791,0.000480449274115,1.00162226158,0.5,WELL_CONSTRAINED,bin_0600_0899,2297,15,75.4377480922
fit,30,720,750,735,229,14,"003,004,005,007,008,009,010,011,013,014,015,016,017,018",1870.71352707,2124.81601769,254.102490623,252.045423659,640.563645786,713.31393083,72.7502850438,72.3167311057,63.593293018,0.294742405366,86.5296611662,0.895024412007,0.999575804616,84.6304968229,0.000124764744062,0.299479820497,690.280250805,0.0347266716916,25.7734003407,0.286919437203,0.294453109802,0.304932774925,0.0611755730306,0.296075347923,0.296075347923,0.000255481992357,0.00126446302892,0.999071431782,84.6304968229,-0.00133294255724,0.995497961696,0.5,WELL_CONSTRAINED,bin_0600_0899,2297,15,75.4377480922
fit,30,750,780,765,216,14,"003,004,005,007,008,009,010,011,013,014,015,016,017,018",1874.24420249,2124.42420785,250.180005361,248.631760353,641.463342633,713.287585762,71.8242431294,71.4035622461,63.593293018,0.29656149715,82.8065423172,1.02185892126,0.999574081194,83.5725575946,0.000126035014945,0.298896274145,689.701983343,0.0421145255986,24.2638117546,0.286378894241,0.296468492371,0.30457371502,0.0613718531553,0.295170405371,0.295170405371,0.000256169942377,0.00128670248933,0.999082241946,83.5725575946,0.00139109177882,1.004712843,0.5,WELL_CONSTRAINED,bin_0600_0899,2297,15,75.4377480922
fit,30,780,810,795,213,14,"003,004,005,007,008,009,010,011,013,014,015,016,017,018",1876.81883087,2123.95030396,247.131473095,245.626911551,642.337726775,713.2584155,70.9206887244,70.5023160757,63.593293018,0.293094147605,90.2378681809,0.769950476354,0.999578222438,82.5640061223,0.00012617425332,0.298408828454,689.132516668,0.0388138436736,19.8370066832,0.286741070082,0.293094147605,0.30401447456,0.0589346618459,0.296024985742,0.296024985742,0.000256144307406,0.0012549120696,0.999095067898,82.5640061223,-0.00293083813633,0.990099355536,0.5,WELL_CONSTRAINED,bin_0600_0899,2297,15,75.4377480922
fit,30,810,840,825,212,14,"003,004,005,007,008,009,010,011,013,014,015,016,017,018",1880.0694173,2123.45494528,243.385527988,241.819487138,643.213598098,713.229489407,70.0158913086,69.5922664307,63.593293018,0.292773589947,91.0368757022,0.728271215104,0.999591403783,81.7156032474,0.000125803731647,0.298073746775,688.644688674,0.0327036973236,22.2687730961,0.28777451143,0.292452975085,0.304398738633,0.0568441035616,0.296003462833,0.296003462833,0.000256168715594,0.00122228602921,0.999118682769,81.7156032474,-0.00322987288618,0.989088394929,0.5,WELL_CONSTRAINED,bin_0600_0899,2297,15,75.4377480922
fit,30,840,870,855,213,15,"003,004,005,006,007,008,009,010,011,013,014,015,016,017,018",1882.77481719,2123.03836379,240.263546602,238.943602346,644.062768028,713.202803125,69.1400350964,68.7780861768,63.593293018,0.297514197002,81.1819321062,0.989634428454,0.99961460084,80.0306062883,0.000125331916432,0.298596006135,689.632973154,0.0304456349305,32.5049692908,0.287842342299,0.297257580259,0.30387178513,0.0539244207539,0.311007403687,0.311007403687,0.00025673241742,0.00120352819395,0.999169169339,80.0306062883,-0.0134932066855,0.956614516164,0.5,WELL_CONSTRAINED,bin_0600_0899,2297,15,75.4377480922
fit,30,870,900,885,221,15,"003,004,005,006,007,008,009,010,011,013,014,015,016,017,018",1886.04261353,2122.52279406,236.480180526,234.556606828,645.001512398,713.173233173,68.1717207754,67.7297182892,63.593293018,0.29817766576,79.9242202836,0.994536878135,0.999631648062,78.8626836793,0.000124179939315,0.297913128795,688.664602123,0.0391306924791,25.4157750637,0.288042712249,0.298307330448,0.304099142348,0.0538251275134,0.310956767217,0.310956767217,0.000257881952796,0.00124178609027,0.99917791482,78.8626836793,-0.0127791014577,0.958903928761,0.5,WELL_CONSTRAINED,bin_0600_0899,2297,15,75.4377480922
fit,30,900,930,915,243,15,"003,004,005,006,007,008,009,010,011,013,014,015,016,017,018",1889.07084618,2121.94824214,232.877395961,232.188721826,645.914251404,713.140380939,67.2261295357,67.0668761539,63.593293018,0.297936119646,80.5776704205,0.958989820784,0.999629012776,78.3051756607,0.000125413967672,0.297170718552,687.760914794,0.032757105192,29.2757804807,0.287651645121,0.296103356283,0.303267613755,0.0527382358301,0.29668261192,0.29668261192,0.000257885520493,0.00124321763398,0.999184095544,78.3051756607,0.00125350772653,1.00422507985,0.5,WELL_CONSTRAINED,bin_0900_1199,2457,18,67.2261295358
fit,30,930,960,945,232,15,"003,004,005,006,007,008,009,010,011,013,014,015,016,017,018",1892.59810095,2121.73298575,229.1348848,228.501685684,647.002698794,713.116500385,66.1138015911,66.0251837555,63.593293018,0.297689264751,81.228965897,0.920500206773,0.99962929473,77.7457502585,0.000126656365701,0.296421049844,686.819410302,0.045480627779,20.239390961,0.287832258857,0.29365254008,0.303596600542,0.0536836551154,0.296069123744,0.296069123744,0.000257558324068,0.00118675332186,0.999202342201,77.7457502585,0.00162014100739,1.00547217145,0.5,WELL_CONSTRAINED,bin_0900_1199,2457,18,67.2261295358
fit,30,960,990,975,235,15,"003,004,005,006,007,008,009,010,011,013,014,015,016,017,018",1894.49509713,2121.03084001,226.535742875,225.402980406,647.684869736,713.085379771,65.4005100349,65.2078550779,63.593293018,0.296604865648,83.5979368246,0.839880796817,0.99963638635,77.5244288809,0.000126887407205,0.296303149905,686.679165219,0.0297259125015,28.2541636619,0.288128446412,0.296604865648,0.303059922054,0.0503413037712,0.295729886351,0.295729886351,0.000257717220957,0.00117759809011,0.999225388962,77.5244288809,0.000874979296532,1.0029587111,0.5,WELL_CONSTRAINED,bin_0900_1199,2457,18,67.2261295358
fit,30,990,1020,1005,221,15,"003,004,005,006,007,008,009,010,011,013,014,015,016,017,018",1898.44255816,2120.56017837,222.117620208,220.992860896,648.727515634,713.057855836,64.3303402013,64.0783472998,63.593293018,0.295934539598,85.1155636575,0.78079767184,0.999639253416,77.1632670718,0.000127952477297,0.296282322841,686.641865163,0.0348690141205,22.3923070822,0.287876627765,0.295934539598,0.302972927092,0.0510122926117,0.295638494288,0.295638494288,0.000256659474319,0.00107871925271,0.999229188889,77.1632670718,0.000296045310686,1.00100137606,0.5,WELL_CONSTRAINED,bin_0900_1199,2457,18,67.2261295358
fit,30,1020,1050,1035,234,15,"003,004,005,006,007,008,009,010,011,013,014,015,016,017,018",1900.85096322,2119.85187242,219.0009092,217.798825595,649.44076112,713.02828046,63.5875193397,63.2773855099,63.593293018,0.295207317956,86.7516623719,0.721479805817,0.99965889064,77.0068344223,0.00012564255331,0.296139280263,686.638103726,0.0378496986679,19.0617054087,0.287753451297,0.295207317956,0.303309842923,0.0526964972713,0.295580092427,0.295580092427,0.000256760863433,0.00106337951072,0.999253128753,77.0068344223,-0.000372774471624,0.998738837692,0.5,WELL_CONSTRAINED,bin_0900_1199,2457,18,67.2261295358
fit,30,1050,1080,1065,232,15,"003,004,005,006,007,008,009,010,011,013,014,015,016,017,018",1903.96293979,2119.51074113,215.547801339,215.145240838,650.454294597,713.002416694,62.5481220962,62.487142361,63.593293018,0.295041324405,87.2351904279,0.700453760532,0.999657284584,76.7912282463,0.000126637838837,0.296210322137,686.586767799,0.0516227281293,13.5687087048,0.288140808554,0.295041324405,0.302766718319,0.0495724108948,0.295547020629,0.295547020629,0.000256787272309,0.00104791612428,0.999259417793,76.7912282463,-0.000505696224541,0.998288948326,0.5,WELL_CONSTRAINED,bin_0900_1199,2457,18,67.2261295358
fit,30,1080,1110,1095,266,17,"001,002,003,004,005,006,007,008,009,010,011,013,014,015,016,017,018",1903.32172324,2119.08185442,215.760131188,215.050275195,650.430746289,712.974014069,62.5432677802,62.5027744886,63.593293018,0.296949747992,83.3129797635,0.779045716892,0.999595332384,72.4561604562,0.000130562724554,0.296251442592,686.552232804,0.0451361666216,17.2598998808,0.288092170638,0.29667095236,0.303103560158,0.0505994584251,0.302409540659,0.302409540659,0.000256079346008,0.000939930288708,0.999175620387,72.4561604562,-0.00545979266774,0.981945699677,0.5,WELL_CONSTRAINED,bin_0900_1199,2457,18,67.2261295358
fit,30,1110,1140,1125,263,16,"002,003,004,005,006,007,008,009,010,011,013,014,015,016,017,018",1902.90098428,2118.63531083,215.734326556,215.232744904,650.371987618,712.949774135,62.5777865171,62.5390450243,63.593293018,0.296382657281,84.6570024509,0.745001482647,0.999620531052,75.0472147573,0.000127201577787,0.29351092568,683.585151638,0.117751855091,6.32687682136,0.288046390827,0.296275056799,0.303588333407,0.0524578165546,0.310569950467,0.310569950467,0.000254881963992,0.000885418565087,0.999222167533,75.0472147573,-0.014187293186,0.954318525779,0.5,WELL_CONSTRAINED,bin_0900_1199,2457,18,67.2261295358
fit,30,1140,1170,1155,250,16,"002,003,004,005,006,007,008,009,010,011,013,014,015,016,017,018",1902.13995584,2118.00425618,215.864300338,215.38874505,650.314699029,712.923881708,62.6091826787,62.5753019186,63.593293018,0.298812367986,79.7453039304,0.857716658825,0.999623582462,74.9768395007,0.000129817217573,0.293601405342,683.372249567,0.058812885368,14.5838221243,0.288391180715,0.299459109025,0.303198469622,0.0494467807469,0.29539448996,0.29539448996,0.000254745445298,0.000856242846169,0.999229720932,74.9768395007,0.00341787802612,1.01157055444,0.5,WELL_CONSTRAINED,bin_0900_1199,2457,18,67.2261295358
fit,30,1170,1200,1185,281,18,"001,002,003,004,005,006,007,008,009,010,011,012,013,014,015,016,017,018",1901.67135454,2117.50003073,215.828676185,215.464940225,650.247105138,712.897726795,62.6506216562,62.6084044889,63.593293018,0.298436422543,80.6640627084,0.794057532728,0.999617148357,72.3912054135,0.000130746749088,0.297873301452,688.348481653,0.0384158361693,20.6700572448,0.289135622409,0.297111431653,0.303921035873,0.0497638659731,0.295349933811,0.295349933811,0.000257859144339,0.000983796956359,0.999215683827,72.3912054135,0.00308648873219,1.01045027738,0.5,WELL_CONSTRAINED,bin_0900_1199,2457,18,67.2261295358
fit,30,1200,1230,1215,322,18,"001,002,003,004,005,006,007,008,009,010,011,012,013,014,015,016,017,018",1901.03110912,2117.11377266,216.082663548,215.57798239,650.186031048,712.872200244,62.6861691965,62.6442781905,63.593293018,0.296702379031,84.4151441168,0.683716027713,0.999631724256,72.1834142643,0.000128686638912,0.297166046968,687.718648588,0.0418915706386,16.3210884025,0.289354982241,0.29621899691,0.303205837615,0.0467588355856,0.295305333721,0.295305333721,0.000257369756213,0.000939355781918,0.999235719449,72.1834142643,0.00139704530986,1.00473085024,0.5,WELL_CONSTRAINED,bin_1200_1499,3048,18,63.2210504845
fit,30,1230,1260,1245,318,18,"001,002,003,004,005,006,007,008,009,010,011,012,013,014,015,016,017,018",1900.48523869,2116.67211087,216.186872187,215.670954001,650.126932094,712.845415349,62.7184832549,62.6802472423,63.593293018,0.297882367567,82.040634621,0.747471348559,0.99962362307,72.10346896,0.000130942271633,0.296955359108,687.326868205,0.0422300179877,17.7000007146,0.289346882894,0.298401183907,0.303641366672,0.0479035759537,0.290407473428,0.290407473428,0.000255471059782,0.000830704728916,0.999228805672,72.10346896,0.0074748941393,1.02573933119,0.5,WELL_CONSTRAINED,bin_1200_1499,3048,18,63.2210504845
fit,30,1260,1290,1275,322,18,"001,002,003,004,005,006,007,008,009,010,011,012,013,014,015,016,017,018",1899.99140414,2116.11693846,216.125534322,215.885731898,650.070330275,712.819117529,62.7487872539,62.7129259553,63.593293018,0.29580638855,86.4966566124,0.631222283049,0.999638702555,72.131692389,0.000128955474159,0.296031623838,686.374646763,0.0370010936596,17.0595574514,0.289318817463,0.296635420408,0.3036020642,0.0481508469799,0.295210558778,0.295210558778,0.000254861774101,0.000794279522846,0.9992448369,72.131692389,0.000595829771511,1.00201832134,0.5,WELL_CONSTRAINED,bin_1200_1499,3048,18,63.2210504845
fit,30,1290,1320,1305,334,18,"001,002,003,004,005,006,007,008,009,010,011,012,013,014,015,016,017,018",1899.40490427,2115.87762412,216.472719844,215.861987623,650.007053342,712.794269784,62.7872164424,62.744527658,63.593293018,0.298281375174,81.4237486238,0.732871685019,0.999653609111,72.2791940539,0.000127108139711,0.295686724293,685.792353423,0.0414093220409,17.6982295024,0.289439791699,0.297178459022,0.303755471417,0.0481719966027,0.294445344376,0.294445344376,0.000254729524541,0.000778185442287,0.999260833683,72.2791940539,0.00383603079883,1.01302798931,0.5,WELL_CONSTRAINED,bin_1200_1499,3048,18,63.2210504845
fit,30,1320,1350,1335,307,18,"001,002,003,004,005,006,007,008,009,010,011,012,013,014,015,016,017,018",1898.86184209,2115.49622756,216.634385471,215.95508088,649.946775366,712.7688525,62.8220771342,62.7808874322,63.593293018,0.296701257443,84.8245112564,0.659620973737,0.999643750031,72.6179647895,0.000129439359408,0.295019438141,685.081304844,0.0456165475835,14.46012486,0.289085589055,0.296625412108,0.302869726389,0.0464698463821,0.293662454347,0.293662454347,0.000253855213782,0.000744631819303,0.999268283776,72.6179647895,0.00303880309671,1.01034794558,0.5,WELL_CONSTRAINED,bin_1200_1499,3048,18,63.2210504845
fit,30,1350,1380,1365,302,18,"001,002,003,004,005,006,007,008,009,010,011,012,013,014,015,016,017,018",1898.41741287,2115.05647001,216.639057143,216.084163306,649.88724637,712.742534388,62.8552880178,62.8154718086,63.593293018,0.294877084443,88.7258235567,0.585215670278,0.999655990846,72.928567939,0.000127972123718,0.294529092234,684.594516636,0.0439207894973,13.3243431408,0.288979124474,0.295658643856,0.302661708145,0.0462783143854,0.295168320714,0.295168320714,0.000253630810316,0.000733281104258,0.999276292655,72.928567939,-0.000291236270692,0.999013321382,0.5,WELL_CONSTRAINED,bin_1200_1499,3048,18,63.2210504845
fit,30,1380,1410,1395,312,18,"001,002,003,004,005,006,007,008,009,010,011,012,013,014,015,016,017,018",1897.70165413,2114.73309974,217.031445609,216.316375118,649.827839653,712.715665136,62.8878254831,62.8484383398,63.593293018,0.296333345008,85.7415025497,0.635043951716,0.999670412487,72.8975316977,0.000125805038828,0.294559828462,684.858609558,0.0537984349472,11.8041343087,0.288810763403,0.296327213007,0.302698172886,0.0468651169152,0.295130997069,0.295130997069,0.000254583223158,0.00075959907741,0.999291462122,72.8975316977,0.00120234793914,1.00407394666,0.5,WELL_CONSTRAINED,bin_1200_1499,3048,18,63.2210504845
fit,30,1410,1440,1425,288,18,"001,002,003,004,005,006,007,008,009,010,011,012,013,014,015,016,017,018",1897.28605195,2114.26575103,216.979699079,216.700291532,649.764304694,712.690964049,62.9266593541,62.8920196404,63.593293018,0.295795837554,86.9479251972,0.614924404701,0.999666767174,72.9033962064,0.000127170075311,0.294859870026,685.129511923,0.0409288285377,15.0242366242,0.288950160959,0.296295234148,0.302515236064,0.0457822925999,0.295130880378,0.295130880378,0.000254563666158,0.000760839703271,0.999289112511,72.9033962064,0.000664957176859,1.00225309251,0.5,WELL_CONSTRAINED,bin_1200_1499,3048,18,63.2210504845
fit,30,1440,1470,1455,288,18,"001,002,003,004,005,006,007,008,009,010,011,012,013,014,015,016,017,018",1896.56371975,2114.16135933,217.597639578,216.649048364,649.705639734,712.667515302,62.961875568,62.9233693211,63.593293018,0.295061539653,88.6054037388,0.584674152979,0.999678174638,72.9864450226,0.000125445354753,0.29499380744,685.476955289,0.0577100012039,10.1312448585,0.289023491877,0.295061539653,0.302387950396,0.0452938005208,0.310198815621,0.310198815621,0.000255024644246,0.000779348717248,0.999298698663,72.9864450226,-0.0151372759684,0.951201374067,0.5,WELL_CONSTRAINED,bin_1200_1499,3048,18,63.2210504845
fit,30,1470,1500,1485,255,18,"001,002,003,004,005,006,007,008,009,010,011,012,013,014,015,016,017,018",1896.12574213,2113.51252891,217.386786779,216.936528944,649.65114976,712.639620263,62.9884705031,62.9517948921,63.593293018,0.294344615883,90.2048025798,0.564830371279,0.999683515942,73.2998391071,0.000125637891712,0.29528651272,685.796930011,0.042076600078,13.4238595854,0.288293737893,0.294634424497,0.302410559347,0.0479130077152,0.310247859712,0.310247859712,0.00025449305558,0.000753908433211,0.999325886928,73.2998391071,-0.0159032438292,0.948740198098,0.5,WELL_CONSTRAINED,bin_1200_1499,3048,18,63.2210504845
fit,30,1500,1530,1515,293,18,"001,002,003,004,005,006,007,008,009,010,011,012,013,014,015,016,017,018",1895.5864065,2113.36899457,217.782588068,216.853028047,649.587192709,712.615726492,63.0285337832,62.9935498269,63.593293018,0.294937753391,89.0497491828,0.567245910723,0.999702176785,73.6625696331,0.000122849296389,0.295540295947,686.079217301,0.0441583559316,12.8457207873,0.288825879616,0.295425489802,0.302635796636,0.0467458546942,0.31021738459,0.31021738459,0.000253941484006,0.000734948722451,0.999337568922,73.6625696331,-0.0152796311993,0.95074540642,0.5,WELL_CONSTRAINED,bin_1500_1799,3056,18,63.5703803768
fit,30,1530,1560,1545,325,18,"001,002,003,004,005,006,007,008,009,010,011,012,013,014,015,016,017,018",1895.5147837,2112.87432702,217.359543323,217.104213623,649.533248375,712.589781206,63.0565328306,63.0313549429,63.593293018,0.296147482435,86.5922843284,0.616490805573,0.999702358269,73.9901763202,0.000123476628955,0.295882830988,686.390195214,0.0414099122465,14.8875177978,0.288582883363,0.295988474107,0.303611818495,0.0507754066328,0.295316715344,0.295316715344,0.000255995281393,0.000829527448481,0.999332288539,73.9901763202,0.000830767090377,1.00281313941,0.5,WELL_CONSTRAINED,bin_1500_1799,3056,18,63.5703803768
fit,30,1560,1590,1575,324,18,"001,002,003,004,005,006,007,008,009,010,011,012,013,014,015,016,017,018",1894.38582268,2112.64039339,218.254570713,217.16473969,649.466006717,712.566198093,63.1001913763,63.0562873579,63.593293018,0.295259921538,88.5231760876,0.579572982256,0.999698318853,74.3885859448,0.000124503241411,0.296459764575,686.675354723,0.0662346233641,8.7503023769,0.289135689355,0.295259921538,0.30287311818,0.0465265612517,0.29584160651,0.29584160651,0.000254636253108,0.000767585632678,0.999342925537,74.3885859448,-0.000581684971969,0.998033795926,0.5,WELL_CONSTRAINED,bin_1500_1799,3056,18,63.5703803768
fit,30,1590,1620,1605,314,18,"001,002,003,004,005,006,007,008,009,010,011,012,013,014,015,016,017,018",1894.23912631,2112.46751822,218.228391908,217.531560845,649.409711067,712.540508328,63.1307972607,63.0961363403,63.593293018,0.295908873337,87.2751891334,0.623479756029,0.999692567663,74.99720358,0.000126467487492,0.296513969044,686.954988758,0.0514704957565,12.1133427387,0.289318143001,0.295806306902,0.301372456338,0.0407506975171,0.296494408694,0.296494408694,0.000254924337758,0.000789412489244,0.99934842168,74.99720358,-0.000585535357561,0.998025138619,0.5,WELL_CONSTRAINED,bin_1500_1799,3056,18,63.5703803768
fit,30,1620,1650,1635,329,18,"001,002,003,004,005,006,007,008,009,010,011,012,013,014,015,016,017,018",1893.98531116,2111.94099056,217.955679398,217.682606553,649.347928476,712.513575358,63.1656468819,63.1301828451,63.593293018,0.295129063649,88.9519774271,0.589384428421,0.999714780484,75.8035083955,0.000122282348745,0.296481482174,687.279766009,0.0547954202816,10.7560892022,0.288535664224,0.294975360042,0.303808382866,0.0517762522248,0.29702229417,0.29702229417,0.00025450739004,0.000788710511124,0.999345051368,75.8035083955,-0.00189323052137,0.993625964924,0.5,WELL_CONSTRAINED,bin_1500_1799,3056,18,63.5703803768
fit,30,1650,1680,1665,340,18,"001,002,003,004,005,006,007,008,009,010,011,012,013,014,015,016,017,018",1893.26244576,2111.6614176,218.398971833,217.759381572,649.284318533,712.488731225,63.2044126918,63.1627049493,63.593293018,0.294901018637,89.4555220531,0.594997961068,0.999714694707,76.5843945984,0.000123203372453,0.296718543704,687.576313731,0.0536004432825,11.1006164246,0.288421858708,0.294725015236,0.30293754726,0.0492516339022,0.295028195271,0.295028195271,0.000254194263347,0.000777118462468,0.999361773672,76.5843945984,-0.000127176634048,0.999568933966,0.5,WELL_CONSTRAINED,bin_1500_1799,3056,18,63.5703803768
fit,30,1680,1710,1695,336,18,"001,002,003,004,005,006,007,008,009,010,011,012,013,014,015,016,017,018",1892.95555981,2111.30993248,218.354372669,218.034286028,649.225242693,712.464154641,63.2389119485,63.199688985,63.593293018,0.294765935411,89.8162724785,0.604734384749,0.999713054809,77.4043116807,0.000123739951414,0.296904124331,687.872410217,0.0495226471225,12.2112693866,0.287980041738,0.294740861664,0.300900581465,0.0438369476646,0.292528822535,0.292528822535,0.000254245696576,0.000798537897783,0.99936340038,77.4043116807,0.00223711287561,1.00764749557,0.5,WELL_CONSTRAINED,bin_1500_1799,3056,18,63.5703803768
fit,30,1710,1740,1725,309,18,"001,002,003,004,005,006,007,008,009,010,011,012,013,014,015,016,017,018",1892.41208764,2110.98694962,218.574861974,217.642366263,649.164810856,712.438993195,63.2741823389,63.2420844319,63.593293018,0.294697442812,90.0388247854,0.605892870131,0.999710037132,78.3161683401,0.000125248350472,0.297608147916,688.212338819,0.0630862449807,9.60419930393,0.288171161348,0.294697442812,0.303923978199,0.0534542027261,0.290099210993,0.290099210993,0.000254736378461,0.000834272377166,0.999377325282,78.3161683401,0.00459823181941,1.01585054921,0.5,WELL_CONSTRAINED,bin_1500_1799,3056,18,63.5703803768
fit,30,1740,1770,1755,258,15,"001,003,004,005,006,007,008,009,010,011,012,013,016,017,018",1891.95639696,2110.35589362,218.399496666,217.901003955,649.107028715,712.353780643,63.2467519277,63.207435793,63.593293018,0.293392463892,92.8865598973,0.564042544318,0.999779683632,86.8725301298,0.000123097045204,0.299620902019,691.041003003,0.0486164397632,11.601889136,0.286739256625,0.292232656405,0.304551617522,0.0609526707777,0.294961473602,0.294961473602,0.000251911053838,0.000732245806913,0.999503335381,86.8725301298,-0.0015690097104,0.994680628317,0.5,WELL_CONSTRAINED,bin_1500_1799,3056,18,63.5703803768
fit,30,1770,1800,1785,228,16,"001,002,003,004,005,006,007,008,009,010,011,012,013,016,017,018",1891.52163475,2109.75895629,218.237321539,217.857358753,649.045346116,712.323047019,63.2777009037,63.2369649267,63.593293018,0.292975751145,93.8430062737,0.558098638697,0.999752784999,82.0426116472,0.000120763054386,0.297687550032,688.777968749,0.0551362940453,10.1221645082,0.287404139506,0.293297378873,0.30286468667,0.0527128719079,0.294968510482,0.294968510482,0.000251297379346,0.000732611402546,0.999424469117,82.0426116472,-0.00199275933684,0.993244162458,0.5,WELL_CONSTRAINED,bin_1500_1799,3056,18,63.5703803768
fit,30,1800,1830,1815,211,15,"001,002,003,004,005,006,008,009,010,011,012,013,016,017,018",1890.98817318,2109.45106942,218.462896237,218.026538645,648.985820968,712.298907717,63.313086749,63.2729831862,63.593293018,0.29100275088,98.0370335672,0.552808913839,0.999739227754,81.67590167,0.000121419019646,0.295341050466,685.885576469,0.0679448518101,8.13614128387,0.284705715563,0.290742338138,0.301919546173,0.0592064806261,0.294877388744,0.294877388744,0.000250666621432,0.00074730223054,0.999392652098,81.67590167,-0.00387463786393,0.986860173035,0.5,WELL_CONSTRAINED,bin_1800_2099,1741,15,63.4499548957
fit,30,1830,1860,1845,193,14,"001,002,003,004,005,006,008,010,011,012,013,016,017,018",1889.48690519,2109.09307475,219.60616956,217.968343134,648.848952821,712.269915394,63.4209625728,63.2931302672,63.593293018,0.290377627123,99.2874784998,0.546843928296,0.999730984643,81.0552191011,0.00012240237056,0.293216535177,683.099714737,0.0566092177248,9.65998030487,0.284068741116,0.290377627123,0.302245449312,0.062596792929,0.290198834545,0.290198834545,0.000247583550526,0.000704458386548,0.999383413736,81.0552191011,0.000178792578327,1.00061610371,0.5,WELL_CONSTRAINED,bin_1800_2099,1741,15,63.4499548957
fit,30,1860,1890,1875,160,12,"001,002,003,005,006,008,010,011,012,013,016,018",1892.194906,2108.65034715,216.455441147,215.928809396,649.563406786,712.241564406,62.6781576197,62.6279861558,59.392393108,0.293924650867,92.0776444038,0.537779509444,0.999707169412,73.1423358016,0.000125580556668,0.298461599988,689.588063182,0.0471765058591,11.3993077624,0.286361974542,0.29370031434,0.304984098534,0.0634051891779,0.29486089617,0.29486089617,0.000253568249472,0.000711993189551,0.999359379164,73.1423358016,-0.00093624530305,0.996824789875,0.5,WELL_CONSTRAINED,bin_1800_2099,1741,15,63.4499548957
fit,30,1890,1920,1905,141,11,"001,002,003,005,006,008,010,012,013,016,018",1891.56369069,2108.41092582,216.847235127,216.066356492,649.485268388,712.21543495,62.7301665626,62.6796403698,59.392393108,0.292850346524,94.4486237969,0.527019748989,0.999730599817,74.6022040379,0.000124588542107,0.295446192821,685.831808622,0.0637761514464,8.26358657642,0.283394925553,0.292431791765,0.302242631292,0.0644516303281,0.287576231506,0.287576231506,0.000251575254337,0.000666639632794,0.999403339086,74.6022040379,0.00527411501755,1.01833988501,0.5,WELL_CONSTRAINED,bin_1800_2099,1741,15,63.4499548957
fit,30,1920,1950,1935,133,10,"001,002,003,005,006,008,012,013,016,018",1891.18342733,2108.10841173,216.924984394,216.325867407,649.402692074,712.187836675,62.7851446008,62.7346542358,59.392393108,0.293362599166,93.470443564,0.487229093862,0.99981206368,85.320725903,0.000116609450961,0.299549448796,691.686405305,0.0422826102057,11.5231555359,0.286707849998,0.292572568954,0.302156680411,0.0528034137586,0.31007299303,0.31007299303,0.000251805658543,0.000649413830078,0.999534067228,85.320725903,-0.0167103938648,0.946108193101,0.5,WELL_CONSTRAINED,bin_1800_2099,1741,15,63.4499548957
fit,30,1950,1980,1965,177,10,"001,002,003,005,006,008,012,013,016,018",1890.63394323,2107.66116267,217.02721944,216.484564942,649.319699232,712.160440424,62.8407411918,62.7885993729,59.392393108,0.292413987476,95.5065653295,0.472320567022,0.999811061379,86.2691156573,0.000117143799439,0.299719310655,691.723986328,0.0419741481651,11.2526540185,0.282261775038,0.29227217717,0.303446510275,0.0724829008441,0.290376610947,0.290376610947,0.000250339561542,0.000634456541974,0.999530999087,86.2691156573,0.00203737652962,1.0070163245,0.5,WELL_CONSTRAINED,bin_1800_2099,1741,15,63.4499548957
fit,30,1980,2010,1995,192,10,"001,002,003,005,006,008,012,013,016,018",1890.14377775,2107.33123133,217.187453576,216.648666744,649.244617302,712.13163377,62.8870164682,62.8372961206,59.392393108,0.291155768336,98.1745741915,0.471441374084,0.999803486573,87.3703698262,0.000119709933261,0.300037464942,691.721623092,0.0447032612794,10.5460174625,0.2810701786,0.291155768336,0.301831728946,0.0713073639743,0.310034979326,0.310034979326,0.000251101298931,0.000669842357703,0.999517075364,87.3703698262,-0.0188792109893,0.939106190436,0.5,WELL_CONSTRAINED,bin_1800_2099,1741,15,63.4499548957
fit,30,2010,2040,2025,191,10,"001,002,003,005,006,008,012,013,016,018",1889.50926845,2106.87162157,217.362353124,216.794513472,649.161549055,712.102337782,62.9407887276,62.8881130582,59.392393108,0.29130597615,97.9648829376,0.473011584733,0.999813246822,88.4240215507,0.000116923900671,0.299805882459,691.739843791,0.0435750078947,10.855111854,0.281473748176,0.290892573606,0.301778793228,0.0698025556337,0.290454774595,0.290454774595,0.000250554441129,0.00066830196104,0.999526404022,88.4240215507,0.000851201554403,1.00293058207,0.5,WELL_CONSTRAINED,bin_1800_2099,1741,15,63.4499548957
fit,30,2040,2070,2055,182,10,"001,002,003,005,006,008,012,013,016,018",1888.77291402,2106.76178682,217.988872798,217.074793979,649.08001066,712.077558754,62.997548094,62.9282873708,59.392393108,0.292138230441,96.2891032222,0.514560982855,0.999806945775,90.7987921247,0.000119233219527,0.300273585248,692.32225012,0.0336005648869,15.3140575043,0.28808916219,0.291824974664,0.302857323601,0.050606228708,0.291464355204,0.291464355204,0.000250115775835,0.000676560553717,0.999525881456,90.7987921247,0.000673875237002,1.0023120331,0.5,WELL_CONSTRAINED,bin_1800_2099,1741,15,63.4499548957
fit,30,2070,2100,2085,161,10,"001,002,003,005,006,008,012,013,016,018",1888.42955717,2106.41318616,217.983628985,217.092664559,649.006820726,712.045380221,63.038559495,62.9939629311,59.392393108,0.290595385704,99.5507208985,0.474656138181,0.999819338603,92.5203846635,0.000115253116448,0.300395980725,692.714474049,0.047241879716,10.0473592718,0.287195340691,0.290457918002,0.303975852198,0.0577726082404,0.310084918506,0.310084918506,0.000248285585011,0.000666974786032,0.999531007116,92.5203846635,-0.0194895328021,0.937147756505,0.5,WELL_CONSTRAINED,bin_1800_2099,1741,15,63.4499548957
fit,30,2100,2130,2115,152,10,"001,002,003,005,006,008,012,013,016,018",1888.04562754,2105.9838402,217.938212668,217.690213857,648.931168999,712.019679912,63.088510913,63.0597938953,59.392393108,0.291220159181,98.3374519784,0.510646891335,0.999815894105,95.686876996,0.000116370228944,0.3008189407,693.463219024,0.0519068493766,9.83775546905,0.286939010758,0.291161517975,0.303744003566,0.0577170806246,0.31007774949,0.31007774949,0.000248773689646,0.000679758665307,0.999536270378,95.686876996,-0.0188575903092,0.939184316385,0.5,WELL_CONSTRAINED,bin_2100_2399,1165,10,71.7862047949
fit,30,2130,2160,2145,146,10,"001,002,003,005,006,008,012,013,016,018",1887.64227449,2105.53683779,217.894563299,217.56542614,648.841334216,711.990529421,63.1491952047,63.1103334843,59.392393108,0.290075195328,100.770897449,0.503494193468,0.999811784311,98.3339240301,0.000117193653003,0.301355226568,693.779096333,0.0596810765927,8.43641271596,0.282940704539,0.290075195328,0.302434344445,0.0672020228568,0.29414357493,0.29414357493,0.000247503238596,0.000690639768409,0.999527373443,98.3339240301,-0.00406837960183,0.986168728646,0.5,WELL_CONSTRAINED,bin_2100_2399,1165,10,71.7862047949
fit,30,2160,2190,2175,111,10,"001,002,003,005,006,008,012,013,016,018",1886.9722973,2105.45085387,218.478556572,217.857268676,648.765202468,711.964475414,63.1992729465,63.1460429217,59.392393108,0.290306184797,100.386042336,0.524583044726,0.999804934457,100.178275083,0.000120094265015,0.302113290754,694.239967186,0.0489347086984,10.7200606416,0.286273825419,0.289850521424,0.306750611291,0.070646020479,0.310054418001,0.310054418001,0.000247544253264,0.000698693549061,0.999521928159,100.178275083,-0.0197482332035,0.936307202681,0.5,WELL_CONSTRAINED,bin_2100_2399,1165,10,71.7862047949
fit,30,2190,2220,2205,95,9,"001,003,005,006,008,012,013,016,018",1884.04080692,2104.9420059,220.901198979,220.863953042,647.863903285,711.931964008,64.0680607229,64.0633626009,59.392393108,0.289939522611,101.371011218,0.454737206606,0.999893085852,135.394903548,0.000116092208783,0.308458057632,703.129427923,0.0625371715183,7.27147064004,0.286694730769,0.28982101756,0.310507445457,0.0821635190156,0.31012258451,0.31012258451,0.00024655841948,0.000631890962205,0.999722621134,135.394903548,-0.020183061899,0.934919083914,0.5,WELL_CONSTRAINED,bin_2100_2399,1165,10,71.7862047949
fit,30,2220,2250,2235,104,9,"001,003,005,006,008,012,013,016,018",1877.27150358,2104.79117315,227.519669564,227.207229846,646.288846104,711.909180673,65.6203345685,65.6015118155,59.392393108,0.288662609901,104.112385191,0.473130687313,0.999884924857,137.341264338,0.00012043803277,0.309028819593,703.161707743,0.0713200505891,6.6339084648,0.285315590679,0.288595359137,0.308299047749,0.0796390390301,0.310204477298,0.310204477298,0.000246148983801,0.000646199649359,0.999720675994,137.341264338,-0.0215418673968,0.930555910783,0.5,WELL_CONSTRAINED,bin_2100_2399,1165,10,71.7862047949
fit,30,2250,2280,2265,105,9,"001,003,005,006,008,012,013,016,018",1872.27851588,2104.48741755,232.208901665,231.916946833,644.96012929,711.881733277,66.921603987,66.8689846482,59.392393108,0.288309199811,104.937188164,0.465283623682,0.999898548603,138.56499912,0.000113884537186,0.307819237769,703.090786087,0.0579751544223,8.02556937223,0.285128919306,0.288286798325,0.309222772872,0.0835759865031,0.310106357501,0.310106357501,0.000246011961096,0.00066076274793,0.999718571519,138.56499912,-0.0217971576901,0.929710703561,0.5,WELL_CONSTRAINED,bin_2100_2399,1165,10,71.7862047949
fit,30,2280,2310,2295,135,9,"001,003,005,006,008,012,013,016,018",1867.29951621,2104.18755477,236.888038562,234.80189615,643.713705096,711.855880909,68.1421758129,67.6809317967,59.392393108,0.28827955854,105.039485408,0.459812477077,0.999900955319,139.339326094,0.000113819035345,0.307913955358,703.034924038,0.0582532468762,7.89333645306,0.284994007968,0.288246955865,0.311838699752,0.0931308769726,0.298744153632,0.298744153632,0.000245768433036,0.000639991678306,0.999732950738,139.339326094,-0.0104645950925,0.964971381146,0.5,WELL_CONSTRAINED,bin_2100_2399,1165,10,71.7862047949
fit,30,2310,2340,2325,109,9,"001,002,003,005,006,012,013,016,018",1862.59232804,2103.91439105,241.322063004,238.693217185,642.55394511,711.826882646,69.2729375358,68.700982784,59.392393108,0.287824406559,105.962531521,0.613405104315,0.999792372443,105.237240714,0.000118230113431,0.29905442364,690.39762704,0.0569397358315,10.7728828622,0.280307071117,0.287095421354,0.304258049618,0.0834251496882,0.290941874495,0.290941874495,0.000244498140564,0.00079109559185,0.999476172967,105.237240714,-0.00311746793633,0.989284911491,0.5,WELL_CONSTRAINED,bin_2100_2399,1165,10,71.7862047949
fit,30,2340,2370,2355,96,8,"001,002,003,005,012,013,016,018",1857.76489555,2103.45300324,245.688107693,243.017768294,641.351281174,711.798182889,70.4469017151,69.8561777784,59.392393108,0.287407665898,106.928885501,0.638733204969,0.999784875538,105.548949626,0.000115643178221,0.295722454526,686.298075477,0.0594004402833,10.7530045556,0.27675471591,0.287452963908,0.303271891743,0.0922487473171,0.263773507621,0.263773507621,0.000243912226609,0.00084522377872,0.999445375978,105.548949626,0.023634158277,1.08960019712,0.5,WELL_CONSTRAINED,bin_2100_2399,1165,10,71.7862047949
fit,30,2370,2400,2385,112,8,"001,002,003,005,012,013,016,018",1853.42495265,2103.2312769,249.806324246,247.622064883,640.233475117,711.772769854,71.5392947369,70.9894931452,59.392393108,0.287082316259,107.643527344,0.639971211809,0.999775342385,108.241765089,0.000117965760576,0.29640493156,686.781851031,0.0390080532266,16.4061305006,0.278218486571,0.286684844417,0.304087668158,0.0902356092061,0.263736271201,0.263736271201,0.000243379567468,0.000835155265825,0.999448575373,108.241765089,0.0233460450583,1.08852041834,0.5,WELL_CONSTRAINED,bin_2100_2399,1165,10,71.7862047949
fit,30,2400,2430,2415,131,6,"001,002,005,012,013,016",1848.63192414,2103.03927415,254.40735001,252.041453669,639.084872251,711.744707777,72.6598355269,72.093752279,59.392393108,0.284282206107,113.11378132,0.614683831656,0.999778070045,105.343240913,0.000117449810798,0.277761302871,664.166865059,0.0405824249219,15.1465525493,0.266628360695,0.284282206107,0.300803731169,0.120216354522,0.291076121041,0.291076121041,0.000239769864825,0.000816442795874,0.999455504744,105.343240913,-0.00679391493387,0.976659318842,0.5,WELL_CONSTRAINED,bin_2400_2699,790,7,75.6765188811
fit,30,2430,2460,2445,134,7,"001,002,003,005,012,013,016",1843.77783574,2102.81585106,259.03801532,256.227753265,637.894533663,711.717278933,73.8227452704,73.2404305018,59.392393108,0.28373428276,114.28898457,0.607865889934,0.999779429563,107.366304204,0.000113335408073,0.291729780923,681.173537574,0.0616417397035,9.86127083462,0.275114684858,0.284707406088,0.301392738041,0.0922984531524,0.291117575402,0.291117575402,0.000239224559198,0.000820759533669,0.999429495052,107.366304204,-0.00738329264141,0.974638107537,0.5,WELL_CONSTRAINED,bin_2400_2699,790,7,75.6765188811
fit,30,2460,2490,2475,124,7,"001,002,003,005,012,013,016",1839.35319003,2102.6435807,263.290390675,260.826789843,636.785659184,711.69043108,74.9047718958,74.3539872023,59.392393108,0.283715738997,114.373310047,0.600428358458,0.999784849156,109.454462813,0.000111522335811,0.291458903422,681.223913463,0.0668034738985,8.98798106473,0.274548291333,0.285070361242,0.301196876316,0.0934807282933,0.263601564104,0.263601564104,0.000238758550826,0.000829948503325,0.999427624406,109.454462813,0.0201141748936,1.0763052183,0.5,WELL_CONSTRAINED,bin_2400_2699,790,7,75.6765188811
fit,30,2490,2520,2505,113,7,"001,002,003,005,012,013,016",1836.55900526,2102.06584269,265.506837431,264.120927382,636.068188896,711.66157787,75.5933889739,75.2430288061,59.392393108,0.283940629219,113.907316434,0.62771301543,0.999769418407,111.198395231,0.000115171769348,0.291814562961,681.230626002,0.0602615961936,10.4164684489,0.274262931774,0.284880980663,0.300380176074,0.0916777393819,0.291261736608,0.291261736608,0.000239270746666,0.000831831517243,0.999426979501,111.198395231,-0.00732110738852,0.974864163505,0.5,WELL_CONSTRAINED,bin_2400_2699,790,7,75.6765188811
fit,30,2520,2550,2535,85,5,"002,005,012,013,016",1851.91412202,2101.84824176,249.934119733,248.448357354,640.128672485,711.63406332,71.5053908344,71.0835357245,59.392393108,0.285841082717,110.075734778,0.676688721112,0.999720436402,103.234032606,0.000122772175986,0.292033686664,681.198974857,0.00559743570504,120.892629549,0.273824880038,0.285841082717,0.302403668025,0.0999813872646,0.291354853203,0.291354853203,0.000242285616323,0.000862095617237,0.999365553882,103.234032606,-0.00551377048611,0.981075412249,0.5,WELL_CONSTRAINED,bin_2400_2699,790,7,75.6765188811
fit,30,2550,2580,2565,83,5,"002,005,012,013,016",1848.59036756,2101.68997704,253.099609475,251.325419486,639.368731245,711.604696484,72.2359652391,71.8765913833,59.392393108,0.285452375235,110.924400105,0.669091018362,0.999727094654,104.352679073,0.000119144752914,0.291827708086,681.25865124,0.0473900986419,14.1187935357,0.273983967226,0.285452375235,0.304216158779,0.105909756498,0.29142662345,0.29142662345,0.000241995001987,0.000878272044001,0.999355489891,104.352679073,-0.00597424821548,0.979499991645,0.5,WELL_CONSTRAINED,bin_2400_2699,790,7,75.6765188811
fit,30,2580,2610,2595,69,5,"002,005,012,013,016",1845.15054703,2101.3519785,256.201431461,254.393627478,638.553257565,711.576009769,73.0227522035,72.6362655688,59.392393108,0.285047526604,111.760685309,0.689295465434,0.999715921403,105.521601079,0.000119336267104,0.291741707921,681.298737393,0.0555229776275,12.4145983319,0.273480438507,0.285527064058,0.302253432561,0.100771512322,0.291495304588,0.291495304588,0.000241677769885,0.000905361840127,0.999331188156,105.521601079,-0.00644777798325,0.977880336727,0.5,WELL_CONSTRAINED,bin_2400_2699,790,7,75.6765188811
fit,30,2610,2640,2625,30,4,"005,012,013,016",1845.0678416,2101.10653868,256.03869708,256.03869708,638.500150583,711.538113323,73.0379627408,73.0379627408,59.392393108,0.285236442041,111.780219192,0.4421246737,0.999904632137,112.228986716,0.000116467589422,0.285355982135,673.320965725,0.0118885750586,37.1890383432,0.270679609613,0.285261421706,0.289239662782,0.0650633130069,0.308728995653,0.308728995653,0.000241695924885,0.000581404845408,0.999770520332,112.228986716,-0.0234925536129,0.923905580805,0.5,SPARSE_BUT_INFORMATIVE,bin_2400_2699,790,7,75.6765188811
fit,30,2640,2670,2655,17,3,"005,012,013",1879.13124972,2100.97695285,221.845703129,221.582042247,647.479141938,711.525267519,64.0461255805,64.0095307851,59.392393108,0.288875082727,104.605376455,0.462311028359,0.999921851066,124.538081661,0.000126298409071,0.30833411814,700.973521862,1.46769076393e-13,3.14992122129e+12,0.284611870726,0.288875082727,0.312597330141,0.0968773739514,0.308624149425,0.308624149425,0.000246699151213,0.000601026918823,0.999817971412,124.538081661,-0.0197490666975,0.936009328064,0.5,SPARSE_BUT_INFORMATIVE,bin_2400_2699,790,7,75.6765188811
fit,30,2670,2700,2685,4,1,005,1878.31813794,1879.00091,0.682772062512,0,647.415188021,647.467263281,0.0520752601752,0,0,,,,,,,,,,,,,,,0.263324186565,0.263324186565,,,,,,,0.5,SINGLE_FRAME_ONLY,bin_2400_2699,790,7,75.6765188811
fit,30,2700,2730,2715,8,1,005,1878.29944075,1879.11474842,0.81530767503,0,647.318654471,647.39458418,0.0759297084762,0,0,,,,,,,,,,,,,,,0.263330235508,0.263330235508,,,,,,,0.5,SINGLE_FRAME_ONLY,bin_2700_2999,9,1,0.0829267374357
fit,30,2730,2760,2745,1,1,005,1878.51487204,1878.51487204,0,0,647.311657442,647.311657442,0,0,0,,,,,,,,,,,,,,,0.263339531894,0.263339531894,,,,,,,0.5,SINGLE_FRAME_ONLY,bin_2700_2999,9,1,0.0829267374357
fit,30,2760,2790,2775,0,0,,,,,,,,,,,,,,,,,,,,,,,,,,,,,,,,,0.5,UNSUPPORTED,bin_2700_2999,9,1,0.0829267374357
fit,30,2790,2820,2805,0,0,,,,,,,,,,,,,,,,,,,,,,,,,,,,,,,,,0.5,UNSUPPORTED,bin_2700_2999,9,1,0.0829267374357
fit,30,2820,2850,2835,0,0,,,,,,,,,,,,,,,,,,,,,,,,,,,,,,,,,0.5,UNSUPPORTED,bin_2700_2999,9,1,0.0829267374357
fit,30,2850,2880,2865,0,0,,,,,,,,,,,,,,,,,,,,,,,,,,,,,,,,,0.5,UNSUPPORTED,bin_2700_2999,9,1,0.0829267374357
fit,30,2880,2910,2895,0,0,,,,,,,,,,,,,,,,,,,,,,,,,,,,,,,,,0.5,UNSUPPORTED,bin_2700_2999,9,1,0.0829267374357
fit,30,2910,2940,2925,0,0,,,,,,,,,,,,,,,,,,,,,,,,,,,,,,,,,0.5,UNSUPPORTED,bin_2700_2999,9,1,0.0829267374357
fit,30,2940,2970,2955,0,0,,,,,,,,,,,,,,,,,,,,,,,,,,,,,,,,,0.5,UNSUPPORTED,bin_2700_2999,9,1,0.0829267374357
fit,30,2970,3000,2985,0,0,,,,,,,,,,,,,,,,,,,,,,,,,,,,,,,,,0.5,UNSUPPORTED,bin_2700_2999,9,1,0.0829267374357
fit,60,0,60,30,0,0,,,,,,,,,,,,,,,,,,,,,,,,,,,,,,,,,0.5,UNSUPPORTED,bin_0000_0299,57,4,61.6084138863
fit,60,60,120,90,0,0,,,,,,,,,,,,,,,,,,,,,,,,,,,,,,,,,0.5,UNSUPPORTED,bin_0000_0299,57,4,61.6084138863
fit,60,120,180,150,0,0,,,,,,,,,,,,,,,,,,,,,,,,,,,,,,,,,0.5,UNSUPPORTED,bin_0000_0299,57,4,61.6084138863
fit,60,180,240,210,0,0,,,,,,,,,,,,,,,,,,,,,,,,,,,,,,,,,0.5,UNSUPPORTED,bin_0000_0299,57,4,61.6084138863
fit,60,240,300,270,57,4,"004,014,015,018",1919.05966744,2131.67127397,212.611606537,212.144481166,652.069477271,713.677891157,61.6084138861,61.5824214828,61.19059997,0.297909691879,78.4155921364,1.01302760668,0.99973062871,91.8948872715,0.000140573014183,0.306638942891,698.707940141,0.01530062595,66.2082459889,0.285857255658,0.290285286443,0.317003879972,0.107296600167,0.302022187343,0.302022187343,0.000260853181944,0.00133665539553,0.999465515854,91.8948872715,-0.00411249546366,0.986383465732,0.5,SPARSE_BUT_INFORMATIVE,bin_0000_0299,57,4,61.6084138863
fit,60,300,360,330,157,5,"004,007,014,015,018",1918.92966203,2131.10354481,212.17388278,211.454836756,651.951720242,713.651823806,61.7001035638,61.6142803454,61.19059997,0.304967179375,63.625270298,1.39125811116,0.999775101478,94.4553775832,0.000128371366871,0.310848860644,704.296244658,0.0593544791534,23.4398166912,0.286921701173,0.304967179375,0.31878700653,0.104487654775,0.311414291659,0.311414291659,0.000268805533528,0.00189057120493,0.999503488532,94.4553775832,-0.00644711228366,0.97929731404,0.5,WELL_CONSTRAINED,bin_0300_0599,1482,14,82.1026327068
fit,60,360,420,390,246,10,"003,004,007,009,010,011,014,015,017,018",1839.02246894,2130.31656217,291.294093233,289.844030667,631.549191099,713.599838282,82.0506471824,81.9394559907,61.19059997,0.293421359637,87.9935929319,1.27712996111,0.999486583496,96.2416147563,0.000116413337491,0.298996381224,690.759436159,0.0475571095819,26.8546590056,0.280460258123,0.293421359637,0.304784895205,0.0829000217013,0.310452775373,0.310452775373,0.000251860792964,0.00159065028138,0.99881526512,96.2416147563,-0.0170314157362,0.945140075763,0.5,WELL_CONSTRAINED,bin_0300_0599,1482,14,82.1026327068
fit,60,420,480,450,321,11,"003,004,005,007,009,010,011,014,015,017,018",1842.16352522,2129.39674675,287.233221539,283.498304402,632.226949581,713.54700358,81.3200539991,80.3872669372,61.19059997,0.28824852183,99.0512424746,0.827806586133,0.999552273028,98.6949691604,0.000115905571641,0.297613686326,689.190932737,0.0711004745053,11.6427716115,0.28016068267,0.287846357551,0.302264949882,0.0767918948167,0.299296642966,0.299296642966,0.000245748773053,0.00108103902837,0.998941010168,98.6949691604,-0.0110481211351,0.963086384713,0.5,WELL_CONSTRAINED,bin_0300_0599,1482,14,82.1026327068
fit,60,480,540,510,348,12,"003,004,005,007,009,010,011,014,015,016,017,018",1846.84870688,2128.29567451,281.446967623,275.039908128,633.673897822,713.494740833,79.8208430105,78.2554151811,61.19059997,0.288698996241,98.3343488481,0.771905966738,0.999564468658,90.5382370075,0.00012132670638,0.297800996863,688.419932342,0.0421465491728,18.3148082557,0.281190468811,0.28850439481,0.303141874616,0.0760869026619,0.298470178563,0.298470178563,0.000250553143225,0.00122527143951,0.999012256207,90.5382370075,-0.0097711823218,0.967262450243,0.5,WELL_CONSTRAINED,bin_0300_0599,1482,14,82.1026327068
fit,60,540,600,570,410,14,"003,004,005,007,008,009,010,011,013,014,015,016,017,018",1853.72092149,2127.46340302,273.74248153,271.205408832,635.584203488,713.442131165,77.8579276773,77.2626112893,63.593293018,0.294883640909,85.5905617986,1.0609228485,0.999548087195,92.7666980677,0.000121515539227,0.302091162195,693.713671518,0.0475888892645,22.2934988586,0.285731595426,0.294883640909,0.305583820615,0.0673222330254,0.305881549033,0.305881549033,0.000254009489202,0.00133792107566,0.998976372044,92.7666980677,-0.0109979081246,0.964045205867,0.5,WELL_CONSTRAINED,bin_0300_0599,1482,14,82.1026327068
fit,60,600,660,630,497,14,"003,004,005,007,008,009,010,011,013,014,015,016,017,018",1861.49577188,2126.67087109,265.175099203,262.780098557,637.991694542,713.429442634,75.437748092,75.0066618586,63.593293018,0.295776721707,83.9599718261,1.069816988,0.999550908602,88.9484087804,0.000124828797372,0.301005548646,692.285972307,0.0362569493119,29.5065362174,0.285401083986,0.294887166762,0.305955903595,0.0697040153846,0.296956458797,0.296956458797,0.000255272693356,0.00134479579524,0.999023087231,88.9484087804,-0.00117973708983,0.996027238826,0.5,WELL_CONSTRAINED,bin_0600_0899,2297,15,75.4377480922
fit,60,660,720,690,496,14,"003,004,005,007,008,009,010,011,013,014,015,016,017,018",1865.27455712,2125.7768826,260.502325475,257.34396999,638.855127279,713.373427353,74.518300074,73.6504580899,63.593293018,0.295272662492,85.2653085229,0.969609486512,0.999554753201,86.2409875728,0.000125967638056,0.30027397041,691.009389631,0.0397879519372,24.3694243936,0.285322574849,0.292985774249,0.304735900637,0.0662603016734,0.296187407527,0.296187407527,0.000254907090199,0.00127276598984,0.999038652915,86.2409875728,-0.0009147450346,0.996911600523,0.5,WELL_CONSTRAINED,bin_0600_0899,2297,15,75.4377480922
fit,60,720,780,750,445,14,"003,004,005,007,008,009,010,011,013,014,015,016,017,018",1870.71352707,2124.81601769,254.102490623,250.52078982,640.563645786,713.31393083,72.7502850438,71.8806851081,63.593293018,0.294612431704,86.8272728637,0.889786533943,0.999573552382,83.9258760181,0.000125273043494,0.29909777426,689.841255643,0.040944159012,21.7317086348,0.287041981363,0.294612431704,0.303610481405,0.0562382922761,0.295631922573,0.295631922573,0.000255733464737,0.00127022282401,0.999075619923,83.9258760181,-0.00101949086887,0.996551485848,0.5,WELL_CONSTRAINED,bin_0600_0899,2297,15,75.4377480922
fit,60,780,840,810,425,14,"003,004,005,007,008,009,010,011,013,014,015,016,017,018",1876.81883087,2123.95030396,247.131473095,243.594804485,642.337726775,713.2584155,70.9206887244,70.0540962689,63.593293018,0.294605406668,87.1176656472,0.84051287786,0.999580312514,82.3296118423,0.000127045528398,0.298507160154,689.121985951,0.045097653827,18.6376187348,0.287073069812,0.292073350768,0.304037454572,0.0580826176557,0.296021336702,0.296021336702,0.00025607484406,0.00123353247474,0.99910007741,82.3296118423,-0.00141593003418,0.995216797377,0.5,WELL_CONSTRAINED,bin_0600_0899,2297,15,75.4377480922
fit,60,840,900,870,434,15,"003,004,005,006,007,008,009,010,011,013,014,015,016,017,018",1882.77481719,2123.03836379,240.263546602,238.352850597,644.062768028,713.202803125,69.1400350964,68.65094103,63.593293018,0.29671294678,82.9131313918,0.915031999884,0.999628172105,79.625461217,0.000123102531265,0.298158111473,689.18666348,0.0359360108864,25.4628150792,0.287857203134,0.293325170577,0.304425275999,0.0564836383902,0.310966387457,0.310966387457,0.000257710306185,0.00124784551359,0.999170524529,79.625461217,-0.014253440677,0.954164047139,0.5,WELL_CONSTRAINED,bin_0600_0899,2297,15,75.4377480922
fit,60,900,960,930,475,15,"003,004,005,006,007,008,009,010,011,013,014,015,016,017,018",1889.07084618,2121.94824214,232.877395961,230.795701525,645.914251404,713.140380939,67.2261295357,66.7776500906,63.593293018,0.297561371216,81.4137928072,0.916044501275,0.999631214364,78.0398225999,0.000125315469578,0.296856283814,687.27685519,0.0427690925504,21.418375903,0.287705626725,0.294925146595,0.304439350251,0.0567388834737,0.296504439453,0.296504439453,0.000258171626641,0.00124550712406,0.999191819839,78.0398225999,0.00105693176324,1.0035646406,0.5,WELL_CONSTRAINED,bin_0900_1199,2457,18,67.2261295358
fit,60,960,1020,990,456,15,"003,004,005,006,007,008,009,010,011,013,014,015,016,017,018",1894.49509713,2121.03084001,226.535742875,224.538150087,647.684869736,713.085379771,65.4005100349,65.0882094249,63.593293018,0.296062725075,84.7737374296,0.791669483713,0.999659228638,77.5486977284,0.000122931293291,0.296140493268,686.702582142,0.0549256801794,14.4134670909,0.287008211867,0.296062725075,0.304626752699,0.059509486808,0.295667951433,0.295667951433,0.000256884966023,0.00111335524018,0.999236916501,77.5486977284,0.000394773642268,1.00133519254,0.5,WELL_CONSTRAINED,bin_0900_1199,2457,18,67.2261295358
fit,60,1020,1080,1050,466,15,"003,004,005,006,007,008,009,010,011,013,014,015,016,017,018",1900.85096322,2119.85187242,219.0009092,216.943552041,649.44076112,713.02828046,63.5875193397,63.0431404977,63.593293018,0.297265212106,82.5108598637,0.855983559003,0.999647238256,76.9726542921,0.000127901668454,0.296221170992,686.610657521,0.0389648870723,21.9680749341,0.288021463579,0.29665872986,0.303197497136,0.0511565378993,0.295570643668,0.295570643668,0.000256802714485,0.00106007434203,0.999256015014,76.9726542921,0.0016945684381,1.00573320955,0.5,WELL_CONSTRAINED,bin_0900_1199,2457,18,67.2261295358
fit,60,1080,1140,1110,529,17,"001,002,003,004,005,006,007,008,009,010,011,013,014,015,016,017,018",1902.90098428,2119.08185442,216.180870149,215.23646646,650.371987618,712.974014069,62.6020264515,62.5119713374,63.593293018,0.296516037354,84.2822443902,0.763547575233,0.999584290871,72.422899989,0.000132453477025,0.296130676216,686.480809372,0.0666039728313,11.4639944552,0.288098376453,0.295889919091,0.304293091692,0.0547322304487,0.302828643551,0.302828643551,0.000255227379176,0.00089764192838,0.999184646577,72.422899989,-0.0063126061971,0.979154527382,0.5,WELL_CONSTRAINED,bin_0900_1199,2457,18,67.2261295358
fit,60,1140,1200,1170,531,18,"001,002,003,004,005,006,007,008,009,010,011,012,013,014,015,016,017,018",1901.67135454,2118.00425618,216.332901641,215.518628481,650.247105138,712.923881708,62.6767765695,62.6120731272,63.593293018,0.29957309252,78.2346718363,0.864590633875,0.999621859884,72.4451275677,0.000129535126041,0.297889451172,688.346452288,0.0465629112225,18.5682254648,0.289314134065,0.298347099262,0.304225816131,0.0499809855773,0.295373303409,0.295373303409,0.000259380884657,0.00108948684854,0.999217603432,72.4451275677,0.00419978911082,1.01421858056,0.5,WELL_CONSTRAINED,bin_0900_1199,2457,18,67.2261295358
fit,60,1200,1260,1230,640,18,"001,002,003,004,005,006,007,008,009,010,011,012,013,014,015,016,017,018",1900.48523869,2117.11377266,216.62853398,215.532469845,650.126932094,712.872200244,62.7452681499,62.6618260494,63.593293018,0.299214496769,79.2024216764,0.827954836461,0.999633222848,72.1345736178,0.000128825169568,0.29696786004,687.488264001,0.0417350929016,19.8383369701,0.289186701022,0.297921957963,0.304057584621,0.0499153660919,0.295269935406,0.295269935406,0.000255680473112,0.00084265209244,0.999237386497,72.1345736178,0.0039445613623,1.01335917034,0.5,WELL_CONSTRAINED,bin_1200_1499,3048,18,63.2210504845
fit,60,1260,1320,1290,656,18,"001,002,003,004,005,006,007,008,009,010,011,012,013,014,015,016,017,018",1899.40490427,2116.11693846,216.712034186,215.921517114,650.007053342,712.819117529,62.8120641869,62.7322016406,63.593293018,0.297823603987,82.3327023206,0.71239304446,0.999660452117,72.2825489872,0.000125342233025,0.295620928243,686.025587866,0.0396513354135,17.9664325812,0.28954683484,0.298700745638,0.303136809545,0.0454969560782,0.295001988082,0.295001988082,0.000256092828871,0.000843694285532,0.999263796075,72.2825489872,0.00282161590499,1.00956473522,0.5,WELL_CONSTRAINED,bin_1200_1499,3048,18,63.2210504845
fit,60,1320,1380,1350,609,18,"001,002,003,004,005,006,007,008,009,010,011,012,013,014,015,016,017,018",1898.41741287,2115.49622756,217.078814696,216.001099437,649.88724637,712.7688525,62.8816061299,62.80066456,63.593293018,0.29657411268,85.1301790663,0.65493483879,0.999636487522,72.7746980782,0.000130354983908,0.294787746959,684.743983499,0.0727135080182,9.00705875208,0.289221368058,0.295056170424,0.303435269497,0.0481735441041,0.29514815058,0.29514815058,0.000253357440795,0.000731387564428,0.99926561619,72.7746980782,0.0014259621004,1.00483134351,0.5,WELL_CONSTRAINED,bin_1200_1499,3048,18,63.2210504845
fit,60,1380,1440,1410,600,18,"001,002,003,004,005,006,007,008,009,010,011,012,013,014,015,016,017,018",1897.28605195,2114.73309974,217.447047793,216.35402674,649.764304694,712.715665136,62.9513604417,62.8500760218,63.593293018,0.295241082721,88.0508760848,0.592754090353,0.999672186677,72.8445351786,0.000125751447779,0.294650840851,685.042418706,0.0479988796271,12.349331796,0.288286011623,0.295256464572,0.302179813337,0.0470567231563,0.295130997069,0.295130997069,0.00025452568189,0.000756297108784,0.999291481377,72.8445351786,0.000110085652056,1.00037300607,0.5,WELL_CONSTRAINED,bin_1200_1499,3048,18,63.2210504845
fit,60,1440,1500,1470,543,18,"001,002,003,004,005,006,007,008,009,010,011,012,013,014,015,016,017,018",1896.12574213,2114.16135933,218.035617202,216.872793399,649.65114976,712.667515302,63.0163655415,62.9417169656,63.593293018,0.295645074198,87.4258712909,0.614577226217,0.999669063998,73.1018563279,0.000127626998467,0.295281262244,685.64141249,0.0497877020107,12.3439564671,0.288348621945,0.294782577169,0.302514159502,0.0480541885907,0.310238557217,0.310238557217,0.000254924547424,0.00077937234923,0.999304976155,73.1018563279,-0.0145934830191,0.952960447115,0.5,WELL_CONSTRAINED,bin_1200_1499,3048,18,63.2210504845
fit,60,1500,1560,1530,618,18,"001,002,003,004,005,006,007,008,009,010,011,012,013,014,015,016,017,018",1895.5147837,2113.36899457,217.854210873,216.833086701,649.533248375,712.615726492,63.0824781169,62.9939086085,63.593293018,0.296244701831,86.3502581948,0.621993967291,0.999699044179,73.8436346133,0.00012408779513,0.295804441283,686.239662791,0.0430880315699,14.435423124,0.288918864375,0.29650010824,0.302973276299,0.0474010347137,0.295430854431,0.295430854431,0.000253961946614,0.000731420148967,0.999347510645,73.8436346133,0.000813847399772,1.00275478132,0.5,WELL_CONSTRAINED,bin_1500_1799,3056,18,63.5703803768
fit,60,1560,1620,1590,638,18,"001,002,003,004,005,006,007,008,009,010,011,012,013,014,015,016,017,018",1894.23912631,2112.64039339,218.401267082,217.207053993,649.409711067,712.566198093,63.1564870263,63.0502312058,63.593293018,0.295862012844,87.3244412448,0.610971655639,0.999695636922,74.6880936154,0.000125364249299,0.296485865166,686.810433406,0.0544985198755,11.2107935598,0.289005457848,0.29521509362,0.302974353772,0.0473176887828,0.296024879988,0.296024879988,0.000254774773846,0.000783316361455,0.999343284611,74.6880936154,-0.000162867144551,0.999449819405,0.5,WELL_CONSTRAINED,bin_1500_1799,3056,18,63.5703803768
fit,60,1620,1680,1650,669,18,"001,002,003,004,005,006,007,008,009,010,011,012,013,014,015,016,017,018",1893.26244576,2111.94099056,218.678544793,217.710025943,649.284318533,712.513575358,63.2292568249,63.1491736602,63.593293018,0.294954911085,89.3223731933,0.600549293982,0.999710783365,76.5086468219,0.00012413253168,0.296543919306,687.436518975,0.0595514036232,10.084553133,0.288134900158,0.294056330604,0.302847816378,0.0500343461045,0.295061348385,0.295061348385,0.00025434721831,0.000783897958178,0.999362706622,76.5086468219,-0.00010643730006,0.999639270611,0.5,WELL_CONSTRAINED,bin_1500_1799,3056,18,63.5703803768
fit,60,1680,1740,1710,645,18,"001,002,003,004,005,006,007,008,009,010,011,012,013,014,015,016,017,018",1892.41208764,2111.30993248,218.89784484,218.149972323,649.164810856,712.464154641,63.2993437854,63.2263968472,63.593293018,0.294698567604,90.0011130473,0.597706325415,0.999718425676,77.716610436,0.00012250817611,0.297012470425,687.986430527,0.0564604008464,10.5862926309,0.288026450736,0.294698567604,0.301674473837,0.0463118067115,0.290099210993,0.290099210993,0.000254145030598,0.000793716305034,0.999368907601,77.716610436,0.00459935661147,1.01585442648,0.5,WELL_CONSTRAINED,bin_1500_1799,3056,18,63.5703803768
fit,60,1740,1800,1770,486,16,"001,002,003,004,005,006,007,008,009,010,011,012,013,016,017,018",1891.52163475,2110.35589362,218.834258872,217.776479824,649.045346116,712.353780643,63.3084345269,63.2257070024,63.593293018,0.292374264008,94.9969213224,0.530418059291,0.999756295771,81.3215835305,0.00011908009128,0.297519966422,688.666910206,0.0568760924433,9.32585268265,0.286759898494,0.291797051584,0.303038537483,0.0557875376085,0.294965086909,0.294965086909,0.000251951506475,0.000745127580985,0.999425880271,81.3215835305,-0.00259082290065,0.991216509968,0.5,WELL_CONSTRAINED,bin_1500_1799,3056,18,63.5703803768
fit,60,1800,1860,1830,404,15,"001,002,003,004,005,006,008,009,010,011,012,013,016,017,018",1889.48690519,2109.45106942,219.964164235,217.867345295,648.848952821,712.298907717,63.4499548959,63.2723847405,63.593293018,0.292395385133,95.1191915198,0.564230040683,0.999748113641,82.0622539088,0.000120006150964,0.295383990674,685.86452863,0.0535071510828,10.5449464093,0.285608605118,0.291500742185,0.303349020482,0.0608589029013,0.294861144904,0.294861144904,0.000249999514129,0.000732404252569,0.999398292712,82.0622539088,-0.00246575977128,0.991637556138,0.5,WELL_CONSTRAINED,bin_1800_2099,1741,15,63.4499548957
fit,60,1860,1920,1890,301,12,"001,002,003,005,006,008,010,011,012,013,016,018",1891.56369069,2108.65034715,217.086656459,216.083170954,649.485268388,712.241564406,62.7562960182,62.6556966677,59.392393108,0.293543514696,92.93530069,0.542211923771,0.999703618434,73.4502875344,0.000126076797312,0.298498377393,689.609697697,0.0600374469413,9.03122886457,0.286571129515,0.292924080743,0.304213439301,0.060228267137,0.294854565692,0.294854565692,0.00025324976864,0.000710251294376,0.999350569102,73.4502875344,-0.00131105099688,0.995553567252,0.5,WELL_CONSTRAINED,bin_1800_2099,1741,15,63.4499548957
fit,60,1920,1980,1950,310,10,"001,002,003,005,006,008,012,013,016,018",1890.63394323,2108.10841173,217.474468497,216.389022427,649.319699232,712.187836675,62.8681374426,62.7605337635,59.392393108,0.293249909883,93.7429173052,0.522431024171,0.999776018569,85.9372183409,0.000127650608414,0.300627897277,691.652521668,0.0469935560779,11.1170779097,0.287476605329,0.292495837173,0.30348744464,0.0547386912088,0.290376695059,0.290376695059,0.000251562317306,0.000654556612667,0.9995249934,85.9372183409,0.0028732148243,1.00989478451,0.5,WELL_CONSTRAINED,bin_1800_2099,1741,15,63.4499548957
fit,60,1980,2040,2010,383,10,"001,002,003,005,006,008,012,013,016,018",1889.50926845,2107.33123133,217.821962875,216.700253148,649.161549055,712.13163377,62.9700847153,62.8663802919,59.392393108,0.291448374694,97.6300798652,0.472198386703,0.999810898872,87.9209076036,0.000117386412746,0.299733703821,691.733605256,0.0488071603768,9.67477687818,0.281067808927,0.291104682929,0.301783123769,0.071161049811,0.290965018154,0.290965018154,0.000250864250228,0.000669925593983,0.999522158809,87.9209076036,0.000483356539891,1.00166121874,0.5,WELL_CONSTRAINED,bin_1800_2099,1741,15,63.4499548957
fit,60,2040,2100,2070,343,10,"001,002,003,005,006,008,012,013,016,018",1888.42955717,2106.76178682,218.33222965,217.159303958,649.006820726,712.077558754,63.0707380276,62.9582377797,59.392393108,0.291959961438,96.691053336,0.50246631367,0.999812955094,91.6421520685,0.000117278369814,0.300457748749,692.607971238,0.0440326638492,11.4112177131,0.287192862612,0.29081694055,0.305790735807,0.0639504464891,0.310059674331,0.310059674331,0.000249898720896,0.000674584605659,0.999528767008,91.6421520685,-0.0180997128937,0.941625066424,0.5,WELL_CONSTRAINED,bin_1800_2099,1741,15,63.4499548957
fit,60,2100,2160,2130,298,10,"001,002,003,005,006,008,012,013,016,018",1887.64227449,2105.9838402,218.341565715,217.698431467,648.841334216,712.019679912,63.1783456953,63.0968446713,59.392393108,0.291309346671,98.1626900583,0.509138598859,0.999819196476,96.5289581475,0.000115653696052,0.301087111999,693.670213553,0.049879254589,10.2074219644,0.286466722119,0.289870666885,0.303943948649,0.0602931877111,0.294265530833,0.294265530833,0.000248716569627,0.000679949552792,0.999537649445,96.5289581475,-0.00295618416196,0.989954025014,0.5,WELL_CONSTRAINED,bin_2100_2399,1165,10,71.7862047949
fit,60,2160,2220,2190,206,10,"001,002,003,005,006,008,012,013,016,018",1884.04080692,2105.45085387,221.410046943,217.940932535,647.863903285,711.964475414,64.1005721296,63.1737697009,59.392393108,0.289967285236,101.12128346,0.53576206203,0.999797197635,101.400655814,0.000122596132953,0.302575809699,694.507490677,0.0517026072947,10.3623799662,0.28570030145,0.289866474214,0.304421189852,0.0645845244869,0.310089913823,0.310089913823,0.000247380700098,0.000703746695251,0.999517278017,101.400655814,-0.0201226285863,0.935107116713,0.5,WELL_CONSTRAINED,bin_2100_2399,1165,10,71.7862047949
fit,60,2220,2280,2250,209,9,"001,003,005,006,008,012,013,016,018",1872.27851588,2104.79117315,232.512657264,231.606655251,644.96012929,711.909180673,66.9490513825,66.780769301,59.392393108,0.2888804091,103.699746971,0.471737522734,0.999892393421,138.139538628,0.000116441513422,0.30817541506,703.067249713,0.0517769827788,9.11095041496,0.285395104354,0.288337004948,0.311472762088,0.0904415919105,0.310123359575,0.310123359575,0.000246120613003,0.000668034188546,0.999711583079,138.139538628,-0.0212429504747,0.931501611153,0.5,WELL_CONSTRAINED,bin_2100_2399,1165,10,71.7862047949
fit,60,2280,2340,2310,244,10,"001,002,003,005,006,008,012,013,016,018",1862.59232804,2104.18755477,241.595226725,236.981902103,642.55394511,711.855880909,69.3019357981,68.2479473903,59.392393108,0.289484303534,102.374972015,0.569391034946,0.999812459465,113.046827888,0.000115975241409,0.303489519737,696.420203897,0.0637616052684,8.92999843008,0.284917713697,0.288455234994,0.305120423089,0.0700375896889,0.298729354265,0.298729354265,0.000246159314466,0.000757383087251,0.999521038028,113.046827888,-0.00924505073101,0.969052084775,0.5,WELL_CONSTRAINED,bin_2100_2399,1165,10,71.7862047949
fit,60,2340,2400,2370,208,8,"001,002,003,005,012,013,016,018",1853.42495265,2103.45300324,250.028050585,245.375559644,640.233475117,711.798182889,71.5647077725,70.4014050305,59.392393108,0.28696063886,107.833539758,0.610890190841,0.999794563734,107.510407085,0.000113532200858,0.29577989236,686.761238871,0.0420724717088,14.5199501249,0.278618339638,0.286912865864,0.303770548852,0.087664975004,0.263766433682,0.263766433682,0.000243463475379,0.000814802755741,0.999479314897,107.510407085,0.023194205178,1.08793463541,0.5,WELL_CONSTRAINED,bin_2100_2399,1165,10,71.7862047949
fit,60,2400,2460,2430,265,7,"001,002,003,005,012,013,016",1843.77783574,2103.03927415,259.261438412,254.396175274,637.894533663,711.744707777,73.8501741145,72.6811999394,59.392393108,0.284011760367,113.690367264,0.607857683225,0.999773086358,106.469394213,0.000115949185147,0.291798353061,681.143875923,0.05391013401,11.2753880952,0.273587892574,0.284011760367,0.301157067281,0.0970705391619,0.291083362465,0.291083362465,0.000239468101577,0.000819004489248,0.99942529295,106.469394213,-0.00707160209816,0.975705921361,0.5,WELL_CONSTRAINED,bin_2400_2699,790,7,75.6765188811
fit,60,2460,2520,2490,237,7,"001,002,003,005,012,013,016",1836.55900526,2102.6435807,266.084575443,262.073091445,636.068188896,711.69043108,75.6222421839,74.7020244716,59.392393108,0.283991160285,113.811156116,0.624957906057,0.999766055308,110.167928552,0.000116167633705,0.292019248304,681.215786175,0.0535557964351,11.6692860093,0.274713485774,0.283991160285,0.300963592804,0.0924328313728,0.291198131758,0.291198131758,0.000238776988817,0.000845756121726,0.99940501615,110.167928552,-0.00720697147298,0.975250625993,0.5,WELL_CONSTRAINED,bin_2400_2699,790,7,75.6765188811
fit,60,2520,2580,2550,168,5,"002,005,012,013,016",1848.59036756,2101.84824176,253.257874197,249.686677742,639.368731245,711.63406332,72.2653320748,71.4561230449,59.392393108,0.285756623806,110.280246954,0.662960821483,0.999730754595,103.702737507,0.000119576864881,0.29195144816,681.232061937,0.0300920694996,22.0310810292,0.274160188664,0.286183162398,0.304200643896,0.104969331462,0.291391595733,0.291391595733,0.000242116270226,0.000865282275527,0.999364248349,103.702737507,-0.00563497192693,0.980661858443,0.5,WELL_CONSTRAINED,bin_2400_2699,790,7,75.6765188811
fit,60,2580,2640,2610,99,5,"002,005,012,013,016",1845.0678416,2101.3519785,256.284136892,254.478470379,638.500150583,711.576009769,73.0758591862,72.6571633573,59.392393108,0.285227931315,111.398872995,0.693564733358,0.999713975152,105.537050139,0.000119759089577,0.291920308496,681.30760179,0.0450423708574,15.3980512161,0.273431125796,0.284941872983,0.304315155968,0.108387124181,0.291502870006,0.291502870006,0.000241688321917,0.00090471954423,0.999327177783,105.537050139,-0.00627493869041,0.978473835643,0.5,WELL_CONSTRAINED,bin_2400_2699,790,7,75.6765188811
fit,60,2640,2700,2670,21,3,"005,012,013",1878.31813794,2100.97695285,222.658814914,221.840047573,647.415188021,711.525267519,64.110079498,64.0262786759,59.392393108,0.288614609383,105.152624948,0.467387263229,0.999920181157,124.71569028,0.000127510029947,0.308293219789,700.973521862,2.36658024672e-13,1.97494787628e+12,0.284310499031,0.288614609383,0.312597330141,0.0980090064395,0.263431736043,0.263431736043,0.000246580573224,0.000603337826027,0.999816861546,124.71569028,0.0251828733404,1.09559544237,0.5,SPARSE_BUT_INFORMATIVE,bin_2400_2699,790,7,75.6765188811
fit,60,2700,2760,2730,9,1,005,1878.29944075,1879.11474842,0.81530767503,0,647.311657442,647.39458418,0.082926737436,0,0,,,,,,,,,,,,,,,0.263332555153,0.263332555153,,,,,,,0.5,SINGLE_FRAME_ONLY,bin_2700_2999,9,1,0.0829267374357
fit,60,2760,2820,2790,0,0,,,,,,,,,,,,,,,,,,,,,,,,,,,,,,,,,0.5,UNSUPPORTED,bin_2700_2999,9,1,0.0829267374357
fit,60,2820,2880,2850,0,0,,,,,,,,,,,,,,,,,,,,,,,,,,,,,,,,,0.5,UNSUPPORTED,bin_2700_2999,9,1,0.0829267374357
fit,60,2880,2940,2910,0,0,,,,,,,,,,,,,,,,,,,,,,,,,,,,,,,,,0.5,UNSUPPORTED,bin_2700_2999,9,1,0.0829267374357
fit,60,2940,3000,2970,0,0,,,,,,,,,,,,,,,,,,,,,,,,,,,,,,,,,0.5,UNSUPPORTED,bin_2700_2999,9,1,0.0829267374357
fit,100,0,100,50,0,0,,,,,,,,,,,,,,,,,,,,,,,,,,,,,,,,,0.5,UNSUPPORTED,bin_0000_0299,57,4,61.6084138863
fit,100,100,200,150,0,0,,,,,,,,,,,,,,,,,,,,,,,,,,,,,,,,,0.5,UNSUPPORTED,bin_0000_0299,57,4,61.6084138863
fit,100,200,300,250,57,4,"004,014,015,018",1919.05966744,2131.67127397,212.611606537,212.144481166,652.069477271,713.677891157,61.6084138861,61.5824214828,61.19059997,0.297909691879,78.4155921364,1.01302760668,0.99973062871,91.8948872715,0.000140573014183,0.306638942891,698.707940141,0.01530062595,66.2082459889,0.281158602957,0.290285286443,0.310836533644,0.102237116634,0.302022187343,0.302022187343,0.000260853181944,0.00133665539553,0.999465515854,91.8948872715,-0.00411249546366,0.986383465732,0.5,SPARSE_BUT_INFORMATIVE,bin_0000_0299,57,4,61.6084138863
fit,100,300,400,350,299,8,"004,007,009,011,014,015,017,018",1918.01566818,2131.10354481,213.087876621,211.392792895,651.869513875,713.651823806,61.7823099314,61.6405520911,61.19059997,0.29339095228,88.0031744561,0.473868502928,0.999765595128,79.2872713625,0.000120972596662,0.304773329075,697.707590566,0.0684912049751,6.91867668412,0.287454731987,0.293348758738,0.308781797475,0.0727020819167,0.311411750775,0.311411750775,0.000255152465208,0.000738930460639,0.999482979875,79.2872713625,-0.0180207984946,0.942131925177,0.5,WELL_CONSTRAINED,bin_0300_0599,1482,14,82.1026327068
fit,100,400,500,450,539,11,"003,004,005,007,009,010,011,014,015,017,018",1839.02246894,2129.5698798,290.547410859,286.512612578,631.549191099,713.565223197,82.0160320972,81.2679360684,61.19059997,0.288075859504,99.4150220342,0.817077081164,0.999565330681,99.493173657,0.000111794760636,0.297413498043,689.258004884,0.0864335516813,9.45323968841,0.280583057597,0.288075859504,0.303269024732,0.0787499763911,0.299204276926,0.299204276926,0.000245540902025,0.00108938563123,0.998937610073,99.493173657,-0.0111284174225,0.962806623164,0.5,WELL_CONSTRAINED,bin_0300_0599,1482,14,82.1026327068
fit,100,500,600,550,644,14,"003,004,005,007,008,009,010,011,013,014,015,016,017,018",1852.72897644,2127.96165813,275.232681695,272.06475388,635.214720331,713.475795597,78.2610752658,77.4239833194,63.593293018,0.294880240356,85.5485334782,1.07962686891,0.999529008819,93.7144442231,0.000124406653502,0.302772293134,694.09296774,0.0670355499639,16.1052884551,0.28579394238,0.293895970264,0.304306251375,0.0629893257078,0.298520639108,0.298520639108,0.00025390575393,0.0013545475627,0.99895397707,93.7144442231,-0.00364039875222,0.987805202471,0.5,WELL_CONSTRAINED,bin_0300_0599,1482,14,82.1026327068
fit,100,600,700,650,837,14,"003,004,005,007,008,009,010,011,013,014,015,016,017,018",1861.49577188,2126.67087109,265.175099203,260.46508945,637.991694542,713.429442634,75.437748092,74.3977496531,63.593293018,0.294440546754,86.8528503698,0.962483190136,0.99953337496,88.0538115552,0.00012812297373,0.301085256866,691.940476637,0.0531906096643,18.094983235,0.285428499417,0.293765061787,0.305201462846,0.0673087647284,0.296842379242,0.296842379242,0.000254572991228,0.00128776505143,0.99902292661,88.0538115552,-0.00240183248772,0.991908727811,0.5,WELL_CONSTRAINED,bin_0600_0899,2297,15,75.4377480922
fit,100,700,800,750,740,14,"003,004,005,007,008,009,010,011,013,014,015,016,017,018",1869.22347556,2125.13350588,255.910030321,250.176801146,640.012625634,713.333278048,73.3206524137,71.8238047705,63.593293018,0.293855122606,88.4142208592,0.840016828405,0.999573923742,84.4975397487,0.000126069711246,0.299608192849,690.378198307,0.0457364140566,18.3664776903,0.286995708125,0.293690412415,0.304461148961,0.05946888321,0.296037783635,0.296037783635,0.000255949909927,0.00128573778698,0.999073641613,84.4975397487,-0.0021826610288,0.992627086306,0.5,WELL_CONSTRAINED,bin_0600_0899,2297,15,75.4377480922
fit,100,800,900,850,720,15,"003,004,005,006,007,008,009,010,011,013,014,015,016,017,018",1879.15390444,2123.82151468,244.667610241,240.268064106,642.921499693,713.241472476,70.3199727827,69.2275192448,63.593293018,0.297948819219,80.2384352669,1.0138960517,0.999620633084,80.1353054757,0.000123497736715,0.298776910455,689.625377685,0.0429317662881,23.6164532552,0.288086522788,0.297890821777,0.304382656807,0.0547050557701,0.299910697408,0.299910697408,0.000257652970384,0.00125475409338,0.999159807223,80.1353054757,-0.00196187818914,0.993458458781,0.5,WELL_CONSTRAINED,bin_0600_0899,2297,15,75.4377480922
fit,100,900,1000,950,788,15,"003,004,005,006,007,008,009,010,011,013,014,015,016,017,018",1889.07084618,2121.94824214,232.877395961,226.67337981,645.914251404,713.140380939,67.2261295357,65.4122635282,63.593293018,0.296058793399,84.6642144236,0.824443135442,0.999624773124,77.6686623647,0.000128177337052,0.296068999492,686.690400275,0.0629552024346,13.0957109748,0.287599486364,0.296058793399,0.302737952462,0.0511333101249,0.296138459382,0.296138459382,0.000257440757246,0.00117384578171,0.999216409935,77.6686623647,-7.96659826167e-05,0.999730984004,0.5,WELL_CONSTRAINED,bin_0900_1199,2457,18,67.2261295358
fit,100,1000,1100,1050,788,17,"001,002,003,004,005,006,007,008,009,010,011,013,014,015,016,017,018",1899.96973065,2120.56017837,220.590447714,214.899190904,649.202304792,713.046845789,63.8445409969,62.451241448,63.593293018,0.298232641992,80.487975137,0.898165315088,0.999573509741,72.3754819088,0.000132235140351,0.296123672405,686.623949873,0.0732262947379,12.2656119404,0.288913990584,0.298306151975,0.302917905163,0.0469447729655,0.295578721046,0.295578721046,0.000257574605721,0.00104711398811,0.999162167784,72.3754819088,0.00265392094618,1.00897872802,0.5,WELL_CONSTRAINED,bin_0900_1199,2457,18,67.2261295358
fit,100,1100,1200,1150,881,18,"001,002,003,004,005,006,007,008,009,010,011,012,013,014,015,016,017,018",1901.67135454,2118.69020367,217.018849129,215.729319585,650.247105138,712.957842535,62.7107373971,62.6156180562,63.593293018,0.299161309757,78.9920920329,0.852796777618,0.999607994943,72.292153269,0.000129383010018,0.297982106043,688.452589388,0.0833782584693,10.2280473744,0.290041559137,0.299098969588,0.303452400085,0.0448374695744,0.295451363723,0.295451363723,0.000259224332867,0.00109158768138,0.999191618941,72.292153269,0.00370994603449,1.01255687565,0.5,WELL_CONSTRAINED,bin_0900_1199,2457,18,67.2261295358
fit,100,1200,1300,1250,1083,18,"001,002,003,004,005,006,007,008,009,010,011,012,013,014,015,016,017,018",1899.75654542,2117.11377266,217.35722724,215.666637093,650.047428751,712.872200244,62.824771493,62.6847564565,63.593293018,0.298168905438,81.4739688245,0.753132312067,0.999638102791,72.202075053,0.000128177281544,0.295915934492,686.306918098,0.0430585855299,17.4908744168,0.28914999009,0.297698152542,0.30335280644,0.0477087822968,0.295202969367,0.295202969367,0.000256706492209,0.0008819629121,0.999250560642,72.202075053,0.00296593607087,1.01004710785,0.5,WELL_CONSTRAINED,bin_1200_1499,3048,18,63.2210504845
fit,100,1300,1400,1350,1029,18,"001,002,003,004,005,006,007,008,009,010,011,012,013,014,015,016,017,018",1898.04650983,2115.87762412,217.83111429,216.014634549,649.849244938,712.787180231,62.9379352935,62.8015078085,63.593293018,0.29751340427,83.1627118305,0.707549204978,0.999631027432,72.7666648395,0.000131248260694,0.294735348178,684.739895917,0.064342724031,10.9965690081,0.288995680005,0.296541443634,0.303069504493,0.0474598906483,0.295131346521,0.295131346521,0.00025516005823,0.000797984589472,0.999249545668,72.7666648395,0.00238205774846,1.0080711784,0.5,WELL_CONSTRAINED,bin_1200_1499,3048,18,63.2210504845
fit,100,1400,1500,1450,936,18,"001,002,003,004,005,006,007,008,009,010,011,012,013,014,015,016,017,018",1896.12574213,2114.55527628,218.429534148,216.656634743,649.65114976,712.69771347,63.0465637099,62.9066626244,63.593293018,0.296849885897,84.8480138026,0.65029643269,0.999674158674,72.7484236546,0.000125755302792,0.295150012956,685.439075553,0.0548724952724,11.8510454001,0.288861457612,0.296849885897,0.302968581376,0.0475227528583,0.310221136749,0.310221136749,0.000254274461491,0.000744238362098,0.99929502541,72.7484236546,-0.013371250852,0.956897679532,0.5,WELL_CONSTRAINED,bin_1200_1499,3048,18,63.2210504845
fit,100,1500,1600,1550,1048,18,"001,002,003,004,005,006,007,008,009,010,011,012,013,014,015,016,017,018",1894.38582268,2113.36899457,218.98317189,217.036222718,649.455886713,712.615726492,63.1598397796,63.0394986052,63.593293018,0.296229039817,86.4283238743,0.619802120525,0.999707062538,74.1087086492,0.000122699262093,0.295863726314,686.423953967,0.0390956963643,15.8534615869,0.289025843982,0.296229039817,0.302263361035,0.044686763531,0.295497017174,0.295497017174,0.000254454810905,0.000761436962525,0.99934637125,74.1087086492,0.000732022642852,1.00247725899,0.5,WELL_CONSTRAINED,bin_1500_1799,3056,18,63.5703803768
fit,100,1600,1700,1650,1096,18,"001,002,003,004,005,006,007,008,009,010,011,012,013,014,015,016,017,018",1893.12013448,2112.13472973,219.014595249,217.872765789,649.249083788,712.531428628,63.2823448397,63.1643712591,63.593293018,0.294974277361,89.2829505426,0.600342414102,0.999709250228,76.6197464605,0.000125121335429,0.296621326864,687.361103236,0.041171997326,14.581328405,0.288150444784,0.294878647887,0.302454598632,0.0485086117624,0.29505918354,0.29505918354,0.000254373155987,0.000786025091791,0.999366483975,76.6197464605,-8.49061788702e-05,0.999712240176,0.5,WELL_CONSTRAINED,bin_1500_1799,3056,18,63.5703803768
fit,100,1700,1800,1750,912,18,"001,002,003,004,005,006,007,008,009,010,011,012,013,014,015,016,017,018",1891.52163475,2111.19381678,219.672182025,218.813017642,649.045346116,712.4486416,63.4032954847,63.2989911313,63.593293018,0.295589516843,88.2402038048,0.668004877724,0.999698147646,78.805151528,0.000126151837498,0.297661496793,688.397416653,0.0725424443189,9.20846938639,0.28892107051,0.294766175515,0.302119824617,0.0447770307577,0.294940444374,0.294940444374,0.000254862315836,0.000860243976003,0.999348707524,78.805151528,0.000649072468813,1.00220068994,0.5,WELL_CONSTRAINED,bin_1500_1799,3056,18,63.5703803768
fit,100,1800,1900,1850,613,15,"001,002,003,004,005,006,008,009,010,011,012,013,016,017,018",1889.48690519,2109.45106942,219.964164235,217.554778609,648.848952821,712.298907717,63.4499548959,63.2534976246,63.593293018,0.291171093463,97.7565974431,0.531532580499,0.999763098043,82.7495242902,0.000118132848639,0.295211713217,685.84521991,0.0767518757713,6.92533667949,0.285198493706,0.290884565676,0.301743441046,0.0568780516136,0.294860821509,0.294860821509,0.000249702680243,0.000713155596946,0.99943531498,82.7495242902,-0.00368972804651,0.987486543558,0.5,WELL_CONSTRAINED,bin_1800_2099,1741,15,63.4499548957
fit,100,1900,2000,1950,531,11,"001,002,003,005,006,008,010,012,013,016,018",1890.290232,2108.35321637,218.062984373,216.389022427,649.266529384,712.206422044,62.9398926603,62.7605337635,59.392393108,0.2927902463,94.657839702,0.54948543384,0.999716550209,76.206640209,0.000128401849479,0.295658804938,685.878661901,0.0723050802921,7.59954116115,0.281571795751,0.292139674833,0.305237612046,0.0810085665662,0.290388033832,0.290388033832,0.000251271481165,0.000703661993549,0.999366969667,76.206640209,0.00240221246817,1.00827242237,0.5,WELL_CONSTRAINED,bin_1800_2099,1741,15,63.4499548957
fit,100,2000,2100,2050,597,10,"001,002,003,005,006,008,012,013,016,018",1888.42955717,2107.06317327,218.633616094,217.070543918,649.006820726,712.112500835,63.1056801088,62.9220830264,59.392393108,0.291902698138,96.7752986036,0.487985920906,0.999815088586,90.425752121,0.000116723691884,0.300334656077,692.461276203,0.0325762436802,14.979809388,0.28613592471,0.291902698138,0.303507740881,0.0595123521671,0.310048122959,0.310048122959,0.000249867659128,0.000650929167906,0.999550765891,90.425752121,-0.0181454248212,0.941475456623,0.5,WELL_CONSTRAINED,bin_1800_2099,1741,15,63.4499548957
fit,100,2100,2200,2150,442,10,"001,002,003,005,006,008,012,013,016,018",1886.26834378,2105.9838402,219.715496428,217.67577349,648.730510205,712.019679912,63.2891697065,63.1206730087,59.392393108,0.291232497843,98.3462265638,0.511658012201,0.999817399614,97.5485153302,0.000116317817745,0.301470988159,693.998395675,0.0612184233313,8.35790901427,0.286747085981,0.290669852537,0.304403493635,0.060743855961,0.310028292047,0.310028292047,0.000248730444442,0.000680271726681,0.999539057559,97.5485153302,-0.0187957942036,0.939373938812,0.5,WELL_CONSTRAINED,bin_2100_2399,1165,10,71.7862047949
fit,100,2200,2300,2250,363,9,"001,003,005,006,008,012,013,016,018",1868.79114499,2104.90475997,236.113614976,234.276273371,644.066885433,711.927265886,67.8603804525,67.4359102907,59.392393108,0.288073475257,105.373882513,0.474646541243,0.999885453058,138.943798608,0.00011886890756,0.308452350438,703.064888137,0.0535631822849,8.86143281625,0.284261924725,0.287921096934,0.311246410897,0.0937218094118,0.310106570218,0.310106570218,0.000245328667154,0.000635790670749,0.999695562826,138.943798608,-0.0220330949611,0.928949925358,0.5,WELL_CONSTRAINED,bin_2100_2399,1165,10,71.7862047949
fit,100,2300,2400,2350,360,9,"001,002,003,005,006,012,013,016,018",1853.42495265,2103.91439105,250.489438394,242.562945464,640.233475117,711.836057893,71.6025827766,69.6659448048,59.392393108,0.287246059397,107.096575089,0.586489840536,0.999793355194,106.964485283,0.000115652224812,0.298591383055,690.395143006,0.0721586944396,8.12777788027,0.278735487991,0.287265240884,0.305006360922,0.091451624462,0.263842563496,0.263842563496,0.000243839492454,0.000770243751281,0.999482397724,106.964485283,0.0234034959015,1.08870250346,0.5,WELL_CONSTRAINED,bin_2100_2399,1165,10,71.7862047949
fit,100,2400,2500,2450,431,7,"001,002,003,005,012,013,016",1837.69748645,2103.03927415,265.341787697,257.240479176,636.370984454,711.744707777,75.3737233235,73.4381623478,59.392393108,0.283615236783,114.537594402,0.609621058664,0.999778119473,107.762460237,0.000114285384069,0.291670444177,681.173374755,0.0555471897833,10.9748316889,0.274894948404,0.284549854339,0.300904447506,0.0914057719778,0.263718984136,0.263718984136,0.000239136594558,0.000815910989538,0.999438715727,107.762460237,0.0198962526477,1.07544490099,0.5,WELL_CONSTRAINED,bin_2400_2699,790,7,75.6765188811
fit,100,2500,2600,2550,291,7,"001,002,003,005,012,013,016",1836.55900526,2102.01627927,265.457274007,264.522967215,636.068188896,711.651457356,75.5832684597,75.4204615576,59.392393108,0.283646028171,114.564702764,0.622006185385,0.999775435989,112.508465925,0.000113472933416,0.291906242471,681.276492184,0.0668291333989,9.30741061196,0.273511114371,0.283646028171,0.300571680381,0.0954025909863,0.291381644587,0.291381644587,0.000238736089486,0.000839429796322,0.999425005235,112.508465925,-0.0077356164159,0.97345194332,0.5,WELL_CONSTRAINED,bin_2400_2699,790,7,75.6765188811
fit,100,2600,2700,2650,68,4,"005,012,013,016",1845.0678416,2101.10653868,256.03869708,255.490623943,638.500150583,711.538113323,73.0379627408,72.8974825811,59.392393108,0.285041002574,112.184947124,0.424061581687,0.999912157981,112.1721015,0.00011310052856,0.285167289977,673.319415625,0.0337632525014,12.5598557683,0.261997127989,0.285323513858,0.312235606057,0.176075491952,0.308709462797,0.308709462797,0.000241600439867,0.000563943352742,0.999784065491,112.1721015,-0.0236684602231,0.92333095329,0.5,SPARSE_BUT_INFORMATIVE,bin_2400_2699,790,7,75.6765188811
fit,100,2700,2800,2750,9,1,005,1878.29944075,1879.11474842,0.81530767503,0,647.311657442,647.39458418,0.082926737436,0,0,,,,,,,,,,,,,,,0.263332555153,0.263332555153,,,,,,,0.5,SINGLE_FRAME_ONLY,bin_2700_2999,9,1,0.0829267374357
fit,100,2800,2900,2850,0,0,,,,,,,,,,,,,,,,,,,,,,,,,,,,,,,,,0.5,UNSUPPORTED,bin_2700_2999,9,1,0.0829267374357
fit,100,2900,3000,2950,0,0,,,,,,,,,,,,,,,,,,,,,,,,,,,,,,,,,0.5,UNSUPPORTED,bin_2700_2999,9,1,0.0829267374357
validation,30,0,30,15,0,0,,,,,,,,,,,,,,,,,,,,,,,,,,,,,,,,,0.5,UNSUPPORTED,bin_0000_0299,3,1,0.0119626993716
validation,30,30,60,45,0,0,,,,,,,,,,,,,,,,,,,,,,,,,,,,,,,,,0.5,UNSUPPORTED,bin_0000_0299,3,1,0.0119626993716
validation,30,60,90,75,0,0,,,,,,,,,,,,,,,,,,,,,,,,,,,,,,,,,0.5,UNSUPPORTED,bin_0000_0299,3,1,0.0119626993716
validation,30,90,120,105,0,0,,,,,,,,,,,,,,,,,,,,,,,,,,,,,,,,,0.5,UNSUPPORTED,bin_0000_0299,3,1,0.0119626993716
validation,30,120,150,135,0,0,,,,,,,,,,,,,,,,,,,,,,,,,,,,,,,,,0.5,UNSUPPORTED,bin_0000_0299,3,1,0.0119626993716
validation,30,150,180,165,0,0,,,,,,,,,,,,,,,,,,,,,,,,,,,,,,,,,0.5,UNSUPPORTED,bin_0000_0299,3,1,0.0119626993716
validation,30,180,210,195,0,0,,,,,,,,,,,,,,,,,,,,,,,,,,,,,,,,,0.5,UNSUPPORTED,bin_0000_0299,3,1,0.0119626993716
validation,30,210,240,225,0,0,,,,,,,,,,,,,,,,,,,,,,,,,,,,,,,,,0.5,UNSUPPORTED,bin_0000_0299,3,1,0.0119626993716
validation,30,240,270,255,0,0,,,,,,,,,,,,,,,,,,,,,,,,,,,,,,,,,0.5,UNSUPPORTED,bin_0000_0299,3,1,0.0119626993716
validation,30,270,300,285,3,1,019,2090.05306204,2090.15963316,0.106571120496,0,700.737379917,700.749342617,0.0119626993716,0,0,,,,,,,,,,,,,,,0.308340445536,0.308340445536,,,,,,,0.5,SINGLE_FRAME_ONLY,bin_0000_0299,3,1,0.0119626993716
validation,30,300,330,315,25,2,"019,023",2090.12129261,2131.00472823,40.8834356242,40.5979692007,700.772260987,713.638491045,12.8662300581,12.787351392,5.784075907,0.314975148849,42.4774470056,0,1,20.2989846003,,,,,,,,,,0.308450518952,0.308450518952,0.000279413350118,0,1,20.2989846003,0.00652462989724,1.02115292242,0.5,SPARSE_BUT_INFORMATIVE,bin_0300_0599,560,4,42.6885761428
validation,30,330,360,345,40,3,"019,022,023",2001.06714343,2130.68765376,129.620510325,129.422879185,674.76548269,713.629736491,38.8642538008,38.8537768084,51.137723881,0.300207946641,74.0292244706,0.340038860073,0.999859694143,59.1279285897,0.000164678186056,0.308349864115,701.024754734,1.60777467769e-13,2.11496588913e+12,0.293622342889,0.300207946641,0.314935467867,0.070994539674,0.308631927782,0.308631927782,0.000262938540248,0.000353784889136,0.999801756646,59.1279285897,-0.00842398114148,0.972705412554,0.5,SPARSE_BUT_INFORMATIVE,bin_0300_0599,560,4,42.6885761428
validation,30,360,390,375,35,3,"019,022,023",2000.88477128,2130.44897212,129.564200839,129.002586324,674.743968682,713.605989053,38.8620203711,38.8469723147,51.137723881,0.301133282841,72.2055923086,0.346912675108,0.999854600674,59.2697396618,0.000170691189551,0.309770984012,701.188778783,2.45591638699e-13,1.41255898184e+12,0.294442330969,0.301133282841,0.316461935884,0.0731224549709,0.308761733133,0.308761733133,0.000263462483116,0.000355046267237,0.999800792057,59.2697396618,-0.00762845029224,0.97529340759,0.5,SPARSE_BUT_INFORMATIVE,bin_0300_0599,560,4,42.6885761428
validation,30,390,420,405,35,3,"019,022,023",2000.31737472,2129.89128753,129.57391281,129.245490431,674.678613746,713.577207778,38.8985940325,38.8867978226,51.137723881,0.300875471111,72.8321812554,0.302658068623,0.999890090643,59.6482771137,0.000149479748283,0.30860888654,701.380770922,9.28249142962e-14,3.26052623822e+12,0.295082387137,0.300875471111,0.314401970514,0.0642112276717,0.308910170318,0.308910170318,0.000263498640112,0.000337143624712,0.999821867877,59.6482771137,-0.00803469920663,0.973990175855,0.5,SPARSE_BUT_INFORMATIVE,bin_0300_0599,560,4,42.6885761428
validation,30,420,450,435,57,3,"019,023,024",1987.55242389,2129.47447088,141.922046991,141.355651311,671.100216287,713.551370895,42.4511546081,42.4255551129,39.47962631,0.300133420344,74.5058928659,0.316303670163,0.999902324831,67.6050638421,0.000139211139892,0.309197923766,701.550645304,1.85649828592e-13,1.70376494587e+12,0.29482653138,0.300133420344,0.31450481273,0.0655651120982,0.309001438707,0.309001438707,0.000261097871932,0.000395375624321,0.999797716195,67.6050638421,-0.0088680183631,0.971301045069,0.5,SPARSE_BUT_INFORMATIVE,bin_0300_0599,560,4,42.6885761428
validation,30,450,480,465,48,3,"019,023,024",1987.06583813,2128.94567409,141.879835958,141.272469008,671.069901252,713.523911053,42.4540098015,42.427702897,39.47962631,0.300325344315,74.2552605132,0.324482304775,0.999897753993,67.9679855789,0.000144615393161,0.30993185856,701.710863843,1.46769076393e-13,2.21083563888e+12,0.294913514614,0.300325344315,0.315343688262,0.068026805047,0.309094926843,0.309094926843,0.000261225912747,0.000391853358705,0.999802343338,67.9679855789,-0.00876958252829,0.971628190026,0.5,SPARSE_BUT_INFORMATIVE,bin_0300_0599,560,4,42.6885761428
validation,30,480,510,495,55,4,"019,022,023,024",1986.60312504,2128.35916766,141.756042615,141.200729222,671.038764311,713.495868933,42.4571046216,42.4269418425,51.137723881,0.299863368503,75.2748322023,0.257802012298,0.999919203971,60.8644734458,0.000141017581442,0.296084153817,687.804715384,0.0748951967483,3.44217017234,0.294846519432,0.300472540589,0.316160976768,0.0709364566055,0.309247884947,0.309247884947,0.00025873831065,0.000285563489954,0.999849088961,60.8644734458,-0.00938451644406,0.969653740896,0.5,SPARSE_BUT_INFORMATIVE,bin_0300_0599,560,4,42.6885761428
validation,30,510,540,525,72,4,"019,022,023,024",1986.11160681,2127.9163563,141.804749495,141.081782204,671.010357608,713.469900879,42.4595432703,42.4316977474,51.137723881,0.300639175195,73.8349593003,0.292683686753,0.999913780355,60.9924733259,0.000144839208364,0.296138316717,687.816060925,0.0916876570099,3.19218198281,0.294186325271,0.300639175195,0.317150607887,0.0763848643515,0.309365610455,0.309365610455,0.000258734144423,0.000279627067858,0.999856462783,60.9924733259,-0.00872643525973,0.971792484475,0.5,SPARSE_BUT_INFORMATIVE,bin_0300_0599,560,4,42.6885761428
validation,30,540,570,555,100,4,"019,022,023,024",1985.59749002,2127.51201229,141.914522271,141.343616621,670.978090168,713.446237082,42.4681469134,42.439712589,51.137723881,0.298718565722,77.7554355251,0.218195487603,0.999929344962,61.123731702,0.000136884279948,0.2962260423,687.908537974,0.0634175021459,3.44061939085,0.295115597416,0.300259138712,0.315610076553,0.0682559712409,0.309486085963,0.309486085963,0.00025883175353,0.000273335515535,0.999861297234,61.123731702,-0.0107675202411,0.965208386647,0.5,SPARSE_BUT_INFORMATIVE,bin_0300_0599,560,4,42.6885761428
validation,30,570,600,585,93,4,"019,022,023,024",1985.16065048,2127.05188657,141.891236097,141.434183522,670.949914903,713.420688914,42.4707740115,42.4442079966,51.137723881,0.297594514605,80.1221371321,0.229701084195,0.999929024458,61.2578238574,0.000141577393535,0.296169615555,687.944630218,0.0511314946088,4.49236006013,0.293552841845,0.300098653237,0.315925546477,0.0745511663948,0.309634336121,0.309634336121,0.000258724749575,0.000268135036635,0.999866322708,61.2578238574,-0.0120398215168,0.961116000029,0.5,SPARSE_BUT_INFORMATIVE,bin_0300_0599,560,4,42.6885761428
validation,30,600,630,615,99,4,"019,022,023,024",1984.67147044,2126.53121075,141.859740318,141.498910354,670.918144672,713.394078512,42.4759338396,42.4479609573,51.137723881,0.298785055818,77.8556426964,0.207266890924,0.999938847778,61.4371218051,0.000130672774012,0.296237123474,688.004810452,0.0609560167354,3.40026960462,0.295137633258,0.299987899915,0.305322300857,0.033950261334,0.309776644797,0.309776644797,0.000258618463143,0.000262511880198,0.999873055965,61.4371218051,-0.010991588979,0.964517696335,0.5,SPARSE_BUT_INFORMATIVE,bin_0600_0899,708,5,42.7484571647
validation,30,630,660,645,96,4,"019,022,023,024",1984.17139374,2126.23059629,142.059202549,141.391912752,670.889272722,713.367641148,42.4783684253,42.4517855185,51.137723881,0.299570938213,76.4026371206,0.24506229551,0.999927664928,61.5487396753,0.000144151790727,0.296147344756,688.007574056,0.0712107411378,3.44136701281,0.295090412452,0.300241963577,0.316862716952,0.0725158610082,0.309941123583,0.309941123583,0.000258720750267,0.000268425744594,0.999867508674,61.5487396753,-0.0103701853698,0.966541434547,0.5,SPARSE_BUT_INFORMATIVE,bin_0600_0899,708,5,42.7484571647
validation,30,660,690,675,93,4,"019,022,023,024",1983.49020791,2125.70579541,142.215587506,141.453947491,670.857287294,713.34104047,42.4837531766,42.4535543785,51.137723881,0.299703778822,76.2508079653,0.229463378269,0.999941312809,61.6920500566,0.000131348329132,0.296425115624,688.084485323,0.0652771651124,3.51521665921,0.29537372905,0.300122797077,0.315361329988,0.0665980762936,0.31007588101,0.31007588101,0.000258800830947,0.000245422695074,0.999889101792,61.6920500566,-0.0103721021873,0.966549793704,0.5,SPARSE_BUT_INFORMATIVE,bin_0600_0899,708,5,42.7484571647
validation,30,690,720,705,91,4,"019,022,023,024",1983.29964304,2125.18305179,141.883408745,141.512053907,670.828228458,713.315226584,42.4869981262,42.4625747783,51.137723881,0.299796925949,76.1973059769,0.24267019241,0.999938999484,61.8536944183,0.000136044881567,0.296301024791,688.113604336,0.0679954748886,3.56891679641,0.294933391192,0.300063306313,0.300104050143,0.017231893544,0.310207629987,0.310207629987,0.000258643588648,0.000247154212726,0.999887712631,61.8536944183,-0.0104107040382,0.966439561662,0.5,SPARSE_BUT_INFORMATIVE,bin_0600_0899,708,5,42.7484571647
validation,30,720,750,735,74,4,"019,022,023,024",1982.67039732,2124.69445558,142.024058255,141.569715395,670.797872558,713.287922889,42.4900503306,42.4665017987,51.137723881,0.297620675108,80.6084635341,0.213761847684,0.999938786485,61.9647764408,0.000142026638762,0.2963336838,688.155085754,0.0529957721493,4.03356416964,0.294749492695,0.299968829351,0.300368940727,0.0187334398851,0.297550553263,0.297550553263,0.000258819669028,0.000241596523518,0.999892744861,61.9647764408,7.01218455351e-05,1.00023566364,0.5,SPARSE_BUT_INFORMATIVE,bin_0600_0899,708,5,42.7484571647
validation,30,750,780,765,38,3,"019,023,024",1982.25437562,2124.14704008,141.892664461,141.615187567,670.76669983,713.260313691,42.4936138604,42.4660276812,39.47962631,0.299869162418,76.3033209222,0.306221900189,0.999914226872,72.4235069427,0.000154935476149,0.312226787691,703.442775603,2.45591638699e-13,1.24687429023e+12,0.295077366796,0.299869162418,0.317018583312,0.0731692993659,0.310513363102,0.310513363102,0.000260561900008,0.000342584414844,0.999857477611,72.4235069427,-0.0106442006839,0.965720635732,0.5,SPARSE_BUT_INFORMATIVE,bin_0600_0899,708,5,42.7484571647
validation,30,780,810,795,45,4,"019,021,023,024",1981.75590929,2123.80211551,142.046206217,141.556193358,670.738131546,713.232946701,42.4948151547,42.471678299,39.47962631,0.299921742238,76.0682070528,0.252429525039,0.99989640237,58.4329703254,0.000157536943709,0.299513052269,690.598902687,0.0104434197276,24.1711557731,0.281145245023,0.300034052142,0.304324157539,0.0772542728082,0.310599488182,0.310599488182,0.000259973810572,0.000266806320121,0.99984699349,58.4329703254,-0.0106777459445,0.96562213928,0.5,SPARSE_BUT_INFORMATIVE,bin_0600_0899,708,5,42.7484571647
validation,30,810,840,825,54,5,"019,021,022,023,024",1981.09681178,2123.26951628,142.172704495,141.579102954,670.707831239,713.209657304,42.501826065,42.4752833289,51.137723881,0.299432524273,77.3946509505,0.283799718765,0.999907260851,74.9744149895,0.000157352196609,0.285626416103,678.179588998,0.0709865033143,3.99793912244,0.281146768261,0.299432524273,0.304308161686,0.0773509607263,0.288570918111,0.288570918111,0.000258346493349,0.000257665143659,0.999880896243,74.9744149895,0.0108616061616,1.03763929585,0.5,WELL_CONSTRAINED,bin_0600_0899,708,5,42.7484571647
validation,30,840,870,855,60,4,"019,021,023,024",1980.69767808,2123.01908568,142.321407597,141.77863436,670.676605807,713.184075637,42.5074698303,42.4792376492,39.47962631,0.299546241329,77.0497788859,0.247888175456,0.999900769475,58.7190857334,0.000156811156566,0.299268915757,690.738331782,0.00741606344249,33.4258434246,0.295167161383,0.299616637168,0.30385633847,0.0290009832855,0.310865161361,0.310865161361,0.000260042319994,0.00026724549982,0.999847761456,58.7190857334,-0.0113189200317,0.963588972202,0.5,SPARSE_BUT_INFORMATIVE,bin_0600_0899,708,5,42.7484571647
validation,30,870,900,885,58,4,"019,021,023,024",1980.07889243,2122.21048064,142.131588207,141.664544588,670.645621347,713.155793835,42.5101724876,42.4797745265,39.47962631,0.300211694328,75.8414317241,0.255147345615,0.999895362761,58.738487541,0.000161748913748,0.299833955412,690.807484159,0.026192861015,9.74110256488,0.295637737321,0.299861723695,0.31672162636,0.0703120384258,0.288509171068,0.288509171068,0.000259986608687,0.000280702212713,0.999831967086,58.738487541,0.0117025232596,1.04056204944,0.5,SPARSE_BUT_INFORMATIVE,bin_0600_0899,708,5,42.7484571647
validation,30,900,930,915,66,5,"019,021,022,023,024",1979.5072914,2121.86466964,142.35737824,141.673630249,670.615051319,713.127096461,42.5120451426,42.4824096705,51.137723881,0.298066784418,80.4729436088,0.255393957204,0.999912357097,75.5078786299,0.00015935341871,0.285427707028,678.119676025,0.0618922193677,4.12643075031,0.280753476069,0.298072497439,0.304245183164,0.0788120584644,0.288468991988,0.288468991988,0.000258471366914,0.000261196446401,0.999873206915,75.5078786299,0.00959779243003,1.03327148739,0.5,WELL_CONSTRAINED,bin_0900_1199,1025,6,42.7838882238
validation,30,930,960,945,77,4,"019,021,023,024",1979.01252758,2121.62197472,142.609447143,141.912194544,670.584984364,713.103310338,42.5183259738,42.494698394,39.47962631,0.300037442701,76.4481046991,0.270331475287,0.999883877631,59.0473898592,0.000172976330398,0.29974085926,690.932228143,0.0326238356986,8.28631794816,0.277492591643,0.29944359983,0.317316254852,0.132992200305,0.311278416251,0.311278416251,0.000260087092582,0.000263805782117,0.999852526338,59.0473898592,-0.0112409735497,0.96388771928,0.5,SPARSE_BUT_INFORMATIVE,bin_0900_1199,1025,6,42.7838882238
validation,30,960,990,975,104,5,"019,021,022,023,024",1978.5140389,2120.83934518,142.325306286,141.64564123,670.554980323,713.07684822,42.5218678969,42.4963125058,51.137723881,0.298199827196,80.4571159709,0.26552931353,0.999906266729,75.7881382332,0.0001689211373,0.284747006228,678.074549431,0.0618357417384,4.29410735708,0.280147411946,0.298199827196,0.30460882085,0.0820302584785,0.288408062671,0.288408062671,0.000258287736726,0.000250598286298,0.999884100862,75.7881382332,0.00979176452535,1.03395107763,0.5,WELL_CONSTRAINED,bin_0900_1199,1025,6,42.7838882238
validation,30,990,1020,1005,117,6,"019,020,021,022,023,024",1978.02737905,2120.42818391,142.400804857,142.120470665,670.52439622,713.051228921,42.5268327011,42.4987954008,51.137723881,0.299088195947,78.8269588784,0.255757317152,0.999925804248,61.9386433138,0.000161298664357,0.299131970156,691.123346577,0.0659821843878,3.87615717067,0.294585601731,0.299088195947,0.304343443617,0.0326252992204,0.311528768872,0.311528768872,0.000260234239338,0.000256902574269,0.999897889032,61.9386433138,-0.0124405729251,0.960066054348,0.5,WELL_CONSTRAINED,bin_0900_1199,1025,6,42.7838882238
validation,30,1020,1050,1035,121,6,"019,020,021,022,023,024",1977.59006888,2120.47630265,142.88623377,142.245894958,670.495320712,713.023474653,42.5281539407,42.5030512155,51.137723881,0.298855488009,79.4155288664,0.250191884169,0.999928412701,62.0536880326,0.000157519709423,0.299198917651,691.204467156,0.0741901834102,3.3723044299,0.279678471013,0.298855488009,0.303103307413,0.0783818177677,0.311624317123,0.311624317123,0.000260207576096,0.000253946483643,0.999899652153,62.0536880326,-0.0127688291147,0.95902492709,0.5,WELL_CONSTRAINED,bin_0900_1199,1025,6,42.7838882238
validation,30,1050,1080,1065,118,6,"019,020,021,022,023,024",1976.90409796,2119.94340827,143.03931031,142.546715206,670.463382118,712.998120861,42.5347387435,42.5139557187,51.137723881,0.298527696825,80.1762528535,0.234276894947,0.999933621905,62.2185714929,0.000150793103316,0.299015939343,691.288519369,0.0778657032163,3.00873022743,0.291256946678,0.298527696825,0.304124363105,0.0431029233265,0.311787236684,0.311787236684,0.000259846245861,0.000248029359435,0.999905089136,62.2185714929,-0.0132595398591,0.957472473857,0.5,WELL_CONSTRAINED,bin_0900_1199,1025,6,42.7838882238
validation,30,1080,1110,1095,121,6,"019,020,021,022,023,024",1976.45340377,2119.47641023,143.023006461,142.245750083,670.434317526,712.971128764,42.536811238,42.5100880368,51.137723881,0.298839600927,79.6649687073,0.245563107655,0.999933736579,62.2818027777,0.000156419264038,0.299270040801,691.348801006,0.0650353941296,3.77583792551,0.295757048053,0.298839600927,0.304021520404,0.02765521144,0.288251483483,0.288251483483,0.00026026969151,0.000245378141972,0.999906495109,62.2818027777,0.0105881174431,1.03673222186,0.5,WELL_CONSTRAINED,bin_0900_1199,1025,6,42.7838882238
validation,30,1110,1140,1125,125,6,"019,020,021,022,023,024",1976.04334306,2118.97165079,142.928307725,142.215375154,670.403460191,712.945755495,42.5422953042,42.5145530264,51.137723881,0.298815479309,79.8521753569,0.239744607849,0.999937584029,62.3862129411,0.000153485472745,0.299389072229,691.429427477,0.064300443734,3.72850627347,0.289309274382,0.298815479309,0.304051934469,0.0493370026226,0.312028291644,0.312028291644,0.000260154172443,0.000242869544638,0.99990903884,62.3862129411,-0.0132128123358,0.957655082281,0.5,WELL_CONSTRAINED,bin_0900_1199,1025,6,42.7838882238
validation,30,1140,1170,1155,95,6,"019,020,021,022,023,024",1975.4651805,2118.4802794,143.015098897,142.272134912,670.372935552,712.919197645,42.5462620932,42.5265915492,51.137723881,0.298866568603,79.8577533769,0.236327112846,0.999938879024,62.4972769257,0.000153610292296,0.29949335907,691.495508426,0.061609843401,3.8358661506,0.287587580011,0.298866568603,0.303929897979,0.0546809837038,0.288123295159,0.288123295159,0.000260218131963,0.00024041625502,0.999909841711,62.4972769257,0.0107432734442,1.03728706989,0.5,WELL_CONSTRAINED,bin_0900_1199,1025,6,42.7838882238
validation,30,1170,1200,1185,81,6,"019,020,021,022,023,024",1975.09236155,2117.94875781,142.856396263,142.265843435,670.343208238,712.892306605,42.5490983671,42.5189357729,51.137723881,0.299161163462,79.3641545329,0.219271128836,0.999943350902,62.5340810334,0.000147742103161,0.299928407913,691.595906155,0.0666601774931,3.2893871136,0.290789744906,0.299161163462,0.304305502539,0.0451788510132,0.288093347453,0.288093347453,0.000259840099279,0.000237891042689,0.999913000987,62.5340810334,0.0110678160086,1.03841746471,0.5,WELL_CONSTRAINED,bin_0900_1199,1025,6,42.7838882238
validation,30,1200,1230,1215,76,6,"019,020,021,022,023,024",1974.67056822,2117.66032648,142.989758267,142.260647057,670.313300946,712.866515819,42.5532148727,42.5272759013,51.137723881,0.299496256468,78.8244341592,0.224375614981,0.99994361443,62.7384200431,0.000146262054439,0.29975727102,691.679499803,0.0750669339995,2.98900731689,0.296483870763,0.299496256468,0.304002281745,0.0251035223946,0.288068116047,0.288068116047,0.000260474491693,0.000244680287132,0.999910452372,62.7384200431,0.0114281404215,1.03967166023,0.5,WELL_CONSTRAINED,bin_1200_1499,989,6,42.8227795398
validation,30,1230,1260,1245,86,5,"019,020,021,023,024",1974.14309307,2117.05394958,142.91085651,142.357192999,670.282947435,712.83972042,42.5567729853,42.5310784942,39.47962631,0.299937963887,77.895266695,0.18834910648,0.999947654894,80.7512627205,0.000132895048506,0.31252875383,706.243418314,0.0512030527997,3.67847415693,0.28870886064,0.299775039965,0.310600625205,0.0730273093054,0.312614951206,0.312614951206,0.000262260501237,0.000251059905633,0.999899982676,80.7512627205,-0.0126769873181,0.959448557181,0.5,WELL_CONSTRAINED,bin_1200_1499,989,6,42.8227795398
validation,30,1260,1290,1275,89,6,"019,020,021,022,023,024",1973.59570061,2116.45509095,142.859390341,142.50696925,670.252538845,712.814378556,42.5618397102,42.5354840623,51.137723881,0.298587398526,80.83905749,0.212082919079,0.999947226871,62.9787835866,0.00014678728441,0.299756259746,691.810631562,0.0667225898549,3.17857744341,0.292178659431,0.298587398526,0.303833231365,0.039032363692,0.312753365363,0.312753365363,0.000259486177905,0.000224594142466,0.999923713645,62.9787835866,-0.0141659668366,0.954705629402,0.5,WELL_CONSTRAINED,bin_1200_1499,989,6,42.8227795398
validation,30,1290,1320,1305,80,6,"019,020,021,022,023,024",1973.34626258,2116.03474977,142.688487194,142.237066616,670.223355629,712.788540696,42.5651850673,42.5396513372,51.137723881,0.299428273007,79.2423614351,0.205155213229,0.999950720497,63.0969517317,0.00014208339883,0.299927483722,691.899501785,0.0699944504042,2.93102113159,0.291142951707,0.299428273007,0.302600262792,0.0382639587437,0.312886142072,0.312886142072,0.00026051084667,0.000239575749516,0.999917920602,63.0969517317,-0.0134578690651,0.956987967009,0.5,WELL_CONSTRAINED,bin_1200_1499,989,6,42.8227795398
validation,30,1320,1350,1335,96,6,"019,020,021,022,023,024",1972.67348729,2115.78336596,143.10987867,142.443434485,670.192480339,712.761551498,42.5690711582,42.5413276505,51.137723881,0.298483748117,81.2722871128,0.214665249293,0.999949978277,63.2562737155,0.000147620375249,0.299866538518,691.962700421,0.0611135967782,3.51256120749,0.288681189603,0.298483748117,0.302334865532,0.0457434483953,0.313096618095,0.313096618095,0.000260688059958,0.000223251609954,0.999925011543,63.2562737155,-0.0146128699777,0.953327921373,0.5,WELL_CONSTRAINED,bin_1200_1499,989,6,42.8227795398
validation,30,1350,1380,1365,108,6,"019,020,021,022,023,024",1972.48399868,2115.21522262,142.73122394,142.442118592,670.163437163,712.736926277,42.573489114,42.5450546282,51.137723881,0.298670988063,80.9730241206,0.207368775555,0.999951905554,63.3690818015,0.000147621352946,0.300030998122,692.027161656,0.0545291895079,3.80289487936,0.287694268006,0.298670988063,0.311314264132,0.0790836641996,0.313268738925,0.313268738925,0.000259607974992,0.000230760801261,0.999922784911,63.3690818015,-0.0145977508626,0.953401827094,0.5,WELL_CONSTRAINED,bin_1200_1499,989,6,42.8227795398
validation,30,1380,1410,1395,110,6,"019,020,021,022,023,024",1972.00475865,2114.98500334,142.980244692,142.516279749,670.133977331,712.710601215,42.5766238835,42.5541709725,51.137723881,0.299121066084,80.1421684279,0.206769129862,0.999951782485,63.5790324354,0.000146844426976,0.299881248816,692.101741728,0.0626116807294,3.30240503774,0.296338079011,0.299121066084,0.303344122712,0.0234221005981,0.313421533739,0.313421533739,0.000260208844703,0.000233896024233,0.999922346274,63.5790324354,-0.0143004676542,0.954373053173,0.5,WELL_CONSTRAINED,bin_1200_1499,989,6,42.8227795398
validation,30,1410,1440,1425,134,6,"019,020,021,022,023,024",1971.68794402,2114.51985087,142.831906845,142.523298091,670.102943863,712.684764463,42.5818205996,42.5547733897,51.137723881,0.299104846695,80.1996059507,0.180964344946,0.999959090049,63.6150646501,0.000141654639335,0.300229861543,692.182186141,0.0410988325815,4.40315049308,0.28245223941,0.299104846695,0.303287582092,0.0696589938685,0.313506835888,0.313506835888,0.000259545137523,0.0002146237941,0.999932408029,63.6150646501,-0.0144019891936,0.95406164222,0.5,WELL_CONSTRAINED,bin_1200_1499,989,6,42.8227795398
validation,30,1440,1470,1455,107,6,"019,020,021,022,023,024",1971.27442445,2114.40230168,143.127877225,142.638196407,670.074318022,712.65982744,42.5855094176,42.5592997393,51.137723881,0.299191664599,80.0247293986,0.18108798102,0.999957879419,63.6048106095,0.00013727510669,0.300753007893,692.246352925,0.0701174637074,2.58263735517,0.281146651786,0.299191664599,0.302526477708,0.0714586282025,0.313745873035,0.313745873035,0.000259298945999,0.000216766044624,0.999929624273,63.6048106095,-0.0145542084353,0.953611474489,0.5,WELL_CONSTRAINED,bin_1200_1499,989,6,42.8227795398
validation,30,1470,1500,1485,103,5,"019,020,021,023,024",1970.98523006,2113.6621373,142.676907244,142.272904165,670.043736279,712.632891087,42.5891548078,42.5620239359,39.47962631,0.300097187623,78.3545032903,0.193296384692,0.999950749123,86.2329630453,0.000145896562897,0.315346850882,707.667311774,0.0207049282584,9.33576693816,0.28880577239,0.29933605604,0.311403454479,0.075492683334,0.313881369896,0.313881369896,0.000262439232919,0.000248293779153,0.999911814127,86.2329630453,-0.0137841822735,0.956084739027,0.5,WELL_CONSTRAINED,bin_1200_1499,989,6,42.8227795398
validation,30,1500,1530,1515,98,5,"019,020,021,023,024",1970.459888,2113.39465381,142.93476581,142.53642459,670.014395294,712.606504084,42.5921087906,42.566138441,39.47962631,0.300230070059,78.1133446463,0.188831239302,0.999948496357,86.8803628489,0.000146733388008,0.315439787313,707.816411407,0.0434350626909,4.34743793617,0.289567071898,0.301287025605,0.310594851897,0.0697931812903,0.314033826153,0.314033826153,0.000260331747923,0.000240022026095,0.999912971622,86.8803628489,-0.0138037560941,0.956043728591,0.5,WELL_CONSTRAINED,bin_1500_1799,931,6,42.8604286214
validation,30,1530,1560,1545,97,5,"019,020,021,023,024",1970.26291173,2113.0368386,142.77392687,142.543121506,669.985386613,712.581226882,42.5958402683,42.5694408706,39.47962631,0.300076206962,78.4992491888,0.179436287958,0.999953710188,87.6461433614,0.000141663778147,0.314970416519,708.003852852,0.0370753415278,4.83977437736,0.289298065779,0.299097752536,0.311003566229,0.0725699215912,0.314213982529,0.314213982529,0.000262546491918,0.000251136400781,0.99991552409,87.6461433614,-0.0141377755672,0.955005899313,0.5,WELL_CONSTRAINED,bin_1500_1799,931,6,42.8604286214
validation,30,1560,1590,1575,77,5,"019,020,021,023,024",1969.76205192,2112.75424849,142.992196576,142.531407575,669.95519872,712.556316616,42.6011178959,42.5726393884,39.47962631,0.299994044604,78.7461341157,0.174805613985,0.999956299746,88.2908003705,0.000139494646173,0.314857958804,708.157262319,0.0341522790147,5.11841724851,0.289691180847,0.299152302242,0.31210254797,0.0749162448538,0.314337397936,0.314337397936,0.000262497760215,0.000244333264854,0.999920658293,88.2908003705,-0.0143433533324,0.954369561412,0.5,WELL_CONSTRAINED,bin_1500_1799,931,6,42.8604286214
validation,30,1590,1620,1605,75,6,"019,020,021,022,023,024",1969.48326135,2112.44135835,142.958097004,142.553415096,669.926229355,712.529678721,42.6034493657,42.5791993216,51.137723881,0.298389413373,82.2064694493,0.195259108004,0.999955055445,64.6343506348,0.00014757484039,0.300351055536,692.612454355,0.0733083393755,2.66353200287,0.289957856548,0.298389413373,0.303008184787,0.0437358956259,0.287851027518,0.287851027518,0.000259750530184,0.000218720358651,0.999936698,64.6343506348,0.0105383858552,1.03661055493,0.5,WELL_CONSTRAINED,bin_1500_1799,931,6,42.8604286214
validation,30,1620,1650,1635,103,6,"019,020,021,022,023,024",1969.17876405,2112.06201342,142.883249366,142.527761218,669.896496637,712.505901794,42.6094051571,42.5840450229,51.137723881,0.298728230856,81.6069812158,0.198061183531,0.999956088978,64.7467307246,0.000153419949621,0.300589072395,692.670364997,0.0563704246271,3.513565577,0.296498181953,0.298728230856,0.310074370561,0.0454466207274,0.287821115974,0.287821115974,0.000260083533784,0.000211980996303,0.999936422034,64.7467307246,0.0109071148821,1.0378954645,0.5,WELL_CONSTRAINED,bin_1500_1799,931,6,42.8604286214
validation,30,1650,1680,1665,105,6,"019,020,021,022,023,024",1968.70616173,2111.83554647,143.129384738,142.583831731,669.867638683,712.475427177,42.6077884946,42.5859307418,51.137723881,0.298506322581,82.1232543396,0.202067773525,0.999954615588,64.9066225145,0.000156832673447,0.30057710399,692.710928325,0.0572984911989,3.52658105471,0.296320099295,0.298506322581,0.306462331244,0.0339766068003,0.287832919873,0.287832919873,0.000260111238314,0.000215080849116,0.999935721048,64.9066225145,0.0106734027072,1.03708193876,0.5,WELL_CONSTRAINED,bin_1500_1799,931,6,42.8604286214
validation,30,1680,1710,1695,103,6,"019,020,021,022,023,024",1968.30579443,2111.39977144,143.093977006,142.640873273,669.836635369,712.454485367,42.6178499975,42.5936263503,51.137723881,0.298293311864,82.6323616307,0.196229061596,0.999957675731,65.1495835279,0.000152992160556,0.300446578082,692.823097874,0.0556786227965,3.52431600747,0.282353536871,0.298293311864,0.302572823196,0.0677832372406,0.287833567802,0.287833567802,0.000259952685822,0.000200651835694,0.999943033396,65.1495835279,0.0104597440625,1.03633955602,0.5,WELL_CONSTRAINED,bin_1500_1799,931,6,42.8604286214
validation,30,1710,1740,1725,100,6,"019,020,021,022,023,024",1968.02163829,2110.98268457,142.961046287,142.663759906,669.807687062,712.427963031,42.6202759687,42.5911172399,51.137723881,0.298468370199,82.3741310209,0.187982506464,0.999960532592,65.2538677195,0.000148888434556,0.300694063512,692.903672148,0.0538099579327,3.49345202424,0.296856124436,0.298468370199,0.302867525493,0.0201408311815,0.287816530779,0.287816530779,0.000260018147552,0.000199906050138,0.999943208156,65.2538677195,0.0106518394208,1.03700913006,0.5,WELL_CONSTRAINED,bin_1500_1799,931,6,42.8604286214
validation,30,1740,1770,1755,94,6,"019,020,021,022,023,024",1967.48968497,2110.61210572,143.122420751,142.551253536,669.776992603,712.401699819,42.624707216,42.598369322,51.137723881,0.298502144072,82.3774902597,0.196708093031,0.99995466723,65.3996179898,0.000157230687586,0.300870551944,692.931579139,0.0676599401266,2.90730515963,0.296335190277,0.298502144072,0.302999649637,0.0223263366507,0.28779828488,0.28779828488,0.000259343489113,0.000216427791557,0.999939172298,65.3996179898,0.0107038591922,1.03719222718,0.5,WELL_CONSTRAINED,bin_1500_1799,931,6,42.8604286214
validation,30,1770,1800,1785,79,4,"020,021,022,024",1967.03821219,2110.18168746,143.143475277,142.504058089,669.746075463,712.330725249,42.5846497862,42.5537914938,50.059355258,0.298340235159,82.8378680325,0.233892558027,0.999928365774,71.3562430878,0.000157392868193,0.280607617539,674.221218054,0.0604206088087,3.87107251381,0.275905662073,0.298340235159,0.31692363317,0.137487225198,0.287728767802,0.287728767802,0.000250068498158,0.000681131211022,0.999903590784,71.3562430878,0.0106114673575,1.03688010566,0.5,SPARSE_BUT_INFORMATIVE,bin_1500_1799,931,6,42.8604286214
validation,30,1800,1830,1815,81,4,"020,021,022,024",1966.76527674,2109.65203089,142.886754145,142.54729337,669.717818547,712.301366441,42.5835478938,42.5606881047,50.059355258,0.298281603568,83.029340547,0.216916289285,0.999937779859,71.4535163223,0.000146194468367,0.281784154888,674.178158531,0.0587165364535,3.69429640075,0.283340286679,0.298281603568,0.302179468653,0.0631590475187,0.282144651835,0.282144651835,0.000250317686802,0.00065827698956,0.9999064121,71.4535163223,0.0161369517338,1.0571938955,0.5,SPARSE_BUT_INFORMATIVE,bin_1800_2099,522,4,42.8471926589
validation,30,1830,1860,1845,61,4,"020,021,022,024",1966.44148606,2109.37679289,142.935306832,142.581757873,669.688470837,712.276547305,42.5880764678,42.5676127996,50.059355258,0.298179096664,83.3083358675,0.212424256801,0.999938862869,71.5458876144,0.000143004184973,0.28202458677,674.135425972,0.0647493663526,3.280715608,0.277108512474,0.298179096664,0.325306032273,0.161639499006,0.287718171085,0.287718171085,0.000250500822775,0.000643734330362,0.99991176998,71.5458876144,0.010460925579,1.03635823744,0.5,SPARSE_BUT_INFORMATIVE,bin_1800_2099,522,4,42.8471926589
validation,30,1860,1890,1875,50,3,"020,021,024",1966.04345543,2108.95511105,142.911655614,142.611766767,669.658518889,712.249455949,42.5909370605,42.5670739049,38.401257687,0.2984822001,82.7762537421,0.2523411847,0.999945008391,75.6446673826,0.000138378653987,0.286336249571,677.419628729,2.27373675443e-13,1.10980826698e+12,0.282542012672,0.2984822001,0.302276437,0.0661159168667,0.287724082385,0.287724082385,0.000259050636264,0.00030283895402,0.99989515675,75.6446673826,0.0107581177153,1.03739039717,0.5,SPARSE_BUT_INFORMATIVE,bin_1800_2099,522,4,42.8471926589
validation,30,1890,1920,1905,45,4,"020,021,022,024",1965.74158683,2108.62568269,142.884095861,142.411258684,669.630997361,712.221058783,42.590061422,42.5653375065,50.059355258,0.298573288983,82.6669109652,0.235995906322,0.999926438437,71.4941567602,0.000158575857339,0.280678907983,674.036921505,0.0602278771282,3.91838327324,0.276258167223,0.298573288983,0.323543523871,0.158371021096,0.287747309774,0.287747309774,0.000249939666826,0.000682138743906,0.999900669302,71.4941567602,0.0108259792098,1.03762321607,0.5,SPARSE_BUT_INFORMATIVE,bin_1800_2099,522,4,42.8471926589
validation,30,1920,1950,1935,34,3,"020,021,024",1965.3498649,2108.25708281,142.907217913,142.521801874,669.602293124,712.190576831,42.588283707,42.5712699021,38.401257687,0.298700053903,82.5004894675,0.246649240828,0.999947452483,75.5830056,0.000135358498902,0.286831695921,677.377669008,2.45591638699e-13,1.0043063442e+12,0.283120106331,0.298700053903,0.302411643494,0.0645849805194,0.287731558366,0.287731558366,0.000259067948084,0.000292639111895,0.999901936384,75.5830056,0.010968495537,1.03812058573,0.5,SPARSE_BUT_INFORMATIVE,bin_1800_2099,522,4,42.8471926589
validation,30,1950,1980,1965,35,3,"020,021,024",1965.02989826,2107.75121815,142.721319888,142.14707123,669.569906226,712.165834875,42.5959286491,42.5619773351,38.401257687,0.299422119407,81.0947601912,0.242502700166,0.999949182055,75.392978489,0.000133828484407,0.287715682368,677.354571657,3.28185631809e-13,738919308651,0.284057237334,0.299422119407,0.30308056444,0.0635334728888,0.287733541306,0.287733541306,0.000259211742143,0.000292845307607,0.999901403855,75.392978489,0.0116885781007,1.04062292511,0.5,SPARSE_BUT_INFORMATIVE,bin_1800_2099,522,4,42.8471926589
validation,30,1980,2010,1995,39,3,"020,021,024",1964.71722508,2107.95600504,143.238779966,142.397146342,669.54223645,712.14258719,42.6003507403,42.5796364481,38.401257687,0.299020293187,82.0053417636,0.264334725695,0.999939616146,75.4128695626,0.000144762732561,0.286378481899,677.33154026,1.60777467769e-13,1.64410305351e+12,0.282392487536,0.299020293187,0.30300628755,0.0689377961395,0.287737964093,0.287737964093,0.000259243053824,0.000297750374659,0.999898312784,75.4128695626,0.0112823290937,1.03921042928,0.5,SPARSE_BUT_INFORMATIVE,bin_1800_2099,522,4,42.8471926589
validation,30,2010,2040,2025,37,3,"020,021,024",1964.24026317,2107.13726062,142.896997454,142.472119485,669.510394194,712.117318535,42.6069243405,42.5831093722,38.401257687,0.298887315822,82.341904621,0.255751922827,0.999943480152,75.4678000355,0.00013999326173,0.286649904481,677.311359242,1.60777467769e-13,1.59071993343e+12,0.282796041795,0.298887315822,0.302741178507,0.0667312918832,0.287728957219,0.287728957219,0.000258982690324,0.000296319862917,0.999899207761,75.4678000355,0.0111583586029,1.03878079812,0.5,SPARSE_BUT_INFORMATIVE,bin_1800_2099,522,4,42.8471926589
validation,30,2040,2070,2055,60,4,"020,021,022,024",1964.14632629,2106.97203378,142.825707491,142.486333587,669.481837217,712.090766413,42.6089291963,42.5806884626,50.059355258,0.29833649669,83.5345125629,0.251832746418,0.999913000007,71.8501557339,0.000167753513879,0.279332287223,673.773534782,0.0722129833804,3.48736106209,0.274559054688,0.297832484326,0.302912959916,0.0952008485299,0.287739015288,0.287739015288,0.000250528980812,0.000637121348894,0.999891059217,71.8501557339,0.0105974814024,1.03683018583,0.5,SPARSE_BUT_INFORMATIVE,bin_1800_2099,522,4,42.8471926589
validation,30,2070,2100,2085,80,4,"020,021,022,024",1963.72481891,2106.68375719,142.958938276,142.492245254,669.454173782,712.065330504,42.6111567222,42.5867897118,50.059355258,0.298362588356,83.5225023367,0.248345246656,0.999915203128,71.8796143283,0.000165408674635,0.279615726721,673.737677499,0.0718184647493,3.45795816609,0.282223435702,0.298362588356,0.35557048387,0.245831920727,0.287724417138,0.287724417138,0.000249773999827,0.000684387497529,0.999900436542,71.8796143283,0.0106381712183,1.03697347387,0.5,SPARSE_BUT_INFORMATIVE,bin_1800_2099,522,4,42.8471926589
validation,30,2100,2130,2115,80,4,"020,021,022,024",1963.50174348,2106.43602685,142.934283364,142.564756537,669.424403224,712.039105834,42.6147026102,42.5921179968,50.059355258,0.298282565657,83.7470077778,0.238515162371,0.999922125257,71.961193503,0.000158829297336,0.280257251053,673.696354502,0.0667571745779,3.57287683128,0.282710661666,0.298282565657,0.353849566477,0.238495014466,0.281709303874,0.281709303874,0.000249812042991,0.000679378003422,0.999896975604,71.961193503,0.0165732617829,1.05883107712,0.5,SPARSE_BUT_INFORMATIVE,bin_2100_2399,484,4,42.6448456736
validation,30,2130,2160,2145,78,4,"020,021,022,024",1962.91776928,2106.16706377,143.249294494,142.546196468,669.394260161,712.012417309,42.6181571475,42.58883147,50.059355258,0.298330484886,83.7467768419,0.258193546309,0.99991028763,71.958866568,0.000171264874679,0.278903552851,673.646828643,0.0638551839796,4.04342341871,0.281248099481,0.298330484886,0.353276623322,0.24143869799,0.284682055482,0.284682055482,0.000251581592525,0.00057291592052,0.999901680071,71.958866568,0.0136484294035,1.04794271062,0.5,SPARSE_BUT_INFORMATIVE,bin_2100_2399,484,4,42.6448456736
validation,30,2160,2190,2175,67,3,"020,021,022",1964.86996217,2105.6698494,140.799887225,140.452588061,670.109815663,711.985047124,41.875231461,41.8305783156,50.059355258,0.297827038241,84.9044211479,0.341353542173,0.999897559105,75.5140985324,0.000200633019457,0.279949966781,677.197326074,2.45591638699e-13,1.38992330513e+12,0.274798789095,0.297827038241,0.302978215928,0.094616751386,0.287754424515,0.287754424515,0.000259333414326,0.000276391825667,0.999911354928,75.5140985324,0.0100726137265,1.03500420104,0.5,SPARSE_BUT_INFORMATIVE,bin_2100_2399,484,4,42.6448456736
validation,30,2190,2220,2205,67,3,"020,021,022",1964.32092334,2105.42989471,141.108971375,140.601552261,670.040424703,711.958908774,41.9184840712,41.8750989739,50.059355258,0.297828141302,84.9634262957,0.347579974234,0.99989382094,75.4509227815,0.000202724765241,0.279820856607,677.178503713,3.93822758171e-13,882579706282,0.274572790617,0.297828141302,0.303076207291,0.0957042425542,0.287758589547,0.287758589547,0.000259361934259,0.000289240520784,0.999902998651,75.4509227815,0.0100695517546,1.03499305362,0.5,SPARSE_BUT_INFORMATIVE,bin_2100_2399,484,4,42.6448456736
validation,30,2220,2250,2235,67,3,"020,021,022",1963.867808,2105.11250859,141.244700586,140.800444527,669.965747322,711.932369372,41.9666220499,41.9182762819,50.059355258,0.297714090482,85.2540113385,0.323537794575,0.999908117917,75.5554358336,0.000188153381795,0.280978565704,677.159490843,2.1769372046e-13,1.48620637238e+12,0.276100288195,0.297714090482,0.302592367991,0.0889849712964,0.287744546558,0.287744546558,0.000259378777105,0.000278800974073,0.999910102537,75.5554358336,0.00996954392422,1.03464720372,0.5,SPARSE_BUT_INFORMATIVE,bin_2100_2399,484,4,42.6448456736
validation,30,2250,2280,2265,60,3,"020,021,022",1963.39577307,2104.7294524,141.333679326,140.781648957,669.898139747,711.905078233,42.0069384856,41.9631467239,50.059355258,0.298072561551,84.6174490352,0.357426158747,0.999887840076,75.3027659539,0.00020597928377,0.279884127026,677.134095806,3.53466742926e-13,1.01120166437e+12,0.274479292678,0.298072561551,0.303477395898,0.0972853826907,0.287764511022,0.287764511022,0.000259381160789,0.000280771795009,0.999908502112,75.3027659539,0.0103080505285,1.03582113198,0.5,SPARSE_BUT_INFORMATIVE,bin_2100_2399,484,4,42.6448456736
validation,30,2280,2310,2295,28,3,"020,021,022",1963.8679125,2104.37412667,140.506214169,140.371497812,669.913909787,711.87544982,41.9615400338,41.9533603868,50.059355258,0.298873781648,82.9652801212,0.278868082252,0.999931857686,75.4320050708,0.000163849109325,0.284299049562,677.114842164,2.78474742889e-13,1.0014124777e+12,0.28008654316,0.298873781648,0.303086288051,0.0769547089888,0.287804831325,0.287804831325,0.000259747478752,0.000263651576723,0.999919421532,75.4320050708,0.0110689503232,1.03845991838,0.5,SPARSE_BUT_INFORMATIVE,bin_2100_2399,484,4,42.6448456736
validation,30,2310,2340,2325,16,2,"020,021",1989.30903992,2104.16925086,114.860210945,114.424211927,677.096441671,711.853541993,34.7571003221,34.7411097254,34.041155774,0.303616770789,73.0716822181,0,1,57.2121059635,,,,,,,,,,0.317971196872,0.317971196872,0.000264084425609,0,1,57.2121059635,-0.0143544260824,0.9548562064,0.5,SPARSE_BUT_INFORMATIVE,bin_2100_2399,484,4,42.6448456736
validation,30,2340,2370,2355,10,1,020,2103.4505091,2103.70085672,0.250347618453,0,711.803523598,711.823890494,0.0203668957333,0,0,,,,,,,,,,,,,,,0.317979265671,0.317979265671,,,,,,,0.5,SINGLE_FRAME_ONLY,bin_2100_2399,484,4,42.6448456736
validation,30,2370,2400,2385,11,1,020,2103.21385424,2103.64177284,0.427918598809,0,711.780644991,711.799755817,0.0191108266268,0,0,,,,,,,,,,,,,,,0.318020105402,0.318020105402,,,,,,,0.5,SINGLE_FRAME_ONLY,bin_2100_2399,484,4,42.6448456736
validation,30,2400,2430,2415,10,2,"020,022",1961.06805263,2103.31377661,142.24572398,141.958811873,669.56759043,711.769398832,42.2018084019,42.1899674074,50.059355258,0.297198651148,86.7414634984,0,1,70.9794059367,,,,,,,,,,0.318009259126,0.318009259126,0.000259327287187,0,1,70.9794059367,-0.0208106079777,0.934559741956,0.5,SPARSE_BUT_INFORMATIVE,bin_2400_2699,178,2,42.3888793431
validation,30,2430,2460,2445,15,2,"020,022",1960.75414582,2102.98360895,142.22946313,141.980984214,669.47906919,711.748749487,42.2696802967,42.2543102743,50.059355258,0.297605418841,85.9480103798,0,1,70.9904921069,,,,,,,,,,0.318002459734,0.318002459734,0.000258945551863,0,1,70.9904921069,-0.0203970408931,0.935858858104,0.5,SPARSE_BUT_INFORMATIVE,bin_2400_2699,178,2,42.3888793431
validation,30,2460,2490,2475,24,2,"020,022",1960.24009671,2102.90429263,142.664195927,142.218516519,669.424648891,711.721563801,42.2969149099,42.2794837093,50.059355258,0.297285365817,86.6690237948,0,1,71.1092582594,,,,,,,,,,0.318028813183,0.318028813183,0.000259212938623,0,1,71.1092582594,-0.0207434473656,0.93477494332,0.5,SPARSE_BUT_INFORMATIVE,bin_2400_2699,178,2,42.3888793431
validation,30,2490,2520,2505,22,2,"020,022",1959.93933926,2102.53718114,142.597841887,142.349267236,669.38051949,711.695173908,42.3146544184,42.3032751317,50.059355258,0.297179437262,86.9268495822,0,1,71.1746336179,,,,,,,,,,0.318042509586,0.318042509586,0.000259307035735,0,1,71.1746336179,-0.0208630723241,0.934401623383,0.5,SPARSE_BUT_INFORMATIVE,bin_2400_2699,178,2,42.3888793431
validation,30,2520,2550,2535,22,1,020,2101.83829014,2102.24499068,0.406700545685,0,711.644683434,711.669955169,0.0252717353014,0,0,,,,,,,,,,,,,,,0.318038306712,0.318038306712,,,,,,,0.5,SINGLE_FRAME_ONLY,bin_2400_2699,178,2,42.3888793431
validation,30,2550,2580,2565,22,1,020,2101.64715219,2101.97802357,0.330871385943,0,711.618152023,711.643777843,0.0256258199394,0,0,,,,,,,,,,,,,,,0.318070717499,0.318070717499,,,,,,,0.5,SINGLE_FRAME_ONLY,bin_2400_2699,178,2,42.3888793431
validation,30,2580,2610,2595,21,1,020,2101.42682808,2101.77051691,0.343688831651,0,711.592456168,711.616853442,0.0243972742493,0,0,,,,,,,,,,,,,,,0.318090790216,0.318090790216,,,,,,,0.5,SINGLE_FRAME_ONLY,bin_2400_2699,178,2,42.3888793431
validation,30,2610,2640,2625,21,1,020,2101.05337631,2101.55724169,0.503865376966,0,711.566853852,711.591658847,0.0248049949021,0,0,,,,,,,,,,,,,,,0.318106049778,0.318106049778,,,,,,,0.5,SINGLE_FRAME_ONLY,bin_2400_2699,178,2,42.3888793431
validation,30,2640,2670,2655,21,1,020,2100.96766229,2101.34355412,0.375891829677,0,711.541801163,711.565975435,0.0241742712851,0,0,,,,,,,,,,,,,,,0.318134786787,0.318134786787,,,,,,,0.5,SINGLE_FRAME_ONLY,bin_2400_2699,178,2,42.3888793431
validation,30,2670,2700,2685,0,0,,,,,,,,,,,,,,,,,,,,,,,,,,,,,,,,,0.5,UNSUPPORTED,bin_2400_2699,178,2,42.3888793431
validation,30,2700,2730,2715,0,0,,,,,,,,,,,,,,,,,,,,,,,,,,,,,,,,,0.5,UNSUPPORTED,,,,
validation,30,2730,2760,2745,0,0,,,,,,,,,,,,,,,,,,,,,,,,,,,,,,,,,0.5,UNSUPPORTED,,,,
validation,30,2760,2790,2775,0,0,,,,,,,,,,,,,,,,,,,,,,,,,,,,,,,,,0.5,UNSUPPORTED,,,,
validation,30,2790,2820,2805,0,0,,,,,,,,,,,,,,,,,,,,,,,,,,,,,,,,,0.5,UNSUPPORTED,,,,
validation,30,2820,2850,2835,0,0,,,,,,,,,,,,,,,,,,,,,,,,,,,,,,,,,0.5,UNSUPPORTED,,,,
validation,30,2850,2880,2865,0,0,,,,,,,,,,,,,,,,,,,,,,,,,,,,,,,,,0.5,UNSUPPORTED,,,,
validation,30,2880,2910,2895,0,0,,,,,,,,,,,,,,,,,,,,,,,,,,,,,,,,,0.5,UNSUPPORTED,,,,
validation,30,2910,2940,2925,0,0,,,,,,,,,,,,,,,,,,,,,,,,,,,,,,,,,0.5,UNSUPPORTED,,,,
validation,30,2940,2970,2955,0,0,,,,,,,,,,,,,,,,,,,,,,,,,,,,,,,,,0.5,UNSUPPORTED,,,,
validation,30,2970,3000,2985,0,0,,,,,,,,,,,,,,,,,,,,,,,,,,,,,,,,,0.5,UNSUPPORTED,,,,
validation,60,0,60,30,0,0,,,,,,,,,,,,,,,,,,,,,,,,,,,,,,,,,0.5,UNSUPPORTED,bin_0000_0299,3,1,0.0119626993716
validation,60,60,120,90,0,0,,,,,,,,,,,,,,,,,,,,,,,,,,,,,,,,,0.5,UNSUPPORTED,bin_0000_0299,3,1,0.0119626993716
validation,60,120,180,150,0,0,,,,,,,,,,,,,,,,,,,,,,,,,,,,,,,,,0.5,UNSUPPORTED,bin_0000_0299,3,1,0.0119626993716
validation,60,180,240,210,0,0,,,,,,,,,,,,,,,,,,,,,,,,,,,,,,,,,0.5,UNSUPPORTED,bin_0000_0299,3,1,0.0119626993716
validation,60,240,300,270,3,1,019,2090.05306204,2090.15963316,0.106571120496,0,700.737379917,700.749342617,0.0119626993716,0,0,,,,,,,,,,,,,,,0.308340445536,0.308340445536,,,,,,,0.5,SINGLE_FRAME_ONLY,bin_0000_0299,3,1,0.0119626993716
validation,60,300,360,330,65,3,"019,022,023",2001.06714343,2131.00472823,129.9375848,129.433086139,674.76548269,713.638491045,38.8730083553,38.8561151162,51.137723881,0.300202338331,74.0404470744,0.367403695161,0.999835976894,59.0675284989,0.000177582286189,0.308936462071,700.939683771,3.34684988135e-13,1.09775970894e+12,0.293076888528,0.300202338331,0.316061911873,0.0765651042985,0.308606867843,0.308606867843,0.000262926161149,0.000396159934099,0.999750963813,59.0675284989,-0.00840452951136,0.972766226591,0.5,SPARSE_BUT_INFORMATIVE,bin_0300_0599,560,4,42.6885761428
validation,60,360,420,390,70,3,"019,022,023",2000.31737472,2130.44897212,130.131597401,128.825041513,674.678613746,713.605989053,38.9273753075,38.8307626214,51.137723881,0.301422473189,71.6296400864,0.320189276438,0.999876297116,59.2944576239,0.000158452024591,0.309495507605,701.284852366,2.45591638699e-13,1.30374665088e+12,0.295252696074,0.301422473189,0.31566528472,0.0677208584673,0.308880298061,0.308880298061,0.000263821998012,0.000340923006991,0.999816665158,59.2944576239,-0.00745782487209,0.975855291131,0.5,SPARSE_BUT_INFORMATIVE,bin_0300_0599,560,4,42.6885761428
validation,60,420,480,450,105,3,"019,023,024",1987.06583813,2129.47447088,142.408632749,141.374746619,671.069901252,713.551370895,42.4814696429,42.4308720119,39.47962631,0.300130490251,74.5746342555,0.316805398489,0.999902250196,67.7755996556,0.00014002846249,0.309325792047,701.620261341,1.31274252724e-13,2.41330947932e+12,0.294829896947,0.300130490251,0.314626385351,0.0659596043953,0.309032885708,0.309032885708,0.000261070140281,0.000396282203043,0.999797229322,67.7755996556,-0.00890239545666,0.971192724566,0.5,SPARSE_BUT_INFORMATIVE,bin_0300_0599,560,4,42.6885761428
validation,60,480,540,510,127,4,"019,022,023,024",1986.11160681,2128.35916766,142.247560851,141.079786807,671.010357608,713.495868933,42.4855113244,42.4264994765,51.137723881,0.300451359616,74.1777546015,0.292237850999,0.999910264883,61.0043756665,0.000143455771499,0.295931182536,687.775725423,0.105288379809,2.77559452931,0.293696555378,0.300451359616,0.317035113077,0.0776783228036,0.30928860986,0.30928860986,0.000258563481125,0.000282065206146,0.999855564463,61.0043756665,-0.00883725024414,0.971427172025,0.5,SPARSE_BUT_INFORMATIVE,bin_0300_0599,560,4,42.6885761428
validation,60,540,600,570,193,4,"019,022,023,024",1985.16065048,2127.51201229,142.351361812,141.360511371,670.949914903,713.446237082,42.4963221791,42.4420231705,51.137723881,0.297789288877,79.6723708989,0.232849203935,0.999923670014,61.1843414004,0.000144706315361,0.296104403471,687.909913494,0.0599363114603,3.88494383891,0.294863355731,0.300239598449,0.316456506294,0.0719197290253,0.309497876141,0.309497876141,0.00025884643489,0.000270255219001,0.999864679449,61.1843414004,-0.011708587264,0.962169086877,0.5,SPARSE_BUT_INFORMATIVE,bin_0300_0599,560,4,42.6885761428
validation,60,600,660,630,195,4,"019,022,023,024",1984.17139374,2126.53121075,142.359817014,141.492840127,670.889272722,713.394078512,42.5048057893,42.4493762852,51.137723881,0.298049320669,79.3676191803,0.211998916249,0.999934104103,61.4929018362,0.000138004015314,0.296165610808,688.013099679,0.0585790774475,3.61902108205,0.29495217749,0.30001077261,0.315728395614,0.0692515736791,0.309780492223,0.309780492223,0.000258830775298,0.00025467697936,0.999880305732,61.4929018362,-0.0117311715539,0.962130696256,0.5,SPARSE_BUT_INFORMATIVE,bin_0600_0899,708,5,42.7484571647
validation,60,660,720,690,184,4,"019,022,023,024",1983.29964304,2125.70579541,142.406152373,141.413997288,670.828228458,713.34104047,42.5128120123,42.4554014163,51.137723881,0.29849484574,78.7093544051,0.210875486945,0.999934707698,61.7250622893,0.000142004066603,0.296396568341,688.084721897,0.06065989924,3.47635735614,0.295316452086,0.300220644566,0.306952406584,0.0387580091801,0.310083474375,0.310083474375,0.000258741459061,0.000260656741091,0.999874783543,61.7250622893,-0.0115886286348,0.962627390389,0.5,SPARSE_BUT_INFORMATIVE,bin_0600_0899,708,5,42.7484571647
validation,60,720,780,750,112,4,"019,022,023,024",1982.25437562,2124.69445558,142.440079956,141.825461515,670.76669983,713.287922889,42.5212230587,42.4790657994,51.137723881,0.297764170944,80.3656291137,0.196561171314,0.999947030438,62.0130805821,0.000135903502179,0.296429223678,688.225614407,0.0206878871941,9.50126851863,0.295132715697,0.299516499687,0.314883241285,0.065941360855,0.310401405897,0.310401405897,0.000258871802487,0.000238785348649,0.9998937673,62.0130805821,-0.0126372349534,0.959287442926,0.5,SPARSE_BUT_INFORMATIVE,bin_0600_0899,708,5,42.7484571647
validation,60,780,840,810,99,5,"019,021,022,023,024",1981.09681178,2123.80211551,142.705303727,141.499374282,670.707831239,713.232946701,42.5251154622,42.4724603837,51.137723881,0.299380962623,77.438139737,0.289608105164,0.999895240684,74.9944694008,0.000164442619999,0.284636717596,678.15132315,0.0856181419576,3.382555362,0.282790614513,0.299766807788,0.305867194022,0.076981770192,0.310582112073,0.310582112073,0.000257989543934,0.000262102156563,0.999883199251,74.9944694008,-0.0112011494495,0.963934982042,0.5,WELL_CONSTRAINED,bin_0600_0899,708,5,42.7484571647
validation,60,840,900,870,118,4,"019,021,023,024",1980.07889243,2123.01908568,142.940193248,141.464184373,670.645621347,713.184075637,42.53845429,42.4870926446,39.47962631,0.300239664726,75.7112164844,0.26498239181,0.999886842431,58.6385310176,0.000169149719026,0.30002346253,690.748925919,0.00422529924654,62.7132840417,0.280597222012,0.300338158616,0.31920876558,0.128560232728,0.310843262119,0.310843262119,0.000260279004587,0.000277894383609,0.99983520586,58.6385310176,-0.0106035973932,0.965887639575,0.5,SPARSE_BUT_INFORMATIVE,bin_0600_0899,708,5,42.7484571647
validation,60,900,960,930,143,5,"019,021,022,023,024",1979.01252758,2121.86466964,142.852142067,141.627703391,670.584984364,713.127096461,42.5421120972,42.4760986572,51.137723881,0.298076188237,80.4542405653,0.243119288744,0.999915503598,75.6858376617,0.000161778803095,0.285328619741,678.077669873,0.0361918977008,6.71750596648,0.286541767188,0.298130930183,0.308853885777,0.0748399992432,0.311179082335,0.311179082335,0.000258577107847,0.000256513805977,0.999884488759,75.6858376617,-0.013102894098,0.957892754231,0.5,WELL_CONSTRAINED,bin_0900_1199,1025,6,42.7838882238
validation,60,960,1020,990,221,6,"019,020,021,022,023,024",1978.02737905,2120.83934518,142.811966133,141.815986438,670.52439622,713.07684822,42.5524519998,42.4937522813,51.137723881,0.299511682605,77.9290062685,0.266129360532,0.999925509651,61.8577207147,0.000163903549599,0.299179541386,691.077469929,0.0546067126486,4.8735649451,0.295323639026,0.299511682605,0.304045737484,0.0291210625971,0.288410151555,0.288410151555,0.000260541294216,0.000253780767421,0.999894925403,61.8577207147,0.0111015310497,1.03849216468,0.5,WELL_CONSTRAINED,bin_0900_1199,1025,6,42.7838882238
validation,60,1020,1080,1050,239,6,"019,020,021,022,023,024",1976.90409796,2120.47630265,143.572204694,142.231069982,670.463382118,713.023474653,42.5600925353,42.4992863136,51.137723881,0.298745706515,79.6828495934,0.241341317852,0.999933312531,62.0956955804,0.000151208291641,0.29924868912,691.253078246,0.0778125973545,3.10157128867,0.295852485846,0.298745706515,0.302876610482,0.0235120521654,0.311647527505,0.311647527505,0.000260219448358,0.000248066692956,0.999907736074,62.0956955804,-0.0129018209897,0.958601240661,0.5,WELL_CONSTRAINED,bin_0900_1199,1025,6,42.7838882238
validation,60,1080,1140,1110,246,6,"019,020,021,022,023,024",1976.04334306,2119.47641023,143.433067166,142.379117357,670.403460191,712.971128764,42.5676685728,42.5104540764,51.137723881,0.298724280556,79.9639839235,0.239631282941,0.999935227298,62.3726632342,0.000155385225422,0.299121550449,691.383869605,0.0623005990298,3.84637205215,0.292324483259,0.298724280556,0.303795813362,0.0384010636212,0.31190444138,0.31190444138,0.00026004709702,0.000245334872389,0.999905692909,62.3726632342,-0.0131801608233,0.957742952409,0.5,WELL_CONSTRAINED,bin_0900_1199,1025,6,42.7838882238
validation,60,1140,1200,1170,176,6,"019,020,021,022,023,024",1975.09236155,2118.4802794,143.387917856,142.306884643,670.343208238,712.919197645,42.5759894074,42.5284345444,51.137723881,0.298980183885,79.6809809565,0.233125526094,0.999937259825,62.5255729306,0.000157654989178,0.299574571562,691.51240395,0.0578397005518,4.03054517692,0.286152069547,0.298980183885,0.304049172726,0.0598604996055,0.288099237407,0.288099237407,0.000260364909819,0.000234184876721,0.999913125814,62.5255729306,0.0108809464774,1.03776805026,0.5,WELL_CONSTRAINED,bin_0900_1199,1025,6,42.7838882238
validation,60,1200,1260,1230,162,6,"019,020,021,022,023,024",1974.14309307,2117.66032648,143.517233411,142.333753177,670.282947435,712.866515819,42.5835683839,42.5274351721,51.137723881,0.298693820222,80.475945954,0.215023978948,0.999947170646,62.7645391209,0.000143228236926,0.299835458848,691.723991146,0.0722829735674,2.97475281295,0.295985675813,0.298693820222,0.304053626558,0.0270107722339,0.312443894742,0.312443894742,0.000259810993485,0.000229054507909,0.999921066863,62.7645391209,-0.0137500745199,0.955991860455,0.5,WELL_CONSTRAINED,bin_1200_1499,989,6,42.8227795398
validation,60,1260,1320,1290,169,6,"019,020,021,022,023,024",1973.34626258,2116.45509095,143.108828368,142.430298155,670.223355629,712.814378556,42.5910229265,42.5366656983,51.137723881,0.299020290482,80.0444781621,0.231932494623,0.999939749335,63.0650364448,0.00015838013535,0.299757534462,691.808403605,0.0678019865795,3.42073302456,0.288217147206,0.299020290482,0.303913348922,0.0524920957398,0.312792565284,0.312792565284,0.000260372628652,0.000246284372645,0.999908885058,63.0650364448,-0.0137722748017,0.955969941967,0.5,WELL_CONSTRAINED,bin_1200_1499,989,6,42.8227795398
validation,60,1320,1380,1350,204,6,"019,020,021,022,023,024",1972.48399868,2115.78336596,143.299367278,142.331386102,670.163437163,712.761551498,42.5981143341,42.5398427287,51.137723881,0.298921096721,80.4288354525,0.208989059214,0.999952256028,63.2938479182,0.000148399534764,0.300090844045,691.994644683,0.0463526565616,4.50867490058,0.293588542016,0.298921096721,0.303514060925,0.033204477763,0.31321406467,0.31321406467,0.000260559734545,0.000225697028711,0.99992348691,63.2938479182,-0.0142929679491,0.954366774799,0.5,WELL_CONSTRAINED,bin_1200_1499,989,6,42.8227795398
validation,60,1380,1440,1410,244,6,"019,020,021,022,023,024",1971.68794402,2114.98500334,143.297059323,142.490666023,670.102943863,712.710601215,42.6076573516,42.557802989,51.137723881,0.298863904428,80.6919868453,0.199848815572,0.999955711954,63.6168660241,0.00014816605808,0.300027316481,692.127855069,0.0309011360504,6.46736143442,0.287676878492,0.298863904428,0.303028846246,0.051367754777,0.313439101691,0.313439101691,0.000260099130517,0.000220963667571,0.999926275679,63.6168660241,-0.0145751972626,0.953499109766,0.5,WELL_CONSTRAINED,bin_1200_1499,989,6,42.8227795398
validation,60,1440,1500,1470,210,6,"019,020,021,022,023,024",1970.98523006,2114.40230168,143.41707162,142.461527368,670.043736279,712.65982744,42.616091161,42.5615679586,51.137723881,0.299591746116,79.2493291579,0.177634357347,0.99995895822,63.5873338023,0.000136382899807,0.301082812922,692.284578185,0.069837127282,2.54355189368,0.291964681313,0.299591746116,0.302636653909,0.03562171767,0.313795688699,0.313795688699,0.000261051811778,0.000211894278702,0.999929269235,63.5873338023,-0.0142039425824,0.954735061398,0.5,WELL_CONSTRAINED,bin_1200_1499,989,6,42.8227795398
validation,60,1500,1560,1530,195,5,"019,020,021,023,024",1970.26291173,2113.39465381,143.131742079,142.513188835,669.985386613,712.606504084,42.6211174708,42.5686064728,39.47962631,0.300146421928,78.3304743343,0.178881508616,0.999954020309,87.2301547556,0.000140365064039,0.314799457218,707.908029046,0.0366883296739,4.87570598624,0.281634593143,0.300146421928,0.310650131987,0.096671280161,0.314106329767,0.314106329767,0.000262500815168,0.000248855282842,0.999915737486,87.2301547556,-0.0139599078389,0.955556744593,0.5,WELL_CONSTRAINED,bin_1500_1799,931,6,42.8604286214
validation,60,1560,1620,1590,152,6,"019,020,021,022,023,024",1969.48326135,2112.75424849,143.270987143,142.592434959,669.926229355,712.556316616,42.630087261,42.5820201839,51.137723881,0.298270782467,82.4241508968,0.209535969982,0.999948124694,64.629333335,0.000158791985929,0.300184370915,692.537979928,0.0748574508012,2.79913312222,0.29576184886,0.298270782467,0.303007649007,0.0242926916493,0.287855338773,0.287855338773,0.000259403135873,0.000230245117562,0.999930726343,64.629333335,0.010415443694,1.03618290958,0.5,WELL_CONSTRAINED,bin_1500_1799,931,6,42.8604286214
validation,60,1620,1680,1650,208,6,"019,020,021,022,023,024",1968.70616173,2112.06201342,143.355851686,142.492485176,669.867638683,712.505901794,42.6382631114,42.5775301896,51.137723881,0.298697694967,81.6956635374,0.1983736622,0.999955126383,64.8202915257,0.000154443890621,0.300561660294,692.69381746,0.0623505754781,3.18158510452,0.296154703589,0.298697694967,0.303031390158,0.0230222284428,0.287825234755,0.287825234755,0.000259502548326,0.000215316613612,0.99993807246,64.8202915257,0.0108724602116,1.03777452043,0.5,WELL_CONSTRAINED,bin_1500_1799,931,6,42.8604286214
validation,60,1680,1740,1710,203,6,"019,020,021,022,023,024",1968.02163829,2111.39977144,143.378133154,142.651176782,669.807687062,712.454485367,42.6467983045,42.5898843073,51.137723881,0.298503629266,82.2699130599,0.206302478261,0.999954544563,65.1821209646,0.000161217543334,0.300821674776,692.835737768,0.049067758046,4.20444068522,0.296627591074,0.298503629266,0.306936248149,0.0345344446929,0.287831221082,0.287831221082,0.000260091983129,0.000212370196629,0.999935998527,65.1821209646,0.010672408184,1.03707870239,0.5,WELL_CONSTRAINED,bin_1500_1799,931,6,42.8604286214
validation,60,1740,1800,1770,173,6,"019,020,021,022,023,024",1967.03821219,2110.61210572,143.573893536,142.740329544,669.746075463,712.401699819,42.6556243561,42.6158528622,51.137723881,0.298555096505,82.3445315174,0.210359595864,0.999954648834,65.4853294533,0.000162440181028,0.300736620955,692.915133632,0.0500883100181,4.19977427444,0.296115594755,0.298555096505,0.321960668549,0.0865671833966,0.287764599795,0.287764599795,0.000259219421025,0.000214507628964,0.99993631681,65.4853294533,0.0107904967095,1.03749765161,0.5,WELL_CONSTRAINED,bin_1500_1799,931,6,42.8604286214
validation,60,1800,1860,1830,142,4,"020,021,022,024",1966.44148606,2109.65203089,143.210544832,142.711909169,669.688470837,712.301366441,42.6128956043,42.5675348848,50.059355258,0.29811267683,83.4108021772,0.203763428868,0.999947007235,71.5064987902,0.000137142150037,0.282611482891,674.175382803,0.0449882555693,4.52925827617,0.279100033539,0.29811267683,0.304730006827,0.0859741140843,0.282149370268,0.282149370268,0.000250802152551,0.00061566854149,0.999914337757,71.5064987902,0.0159633065621,1.05657750201,0.5,SPARSE_BUT_INFORMATIVE,bin_1800_2099,522,4,42.8471926589
validation,60,1860,1920,1890,95,4,"020,021,022,024",1965.74158683,2108.95511105,143.213524222,142.545628776,669.630997361,712.249455949,42.618458588,42.5686657481,50.059355258,0.29827400704,83.2476841855,0.227565356583,0.999930633752,71.6164505252,0.000152893481444,0.28098886241,674.042199315,0.0627252015989,3.62797329913,0.282872012836,0.29827400704,0.327175347773,0.148532335677,0.287734901336,0.287734901336,0.000250154257353,0.000656058489264,0.999902184867,71.6164505252,0.0105391057044,1.03662783227,0.5,SPARSE_BUT_INFORMATIVE,bin_1800_2099,522,4,42.8471926589
validation,60,1920,1980,1950,69,3,"020,021,024",1965.02989826,2108.25708281,143.227184548,142.240753153,669.569906226,712.190576831,42.6206706055,42.5651474453,38.401257687,0.299247202378,81.4271795345,0.253929005925,0.999944274302,75.3989756837,0.000139724212374,0.287033194717,677.36407937,3.28185631809e-13,773735902223,0.283202959947,0.299247202378,0.303077437149,0.0664149139703,0.287733104383,0.287733104383,0.000259432052909,0.000303449340145,0.999894426878,75.3989756837,0.0115140979951,1.04001659114,0.5,SPARSE_BUT_INFORMATIVE,bin_1800_2099,522,4,42.8471926589
validation,60,1980,2040,2010,76,3,"020,021,024",1964.24026317,2107.95600504,143.715741874,142.497335462,669.510394194,712.14258719,42.6321929958,42.5871259754,38.401257687,0.298862612674,82.352736342,0.259524140057,0.999941808989,75.469737846,0.00014194829515,0.286456418461,677.32224595,4.40307229179e-13,589416032394,0.282545888651,0.298862612674,0.302773142484,0.0676807769677,0.287731270161,0.287731270161,0.000258974888075,0.000297227068314,0.999898606512,75.469737846,0.0111313425133,1.0386865929,0.5,SPARSE_BUT_INFORMATIVE,bin_1800_2099,522,4,42.8471926589
validation,60,2040,2100,2070,140,4,"020,021,022,024",1963.72481891,2106.97203378,143.24721487,142.448914786,669.454173782,712.090766413,42.6365926306,42.5852859442,50.059355258,0.298453105639,83.3249000194,0.250348134942,0.999914106439,71.83734064,0.000166763727507,0.279565714715,673.754608495,0.0712107687054,3.51559377175,0.274875924839,0.298453105639,0.353800396217,0.264445133546,0.287737378318,0.287737378318,0.000250239095412,0.000659941423031,0.999892163801,71.83734064,0.0107157273207,1.0372413462,0.5,SPARSE_BUT_INFORMATIVE,bin_1800_2099,522,4,42.8471926589
validation,60,2100,2160,2130,158,4,"020,021,022,024",1962.91776928,2106.43602685,143.518257568,142.5554685,669.394260161,712.039105834,42.6448456735,42.5891753442,50.059355258,0.298278397309,83.79891652,0.242181904743,0.999919804795,71.9785282055,0.000161129680985,0.279989613872,673.672890852,0.0666493257573,3.63367373925,0.275691110122,0.298278397309,0.356237450585,0.270037458931,0.281709303874,0.281709303874,0.000250026295846,0.000671067021615,0.999903257887,71.9785282055,0.0165690934351,1.0588162805,0.5,SPARSE_BUT_INFORMATIVE,bin_2100_2399,484,4,42.6448456736
validation,60,2160,2220,2190,134,3,"020,021,022",1964.32092334,2105.6698494,141.348926059,140.429078285,670.040424703,711.985047124,41.9446224213,41.849093111,50.059355258,0.298008743076,84.5569514772,0.329371000591,0.999904665042,75.495719676,0.000193611507389,0.280763077229,677.19152537,5.12642344895e-13,642496672135,0.275791567389,0.298008743076,0.302980252917,0.0912345230124,0.287756507031,0.287756507031,0.00025946140392,0.000274553175314,0.999912574294,75.495719676,0.0102522360448,1.03562816407,0.5,SPARSE_BUT_INFORMATIVE,bin_2100_2399,484,4,42.6448456736
validation,60,2220,2280,2250,127,3,"020,021,022",1963.39577307,2105.11250859,141.71673552,140.946074666,669.898139747,711.932369372,42.0342296246,41.9458900181,50.059355258,0.297602399481,85.5139753954,0.344928345132,0.999895583397,75.5027490005,0.000199169293683,0.279936530627,677.142926823,3.99255052831e-13,863929818012,0.274733399985,0.297602399481,0.302805530123,0.0943276337409,0.287752736861,0.287752736861,0.000259228479552,0.000278664154229,0.999910107863,75.5027490005,0.00984966262012,1.03422960535,0.5,SPARSE_BUT_INFORMATIVE,bin_2100_2399,484,4,42.6448456736
validation,60,2280,2340,2310,44,3,"020,021,022",1963.8679125,2104.37412667,140.506214169,140.270394451,669.913909787,711.87544982,41.9615400338,41.9368038593,50.059355258,0.298971169387,82.7740234658,0.274162264969,0.999934099624,75.40279248,0.000161475187895,0.284607441486,677.11023391,4.3041142103e-13,636977207326,0.280464211286,0.298971169387,0.303114399586,0.0757604432109,0.287816427297,0.287816427297,0.000259897633602,0.000255103614221,0.999924543511,75.40279248,0.0111547420901,1.03875644693,0.5,SPARSE_BUT_INFORMATIVE,bin_2100_2399,484,4,42.6448456736
validation,60,2340,2400,2370,21,1,020,2103.21385424,2103.70085672,0.487002475592,0,711.780644991,711.823890494,0.0432455032956,0,0,,,,,,,,,,,,,,,0.317992451162,0.317992451162,,,,,,,0.5,SINGLE_FRAME_ONLY,bin_2100_2399,484,4,42.6448456736
validation,60,2400,2460,2430,25,2,"020,022",1960.75414582,2103.31377661,142.559630793,141.785173063,669.47906919,711.769398832,42.2903296424,42.1746807897,50.059355258,0.29745480348,86.2388042515,0,1,70.8925865314,,,,,,,,,,0.318002459734,0.318002459734,0.000259449936117,0,1,70.8925865314,-0.0205476562539,0.935385228557,0.5,SPARSE_BUT_INFORMATIVE,bin_2400_2699,178,2,42.3888793431
validation,60,2460,2520,2490,46,2,"020,022",1959.93933926,2102.90429263,142.964953375,142.177262966,669.38051949,711.721563801,42.3410443116,42.272285388,50.059355258,0.297320995678,86.6041115701,0,1,71.0886314832,,,,,,,,,,0.318032124214,0.318032124214,0.0002594323147,0,1,71.0886314832,-0.0207111285358,0.934877243653,0.5,SPARSE_BUT_INFORMATIVE,bin_2400_2699,178,2,42.3888793431
validation,60,2520,2580,2550,44,1,020,2101.64715219,2102.24499068,0.597838497107,0,711.618152023,711.669955169,0.0518031454292,0,0,,,,,,,,,,,,,,,0.318062897467,0.318062897467,,,,,,,0.5,SINGLE_FRAME_ONLY,bin_2400_2699,178,2,42.3888793431
validation,60,2580,2640,2610,42,1,020,2101.05337631,2101.77051691,0.717140600748,0,711.566853852,711.616853442,0.0499995901997,0,0,,,,,,,,,,,,,,,0.318094483403,0.318094483403,,,,,,,0.5,SINGLE_FRAME_ONLY,bin_2400_2699,178,2,42.3888793431
validation,60,2640,2700,2670,21,1,020,2100.96766229,2101.34355412,0.375891829677,0,711.541801163,711.565975435,0.0241742712851,0,0,,,,,,,,,,,,,,,0.318134786787,0.318134786787,,,,,,,0.5,SINGLE_FRAME_ONLY,bin_2400_2699,178,2,42.3888793431
validation,60,2700,2760,2730,0,0,,,,,,,,,,,,,,,,,,,,,,,,,,,,,,,,,0.5,UNSUPPORTED,,,,
validation,60,2760,2820,2790,0,0,,,,,,,,,,,,,,,,,,,,,,,,,,,,,,,,,0.5,UNSUPPORTED,,,,
validation,60,2820,2880,2850,0,0,,,,,,,,,,,,,,,,,,,,,,,,,,,,,,,,,0.5,UNSUPPORTED,,,,
validation,60,2880,2940,2910,0,0,,,,,,,,,,,,,,,,,,,,,,,,,,,,,,,,,0.5,UNSUPPORTED,,,,
validation,60,2940,3000,2970,0,0,,,,,,,,,,,,,,,,,,,,,,,,,,,,,,,,,0.5,UNSUPPORTED,,,,
validation,100,0,100,50,0,0,,,,,,,,,,,,,,,,,,,,,,,,,,,,,,,,,0.5,UNSUPPORTED,bin_0000_0299,3,1,0.0119626993716
validation,100,100,200,150,0,0,,,,,,,,,,,,,,,,,,,,,,,,,,,,,,,,,0.5,UNSUPPORTED,bin_0000_0299,3,1,0.0119626993716
validation,100,200,300,250,3,1,019,2090.05306204,2090.15963316,0.106571120496,0,700.737379917,700.749342617,0.0119626993716,0,0,,,,,,,,,,,,,,,0.308340445536,0.308340445536,,,,,,,0.5,SINGLE_FRAME_ONLY,bin_0000_0299,3,1,0.0119626993716
validation,100,300,400,350,112,3,"019,022,023",2000.31737472,2131.00472823,130.687353512,129.394011551,674.678613746,713.638491045,38.9598772995,38.8617434989,51.137723881,0.300336491876,73.7999010664,0.354766256001,0.999847488097,59.2023808225,0.000172306338504,0.308914063708,701.038764981,1.46769076393e-13,2.4171730498e+12,0.293477573615,0.300336491876,0.315772981969,0.0742347631998,0.308721945399,0.308721945399,0.000262998774193,0.000367039934869,0.999786829657,59.2023808225,-0.00838545352346,0.972838168299,0.5,SPARSE_BUT_INFORMATIVE,bin_0300_0599,560,4,42.6885761428
validation,100,400,500,450,163,4,"019,022,023,024",1986.69008209,2129.58782486,142.89774277,141.688955061,671.048556689,713.56710609,42.5185494017,42.4428839794,51.137723881,0.299135226591,76.6425916775,0.270526406884,0.999918360744,61.0917454055,0.000127678166279,0.294897865872,687.680613999,0.111419877313,2.42799052924,0.294282130224,0.299135226591,0.313960916182,0.0657855852775,0.309035675179,0.309035675179,0.000257802205336,0.000284692024403,0.999854977677,61.0917454055,-0.00990044858772,0.967963412049,0.5,SPARSE_BUT_INFORMATIVE,bin_0300_0599,560,4,42.6885761428
validation,100,500,600,550,285,4,"019,022,023,024",1985.16065048,2128.02421238,142.863561907,141.277635793,670.949914903,713.480758792,42.5308438895,42.4357398569,51.137723881,0.300312608244,74.5905687203,0.282541396327,0.999921462279,61.1646949849,0.000140881973234,0.295993434419,687.860654729,0.0827117144306,3.41597799382,0.294248253646,0.300312608244,0.316350150692,0.0735963007838,0.309364384619,0.309364384619,0.000258598515318,0.000272120639476,0.99986442872,61.1646949849,-0.00905177637474,0.970740728976,0.5,SPARSE_BUT_INFORMATIVE,bin_0300_0599,560,4,42.6885761428
validation,100,600,700,650,318,4,"019,022,023,024",1983.48142908,2126.53121075,143.049781677,141.389466623,670.850826686,713.394078512,42.5432518258,42.4482873512,51.137723881,0.299380400554,76.7812927287,0.228361690604,0.999933225004,61.5557757343,0.000139008414638,0.296295590354,688.032401314,0.0670133140443,3.40770627241,0.294919756737,0.300222416598,0.316232549645,0.0709900118361,0.3098097595,0.3098097595,0.00025890301673,0.000250556885244,0.999884114601,61.5557757343,-0.0104293589456,0.966336247888,0.5,SPARSE_BUT_INFORMATIVE,bin_0600_0899,708,5,42.7484571647
validation,100,700,800,750,198,4,"019,022,023,024",1981.80137438,2125.08091756,143.279543178,141.901662066,670.747723564,713.306685537,42.5589619734,42.4827494433,51.137723881,0.297698256691,80.4824625532,0.200435587125,0.999944578042,61.9968873825,0.000138819880393,0.296306133772,688.216564682,0.0143711456489,13.947084806,0.291310281844,0.299381619812,0.305605047958,0.0477476410276,0.310309869591,0.310309869591,0.000258756093617,0.000241287424169,0.999891135114,61.9968873825,-0.0126116129003,0.959358002641,0.5,SPARSE_BUT_INFORMATIVE,bin_0600_0899,708,5,42.7484571647
validation,100,800,900,850,192,5,"019,021,022,023,024",1980.07889243,2123.49832004,143.419427607,141.758537392,670.645621347,713.217177005,42.5715556584,42.4842171482,51.137723881,0.297960957775,80.3243594422,0.249304709237,0.999910042925,75.148842407,0.000160235967947,0.285441765884,678.150655468,0.0450803947304,5.53022462931,0.279579988628,0.297960957775,0.304306576238,0.08298599855,0.288607436158,0.288607436158,0.000259005776318,0.000254058999337,0.999882086121,75.148842407,0.00935352161703,1.03240914975,0.5,WELL_CONSTRAINED,bin_0600_0899,708,5,42.7484571647
validation,100,900,1000,950,284,5,"019,021,022,023,024",1978.3341954,2121.86466964,143.530474242,141.699354292,670.547248887,713.127096461,42.5798475741,42.4867855348,51.137723881,0.299604791537,77.6287538898,0.34131594009,0.99987212494,75.4248868474,0.000187043505624,0.282894425751,678.135469373,0.104359332148,3.27058379032,0.277312890735,0.299604791537,0.307395711877,0.100408344564,0.311146982135,0.311146982135,0.000258119466452,0.000274171092367,0.999857018369,75.4248868474,-0.011542190598,0.962904378764,0.5,WELL_CONSTRAINED,bin_0900_1199,1025,6,42.7838882238
validation,100,1000,1100,1050,399,6,"019,020,021,022,023,024",1976.68042098,2120.47630265,143.79588167,142.260775789,670.445539233,713.042798621,42.5972593874,42.5012599156,51.137723881,0.298707432682,79.7588540855,0.240406175436,0.999933746784,62.1017308628,0.000150145893229,0.299241119945,691.256840641,0.0793349934296,3.03026653238,0.295870419366,0.298707432682,0.304334534756,0.0283358044174,0.311590667657,0.311590667657,0.000260220361616,0.000248063630952,0.999908008334,62.1017308628,-0.0128832349751,0.958653334928,0.5,WELL_CONSTRAINED,bin_0900_1199,1025,6,42.7838882238
validation,100,1100,1200,1150,342,6,"019,020,021,022,023,024",1975.09236155,2119.10391508,144.011553537,142.549640754,670.343208238,712.953486597,42.6102783591,42.5407726531,51.137723881,0.298823433226,79.8884736371,0.240719277864,0.999932135202,62.5156673775,0.000163701757862,0.299067515539,691.406689574,0.0481399765619,5.00040288873,0.287759053745,0.298823433226,0.303643200594,0.0531556266431,0.288152258135,0.288152258135,0.000259692136418,0.000252635226025,0.999899591641,62.5156673775,0.010671175091,1.03703311284,0.5,WELL_CONSTRAINED,bin_0900_1199,1025,6,42.7838882238
validation,100,1200,1300,1250,278,6,"019,020,021,022,023,024",1973.59570061,2117.66032648,144.064625877,142.17101037,670.242552051,712.866515819,42.6239637674,42.5344044434,51.137723881,0.299175105278,79.6073995117,0.220610412951,0.99994612729,62.9268752904,0.000148191865778,0.299679695589,691.765693541,0.0651127043848,3.38813162554,0.288748094588,0.299175105278,0.303496919816,0.0492983037946,0.312547439718,0.312547439718,0.000260333598989,0.000238881388937,0.999914945033,62.9268752904,-0.0133723344399,0.957215024855,0.5,WELL_CONSTRAINED,bin_1200_1499,989,6,42.8227795398
validation,100,1300,1400,1350,322,6,"019,020,021,022,023,024",1972.1136942,2115.92522537,143.81153116,142.233112408,670.144111201,712.778834145,42.6347229443,42.5312292751,51.137723881,0.298924538994,80.4208372308,0.207067315416,0.999954119055,63.2780452785,0.000144726865494,0.300202707098,692.022113166,0.0514710670098,4.02298470666,0.296838068781,0.298924538994,0.303605238664,0.0226383886242,0.313290118978,0.313290118978,0.000260608082837,0.000224499742379,0.999925259891,63.2780452785,-0.0143655799838,0.954146080219,0.5,WELL_CONSTRAINED,bin_1200_1499,989,6,42.8227795398
validation,100,1400,1500,1450,389,6,"019,020,021,022,023,024",1970.98523006,2114.67398045,143.688750394,142.587806839,670.043736279,712.694448048,42.6507117696,42.5587038547,51.137723881,0.299114074974,80.2208029337,0.167144704944,0.999963391747,63.6454621322,0.000134211107521,0.300425159769,692.252968708,0.0435010282924,3.84231618206,0.285456176039,0.299114074974,0.303164685847,0.0592031980104,0.313625640708,0.313625640708,0.00026089093599,0.000205602519025,0.99993402037,63.6454621322,-0.0145115657343,0.953729657749,0.5,WELL_CONSTRAINED,bin_1200_1499,989,6,42.8227795398
validation,100,1500,1600,1550,298,5,"019,020,021,023,024",1969.70719229,2113.39465381,143.687461518,142.489834863,669.944650397,712.606504084,42.6618536869,42.5763522877,39.47962631,0.299960577334,78.7625066776,0.181155703723,0.999953883027,87.5523052785,0.000142535744101,0.315025486752,707.968499679,0.0285897853189,6.33637859475,0.281967694333,0.299077084549,0.312935618066,0.103544956579,0.314105355536,0.314105355536,0.000262402114474,0.000245257447594,0.999916468029,87.5523052785,-0.0141447782015,0.954968045109,0.5,WELL_CONSTRAINED,bin_1500_1799,931,6,42.8604286214
validation,100,1600,1700,1650,321,6,"019,020,021,022,023,024",1968.51212002,2112.44135835,143.929238337,142.45044507,669.847169528,712.520271635,42.6731021067,42.5750972935,51.137723881,0.298571824531,81.9527923894,0.200813898841,0.999953643768,64.8234509376,0.000155882246939,0.300531187888,692.678676746,0.0658946529408,3.04749915021,0.295994953146,0.298571824531,0.303014661335,0.0235109531849,0.287832418343,0.287832418343,0.000260077060846,0.000219173876918,0.999936671591,64.8234509376,0.0107394061885,1.03731131556,0.5,WELL_CONSTRAINED,bin_1500_1799,931,6,42.8604286214
validation,100,1700,1800,1750,312,6,"019,020,021,022,023,024",1967.03821219,2111.225279,144.187066813,142.601892523,669.746075463,712.438121342,42.6920458788,42.6140958342,51.137723881,0.298832610705,81.6916829338,0.190696478248,0.99995924802,65.3544865242,0.000149447365088,0.300652380825,692.916828128,0.0617106042762,3.09017356878,0.296366878901,0.298748200685,0.316929203864,0.0688282805261,0.287790086681,0.287790086681,0.000259467715614,0.000204952557727,0.999941606443,65.3544865242,0.0110425240241,1.03837006393,0.5,WELL_CONSTRAINED,bin_1500_1799,931,6,42.8604286214
validation,100,1800,1900,1850,208,4,"020,021,022,024",1965.98164588,2109.65203089,143.670385011,142.821163968,669.64791958,712.301366441,42.6534468609,42.5789947087,50.059355258,0.296739469373,86.1545772866,0.21736749434,0.999946298211,71.4353059761,0.000140855648186,0.282253133125,674.178528517,0.0267834016142,8.11575383409,0.280122848571,0.298128047172,0.301821864409,0.0727842148505,0.287714134864,0.287714134864,0.000251444362294,0.00057374327888,0.999910736854,71.4353059761,0.0090253345086,1.03136910362,0.5,SPARSE_BUT_INFORMATIVE,bin_1800_2099,522,4,42.8471926589
validation,100,1900,2000,1950,126,4,"020,021,022,024",1964.82966214,2108.60829479,143.778632654,142.340146771,669.551325363,712.211670926,42.6603455627,42.559448613,50.059355258,0.29645677316,86.9073346201,0.256647061032,0.999945255644,71.2766067696,0.000142803973769,0.282973839145,674.049103452,0.0217064509581,11.823538612,0.281299430751,0.29899820661,0.302771806054,0.0718143949657,0.287733357914,0.287733357914,0.000252491791248,0.000543430842226,0.999914014912,71.2766067696,0.00872341524504,1.03031770563,0.5,SPARSE_BUT_INFORMATIVE,bin_1800_2099,522,4,42.8471926589
validation,100,2000,2100,2050,188,4,"020,021,022,024",1963.72481891,2107.23822194,143.51340303,142.322681461,669.454173782,712.125281696,42.6711079136,42.5669922957,50.059355258,0.298460126074,83.2837238369,0.252815513538,0.999909801636,71.8624125618,0.00016828564853,0.279394955951,673.753183987,0.0826338726279,3.05946587638,0.282538071854,0.298460126074,0.303066297777,0.0687804638848,0.287733775181,0.287733775181,0.000259381066896,0.000264559674855,0.999887888277,71.8624125618,0.0107263508932,1.03727873409,0.5,SPARSE_BUT_INFORMATIVE,bin_1800_2099,522,4,42.8471926589
validation,100,2100,2200,2150,248,4,"020,021,022,024",1962.91776928,2106.43602685,143.518257568,142.281207417,669.394260161,712.039105834,42.6448456735,42.5720738341,50.059355258,0.298569555985,83.2388770515,0.247830057034,0.999912945796,71.976975733,0.000165052766635,0.279835677388,673.629491838,0.0808479683581,3.06538385648,0.274754091129,0.298569555985,0.303083851248,0.0948849591349,0.287722366302,0.287722366302,0.000259594267112,0.000241852064899,0.999906485957,71.976975733,0.0108471896838,1.03770019628,0.5,SPARSE_BUT_INFORMATIVE,bin_2100_2399,484,4,42.6448456736
validation,100,2200,2300,2250,190,3,"020,021,022",1963.39577307,2105.23083775,141.835064681,140.895326424,669.898139747,711.950602858,42.0524631106,41.9295279368,50.059355258,0.297593461762,85.5148622307,0.335240211397,0.999901386601,75.5675960481,0.00019440440231,0.28030986149,677.142519065,2.45591638699e-13,1.36503104574e+12,0.275256325765,0.297593461762,0.302646997487,0.092040569573,0.287759953332,0.287759953332,0.000259169268713,0.000268416153421,0.999916576373,75.5675960481,0.00983350843067,1.03417260921,0.5,SPARSE_BUT_INFORMATIVE,bin_2100_2399,484,4,42.6448456736
validation,100,2300,2400,2350,46,2,"020,021",1989.30903992,2104.21773451,114.908694591,114.15100523,677.096441671,711.861168251,34.7647265797,34.7167961293,34.041155774,0.304130445976,72.0420843709,0,1,57.075502615,,,,,,,,,,0.317985830498,0.317985830498,0.000264582324409,0,1,57.075502615,-0.0138553845217,0.956427666918,0.5,SPARSE_BUT_INFORMATIVE,bin_2100_2399,484,4,42.6448456736
validation,100,2400,2500,2450,57,2,"020,022",1959.93933926,2103.31377661,143.374437357,141.876516819,669.38051949,711.769398832,42.3888793428,42.2387986005,50.059355258,0.297715221289,85.7327147729,0,1,70.9382584094,,,,,,,,,,0.318020010235,0.318020010235,0.000259486991667,0,1,70.9382584094,-0.0203047889458,0.936152480057,0.5,SPARSE_BUT_INFORMATIVE,bin_2400_2699,178,2,42.3888793431
validation,100,2500,2600,2550,72,1,020,2101.50112764,2102.43336404,0.93223640081,0,711.600977275,711.68696697,0.085989694942,0,0,,,,,,,,,,,,,,,0.318064956289,0.318064956289,,,,,,,0.5,SINGLE_FRAME_ONLY,bin_2400_2699,178,2,42.3888793431
validation,100,2600,2700,2650,49,1,020,2100.96766229,2101.55724169,0.589579393616,0,711.541801163,711.600096255,0.0582950921714,0,0,,,,,,,,,,,,,,,0.318114988632,0.318114988632,,,,,,,0.5,SINGLE_FRAME_ONLY,bin_2400_2699,178,2,42.3888793431
validation,100,2700,2800,2750,0,0,,,,,,,,,,,,,,,,,,,,,,,,,,,,,,,,,0.5,UNSUPPORTED,,,,
validation,100,2800,2900,2850,0,0,,,,,,,,,,,,,,,,,,,,,,,,,,,,,,,,,0.5,UNSUPPORTED,,,,
validation,100,2900,3000,2950,0,0,,,,,,,,,,,,,,,,,,,,,,,,,,,,,,,,,0.5,UNSUPPORTED,,,,
