frame_id,is_frame027,corner_index,board_x_mm,board_y_mm,observed_u_px,observed_v_px,projected_u_px,projected_v_px,du_px,dv_px,residual_norm_px,board_x_normalized,board_y_normalized,board_radial_normalized,left_right,top_bottom
001,False,0,0.0,0.0,2875.06640625,2508.877197265625,2875.317291595513,2508.611315892651,0.2508853455128701,-0.2658813729740359,0.3655630740209829,-1.0,-1.0,1.0,left,top
001,False,1,20.0,0.0,2647.23291015625,2509.214111328125,2647.352853805329,2508.995997027308,0.11994364907877753,-0.21811430081697836,0.24891831426235445,-0.8,-1.0,0.8708554769564043,left,top
001,False,2,40.0,0.0,2418.440185546875,2509.261474609375,2418.5931796846994,2509.3122720213655,0.15299413782440752,0.050797411990515684,0.16120664773379537,-0.6,-1.0,0.7552945112058728,left,top
001,False,3,60.0,0.0,2189.033447265625,2509.525390625,2189.076104382277,2509.5490850002566,0.04265711665220806,0.023694375256582134,0.04879603487866425,-0.4,-1.0,0.6604858898858135,left,top
001,False,4,80.0,0.0,1958.855224609375,2509.7412109375,1958.8492590907588,2509.7004124186583,-0.005965518616221743,-0.040798518841711484,0.041232348369186725,-0.2,-1.0,0.5964098406184939,left,top
001,False,5,100.0,0.0,1727.980712890625,2509.827880859375,1727.9642627339551,2509.765414405012,-0.016450156669861826,-0.06246645436294784,0.06459617306885328,0.0,-1.0,0.5734623443633283,center,top
001,False,6,120.0,0.0,1496.47802734375,2509.798095703125,1496.4706552703915,2509.7485894800943,-0.007372073358510534,-0.049506223030675756,0.050052108690506456,0.2,-1.0,0.5964098406184939,right,top
001,False,7,140.0,0.0,1264.5701904296875,2509.641845703125,1264.4095646830299,2509.6599327197064,-0.1606257466576153,0.018087016581375792,0.16164086939302008,0.4,-1.0,0.6604858898858135,right,top
001,False,8,160.0,0.0,1031.807373046875,2509.652587890625,1031.8070995088592,2509.515097432994,-0.00027353801579010906,-0.13749045763097456,0.1374907297333929,0.6,-1.0,0.7552945112058728,right,top
001,False,9,180.0,0.0,798.9634399414062,2509.59033203125,798.6674585406072,2509.3355604294056,-0.29598140079906443,-0.254771601844368,0.39052984357833853,0.8,-1.0,0.8708554769564043,right,top
001,False,10,200.0,0.0,565.16650390625,2509.25048828125,564.9657491055063,2509.1487909488023,-0.2007548007436526,-0.10169733244765666,0.22504407890142958,1.0,-1.0,1.0,right,top
001,False,11,0.0,20.0,2861.93896484375,2290.510009765625,2862.104960726159,2290.3813622395537,0.16599588240887897,-0.12864752607129049,0.21001147335554252,-1.0,-0.7142857142857143,0.9159291318091396,left,top
001,False,12,20.0,20.0,2636.8369140625,2290.408447265625,2636.9884986760426,2290.411235827144,0.1515846135425818,0.0027885615190825774,0.15161026066265956,-0.8,-0.7142857142857143,0.7728618480955124,left,top
001,False,13,40.0,20.0,2410.913330078125,2290.264892578125,2411.087723640931,2290.381379563722,0.17439356280601714,0.11648698559702098,0.20971965230196435,-0.6,-0.7142857142857143,0.6398405841726221,left,top
001,False,14,60.0,20.0,2184.39990234375,2290.17333984375,2184.4436274811396,2290.2836270319804,0.0437251373896288,0.11028718823035888,0.11863874378760307,-0.4,-0.7142857142857143,0.5245643766354129,left,top
001,False,15,80.0,20.0,1957.1422119140625,2290.01708984375,1957.10641686866,2290.1135509037194,-0.03579504540243761,0.09646105996944243,0.10288839276512651,-0.2,-0.7142857142857143,0.4411698907260348,left,top
001,False,16,100.0,20.0,1729.091064453125,2289.853271484375,1729.1300660603872,2289.8705667101685,0.03900160726220747,0.017295225793532154,0.042664390354073205,0.0,-0.7142857142857143,0.40961596025952024,center,top
001,False,17,120.0,20.0,1500.6531982421875,2289.579345703125,1500.5666305710201,2289.5580387454856,-0.08656767116735864,-0.02130695763935364,0.08915126547158568,0.2,-0.7142857142857143,0.4411698907260348,right,top
001,False,18,140.0,20.0,1271.4698486328125,2289.255859375,1271.4603145033152,2289.1833881442167,-0.009534129497296817,-0.07247123078332152,0.07309568329607893,0.4,-0.7142857142857143,0.5245643766354129,right,top
001,False,19,160.0,20.0,1041.9833984375,2288.71533203125,1041.8412840988324,2288.758203174253,-0.1421143386676249,0.04287114300313988,0.14843995472019,0.6,-0.7142857142857143,0.6398405841726221,right,top
001,False,20,180.0,20.0,811.6490478515625,2288.3232421875,811.719219872765,2288.2983517876364,0.07017202120255206,-0.02489039986357966,0.07445565502378113,0.8,-0.7142857142857143,0.7728618480955124,right,top
001,False,21,200.0,20.0,581.0531616210938,2287.9658203125,581.0765994916724,2287.824096472354,0.023437870578618458,-0.14172384014591444,0.1436488100993697,1.0,-0.7142857142857143,0.9159291318091396,right,top
001,False,22,0.0,40.0,2849.116943359375,2077.580078125,2849.1774553078476,2077.520365880622,0.06051194847259467,-0.0597122443778062,0.08501322271614457,-1.0,-0.42857142857142855,0.8553032352102229,left,top
001,False,23,20.0,40.0,2626.83154296875,2077.181884765625,2626.8458377015722,2077.2034036443947,0.014294732822236256,0.02151887876971159,0.02583411562187997,-0.8,-0.42857142857142855,0.6999520597198355,left,top
001,False,24,40.0,40.0,2403.8623046875,2076.70166015625,2403.743639799587,2076.8383433541608,-0.11866488791292795,0.1366831979107701,0.1810073264111221,-0.6,-0.42857142857142855,0.5495574790854838,left,top
001,False,25,60.0,40.0,2179.969970703125,2076.30419921875,2179.9136896911045,2076.4196173520218,-0.056281012020463095,0.11541813327175987,0.1284091032675847,-0.4,-0.42857142857142855,0.40961596025952024,left,top
001,False,26,80.0,40.0,1955.39794921875,2075.863037109375,1955.4074637016943,2075.944247328885,0.00951448294426882,0.0812102195100124,0.08176567212810752,-0.2,-0.42857142857142855,0.295378269592824,left,top
001,False,27,100.0,40.0,1730.34619140625,2075.23828125,1730.2799730777867,2075.411906836267,-0.0662183284632647,0.17362558626700775,0.18582440967491587,0.0,-0.42857142857142855,0.24576957615571215,center,top
001,False,28,120.0,40.0,1504.6298828125,2074.6279296875,1504.5844291844555,2074.824984881426,-0.04545362804446995,0.19705519392618953,0.2022295274080746,0.2,-0.42857142857142855,0.295378269592824,right,top
001,False,29,140.0,40.0,1278.44140625,2074.147216796875,1278.3666805946314,2074.188650622421,-0.0747256553686384,0.041433825545937,0.08544404876668509,0.4,-0.42857142857142855,0.40961596025952024,right,top
001,False,30,160.0,40.0,1051.6854248046875,2073.44189453125,1051.6594152723314,2073.510919179922,-0.026009532356056297,0.06902464867198432,0.07376244232447572,0.6,-0.42857142857142855,0.5495574790854838,right,top
001,False,31,180.0,40.0,824.4446411132812,2072.792724609375,824.4761208724312,2072.802718582841,0.03147975914998824,0.009993973465952877,0.03302809019273501,0.8,-0.42857142857142855,0.6999520597198355,right,top
001,False,32,200.0,40.0,596.74072265625,2072.184814453125,596.8047959948578,2072.0779578650863,0.06407333860784092,-0.10685658803868137,0.12459423392606697,1.0,-0.42857142857142855,0.8553032352102229,right,top
001,False,33,0.0,60.0,2836.412841796875,1869.9979248046875,2836.5179382792135,1869.8563425461653,0.10509648233846747,-0.1415822585222486,0.17632585326088923,-1.0,-0.14285714285714285,0.8233178906068351,left,top
001,False,34,20.0,60.0,2616.902099609375,1869.1702880859375,2616.9128415610144,1869.203789173947,0.010741951639374747,0.03350108800941598,0.03518113731585863,-0.8,-0.14285714285714285,0.6604858898858135,left,top
001,False,35,40.0,60.0,2396.62255859375,1868.3995361328125,2396.55317453087,1868.516415488171,-0.06938406288008991,0.11687935535860561,0.13592252164667737,-0.6,-0.14285714285714285,0.4983193229757469,left,top
001,False,36,60.0,60.0,2175.507568359375,1867.635986328125,2175.482488399163,1867.790972652714,-0.02507996021222425,0.15498632458889006,0.15700243696777302,-0.4,-0.14285714285714285,0.3377779740177616,left,top
001,False,37,80.0,60.0,1953.7969970703125,1866.8472900390625,1953.7524330985789,1867.0257795328807,-0.044563971733623475,0.1784894938182333,0.18396860324567435,-0.2,-0.14285714285714285,0.18318582636182795,left,top
001,False,38,100.0,60.0,1731.3116455078125,1865.7066650390625,1731.4179531085554,1866.2207494848171,0.10630760074286627,0.5140844457546336,0.5249610684065567,0.0,-0.14285714285714285,0.08192319205190404,center,top
001,False,39,120.0,60.0,1508.567138671875,1865.3189697265625,1508.5322779013115,1865.3774173426677,-0.034860770563454935,0.05844761610524074,0.06805436909312615,0.2,-0.14285714285714285,0.18318582636182795,right,top
001,False,40,140.0,60.0,1285.167724609375,1864.4556884765625,1285.141700947891,1864.4989666002268,-0.026023661484032345,0.043278123664322266,0.05049977173156211,0.4,-0.14285714285714285,0.3377779740177616,right,top
001,False,41,160.0,60.0,1061.190185546875,1863.5025634765625,1061.2801410639659,1863.590256783617,0.08995551709085703,0.087693307054451,0.12562687275113432,0.6,-0.14285714285714285,0.4983193229757469,right,top
001,False,42,180.0,60.0,836.9234008789062,1862.6490478515625,836.9634797124972,1862.657851011317,0.04007883359099651,0.00880315975450685,0.04103423599481486,0.8,-0.14285714285714285,0.6604858898858135,right,top
001,False,43,200.0,60.0,612.1744384765625,1861.6678466796875,612.1836677135659,1861.7100437376512,0.009229237003410162,0.04219705796367634,0.043194565820887425,1.0,-0.14285714285714285,0.8233178906068351,right,top
001,False,44,0.0,80.0,2824.087158203125,1667.4903564453125,2824.1142991911547,1667.2336820594978,0.027140988029714208,-0.2566743858146765,0.25810535361470227,-1.0,0.14285714285714285,0.8233178906068351,left,bottom
001,False,45,20.0,80.0,2607.265380859375,1666.286376953125,2607.1808294780267,1666.2592805407612,-0.08455138134831941,-0.027096412363789568,0.08878711421652054,-0.8,0.14285714285714285,0.6604858898858135,left,bottom
001,False,46,40.0,80.0,2389.56982421875,1665.1204833984375,2389.5106105766554,1665.2639314882429,-0.05921364209461899,0.14344808980536072,0.15518894895873375,-0.6,0.14285714285714285,0.4983193229757469,left,bottom
001,False,47,60.0,80.0,2171.166748046875,1664.028076171875,2171.146982861713,1664.2464378272725,-0.01976518516221404,0.21836165539752983,0.219254361626961,-0.4,0.14285714285714285,0.3377779740177616,left,bottom
001,False,48,80.0,80.0,1952.139404296875,1663.0484619140625,1952.1408547252372,1663.2062629811503,0.0014504283622045477,0.15780106708780295,0.15780773275249593,-0.2,0.14285714285714285,0.18318582636182795,left,bottom
001,False,49,100.0,80.0,1732.5318603515625,1662.0238037109375,1732.5461849290523,1662.143526793669,0.014324577489787771,0.11972308273152521,0.12057698809889292,0.0,0.14285714285714285,0.08192319205190404,center,bottom
001,False,50,120.0,80.0,1512.4515380859375,1661.040283203125,1512.415274327973,1661.0590009051266,-0.03626375796443426,0.01871770200159517,0.04080946593528993,0.2,0.14285714285714285,0.18318582636182795,right,bottom
001,False,51,140.0,80.0,1291.7928466796875,1659.909423828125,1291.793861408777,1659.954103562355,0.0010147290895474725,0.044679734229930546,0.04469125558744575,0.4,0.14285714285714285,0.3377779740177616,right,bottom
001,False,52,160.0,80.0,1070.701171875,1658.8236083984375,1070.7160159463729,1658.8308938427374,0.014844071372863255,0.007285444299895971,0.016535542131104898,0.6,0.14285714285714285,0.4983193229757469,right,bottom
001,False,53,180.0,80.0,849.161865234375,1657.7032470703125,849.1988249314272,1657.6920652716249,0.03695969705222524,-0.011181798687630362,0.03861414026082879,0.8,0.14285714285714285,0.6604858898858135,right,bottom
001,False,54,200.0,80.0,627.0838012695312,1656.6025390625,627.2368647729238,1656.5409388119856,0.15306350339255914,-0.06160025051440243,0.16499402090451976,1.0,0.14285714285714285,0.8233178906068351,right,bottom
001,False,55,0.0,100.0,2812.011474609375,1469.8292236328125,2811.958027677863,1469.5072629858626,-0.05344693151209867,-0.32196064694994675,0.3263667150192973,-1.0,0.42857142857142855,0.8553032352102229,left,bottom
001,False,56,20.0,100.0,2597.654296875,1468.22265625,2597.643650859941,1468.2265910567419,-0.010646015059137426,0.0039348067418814026,0.011349904877810043,-0.8,0.42857142857142855,0.6999520597198355,left,bottom
001,False,57,40.0,100.0,2382.738037109375,1466.9110107421875,2382.6117500294313,1466.9386044357407,-0.12628707994372235,0.02759369355317176,0.12926654046820651,-0.6,0.42857142857142855,0.5495574790854838,left,bottom
001,False,58,60.0,100.0,2166.96142578125,1465.5240478515625,2166.9046755005493,1465.6439050249276,-0.05675028070072585,0.11985717336506241,0.13261348485985053,-0.4,0.42857142857142855,0.40961596025952024,left,bottom
001,False,59,80.0,100.0,1950.6107177734375,1464.18701171875,1950.571834921475,1464.3429503561563,-0.03888285196239849,0.15593863740627967,0.16071320671574243,-0.2,0.42857142857142855,0.295378269592824,left,bottom
001,False,60,100.0,100.0,1733.7479248046875,1462.948486328125,1733.665441485958,1463.036022907279,-0.0824833187296008,0.08753657915394797,0.12027531150915516,0.0,0.42857142857142855,0.24576957615571215,center,bottom
001,False,61,120.0,100.0,1516.260009765625,1461.791748046875,1516.2360850360794,1461.7231982491721,-0.02392472954556979,-0.06854979770287173,0.07260487207435393,0.2,0.42857142857142855,0.295378269592824,right,bottom
001,False,62,140.0,100.0,1298.2625732421875,1460.399658203125,1298.328120959778,1460.4043119909559,0.06554771759056166,0.004653787830875444,0.06571271583572566,0.4,0.42857142857142855,0.40961596025952024,right,bottom
001,False,63,160.0,100.0,1079.8946533203125,1458.9630126953125,1079.9748716566662,1459.078925489958,0.08021833635370967,0.11591279464551008,0.14096367422101727,0.6,0.42857142857142855,0.5495574790854838,right,bottom
001,False,64,180.0,100.0,861.0447387695312,1457.62353515625,861.1936352123857,1457.7462902921468,0.14889644285449322,0.12275513589679576,0.19297402437572306,0.8,0.42857142857142855,0.6999520597198355,right,bottom
001,False,65,200.0,100.0,641.9696655273438,1456.4046630859375,641.9804957852075,1456.4053112678816,0.010830257863744919,0.000648181944143289,0.010849637101208594,1.0,0.42857142857142855,0.8553032352102229,right,bottom
001,False,66,0.0,120.0,2800.10107421875,1276.829345703125,2800.043311964314,1276.5381471139385,-0.05776225443605654,-0.2911985891864788,0.2968721886296043,-1.0,0.7142857142857143,0.9159291318091396,left,bottom
001,False,67,20.0,120.0,2588.35302734375,1274.92041015625,2588.2970332494324,1274.9680527858552,-0.0559940943176116,0.04764262960520682,0.0735197847803468,-0.8,0.7142857142857143,0.7728618480955124,left,bottom
001,False,68,40.0,120.0,2375.93896484375,1273.2220458984375,2375.8535054726344,1273.4033816605906,-0.08545937111557578,0.1813357621531395,0.2004643677742498,-0.6,0.7142857142857143,0.6398405841726221,left,bottom
001,False,69,60.0,120.0,2162.875244140625,1271.8321533203125,2162.753443251826,1271.8462969440034,-0.1218008887990436,0.0141436236908703,0.12261932393936094,-0.4,0.7142857142857143,0.5245643766354129,left,bottom
001,False,70,80.0,120.0,1949.0203857421875,1270.2022705078125,1949.0441286543557,1270.29810418227,0.02374291216824531,0.09583367445748081,0.09873104394389548,-0.2,0.7142857142857143,0.4411698907260348,left,bottom
001,False,71,100.0,120.0,1734.8353271484375,1268.8319091796875,1734.7754063503903,1268.759197711751,-0.05992079804718742,-0.07271146793641492,0.09422027174700844,0.0,0.7142857142857143,0.40961596025952024,center,bottom
001,False,72,120.0,120.0,1519.9393310546875,1267.2115478515625,1519.995514065336,1267.2290054215905,0.05618301064851039,0.01745757002800019,0.0588327921895023,0.2,0.7142857142857143,0.4411698907260348,right,bottom
001,False,73,140.0,120.0,1304.7132568359375,1265.83251953125,1304.7467436506345,1265.7059317858702,0.03348681469697112,-0.1265877453797657,0.13094206367276207,0.4,0.7142857142857143,0.5245643766354129,right,bottom
001,False,74,160.0,120.0,1088.87060546875,1264.330810546875,1089.0609279742653,1264.1872991211048,0.19032250551526886,-0.14351142577015708,0.23836565489221145,0.6,0.7142857142857143,0.6398405841726221,right,bottom
001,False,75,180.0,120.0,872.84716796875,1262.663330078125,872.954748711416,1262.6692870238128,0.1075807426659594,0.0059569456877852645,0.1077455400213234,0.8,0.7142857142857143,0.7728618480955124,right,bottom
001,False,76,200.0,120.0,656.3600463867188,1261.3087158203125,656.4248599920002,1261.1468699418247,0.06481360528141522,-0.1618458784878385,0.17434130839555861,1.0,0.7142857142857143,0.9159291318091396,right,bottom
001,False,77,0.0,140.0,2788.498046875,1088.415771484375,2788.3663205966986,1088.1905038046455,-0.13172627830135752,-0.22526767972954076,0.26095467025109487,-1.0,1.0,1.0,left,bottom
001,False,78,20.0,140.0,2579.3515625,1086.417724609375,2579.1380653186375,1086.3486287178953,-0.21349718136252704,-0.06909589147971928,0.22439984106304733,-0.8,1.0,0.8708554769564043,left,bottom
001,False,79,40.0,140.0,2369.31396484375,1084.46435546875,2369.233578534846,1084.5235144723863,-0.0803863089040533,0.05915900363629589,0.09980854858406242,-0.6,1.0,0.7552945112058728,left,bottom
001,False,80,60.0,140.0,2158.72607421875,1082.7437744140625,2158.691408799602,1082.7186634165726,-0.03466541914804111,-0.025110997489946385,0.04280483009719194,-0.4,1.0,0.6604858898858135,left,bottom
001,False,81,80.0,140.0,1947.622802734375,1080.9619140625,1947.556203456472,1080.9360889607142,-0.06659927790292386,-0.025825101785812876,0.07143108356617921,-0.2,1.0,0.5964098406184939,left,bottom
001,False,82,100.0,140.0,1735.96044921875,1079.1761474609375,1735.8749333969638,1079.176242444285,-0.08551582178620265,9.498334748059278e-05,0.08551587453570168,0.0,1.0,0.5734623443633283,center,bottom
001,False,83,120.0,140.0,1523.6993408203125,1077.416259765625,1523.6929645176501,1077.4379378880035,-0.0063763026623746555,0.021678122378489206,0.022596420634670454,0.2,1.0,0.5964098406184939,right,bottom
001,False,84,140.0,140.0,1311.05126953125,1075.8209228515625,1311.0499715723936,1075.718274578931,-0.0012979588564121514,-0.10264827263154075,0.10265647846790799,0.4,1.0,0.6604858898858135,right,bottom
001,False,85,160.0,140.0,1097.7254638671875,1074.1478271484375,1097.9756900091286,1074.0125574358829,0.2502261419410843,-0.1352697125546456,0.28444861969314617,0.6,1.0,0.7552945112058728,right,bottom
001,False,86,180.0,140.0,884.4205322265625,1072.46533203125,884.4855012709324,1072.3142151011866,0.06496904436994555,-0.151116930063381,0.16449104315471022,0.8,1.0,0.8708554769564043,right,bottom
001,False,87,200.0,140.0,670.5701904296875,1070.882080078125,670.5758469287387,1070.6147157035864,0.005656499051156061,-0.2673643745386016,0.26742420375488335,1.0,1.0,1.0,right,bottom
002,False,0,0.0,0.0,2507.5341796875,2605.367919921875,2507.850954204459,2605.2898167504945,0.316774516958958,-0.0781031713804623,0.3262609384745085,-1.0,-1.0,1.0,left,top
002,False,1,20.0,0.0,2314.859375,2603.64306640625,2315.0536164930945,2603.5701258581885,0.19424149309452332,-0.07294054806152417,0.20748513486779063,-0.8,-1.0,0.8708554769564043,left,top
002,False,2,40.0,0.0,2118.06201171875,2601.72509765625,2118.1683781529414,2601.7506031042412,0.10636643419138636,0.025505447991235997,0.10938165385394467,-0.6,-1.0,0.7552945112058728,left,top
002,False,3,60.0,0.0,1917.0546875,2599.84375,1917.0970214355668,2599.823855334055,0.042333935566830405,-0.019894665944775625,0.046775632904652004,-0.4,-1.0,0.6604858898858135,left,top
002,False,4,80.0,0.0,1711.7103271484375,2597.721435546875,1711.7407564711664,2597.785327812522,0.030429322728878105,0.063892265647155,0.07076839189401467,-0.2,-1.0,0.5964098406184939,left,top
002,False,5,100.0,0.0,1501.8743896484375,2595.568603515625,1501.997115797109,2595.633971623656,0.12272614867151788,0.06536810803117987,0.13904926146988164,0.0,-1.0,0.5734623443633283,center,top
002,False,6,120.0,0.0,1287.686767578125,2593.25244140625,1287.7557577660305,2593.3730201188578,0.06899018790545597,0.12057871260776665,0.13892037993533024,0.2,-1.0,0.5964098406184939,right,top
002,False,7,140.0,0.0,1068.8822021484375,2590.9140625,1068.892915073488,2591.010890899724,0.010712925050484046,0.0968283997240178,0.09741922683049511,0.4,-1.0,0.6604858898858135,right,top
002,False,8,160.0,0.0,845.1246948242188,2588.550537109375,845.2641678986361,2588.5622323186167,0.13947307441731027,0.01169520924167955,0.139962553587105,0.6,-1.0,0.7552945112058728,right,top
002,False,9,180.0,0.0,616.681640625,2585.96044921875,616.6951525482261,2586.0491363685032,0.013511923226133149,0.0886871497532411,0.08971054899298482,0.8,-1.0,0.8708554769564043,right,top
002,False,10,200.0,0.0,382.9017639160156,2583.295166015625,382.9697335337671,2583.5025431770882,0.06796961775148702,0.20737716146322782,0.21823188592373233,1.0,-1.0,1.0,right,top
002,False,11,0.0,20.0,2520.863037109375,2396.032470703125,2521.0270128736042,2396.026881697419,0.1639757642292352,-0.0055890057060423715,0.1640709853671389,-1.0,-0.7142857142857143,0.9159291318091396,left,top
002,False,12,20.0,20.0,2328.23046875,2392.213134765625,2328.3656069416324,2392.126422360262,0.1351381916324499,-0.08671240536295954,0.16056578739419852,-0.8,-0.7142857142857143,0.7728618480955124,left,top
002,False,13,40.0,20.0,2131.58447265625,2388.028076171875,2131.613423385932,2388.0872782081196,0.02895072968203749,0.05920203624464193,0.0659016376475904,-0.6,-0.7142857142857143,0.6398405841726221,left,top
002,False,14,60.0,20.0,1930.7823486328125,2383.839599609375,1930.6747681943696,2383.9016997563426,-0.10758043844293752,0.062100146967623004,0.12421746652131915,-0.4,-0.7142857142857143,0.5245643766354129,left,top
002,False,15,80.0,20.0,1725.505126953125,2379.577392578125,1725.4540211667395,2379.564158288153,-0.05110578638550578,-0.013234289971933322,0.052791550774173725,-0.2,-0.7142857142857143,0.4411698907260348,left,top
002,False,16,100.0,20.0,1515.8392333984375,2374.9970703125,1515.8526499835639,2375.071835796663,0.013416585126378777,0.07476548416298101,0.07595974182801264,0.0,-0.7142857142857143,0.40961596025952024,center,top
002,False,17,120.0,20.0,1301.8212890625,2370.409423828125,1301.765153833744,2370.425187598836,-0.05613522875592025,0.015763770711146208,0.05830660661119876,0.2,-0.7142857142857143,0.4411698907260348,right,top
002,False,18,140.0,20.0,1083.0750732421875,2365.65673828125,1083.0736764389685,2365.628587330668,-0.0013968032189950463,-0.028150950582130463,0.028185582802385804,0.4,-0.7142857142857143,0.5245643766354129,right,top
002,False,19,160.0,20.0,859.6707153320312,2360.569091796875,859.6409722142309,2360.6910652851593,-0.029743117800308028,0.12197348828431132,0.12554754040094146,0.6,-0.7142857142857143,0.6398405841726221,right,top
002,False,20,180.0,20.0,631.218505859375,2355.5556640625,631.3013414709599,2355.627152464287,0.08283561158486918,0.0714884017870645,0.10941814354442357,0.8,-0.7142857142857143,0.7728618480955124,right,top
002,False,21,200.0,20.0,397.6492004394531,2350.3564453125,397.8490685259062,2350.457844301663,0.19986808645307974,0.10139898916304446,0.2241182879322947,1.0,-0.7142857142857143,0.9159291318091396,right,top
002,False,22,0.0,40.0,2534.064208984375,2186.662841796875,2534.176397314175,2186.7149361474258,0.11218832980011939,0.05209435055076028,0.12369334138362442,-1.0,-0.42857142857142855,0.8553032352102229,left,top
002,False,23,20.0,40.0,2341.7421875,2180.77734375,2341.659390692303,2180.6269250897176,-0.08279680769692277,-0.15041866028241202,0.1717005670519375,-0.8,-0.42857142857142855,0.6999520597198355,left,top
002,False,24,40.0,40.0,2145.365234375,2174.45556640625,2145.0499099264825,2174.3637972337356,-0.3153244485174582,-0.09176917251443228,0.3284068952638218,-0.6,-0.42857142857142855,0.5495574790854838,left,top
002,False,25,60.0,40.0,1944.4801025390625,2167.98291015625,1944.2541950041093,2167.917826691628,-0.22590753495319404,-0.06508346462214831,0.23509587770918275,-0.4,-0.42857142857142855,0.40961596025952024,left,top
002,False,26,80.0,40.0,1739.3138427734375,2161.3876953125,1739.1790624555551,2161.2829395046965,-0.13478031788235967,-0.10475580780348537,0.17070299750452742,-0.2,-0.42857142857142855,0.295378269592824,left,top
002,False,27,100.0,40.0,1529.837890625,2154.4375,1529.7290144830522,2154.455032504799,-0.10887614194780326,0.01753250479896451,0.11027875139828125,0.0,-0.42857142857142855,0.24576957615571215,center,top
002,False,28,120.0,40.0,1315.9793701171875,2147.369384765625,1315.8022944392524,2147.432329359375,-0.1770756779351359,0.06294459375021688,0.18793035305284728,0.2,-0.42857142857142855,0.295378269592824,right,top
002,False,29,140.0,40.0,1097.45166015625,2140.271240234375,1097.2856314700543,2140.215776866258,-0.16602868619565925,-0.055463368117216305,0.17504773589727615,0.4,-0.42857142857142855,0.40961596025952024,right,top
002,False,30,160.0,40.0,874.1195678710938,2132.829345703125,874.0473615827084,2132.809484593405,-0.07220628838535958,-0.019861109719840897,0.07488799477682169,0.6,-0.42857142857142855,0.5495574790854838,right,top
002,False,31,180.0,40.0,646.0017700195312,2125.310302734375,645.9285452167426,2125.221210915066,-0.0732248027886726,-0.08909181930903287,0.11532226155965446,0.8,-0.42857142857142855,0.6999520597198355,right,top
002,False,32,200.0,40.0,412.574951171875,2117.439453125,412.731620126674,2117.4628983534076,0.15666895479898812,0.023445228407581453,0.1584135099443575,1.0,-0.42857142857142855,0.8553032352102229,right,top
002,False,33,0.0,60.0,2547.2275390625,1977.424072265625,2547.291133292272,1977.3772650508827,0.06359422977220675,-0.04680721474232996,0.07896291162472936,-1.0,-0.14285714285714285,0.8233178906068351,left,top
002,False,34,20.0,60.0,2355.042724609375,1969.174072265625,2354.929201389228,1969.09675742515,-0.11352322014681704,-0.07731484047508275,0.1373503042231439,-0.8,-0.14285714285714285,0.6604858898858135,left,top
002,False,35,40.0,60.0,2158.702880859375,1960.7318115234375,2158.4745698098573,1960.6065301135927,-0.2283110495177425,-0.12528140984477432,0.2604253577987124,-0.6,-0.14285714285714285,0.4983193229757469,left,top
002,False,36,60.0,60.0,1958.044677734375,1951.9373779296875,1957.8348571575825,1951.8991538351816,-0.209820576792481,-0.038224094505949324,0.21327389865224755,-0.4,-0.14285714285714285,0.3377779740177616,left,top
002,False,37,80.0,60.0,1753.0709228515625,1942.960693359375,1752.918622321234,1942.9683167539918,-0.1523005303286027,0.0076233946167576505,0.152491205267243,-0.2,-0.14285714285714285,0.18318582636182795,left,top
002,False,38,100.0,60.0,1543.6826171875,1933.44287109375,1543.6325447350835,1933.8089767463698,-0.050072452416543456,0.3661056526198081,0.36951400429643066,0.0,-0.14285714285714285,0.08192319205190404,center,top
002,False,39,120.0,60.0,1330.0299072265625,1924.4259033203125,1329.8775639684015,1924.4175159961553,-0.15234325816095406,-0.008387324157183684,0.15257396735227402,0.2,-0.14285714285714285,0.18318582636182795,right,top
002,False,40,140.0,60.0,1111.69873046875,1914.7904052734375,1111.5437238263462,1914.791894437919,-0.15500664240380502,0.0014891644814269966,0.1550137955156051,0.4,-0.14285714285714285,0.3377779740177616,right,top
002,False,41,160.0,60.0,888.579345703125,1904.9161376953125,888.5034110342763,1904.9317973898776,-0.07593466884873123,0.015659694565101745,0.07753257358709789,0.6,-0.14285714285714285,0.4983193229757469,right,top
002,False,42,180.0,60.0,660.63330078125,1894.84619140625,660.6026119247622,1894.8387712402468,-0.03068885648781361,-0.007420166003157647,0.03157316544225548,0.8,-0.14285714285714285,0.6604858898858135,right,top
002,False,43,200.0,60.0,427.59783935546875,1884.5380859375,427.6497299131722,1884.5163392026543,0.05189055770347295,-0.021746734845692117,0.05626322471407318,1.0,-0.14285714285714285,0.8233178906068351,right,top
002,False,44,0.0,80.0,2560.158203125,1768.1123046875,2560.3643820070793,1768.0488860583819,0.20617888207925716,-0.06341862911813223,0.21571196984561483,-1.0,0.14285714285714285,0.8233178906068351,left,bottom
002,False,45,20.0,80.0,2368.267822265625,1757.65380859375,2368.169709028094,1757.5733267154003,-0.09811323753092438,-0.08048187834970122,0.12689972467068514,-0.8,0.14285714285714285,0.6604858898858135,left,bottom
002,False,46,40.0,80.0,2172.057373046875,1746.9039306640625,2171.8837946716963,1746.854718658884,-0.1735783751787494,-0.0492120051785605,0.18041971561719455,-0.6,0.14285714285714285,0.4983193229757469,left,bottom
002,False,47,60.0,80.0,1971.583984375,1735.926025390625,1971.4151074431143,1735.8860984262988,-0.16887693188573394,-0.03992696432624143,0.1735326499637684,-0.4,0.14285714285714285,0.3377779740177616,left,bottom
002,False,48,80.0,80.0,1766.772216796875,1724.6734619140625,1766.6732843067518,1724.6611057294017,-0.09893249012316119,-0.012356184660802683,0.09970111785402028,-0.2,0.14285714285714285,0.18318582636182795,left,bottom
002,False,49,100.0,80.0,1557.6424560546875,1713.1680908203125,1557.566358610934,1713.1739717597754,-0.07609744375349692,0.00588093946294066,0.07632434994668084,0.0,0.14285714285714285,0.08192319205190404,center,bottom
002,False,50,120.0,80.0,1344.20556640625,1701.474853515625,1343.99695657772,1701.4194753487664,-0.20860982852991583,-0.05537816685864527,0.21583512671459398,0.2,0.14285714285714285,0.18318582636182795,right,bottom
002,False,51,140.0,80.0,1125.98876953125,1689.441650390625,1125.857209307609,1689.3928570165708,-0.13156022364091768,-0.048793374054184824,0.14031709017806732,0.4,0.14285714285714285,0.3377779740177616,right,bottom
002,False,52,160.0,80.0,903.075439453125,1677.1285400390625,903.0220724837363,1677.0896785702146,-0.053366969388662255,-0.03886146884792652,0.06601702191669037,0.6,0.14285714285714285,0.4983193229757469,right,bottom
002,False,53,180.0,80.0,675.3560180664062,1664.5462646484375,675.3406797212488,1664.5056130105381,-0.01533834515748822,-0.04065163789937287,0.04344905633120208,0.8,0.14285714285714285,0.6604858898858135,right,bottom
002,False,54,200.0,80.0,442.56744384765625,1651.7022705078125,442.62527537206347,1651.6361459694233,0.05783152440722006,-0.06612453838920374,0.08784611427062763,1.0,0.14285714285714285,0.8233178906068351,right,bottom
002,False,55,0.0,100.0,2573.260986328125,1558.7266845703125,2573.390669424134,1558.7726791480134,0.12968309600910288,0.04599457770086701,0.13759798896926978,-1.0,0.42857142857142855,0.8553032352102229,left,bottom
002,False,56,20.0,100.0,2381.34033203125,1546.10205078125,2381.3762668642785,1546.1022493116143,0.03593483302847744,0.000198530364286853,0.03593538143793797,-0.8,0.42857142857142855,0.6999520597198355,left,bottom
002,False,57,40.0,100.0,2185.419921875,1533.1207275390625,2185.273901711983,1533.1561838608245,-0.1460201630170559,0.03545632176201252,0.1502632315652067,-0.6,0.42857142857142855,0.5495574790854838,left,bottom
002,False,58,60.0,100.0,1985.13037109375,1519.9354248046875,1984.9923827845005,1519.928052687459,-0.137988309249522,-0.007372117228442221,0.13818509905909396,-0.4,0.42857142857142855,0.40961596025952024,left,bottom
002,False,59,80.0,100.0,1780.4964599609375,1506.409423828125,1780.4417826042095,1506.411520888034,-0.054677356728007,0.0020970599089196185,0.05471755658856973,-0.2,0.42857142857142855,0.295378269592824,left,bottom
002,False,60,100.0,100.0,1571.5828857421875,1492.5458984375,1571.530689897078,1492.6001739146068,-0.05219584510950881,0.05427547710678482,0.07530095392400389,0.0,0.42857142857142855,0.24576957615571215,center,bottom
002,False,61,120.0,100.0,1358.2987060546875,1478.512939453125,1358.1624362034884,1478.4872762412533,-0.13626985119913115,-0.025663211871687963,0.13866532655788358,0.2,0.42857142857142855,0.295378269592824,right,bottom
002,False,62,140.0,100.0,1140.2828369140625,1464.0518798828125,1140.2300447289235,1464.0654471213288,-0.052792185138969216,0.013567238516316138,0.05450765792717399,0.4,0.42857142857142855,0.40961596025952024,right,bottom
002,False,63,160.0,100.0,917.6358642578125,1449.294677734375,917.6095950434003,1449.3262334441567,-0.02626921441219565,0.031555709781741825,0.04105891432640937,0.6,0.42857142857142855,0.5495574790854838,right,bottom
002,False,64,180.0,100.0,690.0377197265625,1434.229736328125,690.1516312985786,1434.2595553846395,0.11391157201614988,0.029819056514497788,0.11774982959905,0.8,0.42857142857142855,0.6999520597198355,right,bottom
002,False,65,200.0,100.0,457.6145324707031,1418.911376953125,457.67016185868397,1418.852995317275,0.0556293879808436,-0.0583816358500826,0.08064145467223961,1.0,0.42857142857142855,0.8553032352102229,right,bottom
002,False,66,0.0,120.0,2586.099853515625,1349.5638427734375,2586.3661135660736,1349.5955499328704,0.2662600504486363,0.031707159432926346,0.2681413030926332,-1.0,0.7142857142857143,0.9159291318091396,left,bottom
002,False,67,20.0,120.0,2394.507568359375,1334.6806640625,2394.5451561194336,1334.7333114244864,0.03758776005861364,0.05264736198637365,0.06468836394861267,-0.8,0.7142857142857143,0.7728618480955124,left,bottom
002,False,68,40.0,120.0,2198.71923828125,1319.5438232421875,2198.6413972843056,1319.5630713232867,-0.07784099694436009,0.019248081099249248,0.08018546895351522,-0.6,0.7142857142857143,0.6398405841726221,left,bottom
002,False,69,60.0,120.0,1998.6376953125,1304.043212890625,1998.5634883175205,1304.0788998760477,-0.0742069949794768,0.03568698542267157,0.08234220687133706,-0.4,0.7142857142857143,0.5245643766354129,left,bottom
002,False,70,80.0,120.0,1794.2183837890625,1288.286865234375,1794.221308375304,1288.2744470973041,0.0029245862415336887,-0.01241813707088113,0.012757873372759283,-0.2,0.7142857142857143,0.4411698907260348,left,bottom
002,False,71,100.0,120.0,1585.4989013671875,1272.162841796875,1585.5232187845472,1272.1426037662984,0.02431741735972537,-0.02023803057659279,0.031637235477616835,0.0,0.7142857142857143,0.40961596025952024,center,bottom
002,False,72,120.0,120.0,1372.4315185546875,1255.6339111328125,1372.372293331102,1255.6750614914854,-0.05922522358559945,0.04115035867289407,0.07211781421862475,0.2,0.7142857142857143,0.4411698907260348,right,bottom
002,False,73,140.0,120.0,1154.6754150390625,1238.9281005859375,1154.6612732874423,1238.8617489488772,-0.014141751620172727,-0.06635163706027924,0.06784194041642441,0.4,0.7142857142857143,0.5245643766354129,right,bottom
002,False,74,160.0,120.0,932.0994873046875,1221.7177734375,932.2659415334178,1221.6901166422922,0.16645422873034477,-0.027656795207803953,0.16873621005397846,0.6,0.7142857142857143,0.6398405841726221,right,bottom
002,False,75,180.0,120.0,704.9259643554688,1204.072021484375,705.0365443693622,1204.1442368030034,0.11058001389346828,0.07221531862842312,0.13207191873098653,0.8,0.7142857142857143,0.7728618480955124,right,bottom
002,False,76,200.0,120.0,472.65191650390625,1186.33642578125,472.7868100774083,1186.203678141448,0.13489357350204045,-0.13274763980189164,0.18925699998975773,1.0,0.7142857142857143,0.9159291318091396,right,bottom
002,False,77,0.0,140.0,2599.076904296875,1140.5587158203125,2599.2886497734535,1140.5646264424684,0.21174547657847143,0.005910622155852252,0.21182795449541886,-1.0,1.0,1.0,left,bottom
002,False,78,20.0,140.0,2407.640869140625,1123.498046875,2407.6738285002134,1123.5164655849753,0.03295935958840346,0.01841870997532169,0.03775669823531578,-0.8,1.0,0.8708554769564043,left,bottom
002,False,79,40.0,140.0,2211.9970703125,1106.0733642578125,2211.983238125293,1106.1276345882852,-0.013832187206844537,0.05427033047271834,0.05600534057162098,-0.6,1.0,0.7552945112058728,left,bottom
002,False,80,60.0,140.0,2012.08056640625,1088.367919921875,2012.1248789192018,1088.392570691995,0.04431251295181937,0.02465077011993344,0.050707585937519874,-0.4,1.0,0.6604858898858135,left,bottom
002,False,81,80.0,140.0,1807.9439697265625,1070.3065185546875,1808.0078133201212,1070.304754289404,0.06384359355865854,-0.0017642652835547779,0.06386796591777402,-0.2,1.0,0.5964098406184939,left,bottom
002,False,82,100.0,140.0,1599.4874267578125,1051.8702392578125,1599.5393993834168,1051.8562029763393,0.051972625604321365,-0.014036281473181589,0.053834663645288446,0.0,1.0,0.5734623443633283,center,bottom
002,False,83,120.0,140.0,1386.5753173828125,1033.005126953125,1386.6214985456595,1033.0368298678623,0.04618116284700591,0.031702914737252286,0.05601584244425113,0.2,1.0,0.5964098406184939,right,bottom
002,False,84,140.0,140.0,1169.0714111328125,1013.8511962890625,1169.1454064436055,1013.8336367763893,0.0739953107929523,-0.017559512673187783,0.0760502630150971,0.4,1.0,0.6604858898858135,right,bottom
002,False,85,160.0,140.0,946.814208984375,994.247314453125,946.9852012144818,994.2297068894145,0.17099223010677633,-0.017607563710498653,0.17189639047027142,0.6,1.0,0.7552945112058728,right,bottom
002,False,86,180.0,140.0,719.768798828125,974.3828735351562,719.9891380228114,974.2029544329063,0.22033919468640306,-0.17991910224998264,0.2844648380195562,0.8,1.0,0.8708554769564043,right,bottom
002,False,87,200.0,140.0,487.7349853515625,953.8019409179688,487.96863911315177,953.7245802120149,0.23365376158926665,-0.077360705953879,0.24612752615361083,1.0,1.0,1.0,right,bottom
003,False,0,0.0,0.0,2736.579833984375,460.31072998046875,2736.6163046216343,460.4827410334244,0.03647063725929911,0.17201105295566776,0.17583489335458113,-1.0,-1.0,1.0,left,top
003,False,1,20.0,0.0,2714.75390625,686.806396484375,2714.6839135099444,687.0305392852443,-0.06999274005556799,0.22414280086934468,0.23481690493241966,-0.8,-1.0,0.8708554769564043,left,top
003,False,2,40.0,0.0,2693.11328125,909.166748046875,2693.1376247986977,909.2256958741472,0.024343548697743245,0.05894782727216352,0.06377659996666664,-0.6,-1.0,0.7552945112058728,left,top
003,False,3,60.0,0.0,2671.971923828125,1127.0390625,2671.961123365896,1127.1666712972312,-0.010800462228871766,0.12760879723123253,0.12806504251808573,-0.4,-1.0,0.6604858898858135,left,top
003,False,4,80.0,0.0,2651.132080078125,1340.6761474609375,2651.1429006858,1340.9364337413774,0.010820607675213978,0.26028628043991375,0.26051110021591467,-0.2,-1.0,0.5964098406184939,left,top
003,False,5,100.0,0.0,2630.626708984375,1550.4107666015625,2630.6750426715957,1550.6092882359717,0.04833368722074738,0.19852163440918957,0.20432078858708666,0.0,-1.0,0.5734623443633283,center,top
003,False,6,120.0,0.0,2610.5830078125,1756.12255859375,2610.552242718956,1756.2561478710395,-0.030765093543777766,0.1335892772895022,0.13708605322019052,0.2,-1.0,0.5964098406184939,right,top
003,False,7,140.0,0.0,2590.72314453125,1957.7554931640625,2590.7710032183095,1957.9485281918492,0.04785868705948815,0.1930350277866637,0.19887929977666366,0.4,-1.0,0.6604858898858135,right,top
003,False,8,160.0,0.0,2571.3544921875,2155.6982421875,2571.328994511082,2155.761499524837,-0.025497676418126503,0.06325733733683592,0.06820280221273713,0.6,-1.0,0.7552945112058728,right,top
003,False,9,180.0,0.0,2552.3564453125,2349.573974609375,2552.2245450942046,2349.7757930525454,-0.13190021829541365,0.20181844317039577,0.24109821979869542,0.8,-1.0,0.8708554769564043,right,top
003,False,10,200.0,0.0,2533.483154296875,2539.882080078125,2533.456240964404,2540.079223750945,-0.026913332470940077,0.19714367281994782,0.19897224730507013,1.0,-1.0,1.0,right,top
003,False,11,0.0,20.0,2506.6416015625,445.7000732421875,2506.655954635321,445.7332615855985,0.014353072820995294,0.03318834341098409,0.03615904918233062,-1.0,-0.7142857142857143,0.9159291318091396,left,top
003,False,12,20.0,20.0,2486.883544921875,672.7698974609375,2486.9413776200076,672.7571065320592,0.05783269813264269,-0.01279092887830302,0.05923030334947796,-0.8,-0.7142857142857143,0.7728618480955124,left,top
003,False,13,40.0,20.0,2467.51171875,895.4827880859375,2467.579643554655,895.4216230004596,0.0679248046549219,-0.06116508547791,0.0914053979200864,-0.6,-0.7142857142857143,0.6398405841726221,left,top
003,False,14,60.0,20.0,2448.50146484375,1113.78466796875,2448.5586110641125,1113.8227554948137,0.05714622036248329,0.03808752606369126,0.06867568815359523,-0.4,-0.7142857142857143,0.5245643766354129,left,top
003,False,15,80.0,20.0,2429.868408203125,1327.9300537109375,2429.8694485766596,1328.0413400968341,0.0010403735345789755,0.11128638589661932,0.11129124881599058,-0.2,-0.7142857142857143,0.4411698907260348,left,top
003,False,16,100.0,20.0,2411.453857421875,1538.0780029296875,2411.5057069250997,1538.1499169105555,0.05184950322473014,0.07191398086797562,0.08865659382657821,0.0,-0.7142857142857143,0.40961596025952024,center,top
003,False,17,120.0,20.0,2393.52099609375,1744.105224609375,2393.462573144732,1744.2179801771274,-0.058422949018222425,0.11275556775240148,0.1269923581604508,0.2,-0.7142857142857143,0.4411698907260348,right,top
003,False,18,140.0,20.0,2375.8828125,1946.302734375,2375.736275077127,1946.3159487265948,-0.14653742287282512,0.013214351594797336,0.14713203386849547,0.4,-0.7142857142857143,0.5245643766354129,right,top
003,False,19,160.0,20.0,2358.275634765625,2144.48291015625,2358.323611195393,2144.518092729852,0.04797642976791394,0.0351825736020146,0.059494128269407844,0.6,-0.7142857142857143,0.6398405841726221,right,top
003,False,20,180.0,20.0,2341.244140625,2339.021240234375,2341.221584124294,2338.9046134971913,-0.02255650070583215,-0.11662673718365113,0.11878801096994863,0.8,-0.7142857142857143,0.7728618480955124,right,top
003,False,21,200.0,20.0,2324.448974609375,2529.690185546875,2324.4271197548865,2529.563040141144,-0.021854854488537967,-0.1271454057309711,0.12901003396328686,1.0,-0.7142857142857143,0.9159291318091396,right,top
003,False,22,0.0,40.0,2275.917724609375,431.06121826171875,2275.969205395918,431.0071180276234,0.05148078654292476,-0.054100234095358246,0.0746800288715179,-1.0,-0.42857142857142855,0.8553032352102229,left,top
003,False,23,20.0,40.0,2258.510009765625,658.5753173828125,2258.4802483633666,658.4978589229187,-0.029761402258372982,-0.07745845989381905,0.08297923881012083,-0.8,-0.42857142857142855,0.6999520597198355,left,top
003,False,24,40.0,40.0,2241.368896484375,881.62451171875,2241.3131698246984,881.6190012116817,-0.05572665967656576,-0.005510507068265724,0.05599844896831686,-0.6,-0.42857142857142855,0.5495574790854838,left,top
003,False,25,60.0,40.0,2224.481689453125,1100.5421142578125,2224.459620599283,1100.4654216670674,-0.022068853842029057,-0.07669259074509682,0.079804685232734,-0.4,-0.42857142857142855,0.40961596025952024,left,top
003,False,26,80.0,40.0,2207.890625,1315.1898193359375,2207.9130989607024,1315.1170371353828,0.022473960702427576,-0.0727822005546841,0.07617301114723322,-0.2,-0.42857142857142855,0.295378269592824,left,top
003,False,27,100.0,40.0,2191.648193359375,1525.5582275390625,2191.668306060249,1525.6456319177132,0.02011270087405137,0.08740437865071726,0.08968860654379142,0.0,-0.42857142857142855,0.24576957615571215,center,top
003,False,28,120.0,40.0,2175.719482421875,1732.0660400390625,2175.7206384957285,1732.1201143481628,0.0011560738535081327,0.05407430910031508,0.05408666574518328,0.2,-0.42857142857142855,0.295378269592824,right,top
003,False,29,140.0,40.0,2160.072509765625,1934.640869140625,2160.0657940162378,1934.6104873221134,-0.006715749387240066,-0.030381818511614256,0.031115208273525697,0.4,-0.42857142857142855,0.40961596025952024,right,top
003,False,30,160.0,40.0,2144.742919921875,2133.255859375,2144.6994702500488,2133.1907704055466,-0.043449671826238045,-0.06508896945342713,0.0782588520636289,0.6,-0.42857142857142855,0.5495574790854838,right,top
003,False,31,180.0,40.0,2129.66162109375,2328.11474609375,2129.6171396213463,2327.941071598748,-0.04448147240373146,-0.17367449500216026,0.17928031571106548,0.8,-0.42857142857142855,0.6999520597198355,right,top
003,False,32,200.0,40.0,2114.833984375,2518.989013671875,2114.8138863806616,2518.948973621819,-0.02009799433835724,-0.04004005005617728,0.04480106008707631,1.0,-0.42857142857142855,0.8553032352102229,right,top
003,False,33,0.0,60.0,2044.69873046875,416.4300842285156,2044.6017198648935,416.314206992673,-0.09701060385646088,-0.11587723584261767,0.1511244224045896,-1.0,-0.14285714285714285,0.8233178906068351,left,top
003,False,34,20.0,60.0,2029.3795166015625,644.4194946289062,2029.3500206673662,644.2612163562118,-0.029495934196347662,-0.15827827269447425,0.16100317307823975,-0.8,-0.14285714285714285,0.6604858898858135,left,top
003,False,35,40.0,60.0,2014.44287109375,867.9682006835938,2014.390095270442,867.8247881974977,-0.052775823307911196,-0.14341248609605373,0.15281501462251235,-0.6,-0.14285714285714285,0.4983193229757469,left,top
003,False,36,60.0,60.0,1999.759033203125,1087.240478515625,1999.7171869192293,1087.1002054502346,-0.04184628389566569,-0.14027306539037454,0.14638184433149126,-0.4,-0.14285714285714285,0.3377779740177616,left,top
003,False,37,80.0,60.0,1985.3048095703125,1302.2401123046875,1985.3269385944166,1302.1676987229446,0.02212902410406059,-0.07241358174292145,0.0757193537256946,-0.2,-0.14285714285714285,0.18318582636182795,left,top
003,False,38,100.0,60.0,1970.7027587890625,1513.22705078125,1971.2150314634607,1513.099321137528,0.5122726743982184,-0.12772964372197748,0.5279565842192391,0.0,-0.14285714285714285,0.08192319205190404,center,top
003,False,39,120.0,60.0,1957.3917236328125,1720.0289306640625,1957.3769161381751,1719.9642396844904,-0.014807494637352647,-0.06469097957210579,0.06636403194075716,0.2,-0.14285714285714285,0.18318582636182795,right,top
003,False,40,140.0,60.0,1943.8306884765625,1922.9901123046875,1943.8076191800346,1922.8327304841557,-0.023069296527864935,-0.15738182053178207,0.15906360324156066,0.4,-0.14285714285714285,0.3377779740177616,right,top
003,False,41,160.0,60.0,1930.495361328125,2121.9794921875,1930.5016102675218,2121.7791177280287,0.006248939396755304,-0.20037445947127708,0.20047187646148967,0.6,-0.14285714285714285,0.4983193229757469,right,top
003,False,42,180.0,60.0,1917.476318359375,2317.006591796875,1917.4527179286322,2316.8838561122084,-0.02360043074281748,-0.12273568466662255,0.12498411347779817,0.8,-0.14285714285714285,0.6604858898858135,right,top
003,False,43,200.0,60.0,1904.7069091796875,2508.3173828125,1904.6540838246399,2508.234923036881,-0.05282535504761654,-0.08245977561909967,0.09792922306982227,1.0,-0.14285714285714285,0.8233178906068351,right,top
003,False,44,0.0,80.0,1812.730224609375,401.8423767089844,1812.6040187044755,401.65888483698996,-0.126205904899507,-0.18349187199441985,0.22270428266991177,-1.0,0.14285714285714285,0.8233178906068351,left,bottom
003,False,45,20.0,80.0,1799.69482421875,630.0625,1799.6048051396199,630.0514438610339,-0.09001907913011564,-0.01105613896606883,0.09069549501640667,-0.8,0.14285714285714285,0.6604858898858135,left,bottom
003,False,46,40.0,80.0,1786.970458984375,854.2119140625,1786.8666703573958,854.043045702077,-0.10378862697916702,-0.16886836042294817,0.19821352688995625,-0.6,0.14285714285714285,0.4983193229757469,left,bottom
003,False,47,60.0,80.0,1774.4134521484375,1073.8487548828125,1774.3884360905436,1073.7308901503584,-0.025016057893935795,-0.11786473245410889,0.12049024155105431,-0.4,0.14285714285714285,0.3377779740177616,left,bottom
003,False,48,80.0,80.0,1762.18017578125,1289.291259765625,1762.1678703133502,1289.1967848224306,-0.01230546789975051,-0.0944749431944274,0.09527297324961614,-0.2,0.14285714285714285,0.18318582636182795,left,bottom
003,False,49,100.0,80.0,1750.22265625,1500.576904296875,1750.201611144741,1500.514100959872,-0.021045105258963304,-0.06280333700306073,0.06623560669368751,0.0,0.14285714285714285,0.08192319205190404,center,bottom
003,False,50,120.0,80.0,1738.559326171875,1707.7872314453125,1738.4851386817334,1707.7531287181498,-0.0741874901416395,-0.034102727162689916,0.08165035023469726,0.2,0.14285714285714285,0.18318582636182795,right,bottom
003,False,51,140.0,80.0,1727.05615234375,1911.1279296875,1727.0127837536866,1910.9851225400782,-0.043368590063437296,-0.14280714742176315,0.1492471639892419,0.4,0.14285714285714285,0.3377779740177616,right,bottom
003,False,52,160.0,80.0,1715.7528076171875,2110.396728515625,1715.777764620542,2110.2852790235215,0.02495700335452966,-0.11144949210347477,0.11420963753799628,0.6,0.14285714285714285,0.4983193229757469,right,bottom
003,False,53,180.0,80.0,1704.8192138671875,2305.9033203125,1704.7722443231369,2305.7348492600477,-0.0469695440506257,-0.16847105245233251,0.17489606508643996,0.8,0.14285714285714285,0.6604858898858135,right,bottom
003,False,54,200.0,80.0,1694.0836181640625,2497.646240234375,1693.9874027889346,2497.422553694573,-0.0962153751279402,-0.22368653980220188,0.243501676584972,1.0,0.14285714285714285,0.8233178906068351,right,bottom
003,False,55,0.0,100.0,1580.1392822265625,387.06048583984375,1580.02523619357,387.0394122925147,-0.11404603299251903,-0.021073547329024223,0.11597668747795552,-1.0,0.42857142857142855,0.8553032352102229,left,bottom
003,False,56,20.0,100.0,1569.3033447265625,615.84912109375,1569.2973897073675,615.8681632502364,-0.005955019194971101,0.019042156486420936,0.01995159084548942,-0.8,0.42857142857142855,0.6999520597198355,left,bottom
003,False,57,40.0,100.0,1558.7806396484375,840.3812255859375,1558.7978533478185,840.2745119121763,0.017213699381045444,-0.10671367376119179,0.10809310622787688,-0.6,0.42857142857142855,0.5495574790854838,left,bottom
003,False,58,60.0,100.0,1548.510498046875,1060.4901123046875,1548.5292045875735,1060.3591341896445,0.01870654069853117,-0.13097811504303536,0.13230722310264248,-0.4,0.42857142857142855,0.40961596025952024,left,bottom
003,False,59,80.0,100.0,1538.5101318359375,1276.3277587890625,1538.4914867637553,1276.2067188516216,-0.018645072182152944,-0.12103993744085528,0.12246756783885215,-0.2,0.42857142857142855,0.295378269592824,left,bottom
003,False,60,100.0,100.0,1528.61669921875,1487.9007568359375,1528.6824231639162,1487.8930388848692,0.06572394516615532,-0.007717951068343609,0.06617555241097076,0.0,0.42857142857142855,0.24576957615571215,center,bottom
003,False,61,120.0,100.0,1519.1322021484375,1695.52880859375,1519.0976333682788,1695.4904008180151,-0.03456878015867915,-0.038407775734867755,0.05167356963244349,0.2,0.42857142857142855,0.295378269592824,right,bottom
003,False,62,140.0,100.0,1509.70458984375,1899.105224609375,1509.7308475173545,1899.0717663999549,0.026257673604504816,-0.033458209420132334,0.0425313672566747,0.4,0.42857142857142855,0.40961596025952024,right,bottom
003,False,63,160.0,100.0,1500.4713134765625,2098.776611328125,1500.5741152457408,2098.713792188414,0.1028017691783134,-0.06281913971088215,0.12047592315565198,0.6,0.42857142857142855,0.5495574790854838,right,bottom
003,False,64,180.0,100.0,1491.494384765625,2294.65087890625,1491.618006886557,2294.4989916322256,0.12362212093194103,-0.15188727402437507,0.1958371078071443,0.8,0.42857142857142855,0.6999520597198355,right,bottom
003,False,65,200.0,100.0,1482.78515625,2486.533203125,1482.8518052438476,2486.5171898562885,0.06664899384759337,-0.01601326871150377,0.06854570121986765,1.0,0.42857142857142855,0.8553032352102229,right,bottom
003,False,66,0.0,120.0,1347.00830078125,372.46002197265625,1346.9066192850275,372.44737958944916,-0.10168149622245437,-0.012642383207094099,0.10246441590714318,-1.0,0.7142857142857143,0.9159291318091396,left,bottom
003,False,67,20.0,120.0,1338.3111572265625,601.6696166992188,1338.4730594963764,601.7058473576899,0.16190226981393607,0.03623065847114049,0.16590661705958862,-0.8,0.7142857142857143,0.7728618480955124,left,bottom
003,False,68,40.0,120.0,1330.160888671875,826.51025390625,1330.2314315951364,826.5161583340044,0.07054292326142786,0.005904427754444441,0.07078959167402474,-0.6,0.7142857142857143,0.6398405841726221,left,bottom
003,False,69,60.0,120.0,1322.14794921875,1047.09521484375,1322.1884439901155,1046.9840847577248,0.04049477136550195,-0.11113008602524133,0.11827815744219984,-0.4,0.7142857142857143,0.5245643766354129,left,bottom
003,False,70,80.0,120.0,1314.204833984375,1263.1544189453125,1314.3467417693198,1263.198552792734,0.14190778494480583,0.04413384742156268,0.14861230068931386,-0.2,0.7142857142857143,0.4411698907260348,left,bottom
003,False,71,100.0,120.0,1306.6671142578125,1475.1868896484375,1306.7054181052044,1475.2388652694476,0.038303847391944146,0.05197562101011499,0.06456508270274618,0.0,0.7142857142857143,0.40961596025952024,center,bottom
003,False,72,120.0,120.0,1299.168701171875,1683.03466796875,1299.2604811709948,1683.180276198285,0.09177999911980805,0.1456082295349006,0.1721200881556835,0.2,0.7142857142857143,0.4411698907260348,right,bottom
003,False,73,140.0,120.0,1292.0089111328125,1887.0052490234375,1292.005279077897,1887.0982158547472,-0.0036320549154424953,0.09296683130969541,0.09303775334064206,0.4,0.7142857142857143,0.5245643766354129,right,bottom
003,False,74,160.0,120.0,1284.920166015625,2087.204345703125,1284.9308854289222,2087.071415668743,0.010719413297238134,-0.13293003438184314,0.1333615381667256,0.6,0.7142857142857143,0.6398405841726221,right,bottom
003,False,75,180.0,120.0,1278.0150146484375,2283.134765625,1278.0264481064357,2283.184140567596,0.011433457998236918,0.049374942595932225,0.05068144550177166,0.8,0.7142857142857143,0.7728618480955124,right,bottom
003,False,76,200.0,120.0,1271.3558349609375,2475.408935546875,1271.2795038833651,2475.5277015381434,-0.07633107757237667,0.11876599126844667,0.1411800059687523,1.0,0.7142857142857143,0.9159291318091396,right,bottom
003,False,77,0.0,140.0,1113.38330078125,357.7322692871094,1113.2747624476447,357.8671115207335,-0.10853833360533827,0.13484223362411285,0.1730982317372524,-1.0,1.0,1.0,left,bottom
003,False,78,20.0,140.0,1107.2193603515625,587.4992065429688,1107.163168096034,587.5532963891294,-0.05619225552845819,0.05408984616065027,0.07799539113985103,-0.8,1.0,0.8708554769564043,left,bottom
003,False,79,40.0,140.0,1101.122802734375,812.69775390625,1101.2019087506633,812.7607307395222,0.07910601628827862,0.06297683327215964,0.10111302261326578,-0.6,1.0,0.7552945112058728,left,bottom
003,False,80,60.0,140.0,1095.4384765625,1033.59423828125,1095.4024051288868,1033.6019772943837,-0.036071433613187764,0.007739013133686967,0.0368922843856814,-0.4,1.0,0.6604858898858135,left,bottom
003,False,81,80.0,140.0,1089.7967529296875,1250.095458984375,1089.7704137677129,1250.1716197212595,-0.02633916197464714,0.07616073688450342,0.08058665706131045,-0.2,1.0,0.5964098406184939,left,bottom
003,False,82,100.0,140.0,1084.281494140625,1462.342529296875,1084.3068454006661,1462.5536739243182,0.025351260041134083,0.21114462744321827,0.21266109207800246,0.0,1.0,0.5734623443633283,center,bottom
003,False,83,120.0,140.0,1078.88427734375,1670.6094970703125,1079.0084907427308,1670.8273200675371,0.12421339898082806,0.21782299722462994,0.250750526632132,0.2,1.0,0.5964098406184939,right,bottom
003,False,84,140.0,140.0,1073.826171875,1874.83740234375,1073.868663230398,1875.0712591782149,0.04249135539794224,0.23385683446485928,0.23768578903560647,0.4,1.0,0.6604858898858135,right,bottom
003,False,85,160.0,140.0,1068.8668212890625,2075.267822265625,1068.877767334693,2075.366947792183,0.010946045630589651,0.09912552655805484,0.09972805989468855,0.6,1.0,0.7552945112058728,right,bottom
003,False,86,180.0,140.0,1064.0321044921875,2271.688720703125,1064.023800219476,2271.8009218334205,-0.008304272711484373,0.11220113029548884,0.1125080200912449,0.8,1.0,0.8708554769564043,right,bottom
003,False,87,200.0,140.0,1059.353759765625,2464.050048828125,1059.2927937491054,2464.4663854632404,-0.06096601651961464,0.41633663511538543,0.4207767209690568,1.0,1.0,1.0,right,bottom
004,False,0,0.0,0.0,328.2176208496094,306.6918640136719,328.19957821667185,306.70071276250565,-0.018042632937522285,0.008848748833770514,0.020095695042503983,-1.0,-1.0,1.0,left,top
004,False,1,20.0,0.0,557.2803955078125,301.7099914550781,557.313907242085,301.75410889243926,0.03351173427245158,0.04411743736113749,0.05540202715841087,-0.8,-1.0,0.8708554769564043,left,top
004,False,2,40.0,0.0,785.7228393554688,296.812255859375,785.7313112534987,296.7661038078611,0.00847189802993853,-0.046152051513900005,0.04692318100013421,-0.6,-1.0,0.7552945112058728,left,top
004,False,3,60.0,0.0,1013.52001953125,291.8558349609375,1013.5144573635396,291.77427458434886,-0.005562167710422727,-0.08156037658864079,0.08174981797484185,-0.4,-1.0,0.6604858898858135,left,top
004,False,4,80.0,0.0,1240.7354736328125,286.9244079589844,1240.692725544019,286.8098539219968,-0.04274808879358716,-0.11455403698755617,0.12227030091420729,-0.2,-1.0,0.5964098406184939,left,top
004,False,5,100.0,0.0,1467.3668212890625,281.95709228515625,1467.2689505673595,281.89779629100667,-0.09787072170297506,-0.0592959941495792,0.11443204572517318,0.0,-1.0,0.5734623443633283,center,top
004,False,6,120.0,0.0,1693.2645263671875,277.16326904296875,1693.2258747117469,277.05684540240054,-0.038651655440617105,-0.10642364056820952,0.11322518156351809,0.2,-1.0,0.5964098406184939,right,top
004,False,7,140.0,0.0,1918.5389404296875,272.3702697753906,1918.5323203576759,272.2996029142312,-0.006620072011628508,-0.07066686115945231,0.0709762680025405,0.4,-1.0,0.6604858898858135,right,top
004,False,8,160.0,0.0,2143.17236328125,267.634765625,2143.1490913444572,267.6325982869548,-0.023271936792752967,-0.002167338045182987,0.023372642047658772,0.6,-1.0,0.7552945112058728,right,top
004,False,9,180.0,0.0,2367.08203125,262.9534912109375,2367.0346117032213,263.0563597047317,-0.047419546778655786,0.10286849379417617,0.11327197549339195,0.8,-1.0,0.8708554769564043,right,top
004,False,10,200.0,0.0,2590.203857421875,258.6028747558594,2590.1503101379017,258.56548598249265,-0.053547283973330195,-0.037388773366728856,0.06530874363199064,1.0,-1.0,1.0,right,top
004,False,11,0.0,20.0,333.8849182128906,533.279296875,333.90394286175865,533.241091148595,0.019024648868025906,-0.038205726404953566,0.04268037950489482,-1.0,-0.7142857142857143,0.9159291318091396,left,top
004,False,12,20.0,20.0,562.9869384765625,527.94287109375,563.0872171563615,527.9156093416749,0.10027867979897565,-0.027261752075105505,0.1039183176751337,-0.8,-0.7142857142857143,0.7728618480955124,left,top
004,False,13,40.0,20.0,791.6829833984375,522.5006103515625,791.6114340399979,522.5667216304041,-0.0715493584395972,0.0661112788416176,0.09741669201523974,-0.6,-0.7142857142857143,0.6398405841726221,left,top
004,False,14,60.0,20.0,1019.53515625,517.2067260742188,1019.5327700754615,517.2249601661991,-0.0023861745385147515,0.018234091980389167,0.018389560605885848,-0.4,-0.7142857142857143,0.5245643766354129,left,top
004,False,15,80.0,20.0,1246.8072509765625,511.987060546875,1246.8742443240367,511.9158190272776,0.06699334747418106,-0.07124151959737901,0.09779295843945053,-0.2,-0.7142857142857143,0.4411698907260348,left,top
004,False,16,100.0,20.0,1473.7249755859375,506.78692626953125,1473.6324762582653,506.6597727091755,-0.09249932767215796,-0.12715356035573677,0.15723916029711313,0.0,-0.7142857142857143,0.40961596025952024,center,top
004,False,17,120.0,20.0,1699.7376708984375,501.5513916015625,1699.7841534663207,501.4722972477175,0.04648256788323124,-0.07909435384499375,0.09174173492569386,0.2,-0.7142857142857143,0.4411698907260348,right,top
004,False,18,140.0,20.0,1925.3052978515625,496.45599365234375,1925.2922183131461,496.36389385196117,-0.013079538416377545,-0.09209980038258436,0.09302390851656032,0.4,-0.7142857142857143,0.5245643766354129,right,top
004,False,19,160.0,20.0,2150.095703125,491.3338317871094,2150.111782463132,491.3401149286906,0.016079338131930854,0.006283141581207019,0.01726334217034634,0.6,-0.7142857142857143,0.6398405841726221,right,top
004,False,20,180.0,20.0,2374.130859375,486.6101989746094,2374.195777915903,486.4015923839729,0.06491854090290872,-0.2086065906364638,0.2184745445353573,0.8,-0.7142857142857143,0.7728618480955124,right,top
004,False,21,200.0,20.0,2597.689208984375,481.4796142578125,2597.500352960552,481.54406809110424,-0.18885602382306388,0.06445383329173637,0.1995517335436017,1.0,-0.7142857142857143,0.9159291318091396,right,top
004,False,22,0.0,40.0,339.5420227050781,760.0274047851562,339.60210632861595,760.1006008524414,0.06008362353782104,0.07319606728515282,0.09469797296377162,-1.0,-0.42857142857142855,0.8553032352102229,left,top
004,False,23,20.0,40.0,568.8075561523438,754.3880004882812,568.8740040852279,754.4311391711647,0.06644793288410256,0.043138682883409274,0.07922293699103528,-0.8,-0.42857142857142855,0.6999520597198355,left,top
004,False,24,40.0,40.0,797.4315795898438,748.720458984375,797.5169796145583,748.7509450163346,0.085400024714545,0.03048603195964006,0.09067834562832017,-0.6,-0.42857142857142855,0.5495574790854838,left,top
004,False,25,60.0,40.0,1025.554931640625,743.0840454101562,1025.581983035566,743.083551509934,0.02705139494105424,-0.0004939002222954514,0.0270559033426437,-0.4,-0.42857142857142855,0.40961596025952024,left,top
004,False,26,80.0,40.0,1253.0670166015625,737.4892578125,1253.0868996438744,737.4487672611626,0.01988304231190341,-0.04049055133737056,0.04510898047153341,-0.2,-0.42857142857142855,0.295378269592824,left,top
004,False,27,100.0,40.0,1480.0751953125,731.9872436523438,1480.0233247041467,731.8626468534246,-0.05187060835328339,-0.12459679891912856,0.13496267006781346,0.0,-0.42857142857142855,0.24576957615571215,center,top
004,False,28,120.0,40.0,1706.3582763671875,726.5023193359375,1706.363047039594,726.337465282455,0.004770672406493759,-0.16485405348248605,0.16492306771587914,0.2,-0.42857142857142855,0.295378269592824,right,top
004,False,29,140.0,40.0,1932.05322265625,720.9285888671875,1932.064250621792,720.8816961899022,0.011027965542098173,-0.046892677285313766,0.04817197532780119,0.4,-0.42857142857142855,0.40961596025952024,right,top
004,False,30,160.0,40.0,2157.0859375,715.5010986328125,2157.0774431023738,715.4999937415632,-0.008494397626236605,-0.0011048912492697127,0.008565954453843824,0.6,-0.42857142857142855,0.5495574790854838,right,top
004,False,31,180.0,40.0,2381.45166015625,710.0978393554688,2381.3511199737372,710.193178004197,-0.1005401825127592,0.09533864872821596,0.13855607616059676,0.8,-0.42857142857142855,0.6999520597198355,right,top
004,False,32,200.0,40.0,2604.9912109375,704.8558349609375,2604.837172798496,704.958223679445,-0.15403813900411478,0.10238871850754094,0.1849626933883356,1.0,-0.42857142857142855,0.8553032352102229,right,top
004,False,33,0.0,60.0,345.2891540527344,987.2936401367188,345.3288324217626,987.2935537074497,0.039678369028251836,-8.642926900392922e-05,0.03967846316026712,-1.0,-0.14285714285714285,0.8233178906068351,left,top
004,False,34,20.0,60.0,574.6405639648438,981.2775268554688,574.7041394113273,981.3071238154229,0.06357544648358271,0.029596959954119484,0.07012715190361463,-0.8,-0.14285714285714285,0.6604858898858135,left,top
004,False,35,40.0,60.0,803.3924560546875,975.3184204101562,803.4729670706904,975.3185256154734,0.08051101600290167,0.00010520531714064418,0.08051108473979371,-0.6,-0.14285714285714285,0.4983193229757469,left,top
004,False,36,60.0,60.0,1031.6846923828125,969.423828125,1031.6823136843218,969.3443116023344,-0.002378698490701936,-0.0795165226655854,0.07955209351950597,-0.4,-0.14285714285714285,0.3377779740177616,left,top
004,False,37,80.0,60.0,1259.3984375,963.4156494140625,1259.3461680312203,963.3986311288465,-0.052269468779741146,-0.017018285215954165,0.05497016825704555,-0.2,-0.14285714285714285,0.18318582636182795,left,top
004,False,38,100.0,60.0,1486.4283447265625,957.7562866210938,1486.452301976341,957.4931525294442,0.023957249778504774,-0.2631340916495901,0.26422244417385243,0.0,-0.14285714285714285,0.08192319205190404,center,top
004,False,39,120.0,60.0,1712.9227294921875,951.6586303710938,1712.968770841976,951.6369905250672,0.046041349788538355,-0.02163984602657365,0.05087326239199091,0.2,-0.14285714285714285,0.18318582636182795,right,top
004,False,40,140.0,60.0,1938.887939453125,945.7918090820312,1938.8501308009113,945.836638720285,-0.037808652213698224,0.044829638253759185,0.05864461312157577,0.4,-0.14285714285714285,0.3377779740177616,right,top
004,False,41,160.0,60.0,2164.179443359375,940.043212890625,2164.04338227027,940.0959070091152,-0.13606108910516923,0.05269411849019434,0.14590849903944403,0.6,-0.14285714285714285,0.4983193229757469,right,top
004,False,42,180.0,60.0,2388.557373046875,934.3755493164062,2388.493648029304,934.4158637115719,-0.06372501757095961,0.04031439516563751,0.0754064209599573,0.8,-0.14285714285714285,0.6604858898858135,right,top
004,False,43,200.0,60.0,2612.269287109375,928.7732543945312,2612.1495945357915,928.7947822683627,-0.1196925735835066,0.0215278738314737,0.12161316344354747,1.0,-0.14285714285714285,0.8233178906068351,right,top
004,False,44,0.0,80.0,351.0447082519531,1214.7830810546875,351.11000359698096,1214.8145094281647,0.06529534502783463,0.03142837347718341,0.07246533475894039,-1.0,0.14285714285714285,0.8233178906068351,left,bottom
004,False,45,20.0,80.0,580.4528198242188,1208.40380859375,580.5997735690876,1208.5302619511494,0.1469537448688243,0.1264533573994413,0.19387071653182267,-0.8,0.14285714285714285,0.6604858898858135,left,bottom
004,False,46,40.0,80.0,809.419921875,1202.154052734375,809.4978373896004,1202.249528558319,0.07791551460036317,0.09547582394407073,0.12323335738848713,-0.6,0.14285714285714285,0.4983193229757469,left,bottom
004,False,47,60.0,80.0,1037.7757568359375,1196.0284423828125,1037.848526945466,1195.9818716114605,0.07277010952839191,-0.04657077135198051,0.08639632853942697,-0.4,0.14285714285714285,0.3377779740177616,left,bottom
004,False,48,80.0,80.0,1265.69091796875,1189.7508544921875,1265.6631821695466,1189.7357800734414,-0.027735799203355782,-0.015074418746053198,0.03156758872610056,-0.2,0.14285714285714285,0.18318582636182795,left,bottom
004,False,49,100.0,80.0,1492.9638671875,1183.515625,1492.9269623618193,1183.518542896498,-0.03690482568072184,0.002917896498047412,0.03701999835896517,0.0,0.14285714285714285,0.08192319205190404,center,bottom
004,False,50,120.0,80.0,1719.5489501953125,1177.3284912109375,1719.6053642503978,1177.3361290341081,0.056414055085269865,0.007637823170625779,0.05692874453164773,0.2,0.14285714285714285,0.18318582636182795,right,bottom
004,False,51,140.0,80.0,1945.6375732421875,1171.1356201171875,1945.65045607341,1171.193073853347,0.012882831222441382,0.05745373615945937,0.058880379915441095,0.4,0.14285714285714285,0.3377779740177616,right,bottom
004,False,52,160.0,80.0,2171.03759765625,1165.0711669921875,2171.006836698572,1165.0923717311832,-0.030760957678012346,0.021204738995720618,0.037361443670515485,0.6,0.14285714285714285,0.4983193229757469,right,bottom
004,False,53,180.0,80.0,2395.6669921875,1158.9459228515625,2395.617328540401,1159.0353746245232,-0.049663647098896035,0.0894517729607287,0.10231372111785124,0.8,0.14285714285714285,0.6604858898858135,right,bottom
004,False,54,200.0,80.0,2619.507080078125,1152.864990234375,2619.428412785197,1153.021696410009,-0.07866729292800301,0.15670617563409905,0.1753435726181183,1.0,0.14285714285714285,0.8233178906068351,right,bottom
004,False,55,0.0,100.0,357.0397033691406,1442.6563720703125,356.9626552066559,1442.6437865621035,-0.07704816248474344,-0.01258550820898563,0.07806929203697105,-1.0,0.42857142857142855,0.8553032352102229,left,bottom
004,False,56,20.0,100.0,586.552001953125,1436.0179443359375,586.5753878763421,1436.0729924302782,0.023385923217119853,0.05504809434069102,0.05980964884747815,-0.8,0.42857142857142855,0.6999520597198355,left,bottom
004,False,57,40.0,100.0,815.5182495117188,1429.5179443359375,815.6035225286014,1429.5097559276978,0.08527301688263833,-0.008188408239675482,0.08566526389246873,-0.6,0.42857142857142855,0.5495574790854838,left,bottom
004,False,58,60.0,100.0,1044.06298828125,1423.0557861328125,1044.0900212477038,1422.956611445136,0.027032966453816698,-0.09917468767639548,0.10279299563201652,-0.4,0.42857142857142855,0.40961596025952024,left,bottom
004,False,59,80.0,100.0,1272.0689697265625,1416.422607421875,1272.0448335354156,1416.4163586605405,-0.02413619114690846,-0.006248761334518349,0.024931962243190442,-0.2,0.42857142857142855,0.295378269592824,left,bottom
004,False,60,100.0,100.0,1499.452880859375,1409.933349609375,1499.451727304166,1409.8918868085043,-0.0011535552089299017,-0.041462800870704086,0.04147884455555276,0.0,0.42857142857142855,0.24576957615571215,center,bottom
004,False,61,120.0,100.0,1726.232177734375,1403.396240234375,1726.2748255466513,1403.3860069276072,0.0426478122763001,-0.010233306767759132,0.04385836817937483,0.2,0.42857142857142855,0.295378269592824,right,bottom
004,False,62,140.0,100.0,1952.4959716796875,1396.90283203125,1952.4648580026958,1396.901291828303,-0.031113676991708417,-0.0015402029468987166,0.031151775568368508,0.4,0.42857142857142855,0.40961596025952024,right,bottom
004,False,63,160.0,100.0,2177.993408203125,1390.46533203125,2177.965136878738,1390.4399235314302,-0.028271324386878405,-0.025408499819832286,0.038011309444460385,0.6,0.42857142857142855,0.5495574790854838,right,bottom
004,False,64,180.0,100.0,2402.776123046875,1384.0118408203125,2402.717265417125,1384.0035479346175,-0.05885762975003672,-0.008292885695027508,0.059438981594095296,0.8,0.42857142857142855,0.6999520597198355,right,bottom
004,False,65,200.0,100.0,2626.626953125,1377.5030517578125,2626.66658786137,1377.593136470849,0.03963473636986237,0.09008471303650367,0.09841833086360338,1.0,0.42857142857142855,0.8553032352102229,right,bottom
004,False,66,0.0,120.0,362.9832763671875,1670.6966552734375,362.89501147738997,1670.7530806453299,-0.08826488979752867,0.05642537189237373,0.10475931158690649,-1.0,0.7142857142857143,0.9159291318091396,left,bottom
004,False,67,20.0,120.0,592.5855102539062,1663.92822265625,592.6378482868624,1663.899067403127,0.052338032956186,-0.02915525312300815,0.05991075427992447,-0.8,0.7142857142857143,0.7728618480955124,left,bottom
004,False,68,40.0,120.0,821.697998046875,1657.099853515625,821.7955166148104,1657.0562754192501,0.09751856793536717,-0.04357809637485843,0.10681255345614236,-0.6,0.7142857142857143,0.6398405841726221,left,bottom
004,False,69,60.0,120.0,1050.4617919921875,1650.25,1050.4109168318646,1650.22014450919,-0.05087516032290296,-0.029855490809950425,0.058988407923795616,-0.4,0.7142857142857143,0.5245643766354129,left,bottom
004,False,70,80.0,120.0,1278.518798828125,1643.4072265625,1278.4938774973266,1643.387727985471,-0.024921330798406416,-0.01949857702902591,0.0316428070012832,-0.2,0.7142857142857143,0.4411698907260348,left,bottom
004,False,71,100.0,120.0,1506.0484619140625,1636.6163330078125,1506.0280069781634,1636.5574674125533,-0.020454935899124393,-0.05886559525924895,0.0623182373616504,0.0,0.7142857142857143,0.40961596025952024,center,bottom
004,False,72,120.0,120.0,1732.9312744140625,1629.727783203125,1732.9772496574546,1629.7289767062905,0.04597524339214942,0.001193503165495713,0.04599073227046322,0.2,0.7142857142857143,0.4411698907260348,right,bottom
004,False,73,140.0,120.0,1959.29833984375,1622.846923828125,1959.292156093555,1622.9028352860378,-0.006183750195077664,0.05591145791277086,0.05625237677117892,0.4,0.7142857142857143,0.5245643766354129,right,bottom
004,False,74,160.0,120.0,2184.964599609375,1615.9908447265625,2184.9158762244265,1616.0803899957823,-0.04872338494851647,0.08954526921979777,0.1019427460905747,0.6,0.7142857142857143,0.6398405841726221,right,bottom
004,False,75,180.0,120.0,2409.736083984375,1609.265380859375,2409.7898844521587,1609.2635655186796,0.05380046778373071,-0.001815340695429768,0.053831085773823374,0.8,0.7142857142857143,0.7728618480955124,right,bottom
004,False,76,200.0,120.0,2633.739501953125,1602.43896484375,2633.8594451903996,1602.4546830172071,0.11994323727458323,0.01571817345711679,0.12096876102835386,1.0,0.7142857142857143,0.9159291318091396,right,bottom
004,False,77,0.0,140.0,369.0677795410156,1898.970703125,368.90652324779785,1899.1111910005984,-0.16125629321777524,0.14048787559841003,0.21387013651394024,-1.0,1.0,1.0,left,bottom
004,False,78,20.0,140.0,598.7877197265625,1891.9105224609375,598.7864610935262,1891.96923305467,-0.0012586330362864828,0.058710593732484995,0.05872408342018578,-0.8,1.0,0.8708554769564043,left,bottom
004,False,79,40.0,140.0,828.020263671875,1884.9154052734375,828.0729492756232,1884.843055598174,0.05268560374815934,-0.07234967526346736,0.08949999079909027,-0.6,1.0,0.7552945112058728,left,bottom
004,False,80,60.0,140.0,1056.8746337890625,1877.7073974609375,1056.81014637674,1877.720908057482,-0.06448741232247812,0.013510596544392683,0.06588749932297218,-0.4,1.0,0.6604858898858135,left,bottom
004,False,81,80.0,140.0,1284.983154296875,1870.5694580078125,1285.009040911009,1870.5940116800593,0.025886614133924013,0.024553672246838687,0.03567912011420476,-0.2,1.0,0.5964098406184939,left,bottom
004,False,82,100.0,140.0,1512.57763671875,1863.4913330078125,1512.654324534512,1863.4562843667013,0.07668781576194306,-0.03504864111118877,0.08431742601668195,0.0,1.0,0.5734623443633283,center,bottom
004,False,83,120.0,140.0,1739.6455078125,1856.267822265625,1739.7109687343589,1856.3040762276767,0.06546092185885755,0.03625396205165998,0.07482968699022238,0.2,1.0,0.5964098406184939,right,bottom
004,False,84,140.0,140.0,1966.14501953125,1849.090087890625,1966.1305143986692,1849.135915535953,-0.0145051325807799,0.04582764532801775,0.048068409038542044,0.4,1.0,0.6604858898858135,right,bottom
004,False,85,160.0,140.0,2191.8671875,1841.864501953125,2191.857083401609,1841.9522647597996,-0.010104098390911531,0.08776280667461833,0.08834253245011518,0.6,1.0,0.7552945112058728,right,bottom
004,False,86,180.0,140.0,2416.771484375,1834.6312255859375,2416.8331210769043,1834.7552863659469,0.061636701904262736,0.1240607800093585,0.13852855358432567,0.8,1.0,0.8708554769564043,right,bottom
004,False,87,200.0,140.0,2640.83544921875,1827.3897705078125,2641.004878199714,1827.5486180931114,0.1694289809638576,0.15884758529887222,0.2322471419538542,1.0,1.0,1.0,right,bottom
005,False,0,0.0,0.0,3314.357666015625,432.7347412109375,3314.3801333553142,432.64033876827034,0.022467339689228538,-0.09440244266716036,0.09703918040790371,-1.0,-1.0,1.0,left,top
005,False,1,20.0,0.0,3324.08349609375,654.283935546875,3324.070706797601,654.2640233312147,-0.012789296149094298,-0.019912215660269794,0.023665638138244485,-0.8,-1.0,0.8708554769564043,left,top
005,False,2,40.0,0.0,3333.77490234375,876.432861328125,3333.7317538771385,876.3608182872953,-0.04314846661145566,-0.07204304082972612,0.08397612698209825,-0.6,-1.0,0.7552945112058728,left,top
005,False,3,60.0,0.0,3343.336181640625,1098.921630859375,3343.343778282286,1098.9153585158117,0.007596641661166359,-0.00627234356329609,0.009851459704236233,-0.4,-1.0,0.6604858898858135,left,top
005,False,4,80.0,0.0,3352.893310546875,1321.808349609375,3352.8925022389303,1321.8983507192613,-0.0008083079446805641,0.09000110988631604,0.090004739555771,-0.2,-1.0,0.5964098406184939,left,top
005,False,5,100.0,0.0,3362.34912109375,1545.2060546875,3362.369179676835,1545.2715481609027,0.02005858308484676,0.06549347340273926,0.06849629051070587,0.0,-1.0,0.5734623443633283,center,top
005,False,6,120.0,0.0,3371.772216796875,1768.837890625,3371.7709162986293,1768.9928567002912,-0.0013004982456550351,0.1549660752912132,0.15497153218203952,0.2,-1.0,0.5964098406184939,right,top
005,False,7,140.0,0.0,3381.126220703125,1992.96826171875,3381.100996668979,1993.0215745162818,-0.025224034146049235,0.053312797531816614,0.05897886298725612,0.4,-1.0,0.6604858898858135,right,top
005,False,8,160.0,0.0,3390.35400390625,2217.19091796875,3390.369218443364,2217.323767945545,0.015214537113934057,0.13284997679511434,0.1337183550379442,0.6,-1.0,0.7552945112058728,right,top
005,False,9,180.0,0.0,3399.544921875,2441.756103515625,3399.5922338577,2441.8777859037623,0.047311982700193767,0.12168238813728749,0.13055660569200211,0.8,-1.0,0.8708554769564043,right,top
005,False,10,200.0,0.0,3408.7041015625,2666.57568359375,3408.793898601971,2666.6799153964257,0.08979703947079543,0.10423180267571297,0.13757825768175855,1.0,-1.0,1.0,right,top
005,False,11,0.0,20.0,3093.67724609375,439.13653564453125,3093.6591807372297,439.1045351432829,-0.01806535652031016,-0.03200050124837617,0.0367476419155466,-1.0,-0.7142857142857143,0.9159291318091396,left,top
005,False,12,20.0,20.0,3103.1376953125,661.1803588867188,3103.171382499336,661.0539074536899,0.03368718683577754,-0.12645143302881934,0.13086172653587666,-0.8,-0.7142857142857143,0.7728618480955124,left,top
005,False,13,40.0,20.0,3112.7421875,883.5321044921875,3112.6535459798533,883.4975274212908,-0.08864152014666615,-0.03457707089671658,0.09514669161725164,-0.6,-0.7142857142857143,0.6398405841726221,left,top
005,False,14,60.0,20.0,3122.1708984375,1106.352783203125,3122.08903321433,1106.4146973077895,-0.08186522317009803,0.06191410466453817,0.10264146881792632,-0.4,-0.7142857142857143,0.5245643766354129,left,top
005,False,15,80.0,20.0,3131.49072265625,1329.6724853515625,3131.4654527679922,1329.770643565956,-0.025269888257753337,0.09815821439360661,0.10135878011055865,-0.2,-0.7142857142857143,0.4411698907260348,left,top
005,False,16,100.0,20.0,3140.71923828125,1553.47412109375,3140.7749530060582,1553.5215224102587,0.055714724808240135,0.04740131650873991,0.07315063476976578,0.0,-0.7142857142857143,0.40961596025952024,center,top
005,False,17,120.0,20.0,3150.045654296875,1777.4932861328125,3150.01452197828,1777.6195576811049,-0.031132318595155084,0.12627154829237952,0.13005277839886764,0.2,-0.7142857142857143,0.4411698907260348,right,top
005,False,18,140.0,20.0,3159.125732421875,2002.1312255859375,3159.1862940315223,2002.0183134134468,0.06056160964726587,-0.1129121724907236,0.12812832340916167,0.4,-0.7142857142857143,0.5245643766354129,right,top
005,False,19,160.0,20.0,3168.253662109375,2226.58837890625,3168.2978632659624,2226.678103559443,0.04420115658740542,0.08972465319311596,0.100021275908125,0.6,-0.7142857142857143,0.6398405841726221,right,top
005,False,20,180.0,20.0,3177.378662109375,2451.517822265625,3177.362603952318,2451.571541354399,-0.016058157057159406,0.05371908877395981,0.056067859837673255,0.8,-0.7142857142857143,0.7728618480955124,right,top
005,False,21,200.0,20.0,3186.317138671875,2676.71923828125,3186.3999980293265,2676.689230855362,0.08285935745152528,-0.03000742588801586,0.08812558496659413,1.0,-0.7142857142857143,0.9159291318091396,right,top
005,False,22,0.0,40.0,2872.304931640625,445.72528076171875,2872.222064982933,445.604796079009,-0.08286665769219326,-0.1204846827097299,0.146230782411705,-1.0,-0.42857142857142855,0.8553032352102229,left,top
005,False,23,20.0,40.0,2881.57373046875,667.8182373046875,2881.534484282368,667.8818165152699,-0.03924618638211541,0.06357921058236116,0.07471665921209249,-0.8,-0.42857142857142855,0.6999520597198355,left,top
005,False,24,40.0,40.0,2890.94677734375,890.6575317382812,2890.8209432604094,890.6705538801676,-0.12583408334057822,0.013022141886381178,0.12650609751894423,-0.6,-0.42857142857142855,0.5495574790854838,left,top
005,False,25,60.0,40.0,2900.122802734375,1113.8330078125,2900.067801970497,1113.9459178264808,-0.05500076387806985,0.1129100139808088,0.12559361163816268,-0.4,-0.42857142857142855,0.40961596025952024,left,top
005,False,26,80.0,40.0,2909.333740234375,1337.6435546875,2909.2646839119484,1337.6686105708263,-0.06905632242660431,0.02505588332633124,0.07346137050416264,-0.2,-0.42857142857142855,0.295378269592824,left,top
005,False,27,100.0,40.0,2918.398193359375,1561.703369140625,2918.4047491016586,1561.7901637533282,0.006555742283580912,0.08679461270321553,0.08704184367986419,0.0,-0.42857142857142855,0.24576957615571215,center,top
005,False,28,120.0,40.0,2927.501953125,1786.150146484375,2927.4849734662007,1786.2581085980953,-0.016979658799300523,0.10796211372030484,0.10928918890675646,0.2,-0.42857142857142855,0.295378269592824,right,top
005,False,29,140.0,40.0,2936.56982421875,2010.9619140625,2936.506434664283,2011.0212818067653,-0.06338955446699401,0.05936774426527336,0.08684909138655912,0.4,-0.42857142857142855,0.40961596025952024,right,top
005,False,30,160.0,40.0,2945.51123046875,2236.06982421875,2945.474604451257,2236.0352696567134,-0.03662601749283567,-0.03455456203664653,0.050353578968430415,0.6,-0.42857142857142855,0.5495574790854838,right,top
005,False,31,180.0,40.0,2954.50244140625,2461.235107421875,2954.399647699124,2461.267992815462,-0.10279370712578384,0.03288539358709386,0.10792587889861957,0.8,-0.42857142857142855,0.6999520597198355,right,top
005,False,32,200.0,40.0,2963.3974609375,2686.790283203125,2963.296728187277,2686.705434423383,-0.10073275022296002,-0.08484877974206029,0.1317057416789333,1.0,-0.42857142857142855,0.8553032352102229,right,top
005,False,33,0.0,60.0,2650.126220703125,452.2583923339844,2650.0682485671905,452.161583390621,-0.057972135934505786,-0.09680894336338497,0.11283944372400945,-1.0,-0.14285714285714285,0.8233178906068351,left,top
005,False,34,20.0,60.0,2659.298828125,674.8104248046875,2659.1631731005277,674.7638306828978,-0.13565502447227118,-0.04659412178966704,0.14343394943291082,-0.8,-0.14285714285714285,0.6604858898858135,left,top
005,False,35,40.0,60.0,2668.304931640625,897.7937622070312,2668.239868192242,897.8915218121394,-0.06506344838317091,0.09775960510819459,0.11743165121218253,-0.6,-0.14285714285714285,0.4983193229757469,left,top
005,False,36,60.0,60.0,2677.37060546875,1121.5009765625,2677.2878208043435,1121.516132306091,-0.08278466440651755,0.015155743591094506,0.08416054434649728,-0.4,-0.14285714285714285,0.3377779740177616,left,top
005,False,37,80.0,60.0,2686.31689453125,1345.6019287109375,2686.2987869374606,1345.5948150203922,-0.018107593789409293,-0.0071136905453386134,0.019454807786691033,-0.2,-0.14285714285714285,0.18318582636182795,left,top
005,False,38,100.0,60.0,2694.912109375,1570.192626953125,2695.2670441960768,1570.075468751331,0.35493482107676755,-0.11715820179392722,0.37377101474082175,0.0,-0.14285714285714285,0.08192319205190404,center,top
005,False,39,120.0,60.0,2704.212890625,1794.842529296875,2704.189650374819,1794.9019411683419,-0.02324025018106113,0.059411871466863886,0.06379560878049105,0.2,-0.14285714285714285,0.18318582636182795,right,top
005,False,40,140.0,60.0,2713.111572265625,2019.9825439453125,2713.0667081718098,2020.0193685202548,-0.04486409381524936,0.03682457494232949,0.05804167669482625,0.4,-0.14285714285714285,0.3377779740177616,right,top
005,False,41,160.0,60.0,2721.975341796875,2245.4248046875,2721.901636136786,2245.379654609069,-0.07370566008921742,-0.04515007843110652,0.08643525849745767,0.6,-0.14285714285714285,0.4983193229757469,right,top
005,False,42,180.0,60.0,2730.747802734375,2470.936767578125,2730.7014459633992,2470.9470915653465,-0.04635677097576263,0.010323987221454445,0.04749247232402271,0.8,-0.14285714285714285,0.6604858898858135,right,top
005,False,43,200.0,60.0,2739.4267578125,2696.72412109375,2739.4770262368534,2696.704125000324,0.05026842435336221,-0.01999609342601616,0.054099521617770936,1.0,-0.14285714285714285,0.8233178906068351,right,top
005,False,44,0.0,80.0,2427.311279296875,458.875,2427.216326905192,458.79026911720484,-0.09495239168290937,-0.0847308827951565,0.12726067415172365,-1.0,0.14285714285714285,0.8233178906068351,left,bottom
005,False,45,20.0,80.0,2436.189697265625,681.5855712890625,2436.0799687322447,681.7118652706502,-0.10972853338034838,0.1262939815876507,0.1673036784504874,-0.8,0.14285714285714285,0.6604858898858135,left,bottom
005,False,46,40.0,80.0,2444.988525390625,905.1205444335938,2444.9358041446194,905.1688230744652,-0.05272124600560346,0.04827864087144462,0.07148676062584794,-0.6,0.14285714285714285,0.4983193229757469,left,bottom
005,False,47,60.0,80.0,2453.81396484375,1129.154296875,2453.7765647619763,1129.1301612443476,-0.03740008177373966,-0.024135630652381224,0.044511737594375905,-0.4,0.14285714285714285,0.3377779740177616,left,bottom
005,False,48,80.0,80.0,2462.64306640625,1353.534423828125,2462.5962452583954,1353.550477373178,-0.04682114785464364,0.016053545052955087,0.04949683015298716,-0.2,0.14285714285714285,0.18318582636182795,left,bottom
005,False,49,100.0,80.0,2471.40478515625,1578.4259033203125,2471.390335107938,1578.3750487691439,-0.01445004831202823,-0.05085455116864068,0.0528676580792439,0.0,0.14285714285714285,0.08192319205190404,center,bottom
005,False,50,120.0,80.0,2480.23828125,1803.499267578125,2480.15605604627,1803.5450686444412,-0.08222520373010411,0.04580106631624403,0.09412078306177712,0.2,0.14285714285714285,0.18318582636182795,right,bottom
005,False,51,140.0,80.0,2488.93310546875,2029.0428466796875,2488.8926053503415,2029.0030201305904,-0.04050011840854495,-0.03982654909714256,0.05680152818448874,0.4,0.14285714285714285,0.3377779740177616,right,bottom
005,False,52,160.0,80.0,2497.601806640625,2254.703857421875,2497.6014050397466,2254.6981906365513,-0.0004016008783764846,-0.005666785323683143,0.00568099807870267,0.6,0.14285714285714285,0.4983193229757469,right,bottom
005,False,53,180.0,80.0,2506.32861328125,2480.636474609375,2506.2863571050525,2480.5923291065883,-0.04225617619749755,-0.04414550278670504,0.06110981789471264,0.8,0.14285714285714285,0.6604858898858135,right,bottom
005,False,54,200.0,80.0,2515.09912109375,2706.732177734375,2514.9541048700626,2706.6654487762335,-0.14501622368743483,-0.0667289581415389,0.15963226173684122,1.0,0.14285714285714285,0.8233178906068351,right,bottom
005,False,55,0.0,100.0,2203.66162109375,465.5816955566406,2203.699326070194,465.501160301518,0.03770497644381976,-0.08053525512264059,0.0889246454381338,-1.0,0.42857142857142855,0.8553032352102229,left,bottom
005,False,56,20.0,100.0,2212.356201171875,688.842529296875,2212.3220311338605,688.7337271433618,-0.034170038014508464,-0.10880215351323841,0.11404165952418989,-0.8,0.42857142857142855,0.6999520597198355,left,bottom
005,False,57,40.0,100.0,2220.96240234375,912.5075073242188,2220.9490598130833,912.5077055844113,-0.013342530666704988,0.00019826019251922844,0.013344003585727217,-0.6,0.42857142857142855,0.5495574790854838,left,bottom
005,False,58,60.0,100.0,2229.52490234375,1136.821533203125,2229.5764946221598,1136.7906540316212,0.0515922784097711,-0.030879171503784164,0.06012725192682141,-0.4,0.42857142857142855,0.40961596025952024,left,bottom
005,False,59,80.0,100.0,2238.144775390625,1361.547607421875,2238.200663309103,1361.5356285053297,0.055887918478219945,-0.01197891654533123,0.05715727314549014,-0.2,0.42857142857142855,0.295378269592824,left,bottom
005,False,60,100.0,100.0,2246.755859375,1586.7567138671875,2246.818349462818,1586.686316183407,0.06249008781787779,-0.07039768378058398,0.09413206126053532,0.0,0.42857142857142855,0.24576957615571215,center,bottom
005,False,61,120.0,100.0,2255.36181640625,1812.145751953125,2255.427008525622,1812.1823053389162,0.06519211937211367,0.03655338579119416,0.07474063447033209,0.2,0.42857142857142855,0.295378269592824,right,bottom
005,False,62,140.0,100.0,2264.00634765625,2038.02099609375,2264.0249893089986,2037.9644941695926,0.018641652748556226,-0.05650192415737365,0.059497719709946516,0.4,0.42857142857142855,0.40961596025952024,right,bottom
005,False,63,160.0,100.0,2272.542236328125,2264.0302734375,2272.611761112032,2263.9806410580204,0.06952478390712713,-0.04963237947958987,0.08542288142025378,0.6,0.42857142857142855,0.5495574790854838,right,bottom
005,False,64,180.0,100.0,2281.18310546875,2490.33251953125,2281.188146543594,2490.191058842568,0.005041074844029936,-0.1414606886819456,0.141550481729853,0.8,0.42857142857142855,0.6999520597198355,right,bottom
005,False,65,200.0,100.0,2289.77099609375,2716.536376953125,2289.7565601509646,2716.574455720972,-0.014435942785439693,0.038078767846855044,0.04072332261541499,1.0,0.42857142857142855,0.8553032352102229,right,bottom
005,False,66,0.0,120.0,1979.5404052734375,472.3782958984375,1979.5598110360877,472.2995272561925,0.019405762650194447,-0.07876864224499514,0.08112387210405896,-1.0,0.7142857142857143,0.9159291318091396,left,bottom
005,False,67,20.0,120.0,1987.8875732421875,695.7966918945312,1987.9362514177196,695.8331753608342,0.04867817553213172,0.03648346630291144,0.06083262353879455,-0.8,0.7142857142857143,0.7728618480955124,left,bottom
005,False,68,40.0,120.0,1996.3160400390625,919.9182739257812,1996.3298423606605,919.9103666739143,0.01380232159795014,-0.007907251866981824,0.015906876298668084,-0.6,0.7142857142857143,0.6398405841726221,left,bottom
005,False,69,60.0,120.0,2004.7252197265625,1144.534423828125,2004.7401116191381,1144.4982153560236,0.014891892575633392,-0.036208472101407096,0.03915126966526859,-0.4,0.7142857142857143,0.5245643766354129,left,bottom
005,False,70,80.0,120.0,2013.12744140625,1369.6112060546875,2013.1658022580689,1369.549269513789,0.03836085181887938,-0.06193654089838674,0.0728538952337317,-0.2,0.7142857142857143,0.4411698907260348,left,bottom
005,False,71,100.0,120.0,2021.5850830078125,1595.0687255859375,2021.6050617975368,1595.0066779392523,0.019978789724291346,-0.06204764668518692,0.0651848333434798,0.0,0.7142857142857143,0.40961596025952024,center,bottom
005,False,72,120.0,120.0,2029.9822998046875,1820.772216796875,2030.0556364460829,1820.809494297955,0.07333664139537177,0.03727750108009786,0.08226709583989247,0.2,0.7142857142857143,0.4411698907260348,right,bottom
005,False,73,140.0,120.0,2038.47119140625,2046.896484375,2038.5150705164644,2046.8981212865901,0.04387911021444779,0.001636911590139789,0.043909632118313065,0.4,0.7142857142857143,0.5245643766354129,right,bottom
005,False,74,160.0,120.0,2046.9520263671875,2273.357177734375,2046.9809111190928,2273.2198973220547,0.028884751905252415,-0.13728041232025134,0.1402862805104127,0.6,0.7142857142857143,0.6398405841726221,right,bottom
005,False,75,180.0,120.0,2055.2998046875,2499.754150390625,2055.450918229882,2499.7348283653487,0.15111354238206332,-0.019322025276323984,0.1523438326681935,0.8,0.7142857142857143,0.7728618480955124,right,bottom
005,False,76,200.0,120.0,2063.873046875,2726.28662109375,2063.9232802308375,2726.4214675260373,0.05023335583746302,0.1348464322873042,0.14389909777099957,1.0,0.7142857142857143,0.9159291318091396,right,bottom
005,False,77,0.0,140.0,1754.8516845703125,479.2705078125,1754.8447992740378,479.18563543291793,-0.006885296274731445,-0.08487237958206606,0.08515120739433549,-1.0,1.0,1.0,left,bottom
005,False,78,20.0,140.0,1762.9920654296875,702.9639282226562,1762.9741472545154,703.0099861953637,-0.017918175172098927,0.046057972707444605,0.049420621722290524,-0.8,1.0,0.8708554769564043,left,bottom
005,False,79,40.0,140.0,1771.065185546875,927.3703002929688,1771.133134039312,927.3760515971184,0.06794849243692624,0.005751304149612224,0.06819145931766213,-0.6,1.0,0.7552945112058728,left,bottom
005,False,80,60.0,140.0,1779.305419921875,1152.285400390625,1779.3248146872456,1152.2515375502915,0.01939476537063456,-0.03386284033354059,0.039023696381004565,-0.4,1.0,0.6604858898858135,left,bottom
005,False,81,80.0,140.0,1787.565185546875,1377.5867919921875,1787.5504172702633,1377.5895382597155,-0.014768276611675901,0.002746267527982127,0.015021450642804858,-0.2,1.0,0.5964098406184939,left,bottom
005,False,82,100.0,140.0,1795.654541015625,1603.294921875,1795.8095102252096,1603.333736655444,0.1549692095845785,0.03881478044399955,0.1597561989413397,0.0,1.0,0.5734623443633283,center,bottom
005,False,83,120.0,140.0,1803.9248046875,1829.436767578125,1804.1001744719217,1829.4237433416167,0.17536978442171858,-0.013024236508272224,0.1758527566594947,0.2,1.0,0.5964098406184939,right,bottom
005,False,84,140.0,140.0,1812.3717041015625,2055.849609375,1812.4191803870237,2055.8005766053593,0.047476285461243606,-0.049032769640689366,0.06825108189497366,0.4,1.0,0.6604858898858135,right,bottom
005,False,85,160.0,140.0,1820.6712646484375,2282.505615234375,1820.7621697242473,2282.412286070788,0.09090507580981466,-0.0933291635869864,0.13028455619847895,0.6,1.0,0.7552945112058728,right,bottom
005,False,86,180.0,140.0,1829.1009521484375,2509.23095703125,1829.1238425736192,2509.2197226252374,0.022890425181685714,-0.011234406012590625,0.02549869493629201,0.8,1.0,0.8708554769564043,right,bottom
005,False,87,200.0,140.0,1837.4932861328125,2736.079345703125,1837.498149453358,2736.2024572875134,0.004863320545609895,0.1231115843884254,0.12320760567983512,1.0,1.0,1.0,right,bottom
006,False,0,0.0,0.0,994.3885498046875,708.6449584960938,994.2541466561302,708.6428741569844,-0.1344031485573396,-0.002084339109387656,0.13441930966810245,-1.0,-1.0,1.0,left,top
006,False,1,20.0,0.0,1203.2662353515625,734.7177734375,1203.1645594482861,734.7541594209125,-0.10167590327637299,0.03638598341251509,0.10799041205571067,-0.8,-1.0,0.8708554769564043,left,top
006,False,2,40.0,0.0,1411.7965087890625,760.8558349609375,1411.7018454973468,760.8376798631842,-0.09466329171573307,-0.01815509775326518,0.09638851784776334,-0.6,-1.0,0.7552945112058728,left,top
006,False,3,60.0,0.0,1619.985107421875,786.9759521484375,1619.8509713659198,786.9013344291373,-0.13413605595519584,-0.07461771930024952,0.1534936009766735,-0.4,-1.0,0.6604858898858135,left,top
006,False,4,80.0,0.0,1827.5596923828125,813.0006713867188,1827.5839629145366,812.9488248140887,0.02427053172414162,-0.0518465726300974,0.05724618593112146,-0.2,-1.0,0.5964098406184939,left,top
006,False,5,100.0,0.0,2034.845458984375,839.0256958007812,2034.8639622939193,838.9802252731398,0.018503309544257718,-0.04547052764144155,0.04909115346049346,0.0,-1.0,0.5734623443633283,center,top
006,False,6,120.0,0.0,2241.60009765625,865.0244750976562,2241.6491451817915,864.9925338006361,0.04904752554148217,-0.0319412970201256,0.058531241376466904,0.2,-1.0,0.5964098406184939,right,top
006,False,7,140.0,0.0,2447.885498046875,891.0252685546875,2447.896501717801,890.980205131094,0.011003670926129416,-0.04506342359354676,0.046387422000171256,0.4,-1.0,0.6604858898858135,right,top
006,False,8,160.0,0.0,2653.59716796875,916.9116821289062,2653.565484513847,916.9356660035038,-0.031683454903031816,0.023983874597547583,0.039737483001611194,0.6,-1.0,0.7552945112058728,right,top
006,False,9,180.0,0.0,2858.518798828125,942.699462890625,2858.621527042449,942.8498131212623,0.10272821432408819,0.15035023063728659,0.18209414562500648,0.8,-1.0,0.8708554769564043,right,top
006,False,10,200.0,0.0,3063.056884765625,968.6453247070312,3063.039435632759,968.7124942305085,-0.01744913286620431,0.06716952347721872,0.0693989706115234,1.0,-1.0,1.0,right,top
006,False,11,0.0,20.0,968.4944458007812,916.5277099609375,968.4614472229107,916.6345116466332,-0.03299857787055771,0.10680168569570014,0.11178330022379183,-1.0,-0.7142857142857143,0.9159291318091396,left,top
006,False,12,20.0,20.0,1177.542236328125,942.6358032226562,1177.487125889436,942.5546188177186,-0.05511043868909837,-0.08118440493763046,0.09812271937518868,-0.8,-0.7142857142857143,0.7728618480955124,left,top
006,False,13,40.0,20.0,1386.2230224609375,968.4760131835938,1386.149283910153,968.4424021611904,-0.07373855078458291,-0.03361102240330638,0.08103748946509928,-0.6,-0.7142857142857143,0.6398405841726221,left,top
006,False,14,60.0,20.0,1594.432861328125,994.3087768554688,1594.431093665103,994.3024810359008,-0.0017676630220648804,-0.006295819567981198,0.006539264224066076,-0.4,-0.7142857142857143,0.5245643766354129,left,top
006,False,15,80.0,20.0,1802.3095703125,1020.1302490234375,1802.3027152507275,1020.136089187692,-0.006855061772512272,0.005840164254550473,0.00900551999748422,-0.2,-0.7142857142857143,0.4411698907260348,left,top
006,False,16,100.0,20.0,2009.7294921875,1046.0328369140625,2009.7253631810336,1045.9416221247113,-0.004129006466428109,-0.09121478935117011,0.0913081950910111,0.0,-0.7142857142857143,0.40961596025952024,center,top
006,False,17,120.0,20.0,2216.631591796875,1071.704833984375,2216.655232969316,1071.7151663189063,0.02364117244087538,0.010332334531312881,0.025800429671735434,0.2,-0.7142857142857143,0.4411698907260348,right,top
006,False,18,140.0,20.0,2423.120849609375,1097.4180908203125,2423.0472910540725,1097.4510106770406,-0.07355855530249755,0.032919856728085506,0.08058894480751232,0.4,-0.7142857142857143,0.5245643766354129,right,top
006,False,19,160.0,20.0,2628.804931640625,1123.138427734375,2628.8589314562387,1123.1421407148455,0.05399981561367895,0.0037129804704818525,0.05412731574986426,0.6,-0.7142857142857143,0.6398405841726221,right,top
006,False,20,180.0,20.0,2833.966552734375,1148.841796875,2834.053502479974,1148.7807158583955,0.0869497455992132,-0.061081016604475735,0.1062598176603185,0.8,-0.7142857142857143,0.7728618480955124,right,top
006,False,21,200.0,20.0,3038.756103515625,1174.295166015625,3038.603706695935,1174.3585302874792,-0.15239681968978402,0.0633642718541978,0.16504490782563763,1.0,-0.7142857142857143,0.9159291318091396,right,top
006,False,22,0.0,40.0,942.7431030273438,1124.764892578125,942.6962712694731,1124.851070372372,-0.04683175787067739,0.08617779424707805,0.09808071047127194,-1.0,-0.42857142857142855,0.8553032352102229,left,top
006,False,23,20.0,40.0,1151.827392578125,1150.518798828125,1151.831043568102,1150.5872327359466,0.003650989976904384,0.06843390782159986,0.06853122987037867,-0.8,-0.42857142857142855,0.6999520597198355,left,top
006,False,24,40.0,40.0,1360.6158447265625,1176.237060546875,1360.6087059778733,1176.2843569552115,-0.007138748689158092,0.047296408336478635,0.04783212282951575,-0.6,-0.42857142857142855,0.5495574790854838,left,top
006,False,25,60.0,40.0,1569.0140380859375,1201.9251708984375,1569.0114345265256,1201.9439000665861,-0.002603559411909373,0.018729168148638564,0.01890926389765924,-0.4,-0.42857142857142855,0.40961596025952024,left,top
006,False,26,80.0,40.0,1777.000732421875,1227.5830078125,1777.008302457735,1227.5647455293067,0.007570035859998825,-0.018262283193280382,0.019769077630310404,-0.2,-0.42857142857142855,0.295378269592824,left,top
006,False,27,100.0,40.0,1984.5452880859375,1253.2266845703125,1984.5593569998186,1253.1437281080382,0.014068913881146727,-0.08295646227429643,0.0841410064764018,0.0,-0.42857142857142855,0.24576957615571215,center,top
006,False,28,120.0,40.0,2191.586181640625,1278.694091796875,2191.619555644382,1278.6761410399563,0.033374003757217,-0.017950756918708066,0.037895300509974576,0.2,-0.42857142857142855,0.295378269592824,right,top
006,False,29,140.0,40.0,2398.1259765625,1304.1441650390625,2398.1425654087634,1304.156225921145,0.016588846263402957,0.012060882082550961,0.020509868282366346,0.4,-0.42857142857142855,0.40961596025952024,right,top
006,False,30,160.0,40.0,2604.108642578125,1329.5345458984375,2604.084428479343,1329.577645737573,-0.024214098782067595,0.04309983913549331,0.049436006243760516,0.6,-0.42857142857142855,0.5495574790854838,right,top
006,False,31,180.0,40.0,2809.483642578125,1354.8785400390625,2809.4070975576633,1354.9339414565436,-0.07654502046170819,0.055401417481107273,0.09449051389636562,0.8,-0.42857142857142855,0.6999520597198355,right,top
006,False,32,200.0,40.0,3014.156005859375,1380.1190185546875,3014.0818441577635,1380.2189725853452,-0.07416170161150148,0.09995403065772734,0.12446190674515348,1.0,-0.42857142857142855,0.8553032352102229,right,top
006,False,33,0.0,60.0,916.9994506835938,1333.201904296875,916.9698084551342,1333.2610348259334,-0.0296422284595792,0.05913052905839322,0.06614439639739236,-1.0,-0.14285714285714285,0.8233178906068351,left,top
006,False,34,20.0,60.0,1126.1702880859375,1358.8277587890625,1126.2066382468377,1358.8166144635616,0.03635016090015597,-0.011144325500936247,0.038020128725953124,-0.8,-0.14285714285714285,0.6604858898858135,left,top
006,False,35,40.0,60.0,1335.0831298828125,1384.3060302734375,1335.08947469949,1384.325074870829,0.0063448166774833226,0.019044597391484785,0.020073698923582062,-0.6,-0.14285714285714285,0.4983193229757469,left,top
006,False,36,60.0,60.0,1543.5767822265625,1409.819580078125,1543.6003014528349,1409.784814693827,0.02351922627235581,-0.034765384297998025,0.0419736339841782,-0.4,-0.14285714285714285,0.3377779740177616,left,top
006,False,37,80.0,60.0,1751.7303466796875,1435.2093505859375,1751.707889791958,1435.1924716283922,-0.02245688772950416,-0.016878957545259254,0.028092899713454623,-0.2,-0.14285714285714285,0.18318582636182795,left,top
006,False,38,100.0,60.0,1959.3634033203125,1460.892578125,1959.3718858452053,1460.5434247489593,0.008482524892770016,-0.34915337604070373,0.34925640041261596,0.0,-0.14285714285714285,0.08192319205190404,center,top
006,False,39,120.0,60.0,2166.513671875,1485.82373046875,2166.5467569147654,1485.8322795819988,0.03308503976541033,0.008549113248818685,0.03417173091343062,0.2,-0.14285714285714285,0.18318582636182795,right,top
006,False,40,140.0,60.0,2373.19921875,1511.0262451171875,2373.1856004241017,1511.0533363503394,-0.013618325898278272,0.027091233151850247,0.03032150579967338,0.4,-0.14285714285714285,0.3377779740177616,right,top
006,False,41,160.0,60.0,2579.309814453125,1536.1710205078125,2579.243818889381,1536.2010418052455,-0.06599556374385429,0.030021297432995198,0.07250305326970376,0.6,-0.14285714285714285,0.4983193229757469,right,top
006,False,42,180.0,60.0,2784.770263671875,1561.2080078125,2784.6826642466663,1561.270425053916,-0.08759942520873665,0.06241724141591476,0.10756194179575614,0.8,-0.14285714285714285,0.6604858898858135,right,top
006,False,43,200.0,60.0,2989.576171875,1586.177490234375,2989.4726547928703,1586.2575177810343,-0.10351708212965605,0.08002754665926659,0.1308441611878002,1.0,-0.14285714285714285,0.8233178906068351,right,top
006,False,44,0.0,80.0,891.3665771484375,1541.711669921875,891.289618106988,1541.8277533315852,-0.07695904144952692,0.1160834097101997,0.13927688993790782,-1.0,0.14285714285714285,0.8233178906068351,left,bottom
006,False,45,20.0,80.0,1100.582275390625,1567.077880859375,1100.6213803081855,1567.2023357461287,0.0391049175605076,0.12445488675371053,0.13045387466186278,-0.8,0.14285714285714285,0.6604858898858135,left,bottom
006,False,46,40.0,80.0,1309.5809326171875,1592.5140380859375,1309.5988626840708,1592.5211443566297,0.017930066883309337,0.007106270692247563,0.019286948477958945,-0.6,0.14285714285714285,0.4983193229757469,left,bottom
006,False,47,60.0,80.0,1518.2186279296875,1617.7862548828125,1518.204666719595,1617.7796099079019,-0.013961210092475085,-0.00664497491061411,0.015461923515815202,-0.4,0.14285714285714285,0.3377779740177616,left,bottom
006,False,48,80.0,80.0,1726.446533203125,1642.935791015625,1726.4080527510887,1642.9722156067276,-0.03848045203631045,0.036424591102559134,0.05298580966548892,-0.2,0.14285714285714285,0.18318582636182795,left,bottom
006,False,49,100.0,80.0,1934.1973876953125,1668.109130859375,1934.1690379581496,1668.0929768330357,-0.028349737162898236,-0.01615402633933627,0.032629130607133607,0.0,0.14285714285714285,0.08192319205190404,center,bottom
006,False,50,120.0,80.0,2141.40380859375,1693.0753173828125,2141.4423531041925,1693.1359040576422,0.038544510442534374,0.060586674829664844,0.0718082478004455,0.2,0.14285714285714285,0.18318582636182795,right,bottom
006,False,51,140.0,80.0,2348.19384765625,1718.0792236328125,2348.1812615202907,1718.0954493842632,-0.012586135959281819,0.01622575145074734,0.020534990346405237,0.4,0.14285714285714285,0.3377779740177616,right,bottom
006,False,52,160.0,80.0,2554.34326171875,1742.8953857421875,2554.3412437496663,1742.9669371242449,-0.002017969083681237,0.07155138205735057,0.07157983286889989,0.6,0.14285714285714285,0.4983193229757469,right,bottom
006,False,53,180.0,80.0,2759.968017578125,1767.6591796875,2759.8835511945526,1767.7469788033861,-0.08446638357236225,0.08779911588612777,0.12183289664199534,0.8,0.14285714285714285,0.6604858898858135,right,bottom
006,False,54,200.0,80.0,2964.843994140625,1792.320556640625,2964.7786320331143,1792.4338729913711,-0.06536210751073668,0.11331635074611768,0.13081590287370362,1.0,0.14285714285714285,0.8233178906068351,right,bottom
006,False,55,0.0,100.0,865.6611938476562,1750.5303955078125,865.6591299340146,1750.5132211623018,-0.0020639136416775727,-0.01717434551073893,0.01729791557507844,-1.0,0.42857142857142855,0.8553032352102229,left,bottom
006,False,56,20.0,100.0,1075.0550537109375,1775.7257080078125,1075.0793956876005,1775.7026879165362,0.024341976662981324,-0.023020091276293897,0.03350308090653798,-0.8,0.42857142857142855,0.6999520597198355,left,bottom
006,False,57,40.0,100.0,1284.0362548828125,1800.8538818359375,1284.1415731726665,1800.8279510131135,0.1053182898540399,-0.025930822823966082,0.10846358720836909,-0.6,0.42857142857142855,0.5495574790854838,left,bottom
006,False,58,60.0,100.0,1492.793701171875,1825.954345703125,1492.8296983580008,1825.881550228401,0.035997186125769076,-0.07279547472398917,0.08120947327291446,-0.4,0.42857142857142855,0.40961596025952024,left,bottom
006,False,59,80.0,100.0,1701.1314697265625,1850.9014892578125,1701.114317891143,1850.8558921943948,-0.017151835419554118,-0.04559706341774472,0.048716297586960625,-0.2,0.42857142857142855,0.295378269592824,left,bottom
006,False,60,100.0,100.0,1908.9169921875,1875.781005859375,1908.956598252119,1875.7437074254071,0.03960606461896532,-0.037298433967862366,0.0544041683242805,0.0,0.42857142857142855,0.24576957615571215,center,bottom
006,False,61,120.0,100.0,2116.25732421875,1900.52734375,2116.3122932650335,1900.5384910152075,0.0549690462835315,0.011147265207455348,0.0560879449697203,0.2,0.42857142857142855,0.295378269592824,right,bottom
006,False,62,140.0,100.0,2323.196044921875,1925.2567138671875,2323.1355734727426,1925.234927413688,-0.060471449132364796,-0.021786453499544223,0.06427632313889763,0.4,0.42857142857142855,0.40961596025952024,right,bottom
006,False,63,160.0,100.0,2529.38330078125,1949.8480224609375,2529.3827208022904,1949.8292996830264,-0.000579978959649452,-0.018722777911079902,0.018731758814944675,0.6,0.42857142857142855,0.5495574790854838,right,bottom
006,False,64,180.0,100.0,2735.0341796875,1974.3321533203125,2735.0156918729035,1974.3198836244019,-0.018487814596483076,-0.012269695910617884,0.02218884238289519,0.8,0.42857142857142855,0.6999520597198355,right,bottom
006,False,65,200.0,100.0,2939.935302734375,1998.6072998046875,2940.005553224075,1998.707327157605,0.07025048969990166,0.10002735291755016,0.1222317578813629,1.0,0.42857142857142855,0.8553032352102229,right,bottom
006,False,66,0.0,120.0,840.158935546875,1959.296630859375,840.0771392025738,1959.2819070418486,-0.08179634430121041,-0.01472381752637375,0.08311096644602388,-1.0,0.7142857142857143,0.9159291318091396,left,bottom
006,False,67,20.0,120.0,1049.5457763671875,1984.3870849609375,1049.5809713571225,1984.278486103061,0.03519498993500747,-0.10859885787658641,0.11415953419940138,-0.8,0.7142857142857143,0.7728618480955124,left,bottom
006,False,68,40.0,120.0,1258.63134765625,2009.282958984375,1258.7192556991304,2009.2034596950796,0.0879080428803718,-0.07949928929542693,0.11852409460331376,-0.6,0.7142857142857143,0.6398405841726221,left,bottom
006,False,69,60.0,120.0,1467.4459228515625,2034.155029296875,1467.4782858635099,2034.0465398871975,0.03236301194738189,-0.10848940967753151,0.11321358820603493,-0.4,0.7142857142857143,0.5245643766354129,left,bottom
006,False,70,80.0,120.0,1675.841552734375,2058.825439453125,1675.8306984552555,2058.798121177544,-0.010854279119485,-0.027318275580910267,0.029395638382560197,-0.2,0.7142857142857143,0.4411698907260348,left,bottom
006,False,71,100.0,120.0,1883.724609375,2083.5361328125,1883.739593736044,2083.4497147655393,0.014984361044071193,-0.08641804696071631,0.08770752485621543,0.0,0.7142857142857143,0.40961596025952024,center,bottom
006,False,72,120.0,120.0,2091.088623046875,2108.079833984375,2091.162514271037,2107.9943669606473,0.07389122416179816,-0.08546702372768777,0.11298019805699691,0.2,0.7142857142857143,0.4411698907260348,right,bottom
006,False,73,140.0,120.0,2298.015625,2132.427490234375,2298.0552850518325,2132.4270621278188,0.039660051832470344,-0.0004281065562281583,0.0396623623423734,0.4,0.7142857142857143,0.5245643766354129,right,bottom
006,False,74,160.0,120.0,2504.456298828125,2156.75634765625,2504.375718533703,2156.7451105610776,-0.08058029442190673,-0.011237095172418776,0.08136004029642051,0.6,0.7142857142857143,0.6398405841726221,right,bottom
006,False,75,180.0,120.0,2710.05615234375,2181.00537109375,2710.087187949105,2180.948521667947,0.031035605355100415,-0.0568494258031933,0.06476932926864626,0.8,0.7142857142857143,0.7728618480955124,right,bottom
006,False,76,200.0,120.0,2915.029296875,2204.91259765625,2915.1620721849586,2205.0403628388276,0.13277530995856068,0.12776518257760472,0.18426400845981977,1.0,0.7142857142857143,0.9159291318091396,right,bottom
006,False,77,0.0,140.0,814.6015625,2168.11572265625,814.5372963294549,2168.1046233800216,-0.06426617054512462,-0.011099276228378585,0.06521759432337944,-1.0,1.0,1.0,left,bottom
006,False,78,20.0,140.0,1024.029296875,2192.888916015625,1024.1220553166372,2192.8969168601234,0.09275844163721558,0.00800084449838323,0.09310285714011166,-0.8,1.0,0.8708554769564043,left,bottom
006,False,79,40.0,140.0,1233.2510986328125,2217.695556640625,1233.3300163473655,2217.6120397289815,0.07891771455297203,-0.08351691164352815,0.11490465700195646,-0.6,1.0,0.7552945112058728,left,bottom
006,False,80,60.0,140.0,1442.171875,2242.311279296875,1442.1505605885673,2242.2369258213776,-0.0213144114327406,-0.0743534754974462,0.07734819618629432,-0.4,1.0,0.6604858898858135,left,bottom
006,False,81,80.0,140.0,1650.5313720703125,2266.8212890625,1650.559224773056,2266.7600083537964,0.027852702743530244,-0.061280708703634446,0.06731343334980883,-0.2,1.0,0.5964098406184939,left,bottom
006,False,82,100.0,140.0,1858.447265625,2291.22021484375,1858.5218337931935,2291.17163136994,0.07456816819353662,-0.048583473810140276,0.0889986833340817,0.0,1.0,0.5734623443633283,center,bottom
006,False,83,120.0,140.0,2065.8955078125,2315.534423828125,2065.9984908501956,2315.464445790389,0.10298303769559425,-0.06997803773583655,0.1245087620144476,0.2,1.0,0.5964098406184939,right,bottom
006,False,84,140.0,140.0,2272.877685546875,2339.581787109375,2272.9474286858704,2339.633790458082,0.06974313899536355,0.05200334870687584,0.08699686036665648,0.4,1.0,0.6604858898858135,right,bottom
006,False,85,160.0,140.0,2479.30517578125,2363.7421875,2479.328725345506,2363.678058562493,0.023549564255972655,-0.06412893750712101,0.0683161957550215,0.6,1.0,0.7552945112058728,right,bottom
006,False,86,180.0,140.0,2685.06591796875,2387.546875,2685.107887844236,2387.599049816794,0.0419698754858473,0.05217481679392222,0.06696030134174184,0.8,1.0,0.8708554769564043,right,bottom
006,False,87,200.0,140.0,2890.049560546875,2411.235107421875,2890.2593070344337,2411.402308753875,0.20974648755873204,0.16720133199987686,0.2682347376194187,1.0,1.0,1.0,right,bottom
007,False,0,0.0,0.0,1733.9559326171875,324.9100036621094,1733.9082127327965,324.85694928997873,-0.047719884390971856,-0.05305437213064579,0.07135792715924955,-1.0,-1.0,1.0,left,top
007,False,1,20.0,0.0,1942.7579345703125,325.486572265625,1942.6809726296044,325.4965956480985,-0.07696194070808815,0.010023382473491438,0.07761190961292713,-0.8,-1.0,0.8708554769564043,left,top
007,False,2,40.0,0.0,2151.00537109375,326.2142639160156,2150.932281893465,326.1987251529922,-0.07308920028481225,-0.015538763023414504,0.07472271645604991,-0.6,-1.0,0.7552945112058728,left,top
007,False,3,60.0,0.0,2358.689697265625,326.9942932128906,2358.6272093927123,326.9632896096996,-0.06248787291269764,-0.031003603191038565,0.06975641670829164,-0.4,-1.0,0.6604858898858135,left,top
007,False,4,80.0,0.0,2565.68115234375,327.891845703125,2565.732719189352,327.7860992279268,0.05156684560188296,-0.10574647519820246,0.11764971985590311,-0.2,-1.0,0.5964098406184939,left,top
007,False,5,100.0,0.0,2772.1298828125,328.7083435058594,2772.221220354779,328.6589383586386,0.09133754227877944,-0.0494051472207957,0.1038432241479256,0.0,-1.0,0.5734623443633283,center,top
007,False,6,120.0,0.0,2977.997314453125,329.6680908203125,2978.0739824364123,329.5696788327614,0.07666798328727964,-0.09841198755111691,0.1247513485101455,0.2,-1.0,0.5964098406184939,right,top
007,False,7,140.0,0.0,3183.218505859375,330.6111145019531,3183.2844201153644,330.5023909479178,0.0659142559893553,-0.10872355403535039,0.12714362093596368,0.4,-1.0,0.6604858898858135,right,top
007,False,8,160.0,0.0,3387.75146484375,331.4801330566406,3387.8612505125093,331.43745214824,0.10978566875928664,-0.04268090840059813,0.11779029249825325,0.6,-1.0,0.7552945112058728,right,top
007,False,9,180.0,0.0,3591.633544921875,332.3460998535156,3591.8315265194497,332.35165344144775,0.19798159757465328,0.005553587932126902,0.1980594741917988,0.8,-1.0,0.8708554769564043,right,top
007,False,10,200.0,0.0,3795.13671875,333.24871826171875,3795.243549451835,333.2183035965536,0.10683070183495147,-0.030414665165153565,0.11107587817189073,1.0,-1.0,1.0,right,top
007,False,11,0.0,20.0,1734.784423828125,533.1776123046875,1734.6621366769896,533.2354533043737,-0.12228715113542421,0.05784099968616374,0.13527648937458747,-1.0,-0.7142857142857143,0.9159291318091396,left,top
007,False,12,20.0,20.0,1943.6197509765625,533.7032470703125,1943.5379334872239,533.613569949571,-0.08181748933861854,-0.08967712074149858,0.12139228783642013,-0.8,-0.7142857142857143,0.7728618480955124,left,top
007,False,13,40.0,20.0,2152.000244140625,534.0315551757812,2151.8939076510455,534.0485601510987,-0.10633648957946207,0.01700497531749079,0.10768759539348771,-0.6,-0.7142857142857143,0.6398405841726221,left,top
007,False,14,60.0,20.0,2359.76025390625,534.5955810546875,2359.691273717451,534.5403167679252,-0.06898018879883239,-0.05526428676228079,0.08838782630015384,-0.4,-0.7142857142857143,0.5245643766354129,left,top
007,False,15,80.0,20.0,2566.930419921875,535.051513671875,2566.8932433843447,535.0853150237394,-0.037176537530285714,0.03380135186444022,0.050245659818579744,-0.2,-0.7142857142857143,0.4411698907260348,left,top
007,False,16,100.0,20.0,2773.490478515625,535.7770385742188,2773.468577092743,535.6767055529173,-0.02190142288191055,-0.10033302130148058,0.10269560598066323,0.0,-0.7142857142857143,0.40961596025952024,center,top
007,False,17,120.0,20.0,2979.36767578125,536.2877807617188,2979.3950011377606,536.3044055603625,0.02732535651057333,0.016624798643761096,0.03198529409549853,0.2,-0.7142857142857143,0.4411698907260348,right,top
007,False,18,140.0,20.0,3184.771240234375,537.006103515625,3184.6624938410523,536.9551881306803,-0.10874639332268998,-0.0509153849446875,0.120075619859982,0.4,-0.7142857142857143,0.5245643766354129,right,top
007,False,19,160.0,20.0,3389.088623046875,537.6011352539062,3389.2764442465295,537.6127697214727,0.18782119965453603,0.011634467566409512,0.18818119957961507,0.6,-0.7142857142857143,0.6398405841726221,right,top
007,False,20,180.0,20.0,3593.228759765625,538.34375,3593.2606867201666,538.2578958749052,0.03192695454163186,-0.08585412509478374,0.09159836910171601,0.8,-0.7142857142857143,0.7728618480955124,right,top
007,False,21,200.0,20.0,3796.664794921875,538.8876342773438,3796.660414755554,538.8684251810477,-0.004380166320970602,-0.019209096296094685,0.019702163269854498,1.0,-0.7142857142857143,0.9159291318091396,right,top
007,False,22,0.0,40.0,1735.492919921875,741.8179321289062,1735.4240173146466,741.8471423899498,-0.06890260722843777,0.02921026104354496,0.07483855044766972,-1.0,-0.42857142857142855,0.8553032352102229,left,top
007,False,23,20.0,40.0,1944.379638671875,741.9998168945312,1944.3950912344892,741.9669220813547,0.01545256261420036,-0.03289481317654008,0.03634350595725814,-0.8,-0.42857142857142855,0.6999520597198355,left,top
007,False,24,40.0,40.0,2152.918212890625,742.054443359375,2152.847540222223,742.1344616465841,-0.07067266840203956,0.08001828720909998,0.10675931971936996,-0.6,-0.42857142857142855,0.5495574790854838,left,top
007,False,25,60.0,40.0,2360.82568359375,742.2503051757812,2360.7394571713826,742.3496581825403,-0.0862264223674174,0.0993530067590882,0.1315523312843816,-0.4,-0.42857142857142855,0.40961596025952024,left,top
007,False,26,80.0,40.0,2568.065673828125,742.5900268554688,2568.031015787124,742.6097157058638,-0.03465804100096648,0.019688850395027657,0.03986013843305683,-0.2,-0.42857142857142855,0.295378269592824,left,top
007,False,27,100.0,40.0,2774.77001953125,742.9564208984375,2774.688024306805,742.9092154643154,-0.08199522444510876,-0.04720543412213374,0.09461273615355847,0.0,-0.42857142857142855,0.24576957615571215,center,top
007,False,28,120.0,40.0,2980.678466796875,743.1959838867188,2980.6853445969473,743.2401848751098,0.0068778000722886645,0.04420098839102593,0.04473289067987875,0.2,-0.42857142857142855,0.295378269592824,right,top
007,False,29,140.0,40.0,3186.0947265625,743.5459594726562,3186.0101801759442,743.5921651151588,-0.08454638655575764,0.04620564250251391,0.09634860081343016,0.4,-0.42857142857142855,0.40961596025952024,right,top
007,False,30,160.0,40.0,3390.7060546875,743.8687133789062,3390.6652366288845,743.9522773877309,-0.04081805861551402,0.08356400882462367,0.09300030903164419,0.6,-0.42857142857142855,0.5495574790854838,right,top
007,False,31,180.0,40.0,3594.7294921875,744.18896484375,3594.6717577997424,744.3052878895948,-0.05773438775759132,0.1163230458447515,0.12986266023897736,0.8,-0.42857142857142855,0.6999520597198355,right,top
007,False,32,200.0,40.0,3798.20263671875,744.5364379882812,3798.072441066892,744.6336715022757,-0.13019565185777537,0.09723351399441071,0.16249696614513243,1.0,-0.42857142857142855,0.8553032352102229,right,top
007,False,33,0.0,60.0,1736.25537109375,950.6016845703125,1736.1987680710713,950.676612011624,-0.056603022678700654,0.07492744131150175,0.0939043323699926,-1.0,-0.14285714285714285,0.8233178906068351,left,top
007,False,34,20.0,60.0,1945.239013671875,950.465087890625,1945.2542031151613,950.5404321832171,0.015189443286317328,0.07534429259214903,0.07686014320543265,-0.8,-0.14285714285714285,0.6604858898858135,left,top
007,False,35,40.0,60.0,2153.853759765625,950.3723754882812,2153.791822398368,950.4401323135367,-0.06193736725708732,0.06775682525540105,0.09179991738248061,-0.6,-0.14285714285714285,0.4983193229757469,left,top
007,False,36,60.0,60.0,2361.80126953125,950.3364868164062,2361.76733163376,950.3756630943363,-0.03393789748997733,0.03917627793009615,0.05183205223118556,-0.4,-0.14285714285714285,0.3377779740177616,left,top
007,False,37,80.0,60.0,2569.129638671875,950.2747192382812,2569.1385826528135,950.3450074977695,0.008943980938511231,0.07028825948827944,0.07085502252430773,-0.2,-0.14285714285714285,0.18318582636182795,left,top
007,False,38,100.0,60.0,2775.93359375,950.659912109375,2775.869129601702,950.344228306076,-0.06446414829815694,-0.3156838032989526,0.32219852588287645,0.0,-0.14285714285714285,0.08192319205190404,center,top
007,False,39,120.0,60.0,2981.978759765625,950.3063354492188,2981.9316503672853,950.3675147826491,-0.047109398339671316,0.06117933343034565,0.07721532393836883,0.2,-0.14285714285714285,0.18318582636182795,right,top
007,False,40,140.0,60.0,3187.423583984375,950.3612060546875,3187.3112367869708,950.4072284989151,-0.11234719740423316,0.0460224442275603,0.12140822928148089,0.4,-0.14285714285714285,0.3377779740177616,right,top
007,False,41,160.0,60.0,3392.14990234375,950.3413696289062,3392.008557113465,950.4539483312184,-0.14134523028496915,0.11257870231213474,0.18069985705195013,0.6,-0.14285714285714285,0.4983193229757469,right,top
007,False,42,180.0,60.0,3596.20947265625,950.4200439453125,3596.042894124228,950.4965146416675,-0.16657853202195838,0.07647069635504522,0.18329259322628436,0.8,-0.14285714285714285,0.6604858898858135,right,top
007,False,43,200.0,60.0,3799.47705078125,950.373046875,3799.4550621859817,950.522072656661,-0.02198859526833985,0.14902578166095282,0.15063924429421716,1.0,-0.14285714285714285,0.8233178906068351,right,top
007,False,44,0.0,80.0,1737.0159912109375,1159.683349609375,1736.9900753545407,1159.6946362393355,-0.025915856396750314,0.011286629960522987,0.02826693525380421,-1.0,0.14285714285714285,0.8233178906068351,left,bottom
007,False,45,20.0,80.0,1945.9764404296875,1159.1932373046875,1946.116538209787,1159.3041406412071,0.14009778009949514,0.11090333651964102,0.1786811071154285,-0.8,0.14285714285714285,0.6604858898858135,left,bottom
007,False,46,40.0,80.0,2154.7412109375,1158.93896484375,2154.725638425707,1158.935619214596,-0.01557251179292507,-0.0033456291539550875,0.015927848504320493,-0.6,0.14285714285714285,0.4983193229757469,left,bottom
007,False,47,60.0,80.0,2362.833251953125,1158.607421875,2362.7714309308953,1158.5891117110061,-0.061821022229651135,-0.018310163993874085,0.06447558371198808,-0.4,0.14285714285714285,0.3377779740177616,left,bottom
007,False,48,80.0,80.0,2570.255615234375,1158.162841796875,2570.210163658379,1158.2634165405268,-0.04545157599613958,0.10057474365180497,0.11036813317782962,-0.2,0.14285714285714285,0.18318582636182795,left,bottom
007,False,49,100.0,80.0,2777.023193359375,1157.9847412109375,2777.0038365684277,1157.9561154695211,-0.01935679094731313,-0.02862574141636287,0.03455601868581588,0.0,0.14285714285714285,0.08192319205190404,center,bottom
007,False,50,120.0,80.0,2983.12451171875,1157.6141357421875,2983.123625748071,1157.663597975536,-0.000885970679064485,0.04946223334854949,0.0494701674938596,0.2,0.14285714285714285,0.18318582636182795,right,bottom
007,False,51,140.0,80.0,3188.65380859375,1157.292236328125,3188.5531761463944,1157.3810852633028,-0.10063244735556509,0.08884893517779346,0.13424240292470307,0.4,0.14285714285714285,0.3377779740177616,right,bottom
007,False,52,160.0,80.0,3393.345703125,1156.9703369140625,3393.2917664214388,1157.1026539456761,-0.05393670356124858,0.1323170316136384,0.14288794506919955,0.6,0.14285714285714285,0.4983193229757469,right,bottom
007,False,53,180.0,80.0,3597.42822265625,1156.7125244140625,3597.357349293143,1156.8212593933144,-0.07087336310678438,0.10873497925194897,0.12979341012157697,0.8,0.14285714285714285,0.6604858898858135,right,bottom
007,False,54,200.0,80.0,3800.90087890625,1156.3494873046875,3800.789470717222,1156.5287587568926,-0.11140818902822502,0.17927145220505736,0.21106879958501418,1.0,0.14285714285714285,0.8233178906068351,right,bottom
007,False,55,0.0,100.0,1737.7706298828125,1368.9354248046875,1737.8004080822625,1368.8618479590955,0.029778199449992826,-0.07357684559201516,0.0793743873661699,-1.0,0.42857142857142855,0.8553032352102229,left,bottom
007,False,56,20.0,100.0,1947.0028076171875,1368.200927734375,1946.9828907924525,1368.2180051245457,-0.01991682473499168,0.01707739017069798,0.026235799255342467,-0.8,0.42857142857142855,0.6999520597198355,left,bottom
007,False,57,40.0,100.0,2155.662109375,1367.6724853515625,2155.6481311346097,1367.5809478483525,-0.013978240390315477,-0.09153750321002008,0.0925986268706717,-0.6,0.42857142857142855,0.5495574790854838,left,bottom
007,False,58,60.0,100.0,2363.774169921875,1367.000732421875,2363.749271680493,1366.9508264479393,-0.02489824138183394,-0.049905973935665315,0.055772113626573035,-0.4,0.42857142857142855,0.40961596025952024,left,bottom
007,False,59,80.0,100.0,2571.22119140625,1366.328857421875,2571.241676405305,1366.3272775080995,0.020484999055042863,-0.001579913775458408,0.020545834464021903,-0.2,0.42857142857142855,0.295378269592824,left,bottom
007,False,60,100.0,100.0,2778.0947265625,1365.80224609375,2778.0864928893197,1365.7094256931864,-0.008233673180257028,-0.0928204005635962,0.09318487073997438,0.0,0.42857142857142855,0.24576957615571215,center,bottom
007,False,61,120.0,100.0,2984.174560546875,1365.0106201171875,2984.254079436882,1365.0958857338242,0.0795188900069661,0.08526561663666143,0.11659107705296357,0.2,0.42857142857142855,0.295378269592824,right,bottom
007,False,62,140.0,100.0,3189.7783203125,1364.4505615234375,3189.7273006768737,1364.484764581411,-0.05101963562628953,0.034203057973400064,0.06142354918246842,0.4,0.42857142857142855,0.40961596025952024,right,bottom
007,False,63,160.0,100.0,3394.54248046875,1363.9013671875,3394.5046951253653,1363.8736637238796,-0.03778534338471218,-0.02770346362035525,0.04685311164976089,0.6,0.42857142857142855,0.5495574790854838,right,bottom
007,False,64,180.0,100.0,3598.573974609375,1363.2952880859375,3598.6035181096586,1363.2596816563446,0.029543500283580215,-0.035606429592917266,0.04626701024878611,0.8,0.42857142857142855,0.6999520597198355,right,bottom
007,False,65,200.0,100.0,3802.094970703125,1362.565673828125,3802.06266337324,1362.6394165004515,-0.032307329885043146,0.0737426723264889,0.08050928695593394,1.0,0.42857142857142855,0.8553032352102229,right,bottom
007,False,66,0.0,120.0,1738.5814208984375,1578.1854248046875,1738.6310272831738,1578.132442589147,0.04960638473630752,-0.05298221554039628,0.07258035939684766,-1.0,0.7142857142857143,0.9159291318091396,left,bottom
007,False,67,20.0,120.0,1947.781982421875,1577.3726806640625,1947.8535937786014,1577.2355809498442,0.0716113567264074,-0.13709971421826594,0.15467552505463483,-0.8,0.7142857142857143,0.7728618480955124,left,bottom
007,False,68,40.0,120.0,2156.471923828125,1576.3621826171875,2156.558719173906,1576.3297793479007,0.08679534578095627,-0.032403269286760406,0.0926466616220254,-0.6,0.7142857142857143,0.6398405841726221,left,bottom
007,False,69,60.0,120.0,2364.71630859375,1575.5006103515625,2364.6993742547456,1575.415306145562,-0.01693433900436503,-0.08530420600050093,0.08696884154046584,-0.4,0.7142857142857143,0.5245643766354129,left,bottom
007,False,70,80.0,120.0,2572.17919921875,1574.5203857421875,2572.230761054514,1574.492645026136,0.05156183576400508,-0.027740716051539493,0.05855057842930653,-0.2,0.7142857142857143,0.4411698907260348,left,bottom
007,False,71,100.0,120.0,2779.109619140625,1573.6431884765625,2779.1138785886046,1573.5624738639606,0.004259447979620745,-0.08071461260192336,0.08082692363667976,0.0,0.7142857142857143,0.40961596025952024,center,bottom
007,False,72,120.0,120.0,2985.28662109375,1572.7373046875,2985.318953340331,1572.6256442876975,0.03233224658106337,-0.11166039980253117,0.11624723245324935,0.2,0.7142857142857143,0.4411698907260348,right,bottom
007,False,73,140.0,120.0,3190.8876953125,1571.6907958984375,3190.8287380677375,1571.6831619195968,-0.058957244762495975,-0.0076339788406585285,0.05944942676699651,0.4,0.7142857142857143,0.5245643766354129,right,bottom
007,False,74,160.0,120.0,3395.6591796875,1570.68408203125,3395.6416824170437,1570.7361672737752,-0.017497270456260594,0.05208524252520874,0.054945672826250326,0.6,0.7142857142857143,0.6398405841726221,right,bottom
007,False,75,180.0,120.0,3599.80126953125,1569.8441162109375,3599.774978746783,1569.785917296931,-0.026290784467164485,-0.058198914006425184,0.06386171732287013,0.8,0.7142857142857143,0.7728618480955124,right,bottom
007,False,76,200.0,120.0,3803.242431640625,1568.7298583984375,3803.2674864869086,1568.833767535304,0.025054846283637744,0.10390913686660497,0.10688710888904966,1.0,0.7142857142857143,0.9159291318091396,right,bottom
007,False,77,0.0,140.0,1739.346435546875,1787.465087890625,1739.48199577794,1787.4579054057895,0.13556023106502835,-0.007182484835539071,0.13575037508167934,-1.0,1.0,1.0,left,bottom
007,False,78,20.0,140.0,1948.5416259765625,1786.3046875,1948.7285322643343,1786.3077248762888,0.18690628777176244,0.0030373762888302736,0.18693096603650455,-0.8,1.0,0.8708554769564043,left,bottom
007,False,79,40.0,140.0,2157.30224609375,1785.2518310546875,2157.45711435071,1785.1330909332546,0.15486825696007145,-0.11874012143289292,0.1951496693611057,-0.6,1.0,0.7552945112058728,left,bottom
007,False,80,60.0,140.0,2365.608642578125,1783.982421875,2365.6212838626907,1783.9343833650314,0.012641284565688693,-0.048038509968591825,0.04967394201664707,-0.4,1.0,0.6604858898858135,left,bottom
007,False,81,80.0,140.0,2573.056640625,1782.783203125,2573.1768050940573,1782.712927995182,0.12016446905727207,-0.07027512981790096,0.13920522078837033,-0.2,1.0,0.5964098406184939,left,bottom
007,False,82,100.0,140.0,2779.931884765625,1781.5828857421875,2780.0852344290015,1781.470952550264,0.15334966337650258,-0.11193319192352646,0.18985562596845967,0.0,1.0,0.5734623443633283,center,bottom
007,False,83,120.0,140.0,2986.19482421875,1780.2744140625,2986.317354543898,1780.2115437412954,0.12253032514809092,-0.06287032120462754,0.1377184006197789,0.2,1.0,0.5964098406184939,right,bottom
007,False,84,140.0,140.0,3191.7958984375,1778.956787109375,3191.856476763129,1778.9386055308955,0.060578325629194296,-0.018181578479470772,0.06324795120825538,0.4,1.0,0.6604858898858135,right,bottom
007,False,85,160.0,140.0,3396.6650390625,1777.708740234375,3396.701615059783,1777.6568185586807,0.03657599728285277,-0.051921675694302394,0.06351113275749036,0.6,1.0,0.7552945112058728,right,bottom
007,False,86,180.0,140.0,3600.70361328125,1776.31201171875,3600.87053511031,1776.3716006981033,0.16692182905990194,0.059588979353293325,0.17723922668831057,0.8,1.0,0.8708554769564043,right,bottom
007,False,87,200.0,140.0,3804.179931640625,1774.9937744140625,3804.4026817322415,1775.0890687184974,0.22275009161648995,0.09529430443490128,0.2422779556065436,1.0,1.0,1.0,right,bottom
008,False,0,0.0,0.0,490.9188537597656,1907.756591796875,490.86165274360746,1907.801999688763,-0.0572010161581602,0.04540789188808958,0.07303309452054278,-1.0,-1.0,1.0,left,top
008,False,1,20.0,0.0,627.953125,1745.6339111328125,627.9099262357684,1745.6355448418444,-0.043198764231647147,0.0016337090319211711,0.04322964534139064,-0.8,-1.0,0.8708554769564043,left,top
008,False,2,40.0,0.0,764.585205078125,1584.0457763671875,764.4687215904457,1584.0601009253583,-0.11648348767926109,0.014324558170756063,0.11736096399021245,-0.6,-1.0,0.7552945112058728,left,top
008,False,3,60.0,0.0,900.5608520507812,1423.078857421875,900.5545774049447,1423.0822458957377,-0.006274645836583659,0.003388473862742103,0.007131124419966534,-0.4,-1.0,0.6604858898858135,left,top
008,False,4,80.0,0.0,1036.268798828125,1262.7730712890625,1036.170184830639,1262.7187901693144,-0.09861399748592703,-0.05428111974811145,0.11256624921024613,-0.2,-1.0,0.5964098406184939,left,top
008,False,5,100.0,0.0,1171.3919677734375,1102.959228515625,1171.3074499085797,1102.9934044857946,-0.08451786485784396,0.03417597016959917,0.09116614731994606,0.0,-1.0,0.5734623443633283,center,top
008,False,6,120.0,0.0,1306.0693359375,943.97119140625,1305.950381143887,943.9334465855467,-0.11895479361305661,-0.03774482070332397,0.12479949684774762,0.2,-1.0,0.5964098406184939,right,top
008,False,7,140.0,0.0,1440.199951171875,785.6318359375,1440.0778097450982,785.5669781513367,-0.12214142677680684,-0.06485778616331572,0.13829338581826847,0.4,-1.0,0.6604858898858135,right,top
008,False,8,160.0,0.0,1573.7415771484375,627.9526977539062,1573.665949669867,627.9199637949868,-0.07562747857059549,-0.03273395891949349,0.08240769127629391,0.6,-1.0,0.7552945112058728,right,top
008,False,9,180.0,0.0,1706.573486328125,470.9806823730469,1706.6908043442486,471.0136441869779,0.1173180161235905,0.03296181393102415,0.1218605682113722,0.8,-1.0,0.8708554769564043,right,top
008,False,10,200.0,0.0,1839.1451416015625,314.8883972167969,1839.1304266588238,314.8620757327062,-0.014714942738692116,-0.026321484090658487,0.030155431758437413,1.0,-1.0,1.0,right,top
008,False,11,0.0,20.0,653.7225341796875,2042.5537109375,653.6921032204148,2042.4922290053091,-0.03043095927273498,-0.06148193219087261,0.06860081098778581,-1.0,-0.7142857142857143,0.9159291318091396,left,top
008,False,12,20.0,20.0,790.415771484375,1880.2132568359375,790.3090197109034,1880.1982376627807,-0.1067517734716148,-0.015019173156815668,0.10780313864470446,-0.8,-0.7142857142857143,0.7728618480955124,left,top
008,False,13,40.0,20.0,926.470703125,1718.4971923828125,926.4495681795104,1718.4826624657687,-0.021134945489620804,-0.014529917043773821,0.0256476979502682,-0.6,-0.7142857142857143,0.6398405841726221,left,top
008,False,14,60.0,20.0,1062.1661376953125,1557.3702392578125,1062.1249889391513,1557.3524211156337,-0.04114875616119207,-0.01781814217883948,0.044840900128326824,-0.4,-0.7142857142857143,0.5245643766354129,left,top
008,False,15,80.0,20.0,1197.298095703125,1396.9365234375,1197.3335115962354,1396.8250929709313,0.035415893110439356,-0.11143046656866318,0.11692319857290952,-0.2,-0.7142857142857143,0.4411698907260348,left,top
008,False,16,100.0,20.0,1332.2205810546875,1236.942138671875,1332.0633677528065,1236.9255362422953,-0.1572133018810291,-0.016602429579734235,0.15808751676298044,0.0,-0.7142857142857143,0.40961596025952024,center,top
008,False,17,120.0,20.0,1466.263671875,1077.7056884765625,1466.2956311519085,1077.682703949114,0.031959276908537504,-0.02298452744844326,0.03936602446964667,0.2,-0.7142857142857143,0.4411698907260348,right,top
008,False,18,140.0,20.0,1600.22607421875,919.1002197265625,1600.0068926046886,919.1266501060087,-0.21918161406142644,0.02643037944619664,0.22076943832931684,0.4,-0.7142857142857143,0.5245643766354129,right,top
008,False,19,160.0,20.0,1733.179443359375,761.3640747070312,1733.1717767563387,761.285717935854,-0.007666603036341257,-0.07835677117725481,0.07873093668591469,0.6,-0.7142857142857143,0.6398405841726221,right,top
008,False,20,180.0,20.0,1865.8740234375,604.26708984375,1865.7653074770358,604.1839022225862,-0.10871596046422383,-0.08318762116380185,0.13689171039383974,0.8,-0.7142857142857143,0.7728618480955124,right,top
008,False,21,200.0,20.0,1997.8095703125,447.77972412109375,1997.7651284031633,447.8383782217261,-0.04444190933668324,0.05865410063233867,0.0735893119038253,1.0,-0.7142857142857143,0.9159291318091396,right,top
008,False,22,0.0,40.0,816.303466796875,2176.961669921875,816.3355506544192,2176.9697803675404,0.03208385754419396,0.008110445665352017,0.033093099640359454,-1.0,-0.42857142857142855,0.8553032352102229,left,top
008,False,23,20.0,40.0,952.54052734375,2014.619140625,952.5349492652651,2014.5582976420906,-0.005578078484859361,-0.060842982909434795,0.061098146689576645,-0.8,-0.42857142857142855,0.6999520597198355,left,top
008,False,24,40.0,40.0,1088.2752685546875,1852.7398681640625,1088.2659887831792,1852.713941368211,-0.009279771508317936,-0.025926795851546558,0.02753748177256521,-0.6,-0.42857142857142855,0.5495574790854838,left,top
008,False,25,60.0,40.0,1223.552734375,1691.4649658203125,1223.5352855475908,1691.4433469703172,-0.017448827409225487,-0.021618849995320488,0.02778194113227345,-0.4,-0.42857142857142855,0.40961596025952024,left,top
008,False,26,80.0,40.0,1358.3865966796875,1530.7822265625,1358.3372509341402,1530.764262451725,-0.04934574554727078,-0.017964110774983055,0.052513920816787775,-0.2,-0.42857142857142855,0.295378269592824,left,top
008,False,27,100.0,40.0,1492.7708740234375,1370.6728515625,1492.6570555895432,1370.7021543019794,-0.11381843389426649,0.02930273947936257,0.11752993846309504,0.0,-0.42857142857142855,0.24576957615571215,center,top
008,False,28,120.0,40.0,1626.489501953125,1211.3302001953125,1626.4734232724363,1211.2870121320723,-0.016078680688679015,-0.04318806324022262,0.04608397529651677,0.2,-0.42857142857142855,0.295378269592824,right,top
008,False,29,140.0,40.0,1759.755126953125,1052.5316162109375,1759.7612615525443,1052.5503435223466,0.006134599419283404,0.018727311409065805,0.019706483771774166,0.4,-0.42857142857142855,0.40961596025952024,right,top
008,False,30,160.0,40.0,1892.5411376953125,894.4418334960938,1892.4941363424111,894.5223508955289,-0.047001352901361315,0.08051739943516623,0.09323185499795879,0.6,-0.42857142857142855,0.5495574790854838,right,top
008,False,31,180.0,40.0,2024.6966552734375,737.1419677734375,2024.6465969681622,737.2292825428178,-0.05005830527534272,0.08731476938032756,0.10064642506805292,0.8,-0.42857142857142855,0.6999520597198355,right,top
008,False,32,200.0,40.0,2156.210693359375,580.5771484375,2156.196358227935,580.6909502346577,-0.014335131440020632,0.1138017971577483,0.11470111171970372,1.0,-0.42857142857142855,0.8553032352102229,right,top
008,False,33,0.0,60.0,978.8181762695312,2311.20654296875,978.7886295103272,2311.2126419255874,-0.029546759204094997,0.006098956837377045,0.030169657836458152,-1.0,-0.14285714285714285,0.8233178906068351,left,top
008,False,34,20.0,60.0,1114.526611328125,2148.74658203125,1114.5791609986727,2148.692745464249,0.05254967054770532,-0.05383656700087158,0.0752319335196943,-0.8,-0.14285714285714285,0.6604858898858135,left,top
008,False,35,40.0,60.0,1249.8958740234375,1986.7625732421875,1249.9049884517763,1986.7304818262328,0.009114428338762082,-0.0320914159547101,0.033360632217040664,-0.6,-0.14285714285714285,0.4983193229757469,left,top
008,False,36,60.0,60.0,1384.7528076171875,1825.35400390625,1384.7687497131014,1825.3315741712909,0.015942095913942467,-0.022429734959132475,0.027518056480541474,-0.4,-0.14285714285714285,0.3377779740177616,left,top
008,False,37,80.0,60.0,1519.17138671875,1664.509033203125,1519.161653329575,1664.513330927406,-0.009733389174925833,0.004297724281059345,0.01063998584710386,-0.2,-0.14285714285714285,0.18318582636182795,left,top
008,False,38,100.0,60.0,1653.2901611328125,1504.36767578125,1653.0663954566862,1504.3012397940363,-0.22376567612627696,-0.06643598721370836,0.23341983251067142,0.0,-0.14285714285714285,0.08192319205190404,center,top
008,False,39,120.0,60.0,1786.4417724609375,1344.7103271484375,1786.4599084915517,1344.7257604573126,0.018136030614186893,0.015433308875117291,0.023813916714255517,0.2,-0.14285714285714285,0.18318582636182795,right,top
008,False,40,140.0,60.0,1919.3775634765625,1185.798828125,1919.3159486015752,1185.8193075181885,-0.06161487498729912,0.020479393188452377,0.06492917961184885,0.4,-0.14285714285714285,0.3377779740177616,right,top
008,False,41,160.0,60.0,2051.63525390625,1027.4892578125,2051.607529041492,1027.6134154611427,-0.027724864758056356,0.12415764864272205,0.12721552516238785,0.6,-0.14285714285714285,0.4983193229757469,right,top
008,False,42,180.0,60.0,2183.3056640625,870.0394897460938,2183.309205886917,870.1360778054972,0.003541824416970485,0.09658805940341608,0.09665297584409123,0.8,-0.14285714285714285,0.6604858898858135,right,top
008,False,43,200.0,60.0,2314.41015625,713.2987060546875,2314.399222557704,713.40925288418,-0.010933692296021036,0.11054682949247763,0.11108621488764027,1.0,-0.14285714285714285,0.8233178906068351,right,top
008,False,44,0.0,80.0,1141.0078125,2445.19091796875,1141.0371265394197,2445.1963481000685,0.02931403941965982,0.005430131318462372,0.029812736091025187,-1.0,0.14285714285714285,0.8233178906068351,left,bottom
008,False,45,20.0,80.0,1276.2872314453125,2282.634033203125,1276.4229347059604,2282.5756017132003,0.13570326064791516,-0.0584314899247147,0.14774848210827085,-0.8,0.14285714285714285,0.6604858898858135,left,bottom
008,False,46,40.0,80.0,1411.2559814453125,2120.530029296875,1411.3440633958912,2120.505285349775,0.08808195057872581,-0.02474394709997796,0.09149149105703548,-0.6,0.14285714285714285,0.4983193229757469,left,bottom
008,False,47,60.0,80.0,1545.7684326171875,1959.0562744140625,1545.799789312719,1958.9895719565911,0.03135669553148546,-0.06670245747136505,0.07370522496657576,-0.4,0.14285714285714285,0.3377779740177616,left,bottom
008,False,48,80.0,80.0,1679.7684326171875,1797.992919921875,1679.7787063557985,1798.0447142484106,0.01027373861097658,0.05179432653562799,0.052803427600165584,-0.2,0.14285714285714285,0.18318582636182795,left,bottom
008,False,49,100.0,80.0,1813.2681884765625,1637.64501953125,1813.2615963051117,1637.6956261930277,-0.0065921714508476725,0.05060666177769235,0.051034213432942406,0.0,0.14285714285714285,0.08192319205190404,center,bottom
008,False,50,120.0,80.0,1946.1956787109375,1477.961669921875,1946.2241333161182,1477.9726632101547,0.028454605180741055,0.010993288279678382,0.030504375804005068,0.2,0.14285714285714285,0.18318582636182795,right,bottom
008,False,51,140.0,80.0,2078.61572265625,1318.8677978515625,2078.6394293090398,1318.908592600778,0.023706652789769578,0.040794749215592674,0.04718280354173318,0.4,0.14285714285714285,0.3377779740177616,right,bottom
008,False,52,160.0,80.0,2210.448974609375,1160.481201171875,2210.4804270652653,1160.5357460491873,0.0314524558903031,0.054544877312309836,0.0629634864230563,0.6,0.14285714285714285,0.4983193229757469,right,bottom
008,False,53,180.0,80.0,2341.7109375,1002.793212890625,2341.722147582002,1002.8833463533501,0.011210082001980481,0.09013346272513445,0.09082789792411981,0.8,0.14285714285714285,0.6604858898858135,right,bottom
008,False,54,200.0,80.0,2472.288818359375,845.8275146484375,2472.3437979843966,845.9750008411409,0.05497962502158771,0.1474861927033544,0.15740055973739542,1.0,0.14285714285714285,0.8233178906068351,right,bottom
008,False,55,0.0,100.0,1303.00830078125,2578.978759765625,1303.0591572942099,2578.896495396394,0.05085651295985372,-0.08226436923087022,0.09671510407060893,-1.0,0.42857142857142855,0.8553032352102229,left,bottom
008,False,56,20.0,100.0,1438.0035400390625,2416.27880859375,1438.0405152990618,2416.180388016053,0.03697525999928075,-0.09842057769719759,0.10513695813682512,-0.8,0.42857142857142855,0.6999520597198355,left,bottom
008,False,57,40.0,100.0,1572.4931640625,2254.0625,1572.5542881613069,2254.0102973727307,0.06112409880688574,-0.052202627269252844,0.080382023791184,-0.6,0.42857142857142855,0.5495574790854838,left,bottom
008,False,58,60.0,100.0,1706.6197509765625,2092.45068359375,1706.5969813718511,2092.388200294679,-0.022769604711356806,-0.06248329907111838,0.06650276356304499,-0.4,0.42857142857142855,0.40961596025952024,left,bottom
008,False,59,80.0,100.0,1840.145263671875,1931.302490234375,1840.1551358153997,1931.328669730646,0.009872143524717103,0.02617949627097005,0.02797901432814152,-0.2,0.42857142857142855,0.295378269592824,left,bottom
008,False,60,100.0,100.0,1973.1943359375,1770.8333740234375,1973.2081533168928,1770.8554431050852,0.013817379392776274,0.022069081647714484,0.026037748329250876,0.0,0.42857142857142855,0.24576957615571215,center,bottom
008,False,61,120.0,100.0,2105.712890625,1610.986572265625,2105.730958041132,1610.9981894067143,0.01806741613199847,0.01161714108934575,0.02147997888212565,0.2,0.42857142857142855,0.295378269592824,right,bottom
008,False,62,140.0,100.0,2237.728759765625,1451.7327880859375,2237.69650074807,1451.7894665421707,-0.03225901755513405,0.056678456233157704,0.06521573134295451,0.4,0.42857142857142855,0.40961596025952024,right,bottom
008,False,63,160.0,100.0,2369.095947265625,1293.2353515625,2369.078112637718,1293.2618608110158,-0.01783462790717749,0.026509248515822037,0.03195018324612688,0.6,0.42857142857142855,0.5495574790854838,right,bottom
008,False,64,180.0,100.0,2499.89697265625,1135.4049072265625,2499.851715260069,1135.4453006708648,-0.04525739618111402,0.040393444302253556,0.06066186818499389,0.8,0.42857142857142855,0.6999520597198355,right,bottom
008,False,65,200.0,100.0,2629.941650390625,978.2772216796875,2629.9978927164707,978.3645372623068,0.056242325845687446,0.0873155826193397,0.10386149519762952,1.0,0.42857142857142855,0.8553032352102229,right,bottom
008,False,66,0.0,120.0,1464.819580078125,2712.21484375,1464.8282656915899,2712.291196013506,0.008685613464876951,0.07635226350612356,0.07684470068761919,-1.0,0.7142857142857143,0.9159291318091396,left,bottom
008,False,67,20.0,120.0,1599.3792724609375,2549.617919921875,1599.402168420532,2549.482566590316,0.022895959594507076,-0.13535333155914486,0.13727617903304673,-0.8,0.7142857142857143,0.7728618480955124,left,bottom
008,False,68,40.0,120.0,1733.4676513671875,2387.33984375,1733.5033281175083,2387.2188328656352,0.03567675032081752,-0.12101088436475038,0.1261604718134525,-0.6,0.7142857142857143,0.6398405841726221,left,bottom
008,False,69,60.0,120.0,1867.1282958984375,2225.561767578125,1867.1260422338073,2225.4991216876724,-0.002253664630188723,-0.06264589045258617,0.06268641475521464,-0.4,0.7142857142857143,0.5245643766354129,left,bottom
008,False,70,80.0,120.0,2000.2398681640625,2064.31298828125,2000.25533437878,2064.335694272504,0.015466214717434923,0.0227059912540426,0.02747300195672944,-0.2,0.7142857142857143,0.4411698907260348,left,bottom
008,False,71,100.0,120.0,2132.88623046875,1903.7152099609375,2132.8697357830392,1903.7505008201374,-0.016494685710767953,0.035290859199903934,0.038955351362354014,0.0,0.7142857142857143,0.40961596025952024,center,bottom
008,False,72,120.0,120.0,2264.938720703125,1743.782470703125,2264.943904619828,1743.771933901002,0.005183916703117575,-0.01053680212294239,0.011742963482992896,0.2,0.7142857142857143,0.4411698907260348,right,bottom
008,False,73,140.0,120.0,2396.41455078125,1584.4111328125,2396.451090106511,1584.4317721591135,0.0365393252609465,0.02063934661350686,0.041965520599150444,0.4,0.7142857142857143,0.5245643766354129,right,bottom
008,False,74,160.0,120.0,2527.3154296875,1425.624267578125,2527.365448042731,1425.7623062017042,0.050018355230804445,0.1380386235791775,0.14682131132648557,0.6,0.7142857142857143,0.6398405841726221,right,bottom
008,False,75,180.0,120.0,2657.695068359375,1267.7889404296875,2657.6642141861803,1267.7936388566611,-0.03085417319471162,0.0046984269736185524,0.031209857730462143,0.8,0.7142857142857143,0.7728618480955124,right,bottom
008,False,76,200.0,120.0,2787.18798828125,1110.562255859375,2787.3297416208343,1110.551152279112,0.14175333958428382,-0.011103580262897594,0.1421875479004821,1.0,0.7142857142857143,0.9159291318091396,right,bottom
008,False,77,0.0,140.0,1626.2376708984375,2845.34814453125,1626.3164479533486,2845.3634703287858,0.07877705491114284,0.015325797535751917,0.08025399959241952,-1.0,1.0,1.0,left,bottom
008,False,78,20.0,140.0,1760.3662109375,2682.557373046875,1760.4771615555505,2682.4619192628716,0.11095061805053774,-0.09545378400343907,0.14636073423692406,-0.8,1.0,0.8708554769564043,left,bottom
008,False,79,40.0,140.0,1894.0712890625,2520.228759765625,1894.1583785453724,2520.107942008359,0.08708948287244311,-0.12081775726619526,0.14893457791199075,-0.6,1.0,0.7552945112058728,left,bottom
008,False,80,60.0,140.0,2027.327392578125,2358.30078125,2027.3527254092483,2358.2971536156533,0.0253328311232508,-0.0036276343466852268,0.02559124974815405,-0.4,1.0,0.6604858898858135,left,bottom
008,False,81,80.0,140.0,2159.962890625,2197.0703125,2160.0442189637747,2197.038863686933,0.08132833877471057,-0.03144881306707248,0.08719705574835518,-0.2,1.0,0.5964098406184939,left,bottom
008,False,82,100.0,140.0,2292.153564453125,2036.4801025390625,2292.2110047644787,2036.352616646202,0.05744031135373007,-0.12748589286047718,0.1398286174101944,0.0,1.0,0.5734623443633283,center,bottom
008,False,83,120.0,140.0,2423.76123046875,1876.264404296875,2423.8279353404305,1876.2649308342138,0.06670487168048567,0.0005265373388283479,0.06670694976896514,0.2,1.0,0.5964098406184939,right,bottom
008,False,84,140.0,140.0,2554.791259765625,1716.7669677734375,2554.8689950974854,1716.80622798848,0.0777353318603673,0.039260215042531854,0.08708700422351937,0.4,1.0,0.6604858898858135,right,bottom
008,False,85,160.0,140.0,2685.246826171875,1558.0020751953125,2685.3095784705774,1558.0079449911598,0.06275229870243493,0.005869795847274872,0.06302622863323096,0.6,1.0,0.7552945112058728,right,bottom
008,False,86,180.0,140.0,2814.979736328125,1399.7901611328125,2815.128627652798,1399.8998200782237,0.148891324673059,0.1096589454111836,0.18491541545147394,0.8,1.0,0.8708554769564043,right,bottom
008,False,87,200.0,140.0,2944.09521484375,1242.46728515625,2944.3106359857456,1242.5073460024146,0.2154211419956482,0.040060846164578834,0.21911444455838888,1.0,1.0,1.0,right,bottom
009,False,0,0.0,0.0,2631.841064453125,1820.5174560546875,2631.803341486809,1820.5490838523006,-0.03772296631586869,0.03162779761305501,0.04922742903626526,-1.0,-1.0,1.0,left,top
009,False,1,20.0,0.0,2426.25732421875,1819.70703125,2426.326785858509,1819.6131672077543,0.06946163975908348,-0.09386404224574108,0.11677062055470525,-0.8,-1.0,0.8708554769564043,left,top
009,False,2,40.0,0.0,2220.06103515625,1818.66357421875,2220.1865966924784,1818.6466854239823,0.12556153622836064,-0.016888794767737636,0.12669226799111571,-0.6,-1.0,0.7552945112058728,left,top
009,False,3,60.0,0.0,2013.409912109375,1817.6676025390625,2013.4238458080915,1817.648330998442,0.013933698716527942,-0.01927154062059344,0.023781089920652407,-0.4,-1.0,0.6604858898858135,left,top
009,False,4,80.0,0.0,1806.093505859375,1816.621337890625,1806.0829078606107,1816.6178378733405,-0.01059799876429679,-0.0035000172845229827,0.011160990045690208,-0.2,-1.0,0.5964098406184939,left,top
009,False,5,100.0,0.0,1598.2969970703125,1815.5433349609375,1598.207954455051,1815.5559931554894,-0.08904261526140544,0.012658194551931956,0.08993785199739447,0.0,-1.0,0.5734623443633283,center,top
009,False,6,120.0,0.0,1389.76220703125,1814.4581298828125,1389.8392996155271,1814.4646487147807,0.07709258427712484,0.006518831968151062,0.07736770463671896,0.2,-1.0,0.5964098406184939,right,top
009,False,7,140.0,0.0,1180.946044921875,1813.407470703125,1181.0095922286835,1813.3467326517064,0.06354730680845933,-0.06073805141863886,0.08790546679667698,0.4,-1.0,0.6604858898858135,right,top
009,False,8,160.0,0.0,971.6419067382812,1812.3480224609375,971.7398509650993,1812.2062606240218,0.09794422681807191,-0.14176183691574806,0.17230638401613874,0.6,-1.0,0.7552945112058728,right,top
009,False,9,180.0,0.0,762.3005981445312,1811.2103271484375,762.0353370649113,1811.0483470223026,-0.2652610796199042,-0.1619801261349494,0.31080701669011795,0.8,-1.0,0.8708554769564043,right,top
009,False,10,200.0,0.0,551.9287719726562,1809.84326171875,551.8812602533226,1809.8792159838088,-0.047511719333670044,0.03595426505876276,0.05958248610084346,1.0,-1.0,1.0,right,top
009,False,11,0.0,20.0,2634.385986328125,1614.5869140625,2634.4611389950423,1614.5793960087474,0.07515266691734723,-0.00751805375261938,0.07552777288532353,-1.0,-0.7142857142857143,0.9159291318091396,left,top
009,False,12,20.0,20.0,2428.640625,1613.2535400390625,2428.710191274524,1613.3180823502344,0.06956627452382236,0.06454231117186282,0.0948956083416371,-0.8,-0.7142857142857143,0.7728618480955124,left,top
009,False,13,40.0,20.0,2222.265625,1612.0316162109375,2222.2923246505334,1612.0396536406006,0.026699650533373642,0.008037429663090734,0.027883177978727785,-0.6,-0.7142857142857143,0.6398405841726221,left,top
009,False,14,60.0,20.0,2015.243408203125,1610.73046875,2015.249410903491,1610.7438477983517,0.006002700366025238,0.013379048351680467,0.014663947165783274,-0.4,-0.7142857142857143,0.5245643766354129,left,top
009,False,15,80.0,20.0,1807.6029052734375,1609.4544677734375,1807.6266760491578,1609.430756231959,0.02377077572032249,-0.023711541478405707,0.03357509460341143,-0.2,-0.7142857142857143,0.4411698907260348,left,top
009,False,16,100.0,20.0,1599.4642333984375,1608.133544921875,1599.4691730996567,1608.1008110522491,0.004939701219200288,-0.0327338696258721,0.033104484119505034,0.0,-0.7142857142857143,0.40961596025952024,center,top
009,False,17,120.0,20.0,1390.7169189453125,1606.78076171875,1390.8181050653761,1606.7547715407438,0.10118612006363037,-0.025990178006168208,0.1044706669181533,0.2,-0.7142857142857143,0.4411698907260348,right,top
009,False,18,140.0,20.0,1181.532958984375,1605.397216796875,1181.7069937777032,1605.3937098500446,0.17403479332824645,-0.0035069468303845497,0.17407012369983713,0.4,-0.7142857142857143,0.5245643766354129,right,top
009,False,19,160.0,20.0,972.3577270507812,1604.06201171875,972.1576899966515,1604.0189959116872,-0.2000370541297798,-0.04301580706282948,0.2046098303654715,0.6,-0.7142857142857143,0.6398405841726221,right,top
009,False,20,180.0,20.0,762.3782958984375,1602.579833984375,762.176220148619,1602.632281526236,-0.20207574981850485,0.05244754186105638,0.20877105477526864,0.8,-0.7142857142857143,0.7728618480955124,right,top
009,False,21,200.0,20.0,551.66162109375,1601.2427978515625,551.748464917689,1601.2354836096936,0.08684382393903434,-0.007314241868925819,0.08715129310842806,1.0,-0.7142857142857143,0.9159291318091396,right,top
009,False,22,0.0,40.0,2637.021240234375,1408.000244140625,2637.0793839237513,1408.0508414802202,0.058143689376265684,0.050597339595242374,0.07707645158153009,-1.0,-0.42857142857142855,0.8553032352102229,left,top
009,False,23,20.0,40.0,2431.1396484375,1406.4156494140625,2431.0673117665597,1406.461559608476,-0.0723366709403308,0.045910194413409045,0.08567578370698872,-0.8,-0.42857142857142855,0.6999520597198355,left,top
009,False,24,40.0,40.0,2224.353271484375,1404.9112548828125,2224.3863574679635,1404.8690401665037,0.03308598358853487,-0.042214716308762945,0.053635478771519654,-0.6,-0.42857142857142855,0.5495574790854838,left,top
009,False,25,60.0,40.0,2017.1463623046875,1403.2703857421875,2017.0785077174485,1403.2740844679279,-0.06785458723902593,0.003698725740377995,0.06795532047957037,-0.4,-0.42857142857142855,0.40961596025952024,left,top
009,False,26,80.0,40.0,1809.179931640625,1401.667236328125,1809.189135752338,1401.6771507021394,0.009204111712961094,0.009914374014442728,0.013528136772036452,-0.2,-0.42857142857142855,0.295378269592824,left,top
009,False,27,100.0,40.0,1600.6392822265625,1400.1502685546875,1600.763452196247,1400.078316266089,0.12416996968454441,-0.07195228859859526,0.14351067279486993,0.0,-0.42857142857142855,0.24576957615571215,center,top
009,False,28,120.0,40.0,1391.7596435546875,1398.493408203125,1391.842805005923,1398.4772387182884,0.08316145123558272,-0.016169484836609627,0.08471882442225902,0.2,-0.42857142857142855,0.295378269592824,right,top
009,False,29,140.0,40.0,1182.532470703125,1396.9281005859375,1182.4608240672273,1396.8731153164808,-0.07164663589765041,-0.054985269456665264,0.09031400939318648,0.4,-0.42857142857142855,0.40961596025952024,right,top
009,False,30,160.0,40.0,972.5504760742188,1395.379150390625,972.6394058639296,1395.2646410994475,0.08892978971084631,-0.11450929117745545,0.14498581056082221,0.6,-0.42857142857142855,0.5495574790854838,right,top
009,False,31,180.0,40.0,762.411865234375,1393.6822509765625,762.3845335229471,1393.649965472422,-0.027331711427905248,-0.0322855041404182,0.04230101922151814,0.8,-0.42857142857142855,0.6999520597198355,right,top
009,False,32,200.0,40.0,551.6192626953125,1391.98779296875,551.6819274166066,1392.0266472545425,0.06266472129414069,0.038854285792467635,0.07373277981545984,1.0,-0.42857142857142855,0.8553032352102229,right,top
009,False,33,0.0,60.0,2639.578857421875,1200.9940185546875,2639.657259869047,1201.0063936317788,0.07840244717181122,0.012375077091292042,0.07937308268893221,-1.0,-0.14285714285714285,0.8233178906068351,left,top
009,False,34,20.0,60.0,2433.409423828125,1199.14404296875,2433.397432264711,1199.0883287006393,-0.011991563414085249,-0.055714268110705234,0.05699015058960253,-0.8,-0.14285714285714285,0.6604858898858135,left,top
009,False,35,40.0,60.0,2226.497802734375,1197.1334228515625,2226.4681154581986,1197.1806408601074,-0.029687276176446176,0.04721800854485991,0.05577521580163588,-0.6,-0.14285714285714285,0.4983193229757469,left,top
009,False,36,60.0,60.0,2018.922119140625,1195.3004150390625,2018.9107131438843,1195.2851982641046,-0.011405996740677438,-0.015216774957934831,0.019017018740296203,-0.4,-0.14285714285714285,0.3377779740177616,left,top
009,False,37,80.0,60.0,1810.686279296875,1193.4141845703125,1810.770028350119,1193.4028203219218,0.08374905324399151,-0.0113642483906915,0.08451656678279271,-0.2,-0.14285714285714285,0.18318582636182795,left,top
009,False,38,100.0,60.0,1602.053955078125,1191.339599609375,1602.0906917730472,1191.5332147672434,0.03673669492218323,0.19361515786840755,0.19706956667688175,0.0,-0.14285714285714285,0.08192319205190404,center,top
009,False,39,120.0,60.0,1392.7744140625,1189.643310546875,1392.9134380681023,1189.6749127043204,0.1390240056023231,0.03160215744537709,0.14257058072729156,0.2,-0.14285714285714285,0.18318582636182795,right,top
009,False,40,140.0,60.0,1183.3914794921875,1187.8114013671875,1183.2712256001462,1187.825201577825,-0.12025389204131898,0.01380021063755521,0.12104315083773262,0.4,-0.14285714285714285,0.3377779740177616,right,top
009,False,41,160.0,60.0,973.2014770507812,1186.0675048828125,973.185195034971,1185.9800560115946,-0.016282015810247685,-0.08744887121792999,0.0889517235141358,0.6,-0.14285714285714285,0.4983193229757469,right,top
009,False,42,180.0,60.0,762.5725708007812,1184.166015625,762.660462033602,1184.134066460114,0.08789123282076616,-0.031949164886100334,0.0935180086596873,0.8,-0.14285714285714285,0.6604858898858135,right,top
009,False,43,200.0,60.0,551.611328125,1182.3172607421875,551.6817391865166,1182.2803656152096,0.07041106151655185,-0.03689512697792452,0.07949193656343279,1.0,-0.14285714285714285,0.8233178906068351,right,top
009,False,44,0.0,80.0,2642.1259765625,993.4609375,2642.195917528307,993.487791972477,0.06994096580683618,0.026854472476998126,0.07491929918259298,-1.0,0.14285714285714285,0.8233178906068351,left,bottom
009,False,45,20.0,80.0,2435.739990234375,991.2281494140625,2435.7010986907767,991.2419175956298,-0.03889154359831082,0.013768181567343163,0.04125669627018915,-0.8,0.14285714285714285,0.6604858898858135,left,bottom
009,False,46,40.0,80.0,2228.548583984375,989.0480346679688,2228.53756448748,989.0190643213404,-0.01101949689518733,-0.028970346628398147,0.030995326996058344,-0.6,0.14285714285714285,0.4983193229757469,left,bottom
009,False,47,60.0,80.0,2020.6846923828125,986.8986206054688,2020.7454245436647,986.82215561231,0.06073216085223976,-0.07646499315876554,0.09764881228439179,-0.4,0.14285714285714285,0.3377779740177616,left,bottom
009,False,48,80.0,80.0,1812.34326171875,984.65771484375,1812.3681806294833,984.6523512032041,0.02491891073327679,-0.005363640545851922,0.025489620476541505,-0.2,0.14285714285714285,0.18318582636182795,left,bottom
009,False,49,100.0,80.0,1603.474609375,982.5169677734375,1603.449131894533,982.5089585154565,-0.025477480467088753,-0.008009257981029805,0.0267067449225393,0.0,0.14285714285714285,0.08192319205190404,center,bottom
009,False,50,120.0,80.0,1394.0653076171875,980.5025634765625,1394.0276268907621,980.389341392604,-0.03768072642537845,-0.1132220839584761,0.11932760552296533,0.2,0.14285714285714285,0.18318582636182795,right,bottom
009,False,51,140.0,80.0,1184.2254638671875,978.4217529296875,1184.1351578443823,978.2888260874569,-0.09030602280517996,-0.13292684223063134,0.16070072538820987,0.4,0.14285714285714285,0.3377779740177616,right,bottom
009,False,52,160.0,80.0,973.5973510742188,976.2660522460938,973.7912925179385,976.2006044307283,0.19394144371972288,-0.06544781536547362,0.20468683428155207,0.6,0.14285714285714285,0.4983193229757469,right,bottom
009,False,53,180.0,80.0,762.918701171875,974.1985473632812,762.9994388811908,974.1156341090501,0.08073770931582658,-0.08291325423112994,0.11572893083737919,0.8,0.14285714285714285,0.6604858898858135,right,bottom
009,False,54,200.0,80.0,551.583984375,971.9902954101562,551.7424376838303,972.022535978547,0.15845330883030329,0.03224056839076184,0.1617000474008306,1.0,0.14285714285714285,0.8233178906068351,right,bottom
009,False,55,0.0,100.0,2644.6396484375,785.4702758789062,2644.6985703110554,785.5318909639726,0.05892187355539136,0.06161508506636437,0.08525377347081387,-1.0,0.42857142857142855,0.8553032352102229,left,bottom
009,False,56,20.0,100.0,2437.960205078125,782.9608154296875,2437.9801914169548,782.9609765763732,0.019986338829767192,0.00016114668574118696,0.01998698846931636,-0.8,0.42857142857142855,0.6999520597198355,left,bottom
009,False,57,40.0,100.0,2230.5849609375,780.3663330078125,2230.595266914295,780.4240306617049,0.010305976794825256,0.057697653892432754,0.05861085584076074,-0.6,0.42857142857142855,0.5495574790854838,left,bottom
009,False,58,60.0,100.0,2022.5662841796875,777.8627319335938,2022.581887789323,777.9250050233502,0.015603609635491011,0.06227308975644519,0.06419821135725719,-0.4,0.42857142857142855,0.40961596025952024,left,bottom
009,False,59,80.0,100.0,1813.966552734375,775.4800415039062,1813.9815095504198,775.4653630231436,0.014956816044787047,-0.014678480762654544,0.02095624354929143,-0.2,0.42857142857142855,0.295378269592824,left,bottom
009,False,60,100.0,100.0,1604.7857666015625,773.1438598632812,1604.8353337558585,773.0439649409858,0.04956715429602809,-0.09989492229544794,0.11151635882425429,0.0,0.42857142857142855,0.24576957615571215,center,bottom
009,False,61,120.0,100.0,1395.38818359375,770.6008911132812,1395.180535141676,770.6569499865647,-0.2076484520739541,0.056058873283404864,0.21508248864683072,0.2,0.42857142857142855,0.295378269592824,right,bottom
009,False,62,140.0,100.0,1185.058349609375,768.341796875,1185.0463297693727,768.2976148789437,-0.012019840002267301,-0.04418199605629525,0.04578782948774264,0.4,0.42857142857142855,0.40961596025952024,right,bottom
009,False,63,160.0,100.0,974.5374755859375,765.892822265625,974.4498794924561,765.9562889077514,-0.087596093481352,0.06346664212640007,0.10817157785663617,0.6,0.42857142857142855,0.5495574790854838,right,bottom
009,False,64,180.0,100.0,763.4751586914062,763.5108642578125,763.3920279170529,763.620205387631,-0.08313077435332161,0.1093411298185174,0.1373543166943535,0.8,0.42857142857142855,0.6999520597198355,right,bottom
009,False,65,200.0,100.0,551.8515625,761.2413330078125,551.8528629049074,761.2733694155038,0.0013004049073970236,0.03203640769129379,0.032062789502567766,1.0,0.42857142857142855,0.8553032352102229,right,bottom
009,False,66,0.0,120.0,2647.1083984375,577.154296875,2647.1705926426575,577.1668702271828,0.06219420515753882,0.012573352182812414,0.0634524100432053,-1.0,0.7142857142857143,0.9159291318091396,left,bottom
009,False,67,20.0,120.0,2440.2890625,574.1175537109375,2440.238000916746,574.275462551965,-0.051061583254067955,0.15790884102750624,0.1659592942834548,-0.8,0.7142857142857143,0.7728618480955124,left,bottom
009,False,68,40.0,120.0,2232.734619140625,571.3651733398438,2232.642434210542,571.4265293567139,-0.09218493008302175,0.06135601687014969,0.11073672444397885,-0.6,0.7142857142857143,0.6398405841726221,left,bottom
009,False,69,60.0,120.0,2024.4482421875,568.5469360351562,2024.419226470972,568.6250079085231,-0.029015716527965196,0.07807187336686638,0.08328943040172176,-0.4,0.7142857142857143,0.5245643766354129,left,bottom
009,False,70,80.0,120.0,1815.5860595703125,565.8439331054688,1815.6070276422624,565.8726122116544,0.02096807194993744,0.028679106185677483,0.03552676699204584,-0.2,0.7142857142857143,0.4411698907260348,left,bottom
009,False,71,100.0,120.0,1606.3883056640625,563.22265625,1606.2441608662875,563.1676919012306,-0.14414479777497036,-0.054964348769431126,0.15426860458704736,0.0,0.7142857142857143,0.40961596025952024,center,bottom
009,False,72,120.0,120.0,1396.517333984375,560.4669189453125,1396.364824075464,560.5050871085472,-0.15250990891104266,0.03816816323467265,0.15721348860948015,0.2,0.7142857142857143,0.4411698907260348,right,bottom
009,False,73,140.0,120.0,1185.9671630859375,557.8375854492188,1185.9951313563934,557.8759791979066,0.027968270455858146,0.03839374868789491,0.04750056937133764,0.4,0.7142857142857143,0.5245643766354129,right,bottom
009,False,74,160.0,120.0,975.22607421875,555.3010864257812,975.1489893405092,555.2677372724812,-0.07708487824083932,-0.03334915330003696,0.08398954982159619,0.6,0.7142857142857143,0.6398405841726221,right,bottom
009,False,75,180.0,120.0,763.7651977539062,552.529296875,763.8238037529229,552.6637603442829,0.05860599901666319,0.13446346928287767,0.14668022256708133,0.8,0.7142857142857143,0.7728618480955124,right,bottom
009,False,76,200.0,120.0,552.10888671875,549.9908447265625,551.9960111224111,550.0433150608086,-0.11287559633888122,0.05247033424609526,0.12447504257783973,1.0,0.7142857142857143,0.9159291318091396,right,bottom
009,False,77,0.0,140.0,2649.587890625,368.3228759765625,2649.619621024313,368.40830244728636,0.03173039931289168,0.08542647072385989,0.09112903017639355,-1.0,1.0,1.0,left,bottom
009,False,78,20.0,140.0,2442.54736328125,365.2065124511719,2442.4793056612725,365.20267988298565,-0.0680576199774805,-0.0038325681862261263,0.06816544737549388,-0.8,1.0,0.8708554769564043,left,bottom
009,False,79,40.0,140.0,2234.671875,361.97821044921875,2234.6809813071372,362.04483240848754,0.009106307137244585,0.06662195926878667,0.06724143281110019,-0.6,1.0,0.7552945112058728,left,bottom
009,False,80,60.0,140.0,2026.208740234375,358.8582763671875,2026.2564722953607,358.94062348370585,0.04773206098570881,0.08234711651834914,0.09518086595965597,-0.4,1.0,0.6604858898858135,left,bottom
009,False,81,80.0,140.0,1817.3018798828125,355.9541320800781,1817.2408490513415,355.89194798816766,-0.06103083147104371,-0.06218409191046703,0.08712992411781587,-0.2,1.0,0.5964098406184939,left,bottom
009,False,82,100.0,140.0,1607.7117919921875,352.8325500488281,1607.668760331332,352.89656422803364,-0.04303166085560406,0.06401417920551467,0.0771332546658539,0.0,1.0,0.5734623443633283,center,bottom
009,False,83,120.0,140.0,1397.5831298828125,350.0113830566406,1397.5706086266337,349.94792122192825,-0.012521256178843032,-0.06346183471237055,0.06468528674556877,0.2,1.0,0.5964098406184939,right,bottom
009,False,84,140.0,140.0,1186.936279296875,347.0684509277344,1186.9685640691703,347.0349811492988,0.03228477229527016,-0.03346977843557397,0.046503038510229154,0.4,1.0,0.6604858898858135,right,bottom
009,False,85,160.0,140.0,975.7939453125,344.1437072753906,975.8724120513218,344.1420368422532,0.07846673882181676,-0.0016704331374057801,0.07848451725147929,0.6,1.0,0.7552945112058728,right,bottom
009,False,86,180.0,140.0,764.4300537109375,341.2284851074219,764.2752296465239,341.2485241990205,-0.15482406441356034,0.020039091598619052,0.15611552169349505,0.8,1.0,0.8708554769564043,right,bottom
009,False,87,200.0,140.0,552.3667602539062,338.29962158203125,552.1488857875713,338.32882939428646,-0.21787446633493346,0.02920781225520841,0.21982351870868494,1.0,1.0,1.0,right,bottom
010,False,0,0.0,0.0,3621.47607421875,1937.3668212890625,3621.539042953823,1937.570329004009,0.06296873507290002,0.20350771494645414,0.21302688008654755,-1.0,-1.0,1.0,left,top
010,False,1,20.0,0.0,3398.871337890625,1932.6153564453125,3398.956243464497,1932.7185582456311,0.08490557387221997,0.10320180031862947,0.13363969493970446,-0.8,-1.0,0.8708554769564043,left,top
010,False,2,40.0,0.0,3177.8046875,1927.7061767578125,3177.884207398314,1927.8911962689754,0.0795198983141745,0.18501951116286364,0.20138429367465993,-0.6,-1.0,0.7552945112058728,left,top
010,False,3,60.0,0.0,2958.30029296875,1922.978759765625,2958.288380193837,1923.0779353224282,-0.011912774913071189,0.09917555680317491,0.09988846416553451,-0.4,-1.0,0.6604858898858135,left,top
010,False,4,80.0,0.0,2740.08203125,1918.25537109375,2740.1597299457676,1918.271191245405,0.07769869576759447,0.015820151654907022,0.07929290335439522,-0.2,-1.0,0.5964098406184939,left,top
010,False,5,100.0,0.0,2523.46142578125,1913.38720703125,2523.5082092017997,1913.4658108308756,0.04678342054967288,0.07860379962562547,0.09147265030550408,0.0,-1.0,0.5734623443633283,center,top
010,False,6,120.0,0.0,2308.288818359375,1908.575439453125,2308.356841994042,1908.6588011389088,0.06802363466704264,0.08336168578375691,0.10759361286816753,0.2,-1.0,0.5964098406184939,right,top
010,False,7,140.0,0.0,2094.717041015625,1903.817138671875,2094.736390122833,1903.8490793221172,0.019349107208199712,0.03194065024217707,0.03734425106555884,0.4,-1.0,0.6604858898858135,right,top
010,False,8,160.0,0.0,1882.771484375,1899.0645751953125,1882.6805557886687,1899.0372416139771,-0.09092858633130163,-0.027333581335369672,0.09494805148514762,0.6,-1.0,0.7552945112058728,right,top
010,False,9,180.0,0.0,1672.446044921875,1894.3026123046875,1672.2216805456362,1894.2253502154806,-0.22436437623878192,-0.07726208920689714,0.23729476132783087,0.8,-1.0,0.8708554769564043,right,top
010,False,10,200.0,0.0,1463.4716796875,1889.4256591796875,1463.3869032402808,1889.4167368948035,-0.08477644721915567,-0.008922284883965403,0.08524466652320792,1.0,-1.0,1.0,right,top
010,False,11,0.0,20.0,3624.96826171875,1717.5179443359375,3624.980813555102,1717.665855934496,0.012551836352031387,0.147911598558494,0.14844322006726093,-1.0,-0.7142857142857143,0.9159291318091396,left,top
010,False,12,20.0,20.0,3402.453125,1713.4302978515625,3402.4524415401447,1713.5719567515687,-0.0006834598552813986,0.14165890000617765,0.14166054873652728,-0.8,-0.7142857142857143,0.7728618480955124,left,top
010,False,13,40.0,20.0,3181.387939453125,1709.413818359375,3181.4261444994863,1709.4977092068352,0.03820504636132682,0.0838908474602249,0.09218079981788971,-0.6,-0.7142857142857143,0.6398405841726221,left,top
010,False,14,60.0,20.0,2961.881591796875,1705.3746337890625,2961.868948286545,1705.4383016896322,-0.012643510329780838,0.06366790056972604,0.06491116942727035,-0.4,-0.7142857142857143,0.5245643766354129,left,top
010,False,15,80.0,20.0,2743.7607421875,1701.3388671875,2743.773279158693,1701.3903666503643,0.012536971193185309,0.051499462864285306,0.053003493488718835,-0.2,-0.7142857142857143,0.4411698907260348,left,top
010,False,16,100.0,20.0,2527.015625,1697.3448486328125,2527.150440163774,1697.3517922700341,0.13481516377396474,0.00694363722163871,0.13499386090214124,0.0,-0.7142857142857143,0.40961596025952024,center,top
010,False,17,120.0,20.0,2311.9931640625,1693.264892578125,2312.0247113846785,1693.3215494261726,0.031547322178539616,0.0566568480476235,0.06484775992529021,0.2,-0.7142857142857143,0.4411698907260348,right,top
010,False,18,140.0,20.0,2098.3154296875,1689.33544921875,2098.428028169997,1689.2995329092448,0.11259848249710558,-0.03591630950518265,0.1181879839455901,0.4,-0.7142857142857143,0.5245643766354129,right,top
010,False,19,160.0,20.0,1886.4398193359375,1685.180908203125,1886.3951945484944,1685.2864159108017,-0.04462478744312648,0.10550770767667927,0.11455674591018997,0.6,-0.7142857142857143,0.6398405841726221,right,top
010,False,20,180.0,20.0,1676.0599365234375,1681.2686767578125,1675.959591895269,1681.2835168675751,-0.10034462816838641,0.014840109762644715,0.10143605502985155,0.8,-0.7142857142857143,0.7728618480955124,right,top
010,False,21,200.0,20.0,1467.1920166015625,1677.1722412109375,1467.1493456009512,1677.2926778046622,-0.04267100061133533,0.12043659372466209,0.12777240469354834,1.0,-0.7142857142857143,0.9159291318091396,right,top
010,False,22,0.0,40.0,3628.312744140625,1497.7686767578125,3628.3373000202564,1497.8534368661578,0.02455587963140715,0.08476010834533554,0.0882454938860063,-1.0,-0.42857142857142855,0.8553032352102229,left,top
010,False,23,20.0,40.0,3405.886962890625,1494.466064453125,3405.862005092708,1494.511606136121,-0.024957797917068092,0.045541682995917654,0.05193203796280157,-0.8,-0.42857142857142855,0.6999520597198355,left,top
010,False,24,40.0,40.0,3184.874267578125,1491.190185546875,3184.8860531759656,1491.185727404823,0.011785597840571427,-0.004458142052044423,0.01260060899384981,-0.6,-0.42857142857142855,0.5495574790854838,left,top
010,False,25,60.0,40.0,2965.380859375,1487.9637451171875,2965.3768212547234,1487.8764016272855,-0.004038120276618429,-0.0873434899019685,0.08743678655819706,-0.4,-0.42857142857142855,0.40961596025952024,left,top
010,False,26,80.0,40.0,2747.218505859375,1484.568359375,2747.3270465954606,1484.5844018281894,0.10854073608561521,0.01604245318935682,0.10971987830078866,-0.2,-0.42857142857142855,0.295378269592824,left,top
010,False,27,100.0,40.0,2530.672119140625,1481.2159423828125,2530.7483132939774,1481.3105885204106,0.07619415335238955,0.0946461375981471,0.12150489853226022,0.0,-0.42857142857142855,0.24576957615571215,center,top
010,False,28,120.0,40.0,2315.703125,1478.0733642578125,2315.6651615318156,1478.0558338022795,-0.03796346818444363,-0.017530455533005807,0.04181556872488951,0.2,-0.42857142857142855,0.295378269592824,right,top
010,False,29,140.0,40.0,2102.110595703125,1474.9010009765625,2102.1097737679847,1474.8209534784887,-0.0008219351402658504,-0.08004749807378175,0.08005171781571521,0.4,-0.42857142857142855,0.40961596025952024,right,top
010,False,30,160.0,40.0,1890.016845703125,1471.605224609375,1890.1171951546523,1471.6066465940257,0.10034945152733599,0.0014219846507330658,0.10035952601613898,0.6,-0.42857142857142855,0.5495574790854838,right,top
010,False,31,180.0,40.0,1679.6246337890625,1468.4296875,1679.7210483285824,1468.4134418120063,0.09641453951985568,-0.016245687993659885,0.09777364578051265,0.8,-0.42857142857142855,0.6999520597198355,right,top
010,False,32,200.0,40.0,1470.9473876953125,1465.3876953125,1470.949705407128,1465.241650105094,0.0023177118155217613,-0.14604520740590488,0.14606359708802732,1.0,-0.42857142857142855,0.8553032352102229,right,top
010,False,33,0.0,60.0,3631.62451171875,1278.2366943359375,3631.605911367194,1278.1660834457382,-0.018600351555960515,-0.07061089019930478,0.07301966100129197,-1.0,-0.14285714285714285,0.8233178906068351,left,top
010,False,34,20.0,60.0,3409.213134765625,1275.4561767578125,3409.1826118349836,1275.5765630210421,-0.030522930641382118,0.12038626322964774,0.12419541726382927,-0.8,-0.14285714285714285,0.6604858898858135,left,top
010,False,35,40.0,60.0,3188.322265625,1273.0155029296875,3188.261860909177,1272.9991966510072,-0.06040471582309692,-0.016306278680303876,0.06256695947597923,-0.6,-0.14285714285714285,0.4983193229757469,left,top
010,False,36,60.0,60.0,2968.8583984375,1270.4530029296875,2968.8101628164113,1270.439974362002,-0.04823562108867918,-0.01302856768552374,0.04996417434269183,-0.4,-0.14285714285714285,0.3377779740177616,left,top
010,False,37,80.0,60.0,2750.793701171875,1267.9808349609375,2750.819423629902,1267.9037911609744,0.02572245802684847,-0.07704379996312127,0.08122433108188966,-0.2,-0.14285714285714285,0.18318582636182795,left,top
010,False,38,100.0,60.0,2534.17578125,1265.1507568359375,2534.300443577472,1265.3944657590546,0.12466232747192407,0.24370892311708303,0.27374209595457827,0.0,-0.14285714285714285,0.08192319205190404,center,top
010,False,39,120.0,60.0,2319.277099609375,1262.985595703125,2319.2770311349373,1262.914761388035,-6.847443773949635e-05,-0.07083431508999638,0.07083434818657904,0.2,-0.14285714285714285,0.18318582636182795,right,top
010,False,40,140.0,60.0,2105.74755859375,1260.491943359375,2105.78069321805,1260.4664084434173,0.03313462430014624,-0.025534915957678095,0.04183222753425313,0.4,-0.14285714285714285,0.3377779740177616,right,top
010,False,41,160.0,60.0,1893.66455078125,1258.00537109375,1893.8458588414999,1258.0501287095235,0.18130806024987578,0.04475761577350568,0.18675078816781834,0.6,-0.14285714285714285,0.4983193229757469,right,top
010,False,42,180.0,60.0,1683.371826171875,1255.667236328125,1683.5055964702353,1255.665660942406,0.13377029836033216,-0.0015753857189793052,0.13377957453802822,0.8,-0.14285714285714285,0.6604858898858135,right,top
010,False,43,200.0,60.0,1474.66064453125,1253.302978515625,1474.7877879594698,1253.3117876050428,0.12714342821982427,0.008809089417809446,0.12744823025786028,1.0,-0.14285714285714285,0.8233178906068351,right,top
010,False,44,0.0,80.0,3634.85400390625,1058.6378173828125,3634.790929935147,1058.6359575649872,-0.06307397110322199,-0.0018598178253341757,0.06310138471597523,-1.0,0.14285714285714285,0.8233178906068351,left,bottom
010,False,45,20.0,80.0,3412.545654296875,1056.9063720703125,3412.4177417847272,1056.804999617265,-0.12791251214775912,-0.10137245304758835,0.16321147325122742,-0.8,0.14285714285714285,0.6604858898858135,left,bottom
010,False,46,40.0,80.0,3191.645263671875,1054.9755859375,3191.556264911841,1054.9811513416048,-0.08899876003397367,0.005565404104800109,0.08917260235315864,-0.6,0.14285714285714285,0.4983193229757469,left,bottom
010,False,47,60.0,80.0,2972.157470703125,1053.1217041015625,2972.1709109944914,1053.1758279529702,0.01344029136635072,0.054123851407666734,0.0557676673639089,-0.4,0.14285714285714285,0.3377779740177616,left,bottom
010,False,48,80.0,80.0,2754.1484375,1051.476806640625,2754.251616412064,1051.398084847635,0.10317891206386776,-0.07872179299010895,0.1297806171439361,-0.2,0.14285714285714285,0.18318582636182795,left,bottom
010,False,49,100.0,80.0,2537.724853515625,1049.758544921875,2537.807335939629,1049.6547393008095,0.08248242400395611,-0.10380562106547586,0.13258565998763802,0.0,0.14285714285714285,0.08192319205190404,center,bottom
010,False,50,120.0,80.0,2322.910400390625,1048.088134765625,2322.860157528178,1047.9504876980932,-0.05024286244679388,-0.137647067531816,0.14653006663124044,0.2,0.14285714285714285,0.18318582636182795,right,bottom
010,False,51,140.0,80.0,2109.3759765625,1046.3485107421875,2109.439992559175,1046.288018421334,0.06401599667515256,-0.06049232085342737,0.08807592583985223,0.4,0.14285714285714285,0.3377779740177616,right,bottom
010,False,52,160.0,80.0,1897.504150390625,1044.745849609375,1897.5797990108379,1044.6681205087848,0.0756486202128599,-0.07772910059020433,0.10846440346340185,0.6,0.14285714285714285,0.4983193229757469,right,bottom
010,False,53,180.0,80.0,1687.2623291015625,1043.112548828125,1687.3112978245044,1043.0897882085137,0.048968722941935994,-0.022760619611290167,0.05399982992245378,0.8,0.14285714285714285,0.6604858898858135,right,bottom
010,False,54,200.0,80.0,1478.54931640625,1041.5853271484375,1478.6611454251783,1041.5503215428516,0.11182901892834707,-0.03500560558586585,0.11717986984507966,1.0,0.14285714285714285,0.8233178906068351,right,bottom
010,False,55,0.0,100.0,3638.033447265625,839.2972412109375,3637.9035394082584,839.289557945701,-0.12990785736656107,-0.007683265236551051,0.13013486838763072,-1.0,0.42857142857142855,0.8553032352102229,left,bottom
010,False,56,20.0,100.0,3415.7431640625,838.2544555664062,3415.576712444833,838.229481672533,-0.16645161766700767,-0.024973893873266206,0.16831469454315884,-0.8,0.42857142857142855,0.6999520597198355,left,bottom
010,False,57,40.0,100.0,3194.861328125,837.112548828125,3194.776774129562,837.1690816890231,-0.08455399543800013,0.05653286089807352,0.1017120568361995,-0.6,0.42857142857142855,0.5495574790854838,left,bottom
010,False,58,60.0,100.0,2975.5205078125,836.0693359375,2975.464826617923,836.1252937151875,-0.05568119457711873,0.05595777768746757,0.0789409165975098,-0.4,0.42857142857142855,0.40961596025952024,left,bottom
010,False,59,80.0,100.0,2757.61669921875,835.0687255859375,2757.6277005601805,835.1114285522975,0.011001341430528555,0.04270296636002513,0.044097311133633785,-0.2,0.42857142857142855,0.295378269592824,left,bottom
010,False,60,100.0,100.0,2541.18408203125,834.1287231445312,2541.2714458323117,834.1373965352944,0.08736380106165598,0.008673390763192401,0.08779328814477581,0.0,0.42857142857142855,0.24576957615571215,center,bottom
010,False,61,120.0,100.0,2326.443359375,833.24365234375,2326.4154428760294,833.209920981774,-0.02791649897062598,-0.03373136197603799,0.043785108148038904,0.2,0.42857142857142855,0.295378269592824,right,bottom
010,False,62,140.0,100.0,2112.94189453125,832.394775390625,2113.0870890999977,832.3327411433947,0.14519456874768366,-0.06203424723025819,0.15789145202717794,0.4,0.42857142857142855,0.40961596025952024,right,bottom
010,False,63,160.0,100.0,1901.2525634765625,831.5147094726562,1901.3170178376888,831.5068051424682,0.06445436112630887,-0.007904330188011954,0.0649372243318249,0.6,0.42857142857142855,0.5495574790854838,right,bottom
010,False,64,180.0,100.0,1691.0081787109375,830.716552734375,1691.1348102030179,830.7304533544949,0.12663149208037794,0.013900620119898122,0.12739215841730817,0.8,0.42857142857142855,0.6999520597198355,right,bottom
010,False,65,200.0,100.0,1482.542236328125,829.9906616210938,1482.5651628458627,829.9995926764186,0.02292651773768739,0.008931055324865156,0.024604653315832288,1.0,0.42857142857142855,0.8553032352102229,right,bottom
010,False,66,0.0,120.0,3640.938232421875,620.2598876953125,3640.9618523603613,620.1429528692966,0.02361993848626298,-0.11693482601594951,0.11929650049131882,-1.0,0.7142857142857143,0.9159291318091396,left,bottom
010,False,67,20.0,120.0,3418.870849609375,619.8590087890625,3418.674713471545,619.8722915163743,-0.1961361378298534,0.013282727311775488,0.19658538960881666,-0.8,0.7142857142857143,0.7728618480955124,left,bottom
010,False,68,40.0,120.0,3198.02880859375,619.5740356445312,3197.935750699309,619.5903450078026,-0.09305789444078982,0.016309363271375332,0.09447627770012358,-0.6,0.7142857142857143,0.6398405841726221,left,bottom
010,False,69,60.0,120.0,2978.77685546875,619.2854614257812,2978.7015412506616,619.3197237280607,-0.07531421808835148,0.03426230227944416,0.08274138507269367,-0.4,0.7142857142857143,0.5245643766354129,left,bottom
010,False,70,80.0,120.0,2760.99267578125,619.1000366210938,2760.95467525299,619.0781451716219,-0.038000528259999555,-0.02189144947180921,0.043855167403805455,-0.2,0.7142857142857143,0.4411698907260348,left,bottom
010,False,71,100.0,120.0,2544.654541015625,618.94189453125,2544.6972391947943,618.8787610416897,0.042698179169292416,-0.0631334895603004,0.07621661241772398,0.0,0.7142857142857143,0.40961596025952024,center,bottom
010,False,72,120.0,120.0,2329.9892578125,618.7980346679688,2329.944919719852,618.7304668251152,-0.044338092648104066,-0.06756784285357753,0.08081633403933643,0.2,0.7142857142857143,0.4411698907260348,right,bottom
010,False,73,140.0,120.0,2116.655029296875,618.7572021484375,2116.7216822792147,618.6381947332119,0.06665298233974681,-0.1190074152256102,0.13640155766509193,0.4,0.7142857142857143,0.5245643766354129,right,bottom
010,False,74,160.0,120.0,1904.940185546875,618.7032470703125,1905.0549821837203,618.6031908528071,0.1147966368453126,-0.1000562175054256,0.1522810378625245,0.6,0.7142857142857143,0.6398405841726221,right,bottom
010,False,75,180.0,120.0,1694.9462890625,618.5901489257812,1694.9714684407563,618.6232773088984,0.025179378256325435,0.033128383117173144,0.04161118668499274,0.8,0.7142857142857143,0.7728618480955124,right,bottom
010,False,76,200.0,120.0,1486.5628662109375,618.661865234375,1486.4931434156738,618.69310019955,-0.06972279526371494,0.031234965175030993,0.07639954992584255,1.0,0.7142857142857143,0.9159291318091396,right,bottom
010,False,77,0.0,140.0,3644.224853515625,401.3087158203125,3643.9909373246246,401.1970587414703,-0.23391619100038952,-0.11165707884219955,0.25919893454199205,-1.0,1.0,1.0,left,bottom
010,False,78,20.0,140.0,3421.95166015625,401.8204040527344,3421.7328408345056,401.7407959011382,-0.2188193217443768,-0.07960815159617596,0.23285049574615216,-0.8,1.0,0.8708554769564043,left,bottom
010,False,79,40.0,140.0,3201.205078125,402.2533874511719,3201.0504508687377,402.2576207851059,-0.15462725626230167,0.004233333934053007,0.15468519481645526,-0.6,1.0,0.7552945112058728,left,bottom
010,False,80,60.0,140.0,2981.9326171875,402.8182067871094,2981.894604552333,402.77603114370845,-0.038012635166978725,-0.042175643400923946,0.05677803561783137,-0.4,1.0,0.6604858898858135,left,bottom
010,False,81,80.0,140.0,2764.297119140625,403.40960693359375,2764.2425167265324,403.3183584428441,-0.05460241409264199,-0.09124849074964914,0.1063377199719514,-0.2,1.0,0.5964098406184939,left,bottom
010,False,82,100.0,140.0,2548.118408203125,403.933837890625,2548.0912517936545,403.9011976103591,-0.027156409470535436,-0.03264028026592314,0.04246008091336377,0.0,1.0,0.5734623443633283,center,bottom
010,False,83,120.0,140.0,2333.455810546875,404.57794189453125,2333.4518158795204,404.53581275021156,-0.0039946673546182865,-0.04212914431968784,0.04231810686199394,0.2,1.0,0.5964098406184939,right,bottom
010,False,84,140.0,140.0,2120.2998046875,405.30047607421875,2120.343823858841,405.228520096804,0.04401917134100586,-0.07195597741474558,0.08435253482415456,0.4,1.0,0.6604858898858135,right,bottom
010,False,85,160.0,140.0,1908.6923828125,406.0020446777344,1908.790698822778,405.98104941433553,0.09831601027804027,-0.020995263398845054,0.10053277556189624,0.6,1.0,0.7552945112058728,right,bottom
010,False,86,180.0,140.0,1698.9720458984375,406.8708190917969,1698.815364404849,406.79088498214674,-0.156681493588394,-0.07993410965013936,0.17589358236914288,0.8,1.0,0.8708554769564043,right,bottom
010,False,87,200.0,140.0,1490.57568359375,407.7106018066406,1490.4363930342834,407.6515872466366,-0.13929055946664448,-0.05901456000401595,0.15127649602300558,1.0,1.0,1.0,right,bottom
011,False,0,0.0,0.0,3193.81640625,1862.6492919921875,3193.8037867992234,1862.8366901256743,-0.012619450776583108,0.1873981334867949,0.1878225518201614,-1.0,-1.0,1.0,left,top
011,False,1,20.0,0.0,2984.525390625,1866.74951171875,2984.5496533535525,1866.802151632176,0.024262728552457702,0.052639913425991836,0.05796240576706734,-0.8,-1.0,0.8708554769564043,left,top
011,False,2,40.0,0.0,2774.76416015625,1870.8037109375,2774.7440422073037,1870.7552801006084,-0.020117948946335673,-0.04843083689161176,0.05244309136415655,-0.6,-1.0,0.7552945112058728,left,top
011,False,3,60.0,0.0,2564.33984375,1874.6395263671875,2564.405976046563,1874.690403313411,0.06613229656295516,0.05087694622352501,0.08343826643526402,-0.4,-1.0,0.6604858898858135,left,top
011,False,4,80.0,0.0,2353.5693359375,1878.601318359375,2353.5675985678968,1878.6029245915847,-0.0017373696032336738,0.0016062322097241122,0.0023661012340547767,-0.2,-1.0,0.5964098406184939,left,top
011,False,5,100.0,0.0,2142.151123046875,1882.4593505859375,2142.270492887976,1882.4894138828438,0.119369841101161,0.030063296906291725,0.12309736303183864,0.0,-1.0,0.5734623443633283,center,top
011,False,6,120.0,0.0,1930.4990234375,1886.273681640625,1930.5618977790646,1886.3477010358713,0.06287434156456584,0.07401939524629597,0.09711876080245811,0.2,-1.0,0.5964098406184939,right,top
011,False,7,140.0,0.0,1718.4080810546875,1890.2060546875,1718.4908197851128,1890.1769713001945,0.08273873042526247,-0.02908338730549076,0.08770143060147557,0.4,-1.0,0.6604858898858135,right,top
011,False,8,160.0,0.0,1506.06005859375,1894.0096435546875,1506.1040392404198,1893.9778630918602,0.04398064666975188,-0.03178046282732794,0.05426135917030396,0.6,-1.0,0.7552945112058728,right,top
011,False,9,180.0,0.0,1293.461181640625,1897.702880859375,1293.4420081795024,1897.7525680657377,-0.019173461122591107,0.04968720636270518,0.05325823962120381,0.8,-1.0,0.8708554769564043,right,top
011,False,10,200.0,0.0,1080.46435546875,1901.38623046875,1080.534638092961,1901.5049335359545,0.07028262421090403,0.11870306720447843,0.1379495031876595,1.0,-1.0,1.0,right,top
011,False,11,0.0,20.0,3198.792236328125,1658.1224365234375,3198.8608734109753,1658.1297472741674,0.06863708285027315,0.007310750729857318,0.06902533026671707,-1.0,-0.7142857142857143,0.9159291318091396,left,top
011,False,12,20.0,20.0,2988.233642578125,1661.748046875,2988.3012955780678,1661.8688323149968,0.06765299994276575,0.12078543999678004,0.13844150720239798,-0.8,-0.7142857142857143,0.7728618480955124,left,top
011,False,13,40.0,20.0,2777.21337890625,1665.544677734375,2777.1788315391636,1665.603938229663,-0.03454736708636119,0.05926049528807198,0.06859538522661268,-0.6,-0.7142857142857143,0.6398405841726221,left,top
011,False,14,60.0,20.0,2565.515869140625,1669.2603759765625,2565.5133729818144,1669.3322619788648,-0.002496158810572524,0.07188600230233533,0.07192932736943228,-0.4,-0.7142857142857143,0.5245643766354129,left,top
011,False,15,80.0,20.0,2353.324951171875,1673.073974609375,2353.338370063791,1673.0513656410874,0.013418891915989661,-0.022608968287613607,0.02629129337410639,-0.2,-0.7142857142857143,0.4411698907260348,left,top
011,False,16,100.0,20.0,2140.6376953125,1676.8455810546875,2140.6970359310426,1676.759253277498,0.05934061854259198,-0.08632777718958096,0.10475587870621555,0.0,-0.7142857142857143,0.40961596025952024,center,top
011,False,17,120.0,20.0,1927.69140625,1680.532470703125,1927.638445214399,1680.4544497857828,-0.052961035600901596,-0.07802091734220085,0.09429811681491049,0.2,-0.7142857142857143,0.4411698907260348,right,top
011,False,18,140.0,20.0,1714.31640625,1684.1845703125,1714.2135244737156,1684.1360817800587,-0.10288177628444828,-0.04848853244129714,0.11373564819243784,0.4,-0.7142857142857143,0.5245643766354129,right,top
011,False,19,160.0,20.0,1500.4381103515625,1687.6787109375,1500.4709325237054,1687.803960534607,0.032822172142914496,0.12524959710708572,0.12947878806841842,0.6,-0.7142857142857143,0.6398405841726221,right,top
011,False,20,180.0,20.0,1286.4254150390625,1691.403564453125,1286.452828540701,1691.4586670298222,0.027413501638420712,0.05510257669720886,0.06154505691565717,0.8,-0.7142857142857143,0.7728618480955124,right,top
011,False,21,200.0,20.0,1072.0548095703125,1695.0428466796875,1072.1905258139914,1695.1016391393953,0.13571624367887125,0.05879245970777447,0.1479035230033181,1.0,-0.7142857142857143,0.9159291318091396,right,top
011,False,22,0.0,40.0,3203.953369140625,1450.7542724609375,3203.9084226868313,1450.8249354354057,-0.044946453793727414,0.07066297446817771,0.08374628152534301,-1.0,-0.42857142857142855,0.8553032352102229,left,top
011,False,23,20.0,40.0,2992.1884765625,1454.408935546875,2992.0343980379403,1454.3280278801585,-0.15407852455973625,-0.08090766671648453,0.174029429304388,-0.8,-0.42857142857142855,0.6999520597198355,left,top
011,False,24,40.0,40.0,2779.68212890625,1457.971435546875,2779.5891338140036,1457.836100399526,-0.09299509224638314,-0.13533514734899654,0.164206240106422,-0.6,-0.42857142857142855,0.5495574790854838,left,top
011,False,25,60.0,40.0,2566.64111328125,1461.4620361328125,2566.592680506602,1461.3494334977022,-0.04843277464806306,-0.11260263511030644,0.12257686198420514,-0.4,-0.42857142857142855,0.40961596025952024,left,top
011,False,26,80.0,40.0,2353.0478515625,1464.9820556640625,2353.079087964981,1464.867917592317,0.031236402481226833,-0.11413807174540125,0.11833516916676781,-0.2,-0.42857142857142855,0.295378269592824,left,top
011,False,27,100.0,40.0,2139.082763671875,1468.46923828125,2139.092491580136,1468.3911144743265,0.00972790826108394,-0.07812380692348597,0.07872713259959478,0.0,-0.42857142857142855,0.24576957615571215,center,top
011,False,28,120.0,40.0,1924.70458984375,1471.94140625,1924.6830884280528,1471.9183205385086,-0.021501415697230186,-0.02308571149137606,0.03154775668804597,0.2,-0.42857142857142855,0.295378269592824,right,top
011,False,29,140.0,40.0,1709.985595703125,1475.500244140625,1709.9030012503529,1475.4486318189718,-0.08259445277212762,-0.051612321653237814,0.09739443195154691,0.4,-0.42857142857142855,0.40961596025952024,right,top
011,False,30,160.0,40.0,1494.6868896484375,1479.02978515625,1494.8020281143695,1478.981010864667,0.11513846593197741,-0.04877429158295854,0.1250431839669343,0.6,-0.42857142857142855,0.5495574790854838,right,top
011,False,31,180.0,40.0,1279.316650390625,1482.491455078125,1279.4232755578864,1482.5143554904973,0.10662516726142712,0.022900412372337087,0.1090566604126057,0.8,-0.42857142857142855,0.6999520597198355,right,top
011,False,32,200.0,40.0,1063.683349609375,1486.0087890625,1063.7986729863578,1486.0475694402253,0.11532337698281481,0.03878037772528842,0.1216692195061531,1.0,-0.42857142857142855,0.8553032352102229,right,top
011,False,33,0.0,60.0,3208.950439453125,1240.804443359375,3208.943687169515,1240.9108417322466,-0.006752283609785081,0.10639837287158116,0.10661241524169214,-1.0,-0.14285714285714285,0.8233178906068351,left,top
011,False,34,20.0,60.0,2995.87744140625,1244.177001953125,2995.7461755593963,1244.1717870197845,-0.1312658468536938,-0.005214933340539574,0.13136939552256327,-0.8,-0.14285714285714285,0.6604858898858135,left,top
011,False,35,40.0,60.0,2782.078125,1247.52099609375,2781.9724398363583,1247.4465497942062,-0.10568516364173774,-0.07444629954375159,0.12927337440377612,-0.6,-0.14285714285714285,0.4983193229757469,left,top
011,False,36,60.0,60.0,2567.682373046875,1250.8590087890625,2567.641910211889,1250.7387113444868,-0.04046283498610137,-0.12029744457572633,0.1269201173437939,-0.4,-0.14285714285714285,0.3377779740177616,left,top
011,False,37,80.0,60.0,2352.811767578125,1254.18408203125,2352.788459776409,1254.0506602450555,-0.02330780171587321,-0.1334217861945035,0.13544233700050465,-0.2,-0.14285714285714285,0.18318582636182795,left,top
011,False,38,100.0,60.0,2137.36083984375,1257.0357666015625,2137.4563676954526,1257.383637146732,0.09552785170262723,0.3478705451695987,0.36074850886388005,0.0,-0.14285714285714285,0.08192319205190404,center,top
011,False,39,120.0,60.0,1921.7799072265625,1260.7567138671875,1921.696168163926,1260.7377810970252,-0.08373906263659592,-0.018932770162336965,0.08585266680351643,0.2,-0.14285714285714285,0.18318582636182795,right,top
011,False,40,140.0,60.0,1705.5093994140625,1264.1446533203125,1705.5603829015845,1264.1121774211083,0.050983487521989446,-0.03247589920420069,0.06044832527892114,0.4,-0.14285714285714285,0.3377779740177616,right,top
011,False,41,160.0,60.0,1489.0390625,1267.445556640625,1489.0991349347648,1267.5049071953342,0.060072434764833815,0.059350554709226344,0.08444634842826589,0.6,-0.14285714285714285,0.4983193229757469,right,top
011,False,42,180.0,60.0,1272.38916015625,1270.9990234375,1272.3556413707279,1270.91309834571,-0.03351878552211929,-0.08592509178993168,0.09223139585838447,0.8,-0.14285714285714285,0.6604858898858135,right,top
011,False,43,200.0,60.0,1055.31005859375,1274.3505859375,1055.3615828316101,1274.332978404334,0.0515242378601215,-0.01760753316602859,0.0544497227840434,1.0,-0.14285714285714285,0.8233178906068351,right,top
011,False,44,0.0,80.0,3213.914306640625,1028.2161865234375,3213.9679871863964,1028.3761105351482,0.05368054577138537,0.15992401171070014,0.16869288816058,-1.0,0.14285714285714285,0.8233178906068351,left,bottom
011,False,45,20.0,80.0,2999.5205078125,1031.4525146484375,2999.4371234673326,1031.392718929524,-0.08338434516736015,-0.05979571891339219,0.10260836719955574,-0.8,0.14285714285714285,0.6604858898858135,left,bottom
011,False,46,40.0,80.0,2784.37353515625,1034.518798828125,2784.3287510130403,1034.4310387694104,-0.04478414320965385,-0.08776005871459347,0.09852637915102573,-0.6,0.14285714285714285,0.4983193229757469,left,bottom
011,False,47,60.0,80.0,2568.675537109375,1037.5596923828125,2568.6608264427773,1037.4981714741327,-0.01471066659769349,-0.06152090867976767,0.06325524418206611,-0.4,0.14285714285714285,0.3377779740177616,left,bottom
011,False,48,80.0,80.0,2352.458984375,1040.76806640625,2352.46619451473,1040.5991728879644,0.007210139729977527,-0.16889351828558574,0.1690473502714825,-0.2,0.14285714285714285,0.18318582636182795,left,bottom
011,False,49,100.0,80.0,2135.8212890625,1043.7760009765625,2135.788423456402,1043.7370800501121,-0.03286560609785738,-0.03892092645037337,0.050941010786348696,0.0,0.14285714285714285,0.08192319205190404,center,bottom
011,False,50,120.0,80.0,1918.6739501953125,1046.9923095703125,1918.6775216609765,1046.912939228048,0.0035714656639811437,-0.07937034226461037,0.07945065511492269,0.2,0.14285714285714285,0.18318582636182795,right,bottom
011,False,51,140.0,80.0,1701.1397705078125,1050.2686767578125,1701.1855334327154,1050.1258352420045,0.04576292490287415,-0.14284151580795879,0.149993146290027,0.4,0.14285714285714285,0.3377779740177616,right,bottom
011,False,52,160.0,80.0,1483.43994140625,1053.4132080078125,1483.3620114244145,1053.3729221089625,-0.07792998183549571,-0.040285898850015656,0.08772705235578353,0.6,0.14285714285714285,0.4983193229757469,right,bottom
011,False,53,180.0,80.0,1265.233642578125,1056.569091796875,1265.2493633692204,1056.6494550349719,0.015720791095418463,0.08036323809687929,0.0818864659762619,0.8,0.14285714285714285,0.6604858898858135,right,bottom
011,False,54,200.0,80.0,1046.8792724609375,1060.0341796875,1046.8780706677217,1059.948823785176,-0.0012017932158414624,-0.08535590232395407,0.08536436240299596,1.0,0.14285714285714285,0.8233178906068351,right,bottom
011,False,55,0.0,100.0,3218.97265625,813.201171875,3218.987344484686,813.205294962587,0.014688234686218493,0.004123087587004193,0.01525595259062967,-1.0,0.42857142857142855,0.8553032352102229,left,bottom
011,False,56,20.0,100.0,3003.094482421875,816.0025634765625,3003.111524592677,815.9798772274,0.01704217080214221,-0.022686249162461536,0.0283743103301327,-0.8,0.42857142857142855,0.6999520597198355,left,bottom
011,False,57,40.0,100.0,2786.704345703125,818.751953125,2786.6609601991818,818.7821959662398,-0.04338550394322738,0.030242841239783047,0.0528860227154824,-0.6,0.42857142857142855,0.5495574790854838,left,bottom
011,False,58,60.0,100.0,2569.6923828125,821.6715698242188,2569.6512010416636,821.6230932803318,-0.0411817708363742,-0.0484765438869772,0.06360749607118384,-0.4,0.42857142857142855,0.40961596025952024,left,bottom
011,False,59,80.0,100.0,2352.052978515625,824.5755004882812,2352.1131309890025,824.5104596130267,0.06015247337745677,-0.06504087525456725,0.08859252512094813,-0.2,0.42857142857142855,0.295378269592824,left,bottom
011,False,60,100.0,100.0,2134.042236328125,827.4647216796875,2134.0886703915644,827.449241052512,0.04643406343939205,-0.015480627175520567,0.04894662465626155,0.0,0.42857142857142855,0.24576957615571215,center,bottom
011,False,61,120.0,100.0,1915.7294921875,830.5302734375,1915.626355203949,830.4414476050562,-0.10313698355093948,-0.08882583244383113,0.136114899571378,0.2,0.42857142857142855,0.295378269592824,right,bottom
011,False,62,140.0,100.0,1696.62646484375,833.5199584960938,1696.7767904581879,833.4861624626711,0.15032561443786108,-0.033796033422618166,0.1540777798101439,0.4,0.42857142857142855,0.40961596025952024,right,bottom
011,False,63,160.0,100.0,1477.6392822265625,836.5125122070312,1477.5879756230397,836.579552289544,-0.051306603522789374,0.06704008251278992,0.0844200226745195,0.6,0.42857142857142855,0.5495574790854838,right,bottom
011,False,64,180.0,100.0,1258.1650390625,839.7432861328125,1258.1004993421698,839.7148785520423,-0.06453972033023092,-0.028407580770249297,0.07051500652714045,0.8,0.42857142857142855,0.6999520597198355,right,bottom
011,False,65,200.0,100.0,1038.4141845703125,842.74072265625,1038.3426010004514,842.8825099175822,-0.07158356986110448,0.14178726133218333,0.15883272631967404,1.0,0.42857142857142855,0.8553032352102229,right,bottom
011,False,66,0.0,120.0,3223.95556640625,595.3052368164062,3224.013187347007,595.3739027821148,0.057620940756805794,0.0686659657085329,0.08963920827620434,-1.0,0.7142857142857143,0.9159291318091396,left,bottom
011,False,67,20.0,120.0,3006.706787109375,597.6341552734375,3006.778013009358,597.9138386600148,0.07122589998289186,0.27968338657728964,0.28861033515055307,-0.8,0.7142857142857143,0.7728618480955124,left,bottom
011,False,68,40.0,120.0,2788.990478515625,600.4515991210938,2788.9752744776956,600.4846277479634,-0.01520403792937941,0.03302862686962271,0.03636004623554226,-0.6,0.7142857142857143,0.6398405841726221,left,bottom
011,False,69,60.0,120.0,2570.596435546875,603.1796875,2570.6170951505947,603.1010735466848,0.020659603719650477,-0.07861395331519816,0.08128328783764319,-0.4,0.7142857142857143,0.5245643766354129,left,bottom
011,False,70,80.0,120.0,2351.6728515625,605.8584594726562,2351.7313781548382,605.7740654102004,0.058526592338239425,-0.08439406245588543,0.10270209242529753,-0.2,0.7142857142857143,0.4411698907260348,left,bottom
011,False,71,100.0,120.0,2132.321044921875,608.494140625,2132.3573703503153,608.510564833847,0.03632542844025011,0.01642420884695639,0.03986591761914144,0.0,0.7142857142857143,0.40961596025952024,center,bottom
011,False,72,120.0,120.0,1912.5570068359375,611.3099365234375,1912.5410983023708,611.3135923910352,-0.015908533566744154,0.0036558675976721133,0.016323198465249825,0.2,0.7142857142857143,0.4411698907260348,right,bottom
011,False,73,140.0,120.0,1692.302978515625,614.3478393554688,1692.3306736885468,614.1822153382245,0.027695172921767153,-0.1656240172442267,0.16792360671234552,0.4,0.7142857142857143,0.5245643766354129,right,bottom
011,False,74,160.0,120.0,1471.64599609375,617.185302734375,1471.771465562309,617.1115359079992,0.12546946855900387,-0.07376682637584508,0.14554769738488801,0.6,0.7142857142857143,0.6398405841726221,right,bottom
011,False,75,180.0,120.0,1250.9576416015625,620.097900390625,1250.9011368512458,620.0926803105248,-0.056504750316662467,-0.005220080100230007,0.05674536143687151,0.8,0.7142857142857143,0.7728618480955124,right,bottom
011,False,76,200.0,120.0,1029.9783935546875,623.1404418945312,1029.7445424213713,623.1127884640832,-0.23385113331619323,-0.027653430448026484,0.23548049764006324,1.0,0.7142857142857143,0.9159291318091396,right,bottom
011,False,77,0.0,140.0,3229.07177734375,374.6204528808594,3229.0631346025884,374.84252644368416,-0.008642741161565937,0.2220735628247894,0.2222416798903426,-1.0,1.0,1.0,left,bottom
011,False,78,20.0,140.0,3010.43896484375,377.0633850097656,3010.4502003470975,377.1608660671361,0.011235503347506892,0.09748105737048718,0.09812641378110203,-0.8,1.0,0.8708554769564043,left,bottom
011,False,79,40.0,140.0,2791.3046875,379.4873962402344,2791.281684137951,379.5091030904855,-0.023003362049166753,0.021706850251121068,0.031628183845893526,-0.6,1.0,0.7552945112058728,left,bottom
011,False,80,60.0,140.0,2571.515869140625,381.93499755859375,2571.565170744071,381.90622209929643,0.049301603446110676,-0.028775459297321504,0.05708480673637565,-0.4,1.0,0.6604858898858135,left,bottom
011,False,81,80.0,140.0,2351.315185546875,384.43719482421875,2351.324468601669,384.3662712459611,0.009283054794195778,-0.07092357825763429,0.07152851920163604,-0.2,1.0,0.5964098406184939,left,bottom
011,False,82,100.0,140.0,2130.55126953125,386.92376708984375,2130.5950298442212,386.8983258672208,0.043760312971244275,-0.02544122262293058,0.050618384011056346,0.0,1.0,0.5734623443633283,center,bottom
011,False,83,120.0,140.0,1909.4136962890625,389.46588134765625,1909.419237271332,389.50645239729806,0.00554098226939459,0.04057104964181235,0.04094768068582331,0.2,1.0,0.5964098406184939,right,bottom
011,False,84,140.0,140.0,1687.785888671875,392.1840515136719,1687.8415556067055,392.18967259118017,0.05566693483046947,0.0056210775082945474,0.05595001470754043,0.4,1.0,0.6604858898858135,right,bottom
011,False,85,160.0,140.0,1465.94140625,394.9422607421875,1465.9035443487605,394.94192807294985,-0.03786190123946653,-0.000332669237650407,0.03786336269124543,0.6,1.0,0.7552945112058728,right,bottom
011,False,86,180.0,140.0,1243.7880859375,397.7648620605469,1243.6387294699225,397.75204522435433,-0.14935646757749055,-0.012816836192541814,0.14990538915333376,0.8,1.0,0.8708554769564043,right,bottom
011,False,87,200.0,140.0,1021.263916015625,400.4602355957031,1021.067331172346,400.60370042920204,-0.19658484327896986,0.1434648334989106,0.24336753903897554,1.0,1.0,1.0,right,bottom
012,False,0,0.0,0.0,3031.953125,2640.1435546875,3032.0458026397505,2640.214139874264,0.09267763975049093,0.07058518676421954,0.1164964098170477,-1.0,-1.0,1.0,left,top
012,False,1,20.0,0.0,2825.3125,2642.948486328125,2825.371317212457,2642.913987947829,0.05881721245714289,-0.03449838029609964,0.06818799545582052,-0.8,-1.0,0.8708554769564043,left,top
012,False,2,40.0,0.0,2617.964111328125,2645.569091796875,2618.0503395099854,2645.572168648562,0.08622818186040604,0.0030768516871830798,0.08628305953810503,-0.6,-1.0,0.7552945112058728,left,top
012,False,3,60.0,0.0,2410.056884765625,2648.24609375,2410.100346521696,2648.1758062094377,0.043461756070882984,-0.07028754056227626,0.08263935260551455,-0.4,-1.0,0.6604858898858135,left,top
012,False,4,80.0,0.0,2201.575927734375,2650.65966796875,2201.5486076969087,2650.715754338994,-0.02732003746632472,0.05608637024397467,0.062386419790733255,-0.2,-1.0,0.5964098406184939,left,top
012,False,5,100.0,0.0,1992.365234375,2653.236572265625,1992.4287115495974,2653.186736723714,0.06347717459743762,-0.049835541910852044,0.08070274426822095,0.0,-1.0,0.5734623443633283,center,top
012,False,6,120.0,0.0,1782.697265625,2655.577880859375,1782.7769549653635,2655.587491053124,0.07968934036352948,0.00961019374881289,0.08026672281502573,0.2,-1.0,0.5964098406184939,right,top
012,False,7,140.0,0.0,1572.576416015625,2657.90380859375,1572.628591495431,2657.9209166453065,0.05217547980601012,0.01710805155653361,0.05490870715149266,0.4,-1.0,0.6604858898858135,right,top
012,False,8,160.0,0.0,1361.989013671875,2660.17724609375,1362.0139348334558,2660.1942257521778,0.024921161580778062,0.016979658427771938,0.030155813616267346,0.6,-1.0,0.7552945112058728,right,top
012,False,9,180.0,0.0,1151.062255859375,2662.509765625,1150.954313579904,2662.419098625563,-0.10794227947098989,-0.09066699943696221,0.14096822508741247,0.8,-1.0,0.8708554769564043,right,top
012,False,10,200.0,0.0,939.4528198242188,2664.6484375,939.4578733056544,2664.6118424268307,0.005053481435652429,-0.03659507316933741,0.036942347717621345,1.0,-1.0,1.0,right,top
012,False,11,0.0,20.0,3028.980712890625,2431.167236328125,3029.007300012676,2431.205707563199,0.026587122050841572,0.03847123507421202,0.04676442009777976,-1.0,-0.7142857142857143,0.9159291318091396,left,top
012,False,12,20.0,20.0,2822.633544921875,2433.5859375,2822.665608143913,2433.6106085523716,0.03206322203777745,0.0246710523715592,0.04045628545188046,-0.8,-0.7142857142857143,0.7728618480955124,left,top
012,False,13,40.0,20.0,2615.661376953125,2435.998291015625,2615.6666337240913,2435.9759118590905,0.005256770966298063,-0.02237915653449818,0.02298826414037578,-0.6,-0.7142857142857143,0.6398405841726221,left,top
012,False,14,60.0,20.0,2407.9931640625,2438.291259765625,2408.0313150855386,2438.2910650797667,0.0381510230386084,-0.0001946858583323774,0.038151519779372665,-0.4,-0.7142857142857143,0.5245643766354129,left,top
012,False,15,80.0,20.0,2199.822021484375,2440.457763671875,2199.7903714038216,2440.5485238276615,-0.03165008055339058,0.09076015578648366,0.09612041134651317,-0.2,-0.7142857142857143,0.4411698907260348,left,top
012,False,16,100.0,20.0,1990.8876953125,2442.7236328125,1990.980862031443,2442.7438682129505,0.09316671894293904,0.020235400450474117,0.0953389162408701,0.0,-0.7142857142857143,0.40961596025952024,center,top
012,False,17,120.0,20.0,1781.644775390625,2444.84130859375,1781.642610058279,2444.875922281485,-0.0021653323460668616,0.034613687735145504,0.03468135007168962,0.2,-0.7142857142857143,0.4411698907260348,right,top
012,False,18,140.0,20.0,1571.6346435546875,2446.927001953125,1571.8144864314436,2446.946876478003,0.17984287675608357,0.01987452487810515,0.18093771596611438,0.4,-0.7142857142857143,0.5245643766354129,right,top
012,False,19,160.0,20.0,1361.572509765625,2448.94970703125,1361.5305508796018,2448.962413200911,-0.041958886023167,0.012706169661214517,0.04384056185502972,0.6,-0.7142857142857143,0.6398405841726221,right,top
012,False,20,180.0,20.0,1150.813720703125,2450.916015625,1150.8160457970725,2450.9318355172154,0.0023250939475474297,0.015819892215404252,0.01598984213717977,0.8,-0.7142857142857143,0.7728618480955124,right,top
012,False,21,200.0,20.0,939.5773315429688,2452.89208984375,939.6832391513335,2452.868199107623,0.10590760836475965,-0.02389073612721404,0.10856882048840485,1.0,-0.7142857142857143,0.9159291318091396,right,top
012,False,22,0.0,40.0,3025.920166015625,2222.86669921875,3025.94235476267,2222.813363662217,0.022188747045220225,-0.05333555653305666,0.05776696362219198,-1.0,-0.42857142857142855,0.8553032352102229,left,top
012,False,23,20.0,40.0,2819.9931640625,2224.86376953125,2819.9350207266953,2224.9117236450174,-0.0581433358047434,0.04795411376744596,0.07536739696794832,-0.8,-0.42857142857142855,0.6999520597198355,left,top
012,False,24,40.0,40.0,2613.29248046875,2226.98876953125,2613.262443819005,2226.9757009542272,-0.030036649744943134,-0.013068577022750105,0.032756496047348295,-0.6,-0.42857142857142855,0.5495574790854838,left,top
012,False,25,60.0,40.0,2406.00244140625,2229.0380859375,2405.948278261574,2228.997085086438,-0.05416314467584016,-0.04100085106210827,0.06793170120785418,-0.4,-0.42857142857142855,0.40961596025952024,left,top
012,False,26,80.0,40.0,2198.03759765625,2230.997314453125,2198.025928989841,2230.9699657894175,-0.011668666409150319,-0.027348663707471133,0.029733939906315503,-0.2,-0.42857142857142855,0.295378269592824,left,top
012,False,27,100.0,40.0,1989.4813232421875,2232.8857421875,1989.5351429998636,2232.890826043976,0.05381975767613767,0.005083856476176152,0.05405933696401148,0.0,-0.42857142857142855,0.24576957615571215,center,top
012,False,28,120.0,40.0,1780.5562744140625,2234.82421875,1780.518466420807,2234.758637454647,-0.037807993255455585,-0.06558129535278567,0.07569907961233005,0.2,-0.42857142857142855,0.295378269592824,right,top
012,False,29,140.0,40.0,1571.0606689453125,2236.54443359375,1571.0175636925462,2236.574958103286,-0.04310525276628141,0.030524509536007827,0.052818637794426734,0.4,-0.42857142857142855,0.40961596025952024,right,top
012,False,30,160.0,40.0,1361.0206298828125,2238.36474609375,1361.069395141819,2238.344032920865,0.04876525900658635,-0.020713172884825326,0.05298194047914925,0.6,-0.42857142857142855,0.5495574790854838,right,top
012,False,31,180.0,40.0,1150.661865234375,2240.2080078125,1150.702249161983,2240.0728966339075,0.0403839276079907,-0.13511117859252408,0.14101734712335348,0.8,-0.42857142857142855,0.6999520597198355,right,top
012,False,32,200.0,40.0,939.9016723632812,2241.856689453125,939.9316251110613,2241.7714793432406,0.029952747780043865,-0.08521010988442868,0.09032125954663903,1.0,-0.42857142857142855,0.8553032352102229,right,top
012,False,33,0.0,60.0,3022.829345703125,2015.06689453125,3022.838168553216,2015.046910865029,0.008822850090837164,-0.019983666220923624,0.02184466981564769,-1.0,-0.14285714285714285,0.8233178906068351,left,top
012,False,34,20.0,60.0,2817.1962890625,2016.8594970703125,2817.169645799504,2016.8303845490495,-0.026643262996003614,-0.02911252126295949,0.039463937428499,-0.8,-0.14285714285714285,0.6604858898858135,left,top
012,False,35,40.0,60.0,2610.945556640625,2018.578125,2610.830701993638,2018.5870674540724,-0.11485464698716896,0.008942454072439432,0.11520224572196884,-0.6,-0.14285714285714285,0.4983193229757469,left,top
012,False,36,60.0,60.0,2403.90234375,2020.2198486328125,2403.846981512167,2020.3110950344108,-0.05536223783292371,0.09124640159825503,0.10672808057160613,-0.4,-0.14285714285714285,0.3377779740177616,left,top
012,False,37,80.0,60.0,2196.173583984375,2022.0062255859375,2196.2538314060544,2021.9982084809267,0.08024742167935983,-0.008017105010821979,0.08064690111181916,-0.2,-0.14285714285714285,0.18318582636182795,left,top
012,False,38,100.0,60.0,1988.043212890625,2023.3724365234375,1988.092924063863,2023.6458247156093,0.049711173237938056,0.27338819217175114,0.2778710210936553,0.0,-0.14285714285714285,0.08192319205190404,center,top
012,False,39,120.0,60.0,1779.3663330078125,2025.2562255859375,1779.4087470735344,2025.2531082588384,0.042414065721914085,-0.003117327099062095,0.042528469280064554,0.2,-0.14285714285714285,0.18318582636182795,right,top
012,False,40,140.0,60.0,1570.248779296875,2026.858154296875,1570.244956708856,2026.8210450121449,-0.0038225880189202144,-0.03710928473014974,0.03730564558274949,0.4,-0.14285714285714285,0.3377779740177616,right,top
012,False,41,160.0,60.0,1360.54736328125,2028.4183349609375,1360.6405913816243,2028.3525180001952,0.09322810037429008,-0.06581696074226784,0.11411989756719873,0.6,-0.14285714285714285,0.4983193229757469,right,top
012,False,42,180.0,60.0,1150.5936279296875,2029.90869140625,1150.6261413134407,2029.8523851167008,0.03251338375321211,-0.05630628954918393,0.06501936915935264,0.8,-0.14285714285714285,0.6604858898858135,right,top
012,False,43,200.0,60.0,940.2369995117188,2031.3582763671875,940.2194705920219,2031.3275589198977,-0.017528919696815137,-0.030717447289816846,0.03536699865326531,1.0,-0.14285714285714285,0.8233178906068351,right,top
012,False,44,0.0,80.0,3019.547607421875,1807.9371337890625,3019.6857408258993,1807.9285748049176,0.13813340402430185,-0.008558984144883652,0.13839831471854483,-1.0,0.14285714285714285,0.8233178906068351,left,bottom
012,False,45,20.0,80.0,2814.4736328125,1809.42529296875,2814.362580478045,1809.3920265951722,-0.11105233445505291,-0.03326637357781692,0.11592787671192727,-0.8,0.14285714285714285,0.6604858898858135,left,bottom
012,False,46,40.0,80.0,2608.403076171875,1810.8759765625,2608.366546860422,1810.8379149887212,-0.03652931145279581,-0.038061573778804814,0.052754848059062415,-0.6,0.14285714285714285,0.4983193229757469,left,bottom
012,False,47,60.0,80.0,2401.840576171875,1812.210693359375,2401.7245679589305,1812.262711593188,-0.11600821294450725,0.05201823381298709,0.12713694238733578,-0.4,0.14285714285714285,0.3377779740177616,left,bottom
012,False,48,80.0,80.0,2194.435302734375,1813.743408203125,2194.4732090728107,1813.6638120619027,0.03790633843573232,-0.07959614122228231,0.08816142121745649,-0.2,0.14285714285714285,0.18318582636182795,left,bottom
012,False,49,100.0,80.0,1986.675537109375,1815.0582275390625,1986.655326114075,1815.039583599269,-0.020210995299976275,-0.01864393979349188,0.02749692386502558,0.0,0.14285714285714285,0.08192319205190404,center,bottom
012,False,50,120.0,80.0,1778.3433837890625,1816.3927001953125,1778.3165875539962,1816.3894138160972,-0.02679623506628559,-0.00328637921529662,0.02699700913201992,0.2,0.14285714285714285,0.18318582636182795,right,bottom
012,False,51,140.0,80.0,1569.5157470703125,1817.7442626953125,1569.5018614883027,1817.7137609667425,-0.013885582009834252,-0.030501728570015985,0.03351365144998023,0.4,0.14285714285714285,0.3377779740177616,right,bottom
012,False,52,160.0,80.0,1360.2337646484375,1819.026123046875,1360.2514642088559,1819.014205600572,0.017699560418350302,-0.011917446302959434,0.021337759146329172,0.6,0.14285714285714285,0.4983193229757469,right,bottom
012,False,53,180.0,80.0,1150.568603515625,1820.3782958984375,1150.5972665837874,1820.2935036610274,0.028663068162359195,-0.08479223741005626,0.08950583780672294,0.8,0.14285714285714285,0.6604858898858135,right,bottom
012,False,54,200.0,80.0,940.517578125,1821.711181640625,940.5586544603366,1821.5556410662687,0.041076335336583725,-0.15554057435633695,0.16087304185531726,1.0,0.14285714285714285,0.8233178906068351,right,bottom
012,False,55,0.0,100.0,3016.483154296875,1601.400390625,3016.4796784299806,1601.4889562131498,-0.003475866894405044,0.08856558814977689,0.08863376926986419,-1.0,0.42857142857142855,0.8553032352102229,left,bottom
012,False,56,20.0,100.0,2811.477783203125,1602.5692138671875,2811.509771483178,1602.630398444058,0.031988280053155904,0.06118457687057344,0.0690420343529233,-0.8,0.42857142857142855,0.6999520597198355,left,bottom
012,False,57,40.0,100.0,2605.9541015625,1603.7308349609375,2605.8672009525626,1603.7644248816268,-0.0869006099374019,0.033589920689337305,0.09316651104022541,-0.6,0.42857142857142855,0.5495574790854838,left,bottom
012,False,58,60.0,100.0,2399.629150390625,1604.8402099609375,2399.579490565062,1604.889820216695,-0.04965982556313975,0.049610255757443156,0.07019455642199322,-0.4,0.42857142857142855,0.40961596025952024,left,bottom
012,False,59,80.0,100.0,2192.738525390625,1606.0052490234375,2192.6837192490557,1606.0056239057571,-0.054806141569315514,0.00037488231964744045,0.05480742368027746,-0.2,0.42857142857142855,0.295378269592824,left,bottom
012,False,60,100.0,100.0,1985.1744384765625,1607.043701171875,1985.2232044074126,1607.111155672718,0.048765930850095174,0.06745450084304139,0.08323596395585345,0.0,0.42857142857142855,0.24576957615571215,center,bottom
012,False,61,120.0,100.0,1777.2880859375,1608.21435546875,1777.2440552618273,1608.2060418509748,-0.04403067567272956,-0.008313617775229432,0.044808667026700416,0.2,0.42857142857142855,0.295378269592824,right,bottom
012,False,62,140.0,100.0,1568.7607421875,1609.2432861328125,1568.7915927848605,1609.2902425870006,0.030850597360540633,0.0469564541881482,0.05618423219574917,0.4,0.42857142857142855,0.40961596025952024,right,bottom
012,False,63,160.0,100.0,1359.90625,1610.338623046875,1359.906632653449,1610.3640799270754,0.00038265344892352005,0.025456880200408705,0.02545975595326738,0.6,0.42857142857142855,0.5495574790854838,right,bottom
012,False,64,180.0,100.0,1150.5943603515625,1611.3587646484375,1150.6216275730985,1611.4282668093185,0.02726722153602168,0.06950216088102934,0.07465957230942975,0.8,0.42857142857142855,0.6999520597198355,right,bottom
012,False,65,200.0,100.0,941.0526123046875,1612.464599609375,940.9566652355172,1612.4839369836789,-0.09594706917027906,0.01933737430385918,0.09787632056495518,1.0,0.42857142857142855,0.8553032352102229,right,bottom
012,False,66,0.0,120.0,3013.116455078125,1395.75341796875,3013.2180119465497,1395.7631908572448,0.10155686842472278,0.009772888494808285,0.10202601077062853,-1.0,0.7142857142857143,0.9159291318091396,left,bottom
012,False,67,20.0,120.0,2808.685302734375,1396.5155029296875,2808.609864095414,1396.5837006902436,-0.07543863896080438,0.06819776055613147,0.1016952446928077,-0.8,0.7142857142857143,0.7728618480955124,left,bottom
012,False,68,40.0,120.0,2603.4052734375,1397.3360595703125,2603.331852770955,1397.407172547388,-0.0734206665451893,0.07111297707547237,0.10221374557502792,-0.6,0.7142857142857143,0.6398405841726221,left,bottom
012,False,69,60.0,120.0,2397.35546875,1398.154052734375,2397.4114277517806,1398.2346684429538,0.0559590017805931,0.08061570857876177,0.09813410390856109,-0.4,0.7142857142857143,0.5245643766354129,left,bottom
012,False,70,80.0,120.0,2190.894775390625,1399.0233154296875,2190.885495710805,1399.0668478884108,-0.009279679819883313,0.0435324587233481,0.04451053156343514,-0.2,0.7142857142857143,0.4411698907260348,left,bottom
012,False,71,100.0,120.0,1983.8492431640625,1399.8934326171875,1983.797132815998,1399.9039718640458,-0.052110348064388745,0.010539246858343176,0.05316544084020033,0.0,0.7142857142857143,0.40961596025952024,center,bottom
012,False,72,120.0,120.0,1776.2706298828125,1400.7423095703125,1776.192168802936,1400.7459071340327,-0.07846107987643336,0.003597563720177277,0.07854351354565692,0.2,0.7142857142857143,0.4411698907260348,right,bottom
012,False,73,140.0,120.0,1568.1312255859375,1401.6046142578125,1568.1156390795902,1401.5921309157513,-0.015586506347290197,-0.01248334206115942,0.01996930166856191,0.4,0.7142857142857143,0.5245643766354129,right,bottom
012,False,74,160.0,120.0,1359.512939453125,1402.4964599609375,1359.608101342322,1402.44173591444,0.09516188919701563,-0.05472404649754026,0.10977479865893641,0.6,0.7142857142857143,0.6398405841726221,right,bottom
012,False,75,180.0,120.0,1150.6605224609375,1403.1817626953125,1150.701813098747,1403.293435734538,0.04129063780942488,0.11167303922547944,0.11906210337703839,0.8,0.7142857142857143,0.7728618480955124,right,bottom
012,False,76,200.0,120.0,941.5172729492188,1404.1259765625,941.4167664079184,1404.1455706793743,-0.10050654130031944,0.01959411687425927,0.10239870243433238,1.0,0.7142857142857143,0.9159291318091396,right,bottom
012,False,77,0.0,140.0,3009.89404296875,1190.8582763671875,3009.902018498634,1190.7873095207815,0.007975529883879062,-0.0709668464060087,0.07141360070562663,-1.0,1.0,1.0,left,bottom
012,False,78,20.0,140.0,2805.650146484375,1191.3126220703125,2805.6640565580688,1191.2909259426633,0.013910073693750746,-0.02169612764919293,0.02577231276264609,-0.8,1.0,0.8708554769564043,left,bottom
012,False,79,40.0,140.0,2600.84716796875,1191.7503662109375,2600.76154322468,1191.8074468317452,-0.08562474407017362,0.05708062080771015,0.10290672509061943,-0.6,1.0,0.7552945112058728,left,bottom
012,False,80,60.0,140.0,2395.172607421875,1192.294189453125,2395.2212023349725,1192.340163632669,0.04859491309753139,0.04597417954391858,0.06689611919755203,-0.4,1.0,0.6604858898858135,left,bottom
012,False,81,80.0,140.0,2189.0537109375,1192.9273681640625,2189.079100657737,1192.8913196445396,0.025389720236944413,-0.03604851952286481,0.04409233100552374,-0.2,1.0,0.5964098406184939,left,bottom
012,False,82,100.0,140.0,1982.4227294921875,1193.4765625,1982.3773891928913,1193.4620929241357,-0.04534029929618555,-0.014469575864268336,0.04759318612952384,0.0,1.0,0.5734623443633283,center,bottom
012,False,83,120.0,140.0,1775.190673828125,1194.1058349609375,1775.1609173194252,1194.0525790481065,-0.029756508699847473,-0.05325591283099129,0.06100526257189818,0.2,1.0,0.5964098406184939,right,bottom
012,False,84,140.0,140.0,1567.5194091796875,1194.7078857421875,1567.4737163961463,1194.6617737349093,-0.04569278354119888,-0.046112007278225065,0.06491646696308985,0.4,1.0,0.6604858898858135,right,bottom
012,False,85,160.0,140.0,1359.4285888671875,1195.2230224609375,1359.3553493386748,1195.2875553272856,-0.07323952851265858,0.06453286634814503,0.09761413512327033,0.6,1.0,0.7552945112058728,right,bottom
012,False,86,180.0,140.0,1150.9112548828125,1196.015380859375,1150.837122614003,1195.926667136168,-0.07413226880953516,-0.0887137232070927,0.11561019835686573,0.8,1.0,0.8708554769564043,right,bottom
012,False,87,200.0,140.0,942.1465454101562,1196.6656494140625,941.9381570099767,1196.5746996469693,-0.20838840017950133,-0.0909497670932069,0.22737103039675166,1.0,1.0,1.0,right,bottom
013,False,0,0.0,0.0,1355.6251220703125,2670.842041015625,1355.5905107559183,2670.9262233088607,-0.03461131439416931,0.08418229323569903,0.09101978674174781,-1.0,-1.0,1.0,left,top
013,False,1,20.0,0.0,1353.566162109375,2463.845703125,1353.597287375857,2463.8331948414066,0.031125266481922154,-0.012508283593433589,0.033544587820159996,-0.8,-1.0,0.8708554769564043,left,top
013,False,2,40.0,0.0,1351.752685546875,2256.65283203125,1351.6234402570967,2256.677139367276,-0.1292452897782823,0.024307336026140547,0.13151118399041153,-0.6,-1.0,0.7552945112058728,left,top
013,False,3,60.0,0.0,1349.6688232421875,2049.52978515625,1349.6792942231195,2049.4724156752227,0.01047098093204113,-0.05736948102730821,0.05831722554290324,-0.4,-1.0,0.6604858898858135,left,top
013,False,4,80.0,0.0,1347.862060546875,1842.33740234375,1347.7727388277099,1842.2461743271547,-0.08932171916512743,-0.09122801659532342,0.12767505835726295,-0.2,-1.0,0.5964098406184939,left,top
013,False,5,100.0,0.0,1345.9014892578125,1635.029052734375,1345.909208898539,1635.0347042067963,0.007719640726463695,0.005651472421277504,0.009567235414378447,0.0,-1.0,0.5734623443633283,center,top
013,False,6,120.0,0.0,1344.2244873046875,1427.8935546875,1344.091665263133,1427.8798051954323,-0.13282204155439103,-0.01374949206774545,0.1335318061541795,0.2,-1.0,0.5964098406184939,right,top
013,False,7,140.0,0.0,1342.53271484375,1220.8369140625,1342.3205756562322,1220.825186843248,-0.21213918751777783,-0.011727219251952192,0.21246308515148288,0.4,-1.0,0.6604858898858135,right,top
013,False,8,160.0,0.0,1340.6956787109375,1013.9894409179688,1340.5938958075562,1013.9128929053538,-0.10178290338126317,-0.07654801261492139,0.12735524196519638,0.6,-1.0,0.7552945112058728,right,top
013,False,9,180.0,0.0,1338.9539794921875,807.2011108398438,1338.9070507089937,807.1797516121729,-0.04692878319383453,-0.021359227670814107,0.051560908629964985,0.8,-1.0,0.8708554769564043,right,top
013,False,10,200.0,0.0,1337.3529052734375,600.5975952148438,1337.2529160602378,600.6538515444554,-0.09998921319970577,0.056256329611642286,0.11472845060258574,1.0,-1.0,1.0,right,top
013,False,11,0.0,20.0,1563.10205078125,2667.78271484375,1563.1465083349483,2667.7435655268882,0.04445755369829385,-0.03914931686176715,0.05923802065886171,-1.0,-0.7142857142857143,0.9159291318091396,left,top
013,False,12,20.0,20.0,1561.121337890625,2460.8828125,1561.1621060211792,2460.901972421564,0.04076813055417006,0.019159921564096294,0.04504601051396424,-0.8,-0.7142857142857143,0.7728618480955124,left,top
013,False,13,40.0,20.0,1559.2127685546875,2253.978515625,1559.1915063531833,2253.987784557745,-0.021262201504214318,0.009268932744816993,0.023194704719693118,-0.6,-0.7142857142857143,0.6398405841726221,left,top
013,False,14,60.0,20.0,1557.2421875,2047.08642578125,1557.2420986151105,2047.0175877976067,-8.888488946467987e-05,-0.06883798364333416,0.06883804102822447,-0.4,-0.7142857142857143,0.5245643766354129,left,top
013,False,15,80.0,20.0,1555.38037109375,1840.097900390625,1555.319577006963,1840.0206621031655,-0.06079408678692744,-0.07723828745952233,0.09829381485086572,-0.2,-0.7142857142857143,0.4411698907260348,left,top
013,False,16,100.0,20.0,1553.5260009765625,1633.10205078125,1553.4279169759736,1633.035351505455,-0.09808400058886946,-0.06669927579491741,0.11861393072942064,0.0,-0.7142857142857143,0.40961596025952024,center,top
013,False,17,120.0,20.0,1551.53173828125,1426.1552734375,1551.5693517476668,1426.1054600007167,0.037613466416814845,-0.049813436783324505,0.06241915843757528,0.2,-0.7142857142857143,0.4411698907260348,right,top
013,False,18,140.0,20.0,1549.96484375,1219.2406005859375,1549.7443490555493,1219.2766732432774,-0.22049469445073555,0.036072657339900616,0.22342593154888069,0.4,-0.7142857142857143,0.5245643766354129,right,top
013,False,19,160.0,20.0,1547.9473876953125,1012.7390747070312,1547.9515880683734,1012.5930059053721,0.004200373060939455,-0.14606880165911207,0.1461291824105647,0.6,-0.7142857142857143,0.6398405841726221,right,top
013,False,20,180.0,20.0,1546.3978271484375,806.1721801757812,1546.1879365139346,806.0932745747539,-0.20989063450292633,-0.07890560102737254,0.2242324069476397,0.8,-0.7142857142857143,0.7728618480955124,right,top
013,False,21,200.0,20.0,1544.5155029296875,599.7285766601562,1544.4484279983549,599.8075960615047,-0.06707493133262687,0.07901940134843244,0.10364898553647911,1.0,-0.7142857142857143,0.9159291318091396,right,top
013,False,22,0.0,40.0,1770.1600341796875,2664.43896484375,1770.240552654033,2664.5052734889487,0.08051847434558113,0.06630864519866009,0.10430753155463796,-1.0,-0.42857142857142855,0.8553032352102229,left,top
013,False,23,20.0,40.0,1768.2691650390625,2458.00341796875,1768.2739478666108,2457.9190677120096,0.004782827548297064,-0.08435025674043573,0.08448574584824456,-0.8,-0.42857142857142855,0.6999520597198355,left,top
013,False,24,40.0,40.0,1766.280029296875,2251.3388671875,1766.3138016006442,2251.2540689203797,0.033772303769183054,-0.08479826712027716,0.09127603523641818,-0.6,-0.42857142857142855,0.5495574790854838,left,top
013,False,25,60.0,40.0,1764.3419189453125,2044.6622314453125,1764.3646038303318,2044.5283431247612,0.022684885019316425,-0.13388832055125022,0.13579648886614828,-0.4,-0.42857142857142855,0.40961596025952024,left,top
013,False,26,80.0,40.0,1762.415283203125,1837.7879638671875,1762.4298802794005,1837.7725570411123,0.014597076275549625,-0.015406826075150093,0.021223687839396304,-0.2,-0.42857142857142855,0.295378269592824,left,top
013,False,27,100.0,40.0,1760.589111328125,1631.024658203125,1760.5121646054986,1631.0263712880371,-0.07694672262641689,0.0017130849121258507,0.07696578969167334,0.0,-0.42857142857142855,0.24576957615571215,center,top
013,False,28,120.0,40.0,1758.7193603515625,1424.338134765625,1758.612970801253,1424.3348593129308,-0.10638955030958641,-0.0032754526941971562,0.10643995962714352,0.2,-0.42857142857142855,0.295378269592824,right,top
013,False,29,140.0,40.0,1756.7135009765625,1217.7724609375,1756.7327658108682,1217.7449519177228,0.01926483430565895,-0.027509019777198773,0.03358392487376673,0.4,-0.42857142857142855,0.40961596025952024,right,top
013,False,30,160.0,40.0,1754.9495849609375,1011.2000732421875,1754.8709423611563,1011.3019072556301,-0.078642599781233,0.10183401344261256,0.1286655540313,0.6,-0.42857142857142855,0.5495574790854838,right,top
013,False,31,180.0,40.0,1752.9847412109375,805.0390625,1753.0257920058866,805.0458061709079,0.04105079494911479,0.006743670907894739,0.041601019978700686,0.8,-0.42857142857142855,0.6999520597198355,right,top
013,False,32,200.0,40.0,1751.1912841796875,598.9481201171875,1751.1944783823565,599.0080727541588,0.003194202668964863,0.05995263697127484,0.06003766826334858,1.0,-0.42857142857142855,0.8553032352102229,right,top
013,False,33,0.0,60.0,1976.7669677734375,2661.1572265625,1976.8443361421328,2661.204205965678,0.07736836869526087,0.046979403177829226,0.09051479877628217,-1.0,-0.14285714285714285,0.8233178906068351,left,top
013,False,34,20.0,60.0,1974.9117431640625,2455.02294921875,1974.9008052247964,2454.8788249352565,-0.010937939266113972,-0.14412428349351103,0.1445387408548557,-0.8,-0.14285714285714285,0.6604858898858135,left,top
013,False,35,40.0,60.0,1972.9854736328125,2248.598876953125,1972.9553629770542,2248.471749340299,-0.03011065575833527,-0.127127612825916,0.13064486799340022,-0.6,-0.14285714285714285,0.4983193229757469,left,top
013,False,36,60.0,60.0,1971.037841796875,2042.06787109375,1971.009633318785,2042.00179250266,-0.02820847808993676,-0.06607859108999037,0.07184774482604583,-0.4,-0.14285714285714285,0.3377779740177616,left,top
013,False,37,80.0,60.0,1969.0736083984375,1835.4849853515625,1969.0649975153688,1835.500279246678,-0.008610883068740804,0.015293895115519263,0.017551368465963873,-0.2,-0.14285714285714285,0.18318582636182795,left,top
013,False,38,100.0,60.0,1967.4429931640625,1629.011962890625,1967.1225622794213,1629.0074621343952,-0.320430884641155,-0.004500756229845138,0.32046249178110325,0.0,-0.14285714285714285,0.08192319205190404,center,top
013,False,39,120.0,60.0,1965.16015625,1422.655029296875,1965.1831281058567,1422.5689632330932,0.02297185585666739,-0.08606606378180004,0.08907902949848732,0.2,-0.14285714285714285,0.18318582636182795,right,top
013,False,40,140.0,60.0,1963.2425537109375,1216.1610107421875,1963.2471578390937,1216.2322412871329,0.004604128156188381,0.07123054494536518,0.0713791883485116,0.4,-0.14285714285714285,0.3377779740177616,right,top
013,False,41,160.0,60.0,1961.306884765625,1009.953369140625,1961.314745471235,1010.0430841666505,0.007860705610028162,0.08971502602548753,0.09005873965052716,0.6,-0.14285714285714285,0.4983193229757469,right,top
013,False,42,180.0,60.0,1959.3653564453125,803.9824829101562,1959.385585170045,804.0421264662372,0.02022872473253301,0.059643556080914095,0.06298059293371043,0.8,-0.14285714285714285,0.6604858898858135,right,top
013,False,43,200.0,60.0,1957.465576171875,598.1460571289062,1957.4589405355694,598.2613921272886,-0.006635636305645676,0.1153349983823091,0.11552572666305996,1.0,-0.14285714285714285,0.8233178906068351,right,top
013,False,44,0.0,80.0,2182.823486328125,2657.802001953125,2182.924602384398,2657.837349700315,0.10111605627298559,0.035347747189916845,0.10711638561678537,-1.0,0.14285714285714285,0.8233178906068351,left,bottom
013,False,45,20.0,80.0,2180.91552734375,2451.941650390625,2181.0058125656396,2451.7789754400474,0.09028522188964416,-0.1626749505776388,0.1860498880330206,-0.8,0.14285714285714285,0.6604858898858135,left,bottom
013,False,46,40.0,80.0,2179.029052734375,2245.690673828125,2179.0764420279297,2245.639231878217,0.04738929355471555,-0.05144194990816686,0.06994297215567374,-0.6,0.14285714285714285,0.4983193229757469,left,bottom
013,False,47,60.0,80.0,2177.123291015625,2039.4793701171875,2177.13527900165,2039.436960679878,0.011987986024905695,-0.04240943730951585,0.04407121715862962,-0.4,0.14285714285714285,0.3377779740177616,left,bottom
013,False,48,80.0,80.0,2175.076904296875,1833.1820068359375,2175.1815815335963,1833.2034299161612,0.10467723672127249,0.02142308022371253,0.10684695715776346,-0.2,0.14285714285714285,0.18318582636182795,left,bottom
013,False,49,100.0,80.0,2173.17919921875,1626.94677734375,2173.2150415695014,1626.9787731488723,0.03584235075140896,0.0319958051222784,0.04804587029922388,0.0,0.14285714285714285,0.08192319205190404,center,bottom
013,False,50,120.0,80.0,2171.140625,1420.8614501953125,2171.235749286231,1420.8084538527544,0.09512428623111191,-0.05299634255811725,0.1088909645265199,0.2,0.14285714285714285,0.18318582636182795,right,bottom
013,False,51,140.0,80.0,2169.195556640625,1214.7379150390625,2169.244157672428,1214.7397550485316,0.0486010318031731,0.0018400094691060076,0.048635850225727965,0.4,0.14285714285714285,0.3377779740177616,right,bottom
013,False,52,160.0,80.0,2167.146484375,1008.82275390625,2167.2410473563546,1008.8182940204227,0.09456298135455654,-0.004459885827259313,0.09466809401405733,0.6,0.14285714285714285,0.4983193229757469,right,bottom
013,False,53,180.0,80.0,2165.14794921875,803.0014038085938,2165.2274916797123,803.0845619923748,0.07954246096232964,0.08315818378105178,0.115075134697757,0.8,0.14285714285714285,0.6604858898858135,right,bottom
013,False,54,200.0,80.0,2163.095458984375,597.5071411132812,2163.2048220162164,597.5704886378256,0.1093630318414398,0.0633475245443833,0.12638505291154103,1.0,0.14285714285714285,0.8233178906068351,right,bottom
013,False,55,0.0,100.0,2388.323974609375,2654.41064453125,2388.446778331882,2654.4056593354576,0.12280372250688742,-0.004985195792414743,0.1229048674326502,-1.0,0.42857142857142855,0.8553032352102229,left,bottom
013,False,56,20.0,100.0,2386.5263671875,2448.6474609375,2386.5508728351447,2448.620500690633,0.024505647644673445,-0.026960246867020032,0.0364332496164637,-0.8,0.42857142857142855,0.6999520597198355,left,bottom
013,False,57,40.0,100.0,2384.592529296875,2242.815673828125,2384.636125652557,2242.7574577390087,0.04359635568198428,-0.05821608911628573,0.07273070370033144,-0.6,0.42857142857142855,0.5495574790854838,left,bottom
013,False,58,60.0,100.0,2382.743896484375,2036.8897705078125,2382.698516880154,2036.8346951755123,-0.04537960422112519,-0.05507533230024819,0.07136246007004471,-0.4,0.42857142857142855,0.40961596025952024,left,bottom
013,False,59,80.0,100.0,2380.72216796875,1830.8419189453125,2380.735199887379,1830.882723027148,0.013031918629167194,0.04080408183540385,0.04283461214470804,-0.2,0.42857142857142855,0.295378269592824,left,bottom
013,False,60,100.0,100.0,2378.799560546875,1624.9410400390625,2378.744461442964,1624.940858400416,-0.055099103910833946,-0.00018163864660891704,0.05509940330325564,0.0,0.42857142857142855,0.24576957615571215,center,bottom
013,False,61,120.0,100.0,2376.681396484375,1419.0543212890625,2376.7256821065375,1419.053712373507,0.0442856221625334,-0.0006089155554036552,0.04428980817836404,0.2,0.42857142857142855,0.295378269592824,right,bottom
013,False,62,140.0,100.0,2374.715087890625,1213.139892578125,2374.679296884661,1213.2677019075195,-0.03579100596380158,0.12780932939449485,0.1327261119304388,0.4,0.42857142857142855,0.40961596025952024,right,bottom
013,False,63,160.0,100.0,2372.596435546875,1007.5692138671875,2372.6067561500063,1007.6275866515022,0.010320603131276584,0.0583727843146562,0.05927813085479913,0.6,0.42857142857142855,0.5495574790854838,right,bottom
013,False,64,180.0,100.0,2370.53955078125,802.0543823242188,2370.510486822374,802.1730305166889,-0.029063958876122342,0.11864819247011837,0.12215607754827094,0.8,0.42857142857142855,0.6999520597198355,right,bottom
013,False,65,200.0,100.0,2368.358154296875,596.9528198242188,2368.393853810285,596.9351878958444,0.0356995134097815,-0.017631928374385097,0.03981633026654535,1.0,0.42857142857142855,0.8553032352102229,right,bottom
013,False,66,0.0,120.0,2593.26025390625,2650.895263671875,2593.3784709798547,2650.9139014502834,0.11821707360468281,0.018637778408447048,0.11967724627370638,-1.0,0.7142857142857143,0.9159291318091396,left,bottom
013,False,67,20.0,120.0,2591.48876953125,2445.476318359375,2591.500148463492,2445.4074988431303,0.011378932242223527,-0.06881951624473004,0.06975389534020143,-0.8,0.7142857142857143,0.7728618480955124,left,bottom
013,False,68,40.0,120.0,2589.710205078125,2239.933837890625,2589.595821793142,2239.829792305946,-0.11438328498297778,-0.10404558467917013,0.1546254169751127,-0.6,0.7142857142857143,0.6398405841726221,left,bottom
013,False,69,60.0,120.0,2587.681640625,2034.1253662109375,2587.658687755341,2034.1975776933405,-0.022952869659093267,0.07221148240296316,0.07577158053268244,-0.4,0.7142857142857143,0.5245643766354129,left,bottom
013,False,70,80.0,120.0,2585.66943359375,1828.5302734375,2585.683810962764,1828.5399190578978,0.01437736901380049,0.009645620397805033,0.017313195332391503,-0.2,0.7142857142857143,0.4411698907260348,left,bottom
013,False,71,100.0,120.0,2583.5986328125,1622.8616943359375,2583.668080085183,1622.8946328757268,0.06944727268319184,0.03293853978925654,0.07686267681119387,0.0,0.7142857142857143,0.40961596025952024,center,bottom
013,False,72,120.0,120.0,2581.619384765625,1417.2388916015625,2581.6101643618986,1417.3047972256506,-0.009220403726430959,0.06590562408814549,0.06654748027781611,0.2,0.7142857142857143,0.4411698907260348,right,bottom
013,False,73,140.0,120.0,2579.48095703125,1211.7841796875,2579.510470394294,1211.8152857973985,0.029513363043861318,0.031106109898473733,0.042879233565616404,0.4,0.7142857142857143,0.5245643766354129,right,bottom
013,False,74,160.0,120.0,2577.247802734375,1006.2601318359375,2577.371099217159,1006.4693266047075,0.12329648278409877,0.20919476876997578,0.2428260157966053,0.6,0.7142857142857143,0.6398405841726221,right,bottom
013,False,75,180.0,120.0,2575.19970703125,801.2252807617188,2575.195803647439,801.3050852798058,-0.003903383811120875,0.07980451808703037,0.07989992185402986,0.8,0.7142857142857143,0.7728618480955124,right,bottom
013,False,76,200.0,120.0,2572.943603515625,596.3662719726562,2572.9899459090643,596.3522728262863,0.046342393439317675,-0.013999146369997106,0.048410675772737534,1.0,0.7142857142857143,0.9159291318091396,right,bottom
013,False,77,0.0,140.0,2797.572021484375,2647.356201171875,2797.6928320922566,2647.3705026164753,0.12081060788159448,0.014301444600278046,0.121654158557672,-1.0,1.0,1.0,left,bottom
013,False,78,20.0,140.0,2795.776123046875,2442.240966796875,2795.823420633452,2442.147054827964,0.04729758657686034,-0.09391196891101572,0.10514998621368993,-0.8,1.0,0.8708554769564043,left,bottom
013,False,79,40.0,140.0,2793.953369140625,2236.89501953125,2793.9226135920726,2236.8619171703763,-0.030755548552406253,-0.033102360873726866,0.045184843279288484,-0.6,1.0,0.7552945112058728,left,bottom
013,False,80,60.0,140.0,2791.96337890625,2031.4942626953125,2791.9808466173386,2031.5298380226943,0.017467711088556825,0.0355753273818209,0.039632371226019605,-0.4,1.0,0.6604858898858135,left,bottom
013,False,81,80.0,140.0,2789.956787109375,1826.123779296875,2789.991108941274,1826.1777606865767,0.03432183189897842,0.05398138970167565,0.06396857493352424,-0.2,1.0,0.5964098406184939,left,bottom
013,False,82,100.0,140.0,2787.946533203125,1620.824951171875,2787.948895775613,1620.8413299072051,0.0023625724879821064,0.016378735330135896,0.016548254281815097,0.0,1.0,0.5734623443633283,center,bottom
013,False,83,120.0,140.0,2785.8603515625,1415.5211181640625,2785.8521610056387,1415.5614231583647,-0.008190556861336518,0.040304994302232444,0.04112879511244861,0.2,1.0,0.5964098406184939,right,bottom
013,False,84,140.0,140.0,2783.7197265625,1210.296875,2783.7012701795293,1210.3807065682252,-0.018456382970725826,0.08383156822515048,0.0858392095924127,0.4,1.0,0.6604858898858135,right,bottom
013,False,85,160.0,140.0,2781.486083984375,1005.2384643554688,2781.498953791828,1005.3402153628244,0.012869807453171234,0.10175100735568776,0.10256168603225536,0.6,1.0,0.7552945112058728,right,bottom
013,False,86,180.0,140.0,2779.087158203125,800.4268188476562,2779.2502608596074,800.4759587048227,0.16310265648235145,0.04913985716643765,0.1703443633171871,0.8,1.0,0.8708554769564043,right,bottom
013,False,87,200.0,140.0,2776.842041015625,595.877197265625,2776.9625127899544,595.8155488056153,0.1204717743294168,-0.061648460009678274,0.13532915809847793,1.0,1.0,1.0,right,bottom
014,False,0,0.0,0.0,334.29833984375,330.2200012207031,334.23993893443617,330.31468376796533,-0.05840090931383202,0.09468254726220948,0.11124500422375362,-1.0,-1.0,1.0,left,top
014,False,1,20.0,0.0,543.5316772460938,323.068115234375,543.433898753176,323.20549283640344,-0.09777849291776874,0.13737760202843674,0.16862158585529224,-0.8,-1.0,0.8708554769564043,left,top
014,False,2,40.0,0.0,752.154052734375,316.04193115234375,752.1012787345119,316.06740236495034,-0.05277399986312048,0.025471212606589688,0.058599298060665654,-0.6,-1.0,0.7552945112058728,left,top
014,False,3,60.0,0.0,960.3394775390625,308.92938232421875,960.2907580233866,308.9285917895372,-0.048719515675884395,-0.000790534681527788,0.04872592895754214,-0.4,-1.0,0.6604858898858135,left,top
014,False,4,80.0,0.0,1168.01171875,301.9048767089844,1168.0274141180132,301.8131550523299,0.01569536801321192,-0.09172165665449938,0.09305485949973825,-0.2,-1.0,0.5964098406184939,left,top
014,False,5,100.0,0.0,1375.2921142578125,294.733642578125,1375.316990923368,294.74107826487307,0.024876665555439104,0.007435686748067383,0.02596416620214397,0.0,-1.0,0.5734623443633283,center,top
014,False,6,120.0,0.0,1582.173095703125,287.8828430175781,1582.1500135739866,287.72822019623914,-0.023082129138401797,-0.15462282133898952,0.15633618123899193,0.2,-1.0,0.5964098406184939,right,top
014,False,7,140.0,0.0,1788.4830322265625,280.8188781738281,1788.5057540597418,280.78629549255606,0.022721833179275563,-0.032582681272060654,0.039722950820697094,0.4,-1.0,0.6604858898858135,right,top
014,False,8,160.0,0.0,1994.429443359375,273.9689636230469,1994.3560515928534,273.92286053674957,-0.0733917665215813,-0.04610308629730753,0.08667090607173371,0.6,-1.0,0.7552945112058728,right,top
014,False,9,180.0,0.0,2199.602294921875,267.103271484375,2199.668991561085,267.14130185970293,0.06669663921002211,0.03803037532793496,0.07677728263943355,0.8,-1.0,0.8708554769564043,right,top
014,False,10,200.0,0.0,2404.391845703125,260.4727783203125,2404.412446820977,260.44082701639354,0.020601117852038442,-0.03195130391895873,0.038016994606034346,1.0,-1.0,1.0,right,top
014,False,11,0.0,20.0,342.4322204589844,537.6651000976562,342.3856108564098,537.725122491617,-0.046609602574562814,0.06002239396070763,0.075994360507429,-1.0,-0.7142857142857143,0.9159291318091396,left,top
014,False,12,20.0,20.0,551.6112670898438,530.3119506835938,551.5517597969822,530.3279523360792,-0.05950729286155365,0.01600165248544272,0.06162118780075234,-0.8,-0.7142857142857143,0.7728618480955124,left,top
014,False,13,40.0,20.0,760.3555908203125,522.8258056640625,760.2211251095819,522.915271828727,-0.1344657107306375,0.08946616466448631,0.1615092009207787,-0.6,-0.7142857142857143,0.6398405841726221,left,top
014,False,14,60.0,20.0,968.3477783203125,515.5361328125,968.4377072591894,515.5103359947647,0.08992893887693754,-0.025796817735340483,0.09355581143254728,-0.4,-0.7142857142857143,0.5245643766354129,left,top
014,False,15,80.0,20.0,1176.172607421875,508.12542724609375,1176.2220299987837,508.1331464228732,0.04942257690868246,0.007719176779460213,0.05002176324808223,-0.2,-0.7142857142857143,0.4411698907260348,left,top
014,False,16,100.0,20.0,1383.6068115234375,500.9176940917969,1383.575409189979,500.8004036197391,-0.031402333458572684,-0.11729047205778897,0.12142142060683679,0.0,-0.7142857142857143,0.40961596025952024,center,top
014,False,17,120.0,20.0,1590.45947265625,493.53900146484375,1590.484068287783,493.525462766302,0.02459563153297495,-0.01353869854176537,0.028075637992940987,0.2,-0.7142857142857143,0.4411698907260348,right,top
014,False,18,140.0,20.0,1796.9903564453125,486.33209228515625,1796.9231045270776,486.31829277004886,-0.06725191823488785,-0.013799515107393745,0.06865309259946874,0.4,-0.7142857142857143,0.5245643766354129,right,top
014,False,19,160.0,20.0,2002.8365478515625,479.2851867675781,2002.8603097528742,479.1854385103966,0.023761901311672773,-0.09974825718154534,0.10253946930183219,0.6,-0.7142857142857143,0.6398405841726221,right,top
014,False,20,180.0,20.0,2208.285888671875,472.17437744140625,2208.259849742997,472.12998617683274,-0.02603892887782422,-0.044391264573505396,0.05146464988260722,0.8,-0.7142857142857143,0.7728618480955124,right,top
014,False,21,200.0,20.0,2413.082275390625,465.1669006347656,2413.085805780628,465.15153160204454,0.0035303900031067315,-0.015369032721082476,0.01576929993232863,1.0,-0.7142857142857143,0.9159291318091396,right,top
014,False,22,0.0,40.0,350.5442199707031,745.1427001953125,350.5227407471459,745.2393177344486,-0.02147922355720766,0.09661753913610482,0.09897628965230638,-1.0,-0.42857142857142855,0.8553032352102229,left,top
014,False,23,20.0,40.0,559.61962890625,737.4776611328125,559.6765157665209,737.5815001974543,0.05688686027087897,0.10383906464176107,0.1184004485513224,-0.8,-0.42857142857142855,0.6999520597198355,left,top
014,False,24,40.0,40.0,768.2066040039062,729.816162109375,768.3577834690061,729.9178211429694,0.15117946509985813,0.10165903359438744,0.18218065149522333,-0.6,-0.42857142857142855,0.5495574790854838,left,top
014,False,25,60.0,40.0,976.5440673828125,722.2125244140625,976.6066803197803,722.2666435227901,0.06261293696775283,0.054119108727604726,0.08276024290200029,-0.4,-0.42857142857142855,0.40961596025952024,left,top
014,False,26,80.0,40.0,1184.419189453125,714.6312866210938,1184.4399711356168,714.6439101204193,0.020781682491815445,0.012623499325513876,0.024315243416669262,-0.2,-0.42857142857142855,0.295378269592824,left,top
014,False,27,100.0,40.0,1391.881103515625,707.040283203125,1391.8553190521484,707.0630705434289,-0.025784463476611563,0.022787340303921155,0.03441077498260429,0.0,-0.42857142857142855,0.24576957615571215,center,top
014,False,28,120.0,40.0,1598.731201171875,699.52978515625,1598.8354020431907,699.5350121957052,0.10420087131569744,0.005227039455235172,0.10433189121460955,0.2,-0.42857142857142855,0.295378269592824,right,top
014,False,29,140.0,40.0,1805.294921875,692.052734375,1805.3518800337738,692.0679951118489,0.05695815877379573,0.015260736848858869,0.05896712592683353,0.4,-0.42857142857142855,0.40961596025952024,right,top
014,False,30,160.0,40.0,2011.4144287109375,684.6738891601562,2011.3692165528598,684.6675905389425,-0.04521215807767476,-0.0062986212137730035,0.045648788234029194,0.6,-0.42857142857142855,0.5495574790854838,right,top
014,False,31,180.0,40.0,2216.915771484375,677.2924194335938,2216.848358778222,677.3366231537659,-0.06741270615293615,0.04420372017216323,0.08061291353078008,0.8,-0.42857142857142855,0.6999520597198355,right,top
014,False,32,200.0,40.0,2421.70166015625,669.9655151367188,2421.750279734617,670.0751168063575,0.04861957836692454,0.10960166963877782,0.11990158209208629,1.0,-0.42857142857142855,0.8553032352102229,right,top
014,False,33,0.0,60.0,358.6837158203125,952.7750854492188,358.6786344175905,952.8689052649471,-0.005081402721998529,0.0938198157283523,0.09395732263599849,-1.0,-0.14285714285714285,0.8233178906068351,left,top
014,False,34,20.0,60.0,567.9137573242188,944.9470825195312,567.8318206640931,944.9722293883328,-0.08193666012562062,0.025146868801584787,0.08570870015970132,-0.8,-0.14285714285714285,0.6604858898858135,left,top
014,False,35,40.0,60.0,776.4775390625,937.0259399414062,776.5313182585869,937.0763854004762,0.05377919608690718,0.05044545906991971,0.07373565129927963,-0.6,-0.14285714285714285,0.4983193229757469,left,top
014,False,36,60.0,60.0,984.8709716796875,929.1898193359375,984.8142154713719,929.194861790511,-0.056756208315619006,0.005042454573526811,0.056979764219343886,-0.4,-0.14285714285714285,0.3377779740177616,left,top
014,False,37,80.0,60.0,1192.6920166015625,921.2868041992188,1192.6943140671551,921.339561586856,0.002297465592619119,0.052757387637257125,0.05280738867296015,-0.2,-0.14285714285714285,0.18318582636182795,left,top
014,False,38,100.0,60.0,1400.145751953125,913.6998291015625,1400.1664007996503,913.5207039303481,0.02064884652531873,-0.17912517121442306,0.18031140237218093,0.0,-0.14285714285714285,0.08192319205190404,center,top
014,False,39,120.0,60.0,1607.1075439453125,905.6766357421875,1607.2103653392612,905.7467302069626,0.10282139394871592,0.07009446477513848,0.12444064065115609,0.2,-0.14285714285714285,0.18318582636182795,right,top
014,False,40,140.0,60.0,1813.7718505859375,898.0057373046875,1813.795168679681,898.0242146102752,0.023318093743455393,0.018477305587680348,0.029751375054089466,0.4,-0.14285714285714285,0.3377779740177616,right,top
014,False,41,160.0,60.0,2019.9656982421875,890.3723754882812,2019.8826659734345,890.3577790070211,-0.08303226875295877,-0.014596481260127803,0.08430548570194489,0.6,-0.14285714285714285,0.4983193229757469,right,top
014,False,42,180.0,60.0,2225.44677734375,882.722412109375,2225.4312876527756,882.7500119822176,-0.015489690974391124,0.02759987284264298,0.0316493839973576,0.8,-0.14285714285714285,0.6604858898858135,right,top
014,False,43,200.0,60.0,2430.413330078125,875.1627197265625,2430.3995826008972,875.2013919433662,-0.013747477227752825,0.038672216803661286,0.04104306863085367,1.0,-0.14285714285714285,0.8233178906068351,right,top
014,False,44,0.0,80.0,366.9535217285156,1160.5352783203125,366.8741291094018,1160.6110871872315,-0.07939261911383255,0.07580886691903288,0.10977327668108357,-1.0,0.14285714285714285,0.8233178906068351,left,bottom
014,False,45,20.0,80.0,575.9986572265625,1152.4022216796875,576.0356183098768,1152.491844006247,0.036961083314281495,0.08962232655949265,0.09694474249644278,-0.8,0.14285714285714285,0.6604858898858135,left,bottom
014,False,46,40.0,80.0,784.7682495117188,1144.3055419921875,784.756832634579,1144.3779581463557,-0.011416877139708959,0.07241615416819513,0.07331060269930274,-0.6,0.14285714285714285,0.4983193229757469,left,bottom
014,False,47,60.0,80.0,993.0457763671875,1136.197509765625,993.0726292012516,1136.2780464562811,0.026852834064129638,0.08053669065611757,0.0848954253132338,-0.4,0.14285714285714285,0.3377779740177616,left,bottom
014,False,48,80.0,80.0,1201.03076171875,1128.139404296875,1200.9946437929902,1128.1999767004331,-0.036117925759754144,0.0605724035581261,0.07052319217105532,-0.2,0.14285714285714285,0.18318582636182795,left,bottom
014,False,49,100.0,80.0,1408.52294921875,1120.1353759765625,1408.5155642621153,1120.1507436522515,-0.007384956634723494,0.015367675689049065,0.017050015852794278,0.0,0.14285714285714285,0.08192319205190404,center,bottom
014,False,50,120.0,80.0,1615.5460205078125,1112.0570068359375,1615.6132502412288,1112.136350328412,0.06722973341629768,0.07934349247443606,0.10399628288197298,0.2,0.14285714285714285,0.18318582636182795,right,bottom
014,False,51,140.0,80.0,1822.175537109375,1104.1575927734375,1822.254703211583,1104.1616942219107,0.07916610220809162,0.004101448473193159,0.07927227521902136,0.4,0.14285714285714285,0.3377779740177616,right,bottom
014,False,52,160.0,80.0,2028.427978515625,1096.1434326171875,2028.39989088297,1096.2304583954779,-0.028087632654887784,0.08702577829035363,0.09144616555765311,0.6,0.14285714285714285,0.4983193229757469,right,bottom
014,False,53,180.0,80.0,2234.01806640625,1088.2841796875,2234.0054297456018,1088.3450073001409,-0.01263666064824065,0.060827612640878215,0.062126352314678196,0.8,0.14285714285714285,0.6604858898858135,right,bottom
014,False,54,200.0,80.0,2439.059814453125,1080.3487548828125,2439.0281295628856,1080.5062871870377,-0.03168489023937582,0.15753230422524211,0.16068714679150764,1.0,0.14285714285714285,0.8233178906068351,right,bottom
014,False,55,0.0,100.0,375.23602294921875,1368.498779296875,375.1237162529976,1368.4522436648904,-0.11230669622113965,-0.04653563198462507,0.12156627435401564,-1.0,0.42857142857142855,0.8553032352102229,left,bottom
014,False,56,20.0,100.0,584.1990966796875,1360.1689453125,584.3002675813327,1360.1212474794406,0.10117090164521869,-0.047697833059373806,0.11185094822247331,-0.8,0.42857142857142855,0.6999520597198355,left,bottom
014,False,57,40.0,100.0,792.9854736328125,1351.8177490234375,793.0445961400399,1351.7987562468304,0.059122507227357346,-0.01899277660709231,0.06209828036343546,-0.6,0.42857142857142855,0.5495574790854838,left,bottom
014,False,58,60.0,100.0,1001.30810546875,1343.5975341796875,1001.3901462873118,1343.4885031453405,0.0820408185618362,-0.10903103434702643,0.1364494864815496,-0.4,0.42857142857142855,0.40961596025952024,left,bottom
014,False,59,80.0,100.0,1209.3436279296875,1335.28173828125,1209.3471861932264,1335.194310544796,0.003558263538934625,-0.08742773645394664,0.08750011623348429,-0.2,0.42857142857142855,0.295378269592824,left,bottom
014,False,60,100.0,100.0,1416.9400634765625,1327.0125732421875,1416.9070835361017,1326.9199405560264,-0.03297994046079111,-0.09263268616109599,0.09832848528385572,0.0,0.42857142857142855,0.24576957615571215,center,bottom
014,False,61,120.0,100.0,1623.9705810546875,1318.6397705078125,1624.0464273731677,1318.6689513041001,0.07584631848021672,0.02918079628761916,0.08126612393231261,0.2,0.42857142857142855,0.295378269592824,right,bottom
014,False,62,140.0,100.0,1830.7344970703125,1310.4610595703125,1830.7310002401166,1310.4445587711664,-0.003496830195899747,-0.01650079914611524,0.01686725211406392,0.4,0.42857142857142855,0.40961596025952024,right,bottom
014,False,63,160.0,100.0,2036.9605712890625,1302.33447265625,2036.9196044380426,1302.2495040584247,-0.040966851019902606,-0.08496859782530919,0.09432892185796482,0.6,0.42857142857142855,0.5495574790854838,right,bottom
014,False,64,180.0,100.0,2242.544677734375,1294.05908203125,2242.567746372427,1294.0859259203485,0.023068638051881862,0.026843889098472573,0.03539429959046833,0.8,0.42857142857142855,0.6999520597198355,right,bottom
014,False,65,200.0,100.0,2447.611083984375,1285.8270263671875,2447.631182717132,1285.9552384278218,0.02009873275710561,0.1282120606342687,0.12977785462291688,1.0,0.42857142857142855,0.8553032352102229,right,bottom
014,False,66,0.0,120.0,383.5922546386719,1576.399658203125,383.4356649510082,1576.371564274786,-0.15658968766365433,-0.028093928339103513,0.15908990883184107,-1.0,0.7142857142857143,0.9159291318091396,left,bottom
014,False,67,20.0,120.0,592.6446533203125,1567.9293212890625,592.6326683829848,1567.8341502448534,-0.011984937327724765,-0.09517104420910982,0.09592271044232345,-0.8,0.7142857142857143,0.7728618480955124,left,bottom
014,False,68,40.0,120.0,801.28466796875,1559.3798828125,801.4001731164037,1559.3078040834828,0.115505147653721,-0.07207872901722112,0.1361498524099306,-0.6,0.7142857142857143,0.6398405841726221,left,bottom
014,False,69,60.0,120.0,1009.8045654296875,1550.9190673828125,1009.7710306075014,1550.7913483505256,-0.03353482218608406,-0.12771903228690462,0.1320482317464178,-0.4,0.7142857142857143,0.5245643766354129,left,bottom
014,False,70,80.0,120.0,1217.803466796875,1542.3607177734375,1217.7549411925315,1542.2845352045026,-0.04852560434346742,-0.07618256893488251,0.09032451542309469,-0.2,0.7142857142857143,0.4411698907260348,left,bottom
014,False,71,100.0,120.0,1425.437744140625,1533.849609375,1425.342732461084,1533.787871340532,-0.09501167954090306,-0.06173803446790771,0.11330844694524683,0.0,0.7142857142857143,0.40961596025952024,center,bottom
014,False,72,120.0,120.0,1632.4378662109375,1525.3648681640625,1632.5104836638698,1525.3024492366424,0.0726174529322634,-0.06241892742013988,0.09575707269257024,0.2,0.7142857142857143,0.4411698907260348,right,bottom
014,False,73,140.0,120.0,1839.172119140625,1516.787353515625,1839.2235002140917,1516.8297845420684,0.0513810734667004,0.04243102644340979,0.06663637681951057,0.4,0.7142857142857143,0.5245643766354129,right,bottom
014,False,74,160.0,120.0,2045.5511474609375,1508.27783203125,2045.4401422453407,1508.3716594450905,-0.1110052155968333,0.09382741384047222,0.14534696927590435,0.6,0.7142857142857143,0.6398405841726221,right,bottom
014,False,75,180.0,120.0,2251.06396484375,1499.8994140625,2251.1155110949794,1499.9299718618113,0.0515462512294107,0.030557799311281997,0.05992324352498045,0.8,0.7142857142857143,0.7728618480955124,right,bottom
014,False,76,200.0,120.0,2456.12353515625,1491.4710693359375,2456.204997490168,1491.5065902910478,0.08146233391789792,0.03552095511031439,0.08886984921389297,1.0,0.7142857142857143,0.9159291318091396,right,bottom
014,False,77,0.0,140.0,391.9244384765625,1784.392333984375,391.8121461899518,1784.3446990651632,-0.11229228661068191,-0.04763491921175955,0.12197804376430371,-1.0,1.0,1.0,left,bottom
014,False,78,20.0,140.0,601.078369140625,1775.6781005859375,601.0343883494209,1775.6006969767723,-0.04398079120414877,-0.07740360916523059,0.08902600017268382,-0.8,1.0,0.8708554769564043,left,bottom
014,False,79,40.0,140.0,809.8518676757812,1766.9774169921875,809.8245518531078,1766.870537145938,-0.027315822673472212,-0.10687984624951241,0.110315255983241,-0.6,1.0,0.7552945112058728,left,bottom
014,False,80,60.0,140.0,1018.2118530273438,1758.2642822265625,1018.2157166920379,1758.1480895805853,0.003863664694108593,-0.11619264597720758,0.11625686596521168,-0.4,1.0,0.6604858898858135,left,bottom
014,False,81,80.0,140.0,1226.1884765625,1749.535400390625,1226.2178166715191,1749.4289966587028,0.029340109019130978,-0.10640373192222796,0.11037479859203297,-0.2,1.0,0.5964098406184939,left,bottom
014,False,82,100.0,140.0,1433.8265380859375,1740.8785400390625,1433.8219208472115,1740.7104723835246,-0.004617238726041251,-0.16806765553792502,0.1681310671216592,0.0,1.0,0.5734623443633283,center,bottom
014,False,83,120.0,140.0,1641.0059814453125,1732.0408935546875,1641.0043608487981,1731.991108533449,-0.0016205965143853973,-0.04978502123844919,0.049811390994182,0.2,1.0,0.5964098406184939,right,bottom
014,False,84,140.0,140.0,1847.6793212890625,1723.2548828125,1847.730708155064,1723.2706875280323,0.05138686600139408,0.015804715532340197,0.05376243140431268,0.4,1.0,0.6604858898858135,right,bottom
014,False,85,160.0,140.0,2053.981689453125,1714.5399169921875,2053.959605287873,1714.5500018356047,-0.022084165252181265,0.010084843417189404,0.024277858670708148,0.6,1.0,0.7552945112058728,right,bottom
014,False,86,180.0,140.0,2259.5947265625,1705.8974609375,2259.646454798444,1705.8306797521461,0.05172823594421061,-0.06678118535387512,0.08447210848066093,0.8,1.0,0.8708554769564043,right,bottom
014,False,87,200.0,140.0,2464.672607421875,1697.0789794921875,2464.746969827383,1697.1150173850672,0.07436240550805451,0.03603789287967629,0.08263472076646329,1.0,1.0,1.0,right,bottom
015,False,0,0.0,0.0,345.50799560546875,335.5210876464844,345.6551914768763,335.3955214507787,0.1471958714075754,-0.12556619570568728,0.19347737351802777,-1.0,-1.0,1.0,left,top
015,False,1,20.0,0.0,571.311767578125,322.9333190917969,571.3650101711366,322.9017225850205,0.05324259301164602,-0.03159650677639547,0.06191213896381373,-0.8,-1.0,0.8708554769564043,left,top
015,False,2,40.0,0.0,794.218505859375,310.5552978515625,794.2134731365504,310.51915789804366,-0.00503272282458056,-0.03613995351884114,0.036488690568079477,-0.6,-1.0,0.7552945112058728,left,top
015,False,3,60.0,0.0,1014.3038940429688,298.3165283203125,1014.30386710739,298.2786488490658,-2.693557871680241e-05,-0.037879471246696994,0.0378794808234583,-0.4,-1.0,0.6604858898858135,left,top
015,False,4,80.0,0.0,1231.6787109375,286.2986145019531,1231.7074135042155,286.20447214870114,0.028702566715537614,-0.09414235325198206,0.09842062797950876,-0.2,-1.0,0.5964098406184939,left,top
015,False,5,100.0,0.0,1446.419189453125,274.4209899902344,1446.471525320754,274.3147735650475,0.05233586762892628,-0.10621642518685803,0.11841018545694412,0.0,-1.0,0.5734623443633283,center,top
015,False,6,120.0,0.0,1658.5628662109375,262.7329406738281,1658.6268812483586,262.6219712479681,0.06401503742108616,-0.11096942586004843,0.12810986883035924,0.2,-1.0,0.5964098406184939,right,top
015,False,7,140.0,0.0,1868.1942138671875,251.36026000976562,1868.193454901962,251.13314728263344,-0.0007589652254864632,-0.22711272713218023,0.22711399528349116,0.4,-1.0,0.6604858898858135,right,top
015,False,8,160.0,0.0,2075.161376953125,239.8753662109375,2075.1856221392336,239.85042647317982,0.024245186108601047,-0.024939737757676994,0.03478246064990803,0.6,-1.0,0.7552945112058728,right,top
015,False,9,180.0,0.0,2279.4150390625,228.621826171875,2279.616456161127,228.77134160645687,0.20141709862718926,0.1495154345818719,0.25084599418288683,0.8,-1.0,0.8708554769564043,right,top
015,False,10,200.0,0.0,2481.397216796875,217.92822265625,2481.501308181034,217.88918465935853,0.10409138415889174,-0.03903799689146581,0.11117095599756294,1.0,-1.0,1.0,right,top
015,False,11,0.0,20.0,365.3628234863281,550.9339599609375,365.47971882443926,550.8692684178193,0.11689533811113506,-0.06469154311821512,0.13360208016019987,-1.0,-0.7142857142857143,0.9159291318091396,left,top
015,False,12,20.0,20.0,591.8286743164062,536.9517822265625,591.8357768905062,536.9155429625185,0.007102574099917547,-0.03623926404395661,0.03692872618020321,-0.8,-0.7142857142857143,0.7728618480955124,left,top
015,False,13,40.0,20.0,815.36669921875,523.0569458007812,815.3495642586768,523.1064398672947,-0.01713496007323556,0.04949406651348909,0.052376230073889994,-0.6,-0.7142857142857143,0.6398405841726221,left,top
015,False,14,60.0,20.0,1036.14501953125,509.4858703613281,1036.116633550121,509.46629659167263,-0.028385981129076754,-0.01957376965549429,0.03448037678429067,-0.4,-0.7142857142857143,0.5245643766354129,left,top
015,False,15,80.0,20.0,1254.190185546875,496.1106262207031,1254.201041606491,496.0143605427164,0.010856059615889535,-0.09626567798670749,0.0968758730986421,-0.2,-0.7142857142857143,0.4411698907260348,left,top
015,False,16,100.0,20.0,1469.71337890625,482.88885498046875,1469.643657943258,482.76501864685247,-0.06972096299205077,-0.12383633361628199,0.14211421534829655,0.0,-0.7142857142857143,0.40961596025952024,center,top
015,False,17,120.0,20.0,1682.5047607421875,469.7657470703125,1682.4692734659934,469.72803578773164,-0.035487276194089645,-0.037711282580858096,0.051783082233186284,0.2,-0.7142857142857143,0.4411698907260348,right,top
015,False,18,140.0,20.0,1892.77001953125,456.9791259765625,1892.6926500328616,456.90879891024883,-0.07736949838840701,-0.07032706631366636,0.10455589671157023,0.4,-0.7142857142857143,0.5245643766354129,right,top
015,False,19,160.0,20.0,2100.2861328125,444.40313720703125,2100.3236362141342,444.3085640675399,0.03750340163423971,-0.09457313949133095,0.10173781915976887,0.6,-0.7142857142857143,0.6398405841726221,right,top
015,False,20,180.0,20.0,2305.3662109375,431.9822998046875,2305.371460980229,431.92470410530154,0.005250042729130655,-0.05759569938595632,0.05783448397293043,0.8,-0.7142857142857143,0.7728618480955124,right,top
015,False,21,200.0,20.0,2507.880126953125,419.6944580078125,2507.8483048720973,419.75095504302817,-0.03182208102771256,0.05649703521567062,0.06484257728603197,1.0,-0.7142857142857143,0.9159291318091396,right,top
015,False,22,0.0,40.0,385.39715576171875,767.9779663085938,385.4367345452538,767.9795663672422,0.039578783535034745,0.0016000586484778978,0.03961111326120116,-1.0,-0.42857142857142855,0.8553032352102229,left,top
015,False,23,20.0,40.0,612.481201171875,752.5328979492188,612.4624461098038,752.5767974008572,-0.018755062071249995,0.04389945163848097,0.04773797448002763,-0.8,-0.42857142857142855,0.6999520597198355,left,top
015,False,24,40.0,40.0,836.7192993164062,737.2338256835938,836.6578896845676,737.346766856456,-0.06140963183861459,0.11294117286229266,0.12855680227068678,-0.6,-0.42857142857142855,0.5495574790854838,left,top
015,False,25,60.0,40.0,1058.163818359375,722.2186889648438,1058.1121709350186,722.3075562237394,-0.051647424356360716,0.08886725889567515,0.10278543742319218,-0.4,-0.42857142857142855,0.40961596025952024,left,top
015,False,26,80.0,40.0,1276.9127197265625,707.4196166992188,1276.8833418920385,707.4736399737052,-0.029377834523984347,0.05402327448643973,0.06149448225292914,-0.2,-0.42857142857142855,0.295378269592824,left,top
015,False,27,100.0,40.0,1493.072998046875,692.8880615234375,1493.0067735383,692.8559243572804,-0.06622450857503281,-0.03213716615709927,0.07361034563574337,0.0,-0.42857142857142855,0.24576957615571215,center,top
015,False,28,120.0,40.0,1706.5494384765625,678.5010375976562,1706.5023103394026,678.4618152970708,-0.04712813715991615,-0.03922230058549303,0.06131435537769794,0.2,-0.42857142857142855,0.295378269592824,right,top
015,False,29,140.0,40.0,1917.4490966796875,664.2799682617188,1917.3803501744833,664.2953101591867,-0.0687465052042171,0.015341897467919807,0.07043760214338371,0.4,-0.42857142857142855,0.40961596025952024,right,top
015,False,30,160.0,40.0,2125.75244140625,650.3250122070312,2125.6469775105274,650.3571088671071,-0.10546389572255066,0.03209666007580836,0.11023986977949053,0.6,-0.42857142857142855,0.5495574790854838,right,top
015,False,31,180.0,40.0,2331.403076171875,636.5494384765625,2331.3082637138473,636.644740415521,-0.0948124580277181,0.0953019389585279,0.13443162487492585,0.8,-0.42857142857142855,0.6999520597198355,right,top
015,False,32,200.0,40.0,2534.435546875,623.0643310546875,2534.3738359240424,623.1527013680433,-0.06171095095760393,0.0883703133557674,0.10778475657850844,1.0,-0.42857142857142855,0.8553032352102229,right,top
015,False,33,0.0,60.0,405.47802734375,986.7449340820312,405.5611610208107,986.760709885624,0.08313367706068675,0.015775803592759985,0.08461728098106139,-1.0,-0.14285714285714285,0.8233178906068351,left,top
015,False,34,20.0,60.0,633.3027954101562,969.860107421875,633.2746461111587,969.913348141504,-0.028149298997504957,0.05324071962900234,0.06022422486562171,-0.8,-0.14285714285714285,0.6604858898858135,left,top
015,False,35,40.0,60.0,858.2417602539062,953.1244506835938,858.1629041030849,953.2626493497606,-0.0788561508213661,0.13819866616688614,0.15911368216677182,-0.6,-0.14285714285714285,0.4983193229757469,left,top
015,False,36,60.0,60.0,1080.3466796875,936.753173828125,1080.3099300477172,936.8205754730399,-0.03674963978278356,0.06740164491486667,0.07676925010311172,-0.4,-0.14285714285714285,0.3377779740177616,left,top
015,False,37,80.0,60.0,1299.8819580078125,920.5203857421875,1299.7689726138087,920.5970007634438,-0.11298539400377194,0.07661502125631614,0.13651212671515067,-0.2,-0.14285714285714285,0.18318582636182795,left,top
015,False,38,100.0,60.0,1516.6807861328125,904.8350219726562,1516.5709842208248,904.5995525013377,-0.10980191198768807,-0.23546947131853813,0.2598121086461981,0.0,-0.14285714285714285,0.08192319205190404,center,top
015,False,39,120.0,60.0,1730.760986328125,888.7894897460938,1730.7318333640042,888.8335020083797,-0.029152964120839897,0.044012262285946235,0.0527918038009491,0.2,-0.14285714285714285,0.18318582636182795,right,top
015,False,40,140.0,60.0,1942.349853515625,873.2794189453125,1942.2584256195962,873.3016985985952,-0.0914278960287902,0.022279653282680556,0.09410336403470243,0.4,-0.14285714285714285,0.3377779740177616,right,top
015,False,41,160.0,60.0,2151.28515625,857.9116821289062,2151.153863811051,858.004540016781,-0.13129243894900355,0.09285788787474303,0.16081135490299237,0.6,-0.14285714285714285,0.4983193229757469,right,top
015,False,42,180.0,60.0,2357.488037109375,842.7896728515625,2357.4217635180794,842.939973698818,-0.06627359129561228,0.15030084725549386,0.16426361005693607,0.8,-0.14285714285714285,0.6604858898858135,right,top
015,False,43,200.0,60.0,2561.128173828125,827.9791870117188,2561.069827337203,828.1035238847331,-0.05834649092184918,0.12433687301438567,0.137346172112254,1.0,-0.14285714285714285,0.8233178906068351,right,top
015,False,44,0.0,80.0,425.83648681640625,1207.1956787109375,425.8805156494366,1207.2288774289716,0.04402883303032468,0.03319871803410024,0.055142479243500665,-1.0,0.14285714285714285,0.8233178906068351,left,bottom
015,False,45,20.0,80.0,654.2398681640625,1188.8297119140625,654.2954938643288,1188.9350751186416,0.055625700266318745,0.10536320457913462,0.11914538769630534,-0.8,0.14285714285714285,0.6604858898858135,left,bottom
015,False,46,40.0,80.0,879.90283203125,1170.741943359375,879.8833940208451,1170.8588203852262,-0.019438010404883244,0.11687702585118132,0.11848238443042095,-0.6,0.14285714285714285,0.4983193229757469,left,bottom
015,False,47,60.0,80.0,1102.77685546875,1152.989501953125,1102.7244910462975,1153.0059923869899,-0.05236442245245598,0.01649043386487392,0.0548996097238501,-0.4,0.14285714285714285,0.3377779740177616,left,bottom
015,False,48,80.0,80.0,1322.9271240234375,1135.2974853515625,1322.8684778016832,1135.38194684448,-0.058646221754315775,0.08446149291739857,0.1028256928587994,-0.2,0.14285714285714285,0.18318582636182795,left,bottom
015,False,49,100.0,80.0,1540.4622802734375,1117.9654541015625,1540.343007080124,1117.9911506159033,-0.11927319331357467,0.025696514340779686,0.12200985817745733,0.0,0.14285714285714285,0.08192319205190404,center,bottom
015,False,50,120.0,80.0,1755.1593017578125,1100.78564453125,1755.160974512648,1100.8368887632773,0.0016727548354538158,0.05124423202732942,0.05127152645289886,0.2,0.14285714285714285,0.18318582636182795,right,bottom
015,False,51,140.0,80.0,1967.3770751953125,1083.8570556640625,1967.326692075648,1083.921034531617,-0.050383119664502374,0.06397886755439686,0.08143558338141024,0.4,0.14285714285714285,0.3377779740177616,right,bottom
015,False,52,160.0,80.0,2176.889404296875,1067.1961669921875,2176.841085469891,1067.2438737723976,-0.04831882698408663,0.04770678021009189,0.06790173723206287,0.6,0.14285714285714285,0.4983193229757469,right,bottom
015,False,53,180.0,80.0,2383.757568359375,1050.6612548828125,2383.7060339763143,1050.8039763287934,-0.05153438306069802,0.14272144598089653,0.1517405805324493,0.8,0.14285714285714285,0.6604858898858135,right,bottom
015,False,54,200.0,80.0,2587.98828125,1034.4169921875,2587.927958299769,1034.5981077771341,-0.060322950230784045,0.1811155896341461,0.19089713233328062,1.0,0.14285714285714285,0.8233178906068351,right,bottom
015,False,55,0.0,100.0,446.3902282714844,1429.4609375,446.41475650217967,1429.38572035398,0.02452823069529586,-0.07521714601989515,0.07911544195932854,-1.0,0.42857142857142855,0.8553032352102229,left,bottom
015,False,56,20.0,100.0,675.4733276367188,1409.6436767578125,675.5415253328063,1409.6373343576965,0.06819769608750903,-0.006342400115954661,0.06849198340590748,-0.8,0.42857142857142855,0.6999520597198355,left,bottom
015,False,57,40.0,100.0,901.8591918945312,1390.05078125,901.8324866425398,1390.1255726776392,-0.026705251991415935,0.0747914276391839,0.07941617047070644,-0.6,0.42857142857142855,0.5495574790854838,left,bottom
015,False,58,60.0,100.0,1125.4503173828125,1370.8359375,1125.3656453235844,1370.850159759113,-0.08467205922806897,0.014222259113012115,0.08585819860793305,-0.4,0.42857142857142855,0.40961596025952024,left,bottom
015,False,59,80.0,100.0,1346.2589111328125,1351.7896728515625,1346.188436954088,1351.811915358519,-0.07047417872445294,0.02224250695644514,0.0739008726781602,-0.2,0.42857142857142855,0.295378269592824,left,bottom
015,False,60,100.0,100.0,1564.3699951171875,1333.0885009765625,1564.326376947908,1333.0121739593123,-0.04361816927939799,-0.07632701725015067,0.0879110815175824,0.0,0.42857142857142855,0.24576957615571215,center,bottom
015,False,61,120.0,100.0,1779.7188720703125,1314.4241943359375,1779.7904276912518,1314.4523000193901,0.07155562093930712,0.028105683452622543,0.07687741105389038,0.2,0.42857142857142855,0.295378269592824,right,bottom
015,False,62,140.0,100.0,1992.6556396484375,1296.1317138671875,1992.5832367506955,1296.1332871029706,-0.07240289774199482,0.0015732357830984256,0.07241998807143632,0.4,0.42857142857142855,0.40961596025952024,right,bottom
015,False,63,160.0,100.0,2202.715576171875,1278.0546875,2202.704382374197,1278.055430296621,-0.011193797678060946,0.0007427966208979342,0.011218415809613228,0.6,0.42857142857142855,0.5495574790854838,right,bottom
015,False,64,180.0,100.0,2410.16162109375,1260.260986328125,2410.154747457426,1260.218062508791,-0.006873636324144172,-0.042923819333964275,0.043470692915243477,0.8,0.42857142857142855,0.6999520597198355,right,bottom
015,False,65,200.0,100.0,2614.90576171875,1242.5350341796875,2614.9401297163195,1242.6193463210104,0.034367997569461295,0.08431214132292553,0.0910477700517232,1.0,0.42857142857142855,0.8553032352102229,right,bottom
015,False,66,0.0,120.0,467.1660461425781,1653.2540283203125,467.1761445648167,1653.2224409057517,0.010098422238570492,-0.031587414560817706,0.03316237160315006,-1.0,0.7142857142857143,0.9159291318091396,left,bottom
015,False,67,20.0,120.0,696.9650268554688,1632.0413818359375,697.0226474511426,1632.004885775721,0.05762059567382494,-0.03649606021645013,0.06820627139148693,-0.8,0.7142857142857143,0.7728618480955124,left,bottom
015,False,68,40.0,120.0,923.94873046875,1611.092041015625,924.0176850415298,1611.042546695472,0.06895457277983041,-0.04949432015291677,0.08487885976289004,-0.6,0.7142857142857143,0.6398405841726221,left,bottom
015,False,69,60.0,120.0,1148.3272705078125,1590.333984375,1148.2385078520101,1590.32880309002,-0.08876265580238396,-0.005181284979926204,0.08891374910066326,-0.4,0.7142857142857143,0.5245643766354129,left,bottom
015,False,70,80.0,120.0,1369.797607421875,1569.9012451171875,1369.7316490134997,1569.8598133265245,-0.06595840837530886,-0.04143179066295488,0.07789162286756471,-0.2,0.7142857142857143,0.4411698907260348,left,bottom
015,False,71,100.0,120.0,1588.619873046875,1549.5482177734375,1588.5216968932036,1549.6337090003694,-0.09817615367137478,0.08549122693193567,0.13018182297092445,0.0,0.7142857142857143,0.40961596025952024,center,bottom
015,False,72,120.0,120.0,1804.576904296875,1529.6929931640625,1804.6187610354716,1529.6499096139307,0.0418567385966071,-0.04308355013176879,0.06006811848144848,0.2,0.7142857142857143,0.4411698907260348,right,bottom
015,False,73,140.0,120.0,2018.0089111328125,1509.9254150390625,2018.024788092936,1509.9085431942833,0.015876960123478057,-0.016871844779188905,0.023167585308261116,0.4,0.7142857142857143,0.5245643766354129,right,bottom
015,False,74,160.0,120.0,2228.7724609375,1490.384521484375,2228.7388670946993,1490.4099599954511,-0.03359384280065569,0.02543851107611772,0.0421386297817683,0.6,0.7142857142857143,0.6398405841726221,right,bottom
015,False,75,180.0,120.0,2436.6865234375,1471.224853515625,2436.7616479443477,1471.1543278574316,0.07512450684771466,-0.07052565819344636,0.10304154498420116,0.8,0.7142857142857143,0.7728618480955124,right,bottom
015,False,76,200.0,120.0,2641.95751953125,1452.164306640625,2642.0989832541295,1452.1412990668416,0.14146372287950726,-0.02300757378338858,0.1433224802406381,1.0,0.7142857142857143,0.9159291318091396,right,bottom
015,False,77,0.0,140.0,488.1238098144531,1878.73583984375,488.1691248362306,1878.72440047366,0.045315021777469155,-0.011439370090101875,0.04673660649588095,-1.0,1.0,1.0,left,bottom
015,False,78,20.0,140.0,718.6447143554688,1856.037109375,718.7421143055894,1856.0163298041718,0.09739995012068903,-0.020779570828153737,0.09959187139177056,-0.8,1.0,0.8708554769564043,left,bottom
015,False,79,40.0,140.0,946.4298095703125,1833.6348876953125,946.440932383719,1833.5830073301386,0.011122813406473142,-0.05188036517392902,0.05305929954923497,-0.6,1.0,0.7552945112058728,left,bottom
015,False,80,60.0,140.0,1171.3905029296875,1811.42236328125,1171.3436629770426,1811.4111480406161,-0.046839952644859295,-0.011215240633873691,0.04816391581099229,-0.4,1.0,0.6604858898858135,left,bottom
015,False,81,80.0,140.0,1393.4918212890625,1789.486572265625,1393.497353769504,1789.4920057620775,0.005532480441388543,0.005433496452496911,0.00775443250880703,-0.2,1.0,0.5964098406184939,left,bottom
015,False,82,100.0,140.0,1612.758056640625,1767.9752197265625,1612.9269297424623,1767.8203312802843,0.16887310183733462,-0.15488844627816434,0.22914745321435842,0.0,1.0,0.5734623443633283,center,bottom
015,False,83,120.0,140.0,1829.5347900390625,1746.450927734375,1829.6427734807576,1746.3934767417543,0.1079834416950689,-0.057450992620715624,0.12231533114625438,0.2,1.0,0.5964098406184939,right,bottom
015,False,84,140.0,140.0,2043.592041015625,1725.2659912109375,2043.6471327313031,1725.2106292258263,0.05509171567814519,-0.05536198511117618,0.07810279464789772,0.4,1.0,0.6604858898858135,right,bottom
015,False,85,160.0,140.0,2254.817138671875,1704.3504638671875,2254.939497871057,1704.2721582467216,0.12235919918202853,-0.07830562046592604,0.14527058828620812,0.6,1.0,0.7552945112058728,right,bottom
015,False,86,180.0,140.0,2463.37548828125,1683.6202392578125,2463.521076061205,1683.5790636130637,0.14558777995489436,-0.04117564474881874,0.15129849765505163,0.8,1.0,0.8708554769564043,right,bottom
015,False,87,200.0,140.0,2669.1328125,1663.163330078125,2669.398474704074,1663.1325115616614,0.26566220407403307,-0.030818516463568812,0.2674438027520706,1.0,1.0,1.0,right,bottom
016,False,0,0.0,0.0,904.083984375,2634.67333984375,903.9323952465274,2634.5820134791825,-0.15158912847255124,-0.09132636456752152,0.176973921062363,-1.0,-1.0,1.0,left,top
016,False,1,20.0,0.0,907.4259033203125,2406.2822265625,907.420611895235,2406.239552044829,-0.005291425077530221,-0.04267451767100283,0.043001321349510284,-0.8,-1.0,0.8708554769564043,left,top
016,False,2,40.0,0.0,910.9196166992188,2182.05712890625,910.8750393189273,2182.0411207047805,-0.0445773802914573,-0.016008201469503547,0.04736460015599648,-0.6,-1.0,0.7552945112058728,left,top
016,False,3,60.0,0.0,914.3458862304688,1962.0054931640625,914.3146210932882,1961.8879766054367,-0.031265137180525926,-0.11751655862576627,0.12160448328149857,-0.4,-1.0,0.6604858898858135,left,top
016,False,4,80.0,0.0,917.7750854492188,1745.8824462890625,917.7510087883425,1745.698932125532,-0.02407666087628968,-0.18351416353038985,0.18508682777337376,-0.2,-1.0,0.5964098406184939,left,top
016,False,5,100.0,0.0,921.1884765625,1533.7083740234375,921.1897688325221,1533.4031456496893,0.0012922700220769912,-0.30522837374815026,0.3052311093298821,0.0,-1.0,0.5734623443633283,center,top
016,False,6,120.0,0.0,924.6072998046875,1325.1400146484375,924.6314257526672,1324.9344638921757,0.024125947979655393,-0.20555075626180042,0.20696177126637452,0.2,-1.0,0.5964098406184939,right,top
016,False,7,140.0,0.0,928.0527954101562,1120.3218994140625,928.0723628068615,1120.2270504338953,0.019567396705269857,-0.09484898016717125,0.09684633215859985,0.4,-1.0,0.6604858898858135,right,top
016,False,8,160.0,0.0,931.483154296875,919.3895263671875,931.5055983305192,919.2120766823738,0.022444033644205774,-0.17744968481372325,0.17886342635293545,0.6,-1.0,0.7552945112058728,right,top
016,False,9,180.0,0.0,934.8997192382812,721.987548828125,934.9214537732087,721.8152866910077,0.02173453492741828,-0.17226213711728633,0.1736278603586588,0.8,-1.0,0.8708554769564043,right,top
016,False,10,200.0,0.0,938.4017333984375,528.0950317382812,938.3081273664488,527.9552771413092,-0.09360603198865647,-0.1397545969720113,0.16820652959820168,1.0,-1.0,1.0,right,top
016,False,11,0.0,20.0,1135.9149169921875,2629.030517578125,1135.949824497297,2628.9850150631373,0.034907505109458725,-0.04550251498767466,0.05734991528477129,-1.0,-0.7142857142857143,0.9159291318091396,left,top
016,False,12,20.0,20.0,1137.3387451171875,2401.0546875,1137.265360387154,2401.003962955641,-0.07338473003346735,-0.05072454435912732,0.08920929325202594,-0.8,-0.7142857142857143,0.7728618480955124,left,top
016,False,13,40.0,20.0,1138.542724609375,2177.107421875,1138.5879468153946,2177.134637766907,0.04522220601961635,0.027215891906962497,0.052780230101545526,-0.6,-0.7142857142857143,0.6398405841726221,left,top
016,False,14,60.0,20.0,1139.9656982421875,1957.2718505859375,1139.9313627814913,1957.2858213900681,-0.03433546069618387,0.013970804130622128,0.03706895236279811,-0.4,-0.7142857142857143,0.5245643766354129,left,top
016,False,15,80.0,20.0,1141.333251953125,1741.547119140625,1141.3037221529935,1741.3826838490095,-0.029529800131513184,-0.1644352916155185,0.16706577813689952,-0.2,-0.7142857142857143,0.4411698907260348,left,top
016,False,16,100.0,20.0,1142.8175048828125,1529.4393310546875,1142.708387856923,1529.3597579538684,-0.10911702588941807,-0.07957310081906144,0.13504963425686295,0.0,-0.7142857142857143,0.40961596025952024,center,top
016,False,17,120.0,20.0,1144.03173828125,1321.145751953125,1144.1447657024924,1321.1554365915506,0.1130274212423501,0.009684638425596859,0.11344157163108329,0.2,-0.7142857142857143,0.4411698907260348,right,top
016,False,18,140.0,20.0,1145.5780029296875,1116.580322265625,1145.6089928703313,1116.707731807433,0.030989940643848968,0.12740954180799235,0.1311242455262635,0.4,-0.7142857142857143,0.5245643766354129,right,top
016,False,19,160.0,20.0,1147.0391845703125,916.0013427734375,1147.0945342235132,915.9510756853921,0.05534965320066476,-0.05026708804541613,0.07476873845397872,0.6,-0.7142857142857143,0.6398405841726221,right,top
016,False,20,180.0,20.0,1148.5858154296875,718.8136596679688,1148.5926979565297,718.8139776725717,0.006882526842218795,0.0003180046029456207,0.006889869567804373,0.8,-0.7142857142857143,0.7728618480955124,right,top
016,False,21,200.0,20.0,1150.0711669921875,525.0596313476562,1150.0930806680283,525.2173823668851,0.021913675840778524,0.15775101922884005,0.15926579437089616,1.0,-0.7142857142857143,0.9159291318091396,right,top
016,False,22,0.0,40.0,1367.380126953125,2623.293212890625,1367.4079611757925,2623.3600518390067,0.02783422266747948,0.0668389483817009,0.07240296245509921,-1.0,-0.42857142857142855,0.8553032352102229,left,top
016,False,23,20.0,40.0,1366.5684814453125,2395.69287109375,1366.5824006883095,2395.7394670867247,0.013919242996962566,0.04659599297474415,0.04863056535668589,-0.8,-0.42857142857142855,0.6999520597198355,left,top
016,False,24,40.0,40.0,1365.8074951171875,2172.0830078125,1365.7983825715542,2172.2032336436014,-0.009112545633342961,0.1202258311013793,0.12057068031630716,-0.6,-0.42857142857142855,0.5495574790854838,left,top
016,False,25,60.0,40.0,1365.048828125,1952.58056640625,1365.0652495512263,1952.6660117573697,0.016421426226315816,0.08544535111968798,0.08700902980307905,-0.4,-0.42857142857142855,0.40961596025952024,left,top
016,False,26,80.0,40.0,1364.3326416015625,1737.0557861328125,1364.3882179654968,1737.057934719317,0.05557636393427856,0.00214858650451788,0.05561788068708457,-0.2,-0.42857142857142855,0.295378269592824,left,top
016,False,27,100.0,40.0,1363.8245849609375,1525.2889404296875,1363.7690105334486,1525.3177350525002,-0.055574427488863876,0.028794622812711168,0.06259111193804832,0.0,-0.42857142857142855,0.24576957615571215,center,top
016,False,28,120.0,40.0,1363.186767578125,1317.3973388671875,1363.206410529312,1317.3873684194432,0.01964295118705195,-0.00997044774430833,0.022028512422741772,0.2,-0.42857142857142855,0.295378269592824,right,top
016,False,29,140.0,40.0,1362.6435546875,1113.0181884765625,1362.6967466159833,1113.207878398006,0.05319192848332932,0.18968992144345975,0.1970067195630686,0.4,-0.42857142857142855,0.40961596025952024,right,top
016,False,30,160.0,40.0,1362.173095703125,912.5535278320312,1362.2343165002858,912.7162854940535,0.06122079716078588,0.1627576620222726,0.1738908926653676,0.6,-0.42857142857142855,0.5495574790854838,right,top
016,False,31,180.0,40.0,1361.7794189453125,715.8453979492188,1361.8117566132469,715.8433178676573,0.032337667934370984,-0.0020800815614165913,0.03240449824848073,0.8,-0.42857142857142855,0.6999520597198355,right,top
016,False,32,200.0,40.0,1361.335205078125,522.374267578125,1361.420364174808,522.5118301737624,0.08515909668290078,0.13756259563740514,0.16178856407777367,1.0,-0.42857142857142855,0.8553032352102229,right,top
016,False,33,0.0,60.0,1598.2122802734375,2617.611572265625,1598.296824812593,2617.686140830404,0.0845445391555586,0.0745685647789287,0.11273087400625911,-1.0,-0.14285714285714285,0.8233178906068351,left,top
016,False,34,20.0,60.0,1595.3153076171875,2390.3359375,1595.3562167860305,2390.4303081753424,0.040909168842972576,0.09437067534236121,0.10285613477083504,-0.8,-0.14285714285714285,0.6604858898858135,left,top
016,False,35,40.0,60.0,1592.4285888671875,2167.146728515625,1592.4869108808434,2167.2358467204926,0.05832201365592482,0.08911820486764555,0.1065059233832256,-0.6,-0.14285714285714285,0.4983193229757469,left,top
016,False,36,60.0,60.0,1589.67626953125,1947.9051513671875,1589.6943472486719,1948.0217192170508,0.018077717421874695,0.11656784986325874,0.11796129657191966,-0.4,-0.14285714285714285,0.3377779740177616,left,top
016,False,37,80.0,60.0,1586.9583740234375,1732.6405029296875,1586.9813107216194,1732.7216891194437,0.022936698181865722,0.08118618975618119,0.0843640298386265,-0.2,-0.14285714285714285,0.18318582636182795,left,top
016,False,38,100.0,60.0,1584.574951171875,1521.134765625,1584.3482912667787,1521.277567145578,-0.2266599050963123,0.14280152057790474,0.2678936110802776,0.0,-0.14285714285714285,0.08192319205190404,center,top
016,False,39,120.0,60.0,1581.7723388671875,1313.7308349609375,1581.7938063726403,1313.6339344879996,0.021467505452847035,-0.09690047293793214,0.09924996446328299,0.2,-0.14285714285714285,0.18318582636182795,right,top
016,False,40,140.0,60.0,1579.1900634765625,1109.6083984375,1579.3146890126477,1109.7340893365404,0.12462553608520466,0.12569089904036446,0.17700205181324802,0.4,-0.14285714285714285,0.3377779740177616,right,top
016,False,41,160.0,60.0,1576.899658203125,909.3306274414062,1576.9063445043882,909.5170030240388,0.006686301263243877,0.18637558263253595,0.18649548098063956,0.6,-0.14285714285714285,0.4983193229757469,right,top
016,False,42,180.0,60.0,1574.563720703125,712.843017578125,1574.562979282688,712.9151057373272,-0.0007414204369524668,0.07208815920216693,0.07209197182364549,0.8,-0.14285714285714285,0.6604858898858135,right,top
016,False,43,200.0,60.0,1572.220458984375,519.8245849609375,1572.277804329552,519.8527502590315,0.057345345177054696,0.02816529809399526,0.06388875198498686,1.0,-0.14285714285714285,0.8233178906068351,right,top
016,False,44,0.0,80.0,1828.5272216796875,2611.876953125,1828.5872209054335,2611.949016212565,0.05999922574596894,0.07206308756485669,0.09377097461099541,-1.0,0.14285714285714285,0.8233178906068351,left,bottom
016,False,45,20.0,80.0,1823.470458984375,2385.1220703125,1823.5530266825356,2385.065915429961,0.08256769816057385,-0.05615488253897638,0.0998538712945165,-0.8,0.14285714285714285,0.6604858898858135,left,bottom
016,False,46,40.0,80.0,1818.586669921875,2162.11328125,1818.6166904556496,2162.2252020564288,0.030020533774631986,0.11192080642877045,0.11587708729416754,-0.6,0.14285714285714285,0.4983193229757469,left,bottom
016,False,47,60.0,80.0,1813.7890625,1943.290283203125,1813.7800979218964,1943.3486247763956,-0.008964578103586973,0.05834157327058165,0.0590262893316356,-0.4,0.14285714285714285,0.3377779740177616,left,bottom
016,False,48,80.0,80.0,1809.0213623046875,1728.2569580078125,1809.043902347938,1728.372295141652,0.022540043250501185,0.11533713383960276,0.1175189686479119,-0.2,0.14285714285714285,0.18318582636182795,left,bottom
016,False,49,100.0,80.0,1804.372802734375,1517.12548828125,1804.4076197836653,1517.2400244296166,0.03481704929026819,0.11453614836659654,0.11971113650757802,0.0,0.14285714285714285,0.08192319205190404,center,bottom
016,False,50,120.0,80.0,1799.90771484375,1309.89990234375,1799.8697257060683,1309.8981197892022,-0.037989137681734064,-0.0017825545478444837,0.03803093586171379,0.2,0.14285714285714285,0.18318582636182795,right,bottom
016,False,51,140.0,80.0,1795.41552734375,1106.13818359375,1795.4277512785884,1106.2913893848977,0.012223934838402783,0.15320579114768407,0.15369267719745566,0.4,0.14285714285714285,0.3377779740177616,right,bottom
016,False,52,160.0,80.0,1791.0477294921875,906.2532958984375,1791.0783778272175,906.3601453912502,0.030648335030036833,0.10684949281267109,0.11115815109310893,0.6,0.14285714285714285,0.4983193229757469,right,bottom
016,False,53,180.0,80.0,1786.79443359375,709.96533203125,1786.8175284750055,710.0380268945421,0.02309488125547432,0.0726948632920994,0.07627526918511321,0.8,0.14285714285714285,0.6604858898858135,right,bottom
016,False,54,200.0,80.0,1782.5936279296875,517.0794067382812,1782.6404561541804,517.2504929256152,0.04682822449285595,0.17108618733391268,0.17737915916366268,1.0,0.14285714285714285,0.8233178906068351,right,bottom
016,False,55,0.0,100.0,2058.20849609375,2606.1484375,2058.237415458852,2606.1407822919537,0.02891936510195592,-0.007655208046344342,0.029915412217334413,-1.0,0.42857142857142855,0.8553032352102229,left,bottom
016,False,56,20.0,100.0,2051.0947265625,2379.60498046875,2051.127141963812,2379.64061717561,0.032415401311936876,0.03563670685980469,0.04817398798133252,-0.8,0.42857142857142855,0.6999520597198355,left,bottom
016,False,57,40.0,100.0,2044.09912109375,2157.131591796875,2044.1395373984526,2157.1675798507067,0.040416304702603156,0.03598805383171566,0.05411670448584361,-0.6,0.42857142857142855,0.5495574790854838,left,bottom
016,False,58,60.0,100.0,2037.3399658203125,1938.55224609375,2037.2731032878291,1938.6447369262996,-0.06686253248335561,0.09249083254962898,0.11412778958610953,-0.4,0.42857142857142855,0.40961596025952024,left,bottom
016,False,59,80.0,100.0,2030.545654296875,1723.9190673828125,2030.526502082073,1724.0093072777868,-0.019152214802033996,0.09023989497427465,0.09224991044327019,-0.2,0.42857142857142855,0.295378269592824,left,bottom
016,False,60,100.0,100.0,2023.932861328125,1513.181640625,2023.8983922616567,1513.2060601193164,-0.03446906646831849,0.024419494316362034,0.042242493367037365,0.0,0.42857142857142855,0.24576957615571215,center,bottom
016,False,61,120.0,100.0,2017.4302978515625,1306.189208984375,2017.3873035528784,1306.182158574517,-0.04299429868410698,-0.00705040985803862,0.04356854368124474,0.2,0.42857142857142855,0.295378269592824,right,bottom
016,False,62,140.0,100.0,2010.959716796875,1102.835205078125,2010.9915451033369,1102.883201061864,0.0318283064618754,0.04799598373892877,0.05759041193895538,0.4,0.42857142857142855,0.40961596025952024,right,bottom
016,False,63,160.0,100.0,2004.7491455078125,903.1696166992188,2004.7091406072175,903.2502515002201,-0.040004900595022264,0.08063480100133802,0.09001312795444337,0.6,0.42857142857142855,0.5495574790854838,right,bottom
016,False,64,180.0,100.0,1998.5823974609375,707.0885620117188,1998.5377853353727,707.2176821681708,-0.044612125564754024,0.1291201564520179,0.1366098698835445,0.8,0.42857142857142855,0.6999520597198355,right,bottom
016,False,65,200.0,100.0,1992.4765625,514.7442016601562,1992.4748208421488,514.711680904588,-0.0017416578511983971,-0.03252075556827094,0.03256735965352221,1.0,0.42857142857142855,0.8553032352102229,right,bottom
016,False,66,0.0,120.0,2287.15380859375,2600.2197265625,2287.1995286199544,2600.259577485609,0.04572002620443527,0.039850923109042924,0.06064995357605065,-1.0,0.7142857142857143,0.9159291318091396,left,bottom
016,False,67,20.0,120.0,2278.020263671875,2374.15478515625,2278.0270621194327,2374.153363743254,0.0067984475576849945,-0.0014214129960237187,0.0069454520443134726,-0.8,0.7142857142857143,0.7728618480955124,left,bottom
016,False,68,40.0,120.0,2269.087158203125,2152.0458984375,2269.001737556131,2152.0625915848013,-0.08542064699395269,0.016693147301339195,0.08703647568513839,-0.6,0.7142857142857143,0.6398405841726221,left,bottom
016,False,69,60.0,120.0,2260.189697265625,1933.86669921875,2260.1186712686367,1933.9102158994906,-0.07102599698828271,0.04351668074059489,0.08329702126041727,-0.4,0.7142857142857143,0.5245643766354129,left,bottom
016,False,70,80.0,120.0,2251.42138671875,1719.6934814453125,2251.3745222327507,1719.6333541296497,-0.046864485999321914,-0.060127315662839464,0.07623368111798996,-0.2,0.7142857142857143,0.4411698907260348,left,bottom
016,False,71,100.0,120.0,2242.665283203125,1509.1373291015625,2242.7670703365125,1509.17671737218,0.10178713338746093,0.03938827061756456,0.10914236750904417,0.0,0.7142857142857143,0.40961596025952024,center,bottom
016,False,72,120.0,120.0,2234.38720703125,1302.6339111328125,2234.2948728266156,1302.4874766417565,-0.09233420463442599,-0.14643449105597028,0.1731146022618921,0.2,0.7142857142857143,0.4411698907260348,right,bottom
016,False,73,140.0,120.0,2225.970703125,1099.675048828125,2225.956986542291,1099.51131878976,-0.013716582709093927,-0.16373003836497446,0.16430359126997626,0.4,0.7142857142857143,0.5245643766354129,right,bottom
016,False,74,160.0,120.0,2217.766357421875,900.1117553710938,2217.7527454009223,900.1894848647232,-0.013612020952677995,0.07772949362947656,0.07891236464782299,0.6,0.7142857142857143,0.6398405841726221,right,bottom
016,False,75,180.0,120.0,2209.76123046875,704.5144653320312,2209.6815841761286,704.4566161991178,-0.07964629262141898,-0.05784913291347493,0.09843807244749152,0.8,0.7142857142857143,0.7728618480955124,right,bottom
016,False,76,200.0,120.0,2201.730224609375,512.4052124023438,2201.7429009540197,512.2392610890213,0.012676344644660276,-0.16595131332246638,0.16643475630709353,1.0,0.7142857142857143,0.9159291318091396,right,bottom
016,False,77,0.0,140.0,2515.3408203125,2594.3662109375,2515.4256559118116,2594.309249005438,0.08483559931164564,-0.05696193206222233,0.10218483554239995,-1.0,1.0,1.0,left,bottom
016,False,78,20.0,140.0,2504.1923828125,2368.725830078125,2504.201311566842,2368.6074593542908,0.008928754341923195,-0.1183707238342322,0.11870699606652708,-0.8,1.0,0.8708554769564043,left,bottom
016,False,79,40.0,140.0,2493.16064453125,2146.96728515625,2493.1496157032675,2146.9129636302587,-0.011028827982499934,-0.05432152599132678,0.05542980455218983,-0.6,1.0,0.7552945112058728,left,bottom
016,False,80,60.0,140.0,2482.309814453125,1929.1165771484375,2482.2621325726154,1929.1472040284475,-0.047681880509571783,0.030626880010004243,0.056670693555631375,-0.4,1.0,0.6604858898858135,left,bottom
016,False,81,80.0,140.0,2471.55810546875,1715.3746337890625,2471.5333563579975,1715.2460109986405,-0.024749110752509296,-0.12862279042201408,0.13098221520109257,-0.2,1.0,0.5964098406184939,left,bottom
016,False,82,100.0,140.0,2461.04443359375,1505.35888671875,2460.9600341210084,1505.1530400032466,-0.08439947274155202,-0.20584671550341227,0.22247728262138303,0.0,1.0,0.5734623443633283,center,bottom
016,False,83,120.0,140.0,2450.62353515625,1298.9200439453125,2450.5406045524082,1298.814636440965,-0.08293060384175988,-0.10540750434756774,0.1341201961911085,0.2,1.0,0.5964098406184939,right,bottom
016,False,84,140.0,140.0,2440.30029296875,1096.30859375,2440.2747349893657,1096.1758849951884,-0.025557979384302598,-0.13270875481157418,0.13514741549081488,0.4,1.0,0.6604858898858135,right,bottom
016,False,85,160.0,140.0,2430.257568359375,897.1640625,2430.1629417049753,897.1776376131977,-0.09462665439968987,0.013575113197703104,0.09559543619445857,0.6,1.0,0.7552945112058728,right,bottom
016,False,86,180.0,140.0,2420.219482421875,701.921142578125,2420.206280652274,701.7543465379379,-0.013201769600982516,-0.1667960401871369,0.16731767910984904,0.8,1.0,0.8708554769564043,right,bottom
016,False,87,200.0,140.0,2410.369873046875,510.0889587402344,2410.4060977085996,509.8325561633966,0.03622466172464556,-0.256402576837786,0.2589488511774512,1.0,1.0,1.0,right,bottom
017,False,0,0.0,0.0,3405.219482421875,1726.05615234375,3405.387989148253,1725.7920899609435,0.1685067263779274,-0.2640623828065145,0.3132466421975819,-1.0,-1.0,1.0,left,top
017,False,1,20.0,0.0,3185.297607421875,1745.1885986328125,3185.431741919141,1745.1185048845234,0.1341344972661318,-0.07009374828908221,0.15134462959104672,-0.8,-1.0,0.8708554769564043,left,top
017,False,2,40.0,0.0,2964.340087890625,1764.51220703125,2964.51138649133,1764.5112074763574,0.17129860070508585,-0.0009995548925871844,0.17130151696206233,-0.6,-1.0,0.7552945112058728,left,top
017,False,3,60.0,0.0,2742.576171875,1784.0172119140625,2742.629116088028,1783.9631196953433,0.052944213027785736,-0.05409221871923364,0.07569053982566756,-0.4,-1.0,0.6604858898858135,left,top
017,False,4,80.0,0.0,2519.739501953125,1803.45849609375,2519.8075330389165,1803.4667820440602,0.0680310857915174,0.008285950310209955,0.06853382819101869,-0.2,-1.0,0.5964098406184939,left,top
017,False,5,100.0,0.0,2296.09033203125,1823.0941162109375,2296.0851103936916,1823.0147999598148,-0.0052216375584066554,-0.07931625112269103,0.07948794368298345,0.0,-1.0,0.5734623443633283,center,top
017,False,6,120.0,0.0,2071.515625,1842.60888671875,2071.511397515586,1842.6003138633967,-0.00422748441405929,-0.00857285535334995,0.009558528829300831,0.2,-1.0,0.5964098406184939,right,top
017,False,7,140.0,0.0,1846.2127685546875,1862.1876220703125,1846.1419600349086,1862.2174937369389,-0.07080851977889324,0.02987166662637719,0.07685156433225893,0.4,-1.0,0.6604858898858135,right,top
017,False,8,160.0,0.0,1620.1351318359375,1881.89404296875,1620.033044224647,1881.862059130784,-0.10208761129047161,-0.031983837965981365,0.10698058828604645,0.6,-1.0,0.7552945112058728,right,top
017,False,9,180.0,0.0,1393.3995361328125,1901.630615234375,1393.2359555320777,1901.531825528698,-0.16358060073480374,-0.09878970567706347,0.1910968835028978,0.8,-1.0,0.8708554769564043,right,top
017,False,10,200.0,0.0,1165.9052734375,1921.3922119140625,1165.791140661834,1921.227278031109,-0.11413277566589386,-0.16493388295339173,0.20057287011778133,1.0,-1.0,1.0,right,top
017,False,11,0.0,20.0,3372.408447265625,1513.0107421875,3372.4549067612456,1512.877039457175,0.046459495620638336,-0.13370273032501245,0.1415447096492381,-1.0,-0.7142857142857143,0.9159291318091396,left,top
017,False,12,20.0,20.0,3154.20458984375,1531.662353515625,3154.329886596758,1531.5923887589063,0.12529675300811505,-0.06996475671871849,0.14350729422954797,-0.8,-0.7142857142857143,0.7728618480955124,left,top
017,False,13,40.0,20.0,2935.2021484375,1550.3089599609375,2935.2528856646622,1550.3781216893146,0.05073722716224438,0.0691617283771393,0.08577651713742161,-0.6,-0.7142857142857143,0.6398405841726221,left,top
017,False,14,60.0,20.0,2715.208251953125,1569.16455078125,2715.228470236698,1569.2315471996587,0.020218283572830842,0.06699641840873483,0.06998070498522907,-0.4,-0.7142857142857143,0.5245643766354129,left,top
017,False,15,80.0,20.0,2494.290283203125,1588.1185302734375,2494.2806492283094,1588.1487705154073,-0.009633974815642432,0.03024024196975006,0.0317377646524998,-0.2,-0.7142857142857143,0.4411698907260348,left,top
017,False,16,100.0,20.0,2272.38232421875,1607.0865478515625,2272.4485190000537,1607.1250817398604,0.06619478130369316,0.03853388829793403,0.0765937962187632,0.0,-0.7142857142857143,0.40961596025952024,center,top
017,False,17,120.0,20.0,2049.822265625,1626.1715087890625,2049.781664940607,1626.1553656703982,-0.04060068439321185,-0.01614311866433127,0.04369228597141465,0.2,-0.7142857142857143,0.4411698907260348,right,top
017,False,18,140.0,20.0,1826.317138671875,1645.1732177734375,1826.3353107767064,1645.2345336114802,0.018172104831364777,0.06131583804267393,0.06395199284523924,0.4,-0.7142857142857143,0.5245643766354129,right,top
017,False,19,160.0,20.0,1602.30078125,1664.2481689453125,1602.1652062587548,1664.3579779941183,-0.1355749912452211,0.10980904880580056,0.17446663133899407,0.6,-0.7142857142857143,0.6398405841726221,right,top
017,False,20,180.0,20.0,1377.4256591796875,1683.44873046875,1377.3222435648775,1683.5220506379444,-0.10341561481004646,0.0733201691944032,0.12677001458245485,0.8,-0.7142857142857143,0.7728618480955124,right,top
017,False,21,200.0,20.0,1151.9027099609375,1702.79150390625,1151.8467924506763,1702.724565519223,-0.05591751026122438,-0.06693838702699395,0.08722107320819761,1.0,-0.7142857142857143,0.9159291318091396,right,top
017,False,22,0.0,40.0,3339.966796875,1303.7235107421875,3340.0043679004007,1303.5945376972218,0.03757102540066626,-0.1289730449657327,0.1343340175733251,-1.0,-0.42857142857142855,0.8553032352102229,left,top
017,False,23,20.0,40.0,3123.725830078125,1321.627685546875,3123.6842275779163,1321.7145584956372,-0.04160250020868261,0.0868729487622204,0.09632070000917149,-0.8,-0.42857142857142855,0.6999520597198355,left,top
017,False,24,40.0,40.0,2906.50048828125,1339.7945556640625,2906.4286615702285,1339.909395176379,-0.07182671102145832,0.11483951231639367,0.1354517995643735,-0.6,-0.42857142857142855,0.5495574790854838,left,top
017,False,25,60.0,40.0,2688.314453125,1358.0740966796875,2688.243624049941,1358.1804395290053,-0.07082907505900948,0.10634284931779803,0.12777151276690238,-0.4,-0.42857142857142855,0.40961596025952024,left,top
017,False,26,80.0,40.0,2469.1533203125,1376.4769287109375,2469.1535682536437,1376.5271276164656,0.0002479411436979717,0.050198905528077375,0.05019951783660453,-0.2,-0.42857142857142855,0.295378269592824,left,top
017,False,27,100.0,40.0,2249.215576171875,1394.9083251953125,2249.1972649354875,1394.9472755000259,-0.01831123638748977,0.038950304713353034,0.04303983753804818,0.0,-0.42857142857142855,0.24576957615571215,center,top
017,False,28,120.0,40.0,2028.448486328125,1413.322998046875,2028.4233896453454,1413.4374339496017,-0.02509668277957644,0.1144359027266546,0.11715553473653323,0.2,-0.42857142857142855,0.295378269592824,right,top
017,False,29,140.0,40.0,1806.934814453125,1431.96044921875,1806.885870304104,1431.9932628446381,-0.04894414902105382,0.03281362588813863,0.058925917619684506,0.4,-0.42857142857142855,0.40961596025952024,right,top
017,False,30,160.0,40.0,1584.675048828125,1450.5628662109375,1584.6389862717945,1450.6099259936414,-0.03606255633053479,0.04705978270385458,0.059288541196651195,0.6,-0.42857142857142855,0.5495574790854838,right,top
017,False,31,180.0,40.0,1361.7933349609375,1469.2745361328125,1361.7322098188265,1469.282507124151,-0.06112514211099551,0.007970991338424938,0.061642677594395935,0.8,-0.42857142857142855,0.6999520597198355,right,top
017,False,32,200.0,40.0,1138.1055908203125,1488.04052734375,1138.2047806162177,1488.0064478193713,0.09918979590520394,-0.034079524378739734,0.10488102589885898,1.0,-0.42857142857142855,0.8553032352102229,right,top
017,False,33,0.0,60.0,3308.03759765625,1098.0145263671875,3308.029472503294,1097.887760333211,-0.008125152955926751,-0.12676603397653707,0.12702616061543293,-1.0,-0.14285714285714285,0.8233178906068351,left,top
017,False,34,20.0,60.0,3093.53271484375,1115.38525390625,3093.489605782687,1115.4322949950154,-0.043109061063205445,0.04704108876535429,0.06380638822234899,-0.8,-0.14285714285714285,0.6604858898858135,left,top
017,False,35,40.0,60.0,2878.127197265625,1132.8919677734375,2878.0346262213525,1133.0556175681825,-0.09257104427251761,0.16364979474496977,0.18801769479965216,-0.6,-0.14285714285714285,0.4983193229757469,left,top
017,False,36,60.0,60.0,2661.708251953125,1150.5986328125,2661.6710000110656,1150.7628985853776,-0.037251942059356224,0.16426577287757027,0.16843678733061593,-0.4,-0.14285714285714285,0.3377779740177616,left,top
017,False,37,80.0,60.0,2444.454345703125,1168.5238037109375,2444.422772855821,1168.5566653826086,-0.03157284730377796,0.032861671671071235,0.04557119871020473,-0.2,-0.14285714285714285,0.18318582636182795,left,top
017,False,38,100.0,60.0,2226.202392578125,1186.1597900390625,2226.327553158713,1186.4370894413084,0.1251605805878171,0.2772994022459443,0.30423696261144445,0.0,-0.14285714285714285,0.08192319205190404,center,top
017,False,39,120.0,60.0,2007.4361572265625,1204.3670654296875,2007.4322753698975,1204.4022906867856,-0.003881856664975203,0.03522525709809088,0.035438503760655785,0.2,-0.14285714285714285,0.18318582636182795,right,top
017,False,40,140.0,60.0,1787.7706298828125,1222.3802490234375,1787.788735460194,1222.448659376662,0.0181055773814478,0.06841035322440803,0.0707657287152748,0.4,-0.14285714285714285,0.3377779740177616,right,top
017,False,41,160.0,60.0,1567.4443359375,1240.5384521484375,1567.4488902263508,1240.5711962335286,0.004554288850840749,0.03274408509105342,0.033059290001254404,0.6,-0.14285714285714285,0.4983193229757469,right,top
017,False,42,180.0,60.0,1346.436279296875,1258.6922607421875,1346.4599118674964,1258.7638714972752,0.023632570621430204,0.07161075508770409,0.0754095394390393,0.8,-0.14285714285714285,0.6604858898858135,right,top
017,False,43,200.0,60.0,1124.8282470703125,1276.982666015625,1124.858988997521,1277.020003594479,0.030741927208509878,0.03733757885402156,0.04836487240935923,1.0,-0.14285714285714285,0.8233178906068351,right,top
017,False,44,0.0,80.0,3276.553955078125,895.8729248046875,3276.5276640825296,895.6985885192543,-0.026290995595445565,-0.17433628543324176,0.1763075632752619,-1.0,0.14285714285714285,0.8233178906068351,left,bottom
017,False,45,20.0,80.0,3063.89013671875,912.6918334960938,3063.744282086338,912.6908473990384,-0.1458546324120107,-0.0009860970553745574,0.14585796578673849,-0.8,0.14285714285714285,0.6604858898858135,left,bottom
017,False,46,40.0,80.0,2850.156494140625,929.682861328125,2850.069248704806,929.7647370829167,-0.08724543581911348,0.08187575479166753,0.11964700286247174,-0.6,0.14285714285714285,0.4983193229757469,left,bottom
017,False,47,60.0,80.0,2635.544677734375,946.827880859375,2635.508765226388,946.9289053661494,-0.03591250798717738,0.10102450677436536,0.10721781194807546,-0.4,0.14285714285714285,0.3377779740177616,left,bottom
017,False,48,80.0,80.0,2420.062744140625,964.2044677734375,2420.0857177936437,964.18872867976,0.02297365301865284,-0.015739093677552773,0.027847940728395672,-0.2,0.14285714285714285,0.18318582636182795,left,bottom
017,False,49,100.0,80.0,2203.80517578125,981.5404663085938,2203.835816973789,981.5465551696241,0.030641192538951145,0.006088861030320913,0.03124030903905459,0.0,0.14285714285714285,0.08192319205190404,center,bottom
017,False,50,120.0,80.0,1986.851318359375,999.038818359375,1986.8035281683824,999.0019628832521,-0.0477901909926004,-0.03685547612292339,0.06035087799988167,0.2,0.14285714285714285,0.18318582636182795,right,bottom
017,False,51,140.0,80.0,1769.072509765625,1016.5258178710938,1769.0377852861886,1016.5520336331135,-0.034724479436363254,0.026215762019774047,0.04350925936400023,0.4,0.14285714285714285,0.3377779740177616,right,bottom
017,False,52,160.0,80.0,1550.55419921875,1034.1807861328125,1550.5874798616637,1034.1916431238324,0.03328064291372357,0.010856991019863926,0.035006791437608,0.6,0.14285714285714285,0.4983193229757469,right,bottom
017,False,53,180.0,80.0,1331.4696044921875,1051.84326171875,1331.4967175525203,1051.9137679496266,0.027113060332794703,0.07050623087661734,0.07553970236264261,0.8,0.14285714285714285,0.6604858898858135,right,bottom
017,False,54,200.0,80.0,1111.72265625,1069.74169921875,1111.7998336932073,1069.7098100880032,0.0771774432073471,-0.03188913074677657,0.08350613390529044,1.0,0.14285714285714285,0.8233178906068351,right,bottom
017,False,55,0.0,100.0,3245.5498046875,697.0787353515625,3245.4994974583115,696.9645703630724,-0.05030722918854735,-0.11416498849007439,0.12475761261569511,-1.0,0.42857142857142855,0.8553032352102229,left,bottom
017,False,56,20.0,100.0,3034.533935546875,713.4674072265625,3034.4488729129753,713.4304589564705,-0.08506263389972446,-0.036948270092011626,0.0927406402218078,-0.8,0.42857142857142855,0.6999520597198355,left,bottom
017,False,57,40.0,100.0,2822.6611328125,729.923828125,2822.53265422,729.9791350770577,-0.12847859249995963,0.055306952057662784,0.1398771163438798,-0.6,0.42857142857142855,0.5495574790854838,left,bottom
017,False,58,60.0,100.0,2609.775634765625,746.4657592773438,2609.7560904626566,746.6224270084923,-0.019544302968370175,0.15666773114855914,0.15788210082766396,-0.4,0.42857142857142855,0.40961596025952024,left,bottom
017,False,59,80.0,100.0,2396.122314453125,763.375,2396.1402464380567,763.3683180365078,0.01793198493169257,-0.0066819634921557736,0.019136476156830753,-0.2,0.42857142857142855,0.295378269592824,left,bottom
017,False,60,100.0,100.0,2181.66748046875,780.2330932617188,2181.7182907875713,780.2211490421624,0.05081031882127718,-0.011944219556312419,0.052195333886557616,0.0,0.42857142857142855,0.24576957615571215,center,bottom
017,False,61,120.0,100.0,1966.5296630859375,797.2077026367188,1966.531585030344,797.181834518352,0.0019219444066038704,-0.02586811836670222,0.02593941823048066,0.2,0.42857142857142855,0.295378269592824,right,bottom
017,False,62,140.0,100.0,1750.5428466796875,814.2991943359375,1750.6255663533038,814.2480925197527,0.0827196736163387,-0.05110181618476872,0.09723137364336416,0.4,0.42857142857142855,0.40961596025952024,right,bottom
017,False,63,160.0,100.0,1534.004150390625,831.39111328125,1534.0454167851863,831.4146890729328,0.04126639456126213,0.023575791682787894,0.04752613253312304,0.6,0.42857142857142855,0.5495574790854838,right,bottom
017,False,64,180.0,100.0,1316.724609375,848.6074829101562,1316.8315111493112,848.6736975904502,0.10690177431115444,0.06621468029391053,0.12574725936296896,0.8,0.42857142857142855,0.6999520597198355,right,bottom
017,False,65,200.0,100.0,1099.01904296875,866.0281372070312,1099.0146359500409,866.0147738503409,-0.004407018709116528,-0.01336335669031996,0.014071286932445887,1.0,0.42857142857142855,0.8553032352102229,right,bottom
017,False,66,0.0,120.0,3214.94140625,501.7893981933594,3214.9476228984267,501.6166705295375,0.006216648426743632,-0.1727276638218882,0.1728394994410391,-1.0,0.7142857142857143,0.9159291318091396,left,bottom
017,False,67,20.0,120.0,3005.626953125,517.53173828125,3005.6054789099044,517.5841786261884,-0.02147421509562264,0.05244034493841809,0.056666848255689496,-0.8,0.7142857142857143,0.7728618480955124,left,bottom
017,False,68,40.0,120.0,2795.56298828125,533.5099487304688,2795.4258931180357,533.6334857546307,-0.13709516321432602,0.12353702416191936,0.18454397881140783,-0.6,0.7142857142857143,0.6398405841726221,left,bottom
017,False,69,60.0,120.0,2584.400146484375,549.60693359375,2584.4125562542545,549.7793103127601,0.012409769879468513,0.17237671901011709,0.17282284468540096,-0.4,0.7142857142857143,0.5245643766354129,left,bottom
017,False,70,80.0,120.0,2372.5390625,566.0306396484375,2372.584131557214,566.0320022473508,0.045069057213822816,0.0013625989132606264,0.04508965063006425,-0.2,0.7142857142857143,0.4411698907260348,left,bottom
017,False,71,100.0,120.0,2159.860107421875,582.4949340820312,2159.9706841255284,582.397708626062,0.1105767036533507,-0.09722545596923737,0.14724128727794747,0.0,0.7142857142857143,0.40961596025952024,center,bottom
017,False,72,120.0,120.0,1946.638427734375,598.8760375976562,1946.6099206644033,598.8785510979003,-0.02850706997173802,0.0025135002440492826,0.028617664507265494,0.2,0.7142857142857143,0.4411698907260348,right,bottom
017,False,73,140.0,120.0,1732.521484375,615.526611328125,1732.5432328810414,615.4728156991471,0.02174850604137646,-0.053795628977923116,0.058025573777104086,0.4,0.7142857142857143,0.5245643766354129,right,bottom
017,False,74,160.0,120.0,1517.616943359375,632.283447265625,1517.8115375723619,632.175155476599,0.1945942129868854,-0.10829178902599779,0.2226971470370389,0.6,0.7142857142857143,0.6398405841726221,right,bottom
017,False,75,180.0,120.0,1302.4423828125,648.9356079101562,1302.4509062308548,648.9768064152762,0.008523418354798196,0.04119850511995082,0.0420709577329721,0.8,0.7142857142857143,0.7728618480955124,right,bottom
017,False,76,200.0,120.0,1086.470458984375,665.9422607421875,1086.4879767701223,665.8658171735096,0.01751778574725904,-0.07644356867785973,0.07842507258328506,1.0,0.7142857142857143,0.9159291318091396,right,bottom
017,False,77,0.0,140.0,3184.982421875,309.7214050292969,3184.875954630281,309.5776709562265,-0.10646724471916968,-0.14373407307039088,0.1788707856512517,-1.0,1.0,1.0,left,bottom
017,False,78,20.0,140.0,2977.3076171875,325.1373291015625,2977.216977633442,325.0763209595732,-0.09063955405781599,-0.06100814198930493,0.10925896827623321,-0.8,1.0,0.8708554769564043,left,bottom
017,False,79,40.0,140.0,2768.847412109375,340.5472412109375,2768.7503538343885,340.65326294052875,-0.09705827498646613,0.106021729591248,0.14373905484894559,-0.6,1.0,0.7552945112058728,left,bottom
017,False,80,60.0,140.0,2559.445556640625,356.24127197265625,2559.4776829438806,356.325822790257,0.032126303255608946,0.084550817600757,0.09044854956176925,-0.4,1.0,0.6604858898858135,left,bottom
017,False,81,80.0,140.0,2349.39892578125,372.1491394042969,2349.4147201433666,372.10648069805393,0.01579436211659413,-0.04265870624294621,0.04548875787479893,-0.2,1.0,0.5964098406184939,left,bottom
017,False,82,100.0,140.0,2138.549072265625,388.0914001464844,2138.587939772615,388.0030028814149,0.038867506989845424,-0.08839726506948864,0.0965647946788638,0.0,1.0,0.5734623443633283,center,bottom
017,False,83,120.0,140.0,1926.963623046875,404.0531921386719,1927.0309183666936,404.0185838061343,0.06729531981864056,-0.034608332537573006,0.07567295917647433,0.2,1.0,0.5964098406184939,right,bottom
017,False,84,140.0,140.0,1714.695068359375,420.2835998535156,1714.7805306728196,420.1519993052775,0.08546231344462285,-0.13160054823811151,0.15691561845743235,0.4,1.0,0.6604858898858135,right,bottom
017,False,85,160.0,140.0,1501.75244140625,436.4823303222656,1501.8729520797547,436.3977710191393,0.12051067350466838,-0.08455930312629789,0.1472178595611073,0.6,1.0,0.7552945112058728,right,bottom
017,False,86,180.0,140.0,1288.3197021484375,452.8167724609375,1288.3394606886513,452.7463425920175,0.019758540213842934,-0.07042986891997316,0.07314893264748741,0.8,1.0,0.8708554769564043,right,bottom
017,False,87,200.0,140.0,1074.206298828125,469.3618469238281,1074.2020320444121,469.184268075737,-0.004266783712864708,-0.17757884809111601,0.1776301008630576,1.0,1.0,1.0,right,bottom
018,False,0,0.0,0.0,3292.016845703125,264.2535095214844,3292.1496869546127,264.2233801536049,0.1328412514876618,-0.03012936787945364,0.13621518603160096,-1.0,-1.0,1.0,left,top
018,False,1,20.0,0.0,3298.428955078125,471.56378173828125,3298.3486661777342,471.6215080973959,-0.08028890039076941,0.0577263591146675,0.0988870065407708,-0.8,-1.0,0.8708554769564043,left,top
018,False,2,40.0,0.0,3304.50244140625,678.7593994140625,3304.513625692406,678.7405543620781,0.011184286156094458,-0.018845051984385464,0.02191401928254141,-0.6,-1.0,0.7552945112058728,left,top
018,False,3,60.0,0.0,3310.515380859375,885.5671997070312,3310.625674333532,885.5805977809167,0.1102934741570607,0.013398073885468875,0.11110427005959177,-0.4,-1.0,0.6604858898858135,left,top
018,False,4,80.0,0.0,3316.69140625,1091.9075927734375,3316.6700709431434,1092.1278073504857,-0.021335306856599345,0.22021457704818204,0.22124568981829895,-0.2,-1.0,0.5964098406184939,left,top
018,False,5,100.0,0.0,3322.529541015625,1298.267578125,3322.6362551875527,1298.3582359608401,0.10671417192770605,0.09065783584014753,0.14002413252520132,0.0,-1.0,0.5734623443633283,center,top
018,False,6,120.0,0.0,3328.53271484375,1504.1927490234375,3328.517876634215,1504.2415179976026,-0.01483820953490067,0.04876897416511383,0.05097632100612163,0.2,-1.0,0.5964098406184939,right,top
018,False,7,140.0,0.0,3334.26171875,1709.67333984375,3334.312822125795,1709.744472556457,0.051103375794809835,0.07113271270691257,0.08758663045619301,0.4,-1.0,0.6604858898858135,right,top
018,False,8,160.0,0.0,3339.976318359375,1914.7943115234375,3340.0232414883153,1914.8346139823948,0.046923128940306924,0.040302458957285126,0.06185521988928922,0.6,-1.0,0.7552945112058728,right,top
018,False,9,180.0,0.0,3345.777099609375,2119.279052734375,3345.65557160958,2119.483571418371,-0.1215279997950347,0.20451868399595696,0.23790112828151963,0.8,-1.0,0.8708554769564043,right,top
018,False,10,200.0,0.0,3351.096435546875,2323.612060546875,3351.2205589234613,2323.670419020739,0.12412337658633987,0.058358473863791005,0.1371580259660554,1.0,-1.0,1.0,right,top
018,False,11,0.0,20.0,3087.257080078125,269.77008056640625,3087.1433059369256,269.7375636416118,-0.11377414119942841,-0.03251692479443591,0.11832964803359501,-1.0,-0.7142857142857143,0.9159291318091396,left,top
018,False,12,20.0,20.0,3093.545654296875,477.364013671875,3093.528280748409,477.39891647116315,-0.01737354846591188,0.034902799288147435,0.03898776198303891,-0.8,-0.7142857142857143,0.7728618480955124,left,top
018,False,13,40.0,20.0,3099.8583984375,684.783935546875,3099.875925073557,684.7999310014978,0.017526636057027645,0.015995454622839134,0.02372841208481527,-0.6,-0.7142857142857143,0.6398405841726221,left,top
018,False,14,60.0,20.0,3106.04052734375,891.8294067382812,3106.1702975114995,891.9364434754953,0.12977016774948424,0.10703673721400264,0.16821759584285093,-0.4,-0.7142857142857143,0.5245643766354129,left,top
018,False,15,80.0,20.0,3112.357421875,1098.7139892578125,3112.3988740657915,1098.7903978069432,0.04145219079146045,0.0764085491307469,0.08692842171394465,-0.2,-0.7142857142857143,0.4411698907260348,left,top
018,False,16,100.0,20.0,3118.510986328125,1305.288330078125,3118.5525951390973,1305.3336609983553,0.0416088109723205,0.04533092023029894,0.06153198744926109,0.0,-0.7142857142857143,0.40961596025952024,center,top
018,False,17,120.0,20.0,3124.58935546875,1511.5015869140625,3124.6259105259232,1511.5317417500496,0.036555057173245586,0.03015483598710489,0.0473876179855925,0.2,-0.7142857142857143,0.4411698907260348,right,top
018,False,18,140.0,20.0,3130.729248046875,1717.3074951171875,3130.616822444745,1717.3474140154965,-0.11242560212986064,0.039918898308997086,0.11930228185774895,0.4,-0.7142857142857143,0.5245643766354129,right,top
018,False,19,160.0,20.0,3136.502685546875,1922.6795654296875,3136.526926650195,1922.7442472295256,0.024241103320036927,0.06468179983812661,0.06907507741922683,0.6,-0.7142857142857143,0.6398405841726221,right,top
018,False,20,180.0,20.0,3142.240478515625,2127.82421875,3142.361451665255,2127.6900449080204,0.1209731496301174,-0.13417384197964566,0.18065747369818305,0.8,-0.7142857142857143,0.7728618480955124,right,top
018,False,21,200.0,20.0,3148.10791015625,2332.361572265625,3148.1292961727213,2332.160193290192,0.021386016471296898,-0.20137897543281724,0.20251136621652077,1.0,-0.7142857142857143,0.9159291318091396,right,top
018,False,22,0.0,40.0,2881.62109375,275.33367919921875,2881.521004072096,275.27863979632707,-0.10008967790417955,-0.055039402891679856,0.11422468863444131,-1.0,-0.42857142857142855,0.8553032352102229,left,top
018,False,23,20.0,40.0,2888.16796875,483.0766296386719,2888.0737907366783,483.2077998756595,-0.09417801332165254,0.13117023698760022,0.1614779528746775,-0.8,-0.42857142857142855,0.6999520597198355,left,top
018,False,24,40.0,40.0,2894.76611328125,690.832275390625,2894.5895361968824,690.8919193192634,-0.17657708436763642,0.05964392863836565,0.18637828453764094,-0.6,-0.42857142857142855,0.5495574790854838,left,top
018,False,25,60.0,40.0,2901.25537109375,898.2686767578125,2901.055260276122,898.3233000783313,-0.20011081762777394,0.054623320518771834,0.2074320285687644,-0.4,-0.42857142857142855,0.40961596025952024,left,top
018,False,26,80.0,40.0,2907.54541015625,1105.4210205078125,2907.460658590716,1105.480357099231,-0.08475156553413399,0.05933659141851422,0.10345848897820954,-0.2,-0.42857142857142855,0.295378269592824,left,top
018,False,27,100.0,40.0,2913.6298828125,1312.183837890625,2913.798165957397,1312.3314557441051,0.1682831448970319,0.147617853480142,0.22385318296267334,0.0,-0.42857142857142855,0.24576957615571215,center,top
018,False,28,120.0,40.0,2919.992919921875,1518.7890625,2920.063017532847,1518.8386517144213,0.07009761097197043,0.04958921442130304,0.08586480798848663,0.2,-0.42857142857142855,0.295378269592824,right,top
018,False,29,140.0,40.0,2926.333251953125,1724.9488525390625,2926.253307730534,1724.9613352471615,-0.07994422259116618,0.012482708099014417,0.08091289592636718,0.4,-0.42857142857142855,0.40961596025952024,right,top
018,False,30,160.0,40.0,2932.369140625,1930.6505126953125,2932.3700469593787,1930.6597813246365,0.0009063343786692712,0.009268629323969435,0.00931283692282346,0.6,-0.42857142857142855,0.5495574790854838,right,top
018,False,31,180.0,40.0,2938.482421875,2135.941162109375,2938.417216228007,2135.898607610692,-0.06520564699303577,-0.04255449868287542,0.07786309625189099,0.8,-0.42857142857142855,0.6999520597198355,right,top
018,False,32,200.0,40.0,2944.442138671875,2340.77001953125,2944.401819657605,2340.650141798272,-0.040319014270153275,-0.11987773297778404,0.12647645542000974,1.0,-0.42857142857142855,0.8553032352102229,right,top
018,False,33,0.0,60.0,2675.38037109375,280.9318542480469,2675.2789261656467,280.86583924014326,-0.1014449281033194,-0.0660150079036157,0.12103327933424791,-1.0,-0.14285714285714285,0.8233178906068351,left,top
018,False,34,20.0,60.0,2681.95556640625,489.0512390136719,2681.9848409848514,489.0640143912608,0.02927457860141658,0.01277537758892322,0.031940745527148845,-0.8,-0.14285714285714285,0.6604858898858135,left,top
018,False,35,40.0,60.0,2688.6484375,696.9437255859375,2688.656917633917,697.0289938708002,0.008480133917146304,0.08526828486265003,0.08568893204300523,-0.6,-0.14285714285714285,0.4983193229757469,left,top
018,False,36,60.0,60.0,2695.2353515625,904.7237548828125,2695.285158126568,904.750266465173,0.04980656406814887,0.026511582360512875,0.05642302565028639,-0.4,-0.14285714285714285,0.3377779740177616,left,top
018,False,37,80.0,60.0,2701.842041015625,1112.2041015625,2701.861489450151,1112.203426829668,0.01944843452611167,-0.0006747328320670931,0.01946013540320626,-0.2,-0.14285714285714285,0.18318582636182795,left,top
018,False,38,100.0,60.0,2707.9462890625,1319.5196533203125,2708.379843625289,1319.3540352323564,0.4335545627891406,-0.16561808795609068,0.4641108811194953,0.0,-0.14285714285714285,0.08192319205190404,center,top
018,False,39,120.0,60.0,2714.833984375,1526.0899658203125,2714.8362352271074,1526.1613791048753,0.0022508521074087184,0.07141328456282281,0.0714487476955344,0.2,-0.14285714285714285,0.18318582636182795,right,top
018,False,40,140.0,60.0,2721.18212890625,1732.59765625,2721.228836417315,1732.582138184609,0.04670751106505122,-0.01551806539100653,0.049217902671400346,0.4,-0.14285714285714285,0.3377779740177616,right,top
018,False,41,160.0,60.0,2727.517822265625,1938.7088623046875,2727.5580495355957,1938.5739550038224,0.04022726997072823,-0.1349073008650521,0.14077717526641717,0.6,-0.14285714285714285,0.4983193229757469,right,top
018,False,42,180.0,60.0,2733.938232421875,2144.161865234375,2733.8265772979526,2144.0989124528082,-0.11165512392244636,-0.06295278156676432,0.12817924717024046,0.8,-0.14285714285714285,0.6604858898858135,right,top
018,False,43,200.0,60.0,2740.03125,2349.171142578125,2740.039490648848,2349.1269201160326,0.008240648848186538,-0.044222462092420756,0.04498371312991747,1.0,-0.14285714285714285,0.8233178906068351,right,top
018,False,44,0.0,80.0,2468.4541015625,286.5043029785156,2468.4275848683824,286.5140945651676,-0.02651669411761759,0.00979158665199975,0.028266769113057737,-1.0,0.14285714285714285,0.8233178906068351,left,bottom
018,False,45,20.0,80.0,2475.441162109375,494.92169189453125,2475.2754895203802,494.9797823332017,-0.16567258899476656,0.058090438670433286,0.17556168662083482,-0.8,0.14285714285714285,0.6604858898858135,left,bottom
018,False,46,40.0,80.0,2482.1220703125,703.2380981445312,2482.094969163865,703.2206538047616,-0.027101148635210848,-0.01744433976966775,0.032230067442489206,-0.6,0.14285714285714285,0.4983193229757469,left,bottom
018,False,47,60.0,80.0,2488.85888671875,911.1945190429688,2488.879038752176,911.2241187891333,0.020152033425802074,0.029599746164535645,0.035808510499594735,-0.4,0.14285714285714285,0.3377779740177616,left,bottom
018,False,48,80.0,80.0,2495.779541015625,1118.99951171875,2495.6218779817495,1118.9636731154558,-0.15766303387545122,-0.0358386032942235,0.16168499539812717,-0.2,0.14285714285714285,0.18318582636182795,left,bottom
018,False,49,100.0,80.0,2502.36669921875,1326.436767578125,2502.318928247343,1326.4027810259502,-0.04777097140686237,-0.033986552174837925,0.05862722437475821,0.0,0.14285714285714285,0.08192319205190404,center,bottom
018,False,50,120.0,80.0,2509.016357421875,1533.47900390625,2508.9669867838757,1533.4986586720631,-0.04937063799934549,0.019654765813129416,0.05313915426153655,0.2,0.14285714285714285,0.18318582636182795,right,bottom
018,False,51,140.0,80.0,2515.591064453125,1740.19384765625,2515.5642980482407,1740.2059605130519,-0.02676640488425619,0.01211285680187757,0.02937961419642411,0.4,0.14285714285714285,0.3377779740177616,right,bottom
018,False,52,160.0,80.0,2522.120849609375,1946.460693359375,2522.1106423935626,1946.4803703873004,-0.010207215812442882,0.019677027925354196,0.022166927676539952,0.6,0.14285714285714285,0.4983193229757469,right,bottom
018,False,53,180.0,80.0,2528.654541015625,2152.352294921875,2528.6074220874752,2152.2820989978727,-0.047118928149757267,-0.07019592400229158,0.08454384150556138,0.8,0.14285714285714285,0.6604858898858135,right,bottom
018,False,54,200.0,80.0,2535.131591796875,2357.59814453125,2535.0577447251853,2357.579289525491,-0.07384707168966997,-0.01885500575917831,0.07621614815324837,1.0,0.14285714285714285,0.8233178906068351,right,bottom
018,False,55,0.0,100.0,2260.992431640625,292.2903747558594,2260.9886312178883,292.2340332533108,-0.0038004227367309795,-0.056341502548548306,0.056469532691584556,-1.0,0.42857142857142855,0.8553032352102229,left,bottom
018,False,56,20.0,100.0,2267.9501953125,501.0111389160156,2267.9709942022128,500.9637059442307,0.02079888971275068,-0.04743297178492867,0.051792669612919215,-0.8,0.42857142857142855,0.6999520597198355,left,bottom
018,False,57,40.0,100.0,2274.98046875,709.4528198242188,2274.9318341214853,709.473457110467,-0.048634628514719225,0.02063728624830219,0.05283204211895564,-0.6,0.42857142857142855,0.5495574790854838,left,bottom
018,False,58,60.0,100.0,2281.89013671875,917.7469482421875,2281.867219684993,917.7493650697495,-0.022917033757039462,0.0024168275620013446,0.02304412054485342,-0.4,0.42857142857142855,0.40961596025952024,left,bottom
018,False,59,80.0,100.0,2288.669677734375,1125.7965087890625,2288.773614495228,1125.7635613107457,0.10393676085277548,-0.03294747831682798,0.10903387814805493,-0.2,0.42857142857142855,0.295378269592824,left,bottom
018,False,60,100.0,100.0,2295.681396484375,1333.5006103515625,2295.6479911462984,1333.4781358672067,-0.03340533807659085,-0.022474484355825552,0.040261880967878014,0.0,0.42857142857142855,0.24576957615571215,center,bottom
018,False,61,120.0,100.0,2302.484619140625,1540.8311767578125,2302.4879422294234,1540.848943083064,0.0033230887984245783,0.01776632525138666,0.018074435872255438,0.2,0.42857142857142855,0.295378269592824,right,bottom
018,False,62,140.0,100.0,2309.211181640625,1747.863037109375,2309.2917883030045,1747.829309583187,0.08060666237952319,-0.03372752618793129,0.08737837285463737,0.4,0.42857142857142855,0.40961596025952024,right,bottom
018,False,63,160.0,100.0,2316.0322265625,1954.4749755859375,2316.058682883835,1954.3736462349807,0.026456321334990207,-0.10132935095680295,0.1047261872881239,0.6,0.42857142857142855,0.5495574790854838,right,bottom
018,False,64,180.0,100.0,2322.78564453125,2160.4736328125,2322.788714515062,2160.4409658569552,0.003069983812110877,-0.03266695554475518,0.03281089430615439,0.8,0.42857142857142855,0.6999520597198355,right,bottom
018,False,65,200.0,100.0,2329.532958984375,2365.9306640625,2329.483005965614,2365.9983084017895,-0.049953018760788837,0.06764433928947255,0.08408959936416038,1.0,0.42857142857142855,0.8553032352102229,right,bottom
018,False,66,0.0,120.0,2053.0205078125,298.24285888671875,2052.991500589528,298.0319722951092,-0.029007222971813462,-0.21088659160955103,0.21287219993514903,-1.0,0.7142857142857143,0.9159291318091396,left,bottom
018,False,67,20.0,120.0,2060.0947265625,507.05950927734375,2060.1044754690583,507.0207832392616,0.009748906558343151,-0.03872603808213171,0.039934286078782244,-0.8,0.7142857142857143,0.7728618480955124,left,bottom
018,False,68,40.0,120.0,2067.14404296875,715.7362670898438,2067.2035785295475,715.7910574650008,0.05953556079748523,0.054790375157040216,0.0809102478634213,-0.6,0.7142857142857143,0.6398405841726221,left,bottom
018,False,69,60.0,120.0,2074.3349609375,924.3397827148438,2074.2879834099103,924.3283028238919,-0.046977527589660895,-0.011479890951818561,0.04835985933295295,-0.4,0.7142857142857143,0.5245643766354129,left,bottom
018,False,70,80.0,120.0,2081.264892578125,1132.594970703125,2081.356478960154,1132.6040342073472,0.09158638202916336,0.009063504222240226,0.09203375729577938,-0.2,0.7142857142857143,0.4411698907260348,left,bottom
018,False,71,100.0,120.0,2088.455322265625,1340.6717529296875,2088.407600734865,1340.5797022389668,-0.047721530760099995,-0.09205069072072547,0.10368545780508386,0.0,0.7142857142857143,0.40961596025952024,center,bottom
018,False,72,120.0,120.0,2095.34033203125,1548.216796875,2095.4397591095762,1548.210521637747,0.09942707832624365,-0.00627523725302126,0.09962490906934217,0.2,0.7142857142857143,0.4411698907260348,right,bottom
018,False,73,140.0,120.0,2102.463623046875,1755.4752197265625,2102.4513640817504,1755.4492010822241,-0.012258965124601673,-0.02601864433836454,0.028761990180314525,0.4,0.7142857142857143,0.5245643766354129,right,bottom
018,False,74,160.0,120.0,2109.38134765625,1962.4532470703125,2109.440946817078,1962.2495763757906,0.059599160827929154,-0.20367069452186115,0.212211714517391,0.6,0.7142857142857143,0.6398405841726221,right,bottom
018,False,75,180.0,120.0,2116.35302734375,2168.657470703125,2116.407278000821,2168.57014868411,0.054250657070952,-0.08732201901511871,0.10280208556983067,0.8,0.7142857142857143,0.7728618480955124,right,bottom
018,False,76,200.0,120.0,2123.256591796875,2374.24658203125,2123.3494830529553,2374.37752958665,0.0928912560802928,0.1309475553998709,0.16054920654234575,1.0,0.7142857142857143,0.9159291318091396,right,bottom
018,False,77,0.0,140.0,1844.60400390625,304.0246276855469,1844.4699308067288,303.9099145677692,-0.1340730995211743,-0.11471311777768278,0.17645026326274277,-1.0,1.0,1.0,left,bottom
018,False,78,20.0,140.0,1851.8770751953125,513.1865844726562,1851.7134519600008,513.152426071406,-0.16362323531166112,-0.03415840125023806,0.16715070897195589,-0.8,1.0,0.8708554769564043,left,bottom
018,False,79,40.0,140.0,1858.932861328125,722.1168823242188,1858.9507438066778,722.17424375816,0.017882478552792236,0.05736143394119608,0.060084250373798255,-0.6,1.0,0.7552945112058728,left,bottom
018,False,80,60.0,140.0,1866.1666259765625,931.0447387695312,1866.184146743395,930.961079825366,0.01752076683260384,-0.08365894416522224,0.08547395047172117,-0.4,1.0,0.6604858898858135,left,bottom
018,False,81,80.0,140.0,1873.5438232421875,1139.4693603515625,1873.4148266458408,1139.4845938094609,-0.1289965963467239,0.015233457898375491,0.12989295634706755,-0.2,1.0,0.5964098406184939,left,bottom
018,False,82,100.0,140.0,1880.67626953125,1347.66650390625,1880.6429240135594,1347.70634493957,-0.03334551769057725,0.03984103332004452,0.05195412867194962,0.0,1.0,0.5734623443633283,center,bottom
018,False,83,120.0,140.0,1887.6712646484375,1555.6497802734375,1887.8676994487055,1555.5816434336527,0.19643480026797988,-0.06813683978475638,0.20791647287354292,0.2,1.0,0.5964098406184939,right,bottom
018,False,84,140.0,140.0,1895.0234375,1763.1029052734375,1895.0876755347658,1763.0633025827865,0.0642380347658218,-0.03960269065100874,0.07546454940814544,0.4,1.0,0.6604858898858135,right,bottom
018,False,85,160.0,140.0,1902.326171875,1970.0867919921875,1902.3007751802097,1970.105293439074,-0.025396694790288166,0.018501446886602935,0.03142126100538996,0.6,1.0,0.7552945112058728,right,bottom
018,False,86,180.0,140.0,1909.445068359375,2176.593017578125,1909.504456490964,2176.6663038930437,0.059388131589003024,0.07328631491873239,0.09432833152346307,0.8,1.0,0.8708554769564043,right,bottom
018,False,87,200.0,140.0,1916.718017578125,2382.658935546875,1916.6958442345801,2382.713203897245,-0.02217334354486411,0.054268350369966356,0.05862346813210555,1.0,1.0,1.0,right,bottom
025,False,0,0.0,0.0,1206.6759033203125,2344.506103515625,1206.756595819764,2344.8542982385034,0.08069249945151569,0.34819472287836106,0.35742250140145276,-1.0,-1.0,1.0,left,top
025,False,1,20.0,0.0,1202.149658203125,2154.341064453125,1202.1411960109026,2154.47291483615,-0.00846219222239597,0.1318503830248119,0.1321216568205167,-0.8,-1.0,0.8708554769564043,left,top
025,False,2,40.0,0.0,1197.35498046875,1959.68994140625,1197.4588861957338,1959.8655337812397,0.10390572698383949,0.17559237498971925,0.2040320618299251,-0.6,-1.0,0.7552945112058728,left,top
025,False,3,60.0,0.0,1192.6619873046875,1760.719970703125,1192.7157780189164,1760.9158842339734,0.053790714228853176,0.19591353084842922,0.2031638563001514,-0.4,-1.0,0.6604858898858135,left,top
025,False,4,80.0,0.0,1188.0008544921875,1557.395263671875,1187.916437694178,1557.5111527753354,-0.08441679800944257,0.11588910346040393,0.14337531198579215,-0.2,-1.0,0.5964098406184939,left,top
025,False,5,100.0,0.0,1183.05615234375,1349.322509765625,1183.0633511322949,1349.5401906101463,0.007198788544883428,0.21768084452128278,0.21779984533514443,0.0,-1.0,0.5734623443633283,center,top
025,False,6,120.0,0.0,1178.123291015625,1136.6510009765625,1178.1562771989402,1136.8908564181504,0.0329861833151881,0.23985544158790617,0.24211303382724494,0.2,-1.0,0.5964098406184939,right,top
025,False,7,140.0,0.0,1173.2713623046875,919.276123046875,1173.1914681896,919.4462606149568,-0.07989411508742705,0.17013756808182734,0.18796239437292098,0.4,-1.0,0.6604858898858135,right,top
025,False,8,160.0,0.0,1168.1397705078125,696.8497314453125,1168.1607327508664,697.0796225801297,0.020962243053872953,0.22989113481719414,0.23084486024468248,0.6,-1.0,0.7552945112058728,right,top
025,False,9,180.0,0.0,1163.103759765625,469.63482666015625,1163.0503118897936,469.64738620704384,-0.053447875831352576,0.012559546887587203,0.05490371252388297,0.8,-1.0,0.8708554769564043,right,top
025,False,10,200.0,0.0,1157.93896484375,236.88308715820312,1157.8395332515092,236.98015826632263,-0.09943159224076226,0.0970711081195077,0.13895841668312994,1.0,-1.0,1.0,right,top
025,False,11,0.0,20.0,1419.36083984375,2345.292724609375,1419.3422238591845,2345.3438592650273,-0.018615984565485633,0.051134655652276706,0.05441790045581797,-1.0,-0.7142857142857143,0.9159291318091396,left,top
025,False,12,20.0,20.0,1417.0123291015625,2155.24609375,1417.039070617758,2155.1861922574963,0.026741516195443182,-0.05990149250374088,0.06559952356996866,-0.8,-0.7142857142857143,0.7728618480955124,left,top
025,False,13,40.0,20.0,1414.703369140625,1960.8389892578125,1414.712266492461,1960.804663292422,0.00889735183591256,-0.03432596539050792,0.035460326700164,-0.6,-0.7142857142857143,0.6398405841726221,left,top
025,False,14,60.0,20.0,1412.3692626953125,1762.08154296875,1412.3672665491601,1762.0849088680973,-0.001996146152350775,0.003365899347272716,0.003913295015395044,-0.4,-0.7142857142857143,0.5245643766354129,left,top
025,False,15,80.0,20.0,1410.0516357421875,1558.8443603515625,1410.0083828537613,1558.9163992508495,-0.04325288842619557,0.07203889928700846,0.08402627784028441,-0.2,-0.7142857142857143,0.4411698907260348,left,top
025,False,16,100.0,20.0,1407.70703125,1351.033203125,1407.6384013709394,1351.1907257951436,-0.0686298790606088,0.15752267014363497,0.1718238979567575,0.0,-0.7142857142857143,0.40961596025952024,center,top
025,False,17,120.0,20.0,1405.188232421875,1138.8575439453125,1405.258121512827,1138.799041734839,0.06988909095207418,-0.05850221047353443,0.09114271042928786,0.2,-0.7142857142857143,0.4411698907260348,right,top
025,False,18,140.0,20.0,1402.827392578125,921.7576904296875,1402.8658043122812,921.628426167729,0.038411734156170496,-0.12926426195849672,0.13485069796096413,0.4,-0.7142857142857143,0.5245643766354129,right,top
025,False,19,160.0,20.0,1400.529052734375,699.6031494140625,1400.4565126753446,699.556887632534,-0.07254005903041616,-0.046261781528528445,0.08603611215256973,0.6,-0.7142857142857143,0.6398405841726221,right,top
025,False,20,180.0,20.0,1397.95361328125,472.4085998535156,1398.0213241816857,472.4466585556636,0.06771090043571348,0.03805870214796414,0.07767387493232557,0.8,-0.7142857142857143,0.7728618480955124,right,top
025,False,21,200.0,20.0,1395.5386962890625,240.02297973632812,1395.546393360028,240.13535230873526,0.007697070965605235,0.11237257240713916,0.11263587319698505,1.0,-0.7142857142857143,0.9159291318091396,right,top
025,False,22,0.0,40.0,1631.6456298828125,2345.725830078125,1631.4855544799636,2345.7807601533086,-0.1600754028488609,0.05493007518361992,0.1692378437492727,-1.0,-0.42857142857142855,0.8553032352102229,left,top
025,False,23,20.0,40.0,1631.44287109375,2156.009521484375,1631.4931684578905,2155.8532293073067,0.05029736414053332,-0.15629217706828058,0.1641860817859668,-0.8,-0.42857142857142855,0.6999520597198355,left,top
025,False,24,40.0,40.0,1631.4984130859375,1961.952880859375,1631.5185661702308,1961.7065420728713,0.020153084293269785,-0.2463387865036566,0.24716177807789322,-0.6,-0.42857142857142855,0.5495574790854838,left,top
025,False,25,60.0,40.0,1631.4859619140625,1763.42236328125,1631.5662853063693,1763.2278463014995,0.08032339230680918,-0.19451697975046045,0.21044881269067456,-0.4,-0.42857142857142855,0.40961596025952024,left,top
025,False,26,80.0,40.0,1631.60498046875,1560.33935546875,1631.6400830194025,1560.3083738211383,0.03510255065248202,-0.03098164761172484,0.0468193501775405,-0.2,-0.42857142857142855,0.295378269592824,left,top
025,False,27,100.0,40.0,1631.792724609375,1352.923095703125,1631.7426978121161,1352.8417840472175,-0.05002679725885173,-0.08131165590748424,0.09546866412805498,0.0,-0.42857142857142855,0.24576957615571215,center,top
025,False,28,120.0,40.0,1631.94482421875,1140.8876953125,1631.8755673746157,1140.7216748132378,-0.06925684413431554,-0.16602049926223117,0.17988695515441183,0.2,-0.42857142857142855,0.295378269592824,right,top
025,False,29,140.0,40.0,1632.0364990234375,924.0242919921875,1632.0384950075393,923.8380334061769,0.0019959841017680446,-0.18625858601058098,0.18626928038513357,0.4,-0.42857142857142855,0.40961596025952024,right,top
025,False,30,160.0,40.0,1632.1358642578125,702.1370849609375,1632.2292560381168,702.0723482266769,0.0933917803042732,-0.06473673426057758,0.11363480712847746,0.6,-0.42857142857142855,0.5495574790854838,right,top
025,False,31,180.0,40.0,1632.4346923828125,475.3776550292969,1632.4431341986626,475.2910373058462,0.008441815850119383,-0.0866177234506722,0.08702812344652995,0.8,-0.42857142857142855,0.6999520597198355,right,top
025,False,32,200.0,40.0,1632.687744140625,243.34478759765625,1632.6723762503143,243.33677152563678,-0.015367890310699295,-0.008016072019472631,0.017332901177329125,1.0,-0.42857142857142855,0.8553032352102229,right,top
025,False,33,0.0,60.0,1843.0400390625,2346.136474609375,1843.1557362305202,2346.1572408375523,0.11569716802023322,0.02076622817730822,0.11754603745177507,-1.0,-0.14285714285714285,0.8233178906068351,left,top
025,False,34,20.0,60.0,1845.4447021484375,2156.634765625,1845.4690349182104,2156.4678071645453,0.02433276977285459,-0.16695846045467988,0.16872229017594462,-0.8,-0.14285714285714285,0.6604858898858135,left,top
025,False,35,40.0,60.0,1847.8040771484375,1962.79638671875,1847.840198380038,1962.566618918821,0.03612123160041847,-0.22976779992904994,0.2325897359226477,-0.6,-0.14285714285714285,0.4983193229757469,left,top
025,False,36,60.0,60.0,1850.266845703125,1764.54638671875,1850.2726890113092,1764.3419622471342,0.005843308184239504,-0.20442447161576638,0.20450796768322077,-0.4,-0.14285714285714285,0.3377779740177616,left,top
025,False,37,80.0,60.0,1852.736328125,1561.8082275390625,1852.7695262284203,1561.6863357743423,0.03319810342031815,-0.12189176472020335,0.12633177105269897,-0.2,-0.14285714285714285,0.18318582636182795,left,top
025,False,38,100.0,60.0,1855.753173828125,1354.45263671875,1855.333188658039,1354.4948274865628,-0.41998517008596536,0.04219076781282638,0.42209904522608566,0.0,-0.14285714285714285,0.08192319205190404,center,top
025,False,39,120.0,60.0,1857.978515625,1142.807861328125,1857.9655046633995,1142.6626686523605,-0.013010961600457449,-0.14519267576451966,0.1457744772497213,0.2,-0.14285714285714285,0.18318582636182795,right,top
025,False,40,140.0,60.0,1860.708740234375,926.1582641601562,1860.6675303190066,926.0817403596305,-0.041209915368426664,-0.07652380052570606,0.08691460850496273,0.4,-0.14285714285714285,0.3377779740177616,right,top
025,False,41,160.0,60.0,1863.469970703125,704.7464599609375,1863.4394139747467,704.6357563193576,-0.0305567283783148,-0.11070364157990298,0.11484341473605586,0.6,-0.14285714285714285,0.4983193229757469,right,top
025,False,42,180.0,60.0,1866.22119140625,478.37176513671875,1866.2802466161527,478.19378219192527,0.05905520990268087,-0.17798294479348442,0.18752452227378216,0.8,-0.14285714285714285,0.6604858898858135,right,top
025,False,43,200.0,60.0,1869.198486328125,246.7686309814453,1869.187897341577,246.60167429049284,-0.010588986548100365,-0.16695669095247467,0.16729214951669427,1.0,-0.14285714285714285,0.8233178906068351,right,top
025,False,44,0.0,80.0,2054.2763671875,2346.40380859375,2054.3141610183006,2346.4687898128614,0.03779383080063781,0.06498121911135968,0.07517268442583233,-1.0,0.14285714285714285,0.8233178906068351,left,bottom
025,False,45,20.0,80.0,2058.859130859375,2157.161376953125,2058.9241723816117,2157.0263137004285,0.06504152223669735,-0.13506325269645458,0.14990824474929038,-0.8,0.14285714285714285,0.6604858898858135,left,bottom
025,False,46,40.0,80.0,2063.51416015625,1963.5465087890625,2063.631215028343,1963.3822293014368,0.11705487209292187,-0.16427948762566302,0.201716615912623,-0.6,0.14285714285714285,0.4983193229757469,left,bottom
025,False,47,60.0,80.0,2068.378173828125,1765.5982666015625,2068.437616531063,1765.425602651862,0.05944270293821319,-0.17266394970056353,0.1826096231275871,-0.4,0.14285714285714285,0.3377779740177616,left,bottom
025,False,48,80.0,80.0,2073.3291015625,1563.126708984375,2073.3455885512312,1563.0497225666886,0.016486988731230667,-0.07698641768638481,0.0787320094091738,-0.2,0.14285714285714285,0.18318582636182795,left,bottom
025,False,49,100.0,80.0,2078.342529296875,1356.2216796875,2078.3572666519644,1356.1504884696767,0.014737355089437187,-0.07119121782329785,0.07270061299739089,0.0,0.14285714285714285,0.08192319205190404,center,bottom
025,False,50,120.0,80.0,2083.4130859375,1144.763916015625,2083.4747702046097,1144.6239812788945,0.061684267109740176,-0.13993473673053813,0.15292703931192414,0.2,0.14285714285714285,0.18318582636182795,right,bottom
025,False,51,140.0,80.0,2088.673828125,928.5321044921875,2088.700287839592,928.3629948714943,0.026459714591965167,-0.16910962069323432,0.17116711222456796,0.4,0.14285714285714285,0.3377779740177616,right,bottom
025,False,52,160.0,80.0,2093.980224609375,707.3024291992188,2094.036195148269,707.2522542492675,0.05597053889414383,-0.05017494995126981,0.07516799070557426,0.6,0.14285714285714285,0.4983193229757469,right,bottom
025,False,53,180.0,80.0,2099.471435546875,481.2629089355469,2099.4852128753664,481.161983788146,0.013777328491414664,-0.1009251474008579,0.1018611808209842,0.8,0.14285714285714285,0.6604858898858135,right,bottom
025,False,54,200.0,80.0,2104.95849609375,250.01052856445312,2105.0506157120512,249.93941237630588,0.09211961830123983,-0.07111618814724352,0.11637669995561938,1.0,0.14285714285714285,0.8233178906068351,right,bottom
025,False,55,0.0,100.0,2264.894775390625,2346.64111328125,2264.918609926065,2346.7140683357798,0.023834535440073523,0.07295505452975704,0.07674975609787918,-1.0,0.42857142857142855,0.8553032352102229,left,bottom
025,False,56,20.0,100.0,2271.748291015625,2157.552001953125,2271.8124101730054,2157.5276881574578,0.06411915738044627,-0.0243137956672399,0.06857424445757117,-0.8,0.42857142857142855,0.6999520597198355,left,bottom
025,False,57,40.0,100.0,2278.8818359375,1964.3291015625,2278.841915918319,1964.1525635104135,-0.039920019180954114,-0.176538052086471,0.18099528105973728,-0.6,0.42857142857142855,0.5495574790854838,left,bottom
025,False,58,60.0,100.0,2286.098388671875,1766.6048583984375,2286.008355504539,1766.4781886545718,-0.0900331673360597,-0.12666974386570473,0.15540654822614833,-0.4,0.42857142857142855,0.40961596025952024,left,bottom
025,False,59,80.0,100.0,2293.295166015625,1564.416748046875,2293.31317183113,1564.3981753542587,0.018005815505148348,-0.018572692616317,0.025868016990593552,-0.2,0.42857142857142855,0.295378269592824,left,bottom
025,False,60,100.0,100.0,2300.765869140625,1357.8206787109375,2300.758199033692,1357.8086299143179,-0.00767010693289194,-0.01204879661963787,0.014282998296695059,0.0,0.42857142857142855,0.24576957615571215,center,bottom
025,False,61,120.0,100.0,2308.368896484375,1146.6854248046875,2308.345890659287,1146.6057156035072,-0.023005825088148413,-0.07970920118032154,0.08296279130303809,0.2,0.42857142857142855,0.295378269592824,right,bottom
025,False,62,140.0,100.0,2316.097900390625,930.6422119140625,2316.07961103097,930.6821793097154,-0.018289359654772852,0.03996739565286589,0.043953309225294473,0.4,0.42857142857142855,0.40961596025952024,right,bottom
025,False,63,160.0,100.0,2323.985107421875,709.9873657226562,2323.964003954307,709.9225702842318,-0.021103467568082124,-0.06479543842442581,0.06814547075199238,0.6,0.42857142857142855,0.5495574790854838,right,bottom
025,False,64,180.0,100.0,2331.986083984375,484.27105712890625,2332.0054558902575,484.19681662062544,0.019371905882508145,-0.07424050828080908,0.07672629149980882,0.8,0.42857142857142855,0.6999520597198355,right,bottom
025,False,65,200.0,100.0,2340.2060546875,253.56988525390625,2340.2126743108092,253.35174920309146,0.006619623309234157,-0.21813605081479182,0.21823646825823953,1.0,0.42857142857142855,0.8553032352102229,right,bottom
025,False,66,0.0,120.0,2474.871337890625,2346.7060546875,2474.9272445109937,2346.8948359577435,0.05590662036865979,0.18878127024345304,0.19688554592904248,-1.0,0.7142857142857143,0.9159291318091396,left,bottom
025,False,67,20.0,120.0,2484.10400390625,2157.93603515625,2484.0881098950927,2157.973366683681,-0.015894011157342902,0.037331527430978895,0.04057416087856495,-0.8,0.7142857142857143,0.7728618480955124,left,bottom
025,False,68,40.0,120.0,2493.497314453125,1965.009765625,2493.4232824035153,1964.878635094129,-0.07403204960974108,-0.1311305308709052,0.15058539270428783,-0.6,0.7142857142857143,0.6398405841726221,left,bottom
025,False,69,60.0,120.0,2503.0205078125,1767.513427734375,2502.933019747791,1767.5002111899557,-0.08748806470885029,-0.01321654441926512,0.08848072396226414,-0.4,0.7142857142857143,0.5245643766354129,left,bottom
025,False,70,80.0,120.0,2512.65283203125,1565.6807861328125,2512.6181415376104,1565.7315634144366,-0.034690493639573106,0.050777281624050374,0.06149603790558694,-0.2,0.7142857142857143,0.4411698907260348,left,bottom
025,False,71,100.0,120.0,2522.4677734375,1359.275390625,2522.4803439219845,1359.4684036385047,0.012570484484513145,0.19301301350469657,0.19342192342736012,0.0,0.7142857142857143,0.40961596025952024,center,bottom
025,False,72,120.0,120.0,2532.556884765625,1148.550537109375,2532.52259703742,1148.6062162791811,-0.0342877282050722,0.05567916980612608,0.06538974121193879,0.2,0.7142857142857143,0.4411698907260348,right,bottom
025,False,73,140.0,120.0,2542.695556640625,932.9417724609375,2542.7496431418017,933.0367511118714,0.05408650117669822,0.09497865093385371,0.10929910220469247,0.4,0.7142857142857143,0.5245643766354129,right,bottom
025,False,74,160.0,120.0,2553.118408203125,712.4110107421875,2553.1686169592417,712.6432086584723,0.05020875611671727,0.2321979162848038,0.23756428923092113,0.6,0.7142857142857143,0.6398405841726221,right,bottom
025,False,75,180.0,120.0,2563.856689453125,487.2103576660156,2563.789814150602,487.29378522261754,-0.06687530252293072,0.0834275566019187,0.10692269772176465,0.8,0.7142857142857143,0.7728618480955124,right,bottom
025,False,76,200.0,120.0,2574.54541015625,256.9137878417969,2574.6276391118613,256.83316925129634,0.08222895561129917,-0.08061859050053499,0.11515623420040254,1.0,0.7142857142857143,0.9159291318091396,right,bottom
025,False,77,0.0,140.0,2684.21435546875,2346.96240234375,2684.3024476785517,2347.015877369693,0.08809220980174359,0.053475025943043875,0.10305249064124372,-1.0,1.0,1.0,left,bottom
025,False,78,20.0,140.0,2695.7060546875,2158.341064453125,2695.7102105592785,2158.367228710549,0.004155871778493747,0.0261642574241705,0.02649225616661484,-0.8,1.0,0.8708554769564043,left,bottom
025,False,79,40.0,140.0,2707.344482421875,1965.5853271484375,2707.331240300664,1965.5632495968164,-0.013242121211078484,-0.022077551621123348,0.02574435976582562,-0.6,1.0,0.7552945112058728,left,bottom
025,False,80,60.0,140.0,2719.29345703125,1768.3470458984375,2719.1650445579144,1768.4932252527487,-0.12841247333562933,0.14617935431124351,0.19457175266473234,-0.4,1.0,0.6604858898858135,left,bottom
025,False,81,80.0,140.0,2731.220947265625,1566.899658203125,2731.2120702578454,1567.0500074888355,-0.008877007779574342,0.15034928571049022,0.15061111838364802,-0.2,1.0,0.5964098406184939,left,bottom
025,False,82,100.0,140.0,2743.4736328125,1360.9224853515625,2743.4741590917797,1361.1283067653433,0.0005262792797111615,0.20582141378076813,0.20582208661996026,0.0,1.0,0.5734623443633283,center,bottom
025,False,83,120.0,140.0,2756.11181640625,1150.430908203125,2755.955117287772,1150.6221636368823,-0.15669911847817275,0.19125543375730558,0.24725139974028768,0.2,1.0,0.5964098406184939,right,bottom
025,False,84,140.0,140.0,2768.67919921875,935.2199096679688,2768.661423707373,935.4213792677136,-0.01777551137683986,0.20146959974488254,0.20225223960705932,0.4,1.0,0.6604858898858135,right,bottom
025,False,85,160.0,140.0,2781.614013671875,715.1516723632812,2781.603105135038,715.4066342349388,-0.010908536837177962,0.25496187165754236,0.25519512568825675,0.6,1.0,0.7552945112058728,right,bottom
025,False,86,180.0,140.0,2794.787841796875,490.34552001953125,2794.7948134218723,490.4429633057788,0.006971624997277104,0.09744328624753962,0.0976923619830261,0.8,1.0,0.8708554769564043,right,bottom
025,False,87,200.0,140.0,2808.1865234375,260.1506652832031,2808.2571461107104,260.3711788577498,0.07062267321043691,0.22051357454665776,0.2315465364256882,1.0,1.0,1.0,right,bottom
026,False,0,0.0,0.0,2025.3087158203125,2885.28271484375,2025.4196098969508,2885.3396441462783,0.11089407663826023,0.05692930252826045,0.12465328603693741,-1.0,-1.0,1.0,left,top
026,False,1,20.0,0.0,1900.291748046875,2734.421630859375,1900.51353167479,2734.4189522884976,0.22178362791510153,-0.002678570877378661,0.22179980241904937,-0.8,-1.0,0.8708554769564043,left,top
026,False,2,40.0,0.0,1773.3729248046875,2580.8330078125,1773.4648497698754,2580.858757568726,0.09192496518789994,0.02574975622610509,0.09546333940576589,-0.6,-1.0,0.7552945112058728,left,top
026,False,3,60.0,0.0,1644.2042236328125,2424.537353515625,1644.2369103642368,2424.5962292525332,0.03268673142429179,0.058875736908248655,0.06734073661382906,-0.4,-1.0,0.6604858898858135,left,top
026,False,4,80.0,0.0,1512.72998046875,2265.5283203125,1512.797305618008,2265.5765433500287,0.06732514925806754,0.048223037528714485,0.08281387004069353,-0.2,-1.0,0.5964098406184939,left,top
026,False,5,100.0,0.0,1379.112548828125,2103.5546875,1379.116448536041,2103.7518078644616,0.003899707915934414,0.19712036446162529,0.19715893539810359,0.0,-1.0,0.5734623443633283,center,top
026,False,6,120.0,0.0,1243.00439453125,1938.878173828125,1243.1656653360474,1939.0794954247597,0.16127080479736833,0.20132159663467064,0.25795088243990155,0.2,-1.0,0.5964098406184939,right,top
026,False,7,140.0,0.0,1104.9853515625,1771.2918701171875,1104.9147090630568,1771.5202784146707,-0.0706424994432382,0.22840829748315628,0.2390830673358988,0.4,-1.0,0.6604858898858135,right,top
026,False,8,160.0,0.0,964.2179565429688,1600.8067626953125,964.3285816270482,1601.035143125722,0.11062508407940186,0.2283804304095156,0.25376274395901843,0.6,-1.0,0.7552945112058728,right,top
026,False,9,180.0,0.0,821.3786010742188,1427.454833984375,821.363532138063,1427.581637757015,-0.015068936155785195,0.1268037726399598,0.1276960046070109,0.8,-1.0,0.8708554769564043,right,top
026,False,10,200.0,0.0,676.05419921875,1250.8193359375,675.9620769237229,1251.1090837405413,-0.09212229502713853,0.28974780304133674,0.30403997534592125,1.0,-1.0,1.0,right,top
026,False,11,0.0,20.0,2197.221435546875,2768.33349609375,2197.3477922220063,2768.394011507031,0.1263566751313192,0.06051541328088206,0.1401004089744127,-1.0,-0.7142857142857143,0.9159291318091396,left,top
026,False,12,20.0,20.0,2073.369140625,2615.897216796875,2073.44292307394,2615.9288478886056,0.07378244894016461,0.03163109173056,0.08027686924435394,-0.8,-0.7142857142857143,0.7728618480955124,left,top
026,False,13,40.0,20.0,1947.3372802734375,2460.93017578125,1947.3930064712163,2460.7821698353478,0.05572619777876753,-0.14800594590224136,0.15814919899036955,-0.6,-0.7142857142857143,0.6398405841726221,left,top
026,False,14,60.0,20.0,1819.177490234375,2302.9609375,1819.1600331906257,2302.892248413049,-0.017457043749345758,-0.06868908695105347,0.07087269603053038,-0.4,-0.7142857142857143,0.5245643766354129,left,top
026,False,15,80.0,20.0,1688.6875,2142.10546875,1688.710892610411,2142.2055760808908,0.023392610411065107,0.10010733089075075,0.10280414349584423,-0.2,-0.7142857142857143,0.4411698907260348,left,top
026,False,16,100.0,20.0,1556.01025390625,1978.557861328125,1556.0160649616266,1978.67575958107,0.005811055376625518,0.11789825294499678,0.11804137584793162,0.0,-0.7142857142857143,0.40961596025952024,center,top
026,False,17,120.0,20.0,1421.0302734375,1812.2603759765625,1421.047843785223,1812.2619052893003,0.017570347722994484,0.0015293127378299687,0.01763677738582155,0.2,-0.7142857142857143,0.4411698907260348,right,top
026,False,18,140.0,20.0,1283.541259765625,1642.9952392578125,1283.7779932630096,1642.9263886700312,0.23673349738464822,-0.0688505877812986,0.24654239437021283,0.4,-0.7142857142857143,0.5245643766354129,right,top
026,False,19,160.0,20.0,1144.242431640625,1470.5960693359375,1144.1747285197682,1470.6318802176586,-0.06770312085677688,0.03581088172109048,0.0765906771310273,0.6,-0.7142857142857143,0.6398405841726221,right,top
026,False,20,180.0,20.0,1002.02978515625,1295.2718505859375,1002.1988876678472,1295.3374777587148,0.16910251159720247,0.06562717277734009,0.1813906977637741,0.8,-0.7142857142857143,0.7728618480955124,right,top
026,False,21,200.0,20.0,857.7432250976562,1116.8343505859375,857.7991418260347,1116.9937686957808,0.05591672837840633,0.15941810984327276,0.16894026831559802,1.0,-0.7142857142857143,0.9159291318091396,right,top
026,False,22,0.0,40.0,2370.603515625,2650.57421875,2370.5452968730297,2650.5106479808846,-0.058218751970343874,-0.06357076911535842,0.08620130954285223,-1.0,-0.42857142857142855,0.8553032352102229,left,top
026,False,23,20.0,40.0,2247.597900390625,2496.6220703125,2247.6728882955995,2496.4784764255182,0.07498790497447771,-0.1435938869817619,0.16199503162440604,-0.8,-0.42857142857142855,0.6999520597198355,left,top
026,False,24,40.0,40.0,2122.625,2339.928955078125,2122.6539559951434,2339.725129488742,0.028955995143405744,-0.20382558938308648,0.20587209753171387,-0.6,-0.42857142857142855,0.5495574790854838,left,top
026,False,25,60.0,40.0,1995.4483642578125,2180.385009765625,1995.4486034704537,2180.189844579617,0.00023921264119053376,-0.1951651860081256,0.19516533260872426,-0.4,-0.42857142857142855,0.40961596025952024,left,top
026,False,26,80.0,40.0,1865.9853515625,2017.904052734375,1866.0224166518924,2017.8202420940252,0.037065089392399386,-0.08381064034983865,0.0916408439917298,-0.2,-0.42857142857142855,0.295378269592824,left,top
026,False,27,100.0,40.0,1734.531494140625,1852.6007080078125,1734.3452671495702,1852.5711759954158,-0.18622699105480933,-0.029532012396657592,0.1885540557864624,0.0,-0.42857142857142855,0.24576957615571215,center,top
026,False,28,120.0,40.0,1600.5594482421875,1684.5303955078125,1600.3896578428871,1684.4030602578782,-0.16979039930038198,-0.12733524993427636,0.2122334694868078,0.2,-0.42857142857142855,0.295378269592824,right,top
026,False,29,140.0,40.0,1464.1923828125,1513.4332275390625,1464.1285163453285,1513.2795590674027,-0.06386646717146505,-0.1536684716597847,0.16641191306880007,0.4,-0.42857142857142855,0.40961596025952024,right,top
026,False,30,160.0,40.0,1325.50927734375,1339.1563720703125,1325.5323252969583,1339.1645086901935,0.023047953208333638,0.008136619881042861,0.02444202794741301,0.6,-0.42857142857142855,0.5495574790854838,right,top
026,False,31,180.0,40.0,1184.6412353515625,1162.086181640625,1184.565459078703,1162.0179155528865,-0.0757762728594571,-0.0682660877384933,0.1019916774231631,0.8,-0.42857142857142855,0.6999520597198355,right,top
026,False,32,200.0,40.0,1041.152587890625,981.8311767578125,1041.181573942341,981.7908477699734,0.028986051715946815,-0.040328987839075126,0.04966506271217034,1.0,-0.42857142857142855,0.8553032352102229,right,top
026,False,33,0.0,60.0,2544.893798828125,2531.65673828125,2544.9968746812697,2531.686680426958,0.1030758531446736,0.029942145707991585,0.10733668334311862,-1.0,-0.14285714285714285,0.8233178906068351,left,top
026,False,34,20.0,60.0,2423.225830078125,2376.254638671875,2423.1866634167186,2376.067643210532,-0.03916666140639791,-0.1869954613430309,0.19105321229598937,-0.8,-0.14285714285714285,0.6604858898858135,left,top
026,False,35,40.0,60.0,2299.297607421875,2217.99267578125,2299.2300194184254,2217.690106791576,-0.06758800344960036,-0.3025689896740005,0.31002601781568045,-0.6,-0.14285714285714285,0.4983193229757469,left,top
026,False,36,60.0,60.0,2173.141845703125,2056.674560546875,2173.0846797183935,2056.494100105902,-0.057165984731454955,-0.18046044097309277,0.1892984959436288,-0.4,-0.14285714285714285,0.3377779740177616,left,top
026,False,37,80.0,60.0,2044.696044921875,1892.5045166015625,2044.7143821943664,1892.4281361733724,0.01833727249140793,-0.07638042819007751,0.07855078212802043,-0.2,-0.14285714285714285,0.18318582636182795,left,top
026,False,38,100.0,60.0,1914.4476318359375,1725.104736328125,1914.0877736148595,1725.4480092837694,-0.35985822107795684,0.3432729556443519,0.49732711705094146,0.0,-0.14285714285714285,0.08192319205190404,center,top
026,False,39,120.0,60.0,1781.144775390625,1555.5654296875,1781.1768716003041,1555.5150496022738,0.032096209679139065,-0.050380085226152005,0.05973541381091789,0.2,-0.14285714285714285,0.18318582636182795,right,top
026,False,40,140.0,60.0,1645.94775390625,1382.70703125,1645.954986842008,1382.593719037576,0.007232935758111125,-0.11331221242403444,0.11354282383361121,0.4,-0.14285714285714285,0.3377779740177616,right,top
026,False,41,160.0,60.0,1508.3712158203125,1206.7308349609375,1508.3939953208178,1206.648411452709,0.02277950050529398,-0.08242350822843036,0.08551339282213527,0.6,-0.14285714285714285,0.4983193229757469,right,top
026,False,42,180.0,60.0,1368.5216064453125,1027.7646484375,1368.4608308674212,1027.63929601657,-0.06077557789126331,-0.12535242093008492,0.13930865120677252,0.8,-0.14285714285714285,0.6604858898858135,right,top
026,False,43,200.0,60.0,1226.2470703125,845.5671997070312,1226.1130457345034,845.5170140981578,-0.13402457799656986,-0.05018560887344847,0.14311248319122055,1.0,-0.14285714285714285,0.8233178906068351,right,top
026,False,44,0.0,80.0,2720.557861328125,2411.890625,2720.682482039757,2411.927022596905,0.12462071163190558,0.03639759690486244,0.1298272191340915,-1.0,0.14285714285714285,0.8233178906068351,left,bottom
026,False,45,20.0,80.0,2599.93505859375,2254.79736328125,2599.9617837418064,2254.7038907180577,0.026725148056357284,-0.09347256319233566,0.09721807243707005,-0.8,0.14285714285714285,0.6604858898858135,left,bottom
026,False,46,40.0,80.0,2477.098388671875,2094.829345703125,2477.0968906712874,2094.687224087849,-0.0014980005876168434,-0.14212161527620992,0.1421295097243339,-0.6,0.14285714285714285,0.4983193229757469,left,bottom
026,False,47,60.0,80.0,2352.0771484375,1931.9710693359375,2352.0427481075094,1931.8176232249523,-0.034400329990603495,-0.15344611098521455,0.1572548621822206,-0.4,0.14285714285714285,0.3377779740177616,left,bottom
026,False,48,80.0,80.0,2224.755615234375,1766.1163330078125,2224.7607587897155,1766.0442050826066,0.00514355534050992,-0.07212792520590483,0.07231109013180129,-0.2,0.14285714285714285,0.18318582636182795,left,bottom
026,False,49,100.0,80.0,2095.171875,1597.3922119140625,2095.217789775012,1597.323334505547,0.04591477501207919,-0.06887740851539093,0.08277840278844414,0.0,0.14285714285714285,0.08192319205190404,center,bottom
026,False,50,120.0,80.0,1963.4097900390625,1425.69384765625,1963.3847442369206,1425.6167926350538,-0.02504580214190355,-0.07705502119620178,0.08102325898455631,0.2,0.14285714285714285,0.18318582636182795,right,bottom
026,False,51,140.0,80.0,1829.2498779296875,1250.992919921875,1829.2346052961975,1250.8892617192828,-0.01527263348998531,-0.10365820259221437,0.10477726995092007,0.4,0.14285714285714285,0.3377779740177616,right,bottom
026,False,52,160.0,80.0,1692.6971435546875,1073.226806640625,1692.7398423493705,1073.1049841912334,0.042698794683019514,-0.12182244939162956,0.12908871462354407,0.6,0.14285714285714285,0.4983193229757469,right,bottom
026,False,53,180.0,80.0,1553.9261474609375,892.3865966796875,1553.8690509095322,892.2234286107456,-0.05709655140526593,-0.16316806894189995,0.17286941575826184,0.8,0.14285714285714285,0.6604858898858135,right,bottom
026,False,54,200.0,80.0,1412.5045166015625,708.3230590820312,1412.5826742195536,708.1937655074745,0.07815761799110987,-0.12929357455675472,0.1510809110103171,1.0,0.14285714285714285,0.8233178906068351,right,bottom
026,False,55,0.0,100.0,2897.51611328125,2291.295166015625,2897.5803481125954,2291.242631296487,0.0642348313454022,-0.05253471913783869,0.08298198764107702,-1.0,0.42857142857142855,0.8553032352102229,left,bottom
026,False,56,20.0,100.0,2777.97412109375,2132.273681640625,2777.9732172969193,2132.400644020212,-0.0009037968306984112,0.12696237958698475,0.12696559643895974,-0.8,0.42857142857142855,0.6999520597198355,left,bottom
026,False,57,40.0,100.0,2656.32080078125,1970.8082275390625,2656.226839190431,1970.7322817182176,-0.09396159081916267,-0.07594582084493595,0.12081617546123062,-0.6,0.42857142857142855,0.5495574790854838,left,bottom
026,False,58,60.0,100.0,2532.355712890625,1806.2481689453125,2532.2929974097083,1806.1784448060012,-0.0627154809167223,-0.06972413931134724,0.09377999333186113,-0.4,0.42857142857142855,0.40961596025952024,left,bottom
026,False,59,80.0,100.0,2406.13525390625,1638.679443359375,2406.130331728513,1638.6885045829408,-0.004922177737171296,0.00906122356582273,0.01031181876228078,-0.2,0.42857142857142855,0.295378269592824,left,bottom
026,False,60,100.0,100.0,2277.704345703125,1468.2078857421875,2277.7034380120294,1468.2189552545335,-0.0009076910955627682,0.011069512346011834,0.011106664967643183,0.0,0.42857142857142855,0.24576957615571215,center,bottom
026,False,61,120.0,100.0,2147.013427734375,1294.8065185546875,2146.981543580077,1294.7314802002954,-0.03188415429804081,-0.07503835439206341,0.08153130641152621,0.2,0.42857142857142855,0.295378269592824,right,bottom
026,False,62,140.0,100.0,2013.975341796875,1118.201904296875,2013.9366657833596,1118.1903071948757,-0.03867601351544181,-0.011597101999313963,0.04037730546023508,0.4,0.42857142857142855,0.40961596025952024,right,bottom
026,False,63,160.0,100.0,1878.6038818359375,938.5753173828125,1878.5411449162095,938.5587048023601,-0.06273691972796769,-0.01661258045237446,0.06489914426431273,0.6,0.42857142857142855,0.5495574790854838,right,bottom
026,False,64,180.0,100.0,1740.838623046875,755.861328125,1740.7644230778203,755.7944458425129,-0.07419996905468906,-0.06688228248708583,0.09989431975042007,0.8,0.42857142857142855,0.6999520597198355,right,bottom
026,False,65,200.0,100.0,1600.697265625,570.1552734375,1600.5689177456475,569.8440330208116,-0.1283478793525319,-0.3112404166884062,0.33666567261107094,1.0,0.42857142857142855,0.8553032352102229,right,bottom
026,False,66,0.0,120.0,3075.672119140625,2169.408447265625,3075.670395133903,2169.648541114187,-0.0017240067218153854,0.2400938485620827,0.2401000381435396,-1.0,0.7142857142857143,0.9159291318091396,left,bottom
026,False,67,20.0,120.0,2957.330078125,2008.9676513671875,2957.1968654168854,2009.1751208066494,-0.13321270811456998,0.20746943946187457,0.2465546469118805,-0.8,0.7142857142857143,0.7728618480955124,left,bottom
026,False,68,40.0,120.0,2836.7490234375,1845.8262939453125,2836.5922944080103,1845.8445334701007,-0.15672902948972478,0.018239524788214112,0.15778678318950196,-0.6,0.7142857142857143,0.6398405841726221,left,bottom
026,False,69,60.0,120.0,2713.888916015625,1679.53369140625,2713.8049913055575,1679.597648429789,-0.08392471006754931,0.06395702353893284,0.10551709728703601,-0.4,0.7142857142857143,0.5245643766354129,left,bottom
026,False,70,80.0,120.0,2588.787353515625,1510.26708984375,2588.7904664282796,1510.38367228008,0.0031129126546147745,0.11658243632996346,0.11662398846646108,-0.2,0.7142857142857143,0.4411698907260348,left,bottom
026,False,71,100.0,120.0,2461.4619140625,1338.0006103515625,2461.5106187719066,1338.1587062579479,0.04870470940659288,0.15809590638536974,0.1654281243748845,0.0,0.7142857142857143,0.40961596025952024,center,bottom
026,False,72,120.0,120.0,2331.92919921875,1162.8555908203125,2331.932508964719,1162.8836927072505,0.003309745969090727,0.028101886937974996,0.028296121074356497,0.2,0.7142857142857143,0.4411698907260348,right,bottom
026,False,73,140.0,120.0,2199.931884765625,984.5003662109375,2200.026626042007,984.5216201943264,0.09474127638213758,0.021253983388874076,0.09709604142502987,0.4,0.7142857142857143,0.5245643766354129,right,bottom
026,False,74,160.0,120.0,2065.651123046875,802.93310546875,2065.7645397560177,803.0338333888451,0.11341670914271162,0.10072792009509612,0.1516887068948988,0.6,0.7142857142857143,0.6398405841726221,right,bottom
026,False,75,180.0,120.0,1929.13818359375,618.2943725585938,1929.115810556371,618.3752663696389,-0.022373037379111338,0.0808938110451436,0.08393069442685738,0.8,0.7142857142857143,0.7728618480955124,right,bottom
026,False,76,200.0,120.0,1789.9998779296875,430.7642517089844,1790.0440064221953,430.48838586967076,0.044128492507752526,-0.2758658393136102,0.2793730215164116,1.0,0.7142857142857143,0.9159291318091396,right,bottom
026,False,77,0.0,140.0,3255.01904296875,2046.913818359375,3254.938039350062,2047.1616599260049,-0.08100361868810069,0.2478415666298588,0.26074322309527037,-1.0,1.0,1.0,left,bottom
026,False,78,20.0,140.0,3137.737060546875,1884.97216796875,3137.6134593963548,1885.0459869625302,-0.12360115052024412,0.07381899378015078,0.1439669693111652,-0.8,1.0,0.8708554769564043,left,bottom
026,False,79,40.0,140.0,3018.34765625,1719.885009765625,3018.1698425529476,1720.0441911983066,-0.17781369705244288,0.15918143268163476,0.23865548258951805,-0.6,1.0,0.7552945112058728,left,bottom
026,False,80,60.0,140.0,2896.565673828125,1551.955322265625,2896.5517701412236,1552.0967119706606,-0.013903686901358014,0.14138970503563542,0.14207167627474163,-0.4,1.0,0.6604858898858135,left,bottom
026,False,81,80.0,140.0,2772.6943359375,1380.9376220703125,2772.7113203533268,1381.1520929201406,0.01698441582675514,0.21447084982810338,0.2151423152403195,-0.2,1.0,0.5964098406184939,left,bottom
026,False,82,100.0,140.0,2646.59228515625,1206.930419921875,2646.607338298917,1207.1654278420763,0.015053142667056818,0.23500792020126937,0.23548953195732705,0.0,1.0,0.5734623443633283,center,bottom
026,False,83,120.0,140.0,2518.263671875,1030.0184326171875,2518.2043009251443,1030.0961677789173,-0.05937094985574731,0.07773516172983364,0.0978144419599532,0.2,1.0,0.5964098406184939,right,bottom
026,False,84,140.0,140.0,2387.38623046875,849.8322143554688,2387.4706858100285,849.9051533326507,0.08445534127849896,0.0729389771819342,0.11159211021758864,0.4,1.0,0.6604858898858135,right,bottom
026,False,85,160.0,140.0,2254.274658203125,666.4485473632812,2254.376736075427,666.5507116988532,0.10207787230183385,0.10216433557195614,0.14442106313321737,0.6,1.0,0.7552945112058728,right,bottom
026,False,86,180.0,140.0,2118.782958984375,480.129150390625,2118.8914940043296,479.9836292521677,0.10853501995461556,-0.14552113845729764,0.1815385697157956,0.8,1.0,0.8708554769564043,right,bottom
026,False,87,200.0,140.0,1980.9058837890625,290.2787780761719,1980.9789528765136,290.1407769294167,0.07306908745113105,-0.1380011467551867,0.1561518749381115,1.0,1.0,1.0,right,bottom
027,True,0,0.0,0.0,432.6933898925781,427.88525390625,432.66420278515216,428.2783093778294,-0.02918710742596886,0.39305547157937326,0.3941376548597946,-1.0,-1.0,1.0,left,top
027,True,1,20.0,0.0,668.9752807617188,418.3963928222656,668.8652356044063,418.7300705773796,-0.11004515731247011,0.3336777551139676,0.35135563309248824,-0.8,-1.0,0.8708554769564043,left,top
027,True,2,40.0,0.0,904.5961303710938,409.1006164550781,904.4666125465949,409.1767619873667,-0.12951782449886196,0.07614553228859222,0.1502431660689798,-0.6,-1.0,0.7552945112058728,left,top
027,True,3,60.0,0.0,1139.6114501953125,399.61016845703125,1139.5120884131627,399.65209134903694,-0.09936178214979918,0.04192289200568666,0.107843834437137,-0.4,-1.0,0.6604858898858135,left,top
027,True,4,80.0,0.0,1373.9761962890625,390.1993103027344,1374.012072670644,390.1838453068892,0.03587638158160189,-0.015464995845150042,0.03906764456528204,-0.2,-1.0,0.5964098406184939,left,top
027,True,5,100.0,0.0,1607.96435546875,380.8084411621094,1607.9512821221365,380.7937841184132,-0.013073346613509784,-0.014657043696161054,0.019640298408836417,0.0,-1.0,0.5734623443633283,center,top
027,True,6,120.0,0.0,1841.270263671875,371.4835205078125,1841.2960877459918,371.49754431515794,0.025824074116826523,0.0140238073454384,0.029386220860350885,0.2,-1.0,0.5964098406184939,right,top
027,True,7,140.0,0.0,2073.941162109375,362.4179382324219,2074.0015646068714,362.30454904461226,0.0604024974963977,-0.11338918780961649,0.12847400365804287,0.4,-1.0,0.6604858898858135,right,top
027,True,8,160.0,0.0,2305.97900390625,353.124755859375,2306.0182535116555,353.217925829995,0.03924960540553002,0.09316997062001064,0.10109982665575376,0.6,-1.0,0.7552945112058728,right,top
027,True,9,180.0,0.0,2537.137451171875,344.0718994140625,2537.298642855907,344.23443149241916,0.1611916840320191,0.16253207835666217,0.22890922981831566,0.8,-1.0,0.8708554769564043,right,top
027,True,10,200.0,0.0,2767.593994140625,335.0517883300781,2767.8033788855237,335.3443839871004,0.20938474489867076,0.2925956570222752,0.3597974289855034,1.0,-1.0,1.0,right,top
027,True,11,0.0,20.0,460.6315612792969,650.464111328125,460.5499451384567,650.7242998953988,-0.08161614084019675,0.26018856727375805,0.27268898948365655,-1.0,-0.7142857142857143,0.9159291318091396,left,top
027,True,12,20.0,20.0,693.302001953125,640.8479614257812,693.3544632081248,640.9978044803886,0.05246125499979826,0.14984305460734504,0.1587612178405471,-0.8,-0.7142857142857143,0.7728618480955124,left,top
027,True,13,40.0,20.0,925.7027587890625,631.3550415039062,925.6124321353846,631.2791411736614,-0.09032665367794834,-0.0759003302448491,0.11798205158384548,-0.6,-0.7142857142857143,0.6398405841726221,left,top
027,True,14,60.0,20.0,1157.375732421875,621.7527465820312,1157.3575195196022,621.5939342997618,-0.018212902272807696,-0.15881228226942312,0.15985321644815836,-0.4,-0.7142857142857143,0.5245643766354129,left,top
027,True,15,80.0,20.0,1388.67041015625,612.0623779296875,1388.592445988345,611.9635591344903,-0.07796416790506555,-0.0988187951971895,0.12587122690016705,-0.2,-0.7142857142857143,0.4411698907260348,left,top
027,True,16,100.0,20.0,1619.348876953125,602.54443359375,1619.2961003296182,602.4049991843418,-0.05277662350681567,-0.13943440940818164,0.14908831783808071,0.0,-0.7142857142857143,0.40961596025952024,center,top
027,True,17,120.0,20.0,1849.3629150390625,592.9033203125,1849.4303739724721,592.9307118745387,0.06745893340962539,0.027391562038701522,0.07280800345899005,0.2,-0.7142857142857143,0.4411698907260348,right,top
027,True,18,140.0,20.0,2078.82861328125,583.5425415039062,2078.9467228768112,583.5485023756379,0.11810959556123635,0.005960871731645057,0.1182599194801009,0.4,-0.7142857142857143,0.5245643766354129,right,top
027,True,19,160.0,20.0,2307.710205078125,574.3372192382812,2307.792464685501,574.2614053060225,0.08225960737581772,-0.07581393225871125,0.111867758224397,0.6,-0.7142857142857143,0.6398405841726221,right,top
027,True,20,180.0,20.0,2535.87939453125,564.995849609375,2535.9168187893433,565.0675740547365,0.03742425809332417,0.07172444536149669,0.08090099601519171,0.8,-0.7142857142857143,0.7728618480955124,right,top
027,True,21,200.0,20.0,2763.27197265625,555.7279663085938,2763.276696758,555.9601774760715,0.004724101750070986,0.2322111674777716,0.23225921604693045,1.0,-0.7142857142857143,0.9159291318091396,right,top
027,True,22,0.0,40.0,487.6312561035156,866.8585815429688,487.6672693159062,867.0447389322688,0.036013212390571425,0.1861573893000923,0.18960887388968514,-1.0,-0.42857142857142855,0.8553032352102229,left,top
027,True,23,20.0,40.0,717.1635131835938,857.1591796875,717.1884179549688,857.182647321536,0.02490477137507696,0.02346763403602381,0.03421954828009271,-0.8,-0.42857142857142855,0.6999520597198355,left,top
027,True,24,40.0,40.0,946.2257690429688,847.5143432617188,946.2049689144003,847.334969389751,-0.020800128568453147,-0.1793738719677549,0.1805758325279679,-0.6,-0.42857142857142855,0.5495574790854838,left,top
027,True,25,60.0,40.0,1174.71826171875,837.6786499023438,1174.7427270158714,837.5202230255502,0.024465297121423646,-0.1584268767935555,0.16030479111305423,-0.4,-0.42857142857142855,0.40961596025952024,left,top
027,True,26,80.0,40.0,1402.8419189453125,827.9259643554688,1402.798715908835,827.7541423121254,-0.04320303647750734,-0.17182204334335438,0.17717030490339622,-0.2,-0.42857142857142855,0.295378269592824,left,top
027,True,27,100.0,40.0,1630.326904296875,818.287841796875,1630.3478009600462,818.0495040089324,0.020896663171242835,-0.23833778794255522,0.23925210906707342,0.0,-0.42857142857142855,0.24576957615571215,center,top
027,True,28,120.0,40.0,1857.2769775390625,808.648681640625,1857.3490542745947,808.4159627538617,0.0720767355321641,-0.23271888676333674,0.24362499063384338,0.2,-0.42857142857142855,0.295378269592824,right,top
027,True,29,140.0,40.0,2083.642578125,799.03125,2083.751869155416,798.8598947188897,0.10929103041598864,-0.17135528111032272,0.20324163376086674,0.4,-0.42857142857142855,0.40961596025952024,right,top
027,True,30,160.0,40.0,2309.503173828125,789.4364013671875,2309.5018311225376,789.3842494592985,-0.0013427055873762583,-0.05215190788896962,0.05216918970766119,0.6,-0.42857142857142855,0.5495574790854838,right,top
027,True,31,180.0,40.0,2534.537353515625,779.9638061523438,2534.546352432116,779.9884097034047,0.008998916490781994,0.024603551060977225,0.026197618647850068,0.8,-0.42857142857142855,0.6999520597198355,right,top
027,True,32,200.0,40.0,2758.855712890625,770.5374145507812,2758.8400768586366,770.6680588364363,-0.015636031988378818,0.13064428565508024,0.13157665017269518,1.0,-0.42857142857142855,0.8553032352102229,right,top
027,True,33,0.0,60.0,514.0931396484375,1077.2198486328125,514.0750297436807,1077.4949546180183,-0.01810990475678409,0.27510598520575513,0.27570141774450296,-1.0,-0.14285714285714285,0.8233178906068351,left,top
027,True,34,20.0,60.0,740.292236328125,1067.529052734375,740.4145351856278,1067.5286783361666,0.12229885750275571,-0.00037439820835061255,0.12229943058124908,-0.8,-0.14285714285714285,0.6604858898858135,left,top
027,True,35,40.0,60.0,966.2445678710938,1057.8192138671875,966.2820163708461,1057.5790337338308,0.0374484997523723,-0.2401801333567164,0.24308205732417498,-0.6,-0.14285714285714285,0.4983193229757469,left,top
027,True,36,60.0,60.0,1191.6796875,1047.9144287109375,1191.6972928496307,1047.6582761058598,0.01760534963068494,-0.25615260507765925,0.256756899466577,-0.4,-0.14285714285714285,0.3377779740177616,left,top
027,True,37,80.0,60.0,1416.6534423828125,1037.947265625,1416.653363037387,1037.7771599718017,-7.934542554721702e-05,-0.17010565319833404,0.17010567170358679,-0.2,-0.14285714285714285,0.18318582636182795,left,top
027,True,38,100.0,60.0,1641.248779296875,1028.37353515625,1641.1225757138802,1027.944740434606,-0.1262035829947763,-0.4287947216439534,0.4469812721696904,0.0,-0.14285714285714285,0.08192319205190404,center,top
027,True,39,120.0,60.0,1865.021728515625,1018.2822875976562,1865.0625642977755,1018.1681834524163,0.04083578215045236,-0.11410414523993495,0.12119124169994866,0.2,-0.14285714285714285,0.18318582636182795,right,top
027,True,40,140.0,60.0,2088.45751953125,1008.5948486328125,2088.421950529304,1008.4525847614984,-0.03556900194598711,-0.14226387131407137,0.1466429779454178,0.4,-0.14285714285714285,0.3377779740177616,right,top
027,True,41,160.0,60.0,2311.2392578125,998.8980102539062,2311.145824027559,998.8007971950964,-0.0934337849412259,-0.09721305880987074,0.13483416099644274,0.6,-0.14285714285714285,0.4983193229757469,right,top
027,True,42,180.0,60.0,2533.2099609375,989.2357177734375,2533.1810040265964,989.2132661495656,-0.028956910903616517,-0.022451623871916127,0.03664120772526445,0.8,-0.14285714285714285,0.6604858898858135,right,top
027,True,43,200.0,60.0,2754.552490234375,979.6844482421875,2754.4810894361685,979.6878729555449,-0.07140079820646861,0.003424713357389919,0.0714828835883188,1.0,-0.14285714285714285,0.8233178906068351,right,top
027,True,44,0.0,80.0,539.8245239257812,1282.068115234375,539.8185262345157,1282.3010818508017,-0.005997691265520189,0.2329666164266655,0.23304380847773146,-1.0,0.14285714285714285,0.8233178906068351,left,bottom
027,True,45,20.0,80.0,762.9688110351562,1272.114013671875,763.0691622326005,1272.2529644710046,0.10035119744429721,0.13895079912958863,0.17139920480345178,-0.8,0.14285714285714285,0.6604858898858135,left,bottom
027,True,46,40.0,80.0,985.8565673828125,1262.263427734375,985.872474205833,1262.2208979096865,0.015906823020486627,-0.04252982468847222,0.04540719113353373,-0.6,0.14285714285714285,0.4983193229757469,left,bottom
027,True,47,60.0,80.0,1208.20654296875,1252.3843994140625,1208.243877423231,1252.2116055466001,0.037334454480969725,-0.17279386746236014,0.1767811701624109,-0.4,0.14285714285714285,0.3377779740177616,left,bottom
027,True,48,80.0,80.0,1430.2279052734375,1242.3011474609375,1430.1737436347782,1242.2314323108549,-0.054161638659252276,-0.0697151500826294,0.08828185121132742,-0.2,0.14285714285714285,0.18318582636182795,left,bottom
027,True,49,100.0,80.0,1651.6339111328125,1232.3720703125,1651.6331580851077,1232.2861257707682,-0.0007530477048476314,-0.08594454173180566,0.08594784077762431,0.0,0.14285714285714285,0.08192319205190404,center,bottom
027,True,50,120.0,80.0,1872.5296630859375,1222.4742431640625,1872.57945803449,1222.3806262320518,0.04979494855251687,-0.0936169320107183,0.10603615826899451,0.2,0.14285714285714285,0.18318582636182795,right,bottom
027,True,51,140.0,80.0,2093.010498046875,1212.6243896484375,2092.9615588161514,1212.5188655888737,-0.0489392307235903,-0.10552405956377697,0.11632014206764173,0.4,0.14285714285714285,0.3377779740177616,right,bottom
027,True,52,160.0,80.0,2312.7021484375,1202.81982421875,2312.7250733097403,1202.703574678751,0.022924872240309924,-0.11624953999898935,0.11848841849400792,0.6,0.14285714285714285,0.4983193229757469,right,bottom
027,True,53,180.0,80.0,2531.87939453125,1192.9820556640625,2531.8172305651324,1192.9360988984845,-0.062163966117623204,-0.04595676557801198,0.07730706944300342,0.8,0.14285714285714285,0.6604858898858135,right,bottom
027,True,54,200.0,80.0,2750.288330078125,1183.0670166015625,2750.1915991686137,1183.2162218444405,-0.0967309095112796,0.14920524287799708,0.1778175282618715,1.0,0.14285714285714285,0.8233178906068351,right,bottom
027,True,55,0.0,100.0,564.8711547851562,1481.3870849609375,564.9325925009387,1481.6684801210017,0.06143771578240376,0.2813951600642213,0.288024007728745,-1.0,0.42857142857142855,0.8553032352102229,left,bottom
027,True,56,20.0,100.0,785.1386108398438,1471.5325927734375,785.1801297672134,1471.5535766402932,0.04151892736967966,0.02098386685565856,0.04652036111365367,-0.8,0.42857142857142855,0.6999520597198355,left,bottom
027,True,57,40.0,100.0,1004.9664916992188,1461.5980224609375,1004.9984452541164,1461.4525860919268,0.03195355489765461,-0.14543636901066748,0.14890522859055175,-0.6,0.42857142857142855,0.5495574790854838,left,bottom
027,True,58,60.0,100.0,1224.4163818359375,1451.6063232421875,1224.3998774290712,1451.3673342400755,-0.01650440686626098,-0.2389890021120209,0.23955821542269556,-0.4,0.42857142857142855,0.40961596025952024,left,bottom
027,True,59,80.0,100.0,1443.4088134765625,1441.3851318359375,1443.3733368026528,1441.3002488575323,-0.03547667390967035,-0.08488297840517589,0.09199844789248698,-0.2,0.42857142857142855,0.295378269592824,left,bottom
027,True,60,100.0,100.0,1661.9117431640625,1431.309814453125,1661.8896818480334,1431.254124697153,-0.022061316029066802,-0.05568975597202552,0.059900338773316734,0.0,0.42857142857142855,0.24576957615571215,center,bottom
027,True,61,120.0,100.0,1879.9176025390625,1421.2813720703125,1879.9068934485738,1421.2318974877073,-0.010709090488717266,-0.049474582605171236,0.05062034119848904,0.2,0.42857142857142855,0.295378269592824,right,bottom
027,True,62,140.0,100.0,2097.440673828125,1411.2774658203125,2097.375053360911,1411.2364267062526,-0.06562046721410297,-0.04103911405991312,0.0773967350746769,0.4,0.42857142857142855,0.40961596025952024,right,bottom
027,True,63,160.0,100.0,2314.336669921875,1401.3193359375,2314.2411320468987,1401.2702868852189,-0.09553787497634403,-0.04904905228113421,0.10739317987969711,0.6,0.42857142857142855,0.5495574790854838,right,bottom
027,True,64,180.0,100.0,2530.558837890625,1391.3544921875,2530.453591096862,1391.3355672183366,-0.10524679376294444,-0.01892496916343589,0.10693475606750481,0.8,0.42857142857142855,0.6999520597198355,right,bottom
027,True,65,200.0,100.0,2745.987060546875,1381.35400390625,2745.966805338895,1381.4336792353297,-0.0202552079799716,0.07967532907969144,0.08220968017374249,1.0,0.42857142857142855,0.8553032352102229,right,bottom
027,True,66,0.0,120.0,589.5120239257812,1675.5599365234375,589.4440515433041,1675.787959011863,-0.06797238247713722,0.22802248842549488,0.23793801715441185,-1.0,0.7142857142857143,0.9159291318091396,left,bottom
027,True,67,20.0,120.0,806.7264404296875,1665.6143798828125,806.7687909564775,1665.615488274151,0.042350526789959986,0.0011083913384482003,0.042365028629121275,-0.8,0.7142857142857143,0.7728618480955124,left,bottom
027,True,68,40.0,120.0,1023.58642578125,1655.5762939453125,1023.6768941593682,1655.4542118196487,0.09046837811820296,-0.12208212566383736,0.15194924430854903,-0.6,0.7142857142857143,0.6398405841726221,left,bottom
027,True,69,60.0,120.0,1240.177734375,1645.47021484375,1240.1787335247648,1645.3016098463706,0.0009991497647661163,-0.16860499737936152,0.16860795782390267,-0.4,0.7142857142857143,0.5245643766354129,left,bottom
027,True,70,80.0,120.0,1456.2906494140625,1635.2454833984375,1456.2627247855503,1635.156619683006,-0.027924628512209893,-0.08886371543144378,0.09314797259106365,-0.2,0.7142857142857143,0.4411698907260348,left,bottom
027,True,71,100.0,120.0,1672.0093994140625,1624.9356689453125,1671.9003521187474,1625.019388188271,-0.10904729531512203,0.08371924295852295,0.13747808646141257,0.0,0.7142857142857143,0.40961596025952024,center,bottom
027,True,72,120.0,120.0,1887.041259765625,1614.99169921875,1887.0510072444786,1614.8910331267778,0.009747478853569191,-0.10066609197224352,0.10113691421516167,0.2,0.7142857142857143,0.4411698907260348,right,bottom
027,True,73,140.0,120.0,2101.676025390625,1604.7486572265625,2101.6666475405755,1604.7734132818455,-0.009377850049531844,0.024756055282978195,0.026472747207748896,0.4,0.7142857142857143,0.5245643766354129,right,bottom
027,True,74,160.0,120.0,2315.758544921875,1594.566162109375,2315.6962780530253,1594.6689070714478,-0.06226686884974697,0.10274496207284756,0.12014029377233298,0.6,0.7142857142857143,0.6398405841726221,right,bottom
027,True,75,180.0,120.0,2529.163330078125,1584.5645751953125,2529.0902621646615,1584.580199439103,-0.07306791346354657,0.015624243790398396,0.07471972277744433,0.8,0.7142857142857143,0.7728618480955124,right,bottom
027,True,76,200.0,120.0,2741.6640625,1574.352294921875,2741.804465569523,1574.510076797003,0.14040306952301762,0.1577818751279665,0.211206396802707,1.0,0.7142857142857143,0.9159291318091396,right,bottom
027,True,77,0.0,140.0,613.336181640625,1864.58740234375,613.3736617532943,1864.84031410447,0.03748011266930007,0.2529117607200533,0.25567384996557807,-1.0,1.0,1.0,left,bottom
027,True,78,20.0,140.0,827.7818603515625,1854.5218505859375,827.8516330934638,1854.6148446710936,0.06977274190126082,0.09299408515607865,0.11625891529872436,-0.8,1.0,0.8708554769564043,left,bottom
027,True,79,40.0,140.0,1041.8421630859375,1844.5054931640625,1041.9209544889552,1844.3980282805317,0.07879140301770349,-0.10746488353083805,0.13325459234786155,-0.6,1.0,0.7552945112058728,left,bottom
027,True,80,60.0,140.0,1255.649658203125,1834.2374267578125,1255.5909575690353,1834.1834812795169,-0.05870063408974602,-0.053945478295645444,0.0797237672910921,-0.4,1.0,0.6604858898858135,left,bottom
027,True,81,80.0,140.0,1468.826416015625,1823.955322265625,1468.8503599954288,1823.9670214510734,0.02394397980378926,0.011699185448378557,0.02664929847106337,-0.2,1.0,0.5964098406184939,left,bottom
027,True,82,100.0,140.0,1681.6976318359375,1813.830810546875,1681.671967171977,1813.7464108690242,-0.025664663960469625,-0.08439967785079716,0.08821553489903107,0.0,1.0,0.5734623443633283,center,bottom
027,True,83,120.0,140.0,1894.046142578125,1803.6070556640625,1894.0172020785926,1803.5211076298042,-0.02894049953238209,-0.08594803425830833,0.0906896747488442,0.2,1.0,0.5964098406184939,right,bottom
027,True,84,140.0,140.0,2105.841064453125,1793.1529541015625,2105.840467792441,1793.2920262308426,-0.0005966606840956956,0.1390721292800663,0.1390734091998302,0.4,1.0,0.6604858898858135,right,bottom
027,True,85,160.0,140.0,2317.280029296875,1782.885986328125,2317.0933471506687,1783.0613063702003,-0.18668214620629442,0.17532004207532736,0.2561002554967153,0.6,1.0,0.7552945112058728,right,bottom
027,True,86,180.0,140.0,2527.641845703125,1772.639404296875,2527.7286439028853,1772.832089947477,0.08679819976032377,0.1926856506020158,0.2113331195756008,0.8,1.0,0.8708554769564043,right,bottom
027,True,87,200.0,140.0,2737.622802734375,1762.194580078125,2737.704269597944,1762.6083060511642,0.08146686356894861,0.41372597303916336,0.4216705237824482,1.0,1.0,1.0,right,bottom
028,False,0,0.0,0.0,643.72314453125,2526.54150390625,643.2557152777924,2526.4506619067943,-0.46742925345756703,-0.09084199945573346,0.4761747324806451,-1.0,-1.0,1.0,left,top
028,False,1,20.0,0.0,635.7852783203125,2313.738525390625,635.529860248974,2313.525531186315,-0.25541807133845396,-0.2129942043097799,0.33257318327822494,-0.8,-1.0,0.8708554769564043,left,top
028,False,2,40.0,0.0,627.9656372070312,2100.751708984375,627.8387322682356,2100.577547071772,-0.12690493879563292,-0.17416191260281266,0.21549300520479336,-0.6,-1.0,0.7552945112058728,left,top
028,False,3,60.0,0.0,620.34765625,1887.741943359375,620.1999824879476,1887.620334944951,-0.1476737620523636,-0.12160841442391757,0.19130119303704665,-0.4,-1.0,0.6604858898858135,left,top
028,False,4,80.0,0.0,612.8362426757812,1674.746337890625,612.6259011626873,1674.6781377041248,-0.21034151309390836,-0.06820018650023485,0.22112172568361896,-0.2,-1.0,0.5964098406184939,left,top
028,False,5,100.0,0.0,605.3604736328125,1461.7933349609375,605.1232940673465,1461.7816358563994,-0.2371795654660218,-0.011699104538138272,0.23746792482700735,0.0,-1.0,0.5734623443633283,center,top
028,False,6,120.0,0.0,597.8724365234375,1248.9879150390625,597.6933597189925,1248.9637925072952,-0.1790768044450033,-0.024122531767261535,0.18069421249474618,0.2,-1.0,0.5964098406184939,right,top
028,False,7,140.0,0.0,590.4654541015625,1036.2384033203125,590.3315673990246,1036.2557231434257,-0.13388670253789314,0.017319823113211896,0.13500231623621586,0.4,-1.0,0.6604858898858135,right,top
028,False,8,160.0,0.0,583.1138305664062,823.6245727539062,583.0275359721743,823.6825901045194,-0.0862945942319584,0.058017350613113194,0.10398446982998594,0.6,-1.0,0.7552945112058728,right,top
028,False,9,180.0,0.0,575.8594360351562,611.1815185546875,575.7649134989363,611.2595216414196,-0.09452253621998352,0.0780030867321102,0.12255199465204639,0.8,-1.0,0.8708554769564043,right,top
028,False,10,200.0,0.0,568.8743286132812,398.7712097167969,568.5212576379931,398.98755545708127,-0.35307097528811937,0.21634574028439602,0.41408283341634333,1.0,-1.0,1.0,right,top
028,False,11,0.0,20.0,828.8955078125,2529.693603515625,828.6672081994998,2529.5782693076335,-0.2282996130002175,-0.11533420799150917,0.2557786011946226,-1.0,-0.7142857142857143,0.9159291318091396,left,top
028,False,12,20.0,20.0,820.9838256835938,2314.369873046875,820.8201190662319,2314.382002353821,-0.16370661736186776,0.012129306946008,0.16415534305972335,-0.8,-0.7142857142857143,0.7728618480955124,left,top
028,False,13,40.0,20.0,812.9229736328125,2099.125732421875,813.0114372504668,2099.145222994848,0.08846361765426991,0.019490572973154485,0.09058528624066225,-0.6,-0.7142857142857143,0.6398405841726221,left,top
028,False,14,60.0,20.0,805.24560546875,1883.9697265625,805.2574236306716,1883.8865052027745,0.011818161921610226,-0.08322135972548494,0.08405631246827311,-0.4,-0.7142857142857143,0.5245643766354129,left,top
028,False,15,80.0,20.0,797.4994506835938,1668.782470703125,797.5695094176083,1668.6355545297993,0.07005873401453755,-0.14691617332573514,0.1627654391951718,-0.2,-0.7142857142857143,0.4411698907260348,left,top
028,False,16,100.0,20.0,790.001953125,1453.453369140625,789.9541620823225,1453.428802386051,-0.04779104267754519,-0.02456675457392521,0.05373554866661753,0.0,-0.7142857142857143,0.40961596025952024,center,top
028,False,17,120.0,20.0,782.4714965820312,1238.33056640625,782.4127521540386,1238.3050268359555,-0.05874442799267854,-0.02553957029454068,0.06405604944903158,0.2,-0.7142857142857143,0.4411698907260348,right,top
028,False,18,140.0,20.0,774.9827880859375,1023.212646484375,774.9414208842065,1023.3009998010848,-0.04136720173096364,0.0883533167097994,0.09755795176546277,0.4,-0.7142857142857143,0.5245643766354129,right,top
028,False,19,160.0,20.0,767.54736328125,808.4072265625,767.5309487729378,808.4471605578226,-0.016414508312209364,0.039933995322599,0.04317591997348695,0.6,-0.7142857142857143,0.6398405841726221,right,top
028,False,20,180.0,20.0,760.130615234375,593.6321411132812,760.1666249541063,593.7633154185951,0.03600971973128253,0.13117430531383434,0.13602719687508283,0.8,-0.7142857142857143,0.7728618480955124,right,top
028,False,21,200.0,20.0,752.9273071289062,379.0971984863281,752.8281174353722,379.25436348583185,-0.09918969353407192,0.15716499950372054,0.18584787427460017,1.0,-0.7142857142857143,0.9159291318091396,right,top
028,False,22,0.0,40.0,1018.1895141601562,2532.768310546875,1018.1187478782151,2532.766353160024,-0.07076628194113255,-0.001957386850790499,0.07079334730788982,-1.0,-0.42857142857142855,0.8553032352102229,left,top
028,False,23,20.0,40.0,1009.979248046875,2315.286865234375,1010.1627110020709,2315.2476273279763,0.1834629551958642,-0.03923790639873914,0.18761201781270806,-0.8,-0.42857142857142855,0.6999520597198355,left,top
028,False,24,40.0,40.0,1001.9843139648438,2097.847900390625,1002.2451659932324,2097.671851757914,0.2608520283886264,-0.1760486327111721,0.3147012897875284,-0.6,-0.42857142857142855,0.5495574790854838,left,top
028,False,25,60.0,40.0,994.065673828125,1880.098876953125,994.3807780307059,1880.062261539072,0.31510420258086924,-0.03661541405290336,0.3172244426748844,-0.4,-0.42857142857142855,0.40961596025952024,left,top
028,False,26,80.0,40.0,986.42041015625,1662.4915771484375,986.5799846933701,1662.4537713192103,0.15957453712007919,-0.037805829227181675,0.163991809614512,-0.2,-0.42857142857142855,0.295378269592824,left,top
028,False,27,100.0,40.0,978.78466796875,1444.88818359375,978.8488504576078,1444.8883289606654,0.06418248885779576,0.00014536691537614388,0.06418265347834384,0.0,-0.42857142857142855,0.24576957615571215,center,top
028,False,28,120.0,40.0,971.09375,1227.4615478515625,971.188922137163,1227.4102974608754,0.09517213716299011,-0.05125039068707338,0.10809411749835725,0.2,-0.42857142857142855,0.295378269592824,right,top
028,False,29,140.0,40.0,963.34765625,1010.0758056640625,963.5970852611235,1010.0618650166218,0.24942901112353866,-0.013940647440676912,0.249818280438265,0.4,-0.42857142857142855,0.40961596025952024,right,top
028,False,30,160.0,40.0,955.9660034179688,792.830810546875,956.065421385933,792.8784831117061,0.09941796796420022,0.04767256483114579,0.11025699883322844,0.6,-0.42857142857142855,0.5495574790854838,right,top
028,False,31,180.0,40.0,948.53857421875,575.7415161132812,948.5810663373602,575.8843325082414,0.042492118610198304,0.14281639496016396,0.1490037006701535,0.8,-0.42857142857142855,0.6999520597198355,right,top
028,False,32,200.0,40.0,941.09716796875,358.9099426269531,941.1260693783613,359.0878170221706,0.028901409611307827,0.17787439521748638,0.18020708074741995,1.0,-0.42857142857142855,0.8553032352102229,right,top
028,False,33,0.0,60.0,1211.7879638671875,2535.969970703125,1211.7551518650498,2536.0012737436473,-0.03281200213768898,0.03130304052228894,0.04534873570700477,-1.0,-0.14285714285714285,0.8233178906068351,left,top
028,False,34,20.0,60.0,1203.5352783203125,2316.194091796875,1203.7018752650156,2316.1101339075603,0.1665969447030875,-0.08395788931466086,0.18655687916176247,-0.8,-0.14285714285714285,0.6604858898858135,left,top
028,False,35,40.0,60.0,1195.3359375,2096.3046875,1195.6837409033644,2096.1467980372026,0.3478034033644235,-0.15788946279735683,0.38196372845378107,-0.6,-0.14285714285714285,0.4983193229757469,left,top
028,False,36,60.0,60.0,1187.4549560546875,1876.1351318359375,1187.713588255056,1876.1387924663154,0.2586322003685382,0.0036606303779080918,0.2586581050000857,-0.4,-0.14285714285714285,0.3377779740177616,left,top
028,False,37,80.0,60.0,1179.6058349609375,1656.1220703125,1179.800709580305,1656.1259078044088,0.1948746193675106,0.003837491908825541,0.1949123998564033,-0.2,-0.14285714285714285,0.18318582636182795,left,top
028,False,38,100.0,60.0,1171.98828125,1436.15966796875,1171.9506919591704,1436.1552960179895,-0.03758929082960094,-0.004371950760514665,0.03784268408192905,0.0,-0.14285714285714285,0.08192319205190404,center,top
028,False,39,120.0,60.0,1163.9598388671875,1216.359619140625,1164.1652603474895,1216.2765976577507,0.20542148030199314,-0.083021482874301,0.22156387609019212,0.2,-0.14285714285714285,0.18318582636182795,right,top
028,False,40,140.0,60.0,1156.3035888671875,996.53857421875,1156.4421216496698,996.537099101558,0.13853278248234346,-0.001475117191944264,0.13854063589081095,0.4,-0.14285714285714285,0.3377779740177616,right,top
028,False,41,160.0,60.0,1148.5504150390625,776.8544311523438,1148.7748098038815,776.9769196835638,0.22439476481895326,0.12248853122002856,0.25564907736699005,0.6,-0.14285714285714285,0.4983193229757469,right,top
028,False,42,180.0,60.0,1141.023193359375,557.5416259765625,1141.1525318751972,557.6242285802747,0.1293385158221554,0.0826026037121892,0.1534654417616908,0.8,-0.14285714285714285,0.6604858898858135,right,top
028,False,43,200.0,60.0,1133.46484375,338.3813781738281,1133.5600151522467,338.49049132490154,0.09517140224670584,0.10911315107341579,0.1447870006001034,1.0,-0.14285714285714285,0.8233178906068351,right,top
028,False,44,0.0,80.0,1409.8094482421875,2539.15576171875,1409.7146017209345,2539.2700223760726,-0.09484652125297544,0.11426065732257484,0.14849700470237776,-1.0,0.14285714285714285,0.8233178906068351,left,bottom
028,False,45,20.0,80.0,1401.468017578125,2316.983154296875,1401.5748738190625,2316.957750578892,0.10685624093753177,-0.025403717982953822,0.10983444411775976,-0.8,0.14285714285714285,0.6604858898858135,left,bottom
028,False,46,40.0,80.0,1393.22265625,2094.596435546875,1393.463756439773,2094.559835988288,0.24110018977307845,-0.03659955858711328,0.24386231606664033,-0.6,0.14285714285714285,0.4983193229757469,left,bottom
028,False,47,60.0,80.0,1385.2071533203125,1872.1314697265625,1385.392005748851,1872.107631334591,0.1848524285385338,-0.02383839197159432,0.18638317860897508,-0.4,0.14285714285714285,0.3377779740177616,left,bottom
028,False,48,80.0,80.0,1377.151611328125,1649.6458740234375,1377.3675976849545,1649.645378185065,0.21598635682948952,-0.0004958383724442683,0.21598692597508573,-0.2,0.14285714285714285,0.18318582636182795,left,bottom
028,False,49,100.0,80.0,1369.3179931640625,1427.196533203125,1369.3955563959787,1427.2250302487537,0.0775632319162014,0.028497045628682827,0.08263253932228921,0.0,0.14285714285714285,0.08192319205190404,center,bottom
028,False,50,120.0,80.0,1361.252685546875,1204.9984130859375,1361.4777837833922,1204.901108856574,0.22509823651716943,-0.09730422936354444,0.24522913598341614,0.2,0.14285714285714285,0.18318582636182795,right,bottom
028,False,51,140.0,80.0,1353.470458984375,982.7443237304688,1353.612890149652,982.7255904762159,0.14243116527700295,-0.018733254252879306,0.14365782838769334,0.4,0.14285714285714285,0.3377779740177616,right,bottom
028,False,52,160.0,80.0,1345.6688232421875,760.7554321289062,1345.7960259438175,760.742826121943,0.12720270163003988,-0.012606006963210348,0.12782581395609205,0.6,0.14285714285714285,0.4983193229757469,right,bottom
028,False,53,180.0,80.0,1337.9078369140625,538.9719848632812,1338.0187146005067,538.9844925199457,0.11087768644415519,0.012507656664411115,0.11158092501159499,0.8,0.14285714285714285,0.6604858898858135,right,bottom
028,False,54,200.0,80.0,1330.2176513671875,317.436767578125,1330.268686467349,317.4645748904227,0.05103510016147084,0.027807312297682074,0.05811908521055869,1.0,0.14285714285714285,0.8233178906068351,right,bottom
028,False,55,0.0,100.0,1612.305908203125,2542.419677734375,1612.1288610931506,2542.560626029821,-0.17704710997440998,0.14094829544592358,0.22630090839279055,-1.0,0.42857142857142855,0.8553032352102229,left,bottom
028,False,56,20.0,100.0,1603.952880859375,2317.754150390625,1603.9121359170335,2317.779513551568,-0.040744942341461865,0.025363160943015828,0.04799416901489571,-0.8,0.42857142857142855,0.6999520597198355,left,bottom
028,False,57,40.0,100.0,1595.5718994140625,2092.888671875,1595.714668567019,2092.901364128409,0.1427691529565891,0.012692253409113619,0.14333221665956014,-0.6,0.42857142857142855,0.5495574790854838,left,bottom
028,False,58,60.0,100.0,1587.435302734375,1867.9105224609375,1587.5448432754329,1867.9607827308662,0.10954054105786781,0.050260269928685375,0.12052064084029232,-0.4,0.42857142857142855,0.40961596025952024,left,bottom
028,False,59,80.0,100.0,1579.3123779296875,1642.967529296875,1579.4091268185164,1643.005930989647,0.0967488888288699,0.038401692771913076,0.10409148619060749,-0.2,0.42857142857142855,0.295378269592824,left,bottom
028,False,60,100.0,100.0,1571.3082275390625,1418.0706787109375,1571.3118821056282,1418.0930581611192,0.003654566565728601,0.0223794501816883,0.02267588250141568,0.0,0.42857142857142855,0.24576957615571215,center,bottom
028,False,61,120.0,100.0,1563.236572265625,1193.3541259765625,1563.2551829713645,1193.281066458525,0.018610705739547484,-0.07305951803755306,0.07539264913772142,0.2,0.42857142857142855,0.295378269592824,right,bottom
028,False,62,140.0,100.0,1555.167236328125,968.6448974609375,1555.2386301652489,968.6261105972676,0.07139383712387826,-0.018786863669902232,0.07382429292463524,0.4,0.42857142857142855,0.40961596025952024,right,bottom
028,False,63,160.0,100.0,1547.3497314453125,744.1994018554688,1547.2591685336552,744.1762314032107,-0.09056291165734365,-0.023170452258000296,0.09348000227693676,0.6,0.42857142857142855,0.5495574790854838,right,bottom
028,False,64,180.0,100.0,1539.2952880859375,519.9718627929688,1539.3109053886496,519.9660233335262,0.01561730271214401,-0.005839459442540829,0.01667331492486782,0.8,0.42857142857142855,0.6999520597198355,right,bottom
028,False,65,200.0,100.0,1531.4400634765625,296.0797119140625,1531.3849300584639,296.01133576020675,-0.05513341809864869,-0.06837615385575191,0.08783502836195739,1.0,0.42857142857142855,0.8553032352102229,right,bottom
028,False,66,0.0,120.0,1819.2911376953125,2545.68603515625,1819.1239826946248,2545.862641246193,-0.16715500068767142,0.17660608994310678,0.2431676484647745,-1.0,0.7142857142857143,0.9159291318091396,left,bottom
028,False,67,20.0,120.0,1810.89892578125,2318.5185546875,1810.8378779632585,2318.5656382532684,-0.0610478179914935,0.047083565768389235,0.07709538408354129,-0.8,0.7142857142857143,0.7728618480955124,left,bottom
028,False,68,40.0,120.0,1802.483154296875,2091.06396484375,1802.5593491709974,2091.1626606218133,0.07619487412239323,0.09869577806330199,0.12468566657819137,-0.6,0.7142857142857143,0.6398405841726221,left,bottom
028,False,69,60.0,120.0,1794.1817626953125,1863.6143798828125,1794.29408510125,1863.6908657576382,0.11232240593744791,0.07648587482572111,0.13589117676815046,-0.4,0.7142857142857143,0.5245643766354129,left,bottom
028,False,70,80.0,120.0,1786.0506591796875,1636.1180419921875,1786.0468258180038,1636.201682579718,-0.0038333616837462614,0.08364058753045356,0.08372838553464337,-0.2,0.7142857142857143,0.4411698907260348,left,bottom
028,False,71,100.0,120.0,1777.84521484375,1408.669677734375,1777.8211600325558,1408.755030097247,-0.024054811194218928,0.08535236287207226,0.08867727887929026,0.0,0.7142857142857143,0.40961596025952024,center,bottom
028,False,72,120.0,120.0,1769.66943359375,1181.506103515625,1769.619323777326,1181.4135727189177,-0.050109816424082965,-0.09253079670725128,0.10522804778828676,0.2,0.7142857142857143,0.4411698907260348,right,bottom
028,False,73,140.0,120.0,1761.47216796875,954.2559814453125,1761.4420003808968,954.237012130519,-0.030167587853156874,-0.018969314793480407,0.03563591251268996,0.4,0.7142857142857143,0.5245643766354129,right,bottom
028,False,74,160.0,120.0,1753.36279296875,727.308837890625,1753.288121738437,727.2764155776005,-0.07467123031301526,-0.03242231302454002,0.0814063819262386,0.6,0.7142857142857143,0.6398405841726221,right,bottom
028,False,75,180.0,120.0,1745.34033203125,500.6233215332031,1745.1546708716944,500.5685803905993,-0.18566115955559326,-0.05474114260380247,0.1935630617165819,0.8,0.7142857142857143,0.7728618480955124,right,bottom
028,False,76,200.0,120.0,1737.1883544921875,274.31378173828125,1737.0364857727686,274.13043459046435,-0.15186871941887148,-0.1833471478169031,0.23807621584383692,1.0,0.7142857142857143,0.9159291318091396,right,bottom
028,False,77,0.0,140.0,2030.988037109375,2548.9208984375,2030.8216607377037,2549.1677539847387,-0.1663763716712765,0.24685554723873793,0.297689029446897,-1.0,1.0,1.0,left,bottom
028,False,78,20.0,140.0,2022.544677734375,2319.2958984375,2022.4713528051007,2319.307966760411,-0.07332492927434942,0.012068322911090945,0.07431143701325325,-0.8,1.0,0.8708554769564043,left,bottom
028,False,79,40.0,140.0,2014.0916748046875,2089.27685546875,2014.11525762777,2089.3361854026543,0.023582823082506366,0.05932993390433694,0.06384505150466858,-0.6,1.0,0.7552945112058728,left,bottom
028,False,80,60.0,140.0,2005.746826171875,1859.122802734375,2005.7560057432268,1859.2912756660276,0.009179571351751292,0.16847293165255905,0.16872282960467955,-0.4,1.0,0.6604858898858135,left,bottom
028,False,81,80.0,140.0,1997.46923828125,1629.1004638671875,1997.3963649724792,1629.22714085919,-0.07287330877079512,0.1266769920025581,0.1461423259498076,-0.2,1.0,0.5964098406184939,left,bottom
028,False,82,100.0,140.0,1989.211181640625,1399.220703125,1989.0390200484517,1399.206606360783,-0.1721615921733246,-0.014096764216901647,0.1727377566747961,0.0,1.0,0.5734623443633283,center,bottom
028,False,83,120.0,140.0,1980.8370361328125,1169.3380126953125,1980.686353665873,1169.2953434263904,-0.1506824669395428,-0.04266926892205447,0.15660738281871966,0.2,1.0,0.5964098406184939,right,bottom
028,False,84,140.0,140.0,1972.458740234375,939.6279907226562,1972.3402289462128,939.5558321092846,-0.1185112881621535,-0.07215861337169827,0.13875082308072706,0.4,1.0,0.6604858898858135,right,bottom
028,False,85,160.0,140.0,1964.131591796875,710.0951538085938,1964.001773311265,710.0413631183649,-0.12981848561003062,-0.05379069022887961,0.14052144875918768,0.6,1.0,0.7552945112058728,right,bottom
028,False,86,180.0,140.0,1955.830810546875,480.9836730957031,1955.6711637590076,480.79007843742534,-0.1596467878673593,-0.19359465827778877,0.2509302464631544,0.8,1.0,0.8708554769564043,right,bottom
028,False,87,200.0,140.0,1947.643310546875,252.07923889160156,1947.3474135353945,251.81905053056948,-0.2958970114805197,-0.2601883610320783,0.39402160425497224,1.0,1.0,1.0,right,bottom
029,False,0,0.0,0.0,1033.67041015625,2501.36474609375,1033.6230459649503,2501.477826513168,-0.047364191299720915,0.11308041941811098,0.12259913487970642,-1.0,-1.0,1.0,left,top
029,False,1,20.0,0.0,1028.0672607421875,2280.292724609375,1028.1196222616284,2280.228508832554,0.05236151944086487,-0.06421577682112911,0.08285767744088131,-0.8,-1.0,0.8708554769564043,left,top
029,False,2,40.0,0.0,1022.7366943359375,2059.143798828125,1022.6638672363206,2059.161733042106,-0.0728270996169158,0.017934213980879576,0.07500281641194652,-0.6,-1.0,0.7552945112058728,left,top
029,False,3,60.0,0.0,1017.2411499023438,1838.34765625,1017.2698561224092,1838.303927101603,0.028706220065487287,-0.0437291483970057,0.05230951624681241,-0.4,-1.0,0.6604858898858135,left,top
029,False,4,80.0,0.0,1012.0368041992188,1617.7181396484375,1011.9470686567881,1617.6930778540775,-0.08973554243061699,-0.025061794359999112,0.09316952888074483,-0.2,-1.0,0.5964098406184939,left,top
029,False,5,100.0,0.0,1006.6820068359375,1397.364990234375,1006.7003404533709,1397.3736402208194,0.018333617433427207,0.00864998644442494,0.020271748658761562,0.0,-1.0,0.5734623443633283,center,top
029,False,6,120.0,0.0,1001.57421875,1177.4495849609375,1001.529816233839,1177.3915587309507,-0.04440251616097157,-0.058026229986808175,0.0730659072886069,0.2,-1.0,0.5964098406184939,right,top
029,False,7,140.0,0.0,996.5,957.937744140625,996.4309048824612,957.7893996317893,-0.06909511753883635,-0.14834450883574846,0.16364665767874717,0.4,-1.0,0.6604858898858135,right,top
029,False,8,160.0,0.0,991.4047241210938,738.5523681640625,991.3942362923424,738.6015918506089,-0.010487828751365669,0.04922368654638376,0.050328579049428904,0.6,-1.0,0.7552945112058728,right,top
029,False,9,180.0,0.0,986.4667358398438,519.8633422851562,986.4056199708994,519.849775102468,-0.061115868944398244,-0.013567182688234425,0.06260365710503492,0.8,-1.0,0.8708554769564043,right,top
029,False,10,200.0,0.0,981.3378295898438,301.44512939453125,981.4460053728749,301.5382534625164,0.10817578303112896,0.09312406798517259,0.14273784386946908,1.0,-1.0,1.0,right,top
029,False,11,0.0,20.0,1255.24609375,2494.53076171875,1255.3003872561667,2494.6047478031687,0.05429350616668671,0.07398608441872057,0.0917699596790044,-1.0,-0.7142857142857143,0.9159291318091396,left,top
029,False,12,20.0,20.0,1249.6727294921875,2273.52392578125,1249.6755366146785,2273.6304882666923,0.0028071224910490855,0.1065624854422822,0.10659945234529283,-0.8,-0.7142857142857143,0.7728618480955124,left,top
029,False,13,40.0,20.0,1244.0760498046875,2052.80419921875,1244.0932554974252,2052.8242622598914,0.017205692737661593,0.02006304114138402,0.02643031370271054,-0.6,-0.7142857142857143,0.6398405841726221,left,top
029,False,14,60.0,20.0,1238.6015625,1832.2431640625,1238.5648410599917,1832.2168990807882,-0.03672144000825028,-0.026264981711847213,0.04514768455417391,-0.4,-0.7142857142857143,0.5245643766354129,left,top
029,False,15,80.0,20.0,1233.0919189453125,1611.900390625,1233.0980378334789,1611.8506199347419,0.00611888816638384,-0.049770690258128525,0.05014541256349659,-0.2,-0.7142857142857143,0.4411698907260348,left,top
029,False,16,100.0,20.0,1227.750244140625,1391.7777099609375,1227.6969707113003,1391.77398350883,-0.05327342932469037,-0.0037264521074575896,0.05340360210062571,0.0,-0.7142857142857143,0.40961596025952024,center,top
029,False,17,120.0,20.0,1222.344970703125,1172.045654296875,1222.3620800283868,1172.0369429393836,0.017109325261799313,-0.008711357491392846,0.019199394788817964,0.2,-0.7142857142857143,0.4411698907260348,right,top
029,False,18,140.0,20.0,1217.1956787109375,952.4364624023438,1217.0900586969096,952.686012435901,-0.10562001402786336,0.24955003355728422,0.2709811923578604,0.4,-0.7142857142857143,0.5245643766354129,right,top
029,False,19,160.0,20.0,1211.8497314453125,733.89990234375,1211.8737913631635,733.7595418486949,0.02405991785099104,-0.14036049505511983,0.1424076831463624,0.6,-0.7142857142857143,0.6398405841726221,right,top
029,False,20,180.0,20.0,1206.9222412109375,515.4692993164062,1206.7022955507632,515.2830974914202,-0.21994566017428951,-0.18620182498602844,0.2881791336263464,0.8,-0.7142857142857143,0.7728618480955124,right,top
029,False,21,200.0,20.0,1201.4947509765625,297.0697326660156,1201.5606647558116,297.2649475531141,0.06591377924905828,0.1952148870984729,0.20604241903007037,1.0,-0.7142857142857143,0.9159291318091396,right,top
029,False,22,0.0,40.0,1476.313232421875,2487.684326171875,1476.4894684652563,2487.699281183104,0.17623604338132282,0.014955011229176307,0.17686943022345125,-1.0,-0.42857142857142855,0.8553032352102229,left,top
029,False,23,20.0,40.0,1470.7611083984375,2267.107421875,1470.7583089215232,2267.0040192599868,-0.002799476914333354,-0.10340261501323766,0.10344050397484406,-0.8,-0.42857142857142855,0.6999520597198355,left,top
029,False,24,40.0,40.0,1465.0159912109375,2046.4737548828125,1465.0608712535695,2046.465846562298,0.04488004263203038,-0.007908320514388834,0.04557147967765769,-0.6,-0.42857142857142855,0.5495574790854838,left,top
029,False,25,60.0,40.0,1459.38427734375,1826.130126953125,1459.4057254749964,1826.1189273847228,0.02144813124641587,-0.011199568402162186,0.02419612916063622,-0.4,-0.42857142857142855,0.40961596025952024,left,top
029,False,26,80.0,40.0,1453.7884521484375,1606.0677490234375,1453.7989176540414,1606.008667785004,0.010465505603860947,-0.05908123843346402,0.06000099617819917,-0.2,-0.42857142857142855,0.295378269592824,left,top
029,False,27,100.0,40.0,1448.2738037109375,1386.17041015625,1448.2438848185307,1386.186697059749,-0.029918892406840314,0.01628690349889439,0.03406469357611169,0.0,-0.42857142857142855,0.24576957615571215,center,top
029,False,28,120.0,40.0,1442.7877197265625,1166.7437744140625,1442.7413721837513,1166.7059596828922,-0.04634754281119058,-0.03781473117032874,0.05981679210823141,0.2,-0.42857142857142855,0.295378269592824,right,top
029,False,29,140.0,40.0,1437.2384033203125,947.7063598632812,1437.2893526647035,947.6159159868527,0.05094934439102872,-0.0904438764285942,0.10380717931485503,0.4,-0.42857142857142855,0.40961596025952024,right,top
029,False,30,160.0,40.0,1431.932861328125,728.9353637695312,1431.882948634735,728.957849890275,-0.04991269339006976,0.022486120743792526,0.0547439730706087,0.6,-0.42857142857142855,0.5495574790854838,right,top
029,False,31,180.0,40.0,1426.55322265625,510.7912292480469,1426.5143558931,510.7602819997891,-0.038866763150053885,-0.03094724825780304,0.04968256688711323,0.8,-0.42857142857142855,0.6999520597198355,right,top
029,False,32,200.0,40.0,1421.0980224609375,292.9383239746094,1421.1727698045343,293.03448643643264,0.07474734359675494,0.09616246182326904,0.1217964877928876,1.0,-0.42857142857142855,0.8553032352102229,right,top
029,False,33,0.0,60.0,1697.0987548828125,2480.764404296875,1697.1695511890928,2480.748172840485,0.07079630628027189,-0.01623145638995993,0.07263316845263765,-1.0,-0.14285714285714285,0.8233178906068351,left,top
029,False,34,20.0,60.0,1691.243408203125,2260.314208984375,1691.3432756164575,2260.339260801575,0.09986741333250393,0.025051817200164805,0.10296161319033252,-0.8,-0.14285714285714285,0.6604858898858135,left,top
029,False,35,40.0,60.0,1685.524658203125,2040.159912109375,1685.5391940910004,2040.0799373461064,0.014535887875354092,-0.07997476326863762,0.08128502196714653,-0.6,-0.14285714285714285,0.4983193229757469,left,top
029,False,36,60.0,60.0,1679.8006591796875,1820.087158203125,1679.7631885361175,1820.0066574417046,-0.037470643570031825,-0.08050076142035323,0.08879426624962333,-0.4,-0.14285714285714285,0.3377779740177616,left,top
029,False,37,80.0,60.0,1674.0228271484375,1600.1361083984375,1674.0196316905763,1600.1669841111707,-0.0031954578612385376,0.030875712733177352,0.03104062801756178,-0.2,-0.14285714285714285,0.18318582636182795,left,top
029,False,38,100.0,60.0,1668.609375,1380.483154296875,1668.311284231219,1380.6146053396778,-0.2980907687810941,0.13145104280283704,0.3257874814759723,0.0,-0.14285714285714285,0.08192319205190404,center,top
029,False,39,120.0,60.0,1662.5882568359375,1161.4595947265625,1662.6391944445515,1161.4044605249082,0.05093760861404917,-0.055134201654254866,0.07506277481794885,0.2,-0.14285714285714285,0.18318582636182795,right,top
029,False,40,140.0,60.0,1657.018798828125,942.564697265625,1657.002600406067,942.5879747667558,-0.016198422058096185,0.02327750113079219,0.02835896570868283,0.4,-0.14285714285714285,0.3377779740177616,right,top
029,False,41,160.0,60.0,1651.356689453125,723.9976196289062,1651.3988346267322,724.2083993168354,0.04214517360719583,0.21077968792917545,0.2149518376332272,0.6,-0.14285714285714285,0.4983193229757469,right,top
029,False,42,180.0,60.0,1645.8648681640625,506.2588195800781,1645.8232311266427,506.29625653131245,-0.04163703741983227,0.03743695123432644,0.05599257274694429,0.8,-0.14285714285714285,0.6604858898858135,right,top
029,False,43,200.0,60.0,1640.2532958984375,288.87591552734375,1640.2690348964065,288.86488769352354,0.015738997969037882,-0.011027833820207888,0.019217938907060233,1.0,-0.14285714285714285,0.8233178906068351,right,top
029,False,44,0.0,80.0,1917.200927734375,2473.68994140625,1917.3064505010109,2473.7431017363647,0.105522766635886,0.0531603301146788,0.11815699292210038,-1.0,0.14285714285714285,0.8233178906068351,left,bottom
029,False,45,20.0,80.0,1911.3079833984375,2253.69091796875,1911.3924518557474,2253.6302339162185,0.08446845730986752,-0.060684052531541965,0.10400708875821808,-0.8,0.14285714285714285,0.6604858898858135,left,bottom
029,False,46,40.0,80.0,1905.4229736328125,2033.7037353515625,1905.4874789798275,2033.662787186895,0.06450534701502875,-0.04094816466749762,0.07640479031556711,-0.6,0.14285714285714285,0.4983193229757469,left,bottom
029,False,47,60.0,80.0,1899.5809326171875,1813.909423828125,1899.5947532515302,1813.8784844650306,0.013820634342664562,-0.03093936309437595,0.033885898576240706,-0.4,0.14285714285714285,0.3377779740177616,left,bottom
029,False,48,80.0,80.0,1893.6884765625,1594.33740234375,1893.716987975283,1594.326039063552,0.028511412783018386,-0.01136328019811117,0.030692422448292504,-0.2,0.14285714285714285,0.18318582636182795,left,bottom
029,False,49,100.0,80.0,1887.851318359375,1375.0228271484375,1887.8562680165733,1375.0602065680337,0.004949657198267232,0.03737941959616364,0.03770570402109502,0.0,0.14285714285714285,0.08192319205190404,center,bottom
029,False,50,120.0,80.0,1881.971435546875,1156.2105712890625,1882.0139322072253,1156.13694534687,0.04249666035025257,-0.07362594219239327,0.08501026705429389,0.2,0.14285714285714285,0.18318582636182795,right,bottom
029,False,51,140.0,80.0,1876.159912109375,937.6973266601562,1876.190458477351,937.6086840083116,0.03054636797605781,-0.08864265184467968,0.09375820136172527,0.4,0.14285714285714285,0.3377779740177616,right,bottom
029,False,52,160.0,80.0,1870.28369140625,719.480712890625,1870.385351670891,719.5196941407363,0.10166026464094102,0.0389812501113056,0.10887767111353149,0.6,0.14285714285714285,0.4983193229757469,right,bottom
029,False,53,180.0,80.0,1864.498779296875,501.88189697265625,1864.5970340022554,501.9015666955645,0.09825470538044101,0.019669722908247422,0.10020421712026144,0.8,0.14285714285714285,0.6604858898858135,right,bottom
029,False,54,200.0,80.0,1858.7974853515625,284.7105712890625,1858.822738112182,284.7687903949263,0.025252760619423498,0.05821910586382728,0.0634599575045984,1.0,0.14285714285714285,0.8233178906068351,right,bottom
029,False,55,0.0,100.0,2136.815185546875,2466.62158203125,2136.857779600128,2466.6803906355276,0.04259405325319676,0.05880860427760126,0.07261339621320341,-1.0,0.42857142857142855,0.8553032352102229,left,bottom
029,False,56,20.0,100.0,2130.95068359375,2246.8779296875,2130.8597551607118,2246.874568650407,-0.09092843303824338,-0.0033610370928727207,0.09099052975518925,-0.8,0.42857142857142855,0.6999520597198355,left,bottom
029,False,57,40.0,100.0,2124.892578125,2027.208740234375,2124.856959576206,2027.2132324297008,-0.03561854879399107,0.004492195325838111,0.03590070802972282,-0.6,0.42857142857142855,0.5495574790854838,left,bottom
029,False,58,60.0,100.0,2118.96923828125,1807.8238525390625,2118.8499700861253,1807.734371305225,-0.1192681951247323,-0.08948123383743223,0.149103298345075,-0.4,0.42857142857142855,0.40961596025952024,left,bottom
029,False,59,80.0,100.0,2112.88037109375,1588.480712890625,2112.8398435794775,1588.4868630155206,-0.04052751427252588,0.0061501248956119525,0.04099150459962911,-0.2,0.42857142857142855,0.295378269592824,left,bottom
029,False,60,100.0,100.0,2106.869140625,1369.5523681640625,2106.82797903128,1369.5255600967705,-0.04116159372006223,-0.02680806729199503,0.0491217799912381,0.0,0.42857142857142855,0.24576957615571215,center,bottom
029,False,61,120.0,100.0,2100.8076171875,1150.9805908203125,2100.8159829265296,1150.9064840088763,0.008365739029613906,-0.07410681143619513,0.07457751062318577,0.2,0.42857142857142855,0.295378269592824,right,bottom
029,False,62,140.0,100.0,2094.852783203125,932.6279296875,2094.805537625445,932.6821253259448,-0.04724557767985971,0.05419563844475306,0.0718979265120911,0.4,0.42857142857142855,0.40961596025952024,right,bottom
029,False,63,160.0,100.0,2088.781982421875,714.91064453125,2088.7982726244454,714.8968483435109,0.016290202570417023,-0.013796187739103516,0.021347259681697123,0.6,0.42857142857142855,0.5495574790854838,right,bottom
029,False,64,180.0,100.0,2082.89111328125,497.5290832519531,2082.7956386679475,497.5823984775983,-0.09547461330248552,0.05331522564517854,0.10935225224409166,0.8,0.42857142857142855,0.6999520597198355,right,bottom
029,False,65,200.0,100.0,2076.6962890625,280.78887939453125,2076.7987846666906,280.75351085318357,0.10249560419060799,-0.03536854134767964,0.10842639252257867,1.0,0.42857142857142855,0.8553032352102229,right,bottom
029,False,66,0.0,120.0,2355.836669921875,2459.514404296875,2355.777986749638,2459.5607262670314,-0.05868317223712438,0.04632197015644124,0.07476255495223688,-1.0,0.7142857142857143,0.9159291318091396,left,bottom
029,False,67,20.0,120.0,2349.65625,2240.10400390625,2349.6960223020938,2240.0732592998893,0.03977230209375193,-0.030744606360713078,0.05026993966688108,-0.8,0.7142857142857143,0.7728618480955124,left,bottom
029,False,68,40.0,120.0,2343.682373046875,2020.77294921875,2343.5958457022707,2020.7324831418323,-0.08652734460429201,-0.04046607691770987,0.09552216886869724,-0.6,0.7142857142857143,0.6398405841726221,left,bottom
029,False,69,60.0,120.0,2337.514404296875,1801.610107421875,2337.4753956773543,1801.5756727946512,-0.03900861952070045,-0.03443462722384538,0.052032835296147044,-0.4,0.7142857142857143,0.5245643766354129,left,bottom
029,False,70,80.0,120.0,2331.34033203125,1582.5662841796875,2331.334065196674,1582.6509049744798,-0.0062668345758538635,0.08462079479227214,0.0848525316468339,-0.2,0.7142857142857143,0.4411698907260348,left,bottom
029,False,71,100.0,120.0,2325.177490234375,1363.835205078125,2325.172546994271,1364.0121785701836,-0.004943240103784774,0.17697349205855062,0.17704251612005956,0.0,0.7142857142857143,0.40961596025952024,center,bottom
029,False,72,120.0,120.0,2319.030517578125,1145.759765625,2318.992682291687,1145.7146419485568,-0.037835286438166804,-0.04512367644315418,0.05888679882286518,0.2,0.7142857142857143,0.4411698907260348,right,bottom
029,False,73,140.0,120.0,2312.761474609375,927.8502197265625,2312.797312672368,927.8099254515895,0.03583806299320713,-0.040294274973007305,0.05392583197972383,0.4,0.7142857142857143,0.5245643766354129,right,bottom
029,False,74,160.0,120.0,2306.578857421875,710.322265625,2306.5901350597464,710.341577453888,0.011277637871444313,0.01931182888802141,0.022363627857743772,0.6,0.7142857142857143,0.6398405841726221,right,bottom
029,False,75,180.0,120.0,2300.47314453125,493.249267578125,2300.375559751714,493.34060237086044,-0.09758477953619149,0.09133479273543799,0.13365939383804085,0.8,0.7142857142857143,0.7728618480955124,right,bottom
029,False,76,200.0,120.0,2294.14208984375,276.88311767578125,2294.15857146485,276.8210990304992,0.0164816210999561,-0.0620186452820235,0.06417130352969289,1.0,0.7142857142857143,0.9159291318091396,right,bottom
029,False,77,0.0,140.0,2574.011474609375,2452.385009765625,2574.0231903925605,2452.388888378997,0.011715783185536566,0.0038786133718531346,0.012341118966237189,-1.0,1.0,1.0,left,bottom
029,False,78,20.0,140.0,2567.918701171875,2233.294189453125,2567.853825283122,2233.230427662558,-0.06487588875279471,-0.06376179056678666,0.09096398670764029,-0.8,1.0,0.8708554769564043,left,bottom
029,False,79,40.0,140.0,2561.65185546875,2014.2567138671875,2561.6541208305543,2014.2239202315693,0.0022653618043477763,-0.03279363561819082,0.03287178731318501,-0.6,1.0,0.7552945112058728,left,bottom
029,False,80,60.0,140.0,2555.42822265625,1795.375244140625,2555.4193724461115,1795.4049664077775,-0.008850210138461989,0.029722267152465065,0.031011923258279856,-0.4,1.0,0.6604858898858135,left,bottom
029,False,81,80.0,140.0,2549.232177734375,1576.7528076171875,2549.1472914962433,1576.819896467341,-0.08488623813173035,0.06708885015359556,0.10819698350272262,-0.2,1.0,0.5964098406184939,left,bottom
029,False,82,100.0,140.0,2542.86376953125,1358.514404296875,2542.837834190796,1358.5209247269736,-0.025935340453997924,0.0065204300985897135,0.026742436185496935,0.0,1.0,0.5734623443633283,center,bottom
029,False,83,120.0,140.0,2536.527587890625,1140.6279296875,2536.4930338799695,1140.5614095986998,-0.03455401065548358,-0.06652008880018911,0.0749593347513458,0.2,1.0,0.5964098406184939,right,bottom
029,False,84,140.0,140.0,2530.0830078125,923.005126953125,2530.1168367090436,922.9912179743067,0.03382889654358223,-0.013908978818335527,0.03657668564981382,0.4,1.0,0.6604858898858135,right,bottom
029,False,85,160.0,140.0,2523.645263671875,705.802001953125,2523.714940580604,705.8521923231403,0.06967690872897947,0.05019037001534343,0.0858716766594412,0.6,1.0,0.7552945112058728,right,bottom
029,False,86,180.0,140.0,2517.1142578125,489.2865295410156,2517.294637374657,489.1737189091855,0.1803795621572135,-0.11281063183014339,0.2127510871839301,0.8,1.0,0.8708554769564043,right,bottom
029,False,87,200.0,140.0,2510.7060546875,273.0211181640625,2510.864658377715,272.9683955553435,0.1586036902149317,-0.0527226087190229,0.16713708152272258,1.0,1.0,1.0,right,bottom
030,False,0,0.0,0.0,1178.10595703125,2455.937255859375,1178.2604801009556,2456.111745173963,0.15452306970564678,0.174489314587845,0.23307488062121176,-1.0,-1.0,1.0,left,top
030,False,1,20.0,0.0,1161.677734375,2236.6708984375,1161.869497999422,2236.7195747920296,0.19176362442203754,0.04867635452956165,0.19784507863923187,-0.8,-1.0,0.8708554769564043,left,top
030,False,2,40.0,0.0,1145.56005859375,2017.1649169921875,1145.5190202327467,2017.242980370515,-0.04103836100330227,0.07806337832744248,0.08819318629991081,-0.6,-1.0,0.7552945112058728,left,top
030,False,3,60.0,0.0,1129.2296142578125,1797.64892578125,1129.2219575941017,1797.7148750573313,-0.007656663710804423,0.06594927608125545,0.06639225493099328,-0.4,-1.0,0.6604858898858135,left,top
030,False,4,80.0,0.0,1113.0616455078125,1578.16650390625,1112.9876829924128,1578.1780109418746,-0.07396251539967125,0.011507035624617856,0.07485229156888139,-0.2,-1.0,0.5964098406184939,left,top
030,False,5,100.0,0.0,1096.74609375,1358.7283935546875,1096.821685339819,1358.6801112075373,0.07559158981894143,-0.04828234715023427,0.08969544858960696,0.0,-1.0,0.5734623443633283,center,top
030,False,6,120.0,0.0,1080.6934814453125,1139.332763671875,1080.7252249823655,1139.269023605852,0.03174353705298927,-0.06374006602300142,0.07120707943211183,0.2,-1.0,0.5964098406184939,right,top
030,False,7,140.0,0.0,1064.789794921875,920.0277709960938,1064.6949906691548,919.9878951867724,-0.0948042527202233,-0.03987580932130186,0.10284904716558531,0.4,-1.0,0.6604858898858135,right,top
030,False,8,160.0,0.0,1048.6668701171875,700.965576171875,1048.7227580552085,700.8703682197787,0.05588793802098735,-0.0952079520963025,0.11039934673090034,0.6,-1.0,0.7552945112058728,right,top
030,False,9,180.0,0.0,1032.7491455078125,482.00421142578125,1032.7950497332906,481.93579724066876,0.04590422547812523,-0.06841418511248776,0.08238749080626441,0.8,-1.0,0.8708554769564043,right,top
030,False,10,200.0,0.0,1016.7056274414062,263.29742431640625,1016.8927967899656,263.18448715907857,0.18716934855933687,-0.1129371573276785,0.2186027596929722,1.0,-1.0,1.0,right,top
030,False,11,0.0,20.0,1394.8194580078125,2433.416015625,1394.980310677379,2433.505085767029,0.16085266956656596,0.0890701420289588,0.18386699406840193,-1.0,-0.7142857142857143,0.9159291318091396,left,top
030,False,12,20.0,20.0,1378.671630859375,2215.702880859375,1378.728612985229,2215.8270160480974,0.056982125853892285,0.12413518872244822,0.13658882731024033,-0.8,-0.7142857142857143,0.7728618480955124,left,top
030,False,13,40.0,20.0,1362.5318603515625,1997.9908447265625,1362.508656146312,1998.0562482052455,-0.023204205250522136,0.06540347868303797,0.06939776772455265,-0.6,-0.7142857142857143,0.6398405841726221,left,top
030,False,14,60.0,20.0,1346.4058837890625,1780.2203369140625,1346.3309553668985,1780.2289519674398,-0.07492842216402096,0.008615053377297954,0.07542206303651101,-0.4,-0.7142857142857143,0.5245643766354129,left,top
030,False,15,80.0,20.0,1330.2073974609375,1562.46728515625,1330.2035281206672,1562.3906765968134,-0.003869340270284738,-0.07660855943663591,0.07670621339294376,-0.2,-0.7142857142857143,0.4411698907260348,left,top
030,False,16,100.0,20.0,1314.1805419921875,1344.5933837890625,1314.1315582879138,1344.5916750486667,-0.04898370427372356,-0.0017087403957702918,0.049013498937698186,0.0,-0.7142857142857143,0.40961596025952024,center,top
030,False,17,120.0,20.0,1298.12060546875,1126.9669189453125,1298.1170617742205,1126.8822484493548,-0.0035436945295259648,-0.08467049595765275,0.08474462022236859,0.2,-0.7142857142857143,0.4411698907260348,right,top
030,False,18,140.0,20.0,1282.2794189453125,909.1837768554688,1282.158553604062,909.3081108301458,-0.12086534125046455,0.12433397467702889,0.17339944629259724,0.4,-0.7142857142857143,0.5245643766354129,right,top
030,False,19,160.0,20.0,1266.2576904296875,692.0343017578125,1266.2507164848344,691.9057740553104,-0.006973944853143621,-0.12852770250208323,0.12871676742864038,0.6,-0.7142857142857143,0.6398405841726221,right,top
030,False,20,180.0,20.0,1250.5821533203125,474.76947021484375,1250.3840708367952,474.69795288286105,-0.19808248351728253,-0.07151733198270449,0.210597718530612,0.8,-0.7142857142857143,0.7728618480955124,right,top
030,False,21,200.0,20.0,1234.3609619140625,257.67266845703125,1234.5446462844275,257.6889900965291,0.18368437036497198,0.016321639497846263,0.18440809047401865,1.0,-0.7142857142857143,0.9159291318091396,right,top
030,False,22,0.0,40.0,1608.166259765625,2411.112060546875,1608.3756912744552,2411.196954124893,0.209431508830221,0.08489357801818187,0.22598335443043602,-1.0,-0.42857142857142855,0.8553032352102229,left,top
030,False,23,20.0,40.0,1592.3079833984375,2195.27978515625,1592.2716620809852,2195.212675780656,-0.03632131745234801,-0.06710937559410013,0.076307970711481,-0.8,-0.42857142857142855,0.6999520597198355,left,top
030,False,24,40.0,40.0,1576.2547607421875,1979.1214599609375,1576.1880470713113,1979.1308813137061,-0.06671367087619728,0.009421352768640645,0.06737563186916132,-0.6,-0.42857142857142855,0.5495574790854838,left,top
030,False,25,60.0,40.0,1560.2208251953125,1763.0267333984375,1560.1330801303525,1762.9898744493569,-0.08774506496001777,-0.03685894908062437,0.09517236233364074,-0.4,-0.42857142857142855,0.40961596025952024,left,top
030,False,26,80.0,40.0,1544.175537109375,1546.8292236328125,1544.1134607871327,1546.8369053852764,-0.06207632224231929,0.007681752463895464,0.06254981298172545,-0.2,-0.42857142857142855,0.295378269592824,left,top
030,False,27,100.0,40.0,1528.2071533203125,1330.782470703125,1528.1340282817087,1330.7236779365526,-0.07312503860384822,-0.058792766572423716,0.09382889039125314,0.0,-0.42857142857142855,0.24576957615571215,center,top
030,False,28,120.0,40.0,1512.2720947265625,1114.7098388671875,1512.1974370507944,1114.7018760496037,-0.07465767576809412,-0.007962817583802462,0.07508112289361941,0.2,-0.42857142857142855,0.295378269592824,right,top
030,False,29,140.0,40.0,1496.3118896484375,898.9043579101562,1496.3038336277773,898.8187096263845,-0.008056020660205832,-0.08564828377177491,0.08602632144831107,0.4,-0.42857142857142855,0.40961596025952024,right,top
030,False,30,160.0,40.0,1480.48876953125,683.1469116210938,1480.4505349528363,683.1124796004923,-0.038234578413721465,-0.034432020601457225,0.05145334808517508,0.6,-0.42857142857142855,0.5495574790854838,right,top
030,False,31,180.0,40.0,1464.7427978515625,467.58917236328125,1464.6317080888816,467.6081622069321,-0.11108976268087645,0.018989843650842886,0.11270115143323474,0.8,-0.42857142857142855,0.6999520597198355,right,top
030,False,32,200.0,40.0,1448.7799072265625,252.32894897460938,1448.838051339048,252.31301238745664,0.05814411248547913,-0.015936587152737047,0.060288577913240195,1.0,-0.42857142857142855,0.8553032352102229,right,top
030,False,33,0.0,60.0,1818.3758544921875,2389.14599609375,1818.495552638679,2389.1743151905403,0.11969814649160071,0.02831909679025557,0.12300251020422537,-1.0,-0.14285714285714285,0.8233178906068351,left,top
030,False,34,20.0,60.0,1802.5428466796875,2174.81298828125,1802.5439416428337,2174.8666476524,0.0010949631462153775,0.05365937114993358,0.05367054179433904,-0.8,-0.14285714285714285,0.6604858898858135,left,top
030,False,35,40.0,60.0,1786.7005615234375,1960.4993896484375,1786.5999489909034,1960.4596752968023,-0.10061253253411451,-0.03971435163521164,0.10816705334219606,-0.6,-0.14285714285714285,0.4983193229757469,left,top
030,False,36,60.0,60.0,1770.7552490234375,1746.0286865234375,1770.6696347692207,1745.9928312218094,-0.08561425421680724,-0.035855301628089364,0.0928191961823704,-0.4,-0.14285714285714285,0.3377779740177616,left,top
030,False,37,80.0,60.0,1754.810546875,1531.5343017578125,1754.7584165588123,1531.5140865503515,-0.05213031618768582,-0.02021520746097849,0.05591265043367644,-0.2,-0.14285714285714285,0.18318582636182795,left,top
030,False,38,100.0,60.0,1739.391845703125,1316.9208984375,1738.8707531152022,1317.0756320289852,-0.5210925879227943,0.15473359148518284,0.5435806927420975,0.0,-0.14285714285714285,0.08192319205190404,center,top
030,False,39,120.0,60.0,1723.009765625,1102.8326416015625,1723.0098294089782,1102.7295780977936,6.378397824846616e-05,-0.10306350376890805,0.10306352350623185,0.2,-0.14285714285714285,0.18318582636182795,right,top
030,False,40,140.0,60.0,1707.2879638671875,888.509033203125,1707.177243023036,888.5236733760205,-0.1107208441515013,0.014640172895497017,0.11168455574532712,0.4,-0.14285714285714285,0.3377779740177616,right,top
030,False,41,160.0,60.0,1691.365478515625,674.3599853515625,1691.3726919024214,674.4970415081906,0.007213386796365739,0.13705615662809123,0.13724584882151394,0.6,-0.14285714285714285,0.4983193229757469,right,top
030,False,42,180.0,60.0,1675.6199951171875,460.609375,1675.5936634527022,460.67593631560385,-0.026331664485269357,0.06656131560384893,0.07158048120458523,0.8,-0.14285714285714285,0.6604858898858135,right,top
030,False,43,200.0,60.0,1659.7952880859375,247.00048828125,1659.835124982817,247.06951519824975,0.039836896879478445,0.06902691699974639,0.0796975132828878,1.0,-0.14285714285714285,0.8233178906068351,right,top
030,False,44,0.0,80.0,2025.2603759765625,2367.41552734375,2025.3791514559325,2367.4291338240614,0.11877547937001509,0.013606480311409541,0.11955229318604331,-1.0,0.14285714285714285,0.8233178906068351,left,bottom
030,False,45,20.0,80.0,2009.5166015625,2154.903076171875,2009.581514249452,2154.782873127445,0.06491268695208419,-0.12020304443012719,0.13661050039294348,-0.8,0.14285714285714285,0.6604858898858135,left,bottom
030,False,46,40.0,80.0,1993.793212890625,1942.0921630859375,1993.778175397592,1942.0381644509216,-0.01503749303310542,-0.053998635015886975,0.0560533565480219,-0.6,0.14285714285714285,0.4983193229757469,left,bottom
030,False,47,60.0,80.0,1978.064697265625,1729.257568359375,1977.9731225036824,1729.2346731018295,-0.09157476194263836,-0.022895257545542336,0.0943934841126632,-0.4,0.14285714285714285,0.3377779740177616,left,bottom
030,False,48,80.0,80.0,1962.20654296875,1516.4346923828125,1962.1705258661254,1516.4202169710804,-0.036017102624555264,-0.014475411732064458,0.038817125425262174,-0.2,0.14285714285714285,0.18318582636182795,left,bottom
030,False,49,100.0,80.0,1946.4310302734375,1303.631103515625,1946.3744314653404,1303.6466145149902,-0.05659880809707829,0.015510999365233147,0.05868574085174488,0.0,0.14285714285714285,0.08192319205190404,center,bottom
030,False,50,120.0,80.0,1930.5838623046875,1091.03369140625,1930.5884552562377,1090.9655503587126,0.004592951550193902,-0.06814104753743777,0.06829566284502832,0.2,0.14285714285714285,0.18318582636182795,right,bottom
030,False,51,140.0,80.0,1914.8548583984375,878.399169921875,1914.815478762337,878.4244584688395,-0.03937963610042061,0.025288546964475245,0.04680028148394003,0.4,0.14285714285714285,0.3377779740177616,right,bottom
030,False,52,160.0,80.0,1899.070556640625,666.0675048828125,1899.0573459676482,666.0624228428635,-0.01321067297681111,-0.005082039949002137,0.01415446963130378,0.6,0.14285714285714285,0.4983193229757469,right,bottom
030,False,53,180.0,80.0,1883.3111572265625,453.9051513671875,1883.3145615024482,453.9060956633341,0.0034042758857140143,0.0009442961465992994,0.0035328160889772087,0.8,0.14285714285714285,0.6604858898858135,right,bottom
030,False,54,200.0,80.0,1867.461181640625,241.83197021484375,1867.5859901191004,241.96563286468745,0.12480847847541554,0.1336626498436999,0.18287389169202858,1.0,0.14285714285714285,0.8233178906068351,right,bottom
030,False,55,0.0,100.0,2228.973388671875,2345.997802734375,2229.061121345446,2345.95729414859,0.08773267357082659,-0.04050858578511907,0.09663315959956792,-1.0,0.42857142857142855,0.8553032352102229,left,bottom
030,False,56,20.0,100.0,2213.385009765625,2135.00439453125,2213.416213259845,2134.958246798918,0.031203494219880668,-0.04614773233197411,0.05570701258292043,-0.8,0.42857142857142855,0.6999520597198355,left,bottom
030,False,57,40.0,100.0,2197.871337890625,1923.899658203125,2197.7525717212284,1923.8639089135222,-0.11876616939662199,-0.03574928960279067,0.12402989438135996,-0.6,0.42857142857142855,0.5495574790854838,left,bottom
030,False,58,60.0,100.0,2182.2548828125,1712.7784423828125,2182.072207442775,1712.713378723202,-0.18267536972507514,-0.06506365961058691,0.19391640081776276,-0.4,0.42857142857142855,0.40961596025952024,left,bottom
030,False,59,80.0,100.0,2166.446533203125,1501.5352783203125,2166.3780769141204,1501.5535431169708,-0.06845628900464362,0.018264796658286286,0.07085101482163708,-0.2,0.42857142857142855,0.295378269592824,left,bottom
030,False,60,100.0,100.0,2150.709228515625,1290.448974609375,2150.6737843987553,1290.4350843688294,-0.03544411686971216,-0.013890240545606503,0.0380686774538941,0.0,0.42857142857142855,0.24576957615571215,center,bottom
030,False,61,120.0,100.0,2134.9697265625,1079.5142822265625,2134.963285184271,1079.4085036818553,-0.006441378228828398,-0.10577854470716375,0.10597448690063219,0.2,0.42857142857142855,0.295378269592824,right,bottom
030,False,62,140.0,100.0,2119.273193359375,868.4758911132812,2119.250590081758,868.5201614999517,-0.02260327761678127,0.04427038667040506,0.049706893837459444,0.4,0.42857142857142855,0.40961596025952024,right,bottom
030,False,63,160.0,100.0,2103.537841796875,657.7947998046875,2103.539471170663,657.8083345377221,0.0016293737880914705,0.013534733034589408,0.013632456024463287,0.6,0.42857142857142855,0.5495574790854838,right,bottom
030,False,64,180.0,100.0,2087.86376953125,447.25634765625,2087.8331687854297,447.29928947907183,-0.03060074582026573,0.04294182282183101,0.05272955330759058,0.8,0.42857142857142855,0.6999520597198355,right,bottom
030,False,65,200.0,100.0,2072.14501953125,236.8949432373047,2072.1340997402594,237.00337329526042,-0.010919790990556066,0.10843005795572935,0.10897852680028418,1.0,0.42857142857142855,0.8553032352102229,right,bottom
030,False,66,0.0,120.0,2429.460205078125,2324.7919921875,2429.575534154969,2324.7576832865398,0.11532907684386373,-0.03430890096024086,0.12032413162270253,-1.0,0.7142857142857143,0.9159291318091396,left,bottom
030,False,67,20.0,120.0,2414.03466796875,2115.552490234375,2414.079662586546,2115.3918622392966,0.04499461779596459,-0.16062799507835734,0.16681087624461938,-0.8,0.7142857142857143,0.7728618480955124,left,bottom
030,False,68,40.0,120.0,2398.636474609375,1905.978515625,2398.5530081975126,1905.9358988724107,-0.08346641186244597,-0.042616752589310636,0.0937167514932628,-0.6,0.7142857142857143,0.6398405841726221,left,bottom
030,False,69,60.0,120.0,2383.120361328125,1696.4610595703125,2382.995695119643,1696.427614185399,-0.12466620848181265,-0.03344538491342064,0.1290746191520147,-0.4,0.7142857142857143,0.5245643766354129,left,bottom
030,False,70,80.0,120.0,2367.445556640625,1486.8836669921875,2367.4094984361136,1486.9122740438595,-0.03605820451139152,0.028607051671997397,0.046027790713325197,-0.2,0.7142857142857143,0.4411698907260348,left,bottom
030,False,71,100.0,120.0,2351.730224609375,1277.3065185546875,2351.7975549015937,1277.4387474192597,0.06733029221868492,0.1322288645721983,0.14838409913567646,0.0,0.7142857142857143,0.40961596025952024,center,bottom
030,False,72,120.0,120.0,2336.19189453125,1068.100341796875,2336.164074864921,1068.0556806842678,-0.02781966632892363,-0.04466111260717298,0.05261700118747963,0.2,0.7142857142857143,0.4411698907260348,right,bottom
030,False,73,140.0,120.0,2320.44580078125,858.7382202148438,2320.514055390855,858.8076879165787,0.06825460960499186,0.06946770173499317,0.09738815798993129,0.4,0.7142857142857143,0.5245643766354129,right,bottom
030,False,74,160.0,120.0,2304.78125,649.558837890625,2304.8529945773853,649.7315571643092,0.07174457738528872,0.17271927368415163,0.18702735598348857,0.6,0.7142857142857143,0.6398405841726221,right,bottom
030,False,75,180.0,120.0,2289.172607421875,440.8039245605469,2289.1866070651054,440.85247262615826,0.01399964323036329,0.04854806561138503,0.05052627717519669,0.8,0.7142857142857143,0.7728618480955124,right,bottom
030,False,76,200.0,120.0,2273.536376953125,232.35366821289062,2273.5205407351605,232.1802526996521,-0.015836217964533716,-0.173415513238524,0.17413708976321188,1.0,0.7142857142857143,0.9159291318091396,right,bottom
030,False,77,0.0,140.0,2626.860107421875,2303.97021484375,2626.959119522374,2303.8314176775684,0.09901210049883957,-0.13879716618157545,0.1704935464621115,-1.0,1.0,1.0,left,bottom
030,False,78,20.0,140.0,2611.59033203125,2096.23095703125,2611.6064591098075,2096.084379406394,0.016127078557474306,-0.14657762485603598,0.14746214012835893,-0.8,1.0,0.8708554769564043,left,bottom
030,False,79,40.0,140.0,2596.244384765625,1888.2972412109375,2596.212538238165,1888.2540596716012,-0.03184652745994754,-0.043181539336274,0.05365488468636729,-0.6,1.0,0.7552945112058728,left,bottom
030,False,80,60.0,140.0,2580.774658203125,1680.3525390625,2580.7756798800574,1680.3763732321634,0.0010216769323960762,0.023834169663359717,0.023856057245404298,-0.4,1.0,0.6604858898858135,left,bottom
030,False,81,80.0,140.0,2565.259033203125,1472.423828125,2565.296509145771,1472.494354770569,0.03747594264586951,0.07052664556908894,0.0798652240491717,-0.2,1.0,0.5964098406184939,left,bottom
030,False,82,100.0,140.0,2549.794921875,1264.6612548828125,2549.777672447088,1264.6544617953855,-0.017249427911792736,-0.0067930874270132335,0.01853884570503729,0.0,1.0,0.5734623443633283,center,bottom
030,False,83,120.0,140.0,2534.205078125,1056.8507080078125,2534.223557815729,1056.9028928775501,0.01847969072878186,0.052184869737629924,0.05536027094374475,0.2,1.0,0.5964098406184939,right,bottom
030,False,84,140.0,140.0,2518.572265625,849.2236328125,2518.640016373076,849.2819211758014,0.06775074807592318,0.058288363301358004,0.0893739176784721,0.4,1.0,0.6604858898858135,right,bottom
030,False,85,160.0,140.0,2502.897705078125,641.6474609375,2503.0340849478425,641.8262432067731,0.1363798697175298,0.17878226927314245,0.22486122091331093,0.6,1.0,0.7552945112058728,right,bottom
030,False,86,180.0,140.0,2487.2548828125,434.5630187988281,2487.413709838351,434.5593428153886,0.15882702585122388,-0.0036759834395070357,0.158869559686533,0.8,1.0,0.8708554769564043,right,bottom
030,False,87,200.0,140.0,2471.490966796875,227.47515869140625,2471.7874717160994,227.4898703013082,0.2965049192243896,0.014711609901951306,0.296869665998682,1.0,1.0,1.0,right,bottom
031,False,0,0.0,0.0,685.7215576171875,2742.046142578125,685.5460245437985,2742.125336844457,-0.17553307338903323,0.07919426633179683,0.19257100423799867,-1.0,-1.0,1.0,left,top
031,False,1,20.0,0.0,692.1997680664062,2519.047119140625,692.2150517157154,2519.0517568147798,0.015283649309139946,0.004637674154764682,0.01597178630493616,-0.8,-1.0,0.8708554769564043,left,top
031,False,2,40.0,0.0,698.86181640625,2298.403076171875,698.8199361943709,2298.3740653890095,-0.04188021187906088,-0.029010782865498186,0.050946812162333724,-0.6,-1.0,0.7552945112058728,left,top
031,False,3,60.0,0.0,705.3563232421875,2080.123779296875,705.3870654029374,2080.049991775442,0.03074216074992364,-0.0737875214331325,0.0799354662638502,-0.4,-1.0,0.6604858898858135,left,top
031,False,4,80.0,0.0,711.9306030273438,1864.1572265625,711.9348317906731,1864.055843899654,0.0042287633293653926,-0.10138266284593556,0.10147081730738364,-0.2,-1.0,0.5964098406184939,left,top
031,False,5,100.0,0.0,718.4407348632812,1650.4593505859375,718.4745574823585,1650.3800971935473,0.0338226190772275,-0.07925339239022833,0.08616884452400841,0.0,-1.0,0.5734623443633283,center,top
031,False,6,120.0,0.0,725.0201416015625,1439.05126953125,725.0113342038085,1439.0178718650654,-0.00880739775402617,-0.03339766618455542,0.03453946093633515,0.2,-1.0,0.5964098406184939,right,top
031,False,7,140.0,0.0,731.516845703125,1230.037353515625,731.5447857059703,1229.9662033942473,0.027940002845298295,-0.07115012137774102,0.07643941084978714,0.4,-1.0,0.6604858898858135,right,top
031,False,8,160.0,0.0,738.1124267578125,1023.2505493164062,738.0697593019904,1023.2200203012395,-0.042667455822083866,-0.030529015166735007,0.05246458380069563,0.6,-1.0,0.7552945112058728,right,top
031,False,9,180.0,0.0,744.5923461914062,818.8939208984375,744.5769525754029,818.7687516501196,-0.015393616003393618,-0.12516924831788856,0.12611226799215525,0.8,-1.0,0.8708554769564043,right,top
031,False,10,200.0,0.0,751.1126098632812,616.6605224609375,751.0534808088091,616.593494372507,-0.059129054472123244,-0.0670280884304475,0.0893812604599376,1.0,-1.0,1.0,right,top
031,False,11,0.0,20.0,908.3155517578125,2741.78271484375,908.3040393590961,2741.771704205623,-0.011512398716376993,-0.011010638127118,0.015930143633099584,-1.0,-0.7142857142857143,0.9159291318091396,left,top
031,False,12,20.0,20.0,913.8136596679688,2518.861328125,913.7048262186822,2519.0092843787093,-0.1088334492865215,0.14795625370925336,0.1836730048082156,-0.8,-0.7142857142857143,0.7728618480955124,left,top
031,False,13,40.0,20.0,919.018798828125,2298.68896484375,919.0644268561653,2298.609641376756,0.04562802804025523,-0.07932346699408299,0.0915102691439802,-0.6,-0.7142857142857143,0.6398405841726221,left,top
031,False,14,60.0,20.0,924.4727783203125,2080.636962890625,924.4040401040581,2080.537898304516,-0.06873821625435994,-0.09906458610885238,0.12057667516874639,-0.4,-0.7142857142857143,0.5245643766354129,left,top
031,False,15,80.0,20.0,929.8229370117188,1864.9222412109375,929.7382543441422,1864.776969677349,-0.08468266757654419,-0.14527153358858413,0.16815163590955223,-0.2,-0.7142857142857143,0.4411698907260348,left,top
031,False,16,100.0,20.0,935.108154296875,1651.3363037109375,935.0758110419524,1651.32124686804,-0.032343254922579945,-0.015056842897593015,0.035676247799198126,0.0,-0.7142857142857143,0.40961596025952024,center,top
031,False,17,120.0,20.0,940.288330078125,1440.3421630859375,940.4202985199752,1440.171160895317,0.13196844185017653,-0.17100219062058386,0.21600328433012755,0.2,-0.7142857142857143,0.4411698907260348,right,top
031,False,18,140.0,20.0,945.7335205078125,1231.1622314453125,945.7707818996739,1231.328528490999,0.037261391861420634,0.1662970456864059,0.17042041757804996,0.4,-0.7142857142857143,0.5245643766354129,right,top
031,False,19,160.0,20.0,951.0859985351562,1024.8455810546875,951.1223746444266,1024.792596560325,0.03637610927034984,-0.05298449436259034,0.06426957264917668,0.6,-0.7142857142857143,0.6398405841726221,right,top
031,False,20,180.0,20.0,956.5315551757812,820.5515747070312,956.4667566798901,820.5567084582354,-0.06479849589118203,0.005133751204198234,0.06500154206775514,0.8,-0.7142857142857143,0.7728618480955124,right,top
031,False,21,200.0,20.0,961.9335327148438,618.5735473632812,961.7926436514633,618.6055230257197,-0.14088906338042761,0.031975662438412655,0.14447204286154974,1.0,-0.7142857142857143,0.9159291318091396,right,top
031,False,22,0.0,40.0,1130.4801025390625,2741.371337890625,1130.5274175722025,2741.4078164363227,0.047315033139966545,0.0364785456977188,0.05974442783437373,-1.0,-0.42857142857142855,0.8553032352102229,left,top
031,False,23,20.0,40.0,1134.6787109375,2518.90869140625,1134.6933588641903,2518.9481259916183,0.014647926690258828,0.039434585368326225,0.04206718768226616,-0.8,-0.42857142857142855,0.6999520597198355,left,top
031,False,24,40.0,40.0,1138.7972412109375,2298.839111328125,1138.8345553205245,2298.823385370194,0.03731410958698689,-0.015725957930953882,0.04049257372797879,-0.6,-0.42857142857142855,0.5495574790854838,left,top
031,False,25,60.0,40.0,1142.949462890625,2081.013671875,1142.9675398964143,2081.004751503158,0.01807700578933691,-0.008920371842123132,0.020158153985657103,-0.4,-0.42857142857142855,0.40961596025952024,left,top
031,False,26,80.0,40.0,1147.0428466796875,1865.5194091796875,1147.1035716917777,1865.4805183188998,0.0607250120901881,-0.03889086078766013,0.07211120680004358,-0.2,-0.42857142857142855,0.295378269592824,left,top
031,False,27,100.0,40.0,1151.1474609375,1652.2869873046875,1151.2492427708212,1652.2498880277574,0.10178183332118351,-0.03709927693012105,0.10833234947585599,0.0,-0.42857142857142855,0.24576957615571215,center,top
031,False,28,120.0,40.0,1155.4779052734375,1441.3426513671875,1155.407029788654,1441.3176094653438,-0.07087548478352801,-0.025041901843678716,0.07516935007866271,0.2,-0.42857142857142855,0.295378269592824,right,top
031,False,29,140.0,40.0,1159.492431640625,1232.6005859375,1159.575795097716,1232.689390553533,0.08336345709108173,0.08880461603303047,0.12180199426508007,0.4,-0.42857142857142855,0.40961596025952024,right,top
031,False,30,160.0,40.0,1163.642333984375,1026.16455078125,1163.7512416157756,1026.3680009991403,0.10890763140059789,0.20345021789034945,0.230765819256057,0.6,-0.42857142857142855,0.5495574790854838,right,top
031,False,31,180.0,40.0,1167.989501953125,822.2802734375,1167.9263253793963,822.3499895539353,-0.0631765737286969,0.06971611643530196,0.09408302906963643,0.8,-0.42857142857142855,0.6999520597198355,right,top
031,False,32,200.0,40.0,1172.0799560546875,620.5585327148438,1172.0916293793184,620.6229475869717,0.011673324630919524,0.06441487212794073,0.06546405318339056,1.0,-0.42857142857142855,0.8553032352102229,right,top
031,False,33,0.0,60.0,1352.14599609375,2740.98583984375,1352.2315147654572,2741.0069626249824,0.08551867170717742,0.02112278123240685,0.0880886774651096,-1.0,-0.14285714285714285,0.8233178906068351,left,top
031,False,34,20.0,60.0,1355.149169921875,2518.74658203125,1355.1897663153463,2518.8470165917142,0.040596393471332703,0.10043456046423671,0.10832898088011206,-0.8,-0.14285714285714285,0.6604858898858135,left,top
031,False,35,40.0,60.0,1358.0623779296875,2298.9912109375,1358.1345383424477,2298.99911546558,0.07216041276024043,0.007904528079961892,0.07259205696145535,-0.6,-0.14285714285714285,0.4983193229757469,left,top
031,False,36,60.0,60.0,1361.07177734375,2081.396728515625,1361.078118886277,2081.4391305312,0.0063415425270250125,0.04240201557513501,0.04287360594183861,-0.4,-0.14285714285714285,0.3377779740177616,left,top
031,False,37,80.0,60.0,1364.041259765625,1866.0245361328125,1364.0288175569478,1866.1595447273548,-0.012442208677157396,0.1350085945423416,0.13558071085912007,-0.2,-0.14285714285714285,0.18318582636182795,left,top
031,False,38,100.0,60.0,1367.186767578125,1653.019775390625,1366.9914195879785,1653.1632992767584,-0.19534799014650162,0.14352388613338007,0.24240450314526987,0.0,-0.14285714285714285,0.08192319205190404,center,top
031,False,39,120.0,60.0,1369.9456787109375,1442.5047607421875,1369.967598901859,1442.458497920084,0.021920190921491667,-0.04626282210347199,0.0511931975853447,0.2,-0.14285714285714285,0.18318582636182795,right,top
031,False,40,140.0,60.0,1372.9237060546875,1233.972900390625,1372.95629363652,1234.0538768683496,0.0325875818325585,0.08097647772456185,0.08728768775932925,0.4,-0.14285714285714285,0.3377779740177616,right,top
031,False,41,160.0,60.0,1376.0045166015625,1027.86669921875,1375.954047293861,1027.954957537912,-0.05046930770140534,0.08825831916192328,0.1016694738903819,0.6,-0.14285714285714285,0.4983193229757469,right,top
031,False,42,180.0,60.0,1378.9005126953125,824.0457763671875,1378.9553184087167,824.1608072363955,0.054805713404221024,0.11503086920799888,0.1274196495541145,0.8,-0.14285714285714285,0.6604858898858135,right,top
031,False,43,200.0,60.0,1381.9896240234375,622.6001586914062,1381.9527613960788,622.6613403059662,-0.03686262735868695,0.061181614559927766,0.07142858850589855,1.0,-0.14285714285714285,0.8233178906068351,right,top
031,False,44,0.0,80.0,1573.32421875,2740.51953125,1573.4099634279642,2740.5485321206597,0.08574467796415775,0.029000870659729117,0.09051629852241781,-1.0,0.14285714285714285,0.8233178906068351,left,bottom
031,False,45,20.0,80.0,1575.0411376953125,2518.8134765625,1575.1821650046472,2518.6895548924294,0.1410273093347314,-0.12392167007055832,0.18773726931877519,-0.8,0.14285714285714285,0.6604858898858135,left,bottom
031,False,46,40.0,80.0,1576.904296875,2299.031494140625,1576.9482604825864,2299.1243443797257,0.04396360758642004,0.09285023910069867,0.10273249579889336,-0.6,0.14285714285714285,0.4983193229757469,left,bottom
031,False,47,60.0,80.0,1578.7801513671875,2081.870849609375,1578.7166161213781,2081.832203610037,-0.0635352458093621,-0.038645999337859394,0.07436558831124711,-0.4,0.14285714285714285,0.3377779740177616,left,bottom
031,False,48,80.0,80.0,1580.4129638671875,1866.8289794921875,1580.4928804939652,1866.8086473988665,0.07991662677773093,-0.020332093321030698,0.0824624839205456,-0.2,0.14285714285714285,0.18318582636182795,left,bottom
031,False,49,100.0,80.0,1582.21142578125,1653.976806640625,1582.280289288028,1654.059314143439,0.06886350677791597,0.08250750281399633,0.10746939371911284,0.0,0.14285714285714285,0.08192319205190404,center,bottom
031,False,50,120.0,80.0,1583.971923828125,1443.6683349609375,1584.0799429935416,1443.5947265686757,0.10801916541663559,-0.0736083922618036,0.13071471037597118,0.2,0.14285714285714285,0.18318582636182795,right,bottom
031,False,51,140.0,80.0,1585.93603515625,1235.382568359375,1585.8910597304807,1235.4258105299568,-0.044975425769280264,0.043242170581834216,0.06239129939147355,0.4,0.14285714285714285,0.3377779740177616,right,bottom
031,False,52,160.0,80.0,1587.626953125,1029.43212890625,1587.7112052848906,1029.56008982186,0.08425215989063872,0.12796091560994682,0.15320712245184193,0.6,0.14285714285714285,0.4983193229757469,right,bottom
031,False,53,180.0,80.0,1589.476806640625,825.94091796875,1589.5365022513324,825.9984829515903,0.05969561070742202,0.05756498284029021,0.08292944704467156,0.8,0.14285714285714285,0.6604858898858135,right,bottom
031,False,54,200.0,80.0,1591.2037353515625,624.6653442382812,1591.3618200237552,624.7326350891475,0.15808467219267186,0.06729085086624309,0.1718104251568207,1.0,0.14285714285714285,0.8233178906068351,right,bottom
031,False,55,0.0,100.0,1794.084228515625,2739.910888671875,1794.0402730887865,2740.017836179316,-0.04395542683846543,0.10694750744096382,0.11562806275462155,-1.0,0.42857142857142855,0.8553032352102229,left,bottom
031,False,56,20.0,100.0,1794.677978515625,2518.51904296875,1794.6431092012706,2518.4640661651792,-0.03486931435440965,-0.05497680357075296,0.06510236565904341,-0.8,0.42857142857142855,0.6999520597198355,left,bottom
031,False,57,40.0,100.0,1795.158447265625,2299.05615234375,1795.2445562700595,2299.1901807595264,0.08610900443454739,0.13402841577635627,0.15930592230117727,-0.6,0.42857142857142855,0.5495574790854838,left,bottom
031,False,58,60.0,100.0,1796.0030517578125,2082.166748046875,1795.8492877208632,2082.177665404523,-0.1537640369492692,0.010917357647940662,0.1541511198692675,-0.4,0.42857142857142855,0.40961596025952024,left,bottom
031,False,59,80.0,100.0,1796.46240234375,1867.425537109375,1796.460491583003,1867.423939568175,-0.0019107607470232324,-0.0015975411999988864,0.0024906112739764637,-0.2,0.42857142857142855,0.295378269592824,left,bottom
031,False,60,100.0,100.0,1797.0233154296875,1654.9686279296875,1797.0800291400628,1654.9363238173407,0.0567137103753339,-0.03230411234676467,0.06526868023064086,0.0,0.42857142857142855,0.24576957615571215,center,bottom
031,False,61,120.0,100.0,1797.770263671875,1444.8424072265625,1797.7085800367654,1444.726847968397,-0.06168363510960262,-0.11555925816560375,0.1309916523604434,0.2,0.42857142857142855,0.295378269592824,right,bottom
031,False,62,140.0,100.0,1798.374267578125,1236.8162841796875,1798.3457749302113,1236.8078103479093,-0.028492647913708424,-0.008473831778246677,0.029726029168736554,0.4,0.42857142857142855,0.40961596025952024,right,bottom
031,False,63,160.0,100.0,1799.0184326171875,1031.0557861328125,1798.990316686455,1031.1880069401063,-0.02811593073261065,0.1322208072938338,0.13517709658960014,0.6,0.42857142857142855,0.5495574790854838,right,bottom
031,False,64,180.0,100.0,1799.7288818359375,827.8311767578125,1799.6400910433742,827.8695571177366,-0.08879079256325895,0.0383803599240764,0.09673084757156493,0.8,0.42857142857142855,0.6999520597198355,right,bottom
031,False,65,200.0,100.0,1800.2098388671875,626.8656616210938,1800.2922675872949,626.8452598258295,0.08242872010737301,-0.020401795264206157,0.08491600054490452,1.0,0.42857142857142855,0.8553032352102229,right,bottom
031,False,66,0.0,120.0,2014.056640625,2739.458984375,2014.089209446594,2739.4059335932584,0.03256882159394081,-0.053050781741603714,0.06225041030718769,-1.0,0.7142857142857143,0.9159291318091396,left,bottom
031,False,67,20.0,120.0,2013.5498046875,2518.1884765625,2013.5348155719628,2518.1634679883246,-0.014989115537218822,-0.025008574175444664,0.029156514998826807,-0.8,0.7142857142857143,0.7728618480955124,left,bottom
031,False,68,40.0,120.0,2012.99072265625,2299.125244140625,2012.9822860501135,2299.191232514857,-0.008436606136456248,0.06598837423189252,0.06652549779498075,-0.6,0.7142857142857143,0.6398405841726221,left,bottom
031,False,69,60.0,120.0,2012.4609375,2082.44189453125,2012.4327395900646,2082.471675554669,-0.028197909935443022,0.0297810234192184,0.04101257710292528,-0.4,0.7142857142857143,0.5245643766354129,left,bottom
031,False,70,80.0,120.0,2011.979248046875,1867.9639892578125,2011.8870193323467,1868.0030206949907,-0.09222871452834625,0.03903143717820967,0.10014783508268021,-0.2,0.7142857142857143,0.4411698907260348,left,bottom
031,False,71,100.0,120.0,2011.359375,1655.65966796875,2011.3457080520457,1655.7932794783658,-0.013666947954334319,0.1336115096157755,0.1343086779333076,0.0,0.7142857142857143,0.40961596025952024,center,bottom
031,False,72,120.0,120.0,2010.9697265625,1445.935791015625,2010.8091431125106,1445.8550981089513,-0.1605834499894172,-0.08069290667367568,0.17971752724191983,0.2,0.7142857142857143,0.4411698907260348,right,bottom
031,False,73,140.0,120.0,2010.238525390625,1238.16650390625,2010.2774311182582,1238.2013490148613,0.03890572763316413,0.034845108611307296,0.052228701274297,0.4,0.7142857142857143,0.5245643766354129,right,bottom
031,False,74,160.0,120.0,2009.7457275390625,1032.827392578125,2009.7504622246172,1032.8413868155183,0.004734685554694806,0.013994237393262665,0.014773487317516697,0.6,0.7142857142857143,0.6398405841726221,right,bottom
031,False,75,180.0,120.0,2009.237548828125,829.8176879882812,2009.2279240695843,829.7778960776271,-0.009624758540667244,-0.03979191065411669,0.04093937139809736,0.8,0.7142857142857143,0.7728618480955124,right,bottom
031,False,76,200.0,120.0,2008.7757568359375,629.1580200195312,2008.7093153003304,629.0042653401684,-0.0664415356070549,-0.1537546793628053,0.16749620616534158,1.0,0.7142857142857143,0.9159291318091396,right,bottom
031,False,77,0.0,140.0,2233.515869140625,2738.81787109375,2233.5179588172155,2738.709460220767,0.0020896765904581116,-0.10841087298285856,0.10843101092011548,-1.0,1.0,1.0,left,bottom
031,False,78,20.0,140.0,2231.89794921875,2517.895263671875,2231.8141803092713,2517.785138902329,-0.08376890947874926,-0.1101247695460188,0.13836435618620369,-0.8,1.0,0.8708554769564043,left,bottom
031,False,79,40.0,140.0,2230.185302734375,2299.146728515625,2230.115211353886,2299.1255121359463,-0.07009138048897512,-0.021216379678662634,0.07323207210996731,-0.6,1.0,0.7552945112058728,left,bottom
031,False,80,60.0,140.0,2228.4609375,2082.77392578125,2228.418666331528,2082.7127983375685,-0.042271168471870624,-0.06112744368147105,0.07431968820580913,-0.4,1.0,0.6604858898858135,left,bottom
031,False,81,80.0,140.0,2226.6953125,1868.45703125,2226.723077183711,1868.5449482894012,0.027764683711211546,0.08791703940119078,0.09219698193896668,-0.2,1.0,0.5964098406184939,left,bottom
031,False,82,100.0,140.0,2225.039306640625,1656.78125,2225.0277674902854,1656.6296942327242,-0.011539150339558546,-0.151555767275795,0.1519944162958425,0.0,1.0,0.5734623443633283,center,bottom
031,False,83,120.0,140.0,2223.416748046875,1446.9625244140625,2223.332739342713,1446.9794265262315,-0.08400870416198813,0.016902112168963868,0.08569214532702912,0.2,1.0,0.5964098406184939,right,bottom
031,False,84,140.0,140.0,2221.71337890625,1239.7470703125,2221.6385718465517,1239.6068095782696,-0.07480705969828705,-0.14026073423042362,0.15896279359510707,0.4,1.0,0.6604858898858135,right,bottom
031,False,85,160.0,140.0,2219.93896484375,1034.4842529296875,2219.9463301892406,1034.5210573204354,0.007365345490597974,0.036804390747875004,0.03753413769514546,0.6,1.0,0.7552945112058728,right,bottom
031,False,86,180.0,140.0,2218.0966796875,831.9423217773438,2218.257484303105,831.7247962439941,0.16080461560477488,-0.21752553334965796,0.27050967091557476,0.8,1.0,0.8708554769564043,right,bottom
031,False,87,200.0,140.0,2216.463623046875,631.3197631835938,2216.5738362390084,631.2114510452865,0.11021319213341485,-0.10831213830726938,0.15452659002556832,1.0,1.0,1.0,right,bottom
032,False,0,0.0,0.0,2318.305908203125,533.2887573242188,2318.0806845092793,533.1873908163013,-0.22522369384569174,-0.10136650791741886,0.24698356462904575,-1.0,-1.0,1.0,left,top
032,False,1,20.0,0.0,2331.795166015625,752.1268920898438,2331.6542954191796,752.0425509720709,-0.14087059644543842,-0.08434111777285125,0.16418876054732714,-0.8,-1.0,0.8708554769564043,left,top
032,False,2,40.0,0.0,2345.217041015625,971.1721801757812,2345.217091280453,971.1228302926429,5.0264828132640105e-05,-0.04934988313834765,0.049349908736709094,-0.6,-1.0,0.7552945112058728,left,top
032,False,3,60.0,0.0,2358.737548828125,1190.4189453125,2358.7629541241968,1190.3922653540847,0.025405296071767225,-0.026679958415343208,0.03684086385440214,-0.4,-1.0,0.6604858898858135,left,top
032,False,4,80.0,0.0,2372.34130859375,1409.7467041015625,2372.2863911346867,1409.803324339964,-0.05491745906329015,0.05662023840159236,0.07887825243133435,-0.2,-1.0,0.5964098406184939,left,top
032,False,5,100.0,0.0,2385.79150390625,1629.2845458984375,2385.7828322256382,1629.3016571216326,-0.008671680611769261,0.0171112231951156,0.01918311767845876,0.0,-1.0,0.5734623443633283,center,top
032,False,6,120.0,0.0,2399.257568359375,1848.718994140625,2399.24892934145,1848.8308731174598,-0.008639017924906511,0.11187897683475967,0.11221202292223212,0.2,-1.0,0.5964098406184939,right,top
032,False,7,140.0,0.0,2412.612060546875,2068.252685546875,2412.6828574904466,2068.3373470444053,0.07079694357162225,0.0846614975303055,0.11036202418928981,0.4,-1.0,0.6604858898858135,right,top
032,False,8,160.0,0.0,2426.1376953125,2287.661376953125,2426.0846175171696,2287.775052675721,-0.05307779533040957,0.11367572259587178,0.12545685419629507,0.6,-1.0,0.7552945112058728,right,top
032,False,9,180.0,0.0,2439.5,2506.885009765625,2439.4563406207826,2507.110424718986,-0.04365937921738805,0.22541495336099615,0.22960409968549728,0.8,-1.0,0.8708554769564043,right,top
032,False,10,200.0,0.0,2452.9423828125,2726.14404296875,2452.802594626695,2726.3272489291076,-0.13978818580517327,0.18320596035755443,0.230445570148865,1.0,-1.0,1.0,right,top
032,False,11,0.0,20.0,2103.549072265625,552.487060546875,2103.3447653451813,552.3816819105804,-0.20430692044374155,-0.10537863629463118,0.22988252375620358,-1.0,-0.7142857142857143,0.9159291318091396,left,top
032,False,12,20.0,20.0,2116.789794921875,770.0579833984375,2116.7407119180984,769.9396785194764,-0.04908300377655905,-0.11830487896111208,0.1280827296934801,-0.8,-0.7142857142857143,0.7728618480955124,left,top
032,False,13,40.0,20.0,2130.132080078125,987.8020629882812,2130.138905392134,987.7215332214816,0.006825314008892747,-0.08052976679960011,0.08081848954365556,-0.6,-0.7142857142857143,0.6398405841726221,left,top
032,False,14,60.0,20.0,2143.47216796875,1205.6761474609375,2143.535958563542,1205.6906734149998,0.06379059479195348,0.014525954062264645,0.06542356857685329,-0.4,-0.7142857142857143,0.5245643766354129,left,top
032,False,15,80.0,20.0,2156.875,1423.7681884765625,2156.9281890711004,1423.7993609788296,0.05318907110040527,0.03117250226705437,0.0616506462424643,-0.2,-0.7142857142857143,0.4411698907260348,left,top
032,False,16,100.0,20.0,2170.298095703125,1642.0074462890625,2170.3119036874737,1641.9933008716614,0.013807984348659375,-0.014145417401095983,0.019767479991745312,0.0,-0.7142857142857143,0.40961596025952024,center,top
032,False,17,120.0,20.0,2183.628662109375,1860.166015625,2183.683684258579,1860.2162765183991,0.05502214920397819,0.05026089339912687,0.07452244164212035,0.2,-0.7142857142857143,0.4411698907260348,right,top
032,False,18,140.0,20.0,2196.991943359375,2078.405029296875,2197.0406752976355,2078.4148120919817,0.04873193826051647,0.009782795106730191,0.04970417373548275,0.4,-0.7142857142857143,0.5245643766354129,right,top
032,False,19,160.0,20.0,2210.334228515625,2296.433837890625,2210.3808732405973,2296.542861799767,0.046644724972338736,0.10902390914179705,0.1185830642727027,0.6,-0.7142857142857143,0.6398405841726221,right,top
032,False,20,180.0,20.0,2223.69482421875,2514.43701171875,2223.703417369705,2514.5665262839257,0.008593150955221063,0.1295145651756684,0.1297993252524129,0.8,-0.7142857142857143,0.7728618480955124,right,top
032,False,21,200.0,20.0,2237.12646484375,2732.505615234375,2237.0088824118993,2732.468796245696,-0.1175824318506784,-0.03681898867898781,0.12321228107320659,1.0,-0.7142857142857143,0.9159291318091396,right,top
032,False,22,0.0,40.0,1891.3267822265625,571.4558715820312,1891.1559154651181,571.4077676349958,-0.17086676144435842,-0.04810394703542897,0.17750898536939091,-1.0,-0.42857142857142855,0.8553032352102229,left,top
032,False,23,20.0,40.0,1904.37548828125,787.6791381835938,1904.3758791083287,787.6728454706823,0.00039082707871784805,-0.006292712911431408,0.006304837951220846,-0.8,-0.42857142857142855,0.6999520597198355,left,top
032,False,24,40.0,40.0,1917.5133056640625,1004.1585083007812,1917.6110063101853,1004.1574799438022,0.09770064612280294,-0.0010283569790772162,0.09770605800506735,-0.6,-0.42857142857142855,0.5495574790854838,left,top
032,False,25,60.0,40.0,1930.7117919921875,1220.796142578125,1930.8605342162837,1220.825404165791,0.14874222409616777,0.029261587666042033,0.15159317181790233,-0.4,-0.42857142857142855,0.40961596025952024,left,top
032,False,26,80.0,40.0,1944.0830078125,1437.5992431640625,1944.122538861828,1437.629576224406,0.03953104932793394,0.030333060343537,0.049827687190679475,-0.2,-0.42857142857142855,0.295378269592824,left,top
032,False,27,100.0,40.0,1957.2978515625,1654.50341796875,1957.3942068078068,1654.5166513387712,0.09635524530676776,0.01323337002122571,0.09725973154520871,0.0,-0.42857142857142855,0.24576957615571215,center,top
032,False,28,120.0,40.0,1970.6202392578125,1871.3914794921875,1970.6721083520224,1871.4314798502487,0.0518690942099056,0.0400003580612065,0.06550138608595081,0.2,-0.42857142857142855,0.295378269592824,right,top
032,False,29,140.0,40.0,1983.85107421875,2088.282470703125,1983.9524723213246,2088.321631153317,0.10139810257464887,0.03916045019195735,0.10869735997242888,0.4,-0.42857142857142855,0.40961596025952024,right,top
032,False,30,160.0,40.0,1997.168212890625,2305.147216796875,1997.231462451434,2305.141943671,0.06324956080902666,-0.0052731258751919086,0.06346899084616345,0.6,-0.42857142857142855,0.5495574790854838,right,top
032,False,31,180.0,40.0,2010.4705810546875,2521.85205078125,2010.5054553607533,2521.859100979782,0.03487430606583075,0.007050198531942442,0.0355798049870013,0.8,-0.42857142857142855,0.6999520597198355,right,top
032,False,32,200.0,40.0,2023.8367919921875,2738.406005859375,2023.7713201246008,2738.4562341892984,-0.06547186758666612,0.050228329923356796,0.08251939512730036,1.0,-0.42857142857142855,0.8553032352102229,right,top
032,False,33,0.0,60.0,1681.6680908203125,590.3310546875,1681.5122874406081,590.2639020434336,-0.1558033797043663,-0.06715264406636834,0.16965898364780835,-1.0,-0.14285714285714285,0.8233178906068351,left,top
032,False,34,20.0,60.0,1694.5367431640625,805.2644653320312,1694.5612063839321,805.2402317200898,0.024463219869630848,-0.02423361194144036,0.03443424275511547,-0.8,-0.14285714285714285,0.6604858898858135,left,top
032,False,35,40.0,60.0,1707.5224609375,1020.3794555664062,1707.6372343054609,1020.4290981173524,0.11477336796087911,0.049642550946146,0.12504922573740332,-0.6,-0.14285714285714285,0.4983193229757469,left,top
032,False,36,60.0,60.0,1720.6011962890625,1235.769775390625,1720.7421276898035,1235.795375886648,0.1409314007410103,0.025600496022889274,0.14323772237592025,-0.4,-0.14285714285714285,0.3377779740177616,left,top
032,False,37,80.0,60.0,1733.7579345703125,1451.3499755859375,1733.8756674225683,1451.2935431108017,0.11773285225581276,-0.05643247513580718,0.13055898571236885,-0.2,-0.14285714285714285,0.18318582636182795,left,top
032,False,38,100.0,60.0,1746.7265625,1666.9825439453125,1747.0359183685853,1666.8720218426613,0.3093558685852713,-0.11052210265120266,0.32850599477420594,0.0,-0.14285714285714285,0.08192319205190404,center,top
032,False,39,120.0,60.0,1760.213134765625,1882.471435546875,1760.2194904554417,1882.4775435677248,0.00635568981670076,0.006108020849751483,0.00881491416561231,0.2,-0.14285714285714285,0.18318582636182795,right,top
032,False,40,140.0,60.0,1773.2591552734375,2098.099609375,1773.4218012683782,2098.0595396906706,0.16264599494070353,-0.04006968432940994,0.16750910205869388,0.4,-0.14285714285714285,0.3377779740177616,right,top
032,False,41,160.0,60.0,1786.5474853515625,2313.76318359375,1786.6373401626247,2313.5745571460475,0.08985481106219595,-0.1886264477025179,0.20893497515708961,0.6,-0.14285714285714285,0.4983193229757469,right,top
032,False,42,180.0,60.0,1799.8570556640625,2529.07080078125,1799.8599338992708,2528.9906992337237,0.002878235208299884,-0.08010154752628296,0.08015324169376847,0.8,-0.14285714285714285,0.6604858898858135,right,top
032,False,43,200.0,60.0,1813.0826416015625,2744.337890625,1813.0830138107876,2744.2920917800766,0.0003722092251337017,-0.0457988449234108,0.04580035737880116,1.0,-0.14285714285714285,0.8233178906068351,right,top
032,False,44,0.0,80.0,1474.552490234375,608.9385375976562,1474.408055863416,608.9452702399142,-0.1444343709590612,0.0067326422579299106,0.1445912030038929,-1.0,0.14285714285714285,0.8233178906068351,left,bottom
032,False,45,20.0,80.0,1487.3443603515625,822.5490112304688,1487.2937844310864,822.6377474567073,-0.050575920476148895,0.08873622623855226,0.10213736622347998,-0.8,0.14285714285714285,0.6604858898858135,left,bottom
032,False,46,40.0,80.0,1500.166015625,1036.493408203125,1500.2168671447364,1036.5333212971034,0.05085151973639768,0.039913093978384495,0.06464466049434087,-0.6,0.14285714285714285,0.4983193229757469,left,bottom
032,False,47,60.0,80.0,1513.113037109375,1250.59423828125,1513.1814764210826,1250.5987702250206,0.06843931170760698,0.00453194377064392,0.0685891966810464,-0.4,0.14285714285714285,0.3377779740177616,left,bottom
032,False,48,80.0,80.0,1526.1778564453125,1464.8306884765625,1526.189043319394,1464.7908428812818,0.011186874081431597,-0.03984559528066711,0.041386200779783194,-0.2,0.14285714285714285,0.18318582636182795,left,bottom
032,False,49,100.0,80.0,1539.201904296875,1679.113525390625,1539.2385056283351,1679.0604716353323,0.036601331460133224,-0.053053755292694404,0.0644543126199608,0.0,0.14285714285714285,0.08192319205190404,center,bottom
032,False,50,120.0,80.0,1552.3369140625,1893.3836669921875,1552.3265573920012,1893.3570101864875,-0.010356670498822496,-0.026656805699985853,0.028598005419049395,0.2,0.14285714285714285,0.18318582636182795,right,bottom
032,False,51,140.0,80.0,1565.4000244140625,2107.692138671875,1565.4478998809025,2107.6324953105286,0.047875466839968794,-0.0596433613463887,0.07648131064410994,0.4,0.14285714285714285,0.3377779740177616,right,bottom
032,False,52,160.0,80.0,1578.5535888671875,2321.877197265625,1578.59549401369,2321.8459328478048,0.04190514650258592,-0.03126441782023903,0.05228293340127033,0.6,0.14285714285714285,0.4983193229757469,right,bottom
032,False,53,180.0,80.0,1591.667236328125,2536.052490234375,1591.7608142354247,2535.9676080293357,0.09357790729973203,-0.08488220503932098,0.12634007070971018,0.8,0.14285714285714285,0.6604858898858135,right,bottom
032,False,54,200.0,80.0,1604.97119140625,2750.047119140625,1604.934103858216,2749.9834202377497,-0.03708754803392367,-0.06369890287533053,0.07370913407909081,1.0,0.14285714285714285,0.8233178906068351,right,bottom
032,False,55,0.0,100.0,1269.9652099609375,627.4304809570312,1269.8301566157634,627.4446873203758,-0.13505334517412848,0.014206363344555939,0.135798478644644,-1.0,0.42857142857142855,0.8553032352102229,left,bottom
032,False,56,20.0,100.0,1282.564453125,839.8165893554688,1282.5631483854404,839.8596164916833,-0.0013047395596004208,0.043027136214504935,0.04304691389797819,-0.8,0.42857142857142855,0.6999520597198355,left,bottom
032,False,57,40.0,100.0,1295.22216796875,1052.4735107421875,1295.3413986564506,1052.4660582197216,0.11923068770056489,-0.007452522465882794,0.11946337087431495,-0.6,0.42857142857142855,0.5495574790854838,left,bottom
032,False,58,60.0,100.0,1307.97021484375,1265.1591796875,1308.171394142952,1265.2333886355927,0.20117929920206734,0.07420894809274614,0.21442965840682307,-0.4,0.42857142857142855,0.40961596025952024,left,bottom
032,False,59,80.0,100.0,1320.9688720703125,1478.1953125,1321.056160589147,1478.1213094092477,0.08728851883461175,-0.07400309075228506,0.11443663295130327,-0.2,0.42857142857142855,0.295378269592824,left,bottom
032,False,60,100.0,100.0,1333.948974609375,1691.07861328125,1333.9954999023823,1691.0839387545973,0.04652529300733477,0.00532547334728406,0.04682908877814073,0.0,0.42857142857142855,0.24576957615571215,center,bottom
032,False,61,120.0,100.0,1346.948974609375,1904.07568359375,1346.9862286625519,1904.0739256452864,0.037254053176866364,-0.0017579484635916742,0.03729550724826559,0.2,0.42857142857142855,0.295378269592824,right,bottom
032,False,62,140.0,100.0,1359.952392578125,2117.128662109375,1360.0224180132866,2117.046587333061,0.07002543516159676,-0.08207477631412985,0.10788804603191886,0.4,0.42857142857142855,0.40961596025952024,right,bottom
032,False,63,160.0,100.0,1373.063232421875,2330.0791015625,1373.0956349404514,2329.964070260973,0.032402518576418515,-0.11503130152686936,0.11950783882683463,0.6,0.42857142857142855,0.5495574790854838,right,bottom
032,False,64,180.0,100.0,1386.10986328125,2542.8818359375,1386.1951849434668,2542.799534464006,0.08532166221675652,-0.08230147349422623,0.11854669368122892,0.8,0.42857142857142855,0.6999520597198355,right,bottom
032,False,65,200.0,100.0,1399.3616943359375,2755.65087890625,1399.3083561050173,2755.5413615500024,-0.053338230920189744,-0.1095173562475793,0.12181550885316156,1.0,0.42857142857142855,0.8553032352102229,right,bottom
032,False,66,0.0,120.0,1067.9224853515625,645.6677856445312,1067.7556304313653,645.7532074903625,-0.16685492019723824,0.08542184583120616,0.1874498763382817,-1.0,0.7142857142857143,0.9159291318091396,left,bottom
032,False,67,20.0,120.0,1080.347900390625,856.7789916992188,1080.3486439214475,856.8988817733298,0.0007435308225467452,0.11989007411102648,0.11989237969292084,-0.8,0.7142857142857143,0.7728618480955124,left,bottom
032,False,68,40.0,120.0,1092.958984375,1068.1412353515625,1092.991919558268,1068.2225961848762,0.03293518326790945,0.08136083331373811,0.08777420745524656,-0.6,0.7142857142857143,0.6398405841726221,left,bottom
032,False,69,60.0,120.0,1105.543212890625,1279.653076171875,1105.6941586336852,1279.6969547500064,0.15094574306021968,0.04387857813139817,0.15719397878683228,-0.4,0.7142857142857143,0.5245643766354129,left,bottom
032,False,70,80.0,120.0,1118.3961181640625,1491.3153076171875,1118.4599255599555,1491.2852313313597,0.0638073958930363,-0.030076285827817628,0.07054053260252044,-0.2,0.7142857142857143,0.4411698907260348,left,bottom
032,False,71,100.0,120.0,1131.36083984375,1703.051025390625,1131.2898745594075,1702.9453423475986,-0.07096528434249194,-0.10568304302637443,0.12729877126321856,0.0,0.7142857142857143,0.40961596025952024,center,bottom
032,False,72,120.0,120.0,1144.1571044921875,1914.550048828125,1144.1809776705818,1914.6338418975538,0.0238731783942967,0.08379306942879339,0.08712753371319829,0.2,0.7142857142857143,0.4411698907260348,right,bottom
032,False,73,140.0,120.0,1157.1907958984375,2126.388671875,1157.1267540760662,2126.309939378342,-0.06404182237133682,-0.07873249665817639,0.10148970904811784,0.4,0.7142857142857143,0.5245643766354129,right,bottom
032,False,74,160.0,120.0,1170.1971435546875,2338.03271484375,1170.1175007572892,2337.939539685979,-0.07964279739826452,-0.09317515777092922,0.12257481471761873,0.6,0.7142857142857143,0.6398405841726221,right,bottom
032,False,75,180.0,120.0,1183.1575927734375,2549.651611328125,1183.1405244815287,2549.4993060873276,-0.017068291908799438,-0.1523052407974319,0.15325864727005686,0.8,0.7142857142857143,0.7728618480955124,right,bottom
032,False,76,200.0,120.0,1196.270263671875,2760.943359375,1196.1803751264288,2760.9807458525047,-0.08988854544622882,0.03738647750469681,0.0973534760686435,1.0,0.7142857142857143,0.9159291318091396,right,bottom
032,False,77,0.0,140.0,868.2609252929688,663.7106323242188,868.1494961685587,663.8606529395801,-0.11142912441005137,0.1500206153613135,0.18687598775706277,-1.0,1.0,1.0,left,bottom
032,False,78,20.0,140.0,880.6956787109375,873.5939331054688,880.6173217528969,873.7478415434831,-0.07835695804055831,0.15390843801435494,0.17270674614903828,-0.8,1.0,0.8708554769564043,left,bottom
032,False,79,40.0,140.0,893.0479125976562,1083.65185546875,893.1370260279821,1083.7979458668,0.08911343032582408,0.1460903980500916,0.17112453905524394,-0.6,1.0,0.7552945112058728,left,bottom
032,False,80,60.0,140.0,905.7118530273438,1293.9420166015625,905.7194271778048,1293.9873688941677,0.0075741504610959964,0.045352292605230105,0.04598041104381006,-0.4,1.0,0.6604858898858135,left,bottom
032,False,81,80.0,140.0,918.3711547851562,1504.304931640625,918.3705719898385,1504.2835169979955,-0.000582795317768614,-0.02141464262945192,0.021422571491993028,-0.2,1.0,0.5964098406184939,left,bottom
032,False,82,100.0,140.0,931.1696166992188,1714.5831298828125,931.0919525857837,1714.6486584579416,-0.07766411343504842,0.06552857512906485,0.10161549426193608,0.0,1.0,0.5734623443633283,center,bottom
032,False,83,120.0,140.0,943.9344482421875,1925.037353515625,943.8807244118404,1925.043803613639,-0.05372383034705308,0.006450098014056493,0.05410964527281506,0.2,1.0,0.5964098406184939,right,bottom
032,False,84,140.0,140.0,956.856201171875,2135.53125,956.7299254934958,2135.4326067353413,-0.1262756783792156,-0.09864326465867634,0.1602374507181538,0.4,1.0,0.6604858898858135,right,bottom
032,False,85,160.0,140.0,969.6993408203125,2345.884033203125,969.6286969598316,2345.78528969746,-0.07064386048091365,-0.09874350566497014,0.1214118401748972,0.6,1.0,0.7552945112058728,right,bottom
032,False,86,180.0,140.0,982.7638549804688,2556.133544921875,982.5625048423742,2556.0825875402525,-0.20135013809453994,-0.05095738162253838,0.2076981772970464,0.8,1.0,0.8708554769564043,right,bottom
032,False,87,200.0,140.0,995.8414306640625,2766.197021484375,995.513363153527,2766.3197160052246,-0.3280675105354476,0.12269452084956356,0.350260241699554,1.0,1.0,1.0,right,bottom
033,False,0,0.0,0.0,2678.605224609375,688.96044921875,2678.842838307747,689.1083939013857,0.23761369837211532,0.1479446826357389,0.27990694663452725,-1.0,-1.0,1.0,left,top
033,False,1,20.0,0.0,2643.2333984375,893.5889892578125,2643.2786253330496,893.6865877862762,0.045226895549603796,0.09759852846366357,0.10756832637597054,-0.8,-1.0,0.8708554769564043,left,top
033,False,2,40.0,0.0,2607.533447265625,1098.4068603515625,2607.62912378895,1098.5682407681215,0.09567652332498255,0.1613804165590409,0.18761033011091233,-0.6,-1.0,0.7552945112058728,left,top
033,False,3,60.0,0.0,2571.90185546875,1303.637451171875,2571.894973780849,1303.7219446581112,-0.006881687901113764,0.0844934862361697,0.0847732672763657,-0.4,-1.0,0.6604858898858135,left,top
033,False,4,80.0,0.0,2536.03173828125,1509.008056640625,2536.0799293729656,1509.1077029802084,0.048191091715580114,0.09964633958338709,0.11068773334524089,-0.2,-1.0,0.5964098406184939,left,top
033,False,5,100.0,0.0,2500.092529296875,1714.6177978515625,2500.190253305682,1714.68048600344,0.09772400880683563,0.06268815187740984,0.11610248181276613,0.0,-1.0,0.5734623443633283,center,top
033,False,6,120.0,0.0,2464.19287109375,1920.351806640625,2464.2341030872835,1920.3938358058847,0.04123199353352902,0.04202916525969158,0.05887722839243917,0.2,-1.0,0.5964098406184939,right,top
033,False,7,140.0,0.0,2428.092529296875,2126.1640625,2428.220908375354,2126.203521859828,0.1283790784791563,0.039459359828015295,0.13430647366822704,0.4,-1.0,0.6604858898858135,right,top
033,False,8,160.0,0.0,2392.065673828125,2332.120849609375,2392.1607395623682,2332.0712476318026,0.09506573424323506,-0.049601977572365286,0.10722802808172323,0.6,-1.0,0.7552945112058728,right,top
033,False,9,180.0,0.0,2355.970703125,2537.96142578125,2356.063667479256,2537.968408695526,0.09296435425585514,0.006982914275795338,0.09322624230328733,0.8,-1.0,0.8708554769564043,right,top
033,False,10,200.0,0.0,2319.788330078125,2743.919189453125,2319.9391141299902,2743.8799028600542,0.15078405186523014,-0.03928659307075577,0.1558180563734626,1.0,-1.0,1.0,right,top
033,False,11,0.0,20.0,2485.183349609375,646.7268676757812,2485.272689384704,646.7186039030281,0.08933977532888093,-0.008263772753139165,0.08972115355884835,-1.0,-0.7142857142857143,0.9159291318091396,left,top
033,False,12,20.0,20.0,2449.170654296875,852.9901123046875,2449.2907013498084,852.9001348951193,0.12004705293338702,-0.08997740956817779,0.1500240952333692,-0.8,-0.7142857142857143,0.7728618480955124,left,top
033,False,13,40.0,20.0,2413.256591796875,1059.3282470703125,2413.2316271061773,1059.3967257111556,-0.024964690697743208,0.0684786408430682,0.07288731050977197,-0.6,-0.7142857142857143,0.6398405841726221,left,top
033,False,14,60.0,20.0,2377.121337890625,1266.1199951171875,2377.098337879799,1266.175696481976,-0.02300001082585368,0.055701364788546925,0.06026311091618289,-0.4,-0.7142857142857143,0.5245643766354129,left,top
033,False,15,80.0,20.0,2340.921142578125,1473.114501953125,2340.8962385684567,1473.195285563354,-0.024904009668262006,0.08078361022899117,0.08453520792655835,-0.2,-0.7142857142857143,0.4411698907260348,left,top
033,False,16,100.0,20.0,2304.555908203125,1680.433349609375,2304.6326301395306,1680.4083446358884,0.07672193640564728,-0.025004973486602466,0.08069389211642898,0.0,-0.7142857142857143,0.40961596025952024,center,top
033,False,17,120.0,20.0,2268.29638671875,1887.7557373046875,2268.3160629173035,1887.7660862337684,0.01967619855349767,0.010348929080919334,0.022231804304611934,0.2,-0.7142857142857143,0.4411698907260348,right,top
033,False,18,140.0,20.0,2232.071044921875,2095.34521484375,2231.9556806697187,2095.221884219432,-0.11536425215626878,-0.1233306243179868,0.16887674076153755,0.4,-0.7142857142857143,0.5245643766354129,right,top
033,False,19,160.0,20.0,2195.571533203125,2302.745361328125,2195.560555403746,2302.7351277256766,-0.010977799378906639,-0.01023360244835203,0.015007954500012306,0.6,-0.7142857142857143,0.6398405841726221,right,top
033,False,20,180.0,20.0,2159.099853515625,2510.288818359375,2159.1390127777318,2510.2751290913375,0.03915926210675025,-0.013689268037524016,0.041483055193034454,0.8,-0.7142857142857143,0.7728618480955124,right,top
033,False,21,200.0,20.0,2122.548828125,2717.880859375,2122.6979480382824,2717.825086321248,0.14911991328244767,-0.05577305375209107,0.15920861177146906,1.0,-0.7142857142857143,0.9159291318091396,right,top
033,False,22,0.0,40.0,2288.60693359375,603.7545166015625,2288.559306644823,603.6937225353649,-0.047626948926790647,-0.060794066197559005,0.07722852289736164,-1.0,-0.42857142857142855,0.8553032352102229,left,top
033,False,23,20.0,40.0,2252.239013671875,811.3843383789062,2252.1482985632642,811.4936012617399,-0.09071510861076604,0.10926288283360464,0.14201270540121785,-0.8,-0.42857142857142855,0.6999520597198355,left,top
033,False,24,40.0,40.0,2215.83642578125,1019.5958251953125,2215.6699335180965,1019.6183454642679,-0.16649226315348642,0.022520268955418032,0.16800844087067215,-0.6,-0.42857142857142855,0.5495574790854838,left,top
033,False,25,60.0,40.0,2179.297607421875,1227.99951171875,2179.129380896803,1228.0346475145836,-0.16822652507198654,0.03513579583363935,0.17185659104805642,-0.4,-0.42857142857142855,0.40961596025952024,left,top
033,False,26,80.0,40.0,2142.623291015625,1436.69775390625,2142.533711779631,1436.6996024308903,-0.08957923599382411,0.001848524640308824,0.08959830670600345,-0.2,-0.42857142857142855,0.295378269592824,left,top
033,False,27,100.0,40.0,2105.900390625,1645.5521240234375,2105.891227051161,1645.564549765367,-0.009163573839032324,0.012425741929519063,0.015439240525440549,0.0,-0.42857142857142855,0.24576957615571215,center,top
033,False,28,120.0,40.0,2069.275390625,1854.5052490234375,2069.210775884993,1854.5789704529932,-0.06461474000707312,0.07372142955568961,0.09803016781540344,0.2,-0.42857142857142855,0.295378269592824,right,top
033,False,29,140.0,40.0,2032.5931396484375,2063.659423828125,2032.5010645058044,2063.6944391681664,-0.09207514263312078,0.03501534004135465,0.09850840537294892,0.4,-0.42857142857142855,0.40961596025952024,right,top
033,False,30,160.0,40.0,1995.8546142578125,2272.906982421875,1995.7699551321732,2272.8686327403084,-0.08465912563929123,-0.03834968156661489,0.09294011851870031,0.6,-0.42857142857142855,0.5495574790854838,right,top
033,False,31,180.0,40.0,1959.1109619140625,2482.108154296875,1959.0237550027334,2482.069395184517,-0.08720691132907632,-0.03875911235809326,0.09543224913175147,0.8,-0.42857142857142855,0.6999520597198355,right,top
033,False,32,200.0,40.0,1922.2720947265625,2691.369873046875,1922.2664953873445,2691.2788599082214,-0.005599339217951638,-0.09101313865357952,0.09118521814007674,1.0,-0.42857142857142855,0.8553032352102229,right,top
033,False,33,0.0,60.0,2088.64208984375,560.0968627929688,2088.662257661618,560.029222839609,0.020167817867786653,-0.0676399533597305,0.07058260527959231,-1.0,-0.14285714285714285,0.8233178906068351,left,top
033,False,34,20.0,60.0,2051.88232421875,769.4558715820312,2051.813293528356,769.4625818882373,-0.06903069039390175,0.006710306206059613,0.06935606985432351,-0.8,-0.14285714285714285,0.6604858898858135,left,top
033,False,35,40.0,60.0,2015.095458984375,979.2166137695312,2014.9076755398573,979.2284262914195,-0.18778344451766316,0.011812521888259653,0.1881546111799519,-0.6,-0.14285714285714285,0.4983193229757469,left,top
033,False,36,60.0,60.0,1978.0909423828125,1189.294921875,1977.9529328012331,1189.2935459136324,-0.13800958157935383,-0.0013759613675574656,0.13801644060543414,-0.4,-0.14285714285714285,0.3377779740177616,left,top
033,False,37,80.0,60.0,1941.052490234375,1399.6220703125,1940.9578084662494,1399.6145947339126,-0.09468176812561069,-0.0074755785874458525,0.09497642597302232,-0.2,-0.14285714285714285,0.18318582636182795,left,top
033,False,38,100.0,60.0,1903.5855712890625,1610.119873046875,1903.9315514603481,1610.142086622486,0.34598017128564607,0.022213575610976477,0.34669254659462984,0.0,-0.14285714285714285,0.08192319205190404,center,top
033,False,39,120.0,60.0,1867.00537109375,1820.80419921875,1866.8831980265902,1820.8244487555698,-0.12217306715979248,0.02024953681984698,0.12383982429190338,0.2,-0.14285714285714285,0.18318582636182795,right,top
033,False,40,140.0,60.0,1829.9090576171875,2031.6754150390625,1829.8208429926462,2031.6121332459884,-0.0882146245412514,-0.06328179307411119,0.10856521228104599,0.4,-0.14285714285714285,0.3377779740177616,right,top
033,False,41,160.0,60.0,1792.770751953125,2242.58740234375,1792.7509006560745,2242.4617875723807,-0.019851297050536232,-0.12561477136932808,0.12717367959116854,0.6,-0.14285714285714285,0.4983193229757469,right,top
033,False,42,180.0,60.0,1755.852294921875,2453.35205078125,1755.6773551841993,2453.3404843949706,-0.17493973767568605,-0.011566386279355356,0.1753216846531002,0.8,-0.14285714285714285,0.6604858898858135,right,top
033,False,43,200.0,60.0,1718.600341796875,2664.27587890625,1718.6010004239931,2664.2300113510764,0.000658627118127697,-0.04586755517357233,0.045872283650167614,1.0,-0.14285714285714285,0.8233178906068351,right,top
033,False,44,0.0,80.0,1885.513427734375,515.8072509765625,1885.5430828181786,515.7181074041853,0.029655083803618254,-0.0891435723772247,0.09394679606869581,-1.0,0.14285714285714285,0.8233178906068351,left,bottom
033,False,45,20.0,80.0,1848.343994140625,726.7774658203125,1848.2498554619297,726.8009310583104,-0.09413867869534442,0.023465237997925215,0.09701911265727269,-0.8,0.14285714285714285,0.6604858898858135,left,bottom
033,False,46,40.0,80.0,1811.05078125,938.2447509765625,1810.9109961822198,938.221238549386,-0.13978506778016708,-0.023512427176456185,0.141748719239484,-0.6,0.14285714285714285,0.4983193229757469,left,bottom
033,False,47,60.0,80.0,1773.65673828125,1149.929443359375,1773.536448558647,1149.9467318272073,-0.12028972260304727,0.017288467832258902,0.12152575234864876,-0.4,0.14285714285714285,0.3377779740177616,left,bottom
033,False,48,80.0,80.0,1736.241455078125,1361.972412109375,1736.1366226201465,1361.9344145885314,-0.10483245797854579,-0.03799752084364627,0.11150630401948987,-0.2,0.14285714285714285,0.18318582636182795,left,bottom
033,False,49,100.0,80.0,1698.7696533203125,1574.1673583984375,1698.7216479310346,1574.134749451609,-0.04800538927793241,-0.03260894682853177,0.058033273326530875,0.0,0.14285714285714285,0.08192319205190404,center,bottom
033,False,50,120.0,80.0,1661.4140625,1786.4835205078125,1661.3006159134272,1786.4958755993293,-0.11344658657276341,0.012355091516838002,0.11411737944502995,0.2,0.14285714285714285,0.18318582636182795,right,bottom
033,False,51,140.0,80.0,1623.99267578125,1999.0205078125,1623.8808112976124,1998.967887501948,-0.11186448363764612,-0.05262031055190164,0.12362265076471936,0.4,0.14285714285714285,0.3377779740177616,right,bottom
033,False,52,160.0,80.0,1586.5538330078125,2211.61181640625,1586.4669325909847,2211.5071753358566,-0.08690041682780247,-0.10464107039342707,0.1360199840388462,0.6,0.14285714285714285,0.4983193229757469,right,bottom
033,False,53,180.0,80.0,1549.1624755859375,2424.110107421875,1549.0603014551712,2424.080827720372,-0.1021741307663433,-0.029279701503128308,0.10628665917211866,0.8,0.14285714285714285,0.6604858898858135,right,bottom
033,False,54,200.0,80.0,1511.7196044921875,2636.72119140625,1511.6580608799868,2636.6710974000966,-0.06154361220069404,-0.05009400615335835,0.07935380050887368,1.0,0.14285714285714285,0.8233178906068351,right,bottom
033,False,55,0.0,100.0,1679.0145263671875,470.8404846191406,1679.1620716509356,470.749698547241,0.14754528374805886,-0.09078607189962895,0.17323891481783127,-1.0,0.42857142857142855,0.8553032352102229,left,bottom
033,False,56,20.0,100.0,1641.41943359375,683.5318603515625,1641.421246041621,683.4997014667003,0.001812447871088807,-0.0321588848621559,0.03220991839267548,-0.8,0.42857142857142855,0.6999520597198355,left,bottom
033,False,57,40.0,100.0,1603.6915283203125,896.6135864257812,1603.645359066952,896.5890802939656,-0.04616925336040367,-0.024506131815655863,0.0522699765871714,-0.6,0.42857142857142855,0.5495574790854838,left,bottom
033,False,58,60.0,100.0,1565.8802490234375,1109.97509765625,1565.8468152357873,1109.987361775076,-0.033433787650210434,0.01226411882589673,0.035612171616107295,-0.4,0.42857142857142855,0.40961596025952024,left,bottom
033,False,59,80.0,100.0,1528.0723876953125,1323.7069091796875,1528.0376733172793,1323.6527873010784,-0.03471437803318622,-0.0541218786090667,0.06429825648029279,-0.2,0.42857142857142855,0.295378269592824,left,bottom
033,False,60,100.0,100.0,1490.23486328125,1537.540283203125,1490.2288583839563,1537.5366394231758,-0.0060048972936783684,-0.003643779949243253,0.0070239535751692546,0.0,0.42857142857142855,0.24576957615571215,center,bottom
033,False,61,120.0,100.0,1452.48095703125,1751.5369873046875,1452.4293624655743,1751.5876318308046,-0.051594565675713966,0.05064452611713932,0.07229707624029597,0.2,0.42857142857142855,0.295378269592824,right,bottom
033,False,62,140.0,100.0,1414.645263671875,1965.790771484375,1414.6454336982729,1965.7563634391695,0.0001700263978818839,-0.03440804520550955,0.034408465293301965,0.4,0.42857142857142855,0.40961596025952024,right,bottom
033,False,63,160.0,100.0,1376.8795166015625,2180.00390625,1376.8797538525398,2179.9998372385994,0.0002372509773067577,-0.0040690114005883515,0.004075922202931625,0.6,0.42857142857142855,0.5495574790854838,right,bottom
033,False,64,180.0,100.0,1339.1060791015625,2394.313232421875,1339.1306041224157,2394.286044564007,0.02452502085316155,-0.027187857867829734,0.0366149732116428,0.8,0.42857142857142855,0.6999520597198355,right,bottom
033,False,65,200.0,100.0,1301.3704833984375,2608.533203125,1301.3910190573424,2608.5986154486527,0.02053565890491882,0.06541232365270844,0.06856008585398542,1.0,0.42857142857142855,0.8553032352102229,right,bottom
033,False,66,0.0,120.0,1469.376220703125,425.2325134277344,1469.4741855162629,425.1081780477359,0.09796481313787808,-0.12433537999845612,0.15829210761279242,-1.0,0.7142857142857143,0.9159291318091396,left,bottom
033,False,67,20.0,120.0,1431.2857666015625,639.5490112304688,1431.2857659866127,639.5458549684784,-6.149498403829057e-07,-0.0031562619903979794,0.0031562620503048098,-0.8,0.7142857142857143,0.7728618480955124,left,bottom
033,False,68,40.0,120.0,1393.128173828125,854.3335571289062,1393.0715042161933,854.3211541453903,-0.05666961193173847,-0.01240298351592628,0.05801102409534049,-0.6,0.7142857142857143,0.6398405841726221,left,bottom
033,False,69,60.0,120.0,1354.8890380859375,1069.3924560546875,1354.8463020802092,1069.4064475730245,-0.042736005728329474,0.013991518336979425,0.04496808613879227,-0.4,0.7142857142857143,0.5245643766354129,left,bottom
033,False,70,80.0,120.0,1316.6251220703125,1284.7786865234375,1316.623833926531,1284.762209141526,-0.001288143781494,-0.016477381911499833,0.016527656490235496,-0.2,0.7142857142857143,0.4411698907260348,left,bottom
033,False,71,100.0,120.0,1278.4219970703125,1500.521728515625,1278.4157149998832,1500.341518898269,-0.006282070429278974,-0.18020961735601304,0.1803190799568339,0.0,0.7142857142857143,0.40961596025952024,center,bottom
033,False,72,120.0,120.0,1240.1561279296875,1716.0294189453125,1240.2306578091698,1716.0946339415796,0.07452987948227019,0.06521499626705918,0.09903382590688023,0.2,0.7142857142857143,0.4411698907260348,right,bottom
033,False,73,140.0,120.0,1202.0933837890625,1931.9761962890625,1202.0736163149124,1931.9736266310063,-0.01976747415005775,-0.0025696580562453164,0.019933794841906743,0.4,0.7142857142857143,0.5245643766354129,right,bottom
033,False,74,160.0,120.0,1163.857666015625,2148.036865234375,1163.9449178126565,2147.9370908048445,0.08725179703151298,-0.09977442953049831,0.1325436263023036,0.6,0.7142857142857143,0.6398405841726221,right,bottom
033,False,75,180.0,120.0,1125.662841796875,2363.996826171875,1125.8393823870738,2363.9549167019177,0.17654059019878332,-0.041909469957317924,0.18144691692017828,0.8,0.7142857142857143,0.7728618480955124,right,bottom
033,False,76,200.0,120.0,1087.7779541015625,2579.828369140625,1087.7454298103557,2580.013135290958,-0.03252429120675515,0.18476615033296184,0.1876069290494476,1.0,0.7142857142857143,0.9159291318091396,right,bottom
033,False,77,0.0,140.0,1256.350830078125,378.8175354003906,1256.4239731878497,378.7708353671578,0.07314310972469684,-0.0467000332328098,0.08678022588207858,-1.0,1.0,1.0,left,bottom
033,False,78,20.0,140.0,1217.7830810546875,594.8992309570312,1217.7916947882122,594.9207068814455,0.00861373352472583,0.021475924414289693,0.023138965721986576,-0.8,1.0,0.8708554769564043,left,bottom
033,False,79,40.0,140.0,1179.0867919921875,811.4088745117188,1179.1403954562488,811.4022022952928,0.05360346406132521,-0.0066722164259545025,0.05401712535306336,-0.6,1.0,0.7552945112058728,left,bottom
033,False,80,60.0,140.0,1140.509033203125,1028.288818359375,1140.4874988968086,1028.19167759757,-0.0215343063164255,-0.09714076180489428,0.09949901483213214,-0.4,1.0,0.6604858898858135,left,bottom
033,False,81,80.0,140.0,1101.7669677734375,1245.358154296875,1101.8482444852302,1245.252951351472,0.08127671179272511,-0.10520294540310715,0.1329419557601243,-0.2,1.0,0.5964098406184939,left,bottom
033,False,82,100.0,140.0,1063.2083740234375,1462.51318359375,1063.2348093132537,1462.5419956030294,0.026435289816163277,0.028812009279363338,0.03910187241525225,0.0,1.0,0.5734623443633283,center,bottom
033,False,83,120.0,140.0,1024.4742431640625,1679.8348388671875,1024.6554174651994,1680.0116967774916,0.18117430113693445,0.17685791030407927,0.2531854020862624,0.2,1.0,0.5964098406184939,right,bottom
033,False,84,140.0,140.0,986.026611328125,1897.574462890625,986.1134363932624,1897.6166872885522,0.08682506513741828,0.04222439792715704,0.09654787266650587,0.4,1.0,0.6604858898858135,right,bottom
033,False,85,160.0,140.0,947.4862670898438,2115.310302734375,947.6064602595673,2115.318248592057,0.1201931697235068,0.007945857681988855,0.12045552997885209,0.6,1.0,0.7552945112058728,right,bottom
033,False,86,180.0,140.0,909.0542602539062,2332.998291015625,909.1253801114199,2333.0892864225552,0.07111985751362226,0.090995406930233,0.11549111747297552,0.8,1.0,0.8708554769564043,right,bottom
033,False,87,200.0,140.0,870.5704345703125,2550.63720703125,870.6534407549527,2550.9193789578326,0.08300618464022591,0.2821719265825777,0.2941275621900316,1.0,1.0,1.0,right,bottom
034,False,0,0.0,0.0,2450.886474609375,515.4326171875,2450.8727430374374,515.4369281877475,-0.013731571937569242,0.0043110002475259535,0.014392386564111176,-1.0,-1.0,1.0,left,top
034,False,1,20.0,0.0,2452.181640625,733.40185546875,2452.1607395380256,733.4186924682285,-0.020901086974390637,0.016836999478528014,0.02683915028742517,-0.8,-1.0,0.8708554769564043,left,top
034,False,2,40.0,0.0,2453.3408203125,951.4021606445312,2453.420816913681,951.4743835864793,0.07999660118093743,0.0722229419480982,0.10777573727022387,-0.6,-1.0,0.7552945112058728,left,top
034,False,3,60.0,0.0,2454.614013671875,1169.5623779296875,2454.6478052065318,1169.570914887848,0.033791534656756994,0.008536958160448194,0.03485322752762005,-0.4,-1.0,0.6604858898858135,left,top
034,False,4,80.0,0.0,2455.818359375,1387.57958984375,2455.838118763015,1387.6633998995896,0.019759388014790602,0.08381005583964907,0.08610783282933177,-0.2,-1.0,0.5964098406184939,left,top
034,False,5,100.0,0.0,2457.0009765625,1605.6512451171875,2456.989775985229,1605.6998082701707,-0.011200577271210932,0.04856315298320624,0.049838065360511934,0.0,-1.0,0.5734623443633283,center,top
034,False,6,120.0,0.0,2458.060546875,1823.5400390625,2458.102418980199,1823.6256003597923,0.04187210519921791,0.08556129729231543,0.0952575917612783,0.2,-1.0,0.5964098406184939,right,top
034,False,7,140.0,0.0,2459.080322265625,2041.294189453125,2459.1773331073964,2041.3883405508236,0.09701084177140729,0.09415109769861374,0.1351870282943261,0.4,-1.0,0.6604858898858135,right,top
034,False,8,160.0,0.0,2460.189453125,2258.945556640625,2460.21746642484,2258.9422893466444,0.028013299840040418,-0.0032672939805706847,0.0282031944623917,0.6,-1.0,0.7552945112058728,right,top
034,False,9,180.0,0.0,2461.228515625,2476.098388671875,2461.227449034143,2476.2529743271843,-0.001066590857135452,0.1545856553093472,0.15458933483095405,0.8,-1.0,0.8708554769564043,right,top
034,False,10,200.0,0.0,2462.262939453125,2693.306640625,2462.213612324814,2693.3017400292747,-0.04932712831077879,-0.004900595725302992,0.04956996495712794,1.0,-1.0,1.0,right,top
034,False,11,0.0,20.0,2233.730224609375,514.6807250976562,2233.6912006842513,514.6511441008429,-0.039023925123728986,-0.029580996813365346,0.048968378618601795,-1.0,-0.7142857142857143,0.9159291318091396,left,top
034,False,12,20.0,20.0,2234.98193359375,733.2007446289062,2234.959030062548,733.0838801168252,-0.02290353120179134,-0.11686451208106519,0.11908772365553412,-0.8,-0.7142857142857143,0.7728618480955124,left,top
034,False,13,40.0,20.0,2236.183349609375,951.6143798828125,2236.211073161577,951.5951265490177,0.02772355220213285,-0.01925333379483618,0.03375331404350936,-0.6,-0.7142857142857143,0.6398405841726221,left,top
034,False,14,60.0,20.0,2237.403564453125,1170.0621337890625,2237.444942129519,1170.1504791010611,0.041377676393949514,0.08834531199863704,0.09755514469211211,-0.4,-0.7142857142857143,0.5245643766354129,left,top
034,False,15,80.0,20.0,2238.665771484375,1388.6778564453125,2238.6589106501647,1388.7036265982713,-0.006860834210328903,0.02577015295878482,0.026667805113671908,-0.2,-0.7142857142857143,0.4411698907260348,left,top
034,False,16,100.0,20.0,2239.89794921875,1607.2041015625,2239.851937472816,1607.2010532376291,-0.046011745933810744,-0.003048324870860597,0.0461126126823872,0.0,-0.7142857142857143,0.40961596025952024,center,top
034,False,17,120.0,20.0,2241.052734375,1825.5762939453125,2241.0236898289763,1825.5867192340927,-0.029044546023669682,0.010425288780197661,0.030858909570358795,0.2,-0.7142857142857143,0.4411698907260348,right,top
034,False,18,140.0,20.0,2242.1416015625,2043.9464111328125,2242.1745667361993,2043.8067199328775,0.032965173699267325,-0.1396911999349868,0.14352816454027176,0.4,-0.7142857142857143,0.5245643766354129,right,top
034,False,19,160.0,20.0,2243.2939453125,2261.710205078125,2243.3057221894765,2261.8139234571545,0.011776876976455242,0.10371837902948755,0.1043848503367371,0.6,-0.7142857142857143,0.6398405841726221,right,top
034,False,20,180.0,20.0,2244.4130859375,2479.50439453125,2244.4190882405164,2479.5725869604175,0.006002303016430233,0.06819242916753865,0.06845608108320855,0.8,-0.7142857142857143,0.7728618480955124,right,top
034,False,21,200.0,20.0,2245.591796875,2697.156005859375,2245.517397965297,2697.062951552564,-0.0743989097031772,-0.09305430681115467,0.11913984128378727,1.0,-0.7142857142857143,0.9159291318091396,right,top
034,False,22,0.0,40.0,2015.7244873046875,513.9798583984375,2015.5949346851853,513.925630389379,-0.1295526195021921,-0.054228009058533644,0.14044414614476522,-1.0,-0.42857142857142855,0.8553032352102229,left,top
034,False,23,20.0,40.0,2016.842041015625,732.7688598632812,2016.8392971813214,732.800274078531,-0.0027438343036010338,0.03141421524969701,0.031533815919420755,-0.8,-0.42857142857142855,0.6999520597198355,left,top
034,False,24,40.0,40.0,2018.052490234375,951.765625,2018.0808125398032,951.7547553123138,0.028322305428218897,-0.01086968768618135,0.030336497740583702,-0.6,-0.42857142857142855,0.5495574790854838,left,top
034,False,25,60.0,40.0,2019.34619140625,1170.777587890625,2019.319933947531,1170.7542736264566,-0.026257458719101123,-0.023314264168448062,0.03511422862745928,-0.4,-0.42857142857142855,0.40961596025952024,left,top
034,False,26,80.0,40.0,2020.607666015625,1389.7667236328125,2020.556834812977,1389.7520105299284,-0.05083120264794161,-0.01471310288411587,0.05291773388113558,-0.2,-0.42857142857142855,0.295378269592824,left,top
034,False,27,100.0,40.0,2021.7911376953125,1608.6737060546875,2021.7914361627584,1608.6938786261483,0.00029846744587302965,0.0201725714607619,0.02017477935829266,0.0,-0.42857142857142855,0.24576957615571215,center,top
034,False,28,120.0,40.0,2023.0498046875,1827.45703125,2023.0234339135825,1827.523248872046,-0.026370773917506085,0.0662176220459969,0.07127545991738471,0.2,-0.42857142857142855,0.295378269592824,right,top
034,False,29,140.0,40.0,2024.279052734375,2046.101318359375,2024.252326019975,2046.1856560455913,-0.02672671439995611,0.08433768621625859,0.08847125283915061,0.4,-0.42857142857142855,0.40961596025952024,right,top
034,False,30,160.0,40.0,2025.4964599609375,2264.6865234375,2025.4774394981848,2264.6334824922133,-0.019020462752678213,-0.05304094528673886,0.05634820210296727,0.6,-0.42857142857142855,0.5495574790854838,right,top
034,False,31,180.0,40.0,2026.7218017578125,2482.8447265625,2026.6979573266667,2482.8306202203257,-0.023844431145789713,-0.014106342174272868,0.027704616694767245,0.8,-0.42857142857142855,0.6999520597198355,right,top
034,False,32,200.0,40.0,2027.9638671875,2700.858642578125,2027.91294522354,2700.7571114159678,-0.05092196396003601,-0.10153116215724367,0.11358531288220196,1.0,-0.42857142857142855,0.8553032352102229,right,top
034,False,33,0.0,60.0,1796.67724609375,513.3361206054688,1796.6248097685313,513.2622679144774,-0.05243632521865038,-0.0738526909913162,0.09057476563091349,-1.0,-0.14285714285714285,0.8233178906068351,left,top
034,False,34,20.0,60.0,1797.92138671875,732.5910034179688,1797.8461385663409,732.5693813498348,-0.07524815240913085,-0.021622068133979155,0.07829302824248288,-0.8,-0.14285714285714285,0.6604858898858135,left,top
034,False,35,40.0,60.0,1799.096435546875,951.9327392578125,1799.0774357394832,951.9543110008436,-0.01899980739176499,0.02157174303113152,0.02874600456281427,-0.6,-0.14285714285714285,0.4983193229757469,left,top
034,False,36,60.0,60.0,1800.2418212890625,1171.3543701171875,1800.3220577336901,1171.3828096200696,0.08023644462764423,0.028439502882065426,0.08512750654555803,-0.4,-0.14285714285714285,0.3377779740177616,left,top
034,False,37,80.0,60.0,1801.5897216796875,1390.8555908203125,1801.5821210182514,1390.8084965767955,-0.007600661436072187,-0.04709424351699454,0.04770364584288896,-0.2,-0.14285714285714285,0.18318582636182795,left,top
034,False,38,100.0,60.0,1802.4637451171875,1610.3284912109375,1802.858533439221,1610.1776544180075,0.39478832203349157,-0.15083679293002206,0.4226222394946037,0.0,-0.14285714285714285,0.08192319205190404,center,top
034,False,39,120.0,60.0,1804.1871337890625,1829.375244140625,1804.15102543629,1829.4340033051285,-0.036108352772544094,0.05875916450349905,0.06896703961383116,0.2,-0.14285714285714285,0.18318582636182795,right,top
034,False,40,140.0,60.0,1805.43017578125,2048.52880859375,1805.4581811237535,2048.523453398112,0.02800534250354758,-0.005355195638003352,0.02851275730374561,0.4,-0.14285714285714285,0.3377779740177616,right,top
034,False,41,160.0,60.0,1806.825439453125,2267.600341796875,1806.7774692360058,2267.398835258294,-0.04797021711920024,-0.2015065385808157,0.20713770014481905,0.6,-0.14285714285714285,0.4983193229757469,right,top
034,False,42,180.0,60.0,1808.126708984375,2486.0771484375,1808.1052739379934,2486.024608341206,-0.021435046381611755,-0.05254009629379652,0.05674436475935966,0.8,-0.14285714285714285,0.6604858898858135,right,top
034,False,43,200.0,60.0,1809.4583740234375,2704.459716796875,1809.436925501052,2704.3815476503423,-0.021448522385526303,-0.07816914653267304,0.08105834060828615,1.0,-0.14285714285714285,0.8233178906068351,right,top
034,False,44,0.0,80.0,1576.9549560546875,512.7321166992188,1576.8215041952144,512.6586431109321,-0.133451859473098,-0.07347358828667439,0.1523409563201808,-1.0,0.14285714285714285,0.8233178906068351,left,bottom
034,False,45,20.0,80.0,1578.1077880859375,732.3011474609375,1578.0241214133757,732.3893607940762,-0.08366667256177607,0.08821333313869673,0.12158003224624568,-0.8,0.14285714285714285,0.6604858898858135,left,bottom
034,False,46,40.0,80.0,1579.243408203125,952.1666870117188,1579.2484313570862,952.1924293110221,0.005023153961246862,0.02574229930337424,0.026227810605212395,-0.6,0.14285714285714285,0.4983193229757469,left,bottom
034,False,47,60.0,80.0,1580.513671875,1172.0299072265625,1580.5007593647258,1172.035132601678,-0.012912510274190936,0.0052253751155149075,0.013929733187643218,-0.4,0.14285714285714285,0.3377779740177616,left,bottom
034,False,48,80.0,80.0,1581.8731689453125,1391.9285888671875,1581.7852113711074,1391.8725015350085,-0.08795757420512018,-0.05608733217900408,0.10431837657386722,-0.2,0.14285714285714285,0.18318582636182795,left,bottom
034,False,49,100.0,80.0,1583.0341796875,1611.7183837890625,1583.1037093091697,1611.6521584865106,0.0695296216697443,-0.06622530255185666,0.0960216589505864,0.0,0.14285714285714285,0.08192319205190404,center,bottom
034,False,50,120.0,80.0,1584.5264892578125,1831.3001708984375,1584.4560263633111,1831.3191395256454,-0.070462894501361,0.01896862720786885,0.07297142125285098,0.2,0.14285714285714285,0.18318582636182795,right,bottom
034,False,51,140.0,80.0,1585.8857421875,2050.828857421875,1585.8398220748318,2050.8206942858433,-0.045920112668227375,-0.008163136031726026,0.04664004220983467,0.4,0.14285714285714285,0.3377779740177616,right,bottom
034,False,52,160.0,80.0,1587.2491455078125,2270.131103515625,1587.250677299945,2270.1110635894893,0.0015317921324822237,-0.020039926135723363,0.020098383682833374,0.6,0.14285714285714285,0.4983193229757469,right,bottom
034,False,53,180.0,80.0,1588.7264404296875,2489.27294921875,1588.6821290208193,2489.1562349000787,-0.044311408868225044,-0.11671431867125648,0.1248428337502102,0.8,0.14285714285714285,0.6604858898858135,right,bottom
034,False,54,200.0,80.0,1590.154052734375,2707.89501953125,1590.1257050101183,2707.9386756735316,-0.02834772425671872,0.04365614228163395,0.052052398882753,1.0,0.14285714285714285,0.8233178906068351,right,bottom
034,False,55,0.0,100.0,1356.1668701171875,512.2064819335938,1356.2206596466854,512.1078601497014,0.05378952949786253,-0.09862178389232668,0.11233685834002216,-1.0,0.42857142857142855,0.8553032352102229,left,bottom
034,False,56,20.0,100.0,1357.3543701171875,732.2501831054688,1357.412940876085,732.2548829787459,0.05857075889753105,0.004699873277104416,0.05875902149162759,-0.8,0.42857142857142855,0.6999520597198355,left,bottom
034,False,57,40.0,100.0,1358.6424560546875,952.4772338867188,1358.636541735727,952.4652478867413,-0.005914318960549281,-0.011985999977468964,0.013365753410376787,-0.6,0.42857142857142855,0.5495574790854838,left,bottom
034,False,58,60.0,100.0,1359.8426513671875,1172.6363525390625,1359.9008256345446,1172.7087772479165,0.05817426735711706,0.07242470885398689,0.09289555336571337,-0.4,0.42857142857142855,0.40961596025952024,left,bottom
034,False,59,80.0,100.0,1361.16796875,1392.9530029296875,1361.2119375699149,1392.9429162204665,0.04396881991488044,-0.010086709221013734,0.04511096128011983,-0.2,0.42857142857142855,0.295378269592824,left,bottom
034,False,60,100.0,100.0,1362.5574951171875,1613.1368408203125,1362.5728436716,1613.1176259255192,0.01534855441241234,-0.019214894793321946,0.02459248471523797,0.0,0.42857142857142855,0.24576957615571215,center,bottom
034,False,61,120.0,100.0,1364.03076171875,1833.0755615234375,1363.983370585002,1833.1802539665246,-0.04739113374807857,0.10469244308706038,0.11491922031351261,0.2,0.42857142857142855,0.295378269592824,right,bottom
034,False,62,140.0,100.0,1365.391357421875,2053.151123046875,1365.4402446942136,2053.080382362698,0.04888727233856116,-0.07074068417705348,0.08598959119883215,0.4,0.42857142857142855,0.40961596025952024,right,bottom
034,False,63,160.0,100.0,1366.8984375,2272.84130859375,1366.9371311853747,2272.7746529699457,0.038693685374710185,-0.06665562380430856,0.07707252086586092,0.6,0.42857142857142855,0.5495574790854838,right,bottom
034,False,64,180.0,100.0,1368.37255859375,2492.264892578125,1368.4646729508195,2492.2315704624693,0.09211435706947668,-0.033322115655664675,0.0979562053679732,0.8,0.42857142857142855,0.6999520597198355,right,bottom
034,False,65,200.0,100.0,1370.0084228515625,2711.447998046875,1370.0105293345132,2711.4362829480624,0.002106482950694044,-0.011715098812601354,0.011902974863897612,1.0,0.42857142857142855,0.8553032352102229,right,bottom
034,False,66,0.0,120.0,1134.887939453125,511.6171875,1134.8477395276032,511.59834698551947,-0.040199925521847035,-0.018840514480530146,0.04439593447437631,-1.0,0.7142857142857143,0.9159291318091396,left,bottom
034,False,67,20.0,120.0,1136.0369873046875,732.0457153320312,1136.0422873229268,732.1569856242986,0.005300018239267956,0.1112702922673634,0.11139644578980536,-0.8,0.7142857142857143,0.7728618480955124,left,bottom
034,False,68,40.0,120.0,1137.2655029296875,952.7315673828125,1137.2746380049566,952.7663110279414,0.009135075269114168,0.03474364512885586,0.03592451081103612,-0.6,0.7142857142857143,0.6398405841726221,left,bottom
034,False,69,60.0,120.0,1138.5186767578125,1173.3587646484375,1138.55726590982,1173.3997212354652,0.03858915200748925,0.04095658702772198,0.0562722371477843,-0.4,0.7142857142857143,0.5245643766354129,left,bottom
034,False,70,80.0,120.0,1139.896484375,1394.055419921875,1139.8984080147047,1394.0181083377079,0.0019236397047279752,-0.037311584167127876,0.037361138938397924,-0.2,0.7142857142857143,0.4411698907260348,left,bottom
034,False,71,100.0,120.0,1141.3670654296875,1614.718017578125,1141.302107719787,1614.5748008512232,-0.06495770990045457,-0.14321672690175546,0.15725945103542624,0.0,0.7142857142857143,0.40961596025952024,center,bottom
034,False,72,120.0,120.0,1142.736328125,1834.9588623046875,1142.7682584568074,1835.020483159251,0.03193033180741622,0.06162085456344357,0.06940227522538985,0.2,0.7142857142857143,0.4411698907260348,right,bottom
034,False,73,140.0,120.0,1144.29638671875,2055.392333984375,1144.2926471248215,2055.308092094432,-0.003739593928457907,-0.08424188994285942,0.08432485152014557,0.4,0.7142857142857143,0.5245643766354129,right,bottom
034,False,74,160.0,120.0,1145.9378662109375,2275.46826171875,1145.8669973536648,2275.39769073773,-0.07086885727267145,-0.07057098101995507,0.10001329058306768,0.6,0.7142857142857143,0.6398405841726221,right,bottom
034,False,75,180.0,120.0,1147.3760986328125,2495.346435546875,1147.4790125956501,2495.261319507791,0.10291396283764698,-0.08511603908391407,0.13355157751327001,0.8,0.7142857142857143,0.7728618480955124,right,bottom
034,False,76,200.0,120.0,1149.0830078125,2714.717041015625,1149.1124190460341,2714.887824614767,0.029411233534119674,0.17078359914194152,0.17329760065815653,1.0,0.7142857142857143,0.9159291318091396,right,bottom
034,False,77,0.0,140.0,912.7052612304688,511.093505859375,912.7125833726941,511.1136551046036,0.007322142225348216,0.020149245228594737,0.021438419952279016,-1.0,1.0,1.0,left,bottom
034,False,78,20.0,140.0,913.9821166992188,732.0527954101562,913.9264101235274,732.0829245362484,-0.05570657569137438,0.030129126092106162,0.06333235203537649,-0.8,1.0,0.8708554769564043,left,bottom
034,False,79,40.0,140.0,915.0827026367188,953.0235595703125,915.1802920420655,953.0864716606097,0.09758940534675276,0.06291209029723177,0.11611039204782603,-0.6,1.0,0.7552945112058728,left,bottom
034,False,80,60.0,140.0,916.4540405273438,1174.1612548828125,916.4898910660388,1174.1023381191658,0.035850538695058276,-0.05891676364672094,0.06896699328903245,-0.4,1.0,0.6604858898858135,left,bottom
034,False,81,80.0,140.0,917.8602294921875,1395.1473388671875,917.8655925220328,1395.095926152976,0.005363029845284473,-0.05141271421143756,0.05169167507160477,-0.2,1.0,0.5964098406184939,left,bottom
034,False,82,100.0,140.0,919.2928466796875,1615.9561767578125,919.3125532431363,1616.02499077351,0.019706563448835368,0.06881401569739864,0.071580146684432,0.0,1.0,0.5734623443633283,center,bottom
034,False,83,120.0,140.0,920.7625122070312,1836.796142578125,920.8307495002446,1836.8446087233317,0.06823729321331484,0.048466145206703004,0.08369764283584769,0.2,1.0,0.5964098406184939,right,bottom
034,False,84,140.0,140.0,922.3635864257812,2057.509765625,922.4150247475868,2057.512124302372,0.05143832180556274,0.0023586773718307086,0.05149237136816498,0.4,1.0,0.6604858898858135,right,bottom
034,False,85,160.0,140.0,923.9943237304688,2278.01220703125,924.0551371830427,2277.992072135286,0.060813452573938775,-0.02013489596401996,0.06406005033907332,0.6,1.0,0.7552945112058728,right,bottom
034,False,86,180.0,140.0,925.8618774414062,2498.126708984375,925.7358071238136,2498.26107695519,-0.126070317592621,0.13436797081521945,0.1842511236299632,0.8,1.0,0.8708554769564043,right,bottom
034,False,87,200.0,140.0,927.5690307617188,2718.093505859375,927.4367641980086,2718.312730478837,-0.13226656371011813,0.21922461946178373,0.2560349149117101,1.0,1.0,1.0,right,bottom
035,False,0,0.0,0.0,2169.3974609375,681.6825561523438,2169.3675807073055,681.722640176831,-0.029880230194521573,0.040084024487214265,0.04999557155958107,-1.0,-1.0,1.0,left,top
035,False,1,20.0,0.0,2162.7373046875,902.6279907226562,2162.689165125399,902.737329557702,-0.04813956210091419,0.10933883504571895,0.1194671431332595,-0.8,-1.0,0.8708554769564043,left,top
035,False,2,40.0,0.0,2156.056396484375,1121.1302490234375,2156.076881681851,1121.1769520775845,0.02048519747586397,0.046703054146973955,0.050998221363889984,-0.6,-1.0,0.7552945112058728,left,top
035,False,3,60.0,0.0,2149.50927734375,1336.9581298828125,2149.5304017681196,1337.0429513744227,0.021124424369645567,0.0848214916102279,0.08741239468137706,-0.4,-1.0,0.6604858898858135,left,top
035,False,4,80.0,0.0,2143.010986328125,1550.1552734375,2143.049909028332,1550.330895004275,0.03892270020696742,0.17562156677490748,0.17988304897314464,-0.2,-1.0,0.5964098406184939,left,top
035,False,5,100.0,0.0,2136.580322265625,1760.7969970703125,2136.6359118034275,1761.0354015585185,0.055589537802461564,0.23840448820601523,0.2447997073320623,0.0,-1.0,0.5734623443633283,center,top
035,False,6,120.0,0.0,2130.28955078125,1969.058349609375,2130.28908331071,1969.1542633111474,-0.0004674705401157553,0.09591370177236058,0.09591484096000577,0.2,-1.0,0.5964098406184939,right,top
035,False,7,140.0,0.0,2123.90283203125,2174.52685546875,2124.0101263726433,2174.691860439509,0.10729434139329896,0.1650049707591279,0.19682153355322288,0.4,-1.0,0.6604858898858135,right,top
035,False,8,160.0,0.0,2117.756103515625,2377.60302734375,2117.7996598425716,2377.661952589596,0.043556326946600166,0.05892524584578496,0.07327576826663317,0.6,-1.0,0.7552945112058728,right,top
035,False,9,180.0,0.0,2111.6279296875,2577.948486328125,2111.6581241749614,2578.089924344174,0.03019448746135822,0.14143801604905093,0.1446250996782568,0.8,-1.0,0.8708554769564043,right,top
035,False,10,200.0,0.0,2105.553955078125,2775.76025390625,2105.5857038570803,2776.0145528896123,0.031748778955261514,0.25429898336233236,0.25627320949382487,1.0,-1.0,1.0,right,top
035,False,11,0.0,20.0,1947.364501953125,676.4072265625,1947.3420770940695,676.3434951779312,-0.022424859055490742,-0.06373138456876859,0.06756155476830666,-1.0,-0.7142857142857143,0.9159291318091396,left,top
035,False,12,20.0,20.0,1941.943359375,897.71044921875,1941.9682140067573,897.6834352904543,0.02485463175730729,-0.027013928295673395,0.036708378359103955,-0.8,-0.7142857142857143,0.7728618480955124,left,top
035,False,13,40.0,20.0,1936.647216796875,1116.5062255859375,1936.6606593738913,1116.4409335863095,0.013442577016348878,-0.06529199962801613,0.06666144382073741,-0.6,-0.7142857142857143,0.6398405841726221,left,top
035,False,14,60.0,20.0,1931.388427734375,1332.573974609375,1931.4206290556292,1332.6176100891935,0.03220132125420605,0.0436354798184766,0.054230804802300886,-0.4,-0.7142857142857143,0.5245643766354129,left,top
035,False,15,80.0,20.0,1926.193115234375,1546.21533203125,1926.2488084240595,1546.209164653897,0.055693189684461686,-0.006167377352994663,0.056033632049365324,-0.2,-0.7142857142857143,0.4411698907260348,left,top
035,False,16,100.0,20.0,1921.0787353515625,1757.1683349609375,1921.1453068232863,1757.2103365066275,0.06657147172381883,0.04200154569002734,0.07871398025653807,0.0,-0.7142857142857143,0.40961596025952024,center,top
035,False,17,120.0,20.0,1916.1309814453125,1965.531005859375,1916.1096252194484,1965.619053100271,-0.021356225864110456,0.08804724089600313,0.09060024841333332,0.2,-0.7142857142857143,0.4411698907260348,right,top
035,False,18,140.0,20.0,1911.2091064453125,2171.426025390625,1911.1406352168783,2171.439865187155,-0.06847122843419129,0.013839796530191961,0.06985591665195096,0.4,-0.7142857142857143,0.5245643766354129,right,top
035,False,19,160.0,20.0,1906.173095703125,2374.622314453125,1906.236567825497,2374.6867546351,0.06347212237210442,0.06444018197498735,0.09045024804492735,0.6,-0.7142857142857143,0.6398405841726221,right,top
035,False,20,180.0,20.0,1901.427490234375,2575.4501953125,1901.3950105510005,2575.3853922072067,-0.03247968337450402,-0.064803105293322,0.07248704910372204,0.8,-0.7142857142857143,0.7728618480955124,right,top
035,False,21,200.0,20.0,1896.57861328125,2773.62158203125,1896.612911545802,2773.5749141816787,0.03429826455203511,-0.04666784957134951,0.05791596614833853,1.0,-0.7142857142857143,0.9159291318091396,right,top
035,False,22,0.0,40.0,1724.789306640625,671.0496826171875,1724.7444983399666,671.0088634247753,-0.04480830065836017,-0.04081919241218657,0.06061344963845161,-1.0,-0.42857142857142855,0.8553032352102229,left,top
035,False,23,20.0,40.0,1720.7003173828125,892.6566162109375,1720.6843812824227,892.660198108041,-0.015936100389808416,0.0035818971034586866,0.01633368551472134,-0.8,-0.42857142857142855,0.6999520597198355,left,top
035,False,24,40.0,40.0,1716.66455078125,1111.852294921875,1716.6901067664057,1111.7195178753238,0.02555598515573365,-0.13277704655115485,0.13521409862927616,-0.6,-0.42857142857142855,0.5495574790854838,left,top
035,False,25,60.0,40.0,1712.7703857421875,1328.305908203125,1712.7644683330393,1328.1897208269643,-0.005917409148196384,-0.11618737616072394,0.1163379650421165,-0.4,-0.42857142857142855,0.40961596025952024,left,top
035,False,26,80.0,40.0,1708.8970947265625,1542.1129150390625,1708.9086734314835,1542.0676191533994,0.011578704921021199,-0.04529588566310849,0.04675236534822039,-0.2,-0.42857142857142855,0.295378269592824,left,top
035,False,27,100.0,40.0,1705.1015625,1753.316650390625,1705.1224419652256,1753.3489418437352,0.020879465225561944,0.03229145311024695,0.038453738596874135,0.0,-0.42857142857142855,0.24576957615571215,center,top
035,False,28,120.0,40.0,1701.4017333984375,1962.0126953125,1701.4041032336422,1962.032519584536,0.002369835204717674,0.01982427203597581,0.019965417116952298,0.2,-0.42857142857142855,0.295378269592824,right,top
035,False,29,140.0,40.0,1697.741455078125,2168.172119140625,1697.7506908343114,2168.1237496888693,0.009235756186399158,-0.04836945175566143,0.04924330467665496,0.4,-0.42857142857142855,0.40961596025952024,right,top
035,False,30,160.0,40.0,1694.21875,2371.64453125,1694.158035172654,2371.637428407283,-0.06071482734591882,-0.007102842716903979,0.06112888543320423,0.6,-0.42857142857142855,0.5495574790854838,right,top
035,False,31,180.0,40.0,1690.6431884765625,2572.5927734375,1690.6208532960252,2572.6000285682676,-0.022335180537311317,0.007255130767589435,0.02348397777398695,0.8,-0.42857142857142855,0.6999520597198355,right,top
035,False,32,200.0,40.0,1687.2215576171875,2771.20654296875,1687.1328358306014,2771.0514920640608,-0.08872178658612029,-0.155050904689233,0.17864024871227283,1.0,-0.42857142857142855,0.8553032352102229,right,top
035,False,33,0.0,60.0,1501.73388671875,665.8151245117188,1501.6221183146286,665.7159384504912,-0.11176840412144884,-0.09918606122755591,0.14943242921699418,-1.0,-0.14285714285714285,0.8233178906068351,left,top
035,False,34,20.0,60.0,1498.9132080078125,887.784423828125,1498.8873654829172,887.6659356245209,-0.02584252489532446,-0.11848820360410173,0.12127361826173295,-0.8,-0.14285714285714285,0.6604858898858135,left,top
035,False,35,40.0,60.0,1496.26904296875,1107.163818359375,1496.2162306674104,1107.0120256318112,-0.0528123013395998,-0.1517927275638158,0.16071767579842455,-0.6,-0.14285714285714285,0.4983193229757469,left,top
035,False,36,60.0,60.0,1493.5712890625,1323.8243408203125,1493.6132128160232,1323.7595128286655,0.041923753523178675,-0.06482799164700737,0.07720278240100348,-0.4,-0.14285714285714285,0.3377779740177616,left,top
035,False,37,80.0,60.0,1491.0938720703125,1537.989990234375,1491.0801495753708,1537.9073251401098,-0.01372249494170319,-0.08266509426516677,0.08379632854304524,-0.2,-0.14285714285714285,0.18318582636182795,left,top
035,False,38,100.0,60.0,1488.3359375,1749.566162109375,1488.6164624721926,1749.4530709869434,0.280524972192552,-0.1130911224315696,0.3024629927717842,0.0,-0.14285714285714285,0.08192319205190404,center,top
035,False,39,120.0,60.0,1486.304443359375,1958.43603515625,1486.2193854107184,1958.3972703405661,-0.08505794865664029,-0.03876481568386225,0.09347494618709053,0.2,-0.14285714285714285,0.18318582636182795,right,top
035,False,40,140.0,60.0,1483.8275146484375,2164.8515625,1483.8841774704038,2164.746858763916,0.05666282196625616,-0.1047037360840477,0.11905270993613525,0.4,-0.14285714285714285,0.3377779740177616,right,top
035,False,41,160.0,60.0,1481.570068359375,2368.64892578125,1481.6043209387476,2368.5180526896993,0.034252579372605396,-0.13087309155071125,0.13528120817658854,0.6,-0.14285714285714285,0.4983193229757469,right,top
035,False,42,180.0,60.0,1479.4263916015625,2569.890869140625,1479.3717054658005,2569.7386546775756,-0.05468613576204007,-0.152214463049404,0.16173996477680666,0.8,-0.14285714285714285,0.6604858898858135,right,top
035,False,43,200.0,60.0,1477.24560546875,2768.447509765625,1477.1767991805896,2768.4498688668355,-0.068806288160431,0.0023591012104589026,0.0688467185052233,1.0,-0.14285714285714285,0.8233178906068351,right,top
035,False,44,0.0,80.0,1278.2017822265625,660.5161743164062,1278.0145239349413,660.4577690858767,-0.18725829162121954,-0.05840523052950175,0.1961551394537037,-1.0,0.14285714285714285,0.8233178906068351,left,bottom
035,False,45,20.0,80.0,1276.711181640625,882.6045532226562,1276.6194390878436,882.6959605531642,-0.09174255278139753,0.09140733050799099,0.1295067413745115,-0.8,0.14285714285714285,0.6604858898858135,left,bottom
035,False,46,40.0,80.0,1275.4090576171875,1102.3536376953125,1275.282837153273,1102.3158452213893,-0.1262204639144784,-0.037792473923218495,0.1317568844350203,-0.6,0.14285714285714285,0.4983193229757469,left,bottom
035,False,47,60.0,80.0,1273.98876953125,1319.41259765625,1274.0111479154803,1319.326292305013,0.02237838423025096,-0.08630535123688787,0.08915943995382276,-0.4,0.14285714285714285,0.3377779740177616,left,bottom
035,False,48,80.0,80.0,1272.7108154296875,1533.77294921875,1272.807038048031,1533.7293759061208,0.09622261834351775,-0.04357331262917796,0.10562871699666886,-0.2,0.14285714285714285,0.18318582636182795,left,bottom
035,False,49,100.0,80.0,1271.6761474609375,1745.5208740234375,1271.6698059775824,1745.5254975332612,-0.0063414833550723415,0.004623509823659333,0.007848009571358455,0.0,0.14285714285714285,0.08192319205190404,center,bottom
035,False,50,120.0,80.0,1270.6156005859375,1954.6934814453125,1270.5957446625573,1954.7176737183308,-0.019855923380191598,0.024192273018343258,0.031297344409296116,0.2,0.14285714285714285,0.18318582636182795,right,bottom
035,False,51,140.0,80.0,1269.5648193359375,2161.4130859375,1269.5784747226844,2161.3150886916874,0.013655386746904696,-0.09799724581262126,0.09894407397144539,0.4,0.14285714285714285,0.3377779740177616,right,bottom
035,False,52,160.0,80.0,1268.5650634765625,2365.53271484375,1268.609250171578,2365.336001342213,0.04418669501546901,-0.19671350153703315,0.20161514254477617,0.6,0.14285714285714285,0.4983193229757469,right,bottom
035,False,53,180.0,80.0,1267.638671875,2567.017578125,1267.6772388348372,2566.810086067395,0.03856695983722602,-0.20749205760512268,0.2110458821211486,0.8,0.14285714285714285,0.6604858898858135,right,bottom
035,False,54,200.0,80.0,1266.7645263671875,2765.989990234375,1266.7697793795082,2765.780278493713,0.005253012320736161,-0.20971174066198728,0.2097775209833561,1.0,0.14285714285714285,0.8233178906068351,right,bottom
035,False,55,0.0,100.0,1053.9761962890625,655.2545166015625,1053.9481313609017,655.2230230243925,-0.028064928160802083,-0.031493577169953824,0.042183949502515986,-1.0,0.42857142857142855,0.8553032352102229,left,bottom
035,False,56,20.0,100.0,1053.8651123046875,877.7216796875,1053.9101333591866,877.742385278223,0.04502105449910232,0.020705590722968736,0.04955418080644892,-0.8,0.42857142857142855,0.6999520597198355,left,bottom
035,False,57,40.0,100.0,1053.85498046875,1097.68994140625,1053.9213783559262,1097.626275532512,0.06639788717620831,-0.06366587373804578,0.09198925426533947,-0.6,0.42857142857142855,0.5495574790854838,left,bottom
035,False,58,60.0,100.0,1053.822998046875,1314.967041015625,1053.9905536207411,1314.8883209919265,0.16755557386613873,-0.07872002369845177,0.18512620685547437,-0.4,0.42857142857142855,0.40961596025952024,left,bottom
035,False,59,80.0,100.0,1054.111572265625,1529.5870361328125,1054.121447637539,1529.534803264216,0.009875371913949493,-0.05223286859654763,0.05315821227489723,-0.2,0.42857142857142855,0.295378269592824,left,bottom
035,False,60,100.0,100.0,1054.3746337890625,1741.5423583984375,1054.3134982169909,1741.569858186013,-0.06113557207163467,0.027499787575607115,0.06703578513920422,0.0,0.42857142857142855,0.24576957615571215,center,bottom
035,False,61,120.0,100.0,1054.5584716796875,1951.076416015625,1054.5622927624452,1950.9998307186383,0.003821082757667682,-0.07658529698665006,0.07668056069157513,0.2,0.42857142857142855,0.295378269592824,right,bottom
035,False,62,140.0,100.0,1054.748046875,2157.9150390625,1054.8600246124452,2157.8368860623173,0.11197773744515871,-0.07815300018273774,0.13655367120989426,0.4,0.42857142857142855,0.40961596025952024,right,bottom
035,False,63,160.0,100.0,1055.20458984375,2362.29638671875,1055.1959090615997,2362.101967269713,-0.008680782150349842,-0.1944194490370137,0.19461314997347376,0.6,0.42857142857142855,0.5495574790854838,right,bottom
035,False,64,180.0,100.0,1055.5374755859375,2564.006591796875,1055.5565623671137,2563.8271798988017,0.019086781176156364,-0.17941189807334013,0.18042431761252437,0.8,0.42857142857142855,0.6999520597198355,right,bottom
035,False,65,200.0,100.0,1055.9473876953125,2763.119140625,1055.9263467785263,2763.057675514391,-0.021040916786205344,-0.061465110608878604,0.06496676074244197,1.0,0.42857142857142855,0.8553032352102229,right,bottom
035,False,66,0.0,120.0,829.5054931640625,649.9070434570312,829.4304881223195,649.9957431544696,-0.07500504174299749,0.08869969743830097,0.11616106323770858,-1.0,0.7142857142857143,0.9159291318091396,left,bottom
035,False,67,20.0,120.0,830.7174682617188,872.7203369140625,830.7707169480052,872.7939202570371,0.05324868628645163,0.07358334297464353,0.09082913053947486,-0.8,0.7142857142857143,0.7728618480955124,left,bottom
035,False,68,40.0,120.0,832.1145629882812,1092.9217529296875,832.1456005237023,1092.9363636352487,0.03103753542109189,0.014610705561153736,0.03430453792153834,-0.6,0.7142857142857143,0.6398405841726221,left,bottom
035,False,69,60.0,120.0,833.5225219726562,1310.47021484375,833.5665153317118,1310.4426904309023,0.04399335905554835,-0.027524412847697022,0.05189420915286085,-0.4,0.7142857142857143,0.5245643766354129,left,bottom
035,False,70,80.0,120.0,834.9207763671875,1525.41015625,835.0387619716766,1525.3244859809738,0.11798560448914941,-0.08567026902619546,0.1458080857212339,-0.2,0.7142857142857143,0.4411698907260348,left,bottom
035,False,71,100.0,120.0,836.5009765625,1737.63037109375,836.5622706293584,1737.5905930270415,0.06129406685840877,-0.039778066708549886,0.07307022117876015,0.0,0.7142857142857143,0.40961596025952024,center,bottom
035,False,72,120.0,120.0,838.1544799804688,1947.2486572265625,838.1322425365406,1947.2515449358214,-0.02223744392813387,0.002887709258857285,0.02242415610944118,0.2,0.7142857142857143,0.4411698907260348,right,bottom
035,False,73,140.0,120.0,839.70166015625,2154.2919921875,839.7397328712605,2154.3232453567953,0.038072715010457614,0.03125316929526889,0.04925740776031827,0.4,0.7142857142857143,0.5245643766354129,right,bottom
035,False,74,160.0,120.0,841.47412109375,2358.89306640625,841.372180084755,2358.8299857333013,-0.101941008995027,-0.06308067294867215,0.11987969225261431,0.6,0.7142857142857143,0.6398405841726221,right,bottom
035,False,75,180.0,120.0,843.0352172851562,2560.7919921875,843.0138862188915,2560.8068822161313,-0.021331066264792753,0.01489002863127098,0.026013983559482944,0.8,0.7142857142857143,0.7728618480955124,right,bottom
035,False,76,200.0,120.0,844.7176513671875,2760.21435546875,844.6464523918826,2760.3018046853376,-0.0711989753049238,0.08744921658762905,0.11276816734460664,1.0,0.7142857142857143,0.9159291318091396,right,bottom
035,False,77,0.0,140.0,604.5101928710938,644.5162353515625,604.4443552440032,644.7550964775669,-0.06583762709055918,0.23886112600439446,0.24776850214868462,-1.0,1.0,1.0,left,bottom
035,False,78,20.0,140.0,607.2030029296875,867.5836791992188,607.1884625947719,867.8356660958159,-0.014540334915636777,0.25198689659714546,0.25240605657574733,-0.8,1.0,0.8708554769564043,left,bottom
035,False,79,40.0,140.0,609.8097534179688,1088.100341796875,609.9459879162912,1088.2367371206635,0.1362344983224375,0.13639532378851982,0.19277842951051705,-0.6,1.0,0.7552945112058728,left,bottom
035,False,80,60.0,140.0,612.651123046875,1306.00830078125,612.731537928998,1305.98519186157,0.08041488212302284,-0.023108919679998507,0.08366944146841354,-0.4,1.0,0.6604858898858135,left,bottom
035,False,81,80.0,140.0,615.5230102539062,1520.9691162109375,615.5524170841104,1521.099054683542,0.029406830204152357,0.12993847260440816,0.13322450347223058,-0.2,1.0,0.5964098406184939,left,bottom
035,False,82,100.0,140.0,618.5032958984375,1733.5072021484375,618.4094950610579,1733.5928830588455,-0.09380083737960376,0.08568091040797299,0.12704257357852117,0.0,1.0,0.5734623443633283,center,bottom
035,False,83,120.0,140.0,621.2103271484375,1943.373779296875,621.2979936505606,1943.4822905059523,0.08766650212305649,0.10851120907727818,0.13949945551830892,0.2,1.0,0.5964098406184939,right,bottom
035,False,84,140.0,140.0,624.3409423828125,2150.60595703125,624.2082000408336,2150.7877052117033,-0.1327423419788829,0.18174818045326901,0.22506205911284277,0.4,1.0,0.6604858898858135,right,bottom
035,False,85,160.0,140.0,627.2252197265625,2355.5166015625,627.126112916038,2355.5374569726537,-0.09910681052451764,0.020855410153671983,0.10127738160626254,0.6,1.0,0.7552945112058728,right,bottom
035,False,86,180.0,140.0,630.169921875,2557.558837890625,630.0340272216683,2557.7702750902054,-0.13589465333166117,0.21143719958035945,0.25134248779407975,0.8,1.0,0.8708554769564043,right,bottom
035,False,87,200.0,140.0,633.10107421875,2757.254638671875,632.9110629460781,2757.5372708914,-0.19001127267188167,0.2826322195251123,0.34056608060122406,1.0,1.0,1.0,right,bottom
036,False,0,0.0,0.0,2521.712646484375,706.8124389648438,2521.77030183467,706.8574329922974,0.05765535029513558,0.04499402745364023,0.07313413651745483,-1.0,-1.0,1.0,left,top
036,False,1,20.0,0.0,2491.7802734375,909.6444702148438,2491.7344485856,909.629235626169,-0.04582485189985164,-0.015234588674729821,0.04829088675652521,-0.8,-1.0,0.8708554769564043,left,top
036,False,2,40.0,0.0,2461.544921875,1112.575927734375,2461.6314257100858,1112.681204563563,0.08650383508575032,0.1052768291879147,0.1362575658391271,-0.6,-1.0,0.7552945112058728,left,top
036,False,3,60.0,0.0,2431.391357421875,1315.9315185546875,2431.4630955322136,1315.9802133676826,0.07173811033862876,0.048694812995108805,0.08670375590241688,-0.4,-1.0,0.6604858898858135,left,top
036,False,4,80.0,0.0,2401.135986328125,1519.4200439453125,2401.2335302688625,1519.4856365412033,0.09754394073752337,0.06559259589084832,0.11754662483587355,-0.2,-1.0,0.5964098406184939,left,top
036,False,5,100.0,0.0,2370.912109375,1723.1168212890625,2370.9485235570205,1723.1526991480157,0.036414182020507724,0.03587785895319939,0.05111959913074767,0.0,-1.0,0.5734623443633283,center,top
036,False,6,120.0,0.0,2340.531982421875,1926.8857421875,2340.615095666235,1926.9358693258368,0.08311324435999268,0.050127138336847565,0.09705947344739362,0.2,-1.0,0.5964098406184939,right,top
036,False,7,140.0,0.0,2310.120849609375,2130.745361328125,2310.240992339751,2130.7922940719004,0.12014273037584644,0.046932743775414565,0.12898433277127905,0.4,-1.0,0.6604858898858135,right,top
036,False,8,160.0,0.0,2279.717041015625,2334.693603515625,2279.8341772074386,2334.6852786869513,0.11713619181364265,-0.00832482867372164,0.11743164056185754,0.6,-1.0,0.7552945112058728,right,top
036,False,9,180.0,0.0,2249.3720703125,2538.47509765625,2249.4023177131644,2538.587810265817,0.030247400664393354,0.11271260956709739,0.11670063239921744,0.8,-1.0,0.8708554769564043,right,top
036,False,10,200.0,0.0,2218.928466796875,2742.500732421875,2218.952264498805,2742.486125625911,0.023797701930106996,-0.014606795964027697,0.027922913628218565,1.0,-1.0,1.0,right,top
036,False,11,0.0,20.0,2319.173828125,675.3395385742188,2319.1760051331817,675.3261007536136,0.002177008181661222,-0.013437820605190609,0.01361302270769814,-1.0,-0.7142857142857143,0.9159291318091396,left,top
036,False,12,20.0,20.0,2288.915771484375,878.4228515625,2288.9703804059272,878.3407529314807,0.05460892155224428,-0.08209863101933479,0.09860182314920983,-0.8,-0.7142857142857143,0.7728618480955124,left,top
036,False,13,40.0,20.0,2258.66162109375,1081.5985107421875,2258.7085523873225,1081.640524277728,0.04693129357247017,0.04201353554049092,0.0629895506016472,-0.6,-0.7142857142857143,0.6398405841726221,left,top
036,False,14,60.0,20.0,2228.335205078125,1285.145263671875,2228.3943759936305,1285.191751606203,0.05917091550554687,0.04648793432806997,0.07524842376990705,-0.4,-0.7142857142857143,0.5245643766354129,left,top
036,False,15,80.0,20.0,2197.967041015625,1488.888671875,2198.033258778422,1488.9531187060231,0.06621776279689584,0.0644468310231332,0.09240230591684521,-0.2,-0.7142857142857143,0.4411698907260348,left,top
036,False,16,100.0,20.0,2167.5478515625,1692.8614501953125,2167.631662352086,1692.8790251017372,0.08381078958609578,0.01757490642467019,0.08563367203898671,0.0,-0.7142857142857143,0.40961596025952024,center,top
036,False,17,120.0,20.0,2137.189208984375,1896.919921875,2137.196597385792,1896.922998008243,0.007388401416847046,0.0030761332429847243,0.008003191315035718,0.2,-0.7142857142857143,0.4411698907260348,right,top
036,False,18,140.0,20.0,2106.72265625,2101.127197265625,2106.7351121425895,2101.0411478658543,0.012455892589514406,-0.08604939977067261,0.08694623891287391,0.4,-0.7142857142857143,0.5245643766354129,right,top
036,False,19,160.0,20.0,2076.180908203125,2305.150146484375,2076.253774477894,2305.195667843972,0.07286627476878493,0.0455213595969326,0.08591675144134182,0.6,-0.7142857142857143,0.6398405841726221,right,top
036,False,20,180.0,20.0,2045.642333984375,2509.350830078125,2045.7581472511226,2509.3583777048916,0.11581326674763659,0.007547626766609028,0.11605894805902413,0.8,-0.7142857142857143,0.7728618480955124,right,top
036,False,21,200.0,20.0,2015.2216796875,2713.666259765625,2015.2522570898138,2713.514312422367,0.03057740231383832,-0.15194734325814352,0.15499346004096565,1.0,-0.7142857142857143,0.9159291318091396,right,top
036,False,22,0.0,40.0,2116.095947265625,643.7921142578125,2116.0406821766683,643.7635511129776,-0.055265088956730324,-0.028563144834947707,0.062209993572234966,-1.0,-0.42857142857142855,0.8553032352102229,left,top
036,False,23,20.0,40.0,2085.658203125,846.942626953125,2085.664495205714,847.0106346952488,0.006292080714047188,0.06800774212376837,0.06829819374247802,-0.8,-0.42857142857142855,0.6999520597198355,left,top
036,False,24,40.0,40.0,2055.21728515625,1050.5001220703125,2055.243863821137,1050.5456679676681,0.02657866488698346,0.04554589735562331,0.05273380503153117,-0.6,-0.42857142857142855,0.5495574790854838,left,top
036,False,25,60.0,40.0,2024.7940673828125,1254.27783203125,2024.784562084296,1254.3351216729345,-0.009505298516387484,0.057289641684519665,0.058072831377730255,-0.4,-0.42857142857142855,0.40961596025952024,left,top
036,False,26,80.0,40.0,1994.298828125,1458.3126220703125,1994.293250572705,1458.3376636792805,-0.005577552295108035,0.025041608967967477,0.025655238632865104,-0.2,-0.42857142857142855,0.295378269592824,left,top
036,False,27,100.0,40.0,1963.6795654296875,1662.447998046875,1963.7769675605862,1662.5075470466345,0.09740213089867211,0.059548999759499566,0.1141632974119044,0.0,-0.42857142857142855,0.24576957615571215,center,top
036,False,28,120.0,40.0,1933.2197265625,1866.737060546875,1933.2426136818387,1866.798041594148,0.022887119338747652,0.060981047272889555,0.06513454043842228,0.2,-0.42857142857142855,0.295378269592824,right,top
036,False,29,140.0,40.0,1902.648681640625,2071.16650390625,1902.6964300172347,2071.1649093577116,0.047748376609661136,-0.0015945485383781488,0.04777499402301667,0.4,-0.42857142857142855,0.40961596025952024,right,top
036,False,30,160.0,40.0,1872.10107421875,2275.605224609375,1872.143469547201,2275.5699243291706,0.042395328450993475,-0.03530028020441023,0.05516768671040588,0.6,-0.42857142857142855,0.5495574790854838,right,top
036,False,31,180.0,40.0,1841.528564453125,2480.0556640625,1841.5870619110858,2479.984436872054,0.058497457960811516,-0.07122719044582482,0.09216976319098748,0.8,-0.42857142857142855,0.6999520597198355,right,top
036,False,32,200.0,40.0,1811.0400390625,2684.482666015625,1811.028271413329,2684.392983211753,-0.011767649170906225,-0.0896828038721651,0.09045154988933446,1.0,-0.42857142857142855,0.8553032352102229,right,top
036,False,33,0.0,60.0,1912.4439697265625,612.157470703125,1912.4027884338766,612.1763486092675,-0.041181292685905646,0.018877906142506617,0.045302033150925076,-1.0,-0.14285714285714285,0.8233178906068351,left,top
036,False,34,20.0,60.0,1881.88525390625,815.655517578125,1881.8578408985554,815.6456890477201,-0.027413007694576663,-0.009828530404888625,0.029121692958733347,-0.8,-0.14285714285714285,0.6604858898858135,left,top
036,False,35,40.0,60.0,1851.32177734375,1019.3456420898438,1851.2803331470716,1019.4035451034665,-0.04144419667841248,0.057903013622762955,0.07120660380131051,-0.6,-0.14285714285714285,0.4983193229757469,left,top
036,False,36,60.0,60.0,1820.66796875,1223.3916015625,1820.6778790802423,1223.4172037139108,0.00991033024229182,0.02560215141079425,0.02745332042526947,-0.4,-0.14285714285714285,0.3377779740177616,left,top
036,False,37,80.0,60.0,1790.0086669921875,1427.6728515625,1790.0583039998257,1427.6460033123276,0.04963700763823908,-0.02684825017240655,0.056432801318016576,-0.2,-0.14285714285714285,0.18318582636182795,left,top
036,False,38,100.0,60.0,1759.248046875,1632.09228515625,1759.4291254172126,1632.0447413695629,0.18107854221261732,-0.047543786687128886,0.18721605193571902,0.0,-0.14285714285714285,0.08192319205190404,center,top
036,False,39,120.0,60.0,1728.8057861328125,1836.5535888671875,1728.7970272411121,1836.5671257464714,-0.008758891700381355,0.0135368792839472,0.016123438980787202,0.2,-0.14285714285714285,0.18318582636182795,right,top
036,False,40,140.0,60.0,1698.1199951171875,2041.18310546875,1698.16732728517,2041.1692702489772,0.04733216798240392,-0.013835219772772689,0.0493127512117852,0.4,-0.14285714285714285,0.3377779740177616,right,top
036,False,41,160.0,60.0,1667.48974609375,2245.96826171875,1667.5434380359823,2245.8132347807505,0.05369194223226259,-0.15502693799953704,0.16406150117009452,0.6,-0.14285714285714285,0.4983193229757469,right,top
036,False,42,180.0,60.0,1636.9561767578125,2450.552734375,1636.9263206215019,2450.470610491636,-0.029856136310627335,-0.08212388336414733,0.08738261322601215,0.8,-0.14285714285714285,0.6604858898858135,right,top
036,False,43,200.0,60.0,1606.3472900390625,2655.2119140625,1606.3139319193588,2655.1261503231226,-0.0333581197037347,-0.08576373937739845,0.09202273165997095,1.0,-0.14285714285714285,0.8233178906068351,right,top
036,False,44,0.0,80.0,1708.39013671875,580.5732421875,1708.30032995954,580.5680235318614,-0.08980675920997783,-0.005218655638600467,0.0899582590231338,-1.0,0.14285714285714285,0.8233178906068351,left,bottom
036,False,45,20.0,80.0,1677.6640625,784.174560546875,1677.5909750295555,784.2503852482006,-0.07308747044453412,0.07582470132558683,0.10531459379922185,-0.8,0.14285714285714285,0.6604858898858135,left,bottom
036,False,46,40.0,80.0,1646.91064453125,988.1990356445312,1646.8603853905179,988.2194215109163,-0.05025914073212334,0.02038586638502693,0.05423619432998181,-0.6,0.14285714285714285,0.4983193229757469,left,bottom
036,False,47,60.0,80.0,1616.0963134765625,1192.4256591796875,1616.1179294668918,1192.4439294762342,0.021615990329337365,0.01827029654668877,0.028302911048546826,-0.4,0.14285714285714285,0.3377779740177616,left,bottom
036,False,48,80.0,80.0,1585.414306640625,1396.93701171875,1585.3725028443478,1396.8846164941522,-0.04180379627723596,-0.05239522459783075,0.06702847860309658,-0.2,0.14285714285714285,0.18318582636182795,left,bottom
036,False,49,100.0,80.0,1554.603271484375,1601.49365234375,1554.6319985718906,1601.4975272972072,0.028727087515562744,0.0038749534571707045,0.028987252740162183,0.0,0.14285714285714285,0.08192319205190404,center,bottom
036,False,50,120.0,80.0,1523.988037109375,1806.2164306640625,1523.9027707381738,1806.2375153121488,-0.0852663712012145,0.021084648086343805,0.08783459707170212,0.2,0.14285714285714285,0.18318582636182795,right,bottom
036,False,51,140.0,80.0,1493.20849609375,2011.1253662109375,1493.1890912620397,2011.0617584896845,-0.019404831710289727,-0.06360772125299263,0.06650180220642954,0.4,0.14285714285714285,0.3377779740177616,right,bottom
036,False,52,160.0,80.0,1462.5478515625,2216.006591796875,1462.4925998368462,2215.933320050626,-0.05525172565376124,-0.07327174624879262,0.09176874187906225,0.6,0.14285714285714285,0.4983193229757469,right,bottom
036,False,53,180.0,80.0,1431.8477783203125,2420.9541015625,1431.8117469676683,2420.8247545499066,-0.03603135264415869,-0.1293470125933709,0.13427176933442625,0.8,0.14285714285714285,0.6604858898858135,right,bottom
036,False,54,200.0,80.0,1401.22265625,2625.795654296875,1401.1412300399702,2625.7217596631563,-0.08142621002980377,-0.07389463371873717,0.10995746710544058,1.0,0.14285714285714285,0.8233178906068351,right,bottom
036,False,55,0.0,100.0,1503.80224609375,548.9268188476562,1503.767358156947,548.9384554841815,-0.034887936802988406,0.011636636525281574,0.036777431177161216,-1.0,0.42857142857142855,0.8553032352102229,left,bottom
036,False,56,20.0,100.0,1472.9110107421875,752.7952270507812,1472.9004501153354,752.8262572233135,-0.010560626852111454,0.031030172532268807,0.03277801773890403,-0.8,0.42857142857142855,0.6999520597198355,left,bottom
036,False,57,40.0,100.0,1441.926025390625,956.9901733398438,1442.022373050127,956.9963429349046,0.09634765950204383,0.006169595060896427,0.09654499155697935,-0.6,0.42857142857142855,0.5495574790854838,left,bottom
036,False,58,60.0,100.0,1411.0760498046875,1161.306884765625,1411.1441584286613,1161.419725949587,0.06810862397378514,0.11284118396201848,0.13180256999600787,-0.4,0.42857142857142855,0.40961596025952024,left,bottom
036,False,59,80.0,100.0,1380.2686767578125,1366.0623779296875,1380.275671382657,1366.0591929266436,0.006994624844537611,-0.0031850030438818067,0.007685637325905977,-0.2,0.42857142857142855,0.295378269592824,left,bottom
036,False,60,100.0,100.0,1349.4036865234375,1570.890625,1349.4250703672617,1570.8727508633938,0.021383843824196447,-0.017874136606224056,0.027870298457597892,0.0,0.42857142857142855,0.24576957615571215,center,bottom
036,False,61,120.0,100.0,1318.642822265625,1775.8135986328125,1318.598259988067,1775.8171185424683,-0.044562277558043206,0.0035199096557789744,0.04470107767319405,0.2,0.42857142857142855,0.295378269592824,right,bottom
036,False,62,140.0,100.0,1287.76513671875,1980.911376953125,1287.7983369352173,1980.851262815472,0.0332002164673213,-0.06011413765304496,0.06867287615388065,0.4,0.42857142857142855,0.40961596025952024,right,bottom
036,False,63,160.0,100.0,1256.9921875,2186.05224609375,1257.0250289632613,2185.9399801247055,0.032841463261320314,-0.1122659690445289,0.11697097723218257,0.6,0.42857142857142855,0.5495574790854838,right,bottom
036,False,64,180.0,100.0,1226.2552490234375,2391.143310546875,1226.2741268549034,2391.0575236678155,0.018877831465943018,-0.08578687905946936,0.08783940539200258,0.8,0.42857142857142855,0.6999520597198355,right,bottom
036,False,65,200.0,100.0,1195.5338134765625,2596.244140625,1195.5369093063227,2596.191276613462,0.003095829760241031,-0.05286401153807674,0.05295458316144415,1.0,0.42857142857142855,0.8553032352102229,right,bottom
036,False,66,0.0,120.0,1298.890625,517.2898559570312,1298.830336441289,517.2832357387135,-0.060288558710908546,-0.006620218317721083,0.06065094889622879,-1.0,0.7142857142857143,0.9159291318091396,left,bottom
036,False,67,20.0,120.0,1267.856689453125,721.2954711914062,1267.8151705091475,721.3712863099488,-0.04151894397750766,0.07581511854255041,0.08643931344375885,-0.8,0.7142857142857143,0.7728618480955124,left,bottom
036,False,68,40.0,120.0,1236.842529296875,925.6862182617188,1236.7969228241504,925.7345382224008,-0.045606472724557534,0.048319960682079,0.06644372773026413,-0.6,0.7142857142857143,0.6398405841726221,left,bottom
036,False,69,60.0,120.0,1205.7938232421875,1130.3592529296875,1205.788190092767,1130.346939044005,-0.005633149420418704,-0.012313885682488035,0.013541202051300593,-0.4,0.7142857142857143,0.5245643766354129,left,bottom
036,False,70,80.0,120.0,1174.793212890625,1335.1822509765625,1174.7996997972048,1335.1740773545753,0.006486906579766583,-0.008173621987225488,0.010434943860159236,-0.2,0.7142857142857143,0.4411698907260348,left,bottom
036,False,71,100.0,120.0,1143.8558349609375,1540.254150390625,1143.8397590730233,1540.1766497513995,-0.016075887914212217,-0.07750063922549089,0.07915038378043414,0.0,0.7142857142857143,0.40961596025952024,center,bottom
036,False,72,120.0,120.0,1112.9263916015625,1745.2333984375,1112.9136966470637,1745.3139726105705,-0.012694954498783773,0.08057417307054493,0.08156812634680484,0.2,0.7142857142857143,0.4411698907260348,right,bottom
036,False,73,140.0,120.0,1082.0870361328125,1950.650634765625,1082.0232977738954,1950.5475390058941,-0.06373835891713497,-0.10309575973087703,0.12120773107329517,0.4,0.7142857142857143,0.5245643766354129,right,bottom
036,False,74,160.0,120.0,1051.218017578125,2155.92236328125,1051.1662321084953,2155.8446211904497,-0.05178546962974906,-0.07774209080025685,0.0934107464201472,0.6,0.7142857142857143,0.6398405841726221,right,bottom
036,False,75,180.0,120.0,1020.323486328125,2361.3037109375,1020.3354744523863,2361.181919049076,0.011988124261279154,-0.12179188842401345,0.1223804690675404,0.8,0.7142857142857143,0.7728618480955124,right,bottom
036,False,76,200.0,120.0,989.6672973632812,2566.467529296875,989.5187183099547,2566.549254933335,-0.1485790533265572,0.08172563645985065,0.16957244688387202,1.0,0.7142857142857143,0.9159291318091396,right,bottom
036,False,77,0.0,140.0,1093.6180419921875,485.52069091796875,1093.504375518306,485.5930078508611,-0.11366647388149431,0.07231693289236318,0.13472121610054963,-1.0,1.0,1.0,left,bottom
036,False,78,20.0,140.0,1062.452392578125,689.7669067382812,1062.3526174947742,689.8792626779982,-0.099775083350778,0.1123559397169629,0.15026285118863045,-0.8,1.0,0.8708554769564043,left,bottom
036,False,79,40.0,140.0,1031.2392578125,894.2898559570312,1031.203150172456,894.4308016079315,-0.03610764004406519,0.14094565090022115,0.14549721020431558,-0.6,1.0,0.7552945112058728,left,bottom
036,False,80,60.0,140.0,1000.1043090820312,1099.234130859375,1000.0700312089116,1099.2252367946319,-0.03427787311966313,-0.00889406474311727,0.03541294923135442,-0.4,1.0,0.6604858898858135,left,bottom
036,False,81,80.0,140.0,968.994140625,1304.2742919921875,968.9647366200795,1304.231693748883,-0.029404004920479565,-0.04259824330461015,0.05176104556519651,-0.2,1.0,0.5964098406184939,left,bottom
036,False,82,100.0,140.0,938.0034790039062,1509.361328125,937.895598736231,1509.4142985177584,-0.10788026767522751,0.05297039275842508,0.12018325450186707,0.0,1.0,0.5734623443633283,center,bottom
036,False,83,120.0,140.0,906.9019775390625,1714.6724853515625,906.8672371091386,1714.7357099405576,-0.03474042992388604,0.0632245889951264,0.07214046108044427,0.2,1.0,0.5964098406184939,right,bottom
036,False,84,140.0,140.0,875.9420776367188,1920.1539306640625,875.879982307712,1920.1606973864398,-0.062095329006751854,0.006766722377278711,0.062462936339784114,0.4,1.0,0.6604858898858135,right,bottom
036,False,85,160.0,140.0,844.9820556640625,2125.721435546875,844.9292925388879,2125.6597643822424,-0.05276312517457882,-0.06167116463257116,0.08116205964196553,0.6,1.0,0.7552945112058728,right,bottom
036,False,86,180.0,140.0,814.1323852539062,2331.2109375,814.0051630300413,2331.212818542224,-0.12722222386491921,0.0018810422238857427,0.12723612916535798,0.8,1.0,0.8708554769564043,right,bottom
036,False,87,200.0,140.0,783.2764282226562,2536.75146484375,783.0915281086734,2536.812888214753,-0.18490011398284878,0.0614233710030021,0.19483552719214972,1.0,1.0,1.0,right,bottom
