v,sample_count,residual_median_mm,residual_mean_mm,residual_std_mm,residual_mad_mm,residual_p95_abs_mm
0,5,0.11463699975042263,0.12366299888498222,0.03258822114607593,0.02427630199233108,0.1623064884405011
1,5,0.09915708708312768,0.11483514890922089,0.03542234332190035,0.02545203796640004,0.1524759020492338
2,5,0.10829019934663203,0.10929368494086797,0.040475832277331675,0.029939040393662367,0.15582531401892966
3,5,0.12048145188019316,0.11103911511478223,0.042530318927545954,0.04211491805526635,0.1617236289915271
4,5,0.09638641590913159,0.11127150898370548,0.0419519949766999,0.02104752952254217,0.16740513583499567
5,5,0.09696102777132198,0.10556635344119154,0.04226126001550056,0.02092349465744167,0.16268296447167122
6,5,0.08577554756419575,0.09794279709549915,0.04131796526519665,0.023632515199454418,0.15310878058339222
7,5,0.09436718899976693,0.09373025516150243,0.0382285394855224,0.03490265029565075,0.14127202351471305
8,5,0.08687933246478192,0.09508977752645643,0.03440844146161458,0.01660540382315441,0.14103365584705577
9,5,0.08998516182045155,0.09565588464316005,0.041739298953765644,0.014028166525311386,0.15068403271517292
10,5,0.08983485721064581,0.09590571001607266,0.058088839176643314,0.014321380022297228,0.16450655459891972
11,5,0.10330919202555805,0.10113127444371561,0.06366879269575143,0.01015342581502618,0.16856014419978108
12,5,0.12001080905015518,0.10835187190681686,0.05567982637841968,0.005322574047171319,0.15945741060700913
13,5,0.12470303654914427,0.11542090805360769,0.039664707973782895,0.00919385139216139,0.14510362582508665
14,5,0.12929599657645358,0.1221765610765626,0.022907896096090338,0.004772950880897603,0.13775661405790948
15,5,0.13263942156362393,0.1274443803900081,0.016875811285509384,0.012291658245955933,0.14368498001667224
16,5,0.14603063791725518,0.13420655279698762,0.02370777735615625,0.006527209383224625,0.15236042499013908
17,5,0.14334075038148753,0.13553139097100939,0.03790586422226733,0.02755425230730066,0.17733976396618376
18,5,0.12391504815574925,0.1296592897932503,0.045010491606414044,0.012166360380971797,0.18722117107896669
19,4,0.10860429795661825,0.10388796530753353,0.016317187041093424,0.005683042201147397,0.1168130511446332
20,4,0.10309172829581054,0.10223183707139574,0.010816958531984404,0.008395443426993693,0.11169987209040957
21,4,0.10823037509053318,0.10651628749631442,0.012216638331184467,0.007392962432984956,0.11799678475535562
22,4,0.10804518999240266,0.10984479765538509,0.015881641908189005,0.008391084964893339,0.127637119388832
23,4,0.09615267880657333,0.10663972045757747,0.02389113750276671,0.002355163792713444,0.13548673882903872
24,4,0.09193918299192616,0.1004728389034165,0.028322213272569154,0.011595182950936013,0.13435807181800577
25,4,0.09416871456536965,0.10371445111063317,0.03723388563909074,0.017699031134072493,0.14769722172226152
26,4,0.10012632759618485,0.10563555247263412,0.03833694641559755,0.024103887601411057,0.1488801682428995
27,5,0.12304939973844196,0.11901378047664349,0.04736824642985852,0.03060343756606132,0.1771943165482452
28,5,0.1085895049518816,0.1191342979224947,0.051474155093985896,0.020702363803491636,0.18338170966845307
29,5,0.12613876933674076,0.12093478279009587,0.061442246439413976,0.03547575105409312,0.1948068788252479
30,5,0.1373679858432784,0.12118081222175847,0.06642891109358544,0.052050766043719165,0.1956568801163323
31,5,0.13751580406998618,0.12046802421301359,0.06580855092963996,0.051566860215923854,0.19108274644432025
32,5,0.12945819257990468,0.11557398715629394,0.06402116118881611,0.052305937922694584,0.1860175830480405
33,5,0.12345888434426411,0.10728794982629239,0.06526510990120582,0.06571059955703529,0.18159087749661806
34,5,0.12348499631679859,0.10268105387881994,0.06687606739800597,0.06820625309846358,0.1783957243174371
35,5,0.12352719308804222,0.10552781857258098,0.06641315678329236,0.06799650704692015,0.17994196451700364
36,5,0.13392105089562195,0.11407537666643904,0.06206978027657867,0.05914322081674181,0.18240428113992205
37,5,0.12437109465777257,0.1165673662978723,0.06198608076848302,0.059205709290793274,0.18796931764229713
38,5,0.10876034192824113,0.11935700722282645,0.05716764761491229,0.044068356500994985,0.1895805081732527
39,5,0.094477119371436,0.11309426619584198,0.05049764560114027,0.03211205690240994,0.17895943186759222
40,5,0.08933632701080907,0.1091650627630251,0.04714235860948546,0.016953863093735755,0.17385762189978174
41,5,0.08961829378876485,0.11036469613290716,0.046898362523858,0.007879674086073707,0.17506807052795723
42,5,0.08739614167610146,0.11236439509318275,0.05125904942078762,0.02113885561718666,0.18122647467782171
43,5,0.09566456905979655,0.11543298337028496,0.05338987204069413,0.042780384950743294,0.18263880327029633
44,5,0.10446757309545995,0.11528899232738155,0.05156736291081875,0.03282579744003897,0.17952523645011018
45,5,0.1128101558080519,0.12046576338960473,0.043915210103609846,0.016215064851363092,0.1750728313521825
46,5,0.11848353960073019,0.11683372431840726,0.04709442814004661,0.016277773915624183,0.1719458263432239
47,5,0.11083809849926834,0.1144122565941238,0.042755056679788975,0.019965628989701195,0.1681393291616825
48,5,0.10926283130726616,0.11247407759348631,0.03685874301850549,0.01672205958749562,0.16096230395847852
49,5,0.10048250469665987,0.1111825704521329,0.03516191845881825,0.014159388313493976,0.1592249229249064
50,5,0.10930263154571249,0.11493539919009636,0.04115671025609275,0.029200950841553913,0.16559640846195897
51,5,0.09595788253148643,0.1130091293830255,0.05132765863775769,0.033938390916438924,0.17381785842594505
52,5,0.08214325521621069,0.10562008786267965,0.060198978195138336,0.041878204139128655,0.17722852915837367
53,5,0.09309716077880649,0.10036480348546986,0.0628615192678561,0.05081568641037078,0.1750488764778131
54,5,0.10235651184585219,0.10361259829738205,0.055475048315500056,0.03733199376682558,0.17035530334488555
55,5,0.10836135298441196,0.11089741103919717,0.04484054143675975,0.03140208778802692,0.1677311793759929
56,5,0.10918869563481973,0.11385429153437246,0.04304607836295086,0.022214443317891824,0.1684222530303546
57,5,0.10199503772145241,0.10863451735751647,0.052699601086067784,0.02951596752306096,0.16982621727917369
58,5,0.09372176942675295,0.09778097657968553,0.06517663836038735,0.0341063807911019,0.17041409644312153
59,5,0.0913115004020907,0.08909742657056251,0.06986292814247458,0.026101369949916978,0.16901989756545516
60,5,0.09318184231068097,0.08642321534261732,0.06494242252043353,0.03858930019675254,0.16467908147212565
61,5,0.08550637464152874,0.08792339693809244,0.05730191745332591,0.03698435016925873,0.1622664990859929
62,5,0.0830254465463669,0.09135833526186703,0.05313602057021698,0.03008597822972861,0.16221443487432374
63,5,0.09188063587246831,0.09390240368544163,0.05302438308951963,0.03296028314987795,0.1634349772427436
64,5,0.0755944972636488,0.09385546212018514,0.055718516530818475,0.027188232093127304,0.16931152564545865
65,5,0.04920160286229909,0.08910262448289177,0.06080338423432117,0.0007620527967727442,0.17125836955546003
66,5,0.04479853402740128,0.0807950567998152,0.06408154198177944,0.01815400905861255,0.16572728762836206
67,5,0.046213219496241534,0.0760394224419358,0.06044688288640248,0.017337932247335097,0.15614767090403966
68,5,0.052502175374954704,0.07872860934207568,0.05280559239769724,0.021907653104241462,0.1485188399763921
69,5,0.06402722331079361,0.08680762991101691,0.045983656980376965,0.02023802220414321,0.14758927773527525
70,5,0.07722869784542331,0.0978711753248617,0.040356424717685385,0.01301596435443915,0.15195918861171576
71,5,0.08865947582194544,0.1091402379294972,0.03536675365382855,0.004191448297776373,0.15754080758671907
72,5,0.10762006777016225,0.11681361065926495,0.033672049205552,0.011301453852761129,0.1626108947150319
73,5,0.11148457709379384,0.11784103422848986,0.03782421042541533,0.020983017929079806,0.1685897184618495
74,5,0.11348229504851995,0.11379452604821912,0.043378212037995106,0.03362065921359908,0.16968458256305546
75,5,0.11727657610649803,0.10931738435891367,0.045382509841935044,0.05032621353552694,0.16472107486916135
76,5,0.11208953385170439,0.1047576057578922,0.04658602142875182,0.036870260112758346,0.1597657188600748
77,5,0.10590366892597783,0.09871727994400367,0.04934381993181387,0.022889627338069207,0.15427791088048004
78,5,0.09852436905337485,0.09593635700431714,0.05067309858266927,0.011435406898082076,0.15277413392221853
79,5,0.09276362790197498,0.09767344661795445,0.050006185512736355,0.018950254153835472,0.15469426623651816
80,5,0.09380250052129999,0.10108739149973008,0.0468106689803631,0.02504395413146429,0.1559159713941473
81,5,0.09358476350966267,0.10583193584988208,0.04289304009944731,0.03886738076315542,0.1575479168924355
82,5,0.09875700310068576,0.11534597074954842,0.04312392131427582,0.02656535870562876,0.16320942523575102
83,5,0.11028609852364382,0.12713642951848964,0.04418507183271158,0.028035238277765356,0.1786069167125029
84,5,0.10871353355555144,0.13038711381116663,0.046340131912189844,0.028723412456143155,0.1856439996846946
85,5,0.10975741450626181,0.11944032061685154,0.05405738028853567,0.04940046335971228,0.17889800277314172
86,5,0.10274402198083776,0.10670378423658262,0.060842833803137916,0.055725290826652396,0.1679099186588352
87,4,0.12066581858658654,0.124869793238496,0.035480803864512994,0.02299086560323766,0.16457805276957302
88,4,0.11381655091484877,0.12031526753261668,0.0334737751362237,0.018398128526949213,0.15910782654505418
89,4,0.12032594563748356,0.12132321906598259,0.029539494298055732,0.020798459988821363,0.153166375094296
90,4,0.12064274214366777,0.12191674311240702,0.024540879250654415,0.0176788241254017,0.1484337462763218
91,4,0.1136096968937281,0.12063199269433775,0.02203982054823439,0.008149948923694333,0.1471661421250853
92,4,0.10435603585169693,0.11703681169220584,0.02812059653661171,0.002443840046278803,0.15102419825664112
93,4,0.0981918766588372,0.1101541587173441,0.0344631427941878,0.010571789919212315,0.1519039348308728
94,4,0.09316573239546842,0.10692167421245072,0.0399712317947315,0.014222619650625198,0.1550584907701008
95,4,0.09061445358754769,0.10192491355824093,0.04145612375455189,0.01705904098181088,0.15142306699384195
96,4,0.08579898222339331,0.0934146076101883,0.04828452376811936,0.02203517599102868,0.1483356431502072
97,4,0.08169036198841277,0.0861951468716712,0.050683732821347104,0.03106315654438746,0.14264260276504553
98,5,0.10276167072136438,0.10284019106720868,0.05620411383509209,0.04906679017226656,0.15871586987438088
99,5,0.12117811635123922,0.12161115120106691,0.07455476945283905,0.03382572257317894,0.2104287392902524
100,5,0.11595481615872479,0.12230595367617261,0.06687316771188796,0.03947642152903001,0.19928640059654623
101,5,0.11931088054106553,0.12519355049367747,0.05876550432701596,0.04143840382253691,0.19070245299022417
102,5,0.11014878047789692,0.12581189700625836,0.05301469311122453,0.04696761191486984,0.1886096981499439
103,5,0.0992826357045412,0.12164368158786285,0.05662652218034497,0.041780173666781883,0.1891138842663424
104,5,0.09835803990126274,0.12379373001097856,0.05371272328118531,0.03370562714724712,0.18926098736392502
105,5,0.1096180074988371,0.12479144504003033,0.05180644485257094,0.04713430466037791,0.1870722296945743
106,5,0.11255939613493451,0.12143092593161293,0.05346927208059293,0.03552118023301426,0.18373512157316366
107,5,0.10190002871249629,0.11400688897747638,0.05869830610475069,0.03967166037342856,0.18227739399240764
108,5,0.0892827825424323,0.10785516334921583,0.06364185484082242,0.053813537174436016,0.18375359469328406
109,5,0.08713903249051194,0.10747294098576125,0.0648824868202991,0.06041517578672579,0.18492366484808348
110,5,0.09495322590574981,0.1148537691838439,0.05811079770832041,0.053901412970223356,0.18302915941863127
111,5,0.11675486556932718,0.12558956728416998,0.04624510762446904,0.03996893221410974,0.1792243197228716
112,5,0.12990223369584702,0.13143883043373333,0.0386646442118892,0.026883942410555972,0.1761857478902834
113,5,0.13636501989632416,0.1317157323448589,0.037620436102936916,0.033901097769226535,0.17447036100773916
114,5,0.14587456673627225,0.1314370392636228,0.04002018818166332,0.03442378075167993,0.17355306459050548
115,5,0.1383726312482913,0.1344697953687681,0.04106081793722066,0.022811621859788245,0.1778684514013086
116,5,0.13282244533736629,0.13801494522580177,0.03910230521048377,0.03387766152231905,0.18196010231469864
117,5,0.1299709390463088,0.13804826742964277,0.03448632145394538,0.025343286151935346,0.1818062971185861
118,5,0.1285174914380697,0.13256035892084386,0.03186129404021142,0.019725096284511995,0.17523059670220897
119,8,0.15408210086081664,0.16328019535640467,0.0622106484980024,0.05683677792148023,0.23201415112029308
120,8,0.15182504627776372,0.1403225120977849,0.04819758652260823,0.03360897838570283,0.18545230352055878
121,8,0.14193283366119153,0.12673508800980154,0.041358027933694426,0.023207310469394088,0.1680094392386765
122,8,0.13261322694142755,0.119470998338676,0.038747157342971926,0.014865046944729128,0.159893586535338
123,8,0.12783255956762382,0.1159029469809074,0.03920520638444665,0.015848543828326067,0.156429915160931
124,8,0.13546019394529799,0.11619798675919282,0.043340275190137924,0.016067007514475262,0.15484391295567387
125,8,0.13866866800659267,0.11928615253754195,0.049502925264308266,0.02075590691737135,0.16136651957133924
126,8,0.14163157582298508,0.12398360957964766,0.055206719984340576,0.02849597226919262,0.17157905189590708
127,8,0.14570270916647726,0.12950044456342136,0.05802936238333288,0.03442067559132127,0.18153364422132087
128,8,0.14951419382753958,0.13326183586900026,0.056440327080938595,0.032561869122519384,0.18687589695514284
129,8,0.1498470849427279,0.13162914614163884,0.05410738899155134,0.02693486977848278,0.1844365364808
130,8,0.14957669363979,0.1293256123186735,0.051078215761730286,0.025905727351430874,0.1780793196062214
131,8,0.15273278662347314,0.13305717110746898,0.047663843064478,0.02194445338457318,0.1749465749211428
132,8,0.15099504593245858,0.1407098215282934,0.04757636960356588,0.03692497564433467,0.1881483718668979
133,8,0.14839985877671316,0.14598899163064788,0.04545909636964582,0.044220609414346995,0.19447183459054285
134,8,0.14827428483287206,0.14314663119184984,0.03581502239275944,0.02907566374346661,0.17950075132181179
135,8,0.14491978032001485,0.1365631380181869,0.027383739798898615,0.01644667005726902,0.16208578998039103
136,8,0.13709006905691218,0.13057720352173374,0.023904074163005388,0.006995541546984174,0.15583154593042486
137,8,0.13331002951705134,0.1288695970136021,0.01953570782801577,0.0035845721679811926,0.15068353936102108
138,9,0.1379135093928021,0.14755837327304672,0.04347552998916857,0.007341519201542301,0.21527709206565107
139,9,0.15270776072002257,0.14437157828160965,0.023416820237792353,0.01465524356547715,0.17308056700866814
140,9,0.13564633578866728,0.1398932512177484,0.027840190164705896,0.022787938030388366,0.17073016854411824
141,9,0.12948804470396402,0.13362256008073295,0.033682980089754365,0.029882668955118374,0.16673930405281093
142,9,0.13847457813817945,0.12690700834227012,0.03537072531744836,0.013900373054758913,0.16451842670645847
143,9,0.1353442694981702,0.1235532378979055,0.03405498049931085,0.008746317989154262,0.16176929755344113
144,9,0.13257099147136775,0.1257430718193715,0.031324798852577516,0.011164299750896695,0.16202396363277446
145,9,0.1279557968571703,0.12652796741944097,0.03258907261337113,0.017420884471494924,0.1626343685374133
146,9,0.12793895358667484,0.12741119682880747,0.03329104164642042,0.020843525632001758,0.1624499623950765
147,9,0.12884380544674728,0.1286293154981144,0.03330563701327827,0.024717069442121403,0.16413804724209727
148,9,0.12588997996120646,0.12628106408076342,0.03372618597683578,0.025347549596198893,0.16577690353607735
149,9,0.1225929801455231,0.1179590471887893,0.03209359157707208,0.014545680091119298,0.15795064581377882
150,9,0.12031877026903992,0.1145579016993668,0.02815939149489655,0.006893140367342593,0.1531893720495572
151,9,0.1173932492216863,0.11473098427511282,0.028249780200916022,0.006529778844463929,0.1516165411695091
152,9,0.13019591713147372,0.12085622306802218,0.0375208616321791,0.016064042138435125,0.16140866487432354
153,9,0.13523130197725067,0.12625715030108262,0.046412419361336325,0.023311516003933705,0.16343687967451379
154,9,0.13672645558631896,0.12312505266451629,0.047914207347767385,0.02403751813251187,0.16077533633089092
155,10,0.13288926743967414,0.12096291557091943,0.04891045037657158,0.03288295953474721,0.16645958250815585
156,10,0.12808032826450952,0.12175891684837196,0.04556055061850304,0.03580427836129699,0.16432568736130493
157,10,0.11864423157548921,0.12178128618918019,0.041495045949238966,0.03245754956062269,0.16041708943496794
158,10,0.12923029938674357,0.12454258081320417,0.0383864798552783,0.02472008742325589,0.15799931910576615
159,10,0.13497992081845978,0.12615716218326906,0.038192482630157225,0.020402618970716366,0.15619563556309277
160,10,0.14397662732036165,0.12830512812130918,0.04045796244499028,0.01804911548599232,0.1620841679258944
161,10,0.14249049295191032,0.12790505321858953,0.04527778534757261,0.02294555159486364,0.16655796153973337
162,10,0.13280299891341432,0.12179533268833291,0.0476097845582021,0.03008921167161739,0.16411345908078592
163,10,0.1315672726832844,0.11597396212645125,0.045471072382162074,0.023828905001250164,0.15555145448003913
164,10,0.12833107571260519,0.11536529460657644,0.03817688759017715,0.019188240140157672,0.14861876074813718
165,10,0.12460566254382402,0.11833092893979333,0.03098179131703786,0.013970333092743356,0.1481664502055288
166,10,0.1274331314574433,0.12370605742045455,0.020403859492012774,0.015062500126829928,0.14780355066221945
167,10,0.12765522400894116,0.12505407223081233,0.01841184896136511,0.014321279119169375,0.14580876473808577
168,10,0.12378670530162389,0.12285244846894121,0.02211257324248715,0.0170050624454898,0.14855494069139685
169,10,0.12518803347731366,0.11788819077574904,0.023999881076979382,0.018348298719461975,0.1477678440565069
170,10,0.11380232641587204,0.11020132024973586,0.028588306306944658,0.021861779246444613,0.15484606219616953
171,10,0.09519129689271036,0.10228037849533289,0.03653122585822502,0.011641888076450627,0.16076509752260687
172,10,0.0930836664176638,0.09759657545144522,0.03954585897946117,0.009003630266886713,0.15875405697694384
173,10,0.09743777156069236,0.09941425782376392,0.03676962959644812,0.008332146255239883,0.15192490934475766
174,11,0.11054634815881775,0.1131474953471125,0.03988476491821751,0.009744224388362366,0.1678342190374747
175,11,0.12378158413152422,0.11434405617999062,0.03742035020219767,0.0227638078489575,0.15550501157914248
176,11,0.13042851211570727,0.11590605331587202,0.04031020146669122,0.025839538105482368,0.16145886727101333
177,12,0.13764736574194142,0.12173079609602915,0.04105644194621838,0.02817333814862588,0.1669358225609489
178,12,0.13993641536203255,0.12473293044015667,0.03842201299371758,0.026841128710871333,0.16821069905429695
179,13,0.13566660277272563,0.13049387337047463,0.03482805215244285,0.027089736620235227,0.1707782278000903
180,13,0.1277108136315558,0.12915835559427472,0.03254113869690424,0.025671136719654347,0.17348982832680127
181,13,0.13366574922237665,0.12302787140921492,0.032246194088340834,0.025956991455570094,0.17131520874660344
182,13,0.11528945949947558,0.11565819420069838,0.031286074252636596,0.016374274400562647,0.1616842125933267
183,13,0.1200081820122977,0.10923290647065484,0.03245289010684129,0.018650828388242044,0.14882784478227715
184,13,0.10288757891733782,0.10421448328515368,0.03439019968484299,0.013112889949097178,0.15388601617038228
185,12,0.1095405574343152,0.09888807703754014,0.02983104252863666,0.00989977503801167,0.12972680688716257
186,12,0.1132997656389635,0.10191367768496773,0.03008000770377369,0.022675285356236828,0.13998944733569624
187,12,0.11219740908962655,0.10561953498802175,0.030446819883388588,0.021526056164464603,0.14881558647251697
188,12,0.10764363918130403,0.10808919886150507,0.030107857271167635,0.015565095843104185,0.15415603034187134
189,12,0.10562682339212544,0.11098739483741617,0.030435681690685605,0.016112274312408102,0.15732003620909019
190,12,0.11474558241251798,0.11207643467301324,0.028631531213614392,0.012149573365954812,0.14890260266410532
191,12,0.1236242676688025,0.11680279499090081,0.029929381689719117,0.009882106038086105,0.1515494646824964
192,12,0.12177195809714383,0.11625969598715434,0.030040765725616744,0.013855640107918031,0.15160125277166758
193,12,0.11820776603523661,0.11087718353371524,0.03085207266134086,0.016583351648426267,0.1448955923624122
194,12,0.11634427866968342,0.10543696952209484,0.0317820251409854,0.016031495959168307,0.13438900813393595
195,12,0.11909925759838155,0.10452766054294692,0.03387327715078621,0.015723214684001424,0.13467428102218323
196,12,0.1219982775520754,0.10374397201205898,0.03355976621917021,0.013862950044987679,0.1354585426787597
197,12,0.12030653167333766,0.10345840868875165,0.03234194251405849,0.017190894663346265,0.13665301447271225
198,13,0.12132581736028193,0.10619932007955495,0.028708027288023266,0.009868592138806573,0.1342170162496544
199,13,0.1136013562762001,0.10549164250720248,0.025830112064015226,0.016756620420125934,0.13199333609020766
200,13,0.10396630402024154,0.10109550640843706,0.026339672657901724,0.019417417918699803,0.12939638824395142
201,13,0.10859615684172874,0.10149092787376367,0.02463838527683463,0.01398534054555503,0.12513897303047605
202,13,0.10857061243825107,0.10261264052214877,0.024509047311174103,0.010991937699632678,0.12459750268254083
203,13,0.11300910999932036,0.10387137492058805,0.02632497737744283,0.01457720563500213,0.12832096825803202
204,13,0.11013739918453139,0.10591569916918643,0.027212270398135657,0.022696061741419804,0.1351992669673296
205,13,0.1058996394009552,0.10444173191551946,0.02750368372786087,0.024737123652225246,0.13820268846172412
206,13,0.09443492713495757,0.09957574512372952,0.028601385866085644,0.023334001569253,0.14279846166012314
207,13,0.10161626388004628,0.09744438247365908,0.027813653521652267,0.01597119540268692,0.14023651749109234
208,13,0.10532145960038006,0.09657708132294472,0.0285799480588949,0.015806649831829306,0.1336482053400366
209,13,0.09825076686663292,0.0933474063402412,0.025326161522334464,0.012579229665011876,0.11925412383762023
210,13,0.08892510896524022,0.09173198081878384,0.022402690997086878,0.009263532018558354,0.12155814038763803
211,13,0.08723886728271327,0.08897306889933562,0.02091796498810871,0.011595617545012954,0.1220127034744218
212,13,0.09063331371443827,0.08747933700853812,0.022150644515234064,0.019436873861321674,0.11612609384377637
213,13,0.08168105903056821,0.08550677668400439,0.026018833280430614,0.013989918592306833,0.12799661095973325
214,13,0.07190235665185657,0.08371439837479046,0.02752049829633921,0.013512750203356197,0.1289615878836061
215,13,0.07269023616622743,0.08123441507525803,0.030471628247522687,0.016159776971504627,0.13223644628398457
216,13,0.08492660795895174,0.08293864783874597,0.032648107803176465,0.022575026105345647,0.1251394136204866
217,13,0.10006989669104736,0.09042306217549975,0.03125503966903908,0.021969859740366818,0.12710118371212814
218,13,0.09786250329068594,0.09255635747384425,0.03686392417987109,0.022152279343095785,0.133679984529469
219,13,0.09982297603886782,0.09401470313814397,0.03246809831973527,0.01938763950962706,0.13572825421126922
220,13,0.09710203257971876,0.08049712134452099,0.05391087028760149,0.021845751778198003,0.12777455011350183
221,12,0.09998820139725248,0.0927570272223609,0.024294708337859437,0.014570509379231655,0.12299175254702124
222,12,0.09810177059744499,0.09041235385451857,0.025060452499599938,0.01678063448968009,0.12082653249009438
223,12,0.09077950361560663,0.08805751959361079,0.026262509462570874,0.017328433298202772,0.12164441554636392
224,12,0.09550935339617163,0.09180731071179138,0.02437856677651032,0.015101458239897135,0.118955554003623
225,12,0.09941560328326005,0.09375625222196209,0.023379075644781314,0.01478192028165426,0.11498838890243525
226,12,0.09221981862677255,0.0941129610329458,0.020614778813935027,0.018633689011660744,0.12207450643768855
227,12,0.085809763280975,0.09220549861557381,0.023922305129709075,0.015524682100492161,0.13155599210854121
228,12,0.08373270396991356,0.0905549476216445,0.026388317550024944,0.014317071656479594,0.13491733080220594
229,12,0.09350781038138412,0.08989054407849358,0.026551226685764054,0.010893942813649735,0.12599242382597098
230,12,0.08933452104760607,0.09004407248247677,0.027681602213464506,0.023977334174572484,0.12618483894093674
231,12,0.08831932064690413,0.09048893977194422,0.030941501513058717,0.025349264167744488,0.1322348746269354
232,12,0.0843932359700506,0.08964105222448206,0.034341465844738565,0.027193335240449243,0.13759272603421271
233,11,0.07874038684565088,0.08857848171888041,0.03499641529415688,0.023433184807070462,0.1333952228571943
234,11,0.08808305378649675,0.09006842102167195,0.029353112821208876,0.028512958981809847,0.12451400010406322
235,11,0.09770089518114564,0.09164934607843578,0.02507173734939421,0.018603529439988498,0.1175394787157279
236,11,0.10261545923914488,0.09219609018650919,0.02421167646928715,0.008799291357867237,0.1133889203963116
237,12,0.10148116147381328,0.09221049771919394,0.02489885389580664,0.004400768825471295,0.11606261417064068
238,11,0.09425289336154706,0.08955222460029387,0.029731620164881054,0.010623452480563303,0.12803202639322797
239,11,0.09166686474222313,0.08778432420846373,0.03294284558001453,0.016109461167975875,0.13175540155623716
240,11,0.09414268577547837,0.08825071139180461,0.0392912300153793,0.019257257563517136,0.1406906247426183
241,11,0.09329831929440008,0.08490241818843068,0.04303629960974286,0.01480758515809985,0.13734368499313415
242,10,0.08223332877789134,0.08616712613761038,0.04178792711403461,0.018596484052500063,0.14516799326144214
243,10,0.06877287178651215,0.0773241210878753,0.04072095908366346,0.020342231616625718,0.13977200820279478
244,10,0.056359180213697735,0.07142224286084813,0.037075724614793,0.022063175073091433,0.12817248391476946
245,10,0.059220778426873524,0.07193893119807312,0.03149434099050301,0.012834763273836671,0.12302533234000947
246,10,0.07223452573207914,0.07881723518884201,0.024808702321973762,0.006711886313475142,0.11887312107154795
247,10,0.08261995895937829,0.08706883549481208,0.0205009290888826,0.009184184278353033,0.1169948902532768
248,10,0.08929778013094584,0.09127715469539043,0.018532171450841947,0.009647807913294178,0.11797295893079647
249,11,0.0939229846724391,0.10475994685605365,0.04175644760007922,0.005681999616235292,0.17393239552175435
250,11,0.09408718350211086,0.09888997542137953,0.02912964576554578,0.010774577296950943,0.14612588690697442
251,11,0.08776191476326775,0.09461943753865021,0.027772462114862298,0.023061175356149516,0.1312594607988583
252,12,0.09478815907349328,0.1004094009729528,0.03865444740915606,0.026110545568470207,0.15273615310026067
253,12,0.09637132657509875,0.10145565797269764,0.04005202988862688,0.03545707899184257,0.15237030256815953
254,12,0.10176588039759639,0.10315127436926667,0.040657097818138165,0.0335055268666026,0.1538024845485437
255,11,0.105253145990114,0.09649801192112353,0.03274676599247397,0.02117188132305252,0.1298663256134631
256,12,0.10698859830373758,0.10080118078615108,0.036092902935859726,0.009434173779276848,0.14496834286157342
257,12,0.10277849677274388,0.09675432119952608,0.03309073789819119,0.010255558094429407,0.1410331172169421
258,13,0.09176545909831677,0.07837188955395522,0.0552788671721475,0.01653980278340131,0.13300195556090022
259,13,0.08629316901099335,0.07588866793616719,0.05681938623729886,0.033834175913134035,0.14308200252378592
260,13,0.08321423095404286,0.0792369449185734,0.04929136558148311,0.034738332686985306,0.14860581039942272
261,13,0.09118632232344315,0.08713266697202708,0.03715759819860808,0.026024577021405593,0.14478986528969545
262,13,0.1021194789433087,0.09236617657858422,0.031560334775814915,0.009518498201835174,0.13696155010764519
263,13,0.1002671150482599,0.09460191055840579,0.031090468859613224,0.014697210637296315,0.12483954540609322
264,13,0.10254107832080424,0.09495459036135036,0.03237666284267997,0.022391245762554662,0.12620601720985136
265,13,0.10701062666766176,0.0949785517313581,0.036140357275761766,0.02923744021127911,0.13774038415191336
266,13,0.09599717708898928,0.09492018243124113,0.04060419839972002,0.03209490013170166,0.14238138986694784
267,13,0.09362699212568473,0.09732796311839322,0.03993651967986529,0.04000544113492305,0.1420177502114744
268,13,0.10598573208626404,0.09926618623735643,0.035901809033320485,0.015860834864885237,0.14361177158625088
269,13,0.10781083110077225,0.09621647496685935,0.03474384117674319,0.014049666331201888,0.13589723696731745
270,13,0.09392805801919674,0.0885879686396233,0.031803771209826276,0.011686754977205963,0.12539650338829217
271,13,0.08061113534790598,0.07935133140438443,0.03239026178535553,0.018481104005188598,0.11854560688168544
272,13,0.07086674010631591,0.07314067004007947,0.032025732334962996,0.023600467514866524,0.11935149200762996
273,13,0.06658206921705763,0.06980197458268966,0.03146412005011338,0.020310270073968642,0.11097071536856509
274,13,0.07367947064283459,0.0760556152775177,0.026787824992069307,0.017052973609907734,0.11118367247363817
275,13,0.08888913484573219,0.0832998771645701,0.02454154837653629,0.007308457094407472,0.11693653207963406
276,13,0.09339305904438974,0.08647502672066622,0.027926313547869928,0.017607407794662522,0.12323986511481354
277,13,0.08636992515641073,0.08477311060599117,0.03196913924001818,0.027035694913059155,0.13427061726249054
278,13,0.06619819334235916,0.07833068634045572,0.03986956573970351,0.019074157730169294,0.1457323692550426
279,13,0.05271921293816795,0.06642285437068689,0.054924334548571555,0.046124007381340176,0.1565172963928818
280,13,0.05836399516148964,0.0565124024669973,0.06550514559687015,0.045173257502780055,0.15976251968269067
281,12,0.07278295661886146,0.061729212795966874,0.06279461498819458,0.04352121627709961,0.1489256794227383
282,10,0.08035224162793768,0.07835072963157136,0.04513891619578899,0.03269628475561213,0.1382367589484915
283,10,0.0778379198185462,0.07778922516655622,0.03813064938927061,0.02189036983918846,0.13408428026824387
284,10,0.07376452853428804,0.0774863967243474,0.03384265126672144,0.02147914102014774,0.13326463239312558
285,10,0.06617247697585299,0.07371609763205508,0.03409628434243959,0.018489518633381306,0.12937007302805767
286,13,0.0762096826298147,0.07352932629440798,0.028493746949332557,0.013555030479665428,0.12070810788385612
287,11,0.07507946442633244,0.07337240225462054,0.030492144844542116,0.02457041267013789,0.11594379712969277
288,10,0.07835064795986285,0.07799214219510756,0.029483133356240043,0.02105711912841743,0.11394957148650009
289,10,0.0764978284847396,0.07999689073410514,0.02749986931418824,0.01911990936570529,0.11659839313199104
290,10,0.08587054333775362,0.07835423989591024,0.026561218620045405,0.025259677143799585,0.11135594734366869
291,11,0.08870651962621244,0.07874956385850841,0.032569134444927844,0.021804048627674724,0.11508795336712695
292,11,0.08290691896708093,0.07862819763195977,0.03746584341738159,0.032217189986146005,0.1252335522728373
293,11,0.08747235817445163,0.08184922617877427,0.03686613683508523,0.030155616142354486,0.12881852443720637
294,11,0.08108344766439096,0.08231927315172659,0.03397357885295984,0.027789851405553317,0.12022241342630918
295,11,0.0832666048469167,0.07846078594660001,0.03575856286382232,0.02443560306036574,0.12489955064645197
296,11,0.06291038293533403,0.0718380852808936,0.039070438390318325,0.028293991567832882,0.1267151075110189
297,11,0.06852484926962542,0.06709190217631565,0.04176913293854297,0.0251493395524318,0.12741867425893003
298,11,0.06957868858671169,0.06427453211996355,0.03955502210058225,0.02441346675559606,0.1205719120512551
299,11,0.07029008216881655,0.06446112838701795,0.03485916646037372,0.013071754410720005,0.11605485594235533
300,11,0.060699504797535005,0.0665349946488947,0.03302427229627616,0.02183690889714506,0.117525456208148
301,11,0.05888547931465051,0.06851290937261757,0.03511400284854883,0.027013674926513943,0.11871810544534793
302,11,0.06765394993524318,0.06809436697547609,0.03802748470327108,0.0368160946280168,0.11716885118633143
303,11,0.07744302003988615,0.06359015067201648,0.04119223647498356,0.029697537443358513,0.11401330936579834
304,13,0.08859060211634173,0.07290950689226071,0.0479742073717261,0.029567947215098228,0.12211074504279722
305,10,0.05662854949456232,0.05894414918531367,0.04482350455727449,0.043339126297419955,0.11607797534611261
306,10,0.06300678154172228,0.06227435982559273,0.041048930914602266,0.03953100679296771,0.1143265036892153
307,9,0.058175824882797544,0.05765642761503883,0.0368248109864059,0.02908079750184237,0.1043241681854957
308,9,0.0632381342362144,0.061757564535547864,0.03786574460191863,0.01670581875491005,0.10909907522707901
309,9,0.07297026719475255,0.066020771548625,0.0377862174280772,0.022823550966873385,0.1084873590572437
310,9,0.07964945379656485,0.06772462426272004,0.039878320832282856,0.020066398152601472,0.11265289775496437
311,9,0.07325350571260641,0.06614805264993837,0.044769048121255726,0.013323686949234706,0.11977165610798049
312,9,0.06982673922668506,0.06276961338290649,0.04454663664642762,0.01479665587245553,0.11343043427707832
313,9,0.059002129828066824,0.06479549458664481,0.0442397827684936,0.02707673398608597,0.12235040367226727
314,9,0.050440500887273615,0.060160124831545314,0.040437608794448576,0.01957251453820799,0.11818356809720795
315,9,0.05145143389250713,0.05599611551996358,0.03928766034987662,0.025609578532447178,0.1143753154179008
316,9,0.06289904350176584,0.05128206040368081,0.04130547702589994,0.039505696356404225,0.11163618810556963
317,9,0.053720321152318146,0.04956385190842378,0.03994040362239464,0.031010442875618195,0.10675776431277655
318,9,0.05231792400192385,0.04745422436232224,0.04118073220126016,0.0391083254651046,0.10725362610980005
319,9,0.04987648721048492,0.05033113184831035,0.040664988249495895,0.03301897961463328,0.1071046016904386
320,9,0.05587206696259524,0.05314316210623615,0.04100283324110568,0.03904649335341774,0.11020521059951963
321,9,0.059086320898763575,0.058081195902403016,0.045028588535870606,0.0399852084312876,0.11637939804768582
322,9,0.05885001819624557,0.06066386580799507,0.047643306119557194,0.03996166113955949,0.12156033334792642
323,9,0.05898736735333994,0.060945896612331504,0.04620103803091027,0.03648204036511883,0.11734738676583094
324,9,0.061234081761657774,0.06041913071295187,0.04106176527900761,0.02656950407024601,0.10591825475301975
325,9,0.06484385030224948,0.06099950705362019,0.03433930320179886,0.01891322451159272,0.09938716729220849
326,9,0.0688284419385872,0.06368178401707596,0.031070852542178815,0.01192484014631838,0.09645417063878155
327,9,0.0649014640385269,0.06425330321516957,0.03163891072445729,0.008240570276472264,0.10248255996546571
328,10,0.06528176091857732,0.06732750720281078,0.03593857400811274,0.015997526685911735,0.10959023794673974
329,10,0.06782828187558843,0.06559630504356025,0.033178526529907514,0.011987309131840908,0.10664416595053777
330,10,0.06797289623380494,0.06523699791812868,0.03262325357325613,0.010508556878301427,0.10357322454826677
331,10,0.07318105441091258,0.06740733613712983,0.03446602768977802,0.019338708398229536,0.10272130969728899
332,10,0.06771770077223446,0.06853727271616428,0.04139199697072988,0.03306414748184374,0.11547269929772082
333,9,0.04800928575730962,0.06267845795683573,0.044250504791619114,0.03900841263410852,0.11826025527062428
334,9,0.054292761561483896,0.05935809819983224,0.04238567996153108,0.03922576584957049,0.11421841544155102
335,9,0.05596162837406983,0.05717076705381498,0.04053295671976663,0.01654653574799085,0.11232426616800448
336,9,0.06560653343212657,0.05721496289205125,0.03843094140202508,0.020897881423705814,0.10566323887831462
337,9,0.06069990597342668,0.05368145543093689,0.03559797668177465,0.019726219530027185,0.0967971423927935
338,9,0.06096887637933155,0.050848753433849134,0.03759112986818523,0.025235752274546976,0.09827754097929274
339,9,0.05677125423816143,0.04645237344488083,0.04055380644841674,0.03577609907392951,0.09647270531550824
340,9,0.052189977368821444,0.041941518919392684,0.04234734548020739,0.03793605332066144,0.09040644517888022
341,9,0.05932443084587345,0.04265814639728014,0.04345053626896211,0.026116889765544674,0.08583146003052954
342,9,0.055484625185250144,0.04327216494367955,0.04579481737362824,0.03427779791282573,0.09627233463425114
343,9,0.03233579113018338,0.04448912568506231,0.04761346858442189,0.03928855960719614,0.10538620918156409
344,9,0.025819407150062187,0.04796301571459905,0.04673446022953562,0.03614135077029252,0.11356427138912338
345,9,0.04766519566088275,0.053369470931439095,0.04609024165443844,0.03157897854247418,0.12388465612281807
346,9,0.045343461501861845,0.057992947250679966,0.04462804970338971,0.03163307554808382,0.1269349004880354
347,9,0.05494966033868212,0.05424481163251936,0.04323978713444257,0.036684038273406924,0.11688628701177259
348,9,0.05466375977597021,0.04732913146160319,0.03952535667180873,0.03339627822333354,0.10243590690481291
349,9,0.04841169662039625,0.0434765335796058,0.03612395760755999,0.026926360550454692,0.08619902517338865
350,9,0.046986368174866386,0.04032701698751633,0.03810329443951486,0.029633225079124373,0.07957588402954854
351,9,0.04838522550624386,0.03664926718473192,0.03829708093402361,0.022661187858374045,0.07694517753021228
352,9,0.03777004096513267,0.03749145152776096,0.03640264389144904,0.028794396425815133,0.08068611442852053
353,9,0.03347573716696431,0.0395733337908578,0.0400126937057994,0.03852120766917514,0.09223052763806625
354,9,0.03705355422846145,0.041491151032057395,0.04221564363176966,0.03184020099251668,0.10075285210100537
355,11,0.04262012697872696,0.04425666041451858,0.037959932105456465,0.01411814040088661,0.10549379801700369
356,9,0.046044668866384406,0.04253744688809355,0.03556473853468573,0.018428235587769008,0.09345436072244903
357,9,0.03807424762717515,0.04270531427376042,0.035567980944918025,0.01751315325335448,0.09533493062945209
358,9,0.03926876708373832,0.03805834002998053,0.033468990409373914,0.01780427427719093,0.08648318517650629
359,9,0.030238534405026635,0.03609277407540028,0.03650778901467792,0.023450919378027853,0.08857547750298793
360,9,0.028079813413250776,0.03183766943310595,0.0398845653184042,0.03992876690530675,0.08305675065856657
361,9,0.03597132948372153,0.02949067277110623,0.04380390877261743,0.034232673462448016,0.0867485969269105
362,8,0.04418283702926927,0.03311666455198955,0.03528276315500413,0.023113316395749962,0.07304427267243675
363,8,0.040197361840224995,0.03052798709593353,0.029218891876794457,0.016014318980269546,0.061171069305152675
364,8,0.03663969440782374,0.029204010329361395,0.02680673882954479,0.009841577878550875,0.05622370512196706
365,8,0.03988486586226324,0.02959491705239092,0.028067103328917944,0.010341390254966928,0.05595675367062128
366,8,0.03344395313591889,0.030423077688999826,0.032394458091827755,0.02113884172657103,0.06602364591165612
367,8,0.028876957534568884,0.02603786546459999,0.03068152254108755,0.02518716318141796,0.06324240559394782
368,8,0.027351764714509664,0.027106668808548194,0.03441164758358916,0.02941665415864895,0.07377834167716446
369,8,0.030213623380997506,0.027626725287482418,0.038710203226694856,0.025552415931893543,0.08268477456503226
370,8,0.03276878467546204,0.030111195264218536,0.038408619170038995,0.02034502479576178,0.08340913984642481
371,8,0.030094858098572843,0.03177619778483594,0.03516611112718349,0.027634985060375122,0.08622090379224477
372,8,0.018531278187571762,0.02861154395662273,0.03265302653501989,0.012036572716340541,0.07988465418925454
373,8,0.016466025749122815,0.023207367089473054,0.028754373266648623,0.01310209216710231,0.06817648313927438
374,8,0.023062277053258196,0.01980818532636791,0.025954425840454515,0.018080379018931444,0.05497063315173489
375,8,0.02373464939948987,0.021747231248119496,0.026572854607776482,0.01960683198645983,0.05387653487029937
376,8,0.02758459181059662,0.02677502548282324,0.03078579106935822,0.02972994218592021,0.06374093306711243
377,8,0.031685444695877654,0.031452913304812175,0.03731833356119662,0.03235746631951597,0.08020452919550355
378,8,0.034427616181510204,0.034427271979137454,0.041712982253176774,0.03753016236920977,0.0946413655937461
379,8,0.028300401582941087,0.030826563690070627,0.04576492090149641,0.03596897145012077,0.09654278296203826
380,8,0.023943685396900803,0.026866598502978838,0.043700338154372104,0.03105525860393349,0.09139544297194407
381,8,0.028802953112617064,0.02555487841062985,0.038018436670029625,0.021911793349500046,0.07756828581584839
382,8,0.038412638414124026,0.030963390412866224,0.02826226110872517,0.022417487484816773,0.06836148508816817
383,8,0.0417717099964484,0.03646370365853399,0.024018419103928254,0.014432515577562002,0.062037182837731915
384,8,0.0418353206629452,0.034978232456309225,0.021713424263637236,0.011071858306057548,0.053341235478187164
385,8,0.02999891978000179,0.028148227146015593,0.026082283341045575,0.018739354603490622,0.06333128074090379
386,8,0.017041369341678478,0.021936168139332305,0.036716285840655234,0.022718548849331457,0.07647046220200071
387,9,0.023195514711435068,0.038371484200126954,0.06831824632240893,0.040131752493931,0.14947700462220295
388,8,0.03216367118032591,0.04297904253230042,0.06235617230734795,0.045935779938995044,0.128752066767867
389,8,0.05068761514470413,0.04705832056143361,0.057037980176060446,0.02344688557655466,0.11851111062950537
390,8,0.05284823787241608,0.04937352824163453,0.04890372958280072,0.013057621611406292,0.11445248395033351
391,9,0.04542039841839557,0.06356727111314446,0.055244442311947674,0.024600695169595732,0.1567234964017587
392,8,0.02877682262122197,0.04179704248242083,0.03369936484659061,0.011560080638349575,0.09488190866621858
393,9,0.037620416889330946,0.053081813795868404,0.050908390732361024,0.020068438541008107,0.14127411952222002
394,9,0.03687624485627716,0.05016015880253339,0.052929021950581856,0.0368873240568645,0.13562685354869444
395,9,0.026740146359143367,0.046065652915193156,0.05346661243771072,0.02713767564774993,0.12748854540147292
396,9,0.016779033368745006,0.040747743683819254,0.05396438441712511,0.022877753257957278,0.11683828694228741
397,9,0.022356856425921,0.0391131197942327,0.057898729910869993,0.03920580693283833,0.11951873760581566
398,10,0.034167451828988636,0.04680138411736242,0.0570431627643166,0.04920273399462549,0.12321516541971496
399,9,0.027714419801350337,0.04737739483203554,0.049751542051676687,0.02551619392889848,0.1277158098454332
400,9,0.03973190390238025,0.05006553140381861,0.04850519783350758,0.017534667637101292,0.12633367792041567
401,9,0.03628678555762721,0.04538710300497599,0.049433241755629756,0.016810583158989575,0.11975109311752113
402,9,0.033502956694493546,0.04235191497656947,0.04331811633972589,0.01643632995486255,0.10755381889700813
403,9,0.03263581095881307,0.04063160566299144,0.03819850728698654,0.02549528599477119,0.09336670623500135
404,9,0.03246042077610983,0.033166662156793154,0.03741038324136199,0.029627916181111658,0.08406962268261048
405,9,0.026998720159362118,0.028982157436026224,0.03607652051062163,0.028434569715630416,0.07748600063047362
406,9,0.012337755834085484,0.024705287018613117,0.03595512441834529,0.023610192625778518,0.07774283146631362
407,9,0.005521693840761455,0.02102461360973105,0.04039479508477992,0.011006021489594009,0.08386908312550041
408,12,-0.007212363387365317,-0.00805157279913665,0.06409994331713666,0.03914766848609255,0.10448786204876839
409,9,0.0093142319572629,0.023035163342396067,0.04522471431891808,0.02519279797832187,0.09361615649739673
410,9,0.006741348002328146,0.02490736313751081,0.04585473505474217,0.016118214419772323,0.09691450795842593
411,9,0.014539620132883596,0.02541011070069282,0.047816389890724745,0.020548348302947744,0.10132818206508426
412,9,0.009711560675554315,0.025228015620560484,0.045950878685394665,0.01986767114508077,0.10244101261281832
413,9,0.008900041158046813,0.024280391169635138,0.044582406859057296,0.017974465505416207,0.09840441142134498
414,9,0.007812097939268209,0.02344224328155442,0.04031387408314187,0.010959672440598783,0.09111773377602549
415,9,0.015016272707593759,0.025518618943796353,0.03413668988845283,0.009143662043479828,0.08248223978701683
416,9,0.017853007842425828,0.028985057955576994,0.03261975132094628,0.01091092699090343,0.08503082656413324
417,9,0.02126649902048583,0.027675060093689034,0.03468556121346879,0.019904176841764584,0.08737282137596228
418,9,0.012706831936702832,0.023915713400451146,0.03591682822082746,0.01574691242647828,0.08379571291693837
419,9,0.005040413305918416,0.01874783823951563,0.03622454559617495,0.015398630306155715,0.07610351625904004
420,9,0.0011227169714204122,0.014480487406873835,0.0349501644319308,0.011896691219777149,0.07139971404578127
421,9,-0.008037314929413536,0.009841139743536745,0.03225078824365776,0.012634542573086514,0.06305308976037782
422,9,-0.0023272186026199364,0.009728371276545814,0.03299581375336382,0.011003023780875455,0.06634137133101752
423,9,-0.004553667894430916,0.00970674890514601,0.03721433858556165,0.013868352356645144,0.07350436288267923
424,10,-0.012267163037881177,-0.008830479173407253,0.06867754579595702,0.02401433492595103,0.1370640884360858
425,10,-0.020036005626403095,0.0048963590909625355,0.04712981426623341,0.01244480909246528,0.0833668047886984
426,10,-0.016241226726408917,0.011185322604924478,0.05810354190178291,0.020106643856494084,0.10861932342545172
427,10,-0.008990835905205078,0.014893769414905885,0.06475019134660254,0.023831016518482066,0.12177766979006927
428,10,-0.005294642518069137,0.017508895435128784,0.06398175761717904,0.02959130903279753,0.12070966830330741
429,9,-0.009729235454697574,-0.0002397342214399828,0.043250061590869415,0.019359351580832435,0.06800958664041323
430,9,-0.009542580915992596,-0.006643108271814708,0.043967977903352294,0.03031386627168904,0.06645250651604831
431,9,-0.008314072282950558,-0.012680831106705091,0.04329089178105952,0.03600278657105071,0.06463868585648275
432,9,-0.018628148332353794,-0.012201782136156377,0.042964473390086695,0.032946908809804776,0.06224861449510572
433,9,-0.013857470683537265,-0.006602778200944661,0.04594892171528087,0.03515350477549879,0.07446179861403356
434,9,0.013181482271885675,0.0021573407560575753,0.04839466555414612,0.027845593859192358,0.08533524014187216
435,9,0.0070910935254185695,0.007193859349123178,0.046181054112133954,0.0244355587069573,0.0850308286879559
436,9,0.003989880549701258,0.00670128015640716,0.03984939126315302,0.015184821317826825,0.07420139666016856
437,10,-0.00038415262917317755,-0.0019010659208144056,0.03582643156582146,0.02056578621997031,0.06072403565890762
438,10,-0.009127779520191323,-0.004701469798408781,0.035185676291843056,0.02226599481257269,0.061212447856965224
439,10,-0.015382573102053158,-0.0038161478821482527,0.03663731662752517,0.01309671223532724,0.06319666407688923
440,11,-0.014760321542310974,0.00958992832780294,0.052324815084225235,0.016117408875155365,0.10068407106867582
441,11,-0.004846669894401502,0.008676160999270694,0.05094283024711722,0.03196267468313122,0.09696342492109149
442,11,-0.0028622441990985466,0.0039715931998357025,0.04898584948440315,0.020404595309964902,0.08950780124861706
443,11,-0.006535124896961477,9.863385639192183e-05,0.05042521033156032,0.01366120430383139,0.09145702542182935
444,11,-0.011151510482559496,-0.004521857501976389,0.045876979610254,0.016669388837999122,0.07972758367263831
445,11,-0.007577111464087211,-0.004157653150890902,0.043912387425275944,0.019227707207285272,0.07795828969790092
446,11,-0.012093238405390151,-0.003064966785827502,0.04256279908168757,0.02068998215993046,0.07342893560919903
447,11,-0.012106043417039462,-0.003674971695894041,0.04426121130031198,0.022139814271952267,0.07682627059135616
448,11,-0.015569388296400664,-0.0037134625047903977,0.045447184472171914,0.02839478513645622,0.07681798279033414
449,11,-0.012909539771422271,-0.0017515589336685366,0.0462162767765549,0.02280159343661349,0.07384974926467557
450,11,-0.003861632626871156,0.0016026517079260943,0.04580923385779338,0.02809083181033646,0.07761002202997148
451,11,0.0005125620321288146,0.006478481565568148,0.04870512460545112,0.017827123564127405,0.08872707432472604
452,11,0.0025142582480811027,0.007082188720253716,0.05268575918234102,0.019535372646627906,0.09520371079715595
453,10,-0.0046547172886292,-0.00768163544430662,0.040271221409927324,0.026869354404216117,0.0710176791606839
454,10,-0.01390603959208673,-0.012940537810947127,0.04242275240892527,0.02988780652213934,0.06875982528223344
455,10,-0.009368096246809251,-0.012315645362588078,0.04729741328634514,0.04271705257632002,0.06661950117780471
456,11,0.005975358109739398,0.006119974318893987,0.06118341124687548,0.05994510094460588,0.09531173502893622
457,11,-0.013201876793961639,0.00962235907479826,0.059333973745538546,0.03303205835901763,0.09729447265535887
458,11,-0.028280437494822314,0.009141710442014662,0.05441418404745842,0.01780276350354762,0.0963510780827299
459,11,-0.01840511923293326,0.006583168054053027,0.050358350929250624,0.025771116952026496,0.09159286300619011
460,11,-0.01715494349335077,0.001264374898531395,0.048557126667390635,0.024546821179399672,0.08537688503890269
461,11,-0.027772578609284934,-0.005707284521760858,0.048775442834489445,0.024558053091363607,0.08074408905055601
462,11,-0.02964358216366439,-0.011872064395245381,0.05167889324566716,0.01699481017986608,0.08439168381458326
463,11,-0.03918865791273362,-0.014387034805059267,0.05490698620979133,0.01396013739219374,0.08714838860167724
464,11,-0.03155553113346036,-0.01571706076841994,0.05620951644514651,0.015341340008286235,0.0912927937199576
465,11,-0.034544993157371084,-0.016995777778227417,0.05521715578420563,0.012174434441188625,0.09059267849881565
466,11,-0.04234512855889783,-0.021848759105949165,0.055171015048954754,0.008251042229290545,0.08799789059488235
467,11,-0.038350060606932294,-0.02496528977919329,0.054571709210213926,0.011856131126359984,0.08525743672931113
468,11,-0.03735884702746407,-0.026071004173298117,0.053625379644640495,0.009127685283772877,0.09031023295807578
469,11,-0.036213521908435076,-0.02371868311743862,0.05333170698420253,0.012490452261256557,0.09209065803545825
470,11,-0.03169100790814264,-0.020373449335846096,0.052944847877947614,0.017249559867332925,0.08574447511620159
471,11,-0.023442608792712122,-0.016119741208085868,0.05187827157187538,0.01719673139729512,0.084198292596734
472,12,-0.02069372822977365,-0.00048602991277319103,0.06064566396478931,0.01635285240407601,0.10481863223057128
473,12,-0.015540439240338436,-0.0015647368104354613,0.05385963406048707,0.016590656250617942,0.08594946893302871
474,12,-0.007724467306249025,-0.0009230004436314396,0.05480709641279588,0.02965345117249298,0.09047046750294084
475,11,-0.038177717228524644,-0.010906253949586763,0.054461565150071625,0.01997955871694282,0.08993445926709599
476,12,-0.022995864898293368,0.0019125850456152376,0.0659840515065374,0.029541103776923434,0.10875864409943811
477,11,-0.020576362132506215,-0.011059360982688839,0.0527128004202084,0.03132718538799113,0.08433070806317228
478,11,-0.016664032932314513,-0.009017261746270218,0.05506817260269659,0.03662445868692012,0.08414076227261218
479,11,-0.01627196682868365,-0.008369157316073165,0.053317258756611696,0.026788111553966806,0.08703592886753597
480,11,-0.009090761664428931,-0.006588745242235266,0.05460341865419768,0.03547369012097044,0.0868963628416207
481,11,-0.007870515173679649,-0.006391659251716145,0.05087709141586978,0.03819775330034533,0.08265983654894335
482,11,-0.0179843618845716,-0.015744906426664696,0.05032686769883039,0.03168126789503817,0.08684218867488991
483,11,-0.02714390427432381,-0.02328909811034632,0.04446691741082899,0.024736532130055472,0.07827913798982843
484,11,-0.031988008384247826,-0.02412218254849243,0.041734648082303594,0.014097929261914166,0.07604714150060216
485,14,-0.04150336666813464,-0.056741185821646355,0.07260228175321916,0.024641480939340335,0.17258000857009048
486,14,-0.02215802806283786,-0.01814833668908154,0.03772740310152647,0.019428035629815803,0.07129623420700763
487,15,-0.026863277431490723,-0.012837838125717614,0.04755590136551651,0.012872447750502086,0.0914881248668843
488,15,-0.02815736306683589,-0.017231375017940857,0.04736043782140822,0.027146442645988672,0.08167463135381395
489,15,-0.025258812371300884,-0.024242951151276636,0.04778268903643068,0.029395187857692198,0.08130217702523937
490,15,-0.030620179713228834,-0.027172834322948772,0.04989760243111298,0.03637275356124317,0.0816756265398175
491,15,-0.05626836839550217,-0.02950874626998642,0.051182809766029055,0.016189617708112156,0.08286152954194523
492,15,-0.04030598943125174,-0.0268028071174456,0.05092486264741144,0.021919406226044505,0.09089074323969615
493,15,-0.045440264077398006,-0.026479124643512,0.05128591546578787,0.012261542458580361,0.09782490639979301
494,15,-0.04028513165644454,-0.027574694235586294,0.048598461009791365,0.010496463295805225,0.08744260972920466
495,15,-0.04664614675330177,-0.028827675853779603,0.045978784428654135,0.008837187663875097,0.07190665596134717
496,14,-0.04736766513558489,-0.03522247721744385,0.04220972976046414,0.014254115212665827,0.07395957299270674
497,13,-0.05397389151985629,-0.03763307001086237,0.04635684027665385,0.016919637757788764,0.08121496971719444
498,13,-0.05284402692431846,-0.043751159068058376,0.05008789156142856,0.02239260640614909,0.09183498211561349
499,14,-0.0506911675339496,-0.038728544637340774,0.06859316628395327,0.03864081785776212,0.11455519108081236
500,14,-0.05559117152951877,-0.04352760185664121,0.06647691109760448,0.04008404586096902,0.11517680600346919
501,14,-0.054573399397884914,-0.04486840840311098,0.06611884946692471,0.034888194933272804,0.11881063151526519
502,14,-0.05485189923727622,-0.04591273251315914,0.06798352331878513,0.044723358346150155,0.12032359805473992
503,14,-0.0543134077712149,-0.04329394934262959,0.06833875487175557,0.05299778471558562,0.1176239451635889
504,14,-0.05385016239157406,-0.03589192961867842,0.06668908176000288,0.045709848724593376,0.10429111669856272
505,13,-0.06384350921417713,-0.03465156522576372,0.05938048362699635,0.016918782373925842,0.08228371170457664
506,13,-0.053290420804079766,-0.029956712681848706,0.054092957317744585,0.02176604782170402,0.08144084081983868
507,13,-0.0374408933722947,-0.02857853441540376,0.05043074523422203,0.016381864492537604,0.08363594337365132
508,14,-0.040955202390623814,-0.02986246069441606,0.05020519745822825,0.020583445464605207,0.08366210456850608
509,14,-0.04991587883796245,-0.03241395714766075,0.04862583175596234,0.013301563150636068,0.08133516595035585
510,14,-0.047688224118721645,-0.030281356607306048,0.04995313951860628,0.016636136225740512,0.07939416661761398
511,14,-0.04699420403164274,-0.027916075380775864,0.047674175886372884,0.015618754226542506,0.07693726464241267
512,14,-0.04825256517346024,-0.02552407638844602,0.04776520370407059,0.010753572962558126,0.07807304917665892
513,15,-0.04831625401809293,-0.015342216518078463,0.059429313693935254,0.008088563510788196,0.09907650248386188
514,15,-0.046818820352324514,-0.016683723483256085,0.058375998281215584,0.007069852027216952,0.09531920042836801
515,15,-0.041551389594706986,-0.01887361056452101,0.059361447419836046,0.018955408513752603,0.09116819027618706
516,15,-0.041010924457516904,-0.02290326010700387,0.058993501096083874,0.024510821322961784,0.08533230696341565
517,16,-0.0486145908975083,-0.02910144325961167,0.05633435308900018,0.02150369552762848,0.0819002785439254
518,15,-0.05676509468192953,-0.03233054407449096,0.05816459729379283,0.021336280227398183,0.08297332753684929
519,15,-0.06054630918714131,-0.03675274781746882,0.05654643294383676,0.015839565067935213,0.0915988178365181
520,15,-0.06310842199808633,-0.04017653240905781,0.053681551446155294,0.017921230720398168,0.09772296067257963
521,15,-0.06218574162136785,-0.041494889769934186,0.052975724013861594,0.023553162246362017,0.09708804016873714
522,15,-0.059281221750647234,-0.04109382783286734,0.05395361977381802,0.028417532123531278,0.09661045005733772
523,15,-0.05608251492400991,-0.041576130593761855,0.05706842446340483,0.03132302417237322,0.11071515466770608
524,15,-0.05769099720716771,-0.045578088147685845,0.0640551831453176,0.032471588849979846,0.12622890110867918
525,16,-0.055568896643509565,-0.039873698424199064,0.08165594125518462,0.03789548464055984,0.139690139332294
526,15,-0.055880508705056633,-0.031663387962627805,0.07059061910647707,0.035110983252901004,0.10443757118413223
527,15,-0.07206436201928107,-0.03084500095041663,0.07173487347049448,0.015352678537370962,0.10370930000636466
528,15,-0.07002309967785696,-0.026842811039821682,0.07169286798116949,0.025817480939870296,0.10113079356864299
529,15,-0.06704903314934267,-0.023838803503260182,0.06956331345195543,0.02239393486785196,0.09392055281172394
530,15,-0.06998309411480456,-0.023987459313622183,0.0663720906851162,0.006514559193960268,0.08788769759951902
531,15,-0.06380992101483271,-0.025852689074557116,0.06360777432412419,0.014189342602322477,0.08654699933320456
532,15,-0.05495402453501151,-0.02815213016292247,0.062067927719621316,0.020900073660619037,0.08984083719056753
533,15,-0.05092118248723665,-0.029727375314818897,0.06240692068565232,0.022991663823919165,0.09283414824919675
534,15,-0.05719414552216019,-0.029480662682573964,0.06351665641645066,0.021402406433195686,0.09130477134560816
535,15,-0.05907637265952426,-0.02953762673764464,0.06349624305566477,0.02899572375424203,0.08851984480153433
536,15,-0.053489057001138526,-0.029888774368143387,0.06238374662700965,0.04372519014678643,0.0990352206069782
537,16,-0.04478182086417759,-0.02812430093935213,0.05888554339642744,0.056500356536725346,0.10299399769647644
538,16,-0.05155972713239965,-0.031137547921803396,0.05813832489771577,0.04920816197746959,0.10445930220935992
539,16,-0.050156894901074854,-0.03321222497649256,0.060438253770119,0.046072223294779495,0.1087321207674892
540,16,-0.05424991957088778,-0.037476145537954655,0.061963063128283424,0.045055799086928555,0.11412647035497064
541,16,-0.06633270710401026,-0.04000368573223659,0.06311514570314562,0.03667269730186401,0.11351038339968023
542,16,-0.0729279139406529,-0.04063930874151812,0.06288300573687632,0.027018226422049305,0.10065332944214084
543,16,-0.07325345288423357,-0.03624614857836421,0.06321083487706208,0.0159025539418651,0.0939877890350881
544,16,-0.07315180012686115,-0.03766363466998265,0.06379463962669858,0.012368713839731496,0.09478770756036316
545,16,-0.06386951184656003,-0.03946337818049789,0.06025695780516925,0.023143751769845712,0.09257093725964857
546,16,-0.0722068121295377,-0.044517703155707106,0.06223941566685468,0.021972773709709285,0.09836348537231074
547,16,-0.08372539067772401,-0.048837884752705785,0.06606386727273605,0.015257657571610683,0.10202543146491962
548,16,-0.08047536864949745,-0.04694987083182841,0.06530800373348908,0.021475775094276547,0.10471789437819515
549,16,-0.07205062300991075,-0.04316623082493229,0.06746177924356962,0.025910361070782914,0.10637429508947222
550,16,-0.059261370524027836,-0.03965321368953656,0.06856478690659189,0.042195999952971304,0.10439165635476456
551,16,-0.05362025610066895,-0.035572633688704496,0.06702870954621201,0.04385333982248649,0.10279329470840509
552,16,-0.056031496159344864,-0.03307358289517072,0.06439013191001337,0.036606313505926906,0.09725161604388131
553,16,-0.05587567068448282,-0.03405308181298946,0.06270661849114974,0.03622703891553718,0.09489365614058934
554,16,-0.06711168782211337,-0.036705029052057164,0.06040233985283101,0.02181844672031512,0.08984620792711782
555,17,-0.07356783941076937,-0.04282701274819489,0.058324400663201235,0.015710703109608315,0.09204445977999248
556,17,-0.07078556779822485,-0.04451165514484576,0.0582866595669773,0.022390426308630695,0.09695677888154033
557,17,-0.08062031256097238,-0.04628559016571733,0.06009681897616379,0.014719671992154251,0.09823402197489595
558,17,-0.07322283612470616,-0.04594689235204535,0.06240013171605067,0.0222528868129558,0.09954066436092777
559,17,-0.07678262698535226,-0.04720843469555804,0.062076594209390164,0.02110612336596271,0.10098404894496105
560,17,-0.07347944954580753,-0.047564893386473905,0.0580373258997179,0.019638729446245576,0.09813481054910383
561,17,-0.07857901413034836,-0.046227998000112784,0.05371592168484137,0.012888357893561686,0.09345579258817871
562,17,-0.0677452660366273,-0.04487797181328307,0.051459458966928516,0.009910340924169134,0.09769735335730867
563,17,-0.05456726796234965,-0.04271219172326962,0.05207761558840769,0.023436292443291123,0.10617333890080667
564,17,-0.050919284050819524,-0.039258197316281114,0.0541067931007349,0.022852751418463144,0.10735790805994672
565,17,-0.053635384006948755,-0.03706994845831458,0.05344529818893633,0.01875747642330923,0.10447351590114988
566,18,-0.059041207737642945,-0.0375582839646706,0.04990051171600285,0.015242724685487374,0.09322686057740334
567,18,-0.06428942229939073,-0.039770277769009085,0.04625579864712751,0.011334699386930526,0.081259403281105
568,18,-0.06044352761421538,-0.04310746181995693,0.047667962886802764,0.02539586153041965,0.08859238521775115
569,18,-0.0530657828161684,-0.045706760536886895,0.052974485076092794,0.037365665728704436,0.10584261004480942
570,18,-0.05229010643887687,-0.045898674516091816,0.056784434896823006,0.04125535566760911,0.11591945327843824
571,18,-0.04734506214735084,-0.043443759656431186,0.05654015750197817,0.04429720427185293,0.11265700796300283
572,18,-0.0439278652548781,-0.040846225561605595,0.050728124617456474,0.04028558585488528,0.09802499691639428
573,18,-0.0485809491057785,-0.039413201518676805,0.044372843856044564,0.03024523282827346,0.09276307733154585
574,18,-0.05758506973401044,-0.04196343623492603,0.04098855584775654,0.015110137234346524,0.08776203482586577
575,18,-0.06336869820416521,-0.04519584858693929,0.04250150923349001,0.012784382898015367,0.08077066500406983
576,18,-0.0663871649447898,-0.04782280718390635,0.04707567891042302,0.018142017215222437,0.08853639858754808
577,18,-0.06661491622620348,-0.04997719860362199,0.05145291377731038,0.021707373275563706,0.09354884802933441
578,18,-0.0790819966627114,-0.05133399038229007,0.055720882293505025,0.01317551194514046,0.09310917734795446
579,18,-0.07277559773022545,-0.05074892509741093,0.060355330929938666,0.01845645345414612,0.09921331087013133
580,17,-0.06353101267209031,-0.042712435697079686,0.06163512573136666,0.0218630399538758,0.0957817342260642
581,17,-0.059811479875418544,-0.041037964996255324,0.06086674946863825,0.024294754790301368,0.09464808570360261
582,18,-0.057667483127880004,-0.03447723362758921,0.06586973704119667,0.027162967179325023,0.10365769366464134
583,18,-0.05900906401310297,-0.03966353981077078,0.058442306823706436,0.029558252202967802,0.09695660248311053
584,18,-0.060265343614379525,-0.04173462473511093,0.05411358722225062,0.0297473430007514,0.0978050692220227
585,18,-0.05809887312027546,-0.04018116684022094,0.052030060934724155,0.027092350605180185,0.09747003451919233
586,18,-0.05881166894537177,-0.03790022432770847,0.052660900209386546,0.01931846667382267,0.09937450483765127
587,18,-0.059308423910249264,-0.03706089578827833,0.055267030188343585,0.023574070354001733,0.09928786536565051
588,18,-0.058381470084167865,-0.03774300546103767,0.05744935308367809,0.022218443237599028,0.09619217291670633
589,18,-0.061345297535062834,-0.03998032413645639,0.05835208397996357,0.02392201783796795,0.09670540105736994
590,18,-0.0582622845482803,-0.04052738324719725,0.057772592240854556,0.02886572932824901,0.1033682054557873
591,18,-0.057409199950992994,-0.04191071720607007,0.05558554428880107,0.02546666382145131,0.10089839364721616
592,18,-0.055054923872406666,-0.04278873119203851,0.05185375166221624,0.02477122030258036,0.09996569892318567
593,18,-0.05987325417966937,-0.04436824549300129,0.05039111234644107,0.024363068705518354,0.10131267285755759
594,18,-0.05931001105067893,-0.044392855370854564,0.051534535181227054,0.027411943623531408,0.10288314361186729
595,18,-0.06500126971112508,-0.043546614089135016,0.05385979468546313,0.023129378776334482,0.10441754423161319
596,17,-0.06905460315314212,-0.040492986109093514,0.056898730097807555,0.021054560130091396,0.10674850303811774
597,17,-0.07371639232507418,-0.04413992616115211,0.0611008340628932,0.00923372759375149,0.10907164484280293
598,16,-0.07030078248401228,-0.04034940883196817,0.05966573028859751,0.017816065915523555,0.09312293360021567
599,16,-0.06936391980084372,-0.04350271787632747,0.057795480751938834,0.017094191839089876,0.1035853389536355
600,16,-0.066294836662909,-0.04784210527889472,0.05386991786909761,0.022624539998298943,0.10957409724423003
601,16,-0.0658644371438146,-0.05071635834681608,0.04992078158481965,0.023653143949664404,0.11184415835697738
602,16,-0.06392984406165352,-0.049837246530524605,0.048370411075729286,0.032042292016442736,0.11055705219645878
603,16,-0.07068365077630927,-0.05214113857401102,0.05150534494907091,0.031243768116763826,0.10680670373337085
604,16,-0.07173074484953129,-0.05159565816545873,0.054792047244335416,0.026865984796123836,0.10853923167969556
605,16,-0.0708373873142224,-0.050376837433159787,0.054803785538944536,0.021702915249217823,0.10947318949032091
606,16,-0.07572963995692183,-0.05130280816639414,0.0571174781576398,0.0196695320613057,0.1089151359506737
607,16,-0.07689740951956117,-0.05094112996847844,0.055452288556809136,0.020779671580561175,0.10858027665090855
608,16,-0.08327952971436649,-0.0543181602670971,0.056154730284194175,0.020607328179934888,0.10959590160401031
609,16,-0.0889757206020089,-0.05797119656287384,0.05788399232084346,0.01813546369967344,0.11447299383906528
610,16,-0.08423673027806486,-0.058820714979102455,0.05802232661274559,0.024074085527218625,0.11035441238897163
611,16,-0.07864090293726947,-0.05659947905219402,0.05845176220823915,0.026186556493710447,0.10780749194589635
612,16,-0.07627839435221076,-0.05515430926406902,0.061566084406352604,0.030601310691542677,0.11391873022334405
613,16,-0.06705180388453713,-0.05006440404835424,0.05820137353327129,0.030169991663102032,0.10446657619884936
614,16,-0.06289361543195353,-0.04678651741723648,0.0576311101291344,0.03147186958938146,0.09790934961306584
615,16,-0.06590815118955307,-0.04706460321769623,0.059027720733813835,0.034951452534191504,0.10380932938451833
616,16,-0.06673616427249707,-0.05008957377461336,0.061086393908837,0.042139998068749226,0.11333580454237088
617,16,-0.0715962487160389,-0.05406171802795112,0.06217987743885538,0.039176487785085715,0.11838470170476642
618,16,-0.07239971159325174,-0.0528385820080786,0.062748175959214,0.037408097189602973,0.11710363457723523
619,16,-0.08159702664201916,-0.05286993546118358,0.06538078580826201,0.03362154210734062,0.12701906336701976
620,15,-0.08993096530458647,-0.0593006856840971,0.06600502265398317,0.030758885791729945,0.13063209718790286
621,15,-0.08899949544082414,-0.05950057908350968,0.06528833615319724,0.027158242177500763,0.12156919429332777
622,15,-0.0896509453673246,-0.057963296926635446,0.06229737449109633,0.022614826663965526,0.1135456326103416
623,15,-0.09008298141961188,-0.05600741554441093,0.05929098453647914,0.021457588705577277,0.11265802498517725
624,15,-0.08303922552913999,-0.05474623982454616,0.0578878979928201,0.02410171151258246,0.11459969474543495
625,15,-0.08125918962867233,-0.05457924293589527,0.05715863767462978,0.023782719268728672,0.11616677146564303
626,15,-0.08431787054992859,-0.05517303037657533,0.05647180775829073,0.017521800116872155,0.1158683306956127
627,15,-0.07507414386328246,-0.05762021958928189,0.055220638663849166,0.02807769031328089,0.11570473274086486
628,15,-0.08735876303342785,-0.058500814279938744,0.058800833525430314,0.026709547331368183,0.11779182494642637
629,15,-0.10173683341101014,-0.05937525705694998,0.06337358805061555,0.021163582709081516,0.12071324803932422
630,15,-0.10224053215999723,-0.062058451884552626,0.06368440123342957,0.022712288599884806,0.12104390633583959
631,14,-0.10248388635430658,-0.06248327838672874,0.06583939238904717,0.024332703438578407,0.1261851103209426
632,14,-0.0988340302983503,-0.06155964434558993,0.06507027585655521,0.027847351956420928,0.12523743790586725
633,14,-0.09313793427827455,-0.06146822965407072,0.06180468847569959,0.029300398355311126,0.11980575594568035
634,14,-0.09058377499442828,-0.05889242247843245,0.059051444926006766,0.03109294161696409,0.1197647753749372
635,14,-0.08717357071582098,-0.055384013981292765,0.05739826203527068,0.031133541305229717,0.1181308235295827
636,14,-0.08225972565494893,-0.05395661981172651,0.056273878256273224,0.028726718243720112,0.11573624705110745
637,14,-0.08223258523447258,-0.055083292841509535,0.05549912033885401,0.033162503539071644,0.12376504039197164
638,14,-0.08364639827998478,-0.05784876156414785,0.05476160005815597,0.03543295279596988,0.12853158674214676
639,14,-0.08636642723308663,-0.06091181170576619,0.05378561697941597,0.03214129351206471,0.12494904981666483
640,14,-0.09209599356934443,-0.06315707604980965,0.05339070441795225,0.025192225994963575,0.11618822584152598
641,14,-0.09964053531221644,-0.06598346685495506,0.05466457352237102,0.021936888540234796,0.12155626679855051
642,14,-0.09586598080790698,-0.0693371152645601,0.056286404313761355,0.026290143541030063,0.12309600847334139
643,13,-0.08885542457035671,-0.06645002469299932,0.055435092052239475,0.038997957737063035,0.12883546759532372
644,13,-0.08031288853855612,-0.0668369558453544,0.054170837657240956,0.04922438475666607,0.13007936912777343
645,13,-0.0792142752563077,-0.06780884454120632,0.05521723815838198,0.04975405404264441,0.12909623932841666
646,13,-0.08643205879769178,-0.069984534553974,0.05853741287678782,0.042453217107929625,0.13526516045043252
647,13,-0.09024802785153913,-0.07129910471966142,0.06117336738277187,0.035043303918293606,0.13848142728882898
648,13,-0.10892722666132976,-0.0727843749028758,0.06383385350985749,0.03732937575893623,0.1430177978634218
649,13,-0.09836883974962912,-0.07229356124486214,0.06579188247551591,0.037169618782331604,0.14723565219414966
650,13,-0.09154434674018269,-0.0719758096918344,0.0656204068383305,0.0408597097677082,0.14370957919160193
651,14,-0.08217931695356,-0.07114572589685951,0.05883435613255887,0.04223776438129995,0.13392419265680858
652,14,-0.07962908465355632,-0.06875257047847293,0.05288770450350267,0.03785830496559957,0.12484423808599816
653,14,-0.07813268921959446,-0.06689675428043355,0.049634708858826065,0.03489655238906282,0.1183256771936925
654,14,-0.07384932123819606,-0.0664136488220828,0.05188487016674595,0.040051284540408266,0.1181940612609969
655,14,-0.07869338332830975,-0.06667990001960604,0.057825266177562576,0.04384599955837208,0.1237276355002336
656,14,-0.07981557295029121,-0.06621233734157934,0.06087241874175434,0.047661207141115505,0.1281643487260474
657,14,-0.07719720903337753,-0.06527224924035477,0.057602904301636386,0.04363298556262614,0.12443757126879354
658,14,-0.07444541635719577,-0.06441501379115848,0.05301542163047167,0.03581484405743487,0.12176282236886402
659,14,-0.07973114641764523,-0.0651274289236057,0.05285784506550238,0.03217182697725573,0.12839029792984083
660,14,-0.07847232389233441,-0.0661621453805644,0.056390863527539706,0.04052975815352944,0.13517845869146444
661,14,-0.0725749822166722,-0.065293571031998,0.06086423346300918,0.045753732567161184,0.14179874931865633
662,15,-0.06106182490182607,-0.05608413173990677,0.07212978257146088,0.060715780610074044,0.1470954430538434
663,15,-0.059485501377444155,-0.06163287465186319,0.0671990920376909,0.059495054175096124,0.158291853720232
664,15,-0.06512282893554919,-0.0629242538956331,0.0620396503150797,0.043676363325545364,0.15940996155565354
665,15,-0.07263940794816837,-0.06119091540621208,0.05756804033930519,0.05240249841067468,0.14187272208269175
666,15,-0.07823210953056639,-0.05669794120278108,0.05454660651492947,0.028756158159123343,0.11785008914110016
667,15,-0.08139535867476724,-0.05232805053316044,0.053792813254361145,0.03544750013528955,0.11769115036607403
668,15,-0.07233157166153134,-0.05149463384461469,0.054937600634896576,0.04354921857951673,0.12080177360266105
669,16,-0.07151412772277521,-0.055937265560268505,0.05441776643347404,0.03453695614297666,0.12550078429561684
670,15,-0.06765164556927053,-0.05404007635237394,0.05584563461702871,0.043763451085202326,0.12620394843872737
671,15,-0.059413017277991864,-0.052211869487396555,0.054632977743193326,0.03847689393578088,0.11737779342845024
672,16,-0.049581493244851504,-0.045749078496048076,0.06034171655609006,0.05547140239564142,0.10896357868435724
673,16,-0.04661296539498824,-0.048614345728391836,0.05746463764114336,0.05461726076447071,0.11309185010961968
674,16,-0.04554138969277405,-0.05337009411750182,0.06103804707778237,0.060511236401421156,0.12512213661546306
675,16,-0.044873594845102074,-0.05677115133510463,0.06201563312679338,0.061633675939356286,0.1323911378987789
676,16,-0.05329187797955283,-0.0586796582504983,0.06144893941512489,0.05787856431574931,0.13193096610178598
677,16,-0.056965443739319235,-0.05953811121098518,0.06111141083920442,0.057823774767833264,0.13221151157019528
678,16,-0.05490269341094646,-0.06070896190979537,0.06155088655954684,0.058499131669260296,0.13700645080752968
679,17,-0.05483338357868231,-0.06189581726185514,0.06346587972822072,0.06176532031180133,0.14171000350465365
680,18,-0.06265018024348107,-0.06938943950279519,0.06932972542768236,0.061789697816343817,0.15355564306927189
681,17,-0.055333737013366774,-0.06260594186811255,0.06265782833200431,0.049600677373455054,0.14458850466623377
682,17,-0.055477752497588795,-0.06371586414254167,0.0620539543795836,0.041229625779203125,0.15958240984396593
683,17,-0.054670970379769535,-0.06471583357462143,0.05855153472425083,0.04303851288713957,0.14856601473566855
684,17,-0.07223686843816932,-0.06767809203629484,0.05837452064898174,0.05005039067052702,0.14192132769625568
685,17,-0.07723498373683926,-0.07207823440526806,0.060131350602039835,0.05676587148891263,0.14483802730154885
686,17,-0.06450779083207242,-0.0728248075040276,0.060733788030860526,0.055644059573963844,0.14707882987789161
687,17,-0.06349533645232122,-0.07448959241739897,0.05962368680180379,0.051411011010501814,0.1492147543180603
688,18,-0.05359271961717968,-0.06528208768788923,0.06310463490328674,0.05402722419120656,0.15231386275886902
689,18,-0.05113535665235146,-0.06338073138248539,0.05884896896055759,0.049624977209330706,0.14434809365567317
690,18,-0.052977841667232975,-0.058317858529087885,0.052421605430523335,0.04474428094450409,0.12368975468795827
691,18,-0.05879091920134498,-0.052417698811803595,0.04770753260068308,0.034295901562182304,0.11356899407967379
692,15,-0.057249086349086015,-0.048359998440928746,0.05179333829367721,0.045545660125756976,0.12146617355089744
693,15,-0.06060533109543839,-0.051309654158736145,0.056071981867649286,0.05016622344768437,0.12834624222425317
694,16,-0.06420875039326027,-0.05861409121659883,0.06010787344616608,0.05838557720237279,0.1348118629375841
695,15,-0.05793246108231348,-0.05653075459296416,0.058239502013645944,0.053268745118712435,0.14269380574417648
696,15,-0.057683637883394145,-0.057143775452970856,0.057656978845021314,0.04934208170042412,0.14712634440129876
697,15,-0.06634715226522347,-0.05832285621568789,0.05719925795728885,0.055098626583762134,0.14802754078392336
698,15,-0.06754852291856109,-0.05955135560001938,0.056947970005880096,0.05784497863875243,0.1449433497668391
699,15,-0.056800264661041294,-0.05985201323049589,0.05882033487503676,0.05246725182855144,0.14240264240362244
700,15,-0.048814592799672096,-0.058894189535168444,0.0607668841648988,0.0512651536517916,0.14207518221023038
701,16,-0.05635204025778387,-0.05841856656899018,0.06273472964377778,0.05964101038620752,0.13809614179846064
702,16,-0.05402213729398059,-0.054946322412070675,0.06353895864174629,0.06037982946310412,0.13624194279581825
703,16,-0.04854431411806974,-0.0505709551664351,0.06165134735399019,0.058311698316485375,0.13723216512654624
704,16,-0.0468893356045221,-0.04860164644802102,0.058606327529292374,0.04940184320894364,0.1294617259579036
705,16,-0.054429091540359145,-0.05038973980774893,0.056056916561531125,0.04566391300008371,0.12722705604312184
706,16,-0.059433646860012186,-0.05195729647222931,0.05516606116667735,0.04788702842125916,0.12650713503793365
707,15,-0.05309343581975484,-0.05227385051974503,0.059010999817080204,0.050377940709489116,0.1349093664545263
708,15,-0.06135056832852678,-0.05596188534560812,0.06132677919089453,0.05010913127760733,0.14292510177042916
709,15,-0.06915482087533228,-0.060820505457449846,0.062079262044275704,0.06185934838055715,0.14153863623009874
710,16,-0.06958988206923605,-0.0647388594830728,0.05845528219491739,0.05521511259741699,0.14833169907220733
711,16,-0.07817446463986481,-0.067632471806885,0.0551467958066582,0.04401403267514259,0.14090810899858863
712,16,-0.06980157839388118,-0.06867201634309393,0.053812085931142756,0.04841876983352195,0.1337865607819745
713,16,-0.05979381458594592,-0.06860955186013898,0.055415747286110234,0.05061495745247015,0.13990621156511235
714,16,-0.05904445506052959,-0.06765744751411928,0.05786670345430324,0.05694427100356109,0.1448192092329982
715,15,-0.05854919369785749,-0.061355171168462494,0.05762615850106384,0.05606308000526489,0.14303867240215043
716,15,-0.07188756073403102,-0.06039208077489088,0.0581741703453638,0.058683680967337615,0.14567448020721097
717,15,-0.06634091495076017,-0.060387659925459844,0.05801300165801697,0.06356811872766993,0.14146396317196716
718,15,-0.05929303492689697,-0.06148566715674598,0.0561314197610256,0.05540066337027713,0.13737762997155675
719,15,-0.05535301399109946,-0.0631113423298313,0.05202518470626571,0.04397447281745534,0.13889536418748516
720,15,-0.05469936156405886,-0.06620061186061181,0.04778469912678004,0.030352821373455185,0.13698733129863017
721,15,-0.06269203810114926,-0.0703119079581597,0.04690888928822399,0.04133834438061812,0.13492525419238643
722,15,-0.06996164396680266,-0.07180509416720834,0.05020701533240402,0.0543440592956595,0.1388152762000098
723,15,-0.06609278273858404,-0.06908776116481767,0.0531007017755866,0.04987169252035567,0.14494227559564288
724,15,-0.05501375371999451,-0.06475678583812819,0.05379949725831353,0.04181645279622531,0.14831968319857589
725,15,-0.058948276547396844,-0.06419345376161686,0.05599415170085282,0.04309219884426799,0.14961243435253646
726,15,-0.06221107875171755,-0.06534930501221757,0.056733243098255656,0.04328209287236279,0.15013748407937239
727,15,-0.0640395065187106,-0.06873080724949725,0.05669384653252878,0.048482585535709444,0.15122254125888993
728,15,-0.0692283147934255,-0.07137968239314842,0.0575783554146938,0.051170000677929026,0.1525848505588348
729,15,-0.07473080526178391,-0.07042822072883133,0.05845543190569568,0.04796216924960467,0.15100642879354495
730,15,-0.07812903556010747,-0.06891407429281274,0.06117794472640696,0.04233997865599265,0.15997787169184566
731,15,-0.07572299101877822,-0.07154156722722678,0.060576151915765444,0.03885876214636308,0.17049932483369476
732,15,-0.07321255940193974,-0.07307749942919256,0.062222313638591,0.04327401698104036,0.1682401573330252
733,15,-0.06300476292702645,-0.07492123830870856,0.06224706825208766,0.04189379374210628,0.1672052577929901
734,15,-0.06374982219816722,-0.07682161677233322,0.06431654103585777,0.04930377838825373,0.17025632179338573
735,15,-0.0666396017563416,-0.08100485736811557,0.06647631692540305,0.052302449958237185,0.17314013181371563
736,15,-0.06807179286510034,-0.08544342197384931,0.06569457065013104,0.05290793699805507,0.17427113016280843
737,15,-0.06764118081815795,-0.0881820000627643,0.06457317753554238,0.047649094208374154,0.176209000542651
738,15,-0.06791762320795536,-0.0853833801608983,0.06224975946704213,0.03913920033124901,0.17243256182317127
739,15,-0.06808688305027494,-0.08257454462271334,0.059805195274701975,0.03613317153283935,0.16352998166887942
740,15,-0.06504992125990033,-0.07925706015563388,0.05873238820400883,0.05232198601471616,0.1544450339907943
741,15,-0.06392147773011173,-0.0777986210396413,0.05717114320774486,0.05564701426231081,0.15079453606421178
742,15,-0.062431116233505723,-0.07846679547861547,0.05557353492002968,0.055489158845030195,0.15207640624759033
743,15,-0.06970691247839306,-0.07956907151980652,0.05353646432352987,0.051550555532813985,0.15688610638598224
744,14,-0.06690552432352387,-0.07503656352003009,0.05253380679136731,0.03127246798261751,0.1561833437616153
745,14,-0.06709564884839976,-0.07522000472627212,0.05374774141181532,0.03845415277132572,0.16705508660668567
746,14,-0.06728982220586024,-0.0736749696279344,0.05233544748872003,0.03509462327161779,0.15860291635933937
747,14,-0.059095142366924897,-0.07173473936696764,0.051235838251451844,0.038051055711854714,0.15311871787175252
748,14,-0.056679245003819684,-0.06904428484778721,0.053132593106848786,0.04295149547495461,0.15255740115247457
749,14,-0.055080509157158244,-0.07001283578302832,0.05183987085555886,0.03710991521981705,0.15586956446071742
750,14,-0.050855524328555654,-0.07020460485044201,0.05096872804324279,0.027635275105491366,0.1578726032488887
751,14,-0.04994878334736588,-0.07184148140445369,0.05039038524344197,0.021002491746243593,0.15179755549810425
752,14,-0.051557827979245574,-0.0718824005942857,0.04945550110703394,0.02762580501928326,0.14678806465216032
753,14,-0.05537973386060266,-0.07031258595005403,0.04901241350941909,0.03361310846923643,0.1466560820577927
754,14,-0.05316441548415479,-0.06818406368245095,0.048382411651607185,0.03570003634020413,0.14373666484368453
755,14,-0.05259328085720122,-0.06899554625346989,0.04822874642320413,0.038788017385416776,0.13856411245172914
756,14,-0.05511979421254755,-0.07086074023422552,0.049904438681499824,0.043524462463656946,0.13197350558679807
757,14,-0.05684916289265085,-0.07106927742703326,0.05252870314282008,0.04832474069170911,0.1375498037046642
758,14,-0.05427956225244426,-0.06704028780979711,0.05548809923825348,0.046923155855763066,0.14281012228021575
759,13,-0.050856410023149085,-0.07241606043016267,0.04577982128339799,0.04004870106690997,0.13734616217056386
760,13,-0.04877995893819037,-0.07041876598372368,0.044159933832437936,0.0209794124907558,0.13162438826774808
761,13,-0.04834847839755374,-0.06953915448257864,0.04359094993847502,0.02943950564436887,0.12946573860580235
762,13,-0.052076347712194215,-0.06672693699128388,0.0529268860225025,0.044470717657507874,0.1379218054196978
763,13,-0.05707667043036588,-0.0695477934939034,0.06093666374065061,0.03746992388788646,0.15229481412372514
764,13,-0.060490564348921444,-0.06678965565742075,0.07317764522714808,0.03941565178676387,0.1590604319896317
765,13,-0.06474284725735877,-0.08026121135740112,0.0457651377815277,0.04022470782455406,0.1521822329595352
766,12,-0.0810504520365729,-0.08199014714892798,0.0463842059859375,0.02761529579875137,0.151689598210589
767,12,-0.08191587407705356,-0.08233412955095841,0.043833822877517525,0.02663283650422288,0.13915324960900338
768,12,-0.08673699488061744,-0.0845976307115932,0.04437243729946409,0.03568416942446184,0.14034661356273995
769,12,-0.08926760667469182,-0.08820713283014564,0.04821790628131434,0.04551896147149799,0.1484465628534404
770,12,-0.08192591793196129,-0.08839621031203458,0.05085790552469127,0.046864769679955925,0.15154421058020492
771,12,-0.07929493073886819,-0.08751044589672279,0.05482156952024612,0.04684500126918162,0.1611984625394718
772,13,-0.088786480263116,-0.08608844612296752,0.05483078822665804,0.042018810182757715,0.1702387145085065
773,11,-0.08634278487718211,-0.08594659051759965,0.05549453598154144,0.04542419326011038,0.16552418447794792
774,11,-0.08641914948040846,-0.08580675640672761,0.05096294021517784,0.043138203313081686,0.1567869719693994
775,11,-0.08753788855471611,-0.08546441225437562,0.047243640290873974,0.04342049513874713,0.148052539247587
776,11,-0.08736234681943827,-0.08269124146379407,0.04609910343326066,0.04244667470901342,0.1406705084455623
777,12,-0.08551336381361416,-0.08046595817990682,0.04449463216454656,0.0386077571771245,0.13494341654482508
778,12,-0.08961383202459204,-0.0821987288672401,0.0466939067398444,0.03511106798083871,0.13673675800899981
779,12,-0.10004687342594344,-0.08618104144043637,0.051180595991233716,0.03690931393877783,0.15030663984169182
780,12,-0.10923376247207195,-0.09106828619292873,0.05624604390223696,0.04645041210605379,0.16522480710256598
781,12,-0.10499058695677198,-0.09664097114941843,0.05892942188239008,0.046323321982542826,0.1770213284369961
782,12,-0.09800776041960507,-0.09926542992750408,0.05761010106275271,0.04332226155557112,0.18989604127463347
783,12,-0.08947909296098253,-0.09599721445514324,0.051779020264572595,0.041808614297443786,0.18217931335705959
784,12,-0.08194919036021776,-0.09026996512819097,0.04656282024001758,0.033128204684470634,0.16440954316415105
785,12,-0.08065581587614283,-0.08669710447949848,0.04558474450723325,0.03414348162235348,0.1538434233966859
786,12,-0.08694783700450505,-0.08650840201058836,0.048277227120494336,0.040827193791053304,0.15248357314691188
787,12,-0.09767641193627752,-0.08565962633482643,0.051893163985058374,0.043644632515847714,0.15340634589674376
788,12,-0.0930404929900833,-0.08352109251477359,0.05421993864774798,0.05097509203380288,0.15319893944400695
789,12,-0.08563906956849374,-0.08168026382927557,0.05446736972603799,0.05512007893536296,0.15240703827793797
790,12,-0.08331827798067863,-0.08106132201179654,0.053310451450293436,0.049500317629679214,0.15415574453966926
791,12,-0.08870439401041127,-0.08214053610429745,0.05264080517224401,0.05039378921605314,0.15627482060942233
792,12,-0.0973136061049373,-0.08386726296634424,0.051847771637485204,0.050217059394242355,0.1543838246903057
793,12,-0.10009895222116813,-0.08528223631318325,0.05148693315216546,0.04897349038816437,0.1507028304925178
794,12,-0.09433466470721576,-0.08524647506824802,0.05202921485886341,0.04217117749394515,0.1461335973146883
795,12,-0.09061201768461145,-0.08436942353422677,0.05240967432731623,0.04966445666481732,0.1536608696103418
796,12,-0.0892012485386886,-0.0843157472285298,0.05224335142000921,0.055369572505799464,0.15677590544325024
797,12,-0.08835427326415662,-0.08629646150688257,0.05206529761952983,0.049417650952185296,0.1603319017517276
798,12,-0.09355776082342877,-0.09091468500630777,0.04904268183890521,0.04986456976977266,0.1549030329241292
799,12,-0.104118329807535,-0.0920141624899571,0.048059795114683675,0.035271213632855306,0.14244357459523665
800,12,-0.11096893924675696,-0.09147115112780187,0.0491387021272051,0.03102944677340451,0.14189271747101267
801,12,-0.11672173109738254,-0.08953997542755242,0.04871347846053217,0.022026355810594506,0.13835714226896914
802,12,-0.1125497161541984,-0.08602344002676283,0.04789597847788736,0.029783309137838748,0.14165652242569418
803,12,-0.10054896156114103,-0.08636334068509295,0.0464732297820728,0.044419075037363615,0.1454238575296625
804,12,-0.08254771766040528,-0.08490764470862962,0.04559024138057275,0.04211104670827845,0.1419240242945188
805,12,-0.07284455131141283,-0.0844205811124409,0.04648843082103786,0.04860920761018751,0.13556101702624432
806,12,-0.07489573791125125,-0.08488325356318842,0.04387592540445872,0.050370963751577805,0.1345189870174316
807,13,-0.07534766477728111,-0.08462318471700965,0.04633184623928808,0.049048208668900306,0.13960605194987583
808,13,-0.08677473031988714,-0.08939555694539532,0.04686933369078223,0.043370026796865774,0.15098929387402868
809,13,-0.08907314834000199,-0.09418775180414371,0.05138933160387305,0.04786073937477986,0.16045354776133033
810,12,-0.08704533030099504,-0.08973284844354794,0.05046187796245793,0.03897067911843849,0.16204458995842796
811,12,-0.09076833879962523,-0.0917757863735119,0.05356761339051129,0.04316899425912171,0.16339371874505546
812,12,-0.09609101959447337,-0.09428833803440047,0.05634993922830515,0.05602481488263093,0.16829374819243473
813,12,-0.09695164572205962,-0.09866241921698478,0.058092717832098115,0.06518089552080343,0.17147888828174976
814,11,-0.08582132761731967,-0.09020380932710327,0.052094820051079745,0.04804369072622891,0.16557156846690974
815,11,-0.07725333808947127,-0.08916973315485072,0.04928900619793827,0.0319295361870261,0.1649582647678178
816,11,-0.07115597365628909,-0.08614895822037284,0.04788341374748121,0.039820278263878905,0.16338451792408393
817,12,-0.08942032818268364,-0.09333959628660016,0.05394628415081626,0.039549913770394976,0.16918220662522673
818,12,-0.08796299401351654,-0.09774257498138705,0.054153315815844545,0.049056709352939404,0.1646957520860972
819,12,-0.09282221665548795,-0.10246427622949587,0.052645636541842795,0.04860856614506939,0.1745058124741457
820,11,-0.0967120672095178,-0.09786214529578557,0.04848355434476189,0.03764778925218398,0.16263619400333612
821,11,-0.11858485339007924,-0.09584554079687106,0.04977857963227267,0.05157601651621754,0.15553325947593416
822,11,-0.1137611091803937,-0.09344812139862692,0.04924158131296884,0.05008233340650389,0.15146007909886128
823,12,-0.08014740007463692,-0.07413096044818397,0.07310044693795117,0.0456863325337222,0.15145910872478913
824,12,-0.07681782375418186,-0.076426408168234,0.06678425389858389,0.04401247282776319,0.1580604105244479
825,11,-0.06317846216398376,-0.071926724979705,0.05067174373823915,0.035832994915383026,0.13419218955104206
826,12,-0.07980407481930904,-0.07648118610988605,0.04151969479899923,0.033262011359036094,0.12633533963232965
827,13,-0.10389346860562387,-0.08786881277659364,0.049420595741134096,0.03804220195680405,0.15744231753823087
828,12,-0.10962883233318407,-0.09444655508554471,0.04706990979588932,0.03843403886426508,0.16048447444783334
829,12,-0.10873820514921742,-0.09244699555604692,0.04765733885017439,0.03225302499707605,0.1535069312132623
830,13,-0.09566766525793982,-0.08956796098207148,0.04961688156639055,0.03515624909299225,0.1599740187859326
831,12,-0.09676917799833963,-0.087651339591369,0.055318456585906596,0.05221873992877363,0.1630089791017186
832,12,-0.09127774943971256,-0.08155230023685144,0.05828761948857286,0.05666240819718879,0.16028353257807135
833,12,-0.08086232089083223,-0.07693233389158385,0.06018080118167041,0.05477098249808027,0.1691635657334369
834,12,-0.07203656686707605,-0.07637674441298341,0.06195769878024369,0.04513629069664305,0.17855448562480608
835,13,-0.08231201106332206,-0.0811887026320792,0.06105445604087862,0.04377137400004813,0.17984999526508794
836,12,-0.08760026994652738,-0.09295954235958714,0.05903539776730529,0.0410724203126655,0.1761733102457912
837,12,-0.09672764588804768,-0.09485482389477927,0.05488603575972655,0.046897372474864085,0.1599852901143443
838,12,-0.10830647656516083,-0.09456469433590244,0.05110967178405103,0.03211266483774901,0.15325886524236185
839,12,-0.11526945071581723,-0.09396428514256498,0.04828625082497933,0.020917798800401538,0.14890762298699664
840,12,-0.1105801510860077,-0.09401478575476113,0.0467692757326349,0.026801223465413457,0.1478528432088928
841,12,-0.09666775266768174,-0.09466205988327547,0.04881622730045612,0.049597627604052286,0.157232986090205
842,12,-0.09736149099065106,-0.09577088154740009,0.051771018070272935,0.04976629821995558,0.1629803183350491
843,12,-0.10466776566079403,-0.09723218236960161,0.05195769866579895,0.04414789433567302,0.16333302743476366
844,12,-0.1110170626639891,-0.09855704521045532,0.05011086744599784,0.038103395473907786,0.15832531723597
845,12,-0.10205848932907481,-0.09977570011087332,0.04614471408831294,0.03755614276627499,0.15277043211378483
846,12,-0.10098457806334332,-0.10227928168723237,0.041270929538568785,0.03542722471647125,0.15340029270273142
847,12,-0.10961853145387897,-0.1077378312059486,0.04005655889172223,0.030560921970042607,0.16197762101385296
848,13,-0.11751951624818197,-0.11856014222781806,0.04427615457408237,0.044332541927828206,0.17334707683678344
849,13,-0.11568195710385781,-0.12314538764396475,0.04862895729846947,0.0441977570179633,0.1836695452774993
850,12,-0.1117313869428001,-0.11694117610225739,0.048648062614969075,0.049435386821756855,0.17644531157826063
851,13,-0.11699649639580843,-0.12174439252131558,0.0563092727828774,0.04893153064316065,0.19524493869558862
852,13,-0.11331136026230941,-0.11494423165894539,0.04973329277888896,0.04432017838421663,0.17942132981505862
853,14,-0.11508369312210467,-0.11209057614715058,0.044013222039260044,0.037336871967473914,0.16713234466734445
854,14,-0.10702068165332229,-0.10566455993193934,0.04213710970538312,0.03773347853651893,0.1573473389241901
855,14,-0.11488178779089157,-0.10405115815085071,0.04334994003373086,0.03259137927450635,0.15574927049979814
856,14,-0.11279907423492436,-0.1036258808210805,0.042980725526996465,0.0350139442221286,0.16048893071171358
857,15,-0.11622538750685357,-0.10755859551438711,0.04049679213010958,0.01591587776990111,0.15653984885268904
858,14,-0.12372766494720729,-0.10895468903176211,0.04336504045611412,0.025713369605632072,0.15823737521314152
859,14,-0.12442557191509176,-0.10948091599939458,0.04721096906743157,0.03126237820778381,0.16676608077456012
860,13,-0.11427045229354352,-0.10460252363259298,0.04687660162590443,0.02787304831024634,0.16187883803482567
861,14,-0.11826492030502105,-0.11246101637595111,0.0479956258645196,0.031836541205239835,0.1720079362525296
862,14,-0.12880343419110268,-0.11244482258567083,0.04886320774294024,0.019924975930560793,0.16316926343774277
863,14,-0.1287700092484848,-0.10762343723255444,0.04942528088666484,0.01568878316501672,0.1560963457018174
864,14,-0.1192568278796114,-0.10320850096578178,0.04937513650792691,0.02468948865845999,0.15801249429571074
865,14,-0.12022873754306757,-0.1022468473640092,0.050592206032726746,0.0305940933577218,0.1607554238301529
866,14,-0.11632635825675831,-0.10125989408195642,0.0520313986767143,0.035112020165705776,0.1604165065310277
867,14,-0.1263399347465079,-0.10526857966853098,0.053235046897301914,0.026546415872162152,0.16102953917764357
868,14,-0.12883537838668668,-0.10717633074906015,0.05251488420342303,0.02801233265585104,0.16423354843112628
869,14,-0.13207464230363564,-0.11009553811731967,0.050090928739464025,0.026550683815111553,0.16150169024964287
870,14,-0.13149389871688705,-0.10894299565834546,0.049195811091936506,0.027017525765539313,0.16274959086584723
871,14,-0.12587694706535538,-0.10571083519631151,0.04823098514054468,0.029464790313801684,0.15810624857609934
872,14,-0.1204670603241786,-0.10157713215590618,0.047919779056128244,0.02951867960959413,0.15552197994000028
873,14,-0.11616650656291526,-0.09665474839226078,0.049993394146190376,0.026818354776732847,0.15259535033417349
874,15,-0.10949823309227566,-0.08640652077594456,0.06271752962500576,0.03922042745328505,0.15225599184025823
875,15,-0.11106654046643222,-0.0828486057639361,0.06001040198811008,0.04238883402792182,0.15575065720783576
876,14,-0.09807497335051926,-0.08779446196999072,0.049920199486457005,0.03676987782918664,0.15294242630328866
877,14,-0.08152342003080215,-0.08569297614253499,0.05003706181374101,0.04820914720931606,0.15986499396687134
878,14,-0.07997042237424953,-0.08462958725003533,0.04834515194488763,0.03861035664205319,0.1630467618995882
879,14,-0.07516074966696557,-0.08386912880201723,0.052020092570149876,0.04807960703959566,0.16593840179886374
880,14,-0.08995932272084264,-0.09106256187354056,0.045322892816916316,0.03418086741061924,0.15179905177094946
881,13,-0.08415959619037705,-0.08776249674483405,0.042629907561734966,0.0336798790762288,0.14981684917046598
882,13,-0.09647833879336634,-0.08577101191932128,0.042731846086819646,0.0211178374526573,0.1441322242470119
883,13,-0.09527602289670889,-0.0827452615909708,0.04486253622808512,0.023000568659233667,0.1380320638967103
884,13,-0.0890802176714828,-0.07146455359370564,0.06205419642668615,0.029046502394082838,0.13288971466305405
885,13,-0.08672231210773312,-0.06810835932494977,0.05982262142761528,0.01865370592165133,0.12742522817311988
886,14,-0.0792079565628016,-0.06440546420519462,0.055220653705151765,0.02836513186231146,0.1271736974149835
887,13,-0.08120976926012395,-0.0673228138925712,0.04958422442167191,0.022188576312250782,0.13044356273913227
888,13,-0.07958204658151413,-0.06796023245022847,0.04360351998632282,0.026045501853269842,0.1258780086969117
889,13,-0.07757551001184326,-0.06981674841417321,0.04106620348919041,0.025166787779229663,0.12153512487789767
890,13,-0.06687797925403088,-0.0702253094749136,0.03915644871470284,0.029924502696608707,0.12134898532475114
891,13,-0.07743498484872002,-0.0724216438594355,0.03746077390353929,0.01989232005959629,0.12282528277460032
892,13,-0.09016883047303384,-0.07577053972871901,0.037676998915234045,0.019116142642800704,0.12589556727275647
893,13,-0.0799972856782053,-0.0788297845539638,0.03963426302581003,0.03503114953531135,0.126423923443729
894,13,-0.06932267712036744,-0.08061064925976151,0.04103331757463901,0.031148785511383392,0.13348920573702902
895,13,-0.06877650421301651,-0.08072183964820974,0.041169989131814244,0.034587034916455164,0.14279503373260732
896,16,-0.09193577157415828,-0.08378993305986755,0.03889156950839857,0.023355408569022303,0.14647876745977745
897,16,-0.08474650430857929,-0.08103346109804563,0.041695392857145616,0.017880010948958747,0.14959044311865305
898,16,-0.07768670199461739,-0.07744004118562495,0.04088672620686426,0.012807763273472307,0.14917550567732882
899,15,-0.0680928533762648,-0.07950474767461078,0.030552245288785945,0.009314447387740288,0.1424748626117997
900,15,-0.06280515898128583,-0.07786829893831777,0.02975216671728752,0.012250903720862377,0.1287910795425172
901,15,-0.07190899585375832,-0.07840193694076933,0.029986468636343484,0.013882653015185098,0.12173121183702448
902,15,-0.08307180303329396,-0.07845666604569061,0.03270272363441921,0.007601990961774399,0.12177594212636123
903,15,-0.08485393425132076,-0.07938068068163825,0.03555003729224664,0.014405375650358251,0.12448378173844113
904,15,-0.09074750410214721,-0.08093924430022034,0.03798276669554847,0.024270951451335565,0.12734931431432084
905,16,-0.09468367452356226,-0.08248554563786129,0.03912923795434858,0.021644677774818932,0.13280425809800972
906,16,-0.09843529625675777,-0.08609910747847263,0.03995305164337507,0.021070811128951046,0.13418748593309238
907,15,-0.1091763661620587,-0.09229377281067226,0.041174215845518065,0.014918920680191516,0.1336671015571701
908,15,-0.11090394327605713,-0.09463461440258533,0.04185023370885525,0.019605336339126728,0.1369909503826599
909,14,-0.10273125107168737,-0.09246395308867701,0.042112322630539614,0.03125328435879521,0.1405010022009835
910,14,-0.10426325588550299,-0.0914790949080989,0.041396931587818,0.029726725542461585,0.14059673834594852
911,14,-0.09738716062668047,-0.08820286359457266,0.03768523071809226,0.02693046073808153,0.13410716675512332
912,14,-0.09100794329958121,-0.08357281473004037,0.031683442531857155,0.019294244728478724,0.12262858429712385
913,14,-0.08036695643634856,-0.07954344061885203,0.028658280316698044,0.016255574357130348,0.12066537280178552
914,14,-0.06996576367705577,-0.07680901233327402,0.03153483225330954,0.010306168513070119,0.12633946023799159
915,14,-0.06778641876424933,-0.07502969178639508,0.03611793303486836,0.010855248519600048,0.13429038603823554
916,13,-0.05992959300707601,-0.07244012944090784,0.03981077817222152,0.00906439103365081,0.143488346747184
917,14,-0.06404157335722258,-0.07439553554324894,0.040005611941914765,0.016027950282733912,0.14512268248469593
918,14,-0.07334893332922472,-0.07890085076942217,0.03608637772059136,0.011456684825967754,0.13994233207741608
919,15,-0.06963170463697785,-0.08137214457238799,0.04283602582312431,0.01726502123458379,0.1588211889176898
920,15,-0.06786596109610768,-0.0759782555456235,0.04276324480792663,0.03185203358028743,0.15600116710285084
921,15,-0.06152437843378687,-0.07060586220060862,0.04373000559641981,0.030561089089713236,0.14906730260460374
922,15,-0.045370093430482566,-0.06596126502646453,0.0429230928826817,0.02742052541250925,0.14249663831826562
923,16,-0.05896997682406474,-0.06580151552003155,0.04103864442010324,0.023809948851812604,0.1405942900665209
924,15,-0.05923986782874971,-0.0673347698159851,0.03753001425912326,0.01966265663674699,0.13878262147091475
925,15,-0.07217656879389031,-0.07435735864122184,0.03512617469960081,0.020496580993944136,0.13522295191507708
926,15,-0.0771844757189652,-0.0789919821636096,0.03509606241200402,0.022415348483505335,0.13984934070869393
927,15,-0.07439617104577587,-0.08341672877493841,0.03606063733219646,0.027981034340799876,0.14196248090247987
928,16,-0.07896627873488626,-0.08056423347633968,0.0377127565343371,0.029165946311469314,0.1399448919474401
929,15,-0.08388069484040395,-0.08056744179196065,0.040542933487270894,0.02524453762367196,0.13778525669960726
930,15,-0.08087924619284857,-0.07581095002151604,0.03955967028557386,0.02980887668163386,0.13732743118876115
931,15,-0.07257860499810079,-0.07243013927605893,0.04084190754989376,0.021652796626929205,0.13769447024571438
932,15,-0.07174385610300485,-0.07307760802038037,0.0377656153547944,0.018396585278069782,0.1367405796801975
933,15,-0.06531855161942864,-0.0733206234967945,0.037703237464150274,0.017999230529344212,0.13745170523129438
934,15,-0.07229892004036605,-0.0784328319213366,0.040271607390322324,0.029326768757776914,0.14020247679022202
935,15,-0.078598375077293,-0.08119932930113491,0.042147475415806636,0.03300210816840535,0.14249527042968566
936,15,-0.08258686306957863,-0.08017412913968802,0.04102392923271238,0.016575693112829137,0.141158428839622
937,15,-0.08042955969442876,-0.07808540129195131,0.041891262465005,0.019794701060150008,0.13654224034611515
938,15,-0.06535200503586994,-0.07425317343223917,0.045385514940972406,0.04080139737199001,0.13473816478623915
939,15,-0.06908079354629282,-0.07258219056137613,0.0512384399000412,0.03753908130567413,0.13741015150911534
940,14,-0.086374626656708,-0.07960368077155831,0.04072957761024965,0.03225028932349602,0.14047296850202848
941,14,-0.07810517967426917,-0.0774783453215736,0.04124487410070706,0.03265358597834818,0.13917901088553383
942,14,-0.07594715912970908,-0.0772563433831228,0.03717523321013636,0.03180140589819501,0.1367408507371562
943,14,-0.07841901338747273,-0.08196891397036268,0.03465778329920415,0.023233006388811553,0.13671995820671679
944,14,-0.08127560720853254,-0.08504004752036588,0.03103034371845674,0.013451562472727469,0.1349089214840346
945,14,-0.09632457449056328,-0.0877690626508393,0.032819418539351865,0.023118521644252342,0.13677276001857305
946,14,-0.10205324489008266,-0.09013454501072486,0.037002652217088726,0.03273495463958336,0.13899435768698407
947,15,-0.09554937010644494,-0.08528133363974102,0.042092406905664397,0.02942582318650193,0.14113365966523894
948,15,-0.09666068195926555,-0.09279152304596656,0.03711239056944857,0.03220398877950781,0.1476174365351344
949,15,-0.0876334257007588,-0.0865959573106042,0.03162274412244555,0.01984935269162881,0.1390398670465013
950,15,-0.0765612693906417,-0.07679495729062782,0.02829409479572486,0.013803447928786905,0.1324591379866186
951,15,-0.06140358550979927,-0.06966798856942935,0.03143521964587553,0.011494858895969379,0.136142312216716
952,15,-0.062018365278412105,-0.06737357656373595,0.033448358847213984,0.012359475053126984,0.14007566592475423
953,15,-0.06640777205847832,-0.06796103737465145,0.033213078019975154,0.010288313355683046,0.13935524740847535
954,16,-0.06031239203192031,-0.06309974561162898,0.0365549363109433,0.0169255477182699,0.13399128949512346
955,15,-0.05365974806897268,-0.06657122352144872,0.03710630357627759,0.020484060691550274,0.1297699580800117
956,15,-0.047662800949279244,-0.06655022534197742,0.03889551172336211,0.02144749180615385,0.13480896594991681
957,15,-0.05824494322100557,-0.06538914469195607,0.04021763432393555,0.030285331213058264,0.12956771470643394
958,15,-0.05607706128500535,-0.06313420450745091,0.04104580833437813,0.02965122455153925,0.12277506966055687
959,15,-0.042486925501946146,-0.05979656099159705,0.039893623211923045,0.023899990728059803,0.12416501083859846
960,15,-0.03868368841802656,-0.057664740063227825,0.038427051792700485,0.006806583837521286,0.12547463710873075
961,15,-0.040059301936497343,-0.0578134555508961,0.03729945864411178,0.01374094381835346,0.1263520252186851
962,15,-0.048310571020395224,-0.06019058252959846,0.03722258108936677,0.014757386645120815,0.12588277164156045
963,15,-0.05651814375704084,-0.061342039506973714,0.03509402157062995,0.01823318151661074,0.12469629539504581
964,15,-0.060051061656204274,-0.06273533101318206,0.034487242493023734,0.009981640260175367,0.12472733695151357
965,15,-0.05696916360335974,-0.06338013101269355,0.03673514547829661,0.017610109752257297,0.1269843931068104
966,15,-0.058958862609993126,-0.0626067528224168,0.04019396318479766,0.024752222841511337,0.13145941015204946
967,15,-0.05877138078678787,-0.06102108050099734,0.04244614903192919,0.02685232836597795,0.13732330809738902
968,15,-0.0544194994710194,-0.06033073005321304,0.04145713632490725,0.025766496773945005,0.1419140044021581
969,15,-0.04906163628850799,-0.061152286427437016,0.038871041201336,0.01709050510095253,0.14342589622889268
970,15,-0.05289352471176871,-0.062148884253703685,0.03863781149650822,0.017436891987648542,0.14272731166154753
971,15,-0.06290030146865029,-0.06264338025895885,0.040438901690337266,0.015011196781423555,0.14207016534390893
972,15,-0.06418201142505943,-0.06221153911386431,0.04181500176580549,0.014639928055042745,0.1426226328198177
973,15,-0.06182683731689198,-0.0607857529460787,0.0426087031190408,0.014848064762616298,0.14353212429792125
974,15,-0.05957503733956425,-0.05951432619251089,0.04282475024585858,0.020298440306017865,0.14165246370385357
975,15,-0.057927218747464676,-0.05954396438897761,0.04170238746922949,0.022048220046167244,0.13734243954037878
976,15,-0.05822303023437091,-0.059991919009436255,0.04005766126272719,0.009166520943520176,0.13411299416170588
977,16,-0.05995327501566629,-0.05874468071907718,0.038187190067029204,0.012534299204627113,0.13073669476393263
978,16,-0.06398599783043754,-0.059867236334349865,0.03771908523115426,0.014087982382484522,0.12483758769845854
979,17,-0.06230933454658641,-0.060982749172567026,0.035281109415894865,0.019110204587930876,0.12064225078686623
980,16,-0.0522012937675253,-0.05831395762892308,0.03332037387403371,0.011599461177174829,0.1248568371330455
981,17,-0.04078999166546442,-0.05367399533157678,0.0339216544261144,0.012029594669556443,0.1281721996651749
982,16,-0.046803915319763856,-0.055175735992450285,0.0342841231617606,0.010116605184037404,0.1315166405367379
983,17,-0.04603670068616844,-0.04877582962105256,0.040574709044336875,0.008429378537235771,0.13009965053114916
984,16,-0.04943576434959892,-0.0575257953798709,0.03236285330745221,0.01427319559475259,0.12693894256093774
985,16,-0.0501987049037644,-0.05684355987046751,0.03388210125463316,0.01866638339501965,0.12873007647871315
986,16,-0.05366295689290264,-0.05561328902830489,0.033544640680329814,0.021071434221285767,0.12495583616081558
987,16,-0.05948430729308693,-0.05812007722844836,0.035292963377850865,0.0302910097644854,0.12353099499033056
988,16,-0.06827037334255887,-0.06199724671920203,0.03503664339751974,0.02724636101152439,0.12227668862041652
989,16,-0.0754271644168041,-0.0686805016509314,0.03157223719602802,0.02299639622894254,0.12278181296343894
990,16,-0.07257643415017237,-0.07276443711823147,0.028631771796570726,0.009439356850329976,0.12618014827040874
991,16,-0.07895085777700658,-0.07686550345274744,0.028044605931425604,0.008719667149060369,0.1321795436487053
992,15,-0.08179057025678552,-0.07785238411495705,0.029144680952106452,0.02028765352956169,0.1319651135571311
993,15,-0.07450590792120262,-0.07621187171300166,0.029523979864891615,0.01629436815771136,0.13417072872779756
994,15,-0.06946873393037864,-0.0713127125552883,0.033262034091623885,0.013491437463379746,0.13782216540017114
995,15,-0.05857724914872228,-0.06930251015515237,0.03596832551437395,0.016638234669586763,0.1384788366701973
996,15,-0.05340167632625839,-0.06905254345413045,0.03718699305449392,0.022860496386911594,0.13676360653971745
997,15,-0.06191463607705461,-0.06724166882192245,0.038247721492756,0.020290665807851063,0.13586451088013507
998,15,-0.06093792086132757,-0.06525785355919607,0.03827016178893515,0.0152927116576701,0.13457039138934035
999,15,-0.057048901955889464,-0.06338576530070578,0.03723177898502025,0.009366838410868605,0.13332040472303938
1000,15,-0.060138498678787594,-0.0625623653884816,0.035977609816026684,0.015706461533713773,0.1314860079548158
1001,15,-0.0704940586456243,-0.06436818433859344,0.03608993188225818,0.00934161431088934,0.12857383672785005
1002,15,-0.07412751894822722,-0.0666589091738454,0.035988520303851135,0.012462677251769055,0.12639128806991054
1003,15,-0.06972037023274225,-0.06664001464398062,0.03347915704192054,0.014522849054693462,0.12569142241527462
1004,15,-0.059766356976631935,-0.0646216826415372,0.03198963990401809,0.008973268202525503,0.1252870396130349
1005,15,-0.05829573738360182,-0.06071976933780445,0.03176057450530069,0.022952245544251612,0.12364800852390485
1006,15,-0.057029864633211955,-0.05913252668054284,0.03151859608999535,0.013353137143916352,0.12577175160165532
1007,15,-0.052024847095589924,-0.060070987015491045,0.03286855620232784,0.016155151357768585,0.1291552927257579
1008,15,-0.04872244014481679,-0.06134092004364782,0.03718296524609261,0.020228896589596965,0.13115506512533945
1009,15,-0.05289668320332287,-0.06142181980218856,0.040255971770481624,0.02795145636830705,0.13143793107593757
1010,15,-0.05463683159451277,-0.061557826756811124,0.03805889777553241,0.028482874264107123,0.128792504946777
1011,15,-0.05257043937623883,-0.06168807631565165,0.03392607538406506,0.017580366217101212,0.12414640658735772
1012,15,-0.046195559729049374,-0.061824875449051825,0.031929096957241776,0.012156774854280877,0.12148167977421406
1013,15,-0.04465703825260392,-0.061178399863631445,0.0339141407379719,0.009634908635030276,0.12288754633912197
1014,15,-0.04232300838661493,-0.058949321122080955,0.038172833869459515,0.009776967290975033,0.1264094801016262
1015,15,-0.04055970631280925,-0.054806387773538544,0.039742565941356035,0.019135164335998683,0.12911773868617343
1016,15,-0.03849205741579059,-0.04990012361200648,0.038898997013494925,0.010598457301045833,0.13035938131347105
1017,15,-0.04158223398582356,-0.04961630958011264,0.0379483018199337,0.0048285998439753786,0.13137093114068563
1018,15,-0.04465286913176297,-0.05188708132061866,0.03617583107273419,0.007715997501451383,0.13219756689249945
1019,14,-0.04436531885526351,-0.05508277981132141,0.03736187424108033,0.007935362559212435,0.13222680941422066
1020,14,-0.044113210731779255,-0.05572041898593412,0.03837883325046826,0.012991841365833666,0.13034824809321616
1021,15,-0.038391760115088505,-0.04815542747138083,0.04096980391336024,0.011943538685779645,0.12766518822991352
1022,14,-0.03998590198405499,-0.049996777149898426,0.03436622185796486,0.005689482458805645,0.12578024627000695
1023,14,-0.036961859469742356,-0.04735002047250896,0.035080027264898624,0.004644951017832036,0.12416411018077093
1024,14,-0.03729654268775306,-0.04531115640628421,0.03755444902854983,0.005787489957007848,0.12335744514917114
1025,14,-0.03589312438526901,-0.0429338655933295,0.039332543390465366,0.014418750581067327,0.12261187644977224
1026,14,-0.029906826271688627,-0.040497514732940366,0.04094687673750866,0.01476916853007184,0.12241869001689852
1027,14,-0.02962333094238695,-0.039399619800552746,0.04316501796519871,0.01576746047783456,0.12476478730775578
1028,14,-0.03075873920913605,-0.038749823704063664,0.046051349551000535,0.01767582931318841,0.12858346850320795
1029,14,-0.027576349470778132,-0.03817118177907095,0.04774204256027552,0.01828216927626427,0.1322937248681486
1030,15,-0.02670411949303772,-0.030168619687746385,0.05602401680003411,0.02708512488760778,0.13395525838705355
1031,16,-0.024656643569890377,-0.0296891439437965,0.05454228933670282,0.023983899564077177,0.13263326885300386
1032,16,-0.03348219027455088,-0.03944502452938467,0.04456475570162357,0.023271302804547915,0.1284312710428578
1033,16,-0.023886757189434237,-0.04193055947159968,0.041388921475394164,0.016927394910399823,0.12373053532189383
1034,17,-0.03076354024061198,-0.038820331035927,0.03998004062643745,0.02361150790095358,0.11967450926084436
1035,16,-0.01927936772951648,-0.03226856401820478,0.04090406224752799,0.02047559735720371,0.11952448745207354
1036,17,-0.014102584152543847,-0.03035732260514659,0.04111571186232944,0.011741029058951559,0.1187108119063335
1037,16,-0.017427104706780685,-0.030224090041334927,0.042902948997198036,0.02035200074280441,0.1176853270347512
1038,16,-0.026263381076812184,-0.030343266228644247,0.04120828367271917,0.022536402837183597,0.11355260775449606
1039,17,-0.023756110485352727,-0.027658524921886904,0.039870143389213346,0.021365308799308903,0.10807186358895897
1040,16,-0.026610882276126794,-0.03268109475923814,0.03551530287621579,0.010774671430373133,0.10651018201539543
1041,17,-0.016962595799807995,-0.03176658552714725,0.037009645913714286,0.01162260847567901,0.10444874631880637
1042,16,-0.014407646692367916,-0.02672028412603976,0.03987414892810717,0.013262304458119576,0.10581662461960013
1043,16,-0.01758725818210933,-0.02408668741942847,0.04193354049260346,0.012474239223822188,0.10830001066148733
1044,16,-0.012279045287504814,-0.020857308656600185,0.0438709026667718,0.020216483289738674,0.11192353636571509
1045,16,-0.0070309282861336815,-0.018796618389048034,0.04393890197338749,0.017963792030444257,0.11414491331124396
1046,16,-0.023220162698716552,-0.025765800749027394,0.04353957998992726,0.025693570713815936,0.1137123764196104
1047,16,-0.02583129600516093,-0.026790906782827258,0.04162384490534623,0.024050482704821522,0.11154885961436972
1048,16,-0.02177710035589694,-0.028584991406189756,0.041130532978294665,0.019971686535892267,0.11685756379647408
1049,16,-0.024760738910136852,-0.02898359264637132,0.04042038650198919,0.018698115571410275,0.1151356338494428
1050,16,-0.02728666762040371,-0.0313252357453129,0.03987281680773115,0.022250819332323764,0.11572114287704913
1051,16,-0.030269992064583216,-0.03397628513983427,0.040872811640368906,0.0237645777326827,0.11960017205443874
1052,16,-0.03207212863424787,-0.03821453894480428,0.04149644350608658,0.023046948636378246,0.1177765484595015
1053,16,-0.03778321693084011,-0.03895461624685713,0.039363787640308984,0.025966100461656868,0.10713169345485518
1054,16,-0.03889241204270882,-0.03700301693719178,0.034674809797123354,0.026528233469012327,0.094381517461788
1055,15,-0.03803040788629551,-0.031159900970177172,0.032297073856182745,0.02118435968162187,0.07595409965487951
1056,15,-0.03597393528949053,-0.025826042880216896,0.03682038830593932,0.01481609414363494,0.06991943352143551
1057,17,-0.02849687156570649,-0.019028129817517316,0.04691861938284144,0.01498256458020758,0.09105059641642288
1058,16,-0.01893870688311128,-0.014866306061168743,0.046375132582697765,0.02084383689531974,0.10334783085623747
1059,16,-0.02196313521903088,-0.019163274783464735,0.035216035904585455,0.015135242111553975,0.05805990906690543
1060,16,-0.021759628554324437,-0.023492793613500304,0.032377623811941994,0.01055576092360088,0.05960337227950338
1061,16,-0.018566795037097017,-0.026757535435592644,0.02968892256726068,0.013016426790597242,0.06483299659693495
1062,16,-0.022527621059637445,-0.02886147686736591,0.02951372924916474,0.017221139290320264,0.07144339882456617
1063,16,-0.025109841276309882,-0.028934614834689783,0.02914773278916921,0.013846202535891701,0.07652109391353466
1064,16,-0.02281322316346884,-0.029966668022189506,0.03270419584789138,0.014224094914427558,0.08344067814215081
1065,16,-0.0261677789462029,-0.029995605157214167,0.03464528758815911,0.01648968534536944,0.0882265873088808
1066,16,-0.030807590747476483,-0.02929923174462174,0.035237021081785745,0.01737942836865796,0.08336143625392542
1067,17,-0.029990863902751283,-0.023355412499426895,0.04323350736426723,0.02406700273580674,0.08847083274268172
1068,17,-0.034343420092025526,-0.026674166631022286,0.041045862580588025,0.02010260267976885,0.06997069401788805
1069,17,-0.03695492669800765,-0.02939971660592382,0.03677967565591891,0.01527113144112488,0.06942191901094533
1070,17,-0.03160745333758508,-0.027580142538616938,0.03233356086213921,0.01923179340272599,0.06859837520360706
1071,17,-0.011028152350194644,-0.022674612366029773,0.029993804312134918,0.01620593694058301,0.06231654999454363
1072,17,-0.017798366975481428,-0.02056934742701476,0.03278886778267211,0.02189761641658941,0.06880067595279674
1073,17,-0.026583380282654223,-0.019239838833557045,0.03418237943932783,0.02546555306443679,0.0626665717268466
1074,17,-0.0208423489781049,-0.019720606137685982,0.03421199140345648,0.020165813741955835,0.06291481503409466
1075,17,-0.01935589096282008,-0.020900784243466915,0.03509009125004736,0.01947752928847269,0.0714772930542822
1076,17,-0.029319172839272746,-0.021040410705075095,0.037390908417328166,0.010425401812264042,0.06937794681645969
1077,17,-0.03537195939335583,-0.021757223367846874,0.03821278774678936,0.012017639880668549,0.06040287566453069
1078,17,-0.02916326857131816,-0.018648484679285652,0.03610842331690845,0.017046430753087802,0.05975259639540663
1079,16,-0.01976201794981804,-0.01956459752142547,0.03377585606917065,0.016302012863134662,0.06408180296061045
1080,16,-0.020004916873711868,-0.02007320391720355,0.03231799296822599,0.018512132996023438,0.06609729179522231
1081,16,-0.02186568902829866,-0.02014710938076779,0.029051271089537294,0.011092985426513258,0.052516882708631515
1082,16,-0.022231480919820877,-0.020568462504212563,0.02728278088751135,0.008485455219742331,0.05064855108393372
1083,16,-0.01789623473604751,-0.02119941031973961,0.026121833938812674,0.01184727960503492,0.05140208141321149
1084,16,-0.019262768441416417,-0.022669779552576153,0.026197865333453956,0.0120494970895847,0.05467017942362651
1085,17,-0.024884919814526188,-0.027675611041180586,0.02740754637337553,0.009484139919282146,0.06782853505493826
1086,17,-0.03167170898428723,-0.03103303264736738,0.028739245669439237,0.016799934824456145,0.068581703970065
1087,17,-0.03488628257817057,-0.03286919222983209,0.030163351553031202,0.02139431533708605,0.06896396288260669
1088,17,-0.026300528037249582,-0.03317039389652644,0.03204772657179959,0.021459805539083887,0.07640009207810097
1089,17,-0.026271488896334266,-0.031215886846810773,0.03249968957688695,0.023223535063779277,0.07303021173780087
1090,17,-0.021819480195868823,-0.027778032177434003,0.03168089978614989,0.024414377903216197,0.06455807423282109
1091,17,-0.02742476130744853,-0.02513865728373826,0.030511327653928076,0.018197212325739898,0.06578004485469464
1092,17,-0.02241230064920944,-0.026203213005254883,0.0308932614945487,0.01688253749337535,0.07690321448476634
1093,17,-0.026346993172574593,-0.031005927184266667,0.03273820002226441,0.014993477765103597,0.08834936112123491
1094,17,-0.036084790156211605,-0.03594168800901558,0.03650869830791898,0.02028963606966816,0.10077538148703001
1095,17,-0.029323218239029267,-0.03807483073411497,0.04086783085875734,0.014046103077268238,0.11233161833839017
1096,17,-0.030412972988820175,-0.03690315652838859,0.04319638969236628,0.01430374898413915,0.1153711129017589
1097,16,-0.03110529716731556,-0.029339953273629933,0.04057972317566612,0.020999779032619684,0.0990971935531606
1098,16,-0.021133467672892224,-0.026105289759475576,0.039501168547902706,0.019939907040913262,0.09234204762410243
1099,16,-0.013218344154252368,-0.02413407973775383,0.03587110690045532,0.014669082837675877,0.09568717640055012
1100,15,-0.009841563831039707,-0.025760214703200758,0.033484919610888224,0.006324681675005869,0.09058921146080691
1101,15,-0.018011460079490574,-0.031017865244629114,0.03280421759344226,0.021216084026526846,0.07976637095722577
1102,15,-0.01817280531008624,-0.03789938716294506,0.04082122738586315,0.029085449813895534,0.0933663176870066
1103,12,-0.0066214954533353465,-0.02310145618907398,0.03758941025057849,0.01283283232507117,0.08466274304026813
1104,12,-0.0026119968505040406,-0.01920745750512654,0.0375452832382082,0.013678888864184818,0.08409305660129898
1105,12,-0.0043847543748289294,-0.018169033602593004,0.03727999265603038,0.022998949533536466,0.08002382950724872
1106,12,-0.005035402154624929,-0.017985045634674714,0.03664010656346099,0.023533658532309785,0.07332011524517928
1107,13,-0.016671390875362,-0.01804515487188185,0.03470726886193362,0.024298565582460005,0.06829678573173897
1108,13,-0.020806180958694256,-0.01790664958967256,0.03479182987676062,0.018207249787491678,0.06851068502428675
1109,13,-0.017711219319923283,-0.016730413605110402,0.03539864406552823,0.017424786778618598,0.07221786669897122
1110,13,-0.005984641424086515,-0.014776166823724578,0.035792723235048785,0.014204950945661043,0.07006599937053627
1111,13,-0.0003326722457708958,-0.01225049281998252,0.03633338796747095,0.013699433390848913,0.06933240830083881
1112,13,0.004470103056769759,-0.009630490591513125,0.03683035545817147,0.01654391420655835,0.06698289185053274
1113,14,-0.005348030618647061,-0.017305230032096247,0.041997674097635274,0.01877031213329072,0.10195197131677658
1114,14,-0.007117833355658396,-0.014137359041039601,0.040202498318117987,0.016470719442940762,0.08483104826425064
1115,14,-0.006495799298909512,-0.010116705807146473,0.039382452838428755,0.015248441612689852,0.07366396667588893
1116,14,-0.004299519848738196,-0.01426863232055152,0.043529209743703466,0.011878198900971252,0.09791501920463194
1117,14,-0.010675719787936726,-0.016728764473697484,0.04905397789652968,0.016660686558191765,0.11230355008315257
1118,13,-0.005563585024508148,-0.007406357734038826,0.04810838917180071,0.012205352243762395,0.11006440628503412
1119,12,0.0010947883615797932,-0.013049315316748642,0.03600177721295531,0.015089241646020568,0.0710164354549875
1120,12,-0.004574555884159601,-0.0117045794654462,0.036982617334355324,0.019455055149679382,0.06957027188220204
1121,13,-0.01358394915984966,-0.01682322540194627,0.0443413078215543,0.017865209324875793,0.1017742147591573
1122,13,-0.008855446224893856,-0.01853140489479048,0.04490597227350431,0.015084564425726268,0.1015854076003376
1123,13,-0.005733459505049332,-0.01798933050735702,0.04450035115405068,0.0202538999345947,0.09305400057684635
1124,13,-0.009986849410536708,-0.013688717204495097,0.04050788460041836,0.02118989532903639,0.07659975662802687
1125,13,-0.0020678377868878495,-0.006023406834841592,0.035090941817800966,0.02192689167390878,0.060981367761181814
1126,12,0.007015577194549285,0.0031138943833177047,0.0271758419770479,0.023565838036891926,0.03368140986597626
1127,12,0.006262828096451588,0.003853559492779673,0.028863390548112072,0.022209818544085012,0.042410962357720856
1128,12,-0.0032780190810925355,0.003757530063578759,0.033406264028530405,0.020789698243769396,0.062307106619125426
1129,12,-0.008650424559139027,0.004310786400000636,0.03523703805606542,0.009124154980596239,0.06831004230734707
1130,12,-0.009760041404062132,0.00297353942577628,0.032521854314130495,0.007597180293046069,0.05892304275929909
1131,11,-0.004655972026850683,-0.0030027928125379256,0.01804301632404453,0.008408761354988956,0.02969882895289839
1132,11,-0.004061263709833271,-0.0006888735739575127,0.016248285203796575,0.010764386775083387,0.025651451227998404
1133,11,-0.0035850584609198877,0.000958420744312567,0.018100741385734875,0.01274562946183233,0.029421701016631045
1134,11,-0.003094566850449232,0.0021735786634744817,0.020864135321702226,0.013212126489817469,0.03235250649618639
1135,11,0.0028245508447036667,0.004455985078364236,0.024064110475568178,0.02272400668748587,0.036644348475784745
1136,11,0.009317190472617684,0.005564736441249712,0.027674034362368267,0.01629167760935509,0.0467743629107796
1137,11,0.013465897444247699,0.00900470348557566,0.026861091686513097,0.018956356419691775,0.04243880404282942
1138,11,0.008515499470476858,0.010592371329161866,0.02596772157123821,0.01826233561600431,0.042657698330423606
1139,11,0.00793728603886407,0.012831200642907986,0.021251710588358456,0.0136642839407379,0.03885119312517314
1140,11,0.014700916303884586,0.010359930142272674,0.025913285131845855,0.017323857573501696,0.04406232653697894
1141,11,0.01940558113764515,0.012184684978997112,0.023132537275513024,0.016262745501543108,0.0385287637760629
1142,11,0.024458516866137613,0.015853750230454964,0.019803411384759474,0.012364427063757906,0.03908081706978207
1143,11,0.020591065782087623,0.017935006928277472,0.017609389095866894,0.013454885876773647,0.03952748143021387
1144,11,0.015506913971621919,0.016923179240007566,0.015738179758633185,0.01298787608274874,0.03738027508748204
1145,11,0.019600865350657956,0.014094538021061082,0.01533857710620851,0.010172897562618112,0.033371390734748756
1146,11,0.014394848946247856,0.011308517921759641,0.017165593264818844,0.012132721687333241,0.030219956095806598
1147,12,0.013054308726167842,-0.014475590977211022,0.08526586875723054,0.012197084848655323,0.14379170036441158
1148,13,0.008716679213863252,-0.006925737342468734,0.04177056351601023,0.011405471489766485,0.09085441337659168
1149,13,0.008315309011709848,-0.00407961246532591,0.03505448397739449,0.011265823932724281,0.069275771411494
1150,13,0.009570851441107309,0.0021752599853689623,0.025517510742514987,0.018451612578092847,0.03722220297655813
1151,13,0.011681889515690075,0.009514787548879126,0.019952114248469544,0.014115627152471586,0.03462188088498904
1152,13,0.016365678808403297,0.015995041135983733,0.01885752990478493,0.018003071221268117,0.03991517128372696
1153,13,0.01842461229103754,0.020192789285000037,0.01873730226890387,0.01305653077692149,0.04695495640449072
1154,13,0.019102681415555284,0.010521581449424423,0.046836485115011935,0.006869084942825853,0.0923730080462566
1155,12,0.02168655804124637,0.021935316408816425,0.015637819251538145,0.008358055157874245,0.0511738436435503
1156,12,0.01976450504393277,0.021482765627404327,0.016910693731649037,0.008559768195416935,0.04503958545660447
1157,12,0.024358057765377153,0.022261088078788835,0.017848373933840218,0.013481844690634712,0.044012643027772386
1158,12,0.02459291831942472,0.023011643433400914,0.017543112271792647,0.015457876686462653,0.04482668845651353
1159,12,0.02453378460658516,0.02260079020179827,0.017152822106388136,0.015388571472318417,0.04455553285278725
1160,12,0.02293259756764121,0.022690186610196356,0.01870664136349782,0.013354255959977752,0.050034173657802467
1161,12,0.022241599020057064,0.023454275750860235,0.018320224678705633,0.010378593974520307,0.05113949388028671
1162,12,0.021589870935543907,0.027207425643877806,0.019493100614145407,0.012876368658174812,0.05846085940435429
1163,12,0.028166200011787202,0.031320516376870014,0.020372322172048315,0.014392013756311849,0.062059892930019345
1164,12,0.0357459624604547,0.03391906762833843,0.018987429017075834,0.006745039177735432,0.06336219586550615
1165,12,0.03465455043988702,0.03131792335100431,0.01609378575962274,0.012004728717295753,0.04941110888622134
1166,12,0.033306957988865536,0.02850817194900239,0.0153375053276562,0.0091380764993703,0.046289059273170174
1167,12,0.030635041449150927,0.029341129928310093,0.017404248166605813,0.013159464809837665,0.04995822670147294
1168,12,0.02668176545972246,0.029380801961905137,0.018910316507857416,0.01456825156004998,0.05586999189219731
1169,12,0.019898731755533652,0.02741836308638912,0.020085817238138397,0.015048579309983195,0.05522001118268348
1170,12,0.02468679927291291,0.029076631927667542,0.024477789397171764,0.013807103609522522,0.06509390018526713
1171,12,0.029835778360565574,0.03272960836967476,0.029541699030385327,0.016402030460828963,0.0772821960227484
1172,12,0.03697275072645652,0.03743970883283051,0.03613839972087325,0.015137797236860921,0.09312601039813473
1173,12,0.03570281212637377,0.04280002525147797,0.041836691331793976,0.013352569621048763,0.1072550885869557
1174,11,0.03849837063004445,0.03452862858410696,0.023462625407848527,0.01879806975342263,0.06513879329705227
1175,11,0.04071712059751654,0.03774471211606168,0.02377446123920229,0.014502915639792092,0.07014424606924777
1176,11,0.03629029852376225,0.03367017721333177,0.028643130809573435,0.031075751558730512,0.0715813517768403
1177,11,0.0270549346582446,0.03113232717700642,0.02696368453541028,0.020708384381372805,0.07016656678223451
1178,11,0.03312922837013934,0.02956671548790406,0.026194342578642334,0.01924264889649375,0.06540603295231283
1179,11,0.027355266879740846,0.0295369275369852,0.02469140953434293,0.020835658501841332,0.06417441634034057
1180,11,0.020352857414301137,0.029696077362636294,0.022690840526385415,0.014646549137793799,0.06325791165124098
1181,11,0.029707440033439954,0.02940981656713904,0.01926968679600449,0.014960035777412846,0.059027606261409904
1182,11,0.027714145922719827,0.028490945372611296,0.015871612698977963,0.013649389798569028,0.052135439077988184
1183,11,0.025852397839078313,0.027895728422336407,0.014101524821593986,0.008392447824573913,0.04705298024511937
1184,11,0.02586740061554678,0.027980088130542327,0.014667430831546544,0.012253057316013324,0.04434191463590101
1185,11,0.02705301287059403,0.026491556766595238,0.01933456128528953,0.015601022632781555,0.04642010726647208
1186,11,0.036581094925622566,0.026445785812227576,0.022708581882393317,0.01054270908854766,0.049565542060496216
1187,11,0.034264695178414996,0.026325213184601168,0.02189015940196869,0.013751960178684845,0.054386842378519
1188,11,0.01991349992827195,0.02672017087033176,0.01968273335515706,0.011281712874673774,0.05668959708394653
1189,11,0.027099959025342138,0.026357097049146124,0.018150909803129257,0.014100976135960813,0.0525178382397799
1190,11,0.02290031902339181,0.023993573204132222,0.01775730865929387,0.009543692550482232,0.04905668251235701
1191,11,0.022788716374565657,0.024668298410629463,0.01732876869201297,0.015327530692696018,0.04973861554359918
1192,12,0.026743849899170613,0.028212928341279198,0.02362433765576481,0.019455533303703695,0.06157406106277105
1193,11,0.028907779799283315,0.02835773903892387,0.02133170232458314,0.018861984482355675,0.05405857237497874
1194,11,0.031808564085512386,0.033425228605708034,0.021616278892620532,0.017504575141724384,0.06084675274469869
1195,11,0.03201869343755062,0.04016310728719943,0.023055307047222078,0.012300554263940666,0.07337989057711733
1196,11,0.042177908095125886,0.047089235994913506,0.02520935942348071,0.02253474592702307,0.08338436067829286
1197,11,0.04681120118641034,0.05071108726993667,0.02688436411146082,0.018893274577430744,0.08989288205912115
1198,11,0.03941236009801382,0.0490006502879036,0.02961885586473303,0.00895624435602834,0.09828375087161093
1199,11,0.0349778841913521,0.04359213822113755,0.0325660716395454,0.014368465309785278,0.09863436131760503
1200,11,0.024422265270945445,0.038583019763278305,0.03261458058329937,0.014352072205651503,0.09417034349164596
1201,11,0.020420627674920422,0.03666192525374446,0.030295698987963145,0.009043569121029191,0.08989725006958597
1202,11,0.028934960883704064,0.03668271017470821,0.029061133363519422,0.017226756101273763,0.08780834464701953
1203,11,0.03413324868961751,0.03626323302383632,0.029507061022156746,0.02411309805647447,0.08268762157092602
1204,11,0.0389372692456883,0.03617425929578788,0.0316405858117268,0.026896564278517165,0.07545888368501114
1205,11,0.04560855776275814,0.038626321317503855,0.03268360309384612,0.02344568885148897,0.0765127378889242
1206,11,0.05544290770196059,0.0427605174737286,0.03135041981934301,0.02409112971776361,0.08094573933587645
1207,11,0.05939763252344182,0.045387173656588835,0.030352213304888544,0.02075763366693098,0.08231614942077561
1208,11,0.059811000643078156,0.046261442327203306,0.028602905130204553,0.01904437727863805,0.08072755933256015
1209,11,0.052186173826523144,0.04748662152927974,0.025666508952198342,0.019020813147185137,0.07729331332143144
1210,11,0.04599422384041854,0.05048024478612174,0.02382439582805643,0.022712867273651502,0.07841056047989142
1211,11,0.05049665501927382,0.05543148245171678,0.025267507106589822,0.024266098457855267,0.09066501260009822
1212,11,0.05732860782350086,0.059967164302138706,0.028709254080440155,0.018132389565629785,0.10795257343465006
1213,11,0.05073299083998688,0.059265641203971146,0.028887241611159395,0.015475142298501623,0.111920914697133
1214,11,0.044024724062929815,0.05350145738785899,0.025813203796488913,0.012803474786789948,0.09982889708606485
1215,11,0.039413418865134706,0.04716696348056449,0.021389155264289163,0.012738582088605663,0.08307617061078257
1216,11,0.03891220640727573,0.043221697653035546,0.017367185886647804,0.012512218047881982,0.06787608019583877
1217,11,0.046466722861208024,0.0429244957036605,0.017456006674997887,0.01332329483177902,0.06882384563273022
1218,11,0.05030216618108667,0.04726069100818948,0.020533240874918268,0.01180805396796298,0.074558617169794
1219,11,0.0549336274703673,0.054929014644229494,0.024976014855014,0.018943313285438544,0.08909245173955141
1220,12,0.05535999054683885,0.054360291274291574,0.040109800029852045,0.023502309597596645,0.10944694898741637
1221,12,0.0575822890591296,0.05869322739847033,0.03900465617632091,0.028687638742482348,0.11826266829798394
1222,12,0.05867330759227536,0.05875759182554646,0.03386839249339514,0.025859370201081918,0.10932128997650971
1223,11,0.055875106144022774,0.05577032238470592,0.03280607374303046,0.03020114172519224,0.09690108675839776
1224,11,0.059013644247314985,0.05216175337725116,0.03073155872300012,0.027688531139476273,0.09026136163367729
1225,11,0.0571908554979003,0.05025712695868065,0.027833524135697185,0.0260113465106296,0.0878875479379211
1226,11,0.05624315009329286,0.04879977209231101,0.02435414077815898,0.0216849202679208,0.07921400172508533
1227,11,0.05320443352969689,0.04825866955413391,0.024098208083998433,0.018771367342016995,0.0783183573935115
1228,12,0.0511576939744617,0.03917309687137528,0.0353027028169157,0.018729930756375954,0.07536030487329082
1229,12,0.049210864256745146,0.041919212584516384,0.028284408637117574,0.015022680706415714,0.07376420770912627
1230,12,0.04489847490372453,0.04643671042411011,0.02215783416553919,0.014581241501284627,0.07822034393435924
1231,12,0.03966324823988337,0.0430269101207158,0.01892287628807147,0.011723757664142478,0.07377674484745331
1232,12,0.042314800457789195,0.04375578721112689,0.018625454216343578,0.01544470710374737,0.06993404071634389
1233,12,0.04249469460697583,0.0443483596644264,0.022926148855654634,0.016301447653231146,0.07998909321555131
1234,12,0.043902217023644365,0.042031490561395,0.024188746499448802,0.018772347245248844,0.07409201133983605
1235,12,0.04168759576010813,0.04516843571606897,0.028123696453174408,0.013929475826581245,0.08808444303473917
1236,12,0.04581384246107708,0.04993163959614835,0.027413535593090007,0.017948401668080604,0.09205150072844015
1237,12,0.05707093938178796,0.053421985544159105,0.026874567657864744,0.021775667699064732,0.09374674832686206
1238,12,0.05509515332821481,0.05578010489191812,0.024385579570102487,0.01773430339412329,0.09916148079131988
1239,12,0.05269082989507678,0.05668559416323879,0.024195755550404714,0.012256385794009422,0.10080789600159369
1240,12,0.050071773835634645,0.057259701597361816,0.02162072710201534,0.010188075686073453,0.09447787136178867
1241,13,0.045927498392559024,0.060249344778405725,0.027156143574229814,0.011599848782748709,0.11148177019431316
1242,14,0.05193525690724607,0.05659003414157119,0.02398031542608008,0.0168087322797838,0.09975721501386928
1243,14,0.04745943100326959,0.05055918033635602,0.024028759576120953,0.020732035162279373,0.08548902002237903
1244,14,0.04588284858723091,0.04673864441159455,0.02336212711794787,0.01507923240432825,0.08440774553153454
1245,16,0.038859616222248164,0.035089475657228184,0.03340319585942397,0.01368881519208281,0.077074956775701
1246,14,0.04409979145550423,0.04278528418650246,0.02163215207691687,0.010098293889492935,0.07046079424654884
1247,15,0.035043973401371054,0.03467330646803767,0.030705799324539537,0.022311290236709747,0.07236232501718692
1248,14,0.042558304790951636,0.04062841861367677,0.022686038326170978,0.01686326512707511,0.07651041178204382
1249,14,0.04039337625118426,0.04273246498332055,0.023124369001708958,0.014449175801556741,0.07997242031587423
1250,14,0.03511706946252158,0.04377414118956528,0.024096301831049317,0.011239283281279216,0.08234048181802127
1251,14,0.039926354585647826,0.0472151232857818,0.023750230793036387,0.010795821154343976,0.08881051172751267
1252,14,0.04735288437375089,0.04980949205568648,0.022057137231016363,0.01436011104656906,0.08531796132270576
1253,14,0.05597401341336314,0.0547471323850483,0.025650795432023227,0.016756121709863302,0.09041571839184687
1254,14,0.06462014860078583,0.059771834943056275,0.031368832472706706,0.021849651795190994,0.09771750907330944
1255,14,0.06451277461060252,0.06235980657627571,0.03377478336235201,0.026568138451705893,0.09941310159409136
1256,14,0.062421010150184655,0.061423764156923695,0.02974503500965696,0.020926403349822938,0.09731082495860863
1257,14,0.0583558572608781,0.055601868835918625,0.02539185072917829,0.020125864722992326,0.0861037797946361
1258,14,0.050773771611736934,0.05095203930878446,0.0213004383500307,0.01655224954720675,0.07826891056534667
1259,14,0.04773817349920556,0.04967666025127069,0.020035402402129043,0.010706804848842549,0.0762044726547248
1260,15,0.04916204614969071,0.045324762112538185,0.03421847335189259,0.011262646966012362,0.08196335647005784
1261,15,0.05056247472933074,0.04810468127639269,0.03633858172228161,0.008838116452263574,0.09302574699697827
1262,15,0.048741164951850595,0.04977064997001614,0.03738137442318036,0.009678486974167018,0.1006309818058966
1263,16,0.04977127499441008,0.05197316333966656,0.038352032089548745,0.014779594111583933,0.10950612311581558
1264,16,0.04935726105618986,0.045652481335746314,0.036287507325728094,0.014859515435454933,0.10287861315226002
1265,16,0.04531231219050298,0.04112070696136631,0.03563928930103571,0.021887662468713383,0.08915129295256588
1266,16,0.04471707435531881,0.037173605596960715,0.03556393836151981,0.024460510093166132,0.07945804683214022
1267,16,0.044655497219271006,0.03447895730209107,0.03711200001436991,0.023329857831517656,0.0779588646419439
1268,16,0.04314468721983801,0.031995119858047955,0.04044550876658061,0.025624911272984913,0.07926400517811108
1269,16,0.038676081603301285,0.032085119556647335,0.041609148112898287,0.023770147882479657,0.08390641426690319
1270,16,0.041640006933180165,0.033590125999791026,0.039950789904320244,0.02326915799679019,0.08069659500604964
1271,16,0.039427975360087276,0.035756018423986825,0.03783936271612705,0.025896466348078604,0.0779615405135601
1272,16,0.041346073614725865,0.03662170370401692,0.038610784928008006,0.03102810010110725,0.08104267162845857
1273,16,0.04653325604539328,0.03696825779392564,0.04123740193502928,0.025556688674925866,0.08780031405084614
1274,17,0.047629838608139644,0.04427173133583766,0.04669438466304553,0.020061979316909274,0.11101967148878215
1275,17,0.048949184554630105,0.042526186960307105,0.042450926416165734,0.021850202236069198,0.09091582494321926
1276,17,0.047277823172798224,0.0425891018674892,0.04110791682346756,0.027631946517102136,0.08811056604568973
1277,17,0.050095765165969655,0.043043401678803994,0.03802359526649037,0.024471469631419662,0.08449676702273928
1278,17,0.04919060608398158,0.04059553896739511,0.03597843278179295,0.02006252616981294,0.07866157985134009
1279,17,0.048145971120222106,0.036687987278993764,0.03595242121539097,0.018097999384062743,0.0773291997855013
1280,17,0.047418123860034994,0.03561981643508332,0.035590808867878895,0.021050052098634836,0.07627776470033766
1281,17,0.04435126990299933,0.03646423100788897,0.03485698214450986,0.02439500360099836,0.08745788273565754
1282,17,0.03500528547030514,0.03553615965392867,0.03338334478270911,0.021677034485836175,0.08339619239970082
1283,17,0.03604226859743723,0.03350172160329065,0.03189767022366797,0.01899097789003057,0.07797718051357551
1284,17,0.026162125831362987,0.03346826950880816,0.03137005680601774,0.013083874394389072,0.0765758628354175
1285,17,0.032800183745588504,0.03633098355407732,0.03228516650467195,0.015764586982148526,0.08013165949425273
1286,17,0.04273184555055488,0.03987618795947799,0.03398593676490639,0.023521874328572473,0.08067366569880798
1287,17,0.04566524565396678,0.041937106471456743,0.035436686150451605,0.025541062322484376,0.08716993506504014
1288,17,0.04447041290229504,0.04224855273843391,0.035635052579776845,0.02227119328112031,0.09195198320157871
1289,17,0.042404511127602795,0.041703891155043867,0.034938807136995514,0.01845831092160123,0.08251359495183594
1290,17,0.04978232711624718,0.0410217234126728,0.03476824146156189,0.017295698761914113,0.08403033438666152
1291,17,0.046977462119601535,0.039791881643497215,0.0360485488945263,0.011878917460009332,0.07592541492630102
1292,17,0.04542566584183562,0.03826098501807595,0.0394588697474851,0.022636009308826196,0.08248309016346148
1293,16,0.04686934861653336,0.039083461196184575,0.04135150687369492,0.019474177984456602,0.09057163608565774
1294,16,0.04164962492377863,0.0373095802340433,0.038081735705645436,0.02046763358446136,0.07552477329680486
1295,16,0.03602519074560767,0.03503929374660439,0.0355231662321241,0.014423469045565355,0.07990464985882294
1296,16,0.03677881861507545,0.03489110556908652,0.03669097986137826,0.0193921265314709,0.08074263459133824
1297,16,0.04441742844078582,0.03811259903077216,0.039009082957227784,0.022287500462876537,0.07796321374029594
1298,16,0.049531031242861484,0.043103093488477684,0.04132038856233897,0.018232916927075765,0.10003376349699791
1299,16,0.05524432793835377,0.05949127974310498,0.046710424949291084,0.016781760150808317,0.13690423302666244
1300,16,0.04873984101159734,0.05712091971800007,0.04173472851827716,0.020519028428317286,0.13146917427433222
1301,16,0.045466968827153884,0.054237429531652864,0.036251107381401346,0.01695122856429527,0.10593151301136412
1302,16,0.050403105338571896,0.055667583487510205,0.03433198196423496,0.01729432243649995,0.10654084622869803
1303,16,0.053996561047114366,0.05759776541664954,0.03466912682987032,0.019801111448036687,0.09969430633564336
1304,16,0.053953807389611155,0.05641970210905546,0.03449389605644249,0.017244171038358323,0.09720412130000598
1305,16,0.049319467511896864,0.05578940628005205,0.03698830464214159,0.017476746529954314,0.1029145220325956
1306,16,0.04448804100727953,0.05168724741196383,0.037839294370993176,0.01452837905284258,0.1026269153174345
1307,16,0.04058681822364981,0.046986951483659355,0.038267813559227114,0.014457828904635883,0.10183961721089047
1308,19,0.048739395481680464,0.06221565901348827,0.05547230196692657,0.02615521997626047,0.1554033240485068
1309,19,0.04418086356311344,0.054114833949107086,0.044472638345276545,0.027501184503737418,0.11252651285950588
1310,19,0.03598968796358219,0.04189198098262848,0.03500734447203631,0.015316884874559858,0.09965947554552285
1311,19,0.0340013259260881,0.04242304193200694,0.03663610698381404,0.024987219782746366,0.09387226898551074
1312,19,0.04370293533893564,0.043963830513014494,0.03539609736342937,0.0156912814317524,0.08418320995654723
1313,19,0.05143966126573746,0.04679081142262222,0.03576499096601083,0.022119883173579616,0.0840989136158153
1314,19,0.05881094580809252,0.04754793921508982,0.03771217530343251,0.024586835709341497,0.09277134518681536
1315,19,0.05751958147515028,0.04946095168689169,0.03610399980334959,0.025270207895363245,0.09096491824563858
1316,19,0.05398889108566853,0.049919388019519874,0.03386805368489297,0.01581661407977488,0.09798233589023432
1317,19,0.04819101065458698,0.05025291783618285,0.03685776415333106,0.021180197157002773,0.10359523137559623
1318,19,0.048908411768825995,0.049324564482902636,0.04059197690248909,0.02166053171604688,0.10981959817112116
1319,19,0.041157358960980224,0.039526617930943815,0.04138983467297566,0.025068956385665996,0.09502079112998782
1320,17,0.038174549165567735,0.03621293275860203,0.035888655693306765,0.025808452527159458,0.08251542524808017
1321,17,0.039643970282762064,0.03255765266220057,0.03694570542499741,0.029171770538522022,0.08667935208256673
1322,17,0.03661700841720271,0.03254460018463906,0.035330984482203516,0.023939270907507,0.09200081590475202
1323,18,0.03506191907815485,0.038935036086302166,0.037734541233043435,0.022681080479861795,0.0970184498940794
1324,18,0.036954732437749625,0.04096186043567613,0.03587608201790383,0.02239828738748553,0.10095239921683212
1325,18,0.04208426091037285,0.04456297859866765,0.03622378066886909,0.020692556181404427,0.10471708528515533
1326,18,0.047485511967386346,0.0452833692831665,0.03809487367355354,0.025351939384474814,0.10159985559659669
1327,19,0.05022740126380959,0.04426815077838778,0.04489361727095913,0.034776739730020045,0.10646889386172008
1328,19,0.043886546795454055,0.03858668574095103,0.05053004458066954,0.033826059603420174,0.1029295764331065
1329,19,0.037795827037191324,0.03984459176980971,0.046023526669761436,0.042080903331768046,0.09445937407809132
1330,18,0.033422421104771144,0.04108141276617858,0.04386923971646907,0.034463777464785156,0.0993359676384767
1331,18,0.034500035065039916,0.04325167385147047,0.040275821721043166,0.022100248737504227,0.1094564328847941
1332,19,0.03596492684239829,0.04382453521316998,0.03907809868285808,0.023266483720119906,0.11019196512172048
1333,19,0.04582768280833765,0.04517410886259404,0.040710622018501584,0.01803193055491415,0.1105454675775091
1334,19,0.05141642506216425,0.0449640656488335,0.04476725545331608,0.026006368776521252,0.11267453833515963
1335,19,0.05255082630703767,0.0434451998682815,0.0477866480427833,0.025682969562370844,0.11477896518755319
1336,19,0.0492229578039388,0.041820646131361154,0.04723599593517271,0.029207654824464642,0.11597643788703747
1337,19,0.048831238330726626,0.041240205587909175,0.04428297305516196,0.024511652962258424,0.10348010941407122
1338,19,0.0430152047053646,0.04100266342021215,0.04090563829513144,0.020807584539036583,0.0859031670272402
1339,19,0.03995743898597026,0.04094450078618031,0.03958947023997782,0.024457207860547517,0.08294799745733222
1340,20,0.0351767650260945,0.04009645704763649,0.04023171500430379,0.024843032476165205,0.09079726794349843
1341,20,0.03562274901680952,0.04167058551385162,0.042316685859182704,0.02455594944206494,0.10407361641010172
1342,20,0.03646443437211354,0.04380762390616564,0.04439560707414291,0.023455796216005763,0.10978699750623117
1343,20,0.03432537862192182,0.044850397403045555,0.045575918982686335,0.02389616945420126,0.10991383270565433
1344,20,0.03575464342038776,0.04598270740131595,0.04524852305113346,0.019302566936200444,0.10864158199560615
1345,20,0.045280121928159014,0.04936482402298524,0.043315523564296673,0.020292947924433546,0.10875505977479114
1346,21,0.054797596856707716,0.052391734352464504,0.04044674382525617,0.018487185227807422,0.10627536007412752
1347,20,0.056127324922604,0.05093759487217527,0.04120274265687717,0.023816625117373605,0.10276517146810686
1348,19,0.062394721478251335,0.05140501252449356,0.042695361434733924,0.025881869062963227,0.11071524587376833
1349,20,0.051084416210099376,0.04699943777655883,0.04695736508053509,0.026693990616409174,0.1129940882503269
1350,19,0.049492969308695206,0.042970929031329555,0.044989293035736094,0.026484170488245,0.08945550371979788
1351,20,0.05686024583610939,0.047386397686998885,0.046978688836913245,0.021541150850517853,0.10829588360870415
1352,20,0.05481025481816541,0.04217457403143363,0.04342113107066512,0.019883731053816432,0.09264441393891797
1353,20,0.040549210690902296,0.03605256161132244,0.04207362584838763,0.020088926508896487,0.08237843896173543
1354,20,0.03471105224281906,0.03240332495545371,0.04114305700054938,0.01975166310354813,0.0933604762768967
1355,20,0.034289963227498894,0.031147188101941913,0.039586801001288356,0.01727665366185205,0.08554855242073897
1356,21,0.028871593152282563,0.030309098021905862,0.03730572435821954,0.0152698058187163,0.08737552561666102
1357,20,0.03432056033239417,0.030933087517499257,0.03694004888566485,0.01417199484512359,0.08754734268472147
1358,21,0.03737819434299841,0.03237268100746068,0.03787232739201322,0.016959032770475765,0.08919508567672409
1359,22,0.0355939334111118,0.03407133440576999,0.04318770769827752,0.024152735036222686,0.09553686834715482
1360,22,0.03215510126847125,0.028358546495285263,0.041389735034987434,0.021446936841074397,0.07886804189380052
1361,21,0.03166038121642594,0.027781832528155876,0.04319830092530087,0.019430016633331333,0.08179584294026951
1362,21,0.032973989839399746,0.027963748212007596,0.04451165858380129,0.027625658582152025,0.0866079708676792
1363,21,0.032931600127995016,0.02787561275431319,0.04564193748270664,0.029133986686949873,0.09583045199349265
1364,21,0.029771080896160693,0.02531759448816154,0.04546632947694501,0.01664622733978862,0.09391990510339884
1365,21,0.02388164781074583,0.022312326611786244,0.04291173105461944,0.02320639005167517,0.08836899717891039
1366,21,0.009024499511948364,0.019998438025564166,0.04222720935074378,0.014817151440464842,0.08991480451818112
1367,21,0.014468834472017855,0.01828741434681655,0.04446909691583271,0.034816588353784025,0.09391597553965061
1368,21,0.015848021778107305,0.017951298729964222,0.046429507203778225,0.04632187843564714,0.08003455306686427
1369,21,0.03204967929053573,0.02073016206116628,0.04350381103928454,0.030515768622033784,0.07081633899330583
1370,21,0.034335676599260595,0.022559782140495744,0.04154315212909247,0.029626813846742858,0.08465250130144605
1371,22,0.034866115230016995,0.023571434072587213,0.04048005697989265,0.02973386835620373,0.07318582731510659
1372,21,0.02788049354438968,0.022753297163361302,0.03892774047995796,0.024140338193798287,0.07040869186298826
1373,22,0.023965914892116268,0.02312311150100513,0.0348472944329411,0.02055950306742171,0.061825298208872594
1374,21,0.02113463156663685,0.02308771315206092,0.032312236678949204,0.023005520195214804,0.06883325830460292
1375,21,0.021104869318585347,0.02160167587383392,0.030747762672625512,0.018810415690540646,0.06223112258018949
1376,21,0.018267019232046586,0.019807162512267384,0.0317378358245117,0.02354357595676717,0.06687565763623476
1377,21,0.021415741899062594,0.016753458661146886,0.03157812243536214,0.02818435492868988,0.05886364706655843
1378,21,0.022506268720570582,0.01409032987371472,0.03183358261932695,0.023626754905431233,0.05578587667550858
1379,22,0.0157872031601394,0.010050802857739925,0.02977376709225895,0.019495042330514238,0.04905408284990925
1380,22,0.009679196046886931,0.005351259601612956,0.027536247446969628,0.01521520021130339,0.047328728437401935
1381,22,0.011823852406810763,0.005865128954440118,0.027622423956532388,0.010851541164308507,0.04677895560468178
1382,22,0.016364252084646244,0.007890662276869777,0.03223093667312238,0.016747661801496033,0.04946779394977944
1383,22,0.017378982690530023,0.008610124262408142,0.038844792448972036,0.015887516106705905,0.0726826550882735
1384,22,0.02440911421740083,0.013906800992046591,0.037655976133205434,0.013511181111666791,0.07183035823234664
1385,21,0.018043301769959975,0.008191227350656445,0.041669962829845274,0.016539744863026284,0.07824148561341901
1386,21,0.011034435295800851,0.004469299283786839,0.04562393396937908,0.020440838248448,0.07842563887638236
1387,21,0.009317288833527629,0.004784852195207906,0.04774861910510886,0.022638626193147722,0.08076029415018965
1388,21,0.012650875218431761,0.007448569796895103,0.04760487144230164,0.025286039062855137,0.08509494296634632
1389,21,0.012640306163124886,0.008478415772435419,0.04668262053620866,0.022288749044049053,0.08123834834635424
1390,20,0.01369376482013464,0.017946506656361664,0.030904630717856915,0.016822349416926986,0.07061460048598706
1391,20,0.013478172881592032,0.017803871032967912,0.028848911479137304,0.006435685422108134,0.0718686971923769
1392,20,0.011804378462147715,0.015601496530076336,0.027322844401485774,0.012955714200158097,0.06494255328998456
1393,20,0.004798421288910027,0.01007628191403211,0.027552771905994602,0.011225684557844194,0.05984211387525965
1394,20,0.00445329387392605,0.00817590297794207,0.029454214564079737,0.012838651730015626,0.055725487934528396
1395,20,0.0072142110943193005,0.007224906302849278,0.030103955319821886,0.017653508068771386,0.0581459411410848
1396,20,0.010639206160835205,0.00884857085077626,0.02830944524515658,0.015683810443960222,0.056955317210546336
1397,20,0.015395631440757562,0.01244016170891713,0.02754936246595501,0.013776845991637398,0.054069413892472606
1398,20,0.013425958175646466,0.013137271519944782,0.027737935723135973,0.019304729116354124,0.06048250975695993
1399,20,0.009322082634207796,0.011393574900960443,0.02701797145874084,0.01834265444097003,0.0524835092214851
1400,20,0.008578645415900367,0.008311323048385022,0.027065450770531043,0.01896862474682544,0.05125807412661821
1401,20,0.0032199302573465826,0.00737358070234401,0.026943040730880198,0.01929630042107795,0.055954894141363475
1402,20,0.004176024632312356,0.0067341190224868884,0.029646167128390757,0.02212649962290873,0.056198759412476304
1403,20,0.002361321277695694,0.006205563320568058,0.03176933701706568,0.024010725025482616,0.06598931725216542
1404,20,0.006051582880273811,0.006130994962171649,0.03144148743430591,0.023439818029355967,0.056573750088322175
1405,20,-0.0010405452036469937,0.003803444879925997,0.03610092689861703,0.02703017075305852,0.067734193732887
1406,20,-0.0014083207687260388,0.005821727147688367,0.036183827236103513,0.024802428266173675,0.07166278012375168
1407,20,0.006078401866000243,0.0051103800523033885,0.03664662746091021,0.009896605768935467,0.06827833161799145
1408,20,0.011564120444886139,0.003772079750067196,0.04016303623598941,0.01638330410755076,0.06753314734342575
1409,19,0.009765249557801937,0.009412278256126333,0.026979538535648006,0.016468707727868577,0.05359401104499852
1410,19,0.00905872897872606,0.006732825128074074,0.029328140133224257,0.018226364432271734,0.05832674981859629
1411,19,0.01108946802802565,0.006909618040488533,0.03117195296573031,0.023127083544141468,0.061628437658280036
1412,19,0.013029053856261939,0.007881734522053017,0.03065003055674107,0.02055287278024118,0.05968844116609168
1413,19,0.006408461279399272,0.0086469683782184,0.02997526779174413,0.0180686101999976,0.056294897385656496
1414,19,-0.0013384698398995233,0.006485568402373907,0.031074597097985025,0.012611425648049571,0.05532242525205997
1415,20,0.004482006549610009,0.009643360343313274,0.03542665941859846,0.019114177228737487,0.08342086691174853
1416,19,0.00989596842273621,0.003714699165687088,0.03030352601320228,0.016489628717246615,0.054931609252487086
1417,20,0.00648253658768331,0.006884811935300444,0.03794203370277657,0.023682217826685434,0.06635252872991984
1418,21,0.00721786795860746,0.004572504465791034,0.03484363731445793,0.02656483448853022,0.062239146561484354
1419,19,0.006075707727455276,-0.00011382726132480939,0.030806221363277816,0.02546431442599071,0.047199115300567654
1420,19,0.007119099341194132,0.003891917694893476,0.026183617817557264,0.022694691847711182,0.049283337184030905
1421,19,0.007623075763913516,0.007430216169837435,0.022766390952069313,0.00974887601125634,0.04008622375944822
1422,19,0.017491201499140192,0.009764647380941521,0.021733449936568942,0.012745852151525967,0.04002051675123874
1423,19,0.01226898121352061,0.009632308976168772,0.022782193598617627,0.013438098653458855,0.04100821616167111
1424,19,0.009715071050472326,0.00964687589199871,0.0234898524478904,0.010735294352750932,0.0461547651978858
1425,19,3.851479704636632e-05,0.006790795575195568,0.02453335273959851,0.016563235814453115,0.04457335007671534
1426,19,-0.0036072783924246815,0.002484729016307327,0.02611458200461979,0.020424951060821636,0.04264668435631962
1427,19,-0.006549078846834547,0.0010258205784518712,0.02611124068447657,0.016972984708398274,0.03964479946000429
1428,19,-0.0007824068810200618,0.0018095161999021816,0.02465091802785358,0.017907928585987817,0.043077482397936066
1429,20,-0.0005210594619570116,0.0035649964998577936,0.02295797612251429,0.011030613879894482,0.04384840847232682
1430,19,-0.0014164594779345202,0.0024384352710492565,0.023463413350141894,0.008821731747418913,0.04579797238899702
1431,19,-0.00315310110113097,-1.5045053555235436e-05,0.025515713056751304,0.009537512258051481,0.048848580242744306
1432,19,-0.005644845287403215,-0.001545179502683658,0.02675118299585768,0.01635817379763769,0.05313466136474783
1433,19,-0.005827024491630604,-0.0028608264072832908,0.0270195042509588,0.01661684295225,0.04555868008400411
1434,19,0.0018403008192452303,-0.0022130451250903876,0.027167348455801956,0.017252240669413717,0.04628323501494957
1435,19,-0.0030275225064937857,0.0011294413608101662,0.029207461708471816,0.016595493133292488,0.051962495724817
1436,19,0.0075055849176073755,0.0054371428198603895,0.03165395915320321,0.016585222311412767,0.05126483409864265
1437,20,0.008246453046085176,0.009166506550851782,0.03318795011620102,0.018725057864136613,0.052525697422877056
1438,20,0.006313049206946796,0.0069755161164453405,0.030889317482272194,0.013565963344024115,0.04496939723136662
1439,20,0.007039877113208788,0.00908713234932232,0.028942859143188643,0.011070703311885099,0.051009880116745274
1440,19,0.010241067975824573,0.01185384177298394,0.027720045059398308,0.017067904380411933,0.0548539675198514
1441,19,0.01031440329954891,0.014624238950490157,0.02703549763045275,0.021873218652920173,0.05963043288933333
1442,19,0.003237084431402037,0.015487326780890306,0.027424867406148155,0.014753889630259458,0.057002877151544375
1443,19,0.008634737831867068,0.015706293895253604,0.029871870291313204,0.021017783369573006,0.06292343971097736
1444,20,0.008936066377959956,0.011853307874004113,0.03569799729309241,0.02343955712668287,0.0682089546537289
1445,20,0.012175914363187119,0.013182625356023844,0.03497431466558233,0.022652575319493478,0.065457995835811
1446,20,0.009435285249280268,0.018737900090540403,0.031749801008366337,0.020139612586146115,0.07773154165263303
1447,20,0.01914279718534894,0.02504988902410355,0.03446647873333799,0.022861818090168944,0.09570340574464113
1448,21,0.033294355258930694,0.024663941713068866,0.03906683376803105,0.02932780645118654,0.08581629646216762
1449,21,0.029606634059375466,0.021086535216302212,0.03769475005198861,0.03450983310295304,0.07015082904462497
1450,20,0.03126113734473224,0.029161706576843582,0.0348380732438572,0.02408499567941099,0.07923033473301974
1451,19,0.03301703857748749,0.03001208590581893,0.03375125401538556,0.024957823411748306,0.08659422521843688
1452,19,0.025564237401762682,0.03295912383614047,0.02854704267219993,0.02102875322726616,0.07979557028937304
1453,20,0.02725805744060287,0.0327922229386059,0.0409840154660703,0.02482534304608053,0.08934651963613069
1454,20,0.024486119112205405,0.028794182603329572,0.03619058700328778,0.026319032034940168,0.07731886752175432
1455,19,0.028796613179426965,0.030116365093152006,0.03463368945796711,0.023365199282702413,0.08082753627385195
1456,19,0.029497675747183823,0.03470704076337826,0.031983990835826044,0.011653182988109224,0.08262091969307456
1457,19,0.030755659539782557,0.03607548921380565,0.030004447321120037,0.009753974225299007,0.08072971766236478
1458,19,0.03408654526672707,0.03403664813780896,0.029746810127318873,0.014817118096298754,0.08817307119089997
1459,19,0.026616506441300397,0.027814522575945844,0.027453158677715247,0.015836036386515213,0.07276672403397445
1460,19,0.021211291004141382,0.025556352957505257,0.03133142447874191,0.014961744258567007,0.0707054648525722
1461,20,0.022583253353507075,0.03012404031434473,0.038324408988467555,0.018822729116485467,0.08469028170991215
1462,20,0.02317447873530746,0.029917135907989157,0.042011132442616096,0.013503700505564492,0.07150968406346014
1463,19,0.017323116068531944,0.02186846711702993,0.021882325124412468,0.010015098002852985,0.06353315338493906
1464,19,0.018108372615175724,0.021993902217802376,0.02250028745766548,0.010223531642726172,0.060961051716355255
1465,19,0.015575538489195889,0.021191930322114142,0.0227519453124964,0.010154409076866329,0.0612459518616245
1466,19,0.011217139478233974,0.018184254485716932,0.023534241831467875,0.010943425601999845,0.05816561847432253
1467,19,0.01632812580520151,0.017830939227237153,0.025283575045098507,0.012103423881648305,0.07188719632881505
1468,19,0.016768513516161085,0.01830519025738929,0.02772896290777447,0.013364794566933388,0.07743586792688137
1469,19,0.010957864406443786,0.018269583425501376,0.02688569801719742,0.008282345846552207,0.07587003516495319
1470,20,0.01657135668877867,0.017483553601013453,0.025183463725288353,0.011438385585995038,0.07590418686963804
1471,19,0.016169066331938736,0.020187183953906385,0.021517693642055566,0.006317217762379011,0.06969355679408373
1472,19,0.02563183471373312,0.026367448456996047,0.020874494556872337,0.008611876083598348,0.06410427245043333
1473,19,0.029294688929659918,0.03213543975803941,0.022514551954760445,0.013933012514207824,0.07038246960624558
1474,19,0.03190048464933924,0.03366748892964394,0.02715993374553183,0.022008822760249513,0.06688069356929717
1475,19,0.0341773001452077,0.033720510595962115,0.030934935423412382,0.02436464802200887,0.09139001668116216
1476,19,0.03989281480786686,0.03221608617864973,0.03297007803678844,0.018205170962789858,0.08685079720249378
1477,18,0.025450502122616854,0.02672827955285785,0.026791463420442935,0.01419286672455426,0.07199970572440827
1478,18,0.018263655528260522,0.026258543567851136,0.029666768864138666,0.012268501522502128,0.08445471594763922
1479,18,0.013589882372291688,0.02224821052038618,0.03349497054135022,0.023715838756684725,0.08322869342585663
1480,18,0.021152660523859546,0.022398688628624194,0.03344908494336282,0.023240478243133116,0.07232857833207658
1481,18,0.02179985613481404,0.02625789785326973,0.029005131020859106,0.020211886195505326,0.0714750039742433
1482,18,0.019046098589171386,0.0298381502657087,0.026732912852790097,0.014666702671750225,0.07248778613599828
1483,18,0.027624609152057444,0.030712920773984433,0.027015617679881098,0.017546344783746587,0.0723228151943266
1484,18,0.0313548857638118,0.02988711529504305,0.028380368289486358,0.016672993916420988,0.08201391212885496
1485,18,0.027687701524490054,0.02936475416279903,0.02964049018485825,0.01746609421517431,0.08610926742289671
1486,18,0.025054869666601802,0.029010719642937485,0.030372889346642992,0.01535582777988637,0.08459159922779665
1487,18,0.022859045316095342,0.027817983484799594,0.02997498556175521,0.009973259452233917,0.08190198064455623
1488,18,0.017034057091662752,0.02570773708974808,0.02977783986804203,0.013475754630200204,0.07938968108716399
1489,18,0.01894937947122465,0.02262161429012152,0.028568305960616425,0.019457148239899903,0.07475106867245072
1490,18,0.020611077365242092,0.02239207757379279,0.027731969263048162,0.01975943519177819,0.06470754136729656
1491,18,0.021991981883496357,0.021109479416790006,0.02877408578390903,0.02579014984288312,0.06139548864750241
1492,18,0.021626724040867448,0.020618912639601666,0.031433871940774585,0.02549717641331725,0.06869657224772269
1493,18,0.016904807854387714,0.019263415077244352,0.03244168256895982,0.018391000573968443,0.07626330242216042
1494,19,0.004413640518950934,0.02213293336876901,0.03977919588364894,0.01714035860164559,0.08742035065150541
1495,18,0.004189791779804599,0.014817555056803952,0.030467289917314073,0.018867961580218057,0.06824194238343045
1496,18,0.004254574018680407,0.013080326299050942,0.028529314091674102,0.01783174581365385,0.0645418569060664
1497,18,0.0046855498930702955,0.01297596033265101,0.027626711683944472,0.016344211699397947,0.05936198151172107
1498,19,0.007412205019703962,0.014478268189503535,0.02735995874306721,0.010822527273807312,0.05515044929475965
1499,19,0.009069676688965841,0.015471459284121145,0.02798922336033812,0.004455704313606944,0.053976382060035334
1500,19,0.011934105519583876,0.0165473435322462,0.025188722328640518,0.00577234381588573,0.053590226864519405
1501,19,0.015622436790056017,0.017738800169323207,0.020176538203897414,0.008945559124327672,0.053505048933277115
1502,19,0.017532556489504414,0.018324166562673362,0.01830275861262577,0.008611779671146173,0.05087045801626727
1503,19,0.01578999405601924,0.018236990840293312,0.019292307329148255,0.0032131498166069958,0.04693690195479925
1504,19,0.015058737421404945,0.018445988536989564,0.020449946960759986,0.007522774583339532,0.0486746619974647
1505,19,0.018761589561335064,0.019196759399929254,0.02141992234459236,0.011293442264673291,0.050584670768058344
1506,19,0.022181352374346496,0.02005301430354777,0.023403537967289806,0.015055236888159622,0.04978306000603605
1507,19,0.02594472661725552,0.020123151630290156,0.025475069539512167,0.013923988686881363,0.0518293058476278
1508,19,0.018102231629446065,0.018733355112221833,0.027019488181409333,0.006466162112126347,0.055563199812551825
1509,19,0.017483578622930086,0.016600557332434197,0.027525747361301787,0.00899862074238349,0.05453164800261334
1510,18,0.011997595605220025,0.013093916407234953,0.02838295227011245,0.0161099534078588,0.05161973191170678
1511,18,0.007410761396068118,0.01106447818090905,0.028954489633553453,0.017009996445062767,0.04956136400031372
1512,18,0.00794577150699772,0.011305438693516726,0.02795426962460476,0.014877640700790555,0.05277835541331707
1513,18,0.010655644883543997,0.01343792832796985,0.025756578277618798,0.019454962340522033,0.054023342677851444
1514,19,0.01957336498559794,0.020688632747338703,0.030664169664044026,0.024232709103536337,0.06239590168358166
1515,18,0.02277408002183996,0.018333006120427025,0.023840926982467377,0.02442796071248989,0.050754053304832854
1516,15,0.031427365931247064,0.02529238530507417,0.024357349908282686,0.017043069513468775,0.059687079425206534
1517,15,0.02526446558406574,0.025639909472909162,0.024008315325908053,0.014778992690412232,0.06259102727901593
1518,15,0.017955058845602875,0.024542515928779974,0.02386867584855295,0.0191581791025575,0.0591675008031784
1519,15,0.017576435205171825,0.023238267437102555,0.02718136090949573,0.01600805501432208,0.06831859458143304
1520,15,0.018337585346613575,0.021375100676526107,0.03069447832482365,0.01685069047377666,0.07154597796031777
1521,15,0.016274217166097858,0.019746030918899204,0.030389238618117216,0.01535729640395022,0.0668615451208086
1522,15,0.012818332325782063,0.01966260638049342,0.0285664898297876,0.02194890522071425,0.05873971650138333
1523,15,0.018408787042583398,0.020762046467761894,0.028495106261868543,0.02770974131183413,0.06310546356389227
1524,16,0.0165886030786806,0.020156283663792247,0.02928899849801736,0.028223072339568892,0.06411684229135686
1525,16,0.021284226270148917,0.03639242722340568,0.05708991044342702,0.02482316914860844,0.11260227666388246
1526,16,0.018630321435185206,0.02454600594973672,0.024590412863211016,0.018584465290375718,0.0661199019210665
1527,16,0.018500376093244057,0.0222090462585429,0.02224596151508167,0.015122721152201802,0.056132576912129944
1528,16,0.0171795729490569,0.01814774335837205,0.022552184035118588,0.0167192593903379,0.0498609975497791
1529,16,0.01709333169806969,0.013203405918621378,0.02374564757676825,0.020000196333384,0.043656287345200565
1530,15,0.014732555108671816,0.0143858657816895,0.01842541885991367,0.015012798859176377,0.0427058663861463
1531,16,0.011403832622679366,0.017580193788477992,0.022437814191193516,0.014890029753963424,0.05574061058589502
1532,15,0.004947278275438638,0.01646729581720873,0.026314878644290114,0.011907999258075582,0.0680018521942626
1533,15,0.012852649026356935,0.020231585481866456,0.034137958888311344,0.011920905241153686,0.08406729177308922
1534,16,0.014850524697565558,0.020908877326448243,0.034079138140108704,0.016680024573104184,0.08242976157606717
1535,16,0.010514084081279879,0.020058680208615433,0.0306858897850581,0.015423839702136358,0.06590431055264528
1536,16,0.017063402993312188,0.017771428819558475,0.030403549136881737,0.015584752381261703,0.07191263196234508
1537,17,0.019773089764779594,0.010280086509590206,0.043185389409601184,0.02107695560182915,0.0850057804069651
1538,17,0.01617199641941115,0.01106189154659153,0.035833458465980766,0.020385701948275627,0.06957482373238745
1539,17,0.008142389578236153,0.013823103381711398,0.028709449748502435,0.018079672905038355,0.06077165150637801
1540,17,0.006576705738704766,0.012402336436866982,0.025694134119408057,0.015245996825333757,0.057929133449723634
1541,18,0.008365539538792866,0.013939819002489754,0.03212166068939341,0.015969815934094925,0.0650305856064653
1542,18,0.007984396178237704,0.012091332061448613,0.029093184841132543,0.018346183146601122,0.06056701079394262
1543,18,0.006470196400341342,0.010860224436287553,0.026831786152112548,0.015548075766312763,0.057669932047618624
1544,18,0.008205570638671344,0.011078301019685037,0.027253109934036193,0.011947337071314446,0.05502736178406357
1545,18,0.007762748072983557,0.01174570682540547,0.028059994401563877,0.018540263892961456,0.056889624473794184
1546,18,0.0038334392229409653,0.009014030384254294,0.025802523245923328,0.019257335393370385,0.04957912744997465
1547,19,0.0017078577430655745,0.013628384125641367,0.03425028481579541,0.018900189191685804,0.06354162486552725
1548,19,0.0015559431380938182,0.00986683108883295,0.029529959675293732,0.020744951457660952,0.05552987678761206
1549,19,0.0006070349751292406,0.005784496909847221,0.028730285245150474,0.021654180816635067,0.04862006425598581
1550,19,-0.006624447783361742,0.0032856747236161194,0.030530229117867992,0.013438706493443538,0.0456527251225017
1551,19,-0.0031987137904584406,0.0014880595973692534,0.030531334015657566,0.014441114207874167,0.0472876059951317
1552,19,-0.004993516448296268,-0.0008179220086934632,0.030242587023210313,0.018109695022389714,0.04909029182706402
1553,19,-0.009599011989396958,-0.0003608663610150584,0.03184034765288249,0.021563586156898407,0.06407937339704092
1554,18,0.00206867703078039,0.004617692545040433,0.027711023350546666,0.018344388840224195,0.04523105065477446
1555,18,5.265883847696204e-05,0.004402649009910678,0.027972640670677517,0.02143993721022417,0.04696782645585986
1556,18,-0.0017983180471380514,0.004826668421100896,0.028640845213079996,0.024597691290060064,0.04740577415906082
1557,18,0.000605438183263543,0.0052820931563729145,0.02938506195563504,0.02232326954826628,0.049832566187144565
1558,18,-0.00714780474058381,0.0033674561363659463,0.03030004947939759,0.026163914687222893,0.054236369457441924
1559,18,-0.007040628903847251,0.0007128724260454291,0.029932493535103178,0.02329736634195144,0.05090692549226473
1560,18,-0.011389902065081982,-0.0027446098338249655,0.028613587406912906,0.0153735801110917,0.04731229473277332
1561,18,-0.011845159052305421,-0.005883204837446695,0.027366608369597895,0.013392996111142905,0.04860106310327309
1562,18,-0.014825200109184008,-0.00948279777870152,0.02747619352529802,0.017218203156345726,0.05129205078949792
1563,18,-0.012025844794533691,-0.009340288419718614,0.0280091250602544,0.022731811276644417,0.04733153366387799
1564,18,-0.010589851924150783,-0.004104560403814643,0.02967529842236038,0.018698244688020456,0.0544572649292474
1565,18,-0.005313817061485629,0.0002246168314373083,0.031922483515495204,0.017810587786783974,0.053592234937331895
1566,19,0.0007075199066858273,0.012932488507528535,0.046502526408643864,0.023308970304934895,0.08484264978568662
1567,16,-0.004860596480708607,-0.0015883553761063289,0.02521360110587224,0.018487696071580528,0.040050553647214604
1568,16,0.0025690799625166343,0.0009910753724085139,0.023325327387546703,0.019493790684468694,0.03566239461712685
1569,16,0.00036757466691193785,0.0009205523616747924,0.023944148817207966,0.016574385275158563,0.039008215366586
1570,16,-0.006555707012431164,-0.0003232091738069329,0.025915148212129382,0.011131696190611618,0.04826800089893319
1571,16,-0.008016223574857019,-0.0032842892339832227,0.02694454549589111,0.013463431836476438,0.05944770595816226
1572,16,-0.007420903926459173,-0.004655727810579274,0.023921966049356015,0.010522424424610724,0.049226057786664605
1573,16,-0.007674223356802755,-0.005308186452009652,0.02673926434246011,0.01000017240885308,0.0508031925530336
1574,17,-0.006068709750063163,0.0024265807359737926,0.04534061432976791,0.015868047397462746,0.07017197164873387
1575,17,-0.006881879010135834,-0.001673652694624932,0.04749337644401981,0.015486050263946206,0.07531092105334522
1576,16,-0.010663953458459248,-0.01456003909330032,0.025253949188770625,0.012364510829482787,0.050697454045782686
1577,18,-0.016117073501642556,0.0014689763633282948,0.06238659589870756,0.013087777909117367,0.14551492511348896
1578,19,-0.013024770379545775,0.006774469377041561,0.06784539054541146,0.018734378695709784,0.14033739661687744
1579,19,-0.012560694797317473,0.0038617590524838282,0.062311380762336215,0.017583886853134396,0.10865190593906089
1580,19,-0.014332748592619723,0.002474312692063445,0.05604351939795724,0.024068090680324533,0.08507659068896631
1581,19,-0.004163216685294005,0.003324383377568467,0.051120041164266154,0.020401804627664576,0.07813365969090996
1582,18,-0.003826143473466343,0.0037418800028901317,0.04844948902503258,0.020984639595529268,0.07504232496067703
1583,18,-0.0017465565249564269,0.005402617285440811,0.0469375665666559,0.01742955181893923,0.07048163647494488
1584,18,-0.0038051101614294466,0.004262751993102537,0.04738744266631354,0.01220026253219558,0.06968727592859293
1585,18,-0.006600919657348731,0.0016401188475160663,0.04952399223826195,0.013365880203949292,0.06921384583256752
1586,18,-0.013205605423471968,-0.0013495393717832573,0.05208996521027099,0.01893045371204591,0.07607702356548326
1587,18,-0.012145363595348853,-0.003023015002760759,0.05434288617024939,0.02368185286833166,0.08094614143915821
1588,18,-0.00889185696071075,-0.0029932364558195963,0.05564693822630301,0.03390228681261895,0.07647518973473737
1589,18,-0.0070167329263269235,-0.0031253991518552142,0.05595579943524769,0.03823144940753667,0.07770333745036784
1590,18,-0.011098521762275671,-0.004930496464099947,0.055395664330069344,0.027985179891445423,0.08732518926947443
1591,18,-0.0203666012992023,-0.007300164195540623,0.05430137575671766,0.01514273437923691,0.09470260049553628
1592,18,-0.016195020043737764,-0.007870533197149978,0.052804772364188284,0.013611209102615039,0.08733526954915743
1593,18,-0.008829844848751413,-0.00628263578589098,0.05259483237464196,0.02497323105691161,0.07968784462844722
1594,18,-0.006855487851737431,-0.0034542495904930437,0.05388780948817837,0.02388344330081982,0.0753424446985276
1595,18,-0.009051585492490894,-0.0013096516732560416,0.054706877108908473,0.030013895361812083,0.07946694158946528
1596,19,-0.012182564505967771,-0.0029866015271610316,0.051901652291986955,0.026039274304197276,0.0700646458738568
1597,18,-0.007562962014779169,-0.0034178610814047912,0.04992168401666218,0.018710111946381947,0.07060953934885963
1598,18,-0.010601270693815747,-0.005820172374634899,0.0488835863177979,0.019309154521760147,0.07317280708991417
1599,18,-0.012969108160505984,-0.006656915181279265,0.05141301702750082,0.021653501862703383,0.07681234011109031
1600,18,-0.01811962495105092,-0.006259158620242236,0.05493520098248538,0.0269037581311979,0.07872808296346775
1601,18,-0.024052630979179757,-0.006522831427233047,0.05656470844673603,0.025686236332616817,0.0810642012987653
1602,18,-0.02296264655990723,-0.007651131898334672,0.057521791993136534,0.027098621647618875,0.09192985131485523
1603,18,-0.020854590353834086,-0.006785235353984428,0.058375948107472854,0.027175489895200893,0.10985737463272738
1604,17,-0.007679549140982664,0.002387211735355298,0.054581993761917705,0.025945300619974895,0.08273312020239616
1605,17,-1.3578354703294715e-05,0.005602725770711653,0.053947424134643075,0.028808087540239224,0.0868170781437
1606,17,2.2275168545837862e-05,0.006116774273608566,0.05283145202903378,0.031370781094058685,0.08741219985589008
1607,17,0.0017310735378358172,0.004844968737367243,0.05216572409885516,0.02902451884936607,0.08587222770636749
1608,17,-0.003070346466296031,0.004343086599603651,0.051230404986774516,0.0116781126611216,0.0865895558338079
1609,17,-0.0035162675506410224,0.0043899821150133545,0.048382434758713296,0.010481544501730916,0.08229574594792968
1610,17,-0.0035543046214833052,0.0035926322215622335,0.046253069870313364,0.012244196490700935,0.07338159752762856
1611,17,-0.010492878992944425,0.0023173322310846684,0.046885560455396894,0.014819866751406084,0.07160355495060128
1612,17,-0.009688758510204905,0.002421751833093738,0.0479618391994477,0.016462357976201762,0.07894945642295509
1613,17,-0.0037356428974773814,0.003675043705106589,0.04766810927335377,0.018047673535269912,0.07877650795184608
1614,17,-0.002770405439089657,0.00423838862452061,0.0471407045430558,0.020946459147926734,0.08752506337650627
1615,17,-0.0027918684647596226,0.002473239244370143,0.04731693247337576,0.0263948866126053,0.0948542404531576
1616,17,-0.007180216901924958,-0.0008556680738122877,0.0485609824643345,0.026721520698906622,0.0940132470354979
1617,17,-0.013913582749927905,-0.003401276276179626,0.0498012324005359,0.02573014245133664,0.08360715502735849
1618,17,-0.019702695842551243,-0.0039972225839639735,0.05101391901393098,0.023247776066767853,0.07345744277914613
1619,17,-0.02005013309855544,-0.00284598976835437,0.051973490842933755,0.018520497927837,0.07176823822806544
1620,17,-0.018557978470205547,-0.0030187578515523668,0.050979390750350836,0.016303809469284145,0.07437572942368677
1621,17,-0.01569863962249994,-0.0048439257423574566,0.04972282963151402,0.015760481710640054,0.07521773246927918
1622,17,-0.017976444374226283,-0.006382303048562085,0.049317798844037905,0.013591166369837732,0.07478161547186561
1623,17,-0.01709418639173302,-0.005779599695491264,0.04963173436253283,0.0164726428826783,0.07555116491935217
1624,17,-0.01837070103285891,-0.0037833936420577003,0.04915917141887448,0.019190975048375736,0.07660702545868878
1625,17,-0.012792826223483877,-0.001961181434314322,0.049492590827068986,0.018596770915592614,0.07918606683206955
1626,17,-0.012782390268873255,-0.0019385679513716854,0.05095413811754401,0.02040738955416877,0.08360349644269038
1627,17,-0.019053971713805684,-0.003704367220012873,0.05355328945747227,0.020062377203449652,0.09159532796277103
1628,18,-0.024313846747792328,-0.0031793330220750557,0.060047456577466164,0.021621238873898607,0.1043572931427977
1629,18,-0.0220088337160122,-0.005178807379898389,0.06396515206438474,0.023480810037910024,0.13393810656186772
1630,18,-0.026094447356511726,-0.006642166813634857,0.06850883305993397,0.02256005838796457,0.15771337030444615
1631,17,-0.03882088178868953,-0.0039433972235388744,0.0740125052490416,0.020691285437063528,0.17745546842122512
1632,17,-0.03053273388292059,-0.0005649986930462082,0.07591277855904452,0.028087327578945748,0.17231728665805118
1633,17,-0.03039828180770432,-0.001972476860583641,0.0766285364841381,0.028370207769780324,0.16388098224084233
1634,17,-0.028854420604832662,-0.002582029435211917,0.07849721607772005,0.02840299933365184,0.1586169445004731
1635,16,-0.022454527143076816,0.005913280676233011,0.07738491809538538,0.02438761205743991,0.1629844181447592
1636,16,-0.019362048273271794,0.0059036588495129366,0.07572440734788523,0.017322969544509445,0.16415820308857965
1637,16,-0.018264421921814468,0.003605934599126525,0.07391815974592886,0.011995235349441597,0.163109680035457
1638,16,-0.018868432495400843,0.0036993594484525053,0.07211788901662375,0.012004032098355901,0.16398944661193507
1639,16,-0.019858500130286977,0.0062487200942358025,0.0737284850172923,0.007167841093624502,0.16721429091742612
1640,16,-0.02074172735015354,0.00805268647309867,0.07589048521426035,0.012789360862610635,0.16807399682759053
1641,15,-0.023428279709020366,-0.0009672350041939374,0.07378089259335827,0.014678283488571989,0.16725384968638252
1642,15,-0.028742943965609904,-0.0029876987973444275,0.07310068290763058,0.01656856297948943,0.1619165887509622
1643,15,-0.027460206085697825,-0.0028229972658946017,0.07321486687044895,0.01906971634830311,0.15855445802817114
1644,16,-0.017644426036676104,0.0032241071216438373,0.07337793380370529,0.027398166492019427,0.15728680119646943
1645,17,-0.015404074436435912,0.011879103796747026,0.07648867843754405,0.03038353353861841,0.15808660718229528
1646,17,-0.01823749757216149,0.008822287455575893,0.07499606422180152,0.021946950351929506,0.16263642526237193
1647,17,-0.0216352989376509,0.00219623357028835,0.07450195602575556,0.024863785750855884,0.16696897449091153
1648,17,-0.0225848882384082,-0.0024065633302762976,0.07397268425737052,0.017863688196761866,0.1682601055259878
1649,17,-0.035155412952807566,-0.005056345206102658,0.07429345510470896,0.02107507077274061,0.16248870221734962
1650,16,-0.04606055332541133,-0.013111975387607184,0.07728784710279427,0.0125726897258149,0.15791881192710383
1651,17,-0.03986299436037673,-0.011335001267738653,0.07952720849689798,0.026853120139668188,0.14970429165611876
1652,17,-0.037577723474579536,-0.013500430295689132,0.08053122952674133,0.037544695383600016,0.1492761098051859
1653,17,-0.032421016032767175,-0.012491437550979296,0.0819039405553661,0.039463674288840206,0.15043611706287635
1654,17,-0.025789530946014452,-0.011418652310463347,0.0823075032272756,0.03446338735525627,0.15166481379320046
1655,17,-0.025173797211065968,-0.011194408026357685,0.08405818172621628,0.03433090194740063,0.1519095593802962
1656,17,-0.029136272834950377,-0.011990682181609414,0.08332011276101851,0.03447965631750319,0.15380598128779038
1657,17,-0.04755516999157744,-0.010785467033928077,0.08045288121457965,0.017297993298589595,0.15557861522541105
1658,16,-0.037504207902800485,-0.008711234345214388,0.07853532652617606,0.019623757837641746,0.15779860709710022
1659,17,-0.0371126092231617,-0.006318214719109377,0.07275891521932415,0.01789137147934268,0.148189588754175
1660,17,-0.03903198963558578,-0.008706301893844798,0.07216308259633004,0.01956764438685983,0.1439822152002982
1661,17,-0.031137473865156265,-0.007963471429294754,0.07050969681638976,0.018481684284885787,0.14283508798545044
1662,17,-0.033332463491574246,-0.008506918761147994,0.06982151134930706,0.021885189393886076,0.14185810002768906
1663,17,-0.0352023374483284,-0.010663896961044497,0.06958541313772917,0.019121328125232387,0.13863841117857806
1664,17,-0.04316858648352784,-0.012120822487248226,0.0699792310372825,0.022696567932897566,0.13636488364736013
1665,17,-0.04177808771719857,-0.011468914161376109,0.07273554022032618,0.0289715642481706,0.14020676319764305
1666,17,-0.05046836922548914,-0.011475860787919746,0.0769398901106305,0.024561787785334507,0.14785698803981007
1667,17,-0.04038980702607542,-0.010495543169975956,0.0799106633214243,0.02796742858202758,0.15504135475834982
1668,17,-0.03456671316069543,-0.010801372612614426,0.08057958788481034,0.03526165261462133,0.15898369023279252
1669,17,-0.030873270151885623,-0.011122352181144183,0.07988047767100924,0.023832082507914604,0.1587058304130171
1670,17,-0.032166428817005585,-0.012323926386062285,0.08040187605879098,0.02327928545591637,0.1585567278969837
1671,17,-0.03747043390347354,-0.011217493728055012,0.08176827625061116,0.0225385948764944,0.16295227996923153
1672,17,-0.04074514720956639,-0.009752938210456755,0.08192778344450162,0.021434050380561218,0.1662206662077888
1673,17,-0.02664750427310944,-0.009546600649264407,0.07998204947685808,0.023313764518429633,0.15961342710017515
1674,17,-0.022763868108578944,-0.009259686231222253,0.07625417044291292,0.027549266791692006,0.14382017816492498
1675,17,-0.024264109368440367,-0.008370819571014864,0.07182879992361554,0.02707357049845034,0.12066487199810343
1676,17,-0.025980182675585287,-0.00824316702626107,0.0680276504243489,0.022640214990978264,0.1000638294960062
1677,17,-0.02866500529367383,-0.00201057433972927,0.07318694141184179,0.018997873305100797,0.13483194264336057
1678,16,-0.037487045600850775,-0.01210337500416581,0.07096226190007532,0.01705542191888079,0.10618975781306156
1679,16,-0.03645443237777266,-0.014639162150288307,0.07382483004674799,0.024423852364383672,0.11391110390571078
1680,16,-0.030789917705879213,-0.01602597844728591,0.07539843251205401,0.0255967375550992,0.11653820178705035
1681,16,-0.027693979336120608,-0.016708378830208665,0.07331778101659225,0.029410428366879147,0.11889281009075017
1682,16,-0.02817124286464242,-0.01717350754749365,0.06956607930300333,0.03254162316480365,0.11144521651423712
1683,16,-0.035502324684286116,-0.017804355128286375,0.06744746296292711,0.02757337897947389,0.1123443792083012
1684,16,-0.04081273546246357,-0.018339738084656474,0.06804070940983616,0.023576273953465954,0.11408320143381712
1685,16,-0.03680396389398361,-0.018232599926014226,0.06926767446494243,0.025248365015729225,0.11640552042533513
1686,16,-0.0369199513018371,-0.01695971173676943,0.07058329263025438,0.022605942581463045,0.11681698406538997
1687,16,-0.030854963200825834,-0.01350857608322214,0.0741409410209026,0.02959815263995244,0.11490560238862775
1688,16,-0.03427382007932922,-0.008281406175815364,0.08028198324426582,0.029819231509907236,0.13032304267400865
1689,16,-0.03677332778769741,-0.0034625018607344037,0.0872321184865009,0.02641202864356853,0.1748290426922326
1690,16,-0.03442102024504015,0.0011441771115706934,0.09676676277225355,0.021139448885904993,0.23445658588441282
1691,15,-0.033275374305554356,-0.015242101091537173,0.074549584736489,0.021909965386651464,0.1299223429564938
1692,15,-0.02824581201983138,-0.01609919536530072,0.07449178988611777,0.014607315647307231,0.1340415732591342
1693,15,-0.0320428542997617,-0.01752879015582475,0.0758793443704657,0.016211075860735627,0.13426235136494497
1694,15,-0.041483671822374,-0.02053029379401873,0.0770721589481551,0.016646997523310197,0.13210291826155363
1695,15,-0.04540594456004935,-0.023711640813803916,0.07856831873315305,0.018959881639799385,0.1294407745567409
1696,15,-0.04674479795768423,-0.024513951437885966,0.07890373982098432,0.02635745005293924,0.1293600715736831
1697,15,-0.04316098428428364,-0.022001330094921213,0.07924192742028677,0.026227047255767272,0.13218192362235026
1698,15,-0.03905547346448393,-0.018623231960032585,0.07738355306995862,0.021899932890986226,0.12582043279883393
1699,15,-0.026395738494462168,-0.015038851508863122,0.07529793967072916,0.023269254654913432,0.12026034036543201
1700,15,-0.025391893950096042,-0.012028184576849772,0.0747055937263777,0.023589391532375367,0.11936210770805339
1701,15,-0.03090695263022078,-0.010208212301599047,0.07743649987329038,0.023501421532225078,0.1423399192776663
1702,15,-0.03552071731176851,-0.009575453637711902,0.08336255748524626,0.01965708178488932,0.16880425586018566
1703,15,-0.03658320627469109,-0.008993935649079387,0.08905324558506866,0.022891541908070384,0.18831092935651939
1704,15,-0.02727952360529265,-0.00744185650629288,0.09224482263818362,0.022453199684158855,0.19899051743795054
1705,15,-0.02536378728778022,-0.004934179067184503,0.09375036058830527,0.031039260783193797,0.20278081606061235
1706,14,-0.02802008930243692,0.003694489176223651,0.09200338600008165,0.02343374659972622,0.20587615708783602
1707,14,-0.029383562458958207,0.007631365714567536,0.09218651884567891,0.021338988640466613,0.21174799614390127
1708,14,-0.024952522161459288,0.010543216599168678,0.09368701862797586,0.020791542436854736,0.21938147166217917
1709,14,-0.018039414955291308,0.010575683882940093,0.0948258441286616,0.022390984077648154,0.2216198376614154
1710,14,-0.027181445548998102,0.008387030004952977,0.09568032972232947,0.018981735050723904,0.22122722939740747
1711,14,-0.029675356479874047,0.005536558987592073,0.09427479203381098,0.016780327579155714,0.2170300729114924
1712,14,-0.028201856933632776,0.004858242596993999,0.0927827992085869,0.009539835189928274,0.21655637170413544
1713,14,-0.028634913854415883,0.004585648691851665,0.09309348860650084,0.01527384959740168,0.21514398148312447
1714,14,-0.02072307926838493,0.005480141055709895,0.09219886044881251,0.017666969985915403,0.21343707406169554
1715,14,-0.026038868569133365,0.005722102510070061,0.09063607731667933,0.018898982268097886,0.20922737869705785
1716,14,-0.020920170273503333,0.0068783176796277335,0.09030386511292446,0.013667843487891209,0.21114753887296855
1717,15,-0.02306235952264381,0.005514888214211433,0.08963753992886098,0.015793723830280593,0.2158311167869277
1718,14,-0.01840068743669079,0.009863552894548076,0.09214861017801365,0.01695526346781265,0.2175437434861322
1719,14,-0.023464882554434185,0.006715560946054294,0.09385049961035571,0.019045673763822712,0.21929113147593832
1720,14,-0.026855545423147054,0.0029092569175459054,0.09663671711578033,0.02072818017519076,0.22106318882255113
1721,17,-0.03844630817955287,-0.020855128668120823,0.10160757679179956,0.02185977317779471,0.21810349165655962
1722,17,-0.044204171502311235,-0.013939101644134278,0.09467646250352575,0.022168985876474742,0.2201008203032513
1723,17,-0.03489968731127244,-0.008813264025752852,0.09042384973006257,0.016028228627900057,0.2209862321803255
1724,17,-0.0372409053233983,-0.005579507364786532,0.08883158975546161,0.011815828118043575,0.22244900806006776
1725,17,-0.031315862080462414,-0.0042146055784463045,0.08786049446960961,0.007543321430658723,0.22413742041445464
1726,17,-0.033525492125499656,-0.005754710618020962,0.08911690821486565,0.009565854957181902,0.22636523339297798
1727,17,-0.03563670848236597,-0.005745241694166692,0.09125971781609817,0.012507822657948794,0.22458374312039991
1728,17,-0.03885448267138901,-0.009785278817603514,0.09274862106444076,0.015643885651175957,0.21289081393651826
1729,16,-0.04267692276921611,-0.028940019120497415,0.060426737721025824,0.014023297446922028,0.1028759766455194
1730,16,-0.04516126566287324,-0.030945315927537263,0.05990192198993272,0.015807277335539036,0.11415768912173381
1731,16,-0.04778424700396325,-0.02769821488646065,0.062420989813382774,0.006104631694705112,0.11184294897901753
1732,16,-0.04187112297722863,-0.024234946945269783,0.06665080223249037,0.017031028073446912,0.12427421218347737
1733,16,-0.03585625257865784,-0.021447641658200855,0.0695799674253478,0.024259748755068297,0.12213575589511705
1734,16,-0.03518285305472247,-0.02112830453675104,0.07235691772012012,0.020558647887782833,0.12309598010819349
1735,16,-0.03805456179392065,-0.020873809145717508,0.07399005980742389,0.022544076399779678,0.12535651547834709
1736,16,-0.04148072434015113,-0.020632229718092768,0.07508075221319502,0.015974412632322237,0.12542280805543438
1737,16,-0.04014951369818363,-0.020956065410680493,0.0754279870921861,0.01459641740126541,0.12585690421871712
1738,16,-0.034150698675021296,-0.021416336639752363,0.07395823603321719,0.0217229792579407,0.11657675841508264
1739,17,-0.03929311366614649,-0.022821636776384744,0.07108159359414175,0.019516519382650976,0.1156773767979982
1740,17,-0.035297121486582296,-0.024859224256789346,0.07206760756824093,0.012722321129407306,0.14270311241371658
1741,16,-0.032369995184103995,-0.017920284120187053,0.07017256250697992,0.014148883873875695,0.10849060296180887
1742,16,-0.026411662820631614,-0.016560057207829583,0.071176756607834,0.014216634086255467,0.12147129112947139
1743,16,-0.028139738884410685,-0.013487651703487102,0.06942270910121179,0.01179706105278654,0.12062299821790043
1744,16,-0.028789802167075496,-0.009743223513290903,0.0660440982839391,0.01401750782118812,0.11260309232965451
1745,16,-0.029530805377327607,-0.007569921084843601,0.06502106193879403,0.014330248251663538,0.10646847919060728
1746,16,-0.023722689021953423,-0.007975131018609843,0.06654728072008326,0.024192244275400246,0.10469653880152963
1747,16,-0.02357377466204527,-0.009462384986119891,0.06838043026526751,0.022603407387255317,0.1122321217651617
1748,16,-0.02231550251312328,-0.009193725195349847,0.06895965622288223,0.011787813213179055,0.11092649198729565
1749,16,-0.021136137822073867,-0.006988193193586054,0.06989065408592587,0.008266693631920915,0.10474635204394225
1750,16,-0.025494724484613297,-0.00480118867591698,0.07165155857329529,0.012110671616108088,0.10538299464353053
1751,16,-0.02576949264013506,-0.003216462331659441,0.07169332108080256,0.01090734830337697,0.10296590025829418
1752,15,-0.020897135883077678,-0.0024906529790579253,0.07164725614309322,0.009150448020067089,0.10901901172917552
1753,15,-0.01435950047174777,-0.000695491142251126,0.069842806220403,0.014538528750886688,0.10534640305128659
1754,15,-0.016300624048026,-0.0025190290194151183,0.0683037456217139,0.011550479292598115,0.10782390555862043
1755,15,-0.020254076391506545,-0.0023202948391922314,0.0682491794686201,0.008715297651643264,0.10543537661108099
1756,15,-0.01823986228191643,-0.001560947605008993,0.07085408031844918,0.005708066276747359,0.11564247202049496
1757,15,-0.014282080514920602,0.0014938822523766191,0.07385425343982051,0.008106939095409799,0.1287660927996821
1758,15,-0.015008265161448514,0.0004788226859908854,0.07633355012537119,0.012317135877277181,0.1366065865490066
1759,15,-0.017532436449611166,-0.0039620632343470175,0.07737058473119877,0.009652904452316285,0.13666106193143807
1760,15,-0.02076144503611671,-0.007713630251119722,0.07792842109517242,0.00811043983760426,0.1306794213292195
1761,15,-0.022436258629997027,-0.008563290584696409,0.07788313121793407,0.010615071165914258,0.12403971543667107
1762,15,-0.02312479696559816,-0.006696566447035705,0.07715809494071765,0.009053473527901992,0.12096761419466351
1763,15,-0.023278972533894854,-0.0029844335842829205,0.07663889040910568,0.01250093328823583,0.11977873411586795
1764,15,-0.02250918093531555,-0.0003260558323869289,0.0764326122893966,0.012258285489191403,0.11875824320925941
1765,15,-0.023116561571554756,0.0011202530977168698,0.07540597371496337,0.013581786184150617,0.1159722248180999
1766,14,-0.021241199791248923,0.0028183971043159164,0.07421002609991716,0.01478226080366686,0.11819245690033242
1767,14,-0.018663214854318398,0.0024357154543510734,0.06999352353585418,0.016176830940030626,0.1105665599594499
1768,14,-0.019180302829455514,-0.00034544396157974326,0.06744166472283263,0.017236900908513066,0.1091754059331498
1769,14,-0.02059499217499921,-0.0027274228787908254,0.06807407172087405,0.01978512482920753,0.11114581026831244
1770,14,-0.01952840074324009,-0.0022830139425281137,0.07203318478244769,0.017036921281587056,0.11609754568368373
1771,14,-0.015223024611326571,-0.0004189011727632192,0.0758645992225784,0.019462470968165807,0.11974893832717398
1772,15,-0.01550793867095647,-0.0012329407081981265,0.07487010371811058,0.015971123727418504,0.11085395642216056
1773,14,-0.016938206089033278,-0.0013445437040411183,0.080460923940853,0.018285804254471783,0.12444489390830837
1774,14,-0.02031666157598616,-0.0002633917286024053,0.08318733461342247,0.021875226983707367,0.12880706014563661
1775,14,-0.017035284623718158,0.0020557585261801155,0.08312292093198356,0.0218344940942879,0.12902326129395647
1776,15,-0.012913384507702567,0.011215067211190193,0.08535298097045607,0.02152255203108771,0.15871154167573415
1777,15,-0.009470585269315164,0.011312609342791621,0.08512439994357447,0.01570726820573124,0.1513166445781619
1778,15,-0.006656349142275156,0.008254823222464493,0.08347084242408813,0.01761207965223647,0.1320818531698455
1779,15,-0.01739507548368052,0.002741242973183546,0.08051736279348731,0.015380114577597154,0.13932209190280437
1780,15,-0.021634570288668574,-0.0003491906640704335,0.0784044988098183,0.02026531424085748,0.13597365688179383
1781,15,-0.020943309890707404,-0.0010402329563322752,0.08024557389437316,0.02421466939412501,0.12741413150112074
1782,15,-0.016226862309186168,-0.0008428587804388347,0.08139685713121426,0.024917025133231994,0.15082762573409747
1783,15,-0.01773027691961783,-2.8650707572144827e-06,0.08553713354986366,0.027741020092380816,0.16648722337348257
1784,14,-0.020320223776916013,0.008023603050477909,0.08604095824089762,0.023933592746101105,0.13464466637108402
1785,14,-0.016048696615139538,0.008673134384268236,0.08754167255826069,0.026138865895271285,0.1354870752451263
1786,14,-0.009492552687832268,0.011883123843394851,0.08532705787119205,0.03410463548397029,0.13302372945639013
1787,14,8.8739192583287e-06,0.015147918888130463,0.08169356737545988,0.0372539721571552,0.12807306967357712
1788,15,-0.000591328465474078,0.011194070877718124,0.07805728023592017,0.037550266193171394,0.11861829614185854
1789,15,-0.0019745072392191865,0.010248263232002175,0.07612217920645101,0.033834041608407694,0.10994677167326514
1790,15,-0.005482230389611903,0.009090511005166679,0.0746137050213234,0.029384964889954797,0.11032547264687281
1791,15,-0.0006077132404813668,0.012566961868132238,0.07498531422981979,0.022939931001831716,0.12028162574664848
1792,15,0.006819603865474033,0.014478069325448102,0.07479786156164357,0.01777833759031781,0.12426788588489802
1793,15,-0.0017642751551616154,0.01409517222286692,0.07650564856039499,0.024052551497602014,0.1344820799347151
1794,14,-0.009784823276794547,0.006772054604189971,0.07579700486711284,0.016147343215093438,0.13053645060632013
1795,14,-0.01264757611897149,0.00808702799494,0.07489325309991153,0.021274023516585167,0.12176731144147493
1796,14,-0.014437780978167518,0.00886736528216982,0.07443604336315238,0.02005502015771743,0.11504831281710458
1797,14,-0.015523357425205088,0.008221781827454417,0.07760228713431672,0.018300968283013662,0.1178282377480407
1798,14,-0.01065274889359362,0.01064287540320522,0.08377036406068077,0.021624484130027467,0.1246036399392276
1799,14,-0.008953125858886121,0.007727078198347363,0.08561870492098904,0.01327292262788854,0.13481803325352348
1800,14,-0.010207882102184103,0.0051429658397281865,0.06581282632361225,0.018937195019294615,0.1136633222131785
1801,13,-0.009213659669492912,-0.007283251911940695,0.027454596579604654,0.016952101467445573,0.049298816593823465
1802,14,0.0032935382960893947,-0.010994982327347488,0.04108920816612388,0.024424891009892622,0.0787168148341442
1803,14,-0.005860445355715144,-0.006556145476826592,0.03470412250481885,0.027856837274671267,0.05838834815885816
1804,14,-0.007808185167084744,-0.007848216965108866,0.025883152693350085,0.019011393857464476,0.045839888323945914
1805,14,-0.01876629166555498,-0.014047777556397143,0.019087924944203995,0.012708643384632717,0.03453625156647332
1806,14,-0.018799373210781005,-0.017610069245020333,0.017316223130959506,0.011258786943117924,0.03932664977125394
1807,14,-0.022094105755076244,-0.021467663322322812,0.01719644559667273,0.011200449584651037,0.04505318827808163
1808,14,-0.027339249144871895,-0.02295668771324343,0.015395899359139953,0.013755249911701156,0.043052082050011174
1809,14,-0.030333122261005527,-0.02956056167896435,0.015381586208028108,0.008100638019078649,0.04920354513754948
1810,14,-0.028498779915705368,-0.028310154689061135,0.016754587711496547,0.009246051972019359,0.04849976720074516
1811,14,-0.02400327700215056,-0.021603583488348708,0.021993668076397542,0.016751841921865438,0.052335615597395475
1812,14,-0.025730894922944315,-0.013525584772992164,0.028893081099925055,0.022731875181773137,0.05047297937689917
1813,14,-0.025609186137040597,-0.008733814547032466,0.033533573564064376,0.022910797451787365,0.04683501961837073
1814,14,-0.025040576658095233,-0.011022570038509717,0.03304996999653496,0.025440043999956446,0.05044238444367019
1815,14,-0.02502520026614781,-0.015045923603661972,0.02617660008143578,0.015900831569296354,0.04336599506576132
1816,14,-0.02609439611755287,-0.02058507979901923,0.022814778915388804,0.02055567264117753,0.05237498703975022
1817,14,-0.02605907808692754,-0.02236694610815858,0.02100558031178341,0.011120390277931106,0.05066314380116723
1818,14,-0.02250203291931137,-0.022760551343650872,0.023800562694176592,0.012704732095311838,0.054486100748244864
1819,14,-0.028191157190215983,-0.02504082846960271,0.026971177164118242,0.01581945929541868,0.06271921303990603
1820,14,-0.03318213747214826,-0.026880332452770488,0.024445713816690782,0.014231520927652522,0.05877317545468523
1821,14,-0.03530337299426872,-0.0288199233740598,0.026861157111230806,0.014557884603664554,0.06331617296691504
1822,14,-0.03314522508091151,-0.0263876020859188,0.02288678626948005,0.011210849270532681,0.05615962763272486
1823,14,-0.03084663494866137,-0.025606619506647745,0.01841481703859089,0.011080261632959429,0.04858238356552216
1824,14,-0.032760489127957496,-0.027643728105057157,0.016638294441115174,0.008528820959631728,0.04477459323381223
1825,14,-0.03329272568080811,-0.029072717517951853,0.018033959672923483,0.009510517907959912,0.04837963320903775
1826,14,-0.02967541774370965,-0.026581378937499928,0.017934618833821112,0.007247929932750464,0.04675969734064187
1827,14,-0.025576540663850067,-0.02351739142910598,0.016805740762301055,0.005072310124393076,0.04291552063014486
1828,14,-0.020499238074626114,-0.0207850199612618,0.015040042313140765,0.006877690072663872,0.04239555008398666
1829,14,-0.015139269501913685,-0.017639092734901746,0.013639466270952402,0.01074873175810942,0.03726935506210089
1830,14,-0.013088401567941664,-0.016502213988174523,0.015029249407371464,0.00695883537251156,0.04223654380731288
1831,14,-0.009328066260817034,-0.01369175216970366,0.018345127041785224,0.006940462663140609,0.04219910919568714
1832,14,-0.0071249471930718315,-0.010404332448125195,0.021556393678350484,0.015671407565983196,0.039242544815157286
1833,14,-0.005071868364764761,-0.006890583416921553,0.024432435553202982,0.019064705478117627,0.04192692644255997
1834,14,-0.004152075535137761,-0.00431909108360917,0.02622007188462046,0.01672092705998799,0.046591447508765045
1835,14,-0.004214912562928247,-0.002784224717799423,0.02655904667715642,0.01794561734062852,0.046868352005447436
1836,14,0.00026510989460865574,-0.0010672583875442928,0.026524899288078052,0.022542739842151997,0.04068202743850055
1837,15,0.003962099639933804,-1.5379482598984937e-05,0.026065262796608465,0.02541374266642187,0.03814941601521322
1838,15,-0.0006957247432191616,-0.0038960909913402834,0.025078247358764474,0.023559698393903664,0.04025740129743893
1839,16,-0.009985464061573298,-0.01157828637095104,0.021533290904439766,0.016699821049860904,0.04608648835232303
1840,14,-0.013307139363885345,-0.015171766002811976,0.020119091373080645,0.014841566702257458,0.04951564592219121
1841,14,-0.01281619353169871,-0.015621624137375488,0.019703439232702524,0.014135455924851815,0.04526777568009987
1842,14,-0.007010292929533209,-0.012048180995210819,0.02068201876231547,0.011899723718509978,0.046559625046856755
1843,14,0.0066486344890633355,-0.007656859251048877,0.022453229973178442,0.004212896917483539,0.04709777223258293
1844,14,0.0044035272191916275,-0.0038485061384774437,0.023166553544830777,0.012602246084023966,0.04035582888829279
1845,14,0.00544369730413039,-0.00034717289085880516,0.02349798747883857,0.017718145991639372,0.03505779089564219
1846,14,0.008153549089316557,0.0013398252343253011,0.0233377994087539,0.016778216881696638,0.036674405897471424
1847,15,0.009626317628231629,0.0009605568359004686,0.020962914438365038,0.010122146696631647,0.030578590133778658
1848,15,0.0066606273365799745,0.00044107766123892923,0.018108751614723886,0.014316264336208313,0.030932306187995865
1849,15,-0.006478066024681824,-0.002025258763511288,0.018087816761451176,0.015046796151953104,0.025660833214602836
1850,15,-0.0069715896705228805,-0.0033950221609950156,0.019831119012575123,0.012940152242279866,0.03564460875889018
1851,15,-0.0057603002180865795,0.0005917761492219832,0.02249071936837524,0.012054741862650709,0.04993892461833836
1852,15,0.0072282624922861,0.0068168678143176765,0.026996682592549316,0.007011145070478817,0.06306921809578628
1853,15,0.01118454441641624,0.008065967662280444,0.030030170131010985,0.012613661652588721,0.06294086704158382
1854,15,0.0014477604735990898,0.003962311602055274,0.031987010775603106,0.021304078905947585,0.04986819440530689
1855,15,-0.00594393651789181,0.0010985023694534523,0.032468743289637836,0.027765438268698102,0.05069722630661626
1856,15,-0.006372832396409614,0.0004732853451986022,0.0340605761551594,0.02956591454825571,0.049154241231886525
1857,15,-0.0019043785872021601,0.0021433768262480364,0.03752095929044112,0.03303275413686142,0.05495049060152627
1858,15,0.009949893566793433,0.0035961487609512594,0.040564803936515896,0.039964254846055355,0.06030596169277368
1859,15,0.0072008313037489335,0.0027866773648613655,0.03965746436460243,0.03326693826803939,0.060956733978063074
1860,15,-0.002273369703481798,0.000854060250703044,0.03424443756956312,0.023858495799629315,0.06268132179291111
1861,16,-0.0012333194053388181,-0.00475720954493237,0.03441073348189632,0.015042769206600573,0.06632979152487388
1862,16,-0.004488361834177015,-0.002235958935102202,0.03100552479944284,0.01998358010094905,0.05721855075688945
1863,16,0.001231387831971278,0.0007065474218921159,0.02968074849996617,0.026874921410732597,0.055650902182866196
1864,16,0.0017834242824585154,0.0021074877911290814,0.028317672260722803,0.024482045823067042,0.04929272025280113
1865,17,-0.0036000327772802987,-0.0015697783548013413,0.033463840672526585,0.015615259755407868,0.06513409331753925
1866,18,-0.006420522101291494,-0.003854815184872118,0.03659741920163818,0.021811431674762682,0.06294601431090746
1867,18,0.0012515579517806512,-0.0031193502955933106,0.03573701407861624,0.022796094950467714,0.05839944058178852
1868,17,0.001489282694970423,0.004137729266630272,0.032728607065268006,0.01184583242626086,0.05578043957723379
1869,17,0.0051096763686832025,0.004541843434916924,0.026996717166481013,0.010634556274344367,0.045838380482403976
1870,17,-0.00627822212909529,0.00343779013148634,0.023305353458763545,0.010035669170129349,0.03982902694378131
1871,17,-0.002769584643712991,0.0028039000864779643,0.02565574019162023,0.020757520253517667,0.041667996136801506
1872,17,0.00014201296395235236,0.005183688733540924,0.029940536415177788,0.01956106734762967,0.04832013906368231
1873,18,-0.0045807188218423694,-0.0012198519231396976,0.039898696095912026,0.016207446087238488,0.06758381807209873
1874,18,-0.0030204904348767082,0.0036938612407911692,0.03476391896245848,0.014457168896350505,0.0636235602788026
1875,18,0.01427704789557864,0.010611319239795764,0.028981422894426453,0.02670080179938057,0.060240286286696906
1876,18,0.013385432628798849,0.01599072090109154,0.031873565453041264,0.026157457263894762,0.062088859192647894
1877,18,0.01789910795431531,0.016259445520210084,0.03064968612939306,0.023136382356996395,0.05944121329807084
1878,18,0.018230734727731714,0.01674105792224987,0.031336762021996534,0.027739294802494378,0.05531474234306782
1879,18,0.016798611791674224,0.014263463955181672,0.027665781318217775,0.021891728712544502,0.055514904731972896
1880,18,0.015524451501693168,0.013136613108608553,0.027240088774393992,0.02068483368336744,0.044539711781092464
1881,18,0.01462017868444886,0.010936115521233802,0.025140207445551035,0.014543794306332718,0.0457556356961502
1882,18,0.006990641709860707,0.00783001661154288,0.025502955819267058,0.013715747969672478,0.04100117787290507
1883,18,0.0014103120956262816,0.0035924692123902612,0.02449763137741663,0.013882387036948482,0.03966762580230362
1884,18,-0.005348684585795065,-0.0008119773851770472,0.023265870818172277,0.005094045453789399,0.04735093235741833
1885,18,-0.008636883992511203,-0.0015350808587137703,0.024139203151387453,0.011588899327077056,0.0494929876328073
1886,18,-0.004749194352451984,-3.798084367581821e-05,0.027647252163784466,0.01878361796427624,0.04954752589311777
1887,18,-0.005464312352433925,-0.00224057963043811,0.02841794878278379,0.018480727486550268,0.05024273271165871
1888,18,-0.002094201602719434,-0.0017662598047721524,0.02941350805382072,0.024023999188199606,0.05142914620668029
1889,18,-0.0032563329855472513,0.0009943459102254905,0.030088745090692044,0.01767900988218418,0.05181049065536088
1890,18,-0.0009827286799113152,0.0043151993312359515,0.030987388719959014,0.01764580073394574,0.04965128040115664
1891,18,0.008372258078464812,0.008809978645604944,0.03048714538662386,0.025964954004292128,0.04883118790956484
1892,18,0.01401710895254578,0.011270612744057917,0.029281754570789367,0.021977008352520172,0.04727549130958676
1893,18,0.012159599448454326,0.008559185327637248,0.02654953289924945,0.02037728210289777,0.04189630864923396
1894,18,0.010700342190346254,0.0035169161055310172,0.025898699324920373,0.015729039218280116,0.04000309825645678
1895,18,0.002531240268606589,0.004947705944605557,0.035126484489468666,0.0241216606716353,0.05886993161016582
1896,17,-0.004167386571943682,-0.004359480213420139,0.025222523211799516,0.020225292398363418,0.04165314736327341
1897,17,-0.009071229541236382,-0.006315204701766115,0.024868180482175803,0.021088333009295773,0.04283226854455155
1898,17,-0.009681544349128123,-0.004681304216600832,0.023577685620582874,0.01983638912874685,0.038108291104285937
1899,17,0.0009037189681635367,-0.0020169125437129224,0.022481912859682353,0.018848907000971086,0.03529755992181449
1900,17,0.005954634926983143,-0.0009061628670881713,0.021829344678111443,0.014544128716842221,0.03506326071345755
1901,17,0.006020838779473819,-3.513591174839744e-05,0.022396192065013875,0.017925927978251224,0.03838916489064971
1902,17,0.0036376895525924574,0.0020226643829910377,0.023963422193114193,0.01643983760082174,0.04031141130675565
1903,17,0.005323556759530126,0.0029754184188519593,0.02438290206541504,0.01600047652803524,0.048252096752281655
1904,17,0.011208661452551043,0.004663892506536434,0.025842747762919498,0.013902853206438429,0.05237224897996556
1905,17,0.007449418476359207,0.005285642972965717,0.02649975831848159,0.01804076631843122,0.04915655654334635
1906,16,0.0003469722621111844,0.0021205864044898746,0.023155052326041595,0.01638376194710304,0.03723687747926052
1907,16,-0.0029639802118522317,0.00043108084249915933,0.02270378352276218,0.01682272583871139,0.035637769669052397
1908,16,-0.006353353794636259,-0.002765557765969346,0.023981546478426055,0.013440624855780903,0.03970270938324669
1909,16,-0.008811493670366464,-0.006336351301533701,0.02499731646354659,0.011803445417758098,0.045047908925733904
1910,16,-0.009468635221288244,-0.008112463630712417,0.025107636108330587,0.017112552895300667,0.04540790746022298
1911,16,-0.005304588448844589,-0.007485879671870134,0.02626239714642839,0.017065487688677987,0.0507012259731399
1912,17,0.003748811481448816,-0.006452332032944857,0.02873802618585619,0.013353973875580093,0.06119827319710783
1913,17,0.007633995549969581,-0.004438086364372672,0.030578480705202138,0.011947109218872452,0.06359257594020057
1914,17,-0.00048387473847721907,-0.0033718062168672978,0.02929892974054025,0.015121784963772852,0.05328748477727489
1915,17,-0.002409872575455603,-0.003686710928371493,0.025066104559830948,0.01728167434942471,0.04159126667242428
1916,17,8.775395746300763e-05,-0.004149218105298464,0.02128159815414365,0.020287481387447293,0.03286774997127559
1917,17,-0.003346246123024524,-0.004321069707441418,0.026089545756615675,0.016360107502735956,0.05482716481671046
1918,17,-0.007306698905143714,-0.005462207299787338,0.030160144360101795,0.016412233084623636,0.058817647665209215
1919,17,-0.011998902724897557,-0.007293645357028454,0.030586455542394565,0.017802587215432424,0.055332829438005306
1920,17,-0.012654985854676774,-0.009511353026886401,0.02740542310298184,0.018380269375830448,0.049019478299404534
1921,17,-0.005462492126621948,-0.009919721999077981,0.028612348873900618,0.01592313581732102,0.06398647232959212
1922,17,-0.008445244495140013,-0.005429992316952907,0.040403716665527514,0.022508076734959786,0.09177725104905558
1923,16,-0.007658192724623994,-0.01075654208655433,0.03442565581674381,0.020575273513412276,0.06185594818936646
1924,15,-0.006087475483015595,-0.006164603549873595,0.022851895455076578,0.01927320662763725,0.03521132224774704
1925,15,-0.00733541576033047,-0.007914098139411827,0.01862392787168207,0.016564964314176693,0.03481288079484892
1926,16,-0.0035405322351184515,-0.007569518187336031,0.019594865359742707,0.011394270009397491,0.037701269744485934
1927,16,-0.007390184170457108,-0.006201732437376385,0.02552381192069191,0.02391650610677504,0.042762575813480405
1928,13,-0.01847930272072843,-0.014431947101354934,0.024337488315039187,0.011722968687794256,0.04859671989463345
1929,13,-0.012335852482110225,-0.01578489262092225,0.022997906289155812,0.015094608983794607,0.05114178836726685
1930,13,-0.021218832081470247,-0.015054406648232042,0.02803834836538594,0.011182259220416789,0.04486616377811968
1931,13,-0.02369759080470972,-0.011748336562440762,0.035576152805189755,0.016549601926374377,0.054606586265618
1932,13,-0.02548813725490344,0.001924233421702351,0.07691674797352732,0.014312738251022958,0.12743466768734835
1933,12,-0.026066940198720526,-0.015787191455007454,0.03428744240383956,0.011704339557423733,0.052890335170368175
1934,13,-0.02579490375729329,-0.017755167285071524,0.03184619463806164,0.010922676145810988,0.05249015951685579
1935,13,-0.015180957844734819,-0.0039682398703805195,0.04321650046395929,0.02158792849526052,0.07124658245787681
1936,13,-0.018216323474636628,-0.00774171946814271,0.0332007461555982,0.02261556625886911,0.05012325781183451
1937,13,-0.018301707599065048,-0.010520867508555529,0.028786414622470658,0.020672572713801428,0.04171031689247767
1938,13,-0.016266615730482173,-0.01124474003565941,0.028636140425273116,0.017274539380173967,0.046485271909903925
1939,14,-0.010877647902368507,-0.007289253982109468,0.032242160086758974,0.025216056546935612,0.0498458665256205
1940,14,-0.009845164439899402,0.0036805410632210498,0.061121179803610114,0.0239225635564764,0.10710886736595641
1941,14,-0.005862147786105149,-0.005740859456579845,0.03823307807920136,0.025616664218334632,0.0677050909050934
1942,14,-0.011465522220767403,-0.007218311089044217,0.03738978124550954,0.02326488318215826,0.07109219757307039
1943,15,-0.006609103813454746,-0.007411422035659123,0.029772752637661364,0.02052985321291003,0.05070123537052748
1944,15,-0.00934283311566613,-0.00679534796036189,0.02416176222626473,0.017884357051978682,0.04330743715260109
1945,15,-0.00789008843284783,-0.006551780733548133,0.020903074027967313,0.009889064937784194,0.041886980279835964
1946,15,-0.014724463499157694,-0.0065342293334360296,0.0226056736516462,0.011255257960746286,0.0413281701998739
1947,16,-0.006047822405217827,-0.008043468425753493,0.027502002208734652,0.021403204636312276,0.04735305857017212
1948,16,-0.008557607319821359,-0.011210759170517044,0.031101256541489406,0.018880914899207242,0.05590239722294206
1949,16,-0.0070922576192279235,-0.012244162735370061,0.031751749928909556,0.021089090380307905,0.06333731393638761
1950,16,-0.013110463851007389,-0.013449464499555686,0.0307358753860755,0.020732775980182496,0.06033024559705222
1951,15,-0.015358001278802588,-0.009496766210004792,0.026928299979480447,0.02292950752088678,0.041483541995484936
1952,15,-0.01541242288787649,-0.007015077074392482,0.026575726315560225,0.017255637731719328,0.035056546396253344
1953,15,-0.010869638283522836,-0.002599122399185395,0.029438907499221845,0.013585978839340372,0.04853827384353453
1954,15,-0.0025099849280849503,-0.0010901366401650662,0.029923937757693524,0.02342516564659894,0.04851277260537313
1955,15,0.0032449198264923665,0.0025039958797617463,0.030415576298514012,0.02760112021250056,0.04891407763354372
1956,15,-0.001182539724345625,0.006951657525459626,0.03080914723363673,0.021615828530132202,0.05558351173723479
1957,15,-0.005236749188251427,0.009726340679996658,0.028080707006219684,0.010385262193023053,0.05796903691217442
1958,15,0.0011134642552990959,0.010718757224735158,0.024733644151443655,0.01370510130172161,0.04815783799478257
1959,15,-0.001307303479638755,0.009700343716293481,0.025871813210947836,0.02106891858697965,0.05068229242154221
1960,15,-0.00013853232437843754,0.006493178197139063,0.02657559209215484,0.01702835329891008,0.05007324115408459
1961,15,0.0015348248122084157,0.00369678258465582,0.02452919023601631,0.014779891602594207,0.046940908084390325
1962,15,-0.003807667195073597,0.001791140672041211,0.023361898400920646,0.01617993025772417,0.041170452096093685
1963,15,0.004706615606774576,0.0015939083782371692,0.0243830515903209,0.015865196725956755,0.041469678042200434
1964,15,-0.0030771704124865074,0.0014602358493638673,0.025728326287669058,0.017213681569778816,0.04706714324123803
1965,15,0.0012312582493043955,0.0018326723574725774,0.026628030722618358,0.018138585577464065,0.054010819854783634
1966,15,0.009822221975833309,0.0028935870200357426,0.02652875123881299,0.01699854282342799,0.051735187054914256
1967,15,0.0008370957418437422,0.003810030846677014,0.02766583468508152,0.02077787955664516,0.043946155722177596
1968,15,0.003291039808049012,0.002507030217045824,0.028934790528866893,0.026334976162418536,0.04654366128254811
1969,15,0.011207829575539424,0.0054841289833811,0.03148946353365156,0.02382423745322558,0.05132381320107371
1970,15,0.007438816183876137,0.006900692467890222,0.03220470118444306,0.02163868453530017,0.05667220118103755
1971,15,0.00967768141022695,0.010020412454186865,0.028657887120066564,0.020700690149627776,0.05312065875551745
1972,15,0.009995758268548947,0.012695452538199592,0.026552216965886673,0.028659043864652775,0.04732290770961307
1973,15,0.008049613283934415,0.012547342279569334,0.02656664388182749,0.02406360338242354,0.04855030734366079
1974,15,0.0149268438464438,0.012163781624917621,0.02407488878462991,0.020440772279875244,0.04836116229183751
1975,15,0.011597494704365503,0.012278696192587969,0.02393767526744155,0.015838516329580665,0.04631786304229397
1976,15,0.011474804833861908,0.009480668031116657,0.025643729705531658,0.0161880494902309,0.048381285360010656
1977,16,0.0059653787023712605,-0.0005119866600336006,0.03187690925132504,0.012216717434054346,0.06149105967608407
1978,16,0.0002338249097896504,-0.0024778429642496017,0.02549294710692762,0.01236465478353877,0.041127855870305624
1979,16,-0.0019955206047841886,-0.00339816553854287,0.020529957893227088,0.015075918939349803,0.031452351665454605
1980,15,-0.003726849235864561,-0.0034687322317717233,0.01939410388747408,0.009874551622480191,0.03679562898383559
1981,15,-0.007642341399950309,-0.007713798806643117,0.019453353973488102,0.008959315436877956,0.03790110893459361
1982,15,-0.007748473713133162,-0.006590515689518267,0.021702404925842494,0.013153343564591422,0.04186036753154512
1983,16,-0.0067792177194630505,-0.00973676202945874,0.03036685000169697,0.01609673005525706,0.05452869405374619
1984,16,0.00015885256790096813,-0.0057342228632321305,0.02832871183939772,0.02214121524950074,0.04664003462490249
1985,15,0.0006961658478028742,0.0051457038795218535,0.022705430310127228,0.01639864647731231,0.04341407624978886
1986,15,0.0020734269373312575,0.006356539510958773,0.020611329834606257,0.01668468989693367,0.034101284071548686
1987,15,0.0038495236976037878,0.006447702705655633,0.021244685957380247,0.018580343875312322,0.033856448084451714
1988,15,0.006778337884678201,0.006055333888291478,0.023993685469139568,0.021977085286119646,0.03609581369621029
1989,15,0.0016740168483704299,0.0070303420942572255,0.025651268666423633,0.022712139060762627,0.0405619175496954
1990,15,0.0067829066826362305,0.008863322964653303,0.024847349690512718,0.021956320614868637,0.0433376633113534
1991,15,0.00968825953831722,0.009479213912846708,0.025122190051431518,0.02595931728143764,0.04105648822723236
1992,15,0.008998904063042627,0.010067452691010548,0.027716484085018256,0.025540553251712637,0.045275989194109745
1993,15,0.004293394507269755,0.01197935112683233,0.030037105975998037,0.023312144247066964,0.04961731005597769
1994,15,0.018322875172437268,0.014064884171304774,0.03282857248169853,0.026975806105360267,0.05986452428125451
1995,14,0.011171950420943984,0.014657134393256888,0.03786678448230314,0.027977937967151978,0.07099498803459009
1996,14,0.014105873702694047,0.01661347240921661,0.038443170617578154,0.028757421152437786,0.07161113911228953
1997,13,0.009179294471172002,0.009720099757279083,0.0348989809714771,0.023948121401006904,0.05730429133056407
1998,13,0.004421919375763084,0.01089640047240221,0.03565524033853226,0.010817211128814164,0.06939484778967336
1999,13,0.0033722868257866126,0.012502172956330805,0.03474723444428834,0.016622569562720183,0.06854203658307775
2000,13,0.007199498980041241,0.013215121687872627,0.03166376157204979,0.019278799049469525,0.07018240842783495
2001,13,0.00355008050237228,0.012936329535692006,0.030686255532764533,0.018096111286579036,0.07163833173253817
2002,13,0.01011989494057034,0.010892688816757154,0.03178384584745614,0.025611544536516977,0.06801468193828471
2003,13,-0.0004711849950314352,0.006707703638901772,0.03133211997037879,0.02165961729569067,0.05412077178512267
2004,13,-0.007857327341865589,0.002724135738779439,0.02614807516376275,0.018136494571144073,0.04021066842134483
2005,13,0.006206455598992078,-7.490200515212642e-05,0.019581220090337987,0.022137982787109524,0.030693210427806466
2006,13,0.0045422798790544575,-0.0004290152814607863,0.017195354505725676,0.011781777097954974,0.02799872719425373
2007,13,0.008188015501844809,0.0032079328223335282,0.020898631464898468,0.013585186654087034,0.0330594991375067
2008,13,0.005698832245114693,0.008147322960440361,0.02604385257533858,0.017192526422090765,0.042121060892506786
2009,13,0.00576432098457564,0.011142720105864898,0.029786295594195426,0.01912794901504395,0.055405050370086216
2010,13,0.00809495780952866,0.01143832404448647,0.03232725081663954,0.02223978928758577,0.058497131653149126
2011,13,0.0007520695719175109,0.009692164788532189,0.0338325417044267,0.024862223782627858,0.058824533382956484
2012,13,-0.0005311923201360008,0.007110024741802099,0.03487634866634333,0.029413565500201643,0.05933484120868301
2013,13,-0.0044981100738549495,0.0056691902097957825,0.0339164272898413,0.025705270278532352,0.054537454874414686
2014,13,-0.0063166436290369304,0.0055092529218748,0.030650200709383287,0.023588905714190228,0.04979269007000818
2015,13,-0.005125889249103885,0.005011974296221443,0.02713324456155989,0.01652967544247078,0.045862014837017115
2016,13,-0.003533796833728356,0.004199910300361603,0.025440458334188305,0.01440017856299556,0.044465854930691905
2017,13,-0.0013894303609692793,0.003628439202658138,0.02608576967417529,0.013361626441838595,0.047204294165507324
2018,13,0.0017649972702490635,0.0031903562061381904,0.02713061549390473,0.010618812770969752,0.04964197276445551
2019,13,0.0008853154447873574,0.0032838165389047786,0.027100740616503256,0.013760952054681612,0.050448516108837056
2020,13,0.007164781407635455,0.003276337854499623,0.02590135203047583,0.021931620098278426,0.045741319407805396
2021,13,0.005303583572763455,0.002684701241955379,0.023665969459189643,0.020267323649508076,0.04046748563477884
2022,13,-0.00025331557920773434,0.0007598227241499598,0.02240929300131412,0.020134629570147715,0.03267389764904786
2023,13,-0.0008290786423459581,-0.005025386116150319,0.02503144624471473,0.021861025233563362,0.04278638091162218
2024,13,-0.006182526276362607,-0.007845420422887122,0.027338321862553278,0.016242265656254307,0.04696190746129508
2025,12,-0.0058739330105747785,-0.003372497490896173,0.02639992668508619,0.02317913894270733,0.0387902913291957
2026,12,0.0002730327798349183,0.0009224353704938137,0.026821420781471674,0.018186323188262743,0.04641215597544324
2027,12,0.004473150342458751,0.006753626294764348,0.024508724348848068,0.016329318207244467,0.04281992619645167
2028,12,0.004411393032117149,0.010093818860630049,0.020096561482634633,0.01580499157911201,0.038923138626896066
2029,12,0.007272757534916777,0.00934516666571789,0.01970719312314606,0.010624307054255636,0.03859713519338559
2030,12,0.004052922028533856,0.0072979910399253905,0.0249523347226674,0.015501554949665796,0.047088838717570476
2031,12,-0.00332211022928083,0.008074804370057323,0.04080618563193249,0.022879921161242184,0.08159986915961522
2032,12,-0.012992786413655012,0.011281300796800004,0.06569979876920452,0.020703523133837644,0.1239633694690966
2033,12,-0.013979416381551504,-0.003409037331988843,0.03160606627337247,0.018090070156666947,0.04963549088648802
2034,12,-0.01149993744366979,0.02027592183687726,0.09301695398018268,0.01653387684224995,0.16356391132463566
2035,12,-0.0014104746567115377,0.021692211925366647,0.0804808826725067,0.019681685936812767,0.1424207139330541
2036,11,0.00609620507462208,0.006074256019331098,0.02732219749027578,0.016567297816261033,0.04804235251468185
2037,12,0.0023993473555713723,0.005313659826943317,0.03848007266518179,0.020847032210646516,0.07624449898436902
2038,12,0.0007722728770629232,0.012514072064784979,0.05519511668217015,0.019611936455664596,0.09981946579094392
2039,12,-0.005513186360036131,0.016826058309048958,0.06912572845026102,0.017955554014620484,0.12651005059822007
2040,11,-0.012543486955356148,-0.002750182930074604,0.027358639794983347,0.009810471089349446,0.04748368699926009
2041,11,-0.011900583253070873,-0.0021650880063360774,0.027794348678300503,0.011570496387884249,0.05095287847773875
2042,11,-0.0061115572975439444,-0.0003296434048770404,0.026065103153947,0.011857294243328063,0.04721250436045653
2043,11,0.002679290326847175,0.0015164473613255708,0.024204174655287302,0.00904963928529303,0.04330417784785183
2044,11,-0.003818902267708646,0.0017931380226688608,0.0236057565288482,0.013895738141234383,0.0452766614772311
2045,10,0.0007869907784220469,0.003330284007548731,0.026176335057427787,0.012208511705794059,0.048543631848732796
2046,11,0.0009962953747287562,-0.0048280287119629,0.03934988962168109,0.012403117458109729,0.07522200140042237
2047,11,-0.007139413795930388,-0.006017123563029122,0.03654833274191861,0.01930085101974656,0.07180699028136868
2048,11,-0.01373630024573928,-0.00764658027990248,0.03602771832646089,0.01107229877473261,0.07322330647205573
2049,11,-0.013055817323463566,-0.010146788295253319,0.036611113266694924,0.00818304465188465,0.07669532332116336
2050,11,-0.008104566734639204,-0.008120485684695545,0.03589876113758193,0.014180003178630367,0.0724503731079327
2051,11,0.00055475820419984,-0.007753463332560195,0.03108322352241728,0.01399552440147226,0.06399612622175976
2052,11,-0.0018176969277647025,-0.007575736809656155,0.029233352042943448,0.0051339713322508355,0.05959076262540364
2053,11,-0.00816192696658151,-0.006581237238834432,0.0319030538522443,0.012559219539026778,0.06076318546133851
2054,11,-0.00958625164514091,-0.006558096378950783,0.03161382077839744,0.015370683499789019,0.06202118090518049
2055,11,-0.007365564830854869,-0.003560622061615565,0.03149842151367656,0.00941314220064949,0.0626584508222571
2056,11,0.0026406710152743554,-0.0023022953543299844,0.03169593714312881,0.012656117076509436,0.06625747510207888
2057,12,0.0007189664836357154,-0.005448611519746696,0.03994004647793608,0.010621425560545877,0.07523784069118315
2058,12,-0.0002778276006520212,-0.0037780155596115104,0.04058125147960201,0.013191124341283231,0.08060115062819526
2059,12,-0.0040605128951471895,-0.0020574086436267393,0.03845835958747703,0.016372001926073486,0.08090164753137717
2060,12,-0.002765815417366227,0.0003989779461064088,0.035088211184990545,0.016273743387464668,0.07334917528181278
2061,12,0.009983039909425895,0.0007721356138657215,0.03341759968056752,0.024492396732009473,0.06493243280003197
2062,12,0.0007390816454033236,-0.0029356778127587924,0.03334662619253252,0.022319494866891516,0.060732562650482755
2063,12,-0.0053593863820703205,-0.00873796386469504,0.031951990181869255,0.018540794863920174,0.06081263246483405
2064,12,-0.014513085571355944,-0.01580823856637961,0.030519147295372594,0.012558795197178188,0.06257964372203938
2065,12,-0.01757502428467878,-0.0139443321832608,0.033221294895665186,0.015861626695600456,0.06305815644231669
2066,12,-0.01650633478406084,-0.012065055067903912,0.03637741738630262,0.022915989374601018,0.06602495530699809
2067,12,-0.0029736545244029456,-0.0008380099256835768,0.04366052914164333,0.018464220271654414,0.079334817552306
2068,11,-0.0020687722473217984,-0.009991422835249425,0.03280314061449114,0.013274654059980708,0.06613855425267806
2069,11,-0.006102639177995148,-0.009908538531285614,0.0316056499822525,0.018808679975888448,0.06174272873485865
2070,11,-0.012082218657068228,-0.008669076274615049,0.03536136538084799,0.010889424355861658,0.06213662624720987
2071,11,-0.015949010693526743,-0.011468002397492925,0.04550471041847285,0.03036688439491283,0.0761483488796351
2072,10,-0.02507993811562458,-0.020525925996327184,0.045919816699498815,0.030936566804887877,0.07511608192894119
2073,9,-0.030841421078985506,-0.011810472050687122,0.05182077538784226,0.019231058833605402,0.08802609900736416
2074,8,-0.02636580882684674,-0.02389825321634522,0.029824522831004268,0.01826774053771535,0.06172664409252138
2075,9,-0.009647889426412565,-0.009307651869325285,0.04979283883336317,0.034010656787876944,0.08248266145483725
2076,10,-0.00035093427647024666,0.004809406047400509,0.053453420146016874,0.037670854012988836,0.08440995628828199
2077,10,-0.008911463192500958,0.006950459596631547,0.05763222920459314,0.031984567400806456,0.10137113053116975
2078,10,-0.014305305412162787,0.003947617596049976,0.059578017470506416,0.029571783829935486,0.1032533461898431
2079,9,-0.01694823215920678,-0.007648922680735495,0.05122264015012957,0.021195456824518344,0.08934962873358465
2080,9,-0.020171570604744088,-0.011443627374435678,0.04830939478091247,0.01820815462993889,0.08703603402382643
2081,9,-0.019360519797394782,-0.013132173393134947,0.04766825361619276,0.02021408075347815,0.08389963358233436
2082,9,-0.021060203866902327,-0.018314774890843287,0.04654594788097918,0.03024789588219197,0.07549337312063525
2083,9,-0.030179370872546976,-0.026786311774842038,0.04579791906351677,0.025158175374016947,0.08342813227823799
2084,9,-0.042577362113089684,-0.032250366401779015,0.04107739577897498,0.022710433192888645,0.08294517536772145
2085,9,-0.04034039365435248,-0.029508057702246387,0.037856233618111974,0.02094775613652236,0.07652523379694465
2086,9,-0.029321612286244594,-0.024874106640780567,0.031399642344101295,0.011918745848181526,0.06737713187188801
2087,9,-0.020701226889886543,-0.02130585640167694,0.029558917932097438,0.008633979568180503,0.06111696059683819
2088,9,-0.023710517229958664,-0.019601837186509697,0.032281276640094766,0.00836751075007499,0.06305125951000003
2089,9,-0.031813382165324366,-0.02437111741462479,0.03391640472775358,0.017884768779546145,0.06978912967274727
2090,9,-0.03719483957807428,-0.028619894963293282,0.03722489898857613,0.020547927741001497,0.07362952468466698
2091,10,-0.027214578307971242,-0.02715336667817541,0.03830734501993851,0.034599654055001074,0.07561508365452947
2092,10,-0.026667610359419693,-0.02823109145410726,0.035546571707543176,0.027014843461456686,0.07390261423393284
2093,10,-0.03507017540718438,-0.027347370652516002,0.03820723384043248,0.025575271439922005,0.07183232681608853
2094,10,-0.030090237332778137,-0.023933393965592593,0.04046657646318124,0.026030807012910925,0.07300106725500514
2095,10,-0.033146117834051705,-0.025002981167912563,0.03996619431308899,0.020261329872261043,0.07234557829338407
2096,10,-0.03768233731214935,-0.02719260682211832,0.036497905977772686,0.019513105216286842,0.07117621617441802
2097,10,-0.031190293785243052,-0.030559675582546676,0.03378881542387899,0.02304888250104535,0.07466561009814994
2098,10,-0.025416271369125446,-0.031042205684206597,0.031684457738070874,0.017484490831656364,0.08026299517518908
2099,10,-0.024209882863028477,-0.030657126245967902,0.02961145513042987,0.016762400431416795,0.07883105063731635
2100,10,-0.030964677138498695,-0.03189959924762849,0.027929601544910046,0.015211007697753982,0.0755465867944219
2101,10,-0.03446535943916493,-0.034431541022978095,0.027821774781365435,0.017008727379814632,0.07409973377390174
2102,10,-0.03975288754375877,-0.03597123693310473,0.02952691463250199,0.015514218481626131,0.0730928479242876
2103,10,-0.039029219607834106,-0.037796410628360214,0.032570805987724306,0.022548589828381576,0.08147996952626489
2104,10,-0.03706861350423404,-0.03436922795090615,0.03055510034156598,0.021099071196591324,0.07534057253768756
2105,10,-0.03484730023672122,-0.0312797350061078,0.029194892881576152,0.01190246058193193,0.0713986359513401
2106,10,-0.029818417073575097,-0.030242821092012002,0.02851957873313954,0.015725164466701393,0.07189008813766407
2107,10,-0.030724030695944687,-0.03128847596403748,0.02993856364575369,0.016319095179416206,0.07779742522514492
2108,10,-0.03557482549510656,-0.03277266969970362,0.032077983726786864,0.0204941022786979,0.08329334172265891
2109,10,-0.033263361010580375,-0.03173213872345097,0.030909662136339285,0.019518350812747862,0.07943996586022355
2110,10,-0.028009859397641196,-0.02772415151439529,0.026958446995006845,0.016985292449355132,0.06600341475665877
2111,10,-0.020890774683758377,-0.02367236847811659,0.02518942535465754,0.011685222217492734,0.06329269167715303
2112,10,-0.015920924374941893,-0.021694881159652346,0.026600425423908558,0.01390687244716484,0.06370176017488724
2113,10,-0.01927765324791227,-0.021761132411059095,0.028359213989660778,0.013063599473663621,0.0640873372676517
2114,10,-0.02079305167984463,-0.02322986901476764,0.02919728207265561,0.01661451277613148,0.06248094015308203
2115,10,-0.022405607715960504,-0.025262380615643953,0.030311870351988825,0.011389407717315687,0.06661328859040952
2116,10,-0.024000941836438472,-0.02594395922909156,0.0314910366980677,0.010430757621244569,0.06925609706066538
2117,10,-0.022849975235354494,-0.024683208021168603,0.0317801178439161,0.015151847908798245,0.06524724881722878
2118,9,-0.022277357620140575,-0.02230810971905911,0.03281371182871092,0.01649916196916521,0.06432578309461051
2119,9,-0.021039893937082166,-0.024127574866472944,0.030998173705171952,0.021318282520993173,0.06449972608087216
2120,9,-0.020308770189912104,-0.026132867556966113,0.028703425930520915,0.023346775649281046,0.066011529096072
2121,10,-0.017881812737986485,-0.02405145226721301,0.028528643515085893,0.022826671169177592,0.06574099642114012
2122,9,-0.02525980844126481,-0.029112704061163827,0.027216153329509288,0.01352967958911317,0.06710643293538321
2123,10,-0.02933371397296019,-0.027117431965602894,0.02937527369179932,0.011487278795596571,0.06715843162978066
2124,9,-0.01673129955547202,-0.022450726336805567,0.03579254430316145,0.017334424950792765,0.06959755368700046
2125,9,-0.009785807251389798,-0.018386065712983117,0.03960154275125369,0.027084814873717868,0.0700872381916994
2126,9,-0.007319835362771407,-0.01564964042251458,0.042350799971886545,0.03211179318313738,0.07003045254135615
2127,9,-0.0058306569516005866,-0.014228524796736804,0.043420634667747295,0.03675706997287021,0.07219285149854619
2128,9,-0.015397228346294506,-0.013675282902524368,0.043398375312538484,0.030884418254291585,0.07350347307318415
2129,9,-0.022039842589154104,-0.015707921274366085,0.04151928537453852,0.0254052837101095,0.07156561213453098
2130,10,-0.017789963494858972,-0.013704678999558115,0.04097398981695108,0.027916923610230463,0.06812588775518046
2131,9,-0.02294386476490709,-0.022777007662631035,0.037645353881241406,0.020888485220950076,0.06816954422926438
2132,9,-0.027177743187511077,-0.02404817706656379,0.03686878910444382,0.017463659916768893,0.06920838821846827
2133,11,-0.02606031682582502,-0.026700235203835795,0.034485852673957616,0.015621910513412413,0.0785694918384511
2134,13,-0.018738772564170406,-0.018722982124244766,0.040296320358123965,0.019018416694595017,0.09339896612617493
2135,14,-0.013386381713934047,-0.008955418810489427,0.05049072820817062,0.022293020947476032,0.09421291386174596
2136,13,-0.02302915784526985,-0.009039412622182991,0.051678481470918095,0.018905703153507897,0.08586628388269722
2137,13,-0.022510017140915856,-0.010075854993197391,0.047730485671966874,0.010870716150426757,0.07682154803806063
2138,13,-0.016682297750454572,-0.011016740023276931,0.0436240294435229,0.01591078024194735,0.07123207395364096
2139,13,-0.010412740246697937,-0.012567839030667598,0.03920556834443184,0.02602919711435874,0.06986256274970819
2140,13,-0.017678017754042395,-0.015146749227653068,0.034470595152211965,0.01676455675002452,0.0679294903459883
2141,13,-0.02079573047969461,-0.017032413082202307,0.030125356059134765,0.026192899917412513,0.061848815809281754
2142,13,-0.017514587329686727,-0.016190748421766977,0.02883858229632386,0.02620795649475146,0.06217786543409631
2143,14,-0.006806963930624382,-0.00561398218553593,0.04104654237419142,0.025404331082687772,0.07938432532112744
2144,14,-0.011867551090733723,-0.00845424441136433,0.03544526732961644,0.03324398655897451,0.05648347975747275
2145,14,-0.011936108103759878,-0.01007111560974745,0.03546663273887848,0.031034966421202573,0.062461337393805175
2146,14,-0.007762229228162845,-0.013168325362700791,0.03393237283685548,0.028819176157455502,0.061722181539706156
2147,14,-0.019045747447959158,-0.016552877136706737,0.03264912750042876,0.0287942206519364,0.06762841876900838
2148,14,-0.017678716763189165,-0.018506074156384777,0.03258623074827099,0.027770704575521336,0.06792278407563522
2149,14,-0.015069665046293274,-0.01763841372938132,0.03297180465620606,0.028375703050968003,0.06440794187336277
2150,14,-0.014938055771159338,-0.014224639654666959,0.035665832136419634,0.026477926415083473,0.061489925409789176
2151,14,-0.017024843334815916,-0.013083520238345631,0.03489422434485247,0.023271629870055474,0.06663120006753684
2152,14,-0.011203564583944609,-0.015892988635573008,0.031764900853235876,0.018312487317530116,0.06964690412390001
2153,14,-0.01368924455605565,-0.020062697782202377,0.03061166669720581,0.01064317224626609,0.07025068469735984
2154,13,-0.020537868814781673,-0.0242479552290142,0.03088305958885263,0.011843062785273075,0.06777702291756196
2155,13,-0.015118226021830185,-0.02350454157983217,0.029042204199159077,0.015530856891413095,0.06186496722835618
2156,13,-0.019731412605033274,-0.0178320222568599,0.03159463765133276,0.02403877897527743,0.06043974245153795
2157,13,-0.011528946364921633,-0.00993373670210467,0.038973207676607634,0.028292959567660536,0.06646043603335247
2158,13,-0.012537867754734235,-0.006446755290456402,0.043505184715347096,0.034560020167909565,0.06867561738407618
2159,13,-0.016996118869381224,-0.010139041525292661,0.041504769531491376,0.03436400984032824,0.0683017865889142
2160,13,-0.0160133196349376,-0.013070522071814515,0.03921705143152612,0.02707487404884671,0.06703977055785726
2161,14,-0.01834467328873759,-0.02171708448782637,0.04806416024780261,0.027906561163833624,0.09536741201158333
2162,14,-0.02080719450348316,-0.02011322436967023,0.0398714866287345,0.024373754045863526,0.07758796893577949
2163,14,-0.02247236929273086,-0.017602168666261218,0.03453047589179112,0.016458864994807344,0.05998400498050176
2164,14,-0.018965965435173496,-0.01381426642714346,0.03560610758293645,0.017238833971530018,0.059843650460571725
2165,14,-0.02307009597423495,-0.012960095266254011,0.035473000675967085,0.011204435149394884,0.05934522435968261
2166,14,-0.01846011811675314,-0.01353150582210623,0.03434906162057155,0.006949394472518834,0.0601159803832793
2167,14,-0.01878677496089482,-0.01417022431167966,0.03206254893989378,0.007352858327217434,0.06743017070027396
2168,14,-0.016659584001792696,-0.015556437416013345,0.03115634782666924,0.013452884412857694,0.06876670563279087
2169,14,-0.012608133663825415,-0.014559581523993762,0.029292356876984657,0.02005869947944085,0.058292272852709
2170,14,-0.017241576964796557,-0.01324243458078865,0.02875155879767202,0.016283326843411383,0.05114974904049288
2171,14,-0.022937002647466412,-0.01793497269662012,0.030150864416439854,0.017308065860810934,0.056466506312349146
2172,14,-0.027461881154541113,-0.021462204369265523,0.032657800627902196,0.02292843537991351,0.06361532856972489
2173,14,-0.02898607150625214,-0.023940562201383492,0.030365354849913487,0.01574152936145731,0.06540260763175325
2174,14,-0.026264993561867143,-0.023633500061764727,0.029718559390602615,0.01602589746927885,0.06588460032210668
2175,14,-0.02406581650704271,-0.01920092347228148,0.03065886629329903,0.01608820113987294,0.05860880229593607
2176,14,-0.01769141296346184,-0.01582601094521466,0.034264841037222875,0.02463165897858998,0.06282577456227495
2177,14,-0.010885781799208284,-0.016646877127014438,0.03654627883360097,0.024073629788650894,0.07529237789280885
2178,14,-0.019166870831834885,-0.017789763798019453,0.03708464431215357,0.021118413312494557,0.07531932359392773
2179,14,-0.01606952404207135,-0.017887551506043025,0.037401436995781266,0.02532328900224447,0.06548619497268786
2180,14,-0.02342943847285156,-0.017996831093997353,0.037024773495647326,0.016690530765841864,0.05957964389377638
2181,14,-0.02463121359921967,-0.02067003659905677,0.03560334649436654,0.012899811984746056,0.06509927410177938
2182,14,-0.028072220165025752,-0.020188602130329227,0.031345770996369725,0.011055883234505313,0.05580622204047932
2183,14,-0.028614848467640848,-0.019549502472293177,0.03130571038642417,0.010196297665764534,0.057942082289836785
2184,14,-0.023298432621589787,-0.017085183303457218,0.0360012217279677,0.015348128309412689,0.061061686156089784
2185,14,-0.01956977275363757,-0.01332782625428743,0.04019311685583747,0.012500392923581224,0.06571250003408105
2186,15,-0.017075163822441675,-0.0031509914767293814,0.05175859684295704,0.011802220984827375,0.09580159277242377
2187,15,-0.012705312693765639,-0.0020135514246702635,0.0485828236710524,0.02654511502602297,0.08389699041771008
2188,15,-0.009360013117042952,-0.000307189371976746,0.04662539897944602,0.022559316286951396,0.07331126031119532
2189,15,-0.00946396225054666,8.565872167281367e-05,0.04365649864356036,0.028607980918386386,0.07931644301017497
2190,14,-0.005189454414697595,-0.00585771819379335,0.035654835882312455,0.0230833821349148,0.06488630116587353
2191,14,-0.004999481261043531,-0.0046730052618666595,0.035256368097362746,0.01582200178372864,0.0591546399159824
2192,14,-0.010085181603388237,-0.003300431568090033,0.0390119147740971,0.0161335258242665,0.06670836027007249
2193,14,-0.012856238941502354,-0.005069223856645916,0.04071491691587101,0.01833847695093209,0.06849577132226632
2194,14,-0.0092268290911518,-0.005973921312398384,0.03897234893283709,0.02040485512666143,0.06498294743996418
2195,14,-0.004850046915360976,-0.005027986332061113,0.03600014325901361,0.023823444775477806,0.05977682397738016
2196,14,-0.0036462662566322385,-0.005333446017112835,0.03358379111947184,0.022788233891266666,0.055465864554629644
2197,14,-0.004220863571651832,-0.004303799248555658,0.03373147590839699,0.021604170191661505,0.05570283461446632
2198,14,-0.008531658854928202,-0.004122409075590188,0.034893441405954,0.01399963252229195,0.060524504805055834
2199,14,-0.010147274695955548,-0.005590840334321662,0.03424549347419498,0.006972741179612864,0.061299528693527186
2200,14,-0.00787663690497781,-0.007111381406294133,0.031433192179367554,0.010387860967276907,0.0548264413078175
2201,14,-0.0006621600742462361,-0.007343736942691755,0.029181653776276507,0.016115996209506316,0.052584548550474924
2202,13,0.0016156195144420259,-0.0072212025547312274,0.03056725627870269,0.0175807933596893,0.053496955108386646
2203,13,0.0001879070089299828,-0.006539713961385762,0.03220009137810816,0.019142390075386345,0.05847597369793099
2204,13,-0.005500145576252759,-0.007110422873758056,0.032100507597916064,0.018520552000504793,0.0569315510864216
2205,13,-0.00660218611891307,-0.0067627109274304145,0.031090771153596958,0.01945015969058843,0.05201082131749292
2206,13,-0.002510622819174038,-0.0040315248174464845,0.031563895412928464,0.017288857770070547,0.052647841547861646
2207,13,-0.007463758507213092,-0.0020061302889568373,0.03443768804640623,0.02652360147975537,0.05705235767586711
2208,13,-0.007171921089977384,-0.002205895205629788,0.037705605635711216,0.016961611256824494,0.06203445632383678
2209,13,-0.008053666539636226,-0.002948467816176001,0.039144793833345605,0.01700245036006274,0.06391439390256662
2210,13,-0.0010305442767967882,-0.002809855066535542,0.03768657871266394,0.023760021266387654,0.061592638000565844
2211,13,0.0006802024796276243,-7.513319070020636e-05,0.035152993657903725,0.026154685414122535,0.058683325363584435
2212,13,0.0078065188272664204,0.004323774843529799,0.03309993473807203,0.018664346303972373,0.05611273824690907
2213,13,0.00887843522902583,0.0073418043603967875,0.031241716033794702,0.01800173219049253,0.05318142493842107
2214,13,0.009746746093429244,0.0061245189760462376,0.029825617667828243,0.022643896950735085,0.05101144740238564
2215,13,0.009024640554525842,0.0006592379590233719,0.029237029227501432,0.01661715603802536,0.051488908940440725
2216,13,0.00367037129389354,-0.005887735292865431,0.028864069277353653,0.013338956304345707,0.05479285835650755
2217,13,-0.007945240102352855,-0.010712991574412504,0.029442741427125517,0.011215519858962169,0.06109829869548794
2218,13,-0.01372860184335396,-0.012280869103251966,0.03154810301326415,0.010092402391515768,0.06762032000916254
2219,13,-0.013644675056915342,-0.01134490483303473,0.03269482506551005,0.012241019045141757,0.0703394793698022
2220,14,-0.016569349569838895,-0.010821920367468204,0.0337556979381084,0.015736515445048026,0.06540730864562438
2221,14,-0.016519811641143512,-0.007461474408619988,0.04192630696216114,0.01937799513701328,0.08910892357060791
2222,14,-0.012364278704817013,0.003119393794976646,0.07274976105015524,0.02616460904516673,0.139257193427206
2223,14,-0.008052962567070512,0.005791043192294987,0.0784428113205388,0.02517857666049287,0.1469278057917406
2224,13,-0.011381267288124441,-0.010185867329373958,0.035408860768940155,0.02786962045190386,0.06195953882776939
2225,13,-0.006026873089884269,-0.004253155133747442,0.03879431636507688,0.03131516248914871,0.05998858424623471
2226,13,0.0020456994632711,0.001642962527550738,0.04169354506293197,0.03588020461987888,0.06515112869216155
2227,13,0.012722434181637668,0.004202839788737085,0.04093814853304392,0.03320468903227726,0.0648103364761132
2228,13,-0.0006318977165613096,0.0013569260931071746,0.03624191331240555,0.02869561529556495,0.05906081333562414
2229,14,0.003281315685654221,0.0034180482180201843,0.03546500019462799,0.027578914901040016,0.0583321720161371
2230,14,-0.0002793965268746753,0.0025848647495024346,0.03779278047704166,0.02251665025116758,0.06494654123932103
2231,14,-0.01156122058616578,0.0003695198493412017,0.04115452066769218,0.01756959738684555,0.06945472762125542
2232,14,-0.017241208362262384,-0.002461190981267153,0.04018269979112822,0.01117918835711294,0.06635566539728661
2233,14,-0.013580539269902023,-0.005483364736005871,0.03505705328486547,0.009377017278509137,0.062283950006516244
2234,14,-0.011686869322446489,-0.006019644244442429,0.03198724033018981,0.014011920307740167,0.06524022550744271
2235,15,-0.0027081360451593206,9.361064012305502e-06,0.03362097940834497,0.01969006821727031,0.06435982323568984
2236,16,0.00945519401228924,0.0053392080877951555,0.03381856778713939,0.022450501047855544,0.06187424412194709
2237,16,0.009102794361558138,0.009032527914701492,0.03601268127759792,0.02962179666707854,0.06047012339306071
2238,16,0.009324661414730703,0.006335563548667185,0.035899176145779574,0.029158370814289552,0.05851023136409854
2239,16,-0.0006558819158547433,0.001801588823164732,0.03508694731919264,0.01828361608735658,0.05840243035265594
2240,16,-0.009283730183612553,-0.003015492426237431,0.03432858320852161,0.016059318286028034,0.05504530606333847
2241,16,-0.00849563119067351,-0.006957048775469251,0.031416073920634086,0.018740040632503854,0.045737558898454655
2242,16,-0.0033959360062009256,-0.01068409997996123,0.027751752331695124,0.018368405275221135,0.044651406549377395
2243,16,-0.009721804253250782,-0.01431679959808652,0.025813810834427946,0.014185927925638449,0.04793081141452649
2244,16,-0.010527229497407715,-0.015367918844088503,0.026402874867877298,0.009055703658175655,0.056142357967496934
2245,16,-0.008704933006823432,-0.01245598978204582,0.027971484227276685,0.016130870697806575,0.05854604990568377
2246,16,-0.007653241712154129,-0.00828528336918084,0.02967829064324437,0.02444337355264563,0.05217847289863896
2247,16,-0.005538509171755839,-0.0052981910678265515,0.03164428286625832,0.02039363924021282,0.04932333951687237
2248,16,-0.001124102012316882,-0.0008784970664380116,0.0353157151168903,0.018196370612252717,0.061827509996658064
2249,16,-0.0020612856394130706,0.001277891908607678,0.038814875050325263,0.0174893752679433,0.06832266317321238
2250,16,-0.002003101201558402,-0.0019794233101607783,0.03762956717491263,0.021161833164254924,0.06798480993802161
2251,17,-0.010840934123535859,-0.00885302263228929,0.03793837443154967,0.02601725761034428,0.08254706936782662
2252,17,-0.002258721324241049,-0.010800678819332908,0.035634524434789774,0.01985481878225947,0.0848873582948114
2253,17,-0.006222032394896916,-0.00434580772412832,0.026372803975946688,0.019095322627564568,0.042191756982674286
2254,16,-0.005751899190427467,0.0007814426265037328,0.02726820385575971,0.014601842613601205,0.04358923215163807
2255,16,0.0011659115877015735,0.0030686124925048044,0.03028572176733745,0.024531949701138415,0.048808794852154024
2256,16,0.006490359251577267,0.0032367875101755312,0.03226105383912753,0.025672294381033932,0.05014744413170797
2257,16,0.007498486000271559,0.0022516015407889754,0.03360503243311863,0.02130511000640749,0.05448907394962314
2258,16,0.005364021373635501,-0.0008453652060035157,0.03547215491870935,0.01653033667016995,0.057564233216666136
2259,15,0.007934889716427154,0.006682908986558904,0.02172218189388701,0.01982059032671124,0.031904312661289576
2260,15,0.002496022503363199,0.007247924994359925,0.022542939481847546,0.02251446421380019,0.033390237699097144
2261,15,-0.00045353680889261005,0.010266866105549137,0.021270040268342737,0.022687374047601315,0.038422437740258275
2262,15,0.0009368137618033512,0.010373716590728879,0.021544493515408922,0.02021124125790046,0.038941355729727546
2263,15,0.0024285800899287585,0.013371044733748243,0.02572018037332002,0.017890580772318542,0.049674131311098546
2264,14,0.0032993355668681536,0.009444744976815212,0.024106433803751402,0.018515309184880428,0.04336306401700036
2265,14,0.01142941751875973,0.010172936633942338,0.02037045642435267,0.017856997417168355,0.03425775672072402
2266,15,0.014147734769802425,0.012812817259843663,0.027182663977003668,0.015926081361620506,0.04581737460081623
2267,15,0.01067827061125072,0.011664295911728094,0.030786576487633933,0.01606003298527383,0.053932763104328506
2268,15,0.018911970296402736,0.014284143660819629,0.03779904514776625,0.021424337436279695,0.06711088311128545
2269,15,0.02333155824907201,0.017654247923206245,0.03604107761566659,0.020710861523917178,0.06536966956586829
2270,14,0.009330623350165698,0.01414483506571919,0.02517623069928265,0.022604910455375604,0.04831201767288113
2271,14,0.00621224280321515,0.019117548036831553,0.028890375240786862,0.014463410770443967,0.05904716673411976
2272,14,0.009354146004884923,0.022269026744759963,0.03517989329181574,0.019238131089721743,0.06871091280486223
2273,14,0.008045282034151724,0.021964239346119466,0.03845394240467422,0.036805252089465945,0.06808865919404068
2274,13,0.004550786204491716,0.01664910847637863,0.03773571661536181,0.03640881620570059,0.06661780171966904
2275,13,0.003024291600136758,0.01446714135190258,0.03410308598361685,0.029531259304739793,0.06196638423631494
2276,13,0.009944250901039266,0.016443136910659732,0.030622793577371334,0.03050169021341037,0.056594114444129866
2277,13,0.017923744929205225,0.01792551614130627,0.03183477838250684,0.02736708842191176,0.05843082266191772
2278,13,0.015389861404492063,0.017793771888199014,0.0345297322378456,0.030841588559201313,0.06443545157470114
2279,14,0.022584357085155694,0.01871448012784894,0.03599946178032783,0.03312194950976827,0.06078199383941011
2280,14,-0.00584998000202586,0.011219590240703904,0.03705845304965779,0.026200898488694124,0.0639625005100331
2281,15,-0.008040234684502906,0.01263698374309617,0.038199166111978926,0.018911159028129856,0.07604928544698748
2282,16,0.013219477227906149,0.012096869073770663,0.03973680791476059,0.03127814601628554,0.07045666366019175
2283,16,-0.0046275189522261805,0.005795990768991304,0.04458144064097754,0.021465260260305853,0.09366243099527324
2284,15,0.0038347092205351027,0.0014972350788589888,0.04190193233871341,0.01291056622655673,0.08936692578906244
2285,14,0.0023674249551162794,0.011270173628186842,0.025238878215946413,0.006002877914746095,0.06433156919263071
2286,14,0.009070852270877729,0.014773369606733708,0.0217721315005228,0.00841558710908983,0.057817109141617154
2287,14,0.01561083238147263,0.019105651725318782,0.022238316675919148,0.010081596660006627,0.0620967292885979
2288,14,0.018038210123003443,0.021037794321118613,0.027757171487423682,0.010817476316001577,0.06538576363558565
2289,14,0.019056223197456375,0.02158381011569637,0.031201086033315843,0.021592371985572886,0.07180485699733015
2290,14,0.018479577672772137,0.01964878424295872,0.031411714165576664,0.0240927226857367,0.07083422581351022
2291,14,0.01956996998345591,0.01826644180013578,0.028723552113800642,0.018143801037006763,0.06501420615868347
2292,14,0.024163601952693348,0.020445293534813808,0.024245511043599267,0.009732994909599009,0.05921475411581333
2293,14,0.025477214793509576,0.02361566808923441,0.01910362070952441,0.00971829423971311,0.05035589326919064
2294,14,0.026407385228162543,0.024547146859194884,0.015488207739625138,0.00813251959249933,0.04757248724729332
2295,14,0.025094262381568717,0.02335041810880414,0.016052474894814497,0.007820885115253924,0.044467221283849154
2296,14,0.016641156355152797,0.019336117535134763,0.01924579789961619,0.006500605216108513,0.046015687713680184
2297,14,0.013070194054667236,0.014982474863696665,0.020555523945611564,0.0064135627487140814,0.045198644077311285
2298,14,0.013633843795029334,0.013325001654457097,0.018804894287285923,0.0119439971892203,0.03854172753645931
2299,14,0.017975294061602188,0.01410801273438001,0.01829732695086548,0.008928701702607286,0.035621597330431645
2300,14,0.011085740178293172,0.016404121041587488,0.022100959193954512,0.01968793831699635,0.046277043856990774
2301,14,0.006703112527226392,0.01879003848339812,0.029217816503928254,0.014912195602736303,0.05937778572650678
2302,14,0.01093038416181851,0.02035904338612567,0.03557467544614429,0.023441699068369702,0.06874677659145614
2303,14,0.016365512436646322,0.020730030143982964,0.03752332675338223,0.02739276958120244,0.07225133872364234
2304,14,0.014322103146681777,0.02005092029084248,0.035614660042310176,0.025939812663776,0.06754469260175855
2305,14,0.013736096403909884,0.018190432724572655,0.032564608475837045,0.02755211315959063,0.06103576240869399
2306,14,0.007864091146516108,0.01667885470016131,0.03024836601558324,0.02020748694455691,0.059489755189496805
2307,14,0.010460815184313167,0.017589558255827243,0.029664351767183714,0.019228811850118585,0.06222047096404963
2308,14,0.011661465316472028,0.02086406852184777,0.03143716445094844,0.023181004659308314,0.06629166621106164
2309,15,0.02214528285820093,0.02848214354218824,0.036865035242346404,0.027542181777934535,0.07657227919989516
2310,13,0.019463881050973846,0.022309232121841455,0.0356103186311298,0.021871717943166828,0.06763252438349139
2311,13,0.01509591599624397,0.02052456086317164,0.03418694315592805,0.02918614684321528,0.06258042077667843
2312,13,0.0057931064969740965,0.01758682750459229,0.030988621265756893,0.029597844066555638,0.05941773094383278
2313,13,0.01000834452389324,0.0156560506822712,0.02867861645379515,0.023649437930192533,0.05598605314425297
2314,13,0.008369068666434814,0.015435181935277965,0.026605344865919794,0.018175619831841825,0.05462725226754657
2315,13,0.0207047157073324,0.014800118904731298,0.024613574718919378,0.01711569705730713,0.05110955022617788
2316,13,0.01579325472390801,0.014161869014189853,0.024462068175053434,0.016153935159548632,0.04580430627508672
2317,13,0.02125911055827928,0.015366044410193087,0.026446761554931607,0.018987476789505887,0.04254398551059624
2318,13,0.031778054208235845,0.020097792086494863,0.02618009134859832,0.015098708154904203,0.04853643569835828
2319,13,0.03257123823876491,0.026441461681558885,0.024726888507450234,0.011248403456622043,0.06126033838051593
2320,13,0.030414275595733176,0.030116210772500644,0.021855237081716786,0.010668857526115086,0.06733639755728595
2321,13,0.02528863746295497,0.030960450593268525,0.018536055601091728,0.0077887643366936835,0.061356726135286255
2322,13,0.023073276367075513,0.02935317184650901,0.019475976789926863,0.010098995290445431,0.06403479337436158
2323,13,0.024716041635705607,0.026663246291814418,0.020304284703565566,0.008595495352764125,0.06014547856617098
2324,14,0.01577394643454343,0.022302640875857174,0.026465255287087947,0.019510173364778553,0.05674098917685192
2325,14,0.021519911268052867,0.022156102778384656,0.03638584464460159,0.025577834862709738,0.06956307042042331
2326,14,0.02713445585795944,0.025916076144410695,0.04324332101952999,0.03443686536094726,0.08216603041366635
2327,14,0.02203958038544776,0.02991744673858174,0.04421033197149745,0.033403610535213596,0.08692684563808836
2328,13,0.016366333011519824,0.025669186906387368,0.03901192092798074,0.023890452728757353,0.07853324646480256
2329,13,0.020141764595591638,0.026051854243121488,0.03274986995440625,0.025583312755428314,0.0689005141549192
2330,13,0.022750337096800688,0.02946737423500672,0.026823454863167128,0.02377903897725158,0.0655063901003485
2331,13,0.028059532133126827,0.033231402051399,0.02660864865933312,0.01933403972753557,0.07128542281618122
2332,13,0.03206829668827969,0.03420377173888159,0.031138297249942184,0.024551760923612928,0.07791312398969504
2333,13,0.022124001177616943,0.03354237605989164,0.03481095863920693,0.029334286411120274,0.08153257911857181
2334,13,0.03219680344789848,0.03457909216211857,0.03466578145179232,0.028498423914984916,0.081207710479205
2335,14,0.0397245839203019,0.04153592678321997,0.035517304112956394,0.034251548197325565,0.08695787420224056
2336,14,0.03929530142180159,0.036492025984459754,0.03545255247062094,0.033233026787234485,0.08586233936280552
2337,14,0.036022983433081524,0.03853960477084648,0.034420756047628814,0.033954162570043314,0.08567832407157192
2338,14,0.041684239727885666,0.036692641390660544,0.030396462302505353,0.025865646876734764,0.07690348989512935
2339,14,0.020061380043862258,0.02546807446687554,0.02365344016326297,0.01744565412079375,0.06342759864231616
2340,14,0.012845945857674897,0.01725242431164264,0.028442332213855347,0.021033906862925392,0.06350696309724495
2341,11,0.025376825652954047,0.025262905020806223,0.026718444469489903,0.019445925446033113,0.061910671995249106
2342,11,0.023958167903578843,0.026132568477554078,0.027356003021476782,0.019780298601996506,0.06423640494373001
2343,11,0.02652336547692008,0.02564898712280119,0.024388832361341588,0.01775708382101171,0.059090823723985206
2344,11,0.0230066339198653,0.02627255834246833,0.02517585033224838,0.016396289380927687,0.06052830875056576
2345,11,0.02761827795906293,0.02646231911616822,0.03041089870559965,0.029381437623355898,0.06762624688224148
2346,11,0.024779615381514512,0.023913891100319325,0.03644363786216358,0.02921815882070978,0.07619090981679666
2347,11,0.012679823854217405,0.019909354094866577,0.03937849484581104,0.02755609715713197,0.0801001990127946
2348,11,0.00590129019676465,0.018377877144998337,0.03712216833408069,0.022192274020840702,0.07560430905966403
2349,11,0.010579157227752392,0.01642880237645739,0.03468714792991381,0.022096140718505103,0.06981991730193762
2350,12,0.020372283827234397,0.02184214937707257,0.04106371774042499,0.025551008676104128,0.09720886014876796
2351,12,0.0173754484427305,0.02080659002787839,0.03600632607033293,0.02854454746684059,0.08186094234538425
2352,12,0.018332927989614917,0.024782137955235848,0.03434568256037585,0.026848766187667492,0.07590912272618966
2353,12,0.018554349575628237,0.02717813712169646,0.03409390960772338,0.023356145374412295,0.07951373995918243
2354,12,0.01210794759552353,0.025321823482083658,0.033171055438760914,0.01760893779315726,0.08273403572839509
2355,12,0.011927133203242603,0.022522601176290364,0.030316635339389057,0.011529947809477257,0.0814823377242766
2356,12,0.009989302392130094,0.01848977184569911,0.023102657897343483,0.005977434907577947,0.06452719925966227
2357,12,0.016495758165562653,0.019200152257852755,0.01959153758267892,0.01113399133518015,0.05283109384013337
2358,12,0.019851744891225785,0.020262383968207946,0.016795775025941293,0.009689133015042505,0.04486278616151172
2359,12,0.01792845505167777,0.02297941632173382,0.016887384868703892,0.01003857979975046,0.04699102951766416
2360,13,0.021471849781481096,0.0285733006635056,0.02403967714240439,0.007170075169591273,0.0675917873305822
2361,13,0.02322315715940335,0.039659532189966824,0.035550357929618914,0.014262933769344077,0.0969228982892339
2362,13,0.01854568831453684,0.022892210975740377,0.03992327958524499,0.012086189107553748,0.07917792908954366
2363,13,0.01978296300447721,0.024094970093458977,0.03548384679084321,0.014168049241785677,0.06973608716554343
2364,13,0.018013625917049816,0.024771320365599758,0.027692689840422564,0.015122169407090096,0.06679426037238738
2365,13,0.02429351357211109,0.02657520637908958,0.02623976757992802,0.02094002419206544,0.06968181632630109
2366,13,0.02718554166173176,0.02860515856171403,0.021697191555498097,0.02064136779269396,0.05728410568836557
2367,13,0.03656360733392417,0.03348030458792185,0.02216663795315437,0.01149494345097992,0.06717826355926985
2368,13,0.03589843646080539,0.03439374797850988,0.0255720747656265,0.009286175658812089,0.07480771972521272
2369,13,0.0321683456058364,0.035889465287846284,0.026895510283791016,0.018829950883043622,0.079602941262992
2370,13,0.03245702843382174,0.034692793457497324,0.031527032028779205,0.027121721230972548,0.08231925362850465
2371,13,0.02822135795269468,0.03450028634210443,0.033248719280902554,0.02606032311780704,0.08724191450464196
2372,12,0.017483726663385026,0.029852507305324103,0.02873171297221776,0.00930731097513142,0.08005022442144513
2373,12,0.018706186126515683,0.02797037051051964,0.026276827098762747,0.012577456496968203,0.07054444683898972
2374,12,0.01901176889558025,0.026972121608659333,0.03265701873496191,0.016424563113285336,0.07841113422111802
2375,12,0.016225253848636035,0.024854967709517856,0.03650782145137682,0.014970987904129256,0.08248854155242263
2376,12,0.008449488257210914,0.018670560765268508,0.040878137719278285,0.011338670018964738,0.07818598132028973
2377,12,0.004338712234803293,0.012037243399797906,0.03954760723373051,0.009323087113299808,0.0726851579075192
2378,12,0.0008613505614807337,0.012097809239855742,0.03873063600750661,0.008997324045924258,0.06889442740440688
2379,12,0.003287540916414717,0.01481191221573309,0.038411599778020174,0.009986786786916033,0.0758566432873465
2380,12,0.006751470646614229,0.015574128772243784,0.03873891068003228,0.009149524911826981,0.07691421177901675
2381,12,0.009413078150178104,0.017571699514059517,0.0394628563769641,0.012487577733375888,0.08177724692256662
2382,12,0.007192089873526602,0.0137816088471248,0.04279994182115405,0.01137312975429447,0.08189025466913206
2383,12,0.0035592704264714795,0.01298442329988921,0.04260692983717235,0.01840586248068046,0.07669880232600718
2384,12,0.004948684698559951,0.015321210051979846,0.040621807729208204,0.02202979959939041,0.08274680609967663
2385,12,0.008541607608911546,0.016910336126545654,0.038695849232573,0.022964554889043753,0.08128124173491923
2386,12,0.011254591145238486,0.020766465696509143,0.03784516075302098,0.024761993579657162,0.08233110347321994
2387,12,0.01754716480340049,0.022056333677274897,0.03662436972891224,0.018760209300654238,0.0746590645923662
2388,12,0.026698040945130362,0.02270802656052806,0.03657429143030244,0.0174176941898736,0.07368274465572594
2389,12,0.025687403533301713,0.022802590161961362,0.03780736911243366,0.011733174421538022,0.07978190825766768
2390,12,0.023412893537509197,0.024962197455008845,0.03818678667219384,0.013012769578228452,0.0885940545428161
2391,12,0.019396589626505437,0.02955673206491828,0.04058830709706011,0.023000141135682054,0.09728951058590304
2392,12,0.0183657403045481,0.03425167654793634,0.04535900660816472,0.020667741025784378,0.11247716971406863
2393,11,0.015636855062777733,0.027593354155642135,0.03626147637978237,0.017215881386130324,0.09302607146697557
2394,11,0.019135686170558525,0.028316013229099875,0.0373222865272988,0.020339869248721262,0.09644301486780756
2395,11,0.024605585713163375,0.02548185920127367,0.03548232123574883,0.018538218687283316,0.08729615235333617
2396,11,0.02639164129459365,0.02009741113618757,0.03323230372307884,0.01345754050132187,0.07078986454529583
2397,11,0.020391166207077496,0.013797158400507712,0.03420143722549244,0.01521527789654456,0.0655015778862108
2398,11,0.012240927629792578,0.00921922210386123,0.03982869841493572,0.02074980148389924,0.07868126561625889
2399,11,0.009026803835406272,0.008063769756170413,0.049076994412762476,0.016797217489717804,0.09656231053071762
2400,12,0.013207164453154573,0.013554599301356949,0.05983368677341408,0.014918928757725615,0.10949742804529618
2401,12,0.01716190114305357,0.00751850340627488,0.07030277041598476,0.025511593401696932,0.13881094356430188
2402,11,0.021724542099239796,0.021292176623278977,0.04297484262036964,0.017432596891121227,0.09144078290166063
2403,11,0.02416060896230366,0.021128698423374115,0.042700393456766864,0.031531428224160545,0.08342560553698157
2404,11,0.0270009175692974,0.023219002672086632,0.04095388749681907,0.032895031793156476,0.0776009666164312
2405,11,0.030999062269477906,0.02698010175942941,0.038335710090547384,0.03280313197329261,0.0749663632362296
2406,11,0.03043904159792497,0.03021640573035433,0.034699456337996065,0.01950381000398573,0.07658691584781119
2407,11,0.03156412209545559,0.03131081143016718,0.03268930579678073,0.03126000061102409,0.07759024260182953
2408,12,0.028488978005086842,0.03028011384513807,0.031195635223842777,0.02318144124289747,0.07553955544022418
2409,12,0.03282288163824106,0.03137468699926035,0.02983704766144183,0.02465817723232402,0.07107610117634919
2410,12,0.03730748003828342,0.0331607075372993,0.025721273151749914,0.02076970524253257,0.0669926988358671
2411,12,0.03164191537874924,0.03339116367401141,0.02257275899884824,0.02235605868955383,0.059248458914755206
2412,12,0.027659565498164677,0.03166157442732321,0.022880866440711894,0.018894836606721713,0.05975582682089438
2413,12,0.02847800314053197,0.029835538545841294,0.02200980481739133,0.010382005272932784,0.05778440500498927
2414,12,0.027509190699959406,0.02949557956248614,0.0187298738291278,0.009661664967758988,0.055328822210195513
2415,12,0.027202574981738798,0.0295581744361665,0.018524047774687045,0.01142426258456175,0.055735743564949466
2416,12,0.026439334161068265,0.028499412459969883,0.0190895973870318,0.014428678081471712,0.05734099361261341
2417,12,0.025268310051309306,0.027123336895916634,0.018254091204080194,0.01355612525154273,0.05082770701067994
2418,12,0.02951736751454371,0.02687633017392722,0.017085082191541878,0.011708103368049363,0.05198079394283762
2419,12,0.028535615650267056,0.028965822446014432,0.017571628153296916,0.008585114391900265,0.05546957452146867
2420,12,0.02978778871295848,0.033574314072683784,0.019629511322665837,0.007413716201082063,0.06393048293957483
2421,12,0.03209957217492498,0.037797318117540515,0.023075736886510424,0.011955442525894457,0.07374687615692202
2422,12,0.030733276505784866,0.03793797251121525,0.026709891855171253,0.014055769601135203,0.08172628554821719
2423,12,0.02522199411785551,0.034159512093506685,0.027981243484576625,0.012446716515506957,0.08324666056662898
2424,12,0.01954246853156549,0.030244506698044005,0.026979285964310352,0.008572779206083543,0.0779743393458823
2425,12,0.01912825445613848,0.028754660816061622,0.02442609900395555,0.009063082138861627,0.07079536273308415
2426,12,0.019076618965190154,0.029683831214820433,0.020917737539219525,0.005687564408135219,0.06571198304765082
2427,12,0.029314935316327128,0.03137216467976064,0.01904797609607873,0.01306345392835994,0.0644183805863889
2428,12,0.03292580080612104,0.031848391666223545,0.021317422345100086,0.014165622133380117,0.06676052713470573
2429,12,0.02510977605676953,0.030418643526241133,0.024199128427701878,0.013927448195456493,0.06711755527831524
2430,12,0.025816084261568145,0.027602107544857642,0.025590506377594423,0.016203550038474075,0.06269795503923513
2431,12,0.03404010743926198,0.02611867117608198,0.02673398340930526,0.015811482899428103,0.05806213236033753
2432,12,0.03152950622738564,0.027801498648495335,0.028764856146431025,0.014050874470979129,0.06455673575977082
2433,12,0.03372423121690157,0.029768014396371233,0.032421608452877206,0.017963993507596906,0.07825108971697142
2434,12,0.033434511777927695,0.033202949814266546,0.036772377664718255,0.02248180570354343,0.09315392209078048
2435,12,0.026881215585458806,0.03562200328890589,0.0376974933802835,0.021885063197050657,0.10091473920493046
2436,12,0.02480872371347655,0.03620600874236878,0.03450300607471101,0.01804205853001299,0.09909551562950362
2437,12,0.03474818803918924,0.03694797395699496,0.031340017501508166,0.021547458763516394,0.0925389850557329
2438,12,0.03750936584593412,0.03959396229144551,0.030943096479469117,0.02179165465388936,0.08764821320398801
2439,12,0.042283097326441546,0.04267896073962218,0.029630389244151307,0.0245292398498276,0.08565897273340801
2440,12,0.04240013628451933,0.04425978326979912,0.025951615749141864,0.018348195180638776,0.0835486112366336
2441,13,0.04326020269263903,0.044230676869603865,0.02212550071111733,0.015364887399249981,0.07783641702957267
2442,12,0.04132890201979809,0.03941946557167419,0.023136158782319317,0.011920125148055676,0.07378455845161609
2443,12,0.030217786290192596,0.033376415136309054,0.02557097353396782,0.018061676056713525,0.07184490579375039
2444,12,0.020338861218284838,0.028312818051314345,0.02783883115937224,0.023707058712141422,0.06767750396729186
2445,12,0.026601306713833973,0.02744499029816307,0.02574413945283096,0.020949651712795878,0.06396163816140833
2446,12,0.02935595064503915,0.029534836304701523,0.018199238520816504,0.01264305940352865,0.05538873545134907
2447,12,0.034517530591568646,0.03447613305548728,0.013294984888945736,0.008646664336081956,0.05312244490134933
2448,12,0.03754540088185401,0.03702014455008341,0.01515262046364803,0.008256320086981909,0.05842216652449554
2449,12,0.03565645284413929,0.03561156018203509,0.02192579119042687,0.011917200306117951,0.06529001817211018
2450,12,0.03525134636807345,0.0333901850713881,0.02945042916182371,0.014262926021546187,0.07621854845461089
2451,12,0.03776470341351274,0.03304109000253853,0.03367893290187683,0.01679449396912574,0.08111954046713497
2452,12,0.03520111192656676,0.03372936298061623,0.034138134116933,0.018620218917817698,0.08007032498250485
2453,12,0.03251104310681309,0.033349860421288534,0.029351596427735417,0.01942713349834755,0.07426593498452191
2454,12,0.034604611871992444,0.03562808014358859,0.02911206627485257,0.015647628140362104,0.08263125438997085
2455,12,0.036748066557144805,0.03753891516101626,0.02918105326173254,0.011974312450955614,0.08688582208577332
2456,12,0.03460251989454621,0.03863497671007611,0.03014979441583507,0.017571518017620007,0.08892785797870588
2457,12,0.027682531130104993,0.034531419615216406,0.02696704185132043,0.01747390669923514,0.07582245423976802
2458,11,0.026174270249652097,0.03367198785357856,0.024597592610311067,0.010841961917490213,0.07084385945519771
2459,12,0.027276013182575207,0.031064420999698777,0.026554878912329518,0.018812750287007195,0.07444329480093041
2460,12,0.03397131998005899,0.03459019201360573,0.028522578428340474,0.016587876151321963,0.08025317011062297
2461,12,0.0324187232670585,0.039675231901781086,0.030394395917854033,0.015931086522093137,0.08326160085681503
2462,12,0.03155856672389161,0.03881784239768602,0.03261009939106603,0.017655505489539064,0.08392061311712729
2463,12,0.033667800424919236,0.03644260051864954,0.03283263348222763,0.02175795237906999,0.08278361759367069
2464,12,0.026457198393106257,0.030318048707019374,0.0333376666823605,0.019236691447885104,0.08014754060032656
2465,12,0.024082925700050814,0.026671679453499325,0.038957018852126726,0.0195338531225394,0.0916880090706561
2466,12,0.016546631796864178,0.023174752679816613,0.04083530086832442,0.022839003546084907,0.09211832124603911
2467,12,0.013583773838111365,0.022146745855880584,0.03748809710510771,0.015833767312361125,0.08253265482454505
2468,14,0.028068666871221448,0.0345397030612564,0.038154313125546596,0.018963629472704486,0.09701542852813687
2469,13,0.02893217616861775,0.03560483184202279,0.03594249627544354,0.012242968853383725,0.09153340117179094
2470,13,0.03446308226285946,0.036207713454189557,0.031917514426797085,0.02516478596062035,0.08312263012615678
2471,13,0.0375686212579943,0.036912850681499645,0.03005526446957484,0.010967308831558362,0.07639869399071136
2472,13,0.03919877055151996,0.03599061676638328,0.0316653609654656,0.01316844435430925,0.07833166790669342
2473,13,0.03666190841643863,0.03223828420812314,0.03228511250178137,0.023714415084094005,0.07742490917136893
2474,13,0.030959650074964474,0.02903096799193043,0.03257242274615394,0.018628128795362863,0.07709915714806304
2475,13,0.024956470617014274,0.027232319968422077,0.034733254449297604,0.02512438841010365,0.08082715292768894
2476,13,0.0261932975246326,0.03042165863175938,0.03474017599492999,0.023916927316896826,0.08028088383182246
2477,13,0.03144893262276645,0.03672541636653545,0.03690511343932191,0.020330329772784275,0.09283460356838988
2478,13,0.03743933516359767,0.040269599024362154,0.03845016521571703,0.015926611928428522,0.09873664718014265
2479,13,0.04005121000364354,0.040797869871306215,0.036830004092760465,0.017441626685273763,0.09854170068258089
2480,13,0.038604924776325475,0.03740150609011588,0.0337269082029516,0.02653506565391628,0.0891470254340767
2481,13,0.035335871764338424,0.033715809815710235,0.029974896979096083,0.019307474969311497,0.07442491403576028
2482,13,0.03971954706929388,0.03587341235916794,0.027633855678326814,0.01677739555340256,0.07129653401309685
2483,13,0.04669781483308299,0.04293579451900641,0.03229423966320001,0.017218350589125644,0.08529501454545277
2484,12,0.044651369830660065,0.0434883031598939,0.03331228087878899,0.010303574131116072,0.09519932804396246
2485,12,0.044481749142626016,0.04439166157683299,0.03253543471516251,0.01021713843677913,0.09673825373330872
2486,12,0.04192033234612441,0.042931965696241386,0.0326377797536014,0.019355322455897377,0.09059728049550059
2487,12,0.0408950627717417,0.04312861031682041,0.0372443800089848,0.020753026637898197,0.09870027466593194
2488,12,0.03690755821969641,0.04760194312525584,0.04540439826914608,0.015413469854004883,0.11987584905851652
2489,12,0.040747965301957415,0.04687847558567828,0.048596007897639314,0.01293579388703358,0.12508589275881496
2490,11,0.03796111891634649,0.03358858889609158,0.035525286012828346,0.020328327974587473,0.08195856659640012
2491,11,0.02907436568895874,0.028296590771721343,0.040212086310973935,0.035009392897633176,0.08315296420409268
2492,13,0.035524106824922665,0.032267402545130316,0.04690383051221301,0.037751711706898415,0.10503760033814218
2493,13,0.03112570138934137,0.029753873963786003,0.0427822085702777,0.03191703721540862,0.09544514320589657
2494,13,0.027759545408365185,0.03099483125083032,0.04103548193285404,0.027593237129793016,0.09259683611454585
2495,14,0.04124282661857881,0.04077546498490481,0.04738749096845346,0.029047110066197285,0.1140239033884329
2496,14,0.04792376259151512,0.04306618283202684,0.044721278404732945,0.025032935429013352,0.11534590504746677
2497,14,0.04829776661231994,0.041951884186033676,0.04386685029733756,0.02167770865089444,0.11137852144003131
2498,14,0.04733789757622224,0.03897132492143414,0.04347880004441802,0.03094362430784546,0.10280500025384215
2499,14,0.03638595513603432,0.03828112233109276,0.04333270033426413,0.03027931509665511,0.09861878637718267
2500,16,0.05042672506312483,0.04302990239818391,0.0416134429363784,0.03187799466233003,0.093567686729112
2501,15,0.041719993592542075,0.04044011203567725,0.04029944896790731,0.032510160565967956,0.08998355641589847
2502,15,0.03180891178604674,0.03510886174370362,0.03584943397107935,0.02969452346021502,0.07909159662983262
2503,15,0.03390662688509662,0.028864189470859822,0.0330469856981734,0.02153507413190349,0.0714862769691916
2504,15,0.030295009579415888,0.02483612706625919,0.034888779753548566,0.015601529651020185,0.07334737500258655
2505,15,0.03766276949058826,0.024264985228451483,0.03858021771167375,0.016595191148176133,0.07795221884620629
2506,15,0.04301087121403424,0.026505872773133644,0.04070336555546782,0.02626593747519139,0.08105048943774845
2507,15,0.038457254677555806,0.03097973824699216,0.04221032763012851,0.03643461121833443,0.08641391792090589
2508,16,0.039889514851482115,0.03818994175579059,0.04373430852879915,0.03851656993506612,0.09891452745405377
2509,16,0.037832271300891854,0.04002512323051606,0.04097392042287965,0.02627530278452287,0.09783027842743305
2510,15,0.04264659028346578,0.03901456498983144,0.035822829373420774,0.023556982507022484,0.08920749645404878
2511,15,0.04263604130530314,0.0421012797242074,0.03268543221304839,0.01374730342120345,0.08698855047195009
2512,15,0.04477677449062309,0.044450800181393905,0.03054805222519959,0.012948035457232776,0.08563474488753242
2513,15,0.04009533137477875,0.04442649214309829,0.027619479314215205,0.02060953056264417,0.08001379490267196
2514,15,0.04553636866671668,0.041854695067379266,0.02510700338698676,0.01512009827503731,0.07438571641478083
2515,15,0.03878873225674359,0.037992174986762293,0.025170517668854094,0.019240213134206166,0.06478926218929279
2516,15,0.04479301833327373,0.03556578543253839,0.026608781424111598,0.011597743235784427,0.06688109489954464
2517,15,0.04592856357350189,0.034757714208850786,0.026652452696613836,0.007916655447135962,0.06561576327572345
2518,15,0.03626983276817994,0.033816945081033035,0.025720642635536375,0.013360364159366131,0.06498911431821179
2519,15,0.02831819509788957,0.032134212055654345,0.027269122883900578,0.013069143598164017,0.07047699144530575
2520,15,0.02641345875938375,0.031793283437368744,0.02817220413465135,0.011415697983145186,0.07849774411131716
2521,15,0.029358786462033687,0.033135366349989606,0.02596191070514411,0.009297985004888473,0.0760122911530659
2522,15,0.034514001985035,0.033046408593515424,0.024453787544976024,0.010143358487428727,0.07084954122202905
2523,15,0.031072727895315195,0.0302330919530538,0.026355544789033923,0.01717783596479126,0.06859196167244082
2524,15,0.02907499170166862,0.026649182443742554,0.02757234766787839,0.014136795756605161,0.06770588882339436
2525,15,0.026168275048199574,0.02442890146354036,0.02764112536271993,0.017018421766034436,0.06457349444827465
2526,15,0.028270254404404314,0.024117811950796337,0.026921383724096686,0.013952799166898965,0.05669726217576787
2527,16,0.032663798781544004,0.03081016350067634,0.037213057102800304,0.01578590391954493,0.07738648519744432
2528,16,0.027843289196436666,0.028768187136759125,0.03656757760459614,0.019192780293438575,0.07755374891278327
2529,16,0.02303653916533377,0.023990566777133557,0.03189028822740831,0.02374278963069035,0.06796089871063885
2530,16,0.025661446452128155,0.022350145078490976,0.03147766329755388,0.023296831158112718,0.06949721544931978
2531,17,0.025648977608969892,0.031714379553999125,0.04101238198573323,0.01757535307568446,0.10254863243060337
2532,17,0.03118235096593349,0.03543541999302355,0.04024355240912507,0.022050918063666707,0.11023472684444252
2533,17,0.0335970604348301,0.03589813717533768,0.03621681495435226,0.01941677256618308,0.10408146381817583
2534,17,0.036902695685749394,0.03425499217512645,0.03139575328599605,0.019371098829652746,0.08764697003784712
2535,17,0.037545710415312794,0.032428773564836325,0.029935506852007805,0.018216178631514646,0.06928089860526332
2536,17,0.044375380415967766,0.03160639929685436,0.03112205417413201,0.019863913018886972,0.0667105330884293
2537,17,0.047114637612583596,0.032765638747240734,0.031626176105359165,0.022142180683897464,0.06993849139904845
2538,17,0.04517304672558396,0.03394817994448573,0.03208716179348525,0.024615421418587566,0.07588385279320281
2539,17,0.03672838638691671,0.032709336453505565,0.0318846963801639,0.024939652431831806,0.07616352277531767
2540,17,0.02702239660623225,0.027970238091729507,0.0301626104482965,0.01989505851289279,0.06913338016545685
2541,17,0.02220508666434321,0.025424166649859813,0.031010092423799967,0.022400626914920473,0.07551360617242606
2542,17,0.021962015659992312,0.026067819739919902,0.03123796627813108,0.019190123249992017,0.07413619592625256
2543,17,0.02978033359969991,0.03030996127838684,0.03297214296585196,0.02031045286767733,0.08286229010265468
2544,17,0.03555515103195783,0.03299299593902768,0.03221900519902816,0.021222460959898368,0.07933453854386327
2545,17,0.0418043048078903,0.03408623730279764,0.032051016099989796,0.01908593118954178,0.07874903864291022
2546,20,0.04055016955608633,0.03454105731261048,0.02861439402392441,0.018316790902699172,0.0746143540615581
2547,20,0.045038980475282056,0.036649841649022505,0.030630143171469334,0.023092676194285365,0.07004621011053988
2548,20,0.04483278235868529,0.03709112373037689,0.03410139529121802,0.02524516612926641,0.08038603441390253
2549,20,0.042335610192983014,0.03477812724329496,0.03459241914157626,0.021040085527838374,0.08037260477684642
2550,20,0.04102344494465381,0.03434256093965954,0.035652867581730224,0.025086793724990904,0.08539113609868972
2551,20,0.04210256277536584,0.03828077223786243,0.037629701314924345,0.030326585467934243,0.08995926963472314
2552,20,0.04168984642612336,0.04133208146254699,0.03860968989785486,0.03688350990796231,0.09232865538073888
2553,20,0.0409369854155245,0.040558864750367254,0.03705804173841484,0.027558278116902923,0.09773466506782193
2554,20,0.04843974793497848,0.03789819569422984,0.03462645798637712,0.02796873532422821,0.08831443614733218
2555,20,0.04227739324192297,0.03432392327907593,0.031378343388082215,0.022156121097185802,0.07017464236920955
2556,20,0.03671150634560102,0.030476596058474036,0.032399712622549634,0.016786297872151,0.0754804404296553
2557,20,0.02805271996118351,0.027375593951234935,0.036609844459938486,0.014813469932841748,0.07450751950138963
2558,20,0.02921047296987629,0.026091957652688576,0.03848925019964832,0.015695377569560992,0.07694409725045902
2559,20,0.03651583882495818,0.02627831407057072,0.03750171653410584,0.017613894988127557,0.07255462482334833
2560,20,0.036593439987710835,0.027321262170662004,0.03563950133256334,0.01767959329153901,0.07329795980491274
2561,20,0.041211154006090246,0.028918464883397676,0.03383054978630803,0.01870288312566963,0.06455828381309357
2562,20,0.041997520498862954,0.03225038220478465,0.033495591006452975,0.01861968776562379,0.06918258104184953
2563,20,0.03867328571763971,0.036516956598985996,0.03511552649881511,0.017271524053614713,0.07960483447377202
2564,20,0.043492883922913936,0.03804660213296922,0.0377501212671101,0.02211607372533632,0.09156740570726608
2565,20,0.039594027522072764,0.0375412155640966,0.04106122918589085,0.026197259027181174,0.10424325417655327
2566,20,0.03757195236999081,0.03898224412915137,0.04358131957612834,0.02715567059989934,0.11452079215181872
2567,19,0.0433568581990907,0.042151816740841515,0.043427960025868344,0.02342844816674046,0.11867709707654185
2568,19,0.04854555113221537,0.04615402525096969,0.04214617999322066,0.02126750886314141,0.1196328494365068
2569,18,0.05161567910213358,0.04597924452446642,0.04184804433333538,0.01974794412453873,0.11151909219362717
2570,18,0.048277669606758715,0.04618822595749737,0.040892154492191725,0.020040796804918735,0.10957058039387901
2571,18,0.04249429145355038,0.04400434235406159,0.037690112533093345,0.026000363912077808,0.1000845902103972
2572,18,0.04055443443406105,0.0406394241156257,0.03489576966920278,0.022690199335274826,0.09092427373680656
2573,18,0.046806562088326016,0.03542942057618645,0.030352156887808898,0.01741596670756445,0.06441983153343059
2574,18,0.04395448512011869,0.0374908165083883,0.029562465718299197,0.014132341347554138,0.0729786458837
2575,18,0.04326642603987616,0.04098327045091151,0.030995958438133582,0.01817618496512758,0.07984332899393712
2576,18,0.046951257764921435,0.040796360091485545,0.031227608283243464,0.01548581847736093,0.084579484187863
2577,18,0.03914218388254005,0.03722804443439685,0.03131795677180396,0.01984351967004771,0.08107534409539185
2578,18,0.032497410449577935,0.03608141053710472,0.04109259070398461,0.03562396629505618,0.08626769705747533
2579,18,0.03512551551559336,0.03534012519884682,0.04890700142906147,0.037494061678068735,0.09639420150835144
2580,16,0.041922509547785314,0.042162523535227134,0.03784956248213784,0.02823762768681104,0.08881070026074465
2581,15,0.0362173730021087,0.03678680717915448,0.030890610692621123,0.031121476103280227,0.0727467334773185
2582,15,0.03510146102691439,0.032166089507247184,0.03015268433897771,0.019452106948433856,0.07322617766474894
2583,16,0.026818423528170113,0.023490051796787915,0.03173931489389542,0.025863742670009113,0.0671564149332096
2584,16,0.018518700321557828,0.021861309978164732,0.03268669243971601,0.03010289000819053,0.06868025672404912
2585,16,0.018926929645293515,0.02117683193892191,0.035346712813278044,0.025055930168965866,0.07176476542761984
2586,16,0.018982255135804565,0.021495275753465153,0.038618349505414436,0.023661236910624585,0.07197198654627394
2587,16,0.028129283525479186,0.021466964389198283,0.037581726891621134,0.026844796969192883,0.062318083700861865
2588,16,0.03548713907845077,0.023772263022035695,0.03675972975779221,0.018330409839147813,0.06492453660029553
2589,16,0.04390307615122325,0.031166065231749567,0.04116684762550957,0.020319371897937068,0.082829624570434
2590,15,0.03709315625240073,0.023952254023108563,0.03482010645926765,0.01403922810760111,0.05982647510569359
2591,15,0.03527889208533175,0.021429073720030792,0.03572089800312128,0.014190880478487364,0.05671344777310478
2592,15,0.028095897398508568,0.022083584742521516,0.03980075643664306,0.030976541186327478,0.06247775853446911
2593,15,0.02708457987134555,0.024208740756281336,0.04322097836346248,0.0324363137557941,0.07716237233369432
2594,15,0.033247064544166136,0.025608138652435275,0.04069960613872004,0.03189410199596472,0.07594798482299206
2595,15,0.04022055229819231,0.024694974962865903,0.03512888945645318,0.016091941177700672,0.06042550912546657
2596,15,0.03583311059968255,0.028545815220150022,0.03999896305701183,0.01740612582348252,0.075928375779086
2597,15,0.038991085111088716,0.03012487325990292,0.04634811449905141,0.004646125875445287,0.08886081697291517
2598,16,0.037298052538316036,0.03254174161693228,0.05134934446213113,0.01766500211195611,0.09131362988186723
2599,15,0.033471818801135395,0.026410576209681322,0.03932415317787854,0.025048725666003857,0.0734758743023136
2600,15,0.03539882612388374,0.025677412772080386,0.0376091028036597,0.017332044821912425,0.07893811524326161
2601,15,0.0389028336904982,0.02571953862030131,0.03726207541802865,0.021328466700448787,0.07856695679413032
2602,15,0.03899225300267695,0.02692836007317458,0.03323551603444881,0.010905663736894562,0.06172508088083922
2603,15,0.03922632688907279,0.030021348481540183,0.033990178560167165,0.01676644914354411,0.06078475056769536
2604,15,0.03916616624430763,0.03376669580881811,0.03822161183799079,0.027345827058406796,0.07565848989977542
2605,15,0.046136220191660776,0.034956736900475384,0.04506060318421337,0.02739105542103032,0.08607357465864694
2606,14,0.0389824938801491,0.026880202635212673,0.04004572812284782,0.030689355360896925,0.0706812215812209
2607,15,0.03269214212147599,0.013943616015462549,0.0512166891880077,0.028265199410575273,0.08215396626109983
2608,14,0.02502549386945562,0.018646330023297384,0.03585720512140044,0.02952182176352918,0.061420552802719144
2609,14,0.02200164806139914,0.01843310914064129,0.036760084610698504,0.03097341470551384,0.06179701451837166
2610,14,0.026942142218717546,0.020165561593300907,0.0373217371836535,0.030041688900421547,0.06940648123865116
2611,15,0.021972976584864495,0.026726831991418,0.03723812126853536,0.022540500913230815,0.0762306663559565
2612,15,0.01315905246180625,0.017609204949625028,0.054246256760206404,0.018370118460823592,0.09245400857146523
2613,15,0.03470618451790624,0.02656458043652222,0.04233089596688016,0.030834699600399106,0.07540552088545098
2614,15,0.03455431987905458,0.02681147118506432,0.04034959185136186,0.0250461717712184,0.07396240530859466
2615,14,0.02688695265990857,0.01879312977811099,0.03812548419854602,0.02647850904186401,0.060290436736473586
2616,14,0.015327276931253506,0.013792043292165468,0.03796299217582296,0.0281131080685159,0.059634531245556045
2617,14,0.011959250527144943,0.010920551768638724,0.04211572924934421,0.024722877269202057,0.07057330864612185
2618,14,0.005904158451624286,0.012843914854621243,0.04436121725007466,0.030668660184117277,0.06766464812334537
2619,14,0.009802714490564093,0.015966000865095645,0.049253644364893455,0.029004749054162133,0.08435516342456853
2620,14,0.005664398256764923,0.014199006222056939,0.04950611427103741,0.028129259020711513,0.08977465334170401
2621,14,0.0077697065763365075,0.016439803903148188,0.04739798463723304,0.02418663112638557,0.09182835759954174
2622,14,0.009873267887595205,0.01820767530199705,0.04510545839926759,0.020200796342563068,0.08681769215396266
2623,14,0.03061329258091524,0.025142724369889038,0.042148167799111694,0.02993144181352321,0.07439982209224806
2624,14,0.04283673774633333,0.029685473015351706,0.0485650977217349,0.016363145088701146,0.08547242466052296
2625,13,0.04535082459132811,0.021599922430297062,0.040168688157943985,0.011413258460010664,0.06116745576894014
2626,13,0.04451559807961761,0.02078882621720922,0.04275472372472389,0.012831141899581636,0.06387253511522085
2627,13,0.03680638744867759,0.019456372462934586,0.04713864817748715,0.03031999282245411,0.06968557484150026
2628,13,0.029558818464569148,0.01622581375528045,0.05107022624150537,0.04600832548972032,0.07922635222920596
2629,13,0.020383448530890164,0.0158845974493909,0.04805657310632745,0.04388063537084025,0.07985153576929796
2630,13,0.016993141919570187,0.013903987630438402,0.04350944926033151,0.050762158841032634,0.0712314308316031
2631,13,0.02244279396235707,0.014575238171618968,0.036531322483455614,0.03697331362667046,0.06004771772231053
2632,13,0.024039728355183143,0.016482388109816712,0.031557970804622554,0.02646655941619913,0.05377193369242635
2633,13,0.024547311583330622,0.017028764132933714,0.0328024498166134,0.01956646133424418,0.05667139421154005
2634,13,0.032429096368922675,0.017358123278565767,0.03615207936242778,0.015361085119781764,0.06061051761647246
2635,13,0.029067661929939814,0.019060526314386463,0.037416185151466844,0.023054381728183387,0.060942133712848984
2636,13,0.021361448237338113,0.021011847432801857,0.038602020625653745,0.03351857007843716,0.0673845740201629
2637,13,0.016726960298790672,0.020747887414568764,0.039800824392134934,0.039037511191085936,0.07029026374338418
2638,13,0.011693727451078231,0.017559406344659,0.04001600123667684,0.04105634625859374,0.06846812649137429
2639,13,0.014930276162547051,0.016134319027374174,0.03997210911210127,0.03882187322627141,0.06691895478340476
2640,13,0.02382098807677739,0.019086331008577425,0.03994476648419229,0.02988909363504884,0.068042768045834
2641,13,0.0336881495205876,0.02304453671050927,0.04187374585827097,0.023341921083366288,0.07226200940626067
2642,13,0.05261202453798525,0.02700512374115146,0.04545282076145233,0.023938518894238828,0.0772352125276457
2643,13,0.0593865627516951,0.029920111517713573,0.04901684168667965,0.023912141917108026,0.0849070324727301
2644,13,0.04293158937692132,0.03174857425142874,0.050163516605038504,0.02180083931610252,0.08876350376432039
2645,13,0.04393483475182004,0.03218682986474852,0.048457764120603625,0.02089153822657963,0.08454158398804962
2646,12,0.037921786556258205,0.026472573848617884,0.04503513956074577,0.029109454120438638,0.06761148926019371
2647,12,0.040361293338288855,0.027438716179245332,0.048381530702895796,0.03233986480497254,0.07700647406127549
2648,12,0.04496028943119506,0.027179543908746263,0.0488421223543725,0.029615228161867804,0.08262752845467614
2649,12,0.03567058409362712,0.027568676236461063,0.04422626565631113,0.029988902239442703,0.07641673205820919
2650,12,0.024350416498845437,0.027501492085484077,0.0395485333109951,0.024083622347806852,0.0751662685853553
2651,12,0.022274921888185154,0.024797378589244034,0.032940291899645896,0.01998056015871523,0.06357516196917473
2652,12,0.024273364003342277,0.01908814634705983,0.024836051568522564,0.01669047469828488,0.04198705719205294
2653,12,0.018345563871052704,0.01277164067755579,0.022519703553139876,0.008310789192536434,0.04616081152367824
2654,12,0.014705935995575667,0.009587409197161112,0.0277336502833559,0.008617913617767113,0.05202090454965533
2655,12,0.018338128434181727,0.009781837811069243,0.036228365369676996,0.011749271454142292,0.06712962848834118
2656,12,0.031191330690699418,0.013268985600067416,0.042695722370386116,0.015279890030082469,0.08203990966154978
2657,12,0.032305290362278395,0.019053809113365343,0.0464589508214324,0.014665012993455954,0.08649980826840706
2658,12,0.03413950251830521,0.025985019378131094,0.05549670430263531,0.02490225393253999,0.1072723084702938
2659,12,0.034478138555891026,0.030580672342597714,0.06896319451290493,0.02671233753573947,0.14516974968290214
2660,11,0.026503329592297634,0.012087577319409,0.048872128921067855,0.022673829649699967,0.08208291320471749
2661,11,0.02370233294196282,0.0074170656376928885,0.04175761813340212,0.020627010185023012,0.07628028764975148
2662,11,0.009424719693142597,0.013731703667919821,0.05387070599759751,0.012534474288426939,0.11602027716316893
2663,10,0.005080411543950197,0.0017508263218016836,0.02842082677160176,0.012753822698321413,0.052480192769959064
2664,10,0.009251503365873243,0.004143891305477823,0.029502287907610118,0.011469655383089208,0.056725090127029365
2665,11,0.01786318838455221,0.009528039861834321,0.03234129756820681,0.013809636075488393,0.05876851742838724
2666,10,0.028139278156997204,0.015881063504474574,0.03668278134179663,0.002579160386064018,0.06316212891973363
2667,10,0.03547096475034762,0.018909213958330166,0.04071722050969258,0.007790739971863601,0.0690312480334412
2668,10,0.03518089518119657,0.020981923681492893,0.043246310071073525,0.017472918029151935,0.07077724773798912
2669,10,0.033691948872080116,0.022796790255534383,0.04237274779100182,0.02300010342834341,0.0678897907146029
2670,10,0.0336821958091265,0.024035967596276017,0.03987660778532435,0.0246819850837074,0.06647358268296925
2671,10,0.03203403229689266,0.0236070416304941,0.038768121238485075,0.019708857956957412,0.06637585718766743
2672,10,0.03865956392914777,0.019756049953888594,0.041213250790631026,0.008096813060129264,0.06793143791620178
2673,10,0.03557855824462579,0.0137052279179545,0.04475659376272122,0.008250104335081276,0.07534470797559373
2674,10,0.02843190612463503,0.007753348084808577,0.044837761638098474,0.00440183289747155,0.07539341468561246
2675,10,0.025947565115316477,0.005288543017718389,0.043372965243976325,0.003017173926754761,0.07657402268332607
2676,10,0.02960896549400837,0.009032578001462585,0.04281755638377795,0.0072745972309014376,0.07029548112400653
2677,9,0.03138922306592355,0.013979400231707193,0.04338794343900375,0.016140595942339866,0.06450263645307973
2678,9,0.029078014699369797,0.01642628993221443,0.04200089864506951,0.024361970188484947,0.06291069744011772
2679,9,0.02850766582172884,0.013048843588626893,0.04332995793423964,0.02421583713104218,0.06197025758891509
2680,9,0.025454389049715143,0.009724034648956395,0.04483422976641186,0.02374537849716138,0.06203520538511734
2681,9,0.024559930711321676,0.010373141638896221,0.045684793015156794,0.024799998816125296,0.0651085636278739
2682,9,0.03267142697281361,0.013904418684925538,0.04915737344997931,0.02458853282044192,0.07439450489709891
2683,9,0.03454570285614528,0.016267863849864485,0.053157109053632114,0.030651414011100678,0.08359544449442408
2684,9,0.031465238388123026,0.013200185438009876,0.050723661843216084,0.022760380761832635,0.08197642202786597
2685,9,0.026798609548266322,0.007716084409314731,0.04601146332177026,0.02056797658597717,0.08015796157912733
2686,9,0.02269416380748951,0.003966324794347987,0.0445824829395391,0.014576266857523668,0.08082389013018319
2687,9,0.024801073875568305,0.002730022655921535,0.048259068661436234,0.003457450664621914,0.08440529641354622
2688,9,0.01709809158218474,0.0017322073658694824,0.05660780362051791,0.015044389589372029,0.10121073720538132
2689,9,0.01155519989670209,-0.001600575468989029,0.06237712361261672,0.01845098082941464,0.114218292614962
2690,9,0.01436802582620647,-0.006435911108347863,0.06146886314643989,0.006644259986847437,0.11367111689350709
2691,10,0.012384475536009465,-0.0074975374763377334,0.05503777411783947,0.01005679653320505,0.10015510145344894
2692,10,0.012778072629948456,-0.003426587550297705,0.05356255057582874,0.007840914326342728,0.09713937581353757
2693,10,0.02171990505200533,0.005709804156442453,0.05457623884228299,0.01452577671113156,0.09641647051881617
2694,11,0.031817266572802,0.00504193225045585,0.07066033551285003,0.027458923013338923,0.12572378983126595
2695,10,0.022745317196840753,0.0022947885230355696,0.06594603941331323,0.03178381743920132,0.11453224992376088
2696,10,0.02206022508642891,0.005497969042697085,0.055530731493917386,0.024103156423909484,0.09200472681984218
2697,11,0.017421989981683567,0.00326873799812951,0.04318287693088725,0.013378132724240682,0.07973394414750176
2698,11,0.013969901953301805,0.0030744284884820835,0.03851089574696565,0.005920238519185744,0.07137373292337304
2699,11,0.01795316908170866,0.002524095533853127,0.03895293347702341,0.013131588344967249,0.06695732067209083
2700,12,0.01959616339326334,0.003846788724250951,0.043733579967780684,0.011942329006444985,0.07279632039712125
2701,12,0.018668939371151674,0.0030452109827043736,0.05071851544938135,0.019982345146474102,0.08639476077321431
2702,12,0.01299054816615628,0.0018940180008101548,0.052789020472450605,0.025395155482297718,0.08945720252784778
2703,12,0.011413383479200179,-0.0017041467964753105,0.05149866902778435,0.01645033359629315,0.09054872826425264
2704,12,0.01587169538985202,-0.003435660253622009,0.05377016347150092,0.00879419932459944,0.09699944050599905
2705,12,0.024161226676882266,-0.0019761490390234906,0.05834025861231229,0.010991389531026116,0.10308065083801705
2706,12,0.028336847152636478,0.0025216000005709414,0.06106752227028559,0.011121628202387594,0.10448364423827475
2707,12,0.018563118446383794,0.004807828821132462,0.05962370859951644,0.020427936773545527,0.1048773035439016
2708,12,0.01094104960457308,0.00420462883189104,0.056066836461303775,0.023101285640943228,0.0992414973178283
2709,12,0.018833842934526557,0.002443325118717983,0.05332071884601874,0.025678805036302557,0.09722254145477657
2710,12,0.011055857151357252,-0.0016549741824281236,0.04992812052236608,0.03237943451645059,0.08948022458261645
2711,12,0.005338466392506475,-0.004240896440614088,0.04617869298621425,0.035202204225296324,0.07732663003546078
2712,12,0.0018993391765661227,-0.006410484188505924,0.04288033712139087,0.03062677965071954,0.07055417507277244
2713,12,-0.0028418388728865263,-0.005853272677587651,0.04483702594457613,0.021158438931797127,0.08329575379048573
2714,12,0.006415128856587238,-0.005529800122848608,0.048988280843928506,0.015333450784474817,0.09924727206884151
2715,12,0.015303956546394624,-0.003579339121858923,0.05344511371977588,0.011328067491940562,0.10381378364411346
2716,11,0.018726992450395635,-0.0009889899254738827,0.059081846451490616,0.017896341226005905,0.102158191882457
2717,11,0.021007745691491553,0.0026515521415135094,0.06320392778064544,0.023936713861615666,0.11184646196482999
2718,11,0.017683108982688427,0.0016394175772359242,0.062170759877412586,0.020090889510153358,0.11479509678845855
2719,11,0.010521374001816797,0.0020445737950981467,0.05885444785845311,0.01990492135511651,0.10471819661836751
2720,11,0.016256012795430208,0.003680792260440492,0.055473267249702196,0.023787091201192975,0.09873977206838053
2721,11,0.01546642481942373,0.002688508833775324,0.049807528820593944,0.021484821690865907,0.0909452519796976
2722,11,0.00923112973582002,0.0018993225919205832,0.046343103579980255,0.017200261516974624,0.08416830718384308
2723,11,0.009592790024186545,-0.003914522582813229,0.04529093858225058,0.00865331320924033,0.08531865916951388
2724,11,0.005350997092522666,-0.008100112942196177,0.047181238534686504,0.007453310990932896,0.0899129056647879
2725,11,0.006592611958380928,-0.008801216900556002,0.04812369629616116,0.0074416410064094,0.09335246441311812
2726,11,-0.006385028978399959,-0.010662888353235412,0.04719480576727099,0.01482885381960597,0.09393476302747918
2727,11,-0.004676783335226864,-0.011335928170070269,0.04523631587736871,0.01038016266864733,0.08867697233381037
2728,11,-0.006758015061217093,-0.010422038696540417,0.043079799531873623,0.003934863676078537,0.08764954763472044
2729,11,-0.005805690604427538,-0.00854342844680919,0.03772165821837624,0.007137576235706461,0.07597533860207524
2730,11,-0.00028312295058643966,-0.005272322289224654,0.03466706691194377,0.002175076782120422,0.06956332005441254
2731,11,0.007096197337178478,-0.000608010250847055,0.035800382173664665,0.006898558346345715,0.06799203518682315
2732,11,0.012245643385176065,0.0037529749820346928,0.039416041007402626,0.014175748892776723,0.06897773464708193
2733,11,0.015526304920551612,0.00410068129752536,0.04169100471702128,0.010237022588489894,0.07202564187917186
2734,11,0.016343087000582623,-0.0010471320439399197,0.04281536134505482,0.006442232835750739,0.07813443102034132
2735,11,0.01736019459921284,-0.0036230447841761678,0.04825224448379019,0.016749148860790652,0.09018469525374137
2736,11,0.011087738797019242,-0.008911054369415923,0.051958630321589414,0.012776576694022518,0.09913473624236223
2737,11,0.01389775351877126,-0.004584197597917007,0.05318854666545866,0.015032913646318785,0.09348107349167463
2738,11,0.008192635958403693,-2.644773573730961e-05,0.05003219772561274,0.026601856801245966,0.08503058309686427
2739,11,0.011066075563233357,0.004035049630468743,0.046394337886424844,0.025311572494539344,0.08041847355733261
2740,11,0.014487736284141933,0.0073101802285272625,0.04302583826358102,0.023103047209004385,0.07621077066451025
2741,11,0.011376400278235443,0.007590504143619083,0.03977358871510742,0.024284472122070563,0.07123555508706989
2742,12,0.012001062871793505,0.013178169354153354,0.0516903277312722,0.025162667936053033,0.10971554932584919
2743,12,0.016285285986672046,0.012295084368240353,0.03948489763519517,0.022187704354511874,0.07582745080270639
2744,13,0.021016920396228198,0.014969619092311965,0.024657341083005525,0.017117976352786196,0.04081904532680535
2745,13,0.0229859752495927,0.01745621680653611,0.025146070177392118,0.011495327304226324,0.04836180721526657
2746,13,0.016825764393343712,0.020125428885976127,0.03796202006999136,0.01411214691469874,0.07308974386418735
2747,13,0.010224279153038446,0.020762167652833154,0.05177299361309505,0.013833442429698056,0.0926458269099937
2748,12,0.008164597920430679,0.004137151768802063,0.01780442664617359,0.011267760692761693,0.025365215590066006
2749,12,0.006858741655366825,-0.0008668165438791413,0.019422145910479503,0.00916973089390296,0.032867367168230466
2750,13,0.00673102501015832,-0.0015991284578403173,0.02568882219584088,0.015725548297496728,0.049371491424142516
2751,14,-0.015440735529312397,0.004986193385791361,0.07385806043754951,0.020758850155619485,0.12735057586837523
2752,14,-0.011980176491113631,0.002251685939356134,0.0787279340796142,0.021469845667408782,0.13616256134723265
2753,13,-0.019260723432345223,-0.022558347728382354,0.035614763278571056,0.016020726935186108,0.07566990909815052
2754,13,-0.022744246214627756,-0.026106763187165656,0.03882416239233693,0.014834938403908343,0.09093685031662023
2755,12,-0.023894956030888398,-0.019717151919072907,0.037894860580851626,0.020834421399313914,0.0784803996303419
2756,12,-0.022080796584370843,-0.01954438615228148,0.03765344950789131,0.018021177254022296,0.07482550069391192
2757,12,-0.015984776535996226,-0.016759577614104747,0.033410944500167364,0.02394138924764863,0.06053489483244201
2758,12,-0.005011521611361244,-0.013829570697021438,0.026265136050423576,0.0205080367322557,0.049634702445926424
2759,12,-0.0071031477186467296,-0.015190696492447352,0.019531547728433712,0.01474963214712878,0.042533425747282944
2760,12,-0.014037669052571825,-0.017028918869102936,0.017176660004549767,0.01464164814626863,0.04022047294272806
2761,12,-0.02018058589215623,-0.022869360128183632,0.023652459860868086,0.01858685608145618,0.054183214919136344
2762,12,-0.012767561860801177,-0.018428655878681945,0.02321665284215847,0.016337301413698935,0.053441367899947245
2763,12,-0.012222258041038506,-0.016759649074890554,0.023288144376466025,0.013612664749786077,0.05173690064833173
2764,12,-0.012950295885985674,-0.01958669533936638,0.02257577009296305,0.01292461530715023,0.05261992770949903
2765,12,-0.01667490755414073,-0.024383882100331256,0.021227108985233986,0.006663264301749135,0.05449684539363217
2766,12,-0.02217229282324712,-0.023518424419166697,0.02348048427554294,0.02265940237199171,0.052866332999589885
2767,12,-0.024558055002632515,-0.017385275727704513,0.02322190237724109,0.012955846145251373,0.044183938311153866
2768,13,-0.009269226651691886,0.009178577606067958,0.07077845974561552,0.01600751250361454,0.12125964024440981
2769,13,-0.002611395370980929,0.009810148418241963,0.06470358014198856,0.008508178521776377,0.1173974449850314
2770,13,-0.0053727026805339695,0.009625915213365718,0.06843096565947371,0.008330021518965641,0.12902326533930683
2771,13,-0.004706926419794866,0.006989792942534805,0.07129447720263331,0.00485586516499853,0.13455919958872
2772,14,-0.006775735425320992,0.011475852501085093,0.06984377603833551,0.010040125310588038,0.13660881748644613
2773,14,-0.011021770469724058,0.008038047162110975,0.06981904495851274,0.0068486052909271095,0.12416552096242035
2774,14,-0.010837910695064346,0.007846748720957211,0.07438049361481049,0.007798808248028727,0.1259858175612682
2775,14,-0.013247389459638131,-0.013161188940404942,0.024250661232546534,0.013927623965047403,0.0470884036740474
2776,13,-0.012518629675159432,-0.016662536753426504,0.028483469482845507,0.023727406463078443,0.05624672354024638
2777,13,-0.019088224518306163,-0.02290259715549644,0.029664129762897746,0.023210571011717224,0.061860132051461375
2778,13,-0.032740911065701095,-0.029572658821193636,0.025939963556444543,0.013077609222989478,0.06447006061078425
2779,12,-0.03846526571926388,-0.03294785010359294,0.023246095376329053,0.013514863702940166,0.0606031933859945
2780,12,-0.03347200164934781,-0.03536254326521627,0.028245576047369915,0.020298265510517388,0.07171510227386568
2781,12,-0.028441682938418825,-0.03456355888582119,0.0345044732750808,0.018762020408220628,0.0833062995850227
2782,12,-0.02937947168943715,-0.0341741521788428,0.036055385292075,0.019850507575514098,0.08468867181405278
2783,12,-0.03212121890518871,-0.03461329546252412,0.033916045397793144,0.01805507321672377,0.08090954292497111
2784,12,-0.02944384607667258,-0.0340162996285337,0.028020238726061037,0.019469079255298616,0.0695910252274574
2785,12,-0.030947501358364257,-0.033481618912563536,0.022530813543419025,0.016700543988009464,0.0591849001726063
2786,12,-0.035055586224360225,-0.03353289821094307,0.019894336623927155,0.014161611135646845,0.055887123783529356
2787,12,-0.03852237059932616,-0.032026895933355976,0.01954792808213804,0.005434895536556003,0.05303381451440519
2788,12,-0.029333596330183925,-0.02843595104176799,0.022180264435785246,0.006993589674901227,0.05927839647328929
2789,13,-0.012292700269941989,-0.0018116759081976046,0.0749859216923215,0.010221638184500906,0.13942626368748326
2790,13,-0.013226389861552335,0.0028438471584958957,0.07096190884045299,0.020984672339371235,0.14047903069808426
2791,14,-0.002434796264653566,0.0050078195854351415,0.07109929691375716,0.018884315591103873,0.1436312251795093
2792,13,-0.010294420775005655,-0.015103396786295966,0.02687236250330999,0.012762752298196442,0.059078101617021476
2793,13,-0.020457826201497054,-0.02398319169834972,0.01993191676457156,0.006014737115067878,0.05918093263094357
2794,13,-0.028928671160291797,-0.029064225052916275,0.022088784783980266,0.010660146222925715,0.06483568683455072
2795,13,-0.024409135973348983,-0.03050919672898358,0.024504128129811686,0.015711665753735282,0.07102073534630583
2796,13,-0.02687502035846276,-0.028448652332563877,0.027172393791606027,0.006950504911786393,0.08048900097146144
2797,13,-0.02254852051954037,-0.024876994700276815,0.02583612526203082,0.012515730684918819,0.0691769335924438
2798,13,-0.030597225499554015,-0.026892888933169323,0.028822999496987668,0.014730280097622728,0.08016754022996675
2799,14,-0.02787541006081487,-0.009046199656590733,0.07780614404348724,0.009179302595504882,0.1449590071395386
2800,14,-0.026315004794885757,-0.009592448925086783,0.07614041856136958,0.010720107202416888,0.13904108765649953
2801,14,-0.020142561126785336,-0.0076734651431349605,0.076943068176105,0.013585245927371994,0.1321824685489867
2802,13,-0.019528442408588587,-0.027787811996970297,0.025110464762579856,0.0064823208888187545,0.07388762963273869
2803,13,-0.02352617967957693,-0.0322419173655616,0.028214800300231276,0.020175833038421964,0.07740473149828792
2804,13,-0.02736420456893074,-0.03478369116346563,0.0329916611963741,0.030938865394583265,0.07977164274010498
2805,12,-0.017805354463964362,-0.03288829590648974,0.03186956793671899,0.015104567120697895,0.07675038759332611
2806,12,-0.014420665035834723,-0.031396467873824926,0.026718139211673323,0.006647127652535861,0.06724562993503283
2807,12,-0.027040276199995966,-0.027961319756104677,0.024677174530706822,0.02520191871377811,0.05656699648205574
2808,12,-0.034371663562350954,-0.029850143644263572,0.025787333664368,0.02157874755604064,0.0604634545480447
2809,12,-0.03554018769058989,-0.033705698109209585,0.02620880843725423,0.02187162879528115,0.06424636904608566
2810,13,-0.029444315200645277,-0.03338133342275276,0.024551900312298907,0.025073984629135432,0.05911720019283882
2811,13,-0.03981054855825461,-0.03699323250095904,0.017356337276712232,0.011185525171396704,0.05780923191961917
2812,13,-0.042384272499753656,-0.03963689934042043,0.024734528371905897,0.013925303774330988,0.08027464691196706
2813,13,-0.043863848510205056,-0.040927265185660255,0.03336503444293729,0.01759850038104291,0.08931697747639802
2814,14,-0.03224535048171698,-0.020899632612543288,0.0816838330559939,0.018901191491491595,0.1685219917388863
2815,14,-0.034129506022787706,-0.023103714994784013,0.07638655167100401,0.019584311971987872,0.14551382828478487
2816,14,-0.038760794665763154,-0.02518350881212158,0.07498134236886525,0.02502448598036129,0.13296534383842323
2817,14,-0.041675983133666356,-0.026951570449771037,0.076550585439269,0.03124648935889142,0.13016261174251456
2818,14,-0.04403770178417528,-0.026629489831453114,0.07999174020665041,0.031303764292006944,0.1346382964525156
2819,14,-0.050555353404881584,-0.028893805646705236,0.08236716737168473,0.03597937457630006,0.13681340045909812
2820,14,-0.05757624947690157,-0.03077040725382563,0.0804551492602388,0.03021476709383751,0.13857054824930848
2821,15,-0.060172807268701334,-0.030844401702114048,0.0725131122313333,0.030695674055639777,0.12540515979357972
2822,15,-0.047459714608020426,-0.030257757212241592,0.06763525062176727,0.023836009935035513,0.11671174228153244
2823,15,-0.04841228410317472,-0.027064236096650526,0.06479779827159944,0.0269985724856992,0.1154867317317074
2824,15,-0.035437363586773823,-0.0256966652883309,0.06393779353495778,0.02310070743245493,0.11764022150823886
2825,15,-0.03885679082162413,-0.02655640683833776,0.06157749699339416,0.017653089122215776,0.1162045601792558
2826,15,-0.04394463507124166,-0.02787440365394723,0.058520006140964545,0.008377973975123104,0.11200743828502288
2827,15,-0.04170026086062156,-0.027257307559523093,0.0616099475758198,0.017622207283658348,0.11130948614357149
2828,15,-0.045631393648893986,-0.024665061775972386,0.06910277280804121,0.025011463640268294,0.11556842601155956
2829,16,-0.0353140254540764,-0.019601735876608784,0.07405809948147803,0.031233925813056465,0.1258551985362787
2830,16,-0.03555516941905973,-0.021288705898668523,0.0743678413073509,0.03479577577014213,0.13344065758983553
2831,16,-0.0341290174503692,-0.025097336914045438,0.06995698401468084,0.029469359148313723,0.12621296220151887
2832,17,-0.03396640607726659,-0.01999778032189739,0.06846403434623664,0.030296172634871,0.12475078913687489
2833,17,-0.028114396101268452,-0.02059230593216021,0.06554489928761639,0.03552795553527774,0.1254277852135696
2834,17,-0.02669849609802627,-0.02228319313429712,0.06554193653703776,0.032174516802983555,0.11875791424028377
2835,17,-0.02868684560352472,-0.026507094817265372,0.0665078043961668,0.03466922313451093,0.11373689870545986
2836,17,-0.036907379896660264,-0.03332336439708544,0.0676123943789787,0.03492188458969947,0.12510530852843207
2837,17,-0.04139469485221753,-0.035506248336721905,0.06614961835319338,0.03548976388888869,0.12420318008794691
2838,17,-0.03821267902495726,-0.032141319772275544,0.06583743472963581,0.033934593796543566,0.11330467473277477
2839,17,-0.03194018919277636,-0.028455101924791438,0.06903482423253038,0.03277792892636923,0.1269037253538815
2840,17,-0.03440109719302242,-0.026459031934622543,0.06712150190164957,0.029113423138033195,0.11830882937597786
2841,17,-0.04006533071874929,-0.026926008382207035,0.0647937576156937,0.023906022879171707,0.10857591358591395
2842,17,-0.031836685240317186,-0.027926195673641865,0.06498572004915162,0.01925761373694762,0.11596736112357119
2843,17,-0.019480419223656203,-0.026802122402349388,0.06608527057029316,0.009154444596443129,0.12375752500536416
2844,17,-0.014731500653472035,-0.021652468915480682,0.06455142237282274,0.01289411768290935,0.11882365430725987
2845,17,-0.007664217409711238,-0.014665546517612019,0.06188929631806458,0.015213174456180728,0.11782485392709437
2846,16,-0.007309331055386045,-0.013968067132898639,0.06171215304077728,0.01600915370934594,0.11821655022966021
2847,16,-0.00586149551978056,-0.011867571556467282,0.06386626443474062,0.017861845289044775,0.12114961495755187
2848,17,-0.006428459697725292,0.00466208193287259,0.0881384003916603,0.023839506220042966,0.20508793553156313
2849,16,-0.014680944939906196,-0.006173166721216872,0.07312859078263745,0.017593627958624222,0.124281848469037
2850,16,-0.012747511063653252,-0.004121582513277159,0.07380806440653881,0.026736223575642717,0.11629585856222471
2851,16,-0.013104048384175782,-0.004520016068760235,0.0715993901975671,0.02609020389284422,0.1085257241548565
2852,16,-0.02649206074941149,-0.005912010212123649,0.0709088185458336,0.02616731863891071,0.1038943686797873
2853,16,-0.01883568423669202,-0.005079915503477566,0.07304241230107547,0.027612595736574944,0.10742814581129609
2854,16,-0.015919443644676776,-0.002191876063495444,0.07209889868800624,0.021263240174450332,0.11566967963186857
2855,16,-0.012752231019891286,0.0027204813280855052,0.06538603920163953,0.015700080936288927,0.1024654785083454
2856,15,-0.012763165630636647,0.0023666906771000317,0.05363587949422435,0.010000095080705207,0.08517288793028888
2857,15,-0.006566831925979122,0.002910448960763574,0.04363792341998833,0.007735842956709885,0.07052495754380211
2858,15,-0.010249825220645048,-0.0007619678468421339,0.04300647701712576,0.006189479989663932,0.07405573934805701
2859,15,-0.011619137330231233,-0.004122864757511778,0.05164547766384282,0.012757157504517336,0.0862137808367493
2860,15,-0.01091118247245329,-0.005487443756632469,0.06852702925490722,0.017332036106647714,0.11041837308235739
2861,14,-0.015479542539981378,-0.02286005010818475,0.027905325978930234,0.015040539813782311,0.0622481812750604
2862,14,-0.01984568175995198,-0.022645860454712397,0.02683565498024113,0.02311658294419104,0.05744415004401483
2863,14,-0.02834983242604662,-0.02554582641935859,0.02838769776788412,0.02329488431830843,0.06319059587069532
2864,15,-0.026996063439174073,-0.012792722879982928,0.07170589928936144,0.025660468543629855,0.1234836031627806
2865,15,-0.018117558780627874,-0.015398901572641406,0.06971240362191151,0.018245699472471122,0.1278359844077976
2866,15,-0.020468295760260796,-0.01882652155502649,0.06623733770942694,0.017954321660463485,0.1268220596102347
2867,15,-0.016967259894663328,-0.017367268114986234,0.06607022507485218,0.019326764517952316,0.12453777538297335
2868,14,-0.011362237153241334,-0.019885308847823028,0.06055362479075185,0.01602946343771207,0.11585704927192114
2869,14,-0.014970563041097604,-0.017665280854985643,0.046182801625762035,0.017009946902360407,0.08706246663869426
2870,14,-0.01755777419143048,-0.017869879526820447,0.03868040994156542,0.011768671936305375,0.07399719816991872
2871,14,-0.02027660257600608,-0.022372794335165196,0.04658733257217692,0.014749490706406188,0.09011086701000763
2872,16,-0.019744617456918537,-0.0201474182619127,0.06468412359022314,0.022187166409110018,0.11563392778214943
2873,16,-0.02890554071500666,-0.030714800613971666,0.06976792381853755,0.025323642961276302,0.13597923747519672
2874,16,-0.03676290831711425,-0.02707491838201771,0.08166273900338586,0.029302375687608476,0.14661096056235084
2875,15,-0.046973734024212094,-0.04131588649003447,0.041921214115633196,0.02184830853720035,0.09978072296068752
2876,16,-0.04106159618482057,-0.02077844631178037,0.08060941602026116,0.02967122067167094,0.12956541879202835
2877,16,-0.039245650111421296,-0.02472583523760888,0.07502648746239535,0.028732070058738374,0.12716374953737247
2878,16,-0.03423077240431187,-0.02547133174076445,0.07243128946007074,0.024445013544255864,0.12940430035003042
2879,16,-0.0341242419178428,-0.02548887689557376,0.07116938848910635,0.0215629713441223,0.12965732975925182
2880,16,-0.030397629425825495,-0.028458364629887274,0.06922568688335658,0.012022280143435565,0.12934732917375047
2881,16,-0.039754873367252336,-0.03219472682855911,0.07122423621820641,0.019056559292039657,0.1345483030243652
2882,17,-0.03770500337679067,-0.0346686931785523,0.0750382002674684,0.023969250411968762,0.14164219750114798
2883,17,-0.03788015823716662,-0.028341048222954655,0.08720293956449507,0.029727280526294336,0.1578255943473543
2884,16,-0.02952880848141129,-0.03971311799011693,0.05413153184801081,0.02861803341375728,0.12982358011598882
2885,16,-0.027884414787293532,-0.034030977151546585,0.05247081792185044,0.03309977609673742,0.11632770411647364
2886,16,-0.023926761738849583,-0.031496907675618434,0.04938774111666833,0.029510578567007284,0.10206247560199694
2887,16,-0.022628216730725403,-0.03242634691475421,0.046974981539439346,0.03363414076998529,0.09909706830001715
2888,16,-0.026522496344104363,-0.03725095664211454,0.045914889334688826,0.02705381895109349,0.1037714628430133
2889,16,-0.031247846816555652,-0.040627984893129084,0.04693164240633568,0.018978123329485924,0.1116439353841494
2890,16,-0.03106626496681615,-0.04366825882312836,0.049761722758142155,0.016561114942630087,0.11868086053060775
2891,16,-0.031078227534944214,-0.04413145120794344,0.05206942257710776,0.01857306716574253,0.12187414014694481
2892,16,-0.021786358078612372,-0.04383831705684731,0.05083657990083177,0.01789693917094312,0.1196654758257285
2893,16,-0.02904117082767868,-0.042703001242357194,0.04805173826839058,0.024955891896626767,0.11344372006490237
2894,16,-0.03858458235818435,-0.04233220679752077,0.043281965360218264,0.028683045978847785,0.10254914835281603
2895,16,-0.03988060591999054,-0.03929888029949563,0.039722596542956845,0.03119685555380028,0.08911350165372033
2896,16,-0.03521527203394663,-0.03653126376344956,0.03680797803551945,0.030396841775565342,0.08150509404308634
2897,16,-0.029964837876689646,-0.03271327212938338,0.03517598941512396,0.027676303197765956,0.07427748681067015
2898,16,-0.03104269794686121,-0.03205622703046018,0.03418893565592135,0.023308519913587428,0.07700389782523286
2899,16,-0.030531176223338452,-0.03179363892233556,0.03303646022534699,0.018603981212946624,0.07398350681977515
2900,16,-0.03271071430424147,-0.031092060956470522,0.03199069047419413,0.024871176542306278,0.06651862864131505
2901,16,-0.03775144463415597,-0.03005019488454187,0.030804628592784183,0.01909238752670349,0.05886646994087665
2902,16,-0.037438008585875565,-0.03057278514436511,0.032529903232297784,0.016793430599454914,0.06381730404195586
2903,16,-0.029925099388891332,-0.02712483696609233,0.03171485707862869,0.02161555140675077,0.06400706024362024
2904,16,-0.02606896656082547,-0.026165740429242176,0.03462976603616103,0.017929778470783753,0.0688588375371186
2905,16,-0.03509342774079742,-0.027642490871395912,0.0396339370859993,0.035897200943213,0.07467653418839817
2906,16,-0.03643269239294768,-0.03202525006474615,0.043126296106155274,0.037974152302346256,0.08128384661773433
2907,16,-0.03737692001234426,-0.034567488952318634,0.046396561346217086,0.03906338711274655,0.09098246624167972
2908,16,-0.04237624208451192,-0.03733645661360947,0.04584922045650476,0.03825977764882388,0.09265224496750554
2909,16,-0.038583215596271855,-0.03899598536009796,0.04368697519087597,0.03277745928723945,0.08873663083850794
2910,16,-0.036807963808392796,-0.04329911310950894,0.04474449914094091,0.033137392231927604,0.1009435578812445
2911,16,-0.03927392966721989,-0.04729389724246892,0.046843958810094496,0.029780697275231513,0.10180999187415696
2912,17,-0.027181267688376864,-0.02883632895542168,0.08161587326819293,0.024196987148369486,0.13095031777050403
2913,17,-0.02641515486243695,-0.017811812271257402,0.07263334256165145,0.01659934152144374,0.1273466210383261
2914,17,-0.01890876956941362,0.0004234728125055399,0.07116735832733558,0.014674572428959753,0.12155026906818181
2915,16,-0.028722905053370995,-0.002207985908862448,0.05777208684399209,0.01550646143985665,0.09918052959243309
2916,13,-0.03316944825766499,-0.027832497240197044,0.03310799353326873,0.012392340494013998,0.06913144703400333
2917,13,-0.028994719019457993,-0.029227740286311327,0.03427816922889401,0.018323965828088262,0.07070855517451262
2918,13,-0.024429086587357984,-0.02676882921378284,0.033637190591081424,0.011965353792914024,0.07214515386984965
2919,14,-0.025023340968930996,-0.004710368253279985,0.07825603401707104,0.01868564386229639,0.1319389884047427
2920,13,-0.022331061951258363,-0.02115698090891262,0.031332542355227234,0.01693175510052028,0.060694909853573474
2921,13,-0.025186879938260548,-0.020950592846762046,0.03253601189057028,0.01770486421719361,0.06545454860955437
2922,13,-0.022239761188034335,-0.01835715087902642,0.03317185320497543,0.013126644969576301,0.06847619806020105
2923,13,-0.017018348973025732,-0.015717365435387414,0.03324061705919251,0.010733833762486267,0.06922493407973436
2924,13,-0.010014031225083542,-0.010066963111785267,0.03187781122503751,0.01423098101002418,0.0668224410714047
2925,13,-0.007991085083726701,-0.0060632784652488985,0.0325855066072244,0.01200085203654952,0.07236502733086327
2926,13,-0.005310249420039631,0.0005517873225803258,0.03634084096130129,0.013219410876303572,0.06968144098019888
2927,13,-0.011143236629134051,0.0015463564078073229,0.05130660308659766,0.02226829624643517,0.09648789233142907
2928,13,-0.015576413932759658,0.006161969627721941,0.07716997492976711,0.029888725262120774,0.13764844518494523
2929,12,-0.027926220054091483,-0.013667157768894135,0.040830335961716396,0.02340542895509609,0.07362022802278378
2930,12,-0.019114062399303577,-0.017277487676383024,0.04203465511754438,0.03299663954052931,0.07195662908502447
2931,12,-0.026757942191849154,-0.021560998834568714,0.044626370935613335,0.02320675403079772,0.08650470550632143
2932,11,-0.015119436881120218,-0.013563910205664102,0.03823200372148026,0.02005627956402639,0.06724635821792416
2933,11,-0.02275229090616998,-0.016436883284316355,0.03673738484636542,0.01186991904209006,0.07026037774302854
2934,11,-0.02043827526826128,-0.01964112603079103,0.03527856186004542,0.009181809607130581,0.06685820528531866
2935,11,-0.026054858078479903,-0.02314277998998173,0.038249645955329335,0.012118118339325634,0.06932643818750965
2936,11,-0.025368389100760447,-0.022496804972839804,0.04267754382914402,0.021034969276610638,0.07646757000938798
2937,11,-0.02315322600802061,-0.01110743186662227,0.048557823978520424,0.030463975709269814,0.07227646644405082
2938,11,-0.012068112708850831,-0.000877624057118508,0.07124264823791046,0.028299977136624216,0.12544516667992026
2939,10,-0.02251392913625086,-0.015484524264842406,0.03914382030612473,0.030292719398893816,0.06399034883241227
2940,10,-0.014658912603587385,-0.008832309227272642,0.03378629180911686,0.020680405703410634,0.060061440618153585
2941,9,-0.00396776247321845,-0.005956105187064843,0.03555392417842193,0.020050418301403278,0.060527889964016965
2942,9,0.0013208691225843894,-0.005474993234856947,0.03721491750751425,0.018483471205618635,0.06202907293634813
2943,9,-0.003131553814505056,-0.005812022975724094,0.04018389370854276,0.020766843208061797,0.06638902716875146
2944,9,0.005276870053069205,-0.006395657878790258,0.0451508057960273,0.019451047637928653,0.07451840538491418
2945,9,0.001359982585967534,-0.006787701396051245,0.04903486752421104,0.01356788449447116,0.08246179122500542
2946,10,0.004377035419383751,0.012262130398663442,0.07247653518879349,0.014812951502914729,0.13547162193000375
2947,10,-0.00014653386017596248,0.012566273429565442,0.06634007740739659,0.016764349869926504,0.12573594430362067
2948,10,-0.00014327228470359388,0.015742207814328377,0.07177876211515498,0.02117855294022193,0.13784987602991985
2949,9,-0.006537063104481516,-0.005889236067397324,0.03407380842667828,0.018957252562407573,0.060691314067989985
2950,9,-0.0016519328862842353,-0.007710724790867405,0.037993763511534114,0.014714158130192334,0.06592300493157763
2951,9,-0.002705248152250095,-0.008466779761563063,0.041811973619772805,0.02117763477684964,0.07189361774072052
2952,9,-0.007756394833738911,-0.00826743382476385,0.04238204358069019,0.01967608770282553,0.07549581498967603
2953,9,-0.013675590720892028,-0.00825149299227557,0.04155712800021608,0.017023552672081665,0.07705544912301635
2954,9,-0.012880192739428864,-0.009197934950043535,0.04131229140934421,0.01316823132455941,0.0774099087846955
2955,9,-0.011436875673504265,-0.008269824001143483,0.04025469040993187,0.009765018157149002,0.07445733671835537
2956,9,-0.009806858560724774,-0.003801092652028002,0.038211384853756615,0.013899162155286221,0.06951980922816557
2957,9,-0.007437853366207725,0.0002027298486777086,0.0371614951103494,0.014301554052089605,0.06856346735913908
2958,9,-0.006015565474501994,0.00019523185743811067,0.038055111344502485,0.01715114233343709,0.06823686024356398
2959,9,-0.0016003328382415971,-0.0029230949245347476,0.038278395286414205,0.0144275095619944,0.0672656315313328
2960,9,-0.007360542701239342,-0.005830983166286435,0.036772460995976454,0.009834018868524669,0.06741417406110894
2961,9,-0.011800387163264592,-0.006751637105932431,0.03556946943791285,0.013495135018444071,0.06638377048332521
2962,9,-0.011830786730047532,-0.00662690162867171,0.035689637508202594,0.013821954348510329,0.06613134524591499
2963,9,-0.013074094496650535,-0.0053813151856582425,0.03497219380149174,0.011814373636819808,0.06575058716019533
2964,9,-0.011431588827537975,-0.0025028687018461373,0.03433727521278633,0.010231772094824843,0.06627697091243928
2965,9,-0.006601666634286546,0.0016985302087957868,0.03500932695247096,0.008264484201609662,0.06785069723648907
2966,9,-0.00470843003471022,0.005807597082717065,0.03732089473995265,0.013586176334744932,0.06843310435724421
2967,9,-0.010355285620309962,0.008148621350660575,0.040604887072542756,0.021501441336720578,0.07609397697715209
2968,9,0.009729522097308374,0.00995216310651458,0.04338349882089371,0.028267007671491706,0.07806027083738026
2969,9,0.0024929796558105233,0.015166211739947262,0.049902428692527756,0.02883503379466651,0.09415140877588785
2970,9,-0.0003916121035937581,0.02686580364124131,0.07498728447981229,0.03655609270637952,0.15493530002423295
2971,9,-0.0057635043230497285,0.030243850117701802,0.08526189786225426,0.025832361045055874,0.17642868744757984
2972,9,0.002964545143978703,0.023682785045847938,0.07605865890950257,0.030549788445190795,0.15408504862106126
2973,9,0.0067877573910148925,0.020900443184029276,0.07907015965263944,0.034639184212012425,0.15701229701747257
2974,9,-0.00042542263124695223,0.023564421264509576,0.09014342882853357,0.021726176972007183,0.17834191561807403
2975,8,-0.0006109281375411835,-0.002680713307557401,0.04178842665474026,0.014161958872115896,0.07617271256429554
2976,8,-0.003017991289844979,-0.0007218356338132073,0.043006420277282735,0.020553637064132338,0.07777717899320875
2977,8,-0.00590520106993106,0.0015086796336560328,0.04469959980144679,0.021201675734911343,0.08104259821083623
2978,8,-0.006890227956347639,0.00391381348231434,0.048493400977062534,0.021925160110417938,0.08640681325903952
2979,9,-0.008944701294176516,0.0005155256815712204,0.054723231578386954,0.025829819628639977,0.09188790269165828
2980,9,-0.006453982734426655,0.004892327168283753,0.0554271725019659,0.021926562397516697,0.09840740923135265
2981,9,-0.0011248671609701,0.0048463560498084686,0.052776439960385634,0.021955944575424685,0.09656137052374397
2982,9,-0.0034730270604431124,0.003237765155514765,0.04701315698673472,0.018676804668493252,0.08735634647371136
2983,9,-0.00503033747864734,0.003491793075456776,0.0410901245298209,0.017035422457752497,0.077379391574272
2984,9,-0.0047239753478929,0.0033829163395539697,0.03942211201634252,0.008353886766004681,0.07219093461549231
2985,9,-0.0074818987019600325,0.0011086440337179802,0.04092670278654871,0.014779206213528184,0.07546324053589752
2986,9,-0.00806059130231307,-0.0006176026467459696,0.04283123242611951,0.016855008698421936,0.0771643666146355
2987,9,-0.008113170859622765,-0.0006043402254806521,0.044330805830333386,0.01922593698985775,0.0806037379754301
2988,9,-0.008890163637007314,9.965591707770178e-05,0.04578844313508659,0.013575145954789036,0.08370738506503167
2989,9,-0.007188177218819369,0.0011686599292306285,0.046721038520606814,0.011466624122808577,0.08693510334544134
2990,9,-0.006778399224793924,0.0021746483834787994,0.04651042324657425,0.02069903846008661,0.08816031739400784
2991,9,-0.009059832122177203,0.0016252219055185096,0.044187611036490375,0.014759654717862808,0.08601317176470241
2992,9,-0.0043470551571520855,0.0013282985420498797,0.04089352210062002,0.008703562047298913,0.0812806135801007
2993,9,0.001446991780380824,0.00516150622127461,0.03767054232184907,0.00736959542110574,0.07540318740427084
2994,9,0.0015130188892865104,0.013663708171674394,0.036110302637401594,0.011043783924781087,0.07220133953834279
2995,9,0.01579203946767141,0.02197893589286816,0.03700565492955909,0.010812090634573723,0.08470992178014121
2996,9,0.013923950469976104,0.025842376863961056,0.038003007035810894,0.01994160100439535,0.0891514927650815
2997,9,0.02896579177946046,0.027153403858931394,0.04051980501214356,0.024951232928789285,0.08758817951315258
2998,9,0.02311088392906102,0.027355619029746987,0.04457891995818502,0.03706919045219348,0.09394358532658165
2999,9,0.022911245394701824,0.029650705986833534,0.04810516069206947,0.037411472475508606,0.09940663544321439
