candidate_type,candidate_id,omitted_frame_id,bootstrap_unique_count,status,fit_rms_px,error,fx_baseline,fx,delta_fx,delta_fx_pct,fy_baseline,fy,delta_fy,delta_fy_pct,cx_baseline,cx,delta_cx,delta_cx_pct,cy_baseline,cy,delta_cy,delta_cy_pct,k1_baseline,k1,delta_k1,delta_k1_pct,k2_baseline,k2,delta_k2,delta_k2_pct,p1_baseline,p1,delta_p1,delta_p1_pct,p2_baseline,p2,delta_p2,delta_p2_pct,k3_baseline,k3,delta_k3,delta_k3_pct
bootstrap,bootstrap_0001,,13,ok,0.120299656598651,,7347.865114440015,7347.452272528567,-0.41284191144768556,-0.00561852871572682,7348.841146643875,7348.264008903596,-0.5771377402788858,-0.007853452384699559,2070.216530147837,2069.471185762761,-0.7453443850763506,-0.03600320904708091,1512.4364541050136,1511.8731414762726,-0.5633126287409596,-0.03724537498498082,-0.049137165151413566,-0.04954348383221075,-0.00040631868079718525,0.8269070459094167,0.2272759720228212,0.22972257909648208,0.0024466070736608725,1.076491743445367,-0.0005131542263022916,-0.0005154202555373365,-2.2660292350448405e-06,0.44158834106726347,-0.00047837789954461685,-0.0005501118288883812,-7.173392934376431e-05,14.995243177423147,0.0,0.0,0.0,nan
bootstrap,bootstrap_0002,,10,ok,0.11143963990554039,,7347.865114440015,7335.597413162912,-12.267701277102788,-0.16695599451049145,7348.841146643875,7336.787504962942,-12.053641680932742,-0.1640209856276114,2070.216530147837,2067.2117921609843,-3.004737986852888,-0.1451412421404207,1512.4364541050136,1513.6710346347563,1.2345805297427432,0.08162858851966168,-0.049137165151413566,-0.0492072077467841,-7.004259537053692e-05,0.1425450474293834,0.2272759720228212,0.23139174991136632,0.0041157778885451135,1.8109164166865122,-0.0005131542263022916,-0.0005200675010152941,-6.9132747130024475e-06,1.3472118826377821,-0.00047837789954461685,-0.0005394423220754847,-6.106442253086782e-05,12.764892063156971,0.0,0.0,0.0,nan
bootstrap,bootstrap_0003,,13,ok,0.11250268072394977,,7347.865114440015,7342.89842355844,-4.966690881574323,-0.06759365889574903,7348.841146643875,7343.949231949355,-4.891914694519983,-0.06656715796277703,2070.216530147837,2069.3156928918306,-0.9008372560065254,-0.04351415626761493,1512.4364541050136,1513.6477445982237,1.2112904932100719,0.08008868669638453,-0.049137165151413566,-0.04932091960179151,-0.00018375445037794452,0.37396225405294536,0.2272759720228212,0.23496800845485694,0.007692036432035726,3.3844477106728,-0.0005131542263022916,-0.0004719384850195149,4.121574128277674e-05,-8.031842898336992,-0.00047837789954461685,-0.0004412691854098429,3.710871413477394e-05,-7.75719659501388,0.0,0.0,0.0,nan
bootstrap,bootstrap_0004,,12,ok,0.12900465206575049,,7347.865114440015,7350.439724814704,2.574610374689655,0.035038889998538957,7348.841146643875,7351.283584067075,2.4424374232003174,0.03323568130623899,2070.216530147837,2071.3967212370444,1.1801910892072556,0.0570080990089948,1512.4364541050136,1513.1937681928475,0.7573140878339473,0.05007245664956476,-0.049137165151413566,-0.04798272068257184,0.0011544444688417269,-2.349432380326312,0.2272759720228212,0.21173434478048014,-0.015541627242341066,-6.838218358067567,-0.0005131542263022916,-0.0005095095492822564,3.6446770200352155e-06,-0.7102498300166371,-0.00047837789954461685,-0.0004348403447172053,4.353755482741157e-05,-9.101079892874724,0.0,0.0,0.0,nan
bootstrap,bootstrap_0005,,9,ok,0.12185733446786282,,7347.865114440015,7355.85272164082,7.987607200805542,0.10870650286037922,7348.841146643875,7357.166311940369,8.32516529649456,0.11328541644006772,2070.216530147837,2072.8757487370212,2.6592185891840927,0.12845122963993502,1512.4364541050136,1509.155228547561,-3.2812255574526716,-0.2169496476064736,-0.049137165151413566,-0.04946984882899929,-0.0003326836775857239,0.6770510194484701,0.2272759720228212,0.2157619956399334,-0.011513976382887814,-5.066077280589817,-0.0005131542263022916,-0.0006014982867371282,-8.834406043483657e-05,17.21588869518428,-0.00047837789954461685,-0.0004405551331461526,3.782276639846424e-05,-7.906461906887618,0.0,0.0,0.0,nan
bootstrap,bootstrap_0006,,11,ok,0.11595804081786176,,7347.865114440015,7353.133644371842,5.268529931827288,0.07170150580845014,7348.841146643875,7354.016434962208,5.175288318333514,0.07042318938540405,2070.216530147837,2071.8945145210773,1.6779843732401787,0.08105356849413001,1512.4364541050136,1512.8730304911603,0.4365763861467258,0.02886576721698172,-0.049137165151413566,-0.049501603006890035,-0.0003644378554764696,0.7416745641582573,0.2272759720228212,0.2236595973931691,-0.0036163746296521138,-1.5911821198982647,-0.0005131542263022916,-0.00044512888908700545,6.802533721528617e-05,-13.256314325902764,-0.00047837789954461685,-0.00040477138788495853,7.360651165965831e-05,-15.38668733018952,0.0,0.0,0.0,nan
bootstrap,bootstrap_0007,,13,ok,0.12050601218719467,,7347.865114440015,7354.62991079309,6.764796353075326,0.09206478681516836,7348.841146643875,7355.7832766710835,6.942130027208805,0.09446564279565615,2070.216530147837,2072.2256240501647,2.0090939023275496,0.09704752488784722,1512.4364541050136,1516.3148092560332,3.878355151019605,0.2564309489164374,-0.049137165151413566,-0.049403155850200005,-0.0002659906987864391,0.5413228418180066,0.2272759720228212,0.2253912405121953,-0.0018847315106259033,-0.829270025269831,-0.0005131542263022916,-0.0002958526914193955,0.0002173015348828961,-42.3462428534861,-0.00047837789954461685,-0.00040935907106063853,6.901882848397832e-05,-14.427679152753406,0.0,0.0,0.0,nan
bootstrap,bootstrap_0008,,12,ok,0.11960834638398686,,7347.865114440015,7350.568987256749,2.7038728167344743,0.03679807365299653,7348.841146643875,7351.186513343313,2.345366699438273,0.03191478292477955,2070.216530147837,2072.2342871754604,2.0177570276232473,0.09746598958318414,1512.4364541050136,1513.9103441602467,1.4738900552331415,0.0974513706828971,-0.049137165151413566,-0.04923284552757129,-9.568037615772379e-05,0.19472099349421113,0.2272759720228212,0.22912064324829828,0.0018446712254770736,0.8116437514529018,-0.0005131542263022916,-0.0004215925417444802,9.156168455781141e-05,-17.842917365718776,-0.00047837789954461685,-0.00040736454561273556,7.101335393188129e-05,-14.844614268234622,0.0,0.0,0.0,nan
bootstrap,bootstrap_0009,,13,ok,0.1141210289664834,,7347.865114440015,7348.79829108937,0.9331766493551186,0.012699969784709862,7348.841146643875,7350.353216935185,1.5120702913100104,0.020575629016019135,2070.216530147837,2068.625944701345,-1.5905854464922413,-0.07683183972927969,1512.4364541050136,1512.1379248937317,-0.29852921128190246,-0.019738297795695327,-0.049137165151413566,-0.05136798087336514,-0.002230815721951572,4.539976441614879,0.2272759720228212,0.2395349625412715,0.01225899051845028,5.393878820247364,-0.0005131542263022916,-0.0005035717493628374,9.582476939454243e-06,-1.8673678298440723,-0.00047837789954461685,-0.0008116358428694145,-0.0003332579433247976,69.6641595780316,0.0,0.0,0.0,nan
bootstrap,bootstrap_0010,,9,ok,0.1174196279591863,,7347.865114440015,7332.375428675508,-15.489685764506248,-0.210805254631933,7348.841146643875,7333.20505235873,-15.636094285144281,-0.21276952342731062,2070.216530147837,2059.294765656374,-10.921764491463364,-0.5275662875072988,1512.4364541050136,1513.8938539653398,1.457399860326177,0.09636106405466109,-0.049137165151413566,-0.04921597562094631,-7.881046953274462e-05,0.16038871857970305,0.2272759720228212,0.23064970444846533,0.0033737324256441215,1.4844210743515636,-0.0005131542263022916,-0.00046868687770817844,4.4467348594113176e-05,-8.665493981124909,-0.00047837789954461685,-0.0008369275079848641,-0.0003585496084402473,74.9511231145005,0.0,0.0,0.0,nan
bootstrap,bootstrap_0011,,11,ok,0.10726322527007029,,7347.865114440015,7358.6258864663705,10.76077202635588,0.1464475988434903,7348.841146643875,7359.348406791969,10.507260148094247,0.14297846338524794,2070.216530147837,2071.922511128706,1.7059809808688442,0.08240592015498097,1512.4364541050136,1510.8643685688762,-1.5720855361373651,-0.10394390665938087,-0.049137165151413566,-0.0507876917281301,-0.001650526576716535,3.3590187216346834,0.2272759720228212,0.2385975241647907,0.011321552141969476,4.9814118233460505,-0.0005131542263022916,-0.000450661133520199,6.249309278209261e-05,-12.178228216574961,-0.00047837789954461685,-0.00040316053746109045,7.521736208352639e-05,-15.723419111779243,0.0,0.0,0.0,nan
bootstrap,bootstrap_0012,,10,ok,0.1175786501635264,,7347.865114440015,7338.815385617068,-9.049728822946236,-0.12316133573494321,7348.841146643875,7339.792046931221,-9.049099712653515,-0.12313641745795699,2070.216530147837,2067.203463898662,-3.0130662491751536,-0.14554353157251557,1512.4364541050136,1507.8918068705048,-4.54464723450883,-0.3004851689585948,-0.049137165151413566,-0.049653561857839056,-0.0005163967064254898,1.0509289757238556,0.2272759720228212,0.2272087007603077,-6.727126251351856e-05,-0.029598932924930457,-0.0005131542263022916,-0.0006878088478707938,-0.00017465462156850218,34.03550289881384,-0.00047837789954461685,-0.0005713237129348341,-9.294581339021725e-05,19.42937026954952,0.0,0.0,0.0,nan
bootstrap,bootstrap_0013,,14,ok,0.12062171724592956,,7347.865114440015,7347.236827271562,-0.6282871684525162,-0.008550608355858453,7348.841146643875,7348.194011112691,-0.6471355311832667,-0.008805953459462184,2070.216530147837,2067.761849374525,-2.4546807733122478,-0.11857120922210758,1512.4364541050136,1511.1119073021978,-1.324546802815803,-0.08757702177970877,-0.049137165151413566,-0.048919044008897,0.00021812114251656273,-0.4439025772944654,0.2272759720228212,0.2305386835130587,0.003262711490237491,1.4355725601780183,-0.0005131542263022916,-0.0005447885689456383,-3.163434264334664e-05,6.164685200256212,-0.00047837789954461685,-0.0005783347737008313,-9.995687415621443e-05,20.89496071021813,0.0,0.0,0.0,nan
bootstrap,bootstrap_0014,,14,ok,0.11570727191052194,,7347.865114440015,7362.292630439391,14.427515999376737,0.19634976656040953,7348.841146643875,7363.693499067575,14.852352423700722,0.20210468735582357,2070.216530147837,2072.3796362941853,2.1631061463481274,0.10448695171966658,1512.4364541050136,1511.508477688134,-0.9279764168795737,-0.06135639050228428,-0.049137165151413566,-0.04939907031884435,-0.0002619051674307843,0.5330082975355567,0.2272759720228212,0.22715634148023012,-0.00011963054259109263,-0.05263668725133878,-0.0005131542263022916,-0.0004018156014676422,0.0001113386248346494,-21.696912765765948,-0.00047837789954461685,-0.00047453739556666756,3.840503977949289e-06,-0.8028180193117589,0.0,0.0,0.0,nan
bootstrap,bootstrap_0015,,11,ok,0.11210102818650093,,7347.865114440015,7339.179250993604,-8.685863446410622,-0.1182093480369036,7348.841146643875,7340.406036148684,-8.435110495191111,-0.11478150536759557,2070.216530147837,2069.104380708505,-1.11214943933237,-0.05372140658411948,1512.4364541050136,1500.5608719940578,-11.875582110955747,-0.7851954426728718,-0.049137165151413566,-0.05045405789025021,-0.0013168927388366447,2.6800340125009443,0.2272759720228212,0.24236078926557206,0.015084817242750848,6.637224827812485,-0.0005131542263022916,-0.0008017972661844222,-0.0002886430398821306,56.24878936729154,-0.00047837789954461685,-0.0005041265945361677,-2.574869499155088e-05,5.382500950830271,0.0,0.0,0.0,nan
bootstrap,bootstrap_0016,,10,ok,0.11233495979116813,,7347.865114440015,7336.564184128503,-11.300930311511365,-0.15379882640064788,7348.841146643875,7337.504182225391,-11.336964418484058,-0.15426873696489563,2070.216530147837,2068.3382503801195,-1.878279767717686,-0.09072866245462523,1512.4364541050136,1505.6424086303975,-6.794045474616041,-0.44921196233903443,-0.049137165151413566,-0.050201788537190914,-0.0010646233857773482,2.1666357481079093,0.2272759720228212,0.2245778216944295,-0.002698150328391713,-1.1871691953959773,-0.0005131542263022916,-0.000804728843458895,-0.00029157461715660334,56.82007517654955,-0.00047837789954461685,-0.00040355410006504423,7.482379947957262e-05,-15.641148880581603,0.0,0.0,0.0,nan
bootstrap,bootstrap_0017,,12,ok,0.1198653236544365,,7347.865114440015,7348.830616636224,0.965502196208945,0.01313990092593754,7348.841146643875,7349.988059103561,1.1469124596860638,0.015606711817547515,2070.216530147837,2070.9795579564666,0.7630278086294311,0.03685739136547916,1512.4364541050136,1516.7755164171285,4.339062312114947,0.2868922063031464,-0.049137165151413566,-0.04823159034860037,0.0009055748028131971,-1.8429528850976984,0.2272759720228212,0.22136146630541975,-0.005914505717401458,-2.602345362231064,-0.0005131542263022916,-0.0003652307991037613,0.0001479234271985303,-28.826309833681616,-0.00047837789954461685,-0.0004279251585485662,5.0452740996050635e-05,-10.546628730984063,0.0,0.0,0.0,nan
bootstrap,bootstrap_0018,,12,ok,0.11162902224639351,,7347.865114440015,7346.0308486104,-1.8342658296141963,-0.02496324852247899,7348.841146643875,7346.905860974457,-1.9352856694176808,-0.026334569366783793,2070.216530147837,2073.360515084214,3.14398493637691,0.15186744432730392,1512.4364541050136,1507.742799980109,-4.693654124904469,-0.31033727811605455,-0.049137165151413566,-0.050136763067287704,-0.0009995979158741383,2.034301150247334,0.2272759720228212,0.2338980743958615,0.006622102373040284,2.9136834457693337,-0.0005131542263022916,-0.0006692726522622712,-0.00015611842595997954,30.423295367738522,-0.00047837789954461685,-0.0003311176268819199,0.00014726027266269697,-30.783251651650026,0.0,0.0,0.0,nan
bootstrap,bootstrap_0019,,14,ok,0.11522767435471676,,7347.865114440015,7351.259610100881,3.394495660866596,0.04619703285238236,7348.841146643875,7352.246117001435,3.4049703575601598,0.046333432572769215,2070.216530147837,2071.7025232979636,1.4859931501264327,0.07177960027303597,1512.4364541050136,1510.6062729256419,-1.8301811793717206,-0.12100879837987857,-0.049137165151413566,-0.050143173754490594,-0.0010060086030770285,2.0473476643942856,0.2272759720228212,0.23408028537358336,0.006804313350762148,2.9938551313637825,-0.0005131542263022916,-0.0005421316781783264,-2.8977451876034763e-05,5.646928426341084,-0.00047837789954461685,-0.00038102946436856564,9.73484351760512e-05,-20.34969325897377,0.0,0.0,0.0,nan
bootstrap,bootstrap_0020,,12,ok,0.1220183173389833,,7347.865114440015,7351.635765865174,3.7706514251594854,0.051316285294206156,7348.841146643875,7352.4222397006115,3.5810930567367905,0.04873003763827759,2070.216530147837,2072.1426401331264,1.9261099852892585,0.09303905930804794,1512.4364541050136,1513.8284203874339,1.3919662824202987,0.09203469531842227,-0.049137165151413566,-0.04890358423109069,0.00023358092032287753,-0.4753650716379553,0.2272759720228212,0.22074801015005519,-0.006527961872766025,-2.8722622170154177,-0.0005131542263022916,-0.000492020406556937,2.1133819745354607e-05,-4.118414827768559,-0.00047837789954461685,-0.00030891229074560424,0.0001694656087990126,-35.42504972749207,0.0,0.0,0.0,nan
bootstrap,bootstrap_0021,,11,ok,0.12168850712326372,,7347.865114440015,7347.977643486092,0.11252904607772507,0.0015314522562013713,7348.841146643875,7348.958548214417,0.11740157054191513,0.0015975521609353468,2070.216530147837,2073.2424111623613,3.0258810145242023,0.14616253761185646,1512.4364541050136,1512.0947722280719,-0.3416818769417205,-0.022591486472991106,-0.049137165151413566,-0.048243971599984295,0.0008931935514292708,-1.8177555597213275,0.2272759720228212,0.2169601503522229,-0.010315821670598302,-4.5388967336866,-0.0005131542263022916,-0.0005783387252541988,-6.518449895190717e-05,12.702711117009867,-0.00047837789954461685,-0.00029846336279401256,0.0001799145367506043,-37.60929109013411,0.0,0.0,0.0,nan
bootstrap,bootstrap_0022,,11,ok,0.11659111566243666,,7347.865114440015,7343.9138847276035,-3.9512297124110773,-0.05377384656457732,7348.841146643875,7345.017695742416,-3.8234509014582727,-0.05202794325203771,2070.216530147837,2069.644133453245,-0.5723966945920438,-0.027649122024504758,1512.4364541050136,1507.1550123523984,-5.281441752615137,-0.34920090283994365,-0.049137165151413566,-0.0500590144795565,-0.0009218493281429319,1.8760734879643588,0.2272759720228212,0.23780835981044554,0.010532387787624331,4.634184464764605,-0.0005131542263022916,-0.0006474268173362442,-0.00013427259103395263,26.166127871829048,-0.00047837789954461685,-0.0004934494773511824,-1.5071577806565579e-05,3.1505589662299816,0.0,0.0,0.0,nan
bootstrap,bootstrap_0023,,13,ok,0.11797403278152485,,7347.865114440015,7349.644205889875,1.7790914498600614,0.024212358585132345,7348.841146643875,7350.693777672955,1.8526310290799302,0.025209839104033484,2070.216530147837,2068.367290865337,-1.8492392825000934,-0.08932588719925044,1512.4364541050136,1512.6897128523387,0.2532587473251624,0.01674508351327915,-0.049137165151413566,-0.05001083597163987,-0.0008736708202263035,1.778024469938657,0.2272759720228212,0.22973263910442906,0.002456667081607855,1.0809180837476196,-0.0005131542263022916,-0.0004853118896396006,2.7842336662691034e-05,-5.425724906003117,-0.00047837789954461685,-0.000624029141097064,-0.0001456512415524471,30.446900178937437,0.0,0.0,0.0,nan
bootstrap,bootstrap_0024,,11,ok,0.12187218493417563,,7347.865114440015,7352.498269890892,4.633155450876984,0.06305444341611434,7348.841146643875,7353.324075290618,4.482928646742948,0.06100184447163138,2070.216530147837,2070.7121562624548,0.4956261146176075,0.0239407862607596,1512.4364541050136,1510.948130341335,-1.4883237636786362,-0.09840570555140142,-0.049137165151413566,-0.04833132081087305,0.0008058443405405125,-1.6399894826194101,0.2272759720228212,0.2161016878790164,-0.011174284143804808,-4.916614829253828,-0.0005131542263022916,-0.0005968781836581775,-8.372395735588593e-05,16.31555447943741,-0.00047837789954461685,-0.0004242679237103964,5.410997583422044e-05,-11.311136213802822,0.0,0.0,0.0,nan
bootstrap,bootstrap_0025,,13,ok,0.11583547590655825,,7347.865114440015,7350.858845755013,2.993731314998513,0.04074287249932278,7348.841146643875,7351.75510247129,2.9139558274155206,0.0396519093183323,2070.216530147837,2071.5051412480107,1.2886111001735117,0.062245232873369534,1512.4364541050136,1513.118062859006,0.6816087539923501,0.045066935020135646,-0.049137165151413566,-0.049500098264299956,-0.0003629331128863905,0.7386122332617916,0.2272759720228212,0.22770687675917564,0.0004309047363544316,0.18959537716163136,-0.0005131542263022916,-0.0004964607769060256,1.6693449396265993e-05,-3.2531057020725243,-0.00047837789954461685,-0.0003858071063686629,9.257079317595394e-05,-19.350976134991818,0.0,0.0,0.0,nan
bootstrap,bootstrap_0026,,10,ok,0.10883834397412116,,7347.865114440015,7333.7377429911985,-14.12737144881612,-0.19226498076363743,7348.841146643875,7334.699085097684,-14.142061546191144,-0.1924393419859082,2070.216530147837,2070.677948648817,0.4614185009800167,0.0222884173834254,1512.4364541050136,1499.6238948099142,-12.81255929509939,-0.8471469502288108,-0.049137165151413566,-0.05050256572883415,-0.0013654005774205863,2.7787532577697083,0.2272759720228212,0.22882936085240937,0.0015533888295881648,0.6834813270239523,-0.0005131542263022916,-0.0008407378562049093,-0.0003275836299026177,63.83726628603132,-0.00047837789954461685,-0.0003866495699040275,9.172832964058936e-05,-19.17486776205767,0.0,0.0,0.0,nan
bootstrap,bootstrap_0027,,11,ok,0.11333314594335568,,7347.865114440015,7342.149733574535,-5.7153808654793465,-0.07778287674670957,7348.841146643875,7342.777472066175,-6.063674577700112,-0.08251198327329906,2070.216530147837,2069.3342244384053,-0.8823057094318756,-0.042619006107968274,1512.4364541050136,1511.4072168588773,-1.0292372461362902,-0.0680516026536363,-0.049137165151413566,-0.04965808610135418,-0.0005209209499406134,1.0601363516503712,0.2272759720228212,0.22601191074976815,-0.0012640612730530632,-0.5561790196308726,-0.0005131542263022916,-0.0005883386103109962,-7.518438400870456e-05,14.65142059736531,-0.00047837789954461685,-0.0005185254799823653,-4.0147580437748464e-05,8.392440469337364,0.0,0.0,0.0,nan
bootstrap,bootstrap_0028,,11,ok,0.12357296506248541,,7347.865114440015,7353.5697364733105,5.704622033295891,0.07763645554795467,7348.841146643875,7355.029390131655,6.18824348778071,0.08420706563519617,2070.216530147837,2068.8796139308697,-1.3369162169674382,-0.06457856931863871,1512.4364541050136,1512.7545960174884,0.31814191247485724,0.021035059794503444,-0.049137165151413566,-0.04871164962516874,0.0004255155262448268,-0.8659749192563782,0.2272759720228212,0.21023811800251363,-0.01703785402030758,-7.496548741455509,-0.0005131542263022916,-0.0004587281704149177,5.4426055887373936e-05,-10.606179019426481,-0.00047837789954461685,-0.0006492909363007522,-0.00017091303675613532,35.7276197163023,0.0,0.0,0.0,nan
bootstrap,bootstrap_0029,,12,ok,0.11480874409747811,,7347.865114440015,7342.823788125998,-5.04132631401626,-0.06860940198955275,7348.841146643875,7343.738440184208,-5.102706459666479,-0.06943552538207771,2070.216530147837,2069.1552663998496,-1.0612637479875957,-0.05126341774074277,1512.4364541050136,1515.340840842724,2.9043867377104107,0.19203363750109326,-0.049137165151413566,-0.050105284455638964,-0.0009681193042253983,1.9702384157535138,0.2272759720228212,0.23640592647979694,0.00912995445697573,4.017122609009885,-0.0005131542263022916,-0.00043611902236437256,7.703520393791905e-05,-15.01209577733045,-0.00047837789954461685,-0.0005125835072964986,-3.420560775188174e-05,7.150331941430227,0.0,0.0,0.0,nan
bootstrap,bootstrap_0030,,13,ok,0.11280800450827692,,7347.865114440015,7346.762092742372,-1.1030216976423617,-0.015011458164558641,7348.841146643875,7347.871676557067,-0.9694700868076325,-0.013192149176477675,2070.216530147837,2069.499747569555,-0.7167825782821637,-0.03462355593455614,1512.4364541050136,1514.9353098971303,2.4988557921167285,0.16522054763586283,-0.049137165151413566,-0.049298259410166606,-0.00016109425875304034,0.3278460575750289,0.2272759720228212,0.232492121906751,0.005216149883929794,2.295073182397843,-0.0005131542263022916,-0.00039261713409497297,0.00012053709220731865,-23.489447427119504,-0.00047837789954461685,-0.0005235630667317656,-4.518516718714878e-05,9.445496380614985,0.0,0.0,0.0,nan
bootstrap,bootstrap_0031,,13,ok,0.11233339755032622,,7347.865114440015,7349.013590426437,1.1484759864224543,0.01563006354274891,7348.841146643875,7350.108307607167,1.2671609632925538,0.017243003869681556,2070.216530147837,2068.327075414611,-1.8894547332261027,-0.09126845939594415,1512.4364541050136,1510.50008657504,-1.936367529973495,-0.12802967851759056,-0.049137165151413566,-0.04971718207219551,-0.0005800169207819464,1.1804037107038126,0.2272759720228212,0.23367881279100586,0.006402840768184648,2.817209716978672,-0.0005131542263022916,-0.0005506524473179116,-3.7498221015619935e-05,7.307397872531656,-0.00047837789954461685,-0.0006329609672702495,-0.00015458306772563263,32.31400695408069,0.0,0.0,0.0,nan
bootstrap,bootstrap_0032,,12,ok,0.11966237875127993,,7347.865114440015,7347.391666048069,-0.473448391945567,-0.006443346258699644,7348.841146643875,7348.321264255742,-0.519882388132828,-0.007074345162165492,2070.216530147837,2068.9103212972163,-1.3062088506208056,-0.063095276827276,1512.4364541050136,1511.5489657740304,-0.8874883309831603,-0.058679379789766624,-0.049137165151413566,-0.04915310659495811,-1.5941443544546796e-05,0.03244274165069166,0.2272759720228212,0.23026131129929425,0.0029853392764730424,1.3135305285035934,-0.0005131542263022916,-0.0005253565648086094,-1.2202338506317814e-05,2.377908605419844,-0.00047837789954461685,-0.0004888255179225439,-1.0447618377927006e-05,2.183967609681055,0.0,0.0,0.0,nan
bootstrap,bootstrap_0033,,13,ok,0.11715102393938663,,7347.865114440015,7353.974682142182,6.109567702167624,0.08314752117810532,7348.841146643875,7355.301170251866,6.460023607991388,0.08790533744142233,2070.216530147837,2070.532432091047,0.31590194321006493,0.015259367250222174,1512.4364541050136,1508.276749347218,-4.15970475779568,-0.2750333573688682,-0.049137165151413566,-0.05071251967135367,-0.0015753545199401059,3.206034607584167,0.2272759720228212,0.234292212916248,0.007016240893426784,3.0871019188611237,-0.0005131542263022916,-0.0006496374481349261,-0.00013648322183263447,26.59692054299368,-0.00047837789954461685,-0.0005130879822024122,-3.47100826577954e-05,7.25578725330686,0.0,0.0,0.0,nan
bootstrap,bootstrap_0034,,14,ok,0.11058847720397999,,7347.865114440015,7341.687977319878,-6.177137120136649,-0.08406710008866858,7348.841146643875,7342.729857414926,-6.111289228948408,-0.08315990381339727,2070.216530147837,2068.521826304269,-1.694703843568277,-0.08186118789454627,1512.4364541050136,1511.7235941653958,-0.7128599396178288,-0.047133215923419715,-0.049137165151413566,-0.049636674521087616,-0.0004995093696740505,1.0165612284201557,0.2272759720228212,0.22928446482214468,0.002008492799323469,0.883724214859718,-0.0005131542263022916,-0.0005321410788543182,-1.8986852552026613e-05,3.7000284863369197,-0.00047837789954461685,-0.0005482740472955463,-6.98961477509295e-05,14.611073759357584,0.0,0.0,0.0,nan
bootstrap,bootstrap_0035,,10,ok,0.12806131202261697,,7347.865114440015,7347.119305448685,-0.7458089913297954,-0.01015000928452174,7348.841146643875,7348.315876166217,-0.5252704776576138,-0.007147664062618885,2070.216530147837,2069.034859860793,-1.1816702870441986,-0.057079550367604,1512.4364541050136,1517.3561291052133,4.919675000199732,0.3252814349222332,-0.049137165151413566,-0.05025824403163427,-0.0011210788802207064,2.2815294223143754,0.2272759720228212,0.227177011114901,-9.896090792022028e-05,-0.043542177837560155,-0.0005131542263022916,-0.00034832975175861107,0.00016482447454368055,-32.119870809869326,-0.00047837789954461685,-0.000698592107757807,-0.00022021420821319011,46.03352463038511,0.0,0.0,0.0,nan
bootstrap,bootstrap_0036,,12,ok,0.11583704858062621,,7347.865114440015,7355.98424165713,8.11912721711542,0.11049641073513614,7348.841146643875,7357.236907271802,8.395760627927302,0.11424604859994208,2070.216530147837,2071.224324262365,1.0077941145277691,0.048680613832013074,1512.4364541050136,1508.7124289843377,-3.724025120675833,-0.246226881834816,-0.049137165151413566,-0.050391816185992235,-0.0012546510345786688,2.5533647102199084,0.2272759720228212,0.22711733610756515,-0.0001586359152560557,-0.06979880620205939,-0.0005131542263022916,-0.0005943670967041015,-8.121287040180987e-05,15.826210959425785,-0.00047837789954461685,-0.0005372198408332599,-5.8841941288643074e-05,12.30030512376441,0.0,0.0,0.0,nan
bootstrap,bootstrap_0037,,11,ok,0.11658058762700996,,7347.865114440015,7347.9841964315365,0.11908199152185261,0.0016206338802794956,7348.841146643875,7348.956611437055,0.11546479317985359,0.0015711972932301705,2070.216530147837,2070.023491433016,-0.19303871482134127,-0.009324566392461184,1512.4364541050136,1519.8874349163677,7.450980811354157,0.49264752850481147,-0.049137165151413566,-0.04981317821709747,-0.0006760130656839058,1.375767331307794,0.2272759720228212,0.22923408621383556,0.001958114191014354,0.8615579436693537,-0.0005131542263022916,-0.0002423500919634118,0.0002708041343388798,-52.772464974175826,-0.00047837789954461685,-0.000552617463298779,-7.42395637541622e-05,15.5190203863584,0.0,0.0,0.0,nan
bootstrap,bootstrap_0038,,12,ok,0.11556605640108,,7347.865114440015,7343.929397554625,-3.935716885389411,-0.05356272637143196,7348.841146643875,7344.702751220617,-4.138395423257862,-0.05631357843607514,2070.216530147837,2067.335316265994,-2.8812138818429958,-0.1391745182151185,1512.4364541050136,1513.6783353287503,1.2418812237367547,0.0821112993121843,-0.049137165151413566,-0.04857370464113342,0.0005634605102801463,-1.146709437843784,0.2272759720228212,0.22407659242384784,-0.003199379598973373,-1.4077069258566925,-0.0005131542263022916,-0.00047670504109647264,3.644918520581897e-05,-7.102968919980656,-0.00047837789954461685,-0.0005912692884291227,-0.00011289138888450582,23.59878852931348,0.0,0.0,0.0,nan
bootstrap,bootstrap_0039,,12,ok,0.12121967480419137,,7347.865114440015,7347.02544851663,-0.8396659233849277,-0.011427345362325954,7348.841146643875,7347.863198579913,-0.9779480639617759,-0.013307513993664059,2070.216530147837,2071.073780367639,0.8572502198016991,0.041408722581327356,1512.4364541050136,1515.9977395913768,3.5612854863632037,0.2354667845182692,-0.049137165151413566,-0.047904813349799756,0.0012323518016138096,-2.507983107727894,0.2272759720228212,0.2193421906338691,-0.007933781388952121,-3.4908139731354777,-0.0005131542263022916,-0.000449671268345701,6.348295795659064e-05,-12.371126398790247,-0.00047837789954461685,-0.00035204084409374577,0.00012633705545087107,-26.409467404563493,0.0,0.0,0.0,nan
bootstrap,bootstrap_0040,,12,ok,0.12189930945204662,,7347.865114440015,7344.71743325891,-3.147681181104417,-0.04283803706356284,7348.841146643875,7345.573960359541,-3.2671862843335475,-0.0444585237201056,2070.216530147837,2070.331523014534,0.11499286669686626,0.005554629915386409,1512.4364541050136,1516.7464500729932,4.309995967979603,0.284970383799037,-0.049137165151413566,-0.04852388580049434,0.0006132793509192255,-1.2480967288801414,0.2272759720228212,0.22471616753663043,-0.002559804486190781,-1.126297893881077,-0.0005131542263022916,-0.00040133540539501883,0.00011181882090727279,-21.790490105288924,-0.00047837789954461685,-0.0004503563420372392,2.8021557507377647e-05,-5.857619579427114,0.0,0.0,0.0,nan
bootstrap,bootstrap_0041,,14,ok,0.11939905309936612,,7347.865114440015,7345.832765815848,-2.0323486241668434,-0.027659035549970488,7348.841146643875,7346.629048632463,-2.212098011411399,-0.03010131757197714,2070.216530147837,2069.4338191003876,-0.7827110474495385,-0.03780817301239711,1512.4364541050136,1510.8700968070343,-1.5663572979792661,-0.10356516425717603,-0.049137165151413566,-0.048952931371288325,0.0001842337801252411,-0.374937747339584,0.2272759720228212,0.22189797519526203,-0.005377996827559184,-2.366284820913303,-0.0005131542263022916,-0.0006180413066718726,-0.00010488708036958101,20.43967972852543,-0.00047837789954461685,-0.0005195195758140186,-4.114167626940177e-05,8.600246020680688,0.0,0.0,0.0,nan
bootstrap,bootstrap_0042,,12,ok,0.11398837045866363,,7347.865114440015,7353.041930214963,5.176815774948409,0.07045333160478051,7348.841146643875,7353.908306009834,5.067159365959014,0.06895181518889035,2070.216530147837,2069.8371930607614,-0.3793370870757826,-0.01832354642867689,1512.4364541050136,1513.7318961838887,1.2954420788751122,0.08565266166119302,-0.049137165151413566,-0.0495551183437814,-0.0004179531923678356,0.8505846665755646,0.2272759720228212,0.23375651390334276,0.006480541880521551,2.8513977183082195,-0.0005131542263022916,-0.00037102368138424373,0.00014213054491804788,-27.697432396146898,-0.00047837789954461685,-0.0005320492279801478,-5.367132843553098e-05,11.219441468057454,0.0,0.0,0.0,nan
bootstrap,bootstrap_0043,,11,ok,0.1136842450733247,,7347.865114440015,7345.920812908566,-1.9443015314482182,-0.026460767871572376,7348.841146643875,7346.732999499823,-2.1081471440520545,-0.02868679703349989,2070.216530147837,2071.6059498031245,1.3894196552873836,0.0671147020156468,1512.4364541050136,1506.2794431604484,-6.157010944565172,-0.407092207269534,-0.049137165151413566,-0.04953256561977622,-0.00039540046836265136,0.8046871795396535,0.2272759720228212,0.23221948141725232,0.0049435093944311115,2.175113079676863,-0.0005131542263022916,-0.000739611789808304,-0.00022645756350601236,44.1305073404208,-0.00047837789954461685,-0.0002820767577652998,0.00019630114177931704,-41.034743027673805,0.0,0.0,0.0,nan
bootstrap,bootstrap_0044,,10,ok,0.1116412278819209,,7347.865114440015,7340.288154949178,-7.576959490836998,-0.10311783589966517,7348.841146643875,7341.329332498625,-7.511814145249446,-0.10221766936246811,2070.216530147837,2069.976930401743,-0.2395997460939725,-0.011573656311055653,1512.4364541050136,1512.0860942312233,-0.35035987379023936,-0.02316526243726156,-0.049137165151413566,-0.048995306384581765,0.0001418587668318011,-0.28869953403838183,0.2272759720228212,0.22729109598749747,1.5123964676261314e-05,0.006654449452642837,-0.0005131542263022916,-0.000521047551516019,-7.893325213727395e-06,1.538197448086017,-0.00047837789954461685,-0.0003921593156288748,8.621858391574203e-05,-18.023111853163837,0.0,0.0,0.0,nan
bootstrap,bootstrap_0045,,11,ok,0.1155723076432763,,7347.865114440015,7370.4270563086575,22.56194186864286,0.3070543826982366,7348.841146643875,7371.766478815833,22.92533217195796,0.3119584668451798,2070.216530147837,2071.156279327527,0.9397491796898976,0.045393762729871966,1512.4364541050136,1512.915181160061,0.4787270550473295,0.031652705391223654,-0.049137165151413566,-0.05031265887655868,-0.0011754937251451172,2.3922701310156897,0.2272759720228212,0.23366941743207514,0.006393445409253934,2.8130758180684214,-0.0005131542263022916,-0.00019368605024616998,0.00031946817605612167,-62.25578192313818,-0.00047837789954461685,-0.0005783050691441242,-9.992716959950738e-05,20.888751276894528,0.0,0.0,0.0,nan
bootstrap,bootstrap_0046,,10,ok,0.11199121898251164,,7347.865114440015,7355.344485065821,7.479370625806041,0.10178971047124412,7348.841146643875,7356.562156455959,7.7210098120840485,0.10506431773409797,2070.216530147837,2074.728011010765,4.511480862927783,0.21792313978893849,1512.4364541050136,1510.016422440354,-2.4200316646595184,-0.16000881611198506,-0.049137165151413566,-0.049658796631923366,-0.0005216314805098002,1.0615823662240598,0.2272759720228212,0.22553583371971178,-0.0017401383031094286,-0.765649922260457,-0.0005131542263022916,-0.000541089552172179,-2.7935325869887372e-05,5.443846009256306,-0.00047837789954461685,-0.0003715462874568659,0.00010683161208775092,-22.332054258661895,0.0,0.0,0.0,nan
bootstrap,bootstrap_0047,,11,ok,0.11382505066205825,,7347.865114440015,7345.697591819101,-2.167522620913587,-0.02949867188843702,7348.841146643875,7346.337000023984,-2.5041466198908893,-0.034075394608774505,2070.216530147837,2070.8432388573706,0.6267087095334318,0.030272616434411218,1512.4364541050136,1509.4936062675822,-2.9428478374313727,-0.19457662696796124,-0.049137165151413566,-0.04889445217545903,0.0002427129759545385,-0.49394989557625346,0.2272759720228212,0.22610051587910146,-0.0011754561437197497,-0.5171933193191756,-0.0005131542263022916,-0.0006646399522803531,-0.00015148572597806144,29.520506353351834,-0.00047837789954461685,-0.0003773961862235641,0.00010098171332105277,-21.109192840467855,0.0,0.0,0.0,nan
bootstrap,bootstrap_0048,,14,ok,0.1172486715607712,,7347.865114440015,7347.873687903345,0.008573463330321829,0.0001166796504398709,7348.841146643875,7349.024122172937,0.18297552906187775,0.0024898555487954783,2070.216530147837,2071.4958004404293,1.279270292592173,0.06179403332755818,1512.4364541050136,1515.983753328456,3.547299223442451,0.2345420340679087,-0.049137165151413566,-0.049465898306959466,-0.00032873315554590027,0.6690112352491775,0.2272759720228212,0.22768363084429374,0.00040765882147253407,0.17936732063854083,-0.0005131542263022916,-0.00039180324276317743,0.00012135098353911419,-23.648053025607958,-0.00047837789954461685,-0.00045142031647889144,2.69575830657254e-05,-5.635206620411851,0.0,0.0,0.0,nan
bootstrap,bootstrap_0049,,13,ok,0.11653289560518511,,7347.865114440015,7346.438747128581,-1.4263673114337507,-0.01941199639920792,7348.841146643875,7347.253792203148,-1.5873544407268128,-0.02160006467756808,2070.216530147837,2070.4758008636773,0.25927071584010264,0.012523845311079017,1512.4364541050136,1512.1910742400828,-0.2453798649307828,-0.016224143782357234,-0.049137165151413566,-0.049281902927999825,-0.00014473777658625953,0.29455866275609865,0.2272759720228212,0.22320894871004368,-0.004067023312777529,-1.7894647096126606,-0.0005131542263022916,-0.0005687371552461878,-5.558292894389618e-05,10.831622560028006,-0.00047837789954461685,-0.0004565155272366468,2.1862372307970032e-05,-4.5701050004152615,0.0,0.0,0.0,nan
bootstrap,bootstrap_0050,,12,ok,0.11297731315214672,,7347.865114440015,7345.598694521703,-2.26641991831184,-0.030844604289998117,7348.841146643875,7346.4627733218695,-2.3783733220052454,-0.03236392343426037,2070.216530147837,2068.4732421984363,-1.7432879494008375,-0.08420800066147413,1512.4364541050136,1516.349173371374,3.9127192663604546,0.2587030520019971,-0.049137165151413566,-0.04982811010219075,-0.000690944950777185,1.4061555009290316,0.2272759720228212,0.23234860187683085,0.005072629854009636,2.231925270789419,-0.0005131542263022916,-0.0004036620057467313,0.0001094922205555603,-21.33709807761771,-0.00047837789954461685,-0.0005319500448919187,-5.35721453473019e-05,11.198708259369617,0.0,0.0,0.0,nan
bootstrap,bootstrap_0051,,12,ok,0.11549739184981261,,7347.865114440015,7348.544231145386,0.6791167053715981,0.0092423676101103,7348.841146643875,7349.724519523378,0.8833728795034403,0.012020573882004048,2070.216530147837,2073.067927842109,2.851397694271782,0.13773427333556068,1512.4364541050136,1511.2463692588403,-1.1900848461732494,-0.07868660153906987,-0.049137165151413566,-0.050302076723624606,-0.00116491157221104,2.370734185868124,0.2272759720228212,0.2331243983773214,0.005848426354500197,2.5732708576483154,-0.0005131542263022916,-0.0005798243451222446,-6.667011881995302e-05,12.992218596808094,-0.00047837789954461685,-0.0004471141252725838,3.126377427203306e-05,-6.535371784899353,0.0,0.0,0.0,nan
bootstrap,bootstrap_0052,,10,ok,0.11325730229036257,,7347.865114440015,7340.2811522772245,-7.583962162790158,-0.10321313802952324,7348.841146643875,7341.170935095772,-7.670211548102998,-0.10437307590470762,2070.216530147837,2072.142588013646,1.9260578658090708,0.09303654172211291,1512.4364541050136,1501.2808871222762,-11.155566982737355,-0.7375891365524297,-0.049137165151413566,-0.050565561813411236,-0.0014283966619976704,2.9069578141029138,0.2272759720228212,0.23758315320804213,0.01030718118522092,4.53509497439789,-0.0005131542263022916,-0.0008769007179169721,-0.00036374649161468047,70.8844384339929,-0.00047837789954461685,-0.0002895267620369681,0.00018885113750764874,-39.47739594312825,0.0,0.0,0.0,nan
bootstrap,bootstrap_0053,,10,ok,0.11969517664273058,,7347.865114440015,7352.478286642238,4.613172202223723,0.06278248348840704,7348.841146643875,7353.5163345638075,4.675187919932796,0.0636180293823319,2070.216530147837,2071.252893698704,1.0363635508670086,0.050060635483042945,1512.4364541050136,1509.9810114069246,-2.455442698088973,-0.16235013983063407,-0.049137165151413566,-0.050389412775268136,-0.0012522476238545702,2.548473482334269,0.2272759720228212,0.23855535966476074,0.011279387641939531,4.9628597081995744,-0.0005131542263022916,-0.0005744204376795652,-6.126621137727357e-05,11.939141925956301,-0.00047837789954461685,-0.00047670458163876406,1.6733179058527883e-06,-0.34978996886053326,0.0,0.0,0.0,nan
bootstrap,bootstrap_0054,,11,ok,0.11994307551334622,,7347.865114440015,7341.819619596861,-6.045494843153392,-0.08227552832009387,7348.841146643875,7342.817679635803,-6.023467008071748,-0.08196485524554563,2070.216530147837,2069.0071878299977,-1.2093423178394005,-0.0584162236282134,1512.4364541050136,1516.8798127087396,4.443358603725983,0.2937881186125831,-0.049137165151413566,-0.04739463186086447,0.0017425332905490962,-3.546263373516914,0.2272759720228212,0.21451504174326405,-0.012760930279557159,-5.614729162076055,-0.0005131542263022916,-0.00045853089778708265,5.462332851520897e-05,-10.644622165311986,-0.00047837789954461685,-0.0004654582808044817,1.2919618740135153e-05,-2.700713965347009,0.0,0.0,0.0,nan
bootstrap,bootstrap_0055,,12,ok,0.1192981675761813,,7347.865114440015,7340.292655500335,-7.572458939679564,-0.10305658612047977,7348.841146643875,7341.008986414477,-7.832160229398141,-0.1065768067795967,2070.216530147837,2066.488591233902,-3.7279389139353043,-0.18007483080376557,1512.4364541050136,1509.337265432426,-3.0991886725876157,-0.20491364540810178,-0.049137165151413566,-0.04954820512101294,-0.00041103996959937494,0.8365154325300963,0.2272759720228212,0.22605975585695515,-0.001216216165866063,-0.535127473019427,-0.0005131542263022916,-0.0006653669478599385,-0.00015221272155764684,29.66217829958601,-0.00047837789954461685,-0.0006425627319890035,-0.0001641848324443867,34.321157520169606,0.0,0.0,0.0,nan
bootstrap,bootstrap_0056,,13,ok,0.11197554112096776,,7347.865114440015,7338.5288285915585,-9.3362858484561,-0.12706120353391415,7348.841146643875,7339.385638325826,-9.455508318048487,-0.12866665817598605,2070.216530147837,2068.7041901589696,-1.5123399888675522,-0.0730522612897673,1512.4364541050136,1509.2444885107827,-3.191965594230851,-0.21104791448046,-0.049137165151413566,-0.04930972208692242,-0.0001725569355088552,0.3511739738691277,0.2272759720228212,0.22958630795420917,0.0023103359313879634,1.0165332968660576,-0.0005131542263022916,-0.0006658364156822655,-0.00015268218937997385,29.753664990772386,-0.00047837789954461685,-0.0004388263210497535,3.955157849486337e-05,-8.267852367869372,0.0,0.0,0.0,nan
bootstrap,bootstrap_0057,,10,ok,0.10539010509338535,,7347.865114440015,7372.001164538406,24.136050098391024,0.3284770436375988,7348.841146643875,7373.115552981228,24.274406337352957,0.33031611179184056,2070.216530147837,2070.92220802175,0.7056778739129186,0.03408715289615261,1512.4364541050136,1508.2241704164653,-4.212283688548268,-0.2785097963696527,-0.049137165151413566,-0.05129726550701134,-0.0021601003555977716,4.396062224879146,0.2272759720228212,0.24904406294993303,0.02176809092711182,9.577823266300253,-0.0005131542263022916,-0.00036352881875031717,0.00014962540755197445,-29.157980171020224,-0.00047837789954461685,-0.0005984437948922122,-0.00012006589534759536,25.098545618827693,0.0,0.0,0.0,nan
bootstrap,bootstrap_0058,,12,ok,0.11652213344435018,,7347.865114440015,7349.410114797891,1.5450003578762335,0.021026520408492542,7348.841146643875,7350.281492115133,1.440345471258297,0.019599627240766866,2070.216530147837,2073.87387190234,3.657341754502795,0.17666469672337218,1512.4364541050136,1513.1405072394255,0.704053134411879,0.04655092334629712,-0.049137165151413566,-0.04949125344884647,-0.0003540882974329071,0.7206119773938989,0.2272759720228212,0.22941477690857207,0.0021388048857508557,0.9410607143002756,-0.0005131542263022916,-0.0005090479626509383,4.106263651353277e-06,-0.8002006883860948,-0.00047837789954461685,-0.00031729435196557954,0.0001610835475790373,-33.67286568471869,0.0,0.0,0.0,nan
bootstrap,bootstrap_0059,,12,ok,0.11269254763056616,,7347.865114440015,7348.00438948218,0.13927504216553643,0.001895449086181962,7348.841146643875,7349.204376805744,0.363230161869069,0.004942686263329447,2070.216530147837,2072.3500024660734,2.1334723182362723,0.10305551555440039,1512.4364541050136,1504.2985623757063,-8.137891729307285,-0.5380650345487007,-0.049137165151413566,-0.051114724976158564,-0.0019775598247449983,4.024570442049827,0.2272759720228212,0.24141077522771687,0.014134803204895657,6.219224618903557,-0.0005131542263022916,-0.000772319617389119,-0.0002591653910868274,50.504385972679664,-0.00047837789954461685,-0.0004296475277084714,4.8730371836145454e-05,-10.186585099883052,0.0,0.0,0.0,nan
bootstrap,bootstrap_0060,,12,ok,0.11669887467173144,,7347.865114440015,7352.372768337828,4.507653897813725,0.061346443185998197,7348.841146643875,7353.326657281498,4.48551063762352,0.061036979138840104,2070.216530147837,2072.897059663362,2.680529515524995,0.1294806353098521,1512.4364541050136,1517.6055025667465,5.1690484617329275,0.3417696292431486,-0.049137165151413566,-0.04922728756749964,-9.012241608607335e-05,0.18340988090860738,0.2272759720228212,0.2276669301703853,0.00039095814756409664,0.1720191290282282,-0.0005131542263022916,-0.00028900110489155735,0.00022415312141073427,-43.68143336282082,-0.00047837789954461685,-0.00033163024382759827,0.00014674765571701858,-30.676094329757362,0.0,0.0,0.0,nan
bootstrap,bootstrap_0061,,12,ok,0.11187248416033134,,7347.865114440015,7341.00298576968,-6.862128670334641,-0.09338942078358509,7348.841146643875,7341.92245443088,-6.918692212994756,-0.0941467106845062,2070.216530147837,2068.7627508044507,-1.4537793433864863,-0.07022354049519013,1512.4364541050136,1507.94417470906,-4.492279395953574,-0.2970226870531157,-0.049137165151413566,-0.05005805065599176,-0.000920885504578195,1.8741119918915452,0.2272759720228212,0.23307189460280672,0.005795922579985513,2.5501695266772564,-0.0005131542263022916,-0.0006551798759990724,-0.0001420256496967808,27.676991129975722,-0.00047837789954461685,-0.0005358978270917938,-5.7519927547176994e-05,12.023951692152176,0.0,0.0,0.0,nan
bootstrap,bootstrap_0062,,13,ok,0.11695288424991347,,7347.865114440015,7349.978090364849,2.1129759248342452,0.028756324346262532,7348.841146643875,7350.871433576826,2.0302869329516398,0.02762730738680951,2070.216530147837,2072.2275786351242,2.0110484872870984,0.09714193940589812,1512.4364541050136,1513.1462347477134,0.7097806426997977,0.04692961749059476,-0.049137165151413566,-0.05019109108305565,-0.001053925931642087,2.1448651512444203,0.2272759720228212,0.2384773581462077,0.011201386123386503,4.928539530022008,-0.0005131542263022916,-0.0004380299665820526,7.5124259720239e-05,-14.639703985597578,-0.00047837789954461685,-0.00040990415726244997,6.847374228216688e-05,-14.313734465440232,0.0,0.0,0.0,nan
bootstrap,bootstrap_0063,,12,ok,0.12002948969483739,,7347.865114440015,7345.673099186776,-2.1920152532384236,-0.029832001800504996,7348.841146643875,7346.471563096518,-2.369583547356342,-0.03224431580533622,2070.216530147837,2070.2028789055526,-0.013651242284595355,-0.0006594113265833357,1512.4364541050136,1516.8327227235866,4.3962686185730036,0.2906746003536725,-0.049137165151413566,-0.048438857543767144,0.0006983076076464215,-1.4211393870497486,0.2272759720228212,0.22044596589904686,-0.0068300061237743515,-3.0051597900936655,-0.0005131542263022916,-0.0003675805479752027,0.0001455736783270889,-28.368406780174038,-0.00047837789954461685,-0.0004844597672334883,-6.0818676888714485e-06,1.2713521453773202,0.0,0.0,0.0,nan
bootstrap,bootstrap_0064,,11,ok,0.11784536849512033,,7347.865114440015,7355.276892661903,7.4117782218881985,0.10086981873582004,7348.841146643875,7356.56920805491,7.728061411035014,0.10516027298486816,2070.216530147837,2070.8463950402647,0.6298648924275767,0.030425073090426785,1512.4364541050136,1513.273166559801,0.8367124547874027,0.05532215601630209,-0.049137165151413566,-0.05003805883331945,-0.0009008936819058858,1.8334262449407281,0.2272759720228212,0.2311957936714099,0.0039198216485887005,1.7246969020531144,-0.0005131542263022916,-0.000420325913694165,9.28283126081266e-05,-18.089749211856397,-0.00047837789954461685,-0.0005297032614871209,-5.132536194250403e-05,10.729041201811848,0.0,0.0,0.0,nan
bootstrap,bootstrap_0065,,12,ok,0.11846827307238021,,7347.865114440015,7350.816846847313,2.9517324072985502,0.04017129276771575,7348.841146643875,7352.092179802966,3.2510331590910937,0.04423871865261097,2070.216530147837,2068.33448426651,-1.8820458813270307,-0.09091058128072387,1512.4364541050136,1510.3646931709752,-2.071760934038366,-0.13698168464633667,-0.049137165151413566,-0.05082187398321583,-0.001684708831802266,3.4285836934445144,0.2272759720228212,0.24731877480192532,0.020042802779104113,8.81870731899964,-0.0005131542263022916,-0.0005684213542344644,-5.526712793217279e-05,10.770081410109198,-0.00047837789954461685,-0.000619981399872617,-0.0001416035003280002,29.600761335922304,0.0,0.0,0.0,nan
bootstrap,bootstrap_0066,,12,ok,0.10709958515763844,,7347.865114440015,7349.434479828823,1.5693653888083645,0.021358113742782917,7348.841146643875,7350.303233923748,1.4620872798732307,0.01989548080707865,2070.216530147837,2072.8402573255735,2.6237271777363276,0.12673684803149377,1512.4364541050136,1512.3466774202136,-0.08977668479997192,-0.005935897971534771,-0.049137165151413566,-0.04979867762255818,-0.0006615124711446124,1.346256889477032,0.2272759720228212,0.23377821622474765,0.006502244201926438,2.8609466033978883,-0.0005131542263022916,-0.000522198470481257,-9.044244178965394e-06,1.7624806959375139,-0.00047837789954461685,-0.00024343794349892313,0.0002349399560456937,-49.11179138278347,0.0,0.0,0.0,nan
bootstrap,bootstrap_0067,,10,ok,0.11287381951742383,,7347.865114440015,7350.356214475037,2.4911000350221,0.03390236478520263,7348.841146643875,7351.744674669163,2.903528025288324,0.0395100120869306,2070.216530147837,2069.623955146951,-0.5925750008859723,-0.02862381747302808,1512.4364541050136,1507.5530770213124,-4.883377083701134,-0.3228814718427876,-0.049137165151413566,-0.0493868634119643,-0.00024969826055073335,0.5081657840481872,0.2272759720228212,0.2316190313341497,0.004343059311328501,1.910918814986921,-0.0005131542263022916,-0.0005989712402450695,-8.581701394277789e-05,16.72343508912744,-0.00047837789954461685,-0.0004534414522151238,2.4936447329493034e-05,-5.212708896717602,0.0,0.0,0.0,nan
bootstrap,bootstrap_0068,,13,ok,0.11681353634845049,,7347.865114440015,7346.8305330066805,-1.0345814333340968,-0.014080027562032117,7348.841146643875,7347.654811080384,-1.186335563490502,-0.01614316515784651,2070.216530147837,2070.4522972602676,0.2357671124304943,0.011388524291884474,1512.4364541050136,1510.9591868443883,-1.47726726062524,-0.0976746663713164,-0.049137165151413566,-0.04913506567262527,2.099478788299136e-06,-0.004272690094818665,0.2272759720228212,0.22446610209225185,-0.002809869930569364,-1.236325118559924,-0.0005131542263022916,-0.0005905597388256296,-7.740551252333801e-05,15.084258991903843,-0.00047837789954461685,-0.0003987096192798543,7.966828026476254e-05,-16.653837967974965,0.0,0.0,0.0,nan
bootstrap,bootstrap_0069,,11,ok,0.1120981311823446,,7347.865114440015,7360.732691232104,12.867576792089494,0.17511993744689391,7348.841146643875,7361.824072696696,12.982926052821313,0.17666630416620796,2070.216530147837,2069.145999885364,-1.0705302624733122,-0.05171102862350655,1512.4364541050136,1516.2510903900404,3.814636285026836,0.2522179543261639,-0.049137165151413566,-0.04994671208821387,-0.0008095469368003053,1.6475247082442166,0.2272759720228212,0.23844448030384383,0.011168508281022616,4.914073485912168,-0.0005131542263022916,-0.00017781102058554813,0.0003353432057167435,-65.34939956222784,-0.00047837789954461685,-0.0005675052518003194,-8.912735225570251e-05,18.63116008087867,0.0,0.0,0.0,nan
bootstrap,bootstrap_0070,,11,ok,0.11724456971697882,,7347.865114440015,7353.5287140766595,5.6635996366449035,0.07707816554110125,7348.841146643875,7354.56629672682,5.72515008294522,0.07790548154058038,2070.216530147837,2070.54730250266,0.3307723548227841,0.015977669485576138,1512.4364541050136,1507.476267164657,-4.960186940356607,-0.32796002284220294,-0.049137165151413566,-0.04993884649996532,-0.0008016813485517554,1.6315172966967404,0.2272759720228212,0.22522283490435732,-0.002053137118463888,-0.9033674348372069,-0.0005131542263022916,-0.0006906063717015821,-0.00017745214539929052,34.58066528614266,-0.00047837789954461685,-0.0003261564301649918,0.00015222146937962503,-31.820339009082463,0.0,0.0,0.0,nan
bootstrap,bootstrap_0071,,11,ok,0.10467108118594776,,7347.865114440015,7354.1031233768545,6.238008936839833,0.08489552869691233,7348.841146643875,7355.268374059432,6.427227415557354,0.08745906037841884,2070.216530147837,2072.31321704878,2.096686900943041,0.10127862812462973,1512.4364541050136,1508.3374952608985,-4.098958844115032,-0.2710169298676814,-0.049137165151413566,-0.05121449183133469,-0.0020773266799211237,4.227607908433366,0.2272759720228212,0.23756403542225968,0.010288063399438468,4.526683268746695,-0.0005131542263022916,-0.0005815392956100777,-6.838506930778609e-05,13.326416465583478,-0.00047837789954461685,-0.0004529041883324735,2.5473711212143355e-05,-5.325018408332114,0.0,0.0,0.0,nan
bootstrap,bootstrap_0072,,12,ok,0.12410840333359181,,7347.865114440015,7349.405153589362,1.540039149347649,0.020959001361105095,7348.841146643875,7350.675767271757,1.8346206278820318,0.024964760991192204,2070.216530147837,2067.5434516041196,-2.6730785437175655,-0.12912072262927382,1512.4364541050136,1515.5690568304615,3.132602725447896,0.20712293180619068,-0.049137165151413566,-0.04910721287072186,2.9952280691705746e-05,-0.06095646869209769,0.2272759720228212,0.22601075511796603,-0.0012652169048551765,-0.5566874903644163,-0.0005131542263022916,-0.00038684181190352907,0.00012631241439876254,-24.614902874122244,-0.00047837789954461685,-0.0006711322058913815,-0.00019275430634676464,40.2933134098071,0.0,0.0,0.0,nan
bootstrap,bootstrap_0073,,12,ok,0.11056086818088479,,7347.865114440015,7344.586542366919,-3.278572073095347,-0.044619382936851984,7348.841146643875,7345.460400159919,-3.3807464839555905,-0.046003804089567724,2070.216530147837,2070.450898411098,0.23436826326087612,0.011320954105421019,1512.4364541050136,1506.7569865099806,-5.679467595032975,-0.3755177666881752,-0.049137165151413566,-0.0498614805154925,-0.0007243153640789368,1.4740682777425143,0.2272759720228212,0.23017166792908839,0.002895695906267176,1.274088008729939,-0.0005131542263022916,-0.0007189349363287612,-0.0002057807100264696,40.101142985665916,-0.00047837789954461685,-0.0003859802223581433,9.239767718647354e-05,-19.31478801057278,0.0,0.0,0.0,nan
bootstrap,bootstrap_0074,,10,ok,0.1193641437119602,,7347.865114440015,7352.906624039215,5.041509599200253,0.06861189639005057,7348.841146643875,7353.953241557623,5.112094913748479,0.06956327959385963,2070.216530147837,2070.635004683641,0.41847453580385263,0.020214046681096144,1512.4364541050136,1515.2670606312013,2.830606526187694,0.18715540203391284,-0.049137165151413566,-0.048709616010008415,0.00042754914140515077,-0.8701135690015507,0.2272759720228212,0.22326820498827274,-0.004007767034548471,-1.7633923194247931,-0.0005131542263022916,-0.0004032803003646288,0.00010987392593766283,-21.411482222293483,-0.00047837789954461685,-0.00041156920376358866,6.680869578102819e-05,-13.965673549013344,0.0,0.0,0.0,nan
bootstrap,bootstrap_0075,,11,ok,0.10935231789575842,,7347.865114440015,7342.758074832897,-5.107039607117258,-0.06950372016330172,7348.841146643875,7343.81496488886,-5.026181755014477,-0.06839420875643601,2070.216530147837,2068.024517599254,-2.1920125485830795,-0.1058832502137612,1512.4364541050136,1508.3841528135026,-4.0523012915109575,-0.2679320033917665,-0.049137165151413566,-0.05015335415450501,-0.0010161890030914444,2.0680659943651856,0.2272759720228212,0.2345395102917076,0.007263538268886399,3.1959112106039322,-0.0005131542263022916,-0.0006226868158790373,-0.00010953258957674568,21.34496491747135,-0.00047837789954461685,-0.000611318936515162,-0.00013294103697054514,27.789962098394586,0.0,0.0,0.0,nan
bootstrap,bootstrap_0076,,12,ok,0.11114122833859584,,7347.865114440015,7355.714020627749,7.848906187734428,0.10681886596298248,7348.841146643875,7356.661890367775,7.820743723900705,0.1064214556804285,2070.216530147837,2070.1695898026455,-0.04694034519161505,-0.002267412345908714,1512.4364541050136,1512.9464389250224,0.5099848200088672,0.03371942131020979,-0.049137165151413566,-0.05062620611762807,-0.0014890409662145013,3.030376216507608,0.2272759720228212,0.2324119609992777,0.005135988976456479,2.259802886660084,-0.0005131542263022916,-0.00043856694677228626,7.458727953000535e-05,-14.535060944049807,-0.00047837789954461685,-0.00043464715452147924,4.37307450231376e-05,-9.141464324494565,0.0,0.0,0.0,nan
bootstrap,bootstrap_0077,,10,ok,0.12019950960534985,,7347.865114440015,7358.7156784890485,10.850564049033892,0.14766961396325007,7348.841146643875,7360.202951311849,11.361804667973956,0.15460675283697964,2070.216530147837,2068.937538361542,-1.278991786295137,-0.06178058032431044,1512.4364541050136,1516.5735859467889,4.137131841775272,0.27354087046410325,-0.049137165151413566,-0.04952774100301298,-0.00039057585159941316,0.7948685081768034,0.2272759720228212,0.2338279566273601,0.006551984604538902,2.882832068090772,-0.0005131542263022916,-0.00028596318890849657,0.00022719103739379505,-44.273441735226044,-0.00047837789954461685,-0.000558921739601416,-8.054384005679917e-05,16.836864774370095,0.0,0.0,0.0,nan
bootstrap,bootstrap_0078,,12,ok,0.11520333252987587,,7347.865114440015,7344.887845736187,-2.9772687038275762,-0.04051882631836357,7348.841146643875,7345.528204281793,-3.31294236208214,-0.045081153558409956,2070.216530147837,2071.1741733893955,0.957643241558344,0.04625811974798391,1512.4364541050136,1508.9062443497378,-3.5302097552757914,-0.23341210440241592,-0.049137165151413566,-0.04854981572785587,0.0005873494235576968,-1.1953262296426965,0.2272759720228212,0.22137796572539845,-0.005898006297422764,-2.595085721085612,-0.0005131542263022916,-0.0006818401586105575,-0.00016868593230826587,32.872365394667035,-0.00047837789954461685,-0.00036540532740812857,0.00011297257213648828,-23.615759056601583,0.0,0.0,0.0,nan
bootstrap,bootstrap_0079,,12,ok,0.11238171905973572,,7347.865114440015,7346.152232965068,-1.7128814749466983,-0.02331128087232502,7348.841146643875,7347.184464922848,-1.656681721026871,-0.022543441720514767,2070.216530147837,2072.7423073450477,2.525777197210573,0.12200545983613625,1512.4364541050136,1506.7744570879736,-5.661997017039994,-0.3743626386201124,-0.049137165151413566,-0.051032994094936834,-0.0018958289435232686,3.85823833687062,0.2272759720228212,0.23558188378244874,0.008305911759627527,3.654548998604003,-0.0005131542263022916,-0.0007080732364887413,-0.00019491901018644966,37.98448891106389,-0.00047837789954461685,-0.0004555985695113704,2.2779330033246452e-05,-4.761785620725963,0.0,0.0,0.0,nan
bootstrap,bootstrap_0080,,12,ok,0.12287115822420659,,7347.865114440015,7344.259440464882,-3.6056739751329587,-0.049071041982617414,7348.841146643875,7345.0595319567055,-3.781614687169167,-0.05145865329931895,2070.216530147837,2068.102535319416,-2.113994828421255,-0.1021146724333368,1512.4364541050136,1519.9118723390498,7.4754182340361695,0.49426329375667943,-0.049137165151413566,-0.04926777168479749,-0.0001306065333839257,0.26579989501117657,0.2272759720228212,0.22722905598380083,-4.691603902037822e-05,-0.0206427624543026,-0.0005131542263022916,-0.00027371762283846676,0.00023943660346382485,-46.65977423379463,-0.00047837789954461685,-0.0006028741043354,-0.00012449620479078316,26.024656429424326,0.0,0.0,0.0,nan
bootstrap,bootstrap_0081,,13,ok,0.12227378607914577,,7347.865114440015,7347.0520012352035,-0.8131132048110885,-0.011065978922410532,7348.841146643875,7348.100462377361,-0.7406842665141085,-0.010078926074655591,2070.216530147837,2068.8147686282996,-1.4017615195375583,-0.06771086498074945,1512.4364541050136,1514.7743831825426,2.3379290775289974,0.15458031781655715,-0.049137165151413566,-0.048709532931918244,0.00042763221949532193,-0.8702826428378518,0.2272759720228212,0.22387426072508898,-0.0034017112977322295,-1.4967316023141493,-0.0005131542263022916,-0.00045311035957543177,6.0043866726859846e-05,-11.700939727131642,-0.00047837789954461685,-0.0005932448818754751,-0.0001148669823308583,24.011766103786112,0.0,0.0,0.0,nan
bootstrap,bootstrap_0082,,11,ok,0.11387503222632603,,7347.865114440015,7359.788221618811,11.923107178796272,0.1622662772533072,7348.841146643875,7360.910215877469,12.069069233594746,0.16423091740262397,2070.216530147837,2072.4112956501285,2.194765502291375,0.1060162292363999,1512.4364541050136,1510.8589205603,-1.5775335447135603,-0.10430412070747581,-0.049137165151413566,-0.050116000644665405,-0.0009788354932518395,1.9920471403582398,0.2272759720228212,0.22612554900872858,-0.0011504230140926275,-0.5061788995350162,-0.0005131542263022916,-0.0005039854338613828,9.168792440908836e-06,-1.786751812798602,-0.00047837789954461685,-0.000432294949653469,4.608294989114786e-05,-9.633168659132389,0.0,0.0,0.0,nan
bootstrap,bootstrap_0083,,11,ok,0.11395602142661303,,7347.865114440015,7334.062696166297,-13.802418273717194,-0.1878425645918935,7348.841146643875,7334.919585795588,-13.92156084828639,-0.18943885941314972,2070.216530147837,2066.874237691375,-3.342292456462019,-0.16144651575279137,1512.4364541050136,1509.886978838556,-2.549475266457648,-0.1685674303563586,-0.049137165151413566,-0.0495237456540886,-0.000386580502675031,0.7867374959133351,0.2272759720228212,0.22451806729115953,-0.002757904731661681,-1.2134607574727498,-0.0005131542263022916,-0.0006275251960038143,-0.00011437096970152267,22.287835476999152,-0.00047837789954461685,-0.0005541920861216907,-7.581418657707389e-05,15.848179159038038,0.0,0.0,0.0,nan
bootstrap,bootstrap_0084,,11,ok,0.1163096985181211,,7347.865114440015,7333.9597784469315,-13.9053359930831,-0.18924321250476348,7348.841146643875,7334.996448611076,-13.844698032798988,-0.1883929419146812,2070.216530147837,2065.5308629948186,-4.685667153018585,-0.2263370562828988,1512.4364541050136,1510.160190718262,-2.2762633867516797,-0.1505030760514604,-0.049137165151413566,-0.04964569747385297,-0.0005085323224394075,1.034924014994337,0.2272759720228212,0.2287530039609207,0.0014770319380994767,0.6498847744235652,-0.0005131542263022916,-0.0006089955438447016,-9.584131754240995e-05,18.676903088770672,-0.00047837789954461685,-0.0006026674184215537,-0.00012428951887693683,25.981450856164546,0.0,0.0,0.0,nan
bootstrap,bootstrap_0085,,11,ok,0.12424289118921593,,7347.865114440015,7343.070199530464,-4.7949149095502435,-0.06525589181172206,7348.841146643875,7344.222799748252,-4.6183468956223805,-0.06284456016213553,2070.216530147837,2067.796585867216,-2.4199442806211664,-0.11689329330436535,1512.4364541050136,1517.3193739688318,4.882919863818188,0.3228512411589327,-0.049137165151413566,-0.04846136742275254,0.0006757977286610262,-1.3753290947464945,0.2272759720228212,0.21914429295548712,-0.008131679067334086,-3.5778877084804934,-0.0005131542263022916,-0.00040474326351060727,0.00010841096279168435,-21.126389930153483,-0.00047837789954461685,-0.0006016438396146766,-0.00012326594007005978,25.76748219083711,0.0,0.0,0.0,nan
bootstrap,bootstrap_0086,,13,ok,0.11566573669447353,,7347.865114440015,7345.256278125327,-2.6088363146873235,-0.03550468434103998,7348.841146643875,7346.292685459116,-2.5484611847587075,-0.03467840893421078,2070.216530147837,2069.5606536527757,-0.6558764950614204,-0.03168154082001187,1512.4364541050136,1511.7011213566313,-0.7353327483822341,-0.048619083888543815,-0.049137165151413566,-0.04897145793877055,0.00016570721264301536,-0.3372339697098874,0.2272759720228212,0.22744090628190983,0.00016493425908861714,0.0725700379237871,-0.0005131542263022916,-0.0005178520574564916,-4.697831154199948e-06,0.915481333565501,-0.00047837789954461685,-0.0004903994572983647,-1.202155775374789e-05,2.5129835147467294,0.0,0.0,0.0,nan
bootstrap,bootstrap_0087,,14,ok,0.11697383458547862,,7347.865114440015,7349.507668946854,1.6425545068395877,0.022354173372230824,7348.841146643875,7350.609111830151,1.7679651862763421,0.024057741227455298,2070.216530147837,2072.297402602316,2.0808724544790493,0.10051472511092602,1512.4364541050136,1509.6653456994707,-2.7711084055429183,-0.18322147671207287,-0.049137165151413566,-0.050686526874246705,-0.0015493617228331397,3.153136160905628,0.2272759720228212,0.23444764281399422,0.007171670791173007,3.155490097498246,-0.0005131542263022916,-0.0005886615880214511,-7.550736171915945e-05,14.71436029344503,-0.00047837789954461685,-0.0005315874197347355,-5.320952019011865e-05,11.122905184535174,0.0,0.0,0.0,nan
bootstrap,bootstrap_0088,,11,ok,0.12320709145865742,,7347.865114440015,7356.392185378055,8.527070938040197,0.11604827804041759,7348.841146643875,7357.714425278905,8.873278635030147,0.12074391673417058,2070.216530147837,2070.83565807917,0.6191279313329687,0.029906433569475744,1512.4364541050136,1513.691798815258,1.2553447102443442,0.08300148458053375,-0.049137165151413566,-0.04876341924403619,0.00037374590737737634,-0.7606175615253712,0.2272759720228212,0.22268450147301072,-0.004591470549810489,-2.020218199462568,-0.0005131542263022916,-0.0003943823881055451,0.00011877183819674654,-23.145446750501826,-0.00047837789954461685,-0.0005170741688643516,-3.8696269319734764e-05,8.089058745517084,0.0,0.0,0.0,nan
bootstrap,bootstrap_0089,,11,ok,0.11683849917585172,,7347.865114440015,7343.688104381004,-4.177010059010172,-0.05684658052311708,7348.841146643875,7344.657512545332,-4.183634098542825,-0.056929167675007365,2070.216530147837,2068.761225338497,-1.455304809340305,-0.070297226794744,1512.4364541050136,1512.200883349844,-0.23557075516964687,-0.015575580351178866,-0.049137165151413566,-0.049596051199872114,-0.0004588860484585483,0.9338879177187274,0.2272759720228212,0.2215118531898985,-0.0057641188329227155,-2.5361760777527023,-0.0005131542263022916,-0.0005701748654059389,-5.702063910364725e-05,11.111793722236095,-0.00047837789954461685,-0.0005227981239152444,-4.442022437062753e-05,9.285592919930572,0.0,0.0,0.0,nan
bootstrap,bootstrap_0090,,11,ok,0.12025459464574573,,7347.865114440015,7342.656127456282,-5.208986983732757,-0.07089116229823085,7348.841146643875,7343.34685585289,-5.494290790984451,-0.07476404349131462,2070.216530147837,2068.851176398632,-1.3653537492050418,-0.06595221945733087,1512.4364541050136,1516.4620580645746,4.025603959561067,0.2661668163733348,-0.049137165151413566,-0.048712463850041826,0.0004247013013717396,-0.8643178743890599,0.2272759720228212,0.22325320541565183,-0.004022766607169381,-1.7699920371544808,-0.0005131542263022916,-0.000420943874542906,9.221035175938563e-05,-17.969325211221367,-0.00047837789954461685,-0.0004989022810790558,-2.052438153443898e-05,4.290411733898408,0.0,0.0,0.0,nan
bootstrap,bootstrap_0091,,11,ok,0.12785170260126322,,7347.865114440015,7349.161061491461,1.2959470514460918,0.017637055542831053,7348.841146643875,7350.206396441651,1.3652497977764142,0.01857775628202151,2070.216530147837,2067.7353176431197,-2.481212504717405,-0.11985280131736838,1512.4364541050136,1511.3786511977685,-1.0578029072451045,-0.06994032075688501,-0.049137165151413566,-0.04854925853118346,0.0005879066202301025,-1.1964601914223165,0.2272759720228212,0.227816648636417,0.000540676613595803,0.2378943135887293,-0.0005131542263022916,-0.0005880827000038656,-7.492847370157399e-05,14.6015505399803,-0.00047837789954461685,-0.0005658489118417441,-8.747101229712728e-05,18.28491917799583,0.0,0.0,0.0,nan
bootstrap,bootstrap_0092,,10,ok,0.13298956037492426,,7347.865114440015,7347.581462103281,-0.283652336733212,-0.0038603367415629176,7348.841146643875,7348.257178102803,-0.583968541071954,-0.007946403105184076,2070.216530147837,2066.3782089385895,-3.838321209247624,-0.1854067510983271,1512.4364541050136,1517.605207888136,5.1687537831223835,0.34175014554122213,-0.049137165151413566,-0.047684124814720556,0.0014530403366930095,-2.957110635535328,0.2272759720228212,0.21147639510684232,-0.015799576915978886,-6.951714594093748,-0.0005131542263022916,-0.00032660486113934877,0.00018654936516294284,-36.353469503152716,-0.00047837789954461685,-0.0006774348767920988,-0.0001990569772474819,41.6108222049912,0.0,0.0,0.0,nan
bootstrap,bootstrap_0093,,13,ok,0.11475682247883286,,7347.865114440015,7345.54200756085,-2.3231068791646976,-0.03161607954124431,7348.841146643875,7346.539742297769,-2.3014043461053006,-0.031316561348673645,2070.216530147837,2067.7971800717582,-2.4193500760788993,-0.11686459077332022,1512.4364541050136,1512.423225194671,-0.01322891034260465,-0.0008746754487898717,-0.049137165151413566,-0.050086163137611314,-0.0009489979861977485,1.9313242497271903,0.2272759720228212,0.23142180853683927,0.004145836514018064,1.8241420230739451,-0.0005131542263022916,-0.0005106631965068339,2.491029795457741e-06,-0.48543491757004686,-0.00047837789954461685,-0.0006976476982559763,-0.00021926979871135944,45.836105497367114,0.0,0.0,0.0,nan
bootstrap,bootstrap_0094,,11,ok,0.12646657085936608,,7347.865114440015,7348.283678176629,0.4185637366144874,0.005696399295516823,7348.841146643875,7348.927090227265,0.08594358338996244,0.0011694848435962154,2070.216530147837,2069.766247651273,-0.4502824965643413,-0.021750502423637103,1512.4364541050136,1519.0301894643903,6.593735359376751,0.43596776191688685,-0.049137165151413566,-0.04783587257512904,0.0013012925762845226,-2.648285818432257,0.2272759720228212,0.20813985160575438,-0.019136120417066832,-8.41977277525199,-0.0005131542263022916,-0.0002580642728852434,0.00025508995341704823,-49.710192441595225,-0.00047837789954461685,-0.000533818317217219,-5.544041767260215e-05,11.589251452748476,0.0,0.0,0.0,nan
bootstrap,bootstrap_0095,,12,ok,0.1232271722744941,,7347.865114440015,7350.6269449531055,2.7618305130908993,0.03758684284586762,7348.841146643875,7351.594971066915,2.753824423039987,0.03747290719840399,2070.216530147837,2072.9451011795963,2.728571031759202,0.13180123876048613,1512.4364541050136,1518.7438146913855,6.307360586371942,0.4170330971098109,-0.049137165151413566,-0.04732780695810037,0.0018093581933131958,-3.682260032172704,0.2272759720228212,0.214741814538951,-0.012534157483870212,-5.514950556503013,-0.0005131542263022916,-0.00028981600893613664,0.00022333821736615498,-43.5226304137637,-0.00047837789954461685,-0.0003657863253850724,0.00011259157415954445,-23.53611533198418,0.0,0.0,0.0,nan
bootstrap,bootstrap_0096,,10,ok,0.11999906762507866,,7347.865114440015,7350.705752032134,2.840637592119492,0.0386593595265797,7348.841146643875,7351.719647382772,2.878500738896946,0.039169451093816636,2070.216530147837,2072.1995002766193,1.982970128782199,0.09578563884042565,1512.4364541050136,1521.5407331517208,9.104279046707234,0.6019610954229944,-0.049137165151413566,-0.047056703867853586,0.0020804612835599798,-4.2339872012338295,0.2272759720228212,0.21524275080962446,-0.012033221213196749,-5.294541744161354,-0.0005131542263022916,-0.00020722145509492727,0.0003059327712073643,-59.618094429791135,-0.00047837789954461685,-0.00035241371582994587,0.00012596418371467097,-26.33152238733861,0.0,0.0,0.0,nan
bootstrap,bootstrap_0097,,11,ok,0.11867677092045725,,7347.865114440015,7355.0748430499925,7.209728609977901,0.09812004572334014,7348.841146643875,7356.1487057863405,7.307559142465834,0.0994382515099419,2070.216530147837,2073.22196159501,3.0054314471726684,0.14517473913504333,1512.4364541050136,1513.124570098962,0.688115993948486,0.04549718383743134,-0.049137165151413566,-0.04932322039620737,-0.0001860552447938077,0.3786446454948883,0.2272759720228212,0.22253126333075623,-0.004744708692064975,-2.0876420194513785,-0.0005131542263022916,-0.0005026387999720497,1.0515426330241946e-05,-2.0491746518418936,-0.00047837789954461685,-0.00023580026187477226,0.00024257763766984459,-50.708370495535426,0.0,0.0,0.0,nan
bootstrap,bootstrap_0098,,12,ok,0.12667608347844767,,7347.865114440015,7349.100683190336,1.235568750321363,0.01681534338311716,7348.841146643875,7350.192597201435,1.3514505575603835,0.018389981911332703,2070.216530147837,2069.3925187770087,-0.8240113708284298,-0.03980314903434695,1512.4364541050136,1516.0133057922985,3.576851687284943,0.23649599806833208,-0.049137165151413566,-0.048574066760839175,0.0005630983905743903,-1.1459724809911855,0.2272759720228212,0.21169448568105556,-0.015581486341765649,-6.855756111429625,-0.0005131542263022916,-0.00038965697744143687,0.00012349724886085475,-24.06630259108581,-0.00047837789954461685,-0.0005816825146699475,-0.00010330461512533069,21.59477166977606,0.0,0.0,0.0,nan
bootstrap,bootstrap_0099,,11,ok,0.10980242255824138,,7347.865114440015,7353.527412483494,5.662298043479495,0.07706045164536234,7348.841146643875,7354.475082393388,5.633935749513512,0.07666427450383059,2070.216530147837,2070.8779190722144,0.6613889243772064,0.03194781389992938,1512.4364541050136,1511.3163134807394,-1.1201406242741996,-0.0740619958765173,-0.049137165151413566,-0.050353831309979655,-0.001216666158566089,2.476060950640919,0.2272759720228212,0.23231254980191626,0.005036577779095053,2.2160625842969974,-0.0005131542263022916,-0.0004851682397629042,2.798598653938741e-05,-5.453718415426492,-0.00047837789954461685,-0.00043196821423898855,4.6409685305628294e-05,-9.701469350864066,0.0,0.0,0.0,nan
bootstrap,bootstrap_0100,,12,ok,0.1190513871817427,,7347.865114440015,7342.567535451782,-5.297578988232999,-0.07209684589639791,7348.841146643875,7343.322431526576,-5.518715117298598,-0.07509639965233059,2070.216530147837,2069.104700674753,-1.1118294730840717,-0.053705950894164405,1512.4364541050136,1516.182965599396,3.746511494382503,0.24771364669330892,-0.049137165151413566,-0.049117606327623305,1.9558823790261082e-05,-0.03980454250869297,0.2272759720228212,0.22819158171097284,0.0009156096881516307,0.4028625111587654,-0.0005131542263022916,-0.00045566994131951806,5.748428498277355e-05,-11.202145872790766,-0.00047837789954461685,-0.0004888619133641726,-1.04840138195558e-05,2.1915757039645576,0.0,0.0,0.0,nan
bootstrap,bootstrap_0101,,12,ok,0.11879653486514076,,7347.865114440015,7351.602164873889,3.737050433874174,0.05085899612569272,7348.841146643875,7352.694600211974,3.853453568099212,0.05243620716797011,2070.216530147837,2071.1170759411916,0.9005457933544676,0.04350007741896247,1512.4364541050136,1510.771251972799,-1.6652021322145174,-0.11010063448912986,-0.049137165151413566,-0.05031353388027881,-0.001176368728865243,2.3940508680961248,0.2272759720228212,0.23419278594728182,0.006916813924460613,3.0433546770910227,-0.0005131542263022916,-0.000597545550879588,-8.439132457729642e-05,16.445606457420606,-0.00047837789954461685,-0.00044560951828559974,3.276838125901711e-05,-6.849894464232226,0.0,0.0,0.0,nan
bootstrap,bootstrap_0102,,12,ok,0.11179810604779544,,7347.865114440015,7354.026117506845,6.1610030668307445,0.08384752538153088,7348.841146643875,7355.188503735948,6.347357092073253,0.086372217951289,2070.216530147837,2072.488451414969,2.271921267131802,0.10974317101842292,1512.4364541050136,1510.0579205391675,-2.3785335658460554,-0.15726502488023908,-0.049137165151413566,-0.05074502619657778,-0.0016078610451642147,3.2721892689773133,0.2272759720228212,0.2368017993246428,0.009525827301821582,4.191304173969202,-0.0005131542263022916,-0.0005792333364133742,-6.607911011108261e-05,12.877046845592261,-0.00047837789954461685,-0.0003990006798485024,7.937721969611443e-05,-16.592994737356417,0.0,0.0,0.0,nan
bootstrap,bootstrap_0103,,13,ok,0.11844712948477362,,7347.865114440015,7349.148333235783,1.2832187957683345,0.017463831681484663,7348.841146643875,7350.36002976687,1.5188831229952484,0.020668335220293932,2070.216530147837,2066.610140534054,-3.6063896137829943,-0.1742034981010154,1512.4364541050136,1512.1066455593639,-0.32980854564971196,-0.021806439851046612,-0.049137165151413566,-0.049021857509235614,0.0001153076421779517,-0.23466482411559014,0.2272759720228212,0.2317494367362914,0.004473464713470182,1.9682963727555824,-0.0005131542263022916,-0.0005147860663607742,-1.6318400584826136e-06,0.3180018744542738,-0.00047837789954461685,-0.0006354175148776609,-0.00015703961533304405,32.82752306963492,0.0,0.0,0.0,nan
bootstrap,bootstrap_0104,,11,ok,0.11292463757788511,,7347.865114440015,7342.397893227025,-5.467221212989898,-0.0744055739706724,7348.841146643875,7343.457169409967,-5.383977233907899,-0.07326294209484573,2070.216530147837,2063.9160260842314,-6.300504063605786,-0.3043403417881055,1512.4364541050136,1511.5016145041884,-0.9348396008251711,-0.06181017379525964,-0.049137165151413566,-0.04980286255737232,-0.0006656974059587525,1.3547737316701958,0.2272759720228212,0.2267707076785874,-0.0005052643442338134,-0.22231313752035295,-0.0005131542263022916,-0.000587572212408326,-7.441798610603441e-05,14.502070194818169,-0.00047837789954461685,-0.0007977873033858147,-0.0003194094038411979,66.76926424595572,0.0,0.0,0.0,nan
bootstrap,bootstrap_0105,,11,ok,0.10636437742719536,,7347.865114440015,7350.659635027663,2.794520587648549,0.038031734988667125,7348.841146643875,7351.964876469813,3.123729825938426,0.04250642738909923,2070.216530147837,2070.363362430775,0.14683228293779393,0.00709260508741607,1512.4364541050136,1507.4067794544774,-5.029674650536208,-0.33255444464359496,-0.049137165151413566,-0.05067496625983896,-0.001537801108425392,3.1296089297922247,0.2272759720228212,0.2428589075233065,0.015582935500485284,6.856393732163016,-0.0005131542263022916,-0.0005861069440254062,-7.29527177231146e-05,14.216528673806387,-0.00047837789954461685,-0.0005863794568385855,-0.00010800155729396861,22.57661932057872,0.0,0.0,0.0,nan
bootstrap,bootstrap_0106,,13,ok,0.11794798520499528,,7347.865114440015,7344.3966110109,-3.4685034291142074,-0.047204233816131286,7348.841146643875,7345.187810085336,-3.6533365585382853,-0.04971309742090042,2070.216530147837,2067.800666072373,-2.4158640754640146,-0.11669620256058405,1512.4364541050136,1512.6339164640985,0.197462359084966,0.013055911112762397,-0.049137165151413566,-0.04881444084552585,0.0003227243058877144,-0.6567825085009616,0.2272759720228212,0.22327565840244118,-0.0040003136203800305,-1.7601128640111376,-0.0005131542263022916,-0.0005227452134455385,-9.590987143246886e-06,1.8690262403874223,-0.00047837789954461685,-0.0005663521892525761,-8.797428970795922e-05,18.39012416579126,0.0,0.0,0.0,nan
bootstrap,bootstrap_0107,,11,ok,0.11717939271764466,,7347.865114440015,7345.168378815455,-2.696735624559551,-0.036700940784282085,7348.841146643875,7346.14821507847,-2.6929315654051607,-0.036644302301118446,2070.216530147837,2071.946744625155,1.7302144773179862,0.08357649801948153,1512.4364541050136,1523.0870490108384,10.650594905824846,0.704201150198231,-0.049137165151413566,-0.049334489732993474,-0.00019732458157990795,0.4015790918581948,0.2272759720228212,0.22582043325500284,-0.0014555387678183707,-0.6404279145145256,-0.0005131542263022916,-0.00016215609843380364,0.000350998127868488,-68.40012414936638,-0.00047837789954461685,-0.00038844959475410704,8.99283047905098e-05,-18.798591004332646,0.0,0.0,0.0,nan
bootstrap,bootstrap_0108,,11,ok,0.12498650104198748,,7347.865114440015,7348.897523952027,1.0324095120122365,0.01405046902648426,7348.841146643875,7349.516294418149,0.6751477742745919,0.009187132512490403,2070.216530147837,2069.7426304623614,-0.47389968547577155,-0.02289131009121687,1512.4364541050136,1513.438110989715,1.0016568847013332,0.06622803106753104,-0.049137165151413566,-0.04754777935195456,0.0015893857994590047,-3.2345899372936895,0.2272759720228212,0.2101374552004544,-0.017138516822366806,-7.540839742023365,-0.0005131542263022916,-0.0005051151170674123,8.03910923487933e-06,-1.5666068450430355,-0.00047837789954461685,-0.0004978600818639411,-1.948218231932427e-05,4.072550662952862,0.0,0.0,0.0,nan
bootstrap,bootstrap_0109,,12,ok,0.11776161912494286,,7347.865114440015,7347.952138321778,0.08702388176334352,0.0011843423961651707,7348.841146643875,7348.878179905759,0.037033261884062085,0.0005039333569072278,2070.216530147837,2068.844515470588,-1.3720146772493536,-0.06627396976447561,1512.4364541050136,1515.366884129236,2.93043002422246,0.1937555800290827,-0.049137165151413566,-0.04956484632258107,-0.000427681171167503,0.870382265337502,0.2272759720228212,0.24085116542953242,0.013575193406711206,5.972999823029288,-0.0005131542263022916,-0.00038973883973368725,0.00012341538656860437,-24.050349825220415,-0.00047837789954461685,-0.0004989928928684337,-2.0614993323816826e-05,4.309353200354969,0.0,0.0,0.0,nan
bootstrap,bootstrap_0110,,10,ok,0.1193223575679249,,7347.865114440015,7355.960028423352,8.094913983337392,0.11016688326830167,7348.841146643875,7357.228248604949,8.387101961074222,0.11412822503184068,2070.216530147837,2070.1793658335373,-0.03716431429984368,-0.0017951897184972107,1512.4364541050136,1514.7752966247272,2.3388425197135803,0.15464071322570663,-0.049137165151413566,-0.048707043632622175,0.0004301215187913904,-0.8753486642259352,0.2272759720228212,0.21649099980847414,-0.010784972214347072,-4.745320025851273,-0.0005131542263022916,-0.00037286476695018737,0.00014028945935210424,-27.338654182585213,-0.00047837789954461685,-0.0004802636951416962,-1.8857955970793465e-06,0.3942062538579845,0.0,0.0,0.0,nan
bootstrap,bootstrap_0111,,14,ok,0.11958285580822962,,7347.865114440015,7342.87672158748,-4.988392852535071,-0.06788900959452683,7348.841146643875,7343.729227225616,-5.111919418258367,-0.06956089152359644,2070.216530147837,2066.677884098553,-3.538646049284125,-0.17093120442968474,1512.4364541050136,1513.5861668408513,1.1497127358377384,0.07601725895439901,-0.049137165151413566,-0.049650316903980474,-0.000513151752566908,1.0443251070460782,0.2272759720228212,0.23282876326771176,0.005552791244890554,2.443193266524887,-0.0005131542263022916,-0.0005029991831306827,1.0155043171608947e-05,-1.9789456368282468,-0.00047837789954461685,-0.0006233905406021363,-0.0001450126410575195,30.313407286490794,0.0,0.0,0.0,nan
bootstrap,bootstrap_0112,,10,ok,0.11387441428082286,,7347.865114440015,7360.378411169784,12.513296729769536,0.17029840007784605,7348.841146643875,7361.649300899634,12.808154255759291,0.1742880816196254,2070.216530147837,2071.623897012386,1.4073668645487487,0.06798162627211979,1512.4364541050136,1510.7302765339168,-1.7061775710967595,-0.11280986824047377,-0.049137165151413566,-0.04973377145737624,-0.0005966063059626714,1.2141650909739312,0.2272759720228212,0.22645880643826946,-0.0008171655845517489,-0.3595477239757205,-0.0005131542263022916,-0.0004960732102428099,1.7081016059481715e-05,-3.3286320532844136,-0.00047837789954461685,-0.0003730366225652426,0.00010534127697937423,-22.02051496936877,0.0,0.0,0.0,nan
bootstrap,bootstrap_0113,,13,ok,0.11919664294428743,,7347.865114440015,7345.207617095051,-2.6574973449633035,-0.03616693153145658,7348.841146643875,7346.277885704959,-2.563260938915846,-0.03487979788604433,2070.216530147837,2067.8928900539936,-2.323640093843551,-0.11224140373749293,1512.4364541050136,1505.2731009510246,-7.1633531539889646,-0.473630024887749,-0.049137165151413566,-0.05053123501861993,-0.001394069867206367,2.8370986867284973,0.2272759720228212,0.235108767818644,0.0078327957958228,3.446380946524472,-0.0005131542263022916,-0.0007908028579800612,-0.0002776486316777696,54.106273990660036,-0.00047837789954461685,-0.0006560490988689378,-0.00017767119932432095,37.140344379088546,0.0,0.0,0.0,nan
bootstrap,bootstrap_0114,,12,ok,0.12146280800974356,,7347.865114440015,7349.581468297556,1.716353857541435,0.023358537899239043,7348.841146643875,7350.754246028638,1.9130993847629725,0.0260326675538042,2070.216530147837,2072.117254918945,1.900724771107889,0.09181284872515995,1512.4364541050136,1508.821625423086,-3.61482868192752,-0.23900697924307834,-0.049137165151413566,-0.0503374270098786,-0.0012002618584650362,2.4426762406143965,0.2272759720228212,0.23268497458829893,0.005409002565477716,2.379927150827272,-0.0005131542263022916,-0.0006531551100110953,-0.00014000088370880366,27.282418527004626,-0.00047837789954461685,-0.0004794110799493657,-1.033180404748867e-06,0.21597578101588397,0.0,0.0,0.0,nan
bootstrap,bootstrap_0115,,12,ok,0.1110925189066432,,7347.865114440015,7350.665967040848,2.800852600833423,0.038117909858323216,7348.841146643875,7352.002191778512,3.161045134636879,0.04301419872275358,2070.216530147837,2068.27321692263,-1.9433132252070209,-0.09387004677565038,1512.4364541050136,1512.9925319781953,0.5560778731817209,0.03676702394156327,-0.049137165151413566,-0.05004200608566665,-0.0009048409342530817,1.8414593749249928,0.2272759720228212,0.2348027389162368,0.007526766893415582,3.311730151861282,-0.0005131542263022916,-0.00042574480404060356,8.740942226168806e-05,-17.033752774784016,-0.00047837789954461685,-0.0006987378878107206,-0.00022035998826610377,46.06399845725973,0.0,0.0,0.0,nan
bootstrap,bootstrap_0116,,12,ok,0.1283602841282848,,7347.865114440015,7346.4892613567845,-1.3758530832301403,-0.018724528305865545,7348.841146643875,7347.4427009929095,-1.3984456509651864,-0.019029471763773793,2070.216530147837,2067.2803829135914,-2.936147234245709,-0.14182802578800946,1512.4364541050136,1515.0290933632175,2.592639258203917,0.17142136789727902,-0.049137165151413566,-0.04787334608670724,0.001263819064706323,-2.5720227465543273,0.2272759720228212,0.21869303284798228,-0.008582939174838933,-3.7764393210810265,-0.0005131542263022916,-0.0004543121385208648,5.88420877814268e-05,-11.466745232799425,-0.00047837789954461685,-0.0006056635525552883,-0.00012728565301067145,26.607762008202872,0.0,0.0,0.0,nan
bootstrap,bootstrap_0117,,12,ok,0.11891563798459653,,7347.865114440015,7344.597206703185,-3.2679077368293292,-0.04447424777037947,7348.841146643875,7345.319683731699,-3.5214629121755934,-0.04791861521981329,2070.216530147837,2068.3545573210126,-1.8619728268245126,-0.08994096992798847,1512.4364541050136,1512.9266457244285,0.49019161941487255,0.03241072496529741,-0.049137165151413566,-0.04876843553950326,0.00036872961191030534,-0.7504088011062189,0.2272759720228212,0.22433517587561377,-0.002940796147207436,-1.293931831435373,-0.0005131542263022916,-0.0005037908835783177,9.363342723973955e-06,-1.824664446680041,-0.00047837789954461685,-0.0005531964790035347,-7.481857945891785e-05,15.64005768873103,0.0,0.0,0.0,nan
bootstrap,bootstrap_0118,,10,ok,0.10869403130909147,,7347.865114440015,7347.051899463217,-0.8132149767980081,-0.01106736397759778,7348.841146643875,7348.2016716297285,-0.6394750141462282,-0.008701712302466472,2070.216530147837,2070.170485685727,-0.04604446211033064,-0.002224137496720816,1512.4364541050136,1512.158406654894,-0.2780474501196295,-0.018384074872366422,-0.049137165151413566,-0.05056841061463552,-0.0014312454632219515,2.9127554648536287,0.2272759720228212,0.2396147035087566,0.012338731485935395,5.428964345028272,-0.0005131542263022916,-0.0005084908524069204,4.663373895371172e-06,-0.908766537688817,-0.00047837789954461685,-0.0005334457660913764,-5.506786654675959e-05,11.511373455834905,0.0,0.0,0.0,nan
bootstrap,bootstrap_0119,,12,ok,0.1152375372000173,,7347.865114440015,7350.840158318239,2.975043878224824,0.04048854778755086,7348.841146643875,7352.014576315006,3.173429671131089,0.04318272238855449,2070.216530147837,2069.465207370817,-0.7513227770200501,-0.036291990044461535,1512.4364541050136,1512.1905523054234,-0.24590179959022862,-0.01625865330889167,-0.049137165151413566,-0.05052322879001675,-0.001386063638603184,2.8208050552613333,0.2272759720228212,0.2401791551335614,0.01290318311074018,5.67731951420036,-0.0005131542263022916,-0.0004691677583461295,4.398646795616214e-05,-8.571783238174161,-0.00047837789954461685,-0.0006399235254157066,-0.0001615456258710898,33.76945841872508,0.0,0.0,0.0,nan
bootstrap,bootstrap_0120,,12,ok,0.1153402763155552,,7347.865114440015,7344.037103643252,-3.82801079676301,-0.052096911649074894,7348.841146643875,7344.509880396443,-4.331266247431813,-0.05893808508039188,2070.216530147837,2071.743442410187,1.5269122623499243,0.07375616222332479,1512.4364541050136,1513.4344931274559,0.998039022442299,0.06598882351277958,-0.049137165151413566,-0.04993075978840374,-0.0007935946369901775,1.6150598727964012,0.2272759720228212,0.23152027818518647,0.004244306162365263,1.867468049785344,-0.0005131542263022916,-0.0005329747636517793,-1.9820537349487643e-05,3.862491300580589,-0.00047837789954461685,-0.0003619497818736678,0.00011642811767094907,-24.338105456330798,0.0,0.0,0.0,nan
bootstrap,bootstrap_0121,,9,ok,0.10612557252860237,,7347.865114440015,7349.477681724303,1.6125672842881613,0.021946065410470672,7348.841146643875,7350.416136967901,1.5749903240266576,0.021431818875904486,2070.216530147837,2071.7284973303226,1.5119671824854777,0.0730342532033355,1512.4364541050136,1510.2171981003346,-2.219256004678982,-0.14673383457900255,-0.049137165151413566,-0.04965709077417077,-0.0005199256227572044,1.0581107419507845,0.2272759720228212,0.22686697349519178,-0.0004089985276294339,-0.1799567829318823,-0.0005131542263022916,-0.0005760911948625232,-6.293696856023157e-05,12.264727704523732,-0.00047837789954461685,-0.0002656414669176952,0.00021273643262692164,-44.470372236976715,0.0,0.0,0.0,nan
bootstrap,bootstrap_0122,,11,ok,0.12610317519621436,,7347.865114440015,7347.740628608347,-0.12448583166769822,-0.0016941768762610903,7348.841146643875,7348.82477960802,-0.016367035854273126,-0.0002227158748933871,2070.216530147837,2066.4355775159474,-3.780952631889704,-0.18263561211250212,1512.4364541050136,1511.967059801355,-0.4693943036586461,-0.031035638051742864,-0.049137165151413566,-0.04964272918555335,-0.0005055640341397813,1.0288831937738219,0.2272759720228212,0.22384205845905228,-0.003433913563768931,-1.510900397083826,-0.0005131542263022916,-0.0005668050689523444,-5.365084265005274e-05,10.455110744512861,-0.00047837789954461685,-0.0007507953847158282,-0.0002724174851712113,56.94608497393675,0.0,0.0,0.0,nan
bootstrap,bootstrap_0123,,10,ok,0.12482708807768852,,7347.865114440015,7347.620160422523,-0.24495401749118173,-0.003333676022574209,7348.841146643875,7348.426583305811,-0.41456333806399925,-0.0056412069575530995,2070.216530147837,2071.839793613189,1.6232634653520108,0.07841032286782539,1512.4364541050136,1516.0691493653735,3.632695260359924,0.24018829025842123,-0.049137165151413566,-0.04761998666568756,0.001517178485726009,-3.0876394294438927,0.2272759720228212,0.2162512756754421,-0.011024696347379098,-4.850797138499132,-0.0005131542263022916,-0.00045655180720931065,5.6602419092980966e-05,-11.030293855484553,-0.00047837789954461685,-0.0004170012824071088,6.137661713750806e-05,-12.83015314794735,0.0,0.0,0.0,nan
bootstrap,bootstrap_0124,,11,ok,0.110743627323001,,7347.865114440015,7347.925592198861,0.06047775884599105,0.0008230657191452826,7348.841146643875,7349.060929907352,0.2197832634774386,0.002990720020908479,2070.216530147837,2068.5921292919056,-1.6244008559315262,-0.07846526352562383,1512.4364541050136,1509.4552134850292,-2.981240619984419,-0.19711509940750352,-0.049137165151413566,-0.049781657863470684,-0.0006444927120571181,1.3116196469030073,0.2272759720228212,0.23723649876164993,0.009960526738828718,4.382569195580676,-0.0005131542263022916,-0.0005554458334966544,-4.229160719436279e-05,8.24150031835642,-0.00047837789954461685,-0.000543080030236339,-6.470213069172212e-05,13.525317694089576,0.0,0.0,0.0,nan
bootstrap,bootstrap_0125,,11,ok,0.11678039192935459,,7347.865114440015,7342.03598749721,-5.829126942804578,-0.07933089206209278,7348.841146643875,7342.74818685576,-6.0929597881149675,-0.0829104843407528,2070.216530147837,2068.1698605461293,-2.0466696017078903,-0.09886258620308352,1512.4364541050136,1509.0300239235123,-3.406430181501264,-0.22522798708373,-0.049137165151413566,-0.04904694595068683,9.021920072673634e-05,-0.18360684921226259,0.2272759720228212,0.22794329240266428,0.0006673203798430727,0.2936167751934929,-0.0005131542263022916,-0.0006872630375508739,-0.00017410881124858228,33.929139101743914,-0.00047837789954461685,-0.0004742207340706131,4.15716547400377e-06,-0.8690128615810028,0.0,0.0,0.0,nan
bootstrap,bootstrap_0126,,13,ok,0.11766927484140767,,7347.865114440015,7348.830730014542,0.9656155745269643,0.013141443936271202,7348.841146643875,7349.89001568637,1.0488690424954257,0.014272577425005727,2070.216530147837,2067.7553506374866,-2.4611795103505756,-0.11888512503447256,1512.4364541050136,1510.1975335664313,-2.238920538582306,-0.14803402367785365,-0.049137165151413566,-0.0498572869403977,-0.0007201217889841321,1.4655338515462075,0.2272759720228212,0.23322336403869248,0.005947392015871272,2.616815126974392,-0.0005131542263022916,-0.0005694201310246819,-5.6265904722390325e-05,10.96471622728971,-0.00047837789954461685,-0.0006139724472115277,-0.0001355945476669109,28.344651330253274,0.0,0.0,0.0,nan
bootstrap,bootstrap_0127,,12,ok,0.12345875480738444,,7347.865114440015,7352.380640240176,4.515525800161413,0.06145357501578939,7348.841146643875,7353.369132147717,4.527985503842501,0.06161495960366998,2070.216530147837,2071.596034026772,1.3795038789348837,0.0666357291059004,1512.4364541050136,1510.1124810995682,-2.3239730054453958,-0.15365756353847013,-0.049137165151413566,-0.04923620804295429,-9.904289154072377e-05,0.20156411391566517,0.2272759720228212,0.22534449321948696,-0.0019314788033342467,-0.8498385404068598,-0.0005131542263022916,-0.0005831017572471253,-6.994753094483367e-05,13.630898345876354,-0.00047837789954461685,-0.00045596167027725623,2.2416229267360613e-05,-4.6858831247637776,0.0,0.0,0.0,nan
bootstrap,bootstrap_0128,,12,ok,0.11762020487889371,,7347.865114440015,7345.173011877762,-2.6921025622523302,-0.0366378876084948,7348.841146643875,7346.334119510658,-2.5070271332169796,-0.03411459144632495,2070.216530147837,2065.4229711877897,-4.793558960047449,-0.23154867571775856,1512.4364541050136,1511.8982891964063,-0.5381649086073139,-0.03558264594500096,-0.049137165151413566,-0.04931511185911896,-0.00017794670770539256,0.362142804040606,0.2272759720228212,0.22858839035771691,0.0013124183348957041,0.5774558230748307,-0.0005131542263022916,-0.000513854665578121,-7.004392758294328e-07,0.13649683466054402,-0.00047837789954461685,-0.000748910308887661,-0.00027053240934304414,56.552029180397454,0.0,0.0,0.0,nan
bootstrap,bootstrap_0129,,13,ok,0.1166702287097913,,7347.865114440015,7343.510466910813,-4.354647529201429,-0.059264119051990784,7348.841146643875,7344.460793549754,-4.380353094120437,-0.05960603864897652,2070.216530147837,2068.0557835297323,-2.160746618104895,-0.10437297677024117,1512.4364541050136,1512.0064941056792,-0.42995999933441453,-0.028428301775418656,-0.049137165151413566,-0.049267052995996694,-0.0001298878445831278,0.2643372774617447,0.2272759720228212,0.2267469063277568,-0.0005290656950644179,-0.2327855823717667,-0.0005131542263022916,-0.0005422177727409193,-2.9063546438627707e-05,5.663705948220486,-0.00047837789954461685,-0.0005738270038186008,-9.544910427398392e-05,19.95265758824665,0.0,0.0,0.0,nan
bootstrap,bootstrap_0130,,10,ok,0.12854053422561912,,7347.865114440015,7350.520283008115,2.6551685681006347,0.036135238286869216,7348.841146643875,7351.429708970541,2.5885623266658513,0.03522408873741972,2070.216530147837,2070.4952752748663,0.27874512702919674,0.013464539721808286,1512.4364541050136,1515.0824689818023,2.6460148767887404,0.17495048268685928,-0.049137165151413566,-0.04967340218686573,-0.000536237035452164,1.0913064150114846,0.2272759720228212,0.2214569965210398,-0.005818975501781398,-2.560312667454835,-0.0005131542263022916,-0.0003893504271258518,0.00012380379917643984,-24.1260410283572,-0.00047837789954461685,-0.0005783635627632313,-9.99856632186145e-05,20.90097876883402,0.0,0.0,0.0,nan
bootstrap,bootstrap_0131,,13,ok,0.11332822252953509,,7347.865114440015,7353.7419311284275,5.876816688412873,0.07997992065564406,7348.841146643875,7354.874119296472,6.032972652596982,0.08209420413655513,2070.216530147837,2071.938535723499,1.722005575662024,0.08317997420004433,1512.4364541050136,1510.6563011820908,-1.7801529229227526,-0.11770100608796558,-0.049137165151413566,-0.049177563283737416,-4.039813232385031e-05,0.08221502441047547,0.2272759720228212,0.23073669756619522,0.0034607255433740103,1.522697499684002,-0.0005131542263022916,-0.0005182880364658367,-5.1338101635451305e-06,1.0004419530047637,-0.00047837789954461685,-0.00037188923273258166,0.00010648866681203518,-22.26036506147235,0.0,0.0,0.0,nan
bootstrap,bootstrap_0132,,11,ok,0.11315551700949215,,7347.865114440015,7359.538607288347,11.673492848331989,0.15886917718986507,7348.841146643875,7360.8259200887305,11.984773444855819,0.16308385506916442,2070.216530147837,2072.0017612975817,1.7852311497445044,0.08623403029329586,1512.4364541050136,1511.9089946172314,-0.5274594877821528,-0.03487481978833139,-0.049137165151413566,-0.051059428352251454,-0.0019222632008378884,3.9120352077995064,0.2272759720228212,0.23315446034160114,0.005878488318779934,2.586497933089761,-0.0005131542263022916,-0.0005183013468587572,-5.1471205564655774e-06,1.0030357917063095,-0.00047837789954461685,-0.0003917891475557238,8.658875198889305e-05,-18.100491697321225,0.0,0.0,0.0,nan
bootstrap,bootstrap_0133,,12,ok,0.12017192686624366,,7347.865114440015,7347.122250480868,-0.7428639591462343,-0.010109929177746595,7348.841146643875,7347.762002300864,-1.0791443430107392,-0.014684551230278956,2070.216530147837,2069.5181264176595,-0.698403730177688,-0.03373578174104396,1512.4364541050136,1513.631925695384,1.1954715903705164,0.07904276487952933,-0.049137165151413566,-0.04873242471904922,0.00040474043236434637,-0.8236951218434361,0.2272759720228212,0.22920111854115247,0.0019251465183312555,0.8470523747833527,-0.0005131542263022916,-0.0004571343740343278,5.601985226796381e-05,-10.916767201087676,-0.00047837789954461685,-0.0004739827997677159,4.395099776900962e-06,-0.9187505905027799,0.0,0.0,0.0,nan
bootstrap,bootstrap_0134,,12,ok,0.12793580261217802,,7347.865114440015,7347.3788179494495,-0.4862964905651097,-0.0066182011099991545,7348.841146643875,7348.128870569884,-0.7122760739903242,-0.009692359105021775,2070.216530147837,2068.1296506915096,-2.0868794563275515,-0.10080488808475142,1512.4364541050136,1515.9587532721603,3.5222991671466843,0.23288906833649484,-0.049137165151413566,-0.048590814817094444,0.000546350334319122,-1.1118881861327825,0.2272759720228212,0.2221088234701587,-0.005167148552662509,-2.273512904454179,-0.0005131542263022916,-0.00041314930788559703,0.00010000491841669458,-19.48827726457877,-0.00047837789954461685,-0.0005911297091092908,-0.000112751809564674,23.569610902177136,0.0,0.0,0.0,nan
bootstrap,bootstrap_0135,,12,ok,0.11459930905046638,,7347.865114440015,7341.048689637981,-6.816424802033907,-0.092767418779072,7348.841146643875,7341.814872672817,-7.02627397105789,-0.09561063888646855,2070.216530147837,2070.8013410433173,0.5848108954801319,0.028248779147675422,1512.4364541050136,1510.7764719641023,-1.6599821409113247,-0.10975549659662372,-0.049137165151413566,-0.04847359594055198,0.0006635692108615879,-1.350442600456975,0.2272759720228212,0.22159802931466344,-0.005677942708157774,-2.498259124192698,-0.0005131542263022916,-0.0006230764927065666,-0.00010992226640427498,21.420902483130167,-0.00047837789954461685,-0.00036437304092122927,0.00011400485862338757,-23.831547973247183,0.0,0.0,0.0,nan
bootstrap,bootstrap_0136,,10,ok,0.1174667111149403,,7347.865114440015,7359.523930923963,11.658816483948613,0.15866944074730935,7348.841146643875,7360.845362509902,12.004215866027153,0.16334841951930518,2070.216530147837,2070.0519409464623,-0.164589201374838,-0.007950337511945403,1512.4364541050136,1515.949381092433,3.512926987419405,0.23226939405518263,-0.049137165151413566,-0.049179084742717136,-4.191959130356998e-05,0.0853113751564564,0.2272759720228212,0.22669615026054601,-0.0005798217622751956,-0.25511793310776143,-0.0005131542263022916,-0.0002671106699446903,0.0002460435563576013,-47.94729220697496,-0.00047837789954461685,-0.0005633451266302439,-8.496722708562702e-05,17.76152852514927,0.0,0.0,0.0,nan
bootstrap,bootstrap_0137,,14,ok,0.11741449952085785,,7347.865114440015,7346.135415245894,-1.7296991941202577,-0.023540159858420034,7348.841146643875,7346.850207348001,-1.9909392958734315,-0.027091880966602047,2070.216530147837,2068.9909092656158,-1.225620882221392,-0.059202545452280236,1512.4364541050136,1514.5799401698625,2.1434860648489575,0.14172404129979585,-0.049137165151413566,-0.04918363701938733,-4.647186797376163e-05,0.09457580190180087,0.2272759720228212,0.22595568950611536,-0.0013202825167058507,-0.5809160136704986,-0.0005131542263022916,-0.00044458011029536526,6.857411600692635e-05,-13.363256598520218,-0.00047837789954461685,-0.0005369437445022865,-5.85658449576697e-05,12.24259001375699,0.0,0.0,0.0,nan
bootstrap,bootstrap_0138,,13,ok,0.12131189867174733,,7347.865114440015,7350.632180785309,2.767066345294552,0.03765809935537217,7348.841146643875,7351.644483989429,2.80333734555461,0.03814665863113478,2070.216530147837,2068.41548180113,-1.8010483467069207,-0.08699806616742188,1512.4364541050136,1511.417851569118,-1.0186025358955249,-0.06734845177335297,-0.049137165151413566,-0.04944076084881007,-0.0003035956973965054,0.6178535055105262,0.2272759720228212,0.22597126081862945,-0.0013047112041917608,-0.5740647339793369,-0.0005131542263022916,-0.0005347709644505683,-2.1616738148276678e-05,4.212522676475547,-0.00047837789954461685,-0.0006222334158436057,-0.00014385551629898883,30.07152220784645,0.0,0.0,0.0,nan
bootstrap,bootstrap_0139,,12,ok,0.1033054037952522,,7347.865114440015,7343.24424183243,-4.620872607584715,-0.06288728134793578,7348.841146643875,7344.316676614749,-4.5244700291259505,-0.061567122473346975,2070.216530147837,2069.2733984505276,-0.9431316973095818,-0.04555715228697509,1512.4364541050136,1508.0924671165321,-4.343986988481447,-0.2872178184208081,-0.049137165151413566,-0.04979389858864379,-0.0006567334372302239,1.336530984655982,0.2272759720228212,0.23505341273753236,0.007777440714711148,3.4220250585619323,-0.0005131542263022916,-0.0006012973295371454,-8.814310323485377e-05,17.176727524978027,-0.00047837789954461685,-0.0004465220862858585,3.1855813258758363e-05,-6.659131470973665,0.0,0.0,0.0,nan
bootstrap,bootstrap_0140,,11,ok,0.11193259383776796,,7347.865114440015,7348.943866601376,1.0787521613610807,0.014681164454708325,7348.841146643875,7350.055402208704,1.2142555648297275,0.016523089023148405,2070.216530147837,2073.4827777433616,3.266247595524419,0.15777323521280026,1512.4364541050136,1511.3960633184395,-1.0403907865741076,-0.06878905779811822,-0.049137165151413566,-0.050111411120736075,-0.0009742459693225097,1.9827069109917563,0.2272759720228212,0.22662347728705803,-0.0006524947357631761,-0.2870935849292761,-0.0005131542263022916,-0.0005704171869937256,-5.726296069143394e-05,11.159015702562131,-0.00047837789954461685,-0.00039449443843432287,8.388346111029397e-05,-17.53497834873754,0.0,0.0,0.0,nan
bootstrap,bootstrap_0141,,9,ok,0.11370856341503216,,7347.865114440015,7350.493446685139,2.6283322451245112,0.035770012162571085,7348.841146643875,7351.646607759109,2.8054611152347206,0.038175558013196956,2070.216530147837,2075.8573861652526,5.6408560174154445,0.27247661948736457,1512.4364541050136,1506.4251384127,-6.011315692313474,-0.3974590585936834,-0.049137165151413566,-0.051853299268352776,-0.0027161341169392103,5.5276573415857175,0.2272759720228212,0.2381849077171393,0.010908935694318084,4.7998631783313614,-0.0005131542263022916,-0.0007217548489254714,-0.00020860062262317977,40.65066834318465,-0.00047837789954461685,-0.0003977693280225935,8.060857152202336e-05,-16.850396224147737,0.0,0.0,0.0,nan
bootstrap,bootstrap_0142,,11,ok,0.11479978470367624,,7347.865114440015,7352.129575446291,4.2644610062761785,0.058036735022471565,7348.841146643875,7353.338014262607,4.496867618732722,0.06119152025467833,2070.216530147837,2069.4808104313024,-0.7357197165347316,-0.03553829784569408,1512.4364541050136,1510.2414060953672,-2.1950480096463707,-0.1451332387346676,-0.049137165151413566,-0.050706372734292446,-0.0015692075828788801,3.193524856477679,0.2272759720228212,0.24556232430388977,0.018286352281068563,8.045880133440765,-0.0005131542263022916,-0.0005463506722236156,-3.319644592132394e-05,6.469097245974624,-0.00047837789954461685,-0.0005420652007596088,-6.368730121499196e-05,13.313177986612242,0.0,0.0,0.0,nan
bootstrap,bootstrap_0143,,11,ok,0.11960951508340856,,7347.865114440015,7352.789959255808,4.924844815793222,0.06702415925021436,7348.841146643875,7353.736267265199,4.895120621324168,0.06661078289275185,2070.216530147837,2072.3763771863614,2.1598470385242763,0.1043295233648839,1512.4364541050136,1516.6552044942478,4.218750389234174,0.2789373647920054,-0.049137165151413566,-0.04947755426229116,-0.00034038911087759527,0.6927324965302827,0.2272759720228212,0.22698724609702467,-0.0002887259257965402,-0.12703759364740444,-0.0005131542263022916,-0.00032735830351802254,0.00018579592278426907,-36.206643784868575,-0.00047837789954461685,-0.00039811533864694853,8.026256089766832e-05,-16.77806624722271,0.0,0.0,0.0,nan
bootstrap,bootstrap_0144,,11,ok,0.1131566233490576,,7347.865114440015,7352.753141902728,4.8880274627135805,0.06652309734303145,7348.841146643875,7353.9113301107645,5.07018346688983,0.06899296590735697,2070.216530147837,2071.1367117228633,0.920181575026163,0.04444856668980667,1512.4364541050136,1509.6624086918684,-2.7740454131451315,-0.18341566719156321,-0.049137165151413566,-0.0495281428994142,-0.00039097774800063434,0.7956864153555809,0.2272759720228212,0.22205505838835368,-0.005220913634467528,-2.2971692027097728,-0.0005131542263022916,-0.0005552293563839814,-4.207513008168981e-05,8.199314733287213,-0.00047837789954461685,-0.0004163980651475168,6.197983439710006e-05,-12.956249537468315,0.0,0.0,0.0,nan
bootstrap,bootstrap_0145,,11,ok,0.12536383104822255,,7347.865114440015,7345.990408847772,-1.8747055922422078,-0.025513609232674112,7348.841146643875,7346.816051935248,-2.025094708626966,-0.027556653739233456,2070.216530147837,2071.2055479974397,0.9890178496025328,0.04777364276633931,1512.4364541050136,1521.1115195389384,8.675065433924829,0.5735821435921624,-0.049137165151413566,-0.04892376367294507,0.00021340147846849594,-0.4342974972424856,0.2272759720228212,0.22168524117674604,-0.00559073084607517,-2.4598864527191613,-0.0005131542263022916,-0.00021811005673869348,0.00029504416956359814,-57.49619791493093,-0.00047837789954461685,-0.00047654897762517583,1.8289219194410128e-06,-0.3823173940899071,0.0,0.0,0.0,nan
bootstrap,bootstrap_0146,,10,ok,0.11338245717092305,,7347.865114440015,7339.771526405805,-8.09358803420946,-0.11014883790264403,7348.841146643875,7340.600051606587,-8.241095037287778,-0.11214142301948361,2070.216530147837,2071.0578548640474,0.841324716210238,0.040639455050151575,1512.4364541050136,1504.1554336762786,-8.281020428735019,-0.5475284866520441,-0.049137165151413566,-0.050260954172679013,-0.0011237890212654478,2.287044883038229,0.2272759720228212,0.23366244817527831,0.0063864761524571045,2.810009388856921,-0.0005131542263022916,-0.0007910610184010677,-0.0002779067920987761,54.156582534909354,-0.00047837789954461685,-0.00039711651487840747,8.126138466620937e-05,-16.986860125345398,0.0,0.0,0.0,nan
bootstrap,bootstrap_0147,,10,ok,0.11938609156561145,,7347.865114440015,7352.596744857137,4.7316304171226875,0.06439462814612769,7348.841146643875,7353.461755659436,4.620609015561058,0.06287534215746701,2070.216530147837,2071.642983227539,1.426453079701787,0.06890356921263313,1512.4364541050136,1516.1435157730973,3.7070616680837247,0.24510528412761537,-0.049137165151413566,-0.0493361879220963,-0.000199022770682733,0.40503510951324706,0.2272759720228212,0.2367163687302112,0.009440396707389997,4.153715249072643,-0.0005131542263022916,-0.0002851753859135547,0.0002279788403887369,-44.426963416342964,-0.00047837789954461685,-0.0004264864409082659,5.189145863635094e-05,-10.847377917280056,0.0,0.0,0.0,nan
bootstrap,bootstrap_0148,,8,ok,0.12224801756165884,,7347.865114440015,7344.929861858464,-2.9352525815502304,-0.039947012306770245,7348.841146643875,7345.368012420354,-3.4731342235209013,-0.047260978353124955,2070.216530147837,2065.5086419022846,-4.707888245552567,-0.2274104267352348,1512.4364541050136,1517.3785715485124,4.942117443498773,0.3267652951689318,-0.049137165151413566,-0.04863453425971134,0.0005026308917022229,-1.0229138985804178,0.2272759720228212,0.21895893678356612,-0.008317035239255088,-3.659443259765251,-0.0005131542263022916,-0.00036539703921135286,0.00014775718709093876,-28.793914093946714,-0.00047837789954461685,-0.0006913776079028909,-0.000212999708358274,44.52540733195142,0.0,0.0,0.0,nan
bootstrap,bootstrap_0149,,12,ok,0.12348946397069192,,7347.865114440015,7351.955172999647,4.09005855963278,0.05566322320744569,7348.841146643875,7352.888747846648,4.047601202772967,0.05507808812307035,2070.216530147837,2071.9315244229924,1.7149942751552771,0.08284129945734743,1512.4364541050136,1509.9628997481789,-2.473554356834711,-0.16354765518386294,-0.049137165151413566,-0.04905056526363291,8.659988778065425e-05,-0.17624111507817208,0.2272759720228212,0.22764334128428523,0.0003673692614640234,0.16164016732359862,-0.0005131542263022916,-0.0006213982822676666,-0.00010824405596537498,21.09386426481656,-0.00047837789954461685,-0.0003616553054838646,0.00011672259406075224,-24.39966272937445,0.0,0.0,0.0,nan
bootstrap,bootstrap_0150,,12,ok,0.12379964422948458,,7347.865114440015,7348.945650080107,1.080535640092421,0.014705436521540848,7348.841146643875,7350.24860393971,1.4074572958352292,0.019152098511178155,2070.216530147837,2070.219626570128,0.0030964222910370154,0.00014956997231665886,1512.4364541050136,1509.5527999238293,-2.8836541811842835,-0.19066283236942275,-0.049137165151413566,-0.0506857600303656,-0.0015485948789520365,3.1515755420161575,0.2272759720228212,0.2307071017250177,0.0034311297021965004,1.5096755154794692,-0.0005131542263022916,-0.0006234804761237845,-0.00011032624982149292,21.499628019530594,-0.00047837789954461685,-0.0006562866254024258,-0.00017790872585780892,37.189996867992,0.0,0.0,0.0,nan
bootstrap,bootstrap_0151,,11,ok,0.11566163775481603,,7347.865114440015,7336.027462842478,-11.837651597536933,-0.1611032784784467,7348.841146643875,7336.749474588689,-12.091672055185882,-0.1645384872784738,2070.216530147837,2067.1693285802817,-3.0472015675554758,-0.14719240829063762,1512.4364541050136,1503.3213413998662,-9.11511270514734,-0.6026774004558902,-0.049137165151413566,-0.050069742464972464,-0.000932577313558898,1.8979062196307226,0.2272759720228212,0.2285999808372135,0.0013240088143922912,0.5825555612448751,-0.0005131542263022916,-0.0008925121035748064,-0.0003793578772725148,73.92667892577009,-0.00047837789954461685,-0.0005035821177465673,-2.5204218201950457e-05,5.26868365489776,0.0,0.0,0.0,nan
bootstrap,bootstrap_0152,,11,ok,0.1191244796570808,,7347.865114440015,7351.873290846337,4.008176406322491,0.05454885662565618,7348.841146643875,7352.79146045357,3.950313809695217,0.05375424139490723,2070.216530147837,2071.6791619164933,1.4626317686561379,0.07065114916030978,1512.4364541050136,1512.6012037207674,0.1647496157538626,0.010892994235010913,-0.049137165151413566,-0.04971560914397522,-0.0005784439925616558,1.1772026139058112,0.2272759720228212,0.23469975836464887,0.007423786341827665,3.266419356060318,-0.0005131542263022916,-0.0005061873067867305,6.966919515561092e-06,-1.3576658163304267,-0.00047837789954461685,-0.0003527701920297194,0.00012560770751489744,-26.2570046890685,0.0,0.0,0.0,nan
bootstrap,bootstrap_0153,,12,ok,0.10934424322050834,,7347.865114440015,7367.262620212542,19.39750577252744,0.26398832137524525,7348.841146643875,7368.77530751314,19.934160869265725,0.2712558411793866,2070.216530147837,2075.604216713032,5.387686565195054,0.26024749038257905,1512.4364541050136,1506.8786506212687,-5.5578034837449195,-0.3674735205343723,-0.049137165151413566,-0.05095512447068323,-0.0018179593192696672,3.6997643508080333,0.2272759720228212,0.23760207693086402,0.01032610490804281,4.543421293565492,-0.0005131542263022916,-0.0005271866786716777,-1.4032452369386068e-05,2.734548728264737,-0.00047837789954461685,-0.0004587644861462924,1.9613413398324446e-05,-4.099983175852203,0.0,0.0,0.0,nan
bootstrap,bootstrap_0154,,12,ok,0.12419571227845458,,7347.865114440015,7348.486606576762,0.6214921367472925,0.008458132084187787,7348.841146643875,7349.343353073823,0.5022064299482736,0.006833818011940904,2070.216530147837,2071.95174169975,1.7352115519129256,0.08381787734005833,1512.4364541050136,1518.46806038426,6.031606279246489,0.3988006413674881,-0.049137165151413566,-0.048116794776221196,0.0010203703751923698,-2.0765755860114288,0.2272759720228212,0.2160973930101527,-0.0111785790126685,-4.918504544574574,-0.0005131542263022916,-0.00031519312470486673,0.0001979611015974249,-38.57731096241793,-0.00047837789954461685,-0.00043633012805292446,4.204777149169239e-05,-8.789655946003986,0.0,0.0,0.0,nan
bootstrap,bootstrap_0155,,10,ok,0.12396784530337368,,7347.865114440015,7344.619166117479,-3.245948322535696,-0.04417539342355051,7348.841146643875,7345.220466258761,-3.620680385113701,-0.04926872567884014,2070.216530147837,2068.0299899283286,-2.1865402195085153,-0.10561891414094599,1512.4364541050136,1511.1066426601378,-1.3298114448757588,-0.08792511191239942,-0.049137165151413566,-0.049111676718880934,2.5488432532631833e-05,-0.051872004528732134,0.2272759720228212,0.22372490754211338,-0.0035510644807078273,-1.5624460646245781,-0.0005131542263022916,-0.0006256448318982022,-0.00011249060559591058,21.921402929193455,-0.00047837789954461685,-0.0005224000583455815,-4.402215880096468e-05,9.202381389874152,0.0,0.0,0.0,nan
bootstrap,bootstrap_0156,,10,ok,0.11875348730256131,,7347.865114440015,7354.127865524857,6.262751084842421,0.08523225436644,7348.841146643875,7355.598454280041,6.757307636165933,0.09195065591058411,2070.216530147837,2073.0615241806136,2.8449940327764125,0.13742495006419678,1512.4364541050136,1512.8457084269548,0.4092543219412619,0.027059273851174046,-0.049137165151413566,-0.04900351166771877,0.00013365348369479696,-0.2720008028199243,0.2272759720228212,0.21344425313284554,-0.01383171888997567,-6.085869424237597,-0.0005131542263022916,-0.00044575278394044386,6.740144236184776e-05,-13.134733946854908,-0.00047837789954461685,-0.0004913287466819465,-1.2950847137329648e-05,2.707241941916207,0.0,0.0,0.0,nan
bootstrap,bootstrap_0157,,11,ok,0.11428054273245494,,7347.865114440015,7350.520328172425,2.6552137324106297,0.03613585294581153,7348.841146643875,7351.719953233159,2.8788065892840677,0.03917361297976598,2070.216530147837,2066.8278978213743,-3.3886323264628118,-0.16368492266945742,1512.4364541050136,1513.8935267768013,1.4570726717877278,0.09633943084570469,-0.049137165151413566,-0.049386770782626974,-0.0002496056312134079,0.507977272283131,0.2272759720228212,0.24058135146483803,0.013305379442016818,5.854283373466686,-0.0005131542263022916,-0.0004378666319076043,7.528759439468733e-05,-14.67153353431343,-0.00047837789954461685,-0.0006060186226970573,-0.00012764072315244043,26.681985784449008,0.0,0.0,0.0,nan
bootstrap,bootstrap_0158,,11,ok,0.11810958300235033,,7347.865114440015,7349.810672365202,1.9455579251871313,0.026477866630454653,7348.841146643875,7350.679015206992,1.8378685631168992,0.02500895755456942,2070.216530147837,2070.9781806408355,0.7616504929983421,0.0367908613377728,1512.4364541050136,1511.4023578861875,-1.0340962188261074,-0.06837287054404116,-0.049137165151413566,-0.0501227718566215,-0.0009856067052079337,2.0058273654388463,0.2272759720228212,0.24179337713222507,0.014517405109403858,6.387567053478992,-0.0005131542263022916,-0.0005266891399399641,-1.3534913637672512e-05,2.6375917694769786,-0.00047837789954461685,-0.0003848896924665799,9.348820707803692e-05,-19.542752114391433,0.0,0.0,0.0,nan
bootstrap,bootstrap_0159,,9,ok,0.11274226090021869,,7347.865114440015,7340.633642628534,-7.231471811480333,-0.09841595754485277,7348.841146643875,7341.732961715095,-7.1081849287793375,-0.09672524942283667,2070.216530147837,2064.8591625832178,-5.357367564619381,-0.2587829575603284,1512.4364541050136,1509.9666853478002,-2.4697687572133873,-0.16329735708961582,-0.049137165151413566,-0.04963010685460447,-0.000492941703190905,1.003195242688363,0.2272759720228212,0.2337412863170215,0.006465314294200303,2.844697675982707,-0.0005131542263022916,-0.0005874658637672167,-7.431163746492511e-05,14.481345696088882,-0.00047837789954461685,-0.0007109286872855919,-0.00023255078774097509,48.61236022030858,0.0,0.0,0.0,nan
bootstrap,bootstrap_0160,,10,ok,0.11467233883378662,,7347.865114440015,7345.170132902424,-2.6949815375910475,-0.036677068721564766,7348.841146643875,7346.242192694438,-2.598953949436691,-0.03536549365505881,2070.216530147837,2069.216960245998,-0.9995699018390951,-0.04828335042652347,1512.4364541050136,1515.035669457638,2.5992153526244692,0.17185616926712854,-0.049137165151413566,-0.048294325273944776,0.0008428398774687901,-1.7152798189957108,0.2272759720228212,0.23378950037851606,0.006513528355694853,2.8659115601717975,-0.0005131542263022916,-0.0004191120321964943,9.404219410579732e-05,-18.326302169125746,-0.00047837789954461685,-0.00042366824791672896,5.470965162788789e-05,-11.436492296146572,0.0,0.0,0.0,nan
bootstrap,bootstrap_0161,,12,ok,0.11961782704963757,,7347.865114440015,7350.482515607467,2.6174011674520443,0.03562124680688995,7348.841146643875,7351.537955984704,2.6968093408295317,0.03669706947007735,2070.216530147837,2068.7566477936625,-1.4598823541746242,-0.07051834109692728,1512.4364541050136,1508.3680335601207,-4.068420544892888,-0.26899778393006146,-0.049137165151413566,-0.04874597544609213,0.0003911897053214333,-0.7961177738194766,0.2272759720228212,0.22236531148692407,-0.004910660535897143,-2.160659788270119,-0.0005131542263022916,-0.00066228757993976,-0.00014913335363746835,29.062092056047117,-0.00047837789954461685,-0.0005439479116233642,-6.557001207874733e-05,13.706739408564967,0.0,0.0,0.0,nan
bootstrap,bootstrap_0162,,10,ok,0.11276610975394236,,7347.865114440015,7346.577933016709,-1.2871814233058103,-0.017517760645554627,7348.841146643875,7347.309542375452,-1.5316042684225977,-0.020841439321654987,2070.216530147837,2070.632013263791,0.41548311595397536,0.02006954875992151,1512.4364541050136,1508.7735698450722,-3.662884259941393,-0.2421843410346063,-0.049137165151413566,-0.05100448890498803,-0.0018673237535744638,3.8002268706800746,0.2272759720228212,0.23388313920392756,0.006607167181106349,2.907112055137492,-0.0005131542263022916,-0.0006649804077954079,-0.0001518261814931163,29.586852004932673,-0.00047837789954461685,-0.0006032310377873422,-0.0001248531382427254,26.09926971157678,0.0,0.0,0.0,nan
bootstrap,bootstrap_0163,,15,ok,0.11983788165989491,,7347.865114440015,7345.8234535098245,-2.041660930190119,-0.02778577040258741,7348.841146643875,7346.801796867402,-2.0393497764725907,-0.027750630824343463,2070.216530147837,2068.801252375891,-1.4152777719459664,-0.06836375573935251,1512.4364541050136,1513.0595269647217,0.6230728597081452,0.04119663064302754,-0.049137165151413566,-0.04906889364502874,6.827150638482465e-05,-0.1389406698055324,0.2272759720228212,0.22686931501162141,-0.0004066570111997958,-0.17892653041165416,-0.0005131542263022916,-0.0005248104048657742,-1.1656178563482548e-05,2.2714766762178167,-0.00047837789954461685,-0.0005506875710601835,-7.230967151556668e-05,15.115596181261834,0.0,0.0,0.0,nan
bootstrap,bootstrap_0164,,13,ok,0.1135247309753658,,7347.865114440015,7342.926728382532,-4.938386057482603,-0.06720844735946083,7348.841146643875,7343.889937355211,-4.951209288663449,-0.06737401434952238,2070.216530147837,2071.2773770961408,1.060846948303606,0.05124328459631464,1512.4364541050136,1513.5942266626832,1.1577725576696594,0.07655016212596998,-0.049137165151413566,-0.04888278680562675,0.0002543783457868154,-0.5176903164905058,0.2272759720228212,0.22938639035659267,0.0021104183337714577,0.9285708097464639,-0.0005131542263022916,-0.0004838212409444027,2.9332985357888894e-05,-5.716212369380207,-0.00047837789954461685,-0.000373361117456684,0.00010501678208793287,-21.952682636029316,0.0,0.0,0.0,nan
bootstrap,bootstrap_0165,,12,ok,0.1225575360939635,,7347.865114440015,7348.476394730648,0.6112802906336583,0.008319155035009707,7348.841146643875,7349.183676431606,0.34252978773110954,0.004661004107940728,2070.216530147837,2070.984864689571,0.7683345417340206,0.03711372846970518,1512.4364541050136,1511.2906386596835,-1.1458154453300722,-0.07575957602847586,-0.049137165151413566,-0.05010866869669101,-0.0009715035452774468,1.9771257505063837,0.2272759720228212,0.23174076597727705,0.004464793954455842,1.964481293256783,-0.0005131542263022916,-0.000553802043877018,-4.0647817574726336e-05,7.92116979482525,-0.00047837789954461685,-0.0004880814941901655,-9.703594645548634e-06,2.0284370692679983,0.0,0.0,0.0,nan
bootstrap,bootstrap_0166,,13,ok,0.12293712607102969,,7347.865114440015,7351.799110576195,3.9339961361802125,0.05353930801545511,7348.841146643875,7352.648986461189,3.8078398173147434,0.05181551405630447,2070.216530147837,2073.1754291167927,2.958898968955509,0.1429270284468364,1512.4364541050136,1511.8692951479552,-0.5671589570583819,-0.037499688368328774,-0.049137165151413566,-0.04827958011978081,0.000857585031632753,-1.7452879688727467,0.2272759720228212,0.21848457048075678,-0.008791401542064425,-3.868161453152498,-0.0005131542263022916,-0.0005371889089872688,-2.403468268497716e-05,4.683715236677926,-0.00047837789954461685,-0.0002989521380299219,0.00017942576151469493,-37.507117633464254,0.0,0.0,0.0,nan
bootstrap,bootstrap_0167,,9,ok,0.11480143499796455,,7347.865114440015,7338.629237663203,-9.235876776811892,-0.12569469679923165,7348.841146643875,7339.48942775116,-9.351718892714416,-0.12725433447401746,2070.216530147837,2069.673969681109,-0.5425604667279913,-0.026207909116117735,1512.4364541050136,1502.5518500618389,-9.884604043174704,-0.6535549983833161,-0.049137165151413566,-0.04903489797258996,0.00010226717882360487,-0.20812592364348653,0.2272759720228212,0.2367992093679097,0.009523237345088503,4.190164609276099,-0.0005131542263022916,-0.0007841973122476382,-0.00027104308594534654,52.819030235498644,-0.00047837789954461685,-0.00037381165122623314,0.0001045662483183837,-21.85850316620472,0.0,0.0,0.0,nan
bootstrap,bootstrap_0168,,12,ok,0.11677466418337326,,7347.865114440015,7349.587355563213,1.722241123198728,0.023438660024041297,7348.841146643875,7350.748629869117,1.9074832252426859,0.02595624517089759,2070.216530147837,2068.8302394570783,-1.3862906907588695,-0.0669635601189926,1512.4364541050136,1514.728500242621,2.2920461376074854,0.15154660755408775,-0.049137165151413566,-0.04961077965506308,-0.00047361450364951513,0.9638620831911999,0.2272759720228212,0.2315611635462535,0.004285191523432291,1.8854573518233626,-0.0005131542263022916,-0.00041849874451390924,9.465548178838238e-05,-18.445815494974063,-0.00047837789954461685,-0.000536505459434463,-5.812755988984612e-05,12.150971009567874,0.0,0.0,0.0,nan
bootstrap,bootstrap_0169,,10,ok,0.11430922340302545,,7347.865114440015,7359.495534275742,11.63041983572748,0.1582829795401578,7348.841146643875,7360.814852948541,11.973706304665939,0.1629332579890393,2070.216530147837,2069.5473725788793,-0.6691575689578713,-0.03232307148615443,1512.4364541050136,1511.727322946092,-0.7091311589215366,-0.04688667461015186,-0.049137165151413566,-0.05108189128580543,-0.0019447261343918665,3.957749960542689,0.2272759720228212,0.23808041580045794,0.01080444377763673,4.753887391383298,-0.0005131542263022916,-0.0005474817813539264,-3.4327555051634766e-05,6.689520088140696,-0.00047837789954461685,-0.0004988217060197203,-2.0443806475103476e-05,4.273568343053595,0.0,0.0,0.0,nan
bootstrap,bootstrap_0170,,11,ok,0.11598898592180518,,7347.865114440015,7348.099347145142,0.2342327051273969,0.0031877654458719326,7348.841146643875,7348.845189408246,0.004042764371661178,5.501227051978745e-05,2070.216530147837,2072.76068666889,2.544156521052628,0.12289325700973637,1512.4364541050136,1516.979050865922,4.542596760908509,0.300349594760105,-0.049137165151413566,-0.04837934402970774,0.0007578211217058248,-1.542256496423103,0.2272759720228212,0.22294886589913612,-0.004327106123685087,-1.9038995126376994,-0.0005131542263022916,-0.00033537758382363124,0.00017777664247866037,-34.64390106648655,-0.00047837789954461685,-0.00032680200476998964,0.0001515758947746272,-31.68538825035963,0.0,0.0,0.0,nan
bootstrap,bootstrap_0171,,11,ok,0.11556542559935219,,7347.865114440015,7343.671683484198,-4.193430955816439,-0.057070058996803216,7348.841146643875,7344.439812786494,-4.40133385738045,-0.05989153622391859,2070.216530147837,2068.7694451197453,-1.4470850280918057,-0.06990017744609871,1512.4364541050136,1511.0279716952007,-1.4084824098129047,-0.09312671656320108,-0.049137165151413566,-0.050161831568218504,-0.0010246664168049383,2.085318543809931,0.2272759720228212,0.22915432814038225,0.001878356117561042,0.826464892369895,-0.0005131542263022916,-0.0006012083173775139,-8.80540910752223e-05,17.159381441662514,-0.00047837789954461685,-0.0006134042451235227,-0.00013502634557890588,28.22587450370131,0.0,0.0,0.0,nan
bootstrap,bootstrap_0172,,10,ok,0.10581803488707031,,7347.865114440015,7375.076632456515,27.211518016500122,0.37033230186852617,7348.841146643875,7376.004651926822,27.16350528294697,0.3696297789121787,2070.216530147837,2070.5028393216953,0.28630917385817156,0.013829914392468202,1512.4364541050136,1505.9585825238214,-6.477871581192176,-0.42830702497351963,-0.049137165151413566,-0.05139292629141617,-0.0022557611400026018,4.59074334681619,0.2272759720228212,0.23526559347663512,0.007989621453813905,3.5153832509015306,-0.0005131542263022916,-0.0005201246719620186,-6.970445659727027e-06,1.3583529672852854,-0.00047837789954461685,-0.00038159486632987044,9.678303321474641e-05,-20.231501770227524,0.0,0.0,0.0,nan
bootstrap,bootstrap_0173,,12,ok,0.1281039403452288,,7347.865114440015,7346.660280923788,-1.2048335162262447,-0.016397055436667005,7348.841146643875,7347.788187204945,-1.0529594389299746,-0.014328237852996022,2070.216530147837,2067.437603250228,-2.778926897608926,-0.1342336348464225,1512.4364541050136,1515.0705463023066,2.6340921972930573,0.1741621732366789,-0.049137165151413566,-0.048205120505398776,0.0009320446460147902,-1.896822177556935,0.2272759720228212,0.2198632757905754,-0.007412696232245802,-3.2615397775095554,-0.0005131542263022916,-0.0004326041219786694,8.05501043236222e-05,-15.69705562089073,-0.00047837789954461685,-0.0006394116052601354,-0.00016103370571551856,33.662446753667275,0.0,0.0,0.0,nan
bootstrap,bootstrap_0174,,14,ok,0.11177762661304316,,7347.865114440015,7340.769228225177,-7.095886214837265,-0.09657071958074515,7348.841146643875,7341.399641191653,-7.441505452221463,-0.10126093765980922,2070.216530147837,2069.5441449176797,-0.672385230157488,-0.03247898083923965,1512.4364541050136,1510.7505612205043,-1.6858928845092578,-0.1114686755885481,-0.049137165151413566,-0.04944693153161127,-0.0003097663801977027,0.6304115820340348,0.2272759720228212,0.2290705208226422,0.0017945487998209941,0.7895901990205987,-0.0005131542263022916,-0.0006087942307305784,-9.564000442828676e-05,18.637672560441242,-0.00047837789954461685,-0.0004326558878700306,4.572201167458626e-05,-9.557718221956009,0.0,0.0,0.0,nan
bootstrap,bootstrap_0175,,12,ok,0.12156304528726285,,7347.865114440015,7353.07364264828,5.208528208265307,0.07088491864159992,7348.841146643875,7354.446475493587,5.60532884971235,0.07627500360750396,2070.216530147837,2071.5231088864357,1.306578738598546,0.0631131439427373,1512.4364541050136,1515.5317938467829,3.095339741769294,0.2046591599513492,-0.049137165151413566,-0.049474182364174515,-0.0003370172127609497,0.6858702811251912,0.2272759720228212,0.2212914557106908,-0.0059845163121304,-2.63314958412299,-0.0005131542263022916,-0.0003431077964869879,0.00017004642981530371,-33.13748988108925,-0.00047837789954461685,-0.0005821744391652926,-0.0001037965396206758,21.697603446873913,0.0,0.0,0.0,nan
bootstrap,bootstrap_0176,,11,ok,0.12200972795985997,,7347.865114440015,7339.895678081131,-7.969436358883286,-0.10845920869208336,7348.841146643875,7340.818465655075,-8.022680988799948,-0.10916933471155255,2070.216530147837,2066.7270774250574,-3.489452722779788,-0.16855496379070073,1512.4364541050136,1515.813958026255,3.3775039212414413,0.22331542671259427,-0.049137165151413566,-0.04812458191693806,0.001012583234475506,-2.060727824560665,0.2272759720228212,0.2164083537409498,-0.01086761828187141,-4.781683776400338,-0.0005131542263022916,-0.00045888256522742853,5.427166107486309e-05,-10.576091610106403,-0.00047837789954461685,-0.0005939377625538874,-0.0001155598630092706,24.1566057126125,0.0,0.0,0.0,nan
bootstrap,bootstrap_0177,,13,ok,0.11031358159990981,,7347.865114440015,7354.49792093716,6.632806497145793,0.09026848470736093,7348.841146643875,7355.641748223783,6.800601579908289,0.09253978204460223,2070.216530147837,2071.284720771123,1.0681906232857727,0.051598014397532206,1512.4364541050136,1512.8329892206073,0.3965351155936787,0.02621829925597297,-0.049137165151413566,-0.05005944883402187,-0.0009222836826083061,1.8769574511804616,0.2272759720228212,0.23331927239050104,0.0060433003676798325,2.6590141992982055,-0.0005131542263022916,-0.0004305883753507569,8.256585095153471e-05,-16.089870592412577,-0.00047837789954461685,-0.0003990481044735283,7.932979507108856e-05,-16.583081105252795,0.0,0.0,0.0,nan
bootstrap,bootstrap_0178,,14,ok,0.11411900162637377,,7347.865114440015,7348.408045668966,0.542931228951602,0.007388965645063819,7348.841146643875,7349.139574777828,0.29842813395316625,0.004060886988820744,2070.216530147837,2072.567303492333,2.350773344495792,0.11355205169422157,1512.4364541050136,1510.053378882446,-2.3830752225676406,-0.15756531232102763,-0.049137165151413566,-0.04950374062362793,-0.00036657547221436576,0.7460248695356823,0.2272759720228212,0.2330977374451337,0.005821765422312497,2.561540214962945,-0.0005131542263022916,-0.0006048943981318499,-9.174017182955827e-05,17.87769974937622,-0.00047837789954461685,-0.0002788956368312564,0.00019948226271336046,-41.69972377554523,0.0,0.0,0.0,nan
bootstrap,bootstrap_0179,,15,ok,0.12063412547839446,,7347.865114440015,7347.492529599859,-0.37258484015546856,-0.0050706543241147055,7348.841146643875,7348.431037322411,-0.4101093214640059,-0.005580598536291641,2070.216530147837,2071.1376661583154,0.9211360104782216,0.04449466986008666,1512.4364541050136,1514.3036413123061,1.8671872072925453,0.12345558071049378,-0.049137165151413566,-0.04862351570291338,0.0005136494485001863,-1.0453379777148373,0.2272759720228212,0.2238995844466265,-0.0033763875761947115,-1.4855893239148403,-0.0005131542263022916,-0.00045086222569719033,6.229200060510129e-05,-12.13904074296876,-0.00047837789954461685,-0.000400253403283555,7.812449626106187e-05,-16.331125734577427,0.0,0.0,0.0,nan
bootstrap,bootstrap_0180,,13,ok,0.12015814556014867,,7347.865114440015,7349.853589072134,1.9884746321195053,0.027061937054502504,7348.841146643875,7351.0478512530335,2.2067046091588054,0.030027926378114463,2070.216530147837,2068.0190600693204,-2.1974700785167443,-0.10614687142701057,1512.4364541050136,1518.5990955375298,6.162641432516239,0.40746448657659406,-0.049137165151413566,-0.048572038436798484,0.0005651267146150815,-1.150100362675937,0.2272759720228212,0.22825329243103118,0.0009773204082099696,0.4300148403333349,-0.0005131542263022916,-0.00024318232014193796,0.00026997190616035366,-52.610286015907654,-0.00047837789954461685,-0.0005982498535454162,-0.00011987195400079938,25.05800416677052,0.0,0.0,0.0,nan
bootstrap,bootstrap_0181,,9,ok,0.11041154825271446,,7347.865114440015,7343.816518600665,-4.048595839349218,-0.05509894066227377,7348.841146643875,7344.388001240945,-4.4531454029292945,-0.06059656637105282,2070.216530147837,2067.9279625687936,-2.2885675790435016,-0.11054725656547973,1512.4364541050136,1507.6957998092398,-4.740654295773766,-0.31344485799101257,-0.049137165151413566,-0.050159447733905245,-0.0010222825824916792,2.080467156258546,0.2272759720228212,0.22825468183871495,0.0009787098158937357,0.4306261709862852,-0.0005131542263022916,-0.000712869083817239,-0.00019971485751494743,38.91907096898747,-0.00047837789954461685,-0.0005789926920189511,-0.00010061479247433427,21.03249179573569,0.0,0.0,0.0,nan
bootstrap,bootstrap_0182,,11,ok,0.11026011190811812,,7347.865114440015,7356.329622779357,8.464508339342501,0.11519683891186382,7348.841146643875,7357.513516424305,8.672369780430017,0.11801003188632785,2070.216530147837,2072.4951295254336,2.2785993775964926,0.11006575130736564,1512.4364541050136,1509.6862901977572,-2.750163907256365,-0.18183665831327625,-0.049137165151413566,-0.049686886496200365,-0.0005497213447867993,1.1187485950662033,0.2272759720228212,0.23648281236624694,0.009206840343425726,4.050951916070234,-0.0005131542263022916,-0.00051687614818982,-3.7219218875283793e-06,0.7253027835993793,-0.00047837789954461685,-0.00037515473590228864,0.0001032231636423282,-21.577745071540644,0.0,0.0,0.0,nan
bootstrap,bootstrap_0183,,12,ok,0.12134459062299036,,7347.865114440015,7348.1138713975015,0.24875695748687576,0.003385431735784302,7348.841146643875,7348.977704011098,0.13655736722284928,0.0018582163432014495,2070.216530147837,2069.967907428894,-0.24862271894335208,-0.012009503127945634,1512.4364541050136,1512.0862335568233,-0.3502205481902365,-0.02315605044031288,-0.049137165151413566,-0.04941928008240215,-0.0002821149309885848,0.5741375802190921,0.2272759720228212,0.2267561417955507,-0.0005198302272705069,-0.22872203455731333,-0.0005131542263022916,-0.0005564792638795489,-4.332503757725726e-05,8.442888191616513,-0.00047837789954461685,-0.0004618962349713136,1.648166457330323e-05,-3.445323161666258,0.0,0.0,0.0,nan
bootstrap,bootstrap_0184,,10,ok,0.10473429528785819,,7347.865114440015,7330.864708834038,-17.000405605976994,-0.23136523794602354,7348.841146643875,7331.787747266632,-17.053399377242386,-0.23205562668925647,2070.216530147837,2069.5294603756606,-0.6870697721765282,-0.03318830480633171,1512.4364541050136,1505.4600310235483,-6.976423081465327,-0.4612704925572318,-0.049137165151413566,-0.05061548470896693,-0.0014783195575533634,3.008556869322844,0.2272759720228212,0.2405347217312379,0.0132587497084167,5.833766583598799,-0.0005131542263022916,-0.0007054890482989106,-0.00019233482199661894,37.48089992019618,-0.00047837789954461685,-0.0004220448855474388,5.633301399717803e-05,-11.775839571770188,0.0,0.0,0.0,nan
bootstrap,bootstrap_0185,,11,ok,0.11097715677445,,7347.865114440015,7353.206994083888,5.3418796438736535,0.07269975102531208,7348.841146643875,7354.041038634915,5.199891991040204,0.07075798601817554,2070.216530147837,2072.5700778121595,2.3535476643223774,0.11368606278852904,1512.4364541050136,1509.722032006845,-2.7144220981685976,-0.17947346421075658,-0.049137165151413566,-0.04904363766279903,9.352748861453375e-05,-0.1903396102040762,0.2272759720228212,0.22310960868948979,-0.004166363333331424,-1.833173694627548,-0.0005131542263022916,-0.0005549974164678794,-4.184319016558777e-05,8.154115862418829,-0.00047837789954461685,-0.00031439851217391024,0.0001639793873707066,-34.27821133183699,0.0,0.0,0.0,nan
bootstrap,bootstrap_0186,,13,ok,0.12371350594741772,,7347.865114440015,7348.889972749761,1.024858309746378,0.013947701730837815,7348.841146643875,7349.858548726016,1.017402082141416,0.01384438800403314,2070.216530147837,2068.2059844569085,-2.010545690928666,-0.09711765226727707,1512.4364541050136,1509.6914940247846,-2.7449600802290206,-0.18149258917812547,-0.049137165151413566,-0.04917888317837406,-4.171802696049248e-05,0.08490116764355574,0.2272759720228212,0.2213990488180872,-0.005876923204734014,-2.5858092927412057,-0.0005131542263022916,-0.000647940289651759,-0.0001347860633494674,26.266189858887945,-0.00047837789954461685,-0.0006057933308091554,-0.0001274154312645386,26.63489082288906,0.0,0.0,0.0,nan
bootstrap,bootstrap_0187,,13,ok,0.12044074658834591,,7347.865114440015,7346.003862216967,-1.8612522230478135,-0.02533051701493653,7348.841146643875,7346.9277426073795,-1.9134040364951943,-0.026036813128951935,2070.216530147837,2070.3342451582394,0.11771501040220755,0.005686120687762132,1512.4364541050136,1511.704107873059,-0.7323462319545797,-0.04842161996075046,-0.049137165151413566,-0.049866134022342065,-0.0007289688709284994,1.4835387199937573,0.2272759720228212,0.23502017230366212,0.007744200280840913,3.4073994764670075,-0.0005131542263022916,-0.0005467562806047634,-3.360205430247179e-05,6.548139444276409,-0.00047837789954461685,-0.000457385908682966,2.0991990861650856e-05,-4.388160674151921,0.0,0.0,0.0,nan
bootstrap,bootstrap_0188,,13,ok,0.1149456228390866,,7347.865114440015,7347.648782147856,-0.2163322921587678,-0.0029441516520714553,7348.841146643875,7348.627925089429,-0.213221554446136,-0.0029014309901570215,2070.216530147837,2069.5544087901503,-0.6621213576868286,-0.03198319345076167,1512.4364541050136,1516.7848517554953,4.348397650481729,0.2875094446896878,-0.049137165151413566,-0.049701656891004156,-0.0005644917395905905,1.1488081126600185,0.2272759720228212,0.23481938283218062,0.007543410809359413,3.319053370323707,-0.0005131542263022916,-0.00035230383060220127,0.00016085039570009035,-31.345429396373273,-0.00047837789954461685,-0.0005432870830524931,-6.490918350787625e-05,13.568599964518713,0.0,0.0,0.0,nan
bootstrap,bootstrap_0189,,10,ok,0.12306416529013149,,7347.865114440015,7351.672883340825,3.8077689008105153,0.05182143168806261,7348.841146643875,7352.480017369746,3.6388707258711293,0.04951625233500872,2070.216530147837,2072.0420920759825,1.825561928145362,0.08818217329252008,1512.4364541050136,1511.31339423886,-1.1230598661536533,-0.07425501171341613,-0.049137165151413566,-0.047660935021861965,0.0014762301295516006,-3.0043046337790873,0.2272759720228212,0.21719772210813837,-0.01007824991468284,-4.434366653449343,-0.0005131542263022916,-0.0005910072880462796,-7.785306174398798e-05,15.17147433530556,-0.00047837789954461685,-0.0003197730708082792,0.00015860482873633765,-33.15471489952162,0.0,0.0,0.0,nan
bootstrap,bootstrap_0190,,12,ok,0.12551149716493462,,7347.865114440015,7350.455755324866,2.590640884851382,0.03525705554611037,7348.841146643875,7351.428993993243,2.5878473493685306,0.035214359621181475,2070.216530147837,2070.4226003095955,0.2060701617583618,0.00995403904651684,1512.4364541050136,1510.642418770733,-1.7940353342805793,-0.11861889003080148,-0.049137165151413566,-0.04904697581593071,9.018933548285424e-05,-0.18354606987387365,0.2272759720228212,0.2227687152884399,-0.004507256734381321,-1.9831646496835744,-0.0005131542263022916,-0.0006118259558026234,-9.867172950033182e-05,19.228474490280387,-0.00047837789954461685,-0.0004449741769238891,3.340372262072773e-05,-6.982706068262309,0.0,0.0,0.0,nan
bootstrap,bootstrap_0191,,14,ok,0.11401478614759805,,7347.865114440015,7347.6131147075885,-0.2519997324261567,-0.0034295639413811116,7348.841146643875,7348.574177859339,-0.2669687845354929,-0.003632801134331421,2070.216530147837,2069.5846627592787,-0.6318673885584758,-0.030521801915732612,1512.4364541050136,1516.122237948802,3.6857838437883856,0.24369842671965042,-0.049137165151413566,-0.04911472968276295,2.2435468650612578e-05,-0.04565885838444052,0.2272759720228212,0.22975029889405157,0.0024743268712303645,1.0886882802472022,-0.0005131542263022916,-0.00037322596177633195,0.00013992826452595967,-27.268266995336017,-0.00047837789954461685,-0.0005052012299788063,-2.682333043418949e-05,5.607142482903886,0.0,0.0,0.0,nan
bootstrap,bootstrap_0192,,11,ok,0.11434437531657571,,7347.865114440015,7359.226964030003,11.361849589988196,0.15462790093492468,7348.841146643875,7360.509130794242,11.667984150367374,0.15877311697907634,2070.216530147837,2068.735340409222,-1.481189738615285,-0.07154757567844901,1512.4364541050136,1514.7928198277934,2.356365722779856,0.155799320783645,-0.049137165151413566,-0.04969632680058606,-0.000559161649172496,1.1379607420360314,0.2272759720228212,0.22746580321020188,0.00018983118738066795,0.08352452997609736,-0.0005131542263022916,-0.00030850954065201073,0.00020464468565028088,-39.87976229386596,-0.00047837789954461685,-0.0005838831676318175,-0.00010550526808720065,22.05479563074182,0.0,0.0,0.0,nan
bootstrap,bootstrap_0193,,12,ok,0.12239657615922145,,7347.865114440015,7346.980190993437,-0.8849234465778864,-0.012043272879885016,7348.841146643875,7347.657846151521,-1.1833004923537374,-0.01610186516134093,2070.216530147837,2068.876817677432,-1.3397124704051748,-0.06471363989686162,1512.4364541050136,1511.5336371236688,-0.902816981344813,-0.05969288685778579,-0.049137165151413566,-0.048063717066640255,0.001073448084773311,-2.1845950645820484,0.2272759720228212,0.2203328473258941,-0.006943124696927122,-3.0549312516986835,-0.0005131542263022916,-0.0005798609415055922,-6.670671520330059e-05,12.999350250699221,-0.00047837789954461685,-0.00047959084034453783,-1.2129407999209875e-06,0.25355285038786796,0.0,0.0,0.0,nan
bootstrap,bootstrap_0194,,11,ok,0.12023555120645772,,7347.865114440015,7348.5241179200875,0.6590034800728972,0.008968638778872308,7348.841146643875,7349.636512726091,0.7953660822158781,0.010823013674463654,2070.216530147837,2069.4714692650464,-0.7450608827907672,-0.035989514716973176,1512.4364541050136,1517.2025434883242,4.7660893833106,0.31512658732699883,-0.049137165151413566,-0.04965661431366966,-0.0005194491622560957,1.0571410879228393,0.2272759720228212,0.22362999621612317,-0.0036459758066980374,-1.604206451851381,-0.0005131542263022916,-0.0003118207050593862,0.00020133352124290544,-39.23450512990666,-0.00047837789954461685,-0.000658491989986363,-0.0001801140904417462,37.65100574529102,0.0,0.0,0.0,nan
bootstrap,bootstrap_0195,,11,ok,0.12287544966666315,,7347.865114440015,7355.29570045662,7.430586016605048,0.1011257814464023,7348.841146643875,7356.505362426066,7.664215782191604,0.10429148799456303,2070.216530147837,2072.838250492716,2.6217203448786677,0.1266399097243923,1512.4364541050136,1508.0295294269517,-4.406924678061841,-0.2913791628137954,-0.049137165151413566,-0.04921594655616138,-7.878140474781165e-05,0.160329568270882,0.2272759720228212,0.21174997138995122,-0.01552600063286999,-6.831342748062693,-0.0005131542263022916,-0.0006998659599888998,-0.0001867117336866082,36.38511077498543,-0.00047837789954461685,-0.0003783344421970257,0.00010004345734759113,-20.913060039526425,0.0,0.0,0.0,nan
bootstrap,bootstrap_0196,,10,ok,0.12409119595504041,,7347.865114440015,7351.261169188641,3.3960547486267387,0.046218251093815214,7348.841146643875,7352.534900953621,3.6937543097465095,0.050263085512923376,2070.216530147837,2069.66881065967,-0.5477194881673313,-0.02645711113746241,1512.4364541050136,1511.399476881332,-1.0369772236815606,-0.06856335820701924,-0.049137165151413566,-0.05056804754257974,-0.0014308823911661772,2.9120165698549947,0.2272759720228212,0.22987387485397756,0.0025979028311563512,1.1430609263417828,-0.0005131542263022916,-0.000506589997480827,6.564228821464625e-06,-1.279192197005844,-0.00047837789954461685,-0.0006826334646755586,-0.0002042555651309418,42.69753375425143,0.0,0.0,0.0,nan
bootstrap,bootstrap_0197,,13,ok,0.11362561656905289,,7347.865114440015,7339.184446851485,-8.680667588530014,-0.11813863555375802,7348.841146643875,7340.047223571387,-8.793923072487814,-0.11966407896167262,2070.216530147837,2067.579594049983,-2.6369360978542318,-0.1273748933724302,1512.4364541050136,1512.954950387067,0.5184962820533201,0.034282186246306856,-0.049137165151413566,-0.04895884363605413,0.0001783215153594378,-0.3629055823834149,0.2272759720228212,0.2292257159944153,0.0019497439715940867,0.8578750997040326,-0.0005131542263022916,-0.0004991235500259506,1.403067627634097e-05,-2.7342026153509074,-0.00047837789954461685,-0.0005091134330210274,-3.073553347641056e-05,6.4249484572068845,0.0,0.0,0.0,nan
bootstrap,bootstrap_0198,,12,ok,0.12287486721381433,,7347.865114440015,7345.107909986064,-2.7572044539501803,-0.0375238849789407,7348.841146643875,7346.526716376986,-2.3144302668888486,-0.03149381270740653,2070.216530147837,2063.4897467808096,-6.726783367027565,-0.324931390947168,1512.4364541050136,1518.4511171252357,6.014663020222088,0.3976803788282975,-0.049137165151413566,-0.04914340896839042,-6.243816976857219e-06,0.01270691330608355,0.2272759720228212,0.22216331437871997,-0.005112657644101237,-2.2495372469852932,-0.0005131542263022916,-0.0003322840171624288,0.00018087020913986284,-35.246754263953946,-0.00047837789954461685,-0.0008951360064010719,-0.00041675810685645504,87.1190134939721,0.0,0.0,0.0,nan
bootstrap,bootstrap_0199,,10,ok,0.11960629881411748,,7347.865114440015,7355.94896088509,8.083846445075324,0.11001626076653148,7348.841146643875,7357.205496867293,8.364350223418114,0.1138186287675848,2070.216530147837,2070.266209942813,0.04967979497587294,0.002399739073299991,1512.4364541050136,1512.7402083374218,0.30375423240820965,0.020083768252462324,-0.049137165151413566,-0.04825341411584967,0.0008837510355638942,-1.798538912126213,0.2272759720228212,0.20936417763401222,-0.017911794388808994,-7.8810770137242825,-0.0005131542263022916,-0.0004714374892143621,4.17167370879295e-05,-8.129473548046896,-0.00047837789954461685,-0.0004579745476254103,2.040335191920656e-05,-4.265111732508789,0.0,0.0,0.0,nan
bootstrap,bootstrap_0200,,13,ok,0.12045649398307483,,7347.865114440015,7347.911848381341,0.04673394132623798,0.0006360206753713607,7348.841146643875,7348.889197246584,0.04805060270973627,0.0006538527878192112,2070.216530147837,2068.2611099676633,-1.95542018017386,-0.09445486265314579,1512.4364541050136,1510.7474951669071,-1.6889589381064525,-0.11167139839312432,-0.049137165151413566,-0.04904385160990831,9.331354150525495e-05,-0.1899042022829649,0.2272759720228212,0.22240123867416403,-0.004874733348657179,-2.144852051570017,-0.0005131542263022916,-0.0005814212298164722,-6.82670035141806e-05,13.303408607993322,-0.00047837789954461685,-0.0006028825414202206,-0.00012450464187560377,26.02642011558722,0.0,0.0,0.0,nan
bootstrap,bootstrap_0201,,10,ok,0.11648960818396889,,7347.865114440015,7350.322563934455,2.4574494944399703,0.033444401280728384,7348.841146643875,7351.238662901502,2.397516257627103,0.03262441260853787,2070.216530147837,2073.2749185716957,3.0583884238585597,0.14773277960639972,1512.4364541050136,1516.5548475364285,4.1183934314149155,0.27230191524654707,-0.049137165151413566,-0.048726885691232735,0.00041027946018083045,-0.8349677050285178,0.2272759720228212,0.23018113509431476,0.0029051630714935495,1.2782535019592114,-0.0005131542263022916,-0.0003540451343523577,0.00015910909194993394,-31.00609598335552,-0.00047837789954461685,-0.00024404947519348827,0.00023432842435112857,-48.983956945793956,0.0,0.0,0.0,nan
bootstrap,bootstrap_0202,,12,ok,0.11691351326120938,,7347.865114440015,7346.294879014814,-1.5702354252007353,-0.02136995441185918,7348.841146643875,7347.4232446959795,-1.4179019478951886,-0.019294225029516755,2070.216530147837,2068.9574982448075,-1.2590319030296087,-0.060816435609259645,1512.4364541050136,1515.7986069962526,3.3621528912390204,0.22230043993673632,-0.049137165151413566,-0.0497286371919489,-0.0005914720405353346,1.2037162475953689,0.2272759720228212,0.233591491037011,0.00631551901418978,2.778788693754053,-0.0005131542263022916,-0.0003926614437555229,0.00012049278254676874,-23.48081266231026,-0.00047837789954461685,-0.0005667767943584749,-8.839889481385805e-05,18.47888351406028,0.0,0.0,0.0,nan
bootstrap,bootstrap_0203,,12,ok,0.11619008511021833,,7347.865114440015,7355.938510249284,8.073395809269641,0.10987403393407175,7348.841146643875,7357.217101031004,8.37595438712924,0.1139765334423433,2070.216530147837,2068.0044023605337,-2.212127787303416,-0.10685489923826687,1512.4364541050136,1513.0360702547455,0.5996161497319008,0.03964570862494349,-0.049137165151413566,-0.049726398179903854,-0.000589233028490288,1.1991595906572912,0.2272759720228212,0.2375525554727954,0.010276583449974203,4.521632163096551,-0.0005131542263022916,-0.00041869733456005565,9.445689174223597e-05,-18.40711561958233,-0.00047837789954461685,-0.0006169534431261524,-0.00013857554358153552,28.96779799264347,0.0,0.0,0.0,nan
bootstrap,bootstrap_0204,,11,ok,0.11489050134850223,,7347.865114440015,7358.4007208330095,10.53560639299485,0.14338323076032372,7348.841146643875,7359.930845530031,11.08969888615593,0.15090404956188852,2070.216530147837,2071.8029204241952,1.5863902763580882,0.07662919570277037,1512.4364541050136,1514.3421558707864,1.9057017657728466,0.1260021047892917,-0.049137165151413566,-0.050451069709354916,-0.0013139045579413505,2.6739527074722838,0.2272759720228212,0.23887954636997125,0.011603574347150036,5.105499822033496,-0.0005131542263022916,-0.0003343909770798788,0.0001787632492224128,-34.83616426791465,-0.00047837789954461685,-0.0005260221300811584,-4.764423053654158e-05,9.959538386262333,0.0,0.0,0.0,nan
bootstrap,bootstrap_0205,,9,ok,0.12888331095753797,,7347.865114440015,7349.719428380663,1.8543139406483533,0.025236091187959588,7348.841146643875,7350.615796276394,1.7746496325189582,0.02414870041556714,2070.216530147837,2069.992957980716,-0.22357216712134687,-0.0107994581178125,1512.4364541050136,1514.4016537169318,1.9651996119182513,0.1299360119616504,-0.049137165151413566,-0.04753359043614131,0.0016035747152722546,-3.2634660756902116,0.2272759720228212,0.20641156566945265,-0.02086440635336856,-9.180207730570622,-0.0005131542263022916,-0.0004738015959724699,3.935263032982174e-05,-7.668772527392123,-0.00047837789954461685,-0.0005119447926075912,-3.356689306297433e-05,7.016815177901765,0.0,0.0,0.0,nan
bootstrap,bootstrap_0206,,13,ok,0.11958446616308066,,7347.865114440015,7350.64842033169,2.783305891675809,0.037879109759460065,7348.841146643875,7351.507916188303,2.666769544428462,0.036288300307679704,2070.216530147837,2072.8109952210225,2.594465073185347,0.12532336764792776,1512.4364541050136,1517.2102878690043,4.773833763990751,0.31563863400896897,-0.049137165151413566,-0.04857456222334543,0.0005626029280681386,-1.144964155613185,0.2272759720228212,0.22669302212693646,-0.0005829498958847545,-0.25649429224582504,-0.0005131542263022916,-0.0003081163564660764,0.0002050378698362152,-39.956383349638514,-0.00047837789954461685,-0.0003255439633956291,0.00015283393614898776,-31.948368913880692,0.0,0.0,0.0,nan
bootstrap,bootstrap_0207,,13,ok,0.12030831940112263,,7347.865114440015,7354.401680595258,6.536566155243236,0.08895871186309047,7348.841146643875,7355.613765879177,6.772619235302045,0.09215900983783024,2070.216530147837,2071.831533711898,1.6150035640607712,0.07801133555558275,1512.4364541050136,1512.6784934639816,0.24203935896798612,0.01600327460443376,-0.049137165151413566,-0.048786677040233,0.0003504881111805677,-0.7132851683660569,0.2272759720228212,0.22641242177339937,-0.000863550249421835,-0.37995668514185227,-0.0005131542263022916,-0.0004537310520213145,5.942317428097709e-05,-11.579983411453338,-0.00047837789954461685,-0.0003935623438436745,8.481555570094237e-05,-17.729823175711296,0.0,0.0,0.0,nan
bootstrap,bootstrap_0208,,12,ok,0.11685727469051178,,7347.865114440015,7348.0673927486305,0.20227830861585971,0.002752885436320036,7348.841146643875,7348.819463714254,-0.02168292962051055,-0.00029505236523465846,2070.216530147837,2068.207522482,-2.009007665837089,-0.0970433593095512,1512.4364541050136,1514.60590655112,2.169452446106334,0.14344089896921391,-0.049137165151413566,-0.04981509489794615,-0.0006779297465325865,1.3796680057622004,0.2272759720228212,0.2329421277840329,0.005666155761211683,2.4930729415790305,-0.0005131542263022916,-0.00043427216314240196,7.888206315988965e-05,-15.37199912164835,-0.00047837789954461685,-0.0005656851983971954,-8.730729885257854e-05,18.250696559286943,0.0,0.0,0.0,nan
bootstrap,bootstrap_0209,,10,ok,0.11474477100513596,,7347.865114440015,7343.1244096196,-4.740704820414976,-0.06451812528646653,7348.841146643875,7343.782902182078,-5.058244461796676,-0.068830504849145,2070.216530147837,2071.141333633218,0.9248034853808349,0.044671824029672555,1512.4364541050136,1511.9227225397642,-0.5137315652493726,-0.033967150411841535,-0.049137165151413566,-0.049582666393699674,-0.00044550124228610877,0.906648238483682,0.2272759720228212,0.23508665334575796,0.007810681322936747,3.436650717372121,-0.0005131542263022916,-0.0005247981099872607,-1.1643883684969041e-05,2.2690807340461814,-0.00047837789954461685,-0.0003502113469941261,0.00012816655255049075,-26.79190503417833,0.0,0.0,0.0,nan
bootstrap,bootstrap_0210,,12,ok,0.11892550186300099,,7347.865114440015,7347.1278891688535,-0.7372252711611509,-0.010033190044715938,7348.841146643875,7347.941309748485,-0.8998368953898535,-0.012244609421184698,2070.216530147837,2071.3836776862427,1.1671475384055157,0.056378041688333345,1512.4364541050136,1510.2610532566143,-2.1754008483992493,-0.14383419828944455,-0.049137165151413566,-0.048975723925723656,0.00016144122568990948,-0.328552176733104,0.2272759720228212,0.218176146933166,-0.009099825089655206,-4.003865876653901,-0.0005131542263022916,-0.0006064892949809227,-9.333506867863109e-05,18.18850238283895,-0.00047837789954461685,-0.0004282178303676126,5.0160069177004234e-05,-10.485448684973365,0.0,0.0,0.0,nan
bootstrap,bootstrap_0211,,10,ok,0.12041628361983236,,7347.865114440015,7355.498096573022,7.632982133007317,0.10388027017544173,7348.841146643875,7356.478527798389,7.6373811545145145,0.10392633344649738,2070.216530147837,2070.715528745405,0.4989985975680611,0.024103691101936418,1512.4364541050136,1511.264288590001,-1.1721655150126935,-0.07750180259350625,-0.049137165151413566,-0.04993214578551368,-0.0007949806341001134,1.6178805424578784,0.2272759720228212,0.22526567956282398,-0.0020102924599972316,-0.8845160542511614,-0.0005131542263022916,-0.0006014289965050516,-8.827477020276002e-05,17.202385886764315,-0.00047837789954461685,-0.00044189812036291834,3.6479779181698506e-05,-7.6257241850898145,0.0,0.0,0.0,nan
bootstrap,bootstrap_0212,,10,ok,0.11757248028924194,,7347.865114440015,7336.6092142957905,-11.255900144224142,-0.15318599305945427,7348.841146643875,7337.319571444377,-11.52157519949742,-0.15678084434794431,2070.216530147837,2063.4008333465176,-6.815696801319518,-0.32922627667516496,1512.4364541050136,1509.880575991967,-2.555878113046674,-0.1689907768428604,-0.049137165151413566,-0.04956587433568215,-0.00042870918426858584,0.8724743947835437,0.2272759720228212,0.23252635623353476,0.0052503842107135545,2.310136071131335,-0.0005131542263022916,-0.0006173254025869945,-0.00010417117628470289,20.300169217224216,-0.00047837789954461685,-0.000706406715188654,-0.00022802881564403714,47.66708827082209,0.0,0.0,0.0,nan
bootstrap,bootstrap_0213,,12,ok,0.1157943131421395,,7347.865114440015,7353.886124612955,6.021010172940805,0.08194230676755788,7348.841146643875,7354.731932097615,5.890785453740136,0.08015937936596147,2070.216530147837,2071.7208513974224,1.5043212495852458,0.07266492309757666,1512.4364541050136,1514.4075893823422,1.9711352773285853,0.1303284691385601,-0.049137165151413566,-0.04958176860439251,-0.00044460345297894083,0.904821130012118,0.2272759720228212,0.23038145234803564,0.0031054803252144325,1.3663918352541928,-0.0005131542263022916,-0.0003400701748854264,0.00017308405141686523,-33.729440886433224,-0.00047837789954461685,-0.0004452306101843129,3.314728936030392e-05,-6.929101321749579,0.0,0.0,0.0,nan
bootstrap,bootstrap_0214,,12,ok,0.11419844334543719,,7347.865114440015,7348.890033312272,1.0249188722573308,0.013948525949981874,7348.841146643875,7349.749589369348,0.9084427254729235,0.012361714008307257,2070.216530147837,2072.2295401857514,2.0130100379142277,0.09723669039443308,1512.4364541050136,1510.2170734407707,-2.2193806642428626,-0.14674207687992977,-0.049137165151413566,-0.0485380988165072,0.0005990663349063688,-1.2191715436989043,0.2272759720228212,0.2202383407074854,-0.007037631315335802,-3.0965135701318833,-0.0005131542263022916,-0.0005866647785343488,-7.351055223205722e-05,14.325235662923923,-0.00047837789954461685,-0.0003234057565389332,0.00015497214300568365,-32.39533915617894,0.0,0.0,0.0,nan
bootstrap,bootstrap_0215,,13,ok,0.11736131583858474,,7347.865114440015,7347.4516317544885,-0.41348268552610534,-0.005627249263374877,7348.841146643875,7348.60057681812,-0.2405698257543918,-0.003273574988952606,2070.216530147837,2070.5118564622535,0.29532631441634294,0.014265479485629132,1512.4364541050136,1512.845309341033,0.4088552360194626,0.027032886896488043,-0.049137165151413566,-0.05045887194877556,-0.0013217067973619948,2.6898311965886217,0.2272759720228212,0.23485443371637427,0.007578461693553057,3.3344755391881415,-0.0005131542263022916,-0.0005014164914161016,1.1737734886190041e-05,-2.287369816822967,-0.00047837789954461685,-0.0006189665472658622,-0.00014058864772124532,29.38861679335022,0.0,0.0,0.0,nan
bootstrap,bootstrap_0216,,12,ok,0.11630824250946772,,7347.865114440015,7344.159474742728,-3.7056396972866423,-0.05043151499888483,7348.841146643875,7345.1541306821055,-3.687015961769248,-0.05017139285223307,2070.216530147837,2069.589816922289,-0.6267132255479737,-0.030272834576546406,1512.4364541050136,1510.9865672971193,-1.449886807894245,-0.09586431244492964,-0.049137165151413566,-0.04924278107415669,-0.00010561592274312137,0.21494101749189543,0.2272759720228212,0.22482555279339714,-0.0024504192294240723,-1.0781690680341787,-0.0005131542263022916,-0.0005954801245924567,-8.232589829016508e-05,16.0431102523295,-0.00047837789954461685,-0.0005278564801845163,-4.9478580639899486e-05,10.342990486600597,0.0,0.0,0.0,nan
bootstrap,bootstrap_0217,,9,ok,0.11105091382194812,,7347.865114440015,7351.646311838656,3.7811973986417797,0.05145980961478152,7348.841146643875,7352.6470557241755,3.8059090803008075,0.051789241383165825,2070.216530147837,2069.124576015577,-1.0919541322600708,-0.052745889927856615,1512.4364541050136,1510.5531147754457,-1.8833393295678889,-0.12452353449007268,-0.049137165151413566,-0.049692064812487655,-0.0005548996610740889,1.129287087206181,0.2272759720228212,0.23448137981008937,0.007205407787268164,3.170334163852858,-0.0005131542263022916,-0.0005694955587117091,-5.634133240941749e-05,10.979415061121925,-0.00047837789954461685,-0.0004949566752270307,-1.6578775682413865e-05,3.4656232443421255,0.0,0.0,0.0,nan
bootstrap,bootstrap_0218,,12,ok,0.11798603329977819,,7347.865114440015,7352.24329518146,4.378180741445249,0.05958439183704194,7348.841146643875,7353.2341448670395,4.3929982231647955,0.059778108350743486,2070.216530147837,2070.601335274646,0.3848051268087147,0.018587675308593697,1512.4364541050136,1508.7026041904032,-3.733849914610346,-0.2468764822797039,-0.049137165151413566,-0.048906212771653836,0.00023095237975973015,-0.4700156776404635,0.2272759720228212,0.22392131403132778,-0.003354657991493426,-1.4760284431460173,-0.0005131542263022916,-0.0006536930300468386,-0.000140538803744547,27.38724471924307,-0.00047837789954461685,-0.00039644286601519965,8.193503352941719e-05,-17.12767952018974,0.0,0.0,0.0,nan
bootstrap,bootstrap_0219,,11,ok,0.11998492008781474,,7347.865114440015,7352.620892991005,4.755778550990726,0.06472326964256157,7348.841146643875,7353.437405293183,4.596258649307856,0.06254399241446267,2070.216530147837,2072.4002013286763,2.1836711808391556,0.10548032773572803,1512.4364541050136,1511.5795918127515,-0.8568622922621216,-0.056654432649811466,-0.049137165151413566,-0.050301024512538296,-0.0011638593611247305,2.368592810631952,0.2272759720228212,0.23112739261985007,0.003851420597028865,1.6946008690448529,-0.0005131542263022916,-0.0005787764796807729,-6.562225337848127e-05,12.788017717664507,-0.00047837789954461685,-0.0003132013031045833,0.00016517659644003354,-34.528475625080176,0.0,0.0,0.0,nan
bootstrap,bootstrap_0220,,9,ok,0.12064391561387032,,7347.865114440015,7343.421118511992,-4.443995928022559,-0.06048009671937533,7348.841146643875,7344.612947813474,-4.228198830400288,-0.05753558616968139,2070.216530147837,2064.4498659682454,-5.766664179591771,-0.27855367279769355,1512.4364541050136,1511.3808087888626,-1.055645316150958,-0.0697976641124825,-0.049137165151413566,-0.04961695688980888,-0.00047979173839531736,0.9764334937045404,0.2272759720228212,0.22542075776294448,-0.0018552142598767252,-0.816282620360079,-0.0005131542263022916,-0.0005843820514142895,-7.122782511199792e-05,13.88039335177153,-0.00047837789954461685,-0.0008470701130704896,-0.00036869221352587276,77.07133081959736,0.0,0.0,0.0,nan
bootstrap,bootstrap_0221,,11,ok,0.12042643952794378,,7347.865114440015,7343.045558302209,-4.819556137805193,-0.06559124402452364,7348.841146643875,7344.03303776452,-4.808108879355132,-0.065426762987671,2070.216530147837,2069.2809621528086,-0.9355679950285776,-0.04519179425940374,1512.4364541050136,1512.5524038351973,0.11594973018372912,0.007666419958935897,-0.049137165151413566,-0.04801916153689369,0.0011180036145198788,-2.2752708893050912,0.2272759720228212,0.21498934661549454,-0.012286625407326668,-5.406037997757609,-0.0005131542263022916,-0.0005696645998307136,-5.651037352842202e-05,11.012356642880418,-0.00047837789954461685,-0.00045623263189636536,2.2145267648251488e-05,-4.629241373678064,0.0,0.0,0.0,nan
bootstrap,bootstrap_0222,,11,ok,0.11867758092790953,,7347.865114440015,7346.411043527152,-1.4540709128623348,-0.019789025658688217,7348.841146643875,7347.522489932289,-1.3186567115853904,-0.017943736777976275,2070.216530147837,2069.532714055505,-0.6838160923321084,-0.03303113864535108,1512.4364541050136,1518.852692020716,6.416237915702368,0.42423190067176647,-0.049137165151413566,-0.047986530242497286,0.0011506349089162801,-2.3416794708662163,0.2272759720228212,0.21967919711142145,-0.007596774911399762,-3.3425332400016994,-0.0005131542263022916,-0.00032121479206244477,0.00019193943423984685,-37.40384944754955,-0.00047837789954461685,-0.0005070604600927133,-2.8682560548096473e-05,5.99579549460799,0.0,0.0,0.0,nan
bootstrap,bootstrap_0223,,11,ok,0.11702528307800565,,7347.865114440015,7343.326596305426,-4.53851813458823,-0.06176648678089015,7348.841146643875,7344.108856203453,-4.732290440421821,-0.06439505693469778,2070.216530147837,2069.6685522809976,-0.5479778668395738,-0.02646959189338721,1512.4364541050136,1514.959740107138,2.5232860021244505,0.1668358359966673,-0.049137165151413566,-0.049079538741262814,5.762641015075176e-05,-0.11727662752456117,0.2272759720228212,0.23180117596230104,0.004525203939479833,1.9910613071871268,-0.0005131542263022916,-0.0004846733690221398,2.8480857280151813e-05,-5.550155454312513,-0.00047837789954461685,-0.00043761413863978,4.0763760904836835e-05,-8.5212466846067,0.0,0.0,0.0,nan
bootstrap,bootstrap_0224,,14,ok,0.11749659290889387,,7347.865114440015,7345.41077001092,-2.4543444290948173,-0.03340214321941679,7348.841146643875,7346.476336276907,-2.364810366967504,-0.0321793643348446,2070.216530147837,2070.8480981353173,0.631567987480139,0.030507339608337385,1512.4364541050136,1516.074547569499,3.638093464485337,0.24054521131191484,-0.049137165151413566,-0.049275086018456385,-0.0001379208670428192,0.2806854376271471,0.2272759720228212,0.22704730241054433,-0.00022866961227688276,-0.10061319295729229,-0.0005131542263022916,-0.00040472602487957155,0.00010842820142272007,-21.129749277139656,-0.00047837789954461685,-0.00045990386014238115,1.8474039402235692e-05,-3.861808712279919,0.0,0.0,0.0,nan
bootstrap,bootstrap_0225,,11,ok,0.12332998711636646,,7347.865114440015,7349.543146123487,1.6780316834719997,0.022836996288545554,7348.841146643875,7350.989772368378,2.1486257245032903,0.029237612864778568,2070.216530147837,2067.554527333299,-2.6620028145380275,-0.1285857192120831,1512.4364541050136,1517.9804059508012,5.54395184578766,0.3665576712820177,-0.049137165151413566,-0.04897056634553031,0.00016659880588325293,-0.33904846844519326,0.2272759720228212,0.22453398392746513,-0.002741988095356085,-1.206457537482562,-0.0005131542263022916,-0.00030268574219370154,0.00021046848410859008,-41.014664465533635,-0.00047837789954461685,-0.0006961357281965494,-0.0002177578286519325,45.52004364315808,0.0,0.0,0.0,nan
bootstrap,bootstrap_0226,,12,ok,0.12406947929994862,,7347.865114440015,7347.810681933162,-0.05443250685220846,-0.0007407934958582428,7348.841146643875,7348.512826361348,-0.3283202825268745,-0.0044676470204668165,2070.216530147837,2072.054009633698,1.8374794858609675,0.0887578405013388,1512.4364541050136,1514.956763512716,2.5203094077023707,0.16663902809680473,-0.049137165151413566,-0.048640825596266986,0.0004963395551465799,-1.010110277255792,0.2272759720228212,0.21843431552817072,-0.00884165649465049,-3.890273316601494,-0.0005131542263022916,-0.00044472314905736243,6.843107724492919e-05,-13.335382178966492,-0.00047837789954461685,-0.00043328277647169944,4.5095123072917405e-05,-9.426673580833247,0.0,0.0,0.0,nan
bootstrap,bootstrap_0227,,10,ok,0.11140778445752302,,7347.865114440015,7353.97978111431,6.114666674295222,0.08321691510475182,7348.841146643875,7355.4174905658065,6.576343921931766,0.08948817630838436,2070.216530147837,2070.720060454143,0.5035303063059473,0.024322591331544893,1512.4364541050136,1509.2829981941823,-3.153455910831326,-0.20850171273459472,-0.049137165151413566,-0.051344142821180015,-0.0022069776697664495,4.49146315821388,0.2272759720228212,0.25034044607125,0.02306447404842879,10.148223696129586,-0.0005131542263022916,-0.0005802649316948988,-6.711070539260717e-05,13.07807710679815,-0.00047837789954461685,-0.0005356910692468624,-5.7313169702245554e-05,11.98073108243583,0.0,0.0,0.0,nan
bootstrap,bootstrap_0228,,11,ok,0.12155389413982044,,7347.865114440015,7352.631717839413,4.766603399398264,0.06487058928219765,7348.841146643875,7353.899163205736,5.058016561861223,0.0688274036807988,2070.216530147837,2070.431275409121,0.21474526128395155,0.010373082146562528,1512.4364541050136,1517.1176788006528,4.68122469563923,0.3095154631411838,-0.049137165151413566,-0.049402576201286505,-0.00026541104987293923,0.5401431870460763,0.2272759720228212,0.22797651574380828,0.0007005437209870735,0.30823483659624634,-0.0005131542263022916,-0.0003092721007982576,0.00020388212550403404,-39.73115976714767,-0.00047837789954461685,-0.0005556191100200825,-7.724121047546564e-05,16.146483888363992,0.0,0.0,0.0,nan
bootstrap,bootstrap_0229,,10,ok,0.11388460360318763,,7347.865114440015,7341.962948272063,-5.902166167951691,-0.08032491174004762,7348.841146643875,7342.798926934922,-6.042219708952871,-0.08222003426638605,2070.216530147837,2067.0695280725886,-3.1470020752485652,-0.15201318458334565,1512.4364541050136,1510.8002618851817,-1.6361922198318553,-0.10818254316675237,-0.049137165151413566,-0.04910178913828382,3.537601312974398e-05,-0.07199441201122342,0.2272759720228212,0.2239565902246805,-0.0033193817981407026,-1.4605071396669231,-0.0005131542263022916,-0.0005724057458689576,-5.925151956666602e-05,11.546532510045395,-0.00047837789954461685,-0.0006175465278962589,-0.00013916862835164205,29.09177628902194,0.0,0.0,0.0,nan
bootstrap,bootstrap_0230,,9,ok,0.11046590256374879,,7347.865114440015,7346.953299020878,-0.9118154191364738,-0.012409256361341955,7348.841146643875,7347.808923476027,-1.0322231678474054,-0.014046067226787301,2070.216530147837,2070.740932126005,0.5244019781680436,0.02533077919779702,1512.4364541050136,1502.7002654260468,-9.736188678966755,-0.6437420000384848,-0.049137165151413566,-0.05012665782678315,-0.0009894926753695812,2.0137357788560086,0.2272759720228212,0.2206499165347902,-0.006626055488030996,-2.915422791532781,-0.0005131542263022916,-0.0008558031075617776,-0.00034264888125948593,66.77307984551929,-0.00047837789954461685,-0.00025940142550161976,0.0002189764740429971,-45.77478897989388,0.0,0.0,0.0,nan
bootstrap,bootstrap_0231,,11,ok,0.11482502060420927,,7347.865114440015,7337.441686378879,-10.423428061135382,-0.14185655151251042,7348.841146643875,7338.3978937233705,-10.443252920504165,-0.14210747942583396,2070.216530147837,2067.8390219083294,-2.3775082395077334,-0.11484345742993135,1512.4364541050136,1503.202582013157,-9.233872091856483,-0.6105295906346452,-0.049137165151413566,-0.0498295653676601,-0.0006924002162465373,1.4091171399752973,0.2272759720228212,0.22945988154456276,0.0021839095217415505,0.9609064708002921,-0.0005131542263022916,-0.0007496534371668167,-0.0002364992108645251,46.08735517364849,-0.00047837789954461685,-0.000531854612044445,-5.347671249982813e-05,11.17875900009894,0.0,0.0,0.0,nan
bootstrap,bootstrap_0232,,10,ok,0.11302655277066477,,7347.865114440015,7350.739380400761,2.8742659607460155,0.039117021284148394,7348.841146643875,7351.974102831903,3.132956188028402,0.042631975919892956,2070.216530147837,2066.256037581152,-3.960492566684934,-0.19130813173451522,1512.4364541050136,1516.4991470973926,4.06269299237897,0.268619086861608,-0.049137165151413566,-0.049680253952942684,-0.000543088801529118,1.1052505773493824,0.2272759720228212,0.23455774408076516,0.007281772057943947,3.2039339632492125,-0.0005131542263022916,-0.0002883270162948692,0.0002248272100074224,-43.812795156631914,-0.00047837789954461685,-0.0007505235378462067,-0.00027214563830158986,56.88925817029883,0.0,0.0,0.0,nan
bootstrap,bootstrap_0233,,9,ok,0.11592641781331661,,7347.865114440015,7353.680479471276,5.8153650312615355,0.0791436007696057,7348.841146643875,7354.6258770921795,5.784730448304799,0.07871622658419572,2070.216530147837,2069.4510170448243,-0.7655131030128359,-0.03697744133837872,1512.4364541050136,1508.0812299230363,-4.355224181977292,-0.28796080457836504,-0.049137165151413566,-0.05015939868288559,-0.0010222335314720235,2.0803673315749194,0.2272759720228212,0.22717104488822515,-0.00010492713459606118,-0.046167280096606624,-0.0005131542263022916,-0.0006795445463641915,-0.00016639032006189993,32.42501211787386,-0.00047837789954461685,-0.0004926183166766751,-1.4240417132058278e-05,2.9768133405857973,0.0,0.0,0.0,nan
bootstrap,bootstrap_0234,,11,ok,0.10823624124156116,,7347.865114440015,7351.36922539672,3.5041109567055173,0.04768883073015648,7348.841146643875,7352.418582996586,3.5774363527116293,0.04868027871775947,2070.216530147837,2070.866316441659,0.6497862938217622,0.031387358972317744,1512.4364541050136,1512.3562317416909,-0.08022236332271859,-0.0053041807545025285,-0.049137165151413566,-0.05044117507602519,-0.0013040099246116252,2.65381594683655,0.2272759720228212,0.23448167527698602,0.007205703254164808,3.170464167431333,-0.0005131542263022916,-0.00043743782752608183,7.571639877620979e-05,-14.755096011156374,-0.00047837789954461685,-0.000589312332982457,-0.00011093443343784012,23.189707037771218,0.0,0.0,0.0,nan
bootstrap,bootstrap_0235,,11,ok,0.11939433676185958,,7347.865114440015,7357.296399798183,9.43128535816868,0.12835408940257123,7348.841146643875,7358.579088378838,9.737941734962988,0.13250989565082905,2070.216530147837,2071.3063172709103,1.0897871230731653,0.05264121444317431,1512.4364541050136,1513.559165421202,1.1227113161883153,0.07423196611937533,-0.049137165151413566,-0.048726968002008084,0.0004101971494054821,-0.8348001927695285,0.2272759720228212,0.2276073900325693,0.0003314180097480912,0.14582184240523802,-0.0005131542263022916,-0.00035464999072522155,0.00015850423557707007,-30.88822569371134,-0.00047837789954461685,-0.0005042915655209848,-2.5913665976367932e-05,5.4169864454515935,0.0,0.0,0.0,nan
bootstrap,bootstrap_0236,,13,ok,0.1185784028486787,,7347.865114440015,7351.720136951939,3.8550225119242896,0.05246452475493058,7348.841146643875,7352.678737033966,3.8375903900914636,0.05222034758288446,2070.216530147837,2069.1478711484992,-1.068658999337913,-0.051620638893343125,1512.4364541050136,1516.1211164884512,3.684662383437626,0.24362427746546417,-0.049137165151413566,-0.04995455003012961,-0.0008173848787160418,1.6634758562023544,0.2272759720228212,0.23832097801123833,0.011045005988417123,4.859733252975846,-0.0005131542263022916,-0.0002983319264713847,0.00021482229983090694,-41.86310641517708,-0.00047837789954461685,-0.0005338631634909198,-5.548526394630294e-05,11.598626106916964,0.0,0.0,0.0,nan
bootstrap,bootstrap_0237,,12,ok,0.11317660450992424,,7347.865114440015,7342.251596195164,-5.613518244850638,-0.07639658808949772,7348.841146643875,7343.537004329057,-5.304142314817909,-0.07217658143611182,2070.216530147837,2063.253417469126,-6.963112678711241,-0.3363470717825828,1512.4364541050136,1511.5715252028408,-0.8649289021727782,-0.05718778463883305,-0.049137165151413566,-0.050167479089359146,-0.0010303139379455803,2.096811923868059,0.2272759720228212,0.22966935606115968,0.0023933840383384697,1.0530739422371256,-0.0005131542263022916,-0.0005625041973392446,-4.934997103695296e-05,9.616986182216808,-0.00047837789954461685,-0.0008962403747643576,-0.0004178624752197408,87.34987038856046,0.0,0.0,0.0,nan
bootstrap,bootstrap_0238,,11,ok,0.11523410776790706,,7347.865114440015,7355.531767898588,7.666653458573819,0.10433851655098189,7348.841146643875,7356.997504109804,8.156357465929432,0.11098834909030983,2070.216530147837,2071.0069651481326,0.7904350002954743,0.038181271803439235,1512.4364541050136,1509.910773605543,-2.5256804994705817,-0.16699415652244093,-0.049137165151413566,-0.05032214941351586,-0.0011849842621022913,2.411584507268226,0.2272759720228212,0.23216267364489715,0.00488670162207594,2.150118016692612,-0.0005131542263022916,-0.0005460986334811278,-3.294440717883614e-05,6.419981652733982,-0.00047837789954461685,-0.0005244603073284918,-4.608240778387494e-05,9.63305533715965,0.0,0.0,0.0,nan
bootstrap,bootstrap_0239,,10,ok,0.12491023969963587,,7347.865114440015,7343.132385896231,-4.732728543783196,-0.06440957298579753,7348.841146643875,7343.89126814722,-4.949878496654492,-0.0673559054806218,2070.216530147837,2062.899281602338,-7.317248545499297,-0.3534532952925828,1512.4364541050136,1512.8090571540906,0.37260304907704267,0.024635947385804786,-0.049137165151413566,-0.04809868719652646,0.0010384779548871029,-2.1134266734498994,0.2272759720228212,0.2138989085662005,-0.013377063456620708,-5.885823889591589,-0.0005131542263022916,-0.0005924302550822107,-7.927602877991907e-05,15.44877245797421,-0.00047837789954461685,-0.0007518587428504172,-0.0002734808433058004,57.16836910027314,0.0,0.0,0.0,nan
bootstrap,bootstrap_0240,,13,ok,0.12191374130788253,,7347.865114440015,7349.0545993598,1.1894849197851727,0.01618817032239199,7348.841146643875,7349.995061222483,1.1539145786082372,0.01570199376448919,2070.216530147837,2069.866621400053,-0.34990874778395664,-0.016902036221253105,1512.4364541050136,1513.5147176145301,1.078263509516546,0.07129314468650585,-0.049137165151413566,-0.04809757784866142,0.0010395873027521443,-2.1156843288551777,0.2272759720228212,0.222682884540216,-0.0045930874826052015,-2.0209296397350798,-0.0005131542263022916,-0.000497055356978923,1.6098869323368588e-05,-3.1372379877633474,-0.00047837789954461685,-0.0004559889685816272,2.238893096298967e-05,-4.6801766938444285,0.0,0.0,0.0,nan
bootstrap,bootstrap_0241,,12,ok,0.11278553960502959,,7347.865114440015,7353.060869543913,5.195755103898591,0.07071108441672262,7348.841146643875,7354.419775130297,5.578628486422531,0.07591167607385584,2070.216530147837,2070.752918379433,0.5363882315959927,0.02590976469295646,1512.4364541050136,1507.4333098524278,-5.003144252585798,-0.33080029504753083,-0.049137165151413566,-0.05061905471526701,-0.0014818895638534432,3.01582225854316,0.2272759720228212,0.23800044943407114,0.010724477411249933,4.71870269250155,-0.0005131542263022916,-0.0006317128884471516,-0.00011855866214485994,23.103904453671746,-0.00047837789954461685,-0.000487567367502911,-9.189467958294181e-06,1.9209641513627465,0.0,0.0,0.0,nan
bootstrap,bootstrap_0242,,12,ok,0.11875064274320715,,7347.865114440015,7347.2639371372525,-0.601177302762153,-0.008181659480666298,7348.841146643875,7348.2302264543005,-0.6109201895742444,-0.008313150024385058,2070.216530147837,2069.4627869916812,-0.753743156155906,-0.03640890434306793,1512.4364541050136,1508.0496338513826,-4.386820253630958,-0.2900498888217334,-0.049137165151413566,-0.04936720726596243,-0.0002300421145488632,0.46816317921475653,0.2272759720228212,0.2311276322623667,0.0038516602395455013,1.6947063102467994,-0.0005131542263022916,-0.0006842912240712224,-0.00017113699776893075,33.35001233491088,-0.00047837789954461685,-0.0004283286046856661,5.004929485895077e-05,-10.462292448416678,0.0,0.0,0.0,nan
bootstrap,bootstrap_0243,,13,ok,0.12672430016571767,,7347.865114440015,7353.3376632384925,5.472548798477874,0.07447807918688149,7348.841146643875,7354.559083647693,5.717937003818406,0.07780732893416423,2070.216530147837,2070.9813444928504,0.764814345013292,0.036943688443965596,1512.4364541050136,1513.696586948554,1.2601328435405321,0.08331806867788158,-0.049137165151413566,-0.04844744095333897,0.0006897241980745941,-1.4036711233732055,0.2272759720228212,0.21600219540420018,-0.011273776618621029,-4.96039089318646,-0.0005131542263022916,-0.00042417693240478425,8.897729389750736e-05,-17.339288918784458,-0.00047837789954461685,-0.0005477039486835423,-6.932604913892544e-05,14.491900483889223,0.0,0.0,0.0,nan
bootstrap,bootstrap_0244,,11,ok,0.11867723005421336,,7347.865114440015,7353.068520687395,5.2034062473803715,0.07081521185187034,7348.841146643875,7354.3493874390515,5.508240795176789,0.07495386939602491,2070.216530147837,2069.1170403534056,-1.0994897944315198,-0.053109893502444584,1512.4364541050136,1508.0369601565162,-4.399493948497366,-0.29088785426695973,-0.049137165151413566,-0.0496361379619468,-0.0004989728105332311,1.01546926648225,0.2272759720228212,0.24452278646030462,0.01724681443748341,7.588490012376506,-0.0005131542263022916,-0.0006384368961224775,-0.00012528266982018586,24.414233265299792,-0.00047837789954461685,-0.00046342282454816625,1.49550749964506e-05,-3.126205247083281,0.0,0.0,0.0,nan
bootstrap,bootstrap_0245,,12,ok,0.11437936968480335,,7347.865114440015,7356.46559822799,8.600483787975463,0.11704738252575982,7348.841146643875,7357.37056280135,8.52941615747568,0.11606477793265349,2070.216530147837,2072.519338453066,2.302808305229064,0.11123514239665631,1512.4364541050136,1510.8282645984682,-1.6081895065453864,-0.10633104631804415,-0.049137165151413566,-0.04961335437196149,-0.00047618922054792207,0.9691019396022751,0.2272759720228212,0.23257212790414447,0.005296155881323261,2.3302753186735745,-0.0005131542263022916,-0.00048081499144484336,3.233923485744826e-05,-6.302049793193692,-0.00047837789954461685,-0.0003877491616233038,9.062873792131307e-05,-18.945009375973566,0.0,0.0,0.0,nan
bootstrap,bootstrap_0246,,10,ok,0.11605800445206212,,7347.865114440015,7344.940933261694,-2.9241811783203957,-0.03979633720512641,7348.841146643875,7345.581659708663,-3.2594869352114983,-0.044353754152109626,2070.216530147837,2069.110247266674,-1.1062828811632244,-0.0534380276194695,1512.4364541050136,1511.5770194695974,-0.8594346354161644,-0.0568245120701442,-0.049137165151413566,-0.04957384324525899,-0.00043667809384542733,0.8886920775747379,0.2272759720228212,0.2369966286770666,0.009720656654245402,4.2770278651670806,-0.0005131542263022916,-0.0006299253886712575,-0.00011677116236896593,22.755568673846945,-0.00047837789954461685,-0.00040774401827110265,7.063388127351419e-05,-14.765289395842249,0.0,0.0,0.0,nan
bootstrap,bootstrap_0247,,10,ok,0.1141845394481117,,7347.865114440015,7344.940946459922,-2.924167980092534,-0.03979615758522789,7348.841146643875,7345.596885382872,-3.2442612610029755,-0.04414656945584665,2070.216530147837,2070.824236103574,0.6077059557369466,0.029354705021776128,1512.4364541050136,1511.622021581138,-0.8144325238756664,-0.053849040841693285,-0.049137165151413566,-0.05002187651864067,-0.0008847113672271062,1.8004933017623526,0.2272759720228212,0.23497842100815405,0.007702448985332844,3.3890291687145115,-0.0005131542263022916,-0.000520655664266556,-7.501437964264391e-06,1.461829130458219,-0.00047837789954461685,-0.0004526052867108529,2.5772612833763957e-05,-5.387500730760707,0.0,0.0,0.0,nan
bootstrap,bootstrap_0248,,13,ok,0.11357526112359274,,7347.865114440015,7338.850774783979,-9.01433965603519,-0.12267971057770538,7348.841146643875,7339.927360191061,-8.913786452813838,-0.12129513041501318,2070.216530147837,2067.1948967630105,-3.0216333848266004,-0.14595735957198744,1512.4364541050136,1504.542486706622,-7.893967398391624,-0.5219371284635486,-0.049137165151413566,-0.050573332961610824,-0.0014361678101972586,2.9227730288708837,0.2272759720228212,0.2317398265174916,0.004463854494670377,1.9640679368526266,-0.0005131542263022916,-0.0007376818210108815,-0.00022452759470858986,43.75440816818372,-0.00047837789954461685,-0.0006490513498239077,-0.00017067345027929083,35.677536617339626,0.0,0.0,0.0,nan
bootstrap,bootstrap_0249,,11,ok,0.11568955524793005,,7347.865114440015,7338.902970342254,-8.962144097760756,-0.12196936059901757,7348.841146643875,7339.935366441625,-8.905780202249844,-0.12118618465874724,2070.216530147837,2064.071214329214,-6.145315818623203,-0.29684410925770927,1512.4364541050136,1508.7230832565951,-3.7133708484184353,-0.24552243754372,-0.049137165151413566,-0.04976117287099137,-0.0006240077195778029,1.2699302404909936,0.2272759720228212,0.22591743536824885,-0.001358536654572362,-0.597747594028967,-0.0005131542263022916,-0.0006902245765090394,-0.0001770703502067478,34.5062636398201,-0.00047837789954461685,-0.0007346153342477927,-0.0002562374347031759,53.563811151622275,0.0,0.0,0.0,nan
bootstrap,bootstrap_0250,,11,ok,0.10672800702524647,,7347.865114440015,7347.853771904531,-0.01134253548389097,-0.00015436504763268767,7348.841146643875,7348.629958775997,-0.21118786787792487,-0.0028737574219354542,2070.216530147837,2072.373527824586,2.156997676748688,0.10419188743482082,1512.4364541050136,1513.0551315785765,0.6186774735629115,0.04090601439047003,-0.049137165151413566,-0.050682709144105074,-0.0015455439926915088,3.145366624079751,0.2272759720228212,0.24159200539869302,0.014316033375871812,6.298964755691074,-0.0005131542263022916,-0.0004963715027415645,1.6782723560727084e-05,-3.2705028431044485,-0.00047837789954461685,-0.00028871749731520277,0.00018966040222941408,-39.646564444126255,0.0,0.0,0.0,nan
bootstrap,bootstrap_0251,,11,ok,0.11434066111394305,,7347.865114440015,7344.959990052543,-2.905124387471915,-0.03953698580779291,7348.841146643875,7346.472807659094,-2.368338984781076,-0.032227380311012264,2070.216530147837,2068.480175474133,-1.736354673704227,-0.08387309483903269,1512.4364541050136,1508.603834931875,-3.8326191731384824,-0.2534069555607505,-0.049137165151413566,-0.050188529680848415,-0.0010513645294348492,2.1396523918201735,0.2272759720228212,0.23299199579771063,0.005716023774889417,2.515014554339013,-0.0005131542263022916,-0.0005932656765066637,-8.011145020437205e-05,15.611573694256114,-0.00047837789954461685,-0.0006784979892525586,-0.00020012008970794173,41.83305497566723,0.0,0.0,0.0,nan
bootstrap,bootstrap_0252,,11,ok,0.11476827026947733,,7347.865114440015,7337.390526482657,-10.474587957357471,-0.14255280675706505,7348.841146643875,7338.461383537862,-10.379763106012433,-0.141243536210505,2070.216530147837,2065.416772451847,-4.799757695990138,-0.23184810023941702,1512.4364541050136,1518.43467956334,5.998225458326488,0.39659355221479015,-0.049137165151413566,-0.04865368658433035,0.0004834785670832162,-0.9839366304372722,0.2272759720228212,0.2258929852435487,-0.0013829867792725103,-0.608505495307547,-0.0005131542263022916,-0.00038203131275324904,0.00013112291354904258,-25.552340179266103,-0.00047837789954461685,-0.0006402012665610303,-0.00016182336701641342,33.82751736032501,0.0,0.0,0.0,nan
bootstrap,bootstrap_0253,,12,ok,0.11228765463789905,,7347.865114440015,7351.222827681736,3.357713241721285,0.04569644637491659,7348.841146643875,7352.425711664184,3.584565020309128,0.04877728268689213,2070.216530147837,2070.5760684790553,0.3595383312181184,0.01736718483222831,1512.4364541050136,1506.6609303283635,-5.775523776650061,-0.38186885544673915,-0.049137165151413566,-0.04988131515725105,-0.0007441500058374823,1.5144341427602173,0.2272759720228212,0.23162355728943723,0.004347585266616022,1.9129102068825263,-0.0005131542263022916,-0.000669267607440737,-0.0001561133811384454,30.42231226728342,-0.00047837789954461685,-0.0005054326302712846,-2.705473072666775e-05,5.6555143438737465,0.0,0.0,0.0,nan
bootstrap,bootstrap_0254,,12,ok,0.12419943785843789,,7347.865114440015,7351.568009831766,3.7028953917515537,0.05039416666038995,7348.841146643875,7352.316129348976,3.474982705100956,0.047286131728237694,2070.216530147837,2071.0319773824435,0.8154472346063812,0.03938946591969049,1512.4364541050136,1514.1280288584876,1.6915747534740149,0.11184435213015324,-0.049137165151413566,-0.04859314615639508,0.0005440189950184846,-1.1071436322020591,0.2272759720228212,0.2212280053647728,-0.006047966658048409,-2.6610673377479257,-0.0005131542263022916,-0.00041561800548430407,9.753622081798755e-05,-19.007194293383915,-0.00047837789954461685,-0.00046607476486836875,1.2303134676248093e-05,-2.571844286276569,0.0,0.0,0.0,nan
bootstrap,bootstrap_0255,,11,ok,0.11844651874195078,,7347.865114440015,7347.643981746115,-0.22113269389956258,-0.0030094822163378165,7348.841146643875,7348.763197596588,-0.07794904728689289,-0.001060698492884028,2070.216530147837,2069.323368490795,-0.8931616570421284,-0.04314339316855645,1512.4364541050136,1514.530539336774,2.0940852317603458,0.13845773328701758,-0.049137165151413566,-0.049080314861881864,5.685028953170135e-05,-0.1156971293653596,0.2272759720228212,0.2214367636812845,-0.0058392083415367,-2.5692149898495975,-0.0005131542263022916,-0.0004276818520464143,8.547237425587733e-05,-16.65627405464002,-0.00047837789954461685,-0.0005850462533024703,-0.0001066683537578535,22.297926777009245,0.0,0.0,0.0,nan
bootstrap,bootstrap_0256,,9,ok,0.10930729527372744,,7347.865114440015,7357.872507303206,10.007392863190944,0.13619456409895753,7348.841146643875,7359.161638489364,10.320491845489414,0.140436997338045,2070.216530147837,2068.024969303863,-2.1915608439740026,-0.10586143101743566,1512.4364541050136,1508.3340720499518,-4.102382055061753,-0.2712432673734609,-0.049137165151413566,-0.05003376808524713,-0.0008966029338335624,1.8246940601288821,0.2272759720228212,0.21541226420713966,-0.011863707815681551,-5.219956914094858,-0.0005131542263022916,-0.000659151399442869,-0.00014599717314057743,28.450934564567465,-0.00047837789954461685,-0.0005959542314933075,-0.00011757633194869064,24.57812789023391,0.0,0.0,0.0,nan
bootstrap,bootstrap_0257,,10,ok,0.1232626578118527,,7347.865114440015,7355.1223774137125,7.257262973697834,0.0987669596633704,7348.841146643875,7356.378738788965,7.537592145090457,0.10256844575464504,2070.216530147837,2072.647180534239,2.430650386401794,0.1174104423863439,1512.4364541050136,1521.5767554108015,9.140301305787943,0.6043428324528669,-0.049137165151413566,-0.048139624262112296,0.0009975408893012697,-2.0301148554813864,0.2272759720228212,0.2123659859179468,-0.014909986104874401,-6.560300225391736,-0.0005131542263022916,-9.506612370573436e-05,0.0004180881025965573,-81.47416140547729,-0.00047837789954461685,-0.00037743712875620594,0.0001009407707884109,-21.100634223382734,0.0,0.0,0.0,nan
bootstrap,bootstrap_0258,,12,ok,0.10905782524002135,,7347.865114440015,7337.1649780778835,-10.700136362131161,-0.1456223841276464,7348.841146643875,7337.816911062443,-11.02423558143164,-0.1500132519052514,2070.216530147837,2070.8467204716585,0.6301903238213526,0.0304407927694573,1512.4364541050136,1511.6413686637788,-0.7950854412347326,-0.052569841137902584,-0.049137165151413566,-0.049192712442700036,-5.554729128647018e-05,0.11304537230689672,0.2272759720228212,0.22512333104268525,-0.002152640980135956,-0.9471485089148821,-0.0005131542263022916,-0.000587395831683983,-7.424160538169135e-05,14.467698320768912,-0.00047837789954461685,-0.00034746782077819027,0.00013091007876642657,-27.365411088397696,0.0,0.0,0.0,nan
bootstrap,bootstrap_0259,,13,ok,0.12354874416642798,,7347.865114440015,7347.551105403437,-0.31400903657777235,-0.004273473065811758,7348.841146643875,7348.719709354481,-0.12143728939372522,-0.0016524685589262484,2070.216530147837,2068.480899591742,-1.7356305560952023,-0.08383811697084935,1512.4364541050136,1510.2666749945254,-2.169779110488207,-0.14346249752173404,-0.049137165151413566,-0.049594929884553454,-0.00045776473313988847,0.9316059071159493,0.2272759720228212,0.22920467287994628,0.0019287008571250708,0.8486162615251762,-0.0005131542263022916,-0.0006014842314252324,-8.833000512294077e-05,17.213149691747226,-0.00047837789954461685,-0.0006252864459896668,-0.00014690854644504997,30.709726888490646,0.0,0.0,0.0,nan
bootstrap,bootstrap_0260,,11,ok,0.12075320133079223,,7347.865114440015,7354.971285144102,7.1061707040871624,0.09671068525907103,7348.841146643875,7356.328242057724,7.487095413849602,0.10188130705844507,2070.216530147837,2069.2748675696703,-0.9416625781668699,-0.04548618777088136,1512.4364541050136,1512.2488990167114,-0.1875550883021333,-0.012400857423997975,-0.049137165151413566,-0.05042310557030436,-0.0012859404188907964,2.6170423444825097,0.2272759720228212,0.2403820690067635,0.0131060969839423,5.766600343755781,-0.0005131542263022916,-0.0004718031956746381,4.1351030627653535e-05,-8.058207164271554,-0.00047837789954461685,-0.0006027729964403001,-0.00012439509689568323,26.003520859575428,0.0,0.0,0.0,nan
bootstrap,bootstrap_0261,,11,ok,0.11764140127456787,,7347.865114440015,7352.23790695071,4.372792510695035,0.059511061275493875,7348.841146643875,7353.378708281717,4.537561637842373,0.06174526768638374,2070.216530147837,2070.6753362615814,0.45880611374423097,0.022162228301378067,1512.4364541050136,1513.5362088553218,1.0997547503081933,0.07271411286889237,-0.049137165151413566,-0.05005022724937393,-0.0009130620979603613,1.8581904250007277,0.2272759720228212,0.24307374018023048,0.01579776815740927,6.95091875168528,-0.0005131542263022916,-0.0003955849206277964,0.0001175693056744952,-22.91110540425265,-0.00047837789954461685,-0.0004885631628400505,-1.0185263295433645e-05,2.1291249669203616,0.0,0.0,0.0,nan
bootstrap,bootstrap_0262,,13,ok,0.1234173848954802,,7347.865114440015,7345.343775415055,-2.5213390249600707,-0.03431389914881723,7348.841146643875,7346.346854025271,-2.4942926186040495,-0.03394130542259935,2070.216530147837,2068.4748542431876,-1.7416759046495827,-0.08413013224878496,1512.4364541050136,1516.9006188220226,4.464164717008998,0.2951637872052399,-0.049137165151413566,-0.048521465411805464,0.0006156997396081013,-1.2530225089519413,0.2272759720228212,0.22663611630822747,-0.00063985571459374,-0.2815324950098512,-0.0005131542263022916,-0.00037451764643112146,0.00013863657987117016,-27.016552288804768,-0.00047837789954461685,-0.0005128282689331017,-3.445036938848486e-05,7.201496854532632,0.0,0.0,0.0,nan
bootstrap,bootstrap_0263,,13,ok,0.11758120566881501,,7347.865114440015,7341.826997912215,-6.038116527799502,-0.08217511391075218,7348.841146643875,7342.4306742736735,-6.410472370201205,-0.08723106463022118,2070.216530147837,2067.982438564248,-2.234091583589361,-0.1079158412202332,1512.4364541050136,1511.060236688134,-1.3762174168796264,-0.09099340426133837,-0.049137165151413566,-0.048938161097829024,0.0001990040535845422,-0.4049970179828685,0.2272759720228212,0.22680670888391388,-0.0004692631389073276,-0.2064728333271447,-0.0005131542263022916,-0.0005909100156940677,-7.775578939177611e-05,15.152518561928654,-0.00047837789954461685,-0.0005137009580537915,-3.532305850917469e-05,7.3839235764862545,0.0,0.0,0.0,nan
bootstrap,bootstrap_0264,,10,ok,0.11580260756493355,,7347.865114440015,7336.124791033223,-11.740323406791504,-0.15977870066938812,7348.841146643875,7337.308722143696,-11.532424500178422,-0.15692847715785962,2070.216530147837,2065.251213008957,-4.965317138879982,-0.23984530441969765,1512.4364541050136,1510.4289171905025,-2.0075369145110926,-0.1327352900720087,-0.049137165151413566,-0.04929741271191039,-0.00016024756049682481,0.32612292549444083,0.2272759720228212,0.23402907214777272,0.0067531001249515055,2.971321633715602,-0.0005131542263022916,-0.0005870601256712154,-7.390589936892382e-05,14.402278219840081,-0.00047837789954461685,-0.0005911773605270319,-0.00011279946098241502,23.579571942974876,0.0,0.0,0.0,nan
bootstrap,bootstrap_0265,,11,ok,0.1175237197815099,,7347.865114440015,7349.134409250665,1.2692948106505355,0.01727433466567206,7348.841146643875,7350.321168350117,1.4800217062420415,0.020139525085774226,2070.216530147837,2071.308185832894,1.0916556850570487,0.05273147369657472,1512.4364541050136,1514.2188554902314,1.7824013852177814,0.1178496709980797,-0.049137165151413566,-0.047487621383631676,0.00164954376778189,-3.357018588066504,0.2272759720228212,0.2130927963985214,-0.014183175624299799,-6.240508179578104,-0.0005131542263022916,-0.0004215151224950753,9.163910380721632e-05,-17.858004301660582,-0.00047837789954461685,-0.0003852393743506319,9.313852519398497e-05,-19.46965469823052,0.0,0.0,0.0,nan
bootstrap,bootstrap_0266,,10,ok,0.11486057290162906,,7347.865114440015,7353.096233376044,5.231118936029816,0.07119236478293033,7348.841146643875,7354.035431277266,5.194284633391362,0.07068168340750607,2070.216530147837,2072.8653674039365,2.648837256099341,0.12794976841916067,1512.4364541050136,1512.9470852593786,0.5106311543650008,0.03376215595564758,-0.049137165151413566,-0.05035764195430981,-0.0012204768028962476,2.4838160669941236,0.2272759720228212,0.22689816703516258,-0.0003778049876586309,-0.16623182129463945,-0.0005131542263022916,-0.0005256964452118814,-1.2542218909589826e-05,2.444142183134119,-0.00047837789954461685,-0.00029418964409902025,0.0001841882554455966,-38.50266820873859,0.0,0.0,0.0,nan
bootstrap,bootstrap_0267,,12,ok,0.11563079188733748,,7347.865114440015,7347.465222114998,-0.39989232501648075,-0.005442292676693437,7348.841146643875,7348.4376128818085,-0.4035337620662176,-0.005491121035464299,2070.216530147837,2070.4802568472924,0.2637266994552192,0.012739087704820235,1512.4364541050136,1509.7923592481961,-2.6440948568174463,-0.1748235338840793,-0.049137165151413566,-0.04966913117547673,-0.000531966024063163,1.0826143967075388,0.2272759720228212,0.23146505731234818,0.004189085289526967,1.8431712126200182,-0.0005131542263022916,-0.0006247904263113698,-0.00011163620000907823,21.75490218866774,-0.00047837789954461685,-0.00039651969518831394,8.18582043563029e-05,-17.11161916849134,0.0,0.0,0.0,nan
bootstrap,bootstrap_0268,,12,ok,0.11591264986340902,,7347.865114440015,7351.078246325489,3.2131318854744677,0.0437287815635051,7348.841146643875,7352.474663706105,3.633517062230567,0.04944340188779219,2070.216530147837,2070.737247641246,0.520717493408938,0.025152803381960864,1512.4364541050136,1511.547072938082,-0.889381166931571,-0.058804531226263224,-0.049137165151413566,-0.05075743193155864,-0.0016202667801450757,3.297436421397754,0.2272759720228212,0.2385016945137319,0.011225722490910695,4.939247378857761,-0.0005131542263022916,-0.000519433408678656,-6.2791823763644295e-06,1.223644287529546,-0.00047837789954461685,-0.0005533239160313968,-7.494601648677993e-05,15.666697094101428,0.0,0.0,0.0,nan
bootstrap,bootstrap_0269,,10,ok,0.11212498402680218,,7347.865114440015,7351.835117375933,3.9700029359182736,0.054029338781905904,7348.841146643875,7352.842175130615,4.001028486740324,0.05444434580774065,2070.216530147837,2071.321320250955,1.1047901031179208,0.053365920280765325,1512.4364541050136,1516.315240041798,3.878785936784425,0.2564594318165719,-0.049137165151413566,-0.05018170051363551,-0.001044535362221946,2.125754220869816,0.2272759720228212,0.24352637421966997,0.016250402196848757,7.150074885706362,-0.0005131542263022916,-0.00033721928856813996,0.00017593493773415165,-34.28500219162396,-0.00047837789954461685,-0.0003568213103718165,0.00012155658917280032,-25.410159894199527,0.0,0.0,0.0,nan
bootstrap,bootstrap_0270,,13,ok,0.12589790649643345,,7347.865114440015,7350.461144655417,2.5960302154026067,0.035330401075285005,7348.841146643875,7351.642109431213,2.800962787337994,0.038114346622081484,2070.216530147837,2070.6406169493703,0.4240868015331216,0.020485142271704157,1512.4364541050136,1514.6605905123508,2.224136407337255,0.14705651938635603,-0.049137165151413566,-0.0481563120374197,0.0009808531139938667,-1.9961532395518136,0.2272759720228212,0.2169843013959349,-0.010291670626886323,-4.528270426164063,-0.0005131542263022916,-0.0004289352614710301,8.421896483126154e-05,-16.412018164233025,-0.00047837789954461685,-0.00046575229288911975,1.26256066554971e-05,-2.6392537505423674,0.0,0.0,0.0,nan
bootstrap,bootstrap_0271,,12,ok,0.11220362026860997,,7347.865114440015,7357.804468491302,9.93935405128741,0.135268597020849,7348.841146643875,7359.069929653737,10.228783009862127,0.1391890613193277,2070.216530147837,2070.9413854587233,0.7248553108861415,0.03501350222695684,1512.4364541050136,1511.618308492729,-0.8181456122845248,-0.05409454460476249,-0.049137165151413566,-0.049227737756055,-9.057260464143124e-05,0.18432606838904234,0.2272759720228212,0.22865004395549712,0.0013740719326759132,0.6045830188058507,-0.0005131542263022916,-0.0004381580315018792,7.499619480041243e-05,-14.614747566403803,-0.00047837789954461685,-0.00043093453968229707,4.744335986231978e-05,-9.917548429282085,0.0,0.0,0.0,nan
bootstrap,bootstrap_0272,,11,ok,0.1110170304323898,,7347.865114440015,7345.452380035835,-2.4127344041799006,-0.032835855947306355,7348.841146643875,7346.361578383307,-2.4795682605681577,-0.03374094243009384,2070.216530147837,2072.223584547255,2.007054399417939,0.0969490084824418,1512.4364541050136,1510.5567585895021,-1.8796955155114574,-0.12428261104191447,-0.049137165151413566,-0.049391347192839885,-0.00025418204142631934,0.5172908136704079,0.2272759720228212,0.231705924938699,0.004429952915877777,1.9491514551450064,-0.0005131542263022916,-0.0005715792964521195,-5.8425070149827865e-05,11.385479677489885,-0.00047837789954461685,-0.0003071995243104816,0.00017117837523413523,-35.7830860073355,0.0,0.0,0.0,nan
bootstrap,bootstrap_0273,,11,ok,0.1201417109941738,,7347.865114440015,7356.608673418051,8.743558978036162,0.11899454932635238,7348.841146643875,7357.876663697577,9.035517053702279,0.12295159023581137,2070.216530147837,2069.95655751692,-0.25997263091721834,-0.012557750705364782,1512.4364541050136,1512.1623937941977,-0.2740603108159121,-0.018120451280585384,-0.049137165151413566,-0.049907802483353504,-0.0007706373319399384,1.5683390150108587,0.2272759720228212,0.22743785435156566,0.0001618823287444504,0.0712272077438065,-0.0005131542263022916,-0.0005121436984858857,1.0105278164058897e-06,-0.19692477711575987,-0.00047837789954461685,-0.0005107504272642917,-3.237252771967484e-05,6.767145336457072,0.0,0.0,0.0,nan
bootstrap,bootstrap_0274,,12,ok,0.1223363967847123,,7347.865114440015,7352.0165214042,4.151406964185298,0.05649813788806437,7348.841146643875,7352.90370240363,4.062555759755014,0.0552815835679117,2070.216530147837,2073.798176377976,3.581646230138631,0.17300829058122053,1512.4364541050136,1514.0050927020568,1.5686385970432184,0.10371600028455162,-0.049137165151413566,-0.04895224165000121,0.00018492350141235264,-0.37634141253879966,0.2272759720228212,0.22695054960249675,-0.00032542242032446156,-0.14318382072161384,-0.0005131542263022916,-0.0004441702664813943,6.89839598208973e-05,-13.443124169118674,-0.00047837789954461685,-0.00028377848561069645,0.0001945994139339204,-40.67901425194721,0.0,0.0,0.0,nan
bootstrap,bootstrap_0275,,10,ok,0.116629539949289,,7347.865114440015,7352.167625408674,4.30251096865959,0.058554571996759994,7348.841146643875,7353.355917498358,4.514770854483686,0.061435140104307825,2070.216530147837,2068.1497586990554,-2.0667714487817648,-0.09983358835581192,1512.4364541050136,1516.1389436172606,3.7024895122469843,0.24480298013168017,-0.049137165151413566,-0.04937683793382627,-0.00023967278241270734,0.48776273859952723,0.2272759720228212,0.22566112688110487,-0.0016148451417163368,-0.7105217183073744,-0.0005131542263022916,-0.0003151152160699274,0.00019803901023236422,-38.59249326647898,-0.00047837789954461685,-0.000700795260011749,-0.0002224173604671322,46.494071042758954,0.0,0.0,0.0,nan
bootstrap,bootstrap_0276,,9,ok,0.10047278520729566,,7347.865114440015,7313.457602180188,-34.407512259826945,-0.4682654311686989,7348.841146643875,7314.364841941657,-34.47630470221793,-0.469139337948036,2070.216530147837,2069.6351482289697,-0.5813819188674643,-0.028083145429524076,1512.4364541050136,1501.6591843686576,-10.777269736355947,-0.7125766974939395,-0.049137165151413566,-0.050627496701590065,-0.001490331550176499,3.0330027090169356,0.2272759720228212,0.2350930230714043,0.007817051048583101,3.4394533566435155,-0.0005131542263022916,-0.0007436685806138005,-0.00023051435431150887,44.92106709761682,-0.00047837789954461685,-0.00037844532317277114,9.993257637184571e-05,-20.8898815072717,0.0,0.0,0.0,nan
bootstrap,bootstrap_0277,,11,ok,0.11627124727555789,,7347.865114440015,7343.194623883962,-4.670490556052755,-0.0635625516161737,7348.841146643875,7344.001592912022,-4.839553731852902,-0.06585465157405215,2070.216530147837,2070.1916467369956,-0.024883410841539444,-0.0012019714111626036,1512.4364541050136,1510.728953007384,-1.7075010976295744,-0.11289737780355145,-0.049137165151413566,-0.04958967904603389,-0.0004525138946203239,0.9209198235712751,0.2272759720228212,0.2348183518715797,0.007542379848758496,3.3185997541355365,-0.0005131542263022916,-0.0006000332037282866,-8.687897742599494e-05,16.930383298610078,-0.00047837789954461685,-0.0003876434550511918,9.073444449342506e-05,-18.967106252148785,0.0,0.0,0.0,nan
bootstrap,bootstrap_0278,,11,ok,0.1273857639050005,,7347.865114440015,7350.919198959758,3.0540845197438102,0.04156424311249165,7348.841146643875,7351.986953729672,3.1458070857970597,0.04280684563761065,2070.216530147837,2072.806119338965,2.589589191127743,0.12508784242693766,1512.4364541050136,1516.752984173304,4.316530068290376,0.2854024085821635,-0.049137165151413566,-0.04719158344101229,0.0019455817104012743,-3.959491159911378,0.2272759720228212,0.20703115335197084,-0.020244818670850373,-8.907593042355376,-0.0005131542263022916,-0.00036343291041590533,0.0001497213158863863,-29.17667013389999,-0.00047837789954461685,-0.0003992257910681852,7.915210847643164e-05,-16.54593754263712,0.0,0.0,0.0,nan
bootstrap,bootstrap_0279,,11,ok,0.11580375796129168,,7347.865114440015,7348.0207006583805,0.15558621836589737,0.00211743432878401,7348.841146643875,7348.9202454013985,0.07909875752375228,0.0010763432756996756,2070.216530147837,2068.4138800302167,-1.8026501176204874,-0.08707543831136146,1512.4364541050136,1509.9198660059465,-2.516588099067121,-0.16639298082485823,-0.049137165151413566,-0.04903103300220808,0.00010613214920548314,-0.21599160000061574,0.2272759720228212,0.23406861509060123,0.006792643067780019,2.988720280161405,-0.0005131542263022916,-0.0005363162285426938,-2.3162002240402165e-05,4.513653216364191,-0.00047837789954461685,-0.000532981975738077,-5.460407619346016e-05,11.414422832961037,0.0,0.0,0.0,nan
bootstrap,bootstrap_0280,,11,ok,0.11467437805247341,,7347.865114440015,7349.032535763914,1.1674213238993616,0.015887898127105612,7348.841146643875,7350.0831231724505,1.241976528575833,0.016900304466957058,2070.216530147837,2073.2183642624946,3.001834114657413,0.14500097313217028,1512.4364541050136,1511.123029664776,-1.313424440237668,-0.08684162806793022,-0.049137165151413566,-0.049552600179014174,-0.000415435027600608,0.8454599005059958,0.2272759720228212,0.22632569486583648,-0.0009502771569847301,-0.41811597967307823,-0.0005131542263022916,-0.0005202999320448693,-7.145705742577727e-06,1.3925064583543538,-0.00047837789954461685,-0.0004135852859757279,6.479261356888893e-05,-13.544232212768835,0.0,0.0,0.0,nan
bootstrap,bootstrap_0281,,10,ok,0.1214271050652235,,7347.865114440015,7357.783585124314,9.918470684299791,0.13498438702702947,7348.841146643875,7359.191986801767,10.35084015789198,0.14084996465897323,2070.216530147837,2073.887364101002,3.6708339531646743,0.17731642558677352,1512.4364541050136,1510.7069988316482,-1.7294552733653745,-0.11434895454095505,-0.049137165151413566,-0.050606793125432106,-0.0014696279740185406,2.9908684587113643,0.2272759720228212,0.2262521215917306,-0.0010238504310906005,-0.4504877581110042,-0.0005131542263022916,-0.0005083152435406678,4.838982761623772e-06,-0.9429879972913248,-0.00047837789954461685,-0.0004727692696797248,5.608629864892059e-06,-1.1724266255257805,0.0,0.0,0.0,nan
bootstrap,bootstrap_0282,,14,ok,0.11063541549881079,,7347.865114440015,7340.746444121275,-7.118670318739532,-0.0968807974543508,7348.841146643875,7341.548557971925,-7.292588671949488,-0.09923453952028782,2070.216530147837,2071.2416154827397,1.025085334902542,0.04951585111869139,1512.4364541050136,1510.2422182094351,-2.1942358955784584,-0.14507954298661102,-0.049137165151413566,-0.050236180832090305,-0.001099015680676739,2.2366281760255817,0.2272759720228212,0.23210405705183784,0.004828085029016632,2.124327083961095,-0.0005131542263022916,-0.0006362563377312708,-0.00012310211142897915,23.989300900049784,-0.00047837789954461685,-0.00038453903629293777,9.383886325167907e-05,-19.61605319581178,0.0,0.0,0.0,nan
bootstrap,bootstrap_0283,,13,ok,0.11447859361364414,,7347.865114440015,7347.942753476711,0.07763903669638239,0.0010566203310374636,7348.841146643875,7348.838027922469,-0.003118721405371616,-4.243827486726799e-05,2070.216530147837,2069.3299009131547,-0.8866292346824594,-0.04282785021618699,1512.4364541050136,1513.225634578397,0.7891804733833396,0.052179413636941084,-0.049137165151413566,-0.05012384397751749,-0.000986678826103926,2.008009259515741,0.2272759720228212,0.23435290565403205,0.007076933631210841,3.1138063422297155,-0.0005131542263022916,-0.0004806978064195757,3.245641988271593e-05,-6.324886012649993,-0.00047837789954461685,-0.0005073622676284232,-2.89843680838064e-05,6.058885268612439,0.0,0.0,0.0,nan
bootstrap,bootstrap_0284,,11,ok,0.11049257787332312,,7347.865114440015,7349.542957691797,1.6778432517821784,0.02283443184721618,7348.841146643875,7351.0778448257815,2.2366981819068315,0.030436066548101996,2070.216530147837,2068.823588826127,-1.3929413217101683,-0.0672848130340596,1512.4364541050136,1514.1798661347132,1.7434120296995843,0.11527175406065247,-0.049137165151413566,-0.04987190074938212,-0.0007347355979685569,1.495274698295085,0.2272759720228212,0.23714717837213772,0.009871206349316514,4.3432687852833505,-0.0005131542263022916,-0.0003796711663815184,0.0001334830599207732,-26.01226942680197,-0.00047837789954461685,-0.0006554833949184062,-0.0001771054953737894,37.02208976258764,0.0,0.0,0.0,nan
bootstrap,bootstrap_0285,,9,ok,0.11609360102253444,,7347.865114440015,7354.509287232508,6.644172792493009,0.0904231731123628,7348.841146643875,7355.704802284325,6.863655640449906,0.09339779569986287,2070.216530147837,2070.7003432600236,0.4838131121864535,0.023370169503568967,1512.4364541050136,1510.315758121571,-2.1206959834426016,-0.14021719574972336,-0.049137165151413566,-0.051019422610511914,-0.001882257459098348,3.830618745095024,0.2272759720228212,0.22663407929471796,-0.0006418927281032494,-0.28242876815803286,-0.0005131542263022916,-0.0005749259987417634,-6.177177243947183e-05,12.037662221860565,-0.00047837789954461685,-0.0005368711279289034,-5.849322838428659e-05,12.227410262883831,0.0,0.0,0.0,nan
bootstrap,bootstrap_0286,,10,ok,0.1084573939663879,,7347.865114440015,7353.342641595794,5.477527155779171,0.07454583161869346,7348.841146643875,7354.288999331047,5.447852687172599,0.07413213292357757,2070.216530147837,2073.5886564329808,3.3721262851436222,0.16288761277076722,1512.4364541050136,1511.3184359576028,-1.118018147410794,-0.0739216609316907,-0.049137165151413566,-0.051026746209692046,-0.0018895810582784806,3.8455231441533853,0.2272759720228212,0.23969280653102548,0.012416834508204272,5.463329184203192,-0.0005131542263022916,-0.00046892756987288104,4.422665642941058e-05,-8.618589531669821,-0.00047837789954461685,-0.00047736776013534803,1.010139409268816e-06,-0.2111592969136743,0.0,0.0,0.0,nan
bootstrap,bootstrap_0287,,12,ok,0.1189355960664969,,7347.865114440015,7349.229894989298,1.3647805492837506,0.018573837815853284,7348.841146643875,7350.350525456564,1.509378812689647,0.020539004484795016,2070.216530147837,2069.8538606557267,-0.362669492110399,-0.017518432822314498,1512.4364541050136,1508.220958875707,-4.215495229306498,-0.27872213856422967,-0.049137165151413566,-0.04989125431709005,-0.0007540891656764859,1.534661520160555,0.2272759720228212,0.22482087511484558,-0.002455096907975629,-1.0802272172128728,-0.0005131542263022916,-0.0006388845268292993,-0.0001257303005270077,24.5014644881716,-0.00047837789954461685,-0.0005867406501458754,-0.00010836275060125853,22.652123081859024,0.0,0.0,0.0,nan
bootstrap,bootstrap_0288,,11,ok,0.12265252877210372,,7347.865114440015,7352.711734256012,4.846619815997656,0.06595956431580494,7348.841146643875,7353.422328788473,4.5811821445986425,0.06233883755523566,2070.216530147837,2071.3359327576145,1.119402609777353,0.054071764642774585,1512.4364541050136,1513.3045451433734,0.8680910383598075,0.05739686027823904,-0.049137165151413566,-0.04778951515411879,0.001347649997294774,-2.74262870709383,0.2272759720228212,0.21406907031038314,-0.013206901712438074,-5.810953791064172,-0.0005131542263022916,-0.0004572657810559224,5.588844524636921e-05,-10.891159495867846,-0.00047837789954461685,-0.0004237744947613034,5.460340478331344e-05,-11.414282481546945,0.0,0.0,0.0,nan
bootstrap,bootstrap_0289,,9,ok,0.11959824538960341,,7347.865114440015,7352.62284069148,4.757726251465101,0.0647497766679906,7348.841146643875,7353.732365563322,4.891218919447056,0.06655769014249022,2070.216530147837,2070.435143665339,0.2186135175020354,0.010559934882097763,1512.4364541050136,1516.7618975306266,4.3254434256130025,0.2859917462233208,-0.049137165151413566,-0.048446313055986,0.0006908520954275674,-1.4059665292019663,0.2272759720228212,0.2296215608699794,0.0023455888471581865,1.0320443583550758,-0.0005131542263022916,-0.00028777452315120256,0.00022537970315108906,-43.92046125687001,-0.00047837789954461685,-0.00044638542447143797,3.199247507317888e-05,-6.687699223487025,0.0,0.0,0.0,nan
bootstrap,bootstrap_0290,,14,ok,0.11116905709788225,,7347.865114440015,7350.228148332695,2.3630338926805052,0.032159462046148266,7348.841146643875,7351.2158085691435,2.3746619252688106,0.03231342027787999,2070.216530147837,2072.0309704069946,1.8144402591574362,0.08764495079303924,1512.4364541050136,1508.860159811204,-3.5762942938094966,-0.236459144058768,-0.049137165151413566,-0.04985641430668482,-0.0007192491552712524,1.4637579377135908,0.2272759720228212,0.23004020788703577,0.002764235864214565,1.216246416025449,-0.0005131542263022916,-0.0005976377796669002,-8.448355336460858e-05,16.463579375226768,-0.00047837789954461685,-0.00034272007429777564,0.0001356578252468412,-28.35787886020199,0.0,0.0,0.0,nan
bootstrap,bootstrap_0291,,12,ok,0.12016656155410213,,7347.865114440015,7350.32141385512,2.4562994151056046,0.03342874939658988,7348.841146643875,7351.575865543916,2.7347189000411163,0.037212927119672855,2070.216530147837,2068.2111903701275,-2.0053397777096507,-0.09686618517950132,1512.4364541050136,1511.5822464270723,-0.8542076779413037,-0.056478913584953376,-0.049137165151413566,-0.04935094384644756,-0.00021377869503399344,0.435065178007819,0.2272759720228212,0.23073258077185338,0.0034566087490321695,1.5208861360342505,-0.0005131542263022916,-0.0004935057009626723,1.9648525339619285e-05,-3.82897077184835,-0.00047837789954461685,-0.0006137153829501268,-0.00013533748340550998,28.290914679449457,0.0,0.0,0.0,nan
bootstrap,bootstrap_0292,,13,ok,0.12686165951586023,,7347.865114440015,7346.612991455751,-1.2521229842632238,-0.017040636494572464,7348.841146643875,7347.333881763055,-1.5072648808200029,-0.020510238971601015,2070.216530147837,2069.9142095209427,-0.3023206268944705,-0.014603333636452092,1512.4364541050136,1511.6323908911277,-0.804063213885911,-0.05316343782269626,-0.049137165151413566,-0.048802342728495436,0.0003348224229181296,-0.6814036216505207,0.2272759720228212,0.2213261869368938,-0.005949785085927417,-2.617868062766436,-0.0005131542263022916,-0.0005930444865329119,-7.989026023062025e-05,15.568469698924016,-0.00047837789954461685,-0.0004852860658510402,-6.908166306423354e-06,1.4440814078157576,0.0,0.0,0.0,nan
bootstrap,bootstrap_0293,,11,ok,0.12439879437834386,,7347.865114440015,7344.193100061418,-3.6720143785969412,-0.0499738947491116,7348.841146643875,7345.048080522347,-3.7930661215277723,-0.05161447969602689,2070.216530147837,2064.905196534194,-5.311333613643001,-0.2565593277947457,1512.4364541050136,1513.3429159312884,0.9064618262748354,0.059933878465739276,-0.049137165151413566,-0.0476870012066885,0.0014501639447250664,-2.951256834325837,0.2272759720228212,0.20990158704901082,-0.017374384973810386,-7.644620246994606,-0.0005131542263022916,-0.0005578790386471818,-4.472481234489014e-05,8.715666763025625,-0.00047837789954461685,-0.0007120712422467551,-0.00023369334270213825,48.85119963204788,0.0,0.0,0.0,nan
bootstrap,bootstrap_0294,,11,ok,0.10602657728461709,,7347.865114440015,7338.300441103357,-9.564673336657506,-0.1301694191127845,7348.841146643875,7339.4281301323945,-9.413016511480237,-0.12808844719386872,2070.216530147837,2065.263234322632,-4.9532958252052595,-0.2392646253699625,1512.4364541050136,1505.6957565463595,-6.740697558654119,-0.44568467920478266,-0.049137165151413566,-0.0499068128061,-0.0007696476546864353,1.566324903593455,0.2272759720228212,0.24646815823752202,0.019192186214700813,8.444441374019814,-0.0005131542263022916,-0.000644552866056177,-0.0001313986397538854,25.6060718238108,-0.00047837789954461685,-0.000601149470776302,-0.00012277157123168514,25.6641394488657,0.0,0.0,0.0,nan
bootstrap,bootstrap_0295,,13,ok,0.11273308868092431,,7347.865114440015,7347.682450852879,-0.18266358713572117,-0.002485940940542729,7348.841146643875,7348.404307597231,-0.43683904664339934,-0.005944325614425593,2070.216530147837,2071.6865309423138,1.4700007944766185,0.071007103511614,1512.4364541050136,1511.0172288128094,-1.4192252922041462,-0.09383701962169212,-0.049137165151413566,-0.049515744527797736,-0.0003785793763841708,0.7704542482611655,0.2272759720228212,0.2367065087567632,0.00943053673394198,4.149376922693368,-0.0005131542263022916,-0.0005561720680396239,-4.30178417373323e-05,8.3830239589591,-0.00047837789954461685,-0.0003248366417156342,0.00015354125782898265,-32.09622726617251,0.0,0.0,0.0,nan
bootstrap,bootstrap_0296,,10,ok,0.12213571109917315,,7347.865114440015,7352.135949540324,4.270835100309341,0.058123482587021116,7348.841146643875,7353.28337831874,4.44223167486507,0.06044805685987351,2070.216530147837,2068.5400089735795,-1.6765211742576867,-0.08098288994620113,1512.4364541050136,1511.1517655529392,-1.2846885520743854,-0.08494165481052238,-0.049137165151413566,-0.04924862217899069,-0.00011145702757712345,0.22682836348754457,0.2272759720228212,0.21829635420256419,-0.008979617820257024,-3.950975433230295,-0.0005131542263022916,-0.0005845731419850652,-7.14189156827736e-05,13.917631780489666,-0.00047837789954461685,-0.0005365279966894618,-5.815009714484499e-05,12.155682191882175,0.0,0.0,0.0,nan
bootstrap,bootstrap_0297,,12,ok,0.11756057255642408,,7347.865114440015,7349.825959477265,1.9608450372506923,0.026685914979539326,7348.841146643875,7350.861920995985,2.020774352110493,0.02749786410927328,2070.216530147837,2070.478358692851,0.26182854501394104,0.012647399013630883,1512.4364541050136,1508.7104145997262,-3.7260395052874173,-0.24636006988421252,-0.049137165151413566,-0.04969399907639082,-0.0005568339249772541,1.1332235452765742,0.2272759720228212,0.237299776472844,0.010023804450022794,4.4104109910115294,-0.0005131542263022916,-0.0006267961787362756,-0.00011364195243398394,22.145769557988427,-0.00047837789954461685,-0.0003652764838795661,0.00011310141566505072,-23.642692476536972,0.0,0.0,0.0,nan
bootstrap,bootstrap_0298,,10,ok,0.12218588726026378,,7347.865114440015,7353.223263869174,5.358149429159312,0.07292117296259948,7348.841146643875,7354.100590195462,5.2594435515875375,0.07156833909778361,2070.216530147837,2072.5933366979853,2.3768065501481033,0.11480956293873144,1512.4364541050136,1509.9041176010587,-2.532336503954866,-0.1674342414242706,-0.049137165151413566,-0.04989640834679364,-0.000759243195380073,1.5451505862019215,0.2272759720228212,0.21546983113440182,-0.011806140888419386,-5.194627827720349,-0.0005131542263022916,-0.0006402956879777801,-0.00012714146167548852,24.776461959915995,-0.00047837789954461685,-0.0003387252642275086,0.00013965263531710826,-29.192952987595802,0.0,0.0,0.0,nan
bootstrap,bootstrap_0299,,11,ok,0.10531164498265312,,7347.865114440015,7348.504832010988,0.6397175709735166,0.0087061692207216,7348.841146643875,7349.9022238748175,1.0610772309428285,0.014438701419303496,2070.216530147837,2072.190825423299,1.9742952754618273,0.09536660763310782,1512.4364541050136,1508.9219616620696,-3.514492442943947,-0.23237289959555046,-0.049137165151413566,-0.051927324346277365,-0.002790159194863799,5.678307216678195,0.2272759720228212,0.24674403630738523,0.01946806428456402,8.565825991763527,-0.0005131542263022916,-0.0005853457280821711,-7.219150177987946e-05,14.068188096214277,-0.00047837789954461685,-0.0006333281594480938,-0.00015495025990347694,32.39076471780553,0.0,0.0,0.0,nan
bootstrap,bootstrap_0300,,11,ok,0.12310368185721764,,7347.865114440015,7347.230211986798,-0.6349024532164549,-0.008640638380374531,7348.841146643875,7348.321822128849,-0.5193245150258008,-0.0070667538549662335,2070.216530147837,2069.8330368926718,-0.38349325516537647,-0.01852430649551381,1512.4364541050136,1519.7729558603637,7.3365017553501275,0.4850783472877552,-0.049137165151413566,-0.04896787977393805,0.0001692853774755143,-0.3445159625181274,0.2272759720228212,0.21553120847956939,-0.011744763543251824,-5.167622181403545,-0.0005131542263022916,-0.00025322800434874845,0.00025992622195354317,-50.652651509182824,-0.00047837789954461685,-0.0005816431368583314,-0.00010326523731371453,21.586540141594334,0.0,0.0,0.0,nan
bootstrap,bootstrap_0301,,10,ok,0.11973209572498217,,7347.865114440015,7347.343089184401,-0.5220252556136984,-0.007104447992489888,7348.841146643875,7348.04427870119,-0.7968679426849121,-0.0108434503724282,2070.216530147837,2072.92825839121,2.711728243372818,0.13098766258905145,1512.4364541050136,1510.9085085346217,-1.5279455703919211,-0.1010254392007554,-0.049137165151413566,-0.04963601133581805,-0.000498846184404482,1.015211567186088,0.2272759720228212,0.21743884500160107,-0.009837127021220138,-4.328274094998645,-0.0005131542263022916,-0.0006029235389956387,-8.976931269334709e-05,17.4936321464622,-0.00047837789954461685,-0.00038666746852787973,9.171043101673711e-05,-19.171126238072283,0.0,0.0,0.0,nan
bootstrap,bootstrap_0302,,12,ok,0.11284091790699972,,7347.865114440015,7343.212870342639,-4.652244097375842,-0.06331422834958222,7348.841146643875,7344.289776477563,-4.551370166312154,-0.06193316844779954,2070.216530147837,2070.032969251734,-0.18356089610324489,-0.00886674864344439,1512.4364541050136,1510.5679834488508,-1.868470656162799,-0.12354044039942619,-0.049137165151413566,-0.04985691242313198,-0.0007197472717184114,1.4647716641783228,0.2272759720228212,0.22796572183506397,0.0006897498122427625,0.30348558455334795,-0.0005131542263022916,-0.0006273750443597405,-0.00011422081805744888,22.2585749474395,-0.00047837789954461685,-0.0004572174131116522,2.116048643296465e-05,-4.423382947478967,0.0,0.0,0.0,nan
bootstrap,bootstrap_0303,,11,ok,0.12017490000476971,,7347.865114440015,7346.429852824404,-1.4352616156102158,-0.01953304249950971,7348.841146643875,7347.645984494674,-1.195162149200769,-0.016263273696514514,2070.216530147837,2070.2223164194256,0.005786271588476666,0.0002795007915458708,1512.4364541050136,1514.5856468921795,2.14919278716593,0.14210136110728155,-0.049137165151413566,-0.049892515846613555,-0.0007553506951999897,1.5372288834173007,0.2272759720228212,0.22560088819520707,-0.0016750838276141378,-0.7370263616982526,-0.0005131542263022916,-0.0004759158021869929,3.723842411529869e-05,-7.256770422341233,-0.00047837789954461685,-0.0006449062162623923,-0.00016652831671777548,34.81103890382459,0.0,0.0,0.0,nan
bootstrap,bootstrap_0304,,10,ok,0.11938347148814919,,7347.865114440015,7347.828952486446,-0.0361619535688078,-0.0004921423162456042,7348.841146643875,7348.809204983686,-0.031941660188749665,-0.00043464894057938683,2070.216530147837,2069.107313280876,-1.1092168669611056,-0.05357975123896314,1512.4364541050136,1515.7756229029046,3.339168797891034,0.2207807666119098,-0.049137165151413566,-0.05122555793771797,-0.002088392786304405,4.250128756653204,0.2272759720228212,0.23463571880511716,0.007359746782295951,3.2382423521466426,-0.0005131542263022916,-0.0003522283365385104,0.00016092588976378123,-31.360141165237554,-0.00047837789954461685,-0.0007303215840995102,-0.00025194368455489337,52.66624666288442,0.0,0.0,0.0,nan
bootstrap,bootstrap_0305,,13,ok,0.12456352194047852,,7347.865114440015,7348.556675128987,0.6915606889724586,0.009411722700426338,7348.841146643875,7349.3887655584795,0.5476189146047545,0.007451772377129765,2070.216530147837,2070.5520399518414,0.33550980400423214,0.01620650782748184,1512.4364541050136,1510.857540602798,-1.5789135022155278,-0.10439536140047961,-0.049137165151413566,-0.04898016586600229,0.0001569992854112759,-0.3195122977231001,0.2272759720228212,0.2282322614098828,0.0009562893870615763,0.4207613231395853,-0.0005131542263022916,-0.0005991424865268584,-8.598826022456678e-05,16.756806397987717,-0.00047837789954461685,-0.00042690182143081197,5.147607811380487e-05,-10.760546873675935,0.0,0.0,0.0,nan
bootstrap,bootstrap_0306,,10,ok,0.12750321138767817,,7347.865114440015,7348.825630491231,0.960516051216473,0.013072042508358899,7348.841146643875,7349.541474751743,0.7003281078686996,0.009529776108829496,2070.216530147837,2069.4175056325216,-0.7990245153155229,-0.038596180818750554,1512.4364541050136,1516.6503305202575,4.213876415243931,0.27861510503841286,-0.049137165151413566,-0.04857706341756952,0.0005601017338440484,-1.1398739266258535,0.2272759720228212,0.2140531876098531,-0.01322278441296812,-5.817942079526292,-0.0005131542263022916,-0.00035539837963212184,0.00015775584667016978,-30.742384761582016,-0.00047837789954461685,-0.0005658223240566489,-8.744442451203208e-05,18.279361273853414,0.0,0.0,0.0,nan
bootstrap,bootstrap_0307,,9,ok,0.11285330284016727,,7347.865114440015,7354.158161811582,6.293047371567809,0.08564456850467655,7348.841146643875,7355.1955268643815,6.354380220506755,0.08646778578699749,2070.216530147837,2070.023471469242,-0.1930586785952073,-0.009325530725108291,1512.4364541050136,1511.0641168392488,-1.372337265764827,-0.09073685456602601,-0.049137165151413566,-0.04990367643688037,-0.0007665112854668074,1.5599420176252408,0.2272759720228212,0.2305122652484203,0.003236293225599096,1.423948689689966,-0.0005131542263022916,-0.0005263196924546152,-1.3165466152323542e-05,2.5655963602193856,-0.00047837789954461685,-0.0004919918930253878,-1.361399348077095e-05,2.8458658925779274,0.0,0.0,0.0,nan
bootstrap,bootstrap_0308,,14,ok,0.11906613252471424,,7347.865114440015,7351.870733905276,4.005619465261589,0.05451405820433136,7348.841146643875,7353.287293667427,4.44614702355193,0.06050133531029488,2070.216530147837,2071.332595698445,1.1160655506078,0.05391057091637174,1512.4364541050136,1512.3568861956323,-0.07956790938123959,-0.005260909254420478,-0.049137165151413566,-0.04983289818713635,-0.0006957330357227828,1.4158998256796427,0.2272759720228212,0.22631354312566532,-0.0009624288971558925,-0.42346266901423846,-0.0005131542263022916,-0.0004783677797511582,3.4786446551133394e-05,-6.778945737580501,-0.00047837789954461685,-0.000561420761888077,-8.304286234346017e-05,17.35925978656441,0.0,0.0,0.0,nan
bootstrap,bootstrap_0309,,11,ok,0.12399270213284157,,7347.865114440015,7357.064648517619,9.199534077604767,0.1252000946441689,7348.841146643875,7358.486512983295,9.645366339420434,0.13125016784211418,2070.216530147837,2070.48741708399,0.2708869361526922,0.01308495668003133,1512.4364541050136,1516.1255712715279,3.6891171665142792,0.2439188209528657,-0.049137165151413566,-0.04983964295703438,-0.0007024778056208131,1.4296262380138638,0.2272759720228212,0.23503941642706713,0.007763444404245923,3.4158667698785075,-0.0005131542263022916,-0.0003333269403951687,0.00017982728590712293,-35.04351648878154,-0.00047837789954461685,-0.0005038815314617237,-2.550363191710682e-05,5.331273025234765,0.0,0.0,0.0,nan
bootstrap,bootstrap_0310,,12,ok,0.11364239352566272,,7347.865114440015,7355.970084099428,8.104969659413655,0.11030373493772741,7348.841146643875,7357.298757345786,8.457610701911108,0.11508767890259261,2070.216530147837,2069.732128216803,-0.4844019310339718,-0.023398611883336664,1512.4364541050136,1515.6299774231966,3.193523318182997,0.2111509088210102,-0.049137165151413566,-0.04954712462448263,-0.0004099594730690645,0.8343164930369836,0.2272759720228212,0.2335966151725495,0.0063206431497283,2.7810432812024812,-0.0005131542263022916,-0.0003389668882843828,0.00017418733801790882,-33.944441863623595,-0.00047837789954461685,-0.0004793071820242811,-9.292824796642706e-07,0.19425698397624225,0.0,0.0,0.0,nan
bootstrap,bootstrap_0311,,14,ok,0.12536226584367868,,7347.865114440015,7351.718737713203,3.853623273188532,0.05244548196203815,7348.841146643875,7352.889768442807,4.04862179893189,0.05509197597475414,2070.216530147837,2071.62770696097,1.4111768131328972,0.06816566250836202,1512.4364541050136,1511.897639989785,-0.5388141152286607,-0.03562557050024986,-0.049137165151413566,-0.049717542838116566,-0.000580377686703,1.1811379124428465,0.2272759720228212,0.2273856698923732,0.00010969786955197791,0.048266373508662384,-0.0005131542263022916,-0.0005265379473846553,-1.3383721082363691e-05,2.608128394226561,-0.00047837789954461685,-0.0004952765161706278,-1.6898616626010994e-05,3.53248271755391,0.0,0.0,0.0,nan
bootstrap,bootstrap_0312,,12,ok,0.11777960203209234,,7347.865114440015,7347.398923482999,-0.46619095701589686,-0.0063445769588194945,7348.841146643875,7348.035457049973,-0.8056895939016613,-0.010963491764543172,2070.216530147837,2071.303884700463,1.0873545526260386,0.052523711253932896,1512.4364541050136,1511.2314131960784,-1.2050409089351888,-0.07967547368119168,-0.049137165151413566,-0.048726690858216105,0.0004104742931974603,-0.8353642134881114,0.2272759720228212,0.22464695791821118,-0.002629014104610028,-1.1567496912282675,-0.0005131542263022916,-0.0006134271570612332,-0.00010027293075894159,19.54050568412785,-0.00047837789954461685,-0.00037928528397067167,9.909261557394518e-05,-20.714296305969526,0.0,0.0,0.0,nan
bootstrap,bootstrap_0313,,11,ok,0.12280164609174721,,7347.865114440015,7345.7968001046875,-2.068314335327159,-0.028148507125729763,7348.841146643875,7346.830039947882,-2.0111066959925665,-0.027366310631316535,2070.216530147837,2067.1459890409524,-3.070541106884775,-0.14831980433783434,1512.4364541050136,1512.0234673471953,-0.4129867578183166,-0.027306056839439388,-0.049137165151413566,-0.04934849233317204,-0.0002113271817584736,0.43007605568469426,0.2272759720228212,0.22814779661302542,0.0008718245902042121,0.38359734310878696,-0.0005131542263022916,-0.0005295664670172774,-1.641224071498575e-05,3.1983056698664973,-0.00047837789954461685,-0.0006829704497366828,-0.00020459255019206592,42.76797702962952,0.0,0.0,0.0,nan
bootstrap,bootstrap_0314,,12,ok,0.1192154190203289,,7347.865114440015,7354.0418145044305,6.176700064415854,0.08406115202465288,7348.841146643875,7355.044069804721,6.202923160846694,0.08440682057305719,2070.216530147837,2070.368183610773,0.151653462935883,0.007325487973234047,1512.4364541050136,1514.8501467961205,2.4136926911069168,0.15958969281358817,-0.049137165151413566,-0.048730956716805926,0.0004062084346076397,-0.8266826817459453,0.2272759720228212,0.2300595452292361,0.0027835732064148966,1.2247547251213131,-0.0005131542263022916,-0.0003497158801020199,0.0001634383462002717,-31.849751560653146,-0.00047837789954461685,-0.00046310849189853004,1.52694076460868e-05,-3.1919132678625486,0.0,0.0,0.0,nan
bootstrap,bootstrap_0315,,12,ok,0.11592589587783365,,7347.865114440015,7351.104180570894,3.2390661308791096,0.04408173095765872,7348.841146643875,7352.161531813644,3.320385169768997,0.0451824322163417,2070.216530147837,2069.739670644255,-0.47685950358209084,-0.023034281517790682,1512.4364541050136,1513.929431479757,1.492977374743532,0.09871339524324038,-0.049137165151413566,-0.04974247979544591,-0.000605314644032344,1.2318875990649827,0.2272759720228212,0.2243088103457738,-0.002967161677047414,-1.3055324989433885,-0.0005131542263022916,-0.00040896321548824333,0.00010419101081404828,-20.304034435189646,-0.00047837789954461685,-0.0005846524602296977,-0.00010627456068508089,22.215608368665656,0.0,0.0,0.0,nan
bootstrap,bootstrap_0316,,13,ok,0.12303055165431317,,7347.865114440015,7349.2213628528925,1.3562484128779033,0.018457720599859756,7348.841146643875,7350.11304607573,1.2718994318556724,0.01730748299596234,2070.216530147837,2070.083609516005,-0.1329206318323486,-0.006420614940353922,1512.4364541050136,1513.1321575851196,0.6957034801059763,0.045998856891984914,-0.049137165151413566,-0.04843129887918326,0.0007058662722303072,-1.4365221722808341,0.2272759720228212,0.22533167579662577,-0.0019442962261954355,-0.8554781259499816,-0.0005131542263022916,-0.0004773433934669767,3.5810832835314924e-05,-6.978571158492084,-0.00047837789954461685,-0.00046125823965279314,1.7119659891823703e-05,-3.5786895481836543,0.0,0.0,0.0,nan
bootstrap,bootstrap_0317,,9,ok,0.12520356343565825,,7347.865114440015,7345.560333707206,-2.3047807328084673,-0.03136667177353481,7348.841146643875,7346.617946139014,-2.22320050486087,-0.03025239572468073,2070.216530147837,2068.9384075170997,-1.278122630737471,-0.061738596524789524,1512.4364541050136,1520.8129572508196,8.376503145806055,0.5538416588062778,-0.049137165151413566,-0.04736507441134774,0.001772090740065825,-3.6064163136095084,0.2272759720228212,0.2123513174327638,-0.014924654590057401,-6.566754266728553,-0.0005131542263022916,-0.00023009064152855835,0.0002830635847737333,-55.161503163180555,-0.00047837789954461685,-0.0005333301406045384,-5.495224105992152e-05,11.48720313213305,0.0,0.0,0.0,nan
bootstrap,bootstrap_0318,,15,ok,0.11950392582217599,,7347.865114440015,7347.896926509669,0.03181206965473393,0.00043294302711432324,7348.841146643875,7348.73814293404,-0.10300370983441098,-0.0014016320094420807,2070.216530147837,2071.327252349329,1.110722201491626,0.05365246510771063,1512.4364541050136,1511.6454751718463,-0.7909789331672528,-0.052298325064858056,-0.049137165151413566,-0.04845203968344172,0.0006851254679718435,-1.3943121583442304,0.2272759720228212,0.22105771341903793,-0.006218258603783278,-2.735994724140434,-0.0005131542263022916,-0.000569006647670222,-5.5852421367930355e-05,10.884139407833409,-0.00047837789954461685,-0.00036604263482766723,0.00011233526471694961,-23.482536468320365,0.0,0.0,0.0,nan
bootstrap,bootstrap_0319,,10,ok,0.12497543882417049,,7347.865114440015,7344.363448642345,-3.501665797669375,-0.04765555359457955,7348.841146643875,7345.123421268333,-3.717725375541704,-0.05058927389170119,2070.216530147837,2068.5282952967154,-1.688234851121706,-0.0815487088686876,1512.4364541050136,1509.6770909360246,-2.7593631689890117,-0.18244489951955495,-0.049137165151413566,-0.049240108893114816,-0.0001029437417012502,0.20950280990780507,0.2272759720228212,0.22079618170918347,-0.00647979031363774,-2.8510670336004953,-0.0005131542263022916,-0.0006776254144669314,-0.0001644711881646398,32.05102476691914,-0.00047837789954461685,-0.0005386230168141005,-6.0245117269483624e-05,12.593624690194273,0.0,0.0,0.0,nan
bootstrap,bootstrap_0320,,12,ok,0.12355734868732741,,7347.865114440015,7347.913382151999,0.04826771198440838,0.0006568943663589134,7348.841146643875,7348.49112811853,-0.3500185253451491,-0.004762907761382191,2070.216530147837,2071.3095353287986,1.093005180961427,0.05279665991669837,1512.4364541050136,1511.625875588009,-0.8105785170046147,-0.05359421976404792,-0.049137165151413566,-0.04919083878816748,-5.3673636753917564e-05,0.10923226154485124,0.2272759720228212,0.22989678795500237,0.002620815932181164,1.1531425468584084,-0.0005131542263022916,-0.000579554214530291,-6.63999882279994e-05,12.939577387185768,-0.00047837789954461685,-0.0003796852067403613,9.869269280425553e-05,-20.630696547270315,0.0,0.0,0.0,nan
bootstrap,bootstrap_0321,,13,ok,0.12279621419030115,,7347.865114440015,7349.861564001188,1.9964495611729944,0.02717047101544603,7348.841146643875,7350.79639354444,1.9552469005657258,0.026606193569154273,2070.216530147837,2071.1829561786612,0.9664260308240955,0.04668236470680106,1512.4364541050136,1515.9815836989483,3.545129593934689,0.23439858146189188,-0.049137165151413566,-0.04857766322580802,0.0005595019256055475,-1.1386532452197273,0.2272759720228212,0.22796394717606974,0.0006879751532485323,0.3027047457438446,-0.0005131542263022916,-0.0003851673792401023,0.00012798684706218934,-24.941204905285957,-0.00047837789954461685,-0.0003884274100948722,8.995048944974467e-05,-18.80322848011403,0.0,0.0,0.0,nan
bootstrap,bootstrap_0322,,11,ok,0.11150988344339494,,7347.865114440015,7353.716990278159,5.851875838144224,0.07964049076845635,7348.841146643875,7354.802045945451,5.960899301576319,0.08111345969559552,2070.216530147837,2073.316794259169,3.100264111331853,0.1497555480880282,1512.4364541050136,1509.7524886628353,-2.6839654421783052,-0.17745971639955913,-0.049137165151413566,-0.04998191197746522,-0.0008447468260516511,1.7191606871267575,0.2272759720228212,0.23285384924008828,0.005577877217267074,2.454230936786837,-0.0005131542263022916,-0.0005103408275183557,2.813398783935942e-06,-0.5482559900575797,-0.00047837789954461685,-0.00037023228486998845,0.00010814561467462839,-22.606733040463542,0.0,0.0,0.0,nan
bootstrap,bootstrap_0323,,13,ok,0.12055270289221788,,7347.865114440015,7344.950406185772,-2.914708254242214,-0.039667416437928794,7348.841146643875,7345.880759973868,-2.960386670006301,-0.0402837210783672,2070.216530147837,2065.7190175105306,-4.4975126373064995,-0.21724841685933818,1512.4364541050136,1514.7159524631056,2.2794983580920416,0.15071696744052218,-0.049137165151413566,-0.048760785685991424,0.0003763794654221414,-0.7659771666972404,0.2272759720228212,0.22702064990121446,-0.0002553221216067547,-0.11234012963812881,-0.0005131542263022916,-0.0004512747802951615,6.187944600713014e-05,-12.058644913250282,-0.00047837789954461685,-0.0006929173306882121,-0.00021453943114359525,44.84727060924473,0.0,0.0,0.0,nan
bootstrap,bootstrap_0324,,14,ok,0.11565972963919376,,7347.865114440015,7352.617496495528,4.752382055513408,0.06467704539341683,7348.841146643875,7353.509760925207,4.668614281332339,0.06352857801892257,2070.216530147837,2071.514418141095,1.297887993257973,0.06269334508527419,1512.4364541050136,1513.4771070505137,1.0406529455001419,0.06880639134792275,-0.049137165151413566,-0.04899735844988797,0.00013980670152559382,-0.28452333604266117,0.2272759720228212,0.22392454541834284,-0.0033514266044783747,-1.474606653158149,-0.0005131542263022916,-0.00045822113391685935,5.493309238543227e-05,-10.704986838220444,-0.00047837789954461685,-0.0003881736968538655,9.020420269075137e-05,-18.856264634428058,0.0,0.0,0.0,nan
bootstrap,bootstrap_0325,,10,ok,0.12170083084344814,,7347.865114440015,7344.368454225918,-3.4966602140966643,-0.04758743062968089,7348.841146643875,7345.144537202369,-3.696609441505643,-0.05030193696857686,2070.216530147837,2068.572126651239,-1.6444034965979881,-0.07943147359955428,1512.4364541050136,1511.031135709362,-1.4053183956516477,-0.09291751675499298,-0.049137165151413566,-0.04839357712519629,0.0007435880262172748,-1.5132904471105482,0.2272759720228212,0.21258069394675969,-0.014695278076061524,-6.4658300414554795,-0.0005131542263022916,-0.0006065848010792154,-9.343057477692379e-05,18.20711396068386,-0.00047837789954461685,-0.0005255996062065947,-4.722170666197781e-05,9.871214098086398,0.0,0.0,0.0,nan
bootstrap,bootstrap_0326,,14,ok,0.12074496141519278,,7347.865114440015,7346.309077379398,-1.5560370606162905,-0.021176723257458396,7348.841146643875,7347.301834028795,-1.539312615079325,-0.020946331324392692,2070.216530147837,2066.246533453022,-3.9699966948151086,-0.1917672203366865,1512.4364541050136,1512.5458627194737,0.10940861446010786,0.0072339313273727295,-0.049137165151413566,-0.04881540733534706,0.00032175781606650494,-0.6548155862777703,0.2272759720228212,0.2268057262388649,-0.0004702457839562968,-0.20690519097596402,-0.0005131542263022916,-0.0005114304365455957,1.7237897566959367e-06,-0.3359204052780182,-0.00047837789954461685,-0.0006496736734005959,-0.0001712957738559791,35.80762698674855,0.0,0.0,0.0,nan
bootstrap,bootstrap_0327,,11,ok,0.12433013395348297,,7347.865114440015,7347.095724857091,-0.7693895829233952,-0.010470926873866967,7348.841146643875,7348.012793919631,-0.828352724243814,-0.011271882297008318,2070.216530147837,2068.388397844388,-1.8281323034493653,-0.08830633302492352,1512.4364541050136,1516.9965614527687,4.560107347755093,0.3015073681527693,-0.049137165151413566,-0.04848910761568737,0.0006480575357261931,-1.318874488850218,0.2272759720228212,0.2204646059392618,-0.0068113660835594225,-2.9969582894911038,-0.0005131542263022916,-0.0003854757477767047,0.00012767847852558693,-24.88111214548848,-0.00047837789954461685,-0.0006162095469396343,-0.0001378316473950174,28.812294114386084,0.0,0.0,0.0,nan
bootstrap,bootstrap_0328,,9,ok,0.11781316937378075,,7347.865114440015,7340.476891402643,-7.388223037371972,-0.10054924692143091,7348.841146643875,7342.013127385907,-6.828019257967753,-0.09291287050184811,2070.216530147837,2064.1031928173998,-6.113337330437389,-0.2952994163369388,1512.4364541050136,1513.9281415050127,1.4916873999991367,0.09862810407342666,-0.049137165151413566,-0.050005066072686205,-0.0008679009212726393,1.766282036414288,0.2272759720228212,0.22734140178476883,6.542976194762185e-05,0.028788684243775634,-0.0005131542263022916,-0.0004893168735277633,2.3837352774528308e-05,-4.6452609279468495,-0.00047837789954461685,-0.0008721441411455709,-0.000393766241600954,82.31279956197655,0.0,0.0,0.0,nan
bootstrap,bootstrap_0329,,11,ok,0.12476804724761383,,7347.865114440015,7354.816973117726,6.951858677711243,0.09461059191260139,7348.841146643875,7356.309094966871,7.467948322996563,0.10162076134149509,2070.216530147837,2070.409017203854,0.19248705601694382,0.009297918996096416,1512.4364541050136,1513.3882657478696,0.9518116428560006,0.06293233942309573,-0.049137165151413566,-0.04815791043313211,0.000979254718281454,-1.9929003133655199,0.2272759720228212,0.21457366560584062,-0.012702306416980585,-5.588935030802606,-0.0005131542263022916,-0.0004360374992030152,7.711672709927642e-05,-15.027982455677583,-0.00047837789954461685,-0.0005284757048658951,-5.009780532127823e-05,10.472433063686246,0.0,0.0,0.0,nan
bootstrap,bootstrap_0330,,11,ok,0.1252072485503516,,7347.865114440015,7347.351431381024,-0.5136830589908641,-0.006990915742061933,7348.841146643875,7348.396110092976,-0.4450365508982941,-0.006055873872053103,2070.216530147837,2068.924714123202,-1.2918160246349544,-0.06240004394819048,1512.4364541050136,1514.8170829752119,2.3806288701982794,0.15740356321991855,-0.049137165151413566,-0.048594269388285365,0.0005428957631282011,-1.1048577211471127,0.2272759720228212,0.22506867996006955,-0.0022072920627516646,-0.9711946419615471,-0.0005131542263022916,-0.00045348176770922333,5.9672458593068285e-05,-11.628562240061552,-0.00047837789954461685,-0.0005738346499199331,-9.54567503753163e-05,19.954255927413165,0.0,0.0,0.0,nan
bootstrap,bootstrap_0331,,11,ok,0.10186738189037325,,7347.865114440015,7341.98521656109,-5.879897878924567,-0.08002185379491247,7348.841146643875,7343.145006131247,-5.696140512627608,-0.07751073126990865,2070.216530147837,2069.334488260155,-0.882041887682135,-0.0426062624289425,1512.4364541050136,1506.4002547822386,-6.036199322775019,-0.39910432642586285,-0.049137165151413566,-0.05067839957438796,-0.001541234422974394,3.1365961349727076,0.2272759720228212,0.24233302368393478,0.015057051661113569,6.625008146308429,-0.0005131542263022916,-0.0006150033635324418,-0.0001018491372301502,19.84766606407181,-0.00047837789954461685,-0.0005819664125963167,-0.00010358851305169981,21.65411762339126,0.0,0.0,0.0,nan
bootstrap,bootstrap_0332,,11,ok,0.11911385087723235,,7347.865114440015,7344.1167525227775,-3.748361917237162,-0.05101293857274116,7348.841146643875,7344.993819087522,-3.847327556352866,-0.05235284692621085,2070.216530147837,2070.4875903472357,0.27106019939856196,0.013093326009680986,1512.4364541050136,1522.5326689857716,10.096214880757998,0.6675463853939204,-0.049137165151413566,-0.048824219328530566,0.0003129458228829998,-0.6368821276495579,0.2272759720228212,0.22657668722160507,-0.0006992848012161434,-0.307680919805252,-0.0005131542263022916,-0.00018715882906329912,0.0003259953972389925,-63.527762323632,-0.00047837789954461685,-0.00045283200379847365,2.5545895746143194e-05,-5.340107845797463,0.0,0.0,0.0,nan
bootstrap,bootstrap_0333,,8,ok,0.12700120470701556,,7347.865114440015,7351.269013433685,3.4038989936707367,0.046325006524431146,7348.841146643875,7352.312379634124,3.4712329902495185,0.04723510715474899,2070.216530147837,2067.1431509711942,-3.073379176642902,-0.1484568948168638,1512.4364541050136,1510.8776544694992,-1.5587996355143332,-0.10306546309985334,-0.049137165151413566,-0.04946132805653154,-0.00032416290511797646,0.659710229760072,0.2272759720228212,0.2340645568737714,0.006788584850950186,2.986934690248968,-0.0005131542263022916,-0.0005790848403637836,-6.593061406149194e-05,12.848108947007518,-0.00047837789954461685,-0.0006453431688558638,-0.00016696526931124695,34.90237936789858,0.0,0.0,0.0,nan
bootstrap,bootstrap_0334,,10,ok,0.11000345976650865,,7347.865114440015,7338.412580573879,-9.452533866136037,-0.1286432687442769,7348.841146643875,7339.546138512935,-9.295008130940005,-0.12648263781269678,2070.216530147837,2070.0341694792,-0.1823606686371022,-0.00880877270476048,1512.4364541050136,1505.2563502845671,-7.180103820446448,-0.47473755349908464,-0.049137165151413566,-0.05070843718835475,-0.0015712720369411848,3.197726267071764,0.2272759720228212,0.23407698632698648,0.00680101430416527,2.992403571584931,-0.0005131542263022916,-0.0007257341232275507,-0.00021257989692525907,41.42612221223944,-0.00047837789954461685,-0.00048011994737019763,-1.7420478255807874e-06,0.3641572545970661,0.0,0.0,0.0,nan
bootstrap,bootstrap_0335,,10,ok,0.11805562083463053,,7347.865114440015,7357.512089582938,9.646975142923111,0.13128949691747727,7348.841146643875,7358.935549349801,10.094402705925859,0.13736046955560943,2070.216530147837,2071.55432350171,1.337793353872712,0.06462093865017966,1512.4364541050136,1506.6953862576318,-5.741067847381828,-0.3795906817638241,-0.049137165151413566,-0.04951006024137989,-0.00037289508996632414,0.7588860464727009,0.2272759720228212,0.20604537092158282,-0.021230601101238394,-9.341331119290777,-0.0005131542263022916,-0.0007252351064883121,-0.00021208088018602044,41.32887722941342,-0.00047837789954461685,-0.0004225204975617444,5.585740198287242e-05,-11.676417751749163,0.0,0.0,0.0,nan
bootstrap,bootstrap_0336,,9,ok,0.10286422703053863,,7347.865114440015,7356.885222105788,9.02010766577314,0.12275820970157489,7348.841146643875,7358.169458283562,9.328311639686945,0.1269358182268924,2070.216530147837,2071.7513564069977,1.5348262591605817,0.07413844092197339,1512.4364541050136,1505.8822288287429,-6.554225276270699,-0.43335541526266447,-0.049137165151413566,-0.050676519738531316,-0.00153935458711775,3.132770444477842,0.2272759720228212,0.24516650631299386,0.01789053429017265,7.87172270387484,-0.0005131542263022916,-0.0005923742528781392,-7.92200265758476e-05,15.437859129933434,-0.00047837789954461685,-0.0005413925126085046,-6.301461306388776e-05,13.172559418792837,0.0,0.0,0.0,nan
bootstrap,bootstrap_0337,,11,ok,0.11714399745695817,,7347.865114440015,7348.166770975978,0.30165653596304765,0.004105363003605396,7348.841146643875,7349.156999966941,0.3158533230662215,0.004298001776925983,2070.216530147837,2070.1935420562636,-0.022988091573552083,-0.0011104196705409588,1512.4364541050136,1507.8026918090823,-4.633762295931319,-0.30637732139783386,-0.049137165151413566,-0.05042416993543469,-0.0012870047840211271,2.619208454649938,0.2272759720228212,0.2376246113091191,0.010348639286297895,4.553336278442479,-0.0005131542263022916,-0.0006438760505738169,-0.00013072182427152526,25.474178633095573,-0.00047837789954461685,-0.0005168352411953241,-3.845734165070728e-05,8.03911336358056,0.0,0.0,0.0,nan
bootstrap,bootstrap_0338,,13,ok,0.1220691682795853,,7347.865114440015,7353.413819479753,5.5487050397387065,0.07551451956887993,7348.841146643875,7354.510593314838,5.669446670963225,0.07714749247985027,2070.216530147837,2071.2160627278404,0.9995325800032333,0.0482815476278636,1512.4364541050136,1511.8129740331362,-0.6234800718773386,-0.041223554892842344,-0.049137165151413566,-0.04938199959197329,-0.0002448344405597269,0.49826732943441604,0.2272759720228212,0.22882447707698225,0.0015485050541610423,0.6813324965146575,-0.0005131542263022916,-0.0004965068798251249,1.6647346477166678e-05,-3.2441214792529003,-0.00047837789954461685,-0.00040923342875358543,6.914447079103142e-05,-14.453943390121541,0.0,0.0,0.0,nan
bootstrap,bootstrap_0339,,11,ok,0.115880479994233,,7347.865114440015,7354.150590840143,6.285476400128573,0.08554153216253743,7348.841146643875,7355.101865440328,6.260718796453148,0.08519327975013231,2070.216530147837,2071.9042183426536,1.6876881948164737,0.08152230311367253,1512.4364541050136,1512.8330014917242,0.3965473867106084,0.02621911060357679,-0.049137165151413566,-0.04952745292151694,-0.000390287770103373,0.7942822279240611,0.2272759720228212,0.22413312948168468,-0.0031428425411365313,-1.3828309755599473,-0.0005131542263022916,-0.0004687949350746138,4.4359291227677824e-05,-8.644436497643968,-0.00047837789954461685,-0.0004651323199995075,1.324557954510933e-05,-2.7688527328955246,0.0,0.0,0.0,nan
bootstrap,bootstrap_0340,,11,ok,0.12170785444361278,,7347.865114440015,7353.888391159206,6.023276719191017,0.08197315309114864,7348.841146643875,7355.03267533206,6.191528688184917,0.08425176928763131,2070.216530147837,2071.3969157530883,1.1803856052511037,0.05701749493647462,1512.4364541050136,1510.8471577535472,-1.5892963514663734,-0.10508185961484523,-0.049137165151413566,-0.048985197971495496,0.0001519671799180694,-0.30927136201242095,0.2272759720228212,0.2239306661467963,-0.003345305876024912,-1.47191357108749,-0.0005131542263022916,-0.000537254013859482,-2.4099787557190335e-05,4.6964024306785115,-0.00047837789954461685,-0.0004645603871861449,1.3817512358471954e-05,-2.888409429370647,0.0,0.0,0.0,nan
bootstrap,bootstrap_0341,,13,ok,0.11865893950706126,,7347.865114440015,7347.192617848785,-0.6724965912299012,-0.009152271860683885,7348.841146643875,7348.110902290678,-0.7302443531971221,-0.00993686403917733,2070.216530147837,2069.9563666613417,-0.2601634864954576,-0.012566969817252834,1512.4364541050136,1515.6599369045664,3.223482799552812,0.21313178420182372,-0.049137165151413566,-0.04857508087883417,0.000562084272579394,-1.143908629745654,0.2272759720228212,0.22813058205564482,0.0008546100328236106,0.3760230459988078,-0.0005131542263022916,-0.000442653156613278,7.050106968901361e-05,-13.738768205619818,-0.00047837789954461685,-0.0004187259215450666,5.965197799955024e-05,-12.469635001185226,0.0,0.0,0.0,nan
bootstrap,bootstrap_0342,,10,ok,0.10616045372105973,,7347.865114440015,7345.884692991131,-1.9804214488840444,-0.026952338101472805,7348.841146643875,7346.689510829499,-2.1516358143753678,-0.02927857292653541,2070.216530147837,2071.2056402774015,0.9891101295643239,0.04777810026923561,1512.4364541050136,1514.1427921269444,1.7063380219308328,0.11282047700579663,-0.049137165151413566,-0.050090015082445,-0.0009528499310314312,1.939163417537977,0.2272759720228212,0.2340898214362756,0.0068138494134543925,2.998050939045242,-0.0005131542263022916,-0.00048316880232238607,2.998542397990555e-05,-5.843355163607594,-0.00047837789954461685,-0.00031313089974468886,0.00016524699979992798,-34.543192726342895,0.0,0.0,0.0,nan
bootstrap,bootstrap_0343,,11,ok,0.11810838410724579,,7347.865114440015,7345.284394335863,-2.5807201041516237,-0.03512203972117011,7348.841146643875,7346.609675107509,-2.2314715363654614,-0.030364944510802863,2070.216530147837,2066.6021623228075,-3.6143678250296034,-0.1745888786218655,1512.4364541050136,1511.926373946231,-0.5100801587825572,-0.0337257249650464,-0.049137165151413566,-0.049769764331272254,-0.000632599179858688,1.2874148883220415,0.2272759720228212,0.2298909881071523,0.0026150160843310954,1.150590650237552,-0.0005131542263022916,-0.0005239623424541437,-1.0808116151852089e-05,2.106212050465543,-0.00047837789954461685,-0.0007527591373851424,-0.00027438123784052557,57.35658735525153,0.0,0.0,0.0,nan
bootstrap,bootstrap_0344,,9,ok,0.12729678585834647,,7347.865114440015,7354.471098005829,6.605983565814313,0.08990344083524673,7348.841146643875,7355.437795059309,6.596648415434174,0.08976447148332745,2070.216530147837,2074.0316153676476,3.8150852198104985,0.18428435693816325,1512.4364541050136,1513.5661547622385,1.1297006572249302,0.07469409072749653,-0.049137165151413566,-0.047559095980579724,0.0015780691708338415,-3.211559246389378,0.2272759720228212,0.21318796936943243,-0.014088002653388776,-6.198632670229729,-0.0005131542263022916,-0.00046785459178978175,4.5299634512509864e-05,-8.827684191345725,-0.00047837789954461685,-0.00022992258786985357,0.0002484553116747633,-51.93703804278496,0.0,0.0,0.0,nan
bootstrap,bootstrap_0345,,13,ok,0.11983214685863651,,7347.865114440015,7347.066011551343,-0.7991028886717686,-0.010875306993610603,7348.841146643875,7347.940613344025,-0.900533299849485,-0.01225408580590625,2070.216530147837,2070.764339307446,0.5478091596087324,0.026461442638061276,1512.4364541050136,1517.0019931108204,4.565539005806841,0.3018665011290345,-0.049137165151413566,-0.04912420409972256,1.2961051691004477e-05,-0.026377288252315095,0.2272759720228212,0.23097247723857087,0.003696505215749657,1.6264390744211552,-0.0005131542263022916,-0.0003520984155118103,0.0001610558107904813,-31.385459289894982,-0.00047837789954461685,-0.0004286094634369857,4.976843610763113e-05,-10.403581803216095,0.0,0.0,0.0,nan
bootstrap,bootstrap_0346,,12,ok,0.1192624238287272,,7347.865114440015,7343.113860802344,-4.751253637670743,-0.06466168830907885,7348.841146643875,7344.04962067304,-4.7915259708343,-0.06520110960654703,2070.216530147837,2064.645059663309,-5.571470484528163,-0.2691250119682068,1512.4364541050136,1512.8467797240198,0.41032561900624387,0.027130106385134353,-0.049137165151413566,-0.0490785886879221,5.8576463491465114e-05,-0.1192100995467786,0.2272759720228212,0.22659238631490414,-0.0006835857079170726,-0.3007734173713852,-0.0005131542263022916,-0.0005075845220802374,5.5697042220542335e-06,-1.0853860178037786,-0.00047837789954461685,-0.0007231264376032437,-0.0002447485380586269,51.16217498584504,0.0,0.0,0.0,nan
bootstrap,bootstrap_0347,,12,ok,0.11231799750989675,,7347.865114440015,7359.9467902825,12.08167584248531,0.16442430085906745,7348.841146643875,7361.421574887248,12.580428243373717,0.17118927994679875,2070.216530147837,2073.4037142675847,3.1871841197475987,0.1539541431214443,1512.4364541050136,1512.1388786257687,-0.2975754792448697,-0.019675238482727554,-0.049137165151413566,-0.05029274484457182,-0.0011555796931582568,2.3517426974010394,0.2272759720228212,0.21868289442637373,-0.00859307759644748,-3.7809001629017924,-0.0005131542263022916,-0.00043531313894056717,7.784108736172445e-05,-15.16914084925989,-0.00047837789954461685,-0.00044460124714354736,3.3776652401069484e-05,-7.060663219020476,0.0,0.0,0.0,nan
bootstrap,bootstrap_0348,,10,ok,0.11923321877236558,,7347.865114440015,7343.8748861378135,-3.9902283022011034,-0.05430459378411169,7348.841146643875,7345.038972643351,-3.802174000523337,-0.05173841595772883,2070.216530147837,2069.2496904045865,-0.9668397432506026,-0.046702348723954935,1512.4364541050136,1513.7594234753321,1.3229693703185603,0.08747272434010653,-0.049137165151413566,-0.04973764790565873,-0.0006004827542451657,1.2220541262297286,0.2272759720228212,0.22893672541912866,0.0016607533963074461,0.730721061943445,-0.0005131542263022916,-0.0005058523799921245,7.301846310167159e-06,-1.4229340685320107,-0.00047837789954461685,-0.0005773386219538963,-9.896072240927947e-05,20.686725390843375,0.0,0.0,0.0,nan
bootstrap,bootstrap_0349,,13,ok,0.11666711598221977,,7347.865114440015,7352.214309107548,4.349194667533084,0.05918990890273764,7348.841146643875,7353.453603581793,4.612456937918068,0.06276441204644247,2070.216530147837,2070.235488232628,0.0189580847909383,0.0009157537153654395,1512.4364541050136,1507.331637398937,-5.10481670607669,-0.3375227231677296,-0.049137165151413566,-0.05014126498007364,-0.0010040998286600725,2.0434630804727787,0.2272759720228212,0.23116908266948832,0.003893110646667114,1.712944228999359,-0.0005131542263022916,-0.0006673370437592694,-0.00015418281745697775,30.046097168095994,-0.00047837789954461685,-0.0005387802834564688,-6.040238391185194e-05,12.626499670940253,0.0,0.0,0.0,nan
bootstrap,bootstrap_0350,,10,ok,0.11211298142748304,,7347.865114440015,7344.819348502212,-3.045765937802571,-0.04145103224359734,7348.841146643875,7345.275412392248,-3.5657342516269637,-0.04852104135160672,2070.216530147837,2072.875804170181,2.659274022343652,0.12845390729025574,1512.4364541050136,1512.4053546438772,-0.03109946113636397,-0.002056249110629056,-0.049137165151413566,-0.0501666126682994,-0.0010294475168858355,2.0950486535266077,0.2272759720228212,0.23594620559369126,0.008670233570870045,3.8148483069734493,-0.0005131542263022916,-0.000556866810622604,-4.371258432031241e-05,8.518410660923207,-0.00047837789954461685,-0.00028563059923522474,0.0001927473003093921,-40.29184886945538,0.0,0.0,0.0,nan
bootstrap,bootstrap_0351,,12,ok,0.1107012755769217,,7347.865114440015,7344.911426703116,-2.953687736898246,-0.04019790362092607,7348.841146643875,7346.248808598213,-2.5923380456615632,-0.0352754671645808,2070.216530147837,2068.849553590197,-1.3669765576401005,-0.0660306078003581,1512.4364541050136,1514.4632893958474,2.0268352908337874,0.13401126938805308,-0.049137165151413566,-0.04909023995711564,4.6925194297928186e-05,-0.09549837511653489,0.2272759720228212,0.23003301839189227,0.0027570463690710645,1.2130830833248947,-0.0005131542263022916,-0.00043083736917997326,8.231685712231835e-05,-16.041348371128233,-0.00047837789954461685,-0.0005234922116202299,-4.5114312075613034e-05,9.430684845298828,0.0,0.0,0.0,nan
bootstrap,bootstrap_0352,,10,ok,0.11295229245679986,,7347.865114440015,7346.566480772194,-1.298633667820468,-0.017673618766740763,7348.841146643875,7347.701900945012,-1.1392456988623962,-0.015502385697678004,2070.216530147837,2069.6043007054845,-0.6122294423526,-0.029573208088956755,1512.4364541050136,1511.4538133641772,-0.9826407408363593,-0.06497071253270197,-0.049137165151413566,-0.05117438164569972,-0.002037216494286155,4.145978889926964,0.2272759720228212,0.24349843326013085,0.016222461237309638,7.137781039027174,-0.0005131542263022916,-0.0005511980669926886,-3.804384069039694e-05,7.413724517974811,-0.00047837789954461685,-0.0006327693147500579,-0.00015439141520544103,32.27394395778131,0.0,0.0,0.0,nan
bootstrap,bootstrap_0353,,12,ok,0.11135174727531086,,7347.865114440015,7345.631114210604,-2.2340002294104124,-0.030403391932442504,7348.841146643875,7346.7707904172885,-2.0703562265862274,-0.028172553811858264,2070.216530147837,2069.1171188769003,-1.0994112709367982,-0.053106100493666125,1512.4364541050136,1510.9602453801917,-1.476208724821845,-0.09760467759257982,-0.049137165151413566,-0.05003448444849534,-0.0008973192970817764,1.826151944901043,0.2272759720228212,0.23143539100529759,0.004159418982476376,1.8301182238739786,-0.0005131542263022916,-0.0005734528352704139,-6.029860896812232e-05,11.750582159797178,-0.00047837789954461685,-0.0005403691906235472,-6.199129107893034e-05,12.958644439457137,0.0,0.0,0.0,nan
bootstrap,bootstrap_0354,,12,ok,0.1185903089535614,,7347.865114440015,7346.640361981172,-1.224752458842886,-0.016668140198110117,7348.841146643875,7347.417377259478,-1.4237693843970192,-0.019374066685973163,2070.216530147837,2066.3325393956616,-3.8839907521755777,-0.1876127784516442,1512.4364541050136,1511.8003282544794,-0.6361258505341993,-0.042059674560715854,-0.049137165151413566,-0.049108049416964214,2.9115734449351727e-05,-0.059253997172268966,0.2272759720228212,0.2322601864948325,0.004984214472011278,2.1930230581131576,-0.0005131542263022916,-0.0005226473885063442,-9.493162204052556e-06,1.849962782623615,-0.00047837789954461685,-0.000633310441658984,-0.00015493254211436716,32.38706099547082,0.0,0.0,0.0,nan
bootstrap,bootstrap_0355,,11,ok,0.12633468674393689,,7347.865114440015,7353.25983833298,5.394723892964976,0.07341892929367023,7348.841146643875,7354.28313462345,5.44198797957506,0.07405232840092549,2070.216530147837,2073.726660354197,3.510130206359918,0.16955377156172424,1512.4364541050136,1517.9883290582902,5.551874953276638,0.3670815351089886,-0.049137165151413566,-0.0487807361253579,0.00035642902605566296,-0.7253756397165889,0.2272759720228212,0.21722734556136508,-0.010048626461456128,-4.4213325201166125,-0.0005131542263022916,-0.00028559686776100226,0.00022755735854128935,-44.344827905059226,-0.00047837789954461685,-0.0003363340464752762,0.00014204385306934065,-29.692812566081486,0.0,0.0,0.0,nan
bootstrap,bootstrap_0356,,11,ok,0.1214096628352359,,7347.865114440015,7344.5649310711715,-3.300183368843136,-0.04491349960082446,7348.841146643875,7345.476212088838,-3.364934555036598,-0.04578864188094911,2070.216530147837,2069.2628007413477,-0.9537294064894013,-0.046069065365896486,1512.4364541050136,1518.9633571202673,6.526903015253765,0.43154890888398145,-0.049137165151413566,-0.049635544055177346,-0.0004983789037637798,1.014260595270508,0.2272759720228212,0.23113894578378325,0.003862973760962035,1.6996841886014007,-0.0005131542263022916,-0.00028937193525425465,0.00022378229104803697,-43.609168467845784,-0.00047837789954461685,-0.0005378500261591023,-5.947212661448547e-05,12.432038911308169,0.0,0.0,0.0,nan
bootstrap,bootstrap_0357,,10,ok,0.11863341493504753,,7347.865114440015,7349.719926987278,1.8548125472634638,0.02524287692241912,7348.841146643875,7350.488689416849,1.6475427729747025,0.022419082683902004,2070.216530147837,2074.2509025204836,4.0343723726464304,0.19487683118626872,1512.4364541050136,1515.7723546137886,3.335900508775012,0.22056467230215207,-0.049137165151413566,-0.04889305943593443,0.00024410571547913568,-0.4967842868568768,0.2272759720228212,0.2199962107947507,-0.007279761228070503,-3.2030492107364203,-0.0005131542263022916,-0.00040936818887657943,0.00010378603742571219,-20.225115979961423,-0.00047837789954461685,-0.00023285179152079084,0.00024552610802382603,-51.32471802262399,0.0,0.0,0.0,nan
bootstrap,bootstrap_0358,,12,ok,0.12455225521902165,,7347.865114440015,7350.822191000211,2.957076560196583,0.040244023456355235,7348.841146643875,7351.930015530872,3.088868886997261,0.04203205410703305,2070.216530147837,2071.827827114378,1.6112969665409764,0.07783229160216934,1512.4364541050136,1508.8737759709736,-3.5626781340399702,-0.2355588642663463,-0.049137165151413566,-0.049990122245708285,-0.0008529570942947193,1.7358695636314738,0.2272759720228212,0.22528787342914722,-0.0019880985936739926,-0.8747508924851782,-0.0005131542263022916,-0.0006518027840435969,-0.0001386485577413053,27.018886454543097,-0.00047837789954461685,-0.0004800394261777733,-1.6615266331564322e-06,0.34732512407828464,0.0,0.0,0.0,nan
bootstrap,bootstrap_0359,,12,ok,0.12024783657510378,,7347.865114440015,7349.2159645190895,1.3508500790749167,0.018384252541874074,7348.841146643875,7350.590061904168,1.7489152602929607,0.023798517689985296,2070.216530147837,2067.7041027890114,-2.5124273588257893,-0.1213606075614889,1512.4364541050136,1519.730526636114,7.294072531100483,0.482272991457136,-0.049137165151413566,-0.04823312249037227,0.0009040426610412988,-1.839834793593687,0.2272759720228212,0.22114101860157245,-0.006134953421248757,-2.6993409671272834,-0.0005131542263022916,-0.00020899792314904383,0.0003041563031532478,-59.271908436757926,-0.00047837789954461685,-0.0006175795194013764,-0.0001392016198567596,29.0986728252434,0.0,0.0,0.0,nan
bootstrap,bootstrap_0360,,11,ok,0.11811489796061847,,7347.865114440015,7354.366301749922,6.501187309907436,0.08847722717624895,7348.841146643875,7355.5009571669025,6.659810523027772,0.09062395539831782,2070.216530147837,2071.4056039675575,1.1890738197203063,0.057437171542408315,1512.4364541050136,1514.0360753178722,1.5996212128586649,0.1057645237601234,-0.049137165151413566,-0.04918145192476286,-4.4286773349291875e-05,0.09012887335446507,0.2272759720228212,0.22519167097937845,-0.00208430104344276,-0.917079366064034,-0.0005131542263022916,-0.00045667903973997225,5.647518656231936e-05,-11.005499646620986,-0.00047837789954461685,-0.00033877136101984095,0.0001396065385247759,-29.183316925316117,0.0,0.0,0.0,nan
bootstrap,bootstrap_0361,,12,ok,0.124792564838986,,7347.865114440015,7354.051012308624,6.1858978686095725,0.08418632857662363,7348.841146643875,7355.16645559758,6.325308953705644,0.08607219597601909,2070.216530147837,2071.0801130981968,0.8635829503596142,0.04171461959575526,1512.4364541050136,1513.3829261932874,0.946472088273822,0.06257929618827511,-0.049137165151413566,-0.05021493759597517,-0.0010777724445616074,2.193395653250465,0.2272759720228212,0.2332082996687583,0.005932327645937097,2.610186898833908,-0.0005131542263022916,-0.0004465165919582686,6.663763434402303e-05,-12.985888243424071,-0.00047837789954461685,-0.0004921568063505914,-1.3778906805974591e-05,2.880339334047658,0.0,0.0,0.0,nan
bootstrap,bootstrap_0362,,13,ok,0.11695401462304716,,7347.865114440015,7341.907023523167,-5.95809091684805,-0.08108601374757435,7348.841146643875,7342.973022027777,-5.8681246160977025,-0.0798510200316087,2070.216530147837,2070.1033218402963,-0.11320830754084454,-0.005468428345162531,1512.4364541050136,1512.4124079984417,-0.024046106571859127,-0.001589892025320723,-0.049137165151413566,-0.04906300348479863,7.416166661493306e-05,-0.15092784939140838,0.2272759720228212,0.22170163920026445,-0.00557433282255676,-2.452671425379288,-0.0005131542263022916,-0.0005497274944158175,-3.657326811352588e-05,7.127149351778135,-0.00047837789954461685,-0.000500564346313156,-2.218644676853915e-05,4.637849446987232,0.0,0.0,0.0,nan
bootstrap,bootstrap_0363,,11,ok,0.12073217864018992,,7347.865114440015,7340.758557259686,-7.106557180328309,-0.0967159449669607,7348.841146643875,7341.34317583007,-7.497970813804386,-0.10202929501651586,2070.216530147837,2066.6567182142353,-3.55981193360185,-0.1719536039714473,1512.4364541050136,1510.7180416385106,-1.7184124665029685,-0.11361882093220516,-0.049137165151413566,-0.048973762234808545,0.00016340291660502104,-0.33254445204867566,0.2272759720228212,0.22121137571115126,-0.006064596311669945,-2.6683842808781333,-0.0005131542263022916,-0.0006331393432548413,-0.00011998511695254972,23.381882249541924,-0.00047837789954461685,-0.0005947462483718152,-0.0001163683488271984,24.32561139174137,0.0,0.0,0.0,nan
bootstrap,bootstrap_0364,,14,ok,0.11401934507141628,,7347.865114440015,7351.2137474270585,3.3486329870438567,0.04557286960076509,7348.841146643875,7352.264491280283,3.4233446364087285,0.04658346218263444,2070.216530147837,2071.5958786018564,1.3793484540192367,0.06662822144120042,1512.4364541050136,1509.9120389601821,-2.524415144831437,-0.1669104931965729,-0.049137165151413566,-0.050156497723697374,-0.0010193325722838084,2.074463533137879,0.2272759720228212,0.23464153829568407,0.007365566272862861,3.2408028914395186,-0.0005131542263022916,-0.0005915737280359694,-7.841950173367775e-05,15.281858301890313,-0.00047837789954461685,-0.0003827186810360348,9.565921850858205e-05,-19.996579816844196,0.0,0.0,0.0,nan
bootstrap,bootstrap_0365,,12,ok,0.11231023030963805,,7347.865114440015,7346.48151554957,-1.3835988904447731,-0.018829944057161943,7348.841146643875,7347.106173773288,-1.7349728705867165,-0.023608795400061916,2070.216530147837,2072.860287825246,2.6437576774087574,0.1277044038103571,1512.4364541050136,1510.478418343856,-1.9580357611575891,-0.1294623490357656,-0.049137165151413566,-0.04987463323536219,-0.0007374680839486239,1.5008356336311937,0.2272759720228212,0.23144667552303874,0.004170703500217532,1.8350833407936074,-0.0005131542263022916,-0.0006276993153892065,-0.0001145450890869149,22.321766676717978,-0.00047837789954461685,-0.0002741535602135024,0.00020422433933111445,-42.69100632063524,0.0,0.0,0.0,nan
bootstrap,bootstrap_0366,,10,ok,0.11687613660594873,,7347.865114440015,7349.76486724923,1.8997528092149878,0.025854486706371298,7348.841146643875,7350.657484289617,1.816337645742351,0.02471597370929497,2070.216530147837,2072.6971996824336,2.4806695345964727,0.11982657362026398,1512.4364541050136,1516.9462534930487,4.509799388035162,0.298181082305626,-0.049137165151413566,-0.04858760280795691,0.0005495623434566554,-1.1184250083683263,0.2272759720228212,0.2271752480157226,-0.00010072400709862372,-0.044317930400715584,-0.0005131542263022916,-0.0003181088353056247,0.00019504539099666693,-38.009117142449206,-0.00047837789954461685,-0.000320387982080495,0.00015798991746412185,-33.02617399644036,0.0,0.0,0.0,nan
bootstrap,bootstrap_0367,,13,ok,0.12582380906960228,,7347.865114440015,7347.9044370047,0.039322564685789985,0.0005351563219160533,7348.841146643875,7348.852940159084,0.011793515209319594,0.00016048129186607262,2070.216530147837,2069.2695918268823,-0.9469383209548141,-0.04574102791494916,1512.4364541050136,1512.87805921997,0.4416051149564737,0.02919825912406972,-0.049137165151413566,-0.049391190470243714,-0.0002540253188301478,0.5169718644683352,0.2272759720228212,0.23303328566290848,0.005757313640087275,2.5331818356536044,-0.0005131542263022916,-0.0005014711723992995,1.1683053902992167e-05,-2.2767139593058427,-0.00047837789954461685,-0.0005336518841506305,-5.527398460601369e-05,11.554460324908561,0.0,0.0,0.0,nan
bootstrap,bootstrap_0368,,11,ok,0.11910655583568451,,7347.865114440015,7345.940132094569,-1.9249823454456418,-0.026197845434896037,7348.841146643875,7346.731300666983,-2.1098459768918474,-0.028709914050263394,2070.216530147837,2071.597484462646,1.3809543148090597,0.06670579114303776,1512.4364541050136,1513.9351877348795,1.4987336298659102,0.09909399008454792,-0.049137165151413566,-0.048183596371934936,0.0009535687794786293,-1.9406263599869016,0.2272759720228212,0.21586533215986062,-0.011410639862960592,-5.020609860955662,-0.0005131542263022916,-0.0005160193174681312,-2.8650911658395332e-06,0.5583294493129147,-0.00047837789954461685,-0.00036877472096083947,0.00010960317858377738,-22.911421846224947,0.0,0.0,0.0,nan
bootstrap,bootstrap_0369,,12,ok,0.12241834741677836,,7347.865114440015,7342.452839203562,-5.412275236452842,-0.07365779246296515,7348.841146643875,7343.293153815565,-5.547992828309361,-0.07549479867098585,2070.216530147837,2071.1356833446875,0.9191531968504023,0.04439889178088846,1512.4364541050136,1522.5006133642094,10.064159259195776,0.6654269164089447,-0.049137165151413566,-0.047810715628813914,0.0013264495225996514,-2.6994832089158334,0.2272759720228212,0.21397234474444682,-0.013303627278374391,-5.853512432470666,-0.0005131542263022916,-0.00022595307759998463,0.000287201148702307,-55.96780343637295,-0.00047837789954461685,-0.00041753361973993666,6.084427980468019e-05,-12.718873481111856,0.0,0.0,0.0,nan
bootstrap,bootstrap_0370,,13,ok,0.11703184305822402,,7347.865114440015,7351.4750650135275,3.609950573512833,0.04912924389995352,7348.841146643875,7352.812109906499,3.9709632626245366,0.05403523063548634,2070.216530147837,2070.241536821461,0.025006673623920506,0.001207925512126731,1512.4364541050136,1513.5084023960544,1.071948291040826,0.07087559203769345,-0.049137165151413566,-0.04936537280425832,-0.00022820765284475159,0.4644298305397591,0.2272759720228212,0.22880975538506582,0.0015337833622446062,0.6748550445493623,-0.0005131542263022916,-0.0004392017381633255,7.395248813896611e-05,-14.411357121981839,-0.00047837789954461685,-0.0005215697880566295,-4.3191888512012703e-05,9.028821890210322,0.0,0.0,0.0,nan
bootstrap,bootstrap_0371,,11,ok,0.11465542060790215,,7347.865114440015,7345.13183625715,-2.733278182864524,-0.037198262900785824,7348.841146643875,7346.127824651722,-2.713321992152487,-0.03692176682022345,2070.216530147837,2067.037946262712,-3.1785838851251356,-0.15353871630510788,1512.4364541050136,1508.595412895162,-3.8410412098514826,-0.2539638078298254,-0.049137165151413566,-0.049967192561835315,-0.0008300274104217492,1.6892049182407325,0.2272759720228212,0.23772932749473438,0.010453355471913173,4.599410742312668,-0.0005131542263022916,-0.0006380925883720811,-0.00012493836206978952,24.34713691633715,-0.00047837789954461685,-0.0006178355665638816,-0.00013945766701926475,29.152196861940936,0.0,0.0,0.0,nan
bootstrap,bootstrap_0372,,10,ok,0.12015043392627045,,7347.865114440015,7347.014664817171,-0.8504496228433709,-0.01157410498965296,7348.841146643875,7347.792055748618,-1.0490908952569953,-0.014275596305903308,2070.216530147837,2074.4268013743767,4.210271226539589,0.20337347157782223,1512.4364541050136,1512.9602300425418,0.5237759375281712,0.034631269043175525,-0.049137165151413566,-0.04896048849970563,0.00017667665170793823,-0.35955808839097353,0.2272759720228212,0.2262089493225323,-0.001067022700288911,-0.46948328536101,-0.0005131542263022916,-0.000551244241695887,-3.8090015393595425e-05,7.422722729590686,-0.00047837789954461685,-0.00023732778273538387,0.00024105011680923297,-50.38905790562153,0.0,0.0,0.0,nan
bootstrap,bootstrap_0373,,11,ok,0.11748486787022387,,7347.865114440015,7347.937708271889,0.07259383187465573,0.0009879581449038094,7348.841146643875,7348.918637019456,0.07749037558096461,0.0010544570774448365,2070.216530147837,2071.564819711439,1.3482895636020658,0.06512794888686269,1512.4364541050136,1509.3655083700341,-3.070945734979432,-0.2030462652922941,-0.049137165151413566,-0.0489438793807278,0.00019328577068576658,-0.3933596292951918,0.2272759720228212,0.22804531986416046,0.0007693478413392518,0.3385082173411627,-0.0005131542263022916,-0.0006033679432048512,-9.021371690255957e-05,17.580234611458895,-0.00047837789954461685,-0.00040052586035586093,7.785203918875592e-05,-16.274171374318453,0.0,0.0,0.0,nan
bootstrap,bootstrap_0374,,10,ok,0.12530281015891426,,7347.865114440015,7352.226013297206,4.360898857191387,0.05934919584494487,7348.841146643875,7353.064148481774,4.223001837899574,0.057464867638731945,2070.216530147837,2073.7822137736534,3.565683625816291,0.17223723093166785,1512.4364541050136,1514.5962389175295,2.159784812515909,0.14280168972745136,-0.049137165151413566,-0.04782490771412474,0.0013122574372888274,-2.6706006202131842,0.2272759720228212,0.21880970160951227,-0.00846627041330894,-3.725105798891414,-0.0005131542263022916,-0.00044961395423093165,6.354027207135997e-05,-12.382295383051044,-0.00047837789954461685,-0.00023619439073827426,0.00024218350880634258,-50.62598189357928,0.0,0.0,0.0,nan
bootstrap,bootstrap_0375,,11,ok,0.11681428469880119,,7347.865114440015,7354.379434282288,6.514319842272926,0.08865595299879679,7348.841146643875,7355.580887487822,6.739740843947402,0.09171161424581015,2070.216530147837,2071.4717308659724,1.2552007181352565,0.06063137357161479,1512.4364541050136,1516.834891584055,4.398437479041377,0.29081800211197356,-0.049137165151413566,-0.04804429029719687,0.001092874854216698,-2.2241308607223518,0.2272759720228212,0.22687769307159733,-0.00039827895122387935,-0.17524023665109983,-0.0005131542263022916,-0.00027652199178771766,0.00023663223451457396,-46.113277916408975,-0.00047837789954461685,-0.000371203545366117,0.00010717435417849987,-22.4037009821153,0.0,0.0,0.0,nan
bootstrap,bootstrap_0376,,12,ok,0.12014593059082658,,7347.865114440015,7339.516493514977,-8.348620925037721,-0.11361968129533329,7348.841146643875,7340.480956553409,-8.360190090465949,-0.11376201939381891,2070.216530147837,2065.275492768633,-4.941037379204317,-0.23867249185047668,1512.4364541050136,1509.2515354277912,-3.184918677222413,-0.2105819830365761,-0.049137165151413566,-0.04943466656881815,-0.00029750141740458175,0.6054509178294004,0.2272759720228212,0.2305169215253525,0.0032409495025312873,1.4259974222905787,-0.0005131542263022916,-0.0006811463570649736,-0.000167992130762682,32.73716207566033,-0.00047837789954461685,-0.0006497732636220169,-0.00017139536407740003,35.82844530245998,0.0,0.0,0.0,nan
bootstrap,bootstrap_0377,,13,ok,0.11945578202727618,,7347.865114440015,7352.317713789659,4.452599349644515,0.06059718408404467,7348.841146643875,7353.44071448998,4.5995678461049465,0.06258902259991717,2070.216530147837,2070.3576335636635,0.14110341582636465,0.006815877168959145,1512.4364541050136,1509.3344035747648,-3.102050530248789,-0.20510286708769077,-0.049137165151413566,-0.0490969390830643,4.022606834926806e-05,-0.08186485367097099,0.2272759720228212,0.2352632595220558,0.00798728749923458,3.514356325547938,-0.0005131542263022916,-0.0005708735887225744,-5.7719362420282825e-05,11.247956162458108,-0.00047837789954461685,-0.00042041443921651773,5.796346032809911e-05,-12.116667677013586,0.0,0.0,0.0,nan
bootstrap,bootstrap_0378,,13,ok,0.10898716344037562,,7347.865114440015,7347.654857165457,-0.21025727455798915,-0.002861474336876324,7348.841146643875,7348.590112067709,-0.2510345761656936,-0.003415974997368639,2070.216530147837,2069.3341699548464,-0.8823601929907454,-0.04262163788865771,1512.4364541050136,1505.6351037816762,-6.801350323337374,-0.4496949478358139,-0.049137165151413566,-0.05007348058055288,-0.0009363154291393144,1.905513731315407,0.2272759720228212,0.23070725340990098,0.0034312813870797654,1.5097422558752598,-0.0005131542263022916,-0.0007035574282473628,-0.00019040320194507114,37.104478962803555,-0.00047837789954461685,-0.000466465957912825,1.1911941631791829e-05,-2.4900693872211037,0.0,0.0,0.0,nan
bootstrap,bootstrap_0379,,10,ok,0.10903731309653913,,7347.865114440015,7343.430691606742,-4.434422833272947,-0.06034981268992575,7348.841146643875,7344.359199850416,-4.481946793458519,-0.06098848381700792,2070.216530147837,2071.133002051683,0.9164719038458315,0.04426937426590759,1512.4364541050136,1515.5671930743893,3.1307389693756704,0.2069997030869168,-0.049137165151413566,-0.04959104093126198,-0.00045387577984841443,0.9236914226732867,0.2272759720228212,0.23883673533883792,0.011560763316016714,5.08666323726288,-0.0005131542263022916,-0.0003880075638081845,0.00012514666249410712,-24.387729084079503,-0.00047837789954461685,-0.0003509252655671611,0.00012745263397745572,-26.64266766896672,0.0,0.0,0.0,nan
bootstrap,bootstrap_0380,,10,ok,0.1172002933554595,,7347.865114440015,7354.781652226572,6.9165377865574555,0.09412989594712462,7348.841146643875,7355.897755592886,7.056608949011206,0.09602342475770989,2070.216530147837,2071.3584747701466,1.1419446223094383,0.055160636855116324,1512.4364541050136,1514.3859474905994,1.9494933855858108,0.1288975401442189,-0.049137165151413566,-0.04919720766042757,-6.004250901400082e-05,0.1221936772888363,0.2272759720228212,0.22884817334371682,0.001572201320895611,0.6917587050239271,-0.0005131542263022916,-0.00037695478336564046,0.00013619944293665116,-26.541619644854695,-0.00047837789954461685,-0.0004776252578766417,7.526416679751245e-07,-0.15733203157829576,0.0,0.0,0.0,nan
bootstrap,bootstrap_0381,,11,ok,0.11787747517700956,,7347.865114440015,7354.0398791363,6.17476469628582,0.08403481283497136,7348.841146643875,7355.035248063107,6.194101419232538,0.08428677795085159,2070.216530147837,2071.861572816186,1.6450426683486512,0.07946234823229704,1512.4364541050136,1513.208711226678,0.7722571216643246,0.05106046733853085,-0.049137165151413566,-0.04952913748733937,-0.0003919723359258054,0.7977105205763569,0.2272759720228212,0.22305762030285478,-0.004218351719966429,-1.8560482581690845,-0.0005131542263022916,-0.0004897130496667444,2.3441176635547248e-05,-4.568056820745815,-0.00047837789954461685,-0.00040257277021585623,7.580512932876062e-05,-15.846285834049175,0.0,0.0,0.0,nan
bootstrap,bootstrap_0382,,13,ok,0.10846189710668996,,7347.865114440015,7359.425688974765,11.56057453475023,0.15733242723837437,7348.841146643875,7360.550029545029,11.708882901154539,0.15932965031502744,2070.216530147837,2073.5626022679617,3.346072120124518,0.1616290891023641,1512.4364541050136,1510.4436602004942,-1.9927939045194307,-0.13176050465529604,-0.049137165151413566,-0.050188181397416765,-0.0010510162460031988,2.1389435934379772,0.2272759720228212,0.22954266967372444,0.002266697650903232,0.9973327275773916,-0.0005131542263022916,-0.0004778905083770004,3.5263717925291215e-05,-6.871953131789638,-0.00047837789954461685,-0.00033644401997258774,0.0001419338795720291,-29.669823732898298,0.0,0.0,0.0,nan
bootstrap,bootstrap_0383,,12,ok,0.11257833438341232,,7347.865114440015,7345.355555034159,-2.5095594058557253,-0.03415358565747135,7348.841146643875,7346.393730464705,-2.4474161791695224,-0.03330343016445834,2070.216530147837,2068.8963675966247,-1.3201625512124338,-0.06376929813801453,1512.4364541050136,1509.8031386556138,-2.633315449399788,-0.17411081584634616,-0.049137165151413566,-0.05024228663882251,-0.0011051214874089471,2.249054221999934,0.2272759720228212,0.227711972990746,0.0004360009679247878,0.19183768703935325,-0.0005131542263022916,-0.0005961326828058301,-8.297845650353847e-05,16.170276351705827,-0.00047837789954461685,-0.0006262691191368644,-0.00014789121959224753,30.915144644648066,0.0,0.0,0.0,nan
bootstrap,bootstrap_0384,,11,ok,0.12098332206972066,,7347.865114440015,7345.999154472948,-1.8659599670663738,-0.02539458656364543,7348.841146643875,7347.018017610147,-1.823129033728037,-0.024808388116548657,2070.216530147837,2069.4757869312634,-0.7407432165737191,-0.03578095362424826,1512.4364541050136,1513.6806540438633,1.2441999388497607,0.08226460923186474,-0.049137165151413566,-0.049146792600654264,-9.62744924069836e-06,0.01959300910223837,0.2272759720228212,0.2155873719247726,-0.011688600098048618,-5.14291061831866,-0.0005131542263022916,-0.0005117726447796493,1.3815815226422747e-06,-0.2692331957582681,-0.00047837789954461685,-0.0005438052272674541,-6.542732772283721e-05,13.676912705440525,0.0,0.0,0.0,nan
bootstrap,bootstrap_0385,,12,ok,0.11347858894783128,,7347.865114440015,7339.701421532669,-8.163692907345649,-0.11110292282451362,7348.841146643875,7340.797885759443,-8.04326088443213,-0.10944937744511443,2070.216530147837,2066.1593521169325,-4.057178030904652,-0.19597843857496988,1512.4364541050136,1516.9253023589306,4.488848253917013,0.2967958251557283,-0.049137165151413566,-0.048787935142119175,0.00034923000929439063,-0.7107247807606664,0.2272759720228212,0.2302314348259871,0.002955462803165887,1.3003850679248765,-0.0005131542263022916,-0.0003923882825444313,0.00012076594375786033,-23.534044458345527,-0.00047837789954461685,-0.0006153234319721096,-0.0001369455324274928,28.627060856669093,0.0,0.0,0.0,nan
bootstrap,bootstrap_0386,,14,ok,0.11138133080575541,,7347.865114440015,7338.706756888623,-9.158357551391418,-0.12463970702719387,7348.841146643875,7339.740658500746,-9.100488143129041,-0.12383569002964667,2070.216530147837,2068.9841533632016,-1.2323767846355622,-0.059528883413347895,1512.4364541050136,1512.8924550884572,0.4560009834435732,0.03015009207202774,-0.049137165151413566,-0.04930906367730799,-0.00017189852589442195,0.34983403166366184,0.2272759720228212,0.23045281499336945,0.003176842970548238,1.3977909509190198,-0.0005131542263022916,-0.0005189992372151533,-5.845010912861634e-06,1.1390359103109917,-0.00047837789954461685,-0.0004445257228694294,3.385217667518746e-05,-7.076450794949438,0.0,0.0,0.0,nan
bootstrap,bootstrap_0387,,12,ok,0.10687181836769624,,7347.865114440015,7356.469509528399,8.60439508838408,0.1171006129586502,7348.841146643875,7357.885653057485,9.04450641361018,0.1230739137386402,2070.216530147837,2070.2351008545565,0.018570706719401642,0.0008970417562106646,1512.4364541050136,1508.239443565342,-4.19701053967151,-0.2774999589754729,-0.049137165151413566,-0.05054752381886931,-0.001410358667455744,2.870248340761618,0.2272759720228212,0.23786409345881912,0.01058812143599791,4.65870691994433,-0.0005131542263022916,-0.0005895001662163331,-7.634593991404147e-05,14.877776699644132,-0.00047837789954461685,-0.0005154546102311219,-3.7076710686505016e-05,7.750506601956219,0.0,0.0,0.0,nan
bootstrap,bootstrap_0388,,11,ok,0.11755423875197478,,7347.865114440015,7344.803797026839,-3.061317413175857,-0.04166267841743257,7348.841146643875,7345.694991204381,-3.1461554394936684,-0.04281158589106908,2070.216530147837,2068.7980165769122,-1.4185135709249153,-0.06852005818075547,1512.4364541050136,1507.9872634715866,-4.4491906334269515,-0.2941737235538776,-0.049137165151413566,-0.05018616110160935,-0.0010489959501957871,2.1348320501668376,0.2272759720228212,0.2350775222557333,0.007801550232912097,3.432633095120468,-0.0005131542263022916,-0.0006849349528117716,-0.00017178072650948003,33.475457806769874,-0.00047837789954461685,-0.0005549829473015683,-7.660504775695149e-05,16.013500588107075,0.0,0.0,0.0,nan
bootstrap,bootstrap_0389,,10,ok,0.11282837960876269,,7347.865114440015,7358.286088289324,10.42097384930912,0.14182315117393537,7348.841146643875,7359.455198832739,10.614052188864662,0.144431645439934,2070.216530147837,2073.7883626135194,3.5718324656822915,0.17253424526695388,1512.4364541050136,1512.0604869962358,-0.37596710877778605,-0.0248583739010883,-0.049137165151413566,-0.04952633870825904,-0.0003891735568454721,0.7920146708631938,0.2272759720228212,0.22576655577680474,-0.0015094162460164706,-0.6641336664770296,-0.0005131542263022916,-0.00047799326192254275,3.5160964379748864e-05,-6.85192922079454,-0.00047837789954461685,-0.00039055143685611877,8.782646268849808e-05,-18.359222441526438,0.0,0.0,0.0,nan
bootstrap,bootstrap_0390,,11,ok,0.11498485733397917,,7347.865114440015,7348.940724202392,1.0756097623770984,0.014638398305152765,7348.841146643875,7350.21677269075,1.375626046875368,0.01871895200107298,2070.216530147837,2069.3892508918657,-0.8272792559714617,-0.03996100136986079,1512.4364541050136,1513.5011924257142,1.0647383207005987,0.07039887975529253,-0.049137165151413566,-0.05012723033484421,-0.000990065183430644,2.01490090114033,0.2272759720228212,0.23348533355462942,0.006209361531808205,2.732080068360553,-0.0005131542263022916,-0.0004817069231511235,3.144730315116811e-05,-6.128236218139021,-0.00047837789954461685,-0.000686953677350861,-0.00020857577780624412,43.600629963214026,0.0,0.0,0.0,nan
bootstrap,bootstrap_0391,,11,ok,0.11851397139707712,,7347.865114440015,7350.41299030429,2.5478758642757384,0.03467504948163319,7348.841146643875,7351.70661590486,2.8654692609852646,0.03899212411597561,2070.216530147837,2072.807006651152,2.590476503314676,0.12513070326656536,1512.4364541050136,1519.5257495698263,7.0892954648127215,0.4687334430197811,-0.049137165151413566,-0.049936080729104396,-0.0007989155776908299,1.6258886226525564,0.2272759720228212,0.22022951011887087,-0.007046461903950335,-3.100398973650759,-0.0005131542263022916,-0.00022565640059614216,0.00028749782570614945,-56.02561782990923,-0.00047837789954461685,-0.0005526143321932893,-7.423643264867241e-05,15.518365860826854,0.0,0.0,0.0,nan
bootstrap,bootstrap_0392,,12,ok,0.12079539042454479,,7347.865114440015,7354.015186227051,6.1500717870367225,0.08369875727509762,7348.841146643875,7355.106510570412,6.265363926537248,0.0852564887648791,2070.216530147837,2070.521028365109,0.30449821727188464,0.01470852023629335,1512.4364541050136,1515.432786163063,2.9963320580493473,0.19811292235893846,-0.049137165151413566,-0.04854879449033648,0.0005883706610770867,-1.1974045699707212,0.2272759720228212,0.22769915047253178,0.0004231784497105706,0.18619585957290657,-0.0005131542263022916,-0.0003625343615060197,0.00015061986479627192,-29.35177322451671,-0.00047837789954461685,-0.00044198923101062496,3.638866853399188e-05,-7.606678437409298,0.0,0.0,0.0,nan
bootstrap,bootstrap_0393,,10,ok,0.10865282808779128,,7347.865114440015,7348.285343139985,0.4202286999707212,0.0057190584397757704,7348.841146643875,7349.658709076033,0.817562432158411,0.011125052451729504,2070.216530147837,2067.9719435169227,-2.244586630914455,-0.10842279530799447,1512.4364541050136,1510.4518159542456,-1.984638150767978,-0.13122125861098677,-0.049137165151413566,-0.04963860282079896,-0.0005014376693853947,1.0204855486478335,0.2272759720228212,0.24268164744604556,0.015405675423224352,6.778400411671075,-0.0005131542263022916,-0.00048276144691616993,3.0392779386121684e-05,-5.922737810253899,-0.00047837789954461685,-0.0005373696113156788,-5.8991711771062e-05,12.33161310905418,0.0,0.0,0.0,nan
bootstrap,bootstrap_0394,,12,ok,0.11508946029497945,,7347.865114440015,7361.3857465155315,13.520632075516914,0.18400762486706768,7348.841146643875,7362.607590007524,13.76644336364916,0.18732808464551073,2070.216530147837,2069.5879146803604,-0.6286154674767204,-0.030364720710245225,1512.4364541050136,1510.546054267122,-1.890399837891664,-0.12499036457107289,-0.049137165151413566,-0.0494489777554152,-0.000311812604001635,0.63457589187492,0.2272759720228212,0.22877255244804742,0.0014965804252262127,0.6584859859606884,-0.0005131542263022916,-0.00042096516109458074,9.218906520771088e-05,-17.965177033035612,-0.00047837789954461685,-0.00061297939282724,-0.00013460149328262312,28.137063482814437,0.0,0.0,0.0,nan
bootstrap,bootstrap_0395,,12,ok,0.11397524232859907,,7347.865114440015,7340.941151323153,-6.923963116862069,-0.09423095020150964,7348.841146643875,7341.96280055732,-6.878346086554302,-0.0935976972327883,2070.216530147837,2069.503444663501,-0.7130854843362613,-0.03444497104297292,1512.4364541050136,1513.1157962962745,0.6793421912609574,0.0449170733366751,-0.049137165151413566,-0.04931483172473233,-0.0001776665733187674,0.3615726971047216,0.2272759720228212,0.23150536962429033,0.00422939760146912,1.8609083766428414,-0.0005131542263022916,-0.0004864767124788119,2.667751382347971e-05,-5.198732165905301,-0.00047837789954461685,-0.0004542808481067451,2.4097051437871754e-05,-5.037241783286917,0.0,0.0,0.0,nan
bootstrap,bootstrap_0396,,8,ok,0.12289607132442322,,7347.865114440015,7347.779655729821,-0.08545871019396145,-0.0011630413577682326,7348.841146643875,7348.554643216286,-0.2865034275882863,-0.003898620501806994,2070.216530147837,2066.4029774544824,-3.8135526933547226,-0.18421032958723363,1512.4364541050136,1517.1617259684956,4.725271863482021,0.3124277949435044,-0.049137165151413566,-0.04888194109629444,0.0002552240551191229,-0.5194114359928244,0.2272759720228212,0.21672719699375734,-0.010548775029063873,-4.641394748057507,-0.0005131542263022916,-0.0003565398846965144,0.0001566143416057772,-30.5199360305995,-0.00047837789954461685,-0.0007081838872828312,-0.00022980598773821438,48.03858789400054,0.0,0.0,0.0,nan
bootstrap,bootstrap_0397,,13,ok,0.11967029940786526,,7347.865114440015,7347.142598103594,-0.7225163364209948,-0.009833010339303951,7348.841146643875,7348.028401278774,-0.8127453651004544,-0.011059503789541365,2070.216530147837,2069.402429241497,-0.8141009063401725,-0.039324432709559924,1512.4364541050136,1514.6921750922768,2.255720987263203,0.1491448438141508,-0.049137165151413566,-0.048744424688359524,0.0003927404630540421,-0.7992737510270143,0.2272759720228212,0.2275347001067072,0.0002587280838859951,0.11383873164560296,-0.0005131542263022916,-0.0004538493511652147,5.930487513707694e-05,-11.55693008014735,-0.00047837789954461685,-0.0004734978975237385,4.880002020878332e-06,-1.020114437879292,0.0,0.0,0.0,nan
bootstrap,bootstrap_0398,,12,ok,0.12222028063160914,,7347.865114440015,7349.287093781231,1.4219793412166837,0.019352278778528634,7348.841146643875,7350.286066022684,1.4449193788095727,0.01966186708865587,2070.216530147837,2071.1620064456124,0.945476297775258,0.04567040616315338,1512.4364541050136,1517.058953805583,4.622499700569506,0.30563265570750053,-0.049137165151413566,-0.04855255459234971,0.000584610559063857,-1.189752313269214,0.2272759720228212,0.22676286938447499,-0.0005131026383462245,-0.22576193769163724,-0.0005131542263022916,-0.0003549649468301141,0.00015818927947217754,-30.826849193480196,-0.00047837789954461685,-0.0004370436612840157,4.133423826060116e-05,-8.64049913257877,0.0,0.0,0.0,nan
bootstrap,bootstrap_0399,,11,ok,0.11851170022620346,,7347.865114440015,7343.384851990494,-4.480262449520524,-0.060973662141890955,7348.841146643875,7343.858110567905,-4.983036075969721,-0.0678071001472853,2070.216530147837,2069.2965237130916,-0.9200064347455736,-0.04444010669163552,1512.4364541050136,1512.466041805282,0.029587700268393746,0.0019562937793576466,-0.049137165151413566,-0.04895775310781637,0.0001794120435971991,-0.36512493759937187,0.2272759720228212,0.22379411046879702,-0.0034818615540241904,-1.5319972115990204,-0.0005131542263022916,-0.0005585897904491794,-4.543556414688776e-05,8.854173232536594,-0.00047837789954461685,-0.0004994367267043308,-2.1058827159714e-05,4.402132117675287,0.0,0.0,0.0,nan
bootstrap,bootstrap_0400,,11,ok,0.11371616073015268,,7347.865114440015,7345.020923713615,-2.8441907263995745,-0.03870771553509025,7348.841146643875,7346.292055720629,-2.5490909232457852,-0.0346869781558678,2070.216530147837,2068.7591221982693,-1.4574079495678234,-0.07039881714516828,1512.4364541050136,1511.4198543149616,-1.0165997900519415,-0.06721603326161005,-0.049137165151413566,-0.049621377638781425,-0.0004842124873678591,0.9854302458755689,0.2272759720228212,0.22409162667424665,-0.003184345348574563,-1.401091950122566,-0.0005131542263022916,-0.0005375410935632361,-2.438686726094453e-05,4.752346567750683,-0.00047837789954461685,-0.00066394822183456,-0.00018557032228994313,38.79157512639974,0.0,0.0,0.0,nan
bootstrap,bootstrap_0401,,12,ok,0.11798467073581119,,7347.865114440015,7351.848273323191,3.9831588831766567,0.05420838326698402,7348.841146643875,7353.075060806227,4.233914162352448,0.057613358050146786,2070.216530147837,2073.462918600114,3.246388452276733,0.15681395665625875,1512.4364541050136,1512.3753594140767,-0.06109469093689768,-0.004039488123357258,-0.049137165151413566,-0.04898095944789593,0.00015620570351763258,-0.3178972637845366,0.2272759720228212,0.21679019368405728,-0.010485778338763935,-4.613676600054774,-0.0005131542263022916,-0.0004906798563213262,2.2474369980965436e-05,-4.379652125816482,-0.00047837789954461685,-0.00042534898523756886,5.302891430704798e-05,-11.085151374578109,0.0,0.0,0.0,nan
bootstrap,bootstrap_0402,,12,ok,0.11064682448841996,,7347.865114440015,7348.006295784866,0.14118134485124756,0.0019213927127458854,7348.841146643875,7348.988622026438,0.14747538256324333,0.002006784193866995,2070.216530147837,2071.7566678506637,1.5401377028265415,0.07439500556574911,1512.4364541050136,1508.729744771275,-3.7067093337386723,-0.24508198831613873,-0.049137165151413566,-0.0486472603021432,0.0004899048492703686,-0.9970148822398542,0.2272759720228212,0.22739166480683076,0.0001156927840095523,0.05090409821146222,-0.0005131542263022916,-0.0006119084453070368,-9.875421900474516e-05,19.24454948297951,-0.00047837789954461685,-0.0003263883818471223,0.00015198951769749457,-31.771851885753552,0.0,0.0,0.0,nan
bootstrap,bootstrap_0403,,11,ok,0.11719351992550735,,7347.865114440015,7349.563569698401,1.698455258386275,0.023114948790342833,7348.841146643875,7350.488323316515,1.6471766726399437,0.02241410094150952,2070.216530147837,2072.250302849756,2.0337727019186786,0.0982396127314008,1512.4364541050136,1514.4344544398286,1.9980003348150603,0.13210474591458984,-0.049137165151413566,-0.04800586160485369,0.001131303546559874,-2.302337839543291,0.2272759720228212,0.2205905146496283,-0.006685457373192899,-2.941559247856434,-0.0005131542263022916,-0.0004702808207949105,4.287340550738111e-05,-8.354877210370088,-0.00047837789954461685,-0.0003679518106327566,0.00011042608891186024,-23.083442821455247,0.0,0.0,0.0,nan
bootstrap,bootstrap_0404,,12,ok,0.1152164922386598,,7347.865114440015,7339.4984270001505,-8.366687439864108,-0.11386555563495451,7348.841146643875,7340.400816924357,-8.44032971951765,-0.11485252642006344,2070.216530147837,2069.7810917869024,-0.43543836093476784,-0.02103346942668227,1512.4364541050136,1510.2777409606258,-2.158713144387775,-0.14273083265935935,-0.049137165151413566,-0.04923454840840369,-9.738325699012312e-05,0.19818655937932478,0.2272759720228212,0.2264379923942361,-0.0008379796285851171,-0.3687057726018543,-0.0005131542263022916,-0.0006326674401281752,-0.00011951321382588356,23.2899209828353,-0.00047837789954461685,-0.0003871954973471183,9.118240219749854e-05,-19.060747221871654,0.0,0.0,0.0,nan
bootstrap,bootstrap_0405,,13,ok,0.11986631200076531,,7347.865114440015,7351.478390766533,3.613276326518644,0.04917450538684819,7348.841146643875,7352.373207040474,3.532060396599263,0.04806282141793624,2070.216530147837,2072.9900816379445,2.7735514901073657,0.13397398048547618,1512.4364541050136,1512.0626013263932,-0.3738527786204031,-0.024718577604083938,-0.049137165151413566,-0.04866335791298543,0.00047380723842813804,-0.964254321485837,0.2272759720228212,0.22281447542556748,-0.004461496597253728,-1.9630304768010147,-0.0005131542263022916,-0.0005077776584689142,5.376567833377402e-06,-1.0477489140292386,-0.00047837789954461685,-0.00032427584613929996,0.00015410205340531688,-32.213455837322655,0.0,0.0,0.0,nan
bootstrap,bootstrap_0406,,11,ok,0.12038024398875663,,7347.865114440015,7347.025271346786,-0.83984309322841,-0.011429756536738153,7348.841146643875,7347.816105525663,-1.0250411182114476,-0.013948336856887582,2070.216530147837,2068.9744914985085,-1.242038649328606,-0.05999559134231772,1512.4364541050136,1516.1203276195708,3.6838735145572628,0.2435721186538842,-0.049137165151413566,-0.04975978802924719,-0.0006226228778336215,1.2671119221368228,0.2272759720228212,0.2342822003745804,0.007006228351759181,3.0826964634236265,-0.0005131542263022916,-0.00041008279293222117,0.00010307143337007045,-20.085858809501957,-0.00047837789954461685,-0.00047558609514315443,2.7918044014624125e-06,-0.5835981144028644,0.0,0.0,0.0,nan
bootstrap,bootstrap_0407,,13,ok,0.11476467221186819,,7347.865114440015,7348.790295395287,0.9251809552724808,0.012591153224278933,7348.841146643875,7349.721022873251,0.8798762293763502,0.011972992908932029,2070.216530147837,2070.689459070186,0.4729289223487285,0.022844418226868085,1512.4364541050136,1506.3921086582425,-6.0443454467711035,-0.39964293576538085,-0.049137165151413566,-0.05006676277246521,-0.0009295976210516449,1.8918421894855741,0.2272759720228212,0.22923655260108888,0.0019605805782676733,0.8626431385675947,-0.0005131542263022916,-0.0007338410386574575,-0.00022068681235516588,43.00594266667162,-0.00047837789954461685,-0.00039240731199461493,8.597058755000192e-05,-17.971270753067827,0.0,0.0,0.0,nan
bootstrap,bootstrap_0408,,13,ok,0.10652876122367282,,7347.865114440015,7331.916695809515,-15.948418630499873,-0.21704833148281483,7348.841146643875,7332.899539706172,-15.941606937703,-0.21692681362398664,2070.216530147837,2068.655103175794,-1.5614269720431366,-0.0754233651072061,1512.4364541050136,1503.3872167308755,-9.049237374138102,-0.598321823675759,-0.049137165151413566,-0.050630865291952536,-0.00149370014053897,3.039858192747205,0.2272759720228212,0.23319441772982719,0.005918445707005976,2.604078932907036,-0.0005131542263022916,-0.0007563550711509744,-0.00024320084484868282,47.393323952751935,-0.00047837789954461685,-0.000421036745138535,5.7341154406081866e-05,-11.986580998132803,0.0,0.0,0.0,nan
bootstrap,bootstrap_0409,,11,ok,0.10685545249145559,,7347.865114440015,7365.401738561634,17.536624121619752,0.2386628476230028,7348.841146643875,7366.875414451782,18.034267807906872,0.24540287982878634,2070.216530147837,2070.7640608212314,0.5475306733942489,0.02644799060488368,1512.4364541050136,1508.2178362169757,-4.2186178880378975,-0.2789286040142606,-0.049137165151413566,-0.05018726375377434,-0.0010500986023607717,2.137076079022769,0.2272759720228212,0.2284186336616491,0.0011426616388278965,0.5027639431735264,-0.0005131542263022916,-0.0005197845527007486,-6.630326398456964e-06,1.2920728425514587,-0.00047837789954461685,-0.0005412196029723203,-6.284170342770346e-05,13.136414430416721,0.0,0.0,0.0,nan
bootstrap,bootstrap_0410,,12,ok,0.1160375609589365,,7347.865114440015,7349.509199421461,1.6440849814462126,0.022375002205950394,7348.841146643875,7350.320738816533,1.4795921726581582,0.020133680169884604,2070.216530147837,2070.064877300363,-0.1516528474739971,-0.0073254582438855975,1512.4364541050136,1512.3794492889936,-0.05700481602002583,-0.003769071808954678,-0.049137165151413566,-0.0492902322406913,-0.00015306708927773083,0.31150980893192093,0.2272759720228212,0.23472086907976347,0.007444897056942262,3.27570793809858,-0.0005131542263022916,-0.0005096565656666116,3.497660635680042e-06,-0.6816002785134662,-0.00047837789954461685,-0.00038718327988752265,9.11946196570942e-05,-19.063301156659882,0.0,0.0,0.0,nan
bootstrap,bootstrap_0411,,11,ok,0.10785777652884053,,7347.865114440015,7344.985263944129,-2.8798504958858757,-0.03919302342970882,7348.841146643875,7345.87790563861,-2.9632410052645355,-0.040322561695564904,2070.216530147837,2072.497342546637,2.2808123987997533,0.11017264936228083,1512.4364541050136,1506.6946549551524,-5.741799149861208,-0.3796390343724508,-0.049137165151413566,-0.05028262793009561,-0.0011454627786820423,2.331153568083058,0.2272759720228212,0.23642751692139055,0.009151544898569342,4.026622267685393,-0.0005131542263022916,-0.0006850049386072319,-0.00017185071230494027,33.489096161843854,-0.00047837789954461685,-0.0002672719324414854,0.00021110596710313147,-44.12954011966062,0.0,0.0,0.0,nan
bootstrap,bootstrap_0412,,11,ok,0.11870737310059497,,7347.865114440015,7341.809261497393,-6.055852942621641,-0.08241649578896987,7348.841146643875,7342.751745427134,-6.089401216740953,-0.0828620607688861,2070.216530147837,2068.2470365271633,-1.969493620673802,-0.09513466789549582,1512.4364541050136,1510.1929874327257,-2.243466672287923,-0.14833460713002303,-0.049137165151413566,-0.049064963439215445,7.220171219812083e-05,-0.14693910805728227,0.2272759720228212,0.21635435975698472,-0.010921612265836489,-4.8054407901684515,-0.0005131542263022916,-0.0006364013113002651,-0.00012324708499797344,24.017552361611145,-0.00047837789954461685,-0.0005821613036146819,-0.00010378340407006504,21.694857594562745,0.0,0.0,0.0,nan
bootstrap,bootstrap_0413,,12,ok,0.11575551764034159,,7347.865114440015,7348.74356594121,0.878451501195741,0.01195519361765922,7348.841146643875,7349.745734362843,0.9045877189682869,0.012309256669419247,2070.216530147837,2068.594028584749,-1.622501563088008,-0.07837351984490931,1512.4364541050136,1515.8782191934956,3.441765088482043,0.2275642774372767,-0.049137165151413566,-0.04928704989500624,-0.00014988474359267645,0.3050333553651591,0.2272759720228212,0.2331134713396182,0.005837499316797001,2.56846302969979,-0.0005131542263022916,-0.00035487228628309743,0.00015828194001919418,-30.844906249676413,-0.00047837789954461685,-0.0005820327345143392,-0.00010365483496972239,21.667981541035807,0.0,0.0,0.0,nan
bootstrap,bootstrap_0414,,13,ok,0.11505851301504105,,7347.865114440015,7345.320105690069,-2.545008749945737,-0.034636029789717956,7348.841146643875,7346.089650014738,-2.7514966291364544,-0.03744123153883969,2070.216530147837,2069.4589375834244,-0.7575925644127892,-0.03659484664431157,1512.4364541050136,1511.5413177407856,-0.8951363642279375,-0.05918505612572237,-0.049137165151413566,-0.048972094654352635,0.0001650704970609304,-0.335938177451374,0.2272759720228212,0.2305155003846171,0.0032395283617958903,1.4253721292942498,-0.0005131542263022916,-0.000587493414509164,-7.433918820687238e-05,14.486714597003097,-0.00047837789954461685,-0.0004462450072120164,3.2132892332600426e-05,-6.717052013311808,0.0,0.0,0.0,nan
bootstrap,bootstrap_0415,,13,ok,0.11137505726613257,,7347.865114440015,7362.98439573684,15.119281296825648,0.2057642738584471,7348.841146643875,7364.490429539224,15.649282895349643,0.21294898859660993,2070.216530147837,2072.7547137671418,2.5381836193046183,0.1226047412114598,1512.4364541050136,1508.1764203676094,-4.260033737404228,-0.281666957037551,-0.049137165151413566,-0.0503294376015113,-0.001192272450097731,2.4264168403362443,0.2272759720228212,0.23127672405894778,0.00400075203612657,1.7603057641855986,-0.0005131542263022916,-0.0005326401167146118,-1.948589041232023e-05,3.797277585090253,-0.00047837789954461685,-0.0004814823438630894,-3.104444318472561e-06,0.6489522867648736,0.0,0.0,0.0,nan
bootstrap,bootstrap_0416,,9,ok,0.10644366659063932,,7347.865114440015,7340.030416814889,-7.834697625125955,-0.10662549601964273,7348.841146643875,7340.685380356976,-8.155766286899052,-0.11098030456983943,2070.216530147837,2072.839405012601,2.6228748647640714,0.12669567779833968,1512.4364541050136,1504.7740949351664,-7.66235916984715,-0.5066235443512476,-0.049137165151413566,-0.05043208850897034,-0.0012949233575567723,2.635323697585188,0.2272759720228212,0.22737688916597315,0.00010091714315194067,0.04440290905094331,-0.0005131542263022916,-0.0008514173923984365,-0.00033826316609614486,65.91842155010899,-0.00047837789954461685,-0.00016639550160654656,0.0003119823979380703,-65.21672473478735,0.0,0.0,0.0,nan
bootstrap,bootstrap_0417,,10,ok,0.12047099589159405,,7347.865114440015,7349.115404198326,1.2502897583117374,0.017015687398162355,7348.841146643875,7350.32044127826,1.4792946343850417,0.020129631391755113,2070.216530147837,2073.930425713878,3.713895566040719,0.17939647915841464,1512.4364541050136,1517.5769506993142,5.140496594300657,0.33988182315683163,-0.049137165151413566,-0.05076132190449219,-0.001624156753078622,3.3053529809338187,0.2272759720228212,0.22908212520423907,0.0018061531814178577,0.7946960540274352,-0.0005131542263022916,-0.0003308963146019527,0.00018225791170033894,-35.51718028586858,-0.00047837789954461685,-0.0004957428015399948,-1.7364901995377984e-05,3.629954897980903,0.0,0.0,0.0,nan
bootstrap,bootstrap_0418,,10,ok,0.11715542293161643,,7347.865114440015,7338.971185995873,-8.893928444141238,-0.12104098681211366,7348.841146643875,7339.544468110215,-9.29667853365936,-0.12650536796410464,2070.216530147837,2066.7869005369494,-3.429629610887787,-0.16566526065961187,1512.4364541050136,1508.0402469687242,-4.396207136289377,-0.2906705352385095,-0.049137165151413566,-0.04918425764653382,-4.709249512025587e-05,0.09583885227229298,0.2272759720228212,0.22247522992623184,-0.004800742096589372,-2.112296365454471,-0.0005131542263022916,-0.0007590574086552277,-0.00024590318235293604,47.91993707717767,-0.00047837789954461685,-0.000500787017856008,-2.2409118311391102e-05,4.684396652254014,0.0,0.0,0.0,nan
bootstrap,bootstrap_0419,,10,ok,0.10820284701250886,,7347.865114440015,7329.243928094101,-18.621186345913884,-0.25342308352013093,7348.841146643875,7330.0438618612325,-18.797284782642237,-0.2557857001879368,2070.216530147837,2068.6193466941045,-1.5971834537326686,-0.0771505507019892,1512.4364541050136,1503.1470465920577,-9.289407512955904,-0.6142015082843877,-0.049137165151413566,-0.04998548757423224,-0.0008483224228186745,1.7264374536150264,0.2272759720228212,0.2259059554664909,-0.0013700165563303168,-0.6027986786886345,-0.0005131542263022916,-0.0008040048747998583,-0.0002908506484975667,56.678993095972444,-0.00047837789954461685,-0.00040059276867025203,7.778513087436481e-05,-16.26018487651937,0.0,0.0,0.0,nan
bootstrap,bootstrap_0420,,12,ok,0.11509696060470431,,7347.865114440015,7346.610102228776,-1.2550122112388635,-0.017079957126220447,7348.841146643875,7347.401170227356,-1.43997641651913,-0.019594605296057454,2070.216530147837,2069.8228942316123,-0.3936359162248664,-0.019014238872721023,1512.4364541050136,1507.6623287152013,-4.774125389812298,-0.3156579158651259,-0.049137165151413566,-0.04993305605965107,-0.0007958909082375065,1.6197330590501322,0.2272759720228212,0.22569697085401375,-0.0015790011688074646,-0.6947505953902219,-0.0005131542263022916,-0.0007188236202796869,-0.00020566939397739532,40.07945047231054,-0.00047837789954461685,-0.0004642805573962508,1.4097342148366033e-05,-2.9469049807245993,0.0,0.0,0.0,nan
bootstrap,bootstrap_0421,,10,ok,0.1277965528377349,,7347.865114440015,7349.033868635968,1.1687541959536247,0.01590603770960344,7348.841146643875,7349.952198366588,1.111051722713455,0.015118733696140087,2070.216530147837,2066.1357309332902,-4.080799214546914,-0.19711943920453087,1512.4364541050136,1514.2723564511145,1.8359023461009656,0.12138707322995354,-0.049137165151413566,-0.0486717977910362,0.0004653673603773681,-0.9470781615979743,0.2272759720228212,0.22334763129219887,-0.003928340730622343,-1.7284452446332033,-0.0005131542263022916,-0.0004358301793666563,7.732404693563532e-05,-15.068383533118336,-0.00047837789954461685,-0.0006876672020250025,-0.00020928930248038566,43.74978498789656,0.0,0.0,0.0,nan
bootstrap,bootstrap_0422,,12,ok,0.1202500583764263,,7347.865114440015,7345.626203678945,-2.2389107610697465,-0.030470221298290332,7348.841146643875,7346.425137623926,-2.416009019948433,-0.0328760544926433,2070.216530147837,2070.659726508884,0.44319636104683013,0.021408212841155357,1512.4364541050136,1512.0539356940612,-0.3825184109523434,-0.025291536045307716,-0.049137165151413566,-0.049904058625371214,-0.0007668934739576486,1.5607198168524925,0.2272759720228212,0.23524167419708927,0.007965702174268063,3.5048589181562106,-0.0005131542263022916,-0.0005376530319664714,-2.449880566417976e-05,4.774160361245446,-0.00047837789954461685,-0.0004479109070070526,3.0466992537564225e-05,-6.3688127245357125,0.0,0.0,0.0,nan
bootstrap,bootstrap_0423,,12,ok,0.11949119604817184,,7347.865114440015,7347.576147597358,-0.28896684265691874,-0.0039326639528131984,7348.841146643875,7348.543999618912,-0.29714702496312384,-0.004043454185954574,2070.216530147837,2068.0018590364034,-2.214671111433745,-0.10697775228737025,1512.4364541050136,1508.4105804985236,-4.025873606489995,-0.26618464501851163,-0.049137165151413566,-0.04939789776304228,-0.0002607326116287126,0.5306220064288993,0.2272759720228212,0.22243181262483824,-0.004844159397982967,-2.1313997053311713,-0.0005131542263022916,-0.0006829746161200531,-0.0001698203898177615,33.09344074615939,-0.00047837789954461685,-0.0005482939468524139,-6.991604730779706e-05,14.615233557894788,0.0,0.0,0.0,nan
bootstrap,bootstrap_0424,,9,ok,0.11833090173614731,,7347.865114440015,7354.070137598653,6.2050231586381415,0.08444661220636779,7348.841146643875,7355.555646010329,6.71449936645422,0.09136813862850537,2070.216530147837,2072.033035309314,1.8165051614769254,0.0877446940947383,1512.4364541050136,1508.5295768431647,-3.9068772618488765,-0.25831678754138315,-0.049137165151413566,-0.05019991152871071,-0.0010627463772971413,2.1628158116617935,0.2272759720228212,0.2237916168274046,-0.003484355195416622,-1.5330943981472671,-0.0005131542263022916,-0.0005841121033658004,-7.09578770635088e-05,13.827787714976076,-0.00047837789954461685,-0.000528120209339039,-4.9742309794422184e-05,10.398120365044763,0.0,0.0,0.0,nan
bootstrap,bootstrap_0425,,13,ok,0.12200260678091293,,7347.865114440015,7347.86974546595,0.004631025934941135,6.302546199222205e-05,7348.841146643875,7348.697280087508,-0.14386655636644718,-0.0019576767750946592,2070.216530147837,2069.8502119338928,-0.3663182139443961,-0.01769468114131215,1512.4364541050136,1508.3948585781877,-4.0415955268258585,-0.26722415449960035,-0.049137165151413566,-0.04844581768495647,0.000691347466457097,-1.4069746684139115,0.2272759720228212,0.21859304398653925,-0.008682928036281956,-3.8204337920112765,-0.0005131542263022916,-0.0007044594631207934,-0.00019130523681850178,37.280261374249434,-0.00047837789954461685,-0.0004251509563119752,5.3226943232641646e-05,-11.126547293114935,0.0,0.0,0.0,nan
bootstrap,bootstrap_0426,,11,ok,0.11827818924574998,,7347.865114440015,7343.2547223469355,-4.610392093079099,-0.06274464788444147,7348.841146643875,7344.123872335081,-4.7172743087940034,-0.06419072360746735,2070.216530147837,2070.41123612506,0.19470597722283856,0.009405102045481896,1512.4364541050136,1511.727509788096,-0.7089443169174956,-0.04687432090077559,-0.049137165151413566,-0.04947151382820478,-0.00033434867679121155,0.680439491698257,0.2272759720228212,0.23066154182628945,0.0033855698034682413,1.4896294462347694,-0.0005131542263022916,-0.0005727096043964381,-5.955537809414647e-05,11.605746389987495,-0.00047837789954461685,-0.00044698291008220205,3.13949894624148e-05,-6.562800976445753,0.0,0.0,0.0,nan
bootstrap,bootstrap_0427,,11,ok,0.11814124035504642,,7347.865114440015,7351.222211915187,3.3570974751719405,0.045688066164613954,7348.841146643875,7351.986128285526,3.1449816416516114,0.04279561333405452,2070.216530147837,2075.0377663240142,4.821236176177081,0.23288559945141532,1512.4364541050136,1508.4521612346475,-3.984292870366062,-0.2634353899333756,-0.049137165151413566,-0.04886589294426339,0.00027127220715017497,-0.5520713421587592,0.2272759720228212,0.2183355233115808,-0.008940448711240417,-3.9337412713134015,-0.0005131542263022916,-0.0007079785028997196,-0.00019482427659742803,37.966027874563366,-0.00047837789954461685,-0.00014641335875744866,0.0003319645407871682,-69.39378702552435,0.0,0.0,0.0,nan
bootstrap,bootstrap_0428,,12,ok,0.12349841412859566,,7347.865114440015,7343.974503459013,-3.890610981001373,-0.05294886229410431,7348.841146643875,7344.666555700261,-4.174590943614021,-0.05680611215171667,2070.216530147837,2068.1027880097263,-2.113742138110865,-0.10210246644875934,1512.4364541050136,1512.9704305830255,0.5339764780119367,0.035305713278903875,-0.049137165151413566,-0.04871905076689406,0.0004181143845195037,-0.8509127118569141,0.2272759720228212,0.2257609462504331,-0.001515025772388101,-0.6666018228429245,-0.0005131542263022916,-0.000532297425421776,-1.914319911948436e-05,3.7304962403656363,-0.00047837789954461685,-0.0005236927497821441,-4.531485023752727e-05,9.472605293987018,0.0,0.0,0.0,nan
bootstrap,bootstrap_0429,,12,ok,0.11725808112863148,,7347.865114440015,7347.222345781317,-0.6427686586976051,-0.008747692679257776,7348.841146643875,7348.336515895716,-0.5046307481588883,-0.006866807134473807,2070.216530147837,2067.7336201368175,-2.4829100110196123,-0.11993479787557798,1512.4364541050136,1514.641280728346,2.2048266233323375,0.14577978581169856,-0.049137165151413566,-0.049510008405556395,-0.0003728432541428295,0.7587805543806461,0.2272759720228212,0.22829695076497367,0.0010209787421524563,0.44922423301744274,-0.0005131542263022916,-0.00042785945301254056,8.529477328975105e-05,-16.62166438818437,-0.00047837789954461685,-0.0006377289965492116,-0.00015935109700459475,33.31071463716993,0.0,0.0,0.0,nan
bootstrap,bootstrap_0430,,12,ok,0.11595282513448035,,7347.865114440015,7344.495407674954,-3.3697067650609824,-0.04585967097352998,7348.841146643875,7345.943907548656,-2.897239095218538,-0.039424434919805976,2070.216530147837,2066.335885678488,-3.8806444693491358,-0.18745113918455733,1512.4364541050136,1510.6815953100743,-1.7548587949393095,-0.11602859678344303,-0.049137165151413566,-0.050770305595989725,-0.0016331404445761588,3.323635866138641,0.2272759720228212,0.23278436533011723,0.005508393307296022,2.423658452879882,-0.0005131542263022916,-0.0005695228733156278,-5.636864701333614e-05,10.9847379450657,-0.00047837789954461685,-0.0008646958393555917,-0.0003863179398109749,80.75580836379005,0.0,0.0,0.0,nan
bootstrap,bootstrap_0431,,12,ok,0.12302156512828001,,7347.865114440015,7347.246676875573,-0.6184375644415923,-0.008416561202603456,7348.841146643875,7348.110665240567,-0.7304814033077491,-0.009940089719334197,2070.216530147837,2070.7966379316667,0.5801077838295896,0.02802159945018714,1512.4364541050136,1515.2748990789437,2.838444973930109,0.18767366828709262,-0.049137165151413566,-0.04917729681834196,-4.013166692839326e-05,0.08167273550423526,0.2272759720228212,0.22609934466256615,-0.0011766273602550614,-0.5177086472374273,-0.0005131542263022916,-0.00042236061441454636,9.079361188774526e-05,-17.693240595910066,-0.00047837789954461685,-0.0005052495002547266,-2.6871600710109728e-05,5.617232889665192,0.0,0.0,0.0,nan
bootstrap,bootstrap_0432,,12,ok,0.125588424139673,,7347.865114440015,7346.416858621921,-1.4482558180934575,-0.019709885736026198,7348.841146643875,7347.4653498069765,-1.3757968368981892,-0.01872127604127759,2070.216530147837,2066.599544431214,-3.616985716623276,-0.17471533358710944,1512.4364541050136,1516.0446881929427,3.608234087929077,0.23857095470925122,-0.049137165151413566,-0.047788113800909734,0.0013490513505038312,-2.7454806282511437,0.2272759720228212,0.21578962689369163,-0.011486345129129577,-5.053919702508725,-0.0005131542263022916,-0.00041589554878746534,9.725867751482627e-05,-18.953108545097045,-0.00047837789954461685,-0.0006677333577083138,-0.00018935545816369697,39.58281901065046,0.0,0.0,0.0,nan
bootstrap,bootstrap_0433,,13,ok,0.11462752304697656,,7347.865114440015,7353.000420393774,5.135305953759598,0.06988840804477618,7348.841146643875,7354.0851806677265,5.244034023851782,0.07135865259853477,2070.216530147837,2070.3788500984297,0.16231995059251858,0.007840723336361684,1512.4364541050136,1511.7013280869915,-0.7351260180221288,-0.04860541519128754,-0.049137165151413566,-0.04944145757751312,-0.0003042924260995561,0.6192714316381401,0.2272759720228212,0.23720710524623775,0.009931133223416544,4.369636233441932,-0.0005131542263022916,-0.000491163495757876,2.1990730544415595e-05,-4.285403766987818,-0.00047837789954461685,-0.0004503034528215053,2.807444672311152e-05,-5.868675528245866,0.0,0.0,0.0,nan
bootstrap,bootstrap_0434,,12,ok,0.11658787564239571,,7347.865114440015,7344.995030954669,-2.870083485345276,-0.03906010032362995,7348.841146643875,7346.210054670866,-2.6310919730085516,-0.03580281462758436,2070.216530147837,2067.3497468325927,-2.8667833152444473,-0.1384774623087241,1512.4364541050136,1513.571748704256,1.1352945992423429,0.07506395367295977,-0.049137165151413566,-0.050723214267982666,-0.0015860491165691007,3.227799389081105,0.2272759720228212,0.2400629095584435,0.012786937535622295,5.626172191373726,-0.0005131542263022916,-0.0004807702685567875,3.238395774550414e-05,-6.310765084964384,-0.00047837789954461685,-0.0007132989210582378,-0.00023492102151362099,49.10783331279513,0.0,0.0,0.0,nan
bootstrap,bootstrap_0435,,13,ok,0.11460278926013674,,7347.865114440015,7349.2054870853735,1.3403726453589115,0.018241661006063014,7348.841146643875,7349.975797659019,1.1346510151443,0.015439863136278037,2070.216530147837,2072.556689724323,2.340159576485803,0.11303936290754517,1512.4364541050136,1513.5514791448654,1.1150250398518438,0.07372376120831214,-0.049137165151413566,-0.048783727206719425,0.00035343794469414047,-0.7192884318927236,0.2272759720228212,0.22775103095770693,0.0004750589348857248,0.20902294714991837,-0.0005131542263022916,-0.0004858637746048048,2.7290451697486832e-05,-5.318177323440853,-0.00047837789954461685,-0.0003174037398348773,0.00016097415970973955,-33.64999927107334,0.0,0.0,0.0,nan
bootstrap,bootstrap_0436,,13,ok,0.11972083706274161,,7347.865114440015,7355.423087962199,7.557973522184511,0.10285944834958377,7348.841146643875,7356.518711248632,7.677564604757208,0.10447313326759632,2070.216530147837,2071.869713070867,1.6531829230298172,0.07985555611961813,1512.4364541050136,1511.5585229064363,-0.8779311985772438,-0.05804747671840275,-0.049137165151413566,-0.04932051925632964,-0.0001833541049160725,0.3731475032209868,0.2272759720228212,0.22189032271906564,-0.005385649303755569,-2.369651862368797,-0.0005131542263022916,-0.0005328171773306599,-1.9662951028368296e-05,3.8317819518035385,-0.00047837789954461685,-0.00044360931213737755,3.4768587407239294e-05,-7.268017071929247,0.0,0.0,0.0,nan
bootstrap,bootstrap_0437,,11,ok,0.11613325746054948,,7347.865114440015,7348.484957666829,0.6198432268147371,0.008435691417315514,7348.841146643875,7349.568164924949,0.727018281074379,0.009892964980014561,2070.216530147837,2072.8892547624678,2.6727246146306243,0.12910362639408357,1512.4364541050136,1511.8788252511754,-0.5576288538381959,-0.036869572425651004,-0.049137165151413566,-0.048364004903462605,0.0007731602479509603,-1.5734734504290349,0.2272759720228212,0.21593490547402958,-0.011341066548791634,-4.989998039763242,-0.0005131542263022916,-0.0005324426872483825,-1.9288460946090876e-05,3.7588038756068487,-0.00047837789954461685,-0.00036039176547029945,0.0001179861340743174,-24.663792827100114,0.0,0.0,0.0,nan
bootstrap,bootstrap_0438,,13,ok,0.11264051186260919,,7347.865114440015,7352.397084676537,4.531970236522284,0.061677373848576265,7348.841146643875,7353.6136643762275,4.772517732352753,0.06494245333541199,2070.216530147837,2069.6545809179715,-0.5619492298656041,-0.027144466372581545,1512.4364541050136,1511.4269281374918,-1.0095259675217676,-0.06674832286551544,-0.049137165151413566,-0.049031067906872845,0.00010609724454072045,-0.21592056483882907,0.2272759720228212,0.22927121044313764,0.001995238420316431,0.87789237135727,-0.0005131542263022916,-0.00048396454624536565,2.918968005692597e-05,-5.688286008528507,-0.00047837789954461685,-0.0004751949407071289,3.1829588374879345e-06,-0.6653649427613387,0.0,0.0,0.0,nan
bootstrap,bootstrap_0439,,12,ok,0.11137551746611707,,7347.865114440015,7353.114589324703,5.249474884688425,0.07144217814194988,7348.841146643875,7354.289403304527,5.448256660652078,0.07413763002810626,2070.216530147837,2070.5372287824694,0.32069863463220827,0.015491067236783522,1512.4364541050136,1511.7122293743425,-0.7242247306710397,-0.04788463863756846,-0.049137165151413566,-0.04985986349737786,-0.0007226983459642927,1.4707774527434299,0.2272759720228212,0.2390310718503459,0.011755099827524679,5.172170081553683,-0.0005131542263022916,-0.0004652057547298546,4.794847157243699e-05,-9.343871513627807,-0.00047837789954461685,-0.0003985013899874831,7.987650955713373e-05,-16.697366168706942,0.0,0.0,0.0,nan
bootstrap,bootstrap_0440,,10,ok,0.12871009841799752,,7347.865114440015,7347.678538280501,-0.1865761595136064,-0.002539188684165516,7348.841146643875,7348.801579414686,-0.03956722918883315,-0.0005384145390991751,2070.216530147837,2067.4107786426334,-2.805751505203716,-0.13552937407003282,1512.4364541050136,1513.7348713201668,1.298417215153222,0.08584937315079214,-0.049137165151413566,-0.04867015742523591,0.0004670077261776581,-0.9504165019259834,0.2272759720228212,0.2198856984242597,-0.007390273598561509,-3.2516739595417667,-0.0005131542263022916,-0.0004662285712597494,4.6925655042542196e-05,-9.144551995738407,-0.00047837789954461685,-0.0006598161869275869,-0.0001814382873829701,37.92781555245068,0.0,0.0,0.0,nan
bootstrap,bootstrap_0441,,13,ok,0.11594661870473211,,7347.865114440015,7350.631179994661,2.7660655546460475,0.037644479199954,7348.841146643875,7351.730952020115,2.8898053762404743,0.039323279937275725,2070.216530147837,2070.602896692353,0.38636654451602226,0.01866309822617595,1512.4364541050136,1516.8160215881474,4.379567483133769,0.2895703466579946,-0.049137165151413566,-0.050490252311493386,-0.0013530871600798203,2.753693982773231,0.2272759720228212,0.23186128317799953,0.004585311155178323,2.017508104516171,-0.0005131542263022916,-0.0003145964150349446,0.000198557811267347,-38.69359367808841,-0.00047837789954461685,-0.000581460438821896,-0.00010308253927727919,21.548348988405763,0.0,0.0,0.0,nan
bootstrap,bootstrap_0442,,11,ok,0.10514969606732684,,7347.865114440015,7345.2937141852635,-2.5714002547510972,-0.03499520220775127,7348.841146643875,7346.151027167843,-2.690119476032123,-0.036606036548506256,2070.216530147837,2069.864992342254,-0.35153780558312064,-0.016980726434351136,1512.4364541050136,1505.9688248910122,-6.467629214001363,-0.4276298152194825,-0.049137165151413566,-0.050125492915833014,-0.0009883277644194485,2.0113650459361443,0.2272759720228212,0.22579972084756086,-0.0014762511752603458,-0.6495412436789018,-0.0005131542263022916,-0.0006655336452157531,-0.00015237941891346144,29.694663144739835,-0.00047837789954461685,-0.0004581551670244333,2.0222732520183532e-05,-4.227355097180324,0.0,0.0,0.0,nan
bootstrap,bootstrap_0443,,11,ok,0.1189205129123442,,7347.865114440015,7346.658506012594,-1.2066084274201785,-0.016421210904497323,7348.841146643875,7347.9917463158245,-0.8494003280502511,-0.011558289410544162,2070.216530147837,2062.4817632744725,-7.734766873364606,-0.37362115318498856,1512.4364541050136,1513.8758390342653,1.4393849292516734,0.09516994418806385,-0.049137165151413566,-0.04959982403615391,-0.0004626588847403412,0.941566090177735,0.2272759720228212,0.23473433106957167,0.007458359046750462,3.281631129049381,-0.0005131542263022916,-0.0004490713980535971,6.408282824869454e-05,-12.488025034981254,-0.00047837789954461685,-0.0008936059005369145,-0.0004152280009922976,86.79916053554447,0.0,0.0,0.0,nan
bootstrap,bootstrap_0444,,12,ok,0.11514626312426754,,7347.865114440015,7341.941537608038,-5.9235768319767885,-0.08061629792762232,7348.841146643875,7342.890680620256,-5.950466023618901,-0.08097148795135414,2070.216530147837,2068.9408328036243,-1.2756973442128583,-0.061621445179058584,1512.4364541050136,1513.1333474589221,0.6968933539085356,0.046077529539640935,-0.049137165151413566,-0.049828079359721666,-0.0006909142083081007,1.406092936332581,0.2272759720228212,0.23380094700670484,0.00652497498388363,2.870948004670043,-0.0005131542263022916,-0.0005269476132042844,-1.3793386901992766e-05,2.6879612785001763,-0.00047837789954461685,-0.0005412963208549008,-6.291842131028399e-05,13.152451517968961,0.0,0.0,0.0,nan
bootstrap,bootstrap_0445,,11,ok,0.11484541595954512,,7347.865114440015,7341.49616843385,-6.368946006165061,-0.08667750301579184,7348.841146643875,7341.858420663245,-6.982725980629766,-0.09501805578990766,2070.216530147837,2069.7859438574096,-0.4305862904275273,-0.020799094401819818,1512.4364541050136,1510.8274124302843,-1.6090416747292693,-0.10638739038338123,-0.049137165151413566,-0.049345653836721855,-0.000208488685308289,0.4242993763800622,0.2272759720228212,0.22743279112151624,0.00015681909869502686,0.06899941832798777,-0.0005131542263022916,-0.0006511649104172527,-0.00013801068411496112,26.89458198745518,-0.00047837789954461685,-0.00041960557790584886,5.877232163876799e-05,-12.285751849053904,0.0,0.0,0.0,nan
bootstrap,bootstrap_0446,,11,ok,0.1147816226698238,,7347.865114440015,7351.570000615758,3.704886175743013,0.0504212600264283,7348.841146643875,7352.4634253313,3.6222786874250232,0.049290474717626376,2070.216530147837,2071.313047037646,1.096516889808754,0.05296628994313219,1512.4364541050136,1509.6182176043178,-2.8182365006957752,-0.18633751474626223,-0.049137165151413566,-0.0492772264914851,-0.00014006134007153725,0.2850415558975486,0.2272759720228212,0.2337069457197471,0.006430973696925885,2.82958802890089,-0.0005131542263022916,-0.0006118992897266199,-9.874506342432831e-05,19.242765305835956,-0.00047837789954461685,-0.00034661138193975915,0.0001317665176048577,-27.544440855292528,0.0,0.0,0.0,nan
bootstrap,bootstrap_0447,,12,ok,0.1199207335150358,,7347.865114440015,7344.953686403874,-2.911428036140933,-0.039622774653543906,7348.841146643875,7346.13038220969,-2.7107644341849664,-0.036886964626020514,2070.216530147837,2070.577306247452,0.36077609961466806,0.017426974152742587,1512.4364541050136,1512.137069475815,-0.29938462919858466,-0.01979485672842671,-0.049137165151413566,-0.04900549392713268,0.0001316712242808854,-0.26796666815260406,0.2272759720228212,0.2226292241577152,-0.004646747865106021,-2.044539870954521,-0.0005131542263022916,-0.0005403519476179698,-2.7197721315678157e-05,5.3001066583160865,-0.00047837789954461685,-0.00047114311865773163,7.2347808868852164e-06,-1.5123568404335224,0.0,0.0,0.0,nan
bootstrap,bootstrap_0448,,10,ok,0.11646975923764548,,7347.865114440015,7341.432049250547,-6.433065189467925,-0.08755012631935327,7348.841146643875,7342.6309115317545,-6.210235112120245,-0.08450631859087582,2070.216530147837,2069.9951019267564,-0.22142822108071414,-0.010695896678252378,1512.4364541050136,1512.0318806006258,-0.4045735043878267,-0.026749785307656686,-0.049137165151413566,-0.048594592979419385,0.0005425721719941809,-1.1041991745398285,0.2272759720228212,0.2232064939030084,-0.004069478119812814,-1.7905448092877103,-0.0005131542263022916,-0.000526695863472505,-1.3541637170213345e-05,2.6389020056976333,-0.00047837789954461685,-0.00042495934313781225,5.341855640680459e-05,-11.166602064530034,0.0,0.0,0.0,nan
bootstrap,bootstrap_0449,,12,ok,0.11954376855311634,,7347.865114440015,7351.022884800303,3.157770360287941,0.042975344690014725,7348.841146643875,7352.110199987503,3.269053343628002,0.0444839298930953,2070.216530147837,2070.252331578477,0.035801430639821774,0.0017293568145388706,1512.4364541050136,1512.9364211428824,0.4999670378688279,0.03305706077844336,-0.049137165151413566,-0.049454009447232036,-0.00031684429581847057,0.6448159857047749,0.2272759720228212,0.22563660629129392,-0.001639365731527287,-0.7213106237920633,-0.0005131542263022916,-0.0005214775908864483,-8.323364584156669e-06,1.6220005911543438,-0.00047837789954461685,-0.0005043681707231619,-2.5990271178545046e-05,5.432999978319653,0.0,0.0,0.0,nan
bootstrap,bootstrap_0450,,12,ok,0.1271613165880688,,7347.865114440015,7351.300741809564,3.4356273695493655,0.04675681052987316,7348.841146643875,7351.997235447553,3.156088803678358,0.042946755014832576,2070.216530147837,2072.106316853871,1.8897867060336466,0.09128449505224916,1512.4364541050136,1511.0343513680884,-1.4021027369251442,-0.09270490228661148,-0.049137165151413566,-0.048405603415238564,0.0007315617361750015,-1.4888155104608352,0.2272759720228212,0.2192441020809725,-0.008031869941848707,-3.5339723202425515,-0.0005131542263022916,-0.0005935210233554206,-8.036679705312902e-05,15.661333948711574,-0.00047837789954461685,-0.00036335013616858647,0.00011502776337603038,-24.045375734441112,0.0,0.0,0.0,nan
bootstrap,bootstrap_0451,,11,ok,0.11409134405560403,,7347.865114440015,7354.879406123067,7.014291683052761,0.09546026735395952,7348.841146643875,7356.25995353579,7.418806891915665,0.10095206501100848,2070.216530147837,2071.9054647012686,1.6889345534314089,0.08158250737717758,1512.4364541050136,1512.3913375836403,-0.04511652137330202,-0.0029830358327351866,-0.049137165151413566,-0.05173185384635053,-0.002594688694936967,5.280501402434535,0.2272759720228212,0.2471521636742252,0.019876191651404,8.74539946942046,-0.0005131542263022916,-0.0004595754572315748,5.3578769070716814e-05,-10.441065536339234,-0.00047837789954461685,-0.0005576261941648337,-7.924829462021687e-05,16.566044270785888,0.0,0.0,0.0,nan
bootstrap,bootstrap_0452,,10,ok,0.12065310976468674,,7347.865114440015,7358.834048691765,10.968934251750397,0.14928056082839983,7348.841146643875,7360.38355797786,11.542411333985001,0.15706437387418937,2070.216530147837,2070.7527062039544,0.5361760561172559,0.025899515741909705,1512.4364541050136,1516.6127809975767,4.176326892563111,0.27613238766017834,-0.049137165151413566,-0.049409688237688584,-0.0002725230862750186,0.5546170305821534,0.2272759720228212,0.21536447312678986,-0.011911498896031353,-5.24098468923732,-0.0005131542263022916,-0.00022183604177809015,0.00029131818452420147,-56.77010333197377,-0.00047837789954461685,-0.0005606888726179487,-8.231097307333181e-05,17.206265831194596,0.0,0.0,0.0,nan
bootstrap,bootstrap_0453,,12,ok,0.11699298917058973,,7347.865114440015,7350.739826538465,2.8747120984508,0.03912309294847315,7348.841146643875,7351.601083400952,2.759936757077412,0.03755608131954031,2070.216530147837,2069.217452212055,-0.9990779357822248,-0.04825958643615309,1512.4364541050136,1511.8846318199603,-0.5518222850532766,-0.03648565092143446,-0.049137165151413566,-0.04921373187510025,-7.65667236866871e-05,0.15582242779116542,0.2272759720228212,0.23753449083647868,0.010258518813657469,4.513683836594654,-0.0005131542263022916,-0.0004549153956794093,5.823883062288233e-05,-11.349186587147914,-0.00047837789954461685,-0.0004993290417724004,-2.0951142227783543e-05,4.37962168564384,0.0,0.0,0.0,nan
bootstrap,bootstrap_0454,,12,ok,0.11979516595735898,,7347.865114440015,7342.243654850525,-5.621459589489859,-0.07650466498687591,7348.841146643875,7343.529294883159,-5.311851760715399,-0.07228148839686453,2070.216530147837,2066.0109515030294,-4.2055786448077015,-0.2031468005188508,1512.4364541050136,1516.794645417145,4.358191312131339,0.2881569867152075,-0.049137165151413566,-0.04839801221676014,0.000739152934653424,-1.5042645060531339,0.2272759720228212,0.223241435565628,-0.004034536457193205,-1.7751706972297492,-0.0005131542263022916,-0.0003961580204295408,0.00011699620587275083,-22.799423618861532,-0.00047837789954461685,-0.000642172949146586,-0.00016379504960196912,34.239677409406,0.0,0.0,0.0,nan
bootstrap,bootstrap_0455,,13,ok,0.12142811055911086,,7347.865114440015,7355.101189543547,7.23607510353213,0.0984786055654697,7348.841146643875,7356.267794602429,7.4266479585539855,0.1010587630125281,2070.216530147837,2071.7410958323976,1.5245656845604572,0.07364281283424907,1512.4364541050136,1512.9151331194155,0.4786790144019051,0.03164952901675225,-0.049137165151413566,-0.05021825472817217,-0.0010810895767586065,2.2001464134678637,0.2272759720228212,0.23278810132938121,0.005512129306560004,2.425302269087434,-0.0005131542263022916,-0.0004426744693101985,7.047975699209311e-05,-13.734614932426675,-0.00047837789954461685,-0.00047402855207093203,4.3493474736848166e-06,-0.9091865401443292,0.0,0.0,0.0,nan
bootstrap,bootstrap_0456,,13,ok,0.11716091200704377,,7347.865114440015,7351.37996735583,3.514852915815027,0.0478350222965803,7348.841146643875,7352.309125301447,3.46797865757253,0.0471908235376174,2070.216530147837,2072.9184713135364,2.7019411656992816,0.13051490635650234,1512.4364541050136,1512.0026480726863,-0.4338060323273112,-0.028682595632357758,-0.049137165151413566,-0.05009364779171389,-0.0009564826403003213,1.9465564147890315,0.2272759720228212,0.23033641626005855,0.0030604442372373364,1.3465762394495584,-0.0005131542263022916,-0.0005212498333404201,-8.095607038128487e-06,1.577616752075522,-0.00047837789954461685,-0.0003607686659934495,0.00011760923355116736,-24.585005633229155,0.0,0.0,0.0,nan
bootstrap,bootstrap_0457,,11,ok,0.12508731954914984,,7347.865114440015,7346.32695600833,-1.5381584316846784,-0.020933405931226085,7348.841146643875,7347.177809375075,-1.663337268799296,-0.022634007670160643,2070.216530147837,2068.208733583637,-2.007796564200362,-0.09698485810356186,1512.4364541050136,1516.4403199552428,4.003865850229204,0.2647295256182183,-0.049137165151413566,-0.04833021678188909,0.0008069483695244753,-1.6422363134664093,0.2272759720228212,0.22346697435343862,-0.0038089976693825855,-1.6759350473705672,-0.0005131542263022916,-0.00037907759381179066,0.00013407663249050095,-26.127940805756587,-0.00047837789954461685,-0.0005809589331910775,-0.00010258103364646064,21.443514373074258,0.0,0.0,0.0,nan
bootstrap,bootstrap_0458,,14,ok,0.11653842452943032,,7347.865114440015,7344.933412950672,-2.931701489342231,-0.039898684089625644,7348.841146643875,7345.895966172627,-2.9451804712480225,-0.04007680139600038,2070.216530147837,2069.072430726906,-1.1440994209310702,-0.055264722519115836,1512.4364541050136,1513.40883772261,0.9723836175965062,0.06429252713112601,-0.049137165151413566,-0.049389143192104384,-0.0002519780406908187,0.5128054089289884,0.2272759720228212,0.23018515836180176,0.002909186338980546,1.2800237143803435,-0.0005131542263022916,-0.0004765034433985758,3.665078290371581e-05,-7.142254906057302,-0.00047837789954461685,-0.0005273078820540898,-4.892998250947294e-05,10.228311666582204,0.0,0.0,0.0,nan
bootstrap,bootstrap_0459,,12,ok,0.11149701644453555,,7347.865114440015,7350.65826148602,2.793147046005288,0.038013041917661215,7348.841146643875,7351.616053963364,2.7749073194891025,0.037759794559668346,2070.216530147837,2071.5931726898866,1.376642542049467,0.06649751472862402,1512.4364541050136,1508.6125530773888,-3.8239010276247427,-0.25283052502774683,-0.049137165151413566,-0.05091991059569372,-0.0017827454442801566,3.6280999092778776,0.2272759720228212,0.23607922256578762,0.008803250542966407,3.8733749391169496,-0.0005131542263022916,-0.000599258091485026,-8.61038651827344e-05,16.779334704731024,-0.00047837789954461685,-0.0004991334374865433,-2.0755537941926478e-05,4.338732613208999,0.0,0.0,0.0,nan
bootstrap,bootstrap_0460,,13,ok,0.11659015723714487,,7347.865114440015,7343.115071436278,-4.750043003736209,-0.0646452123134573,7348.841146643875,7344.02106412763,-4.820082516244838,-0.06558969530108989,2070.216530147837,2067.143987433567,-3.0725427142701847,-0.1484164902330661,1512.4364541050136,1514.6246524459223,2.1881983409086843,0.14468034904670118,-0.049137165151413566,-0.049603916753449405,-0.0004667516020358392,0.9498952587060505,0.2272759720228212,0.23312719451194178,0.005851222489120567,2.5745011393166695,-0.0005131542263022916,-0.00045722202743740794,5.593219886488367e-05,-10.899685902993,-0.00047837789954461685,-0.0006338132832682797,-0.00015543538372366286,32.4921748834189,0.0,0.0,0.0,nan
bootstrap,bootstrap_0461,,13,ok,0.1190076864993695,,7347.865114440015,7352.356145720602,4.491031280587777,0.06112021941940671,7348.841146643875,7353.75512014396,4.913973500085376,0.06686732509287573,2070.216530147837,2068.352247130209,-1.8642830176281677,-0.09005256167551887,1512.4364541050136,1514.7924131323282,2.3559590273146114,0.1557724306975101,-0.049137165151413566,-0.04972841997860433,-0.0005912548271907667,1.2032741924953267,0.2272759720228212,0.23174535276578417,0.004469380742962964,1.9664994513868739,-0.0005131542263022916,-0.00038595814197444885,0.00012719608432784277,-24.787106450315665,-0.00047837789954461685,-0.0006594435092233138,-0.00018106560967869696,37.84991109561271,0.0,0.0,0.0,nan
bootstrap,bootstrap_0462,,13,ok,0.1226196522623437,,7347.865114440015,7350.679716927533,2.8146024875186413,0.03830503749976831,7348.841146643875,7351.709766495557,2.8686198516825243,0.03903499605502546,2070.216530147837,2069.328229461616,-0.8883006862211005,-0.04290858822181589,1512.4364541050136,1511.5711520546383,-0.8653020503752487,-0.057212456630932794,-0.049137165151413566,-0.047954897396136544,0.0011822677552770222,-2.406056091420673,0.2272759720228212,0.21620958331545292,-0.011066388707368285,-4.869141514993538,-0.0005131542263022916,-0.0005586319700328811,-4.547774373058952e-05,8.86239290247982,-0.00047837789954461685,-0.000494570415166003,-1.6192515621386134e-05,3.3848795349451355,0.0,0.0,0.0,nan
bootstrap,bootstrap_0463,,11,ok,0.11679902065216986,,7347.865114440015,7339.192591657061,-8.67252278295382,-0.11802778967608686,7348.841146643875,7340.142345674191,-8.698800969683361,-0.11836969661068258,2070.216530147837,2067.3341011664966,-2.8824289813405812,-0.13923321253428225,1512.4364541050136,1517.1189258311274,4.682471726113818,0.30959791490113725,-0.049137165151413566,-0.04951958769032541,-0.000382422538911846,0.778275543030273,0.2272759720228212,0.23363150368701238,0.006355531664191172,2.796394008405341,-0.0005131542263022916,-0.0004073268161496323,0.0001058274101526593,-20.62292479109739,-0.00047837789954461685,-0.0005451516228260159,-6.677372328139908e-05,13.958362906180055,0.0,0.0,0.0,nan
bootstrap,bootstrap_0464,,12,ok,0.11631455487691948,,7347.865114440015,7340.680711274264,-7.184403165751064,-0.09777538174499535,7348.841146643875,7341.405937483838,-7.43520916003672,-0.10117526031206008,2070.216530147837,2067.2737787951355,-2.9427513527016345,-0.14214703195764206,1512.4364541050136,1509.8124226332432,-2.6240314717704223,-0.17349697335371334,-0.049137165151413566,-0.04926790880153828,-0.00013074365012471362,0.2660789439558306,0.2272759720228212,0.2345846242274946,0.007308652204673388,3.215761058955899,-0.0005131542263022916,-0.0006445827915165441,-0.00013142856521425252,25.61190349367402,-0.00047837789954461685,-0.0005129148790176416,-3.4536979473024764e-05,7.219601805581239,0.0,0.0,0.0,nan
bootstrap,bootstrap_0465,,12,ok,0.12277848355857163,,7347.865114440015,7353.561923244828,5.696808804813372,0.07753012223398074,7348.841146643875,7354.538179974012,5.6970333301369465,0.07752288036241893,2070.216530147837,2071.5483983855565,1.331868237719391,0.06433473109328715,1512.4364541050136,1511.23906189676,-1.197392208253632,-0.07916975321533032,-0.049137165151413566,-0.048456643248934235,0.0006805219024793308,-1.3849433527195527,0.2272759720228212,0.21027521988928988,-0.017000752133531333,-7.480224144338609,-0.0005131542263022916,-0.0005561432259168103,-4.2988999614518644e-05,8.377403402538569,-0.00047837789954461685,-0.000399083715032789,7.929418451182784e-05,-16.575637082588997,0.0,0.0,0.0,nan
bootstrap,bootstrap_0466,,13,ok,0.12208853309507947,,7347.865114440015,7344.662858726284,-3.202255713730665,-0.04358076344430434,7348.841146643875,7345.386723910604,-3.4544227332708033,-0.047006360109558165,2070.216530147837,2070.5950064073836,0.3784762595464599,0.018281964907285925,1512.4364541050136,1512.2075431499218,-0.2289109550918056,-0.015135244490471104,-0.049137165151413566,-0.04834988999524702,0.0007872751561665489,-1.6021989745248884,0.2272759720228212,0.2218160247435491,-0.005459947279272098,-2.402342504875022,-0.0005131542263022916,-0.0005802684013397979,-6.711417503750625e-05,13.07875324756076,-0.00047837789954461685,-0.00041515069399448995,6.32272055501269e-05,-13.216999700511852,0.0,0.0,0.0,nan
bootstrap,bootstrap_0467,,10,ok,0.11087022446472955,,7347.865114440015,7344.670302423755,-3.194812016259675,-0.04347945922389396,7348.841146643875,7345.996500988887,-2.844645654987289,-0.038708765072250934,2070.216530147837,2068.218522353816,-1.998007794021305,-0.09651202011601291,1512.4364541050136,1513.0841564308423,0.6477023258287318,0.04282509351521883,-0.049137165151413566,-0.050374037498518966,-0.0012368723471054,2.5171829577348297,0.2272759720228212,0.2270739411622794,-0.00020203086054179642,-0.08889230953173972,-0.0005131542263022916,-0.0005297022874095556,-1.6548061107264016e-05,3.2247734227011504,-0.00047837789954461685,-0.0007595135959514623,-0.00028113569640684545,58.76853773438687,0.0,0.0,0.0,nan
bootstrap,bootstrap_0468,,11,ok,0.1193772826450688,,7347.865114440015,7347.907399361423,0.04228492140828166,0.0005754722051876455,7348.841146643875,7349.203189513603,0.36204286972861155,0.0049265300814666825,2070.216530147837,2071.434140416606,1.2176102687690218,0.058815599771202216,1512.4364541050136,1514.5510181967927,2.1145640917791297,0.13981176439114767,-0.049137165151413566,-0.049698328528636634,-0.0005611633772230687,1.1420344977042804,0.2272759720228212,0.22289740632455782,-0.0043785656982633925,-1.9265414021961513,-0.0005131542263022916,-0.0004656459216561277,4.7508304646163907e-05,-9.258094781465848,-0.00047837789954461685,-0.0005916672234956926,-0.00011328932395107574,23.68197277903504,0.0,0.0,0.0,nan
bootstrap,bootstrap_0469,,11,ok,0.10794874541786621,,7347.865114440015,7359.1263133937355,11.26119895372085,0.15325810665182676,7348.841146643875,7359.9901390944915,11.148992450616788,0.15171089193713755,2070.216530147837,2071.378849382036,1.1623192341990034,0.05614481467385445,1512.4364541050136,1509.6460525709347,-2.79040153407891,-0.18449710905243513,-0.049137165151413566,-0.050675195866172106,-0.0015380307147585398,3.1300762061042384,0.2272759720228212,0.23239966138674023,0.005123689363919021,2.2543911344066503,-0.0005131542263022916,-0.000568951674606335,-5.579744830404342e-05,10.873426631621262,-0.00047837789954461685,-0.00033240128170951446,0.0001459766178351024,-30.514916758082297,0.0,0.0,0.0,nan
bootstrap,bootstrap_0470,,13,ok,0.11122814202977799,,7347.865114440015,7341.722885453088,-6.142228986926966,-0.0835920215091628,7348.841146643875,7342.484708260708,-6.356438383166278,-0.0864957924157768,2070.216530147837,2069.826280709061,-0.390249438776209,-0.018850658039540467,1512.4364541050136,1514.361759884211,1.9253057791975152,0.1272982923660629,-0.049137165151413566,-0.04970778607176199,-0.0005706209203484233,1.1612817275682983,0.2272759720228212,0.23048082275986914,0.0032048507370479318,1.410114192241196,-0.0005131542263022916,-0.000468331380497423,4.4822845804868606e-05,-8.734770855899397,-0.00047837789954461685,-0.0004919609144909286,-1.3583014946311721e-05,2.8393901472542575,0.0,0.0,0.0,nan
bootstrap,bootstrap_0471,,13,ok,0.11657931601453389,,7347.865114440015,7346.680285265538,-1.1848291744763628,-0.016124808444672428,7348.841146643875,7347.43415521736,-1.4069914265146508,-0.01914575915356677,2070.216530147837,2072.564070819616,2.3475406717789156,0.11339590026417547,1512.4364541050136,1515.59490268952,3.158448584506459,0.2088318207309725,-0.049137165151413566,-0.04824394607580469,0.000893219075608874,-1.8178075044754145,0.2272759720228212,0.22028991307230633,-0.0069860589505148785,-3.073822053575199,-0.0005131542263022916,-0.0004404780493752376,7.267617692705404e-05,-14.162638287274198,-0.00047837789954461685,-0.00036431674708737314,0.0001140611524572437,-23.84331562261178,0.0,0.0,0.0,nan
bootstrap,bootstrap_0472,,11,ok,0.12730575086334542,,7347.865114440015,7346.657835953481,-1.207278486534051,-0.016430330003765432,7348.841146643875,7347.086982757719,-1.7541638861557658,-0.023869938826434844,2070.216530147837,2069.7160463560786,-0.5004837917585974,-0.02417543210916479,1512.4364541050136,1515.572217065494,3.135762960480406,0.20733188174414893,-0.049137165151413566,-0.04878157127026723,0.0003555938811463377,-0.7236760200768483,0.2272759720228212,0.218789368095788,-0.00848660392703321,-3.7340524172001137,-0.0005131542263022916,-0.00042902893374613193,8.412529255615969e-05,-16.39376394935949,-0.00047837789954461685,-0.0005153462093037426,-3.6968309759125755e-05,7.727846498409953,0.0,0.0,0.0,nan
bootstrap,bootstrap_0473,,12,ok,0.1222492863811148,,7347.865114440015,7347.756514930122,-0.10859950989288336,-0.0014779736454261219,7348.841146643875,7348.737612615933,-0.10353402794135036,-0.001408848359562556,2070.216530147837,2069.7613238447507,-0.45520630308647014,-0.021988342593997314,1512.4364541050136,1515.9230930502113,3.486638945197683,0.230531268651608,-0.049137165151413566,-0.04991380796152348,-0.0007766428101099176,1.5805608803778852,0.2272759720228212,0.22365698796434974,-0.0036189840584714694,-1.5923302521870109,-0.0005131542263022916,-0.0004162665712531619,9.688765504912972e-05,-18.88080621439813,-0.00047837789954461685,-0.0005983155740825062,-0.00011993767453788939,25.071742371890902,0.0,0.0,0.0,nan
bootstrap,bootstrap_0474,,12,ok,0.11742943029661497,,7347.865114440015,7349.286735232487,1.4216207924728224,0.019347399146985633,7348.841146643875,7350.032937646822,1.1917910029469567,0.016217400528398044,2070.216530147837,2070.6246598666053,0.408129718768123,0.01971434933615267,1512.4364541050136,1514.310657633338,1.874203528324415,0.12391948919490159,-0.049137165151413566,-0.048657184651840296,0.00047998049957326955,-0.9768176452472077,0.2272759720228212,0.22417428220980445,-0.003101689813016756,-1.3647240336982518,-0.0005131542263022916,-0.00045160679746719494,6.154742883509668e-05,-11.993943668475215,-0.00047837789954461685,-0.0003993597185848626,7.901818095975427e-05,-16.517941367060267,0.0,0.0,0.0,nan
bootstrap,bootstrap_0475,,11,ok,0.11848669461452876,,7347.865114440015,7354.759336232149,6.894221792133976,0.09382618876039872,7348.841146643875,7355.830798896081,6.989652252206724,0.0951123056374516,2070.216530147837,2075.047896707428,4.831366559591061,0.23337493876768753,1512.4364541050136,1516.0050299754887,3.568575870475115,0.23594881363705458,-0.049137165151413566,-0.04871846116355314,0.00041870398786042484,-0.852112625077598,0.2272759720228212,0.21686831116835675,-0.010407660854464457,-4.579305397677236,-0.0005131542263022916,-0.000331666841636454,0.00018148738466583763,-35.36702522623794,-0.00047837789954461685,-0.0003441284824910331,0.00013424941705358375,-28.063465553358558,0.0,0.0,0.0,nan
bootstrap,bootstrap_0476,,14,ok,0.11907122143199876,,7347.865114440015,7354.541814387212,6.676699947197449,0.09086584801449889,7348.841146643875,7355.8426377974965,7.001491153621828,0.09527340452609079,2070.216530147837,2071.4868282029056,1.2702980550684515,0.061360637236228505,1512.4364541050136,1514.8411262778554,2.404672172841856,0.15899326985376216,-0.049137165151413566,-0.049410029939264424,-0.0002728647878508586,0.5553124341016423,0.2272759720228212,0.23215735575890625,0.004881383736085043,2.1477781802622293,-0.0005131542263022916,-0.0003475007932920292,0.0001656534330102624,-32.28141258894716,-0.00047837789954461685,-0.0004450644167539639,3.3313482790652926e-05,-6.963842356088166,0.0,0.0,0.0,nan
bootstrap,bootstrap_0477,,14,ok,0.11895513211001318,,7347.865114440015,7354.0136916748215,6.148577234806908,0.08367841732319953,7348.841146643875,7355.240382540884,6.399235897009021,0.08707816333642582,2070.216530147837,2069.740415533295,-0.47611461454198434,-0.022998300303784372,1512.4364541050136,1509.2073619429045,-3.2290921621090547,-0.21350266672988086,-0.049137165151413566,-0.04977873210266951,-0.0006415669512559452,1.3056653742213062,0.2272759720228212,0.23218925223380976,0.004913280210988552,2.161812428854204,-0.0005131542263022916,-0.0006116553570181676,-9.850113071587603e-05,19.195229361289613,-0.00047837789954461685,-0.0005202411755301167,-4.186327598549981e-05,8.751089050173679,0.0,0.0,0.0,nan
bootstrap,bootstrap_0478,,12,ok,0.12111160786148789,,7347.865114440015,7348.9145773917335,1.0494629517188514,0.014282556026463363,7348.841146643875,7350.039114517978,1.1979678741035968,0.016301452844040505,2070.216530147837,2067.312109936225,-2.9044202116119777,-0.14029547969093692,1512.4364541050136,1521.575775697768,9.139321592754413,0.6042780553158923,-0.049137165151413566,-0.048712914166236944,0.00042425098517662185,-0.8634014271464684,0.2272759720228212,0.2229471213993198,-0.004328850623501412,-1.9046670815983768,-0.0005131542263022916,-0.0001243641919326136,0.000388790034369678,-75.76475344873171,-0.00047837789954461685,-0.0006375765859355987,-0.00015919868639098186,33.278854759496234,0.0,0.0,0.0,nan
bootstrap,bootstrap_0479,,11,ok,0.11714234996901249,,7347.865114440015,7343.627640834648,-4.237473605366176,-0.05766945281886978,7348.841146643875,7344.499769097796,-4.341377546078547,-0.0590756754629429,2070.216530147837,2072.871929262417,2.6553991145797227,0.1282667332576123,1512.4364541050136,1510.0129261236634,-2.423527981350162,-0.16023998725845895,-0.049137165151413566,-0.049357448985481,-0.00022028383406743485,0.44830391291121885,0.2272759720228212,0.2280385323220825,0.0007625602992612779,0.3355217414644729,-0.0005131542263022916,-0.0006254982179288317,-0.0001123439916265401,21.89283179758124,-0.00047837789954461685,-0.00030153916781779495,0.0001768387317268219,-36.966325554579406,0.0,0.0,0.0,nan
bootstrap,bootstrap_0480,,11,ok,0.12420508633610425,,7347.865114440015,7348.592018243035,0.7269038030208321,0.009892721106057347,7348.841146643875,7349.3366003365745,0.49545369269981165,0.006741929547981579,2070.216530147837,2071.4453590289586,1.2288288811214443,0.059357505035170975,1512.4364541050136,1512.6945707292186,0.25811662420505854,0.017066278950397255,-0.049137165151413566,-0.04875866908732841,0.00037849606408515285,-0.7702846977818874,0.2272759720228212,0.2173178199841583,-0.009958152038662904,-4.381524342424982,-0.0005131542263022916,-0.0005136748671790113,-5.206408767196961e-07,0.10145894743405938,-0.00047837789954461685,-0.00043044379714920675,4.7934102395410095e-05,-10.020133129277104,0.0,0.0,0.0,nan
bootstrap,bootstrap_0481,,14,ok,0.11857331074151932,,7347.865114440015,7354.659135052862,6.794020612847817,0.0924625113149698,7348.841146643875,7355.8149143991,6.973767755225708,0.09489615595256869,2070.216530147837,2072.027426503969,1.8108963561317069,0.08747376565495726,1512.4364541050136,1516.7918287446253,4.355374639611682,0.28797075260851085,-0.049137165151413566,-0.049856327677248576,-0.0007191625258350098,1.4635816364638634,0.2272759720228212,0.23503452237414674,0.007758550351325527,3.413713417336733,-0.0005131542263022916,-0.0003060381904614999,0.00020711603584079173,-40.361362184082004,-0.00047837789954461685,-0.0003620113161047325,0.00011636658343988437,-24.32524235560577,0.0,0.0,0.0,nan
bootstrap,bootstrap_0482,,13,ok,0.11426534030254346,,7347.865114440015,7352.090596446488,4.225482006473612,0.05750625441081792,7348.841146643875,7353.098687209456,4.257540565581621,0.05793485640284914,2070.216530147837,2071.9589973656443,1.7424672178071887,0.08416835593920974,1512.4364541050136,1512.1613109692958,-0.2751431357178262,-0.018192046017605584,-0.049137165151413566,-0.04944181013364628,-0.0003046449822327116,0.6199889254782286,0.2272759720228212,0.23049853090485983,0.003222558882038623,1.4179056647990222,-0.0005131542263022916,-0.0004870720915925289,2.608213470976274e-05,-5.082708739964296,-0.00047837789954461685,-0.00036830825382261557,0.00011006964572200128,-23.00893202356967,0.0,0.0,0.0,nan
bootstrap,bootstrap_0483,,11,ok,0.12399723785624511,,7347.865114440015,7355.5141496555625,7.649035215547883,0.10409874291943669,7348.841146643875,7356.69011585372,7.8489692098455635,0.10680553645427607,2070.216530147837,2072.121539306859,1.905009159022029,0.09201980233855005,1512.4364541050136,1511.4110353840433,-1.025418720970265,-0.06779912757240819,-0.049137165151413566,-0.04869777993096016,0.000439385220453406,-0.8942014035597369,0.2272759720228212,0.22008476018147635,-0.007191211841344858,-3.1640880368219366,-0.0005131542263022916,-0.0005507287067542706,-3.7574480451978945e-05,7.32225879200776,-0.00047837789954461685,-0.0003485259802739751,0.00012985191927064176,-27.14421368425505,0.0,0.0,0.0,nan
bootstrap,bootstrap_0484,,14,ok,0.11633795537574039,,7347.865114440015,7353.482559441934,5.617445001919805,0.07645002887818952,7348.841146643875,7354.514788380963,5.673641737088474,0.07720457720983064,2070.216530147837,2070.680871227505,0.46434107966797455,0.022429589992444668,1512.4364541050136,1511.8477192221112,-0.5887348829023722,-0.03892625579768618,-0.049137165151413566,-0.049898810482422506,-0.0007616453310089408,1.5500392191164694,0.2272759720228212,0.23455277428489127,0.007276802262070059,3.2017472842837,-0.0005131542263022916,-0.000506336376933444,6.817849368847607e-06,-1.328616041609158,-0.00047837789954461685,-0.0004836942101872577,-5.316310642640844e-06,1.1113202862635605,0.0,0.0,0.0,nan
bootstrap,bootstrap_0485,,12,ok,0.11831800202314313,,7347.865114440015,7355.294678391903,7.429563951888667,0.10111187176378753,7348.841146643875,7356.555621063493,7.714474419618455,0.10497538680832093,2070.216530147837,2069.9266872727676,-0.289842875069553,-0.01400060674082507,1512.4364541050136,1511.0472055359053,-1.3892485691083039,-0.09185500424415476,-0.049137165151413566,-0.04987657022126761,-0.0007394050698540447,1.5047776313012915,0.2272759720228212,0.23090121849327822,0.0036252464704570053,1.5950856741217623,-0.0005131542263022916,-0.0005399255671459095,-2.6771340843617848e-05,5.21701653643738,-0.00047837789954461685,-0.0004904735725318691,-1.2095672987252242e-05,2.528476545167847,0.0,0.0,0.0,nan
bootstrap,bootstrap_0486,,13,ok,0.11335074301052218,,7347.865114440015,7350.517414639283,2.652300199268211,0.036096201521934775,7348.841146643875,7351.498427116985,2.6572804731104043,0.03615917693803943,2070.216530147837,2069.648390784236,-0.5681393636009489,-0.027443475372133038,1512.4364541050136,1511.1203227127344,-1.3161313922792033,-0.08702060762334811,-0.049137165151413566,-0.04936876973926363,-0.0002316045878500636,0.47134299900367954,0.2272759720228212,0.23803354504318974,0.010757573020368533,4.733264552615506,-0.0005131542263022916,-0.0004893126030473498,2.3841623254941828e-05,-4.646093130079198,-0.00047837789954461685,-0.0004849029215828356,-6.525022038218753e-06,1.3639890229941913,0.0,0.0,0.0,nan
bootstrap,bootstrap_0487,,10,ok,0.11234334279313149,,7347.865114440015,7355.486351216315,7.621236776300066,0.10372042297459737,7348.841146643875,7356.55141450126,7.710267857385588,0.10491814564404855,2070.216530147837,2068.5227107708815,-1.6938193769556165,-0.0818184645078966,1512.4364541050136,1512.8107303064096,0.3742762013960146,0.024746573674560964,-0.049137165151413566,-0.05036115011946154,-0.0012239849680479725,2.490955602091264,0.2272759720228212,0.24137701133362882,0.014101039310807612,6.2043687176010405,-0.0005131542263022916,-0.00042145279163921637,9.170143466307525e-05,-17.870150914250733,-0.00047837789954461685,-0.0006069709806463167,-0.00012859308110169988,26.88106645898812,0.0,0.0,0.0,nan
bootstrap,bootstrap_0488,,8,ok,0.12337147406643617,,7347.865114440015,7350.169506183213,2.304391743198721,0.031361377860218656,7348.841146643875,7350.8521333347235,2.0109866908487675,0.02736467765080431,2070.216530147837,2073.989643880456,3.77311373261864,0.18225696093486396,1512.4364541050136,1510.0293152383424,-2.4071388666711755,-0.1591563639012922,-0.049137165151413566,-0.04904097226642745,9.619288498611406e-05,-0.19576401017376724,0.2272759720228212,0.2236126677815731,-0.003663304241248111,-1.6118308542005804,-0.0005131542263022916,-0.0006552762085867678,-0.00014212198228447613,27.69576376844535,-0.00047837789954461685,-0.0003305632602293592,0.00014781463931525765,-30.899136322135096,0.0,0.0,0.0,nan
bootstrap,bootstrap_0489,,13,ok,0.12402181624896289,,7347.865114440015,7349.629945571137,1.7648311311222642,0.02401828427217615,7348.841146643875,7350.6852880852275,1.8441414413528037,0.025094316294957612,2070.216530147837,2072.8390984073494,2.6225682595122635,0.1266808674996418,1512.4364541050136,1515.1215981513215,2.685144046307869,0.17753764391356242,-0.049137165151413566,-0.048531221771082184,0.0006059433803313821,-1.2331671525294545,0.2272759720228212,0.22153543506208892,-0.00574053696073229,-2.525800202124258,-0.0005131542263022916,-0.0004411946974990479,7.195952880324373e-05,-14.022982782734294,-0.00047837789954461685,-0.0003596430848149087,0.00011873481472970813,-24.82029684956926,0.0,0.0,0.0,nan
bootstrap,bootstrap_0490,,11,ok,0.12290581445605155,,7347.865114440015,7349.386464310419,1.521349870404265,0.020704651578517825,7348.841146643875,7350.183120969684,1.341974325809133,0.018261033257223096,2070.216530147837,2069.4006756103054,-0.8158545375317772,-0.03940914033149546,1512.4364541050136,1519.5175789935652,7.081124888551585,0.4681932169336563,-0.049137165151413566,-0.04845474495420974,0.0006824201972038257,-1.3888066092152125,0.2272759720228212,0.22232779750531248,-0.00494817451750873,-2.1771657045258945,-0.0005131542263022916,-0.00024995935490142044,0.0002631948714008712,-51.289623647341244,-0.00047837789954461685,-0.0005273311962975304,-4.89532967529136e-05,10.23318527037177,0.0,0.0,0.0,nan
bootstrap,bootstrap_0491,,9,ok,0.11161796457291785,,7347.865114440015,7350.644220891439,2.7791064514240134,0.037821957917579585,7348.841146643875,7351.9811388284415,3.139992184566836,0.04272771885946714,2070.216530147837,2070.8522398911155,0.6357097432783121,0.030707403502034405,1512.4364541050136,1503.1780977430274,-9.258356361986216,-0.6121484533685656,-0.049137165151413566,-0.04923892700722761,-0.00010176185581404346,0.20709753096351755,0.2272759720228212,0.21294096257004255,-0.014335009452778658,-6.307314110327181,-0.0005131542263022916,-0.0007903780384217518,-0.00027722381211946017,54.023488049020116,-0.00047837789954461685,-0.0004399127075407027,3.846519200391413e-05,-8.040754399509336,0.0,0.0,0.0,nan
bootstrap,bootstrap_0492,,12,ok,0.10567244179723104,,7347.865114440015,7323.1886913086655,-24.67642313134911,-0.33583119378246395,7348.841146643875,7324.09948958876,-24.741657055114956,-0.33667426688647595,2070.216530147837,2068.846746963783,-1.3697831840540857,-0.0661661794361321,1512.4364541050136,1506.1635737196784,-6.2728803853351565,-0.41475331861444337,-0.049137165151413566,-0.050147201148037716,-0.0010100359966241507,2.0555438912924227,0.2272759720228212,0.231905555254823,0.004629583232001799,2.036987540212537,-0.0005131542263022916,-0.0007442891565836071,-0.00023113493028131544,45.042000715230834,-0.00047837789954461685,-0.00035549751929449654,0.0001228803802501203,-25.68688485966723,0.0,0.0,0.0,nan
bootstrap,bootstrap_0493,,11,ok,0.11658284346154466,,7347.865114440015,7346.631455590047,-1.233658849967469,-0.01678935079446524,7348.841146643875,7347.66660132611,-1.1745453177645686,-0.015982728355762175,2070.216530147837,2069.787485003327,-0.4290451445099279,-0.020724650695320705,1512.4364541050136,1509.3064929806255,-3.1299611243880463,-0.20694827315837247,-0.049137165151413566,-0.04958544762004109,-0.0004482824686275269,0.912308366276663,0.2272759720228212,0.228365492796432,0.001089520773610797,0.47938229629544654,-0.0005131542263022916,-0.0006489793113471409,-0.00013582508504484932,26.4686673290374,-0.00047837789954461685,-0.0005018768615917507,-2.349896204713385e-05,4.9122173222264784,0.0,0.0,0.0,nan
bootstrap,bootstrap_0494,,13,ok,0.12255166164991488,,7347.865114440015,7346.538072523386,-1.3270419166283318,-0.018060237850861346,7348.841146643875,7347.312039154228,-1.5291074896467762,-0.020807464185630148,2070.216530147837,2071.526093071302,1.3095629234649095,0.0632572923843571,1512.4364541050136,1515.529818753608,3.093364648594388,0.20452856979203737,-0.049137165151413566,-0.04853639187031073,0.0006007732811028343,-1.2226453830854576,0.2272759720228212,0.218126027618351,-0.0091499444044702,-4.025918060335669,-0.0005131542263022916,-0.0004455873582829117,6.756686801937992e-05,-13.166970972110297,-0.00047837789954461685,-0.0004116207181911982,6.675718135341864e-05,-13.954904985570387,0.0,0.0,0.0,nan
bootstrap,bootstrap_0495,,11,ok,0.11883227642665845,,7347.865114440015,7351.320429258586,3.4553148185714235,0.04702474480350821,7348.841146643875,7352.523226464456,3.6820798205808387,0.05010422387837842,2070.216530147837,2069.7699363221786,-0.44659382565851047,-0.02157232439964232,1512.4364541050136,1514.3273236167604,1.8908695117468142,0.12502141869264444,-0.049137165151413566,-0.04954312317482796,-0.00040595802341439335,0.8261730650587091,0.2272759720228212,0.22089115404583215,-0.00638481797698906,-2.809279802067219,-0.0005131542263022916,-0.000443102422271751,7.005180403054062e-05,-13.651218374507575,-0.00047837789954461685,-0.0005306751078981642,-5.229720835354739e-05,10.932195739671663,0.0,0.0,0.0,nan
bootstrap,bootstrap_0496,,12,ok,0.11856817125434149,,7347.865114440015,7342.332103152319,-5.5330112876954445,-0.0753009370956195,7348.841146643875,7343.291579596378,-5.549567047496566,-0.07551621999654987,2070.216530147837,2070.851656770196,0.6351266223587118,0.030679236355694466,1512.4364541050136,1513.1391665039023,0.702712398888707,0.04646227595092833,-0.049137165151413566,-0.04891370088449658,0.00022346426691698812,-0.4547764736292679,0.2272759720228212,0.22119264878639683,-0.006083323236424382,-2.6766240101322913,-0.0005131542263022916,-0.0005540816049737815,-4.0927378671489845e-05,7.975648756984051,-0.00047837789954461685,-0.0004515238678078626,2.6854031736754267e-05,-5.613560275739635,0.0,0.0,0.0,nan
bootstrap,bootstrap_0497,,13,ok,0.12127010140964442,,7347.865114440015,7346.305917342581,-1.5591970974337528,-0.021219729447259732,7348.841146643875,7347.185696429762,-1.655450214112534,-0.022526683882241185,2070.216530147837,2069.771389285098,-0.4451408627392084,-0.021502140295798926,1512.4364541050136,1516.898391608702,4.461937503688432,0.29501652724502664,-0.049137165151413566,-0.04814012167604166,0.0009970434753719046,-2.029102558724273,0.2272759720228212,0.22201239614116627,-0.005263575881654936,-2.3159403234788103,-0.0005131542263022916,-0.00036043752370075487,0.00015271670260153674,-29.760390692285476,-0.00047837789954461685,-0.0004952482171245047,-1.6870317579887836e-05,3.526567091821597,0.0,0.0,0.0,nan
bootstrap,bootstrap_0498,,10,ok,0.11264659618783003,,7347.865114440015,7339.481789912953,-8.383324527061632,-0.11409197632910727,7348.841146643875,7340.577128570153,-8.264018073721672,-0.11245335024687189,2070.216530147837,2070.316301235498,0.0997710876608835,0.004819355183767115,1512.4364541050136,1522.9527253115837,10.516271206570082,0.6953198713259725,-0.049137165151413566,-0.04944647289327386,-0.00030930774186029714,0.6294781982378954,0.2272759720228212,0.23151609659554642,0.004240124572725212,1.8656281766114076,-0.0005131542263022916,-0.00020617269647464715,0.00030698152982764444,-59.82246936553654,-0.00047837789954461685,-0.0004373040460122955,4.107385353232135e-05,-8.586068372184597,0.0,0.0,0.0,nan
bootstrap,bootstrap_0499,,11,ok,0.12296287822433709,,7347.865114440015,7344.040515977941,-3.8245984620734816,-0.052050471837832,7348.841146643875,7344.626175531425,-4.214971112449348,-0.05735558883830648,2070.216530147837,2068.904159044308,-1.3123711035291308,-0.06339293906784776,1512.4364541050136,1509.843050254217,-2.593403850796676,-0.1714719215976136,-0.049137165151413566,-0.049850333049538086,-0.0007131678981245199,1.4513818530778706,0.2272759720228212,0.22706260439497145,-0.00021336762784976426,-0.09388041593254724,-0.0005131542263022916,-0.0006626744913398282,-0.00014952026503753661,29.137490714040503,-0.00047837789954461685,-0.0005311440554113904,-5.276615586677358e-05,11.030224414004778,0.0,0.0,0.0,nan
bootstrap,bootstrap_0500,,14,ok,0.11242971340531979,,7347.865114440015,7344.572771498133,-3.292342941881543,-0.04480679613200078,7348.841146643875,7345.5353316716355,-3.3058149722392045,-0.0449841669764345,2070.216530147837,2068.1027126074337,-2.1138175404034882,-0.10210610869059854,1512.4364541050136,1510.6526894978367,-1.7837646071768631,-0.11793980516241975,-0.049137165151413566,-0.04988886227038685,-0.0007516971189732852,1.5297934194147553,0.2272759720228212,0.2345560978880957,0.007280125865274489,3.203209648815616,-0.0005131542263022916,-0.0005485508650325756,-3.539663873028398e-05,6.897855832806167,-0.00047837789954461685,-0.0005610382217119866,-8.266032216736974e-05,17.279293681011755,0.0,0.0,0.0,nan
