u,y_ref_observed_px,y_ref_short_gap_px,y_ref_smooth_px,sigma_ref_px,valid_fraction,valid_frame_count,fwhm_p50_px,source
0,NaN,NaN,NaN,NaN,0.0,0,NaN,outside_reference_surface
1,NaN,NaN,NaN,NaN,0.0,0,NaN,outside_reference_surface
2,NaN,NaN,NaN,NaN,0.0,0,NaN,outside_reference_surface
3,NaN,NaN,NaN,NaN,0.0,0,NaN,outside_reference_surface
4,NaN,NaN,NaN,NaN,0.0,0,NaN,outside_reference_surface
5,NaN,NaN,NaN,NaN,0.0,0,NaN,outside_reference_surface
6,NaN,NaN,NaN,NaN,0.0,0,NaN,outside_reference_surface
7,NaN,NaN,NaN,NaN,0.0,0,NaN,outside_reference_surface
8,NaN,NaN,NaN,NaN,0.0,0,NaN,outside_reference_surface
9,NaN,NaN,NaN,NaN,0.0,0,NaN,outside_reference_surface
10,NaN,NaN,NaN,NaN,0.0,0,NaN,outside_reference_surface
11,NaN,NaN,NaN,NaN,0.0,0,NaN,outside_reference_surface
12,NaN,NaN,NaN,NaN,0.0,0,NaN,outside_reference_surface
13,NaN,NaN,NaN,NaN,0.0,0,NaN,outside_reference_surface
14,NaN,NaN,NaN,NaN,0.0,0,NaN,outside_reference_surface
15,NaN,NaN,NaN,NaN,0.0,0,NaN,outside_reference_surface
16,NaN,NaN,NaN,NaN,0.0,0,NaN,outside_reference_surface
17,NaN,NaN,NaN,NaN,0.0,0,NaN,outside_reference_surface
18,NaN,NaN,NaN,NaN,0.0,0,NaN,outside_reference_surface
19,NaN,NaN,NaN,NaN,0.0,0,NaN,outside_reference_surface
20,NaN,NaN,NaN,NaN,0.0,0,NaN,outside_reference_surface
21,NaN,NaN,NaN,NaN,0.0,0,NaN,outside_reference_surface
22,NaN,NaN,NaN,NaN,0.0,0,NaN,outside_reference_surface
23,NaN,NaN,NaN,NaN,0.0,0,NaN,outside_reference_surface
24,NaN,NaN,NaN,NaN,0.0,0,NaN,outside_reference_surface
25,NaN,NaN,NaN,NaN,0.0,0,NaN,outside_reference_surface
26,NaN,NaN,NaN,NaN,0.0,0,NaN,outside_reference_surface
27,NaN,NaN,NaN,NaN,0.0,0,NaN,outside_reference_surface
28,NaN,NaN,NaN,NaN,0.0,0,NaN,outside_reference_surface
29,NaN,NaN,NaN,NaN,0.0,0,NaN,outside_reference_surface
30,NaN,NaN,NaN,NaN,0.0,0,NaN,outside_reference_surface
31,NaN,NaN,NaN,NaN,0.0,0,NaN,outside_reference_surface
32,NaN,NaN,NaN,NaN,0.0,0,NaN,outside_reference_surface
33,NaN,NaN,NaN,NaN,0.0,0,NaN,outside_reference_surface
34,NaN,NaN,NaN,NaN,0.0,0,NaN,outside_reference_surface
35,NaN,NaN,NaN,NaN,0.0,0,NaN,outside_reference_surface
36,NaN,NaN,NaN,NaN,0.0,0,NaN,outside_reference_surface
37,NaN,NaN,NaN,NaN,0.0,0,NaN,outside_reference_surface
38,NaN,NaN,NaN,NaN,0.0,0,NaN,outside_reference_surface
39,NaN,NaN,NaN,NaN,0.0,0,NaN,outside_reference_surface
40,NaN,NaN,NaN,NaN,0.0,0,NaN,outside_reference_surface
41,NaN,NaN,NaN,NaN,0.0,0,NaN,outside_reference_surface
42,NaN,NaN,NaN,NaN,0.0,0,NaN,outside_reference_surface
43,NaN,NaN,NaN,NaN,0.0,0,NaN,outside_reference_surface
44,NaN,NaN,NaN,NaN,0.0,0,NaN,outside_reference_surface
45,NaN,NaN,NaN,NaN,0.0,0,NaN,outside_reference_surface
46,NaN,NaN,NaN,NaN,0.0,0,NaN,outside_reference_surface
47,NaN,NaN,NaN,NaN,0.0,0,NaN,outside_reference_surface
48,NaN,NaN,NaN,NaN,0.0,0,NaN,outside_reference_surface
49,NaN,NaN,NaN,NaN,0.0,0,NaN,outside_reference_surface
50,NaN,NaN,NaN,NaN,0.0,0,NaN,outside_reference_surface
51,NaN,NaN,NaN,NaN,0.0,0,NaN,outside_reference_surface
52,NaN,NaN,NaN,NaN,0.0,0,NaN,outside_reference_surface
53,NaN,NaN,NaN,NaN,0.0,0,NaN,outside_reference_surface
54,NaN,NaN,NaN,NaN,0.0,0,NaN,outside_reference_surface
55,NaN,NaN,NaN,NaN,0.0,0,NaN,outside_reference_surface
56,NaN,NaN,NaN,NaN,0.0,0,NaN,outside_reference_surface
57,NaN,NaN,NaN,NaN,0.0,0,NaN,outside_reference_surface
58,NaN,NaN,NaN,NaN,0.0,0,NaN,outside_reference_surface
59,NaN,NaN,NaN,NaN,0.0,0,NaN,outside_reference_surface
60,NaN,NaN,NaN,NaN,0.0,0,NaN,outside_reference_surface
61,NaN,NaN,NaN,NaN,0.0,0,NaN,outside_reference_surface
62,NaN,NaN,NaN,NaN,0.0,0,NaN,outside_reference_surface
63,NaN,NaN,NaN,NaN,0.0,0,NaN,outside_reference_surface
64,NaN,NaN,NaN,NaN,0.0,0,NaN,outside_reference_surface
65,NaN,NaN,NaN,NaN,0.0,0,NaN,outside_reference_surface
66,NaN,NaN,NaN,NaN,0.0,0,NaN,outside_reference_surface
67,NaN,NaN,NaN,NaN,0.0,0,NaN,outside_reference_surface
68,NaN,NaN,NaN,NaN,0.0,0,NaN,outside_reference_surface
69,NaN,NaN,NaN,NaN,0.0,0,NaN,outside_reference_surface
70,NaN,NaN,NaN,NaN,0.0,0,NaN,outside_reference_surface
71,NaN,NaN,NaN,NaN,0.0,0,NaN,outside_reference_surface
72,NaN,NaN,NaN,NaN,0.0,0,NaN,outside_reference_surface
73,NaN,NaN,NaN,NaN,0.0,0,NaN,outside_reference_surface
74,NaN,NaN,NaN,NaN,0.0,0,NaN,outside_reference_surface
75,NaN,NaN,NaN,NaN,0.0,0,NaN,outside_reference_surface
76,NaN,NaN,NaN,NaN,0.0,0,NaN,outside_reference_surface
77,NaN,NaN,NaN,NaN,0.0,0,NaN,outside_reference_surface
78,NaN,NaN,NaN,NaN,0.0,0,NaN,outside_reference_surface
79,NaN,NaN,NaN,NaN,0.0,0,NaN,outside_reference_surface
80,NaN,NaN,NaN,NaN,0.0,0,NaN,outside_reference_surface
81,NaN,NaN,NaN,NaN,0.0,0,NaN,outside_reference_surface
82,NaN,NaN,NaN,NaN,0.0,0,NaN,outside_reference_surface
83,NaN,NaN,NaN,NaN,0.0,0,NaN,outside_reference_surface
84,NaN,NaN,NaN,NaN,0.0,0,NaN,outside_reference_surface
85,NaN,NaN,NaN,NaN,0.0,0,NaN,outside_reference_surface
86,NaN,NaN,NaN,NaN,0.0,0,NaN,outside_reference_surface
87,NaN,NaN,NaN,NaN,0.0,0,NaN,outside_reference_surface
88,NaN,NaN,NaN,NaN,0.0,0,NaN,outside_reference_surface
89,NaN,NaN,NaN,NaN,0.0,0,NaN,outside_reference_surface
90,NaN,NaN,NaN,NaN,0.0,0,NaN,outside_reference_surface
91,NaN,NaN,NaN,NaN,0.0,0,NaN,outside_reference_surface
92,NaN,NaN,NaN,NaN,0.0,0,NaN,outside_reference_surface
93,NaN,NaN,NaN,NaN,0.0,0,NaN,outside_reference_surface
94,NaN,NaN,NaN,NaN,0.0,0,NaN,outside_reference_surface
95,NaN,NaN,NaN,NaN,0.0,0,NaN,outside_reference_surface
96,NaN,NaN,NaN,NaN,0.0,0,NaN,outside_reference_surface
97,NaN,NaN,NaN,NaN,0.0,0,NaN,outside_reference_surface
98,NaN,NaN,NaN,NaN,0.0,0,NaN,outside_reference_surface
99,NaN,NaN,NaN,NaN,0.0,0,NaN,outside_reference_surface
100,NaN,NaN,NaN,NaN,0.0,0,NaN,outside_reference_surface
101,NaN,NaN,NaN,NaN,0.0,0,NaN,outside_reference_surface
102,NaN,NaN,NaN,NaN,0.0,0,NaN,outside_reference_surface
103,NaN,NaN,NaN,NaN,0.0,0,NaN,outside_reference_surface
104,NaN,NaN,NaN,NaN,0.0,0,NaN,outside_reference_surface
105,NaN,NaN,NaN,NaN,0.0,0,NaN,outside_reference_surface
106,NaN,NaN,NaN,NaN,0.0,0,NaN,outside_reference_surface
107,NaN,NaN,NaN,NaN,0.0,0,NaN,outside_reference_surface
108,NaN,NaN,NaN,NaN,0.0,0,NaN,outside_reference_surface
109,NaN,NaN,NaN,NaN,0.0,0,NaN,outside_reference_surface
110,NaN,NaN,NaN,NaN,0.0,0,NaN,outside_reference_surface
111,NaN,NaN,NaN,NaN,0.0,0,NaN,outside_reference_surface
112,NaN,NaN,NaN,NaN,0.0,0,NaN,outside_reference_surface
113,NaN,NaN,NaN,NaN,0.0,0,NaN,outside_reference_surface
114,NaN,NaN,NaN,NaN,0.0,0,NaN,outside_reference_surface
115,NaN,NaN,NaN,NaN,0.0,0,NaN,outside_reference_surface
116,NaN,NaN,NaN,NaN,0.0,0,NaN,outside_reference_surface
117,NaN,NaN,NaN,NaN,0.0,0,NaN,outside_reference_surface
118,NaN,NaN,NaN,NaN,0.0,0,NaN,outside_reference_surface
119,NaN,NaN,NaN,NaN,0.0,0,NaN,outside_reference_surface
120,NaN,NaN,NaN,NaN,0.0,0,NaN,outside_reference_surface
121,NaN,NaN,NaN,NaN,0.0,0,NaN,outside_reference_surface
122,NaN,NaN,NaN,NaN,0.0,0,NaN,outside_reference_surface
123,NaN,NaN,NaN,NaN,0.0,0,NaN,outside_reference_surface
124,NaN,NaN,NaN,NaN,0.0,0,NaN,outside_reference_surface
125,NaN,NaN,NaN,NaN,0.0,0,NaN,outside_reference_surface
126,NaN,NaN,NaN,NaN,0.0,0,NaN,outside_reference_surface
127,NaN,NaN,NaN,NaN,0.0,0,NaN,outside_reference_surface
128,NaN,NaN,NaN,NaN,0.0,0,NaN,outside_reference_surface
129,NaN,NaN,NaN,NaN,0.0,0,NaN,outside_reference_surface
130,NaN,NaN,NaN,NaN,0.0,0,NaN,outside_reference_surface
131,NaN,NaN,NaN,NaN,0.0,0,NaN,outside_reference_surface
132,NaN,NaN,NaN,NaN,0.0,0,NaN,outside_reference_surface
133,NaN,NaN,NaN,NaN,0.0,0,NaN,outside_reference_surface
134,NaN,NaN,NaN,NaN,0.0,0,NaN,outside_reference_surface
135,NaN,NaN,NaN,NaN,0.0,0,NaN,outside_reference_surface
136,NaN,NaN,NaN,NaN,0.0,0,NaN,outside_reference_surface
137,NaN,NaN,NaN,NaN,0.0,0,NaN,outside_reference_surface
138,NaN,NaN,NaN,NaN,0.0,0,NaN,outside_reference_surface
139,NaN,NaN,NaN,NaN,0.0,0,NaN,outside_reference_surface
140,NaN,NaN,NaN,NaN,0.0,0,NaN,outside_reference_surface
141,NaN,NaN,NaN,NaN,0.0,0,NaN,outside_reference_surface
142,NaN,NaN,NaN,NaN,0.0,0,NaN,outside_reference_surface
143,NaN,NaN,NaN,NaN,0.0,0,NaN,outside_reference_surface
144,NaN,NaN,NaN,NaN,0.0,0,NaN,outside_reference_surface
145,NaN,NaN,NaN,NaN,0.0,0,NaN,outside_reference_surface
146,NaN,NaN,NaN,NaN,0.0,0,NaN,outside_reference_surface
147,NaN,NaN,NaN,NaN,0.0,0,NaN,outside_reference_surface
148,NaN,NaN,NaN,NaN,0.0,0,NaN,outside_reference_surface
149,NaN,NaN,NaN,NaN,0.0,0,NaN,outside_reference_surface
150,NaN,NaN,NaN,NaN,0.0,0,NaN,outside_reference_surface
151,NaN,NaN,NaN,NaN,0.0,0,NaN,outside_reference_surface
152,NaN,NaN,NaN,NaN,0.0,0,NaN,outside_reference_surface
153,NaN,NaN,NaN,NaN,0.0,0,NaN,outside_reference_surface
154,NaN,NaN,NaN,NaN,0.0,0,NaN,outside_reference_surface
155,NaN,NaN,NaN,NaN,0.0,0,NaN,outside_reference_surface
156,NaN,NaN,NaN,NaN,0.0,0,NaN,outside_reference_surface
157,NaN,NaN,NaN,NaN,0.0,0,NaN,outside_reference_surface
158,NaN,NaN,NaN,NaN,0.0,0,NaN,outside_reference_surface
159,NaN,NaN,NaN,NaN,0.0,0,NaN,outside_reference_surface
160,NaN,NaN,NaN,NaN,0.0,0,NaN,outside_reference_surface
161,NaN,NaN,NaN,NaN,0.0,0,NaN,outside_reference_surface
162,NaN,NaN,NaN,NaN,0.0,0,NaN,outside_reference_surface
163,NaN,NaN,NaN,NaN,0.0,0,NaN,outside_reference_surface
164,NaN,NaN,NaN,NaN,0.0,0,NaN,outside_reference_surface
165,NaN,NaN,NaN,NaN,0.0,0,NaN,outside_reference_surface
166,NaN,NaN,NaN,NaN,0.0,0,NaN,outside_reference_surface
167,NaN,NaN,NaN,NaN,0.0,0,NaN,outside_reference_surface
168,NaN,NaN,NaN,NaN,0.0,0,NaN,outside_reference_surface
169,NaN,NaN,NaN,NaN,0.0,0,NaN,outside_reference_surface
170,NaN,NaN,NaN,NaN,0.0,0,NaN,outside_reference_surface
171,NaN,NaN,NaN,NaN,0.0,0,NaN,outside_reference_surface
172,NaN,NaN,NaN,NaN,0.0,0,NaN,outside_reference_surface
173,NaN,NaN,NaN,NaN,0.0,0,NaN,outside_reference_surface
174,NaN,NaN,NaN,NaN,0.0,0,NaN,outside_reference_surface
175,NaN,NaN,NaN,NaN,0.0,0,NaN,outside_reference_surface
176,NaN,NaN,NaN,NaN,0.0,0,NaN,outside_reference_surface
177,NaN,NaN,NaN,NaN,0.0,0,NaN,outside_reference_surface
178,NaN,NaN,NaN,NaN,0.0,0,NaN,outside_reference_surface
179,NaN,NaN,NaN,NaN,0.0,0,NaN,outside_reference_surface
180,NaN,NaN,NaN,NaN,0.0,0,NaN,outside_reference_surface
181,NaN,NaN,NaN,NaN,0.0,0,NaN,outside_reference_surface
182,NaN,NaN,NaN,NaN,0.0,0,NaN,outside_reference_surface
183,NaN,NaN,NaN,NaN,0.0,0,NaN,outside_reference_surface
184,NaN,NaN,NaN,NaN,0.0,0,NaN,outside_reference_surface
185,NaN,NaN,NaN,NaN,0.0,0,NaN,outside_reference_surface
186,NaN,NaN,NaN,NaN,0.0,0,NaN,outside_reference_surface
187,NaN,NaN,NaN,NaN,0.0,0,NaN,outside_reference_surface
188,NaN,NaN,NaN,NaN,0.0,0,NaN,outside_reference_surface
189,NaN,NaN,NaN,NaN,0.0,0,NaN,outside_reference_surface
190,NaN,NaN,NaN,NaN,0.0,0,NaN,outside_reference_surface
191,NaN,NaN,NaN,NaN,0.0,0,NaN,outside_reference_surface
192,NaN,NaN,NaN,NaN,0.0,0,NaN,outside_reference_surface
193,NaN,NaN,NaN,NaN,0.0,0,NaN,outside_reference_surface
194,NaN,NaN,NaN,NaN,0.0,0,NaN,outside_reference_surface
195,NaN,NaN,NaN,NaN,0.0,0,NaN,outside_reference_surface
196,NaN,NaN,NaN,NaN,0.0,0,NaN,outside_reference_surface
197,NaN,NaN,NaN,NaN,0.0,0,NaN,outside_reference_surface
198,NaN,NaN,NaN,NaN,0.0,0,NaN,outside_reference_surface
199,NaN,NaN,NaN,NaN,0.0,0,NaN,outside_reference_surface
200,NaN,NaN,NaN,NaN,0.0,0,NaN,outside_reference_surface
201,NaN,NaN,NaN,NaN,0.0,0,NaN,outside_reference_surface
202,NaN,NaN,NaN,NaN,0.0,0,NaN,outside_reference_surface
203,NaN,NaN,NaN,NaN,0.0,0,NaN,outside_reference_surface
204,NaN,NaN,NaN,NaN,0.0,0,NaN,outside_reference_surface
205,NaN,NaN,NaN,NaN,0.0,0,NaN,outside_reference_surface
206,NaN,NaN,NaN,NaN,0.0,0,NaN,outside_reference_surface
207,NaN,NaN,NaN,NaN,0.0,0,NaN,outside_reference_surface
208,NaN,NaN,NaN,NaN,0.0,0,NaN,outside_reference_surface
209,NaN,NaN,NaN,NaN,0.0,0,NaN,outside_reference_surface
210,NaN,NaN,NaN,NaN,0.0,0,NaN,outside_reference_surface
211,NaN,NaN,NaN,NaN,0.0,0,NaN,outside_reference_surface
212,NaN,NaN,NaN,NaN,0.0,0,NaN,outside_reference_surface
213,NaN,NaN,NaN,NaN,0.0,0,NaN,outside_reference_surface
214,NaN,NaN,NaN,NaN,0.0,0,NaN,outside_reference_surface
215,NaN,NaN,NaN,NaN,0.0,0,NaN,outside_reference_surface
216,NaN,NaN,NaN,NaN,0.0,0,NaN,outside_reference_surface
217,NaN,NaN,NaN,NaN,0.0,0,NaN,outside_reference_surface
218,NaN,NaN,NaN,NaN,0.0,0,NaN,outside_reference_surface
219,NaN,NaN,NaN,NaN,0.0,0,NaN,outside_reference_surface
220,NaN,NaN,NaN,NaN,0.0,0,NaN,outside_reference_surface
221,NaN,NaN,NaN,NaN,0.0,0,NaN,outside_reference_surface
222,NaN,NaN,NaN,NaN,0.0,0,NaN,outside_reference_surface
223,NaN,NaN,NaN,NaN,0.0,0,NaN,outside_reference_surface
224,NaN,NaN,NaN,NaN,0.0,0,NaN,outside_reference_surface
225,NaN,NaN,NaN,NaN,0.0,0,NaN,outside_reference_surface
226,NaN,NaN,NaN,NaN,0.0,0,NaN,outside_reference_surface
227,NaN,NaN,NaN,NaN,0.0,0,NaN,outside_reference_surface
228,NaN,NaN,NaN,NaN,0.0,0,NaN,outside_reference_surface
229,NaN,NaN,NaN,NaN,0.0,0,NaN,outside_reference_surface
230,NaN,NaN,NaN,NaN,0.0,0,NaN,outside_reference_surface
231,NaN,NaN,NaN,NaN,0.0,0,NaN,outside_reference_surface
232,NaN,NaN,NaN,NaN,0.0,0,NaN,outside_reference_surface
233,NaN,NaN,NaN,NaN,0.0,0,NaN,outside_reference_surface
234,NaN,NaN,NaN,NaN,0.0,0,NaN,outside_reference_surface
235,NaN,NaN,NaN,NaN,0.0,0,NaN,outside_reference_surface
236,NaN,NaN,NaN,NaN,0.0,0,NaN,outside_reference_surface
237,NaN,NaN,NaN,NaN,0.0,0,NaN,outside_reference_surface
238,NaN,NaN,NaN,NaN,0.0,0,NaN,outside_reference_surface
239,NaN,NaN,NaN,NaN,0.0,0,NaN,outside_reference_surface
240,NaN,NaN,NaN,NaN,0.0,0,NaN,outside_reference_surface
241,NaN,NaN,NaN,NaN,0.0,0,NaN,outside_reference_surface
242,NaN,NaN,NaN,NaN,0.0,0,NaN,outside_reference_surface
243,NaN,NaN,NaN,NaN,0.0,0,NaN,outside_reference_surface
244,NaN,NaN,NaN,NaN,0.0,0,NaN,outside_reference_surface
245,NaN,NaN,NaN,NaN,0.0,0,NaN,outside_reference_surface
246,NaN,NaN,NaN,NaN,0.0,0,NaN,outside_reference_surface
247,NaN,NaN,NaN,NaN,0.0,0,NaN,outside_reference_surface
248,NaN,NaN,NaN,NaN,0.0,0,NaN,outside_reference_surface
249,NaN,NaN,NaN,NaN,0.0,0,NaN,outside_reference_surface
250,NaN,NaN,NaN,NaN,0.0,0,NaN,outside_reference_surface
251,NaN,NaN,NaN,NaN,0.0,0,NaN,outside_reference_surface
252,NaN,NaN,NaN,NaN,0.0,0,NaN,outside_reference_surface
253,NaN,NaN,NaN,NaN,0.0,0,NaN,outside_reference_surface
254,NaN,NaN,NaN,NaN,0.0,0,NaN,outside_reference_surface
255,NaN,NaN,NaN,NaN,0.0,0,NaN,outside_reference_surface
256,NaN,NaN,NaN,NaN,0.0,0,NaN,outside_reference_surface
257,NaN,NaN,NaN,NaN,0.0,0,NaN,outside_reference_surface
258,NaN,NaN,NaN,NaN,0.0,0,NaN,outside_reference_surface
259,NaN,NaN,NaN,NaN,0.0,0,NaN,outside_reference_surface
260,NaN,NaN,NaN,NaN,0.0,0,NaN,outside_reference_surface
261,NaN,NaN,NaN,NaN,0.0,0,NaN,outside_reference_surface
262,NaN,NaN,NaN,NaN,0.0,0,NaN,outside_reference_surface
263,NaN,NaN,NaN,NaN,0.0,0,NaN,outside_reference_surface
264,NaN,NaN,NaN,NaN,0.0,0,NaN,outside_reference_surface
265,NaN,NaN,NaN,NaN,0.0,0,NaN,outside_reference_surface
266,NaN,NaN,NaN,NaN,0.0,0,NaN,outside_reference_surface
267,NaN,NaN,NaN,NaN,0.0,0,NaN,outside_reference_surface
268,NaN,NaN,NaN,NaN,0.0,0,NaN,outside_reference_surface
269,NaN,NaN,NaN,NaN,0.0,0,NaN,outside_reference_surface
270,NaN,NaN,NaN,NaN,0.0,0,NaN,outside_reference_surface
271,NaN,NaN,NaN,NaN,0.0,0,NaN,outside_reference_surface
272,NaN,NaN,NaN,NaN,0.0,0,NaN,outside_reference_surface
273,NaN,NaN,NaN,NaN,0.0,0,NaN,outside_reference_surface
274,NaN,NaN,NaN,NaN,0.0,0,NaN,outside_reference_surface
275,NaN,NaN,NaN,NaN,0.0,0,NaN,outside_reference_surface
276,NaN,NaN,NaN,NaN,0.0,0,NaN,outside_reference_surface
277,NaN,NaN,NaN,NaN,0.0,0,NaN,outside_reference_surface
278,NaN,NaN,NaN,NaN,0.0,0,NaN,outside_reference_surface
279,NaN,NaN,NaN,NaN,0.0,0,NaN,outside_reference_surface
280,NaN,NaN,NaN,NaN,0.0,0,NaN,outside_reference_surface
281,NaN,NaN,NaN,NaN,0.0,0,NaN,outside_reference_surface
282,NaN,NaN,NaN,NaN,0.0,0,NaN,outside_reference_surface
283,NaN,NaN,NaN,NaN,0.0,0,NaN,outside_reference_surface
284,NaN,NaN,NaN,NaN,0.0,0,NaN,outside_reference_surface
285,NaN,NaN,NaN,NaN,0.0,0,NaN,outside_reference_surface
286,NaN,NaN,NaN,NaN,0.0,0,NaN,outside_reference_surface
287,NaN,NaN,NaN,NaN,0.0,0,NaN,outside_reference_surface
288,NaN,NaN,NaN,NaN,0.0,0,NaN,outside_reference_surface
289,NaN,NaN,NaN,NaN,0.0,0,NaN,outside_reference_surface
290,NaN,NaN,NaN,NaN,0.0,0,NaN,outside_reference_surface
291,NaN,NaN,NaN,NaN,0.0,0,NaN,outside_reference_surface
292,NaN,NaN,NaN,NaN,0.0,0,NaN,outside_reference_surface
293,NaN,NaN,NaN,NaN,0.0,0,NaN,outside_reference_surface
294,NaN,NaN,NaN,NaN,0.0,0,NaN,outside_reference_surface
295,NaN,NaN,NaN,NaN,0.0,0,NaN,outside_reference_surface
296,NaN,NaN,NaN,NaN,0.0,0,NaN,outside_reference_surface
297,NaN,NaN,NaN,NaN,0.0,0,NaN,outside_reference_surface
298,NaN,NaN,NaN,NaN,0.0,0,NaN,outside_reference_surface
299,NaN,NaN,NaN,NaN,0.0,0,NaN,outside_reference_surface
300,NaN,NaN,NaN,NaN,0.0,0,NaN,outside_reference_surface
301,NaN,NaN,NaN,NaN,0.0,0,NaN,outside_reference_surface
302,NaN,NaN,NaN,NaN,0.0,0,NaN,outside_reference_surface
303,NaN,NaN,NaN,NaN,0.0,0,NaN,outside_reference_surface
304,NaN,NaN,NaN,NaN,0.0,0,NaN,outside_reference_surface
305,NaN,NaN,NaN,NaN,0.0,0,NaN,outside_reference_surface
306,NaN,NaN,NaN,NaN,0.0,0,NaN,outside_reference_surface
307,NaN,NaN,NaN,NaN,0.0,0,NaN,outside_reference_surface
308,NaN,NaN,NaN,NaN,0.0,0,NaN,outside_reference_surface
309,NaN,NaN,NaN,NaN,0.0,0,NaN,outside_reference_surface
310,NaN,NaN,NaN,NaN,0.0,0,NaN,outside_reference_surface
311,NaN,NaN,NaN,NaN,0.0,0,NaN,outside_reference_surface
312,NaN,NaN,NaN,NaN,0.0,0,NaN,outside_reference_surface
313,NaN,NaN,NaN,NaN,0.0,0,NaN,outside_reference_surface
314,NaN,NaN,NaN,NaN,0.0,0,NaN,outside_reference_surface
315,NaN,NaN,NaN,NaN,0.0,0,NaN,outside_reference_surface
316,NaN,NaN,NaN,NaN,0.0,0,NaN,outside_reference_surface
317,NaN,NaN,NaN,NaN,0.0,0,NaN,outside_reference_surface
318,NaN,NaN,NaN,NaN,0.0,0,NaN,outside_reference_surface
319,NaN,NaN,NaN,NaN,0.0,0,NaN,outside_reference_surface
320,NaN,NaN,NaN,NaN,0.0,0,NaN,outside_reference_surface
321,NaN,NaN,NaN,NaN,0.0,0,NaN,outside_reference_surface
322,NaN,NaN,NaN,NaN,0.0,0,NaN,outside_reference_surface
323,NaN,NaN,NaN,NaN,0.0,0,NaN,outside_reference_surface
324,NaN,NaN,NaN,NaN,0.0,0,NaN,outside_reference_surface
325,NaN,NaN,NaN,NaN,0.0,0,NaN,outside_reference_surface
326,NaN,NaN,NaN,NaN,0.0,0,NaN,outside_reference_surface
327,NaN,NaN,NaN,NaN,0.0,0,NaN,outside_reference_surface
328,NaN,NaN,NaN,NaN,0.0,0,NaN,outside_reference_surface
329,NaN,NaN,NaN,NaN,0.0,0,NaN,outside_reference_surface
330,NaN,NaN,NaN,NaN,0.0,0,NaN,outside_reference_surface
331,NaN,NaN,NaN,NaN,0.0,0,NaN,outside_reference_surface
332,NaN,NaN,NaN,NaN,0.0,0,NaN,outside_reference_surface
333,NaN,NaN,NaN,NaN,0.0,0,NaN,outside_reference_surface
334,NaN,NaN,NaN,NaN,0.0,0,NaN,outside_reference_surface
335,NaN,NaN,NaN,NaN,0.0,0,NaN,outside_reference_surface
336,NaN,NaN,NaN,NaN,0.0,0,NaN,outside_reference_surface
337,NaN,NaN,NaN,NaN,0.0,0,NaN,outside_reference_surface
338,NaN,NaN,NaN,NaN,0.0,0,NaN,outside_reference_surface
339,NaN,NaN,NaN,NaN,0.0,0,NaN,outside_reference_surface
340,NaN,NaN,NaN,NaN,0.0,0,NaN,outside_reference_surface
341,NaN,NaN,NaN,NaN,0.0,0,NaN,outside_reference_surface
342,NaN,NaN,NaN,NaN,0.0,0,NaN,outside_reference_surface
343,NaN,NaN,NaN,NaN,0.0,0,NaN,outside_reference_surface
344,NaN,NaN,NaN,NaN,0.0,0,NaN,outside_reference_surface
345,NaN,NaN,NaN,NaN,0.0,0,NaN,outside_reference_surface
346,NaN,NaN,NaN,NaN,0.0,0,NaN,outside_reference_surface
347,NaN,NaN,NaN,NaN,0.0,0,NaN,outside_reference_surface
348,NaN,NaN,NaN,NaN,0.0,0,NaN,outside_reference_surface
349,NaN,NaN,NaN,NaN,0.0,0,NaN,outside_reference_surface
350,NaN,NaN,NaN,NaN,0.0,0,NaN,outside_reference_surface
351,NaN,NaN,NaN,NaN,0.0,0,NaN,outside_reference_surface
352,NaN,NaN,NaN,NaN,0.0,0,NaN,outside_reference_surface
353,NaN,NaN,NaN,NaN,0.0,0,NaN,outside_reference_surface
354,NaN,NaN,NaN,NaN,0.0,0,NaN,outside_reference_surface
355,NaN,NaN,NaN,NaN,0.0,0,NaN,outside_reference_surface
356,NaN,NaN,NaN,NaN,0.0,0,NaN,outside_reference_surface
357,NaN,NaN,NaN,NaN,0.0,0,NaN,outside_reference_surface
358,NaN,NaN,NaN,NaN,0.0,0,NaN,outside_reference_surface
359,NaN,NaN,NaN,NaN,0.0,0,NaN,outside_reference_surface
360,NaN,NaN,NaN,NaN,0.0,0,NaN,outside_reference_surface
361,NaN,NaN,NaN,NaN,0.0,0,NaN,outside_reference_surface
362,NaN,NaN,NaN,NaN,0.0,0,NaN,outside_reference_surface
363,NaN,NaN,NaN,NaN,0.0,0,NaN,outside_reference_surface
364,NaN,NaN,NaN,NaN,0.0,0,NaN,outside_reference_surface
365,NaN,NaN,NaN,NaN,0.0,0,NaN,outside_reference_surface
366,NaN,NaN,NaN,NaN,0.0,0,NaN,outside_reference_surface
367,NaN,NaN,NaN,NaN,0.0,0,NaN,outside_reference_surface
368,NaN,NaN,NaN,NaN,0.0,0,NaN,outside_reference_surface
369,NaN,NaN,NaN,NaN,0.0,0,NaN,outside_reference_surface
370,NaN,NaN,NaN,NaN,0.0,0,NaN,outside_reference_surface
371,NaN,NaN,NaN,NaN,0.0,0,NaN,outside_reference_surface
372,NaN,NaN,NaN,NaN,0.0,0,NaN,outside_reference_surface
373,NaN,NaN,NaN,NaN,0.0,0,NaN,outside_reference_surface
374,NaN,NaN,NaN,NaN,0.0,0,NaN,outside_reference_surface
375,NaN,NaN,NaN,NaN,0.0,0,NaN,outside_reference_surface
376,NaN,NaN,NaN,NaN,0.0,0,NaN,outside_reference_surface
377,NaN,NaN,NaN,NaN,0.0,0,NaN,outside_reference_surface
378,NaN,NaN,NaN,NaN,0.0,0,NaN,outside_reference_surface
379,NaN,NaN,NaN,NaN,0.0,0,NaN,outside_reference_surface
380,NaN,NaN,NaN,NaN,0.0,0,NaN,outside_reference_surface
381,NaN,NaN,NaN,NaN,0.0,0,NaN,outside_reference_surface
382,NaN,NaN,NaN,NaN,0.0,0,NaN,outside_reference_surface
383,NaN,NaN,NaN,NaN,0.0,0,NaN,outside_reference_surface
384,NaN,NaN,NaN,NaN,0.0,0,NaN,outside_reference_surface
385,NaN,NaN,NaN,NaN,0.0,0,NaN,outside_reference_surface
386,NaN,NaN,NaN,NaN,0.0,0,NaN,outside_reference_surface
387,NaN,NaN,NaN,NaN,0.0,0,NaN,outside_reference_surface
388,NaN,NaN,NaN,NaN,0.0,0,NaN,outside_reference_surface
389,NaN,NaN,NaN,NaN,0.0,0,NaN,outside_reference_surface
390,NaN,NaN,NaN,NaN,0.0,0,NaN,outside_reference_surface
391,NaN,NaN,NaN,NaN,0.0,0,NaN,outside_reference_surface
392,NaN,NaN,NaN,NaN,0.0,0,NaN,outside_reference_surface
393,NaN,NaN,NaN,NaN,0.0,0,NaN,outside_reference_surface
394,NaN,NaN,NaN,NaN,0.0,0,NaN,outside_reference_surface
395,NaN,NaN,NaN,NaN,0.0,0,NaN,outside_reference_surface
396,NaN,NaN,NaN,NaN,0.0,0,NaN,outside_reference_surface
397,NaN,NaN,NaN,NaN,0.0,0,NaN,outside_reference_surface
398,NaN,NaN,NaN,NaN,0.0,0,NaN,outside_reference_surface
399,NaN,NaN,NaN,NaN,0.0,0,NaN,outside_reference_surface
400,NaN,NaN,NaN,NaN,0.0,0,NaN,outside_reference_surface
401,NaN,NaN,NaN,NaN,0.0,0,NaN,outside_reference_surface
402,NaN,NaN,NaN,NaN,0.0,0,NaN,outside_reference_surface
403,NaN,NaN,NaN,NaN,0.0,0,NaN,outside_reference_surface
404,NaN,NaN,NaN,NaN,0.0,0,NaN,outside_reference_surface
405,NaN,NaN,NaN,NaN,0.0,0,NaN,outside_reference_surface
406,NaN,NaN,NaN,NaN,0.0,0,NaN,outside_reference_surface
407,NaN,NaN,NaN,NaN,0.0,0,NaN,outside_reference_surface
408,NaN,NaN,NaN,NaN,0.0,0,NaN,outside_reference_surface
409,NaN,NaN,NaN,NaN,0.0,0,NaN,outside_reference_surface
410,NaN,NaN,NaN,NaN,0.0,0,NaN,outside_reference_surface
411,NaN,NaN,NaN,NaN,0.0,0,NaN,outside_reference_surface
412,NaN,NaN,NaN,NaN,0.0,0,NaN,outside_reference_surface
413,NaN,NaN,NaN,NaN,0.0,0,NaN,outside_reference_surface
414,NaN,NaN,NaN,NaN,0.0,0,NaN,outside_reference_surface
415,NaN,NaN,NaN,NaN,0.0,0,NaN,outside_reference_surface
416,NaN,NaN,NaN,NaN,0.0,0,NaN,outside_reference_surface
417,NaN,NaN,NaN,NaN,0.0,0,NaN,outside_reference_surface
418,NaN,NaN,NaN,NaN,0.0,0,NaN,outside_reference_surface
419,NaN,NaN,NaN,NaN,0.0,0,NaN,outside_reference_surface
420,NaN,NaN,NaN,NaN,0.0,0,NaN,outside_reference_surface
421,NaN,NaN,NaN,NaN,0.0,0,NaN,outside_reference_surface
422,NaN,NaN,NaN,NaN,0.0,0,NaN,outside_reference_surface
423,NaN,NaN,NaN,NaN,0.0,0,NaN,outside_reference_surface
424,NaN,NaN,NaN,NaN,0.0,0,NaN,outside_reference_surface
425,NaN,NaN,NaN,NaN,0.0,0,NaN,outside_reference_surface
426,NaN,NaN,NaN,NaN,0.0,0,NaN,outside_reference_surface
427,NaN,NaN,NaN,NaN,0.0,0,NaN,outside_reference_surface
428,NaN,NaN,NaN,NaN,0.0,0,NaN,outside_reference_surface
429,NaN,NaN,NaN,NaN,0.0,0,NaN,outside_reference_surface
430,NaN,NaN,NaN,NaN,0.0,0,NaN,outside_reference_surface
431,NaN,NaN,NaN,NaN,0.0,0,NaN,outside_reference_surface
432,NaN,NaN,NaN,NaN,0.0,0,NaN,outside_reference_surface
433,NaN,NaN,NaN,NaN,0.0,0,NaN,outside_reference_surface
434,NaN,NaN,NaN,NaN,0.0,0,NaN,outside_reference_surface
435,NaN,NaN,NaN,NaN,0.0,0,NaN,outside_reference_surface
436,NaN,NaN,NaN,NaN,0.0,0,NaN,outside_reference_surface
437,NaN,NaN,NaN,NaN,0.0,0,NaN,outside_reference_surface
438,NaN,NaN,NaN,NaN,0.0,0,NaN,outside_reference_surface
439,NaN,NaN,NaN,NaN,0.0,0,NaN,outside_reference_surface
440,NaN,NaN,NaN,NaN,0.0,0,NaN,outside_reference_surface
441,NaN,NaN,NaN,NaN,0.0,0,NaN,outside_reference_surface
442,NaN,NaN,NaN,NaN,0.0,0,NaN,outside_reference_surface
443,NaN,NaN,NaN,NaN,0.0,0,NaN,outside_reference_surface
444,NaN,NaN,NaN,NaN,0.0,0,NaN,outside_reference_surface
445,NaN,NaN,NaN,NaN,0.0,0,NaN,outside_reference_surface
446,NaN,NaN,NaN,NaN,0.0,0,NaN,outside_reference_surface
447,NaN,NaN,NaN,NaN,0.0,0,NaN,outside_reference_surface
448,NaN,NaN,NaN,NaN,0.0,0,NaN,outside_reference_surface
449,NaN,NaN,NaN,NaN,0.0,0,NaN,outside_reference_surface
450,NaN,NaN,NaN,NaN,0.0,0,NaN,outside_reference_surface
451,NaN,NaN,NaN,NaN,0.0,0,NaN,outside_reference_surface
452,NaN,NaN,NaN,NaN,0.0,0,NaN,outside_reference_surface
453,NaN,NaN,NaN,NaN,0.0,0,NaN,outside_reference_surface
454,NaN,NaN,NaN,NaN,0.0,0,NaN,outside_reference_surface
455,NaN,NaN,NaN,NaN,0.0,0,NaN,outside_reference_surface
456,NaN,NaN,NaN,NaN,0.0,0,NaN,outside_reference_surface
457,NaN,NaN,NaN,NaN,0.0,0,NaN,outside_reference_surface
458,NaN,NaN,NaN,NaN,0.0,0,NaN,outside_reference_surface
459,NaN,NaN,NaN,NaN,0.0,0,NaN,outside_reference_surface
460,NaN,NaN,NaN,NaN,0.0,0,NaN,outside_reference_surface
461,NaN,NaN,NaN,NaN,0.0,0,NaN,outside_reference_surface
462,NaN,NaN,NaN,NaN,0.0,0,NaN,outside_reference_surface
463,NaN,NaN,NaN,NaN,0.0,0,NaN,outside_reference_surface
464,NaN,NaN,NaN,NaN,0.0,0,NaN,outside_reference_surface
465,NaN,NaN,NaN,NaN,0.0,0,NaN,outside_reference_surface
466,NaN,NaN,NaN,NaN,0.0,0,NaN,outside_reference_surface
467,NaN,NaN,NaN,NaN,0.0,0,NaN,outside_reference_surface
468,NaN,NaN,NaN,NaN,0.0,0,NaN,outside_reference_surface
469,NaN,NaN,NaN,NaN,0.0,0,NaN,outside_reference_surface
470,NaN,NaN,NaN,NaN,0.0,0,NaN,outside_reference_surface
471,NaN,NaN,NaN,NaN,0.0,0,NaN,outside_reference_surface
472,NaN,NaN,NaN,NaN,0.0,0,NaN,outside_reference_surface
473,NaN,NaN,NaN,NaN,0.0,0,NaN,outside_reference_surface
474,NaN,NaN,NaN,NaN,0.0,0,NaN,outside_reference_surface
475,NaN,NaN,NaN,NaN,0.0,0,NaN,outside_reference_surface
476,NaN,NaN,NaN,NaN,0.0,0,NaN,outside_reference_surface
477,NaN,NaN,NaN,NaN,0.0,0,NaN,outside_reference_surface
478,NaN,NaN,NaN,NaN,0.0,0,NaN,outside_reference_surface
479,NaN,NaN,NaN,NaN,0.0,0,NaN,outside_reference_surface
480,NaN,NaN,NaN,NaN,0.0,0,NaN,outside_reference_surface
481,NaN,NaN,NaN,NaN,0.0,0,NaN,outside_reference_surface
482,NaN,NaN,NaN,NaN,0.0,0,NaN,outside_reference_surface
483,NaN,NaN,NaN,NaN,0.0,0,NaN,outside_reference_surface
484,NaN,NaN,NaN,NaN,0.0,0,NaN,outside_reference_surface
485,NaN,NaN,NaN,NaN,0.0,0,NaN,outside_reference_surface
486,NaN,NaN,NaN,NaN,0.0,0,NaN,outside_reference_surface
487,NaN,NaN,NaN,NaN,0.0,0,NaN,outside_reference_surface
488,NaN,NaN,NaN,NaN,0.0,0,NaN,outside_reference_surface
489,NaN,NaN,NaN,NaN,0.0,0,NaN,outside_reference_surface
490,NaN,NaN,NaN,NaN,0.0,0,NaN,outside_reference_surface
491,NaN,NaN,NaN,NaN,0.0,0,NaN,outside_reference_surface
492,NaN,NaN,NaN,NaN,0.0,0,NaN,outside_reference_surface
493,NaN,NaN,NaN,NaN,0.0,0,NaN,outside_reference_surface
494,NaN,NaN,NaN,NaN,0.0,0,NaN,outside_reference_surface
495,NaN,NaN,NaN,NaN,0.0,0,NaN,outside_reference_surface
496,NaN,NaN,NaN,NaN,0.0,0,NaN,outside_reference_surface
497,NaN,NaN,NaN,NaN,0.0,0,NaN,outside_reference_surface
498,NaN,NaN,NaN,NaN,0.0,0,NaN,outside_reference_surface
499,NaN,NaN,NaN,NaN,0.0,0,NaN,outside_reference_surface
500,NaN,NaN,NaN,NaN,0.0,0,NaN,outside_reference_surface
501,NaN,NaN,NaN,NaN,0.0,0,NaN,outside_reference_surface
502,NaN,NaN,NaN,NaN,0.0,0,NaN,outside_reference_surface
503,NaN,NaN,NaN,NaN,0.0,0,NaN,outside_reference_surface
504,NaN,NaN,NaN,NaN,0.0,0,NaN,outside_reference_surface
505,NaN,NaN,NaN,NaN,0.0,0,NaN,outside_reference_surface
506,NaN,NaN,NaN,NaN,0.0,0,NaN,outside_reference_surface
507,NaN,NaN,NaN,NaN,0.0,0,NaN,outside_reference_surface
508,NaN,NaN,NaN,NaN,0.0,0,NaN,outside_reference_surface
509,NaN,NaN,NaN,NaN,0.0,0,NaN,outside_reference_surface
510,NaN,NaN,NaN,NaN,0.0,0,NaN,outside_reference_surface
511,NaN,NaN,NaN,NaN,0.0,0,NaN,outside_reference_surface
512,NaN,NaN,NaN,NaN,0.0,0,NaN,outside_reference_surface
513,NaN,NaN,NaN,NaN,0.0,0,NaN,outside_reference_surface
514,NaN,NaN,NaN,NaN,0.0,0,NaN,outside_reference_surface
515,NaN,NaN,NaN,NaN,0.0,0,NaN,outside_reference_surface
516,NaN,NaN,NaN,NaN,0.0,0,NaN,outside_reference_surface
517,NaN,NaN,NaN,NaN,0.0,0,NaN,outside_reference_surface
518,NaN,NaN,NaN,NaN,0.0,0,NaN,outside_reference_surface
519,NaN,NaN,NaN,NaN,0.0,0,NaN,outside_reference_surface
520,NaN,NaN,NaN,NaN,0.0,0,NaN,outside_reference_surface
521,NaN,NaN,NaN,NaN,0.0,0,NaN,outside_reference_surface
522,NaN,NaN,NaN,NaN,0.0,0,NaN,outside_reference_surface
523,NaN,NaN,NaN,NaN,0.0,0,NaN,outside_reference_surface
524,NaN,NaN,NaN,NaN,0.0,0,NaN,outside_reference_surface
525,NaN,NaN,NaN,NaN,0.0,0,NaN,outside_reference_surface
526,NaN,NaN,NaN,NaN,0.0,0,NaN,outside_reference_surface
527,NaN,NaN,NaN,NaN,0.0,0,NaN,outside_reference_surface
528,NaN,NaN,NaN,NaN,0.0,0,NaN,outside_reference_surface
529,NaN,NaN,NaN,NaN,0.0,0,NaN,outside_reference_surface
530,NaN,NaN,NaN,NaN,0.0,0,NaN,outside_reference_surface
531,NaN,NaN,NaN,NaN,0.0,0,NaN,outside_reference_surface
532,NaN,NaN,NaN,NaN,0.0,0,NaN,outside_reference_surface
533,NaN,NaN,NaN,NaN,0.0,0,NaN,outside_reference_surface
534,NaN,NaN,NaN,NaN,0.0,0,NaN,outside_reference_surface
535,NaN,NaN,NaN,NaN,0.0,0,NaN,outside_reference_surface
536,NaN,NaN,NaN,NaN,0.0,0,NaN,outside_reference_surface
537,NaN,NaN,NaN,NaN,0.0,0,NaN,outside_reference_surface
538,NaN,NaN,NaN,NaN,0.0,0,NaN,outside_reference_surface
539,NaN,NaN,NaN,NaN,0.0,0,NaN,outside_reference_surface
540,NaN,NaN,NaN,NaN,0.0,0,NaN,outside_reference_surface
541,NaN,NaN,NaN,NaN,0.0,0,NaN,outside_reference_surface
542,NaN,NaN,NaN,NaN,0.0,0,NaN,outside_reference_surface
543,NaN,NaN,NaN,NaN,0.0,0,NaN,outside_reference_surface
544,NaN,NaN,NaN,NaN,0.0,0,NaN,outside_reference_surface
545,NaN,NaN,NaN,NaN,0.0,0,NaN,outside_reference_surface
546,NaN,NaN,NaN,NaN,0.0,0,NaN,outside_reference_surface
547,NaN,NaN,NaN,NaN,0.0,0,NaN,outside_reference_surface
548,NaN,NaN,NaN,NaN,0.0,0,NaN,outside_reference_surface
549,NaN,NaN,NaN,NaN,0.0,0,NaN,outside_reference_surface
550,NaN,NaN,NaN,NaN,0.0,0,NaN,outside_reference_surface
551,NaN,NaN,NaN,NaN,0.0,0,NaN,outside_reference_surface
552,NaN,NaN,NaN,NaN,0.0,0,NaN,outside_reference_surface
553,NaN,NaN,NaN,NaN,0.0,0,NaN,outside_reference_surface
554,NaN,NaN,NaN,NaN,0.0,0,NaN,outside_reference_surface
555,NaN,NaN,NaN,NaN,0.0,0,NaN,outside_reference_surface
556,NaN,NaN,NaN,NaN,0.0,0,NaN,outside_reference_surface
557,NaN,NaN,NaN,NaN,0.0,0,NaN,outside_reference_surface
558,NaN,NaN,NaN,NaN,0.0,0,NaN,outside_reference_surface
559,NaN,NaN,NaN,NaN,0.0,0,NaN,outside_reference_surface
560,NaN,NaN,NaN,NaN,0.0,0,NaN,outside_reference_surface
561,NaN,NaN,NaN,NaN,0.0,0,NaN,outside_reference_surface
562,NaN,NaN,NaN,NaN,0.0,0,NaN,outside_reference_surface
563,NaN,NaN,NaN,NaN,0.0,0,NaN,outside_reference_surface
564,NaN,NaN,NaN,NaN,0.0,0,NaN,outside_reference_surface
565,NaN,NaN,NaN,NaN,0.0,0,NaN,outside_reference_surface
566,NaN,NaN,NaN,NaN,0.0,0,NaN,outside_reference_surface
567,NaN,NaN,NaN,NaN,0.0,0,NaN,outside_reference_surface
568,NaN,NaN,NaN,NaN,0.0,0,NaN,outside_reference_surface
569,NaN,NaN,NaN,NaN,0.0,0,NaN,outside_reference_surface
570,NaN,NaN,NaN,NaN,0.0,0,NaN,outside_reference_surface
571,NaN,NaN,NaN,NaN,0.0,0,NaN,outside_reference_surface
572,NaN,NaN,NaN,NaN,0.0,0,NaN,outside_reference_surface
573,NaN,NaN,NaN,NaN,0.0,0,NaN,outside_reference_surface
574,NaN,NaN,NaN,NaN,0.0,0,NaN,outside_reference_surface
575,NaN,NaN,NaN,NaN,0.0,0,NaN,outside_reference_surface
576,NaN,NaN,NaN,NaN,0.0,0,NaN,outside_reference_surface
577,NaN,NaN,NaN,NaN,0.0,0,NaN,outside_reference_surface
578,NaN,NaN,NaN,NaN,0.0,0,NaN,outside_reference_surface
579,NaN,NaN,NaN,NaN,0.0,0,NaN,outside_reference_surface
580,NaN,NaN,NaN,NaN,0.0,0,NaN,outside_reference_surface
581,NaN,NaN,NaN,NaN,0.0,0,NaN,outside_reference_surface
582,NaN,NaN,NaN,NaN,0.0,0,NaN,outside_reference_surface
583,NaN,NaN,NaN,NaN,0.0,0,NaN,outside_reference_surface
584,NaN,NaN,NaN,NaN,0.0,0,NaN,outside_reference_surface
585,NaN,NaN,NaN,NaN,0.0,0,NaN,outside_reference_surface
586,NaN,NaN,NaN,NaN,0.0,0,NaN,outside_reference_surface
587,NaN,NaN,NaN,NaN,0.0,0,NaN,outside_reference_surface
588,NaN,NaN,NaN,NaN,0.0,0,NaN,outside_reference_surface
589,NaN,NaN,NaN,NaN,0.0,0,NaN,outside_reference_surface
590,NaN,NaN,NaN,NaN,0.0,0,NaN,outside_reference_surface
591,NaN,NaN,NaN,NaN,0.0,0,NaN,outside_reference_surface
592,NaN,NaN,NaN,NaN,0.0,0,NaN,outside_reference_surface
593,NaN,NaN,NaN,NaN,0.0,0,NaN,outside_reference_surface
594,NaN,NaN,NaN,NaN,0.0,0,NaN,outside_reference_surface
595,NaN,NaN,NaN,NaN,0.0,0,NaN,outside_reference_surface
596,NaN,NaN,NaN,NaN,0.0,0,NaN,outside_reference_surface
597,NaN,NaN,NaN,NaN,0.0,0,NaN,outside_reference_surface
598,NaN,NaN,NaN,NaN,0.0,0,NaN,outside_reference_surface
599,NaN,NaN,NaN,NaN,0.0,0,NaN,outside_reference_surface
600,NaN,NaN,NaN,NaN,0.0,0,NaN,outside_reference_surface
601,NaN,NaN,NaN,NaN,0.0,0,NaN,outside_reference_surface
602,NaN,NaN,NaN,NaN,0.0,0,NaN,outside_reference_surface
603,NaN,NaN,NaN,NaN,0.0,0,NaN,outside_reference_surface
604,NaN,NaN,NaN,NaN,0.0,0,NaN,outside_reference_surface
605,NaN,NaN,NaN,NaN,0.0,0,NaN,outside_reference_surface
606,NaN,NaN,NaN,NaN,0.0,0,NaN,outside_reference_surface
607,NaN,NaN,NaN,NaN,0.0,0,NaN,outside_reference_surface
608,NaN,NaN,NaN,NaN,0.0,0,NaN,outside_reference_surface
609,NaN,NaN,NaN,NaN,0.0,0,NaN,outside_reference_surface
610,NaN,NaN,NaN,NaN,0.0,0,NaN,outside_reference_surface
611,NaN,NaN,NaN,NaN,0.0,0,NaN,outside_reference_surface
612,NaN,NaN,NaN,NaN,0.0,0,NaN,outside_reference_surface
613,NaN,NaN,NaN,NaN,0.0,0,NaN,outside_reference_surface
614,NaN,NaN,NaN,NaN,0.0,0,NaN,outside_reference_surface
615,NaN,NaN,NaN,NaN,0.0,0,NaN,outside_reference_surface
616,NaN,NaN,NaN,NaN,0.0,0,NaN,outside_reference_surface
617,NaN,NaN,NaN,NaN,0.0,0,NaN,outside_reference_surface
618,NaN,NaN,NaN,NaN,0.0,0,NaN,outside_reference_surface
619,NaN,NaN,NaN,NaN,0.0,0,NaN,outside_reference_surface
620,NaN,NaN,NaN,NaN,0.0,0,NaN,outside_reference_surface
621,NaN,NaN,NaN,NaN,0.0,0,NaN,outside_reference_surface
622,NaN,NaN,NaN,NaN,0.0,0,NaN,outside_reference_surface
623,NaN,NaN,NaN,NaN,0.0,0,NaN,outside_reference_surface
624,NaN,NaN,NaN,NaN,0.0,0,NaN,outside_reference_surface
625,NaN,NaN,NaN,NaN,0.0,0,NaN,outside_reference_surface
626,NaN,NaN,NaN,NaN,0.0,0,NaN,outside_reference_surface
627,NaN,NaN,NaN,NaN,0.0,0,NaN,outside_reference_surface
628,NaN,NaN,NaN,NaN,0.0,0,NaN,outside_reference_surface
629,NaN,NaN,NaN,NaN,0.0,0,NaN,outside_reference_surface
630,NaN,NaN,NaN,NaN,0.0,0,NaN,outside_reference_surface
631,NaN,NaN,NaN,NaN,0.0,0,NaN,outside_reference_surface
632,NaN,NaN,NaN,NaN,0.0,0,NaN,outside_reference_surface
633,NaN,NaN,NaN,NaN,0.0,0,NaN,outside_reference_surface
634,NaN,NaN,NaN,NaN,0.0,0,NaN,outside_reference_surface
635,NaN,NaN,NaN,NaN,0.0,0,NaN,outside_reference_surface
636,NaN,NaN,NaN,NaN,0.0,0,NaN,outside_reference_surface
637,NaN,NaN,NaN,NaN,0.0,0,NaN,outside_reference_surface
638,NaN,NaN,NaN,NaN,0.0,0,NaN,outside_reference_surface
639,NaN,NaN,NaN,NaN,0.0,0,NaN,outside_reference_surface
640,NaN,NaN,NaN,NaN,0.0,0,NaN,outside_reference_surface
641,NaN,NaN,NaN,NaN,0.0,0,NaN,outside_reference_surface
642,NaN,NaN,NaN,NaN,0.0,0,NaN,outside_reference_surface
643,NaN,NaN,NaN,NaN,0.0,0,NaN,outside_reference_surface
644,NaN,NaN,NaN,NaN,0.0,0,NaN,outside_reference_surface
645,NaN,NaN,NaN,NaN,0.0,0,NaN,outside_reference_surface
646,NaN,NaN,NaN,NaN,0.0,0,NaN,outside_reference_surface
647,NaN,NaN,NaN,NaN,0.0,0,NaN,outside_reference_surface
648,NaN,NaN,NaN,NaN,0.0,0,NaN,outside_reference_surface
649,NaN,NaN,NaN,NaN,0.0,0,NaN,outside_reference_surface
650,NaN,NaN,NaN,NaN,0.0,0,NaN,outside_reference_surface
651,NaN,NaN,NaN,NaN,0.0,0,NaN,outside_reference_surface
652,NaN,NaN,NaN,NaN,0.0,0,NaN,outside_reference_surface
653,NaN,NaN,NaN,NaN,0.0,0,NaN,outside_reference_surface
654,NaN,NaN,NaN,NaN,0.0,0,NaN,outside_reference_surface
655,NaN,NaN,NaN,NaN,0.0,0,NaN,outside_reference_surface
656,NaN,NaN,NaN,NaN,0.0,0,NaN,outside_reference_surface
657,NaN,NaN,NaN,NaN,0.0,0,NaN,outside_reference_surface
658,NaN,NaN,NaN,NaN,0.0,0,NaN,outside_reference_surface
659,NaN,NaN,NaN,NaN,0.0,0,NaN,outside_reference_surface
660,NaN,NaN,NaN,NaN,0.0,0,NaN,outside_reference_surface
661,NaN,NaN,NaN,NaN,0.0,0,NaN,outside_reference_surface
662,NaN,NaN,NaN,NaN,0.0,0,NaN,outside_reference_surface
663,NaN,NaN,NaN,NaN,0.0,0,NaN,outside_reference_surface
664,NaN,NaN,NaN,NaN,0.0,0,NaN,outside_reference_surface
665,NaN,NaN,NaN,NaN,0.0,0,NaN,outside_reference_surface
666,NaN,NaN,NaN,NaN,0.0,0,NaN,outside_reference_surface
667,NaN,NaN,NaN,NaN,0.0,0,NaN,outside_reference_surface
668,NaN,NaN,NaN,NaN,0.0,0,NaN,outside_reference_surface
669,NaN,NaN,NaN,NaN,0.0,0,NaN,outside_reference_surface
670,NaN,NaN,NaN,NaN,0.0,0,NaN,outside_reference_surface
671,NaN,NaN,NaN,NaN,0.0,0,NaN,outside_reference_surface
672,NaN,NaN,NaN,NaN,0.0,0,NaN,outside_reference_surface
673,NaN,NaN,NaN,NaN,0.0,0,NaN,outside_reference_surface
674,NaN,NaN,NaN,NaN,0.0,0,NaN,outside_reference_surface
675,NaN,NaN,NaN,NaN,0.0,0,NaN,outside_reference_surface
676,NaN,NaN,NaN,NaN,0.0,0,NaN,outside_reference_surface
677,NaN,NaN,NaN,NaN,0.0,0,NaN,outside_reference_surface
678,NaN,NaN,NaN,NaN,0.0,0,NaN,outside_reference_surface
679,NaN,NaN,NaN,NaN,0.0,0,NaN,outside_reference_surface
680,NaN,NaN,NaN,NaN,0.0,0,NaN,outside_reference_surface
681,NaN,NaN,NaN,NaN,0.0,0,NaN,outside_reference_surface
682,NaN,NaN,NaN,NaN,0.0,0,NaN,outside_reference_surface
683,NaN,NaN,NaN,NaN,0.0,0,NaN,outside_reference_surface
684,NaN,NaN,NaN,NaN,0.0,0,NaN,outside_reference_surface
685,NaN,NaN,NaN,NaN,0.0,0,NaN,outside_reference_surface
686,NaN,NaN,NaN,NaN,0.0,0,NaN,outside_reference_surface
687,NaN,NaN,NaN,NaN,0.0,0,NaN,outside_reference_surface
688,NaN,NaN,NaN,NaN,0.0,0,NaN,outside_reference_surface
689,NaN,NaN,NaN,NaN,0.0,0,NaN,outside_reference_surface
690,NaN,NaN,NaN,NaN,0.0,0,NaN,outside_reference_surface
691,NaN,NaN,NaN,NaN,0.0,0,NaN,outside_reference_surface
692,NaN,NaN,NaN,NaN,0.0,0,NaN,outside_reference_surface
693,NaN,NaN,NaN,NaN,0.0,0,NaN,outside_reference_surface
694,NaN,NaN,NaN,NaN,0.0,0,NaN,outside_reference_surface
695,NaN,NaN,NaN,NaN,0.0,0,NaN,outside_reference_surface
696,NaN,NaN,NaN,NaN,0.0,0,NaN,outside_reference_surface
697,NaN,NaN,NaN,NaN,0.0,0,NaN,outside_reference_surface
698,NaN,NaN,NaN,NaN,0.0,0,NaN,outside_reference_surface
699,NaN,NaN,NaN,NaN,0.0,0,NaN,outside_reference_surface
700,NaN,NaN,NaN,NaN,0.0,0,NaN,outside_reference_surface
701,NaN,NaN,NaN,NaN,0.0,0,NaN,outside_reference_surface
702,NaN,NaN,NaN,NaN,0.0,0,NaN,outside_reference_surface
703,NaN,NaN,NaN,NaN,0.0,0,NaN,outside_reference_surface
704,NaN,NaN,NaN,NaN,0.0,0,NaN,outside_reference_surface
705,NaN,NaN,NaN,NaN,0.0,0,NaN,outside_reference_surface
706,NaN,NaN,NaN,NaN,0.0,0,NaN,outside_reference_surface
707,NaN,NaN,NaN,NaN,0.0,0,NaN,outside_reference_surface
708,NaN,NaN,NaN,NaN,0.0,0,NaN,outside_reference_surface
709,NaN,NaN,NaN,NaN,0.0,0,NaN,outside_reference_surface
710,NaN,NaN,NaN,NaN,0.0,0,NaN,outside_reference_surface
711,NaN,NaN,NaN,NaN,0.0,0,NaN,outside_reference_surface
712,NaN,NaN,NaN,NaN,0.0,0,NaN,outside_reference_surface
713,NaN,NaN,NaN,NaN,0.0,0,NaN,outside_reference_surface
714,NaN,NaN,NaN,NaN,0.0,0,NaN,outside_reference_surface
715,NaN,NaN,NaN,NaN,0.0,0,NaN,outside_reference_surface
716,NaN,NaN,NaN,NaN,0.0,0,NaN,outside_reference_surface
717,NaN,NaN,NaN,NaN,0.0,0,NaN,outside_reference_surface
718,NaN,NaN,NaN,NaN,0.0,0,NaN,outside_reference_surface
719,NaN,NaN,NaN,NaN,0.0,0,NaN,outside_reference_surface
720,NaN,NaN,NaN,NaN,0.0,0,NaN,outside_reference_surface
721,NaN,NaN,NaN,NaN,0.0,0,NaN,outside_reference_surface
722,NaN,NaN,NaN,NaN,0.0,0,NaN,outside_reference_surface
723,NaN,NaN,NaN,NaN,0.0,0,NaN,outside_reference_surface
724,NaN,NaN,NaN,NaN,0.0,0,NaN,outside_reference_surface
725,NaN,NaN,NaN,NaN,0.0,0,NaN,outside_reference_surface
726,NaN,NaN,NaN,NaN,0.0,0,NaN,outside_reference_surface
727,NaN,NaN,NaN,NaN,0.0,0,NaN,outside_reference_surface
728,NaN,NaN,NaN,NaN,0.0,0,NaN,outside_reference_surface
729,NaN,NaN,NaN,NaN,0.0,0,NaN,outside_reference_surface
730,NaN,NaN,NaN,NaN,0.0,0,NaN,outside_reference_surface
731,NaN,NaN,NaN,NaN,0.0,0,NaN,outside_reference_surface
732,NaN,NaN,NaN,NaN,0.0,0,NaN,outside_reference_surface
733,NaN,NaN,NaN,NaN,0.0,0,NaN,outside_reference_surface
734,NaN,NaN,NaN,NaN,0.0,0,NaN,outside_reference_surface
735,NaN,NaN,NaN,NaN,1.0,50,NaN,outside_reference_surface
736,NaN,NaN,NaN,NaN,1.0,50,NaN,outside_reference_surface
737,NaN,NaN,NaN,NaN,1.0,50,NaN,outside_reference_surface
738,NaN,NaN,NaN,NaN,1.0,50,NaN,outside_reference_surface
739,NaN,NaN,NaN,NaN,1.0,50,NaN,outside_reference_surface
740,NaN,NaN,NaN,NaN,1.0,50,NaN,outside_reference_surface
741,NaN,NaN,NaN,NaN,1.0,50,NaN,outside_reference_surface
742,NaN,NaN,NaN,NaN,1.0,50,NaN,outside_reference_surface
743,NaN,NaN,NaN,NaN,1.0,50,NaN,outside_reference_surface
744,NaN,NaN,NaN,NaN,1.0,50,NaN,outside_reference_surface
745,NaN,NaN,NaN,NaN,1.0,50,NaN,outside_reference_surface
746,NaN,NaN,NaN,NaN,1.0,50,NaN,outside_reference_surface
747,NaN,NaN,NaN,NaN,1.0,50,NaN,outside_reference_surface
748,NaN,NaN,NaN,NaN,1.0,50,NaN,outside_reference_surface
749,NaN,NaN,NaN,NaN,1.0,50,NaN,outside_reference_surface
750,NaN,NaN,NaN,NaN,0.0,0,NaN,outside_reference_surface
751,NaN,NaN,NaN,NaN,1.0,50,NaN,outside_reference_surface
752,NaN,NaN,NaN,NaN,1.0,50,NaN,outside_reference_surface
753,NaN,NaN,NaN,NaN,1.0,50,NaN,outside_reference_surface
754,NaN,NaN,NaN,NaN,1.0,50,NaN,outside_reference_surface
755,NaN,NaN,NaN,NaN,1.0,50,NaN,outside_reference_surface
756,NaN,NaN,NaN,NaN,1.0,50,NaN,outside_reference_surface
757,NaN,NaN,NaN,NaN,1.0,50,NaN,outside_reference_surface
758,NaN,NaN,NaN,NaN,1.0,50,NaN,outside_reference_surface
759,NaN,NaN,NaN,NaN,1.0,50,NaN,outside_reference_surface
760,NaN,NaN,NaN,NaN,1.0,50,NaN,outside_reference_surface
761,NaN,NaN,NaN,NaN,1.0,50,NaN,outside_reference_surface
762,NaN,NaN,NaN,NaN,1.0,50,NaN,outside_reference_surface
763,NaN,NaN,NaN,NaN,1.0,50,NaN,outside_reference_surface
764,NaN,NaN,NaN,NaN,1.0,50,NaN,outside_reference_surface
765,NaN,NaN,NaN,NaN,1.0,50,NaN,outside_reference_surface
766,NaN,NaN,NaN,NaN,1.0,50,NaN,outside_reference_surface
767,NaN,NaN,NaN,NaN,1.0,50,NaN,outside_reference_surface
768,NaN,NaN,NaN,NaN,1.0,50,NaN,outside_reference_surface
769,NaN,NaN,NaN,NaN,1.0,50,NaN,outside_reference_surface
770,NaN,NaN,NaN,NaN,1.0,50,NaN,outside_reference_surface
771,NaN,NaN,NaN,NaN,1.0,50,NaN,outside_reference_surface
772,NaN,NaN,NaN,NaN,1.0,50,NaN,outside_reference_surface
773,NaN,NaN,NaN,NaN,1.0,50,NaN,outside_reference_surface
774,NaN,NaN,NaN,NaN,1.0,50,NaN,outside_reference_surface
775,NaN,NaN,NaN,NaN,1.0,50,NaN,outside_reference_surface
776,NaN,NaN,NaN,NaN,1.0,50,NaN,outside_reference_surface
777,NaN,NaN,NaN,NaN,1.0,50,NaN,outside_reference_surface
778,NaN,NaN,NaN,NaN,1.0,50,NaN,outside_reference_surface
779,NaN,NaN,NaN,NaN,1.0,50,NaN,outside_reference_surface
780,NaN,NaN,NaN,NaN,1.0,50,NaN,outside_reference_surface
781,NaN,NaN,NaN,NaN,1.0,50,NaN,outside_reference_surface
782,NaN,NaN,NaN,NaN,1.0,50,NaN,outside_reference_surface
783,NaN,NaN,NaN,NaN,1.0,50,NaN,outside_reference_surface
784,NaN,NaN,NaN,NaN,1.0,50,NaN,outside_reference_surface
785,NaN,NaN,NaN,NaN,1.0,50,NaN,outside_reference_surface
786,NaN,NaN,NaN,NaN,1.0,50,NaN,outside_reference_surface
787,NaN,NaN,NaN,NaN,1.0,50,NaN,outside_reference_surface
788,NaN,NaN,NaN,NaN,1.0,50,NaN,outside_reference_surface
789,NaN,NaN,NaN,NaN,1.0,50,NaN,outside_reference_surface
790,NaN,NaN,NaN,NaN,1.0,50,NaN,outside_reference_surface
791,NaN,NaN,NaN,NaN,1.0,50,NaN,outside_reference_surface
792,NaN,NaN,NaN,NaN,1.0,50,NaN,outside_reference_surface
793,NaN,NaN,NaN,NaN,1.0,50,NaN,outside_reference_surface
794,NaN,NaN,NaN,NaN,1.0,50,NaN,outside_reference_surface
795,NaN,NaN,NaN,NaN,1.0,50,NaN,outside_reference_surface
796,NaN,NaN,NaN,NaN,1.0,50,NaN,outside_reference_surface
797,NaN,NaN,NaN,NaN,1.0,50,NaN,outside_reference_surface
798,NaN,NaN,NaN,NaN,1.0,50,NaN,outside_reference_surface
799,NaN,NaN,NaN,NaN,1.0,50,NaN,outside_reference_surface
800,NaN,NaN,NaN,NaN,1.0,50,NaN,outside_reference_surface
801,NaN,NaN,NaN,NaN,1.0,50,NaN,outside_reference_surface
802,NaN,NaN,NaN,NaN,1.0,50,NaN,outside_reference_surface
803,NaN,NaN,NaN,NaN,1.0,50,NaN,outside_reference_surface
804,NaN,NaN,NaN,NaN,1.0,50,NaN,outside_reference_surface
805,NaN,NaN,NaN,NaN,1.0,50,NaN,outside_reference_surface
806,NaN,NaN,NaN,NaN,1.0,50,NaN,outside_reference_surface
807,NaN,NaN,NaN,NaN,1.0,50,NaN,outside_reference_surface
808,NaN,NaN,NaN,NaN,1.0,50,NaN,outside_reference_surface
809,NaN,NaN,NaN,NaN,1.0,50,NaN,outside_reference_surface
810,NaN,NaN,NaN,NaN,1.0,50,NaN,outside_reference_surface
811,NaN,NaN,NaN,NaN,1.0,50,NaN,outside_reference_surface
812,NaN,NaN,NaN,NaN,1.0,50,NaN,outside_reference_surface
813,NaN,NaN,NaN,NaN,1.0,50,NaN,outside_reference_surface
814,NaN,NaN,NaN,NaN,1.0,50,NaN,outside_reference_surface
815,NaN,NaN,NaN,NaN,1.0,50,NaN,outside_reference_surface
816,NaN,NaN,NaN,NaN,1.0,50,NaN,outside_reference_surface
817,NaN,NaN,NaN,NaN,1.0,50,NaN,outside_reference_surface
818,NaN,NaN,NaN,NaN,1.0,50,NaN,outside_reference_surface
819,NaN,NaN,NaN,NaN,1.0,50,NaN,outside_reference_surface
820,NaN,NaN,NaN,NaN,1.0,50,NaN,outside_reference_surface
821,NaN,NaN,NaN,NaN,1.0,50,NaN,outside_reference_surface
822,NaN,NaN,NaN,NaN,1.0,50,NaN,outside_reference_surface
823,NaN,NaN,NaN,NaN,1.0,50,NaN,outside_reference_surface
824,NaN,NaN,NaN,NaN,1.0,50,NaN,outside_reference_surface
825,NaN,NaN,NaN,NaN,1.0,50,NaN,outside_reference_surface
826,NaN,NaN,NaN,NaN,1.0,50,NaN,outside_reference_surface
827,NaN,NaN,NaN,NaN,1.0,50,NaN,outside_reference_surface
828,NaN,NaN,NaN,NaN,1.0,50,NaN,outside_reference_surface
829,NaN,NaN,NaN,NaN,1.0,50,NaN,outside_reference_surface
830,NaN,NaN,NaN,NaN,1.0,50,NaN,outside_reference_surface
831,NaN,NaN,NaN,NaN,1.0,50,NaN,outside_reference_surface
832,NaN,NaN,NaN,NaN,1.0,50,NaN,outside_reference_surface
833,NaN,NaN,NaN,NaN,1.0,50,NaN,outside_reference_surface
834,NaN,NaN,NaN,NaN,1.0,50,NaN,outside_reference_surface
835,NaN,NaN,NaN,NaN,1.0,50,NaN,outside_reference_surface
836,NaN,NaN,NaN,NaN,1.0,50,NaN,outside_reference_surface
837,NaN,NaN,NaN,NaN,1.0,50,NaN,outside_reference_surface
838,NaN,NaN,NaN,NaN,1.0,50,NaN,outside_reference_surface
839,NaN,NaN,NaN,NaN,1.0,50,NaN,outside_reference_surface
840,NaN,NaN,NaN,NaN,1.0,50,NaN,outside_reference_surface
841,NaN,NaN,NaN,NaN,1.0,50,NaN,outside_reference_surface
842,NaN,NaN,NaN,NaN,1.0,50,NaN,outside_reference_surface
843,NaN,NaN,NaN,NaN,1.0,50,NaN,outside_reference_surface
844,NaN,NaN,NaN,NaN,1.0,50,NaN,outside_reference_surface
845,NaN,NaN,NaN,NaN,1.0,50,NaN,outside_reference_surface
846,NaN,NaN,NaN,NaN,1.0,50,NaN,outside_reference_surface
847,NaN,NaN,NaN,NaN,1.0,50,NaN,outside_reference_surface
848,NaN,NaN,NaN,NaN,1.0,50,NaN,outside_reference_surface
849,NaN,NaN,NaN,NaN,1.0,50,NaN,outside_reference_surface
850,NaN,NaN,NaN,NaN,1.0,50,NaN,outside_reference_surface
851,NaN,NaN,NaN,NaN,1.0,50,NaN,outside_reference_surface
852,NaN,NaN,NaN,NaN,1.0,50,NaN,outside_reference_surface
853,NaN,NaN,NaN,NaN,1.0,50,NaN,outside_reference_surface
854,NaN,NaN,NaN,NaN,1.0,50,NaN,outside_reference_surface
855,NaN,NaN,NaN,NaN,1.0,50,NaN,outside_reference_surface
856,NaN,NaN,NaN,NaN,1.0,50,NaN,outside_reference_surface
857,NaN,NaN,NaN,NaN,1.0,50,NaN,outside_reference_surface
858,NaN,NaN,NaN,NaN,1.0,50,NaN,outside_reference_surface
859,NaN,NaN,NaN,NaN,1.0,50,NaN,outside_reference_surface
860,NaN,NaN,NaN,NaN,1.0,50,NaN,outside_reference_surface
861,NaN,NaN,NaN,NaN,1.0,50,NaN,outside_reference_surface
862,NaN,NaN,NaN,NaN,1.0,50,NaN,outside_reference_surface
863,NaN,NaN,NaN,NaN,1.0,50,NaN,outside_reference_surface
864,NaN,NaN,NaN,NaN,1.0,50,NaN,outside_reference_surface
865,NaN,NaN,NaN,NaN,1.0,50,NaN,outside_reference_surface
866,NaN,NaN,NaN,NaN,1.0,50,NaN,outside_reference_surface
867,NaN,NaN,NaN,NaN,1.0,50,NaN,outside_reference_surface
868,NaN,NaN,NaN,NaN,1.0,50,NaN,outside_reference_surface
869,NaN,NaN,NaN,NaN,1.0,50,NaN,outside_reference_surface
870,NaN,NaN,NaN,NaN,1.0,50,NaN,outside_reference_surface
871,NaN,NaN,NaN,NaN,1.0,50,NaN,outside_reference_surface
872,NaN,NaN,NaN,NaN,1.0,50,NaN,outside_reference_surface
873,NaN,NaN,NaN,NaN,1.0,50,NaN,outside_reference_surface
874,NaN,NaN,NaN,NaN,1.0,50,NaN,outside_reference_surface
875,NaN,NaN,NaN,NaN,1.0,50,NaN,outside_reference_surface
876,NaN,NaN,NaN,NaN,1.0,50,NaN,outside_reference_surface
877,NaN,NaN,NaN,NaN,0.0,0,NaN,outside_reference_surface
878,NaN,NaN,NaN,NaN,0.0,0,NaN,outside_reference_surface
879,NaN,NaN,NaN,NaN,0.0,0,NaN,outside_reference_surface
880,NaN,NaN,NaN,NaN,0.0,0,NaN,outside_reference_surface
881,NaN,NaN,NaN,NaN,0.0,0,NaN,outside_reference_surface
882,NaN,NaN,NaN,NaN,0.0,0,NaN,outside_reference_surface
883,NaN,NaN,NaN,NaN,0.0,0,NaN,outside_reference_surface
884,NaN,NaN,NaN,NaN,0.0,0,NaN,outside_reference_surface
885,NaN,NaN,NaN,NaN,0.0,0,NaN,outside_reference_surface
886,NaN,NaN,NaN,NaN,0.0,0,NaN,outside_reference_surface
887,NaN,NaN,NaN,NaN,0.0,0,NaN,outside_reference_surface
888,NaN,NaN,NaN,NaN,0.0,0,NaN,outside_reference_surface
889,NaN,NaN,NaN,NaN,0.0,0,NaN,outside_reference_surface
890,NaN,NaN,NaN,NaN,0.0,0,NaN,outside_reference_surface
891,NaN,NaN,NaN,NaN,0.0,0,NaN,outside_reference_surface
892,NaN,NaN,NaN,NaN,0.0,0,NaN,outside_reference_surface
893,NaN,NaN,NaN,NaN,0.0,0,NaN,outside_reference_surface
894,NaN,NaN,NaN,NaN,0.0,0,NaN,outside_reference_surface
895,NaN,NaN,NaN,NaN,0.0,0,NaN,outside_reference_surface
896,NaN,NaN,NaN,NaN,0.0,0,NaN,outside_reference_surface
897,NaN,NaN,NaN,NaN,0.0,0,NaN,outside_reference_surface
898,NaN,NaN,NaN,NaN,0.0,0,NaN,outside_reference_surface
899,NaN,NaN,NaN,NaN,0.0,0,NaN,outside_reference_surface
900,NaN,NaN,NaN,NaN,0.0,0,NaN,outside_reference_surface
901,NaN,NaN,NaN,NaN,0.0,0,NaN,outside_reference_surface
902,NaN,NaN,NaN,NaN,0.0,0,NaN,outside_reference_surface
903,NaN,NaN,NaN,NaN,0.0,0,NaN,outside_reference_surface
904,NaN,NaN,NaN,NaN,0.0,0,NaN,outside_reference_surface
905,NaN,NaN,NaN,NaN,0.0,0,NaN,outside_reference_surface
906,NaN,NaN,NaN,NaN,0.0,0,NaN,outside_reference_surface
907,NaN,NaN,NaN,NaN,0.0,0,NaN,outside_reference_surface
908,NaN,NaN,NaN,NaN,0.0,0,NaN,outside_reference_surface
909,NaN,NaN,NaN,NaN,0.0,0,NaN,outside_reference_surface
910,NaN,NaN,NaN,NaN,0.0,0,NaN,outside_reference_surface
911,NaN,NaN,NaN,NaN,0.0,0,NaN,outside_reference_surface
912,NaN,NaN,NaN,NaN,0.0,0,NaN,outside_reference_surface
913,NaN,NaN,NaN,NaN,0.0,0,NaN,outside_reference_surface
914,NaN,NaN,NaN,NaN,0.0,0,NaN,outside_reference_surface
915,NaN,NaN,NaN,NaN,0.0,0,NaN,outside_reference_surface
916,NaN,NaN,NaN,NaN,0.0,0,NaN,outside_reference_surface
917,NaN,NaN,NaN,NaN,0.0,0,NaN,outside_reference_surface
918,NaN,NaN,NaN,NaN,0.0,0,NaN,outside_reference_surface
919,NaN,NaN,NaN,NaN,0.0,0,NaN,outside_reference_surface
920,NaN,NaN,NaN,NaN,0.0,0,NaN,outside_reference_surface
921,NaN,NaN,NaN,NaN,0.0,0,NaN,outside_reference_surface
922,NaN,NaN,NaN,NaN,0.0,0,NaN,outside_reference_surface
923,NaN,NaN,NaN,NaN,0.0,0,NaN,outside_reference_surface
924,NaN,NaN,NaN,NaN,0.0,0,NaN,outside_reference_surface
925,NaN,NaN,NaN,NaN,0.0,0,NaN,outside_reference_surface
926,NaN,NaN,NaN,NaN,0.0,0,NaN,outside_reference_surface
927,NaN,NaN,NaN,NaN,0.0,0,NaN,outside_reference_surface
928,NaN,NaN,NaN,NaN,0.0,0,NaN,outside_reference_surface
929,NaN,NaN,NaN,NaN,0.0,0,NaN,outside_reference_surface
930,NaN,NaN,NaN,NaN,0.0,0,NaN,outside_reference_surface
931,NaN,NaN,NaN,NaN,0.0,0,NaN,outside_reference_surface
932,NaN,NaN,NaN,NaN,0.0,0,NaN,outside_reference_surface
933,NaN,NaN,NaN,NaN,0.0,0,NaN,outside_reference_surface
934,NaN,NaN,NaN,NaN,0.0,0,NaN,outside_reference_surface
935,NaN,NaN,NaN,NaN,0.0,0,NaN,outside_reference_surface
936,NaN,NaN,NaN,NaN,0.0,0,NaN,outside_reference_surface
937,NaN,NaN,NaN,NaN,0.0,0,NaN,outside_reference_surface
938,NaN,NaN,NaN,NaN,0.0,0,NaN,outside_reference_surface
939,NaN,NaN,NaN,NaN,0.0,0,NaN,outside_reference_surface
940,NaN,NaN,NaN,NaN,0.0,0,NaN,outside_reference_surface
941,NaN,NaN,NaN,NaN,0.0,0,NaN,outside_reference_surface
942,NaN,NaN,NaN,NaN,0.0,0,NaN,outside_reference_surface
943,NaN,NaN,NaN,NaN,0.0,0,NaN,outside_reference_surface
944,NaN,NaN,NaN,NaN,0.0,0,NaN,outside_reference_surface
945,NaN,NaN,NaN,NaN,0.0,0,NaN,outside_reference_surface
946,NaN,NaN,NaN,NaN,0.0,0,NaN,outside_reference_surface
947,NaN,NaN,NaN,NaN,0.0,0,NaN,outside_reference_surface
948,NaN,NaN,NaN,NaN,0.0,0,NaN,outside_reference_surface
949,NaN,NaN,NaN,NaN,0.0,0,NaN,outside_reference_surface
950,NaN,NaN,NaN,NaN,0.0,0,NaN,outside_reference_surface
951,NaN,NaN,NaN,NaN,0.0,0,NaN,outside_reference_surface
952,NaN,NaN,NaN,NaN,0.0,0,NaN,outside_reference_surface
953,NaN,NaN,NaN,NaN,0.0,0,NaN,outside_reference_surface
954,NaN,NaN,NaN,NaN,0.0,0,NaN,outside_reference_surface
955,NaN,NaN,NaN,NaN,0.0,0,NaN,outside_reference_surface
956,NaN,NaN,NaN,NaN,0.0,0,NaN,outside_reference_surface
957,NaN,NaN,NaN,NaN,0.0,0,NaN,outside_reference_surface
958,NaN,NaN,NaN,NaN,0.0,0,NaN,outside_reference_surface
959,NaN,NaN,NaN,NaN,0.0,0,NaN,outside_reference_surface
960,NaN,NaN,NaN,NaN,0.0,0,NaN,outside_reference_surface
961,NaN,NaN,NaN,NaN,0.0,0,NaN,outside_reference_surface
962,NaN,NaN,NaN,NaN,0.0,0,NaN,outside_reference_surface
963,NaN,NaN,NaN,NaN,0.0,0,NaN,outside_reference_surface
964,NaN,NaN,NaN,NaN,0.0,0,NaN,outside_reference_surface
965,NaN,NaN,NaN,NaN,0.0,0,NaN,outside_reference_surface
966,NaN,NaN,NaN,NaN,0.0,0,NaN,outside_reference_surface
967,NaN,NaN,NaN,NaN,0.0,0,NaN,outside_reference_surface
968,NaN,NaN,NaN,NaN,0.0,0,NaN,outside_reference_surface
969,NaN,NaN,NaN,NaN,0.0,0,NaN,outside_reference_surface
970,NaN,NaN,NaN,NaN,0.0,0,NaN,outside_reference_surface
971,NaN,NaN,NaN,NaN,0.0,0,NaN,outside_reference_surface
972,NaN,NaN,NaN,NaN,0.0,0,NaN,outside_reference_surface
973,NaN,NaN,NaN,NaN,0.0,0,NaN,outside_reference_surface
974,NaN,NaN,NaN,NaN,0.0,0,NaN,outside_reference_surface
975,NaN,NaN,NaN,NaN,0.0,0,NaN,outside_reference_surface
976,NaN,NaN,NaN,NaN,0.0,0,NaN,outside_reference_surface
977,NaN,NaN,NaN,NaN,0.0,0,NaN,outside_reference_surface
978,NaN,NaN,NaN,NaN,0.0,0,NaN,outside_reference_surface
979,NaN,NaN,NaN,NaN,0.0,0,NaN,outside_reference_surface
980,NaN,NaN,NaN,NaN,0.0,0,NaN,outside_reference_surface
981,NaN,NaN,NaN,NaN,0.0,0,NaN,outside_reference_surface
982,NaN,NaN,NaN,NaN,0.0,0,NaN,outside_reference_surface
983,NaN,NaN,NaN,NaN,0.0,0,NaN,outside_reference_surface
984,NaN,NaN,NaN,NaN,0.0,0,NaN,outside_reference_surface
985,NaN,NaN,NaN,NaN,0.0,0,NaN,outside_reference_surface
986,NaN,NaN,NaN,NaN,1.0,50,NaN,outside_reference_surface
987,NaN,NaN,NaN,NaN,1.0,50,NaN,outside_reference_surface
988,NaN,NaN,NaN,NaN,1.0,50,NaN,outside_reference_surface
989,NaN,NaN,NaN,NaN,1.0,50,NaN,outside_reference_surface
990,NaN,NaN,NaN,NaN,1.0,50,NaN,outside_reference_surface
991,NaN,NaN,NaN,NaN,1.0,50,NaN,outside_reference_surface
992,NaN,NaN,NaN,NaN,1.0,50,NaN,outside_reference_surface
993,1465.524110287428,NaN,1465.6874281122466,0.010336703173570222,1.0,50,2.0,segment_edge_excluded
994,1465.5493676662445,NaN,1465.67353007719,0.023393962145051732,1.0,50,2.0,segment_edge_excluded
995,1465.5186633467674,NaN,1465.659644959703,0.010003762561373229,1.0,50,2.0,observed
996,1465.5544240623713,NaN,1465.6457727523796,0.009756010352691448,1.0,50,2.0,observed
997,1465.5707303136587,NaN,1465.6319134478117,0.009283048548110765,1.0,50,2.0,observed
998,1465.5512426495552,NaN,1465.6180670385936,0.008987863086543492,1.0,50,2.0,observed
999,1465.527021124959,NaN,1465.6042335173174,0.008623408888841574,1.0,50,2.0,observed
1000,1465.534281089902,NaN,1465.5904128765762,0.00817366088400095,1.0,50,2.0,observed
1001,1465.535525009036,NaN,1465.5766051089631,0.007992970819216207,1.0,50,2.0,observed
1002,1465.5043700635433,NaN,1465.5628102070712,0.00822724746692756,1.0,50,2.0,observed
1003,1465.4716883599758,NaN,1465.5490281634927,0.03715594841857404,1.0,50,2.0,observed
1004,1465.513026535511,NaN,1465.5352589708216,0.009103493358048489,1.0,50,1.0,observed
1005,1465.49825681746,NaN,1465.521502621651,0.007932900822984864,1.0,50,2.0,observed
1006,1465.4939354658127,NaN,1465.5077591085728,0.008383030907781183,1.0,50,2.0,observed
1007,1465.5177377909422,NaN,1465.4940284241807,0.00789194179350244,1.0,50,2.0,observed
1008,1465.5004907995462,NaN,1465.4803105610677,0.008256932362841177,1.0,50,2.0,observed
1009,1465.4843714237213,NaN,1465.4666055118266,0.01835481891464838,1.0,50,1.0,observed
1010,1465.5043169260025,NaN,1465.4529132690502,0.009753332657660641,1.0,50,2.0,observed
1011,1465.5102698504925,NaN,1465.4392338253322,0.030272954810695057,1.0,50,2.0,observed
1012,1465.4953586608171,NaN,1465.4255671732644,0.01123931103443935,1.0,50,2.0,observed
1013,1465.41199927032,NaN,1465.4119133054412,0.008368294352738441,1.0,50,2.0,observed
1014,1465.3126505762339,NaN,1465.3982722144544,0.007706372143793701,1.0,50,3.0,observed
1015,1465.2470147013664,NaN,1465.3846438928974,0.007107393433936452,1.0,50,3.0,observed
1016,1465.2316356897354,NaN,1465.3710283333637,0.006817658940987014,1.0,50,2.0,observed
1017,1465.225499689579,NaN,1465.3574255284461,0.006667752944835628,1.0,50,2.0,observed
1018,1465.216052904725,NaN,1465.3438354707368,0.006729523885902089,1.0,50,2.0,observed
1019,1465.210672415793,NaN,1465.3302581528292,0.006989634164934665,1.0,50,3.0,observed
1020,1465.2268614396453,NaN,1465.3166935673166,0.0074163430560494166,1.0,50,2.0,observed
1021,1465.2735054343939,NaN,1465.3031417067918,0.00781766342634132,1.0,50,2.0,observed
1022,1465.346165791154,NaN,1465.2896025638477,0.008408658966688949,1.0,50,2.0,observed
1023,1465.4095098227262,NaN,1465.2760761310772,0.008878929065472451,1.0,50,2.0,observed
1024,1465.418319284916,NaN,1465.2625624010736,0.008753326397837454,1.0,50,2.0,observed
1025,1465.329813092947,NaN,1465.2490613664297,0.008094905476850217,1.0,50,2.0,observed
1026,1465.2379616200924,NaN,1465.2355730197387,0.00774797006723609,1.0,50,3.0,observed
1027,1465.1954050436616,NaN,1465.2220973535934,0.007361122069576822,1.0,50,1.0,observed
1028,1465.187583334744,NaN,1465.208634360586,0.00677849194100284,1.0,50,3.0,observed
1029,1465.2181236967444,NaN,1465.1951840333113,0.0066522535137900005,1.0,50,2.0,observed
1030,1465.2416381910443,NaN,1465.1817463643608,0.007217326392619953,1.0,50,2.0,observed
1031,1465.2062994763255,NaN,1465.1683213463277,0.006635288769368443,1.0,50,3.0,observed
1032,1465.1836698874831,NaN,1465.1549089718058,0.006189032209645991,1.0,50,3.0,observed
1033,1465.1620283648372,NaN,1465.1415092333868,0.005970131217903628,1.0,50,2.0,observed
1034,1465.1399436071515,NaN,1465.128122123665,0.005721254547607045,1.0,50,1.0,observed
1035,1465.1258579865098,NaN,1465.1147476352326,0.005815194422874291,1.0,50,1.0,observed
1036,1465.1127329207957,NaN,1465.1013857606824,0.006265355414229869,1.0,50,2.0,observed
1037,1465.099468484521,NaN,1465.0880364926081,0.00689782666705904,1.0,50,3.0,observed
1038,1465.0984183996916,NaN,1465.0746998236023,0.007794856277857387,1.0,50,2.0,observed
1039,1465.1138701438904,NaN,1465.0613757462581,0.008784903440128711,1.0,50,2.0,observed
1040,1465.119738921523,NaN,1465.0480642531684,0.009583727457802777,1.0,50,3.0,observed
1041,1465.1008873917162,NaN,1465.034765336926,0.009754270282804492,1.0,50,3.0,observed
1042,1465.0655837282538,NaN,1465.0214789901243,0.009171127595083187,1.0,50,3.0,observed
1043,1465.0338556058705,NaN,1465.0082052053558,0.008318159886076483,1.0,50,3.0,observed
1044,1465.0251560295,NaN,1464.9949439752143,0.008208033546514712,1.0,50,2.0,observed
1045,1465.0210456484929,NaN,1464.9816952922915,0.008656536242540099,1.0,50,3.0,observed
1046,1464.9965554839,NaN,1464.9684591491814,0.008232841331096573,1.0,50,1.0,observed
1047,1464.985424014274,NaN,1464.955235538477,0.007919582189760053,1.0,50,3.0,observed
1048,1464.9927920496557,NaN,1464.942024452771,0.008006783269415247,1.0,50,3.0,observed
1049,1465.004430878209,NaN,1464.9288258846557,0.008206239951921735,1.0,50,2.0,observed
1050,1465.0004401331607,NaN,1464.9156398267253,0.008070356871078044,1.0,50,3.0,observed
1051,1464.9837484890595,NaN,1464.9024662715724,0.007674937956455246,1.0,50,3.0,observed
1052,1464.961319072172,NaN,1464.8893052117892,0.007492829999157309,1.0,50,3.0,observed
1053,1464.92700349167,NaN,1464.8761566399696,0.007479389501212709,1.0,50,3.0,observed
1054,1464.895694885403,NaN,1464.8630205487066,0.007700704368663175,1.0,50,3.0,observed
1055,1464.874563522637,NaN,1464.8498969305929,0.008063555770037546,1.0,50,3.0,observed
1056,1464.8569017872214,NaN,1464.836785778221,0.00822471147453284,1.0,50,1.0,observed
1057,1464.812792941928,NaN,1464.8236870841845,0.008188266643030993,1.0,50,2.0,observed
1058,1464.7159599214792,NaN,1464.8106008410766,0.008545625399734177,1.0,50,2.0,observed
1059,1464.6267717927694,NaN,1464.79752704149,0.009258450752180961,1.0,50,2.0,observed
1060,1464.6397611498833,NaN,1464.7844656780169,0.008278317837176842,1.0,50,2.0,observed
1061,1464.6825242638588,NaN,1464.7714167432514,0.007259818463703768,1.0,50,1.0,observed
1062,1464.7239357084036,NaN,1464.758380229786,0.006867325608302338,1.0,50,2.0,observed
1063,1464.7771810367703,NaN,1464.7453561302143,0.006719584233247509,1.0,50,2.0,observed
1064,1464.8230377957225,NaN,1464.7323444371282,0.006839119735068344,1.0,50,1.0,observed
1065,1464.8221516758204,NaN,1464.7193451431217,0.007170125215749404,1.0,50,1.0,observed
1066,1464.7866774722934,NaN,1464.7063582407866,0.007306659016394007,1.0,50,2.0,observed
1067,1464.7595962658525,NaN,1464.6933837227175,0.007232409176338911,1.0,50,3.0,observed
1068,1464.7588858157396,NaN,1464.680421581506,0.0071991922060720545,1.0,50,2.0,observed
1069,1464.7658241540194,NaN,1464.6674718097454,0.0073823379584040585,1.0,50,2.0,observed
1070,1464.7539305388927,NaN,1464.6545344000294,0.007407820140902194,1.0,50,3.0,observed
1071,1464.708793029189,NaN,1464.64160934495,0.007039320798265142,1.0,50,2.0,observed
1072,1464.63259164989,NaN,1464.6286966371008,0.006644072073867743,1.0,50,2.0,observed
1073,1464.542978644371,NaN,1464.6157962690747,0.006665321295846817,1.0,50,2.0,observed
1074,1464.5161474347115,NaN,1464.6029082334649,0.007963905522710677,1.0,50,2.0,observed
1075,1464.4593968391418,NaN,1464.5900325228638,0.008923534022200369,1.0,50,3.0,observed
1076,1464.4823524206877,NaN,1464.5771691298646,0.009878714513937903,1.0,50,2.0,observed
1077,1464.4760398864746,NaN,1464.5643180470606,0.028282057339982652,1.0,50,2.0,observed
1078,1464.530719384551,NaN,1464.5514792670447,0.010177553915663046,1.0,50,2.0,observed
1079,1464.583569765091,NaN,1464.538652782409,0.009003088281066971,1.0,50,2.0,observed
1080,1464.5996269881725,NaN,1464.5258385857483,0.008139476693280967,1.0,50,2.0,observed
1081,1464.5475063174963,NaN,1464.513036669654,0.008796130338857353,1.0,50,2.0,observed
1082,1464.5220750123262,NaN,1464.500247026719,0.00853032877204065,1.0,50,2.0,observed
1083,1464.5393293946981,NaN,1464.4874696495378,0.007856371416874015,1.0,50,2.0,observed
1084,1464.54692825675,NaN,1464.474704530702,0.008168763351684703,1.0,50,2.0,observed
1085,1464.543920814991,NaN,1464.4619516628054,0.008947393568008236,1.0,50,2.0,observed
1086,1464.52752096951,NaN,1464.4492110384404,0.009861182363416711,1.0,50,2.0,observed
1087,1464.491048693657,NaN,1464.4364826502006,0.017047915463717825,1.0,50,3.0,observed
1088,1464.5273717343807,NaN,1464.4237664906777,0.011141208652518081,1.0,50,2.0,observed
1089,1464.4751432985067,NaN,1464.411062552466,0.010690082219159524,1.0,50,2.0,observed
1090,1464.4377124756575,NaN,1464.398370828159,0.010111506684632435,1.0,50,2.0,observed
1091,1464.4169657826424,NaN,1464.3856913103477,0.009711558418364219,1.0,50,2.0,observed
1092,1464.3986431956291,NaN,1464.3730239916263,0.009540908918781054,1.0,50,2.0,observed
1093,1464.3716059029102,NaN,1464.360368864588,0.009220442984592847,1.0,50,2.0,observed
1094,1464.2474393546581,NaN,1464.3477259218253,0.006854623948067202,1.0,50,2.0,segment_edge_excluded
1095,1464.0820994377136,NaN,1464.3350951559312,0.004900641781106227,1.0,50,2.0,segment_edge_excluded
1096,NaN,NaN,1464.3224765594991,NaN,0.0,0,NaN,smooth_model_filled
1097,NaN,NaN,1464.3098701251217,NaN,0.0,0,NaN,smooth_model_filled
1098,NaN,NaN,1464.2972758453918,NaN,0.0,0,NaN,smooth_model_filled
1099,NaN,NaN,1464.2846937129023,NaN,0.0,0,NaN,smooth_model_filled
1100,NaN,NaN,1464.2721237202472,NaN,0.0,0,NaN,smooth_model_filled
1101,NaN,NaN,1464.259565860018,NaN,0.0,0,NaN,smooth_model_filled
1102,NaN,NaN,1464.2470201248084,NaN,0.0,0,NaN,smooth_model_filled
1103,NaN,NaN,1464.2344865072118,NaN,0.0,0,NaN,smooth_model_filled
1104,NaN,NaN,1464.2219649998206,NaN,0.0,0,NaN,smooth_model_filled
1105,NaN,NaN,1464.2094555952276,NaN,0.0,0,NaN,smooth_model_filled
1106,NaN,NaN,1464.196958286027,NaN,0.0,0,NaN,smooth_model_filled
1107,NaN,NaN,1464.1844730648104,NaN,0.0,0,NaN,smooth_model_filled
1108,NaN,NaN,1464.1719999241716,NaN,0.0,0,NaN,smooth_model_filled
1109,NaN,NaN,1464.1595388567034,NaN,0.0,0,NaN,smooth_model_filled
1110,NaN,NaN,1464.1470898549983,NaN,0.0,0,NaN,smooth_model_filled
1111,NaN,NaN,1464.1346529116502,NaN,0.0,0,NaN,smooth_model_filled
1112,NaN,NaN,1464.1222280192515,NaN,0.0,0,NaN,smooth_model_filled
1113,NaN,NaN,1464.1098151703945,NaN,0.0,0,NaN,smooth_model_filled
1114,NaN,NaN,1464.0974143576734,NaN,0.0,0,NaN,smooth_model_filled
1115,NaN,NaN,1464.085025573681,NaN,0.0,0,NaN,smooth_model_filled
1116,NaN,NaN,1464.0726488110097,NaN,0.0,0,NaN,smooth_model_filled
1117,NaN,NaN,1464.0602840622528,NaN,0.0,0,NaN,smooth_model_filled
1118,NaN,NaN,1464.0479313200037,NaN,0.0,0,NaN,smooth_model_filled
1119,NaN,NaN,1464.0355905768547,NaN,0.0,0,NaN,smooth_model_filled
1120,NaN,NaN,1464.0232618253992,NaN,0.0,0,NaN,smooth_model_filled
1121,NaN,NaN,1464.0109450580467,NaN,0.0,0,NaN,smooth_model_filled
1122,NaN,NaN,1463.9986402562288,NaN,0.0,0,NaN,smooth_model_filled
1123,NaN,NaN,1463.986347384359,NaN,0.0,0,NaN,smooth_model_filled
1124,NaN,NaN,1463.9740664053882,NaN,0.0,0,NaN,smooth_model_filled
1125,NaN,NaN,1463.9617972822646,NaN,0.0,0,NaN,smooth_model_filled
1126,NaN,NaN,1463.9495399779391,NaN,0.0,0,NaN,smooth_model_filled
1127,NaN,NaN,1463.9372944553622,NaN,0.0,0,NaN,smooth_model_filled
1128,NaN,NaN,1463.9250606774829,NaN,0.0,0,NaN,smooth_model_filled
1129,NaN,NaN,1463.9128386072514,NaN,0.0,0,NaN,smooth_model_filled
1130,NaN,NaN,1463.900628207618,NaN,0.0,0,NaN,smooth_model_filled
1131,NaN,NaN,1463.8884294415318,NaN,0.0,0,NaN,smooth_model_filled
1132,NaN,NaN,1463.8762422719435,NaN,0.0,0,NaN,smooth_model_filled
1133,NaN,NaN,1463.8640666618026,NaN,0.0,0,NaN,smooth_model_filled
1134,NaN,NaN,1463.8519025740595,NaN,0.0,0,NaN,smooth_model_filled
1135,NaN,NaN,1463.8397499716639,NaN,0.0,0,NaN,smooth_model_filled
1136,NaN,NaN,1463.8276088175653,NaN,0.0,0,NaN,smooth_model_filled
1137,NaN,NaN,1463.815479074714,NaN,0.0,0,NaN,smooth_model_filled
1138,NaN,NaN,1463.8033607060602,NaN,0.0,0,NaN,smooth_model_filled
1139,NaN,NaN,1463.7912536745541,NaN,0.0,0,NaN,smooth_model_filled
1140,NaN,NaN,1463.7791579431444,NaN,0.0,0,NaN,smooth_model_filled
1141,NaN,NaN,1463.7670734747821,NaN,0.0,0,NaN,smooth_model_filled
1142,NaN,NaN,1463.7550002324167,NaN,0.0,0,NaN,smooth_model_filled
1143,NaN,NaN,1463.7429381789982,NaN,0.0,0,NaN,smooth_model_filled
1144,NaN,NaN,1463.7308872774765,NaN,0.0,0,NaN,smooth_model_filled
1145,NaN,NaN,1463.7188474908012,NaN,0.0,0,NaN,smooth_model_filled
1146,NaN,NaN,1463.7068187819234,NaN,0.0,0,NaN,smooth_model_filled
1147,NaN,NaN,1463.6948011137918,NaN,0.0,0,NaN,smooth_model_filled
1148,NaN,NaN,1463.682794449357,NaN,0.0,0,NaN,smooth_model_filled
1149,NaN,NaN,1463.6707987515686,NaN,0.0,0,NaN,smooth_model_filled
1150,NaN,NaN,1463.6588139833766,NaN,0.0,0,NaN,smooth_model_filled
1151,NaN,NaN,1463.6468401077311,NaN,0.0,0,NaN,smooth_model_filled
1152,NaN,NaN,1463.6348770875818,NaN,0.0,0,NaN,smooth_model_filled
1153,NaN,NaN,1463.622924885879,NaN,0.0,0,NaN,smooth_model_filled
1154,NaN,NaN,1463.6109834655722,NaN,0.0,0,NaN,smooth_model_filled
1155,NaN,NaN,1463.5990527896117,NaN,0.0,0,NaN,smooth_model_filled
1156,NaN,NaN,1463.587132820947,NaN,0.0,0,NaN,smooth_model_filled
1157,NaN,NaN,1463.5752235225282,NaN,0.0,0,NaN,smooth_model_filled
1158,NaN,NaN,1463.563324857306,NaN,0.0,0,NaN,smooth_model_filled
1159,NaN,NaN,1463.551436788229,NaN,0.0,0,NaN,smooth_model_filled
1160,NaN,NaN,1463.5395592782475,NaN,0.0,0,NaN,smooth_model_filled
1161,NaN,NaN,1463.5276922903129,NaN,0.0,0,NaN,smooth_model_filled
1162,NaN,NaN,1463.5158357873734,NaN,0.0,0,NaN,smooth_model_filled
1163,NaN,NaN,1463.5039897323793,NaN,0.0,0,NaN,smooth_model_filled
1164,NaN,NaN,1463.4921540882806,NaN,0.0,0,NaN,smooth_model_filled
1165,NaN,NaN,1463.4803288180278,NaN,0.0,0,NaN,smooth_model_filled
1166,NaN,NaN,1463.46851388457,NaN,0.0,0,NaN,smooth_model_filled
1167,NaN,NaN,1463.456709250858,NaN,0.0,0,NaN,smooth_model_filled
1168,NaN,NaN,1463.4449148798406,NaN,0.0,0,NaN,smooth_model_filled
1169,NaN,NaN,1463.4331307344687,NaN,0.0,0,NaN,smooth_model_filled
1170,NaN,NaN,1463.4213567776924,NaN,0.0,0,NaN,smooth_model_filled
1171,NaN,NaN,1463.4095929724608,NaN,0.0,0,NaN,smooth_model_filled
1172,NaN,NaN,1463.3978392817244,NaN,0.0,0,NaN,smooth_model_filled
1173,NaN,NaN,1463.3860956684325,NaN,0.0,0,NaN,smooth_model_filled
1174,NaN,NaN,1463.3743620955358,NaN,0.0,0,NaN,smooth_model_filled
1175,NaN,NaN,1463.3626385259838,NaN,0.0,0,NaN,smooth_model_filled
1176,NaN,NaN,1463.3509249227263,NaN,0.0,0,NaN,smooth_model_filled
1177,NaN,NaN,1463.339221248714,NaN,0.0,0,NaN,smooth_model_filled
1178,NaN,NaN,1463.3275274668956,NaN,0.0,0,NaN,smooth_model_filled
1179,NaN,NaN,1463.3158435402224,NaN,0.0,0,NaN,smooth_model_filled
1180,NaN,NaN,1463.3041694316432,NaN,0.0,0,NaN,smooth_model_filled
1181,NaN,NaN,1463.2925051041084,NaN,0.0,0,NaN,smooth_model_filled
1182,NaN,NaN,1463.2808505205685,NaN,0.0,0,NaN,smooth_model_filled
1183,NaN,NaN,1463.2692056439723,NaN,0.0,0,NaN,smooth_model_filled
1184,NaN,NaN,1463.2575704372707,NaN,0.0,0,NaN,smooth_model_filled
1185,NaN,NaN,1463.2459448634131,NaN,0.0,0,NaN,smooth_model_filled
1186,NaN,NaN,1463.2343288853492,NaN,0.0,0,NaN,smooth_model_filled
1187,NaN,NaN,1463.2227224660296,NaN,0.0,0,NaN,smooth_model_filled
1188,NaN,NaN,1463.2111255684042,NaN,0.0,0,NaN,smooth_model_filled
1189,NaN,NaN,1463.1995381554225,NaN,0.0,0,NaN,smooth_model_filled
1190,NaN,NaN,1463.1879601900343,NaN,0.0,0,NaN,smooth_model_filled
1191,NaN,NaN,1463.1763916351904,NaN,0.0,0,NaN,smooth_model_filled
1192,NaN,NaN,1463.1648324538396,NaN,0.0,0,NaN,smooth_model_filled
1193,NaN,NaN,1463.1532826089324,NaN,0.0,0,NaN,smooth_model_filled
1194,NaN,NaN,1463.1417420634193,NaN,0.0,0,NaN,smooth_model_filled
1195,NaN,NaN,1463.1302107802492,NaN,0.0,0,NaN,smooth_model_filled
1196,NaN,NaN,1463.118688722373,NaN,0.0,0,NaN,smooth_model_filled
1197,1463.2515204399824,NaN,1463.10717585274,0.016456075586290315,1.0,50,1.0,segment_edge_excluded
1198,NaN,NaN,1463.0956721342998,NaN,0.0,0,NaN,smooth_model_filled
1199,NaN,NaN,1463.084177530003,NaN,0.0,0,NaN,smooth_model_filled
1200,NaN,NaN,1463.0726920027994,NaN,0.0,0,NaN,smooth_model_filled
1201,NaN,NaN,1463.0612155156389,NaN,0.0,0,NaN,smooth_model_filled
1202,NaN,NaN,1463.0497480314716,NaN,0.0,0,NaN,smooth_model_filled
1203,NaN,NaN,1463.038289513247,NaN,0.0,0,NaN,smooth_model_filled
1204,NaN,NaN,1463.0268399239153,NaN,0.0,0,NaN,smooth_model_filled
1205,NaN,NaN,1463.015399226426,NaN,0.64,32,NaN,smooth_model_filled
1206,1462.9886197298765,NaN,1463.0039673837302,0.006377783943775732,1.0,50,3.0,segment_edge_excluded
1207,1462.9289528615773,NaN,1462.992544358777,0.006588750946654396,1.0,50,3.0,segment_edge_excluded
1208,1462.8891763426363,NaN,1462.9811301145164,0.007271199207085362,1.0,50,3.0,observed
1209,1462.8907651677728,NaN,1462.9697246138971,0.007441463564853722,1.0,50,3.0,observed
1210,1462.9189918786287,NaN,1462.958327819872,0.007172242308163919,1.0,50,3.0,observed
1211,1462.9335127100348,NaN,1462.946939695389,0.007008306753954713,1.0,50,1.0,observed
1212,1462.9261412546039,NaN,1462.9355602033977,0.006796333895971592,1.0,50,2.0,observed
1213,1462.9190303497016,NaN,1462.9241893068488,0.006682380294608666,1.0,50,2.0,observed
1214,1462.9169033803046,NaN,1462.9128269686926,0.00666811491311335,1.0,50,3.0,observed
1215,1462.910232719034,NaN,1462.901473151878,0.006649077900137107,1.0,50,2.0,observed
1216,1462.9018486104906,NaN,1462.8901278193557,0.0066209933074547,1.0,50,1.0,observed
1217,1462.9029251933098,NaN,1462.8787909340754,0.006565587318307229,1.0,50,1.0,observed
1218,1462.9230450168252,NaN,1462.867462458987,0.006419929904147492,1.0,50,1.0,observed
1219,1462.9504470564425,NaN,1462.8561423570407,0.006185931847675995,1.0,50,2.0,observed
1220,1462.9527895599604,NaN,1462.8448305911859,0.0058339942245261055,1.0,50,1.0,observed
1221,1462.8944294713438,NaN,1462.8335271243732,0.005640119171825424,1.0,50,1.0,observed
1222,1462.818734958768,NaN,1462.822231919552,0.005846880242051491,1.0,50,2.0,observed
1223,1462.794821575284,NaN,1462.8109449396723,0.006057755880594157,1.0,50,2.0,observed
1224,1462.8048257753253,NaN,1462.799666147684,0.006392814904873722,1.0,50,2.0,observed
1225,1462.792411789298,NaN,1462.788395506538,0.006906217110043878,1.0,50,1.0,observed
1226,1462.744660899043,NaN,1462.7771329791826,0.0072588280078754175,1.0,50,2.0,observed
1227,1462.665830284357,NaN,1462.765878528569,0.007542282805446145,1.0,50,2.0,observed
1228,1462.5795806199312,NaN,1462.7546321176462,0.008268349628242268,1.0,50,2.0,observed
1229,1462.5581235140562,NaN,1462.743393709365,0.008542741862090255,1.0,50,3.0,observed
1230,1462.586853787303,NaN,1462.7321632666751,0.007981485258693488,1.0,50,2.0,observed
1231,1462.649587661028,NaN,1462.7209407525256,0.006899422472948807,1.0,50,2.0,observed
1232,1462.7178390175104,NaN,1462.7097261298677,0.005965912870862752,1.0,50,2.0,observed
1233,1462.7633117809892,NaN,1462.6985193616506,0.005744118666990576,1.0,50,1.0,observed
1234,1462.7669824808836,NaN,1462.6873204108247,0.006169703501098338,1.0,50,2.0,observed
1235,1462.7290334105492,NaN,1462.676129240339,0.006939609964307684,1.0,50,2.0,observed
1236,1462.6982379108667,NaN,1462.6649458131446,0.007345973530061938,1.0,50,2.0,observed
1237,1462.6971345245838,NaN,1462.6537700921908,0.007051436749021563,1.0,50,2.0,observed
1238,1462.688213661313,NaN,1462.6426020404274,0.007018421529767027,1.0,50,1.0,observed
1239,1462.649803698063,NaN,1462.6314416208047,0.007368242675493867,1.0,50,2.0,observed
1240,1462.6023937016726,NaN,1462.6202887962722,0.00795433450460536,1.0,50,2.0,observed
1241,1462.556404069066,NaN,1462.6091435297806,0.008347290577230352,1.0,50,2.0,observed
1242,1462.512027785182,NaN,1462.5980057842792,0.0081331942764182,1.0,50,2.0,observed
1243,1462.5463017225266,NaN,1462.5868755227177,0.02855512021080011,1.0,50,2.0,observed
1244,1462.4847863912582,NaN,1462.5757527080468,0.006749916196624247,1.0,50,2.0,observed
1245,1462.4285058826208,NaN,1462.5646373032164,0.006529017507590969,1.0,50,2.0,observed
1246,1462.3988539427519,NaN,1462.5535292711752,0.006546222186018476,1.0,50,2.0,observed
1247,1462.4295527935028,NaN,1462.542428574875,0.006794754643184486,1.0,50,2.0,observed
1248,1462.5122156739235,NaN,1462.531335177264,0.02296850650943829,1.0,50,2.0,observed
1249,1462.5224962085485,NaN,1462.5202490499375,0.008045035392182112,1.0,50,2.0,observed
1250,1462.5686837881804,NaN,1462.509170264977,0.008042406006462291,1.0,50,2.0,observed
1251,1462.5770551264286,NaN,1462.498098959296,0.008155934194254644,1.0,50,2.0,observed
1252,1462.528391122818,NaN,1462.4870352708883,0.008567704536774173,1.0,50,2.0,observed
1253,1462.4411089718342,NaN,1462.4759793377477,0.010110523301263158,1.0,50,2.0,observed
1254,1462.4256617426872,NaN,1462.4649312978684,0.009684331445984597,1.0,50,2.0,observed
1255,1462.43408203125,NaN,1462.453891289243,0.010237489016452212,1.0,50,3.0,observed
1256,1462.47860121727,NaN,1462.4428594498665,0.010703980219515808,1.0,50,3.0,observed
1257,1462.4629524052143,NaN,1462.4318359177325,0.025471354934180696,1.0,50,3.0,observed
1258,1462.4947452545166,NaN,1462.4208208308341,0.009805533423673917,1.0,50,2.0,observed
1259,1462.506408393383,NaN,1462.4098143271651,0.009206784037138612,1.0,50,2.0,observed
1260,1462.4761360287666,NaN,1462.3988165447204,0.008937771191602429,1.0,50,2.0,observed
1261,1462.4935203939676,NaN,1462.3878276214925,0.008377476616615212,1.0,50,3.0,observed
1262,1462.4388290643692,NaN,1462.3768476954758,0.007708904285060506,1.0,50,2.0,observed
1263,1462.4212367087603,NaN,1462.3658769046644,0.0077575835741659025,1.0,50,2.0,observed
1264,1462.416344076395,NaN,1462.3549153870515,0.007982896525744852,1.0,50,2.0,observed
1265,1462.388060092926,NaN,1462.343963280631,0.007594122471723617,1.0,50,2.0,observed
1266,1462.332680478692,NaN,1462.333020723397,0.006697969867837966,1.0,50,2.0,observed
1267,1462.2802650034428,NaN,1462.322087853343,0.006051366982016362,1.0,50,2.0,observed
1268,1462.24176171422,NaN,1462.3111648084628,0.0060173153022415665,1.0,50,2.0,observed
1269,1462.2084858566523,NaN,1462.3002517267505,0.0063223743675741104,1.0,50,1.0,observed
1270,1462.1793778836727,NaN,1462.2893487461988,0.006604011419590673,1.0,50,3.0,observed
1271,1462.1902351006866,NaN,1462.278456004803,0.006808694850007219,1.0,50,3.0,observed
1272,1462.2367902323604,NaN,1462.267573640556,0.007198657352862644,1.0,50,2.0,observed
1273,1462.2770731598139,NaN,1462.2567017914519,0.007708072476163073,1.0,50,2.0,observed
1274,1462.2738407999277,NaN,1462.2458405954844,0.00785562125406152,1.0,50,2.0,observed
1275,1462.2252963334322,NaN,1462.234990190647,0.007516372401137402,1.0,50,2.0,observed
1276,1462.1580859944224,NaN,1462.2241507149338,0.0075469640069092065,1.0,50,2.0,observed
1277,1462.1190258041024,NaN,1462.2133223063386,0.008658480957728287,1.0,50,3.0,observed
1278,1462.1275125816464,NaN,1462.202505102855,0.009856136767982299,1.0,50,3.0,observed
1279,1462.1668712347746,NaN,1462.1916992424767,0.010149581234687698,1.0,50,3.0,observed
1280,1462.208045169711,NaN,1462.1809048631978,0.00945853125675086,1.0,50,2.0,observed
1281,1462.2138482406735,NaN,1462.170122103012,0.008693418388981123,1.0,50,2.0,observed
1282,1462.187077127397,NaN,1462.159351099913,0.00849662712204809,1.0,50,3.0,observed
1283,1462.1542829722166,NaN,1462.148591991895,0.008253574048623452,1.0,50,2.0,observed
1284,1462.137826539576,NaN,1462.137844916951,0.007974143155190738,1.0,50,3.0,observed
1285,1462.1687673702836,NaN,1462.127110013075,0.008130106468697945,1.0,50,3.0,observed
1286,1462.2374712377787,NaN,1462.1163874182612,0.00884075121043203,1.0,50,2.0,observed
1287,1462.2279132977128,NaN,1462.1056772705028,0.008398531862397045,1.0,50,2.0,observed
1288,1462.1828544586897,NaN,1462.094979707795,0.00833347185432435,1.0,50,3.0,observed
1289,1462.1538815200329,NaN,1462.0842948681297,0.008593694623302514,1.0,50,3.0,observed
1290,1462.139588959515,NaN,1462.0736228895014,0.008516045549080808,1.0,50,1.0,observed
1291,1462.1304837316275,NaN,1462.0629639099047,0.007932868405929074,1.0,50,2.0,observed
1292,1462.082402486354,NaN,1462.052318067332,0.0068591841610585146,1.0,50,2.0,observed
1293,1461.9936319978442,NaN,1462.0416854997777,0.00651276892022874,1.0,50,1.0,observed
1294,1461.9019217789173,NaN,1462.031066345236,0.0072463708501284965,1.0,50,2.0,observed
1295,1461.8530699014664,NaN,1462.0204607417002,0.008265492202900524,1.0,50,2.0,observed
1296,1461.8703041300178,NaN,1462.0098688271642,0.008626192477302251,1.0,50,2.0,observed
1297,1461.9182603396475,NaN,1461.999290739622,0.008546089730572737,1.0,50,2.0,observed
1298,1461.9612127225846,NaN,1461.988726617067,0.00823712899392616,1.0,50,3.0,observed
1299,1461.9856326868758,NaN,1461.978176597493,0.007860642973345265,1.0,50,2.0,observed
1300,1461.986598440446,NaN,1461.967640818894,0.007667919041492858,1.0,50,3.0,observed
1301,1461.9630909543484,NaN,1461.9571194192645,0.007837706912656252,1.0,50,2.0,observed
1302,1461.93069338426,NaN,1461.9466125365964,0.007949174774827025,1.0,50,3.0,observed
1303,1461.9205723069608,NaN,1461.936120308885,0.007525156194657596,1.0,50,2.0,observed
1304,1461.9561267402023,NaN,1461.925642874124,0.006756041198343003,1.0,50,1.0,observed
1305,1461.9945204022806,NaN,1461.9151803703064,0.006103505866400644,1.0,50,2.0,observed
1306,1461.974820506759,NaN,1461.9047329354273,0.005526493036918114,1.0,50,1.0,observed
1307,1461.9292262010276,NaN,1461.8943007074788,0.005416615561556251,1.0,50,2.0,observed
1308,1461.8911465145648,NaN,1461.8838838244558,0.005667501012586028,1.0,50,1.0,observed
1309,1461.8730921447277,NaN,1461.8734824243516,0.005993863481290975,1.0,50,1.0,observed
1310,1461.8767290525138,NaN,1461.8630966451603,0.005995116993082378,1.0,50,2.0,observed
1311,1461.8799173496664,NaN,1461.852726624876,0.006174889034055382,1.0,50,1.0,observed
1312,1461.880582820624,NaN,1461.8423725014916,0.006564000882873498,1.0,50,2.0,observed
1313,1461.8896577693522,NaN,1461.8320344130016,0.00694883073109582,1.0,50,2.0,observed
1314,1461.915254790336,NaN,1461.8217124973992,0.007135908704051843,1.0,50,1.0,segment_edge_excluded
1315,1461.9391039572656,NaN,1461.811406892679,0.006983770535793415,1.0,50,2.0,segment_edge_excluded
1316,NaN,NaN,1461.801117736834,NaN,0.0,0,NaN,smooth_model_filled
1317,NaN,NaN,1461.7908451678584,NaN,0.0,0,NaN,smooth_model_filled
1318,NaN,NaN,1461.7805893237457,NaN,0.0,0,NaN,smooth_model_filled
1319,NaN,NaN,1461.77035034249,NaN,0.0,0,NaN,smooth_model_filled
1320,NaN,NaN,1461.7601283620847,NaN,0.0,0,NaN,smooth_model_filled
1321,NaN,NaN,1461.7499235205241,NaN,0.0,0,NaN,smooth_model_filled
1322,NaN,NaN,1461.739735955802,NaN,0.0,0,NaN,smooth_model_filled
1323,NaN,NaN,1461.7295658059113,NaN,0.0,0,NaN,smooth_model_filled
1324,NaN,NaN,1461.7194132088468,NaN,0.0,0,NaN,smooth_model_filled
1325,NaN,NaN,1461.7092783026012,NaN,0.0,0,NaN,smooth_model_filled
1326,NaN,NaN,1461.6991612251697,NaN,0.0,0,NaN,smooth_model_filled
1327,NaN,NaN,1461.689062114545,NaN,0.0,0,NaN,smooth_model_filled
1328,NaN,NaN,1461.6789811087212,NaN,0.0,0,NaN,smooth_model_filled
1329,NaN,NaN,1461.6689183456922,NaN,0.0,0,NaN,smooth_model_filled
1330,NaN,NaN,1461.658873963452,NaN,0.0,0,NaN,smooth_model_filled
1331,NaN,NaN,1461.6488480999935,NaN,0.0,0,NaN,smooth_model_filled
1332,NaN,NaN,1461.6388408933112,NaN,0.0,0,NaN,smooth_model_filled
1333,NaN,NaN,1461.628852481399,NaN,0.0,0,NaN,smooth_model_filled
1334,NaN,NaN,1461.6188830022504,NaN,0.0,0,NaN,smooth_model_filled
1335,NaN,NaN,1461.608932593859,NaN,0.0,0,NaN,smooth_model_filled
1336,NaN,NaN,1461.5990013942187,NaN,0.0,0,NaN,smooth_model_filled
1337,NaN,NaN,1461.5890895413233,NaN,0.0,0,NaN,smooth_model_filled
1338,NaN,NaN,1461.5791971731674,NaN,0.0,0,NaN,smooth_model_filled
1339,NaN,NaN,1461.5693244277434,NaN,0.0,0,NaN,smooth_model_filled
1340,NaN,NaN,1461.559471443046,NaN,0.0,0,NaN,smooth_model_filled
1341,NaN,NaN,1461.5496383570683,NaN,0.0,0,NaN,smooth_model_filled
1342,NaN,NaN,1461.5398253078051,NaN,0.0,0,NaN,smooth_model_filled
1343,NaN,NaN,1461.5300324332493,NaN,0.0,0,NaN,smooth_model_filled
1344,NaN,NaN,1461.5202598713947,NaN,0.0,0,NaN,smooth_model_filled
1345,NaN,NaN,1461.5105077602357,NaN,0.0,0,NaN,smooth_model_filled
1346,NaN,NaN,1461.5007762377656,NaN,0.0,0,NaN,smooth_model_filled
1347,NaN,NaN,1461.4910654419784,NaN,0.0,0,NaN,smooth_model_filled
1348,NaN,NaN,1461.4813755108678,NaN,0.0,0,NaN,smooth_model_filled
1349,NaN,NaN,1461.4717065824275,NaN,0.0,0,NaN,smooth_model_filled
1350,NaN,NaN,1461.4620587946515,NaN,0.0,0,NaN,smooth_model_filled
1351,NaN,NaN,1461.4524322855334,NaN,0.0,0,NaN,smooth_model_filled
1352,NaN,NaN,1461.4428271930672,NaN,0.0,0,NaN,smooth_model_filled
1353,NaN,NaN,1461.4332436552463,NaN,0.0,0,NaN,smooth_model_filled
1354,NaN,NaN,1461.4236818100644,NaN,0.0,0,NaN,smooth_model_filled
1355,NaN,NaN,1461.4141417955166,NaN,0.0,0,NaN,smooth_model_filled
1356,NaN,NaN,1461.404623749595,NaN,0.0,0,NaN,smooth_model_filled
1357,NaN,NaN,1461.3951278102938,NaN,0.0,0,NaN,smooth_model_filled
1358,NaN,NaN,1461.3856541156076,NaN,0.0,0,NaN,smooth_model_filled
1359,NaN,NaN,1461.3762028035294,NaN,0.0,0,NaN,smooth_model_filled
1360,NaN,NaN,1461.3667740120532,NaN,0.0,0,NaN,smooth_model_filled
1361,NaN,NaN,1461.357367879173,NaN,0.0,0,NaN,smooth_model_filled
1362,NaN,NaN,1461.3479845428822,NaN,0.0,0,NaN,smooth_model_filled
1363,NaN,NaN,1461.338624141175,NaN,0.0,0,NaN,smooth_model_filled
1364,NaN,NaN,1461.3292868120448,NaN,0.0,0,NaN,smooth_model_filled
1365,NaN,NaN,1461.3199726934852,NaN,0.0,0,NaN,smooth_model_filled
1366,NaN,NaN,1461.3106819234906,NaN,0.0,0,NaN,smooth_model_filled
1367,NaN,NaN,1461.3014146400544,NaN,0.0,0,NaN,smooth_model_filled
1368,NaN,NaN,1461.2921709811708,NaN,0.0,0,NaN,smooth_model_filled
1369,NaN,NaN,1461.2829510848333,NaN,0.0,0,NaN,smooth_model_filled
1370,NaN,NaN,1461.2737550890354,NaN,0.0,0,NaN,smooth_model_filled
1371,NaN,NaN,1461.2645831317714,NaN,0.0,0,NaN,smooth_model_filled
1372,NaN,NaN,1461.2554353510345,NaN,0.0,0,NaN,smooth_model_filled
1373,NaN,NaN,1461.246311884819,NaN,0.0,0,NaN,smooth_model_filled
1374,NaN,NaN,1461.2372128711186,NaN,0.0,0,NaN,smooth_model_filled
1375,NaN,NaN,1461.228138447927,NaN,0.0,0,NaN,smooth_model_filled
1376,NaN,NaN,1461.2190887532374,NaN,0.0,0,NaN,smooth_model_filled
1377,NaN,NaN,1461.2100638700083,NaN,0.0,0,NaN,smooth_model_filled
1378,NaN,NaN,1461.2010636610498,NaN,0.0,0,NaN,smooth_model_filled
1379,NaN,NaN,1461.192087934136,NaN,0.0,0,NaN,smooth_model_filled
1380,NaN,NaN,1461.1831364970424,NaN,0.0,0,NaN,smooth_model_filled
1381,NaN,NaN,1461.1742091575422,NaN,0.0,0,NaN,smooth_model_filled
1382,NaN,NaN,1461.16530572341,NaN,0.0,0,NaN,smooth_model_filled
1383,NaN,NaN,1461.1564260024209,NaN,0.0,0,NaN,smooth_model_filled
1384,NaN,NaN,1461.1475698023482,NaN,0.0,0,NaN,smooth_model_filled
1385,NaN,NaN,1461.1387369309673,NaN,0.0,0,NaN,smooth_model_filled
1386,NaN,NaN,1461.1299271960522,NaN,0.0,0,NaN,smooth_model_filled
1387,NaN,NaN,1461.1211404053765,NaN,0.0,0,NaN,smooth_model_filled
1388,NaN,NaN,1461.1123763667156,NaN,0.0,0,NaN,smooth_model_filled
1389,NaN,NaN,1461.1036348878438,NaN,0.0,0,NaN,smooth_model_filled
1390,NaN,NaN,1461.0949157765347,NaN,0.0,0,NaN,smooth_model_filled
1391,NaN,NaN,1461.0862188405633,NaN,0.0,0,NaN,smooth_model_filled
1392,NaN,NaN,1461.0775438877045,NaN,0.0,0,NaN,smooth_model_filled
1393,NaN,NaN,1461.0688907257315,NaN,0.0,0,NaN,smooth_model_filled
1394,NaN,NaN,1461.060259162419,NaN,0.0,0,NaN,smooth_model_filled
1395,NaN,NaN,1461.0516490055415,NaN,0.0,0,NaN,smooth_model_filled
1396,NaN,NaN,1461.043060062874,NaN,0.0,0,NaN,smooth_model_filled
1397,NaN,NaN,1461.0344921421897,NaN,0.0,0,NaN,smooth_model_filled
1398,NaN,NaN,1461.025945051264,NaN,0.0,0,NaN,smooth_model_filled
1399,NaN,NaN,1461.0174185978706,NaN,0.0,0,NaN,smooth_model_filled
1400,NaN,NaN,1461.0089125897841,NaN,0.0,0,NaN,smooth_model_filled
1401,NaN,NaN,1461.0004268347793,NaN,0.0,0,NaN,smooth_model_filled
1402,NaN,NaN,1460.9919611406299,NaN,0.0,0,NaN,smooth_model_filled
1403,NaN,NaN,1460.9835153151103,NaN,0.0,0,NaN,smooth_model_filled
1404,NaN,NaN,1460.9750891659955,NaN,0.0,0,NaN,smooth_model_filled
1405,NaN,NaN,1460.966682501059,NaN,0.0,0,NaN,smooth_model_filled
1406,NaN,NaN,1460.9582951280759,NaN,0.0,0,NaN,smooth_model_filled
1407,NaN,NaN,1460.9499268548204,NaN,0.0,0,NaN,smooth_model_filled
1408,NaN,NaN,1460.941577489067,NaN,0.0,0,NaN,smooth_model_filled
1409,NaN,NaN,1460.9332468385896,NaN,0.0,0,NaN,smooth_model_filled
1410,NaN,NaN,1460.9249347111627,NaN,0.0,0,NaN,smooth_model_filled
1411,NaN,NaN,1460.9166409145612,NaN,0.0,0,NaN,smooth_model_filled
1412,NaN,NaN,1460.9083652565585,NaN,0.0,0,NaN,smooth_model_filled
1413,NaN,NaN,1460.90010754493,NaN,0.0,0,NaN,smooth_model_filled
1414,NaN,NaN,1460.8918675874495,NaN,0.0,0,NaN,smooth_model_filled
1415,NaN,NaN,1460.8836451918917,NaN,0.0,0,NaN,smooth_model_filled
1416,NaN,NaN,1460.8754401660306,NaN,0.0,0,NaN,smooth_model_filled
1417,NaN,NaN,1460.8672523176406,NaN,0.0,0,NaN,smooth_model_filled
1418,NaN,NaN,1460.8590814544966,NaN,0.0,0,NaN,smooth_model_filled
1419,NaN,NaN,1460.850927384372,NaN,0.0,0,NaN,smooth_model_filled
1420,NaN,NaN,1460.8427899150422,NaN,0.0,0,NaN,smooth_model_filled
1421,NaN,NaN,1460.834668854281,NaN,0.0,0,NaN,smooth_model_filled
1422,NaN,NaN,1460.826564009863,NaN,0.0,0,NaN,smooth_model_filled
1423,NaN,NaN,1460.8184751895626,NaN,0.0,0,NaN,smooth_model_filled
1424,NaN,NaN,1460.810402201154,NaN,0.0,0,NaN,smooth_model_filled
1425,1460.9027502983809,NaN,1460.8023448524114,0.007322655934922474,1.0,50,2.0,segment_edge_excluded
1426,1460.7730038762093,NaN,1460.7943029511093,0.007878942199797744,1.0,50,2.0,segment_edge_excluded
1427,1460.718108087778,NaN,1460.7862763050227,0.01003540925864299,1.0,50,2.0,observed
1428,1460.7186923623085,NaN,1460.778264721925,0.010817477131347612,1.0,50,2.0,observed
1429,1460.7106695324183,NaN,1460.770268009591,0.010786649117204908,1.0,50,3.0,observed
1430,1460.6913127750158,NaN,1460.7622859757953,0.009842322499738685,1.0,50,2.0,observed
1431,1460.6509448438883,NaN,1460.754318428312,0.008749466746198701,1.0,50,2.0,observed
1432,1460.6876747459173,NaN,1460.7463651749154,0.008108405041388255,1.0,50,2.0,observed
1433,1460.7339960336685,NaN,1460.7384260233798,0.008215567209245385,1.0,50,2.0,observed
1434,1460.7778211310506,NaN,1460.7305007814803,0.008252059441323541,1.0,50,2.0,observed
1435,1460.8033147081733,NaN,1460.7225892569907,0.008016546117234714,1.0,50,1.0,observed
1436,1460.7853509485722,NaN,1460.714691257685,0.007944104757582102,1.0,50,2.0,observed
1437,1460.761043407023,NaN,1460.7068065913386,0.007936770424125605,1.0,50,2.0,observed
1438,1460.7565258964896,NaN,1460.6989350657245,0.00763213270427153,1.0,50,2.0,observed
1439,1460.7568821012974,NaN,1460.6910764886184,0.007505405261540495,1.0,50,2.0,observed
1440,1460.7275720983744,NaN,1460.6832306677936,0.007960588374486967,1.0,50,1.0,observed
1441,1460.676204174757,NaN,1460.6753974110254,0.008319781079332006,1.0,50,2.0,observed
1442,1460.6180340200663,NaN,1460.6675765260877,0.00846813650591767,1.0,50,2.0,observed
1443,1460.550802320242,NaN,1460.6597678207543,0.008679261006399635,1.0,50,2.0,observed
1444,1460.4763556718826,NaN,1460.6519711028013,0.008718408198718781,1.0,50,2.0,observed
1445,1460.4923778623343,NaN,1460.6441861800015,0.007898729092973365,1.0,50,2.0,observed
1446,1460.5007525235415,NaN,1460.6364128601294,0.007949057620517517,1.0,50,2.0,observed
1447,1460.520626783371,NaN,1460.6286509509598,0.01574882651178733,1.0,50,2.0,observed
1448,1460.5101064741611,NaN,1460.6209002602673,0.008444276049656077,1.0,50,2.0,observed
1449,1460.491861909628,NaN,1460.6131605958255,0.008595586683969694,1.0,50,3.0,observed
1450,1460.4761445075274,NaN,1460.6054317654098,0.00858820880764778,1.0,50,2.0,observed
1451,1460.4865757673979,NaN,1460.597713576794,0.008466061914443277,1.0,50,2.0,observed
1452,1460.5058290660381,NaN,1460.5900058377517,0.00843359972414638,1.0,50,2.0,observed
1453,1460.507273107767,NaN,1460.5823083560588,0.008432671784741625,1.0,50,2.0,observed
1454,1460.5318267941475,NaN,1460.5746209394886,0.028003520077494466,1.0,50,2.0,observed
1455,1460.536679789424,NaN,1460.566943395816,0.008192831871284143,1.0,50,3.0,observed
1456,1460.5990411490202,NaN,1460.5592755328146,0.007473632356667074,1.0,50,1.0,observed
1457,1460.543694615364,NaN,1460.55161715826,0.007889189523419781,1.0,50,2.0,observed
1458,1460.4619607776403,NaN,1460.5439680799254,0.008359276635001621,1.0,50,3.0,observed
1459,1460.352768406272,NaN,1460.536328105586,0.008003926937009189,1.0,50,1.0,observed
1460,1460.3087412565947,NaN,1460.528697043016,0.007670213450349331,1.0,50,2.0,observed
1461,1460.3274101614952,NaN,1460.5210746999892,0.007351715125371143,1.0,50,2.0,observed
1462,1460.3825522065163,NaN,1460.513460884281,0.007393051947557927,1.0,50,2.0,observed
1463,1460.450647085905,NaN,1460.5058554036643,0.007827467539315118,1.0,50,2.0,observed
1464,1460.5255008935928,NaN,1460.4982580659146,0.01388414085057656,1.0,50,2.0,observed
1465,1460.5213489830494,NaN,1460.4906686788063,0.008710170087028627,1.0,50,2.0,observed
1466,1460.557224407792,NaN,1460.4830870501132,0.008832302482497646,1.0,50,2.0,observed
1467,1460.5794892162085,NaN,1460.4755129876105,0.008399018529795705,1.0,50,2.0,observed
1468,1460.5710037350655,NaN,1460.4679462990716,0.007600665481546504,1.0,50,2.0,observed
1469,1460.534200847149,NaN,1460.4603867922713,0.008496722572697093,1.0,50,2.0,observed
1470,1460.466604784131,NaN,1460.4528342749838,0.008021251041445764,1.0,50,2.0,observed
1471,1460.4373944997787,NaN,1460.4452885549838,0.008405085431318137,1.0,50,2.0,observed
1472,1460.4751798212528,NaN,1460.4377494400455,0.009432694095482318,1.0,50,2.0,observed
1473,1460.4566195905209,NaN,1460.4302167379435,0.021718462388995465,1.0,50,2.0,observed
1474,1460.4733089506626,NaN,1460.4226902564521,0.009625814644492435,1.0,50,2.0,observed
1475,1460.442985355854,NaN,1460.4151698033452,0.02421200211245897,1.0,50,3.0,observed
1476,1460.456347182393,NaN,1460.4076551863973,0.00849250089771194,1.0,50,2.0,observed
1477,1460.4017531722784,NaN,1460.4001462133833,0.00799237852063117,1.0,50,3.0,observed
1478,1460.3655152916908,NaN,1460.392642692077,0.007750938865269655,1.0,50,2.0,observed
1479,1460.34998165071,NaN,1460.3851444302534,0.007563587175535344,1.0,50,2.0,observed
1480,1460.3477272242308,NaN,1460.3776512356862,0.007641978453531647,1.0,50,2.0,observed
1481,1460.3505999445915,NaN,1460.37016291615,0.00797855000937572,1.0,50,2.0,observed
1482,1460.3427665233612,NaN,1460.3626792794198,0.00811280850602384,1.0,50,2.0,observed
1483,1460.3046151846647,NaN,1460.3552001332687,0.007852353597810384,1.0,50,2.0,observed
1484,1460.2616453021765,NaN,1460.347725285472,0.007855161642105583,1.0,50,2.0,observed
1485,1460.2607458233833,NaN,1460.3402545438043,0.008146890298075728,1.0,50,2.0,observed
1486,1460.2868149280548,NaN,1460.3327877160386,0.008069980840390284,1.0,50,2.0,observed
1487,1460.3198668062687,NaN,1460.3253246099512,0.007506883384536986,1.0,50,2.0,observed
1488,1460.3426256030798,NaN,1460.317865033315,0.007065412095268237,1.0,50,2.0,observed
1489,1460.3192066699266,NaN,1460.3104087939048,0.007301883584871317,1.0,50,1.0,observed
1490,1460.287705078721,NaN,1460.3029556994952,0.007872462753343199,1.0,50,4.0,observed
1491,1460.2637792676687,NaN,1460.2955055578602,0.008046106545428686,1.0,50,2.0,observed
1492,1460.2403094917536,NaN,1460.2880581767745,0.007865059360563257,1.0,50,2.0,observed
1493,1460.2201616466045,NaN,1460.2806133640122,0.007752385009740569,1.0,50,1.0,observed
1494,1460.211697526276,NaN,1460.2731709273478,0.007891136769128896,1.0,50,2.0,observed
1495,1460.229132026434,NaN,1460.2657306745557,0.008015368412995105,1.0,50,2.0,observed
1496,1460.2632371038198,NaN,1460.2582924134106,0.008167768426141484,1.0,50,2.0,observed
1497,1460.2876123338938,NaN,1460.2508559516862,0.008575180687568192,1.0,50,2.0,observed
1498,1460.2806619405746,NaN,1460.243421097157,0.008425688677282155,1.0,50,2.0,observed
1499,1460.2582184821367,NaN,1460.235987657598,0.008071172975832316,1.0,50,2.0,observed
1500,1460.2646239548922,NaN,1460.2285554407824,0.008614060569289457,1.0,50,3.0,observed
1501,1460.2652572840452,NaN,1460.221124254486,0.009122292108890099,1.0,50,2.0,observed
1502,1460.2489164993167,NaN,1460.2136939064824,0.008973707142639639,1.0,50,2.0,observed
1503,1460.256439074874,NaN,1460.2062642045457,0.008848432633464558,1.0,50,3.0,observed
1504,1460.2894984781742,NaN,1460.1988349557107,0.008849416926442068,1.0,50,2.0,observed
1505,1460.283192768693,NaN,1460.1914059226185,0.008787148672418392,1.0,50,2.0,observed
1506,1460.1892748847604,NaN,1460.1839767990982,0.007827727403547612,1.0,50,2.0,observed
1507,1460.1005502045155,NaN,1460.176547273061,0.0074365385023324754,1.0,50,2.0,observed
1508,1460.051501583308,NaN,1460.169117032418,0.007116840675959706,1.0,50,2.0,observed
1509,1460.0473082475364,NaN,1460.1616857650788,0.006945713421547417,1.0,50,3.0,observed
1510,1460.0618124511093,NaN,1460.1542531589555,0.00718121656637255,1.0,50,1.0,observed
1511,1460.0803649127483,NaN,1460.1468189019583,0.007009661390143317,1.0,50,2.0,observed
1512,1460.0986609458923,NaN,1460.1393826819979,0.006449271067359502,1.0,50,2.0,observed
1513,1460.1018166020513,NaN,1460.1319441869853,0.00599994623322735,1.0,50,2.0,observed
1514,1460.0858039595187,NaN,1460.1245031048313,0.006046726538266183,1.0,50,1.0,observed
1515,1460.0793274715543,NaN,1460.117059123446,0.006245033762997964,1.0,50,3.0,observed
1516,1460.0809932164848,NaN,1460.1096119307415,0.006070798945121515,1.0,50,3.0,observed
1517,1460.091283351183,NaN,1460.1021612146278,0.005618094683814159,1.0,50,1.0,observed
1518,1460.136507667601,NaN,1460.0947066630154,0.0058035219396958765,1.0,50,1.0,observed
1519,1460.2227002307773,NaN,1460.0872479638156,0.006691370485751579,1.0,50,3.0,observed
1520,1460.2842800915241,NaN,1460.0797848049388,0.007304053330669184,1.0,50,2.0,observed
1521,1460.2748346477747,NaN,1460.072316874296,0.0074900956113638645,1.0,50,2.0,observed
1522,1460.230120651424,NaN,1460.064843859798,0.007715373931089084,1.0,50,2.0,observed
1523,1460.1824120134115,NaN,1460.0573654493553,0.0076132096015077665,1.0,50,3.0,observed
1524,1460.1305655092,NaN,1460.0498813308793,0.007252463839103624,1.0,50,2.0,observed
1525,1460.082810241729,NaN,1460.0423911922803,0.007296531934543976,1.0,50,3.0,observed
1526,1460.054552750662,NaN,1460.034894721469,0.007846396061588773,1.0,50,3.0,observed
1527,1460.0346169974655,NaN,1460.0273916063563,0.008320768109141292,1.0,50,3.0,observed
1528,1460.005692077335,NaN,1460.0198815348535,0.008530641884158528,1.0,50,2.0,observed
1529,1459.985103300307,NaN,1460.0123641948705,0.008553770000891435,1.0,50,3.0,observed
1530,1460.0163374757394,NaN,1460.0048392743188,0.00828930507792105,1.0,50,3.0,observed
1531,1460.0566215515137,NaN,1459.9973064611088,0.008473956276885417,1.0,50,2.0,observed
1532,1460.0721916370094,NaN,1459.9897654431506,0.008805651860241988,1.0,50,1.0,observed
1533,1460.0427139885724,NaN,1459.9822159083567,0.008191725275281066,1.0,50,3.0,segment_edge_excluded
1534,1460.0006755414943,NaN,1459.9746575446368,0.005635225044724837,1.0,50,1.0,segment_edge_excluded
1535,NaN,NaN,1459.9670900399017,NaN,0.0,0,NaN,smooth_model_filled
1536,NaN,NaN,1459.9595130820621,NaN,0.0,0,NaN,smooth_model_filled
1537,NaN,NaN,1459.9519263590291,NaN,0.0,0,NaN,smooth_model_filled
1538,NaN,NaN,1459.9443295587132,NaN,0.0,0,NaN,smooth_model_filled
1539,NaN,NaN,1459.9367223690258,NaN,0.0,0,NaN,smooth_model_filled
1540,NaN,NaN,1459.9291044778768,NaN,0.0,0,NaN,smooth_model_filled
1541,NaN,NaN,1459.9214755731773,NaN,0.0,0,NaN,smooth_model_filled
1542,NaN,NaN,1459.9138353428384,NaN,0.0,0,NaN,smooth_model_filled
1543,NaN,NaN,1459.9061834747708,NaN,0.0,0,NaN,smooth_model_filled
1544,NaN,NaN,1459.898519656885,NaN,0.0,0,NaN,smooth_model_filled
1545,NaN,NaN,1459.8908435770916,NaN,0.0,0,NaN,smooth_model_filled
1546,NaN,NaN,1459.8831549233018,NaN,0.0,0,NaN,smooth_model_filled
1547,NaN,NaN,1459.8754533834267,NaN,0.0,0,NaN,smooth_model_filled
1548,NaN,NaN,1459.8677386453764,NaN,0.0,0,NaN,smooth_model_filled
1549,NaN,NaN,1459.8600103970618,NaN,0.0,0,NaN,smooth_model_filled
1550,NaN,NaN,1459.8522683263946,NaN,0.0,0,NaN,smooth_model_filled
1551,NaN,NaN,1459.8445121212835,NaN,0.0,0,NaN,smooth_model_filled
1552,NaN,NaN,1459.8367414696415,NaN,0.0,0,NaN,smooth_model_filled
1553,NaN,NaN,1459.8289560593782,NaN,0.0,0,NaN,smooth_model_filled
1554,NaN,NaN,1459.8211555784046,NaN,0.0,0,NaN,smooth_model_filled
1555,NaN,NaN,1459.8133397146316,NaN,0.0,0,NaN,smooth_model_filled
1556,NaN,NaN,1459.80550815597,NaN,0.0,0,NaN,smooth_model_filled
1557,NaN,NaN,1459.7976605903307,NaN,0.0,0,NaN,smooth_model_filled
1558,NaN,NaN,1459.7897967056238,NaN,0.0,0,NaN,smooth_model_filled
1559,NaN,NaN,1459.7819161897608,NaN,0.0,0,NaN,smooth_model_filled
1560,NaN,NaN,1459.7740187306522,NaN,0.0,0,NaN,smooth_model_filled
1561,NaN,NaN,1459.7661040162088,NaN,0.0,0,NaN,smooth_model_filled
1562,NaN,NaN,1459.7581717343414,NaN,0.0,0,NaN,smooth_model_filled
1563,NaN,NaN,1459.7502215729608,NaN,0.0,0,NaN,smooth_model_filled
1564,NaN,NaN,1459.7422532199778,NaN,0.0,0,NaN,smooth_model_filled
1565,NaN,NaN,1459.734266363303,NaN,0.0,0,NaN,smooth_model_filled
1566,NaN,NaN,1459.7262606908475,NaN,0.0,0,NaN,smooth_model_filled
1567,NaN,NaN,1459.718235890522,NaN,0.0,0,NaN,smooth_model_filled
1568,NaN,NaN,1459.710191650237,NaN,0.0,0,NaN,smooth_model_filled
1569,NaN,NaN,1459.702127657904,NaN,0.0,0,NaN,smooth_model_filled
1570,NaN,NaN,1459.6940436014324,NaN,0.0,0,NaN,smooth_model_filled
1571,NaN,NaN,1459.6859391687342,NaN,0.0,0,NaN,smooth_model_filled
1572,NaN,NaN,1459.67781404772,NaN,0.0,0,NaN,smooth_model_filled
1573,NaN,NaN,1459.6696679263002,NaN,0.0,0,NaN,smooth_model_filled
1574,NaN,NaN,1459.6615004923854,NaN,0.0,0,NaN,smooth_model_filled
1575,NaN,NaN,1459.6533114338874,NaN,0.0,0,NaN,smooth_model_filled
1576,NaN,NaN,1459.6451004387159,NaN,0.0,0,NaN,smooth_model_filled
1577,NaN,NaN,1459.6368671947823,NaN,0.0,0,NaN,smooth_model_filled
1578,NaN,NaN,1459.6286113899973,NaN,0.0,0,NaN,smooth_model_filled
1579,NaN,NaN,1459.6203327122714,NaN,0.0,0,NaN,smooth_model_filled
1580,NaN,NaN,1459.6120308495158,NaN,0.0,0,NaN,smooth_model_filled
1581,NaN,NaN,1459.6037054896408,NaN,0.0,0,NaN,smooth_model_filled
1582,NaN,NaN,1459.5953563205576,NaN,0.0,0,NaN,smooth_model_filled
1583,NaN,NaN,1459.5869830301765,NaN,0.0,0,NaN,smooth_model_filled
1584,NaN,NaN,1459.5785853064092,NaN,0.0,0,NaN,smooth_model_filled
1585,NaN,NaN,1459.5701628371653,NaN,0.0,0,NaN,smooth_model_filled
1586,NaN,NaN,1459.5617153103562,NaN,0.0,0,NaN,smooth_model_filled
1587,NaN,NaN,1459.5532424138928,NaN,0.0,0,NaN,smooth_model_filled
1588,NaN,NaN,1459.544743835686,NaN,0.0,0,NaN,smooth_model_filled
1589,NaN,NaN,1459.5362192636458,NaN,0.0,0,NaN,smooth_model_filled
1590,NaN,NaN,1459.5276683856835,NaN,0.0,0,NaN,smooth_model_filled
1591,NaN,NaN,1459.5190908897105,NaN,0.0,0,NaN,smooth_model_filled
1592,NaN,NaN,1459.5104864636362,NaN,0.0,0,NaN,smooth_model_filled
1593,NaN,NaN,1459.5018547953725,NaN,0.0,0,NaN,smooth_model_filled
1594,NaN,NaN,1459.4931955728296,NaN,0.0,0,NaN,smooth_model_filled
1595,NaN,NaN,1459.4845084839185,NaN,0.0,0,NaN,smooth_model_filled
1596,NaN,NaN,1459.4757932165503,NaN,0.0,0,NaN,smooth_model_filled
1597,NaN,NaN,1459.4670494586353,NaN,0.0,0,NaN,smooth_model_filled
1598,NaN,NaN,1459.4582768980843,NaN,0.0,0,NaN,smooth_model_filled
1599,NaN,NaN,1459.4494752228077,NaN,0.0,0,NaN,smooth_model_filled
1600,NaN,NaN,1459.4406441207175,NaN,0.0,0,NaN,smooth_model_filled
1601,NaN,NaN,1459.4317832797237,NaN,0.0,0,NaN,smooth_model_filled
1602,NaN,NaN,1459.4228923877367,NaN,0.0,0,NaN,smooth_model_filled
1603,NaN,NaN,1459.4139711326682,NaN,0.0,0,NaN,smooth_model_filled
1604,NaN,NaN,1459.4050192024285,NaN,0.0,0,NaN,smooth_model_filled
1605,NaN,NaN,1459.3960362849286,NaN,0.0,0,NaN,smooth_model_filled
1606,NaN,NaN,1459.387022068079,NaN,0.0,0,NaN,smooth_model_filled
1607,NaN,NaN,1459.37797623979,NaN,0.0,0,NaN,smooth_model_filled
1608,NaN,NaN,1459.3688984879734,NaN,0.0,0,NaN,smooth_model_filled
1609,NaN,NaN,1459.3597885005395,NaN,0.0,0,NaN,smooth_model_filled
1610,NaN,NaN,1459.3506459653988,NaN,0.0,0,NaN,smooth_model_filled
1611,NaN,NaN,1459.3414705704627,NaN,0.0,0,NaN,smooth_model_filled
1612,NaN,NaN,1459.3322620036415,NaN,0.0,0,NaN,smooth_model_filled
1613,NaN,NaN,1459.3230199528462,NaN,0.0,0,NaN,smooth_model_filled
1614,NaN,NaN,1459.3137441059878,NaN,0.0,0,NaN,smooth_model_filled
1615,NaN,NaN,1459.3044341509762,NaN,0.0,0,NaN,smooth_model_filled
1616,NaN,NaN,1459.2950897757235,NaN,0.0,0,NaN,smooth_model_filled
1617,NaN,NaN,1459.285710668139,NaN,0.0,0,NaN,smooth_model_filled
1618,NaN,NaN,1459.2762965161346,NaN,0.0,0,NaN,smooth_model_filled
1619,NaN,NaN,1459.266847007621,NaN,0.0,0,NaN,smooth_model_filled
1620,NaN,NaN,1459.2573618305087,NaN,0.0,0,NaN,smooth_model_filled
1621,NaN,NaN,1459.2478406727084,NaN,0.0,0,NaN,smooth_model_filled
1622,NaN,NaN,1459.2382832221306,NaN,0.0,0,NaN,smooth_model_filled
1623,NaN,NaN,1459.228689166687,NaN,0.0,0,NaN,smooth_model_filled
1624,NaN,NaN,1459.2190581942875,NaN,0.0,0,NaN,smooth_model_filled
1625,NaN,NaN,1459.2093899928432,NaN,0.0,0,NaN,smooth_model_filled
1626,NaN,NaN,1459.1996842502651,NaN,0.0,0,NaN,smooth_model_filled
1627,NaN,NaN,1459.1899406544637,NaN,0.0,0,NaN,smooth_model_filled
1628,NaN,NaN,1459.1801588933502,NaN,0.0,0,NaN,smooth_model_filled
1629,NaN,NaN,1459.1703386548343,NaN,0.0,0,NaN,smooth_model_filled
1630,NaN,NaN,1459.160479626828,NaN,0.0,0,NaN,smooth_model_filled
1631,NaN,NaN,1459.1505814972415,NaN,0.0,0,NaN,smooth_model_filled
1632,NaN,NaN,1459.1406439939383,NaN,0.0,0,NaN,smooth_model_filled
1633,NaN,NaN,1459.1306673092238,NaN,0.0,0,NaN,smooth_model_filled
1634,NaN,NaN,1459.1206519350449,NaN,0.0,0,NaN,smooth_model_filled
1635,NaN,NaN,1459.110598368343,NaN,0.0,0,NaN,smooth_model_filled
1636,NaN,NaN,1459.1005071060592,NaN,0.0,0,NaN,smooth_model_filled
1637,NaN,NaN,1459.0903786451345,NaN,0.0,0,NaN,smooth_model_filled
1638,NaN,NaN,1459.0802134825094,NaN,0.0,0,NaN,smooth_model_filled
1639,NaN,NaN,1459.0700121151253,NaN,0.0,0,NaN,smooth_model_filled
1640,NaN,NaN,1459.059775039923,NaN,0.0,0,NaN,smooth_model_filled
1641,NaN,NaN,1459.0495027538439,NaN,0.0,0,NaN,smooth_model_filled
1642,NaN,NaN,1459.0391957538284,NaN,0.0,0,NaN,smooth_model_filled
1643,1459.0436125472188,NaN,1459.028854536818,0.006032169051373978,1.0,50,2.0,segment_edge_excluded
1644,1459.089595925063,NaN,1459.0184795997532,0.00776711411565781,1.0,50,3.0,segment_edge_excluded
1645,1459.107887595892,NaN,1459.0080714395756,0.0077444961366122615,1.0,50,1.0,observed
1646,1459.1177929788828,NaN,1458.997630553226,0.006761183647441001,1.0,50,3.0,observed
1647,1459.1325902789831,NaN,1458.9871574376448,0.006803744880602232,1.0,50,2.0,observed
1648,1459.1560102328658,NaN,1458.976652589774,0.008182051661534798,1.0,50,1.0,observed
1649,1459.1541278734803,NaN,1458.9661165065538,0.009295137678015269,1.0,50,3.0,observed
1650,1459.1074720397592,NaN,1458.955549684925,0.009053204179345499,1.0,50,3.0,observed
1651,1459.0592676736414,NaN,1458.9449526218295,0.008201079292735834,1.0,50,1.0,observed
1652,1459.0457133986056,NaN,1458.9343258142083,0.0074051132346869206,1.0,50,2.0,observed
1653,1459.0822858288884,NaN,1458.9236697590013,0.006675213851999843,1.0,50,3.0,observed
1654,1459.168134443462,NaN,1458.9129849531503,0.0062090828448083625,1.0,50,3.0,observed
1655,1459.2528154402971,NaN,1458.9022718935958,0.006600330493624782,1.0,50,2.0,observed
1656,1459.2204262167215,NaN,1458.89153107728,0.006870907248953753,1.0,50,2.0,observed
1657,1459.1120389029384,NaN,1458.8807630011422,0.006980984405308821,1.0,50,3.0,observed
1658,1459.027983223088,NaN,1458.8699681621245,0.007358857942195429,1.0,50,2.0,observed
1659,1459.011242712848,NaN,1458.8591470571673,0.007786424601643489,1.0,50,3.0,observed
1660,1459.028669831343,NaN,1458.8483001832121,0.007938312824764194,1.0,50,3.0,observed
1661,1459.0530217606574,NaN,1458.8374280371997,0.007874706817816667,1.0,50,1.0,observed
1662,1459.0802698507905,NaN,1458.8265311160715,0.008288470068249192,1.0,50,2.0,observed
1663,1459.092921961099,NaN,1458.8156099167675,0.009281817416592394,1.0,50,2.0,observed
1664,1459.0497340112925,NaN,1458.8046649362298,0.010203733653627593,1.0,50,3.0,observed
1665,1458.9746253835037,NaN,1458.7936966713985,0.010934707331369755,1.0,50,3.0,observed
1666,1458.9306132532656,NaN,1458.7827056192148,0.01100736488921074,1.0,50,2.0,observed
1667,1458.9168707467616,NaN,1458.7716922766206,0.010238333596202945,1.0,50,3.0,observed
1668,1458.9088910520077,NaN,1458.7606571405554,0.008996753375103542,1.0,50,3.0,observed
1669,1458.89472348243,NaN,1458.749600707961,0.007804530192142804,1.0,50,3.0,observed
1670,1458.8761085681617,NaN,1458.7385234757785,0.007224573096291606,1.0,50,2.0,observed
1671,1458.8638821542263,NaN,1458.7274259409492,0.007350851770907015,1.0,50,3.0,observed
1672,1458.8598299697042,NaN,1458.716308600413,0.007948160789092329,1.0,50,2.0,observed
1673,1458.86285674572,NaN,1458.7051719511119,0.008312590001125041,1.0,50,3.0,observed
1674,1458.8750609122217,NaN,1458.694016489986,0.008312198476798791,1.0,50,3.0,observed
1675,1458.8796104602516,NaN,1458.6828427139772,0.00838708892557465,1.0,50,3.0,observed
1676,1458.8473959118128,NaN,1458.6716511200261,0.009168888825021738,1.0,50,1.0,observed
1677,1458.7753695994616,NaN,1458.6604422050739,0.010423699673797667,1.0,50,4.0,observed
1678,1458.6923126131296,NaN,1458.6492164660613,0.011161628994540209,1.0,50,3.0,observed
1679,1458.606850400567,NaN,1458.6379743999291,0.011388819568239193,1.0,50,3.0,observed
1680,1458.544004380703,NaN,1458.6267165036188,0.010937759058411458,1.0,50,2.0,observed
1681,1458.53772392869,NaN,1458.6154432740711,0.009596194641614184,1.0,50,3.0,observed
1682,1458.5605287849903,NaN,1458.6041552082272,0.008682351898490476,1.0,50,2.0,observed
1683,1458.5799542218447,NaN,1458.5928528030279,0.008474454830957325,1.0,50,2.0,observed
1684,1458.5827386081219,NaN,1458.581536555414,0.0077218770791387305,1.0,50,2.0,observed
1685,1458.5772730112076,NaN,1458.570206962327,0.007102142166210226,1.0,50,2.0,observed
1686,1458.5857924073935,NaN,1458.5588645207076,0.006872088845296097,1.0,50,2.0,observed
1687,1458.6195108294487,NaN,1458.5475097274973,0.0066486806131285485,1.0,50,2.0,observed
1688,1458.6447148770094,NaN,1458.5361430796358,0.006707732780661223,1.0,50,2.0,observed
1689,1458.6406319141388,NaN,1458.5247650740655,0.0072585245763765495,1.0,50,1.0,observed
1690,1458.6056522578,NaN,1458.5133762077267,0.0080268343181947,1.0,50,2.0,observed
1691,1458.5409940332174,NaN,1458.5019769775604,0.009434376674938903,1.0,50,2.0,observed
1692,1458.5022329986095,NaN,1458.490567880508,0.017315316143858322,1.0,50,2.0,observed
1693,1458.4201404750347,NaN,1458.47914941351,0.011175865858518428,1.0,50,3.0,observed
1694,1458.3480593562126,NaN,1458.4677220735075,0.010750824156323488,1.0,50,3.0,observed
1695,1458.355243101716,NaN,1458.456286357442,0.009989774151490707,1.0,50,3.0,observed
1696,1458.4151253402233,NaN,1458.4448427622538,0.009961707666816415,1.0,50,2.0,observed
1697,1458.4469556957483,NaN,1458.433391784884,0.010282613024543967,1.0,50,3.0,observed
1698,1458.4068367779255,NaN,1458.4219339222745,0.009741148000322735,1.0,50,3.0,observed
1699,1458.3183819800615,NaN,1458.4104696713648,0.008986534826006112,1.0,50,3.0,observed
1700,1458.22753559798,NaN,1458.3989995290974,0.008802454596026308,1.0,50,3.0,observed
1701,1458.1689389422536,NaN,1458.387523992412,0.00899517642890697,1.0,50,3.0,observed
1702,1458.1718522012234,NaN,1458.3760435582506,0.009062461920610896,1.0,50,3.0,observed
1703,1458.2465987056494,NaN,1458.364558723553,0.009062767234071295,1.0,50,3.0,observed
1704,1458.3459667414427,NaN,1458.353069985262,0.009565420801099865,1.0,50,2.0,observed
1705,1458.4026356190443,NaN,1458.3415778403164,0.010407825996233818,1.0,50,2.0,observed
1706,1458.3950356394053,NaN,1458.330082785659,0.01054418096522997,1.0,50,2.0,observed
1707,1458.34258235991,NaN,1458.31858531823,0.009957328337910272,1.0,50,3.0,observed
1708,1458.27658636868,NaN,1458.3070859349707,0.008991897269133246,1.0,50,3.0,observed
1709,1458.2043620198965,NaN,1458.2955851328218,0.008376277599260911,1.0,50,4.0,observed
1710,1458.1242929026484,NaN,1458.2840834087242,0.008943633419587666,1.0,50,2.0,observed
1711,1458.0754676833749,NaN,1458.2725812596195,0.010720883596730206,1.0,50,3.0,observed
1712,1458.075790323317,NaN,1458.2610791824482,0.0121200190031966,1.0,50,4.0,observed
1713,1458.1105280518532,NaN,1458.2495776741516,0.011868826597048633,1.0,50,3.0,observed
1714,1458.1602303907275,NaN,1458.2380772316699,0.010856468150380735,1.0,50,3.0,observed
1715,1458.19219288975,NaN,1458.2265783519451,0.009683152218415576,1.0,50,2.0,observed
1716,1458.175396002829,NaN,1458.2150815319178,0.008186993968001353,1.0,50,3.0,observed
1717,1458.1457821950316,NaN,1458.203587268529,0.007443656123831829,1.0,50,2.0,observed
1718,1458.1197500675917,NaN,1458.1920960587192,0.00730795854123869,1.0,50,3.0,observed
1719,1458.099348127842,NaN,1458.1806083994302,0.007420680247593907,1.0,50,1.0,observed
1720,1458.0875607728958,NaN,1458.169124787603,0.007699916921312237,1.0,50,2.0,observed
1721,1458.0939149782062,NaN,1458.1576457201775,0.008440776871450636,1.0,50,3.0,observed
1722,1458.1111290603876,NaN,1458.1461716940962,0.009333730390912367,1.0,50,3.0,observed
1723,1458.090887196362,NaN,1458.134703206299,0.00950186306116337,1.0,50,2.0,observed
1724,1458.0060285483487,NaN,1458.1232407537273,0.008908930822773352,1.0,50,2.0,observed
1725,1457.9155184067786,NaN,1458.111784833322,0.009145893344599183,1.0,50,3.0,observed
1726,1457.8633499369025,NaN,1458.1003359420245,0.010337575856209267,1.0,50,3.0,observed
1727,1457.8420690596104,NaN,1458.0888945767747,0.011301172248095051,1.0,50,3.0,observed
1728,1457.8353347554803,NaN,1458.0774612345149,0.010907273208936247,1.0,50,3.0,observed
1729,1457.8327065184712,NaN,1458.066036412185,0.00973907573559182,1.0,50,2.0,observed
1730,1457.859570235014,NaN,1458.054620606727,0.009281537230611718,1.0,50,3.0,observed
1731,1457.9125248268247,NaN,1458.043214315081,0.010049463622565953,1.0,50,3.0,observed
1732,1457.9519444201142,NaN,1458.031818034189,0.011279672072395582,1.0,50,3.0,observed
1733,1457.9534323830158,NaN,1458.0204322609904,0.012107597062677474,1.0,50,3.0,observed
1734,1457.9026591405272,NaN,1458.009057492428,0.011632995908908289,1.0,50,3.0,observed
1735,1457.8135124146938,NaN,1457.997694225442,0.010246474611170196,1.0,50,2.0,observed
1736,1457.7421873509884,NaN,1457.986342956973,0.009674674735438125,1.0,50,3.0,observed
1737,1457.700526803732,NaN,1457.9750041839625,0.010273605932149288,1.0,50,3.0,observed
1738,1457.704926341772,NaN,1457.9636784033514,0.011099320420027986,1.0,50,2.0,observed
1739,1457.7688310965896,NaN,1457.9523661120804,0.011279762845913706,1.0,50,2.0,observed
1740,1457.844802826643,NaN,1457.9410678070908,0.010845008436032517,1.0,50,3.0,observed
1741,1457.8696421310306,NaN,1457.9297839853236,0.010015947377854197,1.0,50,3.0,observed
1742,1457.87836509943,NaN,1457.91851514372,0.008913909890559485,1.0,50,3.0,observed
1743,1457.8985659219325,NaN,1457.9072617792203,0.007940987730239551,1.0,50,3.0,observed
1744,1457.9201509431005,NaN,1457.8960243887664,0.007264094410269798,1.0,50,2.0,observed
1745,1457.9043958485126,NaN,1457.8848034692983,0.006682734139686951,1.0,50,3.0,observed
1746,1457.8560849949718,NaN,1457.8735995177583,0.006707528525347591,1.0,50,3.0,observed
1747,1457.828708730638,NaN,1457.862413031086,0.007043695962581121,1.0,50,2.0,observed
1748,1457.876048732549,NaN,1457.8512445062233,0.006898492067899212,1.0,50,2.0,observed
1749,1457.981763606891,NaN,1457.8400944401108,0.00677071442500978,1.0,50,3.0,observed
1750,1458.0823674090207,NaN,1457.8289633296895,0.006904418265109136,1.0,50,1.0,observed
1751,1458.0064598722383,NaN,1457.8178516719004,0.006270628088627761,1.0,50,3.0,segment_edge_excluded
1752,1457.885405022651,NaN,1457.8067599636845,0.00716812489722868,1.0,50,3.0,segment_edge_excluded
1753,NaN,NaN,1457.7956887019832,NaN,0.0,0,NaN,smooth_model_filled
1754,NaN,NaN,1457.7846383837368,NaN,0.0,0,NaN,smooth_model_filled
1755,NaN,NaN,1457.773609505887,NaN,0.0,0,NaN,smooth_model_filled
1756,NaN,NaN,1457.7626025653742,NaN,0.0,0,NaN,smooth_model_filled
1757,NaN,NaN,1457.7516180591401,NaN,0.0,0,NaN,smooth_model_filled
1758,NaN,NaN,1457.7406564841249,NaN,0.0,0,NaN,smooth_model_filled
1759,NaN,NaN,1457.7297183372698,NaN,0.0,0,NaN,smooth_model_filled
1760,NaN,NaN,1457.7188040318065,NaN,0.0,0,NaN,smooth_model_filled
1761,NaN,NaN,1457.7079136461286,NaN,0.0,0,NaN,smooth_model_filled
1762,NaN,NaN,1457.697047174919,NaN,0.0,0,NaN,smooth_model_filled
1763,NaN,NaN,1457.6862046128624,NaN,0.0,0,NaN,smooth_model_filled
1764,NaN,NaN,1457.6753859546423,NaN,0.0,0,NaN,smooth_model_filled
1765,NaN,NaN,1457.6645911949417,NaN,0.0,0,NaN,smooth_model_filled
1766,NaN,NaN,1457.6538203284451,NaN,0.0,0,NaN,smooth_model_filled
1767,NaN,NaN,1457.6430733498364,NaN,0.0,0,NaN,smooth_model_filled
1768,NaN,NaN,1457.632350253799,NaN,0.0,0,NaN,smooth_model_filled
1769,NaN,NaN,1457.6216510350168,NaN,0.0,0,NaN,smooth_model_filled
1770,NaN,NaN,1457.610975688174,NaN,0.0,0,NaN,smooth_model_filled
1771,NaN,NaN,1457.6003242079535,NaN,0.0,0,NaN,smooth_model_filled
1772,NaN,NaN,1457.58969658904,NaN,0.0,0,NaN,smooth_model_filled
1773,NaN,NaN,1457.5790928261165,NaN,0.0,0,NaN,smooth_model_filled
1774,NaN,NaN,1457.568512913867,NaN,0.0,0,NaN,smooth_model_filled
1775,NaN,NaN,1457.5579568469757,NaN,0.0,0,NaN,smooth_model_filled
1776,NaN,NaN,1457.547424620126,NaN,0.0,0,NaN,smooth_model_filled
1777,NaN,NaN,1457.5369162280017,NaN,0.0,0,NaN,smooth_model_filled
1778,NaN,NaN,1457.5264316652867,NaN,0.0,0,NaN,smooth_model_filled
1779,NaN,NaN,1457.5159709266643,NaN,0.0,0,NaN,smooth_model_filled
1780,NaN,NaN,1457.505534006819,NaN,0.0,0,NaN,smooth_model_filled
1781,NaN,NaN,1457.4951209004344,NaN,0.0,0,NaN,smooth_model_filled
1782,NaN,NaN,1457.4847316021937,NaN,0.0,0,NaN,smooth_model_filled
1783,NaN,NaN,1457.4743661067816,NaN,0.0,0,NaN,smooth_model_filled
1784,NaN,NaN,1457.4640244088812,NaN,0.0,0,NaN,smooth_model_filled
1785,NaN,NaN,1457.4537065031766,NaN,0.0,0,NaN,smooth_model_filled
1786,NaN,NaN,1457.443412384351,NaN,0.0,0,NaN,smooth_model_filled
1787,NaN,NaN,1457.433142047089,NaN,0.0,0,NaN,smooth_model_filled
1788,NaN,NaN,1457.4228954860737,NaN,0.0,0,NaN,smooth_model_filled
1789,NaN,NaN,1457.4126726959894,NaN,0.0,0,NaN,smooth_model_filled
1790,NaN,NaN,1457.4024736715198,NaN,0.0,0,NaN,smooth_model_filled
1791,NaN,NaN,1457.392298407348,NaN,0.0,0,NaN,smooth_model_filled
1792,NaN,NaN,1457.3821468981587,NaN,0.0,0,NaN,smooth_model_filled
1793,NaN,NaN,1457.372019138635,NaN,0.0,0,NaN,smooth_model_filled
1794,NaN,NaN,1457.3619151234611,NaN,0.0,0,NaN,smooth_model_filled
1795,NaN,NaN,1457.3518348473206,NaN,0.0,0,NaN,smooth_model_filled
1796,NaN,NaN,1457.3417783048972,NaN,0.0,0,NaN,smooth_model_filled
1797,NaN,NaN,1457.331745490875,NaN,0.0,0,NaN,smooth_model_filled
1798,NaN,NaN,1457.3217363999377,NaN,0.0,0,NaN,smooth_model_filled
1799,NaN,NaN,1457.3117510267687,NaN,0.0,0,NaN,smooth_model_filled
1800,NaN,NaN,1457.301789366052,NaN,0.0,0,NaN,smooth_model_filled
1801,NaN,NaN,1457.2918514124715,NaN,0.0,0,NaN,smooth_model_filled
1802,NaN,NaN,1457.2819371607106,NaN,0.0,0,NaN,smooth_model_filled
1803,NaN,NaN,1457.2720466054539,NaN,0.0,0,NaN,smooth_model_filled
1804,NaN,NaN,1457.2621797413838,NaN,0.0,0,NaN,smooth_model_filled
1805,NaN,NaN,1457.2523365631857,NaN,0.0,0,NaN,smooth_model_filled
1806,NaN,NaN,1457.2425170655422,NaN,0.0,0,NaN,smooth_model_filled
1807,NaN,NaN,1457.2327212431373,NaN,0.0,0,NaN,smooth_model_filled
1808,NaN,NaN,1457.222949090655,NaN,0.0,0,NaN,smooth_model_filled
1809,NaN,NaN,1457.2132006027791,NaN,0.0,0,NaN,smooth_model_filled
1810,NaN,NaN,1457.2034757741933,NaN,0.0,0,NaN,smooth_model_filled
1811,NaN,NaN,1457.1937745995815,NaN,0.0,0,NaN,smooth_model_filled
1812,NaN,NaN,1457.184097073627,NaN,0.0,0,NaN,smooth_model_filled
1813,NaN,NaN,1457.1744431910142,NaN,0.0,0,NaN,smooth_model_filled
1814,NaN,NaN,1457.1648129464265,NaN,0.0,0,NaN,smooth_model_filled
1815,NaN,NaN,1457.1552063345478,NaN,0.0,0,NaN,smooth_model_filled
1816,1457.5378245413303,NaN,1457.145623350062,0.02306677178259046,1.0,50,1.0,segment_edge_excluded
1817,NaN,NaN,1457.1360639876525,NaN,0.0,0,NaN,smooth_model_filled
1818,NaN,NaN,1457.126528242003,NaN,0.0,0,NaN,smooth_model_filled
1819,NaN,NaN,1457.1170161077976,NaN,0.0,0,NaN,smooth_model_filled
1820,NaN,NaN,1457.1075275797205,NaN,0.0,0,NaN,smooth_model_filled
1821,NaN,NaN,1457.098062652455,NaN,0.0,0,NaN,smooth_model_filled
1822,NaN,NaN,1457.0886213206848,NaN,0.0,0,NaN,smooth_model_filled
1823,NaN,NaN,1457.0792035790937,NaN,0.0,0,NaN,smooth_model_filled
1824,NaN,NaN,1457.0698094223653,NaN,0.0,0,NaN,smooth_model_filled
1825,NaN,NaN,1457.0604388451839,NaN,0.0,0,NaN,smooth_model_filled
1826,NaN,NaN,1457.051091842233,NaN,0.0,0,NaN,smooth_model_filled
1827,NaN,NaN,1457.0417684081967,NaN,0.0,0,NaN,smooth_model_filled
1828,NaN,NaN,1457.0324685377582,NaN,0.0,0,NaN,smooth_model_filled
1829,NaN,NaN,1457.0231922256016,NaN,0.0,0,NaN,smooth_model_filled
1830,NaN,NaN,1457.0139394664102,NaN,0.0,0,NaN,smooth_model_filled
1831,NaN,NaN,1457.0047102548688,NaN,0.0,0,NaN,smooth_model_filled
1832,NaN,NaN,1456.9955045856605,NaN,0.0,0,NaN,smooth_model_filled
1833,NaN,NaN,1456.9863224534693,NaN,0.0,0,NaN,smooth_model_filled
1834,NaN,NaN,1456.9771638529783,NaN,0.0,0,NaN,smooth_model_filled
1835,NaN,NaN,1456.9680287788717,NaN,0.0,0,NaN,smooth_model_filled
1836,NaN,NaN,1456.9589172258336,NaN,0.0,0,NaN,smooth_model_filled
1837,NaN,NaN,1456.949829188548,NaN,0.0,0,NaN,smooth_model_filled
1838,NaN,NaN,1456.9407646616976,NaN,0.0,0,NaN,smooth_model_filled
1839,NaN,NaN,1456.931723639967,NaN,0.0,0,NaN,smooth_model_filled
1840,NaN,NaN,1456.9227061180402,NaN,0.0,0,NaN,smooth_model_filled
1841,NaN,NaN,1456.9137120906003,NaN,0.0,0,NaN,smooth_model_filled
1842,NaN,NaN,1456.9047415523314,NaN,0.0,0,NaN,smooth_model_filled
1843,NaN,NaN,1456.8957944979168,NaN,0.0,0,NaN,smooth_model_filled
1844,NaN,NaN,1456.886870922041,NaN,0.0,0,NaN,smooth_model_filled
1845,NaN,NaN,1456.8779708193874,NaN,0.0,0,NaN,smooth_model_filled
1846,NaN,NaN,1456.8690941846398,NaN,0.0,0,NaN,smooth_model_filled
1847,NaN,NaN,1456.860241012482,NaN,0.0,0,NaN,smooth_model_filled
1848,NaN,NaN,1456.8514112975984,NaN,0.0,0,NaN,smooth_model_filled
1849,NaN,NaN,1456.8426050346716,NaN,0.0,0,NaN,smooth_model_filled
1850,NaN,NaN,1456.833822218386,NaN,0.0,0,NaN,smooth_model_filled
1851,NaN,NaN,1456.8250628434257,NaN,0.0,0,NaN,smooth_model_filled
1852,NaN,NaN,1456.8163269044737,NaN,0.0,0,NaN,smooth_model_filled
1853,NaN,NaN,1456.8076143962144,NaN,0.0,0,NaN,smooth_model_filled
1854,NaN,NaN,1456.7989253133312,NaN,0.0,0,NaN,smooth_model_filled
1855,NaN,NaN,1456.790259650508,NaN,0.0,0,NaN,smooth_model_filled
1856,NaN,NaN,1456.7816174024288,NaN,0.6,30,NaN,smooth_model_filled
1857,NaN,NaN,1456.772998563777,NaN,0.0,0,NaN,smooth_model_filled
1858,NaN,NaN,1456.764403129237,NaN,0.0,0,NaN,smooth_model_filled
1859,NaN,NaN,1456.755831093492,NaN,0.0,0,NaN,smooth_model_filled
1860,NaN,NaN,1456.7472824512256,NaN,0.0,0,NaN,smooth_model_filled
1861,NaN,NaN,1456.7387571971224,NaN,0.0,0,NaN,smooth_model_filled
1862,1456.217233158648,NaN,1456.730255325865,0.010870186572703415,1.0,50,1.0,segment_edge_excluded
1863,1456.3074647784233,NaN,1456.7217768321384,0.008957028217760126,1.0,50,4.0,segment_edge_excluded
1864,1456.4329942017794,NaN,1456.7133217106255,0.036115798805915825,1.0,50,4.0,observed
1865,1456.4707291722298,NaN,1456.7048899560107,0.00905866144880014,1.0,50,2.0,observed
1866,1456.4853585362434,NaN,1456.6964815629774,0.011388910711122717,1.0,50,4.0,observed
1867,1456.4895427972078,NaN,1456.6880965262092,0.011937047504817055,1.0,50,2.0,observed
1868,1456.5077518820763,NaN,1456.6797348403904,0.012289382354250053,1.0,50,3.0,observed
1869,1456.543232768774,NaN,1456.6713965002045,0.01283055399374733,1.0,50,2.0,observed
1870,1456.5045107454062,NaN,1456.6630815003352,0.025474861110983023,1.0,50,2.0,observed
1871,1456.5254514813423,NaN,1456.6547898354665,0.024996050098408787,1.0,50,4.0,observed
1872,1456.5094882845879,NaN,1456.646521500282,0.012357378855340955,1.0,50,4.0,observed
1873,1456.5182078182697,NaN,1456.6382764894656,0.014031308249749635,1.0,50,2.0,observed
1874,1456.4945151209831,NaN,1456.630054797701,0.011491414041548421,1.0,50,2.0,observed
1875,1456.5424140244722,NaN,1456.6218564196718,0.011189891300653664,1.0,50,4.0,observed
1876,1456.5792562514544,NaN,1456.613681350062,0.010790062022777713,1.0,50,3.0,observed
1877,1456.5893835425377,NaN,1456.6055295835554,0.010252813153127514,1.0,50,3.0,observed
1878,1456.5532245486975,NaN,1456.5974011148357,0.00955906559222874,1.0,50,4.0,observed
1879,1456.5190464705229,NaN,1456.5892959385867,0.008871695082611987,1.0,50,2.0,observed
1880,1456.5091637670994,NaN,1456.5812140494922,0.009165345903106978,1.0,50,3.0,observed
1881,1456.5439862310886,NaN,1456.573155442236,0.02399039565348952,1.0,50,4.0,observed
1882,1456.5307014882565,NaN,1456.5651201115015,0.01087833331598016,1.0,50,4.0,observed
1883,1456.5265102088451,NaN,1456.5571080519733,0.01156877641964576,1.0,50,4.0,observed
1884,1456.5432772040367,NaN,1456.5491192583343,0.011609208648164776,1.0,50,1.0,observed
1885,1456.6501220613718,NaN,1456.5411537252685,0.010967029116109157,1.0,50,3.0,observed
1886,1456.6980816274881,NaN,1456.5332114474602,0.011002041418908499,1.0,50,4.0,observed
1887,1456.644230440259,NaN,1456.525292417605,0.011386907574960234,1.0,50,3.0,observed
1888,1456.5757951438427,NaN,1456.5173965091362,0.011849965662917687,1.0,50,2.0,observed
1889,1456.546934992075,NaN,1456.5095234106307,0.011829946192481707,1.0,50,2.0,observed
1890,1456.5655078291893,NaN,1456.5016727947632,0.01077705393281542,1.0,50,4.0,observed
1891,1456.618269085884,NaN,1456.4938443342082,0.009039680601671101,1.0,50,2.0,observed
1892,1456.6786148697138,NaN,1456.4860377016405,0.007501260292436495,1.0,50,2.0,observed
1893,1456.7129697054625,NaN,1456.4782525697353,0.006745049896109849,1.0,50,2.0,observed
1894,1456.674220442772,NaN,1456.470488611167,0.007058552471009786,1.0,50,1.0,observed
1895,1456.5521949529648,NaN,1456.46274549861,0.008750894416820486,1.0,50,3.0,observed
1896,1456.5009867846966,NaN,1456.45502290474,0.021488340716845748,1.0,50,3.0,observed
1897,1456.4991190433502,NaN,1456.447320502231,0.010853284859201706,1.0,50,3.0,observed
1898,1456.5456133186817,NaN,1456.4396379637578,0.00971194416505499,1.0,50,3.0,observed
1899,1456.5618277937174,NaN,1456.4319749619956,0.012646977277826476,1.0,50,3.0,observed
1900,1456.4796559512615,NaN,1456.4243311696189,0.011498087743414116,1.0,50,4.0,observed
1901,1456.429966390133,NaN,1456.4167062593024,0.012161550911157351,1.0,50,3.0,observed
1902,1456.3751608282328,NaN,1456.4090999037214,0.012150645289967423,1.0,50,1.0,observed
1903,1456.3292759805918,NaN,1456.40151177555,0.011484035680323579,1.0,50,3.0,observed
1904,1456.3033531457186,NaN,1456.3939415474629,0.010267576267785508,1.0,50,2.0,observed
1905,1456.2922878861427,NaN,1456.3863888921355,0.009084680738397915,1.0,50,3.0,observed
1906,1456.284312814474,NaN,1456.3788534822422,0.00848772220684591,1.0,50,3.0,observed
1907,1456.2882570177317,NaN,1456.3713349904576,0.00807981171611876,1.0,50,3.0,observed
1908,1456.3109284043312,NaN,1456.363833089457,0.007558950578531357,1.0,50,2.0,observed
1909,1456.3552318811417,NaN,1456.3563474519146,0.00801199673173676,1.0,50,3.0,observed
1910,1456.4321683347225,NaN,1456.3488777505058,0.009786900406528994,1.0,50,3.0,observed
1911,1456.447173923254,NaN,1456.3414236579044,0.012741981840038023,1.0,50,4.0,observed
1912,1456.4501956403255,NaN,1456.3339848467863,0.01049695575217275,1.0,50,1.0,observed
1913,1456.4193908572197,NaN,1456.3265609898253,0.009867210514639768,1.0,50,3.0,observed
1914,1456.376106545329,NaN,1456.3191517596972,0.00898865213148756,1.0,50,2.0,observed
1915,1456.359250754118,NaN,1456.3117568290752,0.009252894871734267,1.0,50,3.0,observed
1916,1456.3098799586296,NaN,1456.3043758706358,0.009082392019444222,1.0,50,1.0,observed
1917,1456.2330499887466,NaN,1456.2970085570525,0.008187496509059014,1.0,50,3.0,observed
1918,1456.1798118427396,NaN,1456.2896545610008,0.007292923713899691,1.0,50,3.0,observed
1919,1456.1887231394649,NaN,1456.2823135551553,0.007355508213696343,1.0,50,3.0,observed
1920,1456.1693358048797,NaN,1456.2749852121904,0.007388981883072551,1.0,50,3.0,observed
1921,1456.1189800798893,NaN,1456.2676692047812,0.00730191512058224,1.0,50,3.0,observed
1922,1456.115216910839,NaN,1456.2603652056027,0.007424629549221616,1.0,50,3.0,observed
1923,1456.1568640768528,NaN,1456.253072887329,0.0073837309134874435,1.0,50,3.0,observed
1924,1456.2297246679664,NaN,1456.2457919226354,0.00774080135575464,1.0,50,3.0,observed
1925,1456.268084436655,NaN,1456.2385219841967,0.008508855122768602,1.0,50,1.0,observed
1926,1456.2192211076617,NaN,1456.2312627446872,0.008903259888284042,1.0,50,3.0,observed
1927,1456.1773985028267,NaN,1456.2240138767822,0.008913266096228573,1.0,50,4.0,observed
1928,1456.175325371325,NaN,1456.216775053156,0.008195512663994054,1.0,50,3.0,observed
1929,1456.1750329509377,NaN,1456.2095459464833,0.0072755382870718695,1.0,50,2.0,observed
1930,1456.157633766532,NaN,1456.2023262294397,0.006357536441771069,1.0,50,3.0,observed
1931,1456.1227989904583,NaN,1456.1951155746997,0.0059100397784482795,1.0,50,3.0,observed
1932,1456.078728940338,NaN,1456.187913654937,0.006548119024247081,1.0,50,2.0,observed
1933,1456.0663315579295,NaN,1456.1807201428273,0.007367436580695557,1.0,50,3.0,observed
1934,1456.094212912023,NaN,1456.1735347110452,0.007695440903336831,1.0,50,3.0,observed
1935,1456.128747701645,NaN,1456.1663570322655,0.007407305689857808,1.0,50,2.0,observed
1936,1456.1615724489093,NaN,1456.1591867791633,0.007043614153175618,1.0,50,2.0,observed
1937,1456.181470990181,NaN,1456.152023624413,0.006657501611982489,1.0,50,3.0,observed
1938,1456.216449290514,NaN,1456.1448672406889,0.0062125315038736965,1.0,50,3.0,observed
1939,1456.2800488173962,NaN,1456.1377173006665,0.006255679547507252,1.0,50,3.0,observed
1940,1456.3396240472794,NaN,1456.1305734770208,0.007127261774122518,1.0,50,2.0,observed
1941,1456.2814524322748,NaN,1456.1234354424253,0.007747471872482714,1.0,50,2.0,observed
1942,1456.1915057897568,NaN,1456.1163028695557,0.00796648942270115,1.0,50,3.0,observed
1943,1456.1292089372873,NaN,1456.1091754310871,0.007924898863914585,1.0,50,3.0,observed
1944,1456.1002537310123,NaN,1456.1020527996934,0.007211003848744391,1.0,50,3.0,observed
1945,1456.132536292076,NaN,1456.0949346480497,0.0067974603269645014,1.0,50,3.0,observed
1946,1456.1861507371068,NaN,1456.087820648831,0.006992393719987429,1.0,50,3.0,observed
1947,1456.1862661838531,NaN,1456.0807104747119,0.007423043607552857,1.0,50,2.0,observed
1948,1456.1862721964717,NaN,1456.073603798367,0.009024658586941646,1.0,50,4.0,observed
1949,1456.1845009326935,NaN,1456.0665002924713,0.010449326916160987,1.0,50,4.0,observed
1950,1456.150933034718,NaN,1456.0593996296993,0.010274460469690726,1.0,50,3.0,observed
1951,1456.1156713217497,NaN,1456.0523014827265,0.00948867446990851,1.0,50,2.0,observed
1952,1456.070732705295,NaN,1456.0452055242267,0.008861468768649702,1.0,50,3.0,observed
1953,1456.0085130436346,NaN,1456.0381114268753,0.008038437333181938,1.0,50,3.0,observed
1954,1455.9681955035776,NaN,1456.0310188633466,0.007177129856008335,1.0,50,3.0,observed
1955,1455.9729051738977,NaN,1456.0239275063157,0.00678862065821838,1.0,50,2.0,observed
1956,1456.0192304542288,NaN,1456.0168370284573,0.007088302531830784,1.0,50,3.0,observed
1957,1456.0811412520707,NaN,1456.0097471024458,0.0074573012732667655,1.0,50,2.0,observed
1958,1456.1178862825036,NaN,1456.0026574009569,0.007664091250159326,1.0,50,3.0,observed
1959,1456.1136407852173,NaN,1455.9955675966646,0.007864889600853197,1.0,50,3.0,observed
1960,1456.0654247701168,NaN,1455.9884773622437,0.0078898544030302,1.0,50,3.0,observed
1961,1455.9939391345251,NaN,1455.981386370369,0.008010514813840547,1.0,50,3.0,observed
1962,1455.945020487532,NaN,1455.9742942937157,0.008292232386651709,1.0,50,3.0,observed
1963,1455.9328008145094,NaN,1455.9672008049583,0.008337149192573286,1.0,50,3.0,observed
1964,1455.9489781036973,NaN,1455.960105576771,0.008042199987344628,1.0,50,2.0,observed
1965,1455.9863694314845,NaN,1455.9530082818296,0.007523816090455637,1.0,50,4.0,observed
1966,1456.0455478392541,NaN,1455.945908592808,0.006753798053747167,1.0,50,3.0,observed
1967,1456.1020753830671,NaN,1455.9388061823818,0.006638971725607559,1.0,50,3.0,observed
1968,1456.1507244855165,NaN,1455.931700723225,0.007937385576040078,1.0,50,3.0,observed
1969,1456.172674022615,NaN,1455.9245918880126,0.009080920975377651,1.0,50,3.0,segment_edge_excluded
1970,1456.0849365741014,NaN,1455.9174793494194,0.008560441364191306,1.0,50,2.0,segment_edge_excluded
1971,NaN,NaN,1455.9103627801207,NaN,0.0,0,NaN,smooth_model_filled
1972,NaN,NaN,1455.90324185279,NaN,0.0,0,NaN,smooth_model_filled
1973,NaN,NaN,1455.8961162401029,NaN,0.0,0,NaN,smooth_model_filled
1974,NaN,NaN,1455.8889856147346,NaN,0.0,0,NaN,smooth_model_filled
1975,NaN,NaN,1455.881849649359,NaN,0.0,0,NaN,smooth_model_filled
1976,NaN,NaN,1455.8747080166515,NaN,0.0,0,NaN,smooth_model_filled
1977,NaN,NaN,1455.867560389286,NaN,0.0,0,NaN,smooth_model_filled
1978,NaN,NaN,1455.8604064399383,NaN,0.0,0,NaN,smooth_model_filled
1979,NaN,NaN,1455.8532458412828,NaN,0.0,0,NaN,smooth_model_filled
1980,NaN,NaN,1455.8460782659943,NaN,0.0,0,NaN,smooth_model_filled
1981,NaN,NaN,1455.838903386747,NaN,0.0,0,NaN,smooth_model_filled
1982,NaN,NaN,1455.831720876216,NaN,0.0,0,NaN,smooth_model_filled
1983,NaN,NaN,1455.8245304070767,NaN,0.0,0,NaN,smooth_model_filled
1984,NaN,NaN,1455.8173316520035,NaN,0.0,0,NaN,smooth_model_filled
1985,NaN,NaN,1455.8101242836701,NaN,0.0,0,NaN,smooth_model_filled
1986,NaN,NaN,1455.802907974753,NaN,0.0,0,NaN,smooth_model_filled
1987,NaN,NaN,1455.7956823979257,NaN,0.0,0,NaN,smooth_model_filled
1988,NaN,NaN,1455.788447225864,NaN,0.0,0,NaN,smooth_model_filled
1989,NaN,NaN,1455.7812021312418,NaN,0.0,0,NaN,smooth_model_filled
1990,NaN,NaN,1455.773946786734,NaN,0.0,0,NaN,smooth_model_filled
1991,NaN,NaN,1455.7666808650156,NaN,0.0,0,NaN,smooth_model_filled
1992,NaN,NaN,1455.7594040387612,NaN,0.0,0,NaN,smooth_model_filled
1993,NaN,NaN,1455.7521159806458,NaN,0.0,0,NaN,smooth_model_filled
1994,NaN,NaN,1455.744816363344,NaN,0.0,0,NaN,smooth_model_filled
1995,NaN,NaN,1455.7375048595304,NaN,0.0,0,NaN,smooth_model_filled
1996,NaN,NaN,1455.7301811418806,NaN,0.0,0,NaN,smooth_model_filled
1997,NaN,NaN,1455.722844883068,NaN,0.0,0,NaN,smooth_model_filled
1998,NaN,NaN,1455.7154957557682,NaN,0.0,0,NaN,smooth_model_filled
1999,NaN,NaN,1455.7081334326563,NaN,0.0,0,NaN,smooth_model_filled
2000,NaN,NaN,1455.700757586406,NaN,0.0,0,NaN,smooth_model_filled
2001,NaN,NaN,1455.6933678896933,NaN,0.0,0,NaN,smooth_model_filled
2002,NaN,NaN,1455.685964015192,NaN,0.0,0,NaN,smooth_model_filled
2003,NaN,NaN,1455.6785456355772,NaN,0.0,0,NaN,smooth_model_filled
2004,NaN,NaN,1455.671112423524,NaN,0.0,0,NaN,smooth_model_filled
2005,NaN,NaN,1455.6636640517065,NaN,0.0,0,NaN,smooth_model_filled
2006,NaN,NaN,1455.6562001928,NaN,0.0,0,NaN,smooth_model_filled
2007,NaN,NaN,1455.6487205194792,NaN,0.0,0,NaN,smooth_model_filled
2008,NaN,NaN,1455.6412247044186,NaN,0.0,0,NaN,smooth_model_filled
2009,NaN,NaN,1455.633712420293,NaN,0.0,0,NaN,smooth_model_filled
2010,NaN,NaN,1455.6261833397775,NaN,0.0,0,NaN,smooth_model_filled
2011,NaN,NaN,1455.6186371355468,NaN,0.0,0,NaN,smooth_model_filled
2012,NaN,NaN,1455.6110734802753,NaN,0.0,0,NaN,smooth_model_filled
2013,NaN,NaN,1455.6034920466382,NaN,0.0,0,NaN,smooth_model_filled
2014,NaN,NaN,1455.5958925073096,NaN,0.0,0,NaN,smooth_model_filled
2015,NaN,NaN,1455.588274536063,NaN,0.0,0,NaN,smooth_model_filled
2016,NaN,NaN,1455.5806378194343,NaN,0.0,0,NaN,smooth_model_filled
2017,NaN,NaN,1455.5729820521942,NaN,0.0,0,NaN,smooth_model_filled
2018,NaN,NaN,1455.5653069292518,NaN,0.0,0,NaN,smooth_model_filled
2019,NaN,NaN,1455.557612145514,NaN,0.0,0,NaN,smooth_model_filled
2020,NaN,NaN,1455.5498973958897,NaN,0.0,0,NaN,smooth_model_filled
2021,NaN,NaN,1455.542162375287,NaN,0.0,0,NaN,smooth_model_filled
2022,NaN,NaN,1455.5344067786136,NaN,0.0,0,NaN,smooth_model_filled
2023,NaN,NaN,1455.5266303007782,NaN,0.0,0,NaN,smooth_model_filled
2024,NaN,NaN,1455.5188326366888,NaN,0.0,0,NaN,smooth_model_filled
2025,NaN,NaN,1455.511013481253,NaN,0.0,0,NaN,smooth_model_filled
2026,NaN,NaN,1455.5031725293795,NaN,0.0,0,NaN,smooth_model_filled
2027,NaN,NaN,1455.4953094759765,NaN,0.0,0,NaN,smooth_model_filled
2028,NaN,NaN,1455.4874240159518,NaN,0.0,0,NaN,smooth_model_filled
2029,NaN,NaN,1455.4795158442137,NaN,0.0,0,NaN,smooth_model_filled
2030,NaN,NaN,1455.47158465567,NaN,0.0,0,NaN,smooth_model_filled
2031,NaN,NaN,1455.4636301452297,NaN,0.0,0,NaN,smooth_model_filled
2032,NaN,NaN,1455.4556520078004,NaN,0.0,0,NaN,smooth_model_filled
2033,NaN,NaN,1455.4476499382897,NaN,0.0,0,NaN,smooth_model_filled
2034,NaN,NaN,1455.4396236316065,NaN,0.0,0,NaN,smooth_model_filled
2035,NaN,NaN,1455.4315727826595,NaN,0.0,0,NaN,smooth_model_filled
2036,NaN,NaN,1455.4234970863552,NaN,0.0,0,NaN,smooth_model_filled
2037,NaN,NaN,1455.415396237603,NaN,0.0,0,NaN,smooth_model_filled
2038,NaN,NaN,1455.4072699313103,NaN,0.0,0,NaN,smooth_model_filled
2039,NaN,NaN,1455.3991178623864,NaN,0.0,0,NaN,smooth_model_filled
2040,NaN,NaN,1455.390939725738,NaN,0.0,0,NaN,smooth_model_filled
2041,NaN,NaN,1455.3827352162739,NaN,0.0,0,NaN,smooth_model_filled
2042,NaN,NaN,1455.374504028902,NaN,0.0,0,NaN,smooth_model_filled
2043,NaN,NaN,1455.3662458585316,NaN,0.0,0,NaN,smooth_model_filled
2044,NaN,NaN,1455.3579604000693,NaN,0.0,0,NaN,smooth_model_filled
2045,NaN,NaN,1455.3496473484238,NaN,0.0,0,NaN,smooth_model_filled
2046,NaN,NaN,1455.3413063985035,NaN,0.0,0,NaN,smooth_model_filled
2047,NaN,NaN,1455.3329372452163,NaN,0.0,0,NaN,smooth_model_filled
2048,NaN,NaN,1455.3245395834704,NaN,0.0,0,NaN,smooth_model_filled
2049,NaN,NaN,1455.3161131081738,NaN,0.0,0,NaN,smooth_model_filled
2050,NaN,NaN,1455.3076575142352,NaN,0.0,0,NaN,smooth_model_filled
2051,NaN,NaN,1455.2991724965618,NaN,0.0,0,NaN,smooth_model_filled
2052,NaN,NaN,1455.2906577500623,NaN,0.0,0,NaN,smooth_model_filled
2053,NaN,NaN,1455.2821129696447,NaN,0.0,0,NaN,smooth_model_filled
2054,NaN,NaN,1455.2735378502177,NaN,0.0,0,NaN,smooth_model_filled
2055,NaN,NaN,1455.2649320866885,NaN,0.0,0,NaN,smooth_model_filled
2056,NaN,NaN,1455.2562953739664,NaN,0.0,0,NaN,smooth_model_filled
2057,NaN,NaN,1455.2476274069581,NaN,0.0,0,NaN,smooth_model_filled
2058,NaN,NaN,1455.2389278805729,NaN,0.0,0,NaN,smooth_model_filled
2059,NaN,NaN,1455.2301964897183,NaN,0.0,0,NaN,smooth_model_filled
2060,NaN,NaN,1455.2214329293029,NaN,0.0,0,NaN,smooth_model_filled
2061,NaN,NaN,1455.212636894235,NaN,0.0,0,NaN,smooth_model_filled
2062,NaN,NaN,1455.2038080794218,NaN,0.0,0,NaN,smooth_model_filled
2063,NaN,NaN,1455.1949461797717,NaN,0.0,0,NaN,smooth_model_filled
2064,NaN,NaN,1455.186050890194,NaN,0.0,0,NaN,smooth_model_filled
2065,NaN,NaN,1455.177121905596,NaN,0.0,0,NaN,smooth_model_filled
2066,NaN,NaN,1455.1681589208854,NaN,0.0,0,NaN,smooth_model_filled
2067,NaN,NaN,1455.1591616309709,NaN,0.0,0,NaN,smooth_model_filled
2068,NaN,NaN,1455.15012973076,NaN,0.0,0,NaN,smooth_model_filled
2069,NaN,NaN,1455.1410629151621,NaN,0.0,0,NaN,smooth_model_filled
2070,NaN,NaN,1455.1319608790845,NaN,0.0,0,NaN,smooth_model_filled
2071,NaN,NaN,1455.1228233174354,NaN,0.0,0,NaN,smooth_model_filled
2072,NaN,NaN,1455.113649925123,NaN,0.0,0,NaN,smooth_model_filled
2073,NaN,NaN,1455.104440397055,NaN,0.0,0,NaN,smooth_model_filled
2074,NaN,NaN,1455.0951944281403,NaN,0.0,0,NaN,smooth_model_filled
2075,NaN,NaN,1455.0859117132868,NaN,0.0,0,NaN,smooth_model_filled
2076,NaN,NaN,1455.0765919474027,NaN,0.0,0,NaN,smooth_model_filled
2077,NaN,NaN,1455.0672348253954,NaN,0.0,0,NaN,smooth_model_filled
2078,NaN,NaN,1455.0578400421743,NaN,0.0,0,NaN,smooth_model_filled
2079,NaN,NaN,1455.048407292647,NaN,0.0,0,NaN,smooth_model_filled
2080,1454.9467866308987,NaN,1455.038936271721,0.007477710527676455,1.0,50,4.0,segment_edge_excluded
2081,1455.0095674842596,NaN,1455.0294266743051,0.007183201885222181,1.0,50,3.0,segment_edge_excluded
2082,1455.0871758125722,NaN,1455.0198781953072,0.007232427046289779,1.0,50,3.0,observed
2083,1455.1274964883924,NaN,1455.010290529636,0.007413286944115195,1.0,50,2.0,observed
2084,1455.1022415682673,NaN,1455.0006633721987,0.007180137558362783,1.0,50,2.0,observed
2085,1455.0035147482995,NaN,1454.9909964179042,0.006789860586744534,1.0,50,3.0,observed
2086,1454.9489176645875,NaN,1454.9812893616606,0.006893689105837468,1.0,50,3.0,observed
2087,1454.9850498498417,NaN,1454.9715418983756,0.0074499921001348795,1.0,50,1.0,observed
2088,1455.04560543783,NaN,1454.9617537229574,0.00827964521518683,1.0,50,2.0,observed
2089,1455.0696599408984,NaN,1454.951924530314,0.008739036744999717,1.0,50,2.0,observed
2090,1455.048279473558,NaN,1454.9420540153546,0.008697935657695338,1.0,50,3.0,observed
2091,1454.9970909521217,NaN,1454.9321418729862,0.008473151537588293,1.0,50,3.0,observed
2092,1454.9284046553075,NaN,1454.9221877981176,0.00816493972351331,1.0,50,3.0,observed
2093,1454.859814338386,NaN,1454.9121914856564,0.00767386518874495,1.0,50,3.0,observed
2094,1454.8057844862342,NaN,1454.902152630511,0.00702995366607567,1.0,50,2.0,observed
2095,1454.766677454114,NaN,1454.8920709275897,0.006899214592876794,1.0,50,2.0,observed
2096,1454.7336083501577,NaN,1454.8819460718007,0.007398503191231586,1.0,50,2.0,observed
2097,1454.7295432537794,NaN,1454.8717777580514,0.007830765832140256,1.0,50,2.0,observed
2098,1454.7433268129826,NaN,1454.861565681251,0.008457276321315713,1.0,50,2.0,observed
2099,1454.7164990901947,NaN,1454.8513095363069,0.009838898616828356,1.0,50,3.0,observed
2100,1454.6491018235683,NaN,1454.8410090181276,0.011911973832480292,1.0,50,4.0,observed
2101,1454.5950415283442,NaN,1454.8306638216206,0.013757480117193355,1.0,50,3.0,observed
2102,1454.6013451516628,NaN,1454.8202736416952,0.013558642277037819,1.0,50,3.0,observed
2103,1454.6550814658403,NaN,1454.8098381732586,0.01177872678036636,1.0,50,4.0,observed
2104,1454.7149467170238,NaN,1454.7993571112197,0.010481969527833963,1.0,50,3.0,observed
2105,1454.7353152483702,NaN,1454.7888301504854,0.01013245397265374,1.0,50,4.0,observed
2106,1454.7137618660927,NaN,1454.778256985965,0.009454142735055742,1.0,50,4.0,observed
2107,1454.6529734283686,NaN,1454.7676373125664,0.008697685362919802,1.0,50,1.0,observed
2108,1454.5709897726774,NaN,1454.7569708251974,0.008965345900724763,1.0,50,3.0,observed
2109,1454.601140677929,NaN,1454.7462572187665,0.008474741049583963,1.0,50,3.0,observed
2110,1454.6854075938463,NaN,1454.7354961881815,0.007947159998579062,1.0,50,3.0,observed
2111,1454.7569554001093,NaN,1454.724687428351,0.008047472072527404,1.0,50,3.0,observed
2112,1454.8171419352293,NaN,1454.7138306341826,0.00779388867893522,1.0,50,2.0,observed
2113,1454.862049639225,NaN,1454.7029255005848,0.007548372415864432,1.0,50,3.0,observed
2114,1454.8575915545225,NaN,1454.6919717224657,0.007891083240425574,1.0,50,3.0,observed
2115,1454.7785236984491,NaN,1454.6809689947336,0.008326039892733233,1.0,50,4.0,observed
2116,1454.6916994452477,NaN,1454.6699170122959,0.008559035289747238,1.0,50,2.0,observed
2117,1454.6451320797205,NaN,1454.6588154700617,0.008360636696925437,1.0,50,2.0,observed
2118,1454.6332794129848,NaN,1454.6476640629387,0.008038275077369482,1.0,50,2.0,observed
2119,1454.606264039874,NaN,1454.6364624858347,0.008267908381597956,1.0,50,3.0,observed
2120,1454.5506578832865,NaN,1454.6252104336586,0.008582717582926978,1.0,50,3.0,observed
2121,1454.5125835686922,NaN,1454.6139076013185,0.008552460721468421,1.0,50,2.0,observed
2122,1454.5288137495518,NaN,1454.6025536837215,0.00887430081555175,1.0,50,2.0,observed
2123,1454.5967765003443,NaN,1454.5911483757764,0.009202361204576662,1.0,50,4.0,observed
2124,1454.67193287611,NaN,1454.5796913723918,0.008627747726998976,1.0,50,4.0,observed
2125,1454.7242799252272,NaN,1454.5681823684754,0.007520039318918973,1.0,50,2.0,observed
2126,1454.7435584664345,NaN,1454.5566210589352,0.006987362919780383,1.0,50,4.0,observed
2127,1454.7195100039244,NaN,1454.5450071386795,0.00738514352275507,1.0,50,2.0,observed
2128,1454.6524154394865,NaN,1454.5333403026166,0.007921211985537878,1.0,50,4.0,observed
2129,1454.5697411894798,NaN,1454.5216202456545,0.008218295124928408,1.0,50,3.0,observed
2130,1454.4856078326702,NaN,1454.5098466627012,0.020273887400375393,1.0,50,2.0,observed
2131,1454.4381483793259,NaN,1454.4980192486648,0.007454636130136614,1.0,50,2.0,observed
2132,1454.3232467025518,NaN,1454.4861376984538,0.007483302359158762,1.0,50,3.0,observed
2133,1454.2901837229729,NaN,1454.4742017069764,0.007919888134806922,1.0,50,2.0,observed
2134,1454.345305249095,NaN,1454.46221096914,0.008550759589761805,1.0,50,3.0,observed
2135,1454.4337776750326,NaN,1454.4501651798535,0.009297749524823895,1.0,50,2.0,observed
2136,1454.5170097351074,NaN,1454.4380640340246,0.009606129101126166,1.0,50,2.0,observed
2137,1454.5237917155027,NaN,1454.4259072265622,0.008196529509847296,1.0,50,4.0,observed
2138,1454.593516111374,NaN,1454.4136944523732,0.00659024350078744,1.0,50,2.0,observed
2139,1454.6162871569395,NaN,1454.4014254063666,0.006110220328849555,1.0,50,1.0,observed
2140,1454.58208180964,NaN,1454.3890997834508,0.006440983033417039,1.0,50,3.0,observed
2141,1454.5239030867815,NaN,1454.3767172785329,0.007092171001628899,1.0,50,3.0,segment_edge_excluded
2142,1454.4704619944096,NaN,1454.3642775865217,0.008112332261480438,1.0,50,3.0,segment_edge_excluded
2143,NaN,NaN,NaN,NaN,1.0,50,NaN,outside_reference_surface
2144,NaN,NaN,NaN,NaN,1.0,50,NaN,outside_reference_surface
2145,NaN,NaN,NaN,NaN,1.0,50,NaN,outside_reference_surface
2146,NaN,NaN,NaN,NaN,1.0,50,NaN,outside_reference_surface
2147,NaN,NaN,NaN,NaN,1.0,50,NaN,outside_reference_surface
2148,NaN,NaN,NaN,NaN,1.0,50,NaN,outside_reference_surface
2149,NaN,NaN,NaN,NaN,1.0,50,NaN,outside_reference_surface
2150,NaN,NaN,NaN,NaN,1.0,50,NaN,outside_reference_surface
2151,NaN,NaN,NaN,NaN,1.0,50,NaN,outside_reference_surface
2152,NaN,NaN,NaN,NaN,1.0,50,NaN,outside_reference_surface
2153,NaN,NaN,NaN,NaN,1.0,50,NaN,outside_reference_surface
2154,NaN,NaN,NaN,NaN,1.0,50,NaN,outside_reference_surface
2155,NaN,NaN,NaN,NaN,1.0,50,NaN,outside_reference_surface
2156,NaN,NaN,NaN,NaN,1.0,50,NaN,outside_reference_surface
2157,NaN,NaN,NaN,NaN,1.0,50,NaN,outside_reference_surface
2158,NaN,NaN,NaN,NaN,1.0,50,NaN,outside_reference_surface
2159,NaN,NaN,NaN,NaN,1.0,50,NaN,outside_reference_surface
2160,NaN,NaN,NaN,NaN,1.0,50,NaN,outside_reference_surface
2161,NaN,NaN,NaN,NaN,1.0,50,NaN,outside_reference_surface
2162,NaN,NaN,NaN,NaN,1.0,50,NaN,outside_reference_surface
2163,NaN,NaN,NaN,NaN,1.0,50,NaN,outside_reference_surface
2164,NaN,NaN,NaN,NaN,1.0,50,NaN,outside_reference_surface
2165,NaN,NaN,NaN,NaN,1.0,50,NaN,outside_reference_surface
2166,NaN,NaN,NaN,NaN,1.0,50,NaN,outside_reference_surface
2167,NaN,NaN,NaN,NaN,1.0,50,NaN,outside_reference_surface
2168,NaN,NaN,NaN,NaN,1.0,50,NaN,outside_reference_surface
2169,NaN,NaN,NaN,NaN,1.0,50,NaN,outside_reference_surface
2170,NaN,NaN,NaN,NaN,1.0,50,NaN,outside_reference_surface
2171,NaN,NaN,NaN,NaN,1.0,50,NaN,outside_reference_surface
2172,NaN,NaN,NaN,NaN,1.0,50,NaN,outside_reference_surface
2173,NaN,NaN,NaN,NaN,1.0,50,NaN,outside_reference_surface
2174,NaN,NaN,NaN,NaN,1.0,50,NaN,outside_reference_surface
2175,NaN,NaN,NaN,NaN,1.0,50,NaN,outside_reference_surface
2176,NaN,NaN,NaN,NaN,1.0,50,NaN,outside_reference_surface
2177,NaN,NaN,NaN,NaN,1.0,50,NaN,outside_reference_surface
2178,NaN,NaN,NaN,NaN,1.0,50,NaN,outside_reference_surface
2179,NaN,NaN,NaN,NaN,1.0,50,NaN,outside_reference_surface
2180,NaN,NaN,NaN,NaN,1.0,50,NaN,outside_reference_surface
2181,NaN,NaN,NaN,NaN,1.0,50,NaN,outside_reference_surface
2182,NaN,NaN,NaN,NaN,1.0,50,NaN,outside_reference_surface
2183,NaN,NaN,NaN,NaN,1.0,50,NaN,outside_reference_surface
2184,NaN,NaN,NaN,NaN,1.0,50,NaN,outside_reference_surface
2185,NaN,NaN,NaN,NaN,1.0,50,NaN,outside_reference_surface
2186,NaN,NaN,NaN,NaN,1.0,50,NaN,outside_reference_surface
2187,NaN,NaN,NaN,NaN,1.0,50,NaN,outside_reference_surface
2188,NaN,NaN,NaN,NaN,1.0,50,NaN,outside_reference_surface
2189,NaN,NaN,NaN,NaN,1.0,50,NaN,outside_reference_surface
2190,NaN,NaN,NaN,NaN,1.0,50,NaN,outside_reference_surface
2191,NaN,NaN,NaN,NaN,1.0,50,NaN,outside_reference_surface
2192,NaN,NaN,NaN,NaN,1.0,50,NaN,outside_reference_surface
2193,NaN,NaN,NaN,NaN,1.0,50,NaN,outside_reference_surface
2194,NaN,NaN,NaN,NaN,1.0,50,NaN,outside_reference_surface
2195,NaN,NaN,NaN,NaN,1.0,50,NaN,outside_reference_surface
2196,NaN,NaN,NaN,NaN,1.0,50,NaN,outside_reference_surface
2197,NaN,NaN,NaN,NaN,1.0,50,NaN,outside_reference_surface
2198,NaN,NaN,NaN,NaN,1.0,50,NaN,outside_reference_surface
2199,NaN,NaN,NaN,NaN,1.0,50,NaN,outside_reference_surface
2200,NaN,NaN,NaN,NaN,1.0,50,NaN,outside_reference_surface
2201,NaN,NaN,NaN,NaN,1.0,50,NaN,outside_reference_surface
2202,NaN,NaN,NaN,NaN,1.0,50,NaN,outside_reference_surface
2203,NaN,NaN,NaN,NaN,1.0,50,NaN,outside_reference_surface
2204,NaN,NaN,NaN,NaN,1.0,50,NaN,outside_reference_surface
2205,NaN,NaN,NaN,NaN,1.0,50,NaN,outside_reference_surface
2206,NaN,NaN,NaN,NaN,1.0,50,NaN,outside_reference_surface
2207,NaN,NaN,NaN,NaN,1.0,50,NaN,outside_reference_surface
2208,NaN,NaN,NaN,NaN,1.0,50,NaN,outside_reference_surface
2209,NaN,NaN,NaN,NaN,1.0,50,NaN,outside_reference_surface
2210,NaN,NaN,NaN,NaN,1.0,50,NaN,outside_reference_surface
2211,NaN,NaN,NaN,NaN,1.0,50,NaN,outside_reference_surface
2212,NaN,NaN,NaN,NaN,1.0,50,NaN,outside_reference_surface
2213,NaN,NaN,NaN,NaN,1.0,50,NaN,outside_reference_surface
2214,NaN,NaN,NaN,NaN,1.0,50,NaN,outside_reference_surface
2215,NaN,NaN,NaN,NaN,1.0,50,NaN,outside_reference_surface
2216,NaN,NaN,NaN,NaN,1.0,50,NaN,outside_reference_surface
2217,NaN,NaN,NaN,NaN,1.0,50,NaN,outside_reference_surface
2218,NaN,NaN,NaN,NaN,1.0,50,NaN,outside_reference_surface
2219,NaN,NaN,NaN,NaN,1.0,50,NaN,outside_reference_surface
2220,NaN,NaN,NaN,NaN,1.0,50,NaN,outside_reference_surface
2221,NaN,NaN,NaN,NaN,1.0,50,NaN,outside_reference_surface
2222,NaN,NaN,NaN,NaN,1.0,50,NaN,outside_reference_surface
2223,NaN,NaN,NaN,NaN,1.0,50,NaN,outside_reference_surface
2224,NaN,NaN,NaN,NaN,1.0,50,NaN,outside_reference_surface
2225,NaN,NaN,NaN,NaN,1.0,50,NaN,outside_reference_surface
2226,NaN,NaN,NaN,NaN,1.0,50,NaN,outside_reference_surface
2227,NaN,NaN,NaN,NaN,1.0,50,NaN,outside_reference_surface
2228,NaN,NaN,NaN,NaN,1.0,50,NaN,outside_reference_surface
2229,NaN,NaN,NaN,NaN,1.0,50,NaN,outside_reference_surface
2230,NaN,NaN,NaN,NaN,1.0,50,NaN,outside_reference_surface
2231,NaN,NaN,NaN,NaN,1.0,50,NaN,outside_reference_surface
2232,NaN,NaN,NaN,NaN,1.0,50,NaN,outside_reference_surface
2233,NaN,NaN,NaN,NaN,1.0,50,NaN,outside_reference_surface
2234,NaN,NaN,NaN,NaN,1.0,50,NaN,outside_reference_surface
2235,NaN,NaN,NaN,NaN,1.0,50,NaN,outside_reference_surface
2236,NaN,NaN,NaN,NaN,1.0,50,NaN,outside_reference_surface
2237,NaN,NaN,NaN,NaN,1.0,50,NaN,outside_reference_surface
2238,NaN,NaN,NaN,NaN,1.0,50,NaN,outside_reference_surface
2239,NaN,NaN,NaN,NaN,1.0,50,NaN,outside_reference_surface
2240,NaN,NaN,NaN,NaN,1.0,50,NaN,outside_reference_surface
2241,NaN,NaN,NaN,NaN,1.0,50,NaN,outside_reference_surface
2242,NaN,NaN,NaN,NaN,1.0,50,NaN,outside_reference_surface
2243,NaN,NaN,NaN,NaN,1.0,50,NaN,outside_reference_surface
2244,NaN,NaN,NaN,NaN,1.0,50,NaN,outside_reference_surface
2245,NaN,NaN,NaN,NaN,1.0,50,NaN,outside_reference_surface
2246,NaN,NaN,NaN,NaN,1.0,50,NaN,outside_reference_surface
2247,NaN,NaN,NaN,NaN,1.0,50,NaN,outside_reference_surface
2248,NaN,NaN,NaN,NaN,1.0,50,NaN,outside_reference_surface
2249,NaN,NaN,NaN,NaN,1.0,50,NaN,outside_reference_surface
2250,NaN,NaN,NaN,NaN,1.0,50,NaN,outside_reference_surface
2251,NaN,NaN,NaN,NaN,1.0,50,NaN,outside_reference_surface
2252,NaN,NaN,NaN,NaN,1.0,50,NaN,outside_reference_surface
2253,NaN,NaN,NaN,NaN,1.0,50,NaN,outside_reference_surface
2254,NaN,NaN,NaN,NaN,1.0,50,NaN,outside_reference_surface
2255,NaN,NaN,NaN,NaN,1.0,50,NaN,outside_reference_surface
2256,NaN,NaN,NaN,NaN,1.0,50,NaN,outside_reference_surface
2257,NaN,NaN,NaN,NaN,1.0,50,NaN,outside_reference_surface
2258,NaN,NaN,NaN,NaN,1.0,50,NaN,outside_reference_surface
2259,NaN,NaN,NaN,NaN,1.0,50,NaN,outside_reference_surface
2260,NaN,NaN,NaN,NaN,1.0,50,NaN,outside_reference_surface
2261,NaN,NaN,NaN,NaN,1.0,50,NaN,outside_reference_surface
2262,NaN,NaN,NaN,NaN,1.0,50,NaN,outside_reference_surface
2263,NaN,NaN,NaN,NaN,1.0,50,NaN,outside_reference_surface
2264,NaN,NaN,NaN,NaN,1.0,50,NaN,outside_reference_surface
2265,NaN,NaN,NaN,NaN,1.0,50,NaN,outside_reference_surface
2266,NaN,NaN,NaN,NaN,1.0,50,NaN,outside_reference_surface
2267,NaN,NaN,NaN,NaN,1.0,50,NaN,outside_reference_surface
2268,NaN,NaN,NaN,NaN,1.0,50,NaN,outside_reference_surface
2269,NaN,NaN,NaN,NaN,1.0,50,NaN,outside_reference_surface
2270,NaN,NaN,NaN,NaN,1.0,50,NaN,outside_reference_surface
2271,NaN,NaN,NaN,NaN,1.0,50,NaN,outside_reference_surface
2272,NaN,NaN,NaN,NaN,1.0,50,NaN,outside_reference_surface
2273,NaN,NaN,NaN,NaN,1.0,50,NaN,outside_reference_surface
2274,NaN,NaN,NaN,NaN,0.0,0,NaN,outside_reference_surface
2275,NaN,NaN,NaN,NaN,1.0,50,NaN,outside_reference_surface
2276,NaN,NaN,NaN,NaN,0.72,36,NaN,outside_reference_surface
2277,NaN,NaN,NaN,NaN,1.0,50,NaN,outside_reference_surface
2278,NaN,NaN,NaN,NaN,1.0,50,NaN,outside_reference_surface
2279,NaN,NaN,NaN,NaN,1.0,50,NaN,outside_reference_surface
2280,NaN,NaN,NaN,NaN,1.0,50,NaN,outside_reference_surface
2281,NaN,NaN,NaN,NaN,1.0,50,NaN,outside_reference_surface
2282,NaN,NaN,NaN,NaN,1.0,50,NaN,outside_reference_surface
2283,NaN,NaN,NaN,NaN,1.0,50,NaN,outside_reference_surface
2284,NaN,NaN,NaN,NaN,1.0,50,NaN,outside_reference_surface
2285,NaN,NaN,NaN,NaN,1.0,50,NaN,outside_reference_surface
2286,NaN,NaN,NaN,NaN,1.0,50,NaN,outside_reference_surface
2287,NaN,NaN,NaN,NaN,1.0,50,NaN,outside_reference_surface
2288,NaN,NaN,NaN,NaN,0.0,0,NaN,outside_reference_surface
2289,NaN,NaN,NaN,NaN,0.0,0,NaN,outside_reference_surface
2290,NaN,NaN,NaN,NaN,0.0,0,NaN,outside_reference_surface
2291,NaN,NaN,NaN,NaN,1.0,50,NaN,outside_reference_surface
2292,NaN,NaN,NaN,NaN,1.0,50,NaN,outside_reference_surface
2293,NaN,NaN,NaN,NaN,1.0,50,NaN,outside_reference_surface
2294,NaN,NaN,NaN,NaN,1.0,50,NaN,outside_reference_surface
2295,NaN,NaN,NaN,NaN,1.0,50,NaN,outside_reference_surface
2296,NaN,NaN,NaN,NaN,1.0,50,NaN,outside_reference_surface
2297,NaN,NaN,NaN,NaN,1.0,50,NaN,outside_reference_surface
2298,NaN,NaN,NaN,NaN,1.0,50,NaN,outside_reference_surface
2299,NaN,NaN,NaN,NaN,1.0,50,NaN,outside_reference_surface
2300,NaN,NaN,NaN,NaN,1.0,50,NaN,outside_reference_surface
2301,NaN,NaN,NaN,NaN,1.0,50,NaN,outside_reference_surface
2302,NaN,NaN,NaN,NaN,1.0,50,NaN,outside_reference_surface
2303,NaN,NaN,NaN,NaN,0.68,34,NaN,outside_reference_surface
2304,NaN,NaN,NaN,NaN,0.18,9,NaN,outside_reference_surface
2305,NaN,NaN,NaN,NaN,0.0,0,NaN,outside_reference_surface
2306,NaN,NaN,NaN,NaN,1.0,50,NaN,outside_reference_surface
2307,NaN,NaN,NaN,NaN,1.0,50,NaN,outside_reference_surface
2308,NaN,NaN,NaN,NaN,1.0,50,NaN,outside_reference_surface
2309,NaN,NaN,NaN,NaN,1.0,50,NaN,outside_reference_surface
2310,NaN,NaN,NaN,NaN,1.0,50,NaN,outside_reference_surface
2311,NaN,NaN,NaN,NaN,1.0,50,NaN,outside_reference_surface
2312,NaN,NaN,NaN,NaN,1.0,50,NaN,outside_reference_surface
2313,NaN,NaN,NaN,NaN,1.0,50,NaN,outside_reference_surface
2314,NaN,NaN,NaN,NaN,1.0,50,NaN,outside_reference_surface
2315,NaN,NaN,NaN,NaN,1.0,50,NaN,outside_reference_surface
2316,NaN,NaN,NaN,NaN,1.0,50,NaN,outside_reference_surface
2317,NaN,NaN,NaN,NaN,1.0,50,NaN,outside_reference_surface
2318,NaN,NaN,NaN,NaN,1.0,50,NaN,outside_reference_surface
2319,NaN,NaN,NaN,NaN,1.0,50,NaN,outside_reference_surface
2320,NaN,NaN,NaN,NaN,1.0,50,NaN,outside_reference_surface
2321,NaN,NaN,NaN,NaN,1.0,50,NaN,outside_reference_surface
2322,NaN,NaN,NaN,NaN,1.0,50,NaN,outside_reference_surface
2323,NaN,NaN,NaN,NaN,1.0,50,NaN,outside_reference_surface
2324,NaN,NaN,NaN,NaN,1.0,50,NaN,outside_reference_surface
2325,NaN,NaN,NaN,NaN,1.0,50,NaN,outside_reference_surface
2326,NaN,NaN,NaN,NaN,1.0,50,NaN,outside_reference_surface
2327,NaN,NaN,NaN,NaN,0.0,0,NaN,outside_reference_surface
2328,NaN,NaN,NaN,NaN,0.0,0,NaN,outside_reference_surface
2329,NaN,NaN,NaN,NaN,0.0,0,NaN,outside_reference_surface
2330,NaN,NaN,NaN,NaN,0.0,0,NaN,outside_reference_surface
2331,NaN,NaN,NaN,NaN,0.0,0,NaN,outside_reference_surface
2332,NaN,NaN,NaN,NaN,0.0,0,NaN,outside_reference_surface
2333,NaN,NaN,NaN,NaN,0.0,0,NaN,outside_reference_surface
2334,NaN,NaN,NaN,NaN,0.0,0,NaN,outside_reference_surface
2335,NaN,NaN,NaN,NaN,0.0,0,NaN,outside_reference_surface
2336,NaN,NaN,NaN,NaN,0.0,0,NaN,outside_reference_surface
2337,NaN,NaN,NaN,NaN,0.0,0,NaN,outside_reference_surface
2338,NaN,NaN,NaN,NaN,0.0,0,NaN,outside_reference_surface
2339,NaN,NaN,NaN,NaN,0.0,0,NaN,outside_reference_surface
2340,NaN,NaN,NaN,NaN,0.0,0,NaN,outside_reference_surface
2341,NaN,NaN,NaN,NaN,0.0,0,NaN,outside_reference_surface
2342,NaN,NaN,NaN,NaN,0.0,0,NaN,outside_reference_surface
2343,NaN,NaN,NaN,NaN,0.0,0,NaN,outside_reference_surface
2344,NaN,NaN,NaN,NaN,0.0,0,NaN,outside_reference_surface
2345,NaN,NaN,NaN,NaN,0.0,0,NaN,outside_reference_surface
2346,NaN,NaN,NaN,NaN,0.0,0,NaN,outside_reference_surface
2347,NaN,NaN,NaN,NaN,0.0,0,NaN,outside_reference_surface
2348,NaN,NaN,NaN,NaN,0.0,0,NaN,outside_reference_surface
2349,NaN,NaN,NaN,NaN,0.0,0,NaN,outside_reference_surface
2350,NaN,NaN,NaN,NaN,0.0,0,NaN,outside_reference_surface
2351,NaN,NaN,NaN,NaN,0.0,0,NaN,outside_reference_surface
2352,NaN,NaN,NaN,NaN,0.0,0,NaN,outside_reference_surface
2353,NaN,NaN,NaN,NaN,0.0,0,NaN,outside_reference_surface
2354,NaN,NaN,NaN,NaN,0.0,0,NaN,outside_reference_surface
2355,NaN,NaN,NaN,NaN,0.0,0,NaN,outside_reference_surface
2356,NaN,NaN,NaN,NaN,0.0,0,NaN,outside_reference_surface
2357,NaN,NaN,NaN,NaN,0.0,0,NaN,outside_reference_surface
2358,NaN,NaN,NaN,NaN,0.0,0,NaN,outside_reference_surface
2359,NaN,NaN,NaN,NaN,0.0,0,NaN,outside_reference_surface
2360,NaN,NaN,NaN,NaN,0.0,0,NaN,outside_reference_surface
2361,NaN,NaN,NaN,NaN,0.0,0,NaN,outside_reference_surface
2362,NaN,NaN,NaN,NaN,0.0,0,NaN,outside_reference_surface
2363,NaN,NaN,NaN,NaN,0.0,0,NaN,outside_reference_surface
2364,NaN,NaN,NaN,NaN,0.0,0,NaN,outside_reference_surface
2365,NaN,NaN,NaN,NaN,0.0,0,NaN,outside_reference_surface
2366,NaN,NaN,NaN,NaN,0.0,0,NaN,outside_reference_surface
2367,NaN,NaN,NaN,NaN,0.0,0,NaN,outside_reference_surface
2368,NaN,NaN,NaN,NaN,0.0,0,NaN,outside_reference_surface
2369,NaN,NaN,NaN,NaN,0.0,0,NaN,outside_reference_surface
2370,NaN,NaN,NaN,NaN,0.0,0,NaN,outside_reference_surface
2371,NaN,NaN,NaN,NaN,0.0,0,NaN,outside_reference_surface
2372,NaN,NaN,NaN,NaN,0.0,0,NaN,outside_reference_surface
2373,NaN,NaN,NaN,NaN,0.0,0,NaN,outside_reference_surface
2374,NaN,NaN,NaN,NaN,0.0,0,NaN,outside_reference_surface
2375,NaN,NaN,NaN,NaN,0.0,0,NaN,outside_reference_surface
2376,NaN,NaN,NaN,NaN,0.0,0,NaN,outside_reference_surface
2377,NaN,NaN,NaN,NaN,0.0,0,NaN,outside_reference_surface
2378,NaN,NaN,NaN,NaN,0.0,0,NaN,outside_reference_surface
2379,NaN,NaN,NaN,NaN,0.0,0,NaN,outside_reference_surface
2380,NaN,NaN,NaN,NaN,0.0,0,NaN,outside_reference_surface
2381,NaN,NaN,NaN,NaN,0.0,0,NaN,outside_reference_surface
2382,NaN,NaN,NaN,NaN,0.0,0,NaN,outside_reference_surface
2383,NaN,NaN,NaN,NaN,0.0,0,NaN,outside_reference_surface
2384,NaN,NaN,NaN,NaN,0.0,0,NaN,outside_reference_surface
2385,NaN,NaN,NaN,NaN,0.0,0,NaN,outside_reference_surface
2386,NaN,NaN,NaN,NaN,0.0,0,NaN,outside_reference_surface
2387,NaN,NaN,NaN,NaN,0.0,0,NaN,outside_reference_surface
2388,NaN,NaN,NaN,NaN,0.0,0,NaN,outside_reference_surface
2389,NaN,NaN,NaN,NaN,0.0,0,NaN,outside_reference_surface
2390,NaN,NaN,NaN,NaN,0.0,0,NaN,outside_reference_surface
2391,NaN,NaN,NaN,NaN,0.0,0,NaN,outside_reference_surface
2392,NaN,NaN,NaN,NaN,0.0,0,NaN,outside_reference_surface
2393,NaN,NaN,NaN,NaN,0.0,0,NaN,outside_reference_surface
2394,NaN,NaN,NaN,NaN,0.0,0,NaN,outside_reference_surface
2395,NaN,NaN,NaN,NaN,0.0,0,NaN,outside_reference_surface
2396,NaN,NaN,NaN,NaN,0.0,0,NaN,outside_reference_surface
2397,NaN,NaN,NaN,NaN,0.0,0,NaN,outside_reference_surface
2398,NaN,NaN,NaN,NaN,0.0,0,NaN,outside_reference_surface
2399,NaN,NaN,NaN,NaN,0.0,0,NaN,outside_reference_surface
2400,NaN,NaN,NaN,NaN,0.0,0,NaN,outside_reference_surface
2401,NaN,NaN,NaN,NaN,0.0,0,NaN,outside_reference_surface
2402,NaN,NaN,NaN,NaN,0.0,0,NaN,outside_reference_surface
2403,NaN,NaN,NaN,NaN,0.0,0,NaN,outside_reference_surface
2404,NaN,NaN,NaN,NaN,0.0,0,NaN,outside_reference_surface
2405,NaN,NaN,NaN,NaN,0.0,0,NaN,outside_reference_surface
2406,NaN,NaN,NaN,NaN,0.0,0,NaN,outside_reference_surface
2407,NaN,NaN,NaN,NaN,0.0,0,NaN,outside_reference_surface
2408,NaN,NaN,NaN,NaN,0.0,0,NaN,outside_reference_surface
2409,NaN,NaN,NaN,NaN,0.0,0,NaN,outside_reference_surface
2410,NaN,NaN,NaN,NaN,0.0,0,NaN,outside_reference_surface
2411,NaN,NaN,NaN,NaN,0.0,0,NaN,outside_reference_surface
2412,NaN,NaN,NaN,NaN,0.0,0,NaN,outside_reference_surface
2413,NaN,NaN,NaN,NaN,0.0,0,NaN,outside_reference_surface
2414,NaN,NaN,NaN,NaN,0.0,0,NaN,outside_reference_surface
2415,NaN,NaN,NaN,NaN,0.0,0,NaN,outside_reference_surface
2416,NaN,NaN,NaN,NaN,0.0,0,NaN,outside_reference_surface
2417,NaN,NaN,NaN,NaN,0.0,0,NaN,outside_reference_surface
2418,NaN,NaN,NaN,NaN,0.0,0,NaN,outside_reference_surface
2419,NaN,NaN,NaN,NaN,0.0,0,NaN,outside_reference_surface
2420,NaN,NaN,NaN,NaN,0.0,0,NaN,outside_reference_surface
2421,NaN,NaN,NaN,NaN,0.0,0,NaN,outside_reference_surface
2422,NaN,NaN,NaN,NaN,0.0,0,NaN,outside_reference_surface
2423,NaN,NaN,NaN,NaN,0.0,0,NaN,outside_reference_surface
2424,NaN,NaN,NaN,NaN,0.0,0,NaN,outside_reference_surface
2425,NaN,NaN,NaN,NaN,0.0,0,NaN,outside_reference_surface
2426,NaN,NaN,NaN,NaN,0.0,0,NaN,outside_reference_surface
2427,NaN,NaN,NaN,NaN,0.0,0,NaN,outside_reference_surface
2428,NaN,NaN,NaN,NaN,0.0,0,NaN,outside_reference_surface
2429,NaN,NaN,NaN,NaN,0.0,0,NaN,outside_reference_surface
2430,NaN,NaN,NaN,NaN,0.0,0,NaN,outside_reference_surface
2431,NaN,NaN,NaN,NaN,0.0,0,NaN,outside_reference_surface
2432,NaN,NaN,NaN,NaN,0.0,0,NaN,outside_reference_surface
2433,NaN,NaN,NaN,NaN,0.0,0,NaN,outside_reference_surface
2434,NaN,NaN,NaN,NaN,0.0,0,NaN,outside_reference_surface
2435,NaN,NaN,NaN,NaN,0.0,0,NaN,outside_reference_surface
2436,NaN,NaN,NaN,NaN,0.0,0,NaN,outside_reference_surface
2437,NaN,NaN,NaN,NaN,0.0,0,NaN,outside_reference_surface
2438,NaN,NaN,NaN,NaN,0.0,0,NaN,outside_reference_surface
2439,NaN,NaN,NaN,NaN,0.0,0,NaN,outside_reference_surface
2440,NaN,NaN,NaN,NaN,0.0,0,NaN,outside_reference_surface
2441,NaN,NaN,NaN,NaN,0.0,0,NaN,outside_reference_surface
2442,NaN,NaN,NaN,NaN,0.0,0,NaN,outside_reference_surface
2443,NaN,NaN,NaN,NaN,0.0,0,NaN,outside_reference_surface
2444,NaN,NaN,NaN,NaN,0.0,0,NaN,outside_reference_surface
2445,NaN,NaN,NaN,NaN,0.0,0,NaN,outside_reference_surface
2446,NaN,NaN,NaN,NaN,0.0,0,NaN,outside_reference_surface
2447,NaN,NaN,NaN,NaN,0.0,0,NaN,outside_reference_surface
