row_type,dataset,rep,candidate_id,frame_count,status,global_reprojection_rmse_px,fx,delta_fx,delta_fx_pct,fy,delta_fy,delta_fy_pct,cx,delta_cx,delta_cx_pct,cy,delta_cy,delta_cy_pct,k1,delta_k1,delta_k1_pct,k2,delta_k2,delta_k2_pct,p1,delta_p1,delta_p1_pct,p2,delta_p2,delta_p2_pct,k3,delta_k3,delta_k3_pct,candidate_global_p95_abs_delta_lambda_mm,candidate_frame_p95_median_mm,candidate_frame_p95_p90_mm,candidate_frame_p95_p95_mm,candidate_frame_p95_max_mm,candidate_frame_count,mc_centered_global_p95_abs_delta_lambda_mm,mc_centered_frame_p95_median_mm,mc_centered_frame_p95_p90_mm,mc_centered_frame_p95_p95_mm,mc_centered_frame_p95_max_mm
corner_noise_mc,M0,1,M0_mc_0001,18,ok,0.16552815442464344,7349.212315657688,1.3472012176735007,0.018334593745140786,7350.148461135432,1.3073144915570083,0.01778939652483906,2071.3414463256813,1.1249161778441703,0.05433809272906532,1512.4638797546695,0.027425649655924644,0.00181334227838047,-0.049293351232050656,-0.00015618608063708989,0.3178573288788858,0.23314417259521628,0.005868200572395066,2.581971389305434,-0.0004919314958340828,2.122273046820881e-05,-4.135741143775909,-0.00045084684930348434,2.7531050241132507e-05,-5.755084059556303,0.0,0.0,nan,0.13279418663419162,0.12560460777573326,0.1340819124459426,0.1346964017450543,0.135658684836136,30,0.13279412596412496,0.12560460989198247,0.13407947782759153,0.1346964401441292,0.13565868220865696
corner_noise_mc,M0,2,M0_mc_0002,18,ok,0.16787480558380005,7346.203813005759,-1.6613014342556198,-0.022609307715663322,7347.102918449669,-1.738228194205476,-0.023653092501520506,2068.0938914729572,-2.1226386748799086,-0.10253220588130112,1512.9824329975413,0.545978892527728,0.036099294687446014,-0.04995897282284799,-0.0008218076714344227,1.6724767676402699,0.23386596803532786,0.006589996012506649,2.8995568488185524,-0.0005075324509591024,5.621775343189208e-06,-1.0955332831805429,-0.0005371933047945118,-5.881540524989499e-05,12.294758036665835,0.0,0.0,nan,0.17830602694000958,0.17497642961270116,0.18080790218270978,0.18154383205996366,0.18322540555673755,30,0.17830605710078656,0.17497484641169195,0.18080790214344178,0.1815438348380553,0.18322540695307338
corner_noise_mc,M0,3,M0_mc_0003,18,ok,0.16648330636443173,7348.619470823263,0.7543563832487052,0.010266334118821059,7349.646426490829,0.8052798469543632,0.010957916097045104,2071.710354484936,1.4938243370988857,0.07215787891483069,1513.1749160140594,0.7384619090457818,0.04882597923644783,-0.04794406104442762,0.0011931041069859483,-2.4281093614364226,0.21308817101646096,-0.014187801006360246,-6.242543318629222,-0.0004921279140130858,2.1026312289205832e-05,-4.0974645070582625,-0.00045543078346336,2.2947116081256853e-05,-4.7968595754738965,0.0,0.0,nan,0.09701151460558322,0.09260226338466851,0.0987650321189051,0.10113726820140016,0.10285775537252562,30,0.09701111632497258,0.09260226372674367,0.09876491387731448,0.10113674273101451,0.10285775750789412
corner_noise_mc,M0,4,M0_mc_0004,18,ok,0.16608945783303128,7348.259155746113,0.3940413060981882,0.005362663848085872,7349.297641297841,0.45649465396672895,0.006211791013814531,2069.6960807383666,-0.5204494094705296,-0.02513985382163689,1513.2895171112873,0.8530630062737146,0.056403229633771014,-0.04850639311124038,0.0006307720401731859,-1.2836964408294522,0.22005043680332237,-0.007225535219498841,-3.1791901075989286,-0.0004877893628830909,2.5364863419200716e-05,-4.9429317969328475,-0.0004699559576434701,8.421941901146752e-06,-1.7605206906848887,0.0,0.0,nan,0.05371882092808277,0.050211820345521116,0.05607051666282643,0.05628204608499999,0.05864623947576888,30,0.05371738446460199,0.05021284347298831,0.05606796262283126,0.056281527785641855,0.0586468987685862
corner_noise_mc,M0,5,M0_mc_0005,18,ok,0.16754153269505762,7348.101539585918,0.2364251459030129,0.0032176032387746275,7349.139565835192,0.29841919131740724,0.004060765301120866,2071.127567140844,0.9110369930067463,0.04400684564825148,1512.8019304450556,0.36547634004205065,0.02416474021437957,-0.049393564848550134,-0.00025639969713656813,0.5218040079163828,0.23320884391237282,0.005932871889551605,2.610426362605491,-0.0005090721450630752,4.082081239216396e-06,-0.7954881846401675,-0.00045161995372727283,2.6757945817344015e-05,-5.593474498469883,0.0,0.0,nan,0.02950940284488865,0.02588271798072128,0.03098392405442098,0.03151701280936692,0.032211803151085405,30,0.029508554789077834,0.025883739889545152,0.030984430223141998,0.03151649253795199,0.03221179583377989
corner_noise_mc,M0,6,M0_mc_0006,18,ok,0.1661609811512618,7346.333915661188,-1.531198778826365,-0.02083868926522964,7347.320697420693,-1.5204492231814584,-0.02068964606584031,2070.1554795760208,-0.06105057181639495,-0.002948994509865847,1512.7886604245004,0.35220631948686787,0.02328734662080639,-0.04913712318509803,4.196631553377017e-08,-8.540646454563098e-05,0.2214713954814812,-0.005804576541340006,-2.553977215311242,-0.0005436012561668259,-3.044702986453431e-05,5.933309773931086,-0.0004879515043904307,-9.573604845813867e-06,2.001264033084991,0.0,0.0,nan,0.1536647568912997,0.14564821336810496,0.15440974476714928,0.15743665919414923,0.15857593067622702,30,0.15366474732205118,0.14564819432523562,0.15441000757072004,0.15743785877940183,0.15857593330370606
corner_noise_mc,M0,7,M0_mc_0007,18,ok,0.16924658626031572,7347.070081036973,-0.7950334030419981,-0.010819923755535463,7348.024659918561,-0.8164867253135526,-0.011110414676556617,2069.4832501134815,-0.73328003435563,-0.03542045113045569,1513.1192535605533,0.6827994555396799,0.045145662397018026,-0.04920056528110848,-6.340012969491271e-05,0.12902683640692045,0.22925810194325053,0.0019821299204293152,0.8721247137512125,-0.0004691455529121802,4.4008673390111416e-05,-8.576110481878123,-0.0004757092632897618,2.6686362548550583e-06,-0.557851074933733,0.0,0.0,nan,0.08975451296076357,0.08488654688647727,0.09222892516993113,0.09297197817467179,0.09379254710592022,30,0.08975451693704599,0.08488712497533016,0.09222892404615719,0.09297196810392648,0.09379254850225607
corner_noise_mc,M0,8,M0_mc_0008,18,ok,0.16833264169285483,7346.584323523928,-1.2807909160865165,-0.017430789707469016,7347.553658258748,-1.2874883851263803,-0.017519611043903982,2070.9665239449537,0.7499937971165309,0.03622779483182722,1512.73686667359,0.30041256857634835,0.019862822517995832,-0.04957848662398238,-0.00044132147256881193,0.8981419078795109,0.23380351351273881,0.006527541489917604,2.872077251202851,-0.0005277653553212179,-1.461112901892628e-05,2.847317291764655,-0.00043859268940914736,3.978521013546949e-05,-8.316690669310246,0.0,0.0,nan,0.13036077118902084,0.12409053149999066,0.13126509796690244,0.13197147801165898,0.13352355650093273,30,0.13036076989604908,0.12409020192890238,0.13126537123864865,0.1319726775969116,0.1335235571236751
corner_noise_mc,M0,9,M0_mc_0009,18,ok,0.16537841174388015,7347.41685174108,-0.4482626989347409,-0.0061005842098790794,7348.33344412835,-0.5077025155251249,-0.006908606478138208,2070.6541097641634,0.43757961632627485,0.021136900896788158,1513.8043184849648,1.3678643799512429,0.09044111415316808,-0.0493145953700488,-0.00017743021863523417,0.3610916870936538,0.22513516503762926,-0.002140806985191951,-0.9419416254776762,-0.00046388399153789384,4.9270234764397776e-05,-9.601447720587105,-0.00048201113374536555,-3.633234200748703e-06,0.7594903953981349,0.0,0.0,nan,0.06250836624694783,0.06016172307134582,0.0661295533073303,0.06676230638609666,0.07063070815563037,30,0.06250836699208547,0.06016171660446048,0.06612957648028953,0.06676229928526624,0.07063070295215539
corner_noise_mc,M0,10,M0_mc_0010,18,ok,0.16940627023968047,7350.231443338092,2.366328898076972,0.03220430507667684,7351.157016102064,2.3158694581888994,0.03151339662916144,2069.6929593589603,-0.5235707888768957,-0.025290629325595556,1511.1305083135378,-1.3059457914757786,-0.0863471511765811,-0.049210749544745344,-7.358439333177841e-05,0.1497530293109747,0.23396049990277148,0.006684527879950275,2.9411502766685205,-0.0005439569672356695,-3.080274093337793e-05,6.002628323912993,-0.0004872718240829458,-8.893924538328976e-06,1.8591838265930316,0.0,0.0,nan,0.23194428290384508,0.22797675284869853,0.23448490091269036,0.2355056875930407,0.23774074219721228,30,0.23194428086468405,0.22797734779426831,0.23448345220845623,0.23550568268299116,0.23774074080087643
corner_noise_mc,M0,11,M0_mc_0011,18,ok,0.16492964417624068,7351.582694278138,3.717579838123129,0.05059401309391685,7352.598256004632,3.7571093607575676,0.05112519492237757,2070.5176833599926,0.301153212155441,0.014546942687871168,1511.4781305935687,-0.9583235114448598,-0.06336289427855328,-0.05012083848075504,-0.0009836733293414751,2.001892714629218,0.23877129539569275,0.011495323372871541,5.057870073356137,-0.0005546517313739917,-4.1497505071700106e-05,8.086751106139099,-0.00047067317334697025,7.704726197646592e-06,-1.6105940941211887,0.0,0.0,nan,0.36003623126331374,0.3434037150742313,0.36478091637768845,0.36549682060913313,0.36707425520660875,30,0.360036258580385,0.3434037126096456,0.36478092377878457,0.3654959472027477,0.3670742538102729
corner_noise_mc,M0,12,M0_mc_0012,18,ok,0.16727256327007264,7349.268381952723,1.4032675127082257,0.019097622109999355,7350.309185948615,1.4680393047401594,0.01997647350712697,2071.931630827448,1.715100679610714,0.08284643923156368,1513.5804109640628,1.14395685904924,0.07563668912795268,-0.04889048651850241,0.0002466786329111542,-0.5020204811389243,0.22333182046038358,-0.003944151562437631,-1.7354019113122927,-0.0004978976382377387,1.525658806455295e-05,-2.9730999536902414,-0.00040526697294110577,7.311092660351108e-05,-15.283090350350152,0.0,0.0,nan,0.14685760694345049,0.1419164898941716,0.1496600968342392,0.1508942136282701,0.1521823644139829,30,0.14685762124037183,0.14191752459225881,0.14965765916353063,0.15089421701864494,0.15218120564538823
corner_noise_mc,M0,13,M0_mc_0013,18,ok,0.16993568126041547,7347.14859919465,-0.7165152453644623,-0.009751339119663038,7348.146352368037,-0.6947942758379213,-0.009454474004452052,2070.2033576407393,-0.013172507097806374,-0.0006362864418276916,1510.961700265266,-1.4747538397475637,-0.0975084828023569,-0.048465570601871635,0.0006715945495419304,-1.366775123213656,0.21866807067850402,-0.008607901344317187,-3.7874225188454376,-0.0005818638649769929,-6.870963867470126e-05,13.389666332831764,-0.0005052832793800864,-2.690537983546953e-05,5.6242940698309045,0.0,0.0,nan,0.07382606482893835,0.07016614484896025,0.07923406856368218,0.07984316330353693,0.08189632569457785,30,0.07382605964198774,0.07016612810075457,0.07923644079753615,0.07984286347525965,0.08189629024673195
corner_noise_mc,M0,14,M0_mc_0014,18,ok,0.1633649605397088,7348.811257919737,0.9461434797221955,0.012876440503280817,7349.783333839252,0.9421871953773007,0.012820894840101231,2071.6685223299605,1.4519921821233766,0.07013721323245775,1512.241132091462,-0.19532201355150391,-0.01291439471862545,-0.0498055830980053,-0.0006684179465917331,1.3603103567982375,0.23764175381553954,0.010365781792718326,4.560878873582587,-0.0005378353945461233,-2.4681168243831657e-05,4.809697938508713,-0.0004551128452529914,2.3265054291625464e-05,-4.863321301793459,0.0,0.0,nan,0.09350629511302486,0.0878532464364156,0.09385455551738574,0.09471683626332407,0.0973211773978221,30,0.09350629517816741,0.08785277208545494,0.09385310615317054,0.09471682838335965,0.09732117806829592
corner_noise_mc,M0,15,M0_mc_0015,18,ok,0.16789412590351854,7345.253306176942,-2.6118082630728168,-0.0355451307610437,7346.265581063079,-2.5755655807961375,-0.03504723437888389,2070.2716866460037,0.055156498166525125,0.002664286433969606,1513.9342354931744,1.4977813881607744,0.09903102931006041,-0.049016345650477716,0.00012081950093584953,-0.24588211502139096,0.22530011511405829,-0.001975856908762924,-0.8693646280234695,-0.0004879897124423495,2.516451385994211e-05,-4.903889039611663,-0.0004769900226412143,1.3878769034025309e-06,-0.2901214509958957,0.0,0.0,nan,0.2545008111289235,0.24968885001435978,0.25649359463477367,0.2586430923659549,0.2604238898910012,30,0.2545008073999611,0.24968738417265968,0.2564937311980094,0.2586438158320212,0.260423891287337
corner_noise_mc,M0,16,M0_mc_0016,18,ok,0.16479693729333908,7348.74437587074,0.8792614307258191,0.011966216268694096,7349.767296753938,0.9261501100636451,0.012602668796108166,2071.097498879238,0.8809687314010262,0.0425544245527841,1512.9673345435965,0.5308804385829262,0.035101007856695406,-0.04917933388240808,-4.216873099451707e-05,0.0858184041846459,0.22889563577502886,0.0016196637522076507,0.7126418766542629,-0.0005126209027450551,5.333235572364944e-07,-0.10393046181837765,-0.0004624548896757719,1.5923009868844934e-05,-3.3285421178533863,0.0,0.0,nan,0.09074080505872074,0.08824428010060785,0.09209290159076432,0.09331470808163402,0.09517172010915828,30,0.09074082394071183,0.08824428546444096,0.0920929058548927,0.09331407000418522,0.09517172224452679
corner_noise_mc,M0,17,M0_mc_0017,18,ok,0.16529592329038442,7348.765271950578,0.9001575105630764,0.012250599276708116,7349.767083595222,0.9259369513474667,0.012599768220195243,2071.6862059336763,1.469675785839172,0.07099140425345847,1512.941021450411,0.5045673453973905,0.033361226121461675,-0.04878634237115012,0.00035082278026344477,-0.713966259922409,0.22026827298274532,-0.007007699040075893,-3.083343557044489,-0.0004965911881302771,1.6563038172014524e-05,-3.2276920510555205,-0.00043380630069562537,4.457159884899148e-05,-9.317236204143335,0.0,0.0,nan,0.0953953971147655,0.09297305690002985,0.0974499228203274,0.09759073854224766,0.09790125758145792,30,0.0953948729651472,0.09297340534137105,0.09744992247339611,0.09759010218043641,0.09789854851130712
corner_noise_mc,M0,18,M0_mc_0018,18,ok,0.1658716471279664,7346.48971911463,-1.3753953253844884,-0.01871829849845179,7347.42826002126,-1.4128866226146783,-0.019225978551188662,2069.7453006750834,-0.47122947275374827,-0.022762327799599642,1512.8344174992412,0.39796339422764504,0.026312734868794235,-0.048997061027223975,0.00014010412418959117,-0.2851286266879006,0.22404450345101862,-0.0032314685718025926,-1.4218258723267565,-0.0004697485220778885,4.3405704224403125e-05,-8.45860795830871,-0.00046330574774840514,1.5072151796211703e-05,-3.1506789528862775,0.0,0.0,nan,0.14396030070980145,0.1367314249302268,0.14783518509252816,0.14819363810036548,0.14950803762624787,30,0.1439602958295552,0.13673200301907967,0.1478351955534987,0.14819363254447437,0.14950803242277289
corner_noise_mc,M0,19,M0_mc_0019,18,ok,0.16547706375424945,7347.153219227968,-0.7118952120463291,-0.00968846326053691,7348.034427329251,-0.8067193146234786,-0.010977503779516276,2068.3199942429187,-1.8965359049184372,-0.09161050920518941,1511.382083257456,-1.054370847557493,-0.06971339818580467,-0.04880002604090482,0.0003371391105087482,-0.6861183576013633,0.22306534442553985,-0.004210627597281358,-1.8526496927086338,-0.0005394368354351522,-2.6282609132860556e-05,5.12177582989989,-0.0005313059068974809,-5.2928007352864024e-05,11.064057809369514,0.0,0.0,nan,0.08180921715965608,0.07456325330027766,0.08474351480822746,0.08621398978374827,0.08738715337781286,30,0.08180927658380027,0.07456324672494077,0.08474292217642244,0.08621399190208308,0.08738831214640755
corner_noise_mc,M0,20,M0_mc_0020,18,ok,0.16821923903622582,7344.607745474538,-3.2573689654764166,-0.04433082146642893,7345.532584494549,-3.308562149325553,-0.04502154942941627,2068.3510411833877,-1.8654889644494688,-0.09011081388265466,1513.5970673971979,1.16061329218428,0.07673798717520827,-0.049741442014998,-0.0006042768635844339,1.229775591901541,0.23100632225243062,0.003730350229609408,1.6413306679136486,-0.0005049063033803352,8.247922921956379e-06,-1.6072990339355888,-0.0005266125539162321,-4.823465437161524e-05,10.082960441427447,0.0,0.0,nan,0.3293262142929166,0.3211240206153463,0.3309860409172222,0.3335006567152601,0.33590372781034716,30,0.3293262126109027,0.3211225511640379,0.33098749070176836,0.3335006580888759,0.335903729206683
corner_noise_mc,M0,21,M0_mc_0021,18,ok,0.16503708396849087,7349.187701727447,1.3225872874327251,0.017999613041801466,7350.187277077713,1.3461304338379705,0.018317587861492034,2070.582919499901,0.36638935206383394,0.01769811740599277,1511.6109970637149,-0.825457041298705,-0.05457796518050541,-0.04892762510639964,0.00020954004501392426,-0.426439018954874,0.22156048310078383,-0.005715488922037382,-2.5147792224439276,-0.0005191518433319465,-5.997617029654899e-06,1.1687747507942752,-0.0004595003930026537,1.887750654196315e-05,-3.9461493852314766,0.0,0.0,nan,0.1337573132767204,0.12810090536046062,0.13417907829433035,0.13476948274487285,0.1359341369351057,30,0.13375732679477323,0.12810101014191844,0.13417891222969616,0.13476875927880655,0.13593413553876985
corner_noise_mc,M0,22,M0_mc_0022,18,ok,0.16504232497347765,7346.6030315833395,-1.2620828566750788,-0.017176184334070522,7347.534919850874,-1.3062267930008602,-0.01777459557140377,2070.5690747953304,0.35254464749323233,0.017029361052781113,1512.0292725113363,-0.40718159367725093,-0.026922228208139908,-0.048884403304902915,0.0002527618465106504,-0.5144005473896962,0.22213454655907017,-0.005141425463751043,-2.2621949069190572,-0.0005363009131227671,-2.3146686820475532e-05,4.510668651657983,-0.0004362222781865529,4.215562135806395e-05,-8.812200855890966,0.0,0.0,nan,0.1269894853576943,0.12285255392020247,0.12951598948437207,0.12973406930932782,0.1314348394949036,30,0.1269910830948106,0.12285253930927809,0.12951625595954283,0.1297352659433514,0.1314348040470577
corner_noise_mc,M0,23,M0_mc_0023,18,ok,0.16583542311304195,7349.513888119063,1.6487736790486451,0.022438812544455632,7350.554990200619,1.7138435567439956,0.023321276410045777,2071.2691022107224,1.0525720628852469,0.050843573488908486,1512.852716067973,0.41626196295942464,0.027522608426265964,-0.04976447885600596,-0.0006273137045923957,1.2766583148607817,0.23653805001937456,0.009262077996553347,4.075256136457454,-0.0005204776304057592,-7.323404103467537e-06,1.4271351044380618,-0.0004552939872125291,2.308391233208772e-05,-4.825455430541844,0.0,0.0,nan,0.16088845874587035,0.1535824495325045,0.16100423391845653,0.1614759981625505,0.16236430728206414,30,0.16088716957982568,0.15358381616742633,0.16100407163680075,0.16147528849908724,0.16236431220633563
corner_noise_mc,M0,24,M0_mc_0024,18,ok,0.17012649932118357,7347.13492252436,-0.730191915654359,-0.009937470330251257,7348.094129141838,-0.7470175020371244,-0.010165106132118233,2070.558490184512,0.34196003667466357,0.01651808067875121,1512.702907155367,0.2664530503534479,0.01761747077903659,-0.049175243784088524,-3.807863267495798e-05,0.07749456558517508,0.22534772066306544,-0.0019282513597557727,-0.8484184855063136,-0.0005433332966253048,-3.0179070323013224e-05,5.881091643827791,-0.0004879885937545217,-9.61069420990485e-06,2.0090171847515483,0.0,0.0,nan,0.07518834416297294,0.06994866933324317,0.07607819910244075,0.07960653826694056,0.08095216540928049,30,0.07518835429722799,0.06994923460317751,0.07607846849441557,0.07960775879362188,0.0809521299614346
corner_noise_mc,M0,25,M0_mc_0025,18,ok,0.16709438102267524,7348.111403983176,0.24628954316176532,0.0033518517191851744,7349.142816139694,0.301669495819624,0.0041049941045111955,2070.2492758326807,0.03274568484357587,0.0015817516847494912,1512.101937768415,-0.33451633659865365,-0.02211771183448525,-0.04942720621069721,-0.00029004105928364526,0.5902681979920883,0.23206979984615164,0.004793827823330432,2.109254128654249,-0.0005155022888750231,-2.3480625727315e-06,0.45757443910211326,-0.0004871666658433305,-8.788766298713636e-06,1.8372015737098104,0.0,0.0,nan,0.027694635023652835,0.026091717620951728,0.028507100809356985,0.02912044252508309,0.029947947531013597,30,0.027697036054587437,0.026091717240279876,0.02850978327034625,0.029120526526446328,0.029947941931368405
corner_noise_mc,M0,26,M0_mc_0026,18,ok,0.16515633513210004,7344.851946698233,-3.013167741781217,-0.041007390512105946,7345.819010409853,-3.022136234021673,-0.041123983682812976,2069.4244410734786,-0.7920890743585005,-0.03826117040529747,1513.0193649233531,0.582910818339542,0.0385411774992213,-0.04969548270480018,-0.0005583175533866169,1.1362429062934156,0.23029203581072558,0.003016063787904366,1.3270491205297836,-0.0004968987988210991,1.6255427481192547e-05,-3.167746975081272,-0.0004974161576266921,-1.9038258082075218e-05,3.9797528481558913,0.0,0.0,nan,0.3013848289939801,0.29016492463016164,0.3029613980191704,0.30348740507011146,0.30773713653743473,30,0.3013864528565932,0.29016344567467345,0.30296284703534754,0.30348741138390467,0.30773713793377055
corner_noise_mc,M0,27,M0_mc_0027,18,ok,0.16701093011486598,7346.861031326884,-1.004083113130946,-0.013664963870359068,7347.888802006914,-0.9523446369603334,-0.012959113116702182,2070.4868315488093,0.27030140097213007,0.013056672914925835,1512.1771190636182,-0.25933504139538854,-0.017146838843477258,-0.04910381127210042,3.335387931314299e-05,-0.06787912817185277,0.22419531283402394,-0.003080659188797269,-1.3554706911507277,-0.0005582098431164873,-4.505561681419565e-05,8.780131684554041,-0.00048757146898391996,-9.193569439303116e-06,1.9218215239572662,0.0,0.0,nan,0.10059660160954989,0.09493978164501585,0.10307764816216548,0.1061108381270202,0.10731196077838376,30,0.10059656893551504,0.09494034738526977,0.10307788233683539,0.1061120377122728,0.1073119634058628
corner_noise_mc,M0,28,M0_mc_0028,18,ok,0.1687910455581703,7346.014590340367,-1.850524099647373,-0.02518451374414489,7346.956606690571,-1.884539953303829,-0.025644042587101984,2069.777653935478,-0.4388762123589913,-0.021199531834848722,1512.4851499617364,0.048695856722815734,0.0032196960467758347,-0.04827753139242933,0.0008596337589842351,-1.7494573737319181,0.2169973796058871,-0.010278592416934101,-4.522516095939085,-0.0004999459555047471,1.3208270797544558e-05,-2.5739378378935456,-0.0004908897386613593,-1.2511839116742442e-05,2.615471811856873,0.0,0.0,nan,0.17559298173194407,0.1648904584054776,0.17675512724004763,0.17776344256369356,0.1784594114435663,30,0.1755929754097508,0.16489047086653275,0.17675512269655372,0.17776432882928903,0.1784593842638799
corner_noise_mc,M0,29,M0_mc_0029,18,ok,0.16982306141550033,7347.4374989916605,-0.4276154483541177,-0.005819587617548509,7348.418653879196,-0.4224927646782817,-0.005749107325190026,2070.4795564906276,0.2630263427904538,0.012705257588280908,1511.3483012939757,-1.088152811037844,-0.07194701027500425,-0.05008375934032532,-0.0009465941889117563,1.9264322351419267,0.23832814683063275,0.011052174807811538,4.862887488476682,-0.0005584409990496694,-4.5286772747377764e-05,8.825177778171506,-0.0004529579758569348,2.5419923687682055e-05,-5.313774677275035,0.0,0.0,nan,0.06326672673914116,0.05969658680830037,0.06523048391420502,0.06636954110458076,0.06964226761238591,30,0.06326685360287455,0.05969658146469783,0.06523059464223081,0.06637006399556185,0.06964222679866906
corner_noise_mc,M0,30,M0_mc_0030,18,ok,0.16971695139773296,7347.1319979164045,-0.7331165236100787,-0.009977272475638661,7348.1794898868175,-0.6616567570572442,-0.00900355231327071,2071.020155189275,0.8036250414379538,0.038818405211969095,1513.7061185295606,1.2696644245470452,0.0839482823295456,-0.0486266215090401,0.0005105436423734691,-1.0390172912911357,0.22378070569187752,-0.003495266330943686,-1.5378952292381878,-0.0004687854960140347,4.436873028825693e-05,-8.646275917470465,-0.0004542533927989765,2.4124506745640338e-05,-5.042981034158398,0.0,0.0,nan,0.07097905534906203,0.06920946635665644,0.07279270464670048,0.07392679289964461,0.0744920923714119,30,0.0709805131919893,0.06920946605459335,0.07279270439314076,0.07392678579881419,0.07449206019960002
corner_noise_mc,M0,31,M0_mc_0031,18,ok,0.16720392858983632,7346.774250722293,-1.0908637177217315,-0.014845995411346999,7347.765637352311,-1.0755092915633213,-0.014635086949110244,2071.036812806589,0.8202826587516938,0.03962303685658989,1513.953229166187,1.5167750611733481,0.10028686210627619,-0.04920117156275223,-6.400641133866292e-05,0.13026069196590923,0.22986736843870534,0.0025913964158841285,1.1401981444936562,-0.00046774026357137535,4.541396273091626e-05,-8.849963695741554,-0.00044358527942832274,3.4792620116294104e-05,-7.273040863596397,0.0,0.0,nan,0.11482100157149944,0.11262006025289678,0.11652168241570848,0.11911939456095752,0.12054391003802038,30,0.11482100171257344,0.11262062308096857,0.11652168192314037,0.11911939298737849,0.120543895984963
corner_noise_mc,M0,32,M0_mc_0032,18,ok,0.16636572269530478,7347.706168963615,-0.15894547639982193,-0.002163151798846477,7348.743518927469,-0.09762771640544088,-0.001328477707672675,2070.9970302539355,0.7805001060983159,0.03770137542291672,1512.5742550131515,0.13780090813793322,0.009111186639538988,-0.04845297526904696,0.0006841898823666051,-1.392408129891723,0.21463210091284154,-0.012643871109979665,-5.563223862797987,-0.00052565255237517,-1.2498326072878335e-05,2.4355886461150873,-0.00047520910377160544,3.1687957730114043e-06,-0.6624042992010881,0.0,0.0,nan,0.010213079029387012,0.007232477349703004,0.009280481407579942,0.010703558145424376,0.017102549746545036,30,0.010213077544483433,0.007233831029998328,0.009280027196991796,0.010701502324278063,0.017102513594568335
corner_noise_mc,M0,33,M0_mc_0033,18,ok,0.1666581791323338,7346.431835467031,-1.4332789729833166,-0.019506059932518884,7347.406687560064,-1.434459083810907,-0.01951952770765778,2069.014652724715,-1.2018774231223688,-0.05805563841365623,1512.1625358019105,-0.2739183031030734,-0.01811106194641182,-0.0498883860535694,-0.000751220902155833,1.528824261312157,0.2320190332910305,0.004743061268209281,2.086917163303572,-0.0005311056541178349,-1.795142781554329e-05,3.498251967035027,-0.0005246446052981845,-4.626670575356767e-05,9.671580940007976,0.0,0.0,nan,0.14977358669638077,0.14358103143890444,0.15050544022874304,0.1541283177219202,0.1569399437307993,30,0.1497735785204327,0.14358101420149583,0.1505054282052623,0.15412979175897248,0.15693994635827835
corner_noise_mc,M0,34,M0_mc_0034,18,ok,0.1660258836219139,7345.823345307671,-2.0417691323436884,-0.027787242968453606,7346.791562964641,-2.049583679233365,-0.027889889553122053,2069.702716877686,-0.5138132701513314,-0.024819300912191984,1513.1953501600033,0.758896054989691,0.0501770539138961,-0.04884818314647271,0.0002889820049408534,-0.5881128959116194,0.22346613206649618,-0.0038098399563250285,-1.676305648334209,-0.0005057279214608898,7.426304841401843e-06,-1.4471876992838242,-0.00047049870441536075,7.879195129256093e-06,-1.6470650372344855,0.0,0.0,nan,0.1989730817966972,0.19274664495765992,0.20019375051276259,0.200502899063126,0.2017239413214668,30,0.19897308140879202,0.1927451755063515,0.20019375569207684,0.20050378532872143,0.2017239392374222
corner_noise_mc,M0,35,M0_mc_0035,18,ok,0.1724204559614192,7348.553872192297,0.688757752282072,0.009373576427369716,7349.599332605107,0.7581859612319022,0.010317081919482725,2069.96621004788,-0.2503200999572073,-0.012091493634210889,1513.251670796865,0.8152166918514467,0.053900888836605855,-0.0490849122485183,5.225290289526813e-05,-0.10634089845080313,0.232825098453945,0.005549126431123791,2.441580771488942,-0.00044985913276757524,6.329509353471637e-05,-12.334516659993396,-0.00047829535983876263,8.253970585421662e-08,-0.017254080076188467,0.0,0.0,nan,0.08532708041154818,0.07902350951202947,0.09016139267635537,0.09095969233222348,0.09279096156883497,30,0.08532708518063145,0.0790235115465947,0.09016111940460918,0.09095883586170515,0.09279099701668088
corner_noise_mc,M0,36,M0_mc_0036,18,ok,0.1666678866270249,7350.466544856275,2.601430416259973,0.03540389454275154,7351.543296591819,2.7021499479442355,0.03676974224947391,2071.1094706849976,0.8929405371604844,0.043132712165945185,1512.6601402355093,0.2236861304957074,0.01478978702798287,-0.04874112060127814,0.00039604455013542844,-0.8059979628760393,0.22096116486355705,-0.006314807159264163,-2.7784754820584734,-0.0005159090393655049,-2.7548130632133218e-06,0.5368392038908205,-0.00046127133464382114,1.7106564900795705e-05,-3.575952174437822,0.0,0.0,nan,0.26346599716094377,0.2495771646833987,0.26311468192179177,0.2645509652159211,0.2654673640500505,30,0.26346429506866115,0.24957853131832053,0.2631144354764945,0.26454974536636855,0.265467368974322
corner_noise_mc,M0,37,M0_mc_0037,18,ok,0.1661175590500127,7346.9531283354545,-0.9119861045601283,-0.012411579286722268,7347.922740795098,-0.9184058487762741,-0.0124972880818862,2071.7119541511847,1.4954240033475799,0.07223514939477318,1512.8802405435931,0.4437864385795365,0.029342484927219487,-0.04919890083836021,-6.173568694664566e-05,0.12563949661404036,0.22664523294024794,-0.0006307390825732728,-0.2775212341892169,-0.0004898144815570982,2.33397447451934e-05,-4.548290464910699,-0.00043080604854222655,4.75718510023903e-05,-9.944408186012659,0.0,0.0,nan,0.09331519064717782,0.08992175917300357,0.09490567575785747,0.09654533391124118,0.09846318361748559,30,0.09331596850198025,0.08992175639252195,0.09490567957381812,0.09654533769872245,0.0984631784140106
corner_noise_mc,M0,38,M0_mc_0038,18,ok,0.1644803223328566,7346.791187520314,-1.0739269197001704,-0.014615495834153116,7347.787604205263,-1.0535424386116574,-0.014336171072262153,2069.798049462164,-0.4184806856733303,-0.02021434374516592,1510.4853562658764,-1.9510978391372191,-0.12900362417486055,-0.04899678701488704,0.00014037813652652276,-0.2856862745214442,0.22258328562756333,-0.0046926863952578834,-2.064752535647139,-0.0005511432444422637,-3.7989018139972046e-05,7.403041072800845,-0.0005097147802866185,-3.1336880742001655e-05,6.550653943635822,0.0,0.0,nan,0.11352005026300843,0.10943435597341136,0.11693545409230695,0.12073550003439606,0.12476609784273478,30,0.11352004443853615,0.10943435040824454,0.11693497660563083,0.12073602030581099,0.12476609212180848
corner_noise_mc,M0,39,M0_mc_0039,18,ok,0.16479989622733326,7350.114066706633,2.2489522666182893,0.03060688011540456,7351.125786816351,2.284640172476429,0.031088441386704843,2071.0286780493366,0.8121479014994293,0.03923009451776683,1512.385012814917,-0.05144129009659082,-0.0034012199294039943,-0.04963479062821353,-0.0004976254767999622,1.012727281410223,0.22888186564911023,0.0016058936262890178,0.7065831077505047,-0.0005452549696297789,-3.210074332748731e-05,6.2555741884462694,-0.0004760306610464027,2.347238498214162e-06,-0.49066616590117834,0.0,0.0,nan,0.2210024169446683,0.20819245717755164,0.2233119487277179,0.2237767872945818,0.22446541801583067,30,0.22100242326613395,0.20819187859881083,0.22331180035051604,0.22377607763111854,0.22446541661949482
corner_noise_mc,M0,40,M0_mc_0040,18,ok,0.16480975917915108,7349.208053327504,1.3429388874892538,0.018276586009317346,7350.133416381671,1.2922697377962322,0.01758467371942576,2069.720977493105,-0.4955526547323643,-0.02393723784521111,1513.6507934748865,1.2143393698729597,0.08029027378816697,-0.04963843535238059,-0.0005012702009670258,1.020144730414114,0.23092060810636109,0.003644636083539876,1.6036169820775912,-0.00046550564646996546,4.764857983232616e-05,-9.285430654186424,-0.0004922360062015363,-1.3858106656919464e-05,2.896895251664309,0.0,0.0,nan,0.12851087587304164,0.1261965460101891,0.13145782474605142,0.13241312949641978,0.13532822120035917,30,0.12851087456210736,0.12619654623929363,0.13145782974998838,0.1324116420822537,0.13532825664820508
corner_noise_mc,M0,41,M0_mc_0041,18,ok,0.16528674328166326,7348.9254494980305,1.0603350580158803,0.014430518817392433,7349.933958531919,1.0928118880447073,0.014870533547235281,2070.4745415791267,0.2580114312895603,0.012463016671552482,1511.398081732854,-1.0383723721595288,-0.06865560330427152,-0.04958481275526521,-0.0004476476038516447,0.9110163406298316,0.23415012797691181,0.006874155954090605,3.0245854380947748,-0.0005613352220839777,-4.818099578168605e-05,9.38918424756446,-0.000493894176037262,-1.551627649264511e-05,3.2435186716224864,0.0,0.0,nan,0.11233417869584057,0.10816360300993892,0.11581748295040142,0.11646997091589498,0.11734282845218331,30,0.11233417751240038,0.10816302492108604,0.11581748495913358,0.11646997647178609,0.1173428336556583
corner_noise_mc,M0,42,M0_mc_0042,18,ok,0.16591633124522245,7347.603776717679,-0.2613377223360658,-0.0035566483361607337,7348.566154263526,-0.2749923803485217,-0.0037419829175938486,2070.6047205696923,0.38819042185514263,0.018751199026868046,1512.6458146411394,0.20936053612581418,0.013842600497863797,-0.049302010545684276,-0.0001648453942707101,0.33548006638711814,0.22590251876253298,-0.0013734532602882321,-0.6043108068416142,-0.0005286926330850133,-1.553840678272171e-05,3.0280188657295133,-0.00048326482649017996,-4.88692694556312e-06,1.021562022454453,0.0,0.0,nan,0.03116852494441673,0.0274595828693208,0.032225125791347294,0.03262575688887835,0.03361307031074716,30,0.031168527786002185,0.027460162133121455,0.03222756033928534,0.03262572112417359,0.0336130729382262
corner_noise_mc,M0,43,M0_mc_0043,18,ok,0.16787132734083976,7345.622725932497,-2.242388507517717,-0.03051755132400264,7346.5444282306935,-2.2967184131812246,-0.03125279710570567,2069.8033729357007,-0.41315721213641154,-0.019957198008988333,1511.0771190259106,-1.359335079102948,-0.08987716974246937,-0.0489754406104579,0.0001617245409556642,-0.3291287571379395,0.22502055683127883,-0.002255415191542376,-0.9923685163321644,-0.0005432747805527634,-3.0120554250471815e-05,5.869688430224141,-0.0005015325035610571,-2.315460401644022e-05,4.840232803079286,0.0,0.0,nan,0.2233417339237576,0.21635464997474968,0.22778034677922107,0.22925406227297684,0.22981158050613432,30,0.22334396327025274,0.2163546494313408,0.2277816605779714,0.22925526185822948,0.22981157558186283
corner_noise_mc,M0,44,M0_mc_0044,18,ok,0.16443376793851122,7345.2030769606345,-2.66203747938016,-0.03622872001486156,7346.300380830878,-2.5407658129970514,-0.034573693488494955,2069.541144610446,-0.6753855373913211,-0.03262390805772818,1512.0983296414554,-0.3381244635581879,-0.022356275706027832,-0.04860737340060457,0.000529791750808993,-1.078189490941262,0.2200160379900424,-0.007259934032778803,-3.1943253693574873,-0.0005468753835253446,-3.372115722305295e-05,6.5713494101066425,-0.0005091705287149035,-3.07926291702867e-05,6.43688372719542,0.0,0.0,nan,0.2506648020392447,0.2377527336097927,0.2524880639717338,0.25347137422527255,0.2547786692895954,30,0.25066480232303545,0.23775240284319352,0.2524880647949499,0.25347286539622105,0.25477863384174954
corner_noise_mc,M0,45,M0_mc_0045,18,ok,0.1684457642919,7349.103250559847,1.2381361198322338,0.01685028372933861,7350.077574660155,1.2364280162801151,0.016824802599587782,2070.9177227042874,0.7011925564502235,0.03387049355654359,1512.3337940964961,-0.10266000851743229,-0.006787723757834275,-0.04784679774092215,0.0012903674104914123,-2.6260518011472858,0.21390651056230206,-0.01336946146051915,-5.882479059060716,-0.000502269220396279,1.0885005906012633e-05,-2.1211958019810666,-0.0004499448366990867,2.843306284553012e-05,-5.9436405554262555,0.0,0.0,nan,0.13465472693839045,0.12885090803570165,0.13507246145241028,0.137083612074901,0.1415741476579626,30,0.13465472613546012,0.12885090145101116,0.1350724644367267,0.13708213803784872,0.14157414503048357
corner_noise_mc,M0,46,M0_mc_0046,18,ok,0.16782136448611526,7346.1865344305625,-1.678580009452162,-0.022844458673491688,7347.234861811555,-1.6062848323199432,-0.021857661640346027,2068.6852010965104,-1.531329051326793,-0.07396951135432382,1512.054420070172,-0.38203403484158116,-0.025259509832937104,-0.04853456890132391,0.0006025962500896542,-1.2263553427080822,0.21880908202256238,-0.008466890000258825,-3.725378413257275,-0.0005397082644096994,-2.6554038107407777e-05,5.174670059477437,-0.0005462809603244716,-6.79030607798548e-05,14.194439342723376,0.0,0.0,nan,0.1565827598888916,0.14855033289432812,0.15811035378000554,0.15949070743860488,0.16038543839181899,30,0.15658287612764638,0.1485503278379099,0.1581103455640573,0.15949219860955338,0.16038540294397308
corner_noise_mc,M0,47,M0_mc_0047,18,ok,0.16563204712997187,7345.809059070583,-2.0560553694313057,-0.02798167001447466,7346.809799898373,-2.0313467455016507,-0.027641728878972188,2070.667231777647,0.45070162980982786,0.021770748288713674,1512.941295190917,0.5048410859033083,0.03337932542772838,-0.04866951342516127,0.0004676517262522939,-0.9517271189968936,0.21825176502349342,-0.009024206999327794,-3.9705943919235143,-0.000492214205352698,2.0940020949593622e-05,-4.080648638613797,-0.0004577995119167772,2.057838762783965e-05,-4.301701154553517,0.0,0.0,nan,0.1969218750596667,0.1897298045512997,0.19920377496792582,0.19943968019494207,0.19983409462937515,30,0.19692226249122768,0.18973038314778137,0.19920378631385463,0.19944056349062264,0.199834096025711
corner_noise_mc,M0,48,M0_mc_0048,18,ok,0.16742968415076426,7347.433012838202,-0.43210160181297397,-0.005880641452764402,7348.416693709672,-0.42445293420314556,-0.005775780503800766,2069.790173745447,-0.4263564023899562,-0.020594773357331345,1511.5810096896244,-0.8554444153892291,-0.05656068478562556,-0.04976093664379457,-0.0006237714923810062,1.2694494899306612,0.2370228622721236,0.009746890249302392,4.288570482199363,-0.0005264610775488281,-1.3306851246536514e-05,2.5931485242601595,-0.0005022711382321235,-2.38932386875067e-05,4.9946368154238385,0.0,0.0,nan,0.051666860933954686,0.05027678006427152,0.05319345571415909,0.05539422827633899,0.05634962912250785,30,0.05166686286527806,0.05027575429984096,0.053193569094926264,0.05539474854775392,0.05634962340158154
corner_noise_mc,M0,49,M0_mc_0049,18,ok,0.166782484287889,7346.836501104248,-1.0286133357667495,-0.013998805363823568,7347.87209506726,-0.9690515766151293,-0.013186454262352414,2070.872043966598,0.6555138187609373,0.031664022058317066,1512.4907635077261,0.05430940271253348,0.0035908551770970866,-0.049535653096505046,-0.0003984879450914802,0.8109705634493988,0.23422324120708662,0.006947269184265414,3.0567548000929134,-0.0005059733488457917,7.180877456499897e-06,-1.3993604823727492,-0.000418956031603767,5.942186794084982e-05,-12.421532850371095,0.0,0.0,nan,0.1042787269297321,0.10031121095107949,0.10467528900993443,0.10693846950631752,0.10858966211774827,30,0.10427872741961437,0.10031119555088423,0.10467528939588931,0.10693847076768889,0.10858966174164948
corner_noise_mc,M0,50,M0_mc_0050,18,ok,0.16880900669308976,7346.647301157644,-1.2178132823710257,-0.01657370220334857,7347.626292793202,-1.2148538506726254,-0.01653123025019304,2069.952319939826,-0.2642102080112636,-0.01276244316300556,1511.4151496015895,-1.0213045034240622,-0.06752710176034607,-0.048557726035810975,0.000579439115602591,-1.1792278081510812,0.2215780449267058,-0.005697927096115413,-2.5070521293572,-0.0005607722050535917,-4.7617978751300074e-05,9.27946732397153,-0.0005021917241778729,-2.381382463325602e-05,4.9780361208001365,0.0,0.0,nan,0.11831339795460849,0.11479207568288245,0.12124143994892393,0.12304751893620987,0.12600049896064433,30,0.11831252650995906,0.1147920754537779,0.1212408460929612,0.12304900670887065,0.12600046351279842
corner_noise_mc,M0,51,M0_mc_0051,18,ok,0.1667739455668347,7348.27314706019,0.4080326201756179,0.0055530771703164875,7349.258037060662,0.41689041678728245,0.00567287288523948,2068.994278395824,-1.2222517520131078,-0.05903980256238341,1513.0668904028398,0.6304362978262361,0.04168348998168638,-0.049058625952409514,7.853919900405182e-05,-0.15983665065340552,0.22560951228502563,-0.0016664597377955837,-0.7332318163524348,-0.0005083388716907853,4.815354611506311e-06,-0.9383835043520924,-0.0005183766800492127,-3.9998780504595815e-05,8.361335367430629,0.0,0.0,nan,0.04327482487955193,0.041710211361416324,0.044404906252373734,0.04490335218774703,0.046760471700036985,30,0.043276790450892104,0.041710230278826546,0.04440490916315071,0.044903356762177396,0.0467604774209633
corner_noise_mc,M0,52,M0_mc_0052,18,ok,0.16685385946856338,7348.9120284826295,1.0469140426148442,0.01424786691521392,7349.822885703661,0.9817390597863778,0.013359100301613212,2069.2836268522015,-0.9329032956356968,-0.04506307828433178,1511.864916682984,-0.571537422029678,-0.03778918581857948,-0.04935368323315485,-0.00021651808174128623,0.44064015714805127,0.2343200956110868,0.007044123588265588,3.099370129438177,-0.0005018355491198357,1.1318677182455905e-05,-2.20570670615275,-0.0005136636141943684,-3.528571464975151e-05,7.3761172251772305,0.0,0.0,nan,0.100088016850043,0.09628268517835464,0.10014151471407558,0.10064016212881967,0.10267645139293222,30,0.10008802487617457,0.09628212235028286,0.1001415154326952,0.10064016473542835,0.10267649220664907
corner_noise_mc,M0,53,M0_mc_0053,18,ok,0.16543968084299046,7350.562807714488,2.6976932744737496,0.036713973820399155,7351.487138143779,2.6459914999040848,0.036005561245700306,2069.433834514172,-0.7826956336652984,-0.03780742846302193,1512.0857297754744,-0.35072432953916177,-0.02318935969754203,-0.049214535709560005,-7.7370558146439e-05,0.15745832692632092,0.22772833052153255,0.00045235849871133604,0.19903489783157274,-0.0005349137456809438,-2.1759519378652167e-05,4.240346910021151,-0.0005235972569043366,-4.521935735971971e-05,9.452643485989938,0.0,0.0,nan,0.2603501585393701,0.2493129738089209,0.26158438144248464,0.26210116440204245,0.2627806363558534,30,0.2603501708534736,0.2493129759827184,0.26158439680820494,0.262100290995657,0.26278063495951753
corner_noise_mc,M0,54,M0_mc_0054,18,ok,0.1628347241434889,7348.876303709316,1.0111892693012123,0.013761674357821628,7349.814713024818,0.973566380943339,0.013247889857953384,2070.498954743449,0.2824245956117011,0.013642273235618146,1510.769480770466,-1.6669733345474924,-0.11021774369581208,-0.04888057658035854,0.00025658857105502475,-0.5221883888994424,0.2261396054821409,-0.0011363665406803058,-0.4999941395327972,-0.0005594277887632545,-4.627356246096289e-05,9.017476635514216,-0.0004646375777581252,1.3740321786491645e-05,-2.8722735309410186,0.0,0.0,nan,0.1105392122919568,0.10882921104748959,0.11338070134563623,0.11401376297098066,0.11607349311128132,30,0.11053921208109614,0.10882863245100793,0.1133808197729195,0.11401429638752318,0.11607349171494548
corner_noise_mc,M0,55,M0_mc_0055,18,ok,0.16595758810219682,7347.136185728727,-0.7289287112880629,-0.009920278882849567,7348.085748733467,-0.7553979104077371,-0.010279143273531202,2070.7143476465253,0.49781749868816405,0.024046639152891614,1513.797378194671,1.3609240896573738,0.0899822327056182,-0.04929973655132737,-0.0001625713999138037,0.330852216266137,0.22893987003871144,0.0016638980158902306,0.7321046748061671,-0.0004824078157188564,3.0746410583435205e-05,-5.991651049040167,-0.0004617206953027494,1.665720424186745e-05,-3.4820179313726602,0.0,0.0,nan,0.082350670312303,0.08104881007507458,0.08510749979085858,0.08540075719256635,0.08566235180055629,30,0.08235051937765546,0.08104881634995423,0.08510749524736468,0.08540010631807292,0.0856623377474989
corner_noise_mc,M0,56,M0_mc_0056,18,ok,0.16908233036681392,7349.0161052271815,1.1509907871668474,0.015664288459853758,7350.045333276431,1.2041866325562296,0.016386075144734443,2070.8527447661463,0.6362146183091681,0.030731791049109974,1512.4318022671612,-0.00465183785240697,-0.0003075724497238267,-0.04939363593757039,-0.0002564707861568219,0.521948682563434,0.2353967162459137,0.008120744223092502,3.573076445704116,-0.0005004315389223793,1.2722687379912272e-05,-2.479310649273991,-0.0004517218637117993,2.6656035832817572e-05,-5.572171260041967,0.0,0.0,nan,0.1145996164711562,0.10914298861798102,0.11464567548639934,0.11706934295729154,0.1184262369536782,30,0.11459879267059137,0.10914299002090216,0.11464567965549577,0.11706785178634305,0.1184262724015241
corner_noise_mc,M0,57,M0_mc_0057,18,ok,0.16854043931634183,7349.849167029438,1.9840525894232997,0.02700175572799019,7350.831657808154,1.990511164279269,0.02708605512841043,2070.8562157906317,0.639685642794575,0.03089945585300172,1511.5356602452318,-0.9007938597817429,-0.05955912113443397,-0.04852939646052023,0.0006077686908933372,-1.236881877537156,0.21984756824449816,-0.007428403778323045,-3.2684509991127197,-0.0005216896889532566,-8.535462650965009e-06,1.663332817595639,-0.0004816031752409243,-3.2252756963074554e-06,0.6742108486570341,0.0,0.0,nan,0.20283602832364522,0.1971966493216996,0.20251722344719156,0.20492967402305481,0.20566224873059583,30,0.20283602772317977,0.197198118773008,0.2025157744310144,0.20492967419289015,0.20566224313095063
corner_noise_mc,M0,58,M0_mc_0058,18,ok,0.16474985451296312,7346.680238287788,-1.1848761522269342,-0.01612544778344416,7347.646141430084,-1.1950052137908642,-0.016261138184169466,2069.188393864592,-1.0281362832452032,-0.049663224511678615,1512.803209489037,0.3667553840234632,0.0242493086587556,-0.04994160298923827,-0.0008044378378247036,1.6371270816008028,0.23795291251535503,0.010676940492533815,4.697786746881331,-0.0005362724278419941,-2.3118201539702493e-05,4.5051176341835095,-0.0005178604813218246,-3.948258177720776e-05,8.253429310758813,0.0,0.0,nan,0.12713931899335762,0.12052954331403215,0.12943585620069883,0.12978077130460833,0.13085454735748953,30,0.12713933008461709,0.1205295408673294,0.12943582435991174,0.12978226157342532,0.13085454998496857
corner_noise_mc,M0,59,M0_mc_0059,18,ok,0.16569971863630922,7347.74455587718,-0.12055856283495814,-0.001640729122776582,7348.724761872963,-0.11638477091128152,-0.0015837159708430085,2071.603557071241,1.387026923403937,0.06699912319340273,1512.0539557250395,-0.38249837997409486,-0.025290211627465618,-0.04924163687189261,-0.00010447172047904629,0.21261242922159274,0.22861563730330808,0.0013396652804868736,0.5894443079765402,-0.0005390618988908416,-2.5907672588549994e-05,5.048710750223494,-0.0004381360267197385,4.024187282487834e-05,-8.412151327054586,0.0,0.0,nan,0.017424443954018893,0.015387022954544704,0.018618277891883393,0.01910931294115414,0.02163905396571408,30,0.017424437082729578,0.015387597628455296,0.018617684357391792,0.01910929267553683,0.02163905228233602
corner_noise_mc,M0,60,M0_mc_0060,18,ok,0.16956731944898826,7345.224320261877,-2.6407941781371846,-0.03593961153352556,7346.116318250521,-2.7248283933540733,-0.03707834118306488,2068.356696841415,-1.8598333064219332,-0.08983762226500626,1512.1375260090585,-0.2989280959550342,-0.01976467144412526,-0.04961040610467538,-0.0004732409532618165,0.9631018635355736,0.23465251324896513,0.007376541226143923,3.2456318019413115,-0.0005323791076232692,-1.9224881320977546e-05,3.7464139113710524,-0.0005172479400959127,-3.8870040551295813e-05,8.125383841581613,0.0,0.0,nan,0.26826145754057507,0.2574269862221513,0.2698375174569577,0.2716419334406308,0.2733626032105235,30,0.268261427792055,0.257426989026024,0.26983751752499874,0.27164191172839336,0.2733653122806743
corner_noise_mc,M0,61,M0_mc_0061,18,ok,0.1697388152640996,7348.077701403781,0.21258696376662556,0.0028931799979404894,7349.047814865933,0.20666822205839708,0.002812255945317037,2071.321400496853,1.1048703490159824,0.053369796488731636,1511.5928337638145,-0.8436203411990846,-0.055778894968403686,-0.04910556515596609,3.159999544747466e-05,-0.06430976502226156,0.23100866503943945,0.0037326930166182437,1.642361479480742,-0.0005228342365961794,-9.680010293887788e-06,1.886374465555982,-0.0004383234720166228,4.005442752799405e-05,-8.372967807694113,0.0,0.0,nan,0.029603655791709114,0.026496412174765283,0.033973153496037294,0.03411239170288837,0.034607644216049484,30,0.02960337045968231,0.026498695876486525,0.033973136400041994,0.0341130406858926,0.03460764488652329
corner_noise_mc,M0,62,M0_mc_0062,18,ok,0.1671708572417091,7351.731339069281,3.866224629266071,0.05261697879657823,7352.724693250102,3.8835466062273554,0.05284570082183534,2069.496738099356,-0.7197920484809401,-0.034768925762057305,1511.552567230555,-0.8838868744585398,-0.058441256957243934,-0.048891283550949516,0.0002458816004640499,-0.5003984249119354,0.22621513413156902,-0.001060837891252192,-0.4667620082362562,-0.0005216781629838535,-8.52393668156193e-06,1.6610867151936122,-0.0005014564258165817,-2.307852627196486e-05,4.824329529841166,0.0,0.0,nan,0.3791283497182917,0.36423565508304134,0.3800423458520845,0.3808628539020768,0.38317995068679805,30,0.37912835481475327,0.3642356556189782,0.38004237052220674,0.3808619692026525,0.38317994929046223
corner_noise_mc,M0,63,M0_mc_0063,18,ok,0.1665027530027576,7347.657931479588,-0.20718296042650763,-0.0028196347809835536,7348.52716356466,-0.3139830792142675,-0.004272552269790996,2069.6633708540307,-0.5531592938064023,-0.026719876194153485,1511.936627341037,-0.4998267639766709,-0.0330477860818585,-0.04967809001205066,-0.0005409248606370945,1.1008466991741652,0.2358638670452639,0.008587895022442699,3.778619862895305,-0.0005288770122225206,-1.5722785920228985e-05,3.0639494160507845,-0.0004915157473442008,-1.3137847799583988e-05,2.7463325149615656,0.0,0.0,nan,0.037211464291743816,0.03253248797789751,0.03931829113186155,0.040506299623995407,0.040990985411440306,30,0.03721147106470538,0.03253248690255077,0.03931840257687668,0.040506440930897156,0.04099032611862299
corner_noise_mc,M0,64,M0_mc_0064,18,ok,0.1681652802290955,7348.978936280111,1.1138218400965343,0.01515844157111231,7350.099447883767,1.2583012398927167,0.01712244440699834,2071.9258164835423,1.709286335705201,0.08256558243128019,1512.7890331466758,0.3525790416622385,0.0233119904446417,-0.049406655121841725,-0.0002694899704281592,0.5484442775600509,0.23360635186368417,0.00633037984086296,2.785327364138306,-0.0004910765654855153,2.207766081677631e-05,-4.302344146293883,-0.0004405023038117069,3.787559573290993e-05,-7.917505338136422,0.0,0.0,nan,0.12135115636525028,0.11284769250114834,0.12355264721376442,0.1238876415314698,0.1243543915947555,30,0.12134888395508484,0.11284769620330053,0.12355133341501415,0.12388678506095147,0.1243544270426014
corner_noise_mc,M0,65,M0_mc_0065,18,ok,0.16860813376569736,7348.338793775027,0.47367933501209336,0.006446489254153827,7349.410351483956,0.5692048400815111,0.0077455047499762585,2070.0202562662016,-0.19627388163553405,-0.009480838297698156,1513.887326723017,1.450872618003359,0.09592949271127658,-0.048936759657879504,0.00020040549353406156,-0.4078491156673827,0.22538249262518512,-0.0018934793976360942,-0.8331190406023063,-0.00048695390016490923,2.6200326137382386e-05,-5.1057410802553065,-0.0005065016997188779,-2.8123800174261067e-05,5.878992361694177,0.0,0.0,nan,0.06652115123979453,0.06047194478167341,0.07082385266952884,0.07280428433163763,0.07299995468566181,30,0.06652115246464516,0.0604719658419782,0.07082435883824986,0.0728037640602227,0.07299996040658811
corner_noise_mc,M0,66,M0_mc_0066,18,ok,0.16853054193923672,7345.338680319535,-2.52643412047928,-0.034383240317168245,7346.354109934763,-2.487036709111635,-0.03384256999822937,2069.8909242075565,-0.3256059402806386,-0.01572811034686244,1514.0198048499462,1.583350744932659,0.10468874514596443,-0.04959339010043102,-0.00045622494901745303,0.9284722625157965,0.23025955913918553,0.002983587116364317,1.3127595890623798,-0.00046929491203020454,4.3859314272087075e-05,-8.547004394396277,-0.00047694079628544434,1.4371032591725002e-06,-0.30041171645691084,0.0,0.0,nan,0.2565743637009575,0.25087776932310535,0.2596017745467765,0.259910970672872,0.2646967107193916,30,0.2565743599321138,0.25087630376260106,0.2596017616906204,0.2599109769866652,0.26469671211572743
corner_noise_mc,M0,67,M0_mc_0067,18,ok,0.16983870436773654,7348.416987458345,0.5518730183302978,0.0075106579902475025,7349.406825640592,0.5656789967169971,0.007697526527367321,2071.81741221406,1.6008820662227663,0.07732920894552248,1511.8252750119825,-0.611179093031069,-0.04041023286447661,-0.04958631482211009,-0.000449149670696522,0.914073226065222,0.22865404294540895,0.0013780709225877374,0.6063425492464125,-0.0005278579648410537,-1.4703738538762072e-05,2.865364404131462,-0.00042314163423938744,5.52362653052294e-05,-11.546575491428547,0.0,0.0,nan,0.0543390319666912,0.05102516340968748,0.0558544291529472,0.05661402946051339,0.05700212489634282,30,0.05433905870863213,0.05102517739048551,0.05585429258971146,0.05661330408023787,0.0570021269803874
corner_noise_mc,M0,68,M0_mc_0068,18,ok,0.1671553763699581,7350.377096880387,2.511982440372776,0.03418656169172501,7351.31371327238,2.4725666285048646,0.033645667108127046,2071.0088497159823,0.7923195681451034,0.038272304206194444,1511.6075723965869,-0.8288817084267066,-0.054804398966778314,-0.04937572245756141,-0.00023855730614784354,0.48549261116863757,0.23222473578443978,0.004948763761618569,2.1774249682327413,-0.0005554877095536614,-4.233348325136978e-05,8.249660839085001,-0.0004087228559497775,6.965504359483934e-05,-14.560673405093796,0.0,0.0,nan,0.24521884469477298,0.23381579254804874,0.24798422827239278,0.25000314092412623,0.25461611129929906,30,0.2452188712585098,0.2338172715212778,0.247984055381163,0.25000241917374666,0.25461610990296324
corner_noise_mc,M0,69,M0_mc_0069,18,ok,0.1674705363792876,7348.110320355316,0.24520591530108504,0.0033371041994117,7349.101877763527,0.26073111965251883,0.0035479215627295404,2069.6440350703215,-0.5724950775156685,-0.02765387432563809,1512.4986791499282,0.062225044914612226,0.004114225410642722,-0.04895667481689683,0.00018049033451673913,-0.3673193884111298,0.22500012854828955,-0.0022758434745316636,-1.0013568325221558,-0.0005301517718932188,-1.6997545590927187e-05,3.312365896975811,-0.0004999902027764071,-2.161230323179022e-05,4.517830621432064,0.0,0.0,nan,0.02934158660609682,0.027061250677863313,0.03032693035088755,0.031489280966308396,0.03304869046203294,30,0.02934158310823136,0.02706124897934501,0.03032692777571015,0.03148928276235182,0.03304869566550792
corner_noise_mc,M0,70,M0_mc_0070,18,ok,0.16309029642839742,7348.5385046683095,0.6733902282949202,0.009164433720640498,7349.601300263131,0.7601536192560161,0.010343856998503348,2071.5411478191245,1.324617671287342,0.06398449881920078,1511.5917623854245,-0.8446917195890364,-0.05584973287944742,-0.048765539267273575,0.0003716258841399908,-0.7563030610228436,0.22476544877590557,-0.0025105232469156413,-1.1046144581722677,-0.0005463540896419054,-3.319986333961381e-05,6.4697632091714,-0.0004160917369188878,6.228616262572907e-05,-13.02028431602322,0.0,0.0,nan,0.08279877731797568,0.07950351276871573,0.08594052398770485,0.08788520558270561,0.0895480175723776,30,0.08279771526334229,0.07950410224420637,0.0859405366323699,0.08788520843072717,0.08954801617604176
corner_noise_mc,M0,71,M0_mc_0071,18,ok,0.171264866402416,7348.3043177589325,0.4392033189178619,0.005977291527232041,7349.314656937957,0.4735102940821889,0.006443332828039632,2069.828729034134,-0.3878011137030626,-0.018732393836859623,1512.2337071111735,-0.20274699384003725,-0.013405323132072551,-0.04865642935537774,0.00048073579603582356,-0.978354763760713,0.22282033183941638,-0.00445564018340483,-1.9604536914960067,-0.0005407783516748969,-2.7624125372605274e-05,5.383201376252976,-0.0004989245224726871,-2.0546622928070213e-05,4.295061069424235,0.0,0.0,nan,0.05487457125141191,0.05266504743846099,0.057929814091473304,0.05871753037912242,0.06083382125589765,30,0.05487457198281618,0.05266505390534633,0.0579298115162959,0.05871753217516584,0.06083382645937263
corner_noise_mc,M0,72,M0_mc_0072,18,ok,0.16786101932349884,7344.958366190184,-2.9067482498303434,-0.03955908559233084,7345.953338960824,-2.887807683050596,-0.039296096152104505,2070.2206607240214,0.004130576184252277,0.00019952387221820254,1512.9016940940649,0.46523998905126973,0.03076096108292868,-0.049478175914194206,-0.00034101076278063996,0.6939976324027514,0.23182307406448105,0.0045471020416598396,2.000696334588003,-0.00046657269183226997,4.6581534470021646e-05,-9.077492122725136,-0.00044418832067343267,3.4189578871184176e-05,-7.146981268100037,0.0,0.0,nan,0.29216367576345875,0.2782427649065909,0.2958032178940926,0.296197497242633,0.2982984447204956,30,0.29216367095731927,0.2782433566168606,0.2958032145294402,0.2961974954465896,0.29829844611683143
corner_noise_mc,M0,73,M0_mc_0073,18,ok,0.16922497932715472,7346.2333466199725,-1.6317678200421142,-0.02220737308902645,7347.33220749352,-1.5089391503543084,-0.02053302174103222,2072.090134477351,1.8736043295139098,0.0905028194987948,1514.011820280016,1.5753661750025003,0.10416081751578286,-0.04867065693809031,0.0004665082133232523,-0.9493999336057178,0.21938365820554367,-0.007892313817277535,-3.472568502087433,-0.00046990308105204553,4.3251145250246086e-05,-8.428488558285297,-0.0004401313145638326,3.824658498078427e-05,-7.995056840458645,0.0,0.0,nan,0.1562667921793434,0.15185936750899315,0.15809809639020955,0.16019453169464326,0.1625697379946871,30,0.15626765345339208,0.1518587734204658,0.15809809760322366,0.1601920203337906,0.16256976358727115
corner_noise_mc,M0,74,M0_mc_0074,18,ok,0.1667787127777663,7347.169546921924,-0.6955675180906837,-0.00946625322127587,7348.124895855874,-0.7162507880011617,-0.009746445374292308,2071.051809090817,0.8352789429800396,0.04034741925862176,1510.9934673347236,-1.4429867702899628,-0.09540809244404601,-0.04935058539783864,-0.00021342024642507368,0.4343356922757561,0.23132564795685318,0.0040496759340319655,1.7818319719364482,-0.0005472729521493761,-3.411872584708445e-05,6.648824875308659,-0.0004829180980038638,-4.540198459246955e-06,0.9490819838393275,0.0,0.0,nan,0.07777847803213829,0.07529509273229565,0.08082144668734542,0.08193249825862126,0.0858468346220775,30,0.07777947221405268,0.07529407082347177,0.08082155813236057,0.08193265709343932,0.08584682890115118
corner_noise_mc,M0,75,M0_mc_0075,18,ok,0.16698219011947693,7349.4150152503025,1.5499008102879088,0.021093212601875962,7350.403911996392,1.56276535251709,0.021265466504617338,2068.4266141695766,-1.7899159782605238,-0.08646032683995154,1511.5407620271967,-0.8956920778168751,-0.05922179906374329,-0.0494240452489361,-0.00028688009752253496,0.5838352632646372,0.22837919044452645,0.0011032184217052432,0.4854091754118499,-0.0005327492366724601,-1.9595010370168447e-05,3.8185421391473278,-0.0005284514769449602,-5.007357740034334e-05,10.467368464975069,0.0,0.0,nan,0.15064343573923794,0.14521790450490074,0.15215842543581518,0.1529992276275928,0.1548787991967174,30,0.15064341122746328,0.14521732590841907,0.1521582888725794,0.15299850587721323,0.1548788132497748
corner_noise_mc,M0,76,M0_mc_0076,18,ok,0.16720714334412767,7344.82197655148,-3.043137888535057,-0.04141526608258889,7345.790354216951,-3.0507924269240903,-0.041513925339335296,2068.4878901367465,-1.728640011090647,-0.0835004448045443,1513.116600695411,0.6801465903974986,0.04497025898519329,-0.04979612547149611,-0.0006589603200825439,1.341062957238157,0.22993958014765806,0.002663608124836847,1.1719708428172024,-0.0004981891615401141,1.496506476217753e-05,-2.9162898783886915,-0.0005530969930716953,-7.471909352707844e-05,15.619261173688402,0.0,0.0,nan,0.3054283571941937,0.29479193549014726,0.30726154296117386,0.30804289364790294,0.31392527484960053,30,0.30542934919883463,0.2947881739755587,0.307262991977351,0.30804289996169615,0.3139252762459364
corner_noise_mc,M0,77,M0_mc_0077,18,ok,0.16693951800131052,7349.669262357368,1.8041479173534753,0.024553361952820367,7350.679136231912,1.8379895880370896,0.025010604411778267,2069.831433904269,-0.385096243568114,-0.018601737449203622,1511.917788599648,-0.5186655053655613,-0.03429337503455525,-0.0493417794270313,-0.00020461427561773576,0.4164144899023534,0.2318955180213558,0.004619545998534591,2.0325712205383213,-0.0005315331145449541,-1.8378888242662466e-05,3.58155254319892,-0.000512727330445011,-3.4349430900394175e-05,7.180396697483829,0.0,0.0,nan,0.1787861353085134,0.1724193230857054,0.1805621695930563,0.1812827638540341,0.18188468402545938,30,0.17878614032466655,0.1724207889274055,0.1805607202288411,0.18128277095486453,0.18188468922893436
corner_noise_mc,M0,78,M0_mc_0078,18,ok,0.16797243401739143,7344.417059391463,-3.448055048551396,-0.04692594372446063,7345.291249243762,-3.549897400112968,-0.048305540006592235,2069.3784622699304,-0.8380678779067239,-0.040482136322565074,1512.7747842930244,0.3383301880107865,0.02236987789420838,-0.049550709587416315,-0.0004135444360027496,0.841612320793099,0.2322524252135557,0.004976453190734503,2.189608143105778,-0.0004941465369361369,1.9007689366154685e-05,-3.7040890227332035,-0.0004813393389413326,-2.9614393967157364e-06,0.619058572633649,0.0,0.0,nan,0.34838585547602746,0.3320918827438504,0.3499025462262785,0.350891218694822,0.3538588318189852,30,0.3483858288289866,0.33209177786333727,0.34990399404555433,0.3508912095090349,0.3538588332153211
corner_noise_mc,M0,79,M0_mc_0079,18,ok,0.16524761530243953,7347.912072215936,0.04695777592132799,0.0006390669288287102,7348.912317117472,0.07117047359770368,0.0009684584572930434,2071.1124758315236,0.8959456836864774,0.04327787314221168,1512.203711741134,-0.23274236387965175,-0.015388571417195665,-0.04864700126415662,0.0004901638872569433,-0.997542055481893,0.22440428866762263,-0.0028716833551985788,-1.2635226371005148,-0.0005065749157220757,6.579310580215889e-06,-1.282131227413903,-0.0004151685844891119,6.320931505550496e-05,-13.213259875858796,0.0,0.0,nan,0.01417246652069934,0.01123428326173439,0.014350994290032304,0.015394893593187072,0.01731428620921065,30,0.014170795513024356,0.01123428671825195,0.014350718343336554,0.01539367306650575,0.01731432236118735
corner_noise_mc,M0,80,M0_mc_0080,18,ok,0.16347776497381067,7348.135704495167,0.27059005515275203,0.0036825669897095526,7349.151510506858,0.3103638629836496,0.004223303467722784,2070.8969115578666,0.6803814100294403,0.03286522931883136,1512.697773560697,0.261319455683406,0.017278045300623365,-0.04886355860673747,0.0002736065446760985,-0.5568219978360462,0.22457026488736523,-0.0027057071354559814,-1.190494143034309,-0.00048011103143910406,3.304319486318756e-05,-6.4392327237157545,-0.0004367609967577712,4.161690278684562e-05,-8.699587256531307,0.0,0.0,nan,0.03659440486924835,0.032815698245113364,0.03993478207327712,0.0405657242618301,0.041217209612398165,30,0.03659446780416146,0.03281571918156487,0.0399353751740648,0.0405642330908816,0.041217245060244066
corner_noise_mc,M0,81,M0_mc_0081,18,ok,0.16747758839401874,7346.0134747664415,-1.8516396735731178,-0.02519969603054196,7346.955975899138,-1.8851707447365698,-0.025652626136809395,2070.0362509765464,-0.18027917129074922,-0.008708227794793775,1513.2620710962647,0.8256169912510813,0.054588540828291614,-0.049058016382128,7.914876928556691e-05,-0.16107719898303896,0.22897552389800038,0.0016995518751791727,0.747792148924796,-0.000480129839483214,3.3024386819077624e-05,-6.435567540200564,-0.0004964944818013836,-1.811658225676677e-05,3.787085957359761,0.0,0.0,nan,0.1861544876265668,0.17684620307463775,0.18886652638416365,0.19022659262663977,0.19207188810410117,30,0.18615616725783182,0.17684609829317993,0.18886797508839778,0.19022658255589447,0.19207188950043702
corner_noise_mc,M0,82,M0_mc_0082,18,ok,0.1656046350240889,7347.027271482103,-0.8378429579115618,-0.011402535904817223,7347.999842724144,-0.8413039197303078,-0.011448116824712166,2070.5554766550003,0.3389465071632003,0.01637251476969878,1512.1697840851957,-0.266670019817866,-0.017631816470310372,-0.04969919817266508,-0.0005620330212515109,1.1438043271719809,0.23655628694312503,0.009280314920303817,4.083280268347929,-0.0005318590012218223,-1.87047749195307e-05,3.6450591188373047,-0.000461658017872831,1.671988167178582e-05,-3.495120006108561,0.0,0.0,nan,0.0889913468128782,0.08483191198194504,0.09118887440374807,0.09147781387425254,0.09238767641620597,30,0.0889913373047591,0.08483191007257176,0.09119130902209918,0.09147779330091993,0.09238767703894837
corner_noise_mc,M0,83,M0_mc_0083,18,ok,0.16830459493169178,7349.038214403943,1.1730999639285073,0.01596518098329177,7350.00090329292,1.1597566490454483,0.015781490249998056,2070.0174815800738,-0.1990485677633842,-0.009614867085868058,1512.0505087589665,-0.3859453460470377,-0.025518119786091864,-0.04927230001383767,-0.00013513486242410638,0.27501558546915655,0.22823255255443597,0.0009565805316147646,0.4208894249140919,-0.0005266094894131303,-1.3455263110838671e-05,2.6220700173893476,-0.0005020551942646787,-2.3677294720061883e-05,4.949495940887122,0.0,0.0,nan,0.11399371109669687,0.10979414232315321,0.11507737436714877,0.11532444720962787,0.11546597020404192,30,0.11399369899946236,0.10979473449748695,0.11507737764809463,0.11532356789625936,0.11546596880770607
corner_noise_mc,M0,84,M0_mc_0084,18,ok,0.16635674377104626,7346.239261985175,-1.6258524548393325,-0.022126868546405533,7347.23365108714,-1.6074955567346478,-0.021874136678934356,2069.966503962294,-0.2500261855429926,-0.012077296355330419,1511.6773204091294,-0.7591336958842021,-0.050192766368714684,-0.04895274698224514,0.00018441816916842796,-0.3753130010657985,0.21555030852747958,-0.011725663495341626,-5.159218280304717,-0.0005461112854451773,-3.29570591428857e-05,6.422447181302407,-0.0005091758800852907,-3.079798054067388e-05,6.4380023763621725,0.0,0.0,nan,0.1611412430941982,0.15489767587966696,0.16240472038478915,0.16742604157945692,0.16858630320430734,30,0.1611413525077694,0.15489665566420285,0.16240439792826863,0.16742724116470953,0.16858630583178638
corner_noise_mc,M0,85,M0_mc_0085,18,ok,0.16945966578869728,7347.50014605943,-0.36496838058428693,-0.004966998916012375,7348.374306143976,-0.4668404998983533,-0.006352573019101843,2070.4125206574035,0.19599050956639985,0.00946715025758218,1511.4102898327294,-1.026164272284177,-0.06784842229232112,-0.04894686826425435,0.00019029688715921367,-0.3872768943279978,0.22673024344003667,-0.0005457285827845382,-0.24011714829658304,-0.0005018237432723506,1.1330483029941066e-05,-2.2080073492888754,-0.0004497392397358765,2.863865980874035e-05,-5.986618494709393,0.0,0.0,nan,0.04870448419947592,0.04138493835885129,0.05060116511287504,0.052205741501307724,0.05366201963642538,30,0.04870527072509957,0.04138493136138379,0.050600542495201926,0.05220573984932855,0.053662017501056876
corner_noise_mc,M0,86,M0_mc_0086,18,ok,0.1678338820144874,7346.881979338384,-0.9831351016309782,-0.013379874103825374,7347.848362111367,-0.9927845325073577,-0.013509402539756219,2070.065530462688,-0.15099968514914508,-0.007293907808685209,1512.0432274571626,-0.39322664785095185,-0.025999548396474236,-0.04948799713354521,-0.00035083198213164274,0.7139849868232582,0.234366394438226,0.007090422415404779,3.1197413225419255,-0.0005332268457449068,-2.0072619442615142e-05,3.9116153416985906,-0.0004765479893940528,1.8299101505640314e-06,-0.38252397368398106,0.0,0.0,nan,0.10167740566538441,0.09758179971417746,0.10406649242047138,0.1044126039470737,0.1048841610526324,30,0.10167856833893438,0.0975817764468559,0.10406675576453779,0.10441380353232631,0.1048841616753748
corner_noise_mc,M0,87,M0_mc_0087,18,ok,0.16790074892804965,7347.827734933666,-0.03737950634877052,-0.0005087124731687352,7348.8065352493,-0.034611394574312726,-0.00047097758522266224,2069.819720578336,-0.39680956950132895,-0.019167539420284322,1511.976026872516,-0.4604272324975227,-0.030442748933209307,-0.049443762121453946,-0.0003065969700403806,0.6239614538112207,0.23091769923646024,0.0036417272136390344,1.6023370975940041,-0.0005006007825652665,1.2553443737025097e-05,-2.4463296010408473,-0.0005080411801645086,-2.9663280619891775e-05,6.200804980357411,0.0,0.0,nan,0.01049891108391989,0.007613813576259077,0.011882588598981557,0.01201994207991106,0.012906221794469274,30,0.010497760971725254,0.007613812138572484,0.011882382466341141,0.012019019984762166,0.012906217647622497
corner_noise_mc,M0,88,M0_mc_0088,18,ok,0.1630776162709322,7344.16830603978,-3.6968084002346586,-0.050311326387438654,7345.097578437917,-3.743568205957672,-0.05094093247160899,2070.0020515295423,-0.21447861829483372,-0.010360202190034562,1512.2129387046546,-0.22351540035901962,-0.014778498610791894,-0.049356465863536744,-0.00021930071212317853,0.4463031423310951,0.22691090137183456,-0.0003650706509866486,-0.16062879315284204,-0.0005217770570162037,-8.62283071391206e-06,1.6803585105489276,-0.0004873579794679634,-8.980079923346545e-06,1.8771937273638621,0.0,0.0,nan,0.36371447758776865,0.34725566620730036,0.36328739413536937,0.366122220131391,0.3678577189225848,30,0.36371459638766057,0.34725464795307914,0.3632873948996445,0.3661221984191536,0.3678604279927356
corner_noise_mc,M0,89,M0_mc_0089,18,ok,0.1675925852135888,7349.752466962805,1.8873525227900245,0.02568572630818987,7350.792275568598,1.9511289247229797,0.02655015785194971,2070.177461075788,-0.039069072049187525,-0.0018871973767110026,1512.947864061595,0.511409956581474,0.03381364917470874,-0.04939983987165402,-0.000262674720240455,0.534574429418215,0.23099424272757765,0.0037182707047564434,1.6360157528588568,-0.00045889434275742547,5.4259883544866146e-05,-10.573796485289483,-0.0004886291478459283,-1.0251248301311445e-05,2.1429184565319455,0.0,0.0,nan,0.1904868530934209,0.1830605362134179,0.1936830484525825,0.1965631128867713,0.20126505287978488,30,0.19048757611439554,0.18306053957647633,0.19368304658027852,0.19656162511411052,0.2012650883276308
corner_noise_mc,M0,90,M0_mc_0090,18,ok,0.1671146473727445,7348.292236021452,0.4271215814369498,0.005812866387511265,7349.293781176573,0.45263453269853926,0.006159264075333182,2069.7174072491243,-0.49912289871281246,-0.024109695360087256,1511.4175752588185,-1.0188788461950935,-0.06736672099047074,-0.04852909639346023,0.0006080687579533353,-1.237492549844102,0.22051261307029402,-0.006763358952527193,-2.9758354534055504,-0.000526718289847711,-1.3564063545419341e-05,2.6432723049286455,-0.0004856463207116407,-7.2684211670238355e-06,1.5193889964279028,0.0,0.0,nan,0.05427911309582782,0.052120107825138,0.05594844126634996,0.056826404803658186,0.05785135436544806,30,0.05428105102313906,0.05212011358523795,0.055948418229937714,0.05682640170996364,0.05785253891607454
corner_noise_mc,M0,91,M0_mc_0091,18,ok,0.1647810282623547,7348.683078990363,0.8179645503487336,0.011132002800939702,7349.760473118776,0.9193264749010268,0.012509815582568034,2069.7524510898843,-0.4640790579528584,-0.022416933262518094,1512.8556001144057,0.4191460093920796,0.02771329719370655,-0.04917620846086587,-3.904330945230655e-05,0.07945779804756067,0.22696779805530928,-0.0003081739675119266,-0.13559460983450652,-0.0005040505089901371,9.10371731215455e-06,-1.7740704150006716,-0.0005000685945797233,-2.16906950351065e-05,4.534217624968578,0.0,0.0,nan,0.08745132133674928,0.08239683513526189,0.08818834793773989,0.08911953219762012,0.09272306726547867,30,0.08744943282782174,0.08239683832343588,0.08818730859078926,0.0891199107602003,0.09272307218975015
corner_noise_mc,M0,92,M0_mc_0092,18,ok,0.16444743962266253,7348.930679916453,1.0655654764386782,0.014501701648613967,7349.937067691849,1.095921047974116,0.014912841713480358,2070.926262673697,0.7097325258596356,0.034283009314438846,1513.0871918448145,0.6507377398008884,0.04302579047434845,-0.0503951858814895,-0.0012580207300759358,2.560222443031485,0.2458572492074002,0.018581277184578998,8.175645238341877,-0.000488936949168837,2.4217277133454628e-05,-4.719297998958424,-0.000488000106640504,-9.622207095887135e-06,2.0114238356426624,0.0,0.0,nan,0.10114940622692074,0.09670150802301122,0.10263946153685823,0.10345909478670479,0.10400290171085658,30,0.10114943984729052,0.09670150984467227,0.1026384221899076,0.1034591067137174,0.10400289966893865
corner_noise_mc,M0,93,M0_mc_0093,18,ok,0.16703454611657897,7347.406291242841,-0.45882319717384235,-0.006244306203609585,7348.493546367981,-0.34760027589345555,-0.00473000122001821,2068.947769585215,-1.268760562621992,-0.06128637000745946,1513.6394068518932,1.202952746879646,0.07953740757931511,-0.04896926789191173,0.00016789725950183687,-0.34169097664562126,0.22878309682463832,0.0015071248018171113,0.6631254454235831,-0.0004716037498714365,4.1550476430855115e-05,-8.09707380376876,-0.0005272069243009172,-4.8829024756300325e-05,10.20720748236535,0.0,0.0,nan,0.046658059743248256,0.045099779052341665,0.04896400723939166,0.04929929703835711,0.05078847862588418,30,0.04665806067616245,0.04509977476635356,0.04896385982969832,0.04929625282631917,0.05078848002222003
corner_noise_mc,M0,94,M0_mc_0094,18,ok,0.16849722422013697,7349.177649585132,1.312535145117181,0.017862809464721782,7350.169506850462,1.328360206587604,0.018075777936692097,2070.6928996125416,0.47636946470447583,0.023010610618129767,1512.427276274151,-0.009177830862654446,-0.0006068242297217995,-0.0490522441341694,8.492101724416612e-05,-0.1728244130130147,0.22644079816603607,-0.0008351738567851374,-0.3674712506350104,-0.000536067622799533,-2.2913396497241346e-05,4.465206622646697,-0.0004596420613945323,1.8735838150084523e-05,-3.9165350589815633,0.0,0.0,nan,0.1327634596494647,0.12515502904220738,0.13444518287619645,0.13548642711015332,0.1367725971364564,30,0.13276348580032504,0.12515752873424335,0.13444517241522588,0.13548643629594037,0.13677259574012054
corner_noise_mc,M0,95,M0_mc_0095,18,ok,0.16794862280415784,7345.991091290124,-1.8740231498904905,-0.025504321605028687,7346.956615245034,-1.8845313988404087,-0.025643926181491226,2068.849866114129,-1.3666640337082754,-0.06601551160499525,1512.4312612845201,-0.00519282049344838,-0.00034334139985545635,-0.048746045661384706,0.00039111949002886004,-0.7959748773126127,0.22450522384960112,-0.0027707481732200945,-1.2191117910792075,-0.0005195947668504093,-6.4405405481176865e-06,1.2550886688641747,-0.0004941997848625008,-1.5821885317883954e-05,3.3074030662673404,0.0,0.0,nan,0.18077207802379008,0.1719230018549126,0.1811052637816789,0.18128720271756435,0.18340284945098234,30,0.18077204664939472,0.17192267585661797,0.18110523134456627,0.18128718530588572,0.18340285007372473
corner_noise_mc,M0,96,M0_mc_0096,18,ok,0.16990105672861383,7348.436015929385,0.5709014893700441,0.0077696239721127885,7349.437329911281,0.596183267406559,0.00811261606435497,2071.536602763622,1.3200726157847384,0.06376495388578847,1513.4041983228055,0.9677442177919602,0.06398577706622552,-0.04852431514899953,0.0006128500024140324,-1.2472229533909163,0.2203101792920374,-0.006965792730783821,-3.064905044200789,-0.0005202195466178168,-7.06532031552519e-06,1.3768414939182658,-0.00041955622476855405,5.8821674776062796e-05,-12.296068616894097,0.0,0.0,nan,0.06827961732556104,0.06414418780671555,0.07112598526185991,0.07200816685112243,0.07543562856055246,30,0.06827851628638086,0.06414283195790063,0.07112586787555698,0.07200764855176431,0.07543563069592096
corner_noise_mc,M0,97,M0_mc_0097,18,ok,0.168910521644909,7346.217040976016,-1.648073463999026,-0.02242928304114122,7347.131161698432,-1.7099849454425566,-0.02326877001856933,2070.8193213360523,0.6027911882151784,0.029117301472427727,1512.465890937704,0.029436832690407755,0.0019463186443642714,-0.049100993348377475,3.617180303609052e-05,-0.07361393951936183,0.23030880528428202,0.00303283326146081,1.3344275835530373,-0.000511974352838118,1.1798734641736263e-06,-0.2299257033651673,-0.000433377685307243,4.5000214237373836e-05,-9.406833860889263,0.0,0.0,nan,0.1647962125836102,0.15482676130542927,0.16418490855090398,0.16588888395923818,0.16719143450360435,30,0.16479619916775617,0.15482675828238826,0.16418488415661214,0.1658888815311229,0.16719142610032806
corner_noise_mc,M0,98,M0_mc_0098,18,ok,0.1663390101374272,7346.76134171838,-1.1037727216344138,-0.015021679146848805,7347.679564058781,-1.1615825850940382,-0.01580633683481536,2071.245937688595,1.029407540757802,0.04972463149467223,1511.861104182139,-0.5753499228746932,-0.038041262580857146,-0.048952713047389594,0.0001844521040239716,-0.3753820625499909,0.2238242709409338,-0.003451701081887415,-1.5187267933192794,-0.0005330282462080357,-1.9874019905744065e-05,3.8729136168190834,-0.0004392820856422954,3.9095813902321466e-05,-8.172579448076096,0.0,0.0,nan,0.11124930556111393,0.10773796412973127,0.11392155180289934,0.11498145710071753,0.11638630452992516,30,0.11124838948612135,0.1077379494180036,0.11392122934637883,0.11498265668597013,0.11638629960565368
corner_noise_mc,M0,99,M0_mc_0099,18,ok,0.1696232377986391,7348.474853687146,0.6097392471310741,0.008298182365008516,7349.50848819254,0.6673415486657177,0.009080908613332652,2070.685453109909,0.4689229620717015,0.0226509138171269,1511.5117317263273,-0.9247223786862833,-0.06114123844188145,-0.04959463281622288,-0.00045746766480931483,0.9310013375815486,0.2350458887239442,0.007769916701122981,3.4187145398470844,-0.0005810939326579817,-6.793970635569013e-05,13.239627167304638,-0.00045421863843303224,2.4159261111584608e-05,-5.050246078379159,0.0,0.0,nan,0.07294423184336551,0.069409424335106,0.07733217859952561,0.08002277823162757,0.08426322719791414,30,0.07294423393186093,0.0694094317153258,0.07733216813855506,0.08002278378751868,0.08426323240138912
corner_noise_mc,M0,100,M0_mc_0100,18,ok,0.1687084193316973,7349.796351376237,1.9312369362223762,0.026282966632404724,7350.823103118128,1.981956474252911,0.026969646434091804,2071.473548301475,1.2570181536380005,0.06071916320503126,1510.1328631013164,-2.3035910036971927,-0.152309936556002,-0.049380413443249956,-0.00024324829183638985,0.4950393273336652,0.2299061084932248,0.0026301364704035823,1.1572435251270141,-0.0005693917243439243,-5.623749804163267e-05,10.959180526850808,-0.0004664896500814244,1.1888249463192445e-05,-2.485116782048094,0.0,0.0,nan,0.20455378477462885,0.1972010563774802,0.2092003659914405,0.20938729746913026,0.21105388344917628,30,0.20455378431177562,0.19720105395443566,0.20920036659178035,0.20938794895808513,0.21105388205284042
corner_noise_mc,M1-core,1,M1-core_mc_0001,22,ok,0.17791762852635787,7349.346223019692,1.4811085796773114,0.020156991950854387,7350.317621914781,1.4764752709061213,0.020091266656109573,2070.855632639879,0.6391024920417294,0.030871287265592948,1508.3051508460178,-4.131303258995786,-0.2731554934280191,-0.04879775676131673,0.00033940839009683615,-0.6907366126046695,0.2164598303947327,-0.0108161416280885,-4.759034372099146,-0.0006828656044583172,-0.0001697113781560256,33.072197296110964,-0.00046482824250447465,1.3549657040142198e-05,-2.8324170186458337,0.0,0.0,nan,0.184691476186191,0.17810705525815818,0.19263129211775268,0.19983280545571205,0.20245339054533246,30,0.06261708849140177,0.061405057019780426,0.06449236664272064,0.06594451588697524,0.06739988212577827
corner_noise_mc,M1-core,2,M1-core_mc_0002,22,ok,0.18110364073464202,7347.172686227173,-0.69242821284206,-0.009423529175587355,7348.129380616239,-0.711766027635349,-0.009685418604542893,2072.4731180922777,2.2565879444405255,0.10900250826803026,1508.7092697785001,-3.727184326513452,-0.24643576372397205,-0.049311445866857706,-0.0001742807154441403,0.3546820719247916,0.22223389398188728,-0.005042078040933928,-2.2184826649548524,-0.0006803902702479883,-0.00016723604394569666,32.58982102725202,-0.0003909202535166653,8.745764602795155e-05,-18.28212509633185,0.0,0.0,nan,0.11460556240572828,0.10586466366075625,0.12383305137143225,0.1279394076815143,0.12935579298893457,30,0.16647618845520923,0.16162653809251992,0.1692072242859291,0.17124093722827552,0.1718559963310554
corner_noise_mc,M1-core,3,M1-core_mc_0003,22,ok,0.1813637670603414,7348.362548949167,0.49743450915229914,0.006769782806365641,7349.338256820366,0.4971101764913328,0.006764470296358997,2071.6140224778055,1.3974923299683724,0.06750464551012814,1509.9752725832284,-2.4611815217851927,-0.16272958213253333,-0.04847093685246495,0.0006662282989486137,-1.3558541623141396,0.21780487636082158,-0.009471095661999634,-4.167222596257832,-0.0006383004077302255,-0.0001251461814279339,24.3876353371807,-0.0004062324952697248,7.214540427489207e-05,-15.081257797145222,0.0,0.0,nan,0.08309225524384373,0.07846183801616177,0.08892783032089596,0.09468265005016319,0.09781658043260677,30,0.04085156943821744,0.03908989089965189,0.04201932798207622,0.042099378142736725,0.04223450243720776
corner_noise_mc,M1-core,4,M1-core_mc_0004,22,ok,0.1788099881600872,7348.333043354138,0.4679289141231493,0.006368229503881012,7349.3352223418215,0.4940756979467551,0.006723178363603538,2072.8321356313304,2.6156054834932547,0.12634453668991188,1509.794290128453,-2.642163976560596,-0.174695867015722,-0.04875984343323469,0.0003773217181788774,-0.7678947635993663,0.2207924996992165,-0.0064834723236047165,-2.8526870948565115,-0.0006563899081492197,-0.00014323568184692811,27.91279395262158,-0.00038458387964420657,9.379401990041028e-05,-19.606679152547763,0.0,0.0,nan,0.0849395851248687,0.07828339056615619,0.09162086243588306,0.09651592834073994,0.1007640950551206,30,0.04196560855078246,0.03986071566903036,0.042115054769638505,0.04281953112587047,0.04330740981401959
corner_noise_mc,M1-core,5,M1-core_mc_0005,22,ok,0.18166797397463194,7348.763945999356,0.8988315593414882,0.012232553882557066,7349.750253837785,0.9091071939101312,0.012370755820804607,2072.545184038532,2.3286538906950227,0.1124835908120553,1509.5101501860654,-2.9263039189481788,-0.19348276821850496,-0.048935407959691486,0.0002017571917220795,-0.4105999829261119,0.22420394069353825,-0.003072031329282965,-1.3516744871624602,-0.0006734501333809057,-0.00016029590707861412,31.2373744310129,-0.00041679347559899486,6.158442394562199e-05,-12.873593032672739,0.0,0.0,nan,0.12891807656930607,0.12017514406058183,0.13874261815753697,0.14095183671120678,0.14451625995313294,30,0.009140417465084726,0.005228913221742459,0.008825453111966228,0.010910034927092907,0.01212323916743685
corner_noise_mc,M1-core,6,M1-core_mc_0006,22,ok,0.18185817802086035,7348.775880358406,0.9107659183910073,0.012394973290965445,7349.746299504358,0.9051528604832129,0.012316946882116033,2072.911163041514,2.6946328936769532,0.13016188666431552,1509.6597321639908,-2.7767219410227426,-0.18359263514749594,-0.04859319649790674,0.0005439686535068239,-1.1070411812130663,0.21839292558246173,-0.008883046440359477,-3.9084846327123013,-0.000666928029108239,-0.00015377380280594743,29.966391179123125,-0.00035987183418542657,0.00011850606535919028,-24.77247913668252,0.0,0.0,nan,0.12706009406406904,0.12063489671254785,0.13515740964347628,0.14079888826358739,0.14686407832217582,30,0.004563059772601715,0.0033684190034790618,0.005588258047128535,0.006673500201234786,0.0069809011790823655
corner_noise_mc,M1-core,7,M1-core_mc_0007,22,ok,0.1822514779048451,7345.743753990105,-2.1213604499098437,-0.0288704326613311,7346.7335978247265,-2.107548819148178,-0.02867865527492957,2072.835109130199,2.6185789823616687,0.1264881689537409,1509.7589948031798,-2.6774593018337782,-0.17702954028691198,-0.04934457475966327,-0.00020740960824970622,0.42210332568145625,0.22460399455582797,-0.0026719774669932417,-1.1756533007919303,-0.0006254731687688676,-0.00011231894246657595,21.887950387923045,-0.0003899880907792894,8.838980876532747e-05,-18.476984168680982,0.0,0.0,nan,0.22895032417118272,0.22321366252823224,0.237450498655146,0.23756804910753515,0.24212873417311015,30,0.3016187243511297,0.286326898894842,0.30387934822687385,0.3058815158295789,0.30718497292034497
corner_noise_mc,M1-core,8,M1-core_mc_0008,22,ok,0.18013186904506137,7350.42265126376,2.5575368237450675,0.03480652929677492,7351.389232802216,2.5480861583409933,0.03467330572936214,2071.674795273923,1.4582651260857347,0.07044022230764421,1510.344305549286,-2.09214855572759,-0.13832968321076483,-0.04812853065556234,0.0010086344958512225,-2.052691669825007,0.2088126991623189,-0.01846327286050231,-8.123724077021384,-0.0006584164357420056,-0.000145262209439714,28.3077098451377,-0.0004200418807092633,5.833601883535356e-05,-12.194547216935705,0.0,0.0,nan,0.28366994656846595,0.27117880369885655,0.2925594447863409,0.2996847697583783,0.3045169692680247,30,0.16654688339920085,0.16049936878013116,0.1652308722584138,0.16784743766764165,0.17062155426605158
corner_noise_mc,M1-core,9,M1-core_mc_0009,22,ok,0.17791421969523108,7350.645765169479,2.780650729464469,0.03784297460768486,7351.626857600924,2.7857109570495595,0.037906806004668635,2072.2285758873304,2.01204573949326,0.09719011080206073,1510.2568683726126,-2.1795857324009376,-0.14411089646015643,-0.048694290827734486,0.0004428743236790794,-0.9013021453606159,0.21865650816265217,-0.008619463860169041,-3.79250995318746,-0.0006247132996060595,-0.0001115590733037679,21.739872261726262,-0.00040305155120440203,7.532634834021482e-05,-15.746201572422214,0.0,0.0,nan,0.29591896333178624,0.2820112353240063,0.30123034928462744,0.3066688368535469,0.3137366824062212,30,0.18532553586945824,0.17838667667639924,0.18773358830991924,0.18980867848392222,0.1918599913391347
corner_noise_mc,M1-core,10,M1-core_mc_0010,22,ok,0.18032565868620484,7347.680713692202,-0.1844007478130152,-0.0025095826466742166,7348.6778284557,-0.16331818817434396,-0.002222366559779692,2071.467320057902,1.2507899100646682,0.06041831334306598,1509.6030317486889,-2.833422356324718,-0.1873415804435499,-0.04879325617439085,0.0003439089770227166,-0.6998958445465451,0.21866819960908274,-0.008607772413738474,-3.7873657902007127,-0.0006547448666386564,-0.0001415906403363648,27.5922194691145,-0.000435649948256369,4.272795128824783e-05,-8.931840565570008,0.0,0.0,nan,0.050121903041122094,0.04267265987806468,0.05776366816441053,0.06002388019090517,0.06251834279086665,30,0.10566909196448364,0.10058345961789428,0.10567849434562447,0.10596387593824687,0.10633666443915786
corner_noise_mc,M1-core,11,M1-core_mc_0011,22,ok,0.1813800352236263,7348.41108692848,0.5459724884649404,0.007430355347596079,7349.327765695744,0.4866190518696385,0.006621711398563451,2072.853535274754,2.637005126916847,0.12737822776096444,1508.6836903910146,-3.752763713999002,-0.2481270339532847,-0.04916876317814573,-3.159802673216583e-05,0.06430575845146579,0.22313425720879926,-0.004141714814021952,-1.8223285009671302,-0.0007048520019313051,-0.0001916977756290135,37.35675666365596,-0.00036966250611107946,0.00010871539343353738,-22.72583945391855,0.0,0.0,nan,0.09286531606555852,0.08749805038944772,0.10050958620104439,0.10687293529575952,0.11319760762697796,30,0.05505389594785013,0.05172722629377233,0.057495689568979165,0.05913319261962101,0.05962661312393038
corner_noise_mc,M1-core,12,M1-core_mc_0012,22,ok,0.18042859110368545,7349.465403614409,1.6002891743946748,0.021778967760986638,7350.396898387882,1.5557517440074662,0.021170028212107412,2071.5054009165474,1.2888707687102396,0.06225777593507088,1509.7236763583749,-2.7127777466387215,-0.17936474218640885,-0.0494732868033547,-0.00033612165194113475,0.6840477078915598,0.23191982215895146,0.004643850136130251,2.0432648884079807,-0.0006325951580436239,-0.00011944093174133226,23.275835142585645,-0.00041724349884025695,6.11344007043599e-05,-12.779520283557346,0.0,0.0,nan,0.17502804674952585,0.16992890044969897,0.181398777200842,0.18524506303699892,0.19019944755567622,30,0.06100605479475689,0.057646548567200286,0.06252013448741196,0.06264311434384438,0.06476667237120068
corner_noise_mc,M1-core,13,M1-core_mc_0013,22,ok,0.18279149513201348,7349.925924296501,2.0608098564862303,0.028046375707636895,7350.970039629965,2.12889298609025,0.028969097897326154,2072.6090016964718,2.392471548634603,0.11556624699850856,1509.0074661192077,-3.428987985805861,-0.22671947482480972,-0.0487268701237799,0.0004102950276336642,-0.8349993866544028,0.2168037597032401,-0.01047221231958112,-4.607707636832628,-0.0006874547748076819,-0.00017430054850539026,33.966503552230776,-0.00039297980282338503,8.539809672123181e-05,-17.851597409187377,0.0,0.0,nan,0.24521655293430056,0.23157638650392584,0.2522495325116057,0.26312438387703535,0.26770341581766954,30,0.12276630283432154,0.11613503061427081,0.12431626495570641,0.12792302404315306,0.12802432194877725
corner_noise_mc,M1-core,14,M1-core_mc_0014,22,ok,0.18207799992659573,7348.280028938537,0.41491449852219375,0.005646735372248524,7349.157360802575,0.3162141586999496,0.0043029118794377635,2071.4429749096726,1.2264447618354097,0.059242342236917,1508.3553206059044,-4.081133499109228,-0.2698383451438457,-0.04886224868099416,0.00027491647041940487,-0.5594878531805088,0.22291998775693023,-0.004355984265890983,-1.916605713803125,-0.0006950924428914323,-0.0001819382165891407,35.45488028037083,-0.0004096066394653769,6.877126007923996e-05,-14.37592751352132,0.0,0.0,nan,0.0819888168338366,0.07854838056482547,0.08851661071620806,0.09272167974254386,0.09769476159691522,30,0.0668249534062454,0.061495521849170134,0.07159588022979334,0.07164627582564634,0.07294900524731247
corner_noise_mc,M1-core,15,M1-core_mc_0015,22,ok,0.17738956143825835,7347.622734524774,-0.24237991524023528,-0.0032986440478324866,7348.512515175858,-0.3286314680162832,-0.00447188150428813,2071.120740407232,0.9042102593948584,0.04367708624808862,1509.5065093492315,-2.9299447557821168,-0.1937234948172362,-0.048739519926800944,0.0003976452246126222,-0.8092555266208369,0.21895958775158458,-0.008316384271236626,-3.6591568379263437,-0.0006433781999133133,-0.00013022397361102172,25.377160887750087,-0.0004464319457594838,3.194595378513303e-05,-6.677974424726436,0.0,0.0,nan,0.05922317630809173,0.053226927211613886,0.06740657352496783,0.0701261379838604,0.07262233887525439,30,0.11888295631296728,0.1121592669839572,0.11954331223004373,0.12089239147153591,0.12195576404681105
corner_noise_mc,M1-core,16,M1-core_mc_0016,22,ok,0.18222879152763063,7346.7968692737395,-1.0682451662751191,-0.014538170606531755,7347.728430260262,-1.1127163836126783,-0.015141385715227253,2072.075822545342,1.8592923975047597,0.08981149413254781,1510.8503048212306,-1.5861492837830156,-0.10487378028200343,-0.04831978140699356,0.0008173837444200027,-1.6634735477744353,0.21368371158788402,-0.013592260434937192,-5.9805092082379785,-0.0006022529321640477,-8.909870586175611e-05,17.362948855315356,-0.0003901655006351993,8.821239890941754e-05,-18.4398984554658,0.0,0.0,nan,0.11785386787840935,0.1128398976630251,0.12393185442081345,0.12581325456399042,0.12715369237744198,30,0.20014867779709106,0.19303641454756076,0.20416339886510798,0.2065246708651486,0.2071093581948844
corner_noise_mc,M1-core,17,M1-core_mc_0017,22,ok,0.18219635653868024,7349.8782020139915,2.013087573976918,0.02739690430654206,7350.946673160006,2.105526516131249,0.028651136609379794,2071.155482194912,0.938952047074963,0.04535525793564749,1510.5175602499723,-1.918893855041233,-0.1268743456846087,-0.04818591387253946,0.0009512512788741045,-1.9359099694556539,0.21509504705350596,-0.012180924969315249,-5.359530469015941,-0.0006115277482943353,-9.837352199204368e-05,19.170361842463574,-0.00042858627020936796,4.979162933524888e-05,-10.408430109887417,0.0,0.0,nan,0.2295500240615297,0.21810502697204015,0.2345844002404533,0.243600379827609,0.24535970864145612,30,0.12622965402483144,0.12057258907094877,0.1296847828095264,0.1322207258685725,0.13292143276224805
corner_noise_mc,M1-core,18,M1-core_mc_0018,22,ok,0.180972003759059,7348.878418262135,1.0133038221201787,0.013790452142743275,7349.892044573036,1.0508979291616924,0.014300185678140894,2072.9804043432787,2.763874195441531,0.13350652722515738,1510.3144356532953,-2.1220184517183043,-0.14030463534244894,-0.048698283723734206,0.0004388814276793593,-0.8931761250918108,0.22448354335321055,-0.002792428669610658,-1.2286510732996734,-0.00059465156079092,-8.149733448862835e-05,15.881645382887184,-0.00036099849085488556,0.00011737940868973128,-24.536963099981936,0.0,0.0,nan,0.12588284251138473,0.12107482684233731,0.13101474544967004,0.13306356179680706,0.1387989228022775,30,0.029134668149254136,0.02226105468355115,0.03246704751142772,0.033089168058167216,0.03373675082469276
corner_noise_mc,M1-core,19,M1-core_mc_0019,22,ok,0.18184034121536072,7348.5769419838225,0.7118275438078854,0.009687542336739454,7349.554968096773,0.7138214528986282,0.00971338798396291,2072.890512252375,2.6739821045380268,0.12916436834494185,1510.1512296146748,-2.2852244903388055,-0.15109557060306975,-0.04868839522402899,0.00044876992738457355,-0.9133004030690677,0.21750719250098877,-0.009768779521832444,-4.2982016246097245,-0.0006203470823774055,-0.00010719285607511389,20.889013591007267,-0.0003833722377392077,9.500566180540914e-05,-19.859960482256405,0.0,0.0,nan,0.09850459082817906,0.09287859108726479,0.10439578226012713,0.10579356132128737,0.11249409467877171,30,0.026294392331061543,0.024654978103345115,0.028274517096299974,0.028539296837096797,0.03012888740976791
corner_noise_mc,M1-core,20,M1-core_mc_0020,22,ok,0.1814819103220082,7349.445812359177,1.5806979191620485,0.02151234262664489,7350.427185218456,1.5860385745809253,0.02158215891365742,2073.3411866351944,3.1246564873572424,0.15093380049158947,1510.0650005956668,-2.371453509346793,-0.15679690230358168,-0.048726145390612895,0.00041101976080067104,-0.8364743052110057,0.22173276323107044,-0.00554320879175077,-2.4389770473379238,-0.0006615711413902791,-0.00014841691508798744,28.9224773919249,-0.00037871119247637994,9.96667070682369e-05,-20.834304252582072,0.0,0.0,nan,0.19107238095788262,0.17882186759169938,0.20062075966828388,0.2033465562447944,0.20976710422839345,30,0.07195928380591567,0.06760790710601441,0.07225045427536372,0.07356139532046511,0.07535806315528362
corner_noise_mc,M1-core,21,M1-core_mc_0021,22,ok,0.18562851641242661,7349.214217894221,1.34910345420667,0.018360482033827945,7350.145697681901,1.3045510380261476,0.01775179258871203,2072.5559956209577,2.3394654731205264,0.11300583485117191,1510.3469580365365,-2.0894960684770467,-0.13815430478456095,-0.048957494956592455,0.00017967019482111046,-0.36565030617347644,0.22182148090647102,-0.005454491116350185,-2.399941827463613,-0.0006444180159630908,-0.00013126378966079916,25.57979315627298,-0.00037226146192289623,0.00010611643762172061,-22.182554361883405,0.0,0.0,nan,0.15590857429193647,0.1487761670065396,0.1640032127644565,0.16775204453219286,0.1742254385416402,30,0.041149187053150627,0.039998399474976055,0.042590293751511014,0.04321627293039853,0.04534816688027945
corner_noise_mc,M1-core,22,M1-core_mc_0022,22,ok,0.18317420360461859,7350.255629951487,2.390515511472586,0.03253347025620745,7351.236410029417,2.395263385542421,0.03259375645419017,2071.022674015261,0.806143867423998,0.0389400748996256,1510.8310005515941,-1.6054535534194656,-0.10615014925499763,-0.048351968583813174,0.0007851965676003922,-1.5979687985272464,0.2122709667331079,-0.015005005289713297,-6.6021080698344194,-0.0006038627275103256,-9.070850120803395e-05,17.676654806424395,-0.0004759672362534087,2.4106632912081444e-06,-0.5039244692329916,0.0,0.0,nan,0.25697673872319343,0.24502434883848423,0.2607691044104558,0.266062919207865,0.26956088594309335,30,0.15703598191120136,0.15491500852493517,0.16013836973131504,0.16105016398923852,0.16337938237672348
corner_noise_mc,M1-core,23,M1-core_mc_0023,22,ok,0.17830785233774588,7346.978987882099,-0.8861265579153041,-0.012059646497509725,7347.878077399502,-0.9630692443724911,-0.013105049152032807,2072.0814676324644,1.8649374846272622,0.09008417513186817,1509.6085140483226,-2.827940056690977,-0.18697909912283983,-0.0488799130513443,0.00025725210006926486,-0.5235387496949736,0.22159132939372128,-0.005684642629099929,-2.5012070473200407,-0.0006490075409813525,-0.00013585331467906093,26.474168527851457,-0.0003836602201724226,9.471767937219426e-05,-19.79976070432163,0.0,0.0,nan,0.12157375983923657,0.11584508647476924,0.1297470565474879,0.13186106177467108,0.1333801714761421,30,0.1813679468049827,0.17267944211657776,0.18148851123577628,0.1817732485616662,0.18189627020818194
corner_noise_mc,M1-core,24,M1-core_mc_0024,22,ok,0.1828386599394419,7347.618546906907,-0.24656753310773638,-0.003355634994213247,7348.579365731308,-0.2617809125667918,-0.003562206711820733,2072.3631248052043,2.1465946573671317,0.10368937867643441,1509.1511193127715,-3.285334792242111,-0.21722134396623047,-0.049221255527881834,-8.409037646826822e-05,0.17113395982277,0.22563871638624552,-0.0016372556365756852,-0.72038219526844,-0.0006781429977861657,-0.0001649887714838741,32.151887878378616,-0.00042480397286421764,5.35739266803992e-05,-11.199080628807879,0.0,0.0,nan,0.06494874875087929,0.05642713433593939,0.0758081793261573,0.07795485119519667,0.07854683559064596,30,0.1190349679317535,0.11333596611418102,0.1216005117125934,0.12297696244259185,0.12349608307650897
corner_noise_mc,M1-core,25,M1-core_mc_0025,22,ok,0.17955636463375566,7348.462627773299,0.5975133332840414,0.008131795072146997,7349.353536437674,0.5123897937992297,0.006972389028074607,2072.0934800861523,1.8769499383151924,0.09066442620768547,1509.8807227229674,-2.555731382046133,-0.1689810752120816,-0.04821750942198733,0.0009196557294262331,-1.8716092525736125,0.21736932499400918,-0.009906647028812027,-4.358862461632012,-0.0006315860415167522,-0.00011843181521446061,23.07918538796057,-0.00037316354789185735,0.0001052143516527595,-21.993982529902905,0.0,0.0,nan,0.09020955539043025,0.0851005161999808,0.09553818228492673,0.09779993384605176,0.10460780137170218,30,0.03564229154509917,0.03232874149684335,0.03692189808743649,0.03745814640273039,0.03888142786456683
corner_noise_mc,M1-core,26,M1-core_mc_0026,22,ok,0.1785047746839014,7346.731269731378,-1.1338447086363885,-0.015430940701512857,7347.483369182679,-1.3577774611958375,-0.018476075807080383,2071.660662492094,1.4441323442570138,0.06975755063427526,1509.3286993863123,-3.107754718701244,-0.2054800193599051,-0.04988076443002017,-0.0007435992786066076,1.5133133470668196,0.23033736690976925,0.003061394886948038,1.3469945193505266,-0.0006616537662198249,-0.00014849953991753328,28.938578755864008,-0.0004155681732743195,6.280972627029736e-05,-13.129729933194644,0.0,0.0,nan,0.16841718791685592,0.15375411631681857,0.17665874015217523,0.17903784006726395,0.1867669416340277,30,0.22677556419890266,0.21603532543485357,0.227017818451327,0.22848063768841684,0.22945660366848983
corner_noise_mc,M1-core,27,M1-core_mc_0027,22,ok,0.18301552595707402,7348.968086830426,1.102972390411196,0.015010787122964959,7349.983837365984,1.1426907221093643,0.01554926415345387,2072.784549905718,2.5680197578808475,0.12404594980687655,1509.750216259062,-2.6862378459516094,-0.17760996428383463,-0.04871518484610769,0.0004219803053058732,-0.8587803224006988,0.221653208324378,-0.005622763698443223,-2.473980706538846,-0.0006448003829303564,-0.0001316461566280648,25.654306226158603,-0.00038733894165133426,9.103895789328259e-05,-19.030761659337834,0.0,0.0,nan,0.1448078515286624,0.1360327063574914,0.151728678580335,0.1560408046790937,0.1611072630099045,30,0.0266144345155169,0.023600428850431857,0.026638187382590675,0.02727730880662477,0.028450483209650202
corner_noise_mc,M1-core,28,M1-core_mc_0028,22,ok,0.1775044262707421,7348.1800948137525,0.31498037373785337,0.004286692377066835,7349.095199144938,0.25405250106359745,0.003457041674926122,2072.783750367297,2.5672202194600686,0.12400732880230358,1508.7003397844426,-3.736114320571005,-0.24702620136076103,-0.048299049240029444,0.0008381159113841213,-1.7056659837854131,0.21355951444049734,-0.013716457582323871,-6.035155172913121,-0.0006752934920096464,-0.00016213926570735483,31.596595603568307,-0.0003804820581564641,9.789584138815275e-05,-20.464122920674832,0.0,0.0,nan,0.07592048539440835,0.07158170932978862,0.08423913195681791,0.08484358036510113,0.0922163386693569,30,0.06253270033093941,0.05905908176009404,0.06544911146441565,0.06600857555355902,0.06735117333097378
corner_noise_mc,M1-core,29,M1-core_mc_0029,22,ok,0.18318292479638976,7346.694783573336,-1.1703308666783414,-0.01592749524454945,7347.603263650008,-1.2378829938670606,-0.016844601334625207,2072.1842239530665,1.9676938052293735,0.09504772938359533,1510.1776131222625,-2.258840982751053,-0.1493511331745654,-0.04940137721756248,-0.0002642120661489125,0.5377031119617036,0.22810482123578188,0.0008288492129606695,0.36468844708205367,-0.0006374255728922277,-0.00012427134658993613,24.217153483352526,-0.00041086398799300016,6.751391155161669e-05,-14.11309168251404,0.0,0.0,nan,0.1462493504948611,0.13830008671411348,0.1531121724506596,0.15555831176304166,0.15843195066412932,30,0.21396264214483268,0.20482047959667965,0.21503160157255422,0.2173022484333566,0.2191158317501049
corner_noise_mc,M1-core,30,M1-core_mc_0030,22,ok,0.17839959565696445,7348.402228799462,0.5371143594475143,0.007309801569329,7349.304508290533,0.4633616466580861,0.006305234218727094,2072.250407846338,2.0338776985008735,0.09824468449953065,1508.2501555087506,-4.186298596262986,-0.2767917015555033,-0.04864721177686119,0.0004899533745523765,-0.9971136369845741,0.2152469856088317,-0.0120289864139895,-5.292678459112101,-0.0006898246908860602,-0.00017667046458376856,34.42833665364662,-0.0004131215318861796,6.525636765843725e-05,-13.641175255076972,0.0,0.0,nan,0.09604878981390924,0.09339870539031381,0.10438711217106743,0.10587382669288528,0.11236393477449269,30,0.05082867181748725,0.04703399870549276,0.054229967881671545,0.056313047768725255,0.0587802686807322
corner_noise_mc,M1-core,31,M1-core_mc_0031,22,ok,0.17934372922662936,7349.755820953168,1.8907065131534182,0.025731372088442454,7350.744127446377,1.9029808025024977,0.025894978058840824,2072.1303795643103,1.9138494164731128,0.09244682324782916,1509.6148870896934,-2.82156701532017,-0.1865577233120737,-0.04857349898712713,0.000563666164286436,-1.1471279683097888,0.22299037184393375,-0.004285600178887461,-1.8856371576565674,-0.0006391280653740396,-0.000125973839071748,24.548923620778805,-0.0004007536331717813,7.762426637283556e-05,-16.22655780016773,0.0,0.0,nan,0.21821536876937556,0.21088002292859187,0.2259763631631438,0.23010147172980536,0.23579192443006036,30,0.1014192419814094,0.09595966164367269,0.10230945442557243,0.10442082662349719,0.10518988237166127
corner_noise_mc,M1-core,32,M1-core_mc_0032,22,ok,0.17975929506720453,7345.926814405377,-1.938300034637905,-0.026379091129867915,7346.86978516325,-1.9713614806250916,-0.026825474129691704,2071.8573891243977,1.6408589765605939,0.07926025865726315,1510.698398144251,-1.7380559607624946,-0.11491761892178086,-0.048783708325390425,0.00035345682602314077,-0.7193268576524151,0.2203960911648825,-0.006879880857938697,-3.027104359825541,-0.0006407337587632146,-0.00012757953246092296,24.86183021043029,-0.0004051923726188011,7.318552692581572e-05,-15.298684783616334,0.0,0.0,nan,0.20947359479025635,0.19880768298068574,0.21679018849734633,0.21967777432220942,0.22573136695000356,30,0.2809672102332854,0.2712733631830503,0.2826951841658689,0.2840477114073644,0.2853756435002651
corner_noise_mc,M1-core,33,M1-core_mc_0033,22,ok,0.17860108081701714,7347.416248585658,-0.44886585435688175,-0.0061087927903680644,7348.317387517596,-0.5237591262784917,-0.007127098216263473,2072.2644786215933,2.0479484737561506,0.09892436099956672,1509.606895910244,-2.829558194769561,-0.1870860879536229,-0.04875389334864776,0.00038327180276580275,-0.780003896408698,0.22194331566595887,-0.005332656356862336,-2.3463352986240333,-0.0006510928000522446,-0.00013793857374995303,26.88052961074035,-0.000395363192381341,8.301470716327587e-05,-17.35337423453304,0.0,0.0,nan,0.07720412481219795,0.07052507723028327,0.08704646915584646,0.08890109115984528,0.09032149465148222,30,0.1370962424778554,0.12838121321745743,0.1367417031576707,0.13719012478070453,0.1383122100218941
corner_noise_mc,M1-core,34,M1-core_mc_0034,22,ok,0.18116034285854055,7350.337623267414,2.472508827398997,0.03364934969396792,7351.288347083481,2.447200439606604,0.0333004944694472,2071.5692093114176,1.352679163580433,0.06533998467705386,1510.6968128511435,-1.7396412538701043,-0.11502243609299535,-0.048966230695385395,0.00017093445602817114,-0.34787203433784936,0.22380502611352363,-0.0034709459092975847,-1.5271943964886268,-0.0006315912076822619,-0.00011843698137997032,23.08019213510303,-0.0004274887796917525,5.088911985286432e-05,-10.63784926128638,0.0,0.0,nan,0.2618503658583165,0.25075974746924035,0.2708418840723118,0.2744002348249572,0.2788402686071379,30,0.1522166703618552,0.1481472943946102,0.15489449487796036,0.15531183680959543,0.15621293431425443
corner_noise_mc,M1-core,35,M1-core_mc_0035,22,ok,0.17802913968983328,7349.80440037942,1.9392859394056359,0.026392508697452185,7350.776900928506,1.9357542846310025,0.02634094608937135,2072.775098623031,2.558568475194079,0.12358941385765902,1511.0214377937084,-1.4150163113051804,-0.09355872820075065,-0.04907093371845853,6.623143295503287e-05,-0.13478887671062062,0.22549649581972972,-0.0017794762030914901,-0.7829583511418486,-0.0006212529333543853,-0.00010809870705209368,21.065539658717398,-0.0003613393036803171,0.00011703859586429977,-24.465719669682176,0.0,0.0,nan,0.20852278494313053,0.19802046044700033,0.21658976401755636,0.21993663063430488,0.2262701992680718,30,0.10462232475131827,0.10078959063959872,0.10815468911326774,0.10938611843902037,0.1104899982346069
corner_noise_mc,M1-core,36,M1-core_mc_0036,22,ok,0.17823933278345855,7349.953577131159,2.0884626911447413,0.028422714062081748,7350.931235465459,2.0900888215846862,0.02844106682778419,2071.8517197393376,1.6351895915004206,0.0789864039673014,1510.8521256740623,-1.5843284309512455,-0.10475338825979133,-0.04914171116826099,-4.546016847427337e-06,0.009251687258349208,0.22236913466087044,-0.004906837361950772,-2.158977615749925,-0.0006267215837913665,-0.00011356735748907487,22.131233003267525,-0.0004189883907966821,5.9389508747934754e-05,-12.414768492538958,0.0,0.0,nan,0.2235763232128192,0.21199147728832768,0.22941453041173931,0.23533026564772996,0.23934240757423025,30,0.11636418539407031,0.1128572141420193,0.1196177358087823,0.12056446488985671,0.12139898296899218
corner_noise_mc,M1-core,37,M1-core_mc_0037,22,ok,0.18082029912448994,7348.3745958029,0.5094813628857082,0.006933733199381629,7349.477013422467,0.6358667785925718,0.008652612920922427,2073.474326834421,3.257796686583788,0.1573650214430055,1509.4409367303322,-2.9955173746814125,-0.19805905673266877,-0.049214660851592526,-7.749570017896029e-05,0.15771300590939955,0.22370689106017924,-0.0035690809626419684,-1.570373203500628,-0.0006257373704706821,-0.00011258314416839053,21.939436215822855,-0.00037956958269890986,9.880831684570699e-05,-20.654866568828904,0.0,0.0,nan,0.08769475316218515,0.08199506391913189,0.09516191287211882,0.09794967130573154,0.09948079134844079,30,0.04747721567840699,0.03913748889890485,0.04716881108071163,0.04926116314351446,0.05064630452392862
corner_noise_mc,M1-core,38,M1-core_mc_0038,22,ok,0.1780784069626793,7349.325167024408,1.460052584393452,0.019870432590333737,7350.356809606872,1.5156629629973395,0.02062451661088802,2071.3230229580936,1.1064928102564409,0.053448168060827174,1510.6780691648385,-1.7583849401751195,-0.11626174014799492,-0.04911074393251213,2.6421218901437338e-05,-0.05377033620075915,0.22366365895553367,-0.0036123130672875425,-1.5893950579715586,-0.0006304980088888306,-0.00011734378258653898,22.867157001141695,-0.00043015572050655746,4.822217903805939e-05,-10.080352600729176,0.0,0.0,nan,0.16797216156041941,0.15954221677340003,0.17381720600634595,0.18227398095995823,0.18395620637903107,30,0.06042630429055861,0.05617363155556347,0.06388206952773999,0.06481558089681158,0.06523458059609766
corner_noise_mc,M1-core,39,M1-core_mc_0039,22,ok,0.1790743147480166,7351.066673544464,3.2015591044491885,0.04357128301331347,7352.054347021183,3.213200377308567,0.04372390575861061,2073.0907748827963,2.8742447349591203,0.1388378796663297,1511.7079211558814,-0.728532949132159,-0.048169491495315055,-0.04812314352108396,0.0010140216303296049,-2.063655131924992,0.21566960248093156,-0.01160636954188965,-5.106729690160222,-0.0005978714606459626,-8.471723434367098e-05,16.5091175325847,-0.0003864140003148085,9.196389922980832e-05,-19.224111171806157,0.0,0.0,nan,0.3367743257709378,0.319555806362402,0.3431390057371283,0.3462454903755034,0.35315431109475526,30,0.24340099761254805,0.23704566955288725,0.24948164191741964,0.2503719923377753,0.2521253896840904
corner_noise_mc,M1-core,40,M1-core_mc_0040,22,ok,0.18401407496456534,7349.0683519613185,1.2032375213038904,0.016375334911078995,7350.080514249332,1.2393676054571188,0.016864803316957295,2072.210002961575,1.9934728137377533,0.09629296185725059,1509.806470562423,-2.6299835425904803,-0.17389051523138385,-0.04840711229426558,0.0007300528571479864,-1.485744761421151,0.22393134095550213,-0.0033446310673190816,-1.4716166594959017,-0.0006603877518830641,-0.00014723352558077246,28.691866506043226,-0.0003754746052253914,0.00010290329431922546,-21.51087966588389,0.0,0.0,nan,0.15977301889520276,0.15249512705362633,0.17081452369420844,0.17534796623838245,0.17918964433655446,30,0.04020088187030524,0.03700235218574903,0.039215741365742934,0.04205492463026615,0.04339296906125014
corner_noise_mc,M1-core,41,M1-core_mc_0041,22,ok,0.1806073750803313,7346.792377536623,-1.0727369033920695,-0.014599300431957146,7347.7171376122715,-1.1240090316032365,-0.015295051412514986,2071.5181194647653,1.3015893169281298,0.0628721342899905,1510.0796219057004,-2.356832199313203,-0.15583016350315768,-0.049259762952150274,-0.00012259780073670817,0.24950116751532075,0.21918418677315762,-0.008091785249663586,-3.560334679308323,-0.0006342127956463186,-0.00012105856934402695,23.591069339203518,-0.0004333346974414508,4.504320210316605e-05,-9.415820033919651,0.0,0.0,nan,0.1386683355278592,0.13034191441099666,0.14553701758556428,0.14859257648821084,0.14932948870784343,30,0.20398003381254168,0.19737264996806803,0.20570619489051808,0.20961808953132846,0.2106031838942215
corner_noise_mc,M1-core,42,M1-core_mc_0042,22,ok,0.1764824720433561,7348.982008589704,1.1168941496889602,0.015200253846440939,7349.993260995516,1.152114351641103,0.015677497018251094,2071.2808295126465,1.064299364809358,0.0514100505580136,1510.0907255504844,-2.3457285545291597,-0.1550960073834803,-0.04860373157580377,0.0005334335756097958,-1.0856010393885127,0.21837877421816737,-0.00889719780465384,-3.914711144106538,-0.000660380305934054,-0.00014722607963176242,28.690415490222176,-0.000433664202627092,4.471369691752482e-05,-9.346940349896851,0.0,0.0,nan,0.1462789471409848,0.13899031823511052,0.15487588855547757,0.16263844627947546,0.1646310290265376,30,0.02753826526652005,0.024023388834643812,0.02796322294798074,0.028089033015683638,0.028834353751233267
corner_noise_mc,M1-core,43,M1-core_mc_0043,22,ok,0.18416577543412133,7351.950350386709,4.085235946694411,0.05559759036221434,7352.947987069313,4.1068404254383495,0.05588419103757458,2072.4890303604143,2.2725002125771425,0.10977113647212836,1510.0306927350432,-2.405761369970378,-0.15906528591272223,-0.047911270611649834,0.001225894539763732,-2.4948418086110644,0.2145846594682505,-0.012691312554570705,-5.584097800402915,-0.0006419547732230507,-0.0001288005469207591,25.09977319077649,-0.0004072410885406062,7.113681100401066e-05,-14.870421704624745,0.0,0.0,nan,0.4349950134027267,0.416707867244844,0.44580656244187256,0.44874847936408,0.45716586274367044,30,0.31948938979998615,0.3078804562097474,0.31987529322381075,0.3242915984267353,0.3252797780184039
corner_noise_mc,M1-core,44,M1-core_mc_0044,22,ok,0.17932398114764905,7348.767070329387,0.9019558893724025,0.01227507412459001,7349.640508277264,0.799361633389708,0.0108773834872559,2072.692984116535,2.4764539686980243,0.11962294439418746,1509.9187722972401,-2.5176818077734424,-0.16646529518248648,-0.048978854553233385,0.00015831059818018078,-0.3221809758303213,0.22092131578037552,-0.006354656242445689,-2.796008828336506,-0.0006606487860441988,-0.0001474945597419072,28.742735065192722,-0.00039442723674053525,8.395066280408159e-05,-17.549026174494454,0.0,0.0,nan,0.11551546578830879,0.11018345251102346,0.12342379802765037,0.12422014509775152,0.1316871112042975,30,0.012333922498208949,0.009207513968974013,0.012166959184344819,0.012582840217840497,0.013980645987498973
corner_noise_mc,M1-core,45,M1-core_mc_0045,22,ok,0.1773586130996881,7350.287992108766,2.4228776687514255,0.032973899643176485,7351.213911979572,2.372765335697295,0.03228761226905698,2072.0908352686088,1.8743051207716235,0.09053667060796664,1509.296916024587,-3.1395380804265187,-0.20758148693819634,-0.04923632062634684,-9.915547493327681e-05,0.20179323456641116,0.2240067093047309,-0.0032692627180903044,-1.4384550592801035,-0.0006654202454861735,-0.00015226601918388188,29.672564577921687,-0.00042039363293104565,5.798426661357119e-05,-12.121017017878179,0.0,0.0,nan,0.26222932222679557,0.25174874071574893,0.2694165112637973,0.2749841257755756,0.28183102087602946,30,0.14189753130622762,0.13511331582319314,0.14200448499469076,0.1427187790326485,0.1430901468178945
corner_noise_mc,M1-core,46,M1-core_mc_0046,22,ok,0.1836899322621088,7347.636632262196,-0.2284821778184778,-0.0031095042472876226,7348.567655641228,-0.27349100264655135,-0.0037215527889244322,2072.242659691872,2.0261295440350295,0.09787041667039248,1509.5159378875587,-2.9205162174548605,-0.19310009419093777,-0.0488306006382349,0.00030656451317866845,-0.6238954002210062,0.2173777581395314,-0.00989821388328982,-4.355151930577123,-0.0006786931806422548,-0.0001655389543399632,32.25910376551135,-0.000393571380637614,8.480651890700286e-05,-17.727934126499758,0.0,0.0,nan,0.06506753504889957,0.054403316081464925,0.07456101274613047,0.0771055448484634,0.08231697486257303,30,0.11739780977212035,0.11157561901148086,0.11851598277169671,0.12070045921952043,0.12212467297048875
corner_noise_mc,M1-core,47,M1-core_mc_0047,22,ok,0.1818103905970037,7347.6149232003745,-0.2501912396401167,-0.0034049514483933735,7348.516070695882,-0.32507594799244544,-0.004423499453936402,2070.962172076602,0.7456419287650533,0.03601758163489333,1509.189644181411,-3.246809923602541,-0.21467413819536937,-0.04859034869040061,0.0005468164610129556,-1.1128368096286583,0.2188521846561513,-0.008423787366669905,-3.7064135252379677,-0.0006757071519449257,-0.0001625529256426341,31.677206833891802,-0.00041970884064084494,5.8669058903771905e-05,-12.26416583199618,0.0,0.0,nan,0.06680418702950419,0.05867398128309275,0.07615751628566214,0.07859287721695295,0.07940643919005765,30,0.11885125690272957,0.11578518545782117,0.12138905596635823,0.12196483228748206,0.12265040487853299
corner_noise_mc,M1-core,48,M1-core_mc_0048,22,ok,0.180259931113368,7349.0626526194865,1.1975381794718487,0.016297770315876488,7350.045921406411,1.2047747625365446,0.01639407817498886,2071.2387776492315,1.022247501394304,0.049378772051506314,1509.2338851422987,-3.2025689627148495,-0.21174899309141382,-0.04896551565272817,0.00017164949868539447,-0.34932723154961354,0.2242790373698245,-0.002996934652996719,-1.318632421334795,-0.0006721523450342712,-0.00015899811873197958,30.984470278593424,-0.00044636042174853066,3.2017477796086186e-05,-6.692925786614441,0.0,0.0,nan,0.15426356765210583,0.14775046813551568,0.16202785524535102,0.16942552831715943,0.17100586340090446,30,0.03182971645788939,0.0305150930373145,0.03279702850701881,0.033498159294598505,0.03464592449856241
corner_noise_mc,M1-core,49,M1-core_mc_0049,22,ok,0.18085715904511276,7349.996741630071,2.1316271900559514,0.029010156785089596,7350.996744655759,2.155598011884649,0.029332488876413994,2072.6321266541063,2.4155965062691394,0.11668327786449653,1510.0109260132929,-2.4255280917207074,-0.16037223151672955,-0.048626285978748025,0.0005108791726655404,-1.0397001355110604,0.22000215632386178,-0.007273815698959435,-3.2004332152758574,-0.0006228220163731127,-0.00010966779007082108,21.371311868766995,-0.0004242537302978359,5.4124169246780936e-05,-11.314103201319178,0.0,0.0,nan,0.23906869481836565,0.2292744027437891,0.24561224873385298,0.24710050149398313,0.25371533132971535,30,0.12942761068575806,0.1239646752138924,0.13100655954863044,0.13250224545760686,0.13555486090293128
corner_noise_mc,M1-core,50,M1-core_mc_0050,22,ok,0.1804010059423833,7347.057412940623,-0.8077014993914418,-0.010992328884809655,7348.112567724279,-0.7285789195957477,-0.009914201505477917,2071.6053194514366,1.3887893035994239,0.06708425342832368,1508.9946894028958,-3.44176470211778,-0.22756425189145874,-0.04846455658746383,0.0006726085639497323,-1.3688387636468744,0.21963364238888441,-0.007642329633936795,-3.362577031754775,-0.0006853259845533814,-0.00017217175825108978,33.55165940885498,-0.00042915999924369937,4.9217900300917476e-05,-10.288497931816993,0.0,0.0,nan,0.10625994166128974,0.09844508704580333,0.11531019186530102,0.11802980035911816,0.1195272428499095,30,0.1624080718393998,0.15550023318799616,0.16437188374825212,0.16533301298713268,0.16788860734076252
corner_noise_mc,M1-core,51,M1-core_mc_0051,22,ok,0.18109929505780717,7348.801192926492,0.9360784864775269,0.012739462032828375,7349.757877777293,0.9167311334185797,0.012474499245874154,2071.8659174633817,1.6493873155445726,0.0796722126176235,1509.5917021412533,-2.8447519637602454,-0.18809067687036354,-0.048829120716004155,0.0003080444354094103,-0.62690721872169,0.22025127160083288,-0.007024700421988328,-3.090824058287589,-0.000671049957934163,-0.00015789573163187143,30.769644590017926,-0.00040932104253809656,6.905685700652029e-05,-14.435628625874587,0.0,0.0,nan,0.12666594489527938,0.12115205038601573,0.13477568653163646,0.14132383623217065,0.14483671879504528,30,0.004393358480228924,0.0033840530653492344,0.0050457323170593335,0.005887755769040552,0.0064946949343720915
corner_noise_mc,M1-core,52,M1-core_mc_0052,22,ok,0.1806414358091176,7350.2357436945285,2.370629254513915,0.03226283032680006,7351.236452074032,2.39530543015735,0.03259432857997287,2071.788152500383,1.571622352546001,0.07591584405104566,1508.7764924602432,-3.6599616447704193,-0.24199110216079833,-0.04790401870085588,0.0012331464505576858,-2.5096003132411293,0.2122413421422542,-0.015034629880567002,-6.615142703715881,-0.0006602251439439402,-0.00014707091764164855,28.660178578556856,-0.0004488354199769193,2.9542479567697534e-05,-6.175552757729812,0.0,0.0,nan,0.2783865799710384,0.2687799368148006,0.2873585595336243,0.29096050876606144,0.2966841895353184,30,0.1575174971987792,0.15322086348916458,0.15892471291414892,0.16015822314083322,0.16297568193029405
corner_noise_mc,M1-core,53,M1-core_mc_0053,22,ok,0.18414802968973062,7347.210852086072,-0.6542623539426131,-0.008904114919813343,7348.168545201462,-0.6726014424129971,-0.009152483078507771,2070.5742571046503,0.3577269568131669,0.017279687974842955,1508.2149343390604,-4.22151976595319,-0.27912047177223587,-0.04893190148379933,0.00020526366761423886,-0.4177360801782719,0.2246081279626212,-0.002667844060200014,-1.173834627767924,-0.000708368186784678,-0.0001952139604823864,38.04196681552589,-0.0004516506389077685,2.6727260636848357e-05,-5.587060075787549,0.0,0.0,nan,0.11130420734054951,0.10196173090327817,0.12229681956638841,0.12441965040049068,0.12865556296636668,30,0.16355716753935212,0.15980809329213913,0.16747629756262714,0.16962739418300143,0.1703530195456949
corner_noise_mc,M1-core,54,M1-core_mc_0054,22,ok,0.18350648060249575,7350.091877378734,2.2267629387197303,0.030304896783471143,7351.052681449033,2.211534805158408,0.030093653693526748,2072.471989970389,2.255459822551984,0.10894801532624794,1509.7009093596846,-2.73554474532898,-0.1808700615423702,-0.04993342437080272,-0.0007962592193891532,1.6204826162346215,0.2357940310356743,0.008518059012853102,3.7478924573679913,-0.0006450609907264022,-0.0001319067644241106,25.70509169818398,-0.0003956690948267546,8.270880471786225e-05,-17.289428461598117,0.0,0.0,nan,0.23485503714342712,0.22494808192960533,0.2415407961183985,0.24641119758667143,0.2526383583502195,30,0.11748133087833708,0.11064897895448667,0.11764777737640657,0.11827574840150418,0.11952566833297737
corner_noise_mc,M1-core,55,M1-core_mc_0055,22,ok,0.18020982339210387,7348.579675920046,0.7145614800310796,0.009724749555171124,7349.464300972171,0.6231543282965504,0.008479627139323011,2071.5163167462506,1.2997865984134478,0.06278505554781887,1510.0178058153372,-2.418648289676412,-0.15991734946032166,-0.04882173764722639,0.0003154275041871782,-0.641932645514256,0.2166903634302431,-0.010585608592578122,-4.657601284624668,-0.0006619131617739219,-0.0001487589354716303,28.989127994436238,-0.0004414285675475708,3.6949331997046054e-05,-7.723879391631448,0.0,0.0,nan,0.09863064078689944,0.09491448348424285,0.10574860282150667,0.1093993134570894,0.11334092718334432,30,0.028423195280771547,0.026144781360585508,0.02938127109020684,0.029560898876859767,0.03141041947807253
corner_noise_mc,M1-core,56,M1-core_mc_0056,22,ok,0.17861572804768555,7349.167381900316,1.302267460301664,0.017723072484583987,7350.133975416371,1.2928287724962502,0.01759228083310345,2071.5861546943534,1.3696245465162065,0.06615851658852322,1509.1225326607876,-3.3139214442260254,-0.21911144995424242,-0.048109220080841425,0.0010279450705721407,-2.0919909958268503,0.21159261659502268,-0.01568335542779853,-6.900577869368317,-0.0006586461086799341,-0.0001454918823776425,28.35246694274235,-0.00042415364270271134,5.4224256841905506e-05,-11.33502548790889,0.0,0.0,nan,0.1683123617333194,0.1631667526740756,0.17591038603141387,0.1812701918431287,0.18620454759129074,30,0.04621354693250055,0.044999200869915504,0.04696123198266946,0.04779082077207902,0.048669871341206775
corner_noise_mc,M1-core,57,M1-core_mc_0057,22,ok,0.17774254130290734,7345.281042871991,-2.584071568023319,-0.03516765111739878,7346.246740507586,-2.5944061362888533,-0.035303608889051666,2071.799525483246,1.5829953354086683,0.07646520604758307,1509.8783244328297,-2.5581296721838953,-0.16913964651147423,-0.04937844484724591,-0.0002412796958323471,0.4910329993373784,0.22878744496490172,0.0015114729420805106,0.6650385998255639,-0.0006431683955293001,-0.0001300141692270085,25.336275638587274,-0.0004175631376652206,6.081476187939623e-05,-12.712703061175638,0.0,0.0,nan,0.27564505043303594,0.2666526909685018,0.28478493618227674,0.2868088043841192,0.29307632779032244,30,0.34578838910443893,0.32922939130841367,0.34549931449531757,0.34681543514015967,0.35047632699368025
corner_noise_mc,M1-core,58,M1-core_mc_0058,22,ok,0.18181612765385938,7349.96673704924,2.10162260922516,0.028601812587646092,7350.948183591523,2.1070369476483393,0.028671689938631985,2072.845182051595,2.6286519037580547,0.12697473261747838,1509.6843901673524,-2.7520639376612053,-0.18196228543629908,-0.04982683370958801,-0.0006896685581744416,1.4035578895307952,0.23350672422315838,0.00623075220033717,2.74149182814254,-0.0006742542312169241,-0.00016110000491463246,31.394071539757874,-0.0003924033438543581,8.597455569025873e-05,-17.97210025214389,0.0,0.0,nan,0.23125631981513378,0.21975724447220274,0.24003974751023294,0.2462804515561592,0.25134436746382105,30,0.10989846749482694,0.1033247167585074,0.11150502661103474,0.11229727084680263,0.1126499869169038
corner_noise_mc,M1-core,59,M1-core_mc_0059,22,ok,0.1811682484502316,7347.030760348267,-0.8343540917476275,-0.011355054546496178,7347.9634398993885,-0.8777067444862041,-0.01194347145314254,2072.6695561571723,2.45302600933519,0.11849127729455507,1509.2431812485638,-3.1932728564497666,-0.21113434867181843,-0.04906110310550518,7.6062045908383e-05,-0.15479534823387114,0.21649595116965292,-0.010780020853168287,-4.7431414580358044,-0.0006533674689794182,-0.00014021324267712658,27.323801596155818,-0.0003978666528980698,8.051124664654706e-05,-16.83005145580268,0.0,0.0,nan,0.11967511349826052,0.11257680560251798,0.1289862475215699,0.13055588536465876,0.13253376782267878,30,0.17629362443920513,0.16977413385931472,0.17699128856799404,0.17776562597884152,0.17875225511203893
corner_noise_mc,M1-core,60,M1-core_mc_0060,22,ok,0.1804813608279575,7348.320934286585,0.4558198465701935,0.006203432418409763,7349.255458666755,0.4143120228800399,0.0056377871641605844,2071.4244485866025,1.2079184387653186,0.05834744439409241,1509.951322321099,-2.4851317839145395,-0.16431313706896333,-0.04867701311814511,0.00046015203326845583,-0.9364643480154416,0.2184319834877747,-0.008843988535046504,-3.8912993997264533,-0.0006540226544393672,-0.00014086842813707554,27.451479675447906,-0.0004076041542626013,7.077374528201557e-05,-14.794526534228973,0.0,0.0,nan,0.07670605927748395,0.07210529556583083,0.08341734000389465,0.08917574034093291,0.0922519005216543,30,0.04933728205066358,0.0468468993334028,0.04993252069935295,0.05124911416432979,0.051454300614648216
corner_noise_mc,M1-core,61,M1-core_mc_0061,22,ok,0.17923803520429155,7348.733999850509,0.868885410493931,0.011825004909063975,7349.598671057283,0.7575244134086461,0.0103080798494957,2072.6898515581047,2.4733214102675447,0.1194716288972401,1510.342087337361,-2.094366767652673,-0.13847634801238756,-0.050364054024605184,-0.0012268888731916186,2.4968653958994698,0.23868051237515722,0.011404540352336012,5.017926114596426,-0.0006506041385188308,-0.00013744991221653917,26.785302579885496,-0.0003783150065394564,0.00010006289300516042,-20.917122864666926,0.0,0.0,nan,0.0936563512630812,0.08939408238140345,0.10177218393735529,0.10291348978584067,0.10928218018916026,30,0.032234212717895616,0.028834963813258695,0.03433376262842615,0.034944154184252334,0.03584482810837812
corner_noise_mc,M1-core,62,M1-core_mc_0062,22,ok,0.18108092364267991,7347.860073573691,-0.005040866323724913,-6.860314179990334e-05,7348.828780394769,-0.012366249105980387,-0.0001682748185627594,2072.068237719228,1.8517075713907616,0.08944511573668715,1510.5061101314004,-1.9303439736131622,-0.12763141012462875,-0.04937861335317042,-0.00024144820175685255,0.491375929020005,0.22568186487522443,-0.0015941071475967794,-0.7013971311655911,-0.0006226793851343574,-0.00010952515883206574,21.343516864566574,-0.00039783075877606645,8.05471407685504e-05,-16.837554754353363,0.0,0.0,nan,0.03382747692596694,0.029923157081171322,0.03825113960622161,0.04060502882851749,0.049266187721246975,30,0.10230424431973117,0.10013518150537096,0.1050093680114793,0.10540594275873019,0.10687453175887071
corner_noise_mc,M1-core,63,M1-core_mc_0063,22,ok,0.17855737030574523,7347.317217708723,-0.5478967312919849,-0.007456543128632818,7348.262954349026,-0.5781922948490319,-0.007867802328440386,2071.807307660571,1.5907775127338937,0.07684111732120572,1508.9676448865155,-3.4688092184981087,-0.22935239421683878,-0.048488520712119676,0.0006486444392938898,-1.3200689077099306,0.21649625073126103,-0.010779721291560185,-4.7430096528100085,-0.000655281446975301,-0.0001421272206730094,27.696784589918657,-0.00038718513360578747,9.119276593882937e-05,-19.062913655843772,0.0,0.0,nan,0.08874478740551121,0.08360833107381893,0.09727795555877095,0.09970617119099442,0.10429911570765284,30,0.1422442405781396,0.13978698907048964,0.1442961057570591,0.14514748190598822,0.14662714411622346
corner_noise_mc,M1-core,64,M1-core_mc_0064,22,ok,0.18275506137595146,7348.023997877855,0.1588834378408137,0.002162307491581142,7348.975856423374,0.13470977949964436,0.001833075131324136,2072.0001169949064,1.783586847069273,0.08615460368978431,1509.3910226074438,-3.04543149756978,-0.20135930268699576,-0.049062141173905324,7.502397750824147e-05,-0.15268275505324547,0.2275319336378638,0.0002559616150425992,0.11262150273276472,-0.0006414478160331722,-0.00012829358973088058,25.00098082702036,-0.0004137492327392514,6.462866680536543e-05,-13.5099608211181,0.0,0.0,nan,0.049700111999925405,0.04611506661163673,0.05636010960591363,0.05866392880797121,0.060155856699520845,30,0.07923750974123323,0.07341609015827828,0.0786456641087608,0.07938032249461713,0.08081137444694945
corner_noise_mc,M1-core,65,M1-core_mc_0065,22,ok,0.18421824279021773,7349.393356157789,1.528241717774108,0.020798445452826966,7350.346065199719,1.504918555844597,0.020478311148852017,2072.4177345381254,2.2012043902882397,0.10632725409312853,1509.3276308292316,-3.108823275782015,-0.20555067073027314,-0.04938203762380572,-0.0002448724723921533,0.49834472875590563,0.2266194439403243,-0.0006565280824969155,-0.28886823215565977,-0.000685636655342671,-0.00017248242904037935,33.61220081597311,-0.00039561216322333995,8.27657363212769e-05,-17.301329430156418,0.0,0.0,nan,0.18100974854410196,0.172143277778315,0.18968095951505803,0.19656975497446977,0.2014373532393506,30,0.058335249861585226,0.05480657848981707,0.06057129979880415,0.061328168296963095,0.06179742045189869
corner_noise_mc,M1-core,66,M1-core_mc_0066,22,ok,0.18378236179135513,7348.629104633267,0.763990193252539,0.010397444446158198,7349.588674122703,0.7475274788284878,0.010172045686004173,2071.2939589221114,1.0774287742742672,0.052044255206354015,1509.1304587986667,-3.3059953063468583,-0.21858738576247727,-0.04881049799278941,0.0003266671586241582,-0.6648066847518588,0.21784962358796198,-0.009426348434859233,-4.147534097406793,-0.0006887292899793788,-0.00017557506367708723,34.21487238685598,-0.0004348852949156629,4.3492604628953956e-05,-9.091683514300295,0.0,0.0,nan,0.11453403181861288,0.10959048717744507,0.1217361632701045,0.13089080412747678,0.13274382645104196,30,0.02454755287387797,0.02178659939031604,0.026703756887907843,0.02704083129062809,0.02760076049131612
corner_noise_mc,M1-core,67,M1-core_mc_0067,22,ok,0.17907936139310646,7346.7885353694355,-1.0765790705791005,-0.014651590003515562,7347.751990430649,-1.0891562132255785,-0.014820788631728457,2071.847475216101,1.6309450682638271,0.07878137598231616,1510.1157121673245,-2.3207419376890357,-0.15344393024845054,-0.04901636637504811,0.00012079877636545638,-0.24583993804530924,0.22079090253297004,-0.00648506948985117,-2.8533898379719576,-0.0006401935925737097,-0.00012703936627141805,24.756566303047656,-0.00040186155483430306,7.651634471031378e-05,-15.994958124769585,0.0,0.0,nan,0.13394051523145548,0.1274250293506128,0.1393751788433292,0.14323231332786632,0.14861880710709555,30,0.19839485718882202,0.1907882907375381,0.19975720264661617,0.2000357169589094,0.20219878833780172
corner_noise_mc,M1-core,68,M1-core_mc_0068,22,ok,0.17852072692957913,7348.939434967149,1.0743205271346596,0.014620852593271023,7349.891187189732,1.050040545856973,0.014288518759675649,2072.760309946511,2.543779798673768,0.12287505976450265,1510.2313246052756,-2.20512949973795,-0.14579981153937727,-0.049526406746573215,-0.00038924159515964923,0.7921531369590042,0.2333065823313836,0.00603061030856239,2.653430653002265,-0.000654810666419723,-0.00014165644011743142,27.60504208221871,-0.00038622522872897773,9.215267081563912e-05,-19.263571938286066,0.0,0.0,nan,0.13095402613328702,0.12301581734915032,0.1398918588674013,0.14281163458147744,0.1470477384139656,30,0.015563616584154255,0.010797388855993972,0.017152082717437907,0.01772840891885437,0.01924058119333836
corner_noise_mc,M1-core,69,M1-core_mc_0069,22,ok,0.1835274669659115,7348.622043736752,0.7569292967373258,0.010301349915226524,7349.611034527174,0.7698878832989067,0.010476316849636966,2070.817497191045,0.6009670432076746,0.029029187742248327,1508.7751255597664,-3.6613285452472155,-0.24208147954313966,-0.04849243862963804,0.0006447265217755238,-1.3120954776060711,0.22118944541414096,-0.006086526608680254,-2.6780334738021025,-0.0007022321442320397,-0.00018907791792974811,36.84621664177137,-0.0004241908434181047,5.418705612651216e-05,-11.327249059393116,0.0,0.0,nan,0.12429623986672023,0.11631339434634072,0.13376060240507343,0.14173871769538007,0.1459537945088357,30,0.022965213002578366,0.021094659962855644,0.02510084879006001,0.025562936982531422,0.02685358127988593
corner_noise_mc,M1-core,70,M1-core_mc_0070,22,ok,0.18136400473349168,7348.0967624078485,0.231647967833851,0.0031525887346328216,7349.011357398255,0.17021075438060507,0.0023161577585377284,2073.9822154952417,3.765685347404542,0.1818981392799346,1510.1931051472422,-2.2433489577713317,-0.14832682402506867,-0.048564113494506705,0.0005730516569068603,-1.1662285667905994,0.21874165750515576,-0.008534314517665453,-3.7550447773724653,-0.0006447232383332662,-0.00013156901203097463,25.63927281258895,-0.0003043048821424249,0.00017407301740219195,-36.38818130350453,0.0,0.0,nan,0.054390049894908525,0.04891374179303227,0.060516181858722574,0.06326313189709792,0.07234668769552854,30,0.07079181097159902,0.06885285128967383,0.07149269078888096,0.07280965259503944,0.07391065122407099
corner_noise_mc,M1-core,71,M1-core_mc_0071,22,ok,0.1781322439183306,7349.780202176031,1.9150877360161758,0.0260631857851153,7350.8337133802,1.9925667363249886,0.02711402650518537,2072.6838157220095,2.467285574172365,0.11918007311033174,1510.3062922577367,-2.130161847276895,-0.14084306428182605,-0.04843974940063203,0.000697415750781534,-1.419324351806793,0.21693866511846366,-0.010337306904357552,-4.548350101575877,-0.0006403012646659311,-0.0001271470383636395,24.777548706914295,-0.0004065079496634371,7.186994988117975e-05,-15.023676877547027,0.0,0.0,nan,0.22490964439770095,0.2122985312799102,0.2318219594760717,0.2383264060967369,0.24248030003640791,30,0.1113751353363284,0.10665946499552774,0.11333439397731468,0.11398027848236637,0.11492300088079332
corner_noise_mc,M1-core,72,M1-core_mc_0072,22,ok,0.18275467374918775,7346.773648960462,-1.0914654795524257,-0.01485418502589928,7347.785055281525,-1.0560913623494343,-0.0143708557754271,2072.4594816406775,2.242951492840348,0.10834381139252981,1508.8177212361434,-3.618732868870211,-0.2392651181508053,-0.048766214162303596,0.0003709509891099694,-0.7549295690276466,0.21831343667602604,-0.00896253534679517,-3.9434592522148466,-0.0006728947678175391,-0.00015974054151524748,31.12914857319068,-0.0003909178369519303,8.746006259268655e-05,-18.282630254437457,0.0,0.0,nan,0.1392334153270269,0.13316997336611108,0.14984108554459907,0.1513083406144952,0.1537077952982031,30,0.19389713534120573,0.1891072565635284,0.19523866498477332,0.19688514140543986,0.1976315574748014
corner_noise_mc,M1-core,73,M1-core_mc_0073,22,ok,0.18137829314736142,7348.654388612454,0.7892741724390362,0.010741544110383241,7349.611027230898,0.7698805870231809,0.010476217564925536,2070.773687697899,0.5571575500616746,0.026913008467857567,1509.5717815207813,-2.8646725842322667,-0.18940779802397983,-0.049289254259244644,-0.00015208910783107848,0.30951949987839955,0.2296355027143894,0.00235953069156819,1.038178682316345,-0.0006436300474096503,-0.00013047582110735866,25.426239212243626,-0.0004165890880882199,6.178881145639693e-05,-12.916318148312385,0.0,0.0,nan,0.10346897399445538,0.09979279702066321,0.10819450093630849,0.1155818581274741,0.11738279528316865,30,0.02621037810592952,0.02021182016720502,0.024314568746538045,0.02587802065686673,0.029762400134251264
corner_noise_mc,M1-core,74,M1-core_mc_0074,22,ok,0.18385119320505924,7348.833952263357,0.9688378233422554,0.013185296793735321,7349.897985380942,1.0568387370676646,0.014381025742409875,2071.5361732496985,1.319643101861402,0.06374420659114167,1509.2538721440849,-3.182581960928701,-0.21042748290618254,-0.049027904645025065,0.00010926050638850049,-0.22235818051737424,0.22106904244954403,-0.006206929573277176,-2.731010021883847,-0.0006673919312885513,-0.00015423770498625968,30.056793275906983,-0.000453098201080301,2.5279698464315858e-05,-5.284462030620647,0.0,0.0,nan,0.13610226513908968,0.13041736023165812,0.1440549641064007,0.1515941729428576,0.15177616608373226,30,0.015276959492121019,0.012378392788531301,0.016105431246725747,0.017523353361097234,0.019921046949036736
corner_noise_mc,M1-core,75,M1-core_mc_0075,22,ok,0.17999828792934863,7348.73775614327,0.8726417032557947,0.011876125781635273,7349.681633902484,0.8404872586088459,0.011437004036924735,2073.706891603994,3.4903614561567338,0.16859885936218866,1510.6785848234456,-1.7578692815679915,-0.11622764558450246,-0.0483383311221672,0.0007988340292463675,-1.6257226618279725,0.21008979777996165,-0.017186174242859564,-7.5618087076683445,-0.0006328805851316126,-0.00011972635882932098,23.331457229155106,-0.00036020718628051166,0.00011817071326410518,-24.70237721612885,0.0,0.0,nan,0.11607296423284195,0.10693390221345282,0.12135100488590808,0.12368454148396012,0.13244172528951026,30,0.011976275533555736,0.010770341319567932,0.013289137428351411,0.015575316174606254,0.016272072122114876
corner_noise_mc,M1-core,76,M1-core_mc_0076,22,ok,0.1792289676638842,7349.466960776606,1.6018463365917341,0.021800159796670573,7350.44449581362,1.6033491697453428,0.021817714354562864,2071.912864411168,1.6963342633307548,0.08193994389609173,1510.1609008000496,-2.275553304963978,-0.15045612652271992,-0.04919655043550584,-5.938528409227262e-05,0.12085614607452427,0.22924524207304128,0.0019692700502200733,0.8664664516415906,-0.0006648649437271572,-0.0001517107174248656,29.564351153856627,-0.0003851193364780033,9.325856306661355e-05,-19.494747385986965,0.0,0.0,nan,0.1851671819960529,0.17656306147526662,0.19646093063595743,0.20238246689087758,0.20554303356524314,30,0.06668172321610086,0.06287667833279897,0.0665722339474064,0.06772061673595117,0.06974635828993883
corner_noise_mc,M1-core,77,M1-core_mc_0077,22,ok,0.1796286058788964,7348.747251855162,0.8821374151475538,0.012005356677192925,7349.705080511517,0.8639338676421175,0.011756055824348109,2073.2300738739564,3.0135437261192237,0.14556659567895644,1509.2738071795113,-3.1626469255022585,-0.20910940865768535,-0.04857721344837275,0.000559951703040816,-1.1395685960216764,0.21949616620324308,-0.007779805819578128,-3.4230656898464145,-0.0006904654412390188,-0.00017731121493672715,34.5532017176208,-0.00033232295656302044,0.0001460549429815964,-30.53128982769287,0.0,0.0,nan,0.12896874863199628,0.1226126661072385,0.13903011564327472,0.14485508550708628,0.15168492980649262,30,0.01234660815488837,0.009420520472687599,0.013727729730624675,0.015893952145443386,0.020039275540807467
corner_noise_mc,M1-core,78,M1-core_mc_0078,22,ok,0.17874859595840933,7347.085159342361,-0.7799550976533283,-0.010614717139003567,7348.081668522169,-0.7594781217057971,-0.010334665106384037,2071.7199338316545,1.503403683817396,0.07262060088516614,1509.3662592891967,-3.070194815816876,-0.202996615658386,-0.04898205990186673,0.0001551052495468372,-0.31565770851633096,0.21826797953227528,-0.00900799249054593,-3.963460109914928,-0.0006447790593726987,-0.00013162483307040704,25.650150836498966,-0.0004195616997389575,5.881619980565932e-05,-12.29492413040994,0.0,0.0,nan,0.10822704255864436,0.10154398871450496,0.11548512945422316,0.118729621498816,0.12066386176350648,30,0.16586820256026158,0.16078192040052386,0.1663836846462118,0.16788633090319338,0.1706121214976463
corner_noise_mc,M1-core,79,M1-core_mc_0079,22,ok,0.18098891539233297,7351.428208718559,3.5630942785446678,0.04849155806551864,7352.452869302803,3.6117226589285565,0.04914683263466629,2073.1232117211994,2.9066815733622207,0.14040471279372166,1510.8820720972553,-1.5543820077582495,-0.10277337626578548,-0.049448925158015064,-0.00031176000660149833,0.6344688498834363,0.22184712411002272,-0.00542884791279849,-2.3886589789849713,-0.0006026143669466979,-8.946014064440625e-05,17.433382803653767,-0.00040488353067540296,7.349436886921389e-05,-15.363245028496408,0.0,0.0,nan,0.36183887423206895,0.344662631193782,0.36738223567373834,0.36939288376532176,0.3767861592120937,30,0.26044343254778257,0.25200862139934654,0.26408063787375224,0.2681574009466175,0.26944328891711394
corner_noise_mc,M1-core,80,M1-core_mc_0080,22,ok,0.18338016388892248,7345.243898919243,-2.6212155207713295,-0.035673157848531,7346.099286452167,-2.7418601917079286,-0.037310102871935154,2071.602955517691,1.386425369853896,0.06697006567496055,1509.6501089139047,-2.7863451911089214,-0.1842289098194043,-0.048810895637950186,0.00032626951346338,-0.6639974293551486,0.220354656094375,-0.00692131592844622,-3.045335530564242,-0.0006396139127285281,-0.00012645968642623648,24.64360224361495,-0.00037270932132335615,0.0001056685782212607,-22.08893394152405,0.0,0.0,nan,0.28497495089563357,0.27889895602951925,0.29371762043829,0.29547626762101203,0.30019222993242917,30,0.3536019169654082,0.3373623567146069,0.3547932896350596,0.35487915718986557,0.3560792044044149
corner_noise_mc,M1-core,81,M1-core_mc_0081,22,ok,0.17721115227934145,7349.233428931306,1.3683144912911303,0.018621932629140407,7350.1779009599395,1.3367543160647983,0.018190001517113724,2072.7915734711924,2.575043323355203,0.1243852169981135,1509.733115642095,-2.7033384629185093,-0.17874063109105723,-0.04853156333303105,0.0006056018183825188,-1.23247203316754,0.22040975061387091,-0.006866221408950296,-3.0210942880758402,-0.0006551558080859576,-0.00014200158178366595,27.672300939019237,-0.0003811294120491151,9.724848749550173e-05,-20.328800220092873,0.0,0.0,nan,0.16899490045321386,0.16210636075251159,0.17812030988401945,0.1801499030980335,0.18720364317468352,30,0.04815703056162875,0.04556743288105451,0.04820137367592281,0.049066410948133805,0.049585377628056905
corner_noise_mc,M1-core,82,M1-core_mc_0082,22,ok,0.1841901588581284,7348.1739527108075,0.30883827079287585,0.00420310207091237,7349.158126806486,0.31698016261088924,0.004313335344793106,2072.7474931194683,2.5309629716311974,0.12225595413685822,1509.8959078664168,-2.5405462385967894,-0.16797705660302675,-0.04917052440005133,-3.335924863776679e-05,0.06789005538877149,0.22122584490028396,-0.006050127122537247,-2.662017928551524,-0.0006246344179102282,-0.00011148019160793661,21.72450033418711,-0.0004013657350815641,7.701216446305277e-05,-16.098604165527526,0.0,0.0,nan,0.05765072838696592,0.05328796389203489,0.06336697723690349,0.06441448897853717,0.06929536759230927,30,0.06893031286664382,0.0641372124963226,0.0707416181137222,0.07225084412532226,0.07288176852961784
corner_noise_mc,M1-core,83,M1-core_mc_0083,22,ok,0.18453023596677345,7350.5820868372,2.7169723971856,0.03697635101992019,7351.552062400634,2.7109157567592774,0.03688902376121328,2071.520177336854,1.3036471890168286,0.06297153800253606,1510.5242266357795,-1.9122274692340397,-0.12643357438548405,-0.04889333371291231,0.00024383143850125605,-0.4962261004473954,0.22237073301784507,-0.004905239004976136,-2.1582743487215588,-0.0006228044845702849,-0.00010965025826799324,21.36789539045906,-0.0004083148636275568,7.006303591706005e-05,-14.645960021095307,0.0,0.0,nan,0.2852467749128777,0.27325976515496675,0.2915588533148275,0.2974630699572083,0.3026895294577514,30,0.17657220768106754,0.17176783034771576,0.17907999358897883,0.18167721586627664,0.1835547808478964
corner_noise_mc,M1-core,84,M1-core_mc_0084,22,ok,0.18368888364000788,7350.196992965058,2.3318785250430665,0.0317354563362964,7351.152251651317,2.3111050074421655,0.031448563948039875,2072.80054951352,2.584019365682707,0.12481879687716425,1511.0317837169791,-1.4046703880344467,-0.09287467147607616,-0.04826136936327414,0.0008757957881394274,-1.7823490334469014,0.2134252770698653,-0.013850694952955905,-6.094218772746082,-0.0006224931937661846,-0.00010933896746389302,21.30723315907819,-0.0003634941408534294,0.00011488375869118743,-24.015273030077047,0.0,0.0,nan,0.25319683386244946,0.23977207630786668,0.2609600421149713,0.26382514248653793,0.27194067156875124,30,0.14783032026365955,0.14348096942118788,0.15156288326577283,0.1521245780414205,0.15305573811547787
corner_noise_mc,M1-core,85,M1-core_mc_0085,22,ok,0.18298372893127013,7347.620878098862,-0.24423634115282766,-0.003323908881681221,7348.584719015187,-0.2564276286875611,-0.0034893614322398085,2071.801753069133,1.5852229212960083,0.07657280763683233,1509.5928397658015,-2.843614339212081,-0.18801545886400853,-0.0494762947762333,-0.0003391296248197312,0.6901692919701844,0.22574214294865436,-0.0015338290741668537,-0.6748751575080004,-0.0006536922201789378,-0.00014053799387664617,27.387086897703405,-0.0004022711417306672,7.610675781394966e-05,-15.909338179376201,0.0,0.0,nan,0.06731103056429785,0.05885583912547645,0.07326156210605687,0.0756885643389711,0.08430277063534959,30,0.12126777569158094,0.11692088328739772,0.12148309238613536,0.12232323412389462,0.12350138739752196
corner_noise_mc,M1-core,86,M1-core_mc_0086,22,ok,0.18119882569858517,7348.907179113806,1.0420646737911738,0.01418186993856637,7349.83714924289,0.9960025990149006,0.013553192661808492,2072.4213206431073,2.2047904952701174,0.1065004777598153,1510.3610849012557,-2.075369203757873,-0.1372202579569517,-0.04915953720858455,-2.2372057170982895e-05,0.04552980844956071,0.22111659481917906,-0.006159377203642152,-2.7100872779563683,-0.0006289246030030029,-0.00011577037670071127,22.560542380199095,-0.00039453035127125935,8.38475482733575e-05,-17.52747113802177,0.0,0.0,nan,0.12167808032916126,0.11535857863675289,0.1259870421388149,0.13035201403416125,0.13663707392744867,30,0.011974186318889224,0.011328456711342482,0.013035229112489333,0.013617246390909938,0.016740017062608102
corner_noise_mc,M1-core,87,M1-core_mc_0087,22,ok,0.17861386998116374,7348.440036333538,0.5749218935234239,0.007824339240980189,7349.4063657180905,0.5652190742157472,0.007691268091621164,2073.472395953648,3.255865805811027,0.15727175193497855,1508.513681987858,-3.922772117155546,-0.25936773121994416,-0.04938720448228152,-0.0002500393308679516,0.5088599028809836,0.2281068025528597,0.0008308305300384899,0.3655602141501631,-0.0006977463414888291,-0.00018459211518653752,35.97205396059566,-0.00034250503984123963,0.00013587285970337722,-28.4028296107991,0.0,0.0,nan,0.09713496476447288,0.09075755293742702,0.10591415971704919,0.11033683216190097,0.11717538213467264,30,0.050576025608654616,0.04850544072663468,0.05285040578758583,0.05459956983218802,0.05544585430441202
corner_noise_mc,M1-core,88,M1-core_mc_0088,22,ok,0.18049456134848754,7350.776713589346,2.911599149331778,0.039625103400576955,7351.782593706156,2.9414470622814406,0.04002599870626899,2073.652010744404,3.4354805965667765,0.16594788740873612,1509.2167724927901,-3.2196816122234395,-0.21288045547200796,-0.04869774554557938,0.0004394196058341848,-0.8942713819165934,0.22425178755112127,-0.003024184471699942,-1.33062217038776,-0.0006591195487715037,-0.0001459653224692121,28.444727722699504,-0.0003652901446651475,0.00011308775487946937,-23.639836829235048,0.0,0.0,nan,0.32198692506848375,0.30742036713082543,0.3305099324777035,0.3341666029874034,0.34364581561421803,30,0.20041284856085326,0.1948151543677909,0.2017297731105293,0.2022907214885106,0.20376263847112455
corner_noise_mc,M1-core,89,M1-core_mc_0089,22,ok,0.1836680506882525,7350.476666113521,2.6115516735062556,0.035541638732235814,7351.481835810074,2.6406891661990812,0.035933409275080756,2071.1115154111626,0.8949852633254523,0.043231480876135216,1508.968087491981,-3.4683666130326856,-0.229323129816062,-0.049327122877557895,-0.0001899577261443297,0.38658666115349766,0.22419932141366203,-0.0030766506091591816,-1.3537069412908502,-0.0006394163911642381,-0.0001262621648619465,24.605110586688866,-0.0004572504604466287,2.112743909798813e-05,-4.416474740597342,0.0,0.0,nan,0.2795769734666862,0.26991246661298196,0.28560458084481527,0.29218571432458784,0.2962710194804686,30,0.16242316152004718,0.15599777464123576,0.163574712525035,0.16472441270556004,0.16513633649514645
corner_noise_mc,M1-core,90,M1-core_mc_0090,22,ok,0.18162981946450504,7348.761265882519,0.8961514425045607,0.012196079113420919,7349.794185911485,0.9530392676106203,0.012968565364157608,2070.949965223299,0.7334350754617844,0.035427940255573595,1509.2992602772094,-3.13719382780414,-0.20742648851720377,-0.04855321531398399,0.0005839498374295773,-1.1884076658272142,0.2169459443160182,-0.010330027706802997,-4.5451473003779475,-0.000689776406552539,-0.00017662218025024743,34.418927331644326,-0.0004413550674531961,3.702283209142072e-05,-7.739243833518215,0.0,0.0,nan,0.1342179997867106,0.1279257532373833,0.14239902857897338,0.15293550465761285,0.1558452636279469,30,0.012767044893291767,0.008739097783950454,0.01469178029441139,0.01748553144982963,0.02004858835264258
corner_noise_mc,M1-core,91,M1-core_mc_0091,22,ok,0.1807051485717025,7350.474649584188,2.6095351441736057,0.03551419498767541,7351.483699834658,2.642553190783474,0.03595877415298731,2072.101464997628,1.8849348497910796,0.09105013037725448,1509.2288396274712,-3.2076144775423927,-0.2120825948644899,-0.04955529761661478,-0.0004181324652012125,0.8509495082037385,0.23245067017248325,0.005174698149662038,2.276834679709317,-0.0006874453504754649,-0.0001742911241731733,33.96466700256717,-0.00042874346724778006,4.963443229683679e-05,-10.37556967913555,0.0,0.0,nan,0.2882469915242836,0.2755976370706037,0.2984872533101901,0.30619156004543413,0.3093355883118022,30,0.16640780352876164,0.1596580494760076,0.16890580829095825,0.16967854829563606,0.17208209354898826
corner_noise_mc,M1-core,92,M1-core_mc_0092,22,ok,0.17635363493807749,7350.693141128643,2.828026688628597,0.03848773275751841,7351.698714490915,2.8575678470406274,0.03888460493319608,2073.1519560222373,2.9354258744001527,0.14179318113118003,1510.004376835179,-2.432077269834508,-0.16080525322127953,-0.049258960545228415,-0.00012179539381484972,0.2478681735902828,0.2245611886936436,-0.0027147833291776002,-1.1944876112574732,-0.0006223828477345134,-0.00010922862143222182,21.285729676106545,-0.00038951408311024653,8.886381643437031e-05,-18.576070616757715,0.0,0.0,nan,0.297736555400769,0.2850309722144459,0.30360187331404914,0.30650135921390387,0.3149903823100885,30,0.1864310228324541,0.18041555679339752,0.1878502410398522,0.1912668001597447,0.1936476662256325
corner_noise_mc,M1-core,93,M1-core_mc_0093,22,ok,0.17910299301451682,7351.094986168905,3.22987172889043,0.043956600707640785,7352.097331269557,3.256184625682181,0.04430881768575499,2073.1835037321785,2.9669735843413036,0.14331706568536712,1509.7688277534232,-2.667626351590343,-0.17637940055927273,-0.04831172759914336,0.000825437552270207,-1.6798640086921275,0.21239530186100575,-0.014880670161815462,-6.547401394601128,-0.000640727365210905,-0.00012757313890861342,24.860584278509275,-0.00038260852439456195,9.57693751500549e-05,-20.019606934438407,0.0,0.0,nan,0.34896233586234754,0.33244085062619033,0.3538040762475424,0.36007162476731736,0.3697115245111888,30,0.23271509559963874,0.22069272946789625,0.23311050053636506,0.2356600335947195,0.2359783697273258
corner_noise_mc,M1-core,94,M1-core_mc_0094,22,ok,0.1835523016832487,7348.663352184201,0.7982377441867357,0.01086353290043444,7349.601358182363,0.7602115384879653,0.010344645139528489,2072.9726590417167,2.756128893879577,0.133132397203048,1510.6490354205562,-1.787418684457407,-0.11818140719935995,-0.049410353014760496,-0.0002731878633469298,0.5559699313241127,0.22823597359681294,0.0009600015739917311,0.4223946620698362,-0.000611943428855676,-9.878920255338439e-05,19.25136683862935,-0.0003644451617317341,0.00011393273781288275,-23.81647185652576,0.0,0.0,nan,0.09379952761372576,0.08853879047275653,0.09857694926090858,0.10040999066055575,0.10754587834720154,30,0.03051076413161695,0.02932908236026037,0.032085763089861524,0.03355262127444689,0.034882166233450106
corner_noise_mc,M1-core,95,M1-core_mc_0095,22,ok,0.1844154837471301,7345.70240635692,-2.1627080830949126,-0.029433148940700635,7346.596555583348,-2.2445910605265453,-0.03054346958569954,2072.8239461673365,2.6074160194993965,0.125948951789753,1509.4732186695837,-2.9632354354298513,-0.19592462396599333,-0.04823196401742753,0.0009052011339860389,-1.8421924244036252,0.21303101160536062,-0.014244960417460595,-6.267693100452445,-0.0006950962348484021,-0.00018194200854611048,35.455619231114184,-0.00034981466828599376,0.0001285632312586231,-26.874826655037058,0.0,0.0,nan,0.24308748156819887,0.23273596269599467,0.25304436503439776,0.2573039132545742,0.26289187957563626,30,0.30018430422572917,0.28802874001546,0.30297247309728675,0.30655044664816355,0.31068245825161966
corner_noise_mc,M1-core,96,M1-core_mc_0096,22,ok,0.17806892807942434,7349.272070698691,1.4069562586764732,0.019147823711563847,7350.296321151645,1.4551745077706073,0.019801414654814897,2072.734895380701,2.5183652328637436,0.1216474313768475,1509.8370158651035,-2.599438239910114,-0.17187090623574897,-0.04911906105489604,1.8104096517528034e-05,-0.03684399875682942,0.2274146497636021,0.0001386777407808848,0.06101733480517681,-0.0006345955750737386,-0.00012144134877144696,23.665662786514332,-0.0003928618912033215,8.551600834129532e-05,-17.876245625623746,0.0,0.0,nan,0.16848759647857603,0.15895666111688342,0.17491336093778387,0.17896981771372364,0.18390516023431475,30,0.05397870954795962,0.050152820255271985,0.05511472589336961,0.05540307175439636,0.05616362516628328
corner_noise_mc,M1-core,97,M1-core_mc_0097,22,ok,0.18460943597911944,7347.765761732023,-0.09935270799178397,-0.0013521302642931776,7348.779186540666,-0.06196010320854839,-0.0008431275349698477,2072.6270042800415,2.410474132204399,0.11643584606254997,1508.3288965082627,-4.107557596750894,-0.27158546632503294,-0.04723987495766265,0.001897290193750914,-3.8612121556148282,0.20106498163957365,-0.026210990383247562,-11.532671117831878,-0.0006669111963285957,-0.00015375697002630408,29.963110921691623,-0.0003736507214017574,0.00010472717814285945,-21.89214389764924,0.0,0.0,nan,0.0540684326671851,0.04892579198034354,0.06268300710746644,0.0656987131299894,0.06880302165589569,30,0.08775801718214778,0.08493762019853364,0.0913467280553283,0.09199698945661396,0.09613962970709053
corner_noise_mc,M1-core,98,M1-core_mc_0098,22,ok,0.18014870840005762,7348.457960092502,0.5928456524870853,0.008068270759652703,7349.435428493661,0.5942818497860571,0.00808674235743221,2071.262294552861,1.0457644050238741,0.05051473552620095,1510.6849580879566,-1.7514960170569793,-0.1158062550200451,-0.048427206632080055,0.0007099585193335103,-1.4448503839116702,0.21749449704536564,-0.009781474977455573,-4.303787545334267,-0.0006239687085384391,-0.00011081448223614748,21.594771426644805,-0.0004400004828757679,3.837741666884892e-05,-8.022405864773772,0.0,0.0,nan,0.08888010846791301,0.08441257206819444,0.09602351294297932,0.09985891411440462,0.10139233318440119,30,0.03465965891848555,0.03352245024421165,0.03647784821872619,0.0372780139430327,0.03849084395869227
corner_noise_mc,M1-core,99,M1-core_mc_0099,22,ok,0.18348411172496618,7348.7705873436735,0.9054729036588469,0.012322938561833597,7349.664196409816,0.823049765941505,0.011199721827126195,2071.3059114006473,1.089381252810199,0.052621609234875764,1509.805746815457,-2.6307072895565398,-0.17393836828095133,-0.04865333820127824,0.0004838269501353243,-0.9846456315589986,0.21652747474490044,-0.010748497277920765,-4.729271282950003,-0.0006379181385872333,-0.00012476391228494167,24.3131413306231,-0.0004010139764653902,7.736392307922666e-05,-16.172135701267106,0.0,0.0,nan,0.11359069831477767,0.10811282026419063,0.11787721439052064,0.1230836748725335,0.1288612387924104,30,0.014259904675475353,0.010156047527931377,0.014576788894647166,0.015046876151666024,0.017997626222768303
corner_noise_mc,M1-core,100,M1-core_mc_0100,22,ok,0.17932916656190526,7349.399514850862,1.534400410847411,0.020882261540593736,7350.46087334717,1.619726703294873,0.022040573077764542,2072.384677819297,2.168147671459792,0.10473047818360147,1510.3313602034377,-2.105093901575856,-0.13918560980610245,-0.048893110246875496,0.00024405490453806994,-0.49668088052297626,0.22410924263891874,-0.0031667293839024724,-1.3933410363258705,-0.0006504491762377568,-0.00013729494993546519,26.755104586157444,-0.0003949944307997559,8.338346874486093e-05,-17.430460066034886,0.0,0.0,nan,0.18572155473984822,0.17407821840851626,0.1937515088738951,0.20157874273852966,0.20416269452991287,30,0.07039836696501993,0.06461279580285861,0.07231937765219357,0.07258394018649882,0.07302678446986874
corner_noise_mc,M2,1,M2_mc_0001,30,ok,0.1896657743496067,7348.6586953516135,0.7935809115988377,0.010800156225504107,7349.7489938521985,0.9078472083238012,0.012353610456505838,2074.240257560806,4.023727412969038,0.1943626357133617,1511.0002031686952,-1.4362509363184017,-0.09496272933782895,-0.04901152536228068,0.00012563978913288781,-0.25569197723502257,0.21760725824743696,-0.009668713775384252,-4.254173324760172,-0.0005926580300970089,-7.950380379471728e-05,15.493159701247937,-0.00038877168666852423,8.960621287609262e-05,-18.731260988727033,0.0,0.0,nan,0.10615383585681001,0.10007960017457548,0.11077625305533045,0.11134868782217495,0.11603950188652448,30,0.14862814443408182,0.1387652641218864,0.14851953475677307,0.14940773893147197,0.15400070448019393
corner_noise_mc,M2,2,M2_mc_0002,30,ok,0.19212811783238432,7350.509849598918,2.6447351589031314,0.03599324589812763,7351.528790590375,2.6876439465004296,0.036572350563433303,2075.4218020639487,5.205271916111542,0.25143611019953677,1510.654550020942,-1.7819040840715843,-0.11781679020200743,-0.04970455774383467,-0.0005673925924211051,1.154711694646435,0.22628022484697213,-0.0009957471758490766,-0.4381225023422589,-0.0006077273481369816,-9.457312183468994e-05,18.429765748236925,-0.000341829814508102,0.00013654808503651484,-28.543978550534906,0.0,0.0,nan,0.2744636921284723,0.2633127775524201,0.27964202304148844,0.2819022946252633,0.2904959380764979,30,0.025719891123441127,0.0235582176777001,0.02673879388922899,0.027087904374565423,0.028112173382544365
corner_noise_mc,M2,3,M2_mc_0003,30,ok,0.192464735172956,7348.547481676079,0.6823672360642377,0.009286605366819412,7349.569484655275,0.7283380114004103,0.009910923326095208,2073.067503835158,2.850973687320675,0.137713792050394,1510.725544204108,-1.7109099009055626,-0.11312276269603644,-0.049505234800769876,-0.0003680696493563104,0.7490656984832628,0.22461807885640253,-0.002657893166418679,-1.1694562970131286,-0.0006072701630703124,-9.411593676802077e-05,18.340672636802655,-0.0003788839431379488,9.949395640666803e-05,-20.79819249622098,0.0,0.0,nan,0.08586647068987645,0.07832255364219237,0.08970527653004354,0.09333090801845116,0.0983417361791112,30,0.17019520652913797,0.16569981802622635,0.17100180101028,0.172241880802286,0.17276680697143548
corner_noise_mc,M2,4,M2_mc_0004,30,ok,0.19180949500911013,7350.93254016782,3.06742572780513,0.041745808885046476,7351.951523679758,3.1103770358831753,0.04232472812810284,2073.983738058805,3.7672079109679544,0.18197168538205677,1510.6063224471404,-1.830131657873153,-0.12100552409364769,-0.049015913940486294,0.00012125121092727148,-0.2467606964171464,0.22253850972488423,-0.0047374622979369785,-2.084453651555071,-0.0005968854159226069,-8.37311896203153e-05,16.316963853863008,-0.00037967887959424926,9.869901995036758e-05,-20.632019172357737,0.0,0.0,nan,0.31984409611727643,0.30840338766668934,0.32464698033428196,0.3254229223404568,0.3350695154006644,30,0.07127009689921236,0.06853207373676753,0.07186763915812605,0.0727135364500458,0.07377171217158889
corner_noise_mc,M2,5,M2_mc_0005,30,ok,0.18839751787473644,7350.926747096957,3.0616326569424928,0.04166696869442767,7351.939921903027,3.098775259152717,0.042166855934393,2073.7959808951123,3.579450747275132,0.17290223970047802,1510.4707967488284,-1.9656573561851474,-0.12996627731697513,-0.04907637956335808,6.078558805548695e-05,-0.1237059318912261,0.22058797031331923,-0.006688001709501984,-2.9426787398495557,-0.0006116866899310448,-9.853246362875314e-05,19.201335305910376,-0.000367091741673816,0.00011128615787080084,-23.26323142786021,0.0,0.0,nan,0.31946950379188477,0.3044606377943353,0.32539508575142123,0.3268186714745292,0.33693672409103215,30,0.06882199040562682,0.06705266640819332,0.070026192261696,0.07041090786556624,0.07129468045396833
corner_noise_mc,M2,6,M2_mc_0006,30,ok,0.19527181902003804,7350.183973645927,2.318859205912304,0.03155827127739845,7351.233333436578,2.392186792702887,0.032551891447474945,2074.873792633793,4.6572624859559255,0.22496499366775627,1510.9622987273383,-1.474155377675288,-0.0974689133995796,-0.04946063228157351,-0.0003234671301599462,0.6582942446174895,0.2260528913598214,-0.0012230806629998092,-0.5381478086372445,-0.0005813041825251402,-6.814995622284861e-05,13.280599229188162,-0.000345310737871732,0.00013306716167288483,-27.81632717555633,0.0,0.0,nan,0.24195014968129272,0.2333950570920905,0.24547906408210962,0.24830504503903597,0.25555588088093373,30,0.011846310914592092,0.008822758546784826,0.012001115870199896,0.012626836848575634,0.012958783537737873
corner_noise_mc,M2,7,M2_mc_0007,30,ok,0.1938670971482961,7350.751763046802,2.8866486067872756,0.03928554160737706,7351.772163121695,2.931016477819867,0.0398840636140084,2074.876619717136,4.660089569298634,0.22510155345759172,1511.198354769543,-1.2380993354706789,-0.08186124660710627,-0.04902039830501184,0.0001167668464017238,-0.2376344789975428,0.21847718985880196,-0.008798782164019248,-3.8714088804494233,-0.0005962131699338444,-8.305894363155278e-05,16.185961134932555,-0.0003158743245740102,0.00016250357497060665,-33.9697078659568,0.0,0.0,nan,0.29937913132088734,0.28327188859219066,0.30453077484676383,0.30499707240661933,0.3167967126174858,30,0.05081691263064839,0.04796937582110274,0.05076900879141135,0.05109929754031668,0.05122291189575208
corner_noise_mc,M2,8,M2_mc_0008,30,ok,0.18886827168195705,7349.148915668119,1.283801228104494,0.01747175823330738,7350.17680483309,1.3356581892148824,0.018175085874932283,2074.045105312778,3.8285751649409576,0.18493597694669908,1511.5287344739006,-0.9077196311129683,-0.06001704261023731,-0.04896031302019967,0.00017685213121389903,-0.3599152101447826,0.2221755760975541,-0.0051003959252671205,-2.244142167723291,-0.0005837288949962313,-7.057466869393964e-05,13.7531106783412,-0.00037727780456030534,0.0001011000949843115,-21.133939314619656,0.0,0.0,nan,0.14685353434255716,0.13800344298602168,0.14981218128898263,0.15075473981703907,0.15743516373391345,30,0.10589537936011197,0.10088766063751961,0.10692975227669423,0.10706115091062372,0.10820687990315037
corner_noise_mc,M2,9,M2_mc_0009,30,ok,0.1916021982587704,7353.11592132993,5.250806889915111,0.07146030592744868,7354.201528540804,5.360381896929539,0.07294186647887414,2073.8191029768027,3.602572828965549,0.17401913164649904,1511.3382819912777,-1.0981721137359273,-0.07260947134375785,-0.04829313348257039,0.0008440316688431773,-1.7177052567895168,0.2098681706252987,-0.017407801397522515,-7.65932326351444,-0.0005822959229331114,-6.914169663081976e-05,13.473862844128542,-0.00038588013525299187,9.249776429162498e-05,-19.335710194738628,0.0,0.0,nan,0.5367540045869305,0.5110041174964607,0.5407503513370915,0.5419191983143904,0.5528244315004031,30,0.29181600036007466,0.2767182927604409,0.2931283268039039,0.2951590036039141,0.2958643934570716
corner_noise_mc,M2,10,M2_mc_0010,30,ok,0.19454724465481393,7349.7740330411225,1.908918601107871,0.025979227590289682,7350.824782124647,1.9836354807721364,0.026992493662460485,2074.4070167590266,4.190486611189499,0.2024177930262324,1510.4222081544146,-2.0142459505989336,-0.1331788813428771,-0.04993536301502799,-0.0007981978636144235,1.6244279887836817,0.22909551402695713,0.0018195420041359212,0.8005870519181929,-0.0006251919986162326,-0.00011203777231394093,21.833157863916945,-0.0003614918885943914,0.00011688601095022545,-24.43382335628234,0.0,0.0,nan,0.2064263715162724,0.19567493929980911,0.21269428650920702,0.21450396244033926,0.22226035993263055,30,0.05755527979671341,0.05517822642379429,0.05959557865962949,0.06075633809367019,0.06416573378360794
corner_noise_mc,M2,11,M2_mc_0011,30,ok,0.1925867692124336,7349.49295171586,1.627837275845195,0.022153880759816502,7350.512999737425,1.6718530935504532,0.022749887501840586,2074.4308367160097,4.21430656817256,0.2035683952282813,1510.2433751995482,-2.193078905465427,-0.1450030445585355,-0.049059857884309194,7.730726710437202e-05,-0.15732952209626622,0.22235908584674985,-0.004916886176071361,-2.1633990308388813,-0.0006191473054671986,-0.00010599307916490702,20.655209239662007,-0.000351190289712768,0.00012718760983184882,-26.58726708590066,0.0,0.0,nan,0.1866837119517413,0.1770926963704113,0.19226464501254156,0.19273833683388233,0.20236868653613554,30,0.07510348229506575,0.07354674674388662,0.07729947053930915,0.07779120120649281,0.07800877410116983
corner_noise_mc,M2,12,M2_mc_0012,30,ok,0.19017594472217952,7351.267906548346,3.402792108331596,0.04630994248444264,7352.239849789975,3.3987031461001607,0.046248150943530825,2073.3596445253725,3.143114377535312,0.15182539274337925,1511.4580546045902,-0.978399500423393,-0.06469028816171733,-0.04852297842484786,0.0006141867265657061,-1.249943346697194,0.2162430761738863,-0.01103289584893491,-4.854404867676498,-0.0006004632243472522,-8.730899804496061e-05,17.014182787520912,-0.00037184986362644385,0.000106528035918173,-22.268594769862993,0.0,0.0,nan,0.35151857793189834,0.3324509851337041,0.3567046556147443,0.35792744441982277,0.36795462295975767,30,0.10336636231248235,0.10064482538570303,0.10354799574247976,0.10446699690238773,0.10728676359763085
corner_noise_mc,M2,13,M2_mc_0013,30,ok,0.18929473230356833,7351.107501684744,3.242387244729798,0.04412692930845809,7352.212965676219,3.3718190323443196,0.04588232300931131,2073.0862675955154,2.8697374476782898,0.13862015909385852,1510.6488495195151,-1.7876045854984568,-0.11819369869369317,-0.04901762012582514,0.00011954502558842589,-0.24328840546672614,0.22369300196482284,-0.0035829700579983748,-1.5764843182096706,-0.000610578244274765,-9.742401797247337e-05,18.985328967179218,-0.0004024763376731564,7.590156187146045e-05,-15.866444069367246,0.0,0.0,nan,0.34383631080088434,0.3262930521270846,0.3489877286243484,0.35483224754557996,0.3603439654717988,30,0.09323155713836967,0.09094997189620813,0.09377575875588491,0.09601623958387477,0.09963767073366511
corner_noise_mc,M2,14,M2_mc_0014,30,ok,0.1908925755099138,7349.4141369809795,1.5490225409648701,0.021081259887592834,7350.44835270733,1.6072060634551235,0.02187019737376028,2074.1236697540435,3.9071396062063286,0.1887309636121645,1510.8013726259096,-1.6350814791039738,-0.10810910267774097,-0.04905152031927384,8.564483213972796e-05,-0.17429746277754923,0.22076645427240785,-0.006509517750413363,-2.864146919041547,-0.0006202130325066283,-0.00010705880620433673,20.862890865341907,-0.00033527082739500785,0.000143107072149609,-29.915067624536412,0.0,0.0,nan,0.176907867058145,0.16374958184873378,0.1811253243494241,0.18612911297348517,0.19407387887033564,30,0.08359752255887541,0.0810332770200148,0.08465459426256756,0.08540082929786535,0.08937608838687083
corner_noise_mc,M2,15,M2_mc_0015,30,ok,0.19389583578809635,7349.903094123078,2.0379796830629857,0.027735670855714958,7350.924934533499,2.0837878896245456,0.028355326343884654,2073.7541115577596,3.5375814099224954,0.17087977795587747,1510.5964156973077,-1.8400384077058334,-0.1216605433379797,-0.04921534234082571,-7.817718941214441e-05,0.15909991789564082,0.22319661291693255,-0.004079359105888664,-1.7948923810912345,-0.0006070297100316635,-9.387548372937187e-05,18.293814786603978,-0.00039265899959148266,8.571889995313419e-05,-17.918658038912902,0.0,0.0,nan,0.22120892311656914,0.212744407890915,0.2257900094014093,0.22696549394969992,0.23491779344955716,30,0.03499708142176132,0.03403614672715491,0.03583839062992013,0.036373059190046325,0.03722578347819194
corner_noise_mc,M2,16,M2_mc_0016,30,ok,0.19101535147388424,7351.269099903493,3.4039854634784206,0.04632618332621421,7352.340055911754,3.498909267878844,0.047611714528306995,2075.4043119911976,5.187781843360426,0.25059126752262767,1510.2969461873095,-2.1395079177041225,-0.14146101225589536,-0.04859684959282261,0.0005403155585909578,-1.0996066967355647,0.21610209605868683,-0.011173875964134383,-4.916435232762922,-0.0006128230766659267,-9.966885036363511e-05,19.422786611704073,-0.0003250637147278406,0.00015331418481677624,-32.04875997882028,0.0,0.0,nan,0.36349120034045085,0.34999649501406227,0.3697928032303315,0.37007556034957445,0.38318659356653484,30,0.11301787879044127,0.109566418726871,0.11491158309621938,0.11565157772035577,0.11754454992947103
corner_noise_mc,M2,17,M2_mc_0017,30,ok,0.18704642135010785,7348.860337477683,0.9952230376684383,0.013544383602151697,7349.8795202762285,1.038373632353796,0.014129760211622051,2073.2858779024714,3.0693477546342365,0.14826216050043084,1510.0356975730629,-2.4007565319507194,-0.15873437362836976,-0.04910678092837106,3.038422304250249e-05,-0.061835522966933724,0.2170444546311179,-0.010231517391703304,-4.50180338055091,-0.0006443128282001373,-0.00013115860189784573,25.559294881570775,-0.0003671255331557743,0.00011125236638884255,-23.256167664674145,0.0,0.0,nan,0.1270195791660683,0.11719168861392575,0.13190567848927345,0.13840779579441773,0.14433693672373807,30,0.14568620346569786,0.14110846836310315,0.14898992278218315,0.1499594954159852,0.15199028380129675
corner_noise_mc,M2,18,M2_mc_0018,30,ok,0.18890237926702164,7350.50502671181,2.6399122717957653,0.03592760932162205,7351.569324531289,2.728177887413949,0.03712391971705463,2073.2337571974413,3.0172270496041165,0.14574451540045677,1511.4997358720757,-0.936718232937892,-0.06193438609572502,-0.04840828605189968,0.000728879099513885,-1.4833560244427668,0.21647963660454095,-0.010796335418280262,-4.750319764201111,-0.0005686654207936151,-5.5511194491323496e-05,10.817643438567856,-0.00037577842002007173,0.00010259947952454511,-21.447370294951508,0.0,0.0,nan,0.27953996463929226,0.26724472245325903,0.2824938113823458,0.2851078542697985,0.29283746300812935,30,0.04174065097693642,0.03793547304507285,0.04471347464427651,0.045472219727216726,0.046175273431197185
corner_noise_mc,M2,19,M2_mc_0019,30,ok,0.19011532233137698,7351.2299035545475,3.3647891145328686,0.04579274472418376,7352.259340848626,3.4181942047516714,0.04651337723244594,2074.5143416758974,4.297811528060265,0.20760202932749997,1511.028351302771,-1.408102802242638,-0.0931016174875185,-0.04910812928506496,2.903586634860761e-05,-0.05909145604785121,0.22382844717610786,-0.0034475248467133457,-1.5168892760767396,-0.0005872097914391675,-7.405556513687584e-05,14.431444065170924,-0.0003491532679504741,0.00012922463159414276,-27.01308562062666,0.0,0.0,nan,0.3452493547314475,0.331405167119047,0.34967371181063645,0.35125829900164146,0.3611312168882762,30,0.09837521718309858,0.09362691381863045,0.09859205329059706,0.10036515503532882,0.10089542351228147
corner_noise_mc,M2,20,M2_mc_0020,30,ok,0.19282401228678264,7349.4167179931865,1.5516035531718444,0.02111638590265675,7350.423642362399,1.5824957185241146,0.021533949189346962,2073.2874187740244,3.0708886261872976,0.14833659095399074,1511.3513763405595,-1.0850777644541267,-0.07174369286782518,-0.049109065019164455,2.810013224911062e-05,-0.05718712539179164,0.2260248810721253,-0.0012510909506959211,-0.5504721592700071,-0.0005907423010190284,-7.758807471673677e-05,15.119835468534323,-0.0003599845181111127,0.00011839338143350414,-24.748923716209838,0.0,0.0,nan,0.16854893355515516,0.15754242779957223,0.1731685422331924,0.1754445608689872,0.18225546160207387,30,0.08410797068203806,0.0795862021019616,0.08349722033498835,0.08516492813060351,0.08778430057935793
corner_noise_mc,M2,21,M2_mc_0021,30,ok,0.18939031856737723,7349.8034195975615,1.9383051575468926,0.02637916084956075,7350.810039625078,1.9688929812036804,0.026791883807460577,2074.1644423923326,3.9479122444954555,0.1907004502670805,1511.2500392301574,-1.1864148748561547,-0.078443948612586,-0.04861338604137671,0.0005237791100368566,-1.0659530488233482,0.21528854284205395,-0.011987429180767256,-5.274393537546316,-0.0006243966749040362,-0.00011124244860174462,21.678170596652812,-0.00035201558734170306,0.00012636231220291378,-26.41474706987971,0.0,0.0,nan,0.21715870432127526,0.20291389343757943,0.22345699983842282,0.2263942189960605,0.23483127325315536,30,0.04352183868473958,0.03973868951779593,0.04366085651595427,0.04485493112040529,0.04605878977143334
corner_noise_mc,M2,22,M2_mc_0022,30,ok,0.19064426679869662,7348.911482416596,1.0463679765816778,0.014240435286779514,7349.930154676568,1.0890080326935276,0.014818772252151132,2074.3979799291283,4.181449781291121,0.20198127685670242,1509.67155826655,-2.7648958384636444,-0.18281071121760123,-0.048852911486064785,0.0002842536653487812,-0.5784901600913863,0.21962986287979816,-0.00764610914302305,-3.3642399920108095,-0.0006572181073150583,-0.0001440638810127667,28.074187764342952,-0.00033990991479962776,0.00013846798474498908,-28.945313919560494,0.0,0.0,nan,0.14122016714121058,0.13205714818108732,0.14860382771365038,0.15127761112430022,0.15969050952746217,30,0.13638597938128214,0.13344942263712198,0.1399014684289227,0.1408471354960821,0.1442189787442885
corner_noise_mc,M2,23,M2_mc_0023,30,ok,0.19308655404807668,7350.980706238054,3.1155917980395316,0.04240131996866375,7351.981610539682,3.140463895807443,0.04273413771151734,2073.360869779008,3.1443396311710785,0.15188457754931253,1510.6163419398406,-1.8201121651729864,-0.12034305046224505,-0.04865872557134229,0.0004784395800712729,-0.9736816900140387,0.21876287130845798,-0.008513100714363231,-3.7457108371792223,-0.0006200760468213435,-0.00010692182051905185,20.836196028144133,-0.0003830894432348075,9.528845630980934e-05,-19.919075776811063,0.0,0.0,nan,0.3298867983802495,0.31389750238174086,0.3357280113844649,0.33892468297865064,0.3479227644056209,30,0.07955574208139636,0.07719783642458822,0.08197882187899723,0.08264901649013581,0.08338937834047896
corner_noise_mc,M2,24,M2_mc_0024,30,ok,0.1895748243510717,7350.770881546412,2.905767106397434,0.03954573282363369,7351.8090591831,2.967912539224926,0.04038613000337251,2074.5079580453576,4.291427897520407,0.20729367363393383,1511.1486463464182,-1.2878077585953633,-0.0851478920056463,-0.048470914425433484,0.0006662507259800818,-1.3558998040018497,0.21596922830542228,-0.011306743717398926,-4.974896209557777,-0.0005986779764344646,-8.552375013217296e-05,16.666285835438522,-0.00036924935508869205,0.00010912854445592479,-22.81220444335069,0.0,0.0,nan,0.3110845212377683,0.2969683031497169,0.31524700317954457,0.3163091329546302,0.32678390211389685,30,0.06407859856191181,0.06021403531982798,0.06404523194648959,0.06435545481865602,0.06677591211325762
corner_noise_mc,M2,25,M2_mc_0025,30,ok,0.19039877961646173,7349.26726743549,1.4021529954752623,0.01908245420455192,7350.3188812330845,1.477734589209831,0.020108402940301605,2073.0688309656334,2.8523008177962765,0.13777789792802927,1510.6786900713048,-1.7577640337087814,-0.11622068675598941,-0.048681592827023445,0.00045557232439012024,-0.9271440934500359,0.21095436313679106,-0.016321608886030153,-7.181405381643806,-0.0006131560847852747,-0.00010000185848298311,19.487680965541436,-0.0004101257146947381,6.825218484987877e-05,-14.26742015357528,0.0,0.0,nan,0.16608398719437215,0.15671182258688815,0.16953594840868333,0.17480806562714263,0.17990807162359487,30,0.09182667075032781,0.08834886717706639,0.0927988019067584,0.09440930203597503,0.09524977172706599
corner_noise_mc,M2,26,M2_mc_0026,30,ok,0.19278462727466297,7349.275141948403,1.410027508388339,0.0191896215625591,7350.336196175347,1.4950495314724321,0.020344017534726585,2074.7777946235037,4.561264475666576,0.22032789368853362,1510.4076254344402,-2.0288286705733753,-0.13414306862723285,-0.049231899617203506,-9.473446578994044e-05,0.19279595291674073,0.22048068669417012,-0.006795285328651091,-2.9898828583466637,-0.0006314667247006537,-0.00011831249839836205,23.055933739628973,-0.00034622189045268226,0.0001321560090919346,-27.625860061206446,0.0,0.0,nan,0.16807072717174945,0.15786056868042805,0.17322603624866703,0.17641964653115025,0.18462892632879857,30,0.09754225526941694,0.09482078655859141,0.10082216357498282,0.10180108186373957,0.10315001898260903
corner_noise_mc,M2,27,M2_mc_0027,30,ok,0.19181782934293504,7350.732318850438,2.8672044104232555,0.03902091785529145,7351.765933286505,2.9247866426303517,0.0397992905856465,2073.3382328464945,3.121702698657373,0.15079112031022415,1512.5396237374757,0.10316963246214073,0.006821419318618018,-0.04906077563100261,7.638952041095354e-05,-0.1554617979599826,0.22211887877529155,-0.005157093247529665,-2.2690886333606053,-0.000527831546373838,-1.4677320071546356e-05,2.8602161532038446,-0.0003810979259903604,9.727997355425645e-05,-20.335382058172073,0.0,0.0,nan,0.285896515555919,0.26959454821253526,0.2872066498842509,0.2877051692626128,0.29161176513985654,30,0.06454686627224646,0.061030844860627556,0.06863962360630069,0.07052429106786207,0.07124643926592852
corner_noise_mc,M2,28,M2_mc_0028,30,ok,0.18657665263331807,7352.532978035766,4.667863595751442,0.06352680027533661,7353.510853450144,4.66970680626946,0.06354344464775998,2075.0589776000734,4.842447452236229,0.23391019160157236,1511.8828782601854,-0.553575844828174,-0.03660159362898677,-0.04922733382905299,-9.016867763942532e-05,0.18350402869513396,0.22165476677861368,-0.005621205244207533,-2.4732949964649573,-0.0005689960299239719,-5.584180362168032e-05,10.882070293772603,-0.000323978272962379,0.00015439962658223786,-32.2756604619937,0.0,0.0,nan,0.46101649224292485,0.43575835104316807,0.4666914393132271,0.46750238380673775,0.4760707959079582,30,0.2217722031608332,0.21246569221316347,0.22322865158028263,0.22535649708359698,0.22700682177920725
corner_noise_mc,M2,29,M2_mc_0029,30,ok,0.19100914787380516,7350.866218782063,3.0011043420481656,0.040843214938042334,7351.91916960159,3.078022957714893,0.041884467173720144,2074.3977484085176,4.181218260680453,0.20197009345596645,1511.9501394691397,-0.4863146358738959,-0.032154384705152673,-0.049335052726934434,-0.00019788757552086783,0.402724851771745,0.222468177521488,-0.004807794501333201,-2.115399379240337,-0.0005707354950528306,-5.7581268750538984e-05,11.221045408796595,-0.0003504065732661797,0.00012797132627843716,-26.751094981657207,0.0,0.0,nan,0.30452072868619096,0.28764185640380047,0.3085406588008635,0.30940378106660205,0.31704315565939395,30,0.06647438110028929,0.06355830631694345,0.06960597712889978,0.0699547526651753,0.07035557335477165
corner_noise_mc,M2,30,M2_mc_0030,30,ok,0.19047179290223235,7349.860065743586,1.9949513035717246,0.02715008063568354,7350.942664064062,2.1015174201875197,0.028596582484943997,2074.5465212287318,4.329991080894615,0.20915643450037588,1511.4003230212677,-1.036131083745886,-0.06850741272029297,-0.04842174787445768,0.0007154172769558848,-1.4559596076643095,0.21248546217865683,-0.014790509844164385,-6.507731421198913,-0.0005959758846804434,-8.282165837815176e-05,16.139720601143942,-0.0003505583351846914,0.00012781956435992543,-26.71937070705,0.0,0.0,nan,0.2248558946172181,0.21189752260287664,0.22764301836881373,0.2315074614483899,0.24002155648744292,30,0.029359082801312296,0.02785030694313377,0.030444856172520646,0.030603175737800824,0.032614147200877144
corner_noise_mc,M2,31,M2_mc_0031,30,ok,0.19468987527326653,7351.691965011061,3.8268505710466343,0.05208112167881406,7352.680286232469,3.839139588594662,0.0522414284372979,2074.226832929154,4.010302781317023,0.1937141706153144,1511.3109060961713,-1.1255480088423155,-0.07441952392693155,-0.04915716779676055,-2.0002645346982317e-05,0.04070777238643138,0.22498187314327084,-0.0022940988795503714,-1.0093890960545608,-0.0005718460773497612,-5.869185104746962e-05,11.437468121502933,-0.00035827994384733555,0.0001200979556972813,-25.10524750654375,0.0,0.0,nan,0.38322719539822286,0.365544980606316,0.38702761815661574,0.3894066731805836,0.397491426471322,30,0.14245902593587517,0.1358638552140775,0.14375971023639067,0.14638041370396707,0.147084747743304
corner_noise_mc,M2,32,M2_mc_0032,30,ok,0.19127061448105734,7350.399924756814,2.5348103167989393,0.034497235282905964,7351.389983879163,2.5488372352883744,0.03468352607475257,2072.7903386563094,2.5738085084722115,0.12432557034449011,1510.9915371280215,-1.44491697699209,-0.09553571477798858,-0.04974696378980576,-0.000609798638392195,1.241013063153181,0.22881541876077513,0.00153944673795392,0.6773468942855698,-0.000601504231736277,-8.835000543398535e-05,17.217047216120882,-0.00039775492814901104,8.06229713956058e-05,-16.853406370226,0.0,0.0,nan,0.2574877187033053,0.24447412066900256,0.2636863174469113,0.2642633281000309,0.2710682233812179,30,0.010300878697438518,0.007516952930359366,0.01022722618466389,0.01085501223288446,0.012151733630480522
corner_noise_mc,M2,33,M2_mc_0033,30,ok,0.1924253386373562,7349.915042795653,2.049928355638258,0.02789828506255159,7350.924629618675,2.083482974800063,0.02835117718868592,2073.6758857815194,3.4593556336822076,0.16710115020843594,1511.4264273384852,-1.0100267665284264,-0.06678143493480598,-0.048289847039769386,0.0008473181116441797,-1.724393560420537,0.2117738049213,-0.01550216710152122,-6.820856143985434,-0.0005565128778723368,-4.3358651570045165e-05,8.449438657551505,-0.00035495475802559806,0.00012342314151901878,-25.80034354356863,0.0,0.0,nan,0.2178681308268608,0.20940365020201168,0.21993899436503797,0.22105577784426655,0.2299458598257388,30,0.03434557845771449,0.03190451899614857,0.03630197259263354,0.037041578253728745,0.037435009707184004
corner_noise_mc,M2,34,M2_mc_0034,30,ok,0.18966907717413478,7350.92672304381,3.061608603795321,0.04166664134564272,7352.005217662667,3.1640710187921286,0.04305537370660299,2073.925160180469,3.708630032631845,0.17914213216947922,1511.7748001059308,-0.6616539990827732,-0.04374755694937993,-0.04845437532965662,0.0006827898217569434,-1.3895588393285667,0.2127116249965052,-0.01456434702631601,-6.408221202043117,-0.0005883129379446827,-7.515871164239104e-05,14.646417741499052,-0.00039318198275950994,8.519591678510691e-05,-17.80933376441671,0.0,0.0,nan,0.32494142433478146,0.30944297373353324,0.328040228052908,0.3310320709019626,0.3387704408715308,30,0.08200765673132082,0.07874774108500446,0.0834612604015183,0.08526957630120904,0.08696032688330887
corner_noise_mc,M2,35,M2_mc_0035,30,ok,0.193041011534591,7348.436570853688,0.5714564136733316,0.007777176156245794,7349.463355874225,0.6222092303505633,0.008466766636188871,2073.6459107969304,3.4293806490932184,0.16565323477773222,1510.4901750292745,-1.9462790757390849,-0.1286850148617185,-0.04802134538647252,0.001115819764941045,-2.270826494574332,0.21287511854310787,-0.014400853479713344,-6.336285068562956,-0.0006019310693471615,-8.877684304486985e-05,17.300226422099602,-0.00037963759538179345,9.87403041628234e-05,-20.640649214108226,0.0,0.0,nan,0.09456163582475482,0.08911295676789166,0.10061509952785969,0.10363211295433016,0.10576472251705127,30,0.16498415317290666,0.15621384653151438,0.1663576433297993,0.16718700580130275,0.16847658919364789
corner_noise_mc,M2,36,M2_mc_0036,30,ok,0.188247096004728,7350.611845098174,2.746730658159322,0.03738134295309056,7351.5373155534235,2.69616890954876,0.036688354745292966,2074.2855781534795,4.069048005642344,0.19655180732963073,1510.5941341281543,-1.842319976859244,-0.12181139722325983,-0.049600879085961336,-0.00046371393454777005,0.9437132425504405,0.22312540536039413,-0.00415056666242708,-1.8262232586603186,-0.0006196340922283418,-0.00010647986592605019,20.75007092766775,-0.00036845255151839884,0.00010992534802621801,-22.978768068269762,0.0,0.0,nan,0.279705220032281,0.26649712404753534,0.28595150167490996,0.2866218214744964,0.29618731139175336,30,0.031169779179225542,0.02930246021340395,0.03202401577303703,0.0333286170523607,0.03419756523942965
corner_noise_mc,M2,37,M2_mc_0037,30,ok,0.18784019837767954,7350.956940828523,3.091826388508707,0.04207788711897629,7351.9296939240785,3.088547280203784,0.04202767781440323,2074.424194886662,4.20766473882486,0.20324756746698303,1510.63752718558,-1.7989269194335975,-0.11894231420771427,-0.049046282648618454,9.088250279511156e-05,-0.18495674814585245,0.22413395433981204,-0.003142017683009174,-1.3824680431654597,-0.0006092017510318917,-9.604752472960009e-05,18.71708734072082,-0.00033932992095309794,0.0001390479785915189,-29.06655569245216,0.0,0.0,nan,0.3204184463636011,0.3057572797340299,0.32600255191114114,0.3263392669309906,0.3385205756805817,30,0.07073263330270266,0.0683014680715189,0.07170845773789893,0.07243109616885278,0.07296058823330327
corner_noise_mc,M2,38,M2_mc_0038,30,ok,0.19013688356691394,7348.340866481012,0.47575204099757684,0.006474697528981984,7349.340329807409,0.499183163534326,0.006792678649235694,2073.532993539359,3.3164633915216655,0.16019886534694186,1511.403940382127,-1.032513722886506,-0.0682682383173247,-0.049215613428759006,-7.844827734544008e-05,0.15965161421849608,0.22436757357743842,-0.0029083984453827927,-1.2796770461466798,-0.0005690717376749743,-5.591751137268264e-05,10.896823704564495,-0.00039575459408545125,8.26233054591656e-05,-17.271555717314147,0.0,0.0,nan,0.06267146524513123,0.05854613725965692,0.06500048557977152,0.06779438003468953,0.06984590011658155,30,0.19032957854442428,0.180034531584144,0.19236272520359649,0.19378593135800998,0.19632982846955543
corner_noise_mc,M2,39,M2_mc_0039,30,ok,0.1895692488053181,7349.333721184883,1.4686067448683389,0.01998684954058608,7350.317855350124,1.4767087062491555,0.020094443147999602,2073.621365916914,3.404835769076726,0.16446761580217803,1510.1393164972521,-2.2971376077614423,-0.15188324782351115,-0.048249158450587463,0.0008880067008261022,-1.807199699229202,0.21011848886215498,-0.01715748316066623,-7.549184811733383,-0.0006445457421158828,-0.00013139151581359118,25.604683558854756,-0.00036545772269677256,0.00011292017684784428,-23.604806358181804,0.0,0.0,nan,0.17997842022203372,0.16892164597651627,0.1854081190173895,0.19009362162382784,0.19860311406420691,30,0.09026948318406765,0.0886285936496421,0.0933516873885867,0.0941621143345779,0.09697084879696262
corner_noise_mc,M2,40,M2_mc_0040,30,ok,0.18970193127419632,7349.091572666165,1.2264582261504984,0.01669135465946788,7350.103821155033,1.262674511158366,0.0171819540790457,2073.979736449698,3.7632063018609188,0.18177839115177882,1510.085079568205,-2.3513745368086347,-0.15546931115198911,-0.04920910644693069,-7.194129551712364e-05,0.14640912900742312,0.2214414181495379,-0.005834553873283299,-2.567167053056291,-0.000641445080633217,-0.00012829085433092543,25.000447770910725,-0.0003775955685396546,0.00010078233100496226,-21.06751400951009,0.0,0.0,nan,0.15035348108726793,0.14127192301098146,0.155724978501741,0.15876573302034613,0.16604197056243492,30,0.11922445218360167,0.11510192297326398,0.12267266134484202,0.12461232802717233,0.12611909594074291
corner_noise_mc,M2,41,M2_mc_0041,30,ok,0.1921680039846924,7350.644836914219,2.779722474204391,0.03783034161503161,7351.667242981065,2.8260963371903927,0.03845635360455486,2073.936016563438,3.7194864156008407,0.17966654025969095,1510.9479597533198,-1.4884943516938165,-0.0984169845717343,-0.04849508962902454,0.0006420755223890268,-1.306700377220593,0.2167687778030264,-0.010507194219794819,-4.623099453179226,-0.00062852270379164,-0.00011536847748934843,22.48222299963804,-0.0003652723268128118,0.00011310557273180502,-23.64356146876221,0.0,0.0,nan,0.3019779934399878,0.28556103913021214,0.3096169782365649,0.31252749677391706,0.32107940681795527,30,0.051727516597685506,0.04890504845265013,0.05456684603324504,0.05627072887583864,0.05759205270102825
corner_noise_mc,M2,42,M2_mc_0042,30,ok,0.18981208527824947,7348.722517613179,0.8574031731641298,0.011668738603804284,7349.711419607075,0.8702729632004775,0.011842315622755303,2073.995368527484,3.7788383796469134,0.18253348500589264,1510.7832418758546,-1.653212229158953,-0.10930788031932513,-0.04833415292407616,0.0008030122273374046,-1.634225793984991,0.21335377502440808,-0.013922196998413128,-6.125679223589537,-0.0006343915605951234,-0.00012123733429283176,23.625905834674473,-0.00035934965548049775,0.0001190282440641191,-24.881635246407885,0.0,0.0,nan,0.11967722889477272,0.10877423081999496,0.12610835402107057,0.1278750165602375,0.13551268354774493,30,0.144223615239531,0.1385102781961649,0.14587530567618673,0.14892262120714944,0.1521554482357601
corner_noise_mc,M2,43,M2_mc_0043,30,ok,0.18877393983301943,7350.9047658929085,3.0396514528938496,0.04136781780221211,7351.968664826216,3.1275181823411913,0.04255797778088441,2074.4632397064847,4.246709558647581,0.20513359336109238,1511.639792975776,-0.7966611292376911,-0.052674023234193755,-0.049065464539274926,7.170061213863932e-05,-0.1459193095851128,0.2228236626732961,-0.004452309349525119,-1.9589881455123879,-0.0006121126071247924,-9.895838082250082e-05,19.28433514726738,-0.00034090021146813445,0.0001374776880764824,-28.738302544359133,0.0,0.0,nan,0.3199490749187248,0.30119668287940726,0.3250166890557807,0.3292951993621298,0.3375797349070865,30,0.07160938954486937,0.0685194202685551,0.07229762065302964,0.07324643266808892,0.07487818004934751
corner_noise_mc,M2,44,M2_mc_0044,30,ok,0.18829340362117047,7350.865856188808,3.000741748793189,0.0408382802631493,7351.859328643477,3.018181999602348,0.041070176091378904,2074.1903871850063,3.973857037169182,0.19195369079993788,1511.4827491402482,-0.953704964765393,-0.06305752299059396,-0.04816188163639505,0.0009752835150185143,-1.984818440407032,0.2065765673777723,-0.020699404645048908,-9.10760801540888,-0.0005991566773094506,-8.600245100715898e-05,16.759571801031257,-0.0003669883935559743,0.00011138950598864252,-23.284835293327248,0.0,0.0,nan,0.3180078618391974,0.30091273485965075,0.32095349672061385,0.3226973998583153,0.3338613974043085,30,0.07062350263963708,0.06771444509514596,0.07063694281558185,0.0734744997877172,0.07444261309041167
corner_noise_mc,M2,45,M2_mc_0045,30,ok,0.19091695277805817,7350.5786229253445,2.7135084853298395,0.03692920927464028,7351.57524224173,2.73409559785523,0.03720444548054842,2074.048530688521,3.832000540684021,0.18510143672799156,1510.711761894063,-1.7246922109504794,-0.11403402809217981,-0.04888316209737717,0.00025400305403639606,-0.5169265529537553,0.21754938482671882,-0.009726587196102393,-4.279637266329996,-0.000590441264487321,-7.728703818502935e-05,15.061171519904953,-0.00036326276276795285,0.000115115136776664,-24.06364024890066,0.0,0.0,nan,0.2826404412721672,0.2720100450779569,0.28771671604513926,0.28837796373613456,0.29800593752590887,30,0.03509529578479941,0.03293853622228653,0.03555545919505448,0.036245383569313956,0.037459034176555404
corner_noise_mc,M2,46,M2_mc_0046,30,ok,0.19172964003164786,7348.7650732541015,0.8999588140868582,0.01224789513784433,7349.74833886381,0.9071922199354958,0.012344697644604814,2072.4000796980417,2.1835495502045887,0.10547445247423748,1510.9078179008256,-1.528636204187933,-0.10107110285783912,-0.049241206456442574,-0.00010404130502900816,0.21173648237217269,0.22773079483098904,0.0004548228081678318,0.2001191785122636,-0.0006031173640708997,-8.996313776860813e-05,17.531403456786922,-0.00041058208657982826,6.779581296478858e-05,-14.172020285495124,0.0,0.0,nan,0.10763897578388534,0.10099046197399275,0.11227869774085719,0.11427877250016735,0.11852419140524262,30,0.1478111655200621,0.13796721564863218,0.1478509507297315,0.1496280680617693,0.15279970451890107
corner_noise_mc,M2,47,M2_mc_0047,30,ok,0.19211322486438415,7350.166981783994,2.301867343979211,0.03132702231367291,7351.206078613685,2.364931969810641,0.0321810190561906,2072.759714439014,2.543184291176658,0.1228462942953627,1510.7955498837036,-1.6409042213099383,-0.10849409354397939,-0.04854350414258678,0.0005936610088267888,-1.2081710595176867,0.21299141620633147,-0.014284555816489741,-6.2851148272970105,-0.000589153763631376,-7.599953732908443e-05,14.810272123592375,-0.0003934716188536898,8.490628069092703e-05,-17.748788305595227,0.0,0.0,nan,0.2475391523176654,0.23525230383056908,0.2514065298049286,0.25467815853363845,0.2618317100337208,30,0.008842517242726444,0.004024373363080258,0.008209544830317555,0.00930085002970628,0.013141397325108528
corner_noise_mc,M2,48,M2_mc_0048,30,ok,0.19267317834236386,7350.163876010213,2.2987615701986215,0.03128475461098351,7351.1933267394315,2.3521800955568324,0.03200749680963024,2074.299596557769,4.083066409931689,0.19722895409593272,1510.924910539976,-1.5115435650375275,-0.09994096353171979,-0.048792661809584886,0.0003445033418286794,-0.7011054479172957,0.22056697015359086,-0.006709001869230347,-2.951918678212355,-0.0005990306695097153,-8.58764432074237e-05,16.73501625938771,-0.0003166789045223187,0.00016169899502229817,-33.80151866886506,0.0,0.0,nan,0.24705916086555246,0.23161976600291326,0.2513532273604767,0.2541776510312613,0.26457071742771066,30,0.010758487721494694,0.0072384177942439,0.01148053130686776,0.012913715140508366,0.0144624814051042
corner_noise_mc,M2,49,M2_mc_0049,30,ok,0.19389929054502925,7350.367913012972,2.502798572957545,0.03406157481088008,7351.465510747211,2.62436410333612,0.03571126455134541,2073.7423121725747,3.5257820247375093,0.17030981896786074,1511.5193335561817,-0.9171205488319174,-0.0606386170038876,-0.049518148468428586,-0.0003809833170150198,0.7753465545703337,0.22735947403582632,8.350201300511007e-05,0.03674036118377066,-0.0005824887741187583,-6.933454781646667e-05,13.51144436947942,-0.0003849685259099409,9.340937363467596e-05,-19.52627279052718,0.0,0.0,nan,0.2608650268402357,0.24805183476965453,0.26599201892599245,0.26726870815439496,0.2732698048785778,30,0.019698448300476908,0.01564475615442973,0.02140054843251221,0.021919277189410023,0.02262261259770071
corner_noise_mc,M2,50,M2_mc_0050,30,ok,0.19343126549140074,7350.114357535694,2.2492430956790486,0.03061083812301942,7351.122187470151,2.281040826276694,0.0310394629678234,2074.4689840926653,4.252453944828176,0.2054110709146208,1512.4112632314555,-0.02519087355813099,-0.001665582278829541,-0.04894922873935867,0.0001879364120548968,-0.3824730455568219,0.2212087337484812,-0.006067238274339998,-2.6695467278568166,-0.0005409956110426604,-2.7841384740368816e-05,5.425539401865486,-0.0003411431861713054,0.00013723471337331145,-28.68751117138763,0.0,0.0,nan,0.2275222530959411,0.21478499464583933,0.22996573640691678,0.23090307305529847,0.23704173972320178,30,0.02595671926710565,0.024807937257031648,0.028167610011440157,0.02940521283779645,0.030947117295187353
corner_noise_mc,M2,51,M2_mc_0051,30,ok,0.19284348626833164,7350.883307286616,3.018192846601778,0.04107577914938081,7351.9272950745235,3.086148430648791,0.04199503525883393,2073.975623801713,3.7590936538758797,0.18157973328555335,1511.5158621202618,-0.9205919847518089,-0.060868143071608954,-0.04829496008370761,0.0008422050677059575,-1.7139879053070062,0.21631109462583226,-0.010964877396988953,-4.824477176094949,-0.0005715591724585133,-5.8404946156221695e-05,11.381558050701155,-0.0003588731050987215,0.00011950479444589534,-24.981253222537195,0.0,0.0,nan,0.3171175683984813,0.30451520569485807,0.3205242948362405,0.32156157662349416,0.33175164581803074,30,0.07819243115034738,0.07463066382254908,0.08091891480075732,0.08161285255721111,0.08412328678401763
corner_noise_mc,M2,52,M2_mc_0052,30,ok,0.19516021602549985,7351.384440801099,3.519326361084495,0.047895903181024914,7352.429720832023,3.5885741881484137,0.04883183778965302,2074.8433549739216,4.62682482608443,0.22349472911193605,1511.0330400199603,-1.4034140850533277,-0.09279160663208161,-0.04932025821578773,-0.000183093064374161,0.37261625453965336,0.22445310333723956,-0.002822868685581653,-1.2420444891104474,-0.0006048128917284923,-9.165866542620068e-05,17.86181633671393,-0.00035368385211885457,0.00012469404742576227,-26.066013405816303,0.0,0.0,nan,0.36266495665900605,0.346744572523761,0.3685278929116413,0.36886252706920347,0.3796189294722012,30,0.1122865424395286,0.10700231310818822,0.113435907361864,0.11363051482055737,0.1139768858351374
corner_noise_mc,M2,53,M2_mc_0053,30,ok,0.1917529259324867,7348.954346091536,1.089231651521004,0.014823783977477316,7349.943291671073,1.1021450271982758,0.01499753505628043,2073.7063148064217,3.48978465858454,0.16857099765961822,1511.086271579045,-1.3501825259686484,-0.08927201683773357,-0.047953275749842664,0.001183889401570902,-2.4093563353172893,0.2032865824989161,-0.023989389523905114,-10.55518069525462,-0.0006026597680634085,-8.95055417611169e-05,17.44223026400459,-0.00038604671159675756,9.233118794785928e-05,-19.300889116272362,0.0,0.0,nan,0.13777016777373205,0.12873712550079403,0.1401336480044489,0.14250333483821717,0.15090473102094393,30,0.1173783979411553,0.10982898269149075,0.11676910863268404,0.11755993300186703,0.11834337781772888
corner_noise_mc,M2,54,M2_mc_0054,30,ok,0.1924353342746539,7351.40973798805,3.5446235480358155,0.048240182594940756,7352.42661946168,3.5854728178055666,0.0487896356208898,2073.9245901944337,3.708060046596529,0.17911459949224398,1511.8310047197863,-0.6054493852273026,-0.040031393291533574,-0.04897728169911155,0.00015988345230201484,-0.3253819218291134,0.21849687577820912,-0.008779096244612095,-3.8627471995722313,-0.0005670467894127425,-5.389256311045089e-05,10.502215581228318,-0.000364494179383419,0.00011388372016119783,-23.806225218516026,0.0,0.0,nan,0.35726789878119686,0.33691639077932223,0.36097575664485304,0.36164255348813323,0.36990358444879234,30,0.11831485011335303,0.11515553315074101,0.1203498101538247,0.12183891181257024,0.12346502015455485
corner_noise_mc,M2,55,M2_mc_0055,30,ok,0.19058300469041647,7350.416957257612,2.5518428175973895,0.034729037317009416,7351.445529470311,2.6043828264364492,0.035439367574652755,2072.936163445472,2.7196332976350277,0.13136950932571362,1510.626231466215,-1.8102226387986775,-0.11968917000680729,-0.04972613251478247,-0.0005889673633689071,1.1986189304043802,0.22804449673025487,0.0007685247074336599,0.3381460435934208,-0.0006052448582937809,-9.209063199148927e-05,17.94599503838833,-0.00039482446000666335,8.35534395379535e-05,-17.465990719364477,0.0,0.0,nan,0.2629238018653666,0.24998663414318967,0.2695867680669983,0.2710131620531081,0.2775616241080286,30,0.014071418814842218,0.012124754905948975,0.014576264313350861,0.014778107290359513,0.016570580605076657
corner_noise_mc,M2,56,M2_mc_0056,30,ok,0.19034980087828998,7350.361146608622,2.4960321686075986,0.033969488140200066,7351.40070214063,2.5595554967549106,0.034829375757071956,2074.572613328165,4.356083180327914,0.21041679055749982,1510.8178055066558,-1.6186485983578223,-0.10702258557472154,-0.049058848177426305,7.831697398726079e-05,-0.15938439620179795,0.22256513757451218,-0.004710834448309026,-2.072737564988173,-0.0005868767783438611,-7.372255204156949e-05,14.366548741652695,-0.0003424796878683408,0.00013589821167627603,-28.408129181059966,0.0,0.0,nan,0.26323804518203814,0.2533769179015366,0.2673365511891154,0.26871805538953597,0.2783162848822599,30,0.017060102822819088,0.01473626391825178,0.01730270207626688,0.018201453230330168,0.01899686778584737
corner_noise_mc,M2,57,M2_mc_0057,30,ok,0.19424085772325284,7349.784743563251,1.9196291232365184,0.026124991318417997,7350.755246791976,1.91410014810117,0.026046285528641695,2073.4329901069036,3.2164599590664693,0.15536828695096822,1512.0453714936355,-0.39108261137812406,-0.025857787963035297,-0.049333922220201276,-0.00019675706878771043,0.4004241355426467,0.2255631333945085,-0.0017128386283127017,-0.7536382368395337,-0.000563988937685629,-5.0834711383337364e-05,9.90632226682498,-0.00039213546326484657,8.624243627977028e-05,-18.02809794555041,0.0,0.0,nan,0.19391942150052727,0.18336080250280418,0.1967370448253439,0.1975672730992946,0.20328398189244012,30,0.05762602834775519,0.05547603886515162,0.06051440935900303,0.0612831922431144,0.06235806174462368
corner_noise_mc,M2,58,M2_mc_0058,30,ok,0.1909509984778453,7346.743898172728,-1.1212162672863997,-0.01525907525279672,7347.785165458377,-1.0559811854973304,-0.014369356534255527,2074.3976458261527,4.181115678315564,0.20196513830449342,1511.4599909913918,-0.9764631136217758,-0.06456225720898795,-0.04937942130397586,-0.00024225615256229238,0.49302020541028957,0.22426893446095217,-0.0030070375618690415,-1.3230776377747047,-0.0005780522135213292,-6.48979872190376e-05,12.646877662234656,-0.0003442305334562602,0.00013414736608835667,-28.042132844359198,0.0,0.0,nan,0.12109945942865463,0.11542213290675818,0.12497843451822689,0.12674540515132235,0.13009500512725367,30,0.3423924211830013,0.3280834053009329,0.3434663310316495,0.34396537613109246,0.34697290343537474
corner_noise_mc,M2,59,M2_mc_0059,30,ok,0.19161756526463247,7348.915547762448,1.0504333224334914,0.014295762184980522,7349.884858639828,1.0437119959533447,0.0142024024621895,2073.001759445134,2.7852292972970645,0.1345380667546968,1512.6765679437183,0.24011383870470127,0.01587596213070578,-0.04936445686327621,-0.00022729171186264274,0.4625657812416638,0.2232004887277768,-0.0040754832950443964,-1.7931870486666182,-0.00052966423914425,-1.651001284195836e-05,3.2173588359442946,-0.00038965679555428163,8.872110399033522e-05,-18.546238042098448,0.0,0.0,nan,0.10391816694787508,0.09452926677798529,0.10449356286958504,0.10480360882200274,0.10639639142119109,30,0.15038992384059496,0.1445402175991603,0.1545922960458654,0.15731577060745536,0.15938430170882611
corner_noise_mc,M2,60,M2_mc_0060,30,ok,0.18857624574487822,7350.20575729773,2.3406428577154657,0.03185473360303848,7351.200468737739,2.359322093864648,0.032104682177571925,2074.7140317913104,4.497501643473242,0.21724788581183194,1511.0327126381737,-1.403741466839847,-0.09281325261830672,-0.04916505541409145,-2.7890262677882083e-05,0.05676001574763159,0.21745467120274475,-0.009821300820076456,-4.321310665911608,-0.000613629865280179,-0.00010047563897788736,19.580008080981607,-0.00034745921018748075,0.0001309186893571361,-27.367211044189492,0.0,0.0,nan,0.24769531052271532,0.2344377107824073,0.2525839167097337,0.25396143108486285,0.2643139782317121,30,0.010950564546868687,0.007312336362159045,0.011463905862618163,0.012633972389270125,0.014213435072804259
corner_noise_mc,M2,61,M2_mc_0061,30,ok,0.19351696547078318,7350.065770975989,2.2006565359743036,0.02994960443203532,7351.074524561369,2.233377917494181,0.030390885759098728,2074.6829775093906,4.466447361553492,0.215747835866934,1511.3068489589373,-1.129605146076301,-0.07468777567549087,-0.049896451830191174,-0.0007592866787776084,1.54523908010954,0.22221146645002005,-0.0050645055728011645,-2.2283506380923663,-0.0005844283922331005,-7.127416593080888e-05,13.88942393486638,-0.00035706440022793384,0.00012131349931668301,-25.359344449684066,0.0,0.0,nan,0.2230809507779895,0.21041422056009934,0.22819757478953134,0.22870068203836638,0.23385379695848768,30,0.034484306997705966,0.030819662969824434,0.03569904629538882,0.03611140792376801,0.038930165361307445
corner_noise_mc,M2,62,M2_mc_0062,30,ok,0.18886565200007605,7352.473216755749,4.608102315733959,0.06271348539969959,7353.551446794921,4.710300151045885,0.06409582214465231,2076.149094877589,5.932564729751903,0.286567353866518,1510.9382935593196,-1.4981605456939633,-0.09905609862997529,-0.049210205811727616,-7.304066031404988e-05,0.1486464676767147,0.2183230933997394,-0.008952878623081806,-3.939210354442057,-0.0006161530500923075,-0.00010299882379001589,20.071709149159535,-0.00031863780394029593,0.0001597400956043209,-33.39203081003169,0.0,0.0,nan,0.47255109251404404,0.44985704038609525,0.4796379888101097,0.4805029858819771,0.4931799044402737,30,0.2229022643694293,0.21127956575552387,0.2250037226709202,0.22543425543998183,0.22753786080320992
corner_noise_mc,M2,63,M2_mc_0063,30,ok,0.19190591084874464,7350.125095524259,2.259981084244828,0.030756975652744576,7351.206576443201,2.3654297993261935,0.032187793314956276,2074.3250389911072,4.108508843270101,0.19845792860018882,1511.181212043561,-1.255242061452691,-0.08299469759841792,-0.04905781916159161,7.934598982195507e-05,-0.16147856633050484,0.21943625049926802,-0.007839721523553195,-3.44942822322018,-0.000577716693322461,-6.456246702016939e-05,12.581493771452752,-0.00036280495299066863,0.00011557294655394822,-24.159340693616027,0.0,0.0,nan,0.24077383056646792,0.2300521189482822,0.24495488690670073,0.24572531568472955,0.2536015998910329,30,0.013611562001011634,0.011161867350253374,0.014264343258835766,0.01468215494548701,0.01590629880521419
corner_noise_mc,M2,64,M2_mc_0064,30,ok,0.19298418979274728,7351.3261189501745,3.46100451015991,0.047102178064732686,7352.402162688492,3.561016044617645,0.04845683793619512,2074.2900968626486,4.073566714811477,0.19677007962643298,1510.3583915081667,-2.0780625968468485,-0.13739834101503093,-0.049563080127829784,-0.00042591497641621817,0.8667878480652756,0.22879149663101703,0.0015155246081958174,0.6668213074647594,-0.0006159257610375898,-0.00010277153473529823,20.02741660647593,-0.0003711938050022782,0.00010718409454233866,-22.4057371054078,0.0,0.0,nan,0.3599681487184796,0.34455998970999246,0.3668318877434745,0.3681457208023406,0.37735212368978066,30,0.10941625418115564,0.10633095110516991,0.11127708484233095,0.11160270923839476,0.11226824219704098
corner_noise_mc,M2,65,M2_mc_0065,30,ok,0.19214248942247963,7350.526663692741,2.6615492527262177,0.03622207554539542,7351.618976308435,2.7778296645601586,0.0377995606263548,2073.683004187256,3.4664740394186992,0.1674449985756395,1511.3481524044441,-1.0883017005694455,-0.07195685462457659,-0.0492544051972654,-0.00011724004585183384,0.23859749639720743,0.23004155576909702,0.002765583746275807,1.216839475665342,-0.0005792215011553907,-6.60672748530991e-05,12.874740471138562,-0.00035631137960940863,0.00012206651993520822,-25.516755696993364,0.0,0.0,nan,0.278263148846554,0.2649585854396378,0.2826950018919359,0.2855363193060486,0.2923957921693955,30,0.03647918352752412,0.03246974781262395,0.03834230825176917,0.038832890776912446,0.04090417748482764
corner_noise_mc,M2,66,M2_mc_0066,30,ok,0.1913832551460966,7351.045753624382,3.1806391843674646,0.04328657555399155,7352.140761106618,3.299614462743193,0.044899793000017243,2074.55821094251,4.341680794672811,0.2097210959069468,1511.6960446604896,-0.740409444523948,-0.04895474732272876,-0.04774647386148839,0.0013906912899251736,-2.830222878425795,0.20237249904306917,-0.02490347297975204,-10.957371673786719,-0.0005761275274303882,-6.297330112809655e-05,12.27180794785073,-0.00036660692398531904,0.00011177097555929781,-23.364577599779622,0.0,0.0,nan,0.34211221148038357,0.3266969877260891,0.344748510793026,0.34647004204158066,0.35686212722495725,30,0.1016709892688084,0.09834017725184196,0.10410564797140978,0.10470867342513003,0.10582113942141405
corner_noise_mc,M2,67,M2_mc_0067,30,ok,0.18890992413251587,7351.206600581381,3.3414861413666586,0.045475605353723414,7352.220674448536,3.3795278046609383,0.04598722080425329,2073.7250428291536,3.5085126813164607,0.16947563842831034,1511.9748823816392,-0.4615717233743908,-0.030518420930783934,-0.04919713073477319,-5.9965583359626595e-05,0.1220371243942255,0.2247948915003454,-0.0024810805224758092,-1.0916598443704728,-0.0005716479449150957,-5.849371861280409e-05,11.398857422319328,-0.0003680914391453243,0.00011028646039929255,-23.054254911081333,0.0,0.0,nan,0.3365522760042779,0.31752380211815134,0.3398560479617572,0.34080099897522503,0.34905323609787614,30,0.09781185266130023,0.09515321786514619,0.10079731248949998,0.10086507479836371,0.10148723032290831
corner_noise_mc,M2,68,M2_mc_0068,30,ok,0.1887487282560244,7349.881183908872,2.016069468857495,0.027437486092327934,7350.893872659822,2.0527260159469733,0.02793264917536594,2074.306621849812,4.09009170197487,0.19756830468756767,1511.644126617848,-0.792327487165494,-0.05238748940591721,-0.04928069549562332,-0.0001435303442097538,0.2921013936548286,0.23331405539355127,0.006038083370730057,2.656718753412157,-0.0005474021428122578,-3.424791650996617e-05,6.674000671640425,-0.0003427579228827435,0.00013561997666187335,-28.349967001187622,0.0,0.0,nan,0.20728259093934867,0.19997105331938486,0.21001084014818164,0.21179426445719454,0.2163650690003351,30,0.04695910247658616,0.04093481827871415,0.04666658632624604,0.04893667487913461,0.052706134392991544
corner_noise_mc,M2,69,M2_mc_0069,30,ok,0.18973619999325997,7348.025255069605,0.1601406295903871,0.002179417110905846,7349.050109123976,0.2089624801010359,0.002843475262714945,2073.253729900942,3.0371997531046873,0.14670927938575568,1511.106543071077,-1.3299110339364688,-0.08793169658975494,-0.049232797714464725,-9.563256305115952e-05,0.19462368811158084,0.22233891849253365,-0.004937053530287561,-2.1722725400078025,-0.0005764979507387209,-6.334372443642924e-05,12.343993518844057,-0.00036155219907069315,0.00011682570047392369,-24.421216068955903,0.0,0.0,nan,0.03282629178157776,0.027321872869077876,0.03650554584230292,0.036900549516071524,0.04222267303562716,30,0.2196160746199041,0.20962244230647398,0.22031307717452078,0.2216790466203079,0.22341937060143663
corner_noise_mc,M2,70,M2_mc_0070,30,ok,0.19312024181925624,7351.315491489033,3.4503770490182433,0.046957544746399425,7352.321412874759,3.480266230883899,0.04735802776840936,2073.475922874348,3.2593927265106686,0.15744211675664238,1510.4299187839304,-2.00653532108322,-0.13266906623661026,-0.04852217304029723,0.0006149921111163331,-1.2515824004524225,0.21354733271636542,-0.013728639306455792,-6.040515055008663,-0.0006186060176427597,-0.00010545179134046809,20.549726755704043,-0.0004155791553890248,6.279874415559205e-05,-13.127434234602429,0.0,0.0,nan,0.3646021045835141,0.3491887466311965,0.369125913494749,0.3718454154454415,0.3813369449423817,30,0.11431068407693487,0.11140813539736882,0.11562861532490899,0.11610434709885198,0.11685847505709149
corner_noise_mc,M2,71,M2_mc_0071,30,ok,0.19002528540910604,7351.644906537591,3.779792097576319,0.05144068431724851,7352.655320579983,3.814173936108091,0.05190170613294556,2074.4149010641368,4.198370916299609,0.20279863749323832,1510.274685788363,-2.161768316650523,-0.14293283600663756,-0.04808197167120351,0.0010551934802100552,-2.147444763975562,0.20461795432379173,-0.022658017699029476,-9.969385455649636,-0.0006381419610452008,-0.00012498773474290922,24.356758326546604,-0.0003491953571019197,0.00012918254244269714,-27.00428731462513,0.0,0.0,nan,0.40289156034539814,0.38265288118988394,0.40808684618367697,0.41259446228889884,0.425217503246796,30,0.15236275705035496,0.1444161565161636,0.15302989821411872,0.15618669867993587,0.1595754596097322
corner_noise_mc,M2,72,M2_mc_0072,30,ok,0.19083345174720337,7349.827347206387,1.9622327663719261,0.02670480113353944,7350.818139592549,1.976992948674706,0.02690210482475287,2074.3855670796943,4.169036931857136,0.20138168501434092,1511.6276376609765,-0.8088164440371202,-0.053477714177138,-0.04809611326927317,0.0010410518821403966,-2.118664922838854,0.2099509098373173,-0.01732506218550392,-7.622918529973013,-0.0005973150408379615,-8.416081453566993e-05,16.40068623074967,-0.0003343363065777175,0.00014404159296689935,-30.110419629338462,0.0,0.0,nan,0.21770115344252758,0.20389856047422655,0.22293358754745668,0.22377295823715912,0.2342562733676175,30,0.03551430793070835,0.03376328954007875,0.036439922184455326,0.037863480007963225,0.03930392132614315
corner_noise_mc,M2,73,M2_mc_0073,30,ok,0.1903877247132817,7350.889037472452,3.0239230324377786,0.04115376351282183,7351.792787841361,2.951641197486424,0.04016471629454669,2073.3184512812104,3.101921133373253,0.14983558908940506,1511.2296388242687,-1.2068152807448769,-0.07979279244885773,-0.04942120904871335,-0.00028404389729978774,0.5780632570571004,0.2328725469071047,0.005596574884283501,2.46245779282006,-0.0005917517376852448,-7.859751138295315e-05,15.316547609734096,-0.0003562372971207522,0.00012214060242386466,-25.53224188243943,0.0,0.0,nan,0.30091174926727715,0.2868336656511786,0.3067448418135865,0.3079448432733957,0.31624352017519186,30,0.06042816096615979,0.05380586784662285,0.06046508946646156,0.06161060400611859,0.07060192572343453
corner_noise_mc,M2,74,M2_mc_0074,30,ok,0.19166377608991234,7350.47193214314,2.606817703125671,0.035477212258602245,7351.518855794677,2.677709150802002,0.036437161960221155,2073.433848537499,3.2173183896620685,0.15540975269057075,1511.159886881261,-1.276567223752636,-0.08440468492331114,-0.04953843559190944,-0.00040127044049587113,0.8166332739371056,0.22730176841217856,2.5796389357346516e-05,0.01135024927085396,-0.0005979467549026758,-8.479252860038415e-05,16.523790364426254,-0.0003873456666670691,9.103223287754776e-05,-19.029355863681044,0.0,0.0,nan,0.2702512775262562,0.25685781059412416,0.27588657816705164,0.277435821477325,0.2841839939096246,30,0.020992518726859543,0.019425247604289098,0.020955207511192953,0.021100576098290275,0.023448925049092396
corner_noise_mc,M2,75,M2_mc_0075,30,ok,0.1889535907640725,7349.057302186434,1.192187746419222,0.016224954158131404,7350.097563739882,1.2564170960076808,0.017096805753944906,2074.519933537434,4.3034033895969515,0.2078721393114197,1511.5608467294892,-0.875607375524396,-0.05789382906950216,-0.048839115333680544,0.0002980498177330218,-0.6065669779984195,0.21910067474969297,-0.00817529727312824,-3.5970794450314103,-0.0005795947753447834,-6.644054904249178e-05,12.94748160241257,-0.000370363250433751,0.00010801464911086583,-22.579356030805023,0.0,0.0,nan,0.1397065487664292,0.131542227708087,0.14207392748076358,0.14377784402647362,0.1498699163788615,30,0.11319790709411562,0.10791013955042957,0.11471206508228647,0.11485535395837075,0.11577212725820232
corner_noise_mc,M2,76,M2_mc_0076,30,ok,0.19150868693426515,7349.722836965935,1.857722525920508,0.025282479971899786,7350.750326291081,1.9091796472066562,0.025979329381457035,2074.1342335932413,3.917703445404186,0.1892412406312115,1511.733121695556,-0.7033324094575164,-0.04650327010755069,-0.04932859310759115,-0.00019142795617758251,0.3895787548746604,0.2216082560235215,-0.005667715999299716,-2.493759436536745,-0.0005785452556979525,-6.539102939566086e-05,12.742958362997086,-0.00036668436082318826,0.00011169353872142858,-23.348390221988353,0.0,0.0,nan,0.1942925385878766,0.1842108536276726,0.19841063354579205,0.1987993309659254,0.2061770036444784,30,0.05738456077352225,0.056364497454814,0.0588568057302109,0.058989390522740166,0.059465039992585386
corner_noise_mc,M2,77,M2_mc_0077,30,ok,0.19073558723071854,7349.9879958569045,2.122881416889868,0.028891132102003128,7350.970496394926,2.12934975105145,0.028975313366569336,2074.6972711029257,4.4807409550885495,0.21643827540921884,1510.8415699079833,-1.5948841970302965,-0.1054513194720681,-0.0490455529187559,9.161223265766877e-05,-0.18644183557470306,0.2199691459568761,-0.007306826065945099,-3.2149575693867924,-0.0005945091039867423,-8.135487768445068e-05,15.853884371309011,-0.0003349470215095963,0.00014343087803502056,-29.98275592822264,0.0,0.0,nan,0.22448996243611533,0.21425745525048967,0.2284670654400753,0.22990473191498692,0.23995868058799488,30,0.02754134823215394,0.026181164302340677,0.027369099350545982,0.02803794863918483,0.029099814586635374
corner_noise_mc,M2,78,M2_mc_0078,30,ok,0.1901727634620869,7350.994153812837,3.1290393728222625,0.04258433332796323,7352.077192158279,3.2360455144043954,0.04403477296392857,2073.135937426337,2.9194072784998752,0.1410194168573949,1510.738644940212,-1.6978091648015834,-0.11225656193312693,-0.04966515478075328,-0.0005279896293397118,1.0745219585068446,0.22835939252021545,0.0010834204973942385,0.4766982130805496,-0.0006138468783972536,-0.000100692652094962,19.622298118937337,-0.00041333108566971515,6.504681387490169e-05,-13.597370183033503,0.0,0.0,nan,0.3251989672487582,0.30980662401802594,0.3319196280532606,0.33523092348771,0.3405176977329745,30,0.07538226251683112,0.07181491504721578,0.07626979074543101,0.07755891269727754,0.07917764627043197
corner_noise_mc,M2,79,M2_mc_0079,30,ok,0.18953764931629205,7351.021239939144,3.1561254991293026,0.04295295912450664,7352.027665239852,3.1865185959768496,0.043360831080586,2074.0741879011516,3.85765775331447,0.18634078595821998,1512.3902397503152,-0.04621435469834978,-0.0030556229038857167,-0.049219444595429575,-8.227944401600906e-05,0.1674484959856136,0.22169219420764397,-0.005583777815177243,-2.456827162801251,-0.0005515146611826389,-3.8360434880347315e-05,7.475420237063339,-0.00036322770203671493,0.00011515019750790191,-24.070969335648044,0.0,0.0,nan,0.31353273603374987,0.29561126846685115,0.31689048636072187,0.31797126924098534,0.32352066664674906,30,0.0834395115311679,0.08081104536539101,0.08735071361946267,0.0882469490034822,0.0903008208618246
corner_noise_mc,M2,80,M2_mc_0080,30,ok,0.19158481720777823,7351.292429056572,3.4273146165569415,0.046643678989446706,7352.257747599099,3.416600955224567,0.04649169694986381,2074.3615082608176,4.144978112980425,0.2002195447972984,1511.9713194563146,-0.4651346486989496,-0.030753996138911745,-0.04990570016230698,-0.0007685350108934119,1.5640605405810695,0.23710756162853483,0.00983158960571362,4.3258376669604175,-0.0005777749129992068,-6.462068669691519e-05,12.592839225462813,-0.00034865751810699534,0.0001297203814376215,-27.11671704756981,0.0,0.0,nan,0.33707976413540447,0.3190189571876658,0.3415469842758563,0.34290673745904937,0.34994305320373653,30,0.09766539821044375,0.09609684448108453,0.0995180227413715,0.09995028688796623,0.10092403634130846
corner_noise_mc,M2,81,M2_mc_0081,30,ok,0.19266494752826496,7350.530132292071,2.665017852056735,0.03626928108437164,7351.612177591027,2.7710309471522123,0.03770704648334531,2074.1980542720494,3.9815241242122283,0.1923240427380754,1511.9253189484336,-0.5111351565799396,-0.0337954798162019,-0.04882797783500934,0.0003091873164042247,-0.6292331180512356,0.22675533467799266,-0.0005206373448285451,-0.22907716121274224,-0.0005425661268661689,-2.941190056387729e-05,5.731590827150505,-0.0003315713698169021,0.00014680652972771474,-30.68840133866229,0.0,0.0,nan,0.275326700221035,0.26493385184098484,0.27828222399656,0.2792992544242287,0.28686942779671654,30,0.04974663149702677,0.04344989292728485,0.05351398285876144,0.05455943292741892,0.05625221166750407
corner_noise_mc,M2,82,M2_mc_0082,30,ok,0.19267704130034255,7350.952716854827,3.087602414811954,0.042020401391748494,7351.945613798048,3.1044671541731077,0.04224430889475519,2074.6381708564336,4.421640708596442,0.21358348965944574,1510.7658661865291,-1.6705879184844434,-0.11045673449288924,-0.049490100898449595,-0.0003529357470360289,0.7182663996762454,0.22624035083346486,-0.0010356211893563505,-0.45566681780701473,-0.0005928842127985993,-7.972998649630767e-05,15.537236645370605,-0.0003742648226492937,0.00010411307689532314,-21.76377232193036,0.0,0.0,nan,0.3149313761915209,0.3045708221566741,0.318574503567782,0.3218061608316799,0.32905360863021543,30,0.069870119307393,0.06506049747445104,0.0686281931591509,0.0702877086239934,0.07072581034267955
corner_noise_mc,M2,83,M2_mc_0083,30,ok,0.1918160422925685,7350.634309691161,2.7691952511468116,0.0376870724763958,7351.653337274874,2.8121906309988844,0.03826713048877342,2075.3921929373378,5.17566278950062,0.2500058672186826,1509.7217844604056,-2.714669644607966,-0.17948983160514836,-0.048732358824246196,0.0004048063271673702,-0.8238292256380297,0.21733147137829456,-0.00994450064452665,-4.375517814759627,-0.0006605781607864288,-0.00014742393448413714,28.72897209605984,-0.0003174474844927853,0.00016093041505183155,-33.64085489840278,0.0,0.0,nan,0.30761446622071836,0.29268081543542623,0.313615143291201,0.3180619297241176,0.33068107484076564,30,0.05749727051601212,0.05405896024767287,0.06103920162015584,0.06234128828144406,0.06503903120370183
corner_noise_mc,M2,84,M2_mc_0084,30,ok,0.18834001313885484,7349.318884990768,1.4537705507536884,0.019784937912057484,7350.259900524427,1.4187538805526856,0.019305817777822195,2073.904776356209,3.6882462083717655,0.17815750935523553,1510.471901438443,-1.9645526665706257,-0.12989323691838361,-0.04868444447177535,0.00045272067963821744,-0.921340655780981,0.2174871069904923,-0.009788865032328897,-4.307039123056079,-0.0006226297491636239,-0.00010947552286133229,21.333844144711744,-0.00035387360042571326,0.00012450429911890358,-26.026348465809807,0.0,0.0,nan,0.1672381491935198,0.15810159692804576,0.17269214528365467,0.17338623475347448,0.18373862986759376,30,0.09363922439559928,0.091015665100187,0.09652133772774334,0.09757717204237593,0.09927261656210362
corner_noise_mc,M2,85,M2_mc_0085,30,ok,0.18998713352341962,7351.455679334477,3.590564894462659,0.048865416533116345,7352.539639078312,3.6984924344369574,0.05032755995992665,2075.4714192603524,5.2548891125152295,0.2538328255035221,1509.9380109753422,-2.4984431296713865,-0.1651932630220715,-0.04879373792955686,0.00034342722185670693,-0.6989154152431346,0.21602488515061846,-0.011251086872202748,-4.9504075472936515,-0.0006221373732452764,-0.0001089831469429848,21.237893279823524,-0.0003536628319600261,0.00012471506758459077,-26.070407454715408,0.0,0.0,nan,0.3833169395711309,0.370368186368799,0.3889357187141917,0.39124132564994285,0.4026496776360659,30,0.1339197240919816,0.12999477941863236,0.13686411809954452,0.13740011501375277,0.1378295739087946
corner_noise_mc,M2,86,M2_mc_0086,30,ok,0.19001555983203955,7350.895664823646,3.0305503836316348,0.04124395775415095,7351.93140187131,3.0902552274355912,0.042050918856054914,2073.523722263553,3.3071921157156794,0.15975102447276412,1509.947503614768,-2.488950490245543,-0.16456562412854447,-0.04857905619276815,0.0005581089586454147,-1.135818391080624,0.21693352202850974,-0.01034244999431147,-4.550613028848014,-0.0006323475038202896,-0.00011919327751799802,23.227573974570177,-0.00037830899443980724,0.0001000689051048096,-20.91837963251822,0.0,0.0,nan,0.32846420260605097,0.3129602409884029,0.3332455609032223,0.3388564367699686,0.3478590922406852,30,0.0781176468650642,0.07646902165704716,0.08049129343825201,0.0820754147164979,0.08301833791761623
corner_noise_mc,M2,87,M2_mc_0087,30,ok,0.19233191651660175,7351.5256289490835,3.6605145090688893,0.04981738848029819,7352.4995266067535,3.6583799628788256,0.049781725987498894,2072.73504995696,2.518519809123063,0.12165489804794535,1510.4409384715009,-1.9955156335126958,-0.13194046124030678,-0.048648788541261506,0.0004883766101520595,-0.9939047331020276,0.21323179643619902,-0.014044175586622187,-6.179349036162954,-0.0006258372089868126,-0.00011268298268452101,21.95889206574343,-0.00042583491346369367,5.254298608092317e-05,-10.983573056142541,0.0,0.0,nan,0.38110380750983947,0.36405285862967957,0.38623175837558393,0.3897721503657368,0.3984592129713803,30,0.13084647665649526,0.12677929914179914,0.1314759747663993,0.1324537214933389,0.13447292435874375
corner_noise_mc,M2,88,M2_mc_0088,30,ok,0.19407203164149903,7349.091034783387,1.2259203433723087,0.016684034400184233,7350.065216102785,1.2240694589099803,0.016656632446994692,2074.1355379736247,3.919007825787503,0.18930424758552386,1511.2944530845136,-1.1420010204999471,-0.07550737205522647,-0.049883492676836116,-0.0007463275254225507,1.5188656551976127,0.23180687962224772,0.004530907599426509,1.9935708817347186,-0.000586361310613374,-7.320708431108236e-05,14.266097901716812,-0.00034488133920101456,0.00013349656034360229,-27.906088569451455,0.0,0.0,nan,0.12715949329556792,0.11900364673486194,0.1305925389899653,0.1323000812888111,0.13922510523835854,30,0.12428489767629572,0.11965010647708141,0.12387416695799175,0.1260862179403466,0.12678177215960887
corner_noise_mc,M2,89,M2_mc_0089,30,ok,0.19466362774731344,7347.77473579216,-0.09037864785477723,-0.0012299987336071975,7348.80503994294,-0.03610670093439694,-0.0004913250975752337,2075.1017781039204,4.885247956083276,0.23597763252979212,1510.3975695702247,-2.038884534788849,-0.1348079470879563,-0.048847220154444156,0.0002899449969694101,-0.5900726997089881,0.2226099369329446,-0.004666035089876619,-2.053026128696127,-0.0006200019880642187,-0.00010684776176192706,20.821763962046102,-0.00031748442014075296,0.0001608934794038639,-33.63313387951733,0.0,0.0,nan,0.03344332282430855,0.0301833933689835,0.038551021461032633,0.04025464423196466,0.04339185082261564,30,0.23751401175944123,0.22648245493140565,0.24094902079456576,0.24145111951087614,0.24190626100698864
corner_noise_mc,M2,90,M2_mc_0090,30,ok,0.19189963425962944,7351.031680709575,3.1665662695604624,0.043095051695186,7352.082329981807,3.2411833379319432,0.04410468634788972,2073.1261957220295,2.9096655741923314,0.1405488523456311,1510.6857370356527,-1.7507170693609169,-0.11575475218209456,-0.04842877758036135,0.0007083875710522172,-1.4416533165260115,0.21592422086984428,-0.01135175115297693,-4.994699198486797,-0.0006013123614268574,-8.81581351245658e-05,17.179656837247432,-0.0003925137214054127,8.586417813920413e-05,-17.949026955664333,0.0,0.0,nan,0.33670762411441046,0.32094594051123126,0.3406698836169278,0.3449999139322446,0.35311121962607783,30,0.08631849509956736,0.08407262100488992,0.08751789058697342,0.08808351544485561,0.08923501111926839
corner_noise_mc,M2,91,M2_mc_0091,30,ok,0.19074114085203847,7350.125524503632,2.2604100636172006,0.03076281380254308,7351.146915047097,2.3057684032219186,0.031375945638380476,2073.950486192676,3.733956044839033,0.18036548305275032,1511.0106302946363,-1.4258238103773238,-0.09427330361598941,-0.04930341597878443,-0.000166250827370866,0.3383402906101174,0.2244590686149411,-0.0028169034078801003,-1.2394198043941265,-0.0005845597433346144,-7.140551703232274e-05,13.915020742761808,-0.0003758045635060885,0.00010257333603852834,-21.441905266980598,0.0,0.0,nan,0.2360817543782332,0.2264667385496978,0.24037406730324903,0.2412655045562127,0.2489411224641458,30,0.015109260250420673,0.013601325009199172,0.016068856828077856,0.01655972171511138,0.016954278862755245
corner_noise_mc,M2,92,M2_mc_0092,30,ok,0.18817733194026004,7350.741143242063,2.876028802048495,0.03914101248805625,7351.780662130774,2.9395154868989266,0.03999971462495644,2074.2614115309784,4.0448813831412735,0.1953844597527401,1512.2325842787852,-0.20386982622835603,-0.01347956310329721,-0.04905603611064117,8.112904077239858e-05,-0.16510728798131463,0.22451914587331243,-0.0027568261495087842,-1.2129861881008548,-0.0005603472098466229,-4.719298354433131e-05,9.196647153117397,-0.00037067371833040625,0.0001077041812142106,-22.51445589705077,0.0,0.0,nan,0.2935512959699849,0.27917513446180064,0.29621724839693514,0.29708611379953964,0.3045685125714613,30,0.06307355509790111,0.060411280892296304,0.06763778348151732,0.06789843704009171,0.0679829091879867
corner_noise_mc,M2,93,M2_mc_0093,30,ok,0.19312071724610905,7350.387651248705,2.5225368086903472,0.034330200260931046,7351.353178322919,2.512031679044412,0.03418269124230051,2073.923160037337,3.706629889499709,0.17904551700372198,1509.8417697034786,-2.5946844015350052,-0.17155658966646722,-0.04918413699867166,-4.697184725809683e-05,0.09559331946268283,0.2256038611663283,-0.0016721108564929088,-0.7357182730803629,-0.0006284411572744681,-0.00011528693097217645,22.46633176986885,-0.00035597051972217626,0.00012240737982244058,-25.58800896508055,0.0,0.0,nan,0.2689038210900719,0.25748749395305026,0.27487168398689393,0.2761904355113847,0.2873191115628401,30,0.021757366786687268,0.02036056696026662,0.024080518880561497,0.024349620176566014,0.02465100148580177
corner_noise_mc,M2,94,M2_mc_0094,30,ok,0.192595324621498,7349.426809118475,1.5616946784602987,0.021253720014419678,7350.438056223045,1.5969095791706422,0.02173008706141282,2075.3836336210165,5.167103473179395,0.24959241692512255,1511.0060394585385,-1.4304146464751284,-0.0945768427223991,-0.04963774243604287,-0.0005005772846293013,1.0187345629052857,0.2242543672160514,-0.003021604806769801,-1.3294871340232992,-0.0006147792282981422,-0.00010162500199585058,19.80398811642736,-0.0003286171793050997,0.00014976072023951715,-31.30594460615324,0.0,0.0,nan,0.1707773334133492,0.16070173059892168,0.1761602384576821,0.17633610591046364,0.186304411856338,30,0.08685029862933788,0.0823127288470289,0.08826875383914967,0.08959137864668264,0.09157322711395181
corner_noise_mc,M2,95,M2_mc_0095,30,ok,0.19380570058493676,7349.842005115891,1.9768906758763478,0.026904286416354662,7350.830296898028,1.9891502541531736,0.02706753642459116,2075.216157027097,4.999626879259722,0.2415026064400467,1511.6788075426894,-0.7576465623242257,-0.0500944393576234,-0.0494539782373889,-0.0003168130859753371,0.6447524699463113,0.22343187138963028,-0.0038441006331909333,-1.69138013093832,-0.0005736907962759756,-6.053656997368395e-05,11.79695437956361,-0.000309889324952677,0.00016848857459193984,-35.22081073400955,0.0,0.0,nan,0.20086095668261805,0.18908678467436743,0.20568781424832877,0.20698731045505042,0.21463238326388706,30,0.051221903293117065,0.04924155409422895,0.05259680712730699,0.053592851193952525,0.05463214106882219
corner_noise_mc,M2,96,M2_mc_0096,30,ok,0.1921515974910335,7349.164336152627,1.2992217126120522,0.017681621700687232,7350.225810280407,1.384663636532423,0.018841931794440568,2072.9300390789545,2.7135089311173033,0.13107367715412493,1511.1806035588336,-1.2558505461799996,-0.08303492968391528,-0.04887754107560659,0.0002596240758069787,-0.528366003628742,0.21327778459225935,-0.01399818743056186,-6.159114536382348,-0.0005752675094552259,-6.211328315293429e-05,12.104213503319032,-0.0004145712067047855,6.380669283983137e-05,-13.33813558288771,0.0,0.0,nan,0.14767577462524173,0.13935191665361799,0.149671227238411,0.15214100135139744,0.15668730847585835,30,0.10473795870958041,0.10032946755506772,0.10629020905824006,0.10804312602818499,0.1102339592272756
corner_noise_mc,M2,97,M2_mc_0097,30,ok,0.18949597776955934,7350.811387721293,2.9462732812780814,0.040096997364419074,7351.801329526129,2.96018288225423,0.04028094801866971,2073.416859536867,3.2003293890297755,0.1545891138643954,1509.7848062262929,-2.6516478787207234,-0.17532292821451728,-0.049205853039246926,-6.868788783336022e-05,0.13978805578568104,0.21883505903885206,-0.008440912983969151,-3.7139486892708495,-0.0006298226115349092,-0.00011666838523261762,22.735540165636284,-0.0004187914469606998,5.958645258391705e-05,-12.455937584206815,0.0,0.0,nan,0.3107722987316436,0.30079900671983917,0.31666653267894446,0.31917590660719414,0.32740115675408105,30,0.06193704528348576,0.06026096291459168,0.06411661928851117,0.06491572922163016,0.06636724323819862
corner_noise_mc,M2,98,M2_mc_0098,30,ok,0.1919170276437348,7349.722912868539,1.8577984285248021,0.025283512960436075,7350.730499987733,1.8893533438586019,0.02570954122095082,2073.3245735042074,3.1080433563702172,0.150131317720097,1510.730941796889,-1.7055123081245256,-0.11276588206370396,-0.04981111853659615,-0.0006739533851825852,1.371575635480463,0.22967177617947515,0.002395804156653941,1.0541387790933632,-0.0006094626561550541,-9.630842985276246e-05,18.767930753829276,-0.00041901215708581725,5.93657424587996e-05,-12.40980039322714,0.0,0.0,nan,0.19735200576105283,0.1887613170367814,0.20196693061495977,0.20312590999028912,0.20916300342418026,30,0.059278992488316355,0.05608184192085162,0.06070101981779772,0.06208873317999917,0.0628497313612911
corner_noise_mc,M2,99,M2_mc_0099,30,ok,0.19101278097787389,7350.6219246126975,2.75681017268289,0.03751851904936592,7351.663289898142,2.822143254266848,0.03840256168220055,2073.472168145406,3.2556379975690106,0.1572607478569655,1512.1807411269206,-0.2557129780930154,-0.016907353522124267,-0.04964642281464649,-0.000509257663232926,1.0364001701434657,0.2245430549309802,-0.0027329170918410084,-1.2024663529176727,-0.000563372158053232,-5.021793175094037e-05,9.78612845358458,-0.00040679403448675604,7.15838650578608e-05,-14.96387377552428,0.0,0.0,nan,0.2761627224596168,0.26078839623176864,0.2791285440718707,0.2806308224426323,0.2842567100332758,30,0.042516203582886165,0.0412206405056537,0.04564878056038879,0.046304223788949904,0.04951748410247205
corner_noise_mc,M2,100,M2_mc_0100,30,ok,0.19199750327194667,7350.667444028025,2.8023295880102523,0.03813801076047406,7351.735245130705,2.894098486830444,0.03938169881590301,2073.6931105247736,3.476580376936454,0.16793317637591204,1511.8375768926892,-0.5988772123243962,-0.03959685120647152,-0.04917920714175395,-4.204199034038569e-05,0.08556047181565223,0.22452135029114134,-0.0027546217316798682,-1.2120162581037257,-0.0005700835112017492,-5.692928489945759e-05,11.09399123723116,-0.0003773727554626833,0.00010100514408193354,-21.11409080103482,0.0,0.0,nan,0.28830488749993605,0.2737879639149895,0.2921827044107448,0.2930282824275747,0.30028080256267914,30,0.05135170838283898,0.048345989995041805,0.05371950495878138,0.054269064512989476,0.055548710536936594
