weighting,trial_index,accepted_step_before,accepted,message,radius_before,radius_after,scaled_step_l2,scaled_step_max_abs,step_projected_to_bounds,damping_lambda,gradient_inf,condition_number,current_objective_mse,predicted_objective_mse,trial_objective_mse,current_rmse_mm,predicted_rmse_mm,trial_rmse_mm,predicted_reduction,actual_reduction,actual_to_predicted_ratio,invalid_count,bounds_ok,trial_theta_axis_rad,trial_phi_axis_rad,trial_A_x_mm,trial_A_y_mm,trial_A_z_mm,trial_alpha_rad
point_equal,1,0,True,accepted,0.1,0.2,0.1,0.0699276037279,False,0.0144198669195,2.24557924699,293646.819886,0.0350524088419,0.0238329137681,0.0238338467023,0.187222885465,0.154379123485,0.154382145024,0.0112194950739,0.0112185621396,0.999916847035,0,True,1.85693042194,0.00973372781777,-116.052506068,1.82571847592,327.04316888,1.55469996709
point_equal,2,1,True,accepted,0.2,0.4,0.2,0.148166100667,False,0.00658384013522,0.00564134130251,295379.606739,0.0238338467023,0.0232897240322,0.0232970930071,0.154382145024,0.152609711461,0.152633852756,0.000544122670174,0.000536753695278,0.986457144133,0,True,1.85951640823,0.00970062923896,-117.054486119,2.01268134433,327.13331572,1.55485184839
point_equal,3,2,True,accepted,0.4,0.8,0.4,0.313717658717,False,0.00298719433859,0.0569810693539,298542.365678,0.0232970930071,0.0223046921528,0.0223489714976,0.152633852756,0.149347554894,0.149495724011,0.000992400854237,0.000948121509447,0.955381593436,0,True,1.8649918143,0.00963196264276,-119.178393537,2.40484387271,327.487063774,1.55505588502
point_equal,4,3,True,accepted,0.8,1,0.8,0.645842541225,False,0.00134199750079,0.168113755251,302949.056467,0.0223489714976,0.0205496661604,0.0207745001213,0.149495724011,0.143351547464,0.144133618983,0.00179930533723,0.00157447137636,0.87504402048,0,True,1.87626389309,0.00948768026418,-123.552152709,3.20869507608,328.519525264,1.5552653234
point_equal,5,4,True,accepted,1,1,1,0.811377966833,False,0.000946769387297,0.394094730458,307798.095579,0.0207745001213,0.0186624381324,0.0189256895241,0.144133618983,0.136610534486,0.137570671017,0.00211206198881,0.00184881059717,0.875358113049,0,True,1.89042511009,0.00930324092891,-129.036780569,4.23710148331,330.037954395,1.55541249332
point_equal,6,5,True,accepted,1,1,1,0.811578205858,False,0.000829193514501,0.396967454095,311526.769954,0.0189256895241,0.017040653489,0.0172201129962,0.137570671017,0.130539854026,0.131225428162,0.00188503603505,0.00170557652789,0.904797837375,0,True,1.90458982192,0.00911533692218,-134.502043675,5.29970623135,331.696058144,1.55551936577
point_equal,7,6,True,accepted,1,1,1,0.811265958248,False,0.000730563522568,0.297509234345,314417.99842,0.0172201129962,0.0156100963617,0.0157478889266,0.131225428162,0.124940371224,0.12549059298,0.00161001663451,0.00147222406964,0.914415440239,0,True,1.918749084,0.00892439470531,-139.940444135,6.39863566645,333.457770526,1.55561259147
point_equal,8,7,True,accepted,1,1,1,0.810831110407,False,0.000646899215458,0.242245902575,317029.524297,0.0157478889266,0.0143417086928,0.0144544356268,0.12549059298,0.119756873259,0.120226601161,0.00140618023372,0.00129345329978,0.919834647627,0,True,1.93290075656,0.00873056827517,-145.349567277,7.53422915241,335.309694318,1.55570246331
point_equal,9,8,True,accepted,1,1,1,0.810366256207,False,0.000575433868044,0.207320820918,319587.200046,0.0144544356268,0.0132120286196,0.0133065763692,0.120226601161,0.114943588858,0.115354134599,0.00124240700721,0.00114785925758,0.923899536081,0,True,1.94704431588,0.00853390231575,-150.727726647,8.70588165973,337.246856208,1.55579281541
point_equal,10,9,True,accepted,1,1,1,0.80989674042,False,0.000514021998545,0.181044403385,322178.036908,0.0133065763692,0.0122017280517,0.0122816885028,0.115354134599,0.110461432417,0.110822779711,0.00110484831747,0.0010248878664,0.927627666345,0,True,1.9611796806,0.00833439347417,-156.073365517,9.91256465712,339.267391442,1.55588503072
point_equal,11,10,True,accepted,1,1,1,0.809431788284,False,0.000460957941864,0.159087935851,324835.548353,0.0122816885028,0.0112947345875,0.0113624550782,0.110822779711,0.106276688825,0.106594817314,0.000986953915248,0.000919233424549,0.931384343632,0,True,1.97530693037,0.00813201633207,-161.384952323,11.1530665561,341.370537262,1.55597959328
point_equal,12,11,True,accepted,1,1,1,0.80897566747,False,0.000414871641119,0.139828134052,327573.355442,0.0113624550782,0.0104775899021,0.0105348558389,0.106594817314,0.10236009917,0.102639445823,0.000884865176125,0.000827599239377,0.935282867613,0,True,1.98942621934,0.00792673451679,-166.660961986,12.426092765,343.55589241,1.55607666751
point_equal,13,12,True,accepted,1,1,1,0.808530825747,False,0.000374653972984,0.122585583358,330397.639588,0.0105348558389,0.00973895515994,0.00978723479154,0.102639445823,0.0986861447212,0.0989304543179,0.000795900678918,0.000747621047315,0.939339627567,0,True,2.00353774435,0.00771850517575,-171.899874347,13.7303064686,345.823151261,1.55617630693
point_equal,14,13,True,accepted,1,1,1,0.808099000815,False,0.000339400629312,0.107012850029,333312.656409,0.00978723479154,0.0090692229978,0.00910976827352,0.0989304543179,0.0952324681913,0.0954451060742,0.000718011793743,0.000677466518019,0.943531184199,0,True,2.0176417326,0.00750728061462,-177.100176132,15.0643442426,348.17201046,1.55627852707
point_equal,15,14,True,accepted,1,1,1,0.807681622196,False,0.000308369341586,0.0928882878505,336321.831737,0.00910976827352,0.0084602100677,0.00849410727719,0.0954451060742,0.0919794002356,0.0921634812558,0.000649558205823,0.000615660996337,0.947814977653,0,True,2.03173843621,0.00729300870183,-182.260363242,16.4268232475,350.602136743,1.55638333024
point_equal,16,15,True,accepted,1,1,1,0.807279967293,False,0.000280947023674,0.0800456909415,339428.06193,0.00849410727719,0.00790491137599,0.00793311249115,0.0921634812558,0.0889095685289,0.089068021709,0.0005891959012,0.00056099478604,0.952136267238,0,True,2.04582812963,0.00707563280663,-187.378943163,17.8163446007,353.113155438,1.55649071389
point_equal,17,16,True,accepted,1,1,1,0.806895211711,False,0.000256624306064,0.0683496684059,342635.200319,0.00793311249115,0.00739730264123,0.00742064747774,0.089068021709,0.0860075731621,0.0861431801,0.000535809849918,0.000512465013403,0.956430744007,0,True,2.05991110779,0.00685509153115,-192.45443717,19.2314957988,355.70464632,1.55660067342
point_equal,18,17,True,accepted,1,1,1,0.806528445529,False,0.000234975626906,0.057685498994,345946.021648,0.00742064747774,0.00693218027701,0.00695141349359,0.0861431801,0.0832597158115,0.0833751371428,0.000488467200733,0.000469233984159,0.960625367384,0,True,2.07398768468,0.00663131835871,-197.485382671,20.6708527605,358.37614153,1.55671320323
point_equal,19,18,True,accepted,1,1,1,0.806180680707,False,0.000215643597505,0.0479546687187,349364.497266,0.00695141349359,0.00650503094138,0.00652081537662,0.0833751371428,0.080653772022,0.0807515657843,0.000446382552201,0.000430598116964,0.964639219971,0,True,2.08805819192,0.00640424126603,-202.470335561,22.1329814038,361.127124482,1.55682829719
point_equal,20,19,True,accepted,1,1,1,0.805852846218,False,0.000198326585279,0.0390716534679,352895.04451,0.00652081537662,0.00611192468735,0.00612485193398,0.0807515657843,0.078178799475,0.0782614332477,0.000408890689275,0.000395963442641,0.968384590375,0,True,2.10212297737,0.00617378228936,-207.40787244,23.6164396085,363.957029397,1.55694594884
point_equal,21,20,True,accepted,1,1,1,0.805545798642,False,0.000182768852863,0.0309614825793,356541.050653,0.00612485193398,0.00574942682549,0.00576002590702,0.0782614332477,0.0758249749455,0.0758948345213,0.000375425108493,0.00036482602696,0.971767787255,0,True,2.11618240384,0.00593985709043,-212.296592876,25.1197782317,366.865241111,1.55706615159
point_equal,22,21,True,accepted,1,1,1,0.805260301873,False,0.000168752588213,0.0235582717682,360307.15373,0.00576002590702,0.0054145250361,0.00542326941195,0.0758948345213,0.0735834562663,0.073642850379,0.000345500870919,0.000336756495071,0.974690727044,0,True,2.13023684744,0.00570237443195,-217.135121584,26.6415436516,369.851094992,1.55718889885
point_equal,23,22,True,accepted,1,1,1,0.80499704086,False,0.000156091517493,0.0168038300019,364198.360556,0.00542326941195,0.0051045685991,0.00511188193781,0.073642850379,0.0714462637169,0.0714974260922,0.000318700812847,0.000311387474139,0.977052651223,0,True,2.14428669627,0.00546123566867,-221.922110628,28.1802790857,372.913877166,1.55731418408
point_equal,24,23,True,accepted,1,1,1,0.804756625219,False,0.000144625724044,0.0106463760719,368219.374694,0.00511188193781,0.00481721756592,0.00482347861322,0.0714974260922,0.0694061781538,0.0694512679022,0.000294664371892,0.000288403324587,0.978751936435,0,True,2.15833234906,0.00521633419334,-226.656241827,29.7345256271,376.052824587,1.55744200092
point_equal,25,24,True,accepted,1,1,1,0.804539572501,False,0.000134217359209,0.00503997509747,372375.744275,0.00482347861322,0.00455040019273,0.0045559467009,0.0694512679022,0.0674566541768,0.0674977533026,0.00027307842049,0.000267531912318,0.979688954692,0,True,2.17237421356,0.00496755480883,-231.336228315,31.3028244643,379.267126363,1.55757234316
point_equal,26,25,True,accepted,1,1,1,0.804346320317,False,0.000124747211948,0.000460176103779,376673.256257,0.0045559467009,0.00430227684947,0.00430740906164,0.0674977533026,0.06559174376,0.0656308544942,0.00025366985143,0.000248537639265,0.979768142977,0,True,2.18641270518,0.00471477307258,-235.960817042,32.8837182399,382.555923791,1.55770520485
point_equal,27,26,True,accepted,1,1,1,0.80417722989,False,0.000116111808726,0.00468166429308,381117.891222,0.00430740906164,0.00407120960695,0.0040761931458,0.0656308544942,0.0638060311174,0.0638450714292,0.000236199454688,0.000231215915836,0.978901141585,0,True,2.20044824561,0.00445785459542,-240.528790231,34.4757520353,385.918312071,1.55784058029
point_equal,28,27,True,accepted,1,1,1,0.804032567763,False,0.000108221052824,0.00886773104721,385716.490267,0.0040761931458,0.00385573629607,0.00386080471131,0.0638450714292,0.0620945754158,0.062135374074,0.000220456849738,0.000215388434492,0.977009490739,0,True,2.21448126121,0.00419665423573,-245.038967515,36.0774758229,389.353340896,1.55797846402
point_equal,29,28,True,accepted,1,1,1,0.803912532199,False,0.000100996248995,0.0126458369309,390476.415176,0.00386080471131,0.00365454839854,0.00365990536594,0.062135374074,0.0604528609624,0.0604971517176,0.000206256312776,0.000200899345368,0.974027619636,0,True,2.22851218179,0.00393101528055,-249.490207677,37.6874449233,392.860015864,1.55811885083
point_equal,30,29,True,accepted,1,1,1,0.803817240404,False,9.43684529432e-05,0.0160437232361,395404.672322,0.00365990536594,0.00346647211742,0.00347229346456,0.0604971517176,0.058876753625,0.058926169607,0.000193433248523,0.000187611901388,0.969905136894,0,True,2.24254143922,0.00366076852823,-253.881410152,39.3042213973,396.437300137,1.55826173573
point_equal,31,30,True,accepted,1,1,1,0.803746721241,False,8.82770900322e-05,0.0190870687382,400510.149545,0.00347229346456,0.00329045211014,0.00329688754828,0.058926169607,0.0573624625529,0.0574185296596,0.000181841354419,0.000175405916281,0.964609600722,0,True,2.25656946586,0.00338573124845,-258.211516373,40.926376103,400.08411606,1.55840711398
point_equal,32,31,True,accepted,1,1,1,0.803700935996,False,8.26687952024e-05,0.0217991919828,405800.12229,0.00329688754828,0.00312553746099,0.0031327123004,0.0574185296596,0.0559065064281,0.0559706378416,0.000171350087282,0.000164175247877,0.958127599938,0,True,2.27059669339,0.00310570610618,-262.479511159,42.5524892391,403.799347062,1.55855498096
point_equal,33,32,True,accepted,1,1,1,0.803679764502,False,7.74964396681e-05,0.0242018659861,411286.184232,0.0031327123004,0.00297086954276,0.00297888601734,0.0559706378416,0.0545056835822,0.0545791720104,0.000161842757641,0.000153826283058,0.950467511184,0,True,2.28462355142,0.00282047993262,-266.684425018,44.1811520883,407.581838148,1.55870533219
point_equal,34,33,True,accepted,1,1,1,0.803683009628,False,7.27182742176e-05,0.0263146476337,416978.023571,0.00297888601734,0.0028256715562,0.00283461045442,0.0545791720104,0.0531570461576,0.0532410598544,0.000153214461139,0.000144275562927,0.941657607604,0,True,2.29865046608,0.00252982239821,-270.825333414,45.8109679938,411.430400134,1.55885816332
point_equal,35,34,True,accepted,1,1,1,0.803710412774,False,6.82972487026e-05,0.0281563770814,422885.729021,0.00283461045442,0.002689239334,0.00269916124475,0.0532410598544,0.0518578762966,0.051953452674,0.000145371120419,0.000135449209668,0.931747717688,0,True,2.31267785901,0.00223348456135,-274.901359174,47.4405530433,415.343810115,1.55901346995
point_equal,36,35,True,accepted,1,1,1,0.803761637316,False,6.42003924287e-05,0.0297442533633,429021.839318,0.00269916124475,0.00256093340474,0.00257187994258,0.051953452674,0.0506056657376,0.050713705668,0.000138227840004,0.00012728130217,0.9208080092,0,True,2.32670614599,0.00193119723936,-278.911673161,49.0685374572,419.320813797,1.55917124769
point_equal,37,36,True,accepted,1,1,1,0.803836277161,False,6.03983108727e-05,0.0310942654252,435398.152618,0.00257187994258,0.00244017199841,0.00245216715045,0.050713705668,0.0493980971133,0.0495193613696,0.000131707944162,0.000119712792123,0.908926131103,0,True,2.34073573567,0.0016226692208,-282.855494046,50.6935664612,423.360128746,1.55933149205
point_equal,38,37,True,accepted,1,1,1,0.803933838167,False,5.68647179259e-05,0.0323325844459,442030.287555,0.00245216715045,0.00232642499096,0.00233947613058,0.0495193613696,0.0482330280095,0.048368131353,0.000125742159491,0.00011269101987,0.896207129943,0,True,2.35476702811,0.00130758522605,-286.732090396,52.3143031262,427.460444897,1.55949419832
point_equal,39,38,True,accepted,1,1,1,0.804053798974,False,5.35760926515e-05,0.0337804336865,448931.75857,0.00233947613058,0.0022192084616,0.00223330767161,0.048368131353,0.0471084754752,0.047257884756,0.000120267668987,0.00010616845897,0.882768077776,0,True,2.36880041427,0.000985603810592,-290.540780113,53.9294260674,431.620428376,1.55965936156
point_equal,40,39,True,accepted,1,1,1,0.804195554833,False,5.05113158712e-05,0.0354889401107,456119.331202,0.00223330767161,0.0021180800386,0.00213320521947,0.047257884756,0.0460226035617,0.0461866346411,0.000115227633014,0.000100102452143,0.868736513319,0,True,2.38283627453,0.000656354875215,-294.280930575,55.537631704,435.838723768,1.55982697651
point_equal,41,40,True,accepted,1,1,1,0.804358429671,False,4.76514038068e-05,0.0370711974939,463609.790813,0.00213320521947,0.00202263469288,0.00203875072209,0.0461866346411,0.0449737111309,0.0451525273057,0.000110570526588,9.44544973772e-05,0.854246608859,0,True,2.39687497749,0.000319436916316,-297.951959084,57.1376358763,440.113956194,1.55999703745
point_equal,42,41,True,accepted,1,1,1,0.804541679108,False,4.49792485458e-05,0.0385273214193,471424.49559,0.00203875072209,0.00193250107551,0.00194956080189,0.0451525273057,0.0439602215135,0.0441538311122,0.000106249646581,8.91899202082e-05,0.839437335357,0,True,2.41091687876,-2.558602974e-05,-301.553332864,58.7281751168,444.444733659,1.56016953817
point_equal,43,42,True,accepted,1,1,1,0.804744550325,False,4.24794105178e-05,0.0398573106025,479580.465734,0.00194956080189,0.00184733823377,0.00186528339621,0.0441538311122,0.0429806727934,0.0431889267777,0.000102222568114,8.42774056775e-05,0.824450091914,0,True,2.4249623208,-0.000379187678345,-305.084569918,60.3080036955,448.829649141,1.56034447183
point_equal,44,43,True,accepted,1,1,1,0.804966172074,False,4.01379384537e-05,0.0410609748284,488103.299353,0.00186528339621,0.00176683269459,0.00178559547315,0.0431889267777,0.0420337090273,0.0422563069038,9.84507016162e-05,7.96879230562e-05,0.80941955464,0,True,2.43901163087,-0.000741883396211,-308.545236476,61.8758980874,453.267284514,1.56052183094
point_equal,45,44,True,accepted,1,1,1,0.805205638749,False,3.7942187347e-05,0.0421387124531,497016.389555,0.00178559547315,0.00169069591821,0.00171019985035,0.0422563069038,0.0411180728903,0.0413545626304,9.4899554941e-05,7.53956228041e-05,0.794478149566,0,True,2.45306512043,-0.00111423449776,-311.934947528,63.4306564916,457.756212262,1.56070160716
point_equal,46,45,True,accepted,1,1,1,0.805461998964,False,3.58807074495e-05,0.0430907543252,506347.553756,0.00171019985035,0.00161866192918,0.00163882239142,0.0413545626304,0.0402325978427,0.0404823713661,9.15379211724e-05,7.13774589249e-05,0.779758355998,0,True,2.46712308431,-0.00149685300199,-315.25336776,64.9710987655,462.29499668,1.56088379131
point_equal,47,46,True,accepted,1,1,1,0.805734230858,False,3.39430593051e-05,0.0439166263322,516124.17012,0.00163882239142,0.00155048538145,0.00157121132271,0.0404823713661,0.0393762032381,0.0396385080788,8.8337009975e-05,6.76110687099e-05,0.765376468244,0,True,2.48118579953,-0.00189040710475,-318.500209135,66.4960675262,466.882197784,1.56106837311
point_equal,48,47,True,accepted,1,1,1,0.806021257355,False,3.21197745285e-05,0.0446167662301,526379.371921,0.00157121132271,0.00148593957134,0.00150713447131,0.0396385080788,0.0385478867299,0.0388218298295,8.52717513723e-05,6.40768514029e-05,0.751442891365,0,True,2.49525352431,-0.00229562732014,-321.675229104,68.0044284478,471.516374109,1.56125534128
point_equal,49,48,True,accepted,1,1,1,0.806321968196,False,3.04022051105e-05,0.0451914329389,537148.471482,0.00150713447131,0.00142481489774,0.00144637713661,0.0388218298295,0.0377467203574,0.0380312652513,8.23195735708e-05,6.07573346956e-05,0.738066684023,0,True,2.50932649749,-0.00271331342445,-324.778232959,69.4950698967,476.19608265,1.56144468329
point_equal,50,49,True,accepted,1,1,1,0.806635174522,False,2.87824606372e-05,0.0456402018003,548469.078495,0.00144637713661,0.00136691733433,0.00138874190987,0.0380312652513,0.0369718451572,0.0372658276423,7.94598022884e-05,5.76352267493e-05,0.725338159541,0,True,2.52340493715,-0.00314434241124,-327.809069024,70.9669037873,480.919883794,1.56163638529
point_equal,51,50,True,accepted,1,1,1,0.806959617104,False,2.72533312485e-05,0.0459634194426,560386.267783,0.00138874190987,0.00131206709908,0.0013340462899,0.0372658276423,0.0362224667725,0.0365245984222,7.66748107815e-05,5.46956199657e-05,0.713345353034,0,True,2.5374890394,-0.00358967757195,-330.767629408,72.4188677108,485.686341685,1.56183043202
point_equal,52,51,True,accepted,1,1,1,0.807294027735,False,2.58082067727e-05,0.0461610281863,572943.967587,0.0013340462899,0.00126009748512,0.00128212165269,0.0365245984222,0.0354978518381,0.035806726361,7.39488047766e-05,5.1924637205e-05,0.702170067005,0,True,2.55157897821,-0.00405037870131,-333.65384873,73.8499208049,490.494026694,1.5620268067
point_equal,53,52,True,accepted,1,1,1,0.807637014454,False,2.44410244928e-05,0.0462327596021,586197.637789,0.00128212165269,0.00121085376276,0.0012328126645,0.035806726361,0.0347973240747,0.0351114321056,7.1267889932e-05,4.93089881908e-05,0.691882252131,0,True,2.56567490328,-0.00452761409001,-336.467701575,75.2590486465,495.341517604,1.56222549087
point_equal,54,53,False,nonpositive_predicted_reduction,1,0.25,0.989088364836,0.807987154201,True,2.31462359382e-05,0.0461786641274,600201.649482,0.0012328126645,0.0531173194302,inf,0.0351114321056,0.230471949335,nan,-0.0518845067657,-inf,-inf,17564,True,2.57977693943,-0.00502267405982,-339.209201251,76.6452601848,500,1.56242646443
point_equal,55,53,True,accepted,0.25,0.5,0.25,0.202137845276,False,9.51002075247e-05,0.0461786641274,600201.649482,0.0012328126645,0.00119938309378,0.00119951367484,0.0351114321056,0.0346321107324,0.034633995941,3.34295707205e-05,3.32989896621e-05,0.99609384579,0,True,2.56920287422,-0.00465845391914,-337.151680799,75.6059678034,496.561381341,1.56227551862
point_equal,56,54,True,accepted,0.5,1,0.5,0.403952690659,False,4.6496867564e-05,0.00317721790045,603780.284325,0.00119951367484,0.00117595511545,0.00117751980056,0.034633995941,0.0342922019627,0.0343150083865,2.35585593944e-05,2.19938742795e-05,0.933583158094,0,True,2.57625317869,-0.00490442549541,-338.513747831,76.2969196225,499.01017397,1.56237625518
point_equal,57,55,False,nonpositive_predicted_reduction,1,0.25,0.876462383796,0.808122940624,True,2.22197578117e-05,0.0120136115859,611143.268447,0.00117751980056,15.4803077266,inf,0.0343150083865,3.93450222095,nan,-15.4791302068,-inf,-inf,17564,True,2.59035758477,-0.0054066061004,-341.202023232,77.6655572754,500,1.562579031
point_equal,58,55,False,nonpositive_predicted_reduction,0.25,0.0625,0.239174011274,0.202066645605,True,9.132414047e-05,0.0120136115859,611143.268447,0.00117751980056,0.0584096158691,inf,0.0343150083865,0.241680814028,nan,-0.0572320960686,-inf,-inf,17564,True,2.57977990697,-0.00503188587768,-339.185304729,76.6395126276,500,1.56242680358
point_equal,59,55,True,accepted,0.0625,0.125,0.0625,0.0505550362228,False,0.00036774305172,0.0120136115859,611143.268447,0.00117751980056,0.00117318723838,0.00117318931468,0.0343150083865,0.0342518209499,0.0342518512592,4.33256218024e-06,4.33048587784e-06,0.99952076801,0,True,2.57713553053,-0.00493815855396,-338.681314746,76.3825540215,499.316875095,1.56238883218
point_equal,60,56,True,accepted,0.125,0.25,0.125,0.101012898874,False,0.000182845446623,0.000191018538987,612066.3179,0.00117318931468,0.00116746227487,0.00116747494692,0.0342518512592,0.0341681470798,0.034168332516,5.727039818e-06,5.71436776165e-06,0.997787328751,0,True,2.5788985382,-0.00500086921228,-339.016701709,76.5537143989,499.931770681,1.56241410726
point_equal,61,57,False,nonpositive_predicted_reduction,0.25,0.0625,0.217711168005,0.202035644894,True,9.04035614653e-05,0.000766787228219,613933.728803,0.00116747494692,1.35870367163,inf,0.034168332516,1.16563445026,nan,-1.35753619668,-inf,-inf,17564,True,2.58242472541,-0.00512690832047,-339.685245033,76.8952403662,500,1.56246484644
point_equal,62,57,False,nonpositive_predicted_reduction,0.0625,0.015625,0.0548270946625,0.0505122526609,True,0.00036404246999,0.000766787228219,613933.728803,0.00116747494692,0.0587659446347,inf,0.034168332516,0.242416881909,nan,-0.0575984696877,-inf,-inf,17564,True,2.57978014332,-0.00503251197973,-339.183801752,76.6391124372,500,1.56242675708
point_equal,63,57,False,nonpositive_predicted_reduction,0.015625,0.00390625,0.0152170424125,0.012630660793,True,0.00145859863538,0.000766787228219,613933.728803,0.00116747494692,0.00124227396296,inf,0.034168332516,0.0352459070384,nan,-7.47990160392e-05,-inf,-inf,17564,True,2.57911898482,-0.00500890112343,-339.058455614,76.5750619741,500,1.56241726314
point_equal,64,57,True,accepted,0.00390625,0.0078125,0.00390625,0.00316004926065,False,0.00583684405046,0.000766787228219,613933.728803,0.00116747494692,0.00116729071404,0.00116729072046,0.034168332516,0.0341656364501,0.0341656365441,1.84232882995e-07,1.84226458783e-07,0.999965129938,0,True,2.57895369147,-0.00500299534707,-339.027120562,76.5590496823,499.950964075,1.56241489556
point_equal,65,58,True,accepted,0.0078125,0.015625,0.0078125,0.00631378424127,False,0.00291739151627,1.91009193315e-05,613990.177472,0.00116729072046,0.00116693454415,0.0011669345698,0.0341656365441,0.034160423653,0.0341604240283,3.56176310316e-07,3.56150667519e-07,0.999928005325,0,True,2.57906388779,-0.00500693424662,-339.048008091,76.5697236902,499.989436395,1.56241647305
point_equal,66,59,False,nonpositive_predicted_reduction,0.015625,0.00390625,0.0136399594877,0.0126275263925,True,0.00145767726009,2.09648565387e-05,614110.225813,0.0011669345698,0.00559265030115,inf,0.0341604240283,0.0747840243712,nan,-0.00442571573135,-inf,-inf,17564,True,2.5792842797,-0.00501481149812,-339.089774765,76.5910693636,500,1.56241963087
point_equal,67,59,False,nonpositive_predicted_reduction,0.00390625,0.0009765625,0.00356005979212,0.00315691231537,True,0.00583313659319,2.09648565387e-05,614110.225813,0.0011669345698,0.00124233941397,inf,0.0341604240283,0.0352468355171,nan,-7.54048441718e-05,-inf,-inf,17564,True,2.5791189863,-0.00500890425294,-339.058449554,76.5750600087,500,1.56241726191
point_equal,68,59,True,accepted,0.0009765625,0.001953125,0.0009765625,0.000789238976566,False,0.0233349740416,2.09648565387e-05,614110.225813,0.0011669345698,0.001166890061,0.0011668900614,0.0341604240283,0.0341597725548,0.0341597725608,4.45087975241e-08,4.45083940602e-08,0.999990935187,0,True,2.57907766261,-0.00500742721778,-339.050618371,76.5710577563,499.994245583,1.56241667022
point_equal,69,60,False,nonpositive_predicted_reduction,0.001953125,0.00048828125,0.00179461130829,0.00157845220308,True,0.0116664666867,1.84560392012e-05,614130.235001,0.0011668900614,0.00118180894641,inf,0.0341597725608,0.0343774482242,nan,-1.49188850061e-05,-inf,-inf,17564,True,2.5791052118,-0.00500841198815,-339.055839006,76.5737258699,500,1.56241706462
point_equal,70,60,True,accepted,0.00048828125,0.0009765625,0.00048828125,0.000394613594348,False,0.0466682943195,1.84560392012e-05,614130.235001,0.0011668900614,0.00116686780803,0.00116686780812,0.0341597725608,0.0341594468344,0.0341594468357,2.22533697934e-08,2.22532812568e-08,0.99999602143,0,True,2.57908454991,-0.00500767343312,-339.051923526,76.5717247825,499.996650274,1.56241676881
point_equal,71,61,False,nonpositive_predicted_reduction,0.0009765625,0.000244140625,0.000913552467987,0.000789226587294,True,0.0233331298418,1.84255809972e-05,614137.479421,0.00116686780812,0.00116896666912,inf,0.0341594468357,0.0341901545641,nan,-2.09886099871e-06,-inf,-inf,17564,True,2.57909832452,-0.00500816582177,-339.054533807,76.5730588263,500,1.562416966
point_equal,72,61,True,accepted,0.000244140625,0.00048828125,0.000244140625,0.00019730678197,False,0.0933349469032,1.84255809972e-05,614137.479421,0.00116686780812,0.00116685668168,0.00116685668171,0.0341594468357,0.0341592839749,0.0341592839754,1.11264409431e-08,1.11264083817e-08,0.999997073511,0,True,2.57908799357,-0.00500779653371,-339.052576095,76.5720582929,499.997852625,1.56241681811
point_equal,73,62,False,nonpositive_predicted_reduction,0.00048828125,0.0001220703125,0.00047613522689,0.000394613409904,True,0.0466664540056,1.84179013013e-05,614139.304569,0.00116685668171,0.00116690151889,inf,0.0341592839754,0.0341599402648,nan,-4.48371792301e-08,-inf,-inf,17564,True,2.57909488087,-0.00500804273038,-339.053881227,76.5727253124,500,1.5624169167
point_equal,74,62,True,accepted,0.0001220703125,0.000244140625,0.0001220703125,9.86533860298e-05,False,0.186668243539,1.84179013013e-05,614139.304569,0.00116685668171,0.00116685111855,0.00116685111856,0.0341592839754,0.0341592025456,0.0341592025457,5.56315923102e-09,5.56315558702e-09,0.999999344976,0,True,2.57908971539,-0.00500785808364,-339.052902378,76.5722250476,499.998453802,1.56241684275
point_equal,75,63,True,accepted,0.000244140625,0.00048828125,0.000244140625,0.000197306739698,False,0.0933331062095,1.84159605511e-05,614140.436667,0.00116685111856,0.00116683999234,0.00116683999236,0.0341592025457,0.034159039687,0.0341590396874,1.11262215131e-08,1.11261946097e-08,0.999997581983,0,True,2.57909315905,-0.00500798118255,-339.053554942,76.5725585562,499.999656155,1.56241689205
point_equal,76,64,False,nonpositive_predicted_reduction,0.00048828125,0.0001220703125,0.000426350351793,0.000394613418916,True,0.0466655373346,1.84175818021e-05,614146.379146,0.00116683999236,0.0011710883736,inf,0.0341590396874,0.0342211685014,nan,-4.24838124199e-06,-inf,-inf,17564,True,2.57910004635,-0.00500822738181,-339.054860061,76.5732255717,500,1.56241699064
point_equal,77,64,False,nonpositive_predicted_reduction,0.0001220703125,3.0517578125e-05,0.000111666045633,9.8653388305e-05,True,0.186664576821,1.84175818021e-05,614146.379146,0.00116683999236,0.00116690152105,inf,0.0341590396874,0.0341599402963,nan,-6.1528685548e-08,-inf,-inf,17564,True,2.57909488087,-0.00500804273299,-339.053881221,76.57272531,500,1.5624169167
point_equal,78,64,True,accepted,3.0517578125e-05,6.103515625e-05,3.0517578125e-05,2.46633573292e-05,False,0.746660734769,1.84175818021e-05,614146.379146,0.00116683999236,0.0011668386016,0.00116683860158,0.0341590396874,0.0341590193302,0.0341590193299,1.39076474946e-09,1.39077905919e-09,1.00001028911,0,True,2.5790935895,-0.00500799657037,-339.053636512,76.5726002447,499.99980645,1.56241689821
point_equal,79,65,False,nonpositive_predicted_reduction,6.103515625e-05,1.52587890625e-05,5.65364441659e-05,4.93266905313e-05,True,0.373329264069,1.84151027848e-05,614147.842284,0.00116683860158,0.00116684756844,inf,0.0341590193299,0.0341591505814,nan,-8.96685887651e-09,-inf,-inf,17564,True,2.57909445042,-0.00500802734556,-339.053799651,76.5726836215,500,1.56241691054
point_equal,80,65,True,accepted,1.52587890625e-05,3.0517578125e-05,1.52587890625e-05,1.23316729218e-05,False,1.49331948376,1.84151027848e-05,614147.842284,0.00116683860158,0.0011668379062,0.00116683790621,0.0341590193299,0.0341590091514,0.0341590091515,6.95381261471e-10,6.95373323593e-10,0.999988584855,0,True,2.57909380473,-0.00500800426422,-339.053677296,76.5726210889,499.999881597,1.56241690129
point_equal,81,66,True,accepted,3.0517578125e-05,6.103515625e-05,2.90797300119e-05,2.4663346363e-05,True,0.746658802125,1.84152429049e-05,614146.893013,0.00116683790621,0.00116683760861,0.00116683760862,0.0341590091515,0.0341590047954,0.0341590047955,2.97598563197e-10,2.97591858925e-10,0.999977472094,0,True,2.57909423519,-0.00500801965187,-339.053758866,76.5726627772,500,1.56241690745
point_equal,82,67,False,nonpositive_predicted_reduction,6.103515625e-05,1.52587890625e-05,5.22345253848e-05,4.80270614223e-05,True,0.373572904088,0.000247350750237,614145.54693,0.00116683760862,0.00116693467894,inf,0.0341590047955,0.0341604256258,nan,-9.70703183294e-08,-inf,-inf,17564,True,2.57909507342,-0.00500805036744,-339.053931389,76.5727461471,500,1.56241691999
point_equal,83,67,False,nonpositive_predicted_reduction,1.52587890625e-05,3.81469726562e-06,1.23521702369e-05,1.09436209559e-05,True,1.50898673426,0.000247350750237,614145.54693,0.00116683760862,0.00116684420221,inf,0.0341590047955,0.0341591013086,nan,-6.59359145191e-09,-inf,-inf,17564,True,2.57909442619,-0.00500802828687,-339.053808648,76.57268344,500,1.56241691073
point_equal,84,67,True,accepted,3.81469726562e-06,3.81469726562e-06,2.3095371872e-06,1.76080207826e-06,True,7.2075469314,0.000247350750237,614145.54693,0.00116683760862,0.00116683750287,0.00116683750287,0.0341590047955,0.0341590032477,0.0341590032476,1.0574389064e-10,1.05748529508e-10,1.00004386889,0,True,2.57909425837,-0.00500802303186,-339.053776474,76.5726671207,500,1.56241690831
point_equal,85,68,True,accepted,3.81469726562e-06,3.81469726562e-06,2.32309629672e-06,1.75353963248e-06,True,7.16096639169,0.000243436137837,614148.46134,0.00116683750287,0.00116683741794,0.00116683741794,0.0341590032476,0.0341590020045,0.0341590020045,8.4927883736e-11,8.49259905022e-11,0.999977707747,0,True,2.57909428216,-0.00500802609877,-339.05379401,76.5726714954,500,1.56241690917
point_equal,86,69,True,accepted,3.81469726562e-06,3.81469726562e-06,2.32607706112e-06,1.75185821699e-06,True,7.14912420251,0.000242389082449,614145.879195,0.00116683741794,0.00116683733886,0.00116683733886,0.0341590020045,0.0341590008469,0.0341590008469,7.90837788051e-11,7.90842476141e-11,1.000005928,0,True,2.5790943061,-0.00500802890062,-339.053811528,76.5726758802,500,1.56241691003
point_equal,87,70,True,accepted,3.81469726562e-06,3.81469726562e-06,2.32614295062e-06,1.75173132554e-06,True,7.14686363298,0.000242150730535,614146.346751,0.00116683733886,0.00116683726143,0.00116683726144,0.0341590008469,0.0341589997136,0.0341589997137,7.74275212088e-11,7.74222608767e-11,0.99993206121,0,True,2.57909433007,-0.00500803147033,-339.053829046,76.5726802692,500,1.56241691089
point_equal,88,71,True,accepted,3.81469726562e-06,3.81469726562e-06,2.32547765468e-06,1.75200367332e-06,True,7.14726951251,0.000242136804418,614147.391366,0.00116683726144,0.00116683718447,0.00116683718446,0.0341589997137,0.034158998587,0.0341589985869,7.69706535921e-11,7.69770154736e-11,1.00008265334,0,True,2.57909435404,-0.00500803383415,-339.053846566,76.5726846603,500,1.56241691175
point_equal,89,72,True,accepted,3.81469726562e-06,3.81469726562e-06,2.32469523775e-06,1.75234862466e-06,True,7.14836303134,0.000242180247796,614148.822135,0.00116683718446,0.0011668371076,0.0011668371076,0.0341589985869,0.0341589974619,0.0341589974619,7.68580047696e-11,7.68592262317e-11,1.00001589245,0,True,2.579094378,-0.00500803601454,-339.053864089,76.5726890529,500,1.5624169126
point_equal,90,73,True,accepted,3.81469726562e-06,3.81469726562e-06,2.32395930961e-06,1.75267770552e-06,True,7.14957786466,0.000242233706907,614148.091703,0.0011668371076,0.00116683703076,0.00116683703076,0.0341589974619,0.0341589963371,0.0341589963371,7.68418219679e-11,7.68415381238e-11,0.999996306124,0,True,2.57909440194,-0.00500803803124,-339.053881616,76.5726934467,500,1.56241691346
point_equal,91,74,True,accepted,3.81469726562e-06,3.81469726562e-06,2.32330545748e-06,1.75297164481e-06,True,7.15075076587,0.000242284554694,614147.064601,0.00116683703076,0.00116683695391,0.00116683695391,0.0341589963371,0.0341589952122,0.0341589952122,7.68515320826e-11,7.6849243115e-11,0.999970215719,0,True,2.57909442587,-0.00500803990178,-339.053899146,76.5726978415,500,1.56241691431
point_equal,92,75,True,accepted,3.81469726562e-06,3.81469726562e-06,2.32273315244e-06,1.75322895382e-06,True,7.15184064457,0.000242329993866,614146.616119,0.00116683695391,0.00116683687704,0.00116683687704,0.0341589952122,0.0341589940871,0.034158994087,7.68669234166e-11,7.68726707723e-11,1.00007477021,0,True,2.57909444979,-0.0050080416418,-339.053916678,76.5727022372,500,1.56241691517
point_equal,93,76,True,accepted,3.81469726562e-06,3.81469726562e-06,2.32223394864e-06,1.75345302952e-06,True,7.15283902307,0.000242369857516,614145.919526,0.00116683687704,0.00116683680016,0.00116683680016,0.034158994087,0.0341589929617,0.0341589929617,7.688219332e-11,7.68787958641e-11,0.999955809586,0,True,2.5790944737,-0.00500804326525,-339.053934212,76.5727066337,500,1.56241691602
point_equal,94,77,True,accepted,3.81469726562e-06,3.81469726562e-06,2.32179841182e-06,1.75364849625e-06,True,7.1537486326,0.000242404712555,614150.160132,0.00116683680016,0.00116683672326,0.00116683672327,0.0341589929617,0.0341589918362,0.0341589918362,7.68962205109e-11,7.68921213593e-11,0.999946692418,0,True,2.5790944976,-0.00500804478455,-339.053951749,76.5727110308,500,1.56241691688
point_equal,95,78,True,accepted,3.81469726562e-06,3.81469726562e-06,2.32141783414e-06,1.75381899751e-06,True,7.15457406313,0.000242435157993,614148.794825,0.00116683672327,0.00116683664636,0.00116683664635,0.0341589918362,0.0341589907105,0.0341589907104,7.69085322771e-11,7.69130486297e-11,1.00005872369,0,True,2.57909452149,-0.00500804621084,-339.053969287,76.5727154286,500,1.56241691773
point_equal,96,79,True,accepted,3.81469726562e-06,3.81469726562e-06,2.32108473999e-06,1.7539675084e-06,True,7.15532261657,0.000242461680977,614150.296438,0.00116683664635,0.00116683656944,0.00116683656944,0.0341589907104,0.0341589895845,0.0341589895845,7.6918581747e-11,7.69171614422e-11,0.999981534958,0,True,2.57909454538,-0.00500804755403,-339.053986827,76.5727198268,500,1.56241691858
frame_equal,1,0,True,accepted,0.1,0.2,0.1,0.0707317184477,False,0.0147482568077,2.2581014091,293959.434832,0.0362643863198,0.0246519171221,0.024652879354,0.190432104226,0.157009289923,0.157012354144,0.0116124691977,0.0116115069658,0.999917138051,0,True,1.85694445639,0.00972517928469,-116.058369898,1.82657560671,327.048510753,1.55469678352
frame_equal,2,1,True,accepted,0.2,0.4,0.2,0.149203659747,False,0.00676690433345,0.00519204000995,295626.488914,0.024652879354,0.0240951027009,0.024102541632,0.157012354144,0.155225973023,0.155249932792,0.000557776653051,0.000550337721907,0.986663243965,0,True,1.8595485515,0.0096913037047,-117.067827507,2.0150797475,327.146065176,1.55484378488
frame_equal,3,2,True,accepted,0.4,0.8,0.4,0.314288815471,False,0.0030866151664,0.0562035760966,298690.786882,0.024102541632,0.02307942265,0.0231238105515,0.155249932792,0.151919131942,0.152065152324,0.00102311898202,0.000978731080589,0.956615112989,0,True,1.86503392614,0.00962182582505,-119.19637813,2.40950614043,327.504802348,1.55504321707
frame_equal,4,3,True,accepted,0.8,1,0.8,0.645833072595,False,0.00138945758798,0.166663339556,302999.773427,0.0231238105515,0.021263369708,0.0214934544417,0.152065152324,0.145819647881,0.146606461118,0.00186044084341,0.00163035610979,0.876327842173,0,True,1.87630583967,0.00947672520353,-123.571386484,3.21849099461,328.534110144,1.55525181301
frame_equal,5,4,True,accepted,1,1,1,0.811266571999,False,0.000980574743727,0.397775601072,307825.754368,0.0214934544417,0.0193089682339,0.0195835728641,0.146606461118,0.138956713526,0.13994131936,0.0021844862078,0.00190988157752,0.874293264339,0,True,1.89046511246,0.00929158192954,-129.056994708,4.25446067198,330.045406158,1.55540034614
frame_equal,6,5,True,accepted,1,1,1,0.811471614766,False,0.000858976124738,0.40601213107,311580.328677,0.0195835728641,0.0176290689223,0.0178174101208,0.13994131936,0.132774504037,0.133481871881,0.00195450394186,0.00176616274339,0.903637340178,0,True,1.90462796393,0.00910307106009,-134.523527685,5.32527600583,331.696598611,1.5555084511
frame_equal,7,6,True,accepted,1,1,1,0.811157483222,False,0.000756968407568,0.305906736013,314497.589522,0.0178174101208,0.016146942207,0.0162917283229,0.133481871881,0.127070618976,0.12763905485,0.00167046791379,0.00152568179786,0.913326011991,0,True,1.91878533276,0.0089115429508,-139.963390994,6.43289410478,333.451948902,1.55560246039
frame_equal,8,7,True,accepted,1,1,1,0.810715206243,False,0.000670430817601,0.24947418746,317127.244017,0.0162917283229,0.0148325432169,0.0149510553854,0.12763905485,0.121788928958,0.122274508322,0.00145918510604,0.00134067293746,0.918781950215,0,True,1.93293498241,0.00871712469838,-145.37411449,7.57763427004,335.297874577,1.55569279303
frame_equal,9,8,True,accepted,1,1,1,0.810240638006,False,0.000596501354175,0.213655596309,319697.208461,0.0149510553854,0.0136616213058,0.0137611160899,0.122274508322,0.116882938472,0.117307783586,0.00128943407962,0.00118993929549,0.922838409735,0,True,1.94707634927,0.00851985233249,-150.753989672,8.75890801401,337.229222836,1.55578342666
frame_equal,10,9,True,accepted,1,1,1,0.809760320593,False,0.00053296310974,0.186746175414,322297.572801,0.0137611160899,0.0126141999012,0.0126984618532,0.117307783586,0.11231295518,0.112687452066,0.0011469161887,0.00106265423678,0.926531726775,0,True,1.96120933302,0.00831972001168,-156.101448821,9.97570584973,339.244029325,1.55587583227
frame_equal,11,10,True,accepted,1,1,1,0.809283968143,False,0.000478054026146,0.164310212695,324963.770101,0.0126984618532,0.0116736663373,0.0117451506727,0.112687452066,0.108044742294,0.108375046356,0.00102479551586,0.000953311180439,0.930245269114,0,True,1.97533400285,0.00811670164648,-161.414951951,11.2268310863,341.341490634,1.55597053814
frame_equal,12,11,True,accepted,1,1,1,0.808816088379,False,0.000430358684291,0.144652542026,327710.07884,0.0117451506727,0.0108261085469,0.0108866700099,0.108375046356,0.104048587434,0.104339206485,0.000919042125786,0.000858480662864,0.934103713831,0,True,1.98945050663,0.00791076060442,-166.692965656,12.511000605,343.521196342,1.55606772863
frame_equal,13,12,True,accepted,1,1,1,0.808359261284,False,0.0003887311369,0.127057550432,330543.584872,0.0108866700099,0.0100598041497,0.0101109624843,0.104339206485,0.100298575013,0.100553281818,0.000826865860154,0.000775707525543,0.938129826038,0,True,2.00355903728,0.00770185382691,-171.933960884,13.8268865715,345.782846169,1.55616746573
frame_equal,14,13,True,accepted,1,1,1,0.8079152949,False,0.000352236945852,0.111161545431,333468.227755,0.0101109624843,0.00936481976074,0.00940786898728,0.100553281818,0.0967719988465,0.0969941698623,0.000746142723582,0.000703093497043,0.942304300266,0,True,2.01765981926,0.00748993338124,-177.136414533,15.1731335064,348.126148474,1.55626976853
frame_equal,15,14,True,accepted,1,1,1,0.807485667798,False,0.000320109054425,0.0967351358405,336487.635872,0.00940786898728,0.00873269338418,0.00876875637105,0.0969941698623,0.0934488811285,0.0936416380199,0.000675175603102,0.000639112616226,0.946587248251,0,True,2.03175310282,0.00727494688676,-182.2988119,16.5483654745,350.550783952,1.55637464089
frame_equal,16,15,True,accepted,1,1,1,0.807071693196,False,0.000291713831591,0.0836084965581,339604.65908,0.00876875637105,0.00815618074766,0.00818624225832,0.0936416380199,0.0903115759339,0.0904778550714,0.000612575623392,0.00058251411273,0.950926041595,0,True,2.04583916117,0.00705683746286,-187.419649109,17.9511898066,353.05639255,1.55648208105
frame_equal,17,16,True,accepted,1,1,1,0.806674576398,False,0.000266524792399,0.0716442346299,342823.154354,0.00818624225832,0.00762905112247,0.00765398074194,0.0904778550714,0.0873444395624,0.0874870318501,0.000557191135846,0.000532261516377,0.955258406199,0,True,2.05991828852,0.00683554346154,-192.497435116,19.3801997463,355.642569105,1.55659208488
frame_equal,18,17,True,accepted,1,1,1,0.806295440522,False,0.000244102034836,0.0607259391061,346146.123941,0.00765398074194,0.00714592203151,0.00716649189725,0.0874870318501,0.084533555654,0.0846551350908,0.000508058710429,0.000487488844697,0.959512817495,0,True,2.0739907987,0.00661099813556,-197.530694496,20.8339761138,358.308860236,1.55670464712
frame_equal,19,18,True,accepted,1,1,1,0.805935324335,False,0.00022407609315,0.0507541372908,349577.247503,0.00716649189725,0.0067021244835,0.00671902291417,0.0846551350908,0.0818665040386,0.0819696462977,0.000464367413749,0.000447468983077,0.963609783608,0,True,2.08805702367,0.00638312923548,-202.517969548,22.311089367,361.054763597,1.55681976191
frame_equal,20,19,True,accepted,1,1,1,0.805595195234,False,0.000206135122316,0.041642281991,353120.322426,0.00671902291417,0.00629359256026,0.00630743493607,0.0819696462977,0.0793321659874,0.0794193612167,0.000425430353912,0.000411587978102,0.967462651212,0,True,2.10211731226,0.00615185860816,-207.457822524,23.8101006648,363.879727484,1.55693742305
frame_equal,21,20,True,accepted,1,1,1,0.805275930474,False,0.000190014687341,0.0333144732567,356779.877961,0.00630743493607,0.00591677240054,0.00592811007763,0.0794193612167,0.0769205590238,0.0769942210665,0.000390662535529,0.000379324858435,0.970978335359,0,True,2.11617202864,0.00591710171253,-212.348838079,25.3295643189,366.783150061,1.55705762419
frame_equal,22,21,True,accepted,1,1,1,0.804978335868,False,0.000175489570632,0.0257041507494,360559.899475,0.00592811007763,0.0055685467996,0.00557787434846,0.0769942210665,0.0746226962767,0.074685168196,0.000359563278033,0.000350235729175,0.974058672206,0,True,2.130221551,0.00567876715545,-217.189625524,26.8680286707,369.764379448,1.55718035895
frame_equal,23,22,True,accepted,1,1,1,0.804703126539,False,0.000162367125279,0.0187526693224,364465.221117,0.00557787434846,0.00524617250834,0.00525393349067,0.074685168196,0.0724304667135,0.072484022313,0.000331701840121,0.000323940857793,0.976602534598,0,True,2.14426627006,0.00543675614892,-221.978820926,28.4240383096,372.822714012,1.55730562104
frame_equal,24,23,True,accepted,1,1,1,0.804450946831,False,0.000150481965932,0.0124074694942,368500.823708,0.00525393349067,0.0049472276136,0.00495381965008,0.072484022313,0.0703365311456,0.0703833762339,0.000306705877069,0.000300113840583,0.978506976947,0,True,2.15830658776,0.00519096196988,-226.715089657,29.9961348548,375.957402236,1.55743340431
frame_equal,25,24,True,accepted,1,1,1,0.804222345952,False,0.000139691506523,0.00662216332066,372672.326389,0.00495381965008,0.00466956760454,0.00467534633782,0.0703833762339,0.0683342344988,0.0683765042819,0.000284252045543,0.000278473312267,0.979670389832,0,True,2.17234291561,0.00494126932383,-231.397127961,31.5828593465,379.167644037,1.55756370281
frame_equal,26,25,True,accepted,1,1,1,0.804017799987,False,0.000129872447555,0.00135470368999,376985.0793,0.00467534633782,0.00441128800206,0.00441657068079,0.0683765042819,0.0664175278225,0.066457284633,0.000264058335758,0.000258775657023,0.979994273919,0,True,2.18637567347,0.00468755370882,-236.023665546,33.1827531453,382.45259077,1.55769651085
frame_equal,27,26,True,accepted,1,1,1,0.80383769912,False,0.000120917731873,0.00343240182773,381445.707875,0.00441657068079,0.0041706930182,0.00417576136091,0.066457284633,0.0645809028909,0.0646201312356,0.000245877662593,0.000240809319885,0.979386729747,0,True,2.20040528797,0.00442968069261,-240.59346729,34.7943596055,385.811346565,1.55783182299
frame_equal,28,27,True,accepted,1,1,1,0.803682352862,False,0.000112734152321,0.00777318966595,386059.989541,0.00417576136091,0.00394626864052,0.00395137146022,0.0646201312356,0.0628193333339,0.0628599352546,0.000229492720389,0.000224389900691,0.977764786226,0,True,2.21443219116,0.00416750514311,-245.105335043,36.4162254449,389.242969543,1.55796963408
frame_equal,29,28,True,accepted,1,1,1,0.803551988629,False,0.000105240292638,0.0116986986445,390835.787807,0.00395137146022,0.00373665981032,0.00374201523862,0.0628599352546,0.0611282243347,0.0611720135243,0.000214711649899,0.000209356221595,0.975057579284,0,True,2.22845681908,0.00390087037909,-249.558109732,38.0469022879,392.74647263,1.55810993923
frame_equal,30,29,True,accepted,1,1,1,0.803446760515,False,9.8364799832e-05,0.015236954582,395780.874836,0.00374201523862,0.00354065089564,0.00354644836412,0.0611720135243,0.0595033687756,0.0595520643145,0.000201364342979,0.000195566874504,0.971209061201,0,True,2.24247961041,0.00362960727165,-253.950672725,39.6849474166,396.320825527,1.55825273384
frame_equal,31,30,True,accepted,1,1,1,0.803366741469,False,9.20449989166e-05,0.0184138550021,400902.484972,0.00354644836412,0.00335714878174,0.0033635507663,0.0595520643145,0.057940907671,0.0579961271664,0.000189299582373,0.000182897597819,0.966180672592,0,True,2.25650100515,0.00335353322522,-258.281948008,41.3289254053,399.964955469,1.55839801351
frame_equal,32,31,True,accepted,1,1,1,0.803311914757,False,8.62256634866e-05,0.0212527975128,406209.61738,0.0033635507663,0.00318516843009,0.00319231215853,0.0579961271664,0.0564372964456,0.0565005500728,0.000178382336206,0.000171238607769,0.959952713989,0,True,2.27052144298,0.00307245106096,-262.550902765,42.977410004,403.677749939,1.55854577409
frame_equal,33,32,True,accepted,1,1,1,0.803282203331,False,8.08580118629e-05,0.0237757447277,411712.484301,0.00319231215853,0.00302382031827,0.00303181927579,0.0565005500728,0.0549892745748,0.0550619585176,0.000168491840261,0.000160492882739,0.952526143048,0,True,2.28454136226,0.00278614783529,-266.756549268,44.6289844033,407.458057982,1.55869601154
frame_equal,34,33,True,accepted,1,1,1,0.803277439376,False,7.58988291982e-05,0.0260029068715,417420.561541,0.00303181927579,0.00287229960542,0.00288124480061,0.0550619585176,0.0535938392487,0.053677227952,0.000159519670372,0.000150574475184,0.943924187106,0,True,2.29856119838,0.00249439347954,-270.897946359,46.2822434732,411.304691639,1.55884872198
frame_equal,35,34,True,accepted,1,1,1,0.803297401747,False,7.13097720357e-05,0.0279527635188,423345.546655,0.00288124480061,0.00272987660531,0.00273983810309,0.053677227952,0.0522482210732,0.0523434628497,0.000151368195296,0.000141406697514,0.934190285067,0,True,2.31258138291,0.00219693938513,-274.974199839,47.9357933408,415.216429101,1.55900390157
frame_equal,36,35,True,accepted,1,1,1,0.803341784004,False,6.70566947798e-05,0.0296428928111,429498.497105,0.00273983810309,0.00259588864325,0.00260691671968,0.0523434628497,0.050949864016,0.0510579741048,0.000143949459841,0.000132921383411,0.923389247571,0,True,2.32660234206,0.0018935167651,-278.984463402,49.588253381,419.192016564,1.55916154653
frame_equal,37,36,True,accepted,1,1,1,0.803410199402,False,6.31091751215e-05,0.0310895372166,435892.482601,0.00260691671968,0.00246973272732,0.00248185912078,0.0510579741048,0.0496964055774,0.0498182609169,0.000137183992366,0.000125057598902,0.911604894604,0,True,2.34062449529,0.00158383482665,-282.927940127,51.2382582211,423.230169701,1.55932165295
frame_equal,38,37,True,accepted,1,1,1,0.803502220881,False,5.94399994388e-05,0.0324291767457,442540.732513,0.00248185912078,0.00235085934681,0.00236409824338,0.0498182609169,0.0484856612496,0.0486219934123,0.000130999773968,0.000117760877397,0.898939546459,0,True,2.35464825459,0.00126757888091,-286.803883535,52.8844565171,427.329575838,1.55948421679
frame_equal,39,38,True,accepted,1,1,1,0.803617322908,False,5.60248064048e-05,0.0339481002476,449459.886037,0.00236409824338,0.00223876684446,0.00225311652341,0.0486219934123,0.0473156088882,0.0474670045759,0.000125331398926,0.000110981719976,0.885506113606,0,True,2.3686740228,0.000944408073923,-290.611595966,54.5255137441,431.488898241,1.55964923385
frame_equal,40,39,True,accepted,1,1,1,0.803754943752,False,5.28417257842e-05,0.0357447450171,456663.561385,0.00225311652341,0.00213299657084,0.00214843991255,0.0474670045759,0.0461843758304,0.046351266569,0.000120119952565,0.000104676610857,0.871434000944,0,True,2.38270219295,0.000613953003184,-294.350431762,56.1601116475,435.706775862,1.55981669958
frame_equal,41,40,True,accepted,1,1,1,0.803914427971,False,4.98711052594e-05,0.0374141052152,464172.091303,0.00214843991255,0.0020331285268,0.00204963463033,0.046351266569,0.0450902265109,0.0452728906778,0.00011531138575,9.88052822223e-05,0.856856255606,0,True,2.39673314662,0.000275812945774,-298.019795303,57.7869505559,439.981827821,1.55998660908
frame_equal,42,41,True,accepted,1,1,1,0.804095082624,False,4.70952145161e-05,0.0389563307848,472003.018848,0.00204963463033,0.0019387776295,0.00195630268604,0.0452728906778,0.0440315526583,0.0442301106266,0.000110857000832,9.33319442867e-05,0.841912947189,0,True,2.41076725331,-7.04471053384e-05,-301.619141951,59.4047485531,444.312655139,1.560158957
frame_equal,43,42,True,accepted,1,1,1,0.804296136416,False,4.44980826906e-05,0.0403713242806,480175.126469,0.00195630268604,0.001849590208,0.00186807863142,0.0442301106266,0.0430068623361,0.0432212752174,0.000106712478041,8.82240546227e-05,0.826745440102,0,True,2.42480486905,-0.0004252998981,-305.147977894,61.0122434913,448.697843193,1.5603337374
frame_equal,44,43,True,accepted,1,1,1,0.804516749887,False,4.2065237146e-05,0.0416589673275,488715.917253,0.00186807863142,0.00176524113743,0.00178462671835,0.0432212752174,0.0420147728475,0.042244842506,0.00010283749399,8.34519130655e-05,0.81149306374,0,True,2.43884633522,-0.000789259724226,-308.605859306,62.6081940884,453.135964674,1.5605109437
frame_equal,45,44,True,accepted,1,1,1,0.804756056087,False,3.97835981098e-05,0.0428193260983,497644.388964,0.00178462671835,0.00168543103358,0.00170563778666,0.042244842506,0.041054001432,0.0412993678724,9.91956847745e-05,7.89889316958e-05,0.79629403109,0,True,2.45289197808,-0.00116288663102,-311.992394127,64.1913787409,457.625580541,1.56069056849
frame_equal,46,45,True,accepted,1,1,1,0.805013101981,False,3.7641284112e-05,0.0438521345323,506990.775846,0.00170563778666,0.00160988396549,0.00163082747655,0.0412993678724,0.0401233593495,0.0403835050058,9.57538211678e-05,7.48103101049e-05,0.781277542688,0,True,2.46694210723,-0.00154679125462,-315.307238369,65.7605970907,462.165244886,1.56087260363
frame_equal,47,46,True,accepted,1,1,1,0.805286911291,False,3.56275029265e-05,0.0447575111271,516781.981415,0.00163082747655,0.00153834528162,0.00155993324693,0.0403835050058,0.0392217450098,0.0394959902639,9.24821949355e-05,7.08942296238e-05,0.766571659261,0,True,2.48099701525,-0.00194164020783,-318.550099069,67.3146691887,466.75350476,1.56105703992
frame_equal,48,47,True,accepted,1,1,1,0.805576382103,False,3.37324235414e-05,0.0455349823343,527052.72144,0.00155993324693,0.0014705797337,0.00149271396318,0.0394959902639,0.0383481385949,0.0386356566293,8.9353513232e-05,6.72192837519e-05,0.752284731966,0,True,2.4950569755,-0.00234816232961,-321.720728717,68.8524396455,471.388905827,1.56124386714
frame_equal,49,48,True,accepted,1,1,1,0.805880429013,False,3.19471029e-05,0.0461851592043,537837.81873,0.00149271396318,0.0014063697131,0.00142894597818,0.0386356566293,0.0375015961407,0.0378014018018,8.63442500801e-05,6.37679849977e-05,0.738531922375,0,True,2.50912224236,-0.00276715551035,-324.818929638,70.3727739996,476.069991007,1.56143307388
frame_equal,50,49,True,accepted,1,1,1,0.806197872399,False,3.02633489763e-05,0.046707286382,549172.154722,0.00142894597818,0.0013455138148,0.00136842372828,0.0378014018018,0.0366812460911,0.0369922117247,8.34321633828e-05,6.05222498959e-05,0.725406694997,0,True,2.52319304966,-0.00319949465082,-327.844549834,71.8745606464,480.795305144,1.56162464739
frame_equal,51,50,True,accepted,1,1,1,0.806527462452,False,2.86736992973e-05,0.0471015886906,561103.332006,0.00136842372828,0.0012878253432,0.00131095704253,0.0369922117247,0.0358862834966,0.0362071407671,8.05983850823e-05,5.74666857543e-05,0.713000461431,0,True,2.53726960939,-0.00364614069457,-330.797480546,73.3567116316,485.56339765,1.56181857366
frame_equal,52,51,True,accepted,1,1,1,0.806867907068,False,2.71712974428e-05,0.0473678327705,573676.20072,0.00131095704253,0.00123313118003,0.00125637041369,0.0362071407671,0.0351159675936,0.0354453158216,7.78258624964e-05,5.45866288371e-05,0.70139446048,0,True,2.55135211099,-0.00410815090263,-333.677657853,74.8181623401,490.372822867,1.56201483709
frame_equal,53,52,True,accepted,1,1,1,0.807217853301,False,2.57498805888e-05,0.0475058754433,586942.419082,0.00125637041369,0.00118127056484,0.00120450127648,0.0354453158216,0.0343696168853,0.034705925668,7.50998488492e-05,5.1869137216e-05,0.690668996155,0,True,2.56544072031,-0.00458669067758,-336.485061014,76.2578708548,495.222142215,1.56221342044
frame_equal,54,53,False,nonpositive_predicted_reduction,1,0.25,0.99467320628,0.807575835633,True,2.44036795169e-05,0.0475150202026,600961.586506,0.00120450127648,0.0132726384476,inf,0.034705925668,0.115206937498,nan,-0.0120681371711,-inf,-inf,17564,True,2.57953557761,-0.00508304720199,-339.219708151,77.6748205306,500,1.56241430479
frame_equal,55,53,True,accepted,0.25,0.5,0.25,0.202041276532,False,0.000100207758875,0.0475150202026,600961.586506,0.00120450127648,0.00116918585096,0.00116932380591,0.034705925668,0.0341933597495,0.0341953769669,3.53154255201e-05,3.51774705658e-05,0.996093634656,0,True,2.56896700581,-0.00471786007364,-337.167318037,76.6123609341,496.442457452,1.56226339203
frame_equal,56,54,True,accepted,0.5,1,0.5,0.403747285071,False,4.90125322222e-05,0.00326689020014,604538.541082,0.00116932380591,0.00114449519038,0.00114615041084,0.0341953769669,0.0338303885638,0.0338548432406,2.48286155311e-05,2.31733950658e-05,0.933334161821,0,True,2.57601372528,-0.00496447717994,-338.525960531,77.3185667423,498.892225232,1.56236408538
frame_equal,57,55,False,nonpositive_predicted_reduction,1,0.25,0.877762756672,0.807712794629,True,2.34403935239e-05,0.0123611034424,611906.61974,0.00114615041084,14.5791168958,inf,0.0338548432406,3.81826097795,nan,-14.5779707454,-inf,-inf,17564,True,2.59011097296,-0.00546793948901,-341.207118836,78.7180632132,500,1.56256681226
frame_equal,58,55,False,nonpositive_predicted_reduction,0.25,0.0625,0.244266912592,0.201966936322,True,9.6282184276e-05,0.0123611034424,611906.61974,0.00114615041084,0.0159033288377,inf,0.0338548432406,0.126108401138,nan,-0.0147571784268,-inf,-inf,17564,True,2.5795387133,-0.00509226055471,-339.195754295,77.6687654645,500,1.56241460354
frame_equal,59,55,True,accepted,0.0625,0.125,0.0625,0.0505314188954,False,0.000387650853823,0.0123611034424,611906.61974,0.00114615041084,0.00114157776401,0.00114157995848,0.0338548432406,0.0337872426221,0.0337872750969,4.57264683855e-06,4.57045236889e-06,0.999520087658,0,True,2.57689566492,-0.00499829190964,-338.693079693,77.406094132,499.199040681,1.56237664887
frame_equal,60,56,True,accepted,0.125,0.25,0.125,0.100962641817,False,0.000192762167404,0.000196209942353,612832.193219,0.00114157995848,0.00113554260485,0.00113555599593,0.0337872750969,0.0336978130573,0.0336980117503,6.0373536276e-06,6.02396254933e-06,0.997781962247,0,True,2.57865779544,-0.00506116543936,-339.027588729,77.5810495692,499.81418995,1.56240190642
frame_equal,61,57,False,nonpositive_predicted_reduction,0.25,0.0625,0.218368137246,0.201934661586,True,9.53251153215e-05,0.000788432636052,614698.650292,0.00113555599593,1.09899871014,inf,0.0336980117503,1.04833139328,nan,-1.09786315414,-inf,-inf,17564,True,2.58218222016,-0.00518752454063,-339.694361372,77.9301918608,500,1.56245262635
frame_equal,62,57,False,nonpositive_predicted_reduction,0.0625,0.015625,0.0574798658789,0.0504872888729,True,0.000383803650486,0.000788432636052,614698.650292,0.00113555599593,0.0160868869669,inf,0.0336980117503,0.12683409229,nan,-0.014951330971,-inf,-inf,17564,True,2.57953896486,-0.00509288939482,-339.194246684,77.6683440505,500,1.56241454759
frame_equal,63,57,True,accepted,0.015625,0.03125,0.015625,0.0126245084699,False,0.00153771839697,0.000788432636052,614698.650292,0.00113555599593,0.00113479850855,0.00113479861823,0.0336980117503,0.0336867705271,0.0336867721551,7.57487379532e-07,7.57377694212e-07,0.999855198486,0,True,2.57887813468,-0.00506921774902,-339.069231649,77.6028706791,499.891120174,1.56240505963
frame_equal,64,58,False,nonpositive_predicted_reduction,0.03125,0.0078125,0.0292930842249,0.0252424301459,True,0.000767803778153,2.99702784987e-05,614933.309287,0.00113479861823,0.00317432742498,inf,0.0336867721551,0.0563411698936,nan,-0.00203952880675,-inf,-inf,17564,True,2.5793186982,-0.00508501484503,-339.152536377,77.6465073699,500,1.56241137636
frame_equal,65,58,True,accepted,0.0078125,0.015625,0.0078125,0.00631072348999,False,0.00307371720196,2.99702784987e-05,614933.309287,0.00113479861823,0.00113442335607,0.00113442338309,0.0336867721551,0.0336812018204,0.0336812022216,3.7526216627e-07,3.75235137216e-07,0.999927972879,0,True,2.57898827758,-0.00507316997281,-339.090057057,77.6137794384,499.92961069,1.56240663669
frame_equal,66,59,False,nonpositive_predicted_reduction,0.015625,0.00390625,0.0153108178401,0.0126213105542,True,0.00153580405741,2.20144057745e-05,615049.563434,0.00113442338309,0.00117737756495,inf,0.0336812022216,0.0343129358252,nan,-4.29541818504e-05,-inf,-inf,17564,True,2.57920856101,-0.00508107074934,-339.131700166,77.6355947328,500,1.56240979358
frame_equal,67,59,True,accepted,0.00390625,0.0078125,0.00390625,0.0031553589961,False,0.00614571766408,2.20144057745e-05,615049.563434,0.00113442338309,0.00113423581785,0.0011342358246,0.0336812022216,0.0336784176863,0.0336784177865,1.87565242798e-07,1.8755849085e-07,0.99996400214,0,True,2.57904334899,-0.00507514586493,-339.100467634,77.6192331361,499.948857209,1.56240742531
frame_equal,68,60,True,accepted,0.0078125,0.015625,0.0078125,0.00631068275515,False,0.00307180420483,2.00448493336e-05,615109.203276,0.0011342358246,0.00113386079761,0.00113386082466,0.0336784177865,0.0336728495618,0.0336728499634,3.75026990724e-07,3.74999944537e-07,0.999927882027,0,True,2.57915349118,-0.00507909688753,-339.121286873,77.6301399874,499.98735105,1.5624090033
frame_equal,69,61,False,nonpositive_predicted_reduction,0.015625,0.00390625,0.0136552594272,0.0126213333466,True,0.00153484779485,2.20003279081e-05,615227.014384,0.00113386082466,0.00529138433019,inf,0.0336728499634,0.0727419021623,nan,-0.00415752350553,-inf,-inf,17564,True,2.579373775,-0.00508700070223,-339.162916816,77.6519513494,500,1.56241216188
frame_equal,70,61,False,nonpositive_predicted_reduction,0.00390625,0.0009765625,0.00362683703865,0.00315536340854,True,0.00614189147773,2.20003279081e-05,615227.014384,0.00113386082466,0.00117742774131,inf,0.0336728499634,0.0343136669756,nan,-4.35669166548e-05,-inf,-inf,17564,True,2.57920856266,-0.00508107351907,-339.131694163,77.6355927141,500,1.56240979238
frame_equal,71,61,True,accepted,0.0009765625,0.001953125,0.0009765625,0.000788851920687,False,0.0245700663204,2.20003279081e-05,615227.014384,0.00113386082466,0.00113381396008,0.00113381396049,0.0336728499634,0.0336721540755,0.0336721540816,4.68645774264e-08,4.6864164423e-08,0.999991187301,0,True,2.57916725924,-0.00507959151037,-339.123888609,77.6315031549,499.992162923,1.56240920053
frame_equal,72,62,False,nonpositive_predicted_reduction,0.001953125,0.00048828125,0.0018715391658,0.00157767760839,True,0.0122839788148,1.94223915667e-05,615246.341467,0.00113381396049,0.00113693213679,inf,0.0336721540816,0.0337184242928,nan,-3.11817629488e-06,-inf,-inf,17564,True,2.57919479491,-0.0050805795958,-339.129092157,77.63422947,500,1.56240959504
frame_equal,73,62,True,accepted,0.00048828125,0.0009765625,0.00048828125,0.000394419930084,False,0.0491384155691,1.94223915667e-05,615246.341467,0.00113381396049,0.00113379052927,0.00113379052938,0.0336721540816,0.0336718061481,0.0336718061497,2.34312211725e-08,2.34311122351e-08,0.99999535076,0,True,2.57917414317,-0.00507983855473,-339.125189492,77.6321847313,499.994568959,1.56240929915
frame_equal,74,63,True,accepted,0.0009765625,0.001953125,0.0009765625,0.000788839284919,False,0.0245681566193,1.9390967687e-05,615251.614385,0.00113379052938,0.00113374366855,0.00113374366897,0.0336718061497,0.0336711102957,0.0336711103019,4.68608347549e-08,4.68604175181e-08,0.999991096258,0,True,2.57918791101,-0.00508033260045,-339.127791231,77.6335478762,499.999381043,1.56240949639
frame_equal,75,64,False,nonpositive_predicted_reduction,0.001953125,0.00048828125,0.00170066932811,0.00157767787056,True,0.0122830235645,1.94206780425e-05,615266.017519,0.00113374366897,0.00121512527963,inf,0.0336711103019,0.0348586471286,nan,-8.13816106691e-05,-inf,-inf,17564,True,2.57921544669,-0.00508132071503,-339.132994575,77.6362741306,500,1.56240989093
frame_equal,76,64,False,nonpositive_predicted_reduction,0.00048828125,0.0001220703125,0.000429369942005,0.000394419985608,True,0.0491345944245,1.94206780425e-05,615266.017519,0.00113374366897,0.00113693235657,inf,0.0336711103019,0.0337184275519,nan,-3.18868760823e-06,-inf,-inf,17564,True,2.57919479494,-0.00508057963959,-339.129092064,77.6342294375,500,1.56240959501
frame_equal,77,64,True,accepted,0.0001220703125,0.000244140625,0.0001220703125,9.86051682549e-05,False,0.19654087788,1.94206780425e-05,615266.017519,0.00113374366897,0.00113373781158,0.00113373781159,0.0336711103019,0.0336710233224,0.0336710233226,5.85738704761e-09,5.8573761542e-09,0.999998140227,0,True,2.579189632,-0.00508039436591,-339.128116438,77.6337182663,499.999982556,1.56240952105
frame_equal,78,65,False,nonpositive_predicted_reduction,0.000244140625,6.103515625e-05,0.000212449620188,0.000197209930794,True,0.0982693801345,1.93804717299e-05,615269.77641,0.00113373781159,0.00113514075214,inf,0.0336710233226,0.0336918499364,nan,-1.40294055086e-06,-inf,-inf,17564,True,2.57919307396,-0.00508051788353,-339.128766853,77.6340590462,500,1.56240957036
frame_equal,79,65,False,nonpositive_predicted_reduction,6.103515625e-05,1.52587890625e-05,5.31392477923e-05,4.93024912007e-05,True,0.393080020708,1.93804717299e-05,615269.77641,0.00113373781159,0.00113381617576,inf,0.0336710233226,0.0336721869762,nan,-7.8364173017e-08,-inf,-inf,17564,True,2.57919049249,-0.00508042524627,-339.128279041,77.6338034612,500,1.56240953337
frame_equal,80,65,False,nonpositive_predicted_reduction,1.52587890625e-05,3.81469726562e-06,1.33917472537e-05,1.2325625498e-05,True,1.57232258301,1.93804717299e-05,615269.77641,0.00113373781159,0.00113374056533,inf,0.0336710233226,0.0336710642143,nan,-2.7537367497e-09,-inf,-inf,17564,True,2.57918984712,-0.00508040208635,-339.128157089,77.633739565,500,1.56240952413
frame_equal,81,65,True,accepted,3.81469726562e-06,7.62939453125e-06,3.74984188641e-06,3.08140851995e-06,True,6.28929283223,1.93804717299e-05,615269.77641,0.00113373781159,0.00113373763359,0.00113373763359,0.0336710233226,0.0336710206793,0.0336710206794,1.78001051182e-10,1.77998729471e-10,0.999986956759,0,True,2.57918968578,-0.00508039629608,-339.1281266,77.633723591,500,1.56240952182
frame_equal,82,66,False,nonpositive_predicted_reduction,7.62939453125e-06,1.90734863281e-06,6.6023123802e-06,6.1092918316e-06,True,3.14487609136,1.48089467177e-05,615269.685907,0.00113373763359,0.00113373882583,inf,0.0336710206794,0.0336710383835,nan,-1.19223520596e-09,-inf,-inf,17564,True,2.5791897924,-0.00508040021885,-339.128147321,77.6337342408,500,1.56240952337
frame_equal,83,66,False,nonpositive_predicted_reduction,1.90734863281e-06,4.76837158203e-07,1.62411948526e-06,1.48824567127e-06,True,12.5921224083,1.48089467177e-05,615269.685907,0.00113373763359,0.00113373766599,inf,0.0336710206794,0.0336710211604,nan,-3.23970934715e-11,-inf,-inf,17564,True,2.57918971175,-0.00508039733944,-339.128132056,77.6337262514,500,1.56240952221
frame_equal,84,66,True,accepted,4.76837158203e-07,9.53674316406e-07,3.82872579786e-07,3.37014771154e-07,True,50.9553182613,1.48089467177e-05,615269.685907,0.00113373763359,0.00113373762557,0.00113373762557,0.0336710206794,0.0336710205603,0.0336710205603,8.01607174736e-12,8.01639744169e-12,1.00004063017,0,True,2.57918969166,-0.00508039660708,-339.128128178,77.633724249,500,1.56240952192
frame_equal,85,67,True,accepted,9.53674316406e-07,9.53674316406e-07,7.46822657126e-07,6.44531292623e-07,True,25.6810341035,2.57111187253e-05,615269.263911,0.00113373762557,0.00113373762456,0.00113373762456,0.0336710205603,0.0336710205453,0.0336710205453,1.01018715962e-12,1.0101286127e-12,0.999942043495,0,True,2.57918970291,-0.00508039725692,-339.128131489,77.6337255551,500,1.56240952213
frame_equal,86,68,True,accepted,9.53674316406e-07,9.53674316406e-07,6.51935164014e-07,4.84701387368e-07,True,27.4808762261,4.53792105258e-05,615270.103927,0.00113373762456,0.00113373761901,0.001133737619,0.0336710205453,0.0336710204628,0.0336710204627,5.55816525617e-12,5.56597888439e-12,1.00140579271,0,True,2.57918971137,-0.00508039805024,-339.12813546,77.6337267779,500,1.56240952234
frame_equal,87,69,True,accepted,9.53674316406e-07,9.53674316406e-07,6.09383454065e-07,4.22005568606e-07,True,28.8694418364,5.41931603161e-05,615269.750986,0.001133737619,0.00113373760576,0.00113373760576,0.0336710204627,0.0336710202661,0.0336710202662,1.32390903795e-11,1.32340546941e-11,0.999619635091,0,True,2.57918971839,-0.00508039888807,-339.12813968,77.6337279431,500,1.56240952256
frame_equal,88,70,True,accepted,9.53674316406e-07,9.53674316406e-07,5.9261028694e-07,4.31199883067e-07,True,29.5790204047,5.77966019948e-05,615268.075171,0.00113373760576,0.00113373758836,0.00113373758836,0.0336710202662,0.0336710200077,0.0336710200077,1.74056468023e-11,1.74021545871e-11,0.99979936309,0,True,2.5791897248,-0.00508039973115,-339.128143992,77.6337290811,500,1.56240952278
frame_equal,89,71,True,accepted,9.53674316406e-07,9.53674316406e-07,5.86135419212e-07,4.34666775202e-07,True,29.8847548297,5.92145743003e-05,615269.243265,0.00113373758836,0.00113373756916,0.00113373756916,0.0336710200077,0.0336710197226,0.0336710197226,1.92014908747e-11,1.92016324715e-11,1.00000737426,0,True,2.57918973095,-0.00508040056475,-339.128148339,77.6337302079,500,1.56240952299
frame_equal,90,72,True,accepted,9.53674316406e-07,9.53674316406e-07,5.83603390716e-07,4.36006910288e-07,True,30.008114492,5.9766451387e-05,615269.019602,0.00113373756916,0.00113373754924,0.00113373754924,0.0336710197226,0.0336710194269,0.0336710194268,1.99165451926e-11,1.99198439861e-11,1.00016563081,0,True,2.57918973701,-0.0050804013835,-339.128152699,77.6337313303,500,1.56240952321
frame_equal,91,73,True,accepted,9.53674316406e-07,9.53674316406e-07,5.82576359135e-07,4.36544031712e-07,True,30.0571632933,5.99825402541e-05,615270.307879,0.00113373754924,0.00113373752905,0.00113373752905,0.0336710194268,0.033671019127,0.033671019127,2.01915509052e-11,2.01889919713e-11,0.999873267092,0,True,2.57918974303,-0.0050804021856,-339.128157064,77.6337324511,500,1.56240952342
frame_equal,92,74,True,accepted,9.53674316406e-07,9.53674316406e-07,5.82125757073e-07,4.36775194434e-07,True,30.077095955,6.00695101e-05,615270.475246,0.00113373752905,0.00113373750876,0.00113373750875,0.033671019127,0.0336710188256,0.0336710188255,2.02945260423e-11,2.03011351219e-11,1.00032565824,0,True,2.57918974904,-0.00508040297066,-339.128161432,77.6337335714,500,1.56240952364
frame_equal,93,75,True,accepted,9.53674316406e-07,9.53674316406e-07,5.8189856123e-07,4.36888142942e-07,True,30.0857340025,6.01066513007e-05,615270.652352,0.00113373750875,0.00113373748842,0.00113373748842,0.0336710188255,0.0336710185236,0.0336710185237,2.03309641258e-11,2.03273268443e-11,0.99982109646,0,True,2.57918975503,-0.00508040373883,-339.128165801,77.6337346916,500,1.56240952385
frame_equal,94,76,True,accepted,9.53674316406e-07,9.53674316406e-07,5.81758199707e-07,4.36955416277e-07,True,30.0900607899,6.01247513541e-05,615269.886333,0.00113373748842,0.00113373746808,0.00113373746808,0.0336710185237,0.0336710182216,0.0336710182216,2.034223354e-11,2.03404793009e-11,0.999913763692,0,True,2.57918976103,-0.00508040449043,-339.12817017,77.6337358118,500,1.56240952407
frame_equal,95,77,True,accepted,9.53674316406e-07,9.53674316406e-07,5.81652997508e-07,4.37004160516e-07,True,30.0927238592,6.01354205277e-05,615268.877773,0.00113373746808,0.00113373744774,0.00113373744774,0.0336710182216,0.0336710179195,0.0336710179195,2.03439569878e-11,2.03468160289e-11,1.00014053515,0,True,2.57918976702,-0.00508040522587,-339.128174541,77.6337369321,500,1.56240952428
frame_equal,96,78,True,accepted,9.53674316406e-07,9.53674316406e-07,5.81563777805e-07,4.37044797702e-07,True,30.0947212199,6.01430094615e-05,615268.691385,0.00113373744774,0.00113373742739,0.0011337374274,0.0336710179195,0.0336710176174,0.0336710176175,2.03420080259e-11,2.03396219138e-11,0.999882700265,0,True,2.57918977301,-0.00508040594558,-339.128178911,77.6337380526,500,1.5624095245
frame_equal,97,79,True,accepted,9.53674316406e-07,9.53674316406e-07,5.81482126355e-07,4.37081748706e-07,True,30.0964674494,6.01493964035e-05,615269.461522,0.0011337374274,0.00113373740706,0.00113373740706,0.0336710176175,0.0336710173154,0.0336710173154,2.03389124119e-11,2.03400326096e-11,1.00005507658,0,True,2.579189779,-0.00508040664998,-339.128183282,77.6337391731,500,1.56240952471
v_region_equal,1,0,True,accepted,0.1,0.2,0.1,0.0670163238234,False,0.0195838111631,1.63535366552,295000.6924,0.0372431490709,0.0279373468925,0.0279382644449,0.192984841557,0.167144688496,0.167147433258,0.00930580217843,0.00930488462603,0.999901399967,0,True,1.8567614428,0.00973028263325,-115.991145043,1.79972145722,326.990199289,1.5547262406
v_region_equal,2,1,True,accepted,0.2,0.4,0.2,0.130886582957,False,0.00871893068724,0.0105746257684,297296.901851,0.0279382644449,0.0272075146221,0.0272166311502,0.167147433258,0.164947005496,0.1649746379,0.000730749822752,0.000721633294708,0.987524419767,0,True,1.85904584462,0.009704233273,-116.874811066,1.93408126303,326.964735552,1.5549390764
v_region_equal,3,2,True,accepted,0.4,0.8,0.4,0.292207632558,False,0.00374034371873,0.0662645454609,301757.6646,0.0272166311502,0.0259380563411,0.0260085653053,0.1649746379,0.161052961293,0.161271712663,0.00127857480901,0.00120806584481,0.944853469897,0,True,1.86414582991,0.00964644192085,-118.85073819,2.22791330054,327.116455943,1.55526310321
v_region_equal,4,3,True,accepted,0.8,1,0.8,0.634562029253,False,0.00158910326483,0.229403262512,308838.03611,0.0260085653053,0.0238126534384,0.024243451777,0.161271712663,0.154313490786,0.155703088528,0.00219591186692,0.0017651135283,0.803818019699,0,True,1.87522102663,0.00951523787537,-123.14866958,2.85104397456,327.926843739,1.55562122408
v_region_equal,5,4,True,accepted,1,1,1,0.809795211968,False,0.0011029339213,0.585372818395,317240.01995,0.024243451777,0.0216004194134,0.0220409835214,0.155703088528,0.146970811433,0.148462060882,0.00264303236363,0.00220246825559,0.833311118659,0,True,1.88935461934,0.0093431603022,-128.631366395,3.64674294773,329.320268313,1.55585399615
v_region_equal,6,5,True,accepted,1,1,1,0.812505053455,False,0.000962873971937,0.548517553797,323234.642554,0.0220409835214,0.0197152596282,0.0199700570909,0.148462060882,0.140411038128,0.141315452414,0.00232572389328,0.00207092643053,0.890443803976,0,True,1.90353550771,0.00916661633985,-134.115820739,4.46384787093,330.917910348,1.55599727929
v_region_equal,7,6,True,accepted,1,1,1,0.812815072684,False,0.00084770834429,0.374301565374,327257.673585,0.0199700570909,0.0180555097615,0.0182337820672,0.141315452414,0.13437079207,0.135032522257,0.0019145473294,0.00173627502375,0.906885401623,0,True,1.91772180694,0.00898676695485,-139.579494443,5.30638127936,332.646044038,1.55610408835
v_region_equal,8,7,True,accepted,1,1,1,0.812617837134,False,0.000750429377658,0.28592884814,330455.896397,0.0182337820672,0.0165846541643,0.0167256955341,0.135032522257,0.128781420105,0.129327860626,0.00164912790286,0.00150808653308,0.914475178343,0,True,1.93190466376,0.00880407305005,-145.017057907,6.17640326442,334.474655278,1.55619749434
v_region_equal,9,8,True,accepted,1,1,1,0.812305704857,False,0.00066743197336,0.238565742323,333358.882399,0.0167256955341,0.0152748994427,0.0153931630301,0.129327860626,0.123591664131,0.124069186465,0.00145079609135,0.00133253250395,0.918483660035,0,True,1.94608207284,0.008618702553,-150.426336399,7.0744150092,336.391487044,1.55628712015
v_region_equal,10,9,True,accepted,1,1,1,0.811963329725,False,0.000596154572322,0.208394898864,336195.355091,0.0153931630301,0.0141036556166,0.014205393317,0.124069186465,0.118758812796,0.119186380585,0.00128950741354,0.00118776971311,0.921103438908,0,True,1.96025350635,0.00843069922634,-155.805793632,8.00009449908,338.391535689,1.55637685023
v_region_equal,11,10,True,accepted,1,1,1,0.811613482257,False,0.000534596949009,0.185832785451,339061.184661,0.014205393317,0.0130522020661,0.0131406934977,0.119186380585,0.114246234363,0.114632863951,0.00115319125096,0.00106469981936,0.923263871861,0,True,1.97441883387,0.00824005099168,-161.154030957,8.95273317469,340.472706257,1.55646820779
v_region_equal,12,11,True,accepted,1,1,1,0.811264322516,False,0.000481158136426,0.167139958304,341996.404083,0.0131406934977,0.0121048832354,0.0121822123025,0.114632863951,0.110022194286,0.110373059677,0.00103581026225,0.000958481195161,0.925344370582,0,True,1.9885780674,0.00804671954727,-166.469681233,9.93144689656,342.634031596,1.55656177504
v_region_equal,13,12,True,accepted,1,1,1,0.810919514832,False,0.000434543448784,0.150823395512,345018.679957,0.0121822123025,0.0112485195324,0.0113162181391,0.110373059677,0.106059037957,0.106377714485,0.000933692770131,0.000865994163431,0.927493701499,0,True,2.00273128291,0.0078506533529,-171.751386561,10.9352704747,344.874958015,1.55665776976
v_region_equal,14,13,True,accepted,1,1,1,0.810581028154,False,0.000393698032088,0.1362368836,348136.751262,0.0113162181391,0.0104719509278,0.0105312464184,0.106377714485,0.102332550676,0.102621861308,0.000844267211296,0.000784971720705,0.929766915263,0,True,2.0168785907,0.00765179313804,-176.99779491,11.9631977406,347.19506643,1.55675627185
v_region_equal,15,14,True,accepted,1,1,1,0.81025012758,False,0.000357756631385,0.123053709387,351356.189163,0.0105312464184,0.00976567675336,0.00981759709851,0.102621861308,0.0988214387335,0.0990837882729,0.000765569665019,0.000713649319873,0.932180770062,0,True,2.03102012319,0.00745007403066,-182.207560681,13.0141988211,349.593966587,1.55685730976
v_region_equal,16,15,True,accepted,1,1,1,0.809927775504,False,0.000326005046033,0.111073626361,354681.3999,0.00981759709851,0.00912156843027,0.009166994319,0.0990837882729,0.0955069025268,0.0957444218689,0.000696028668238,0.000650602779504,0.934735606726,0,True,2.04515602958,0.00724542624176,-187.379346689,14.0872270805,352.071256652,1.55696089252
v_region_equal,17,16,True,accepted,1,1,1,0.809614785537,False,0.000297850213298,0.100152247335,358116.747449,0.009166994319,0.00853263872844,0.00857233398175,0.0957444218689,0.0923722833346,0.0925868996227,0.00063435559056,0.000594660337257,0.937424287113,0,True,2.05928647326,0.00703777508176,-192.511825265,15.1812232813,354.626509468,1.55706702142
v_region_equal,18,17,True,accepted,1,1,1,0.80931189616,False,0.000272796982349,0.0901741574814,361666.348488,0.00857233398175,0.00799285479612,0.00802748755356,0.0925868996227,0.0894027672733,0.0895962474301,0.000579479185622,0.000544846428185,0.940234682632,0,True,2.07341163052,0.00682704076202,-197.603680011,16.2951169617,357.259266588,1.55717569434
v_region_equal,19,18,True,accepted,1,1,1,0.809019782886,False,0.000250429706997,0.0810428673754,365334.335227,0.00802748755356,0.0074969862254,0.00752714450129,0.0895962474301,0.0865851385944,0.0867591176839,0.000530501328157,0.000500343052272,0.943151365918,0,True,2.08753168945,0.00661313802613,-202.653607277,17.4278284814,359.969036047,1.55728690722
v_region_equal,20,19,True,accepted,1,1,1,0.80873907389,False,0.000230397776402,0.0726755764043,369125.706698,0.00752714450129,0.00704048038984,0.00706668444677,0.0867591176839,0.0839075705156,0.0840635738401,0.000486664111454,0.000460460054518,0.946155764687,0,True,2.10164684908,0.00639597575695,-207.660317801,18.5782699569,362.755291117,1.5574006548
v_region_equal,21,20,True,accepted,1,1,1,0.808470347233,False,0.000212404058657,0.0650006342825,373044.608967,0.00706668444677,0.00661935983026,0.00664207192039,0.0840635738401,0.0813594483158,0.0814989074798,0.000447324616515,0.000424612526377,0.949226827008,0,True,2.11575731854,0.00617545651607,-212.622537989,19.7453466374,365.61747015,1.55751693093
v_region_equal,22,21,True,accepted,1,1,1,0.808214129733,False,0.000196195602068,0.0579552157583,377096.872379,0.00664207192039,0.00623013736669,0.00624976963324,0.0814989074798,0.0789312192145,0.0790554845235,0.0004119345537,0.000392302287151,0.952341297005,0,True,2.12986331617,0.00595147604422,-217.539011298,20.9279583947,368.554976472,1.55763572868
v_region_equal,23,22,True,accepted,1,1,1,0.807970905839,False,0.000181556187,0.0514839694778,381287.08639,0.00624976963324,0.00586974536225,0.00588666658138,0.0790554845235,0.0766142634387,0.0767246152247,0.000380024270995,0.000363103051863,0.955473319934,0,True,2.14396506873,0.00572392275449,-222.408499876,22.1250001526,371.567178019,1.55775704059
v_region_equal,24,23,True,accepted,1,1,1,0.807741102661,False,0.000168300220468,0.0455383793097,385621.885595,0.00588666658138,0.00553547672801,0.00555001752982,0.0767246152247,0.0744007844583,0.0744984397811,0.000351189853371,0.00033664905156,0.958595609551,0,True,2.15806281048,0.00549267713996,-227.229786009,23.3353637351,374.653407448,1.55788085868
v_region_equal,25,24,True,accepted,1,1,1,0.807525096838,False,0.00015626782468,0.0400751384552,390106.468361,0.00555001752982,0.00522493524736,0.00523739262875,0.0744984397811,0.0722837135692,0.0723698323112,0.000325082282461,0.000312624901066,0.96167929762,0,True,2.17215678221,0.00525761115541,-232.001673194,24.5579389839,377.812962796,1.55800717456
v_region_equal,26,25,True,accepted,1,1,1,0.807323224579,False,0.000145320757948,0.0350556334257,394747.636025,0.00523739262875,0.00493599380168,0.00494663488895,0.0723698323112,0.0702566281691,0.0703323175287,0.000301398827069,0.000290757739801,0.964694330858,0,True,2.18624723061,0.00501858758013,-236.722987569,25.7916138921,381.045107843,1.55813597949
v_region_equal,27,26,True,accepted,1,1,1,0.807135759796,False,0.000135339075235,0.0304453713951,399552.497419,0.00494663488895,0.00466675896148,0.00467582418826,0.0703323175287,0.0683136806319,0.0683799984517,0.000279875927471,0.000270810700692,0.967609837468,0,True,2.20033440713,0.00477545925987,-241.392579465,27.0352767433,384.349072135,1.5582672644
v_region_equal,28,27,True,accepted,1,1,1,0.806962932018,False,0.000126218366912,0.0262134675771,404527.723386,0.00467582418826,0.00441554089017,0.00442324664039,0.0683799984517,0.066449536418,0.0665074931146,0.000260283298091,0.000252577547869,0.970394757257,0,True,2.21441856723,0.0045280683432,-246.009324654,28.2878164857,387.724051725,1.55840101995
v_region_equal,29,28,True,accepted,1,1,1,0.80680491462,False,0.000117867479327,0.0223319915919,409682.009862,0.00442324664039,0.00418082764048,0.00418736855567,0.0665074931146,0.0646593198269,0.0647098798922,0.000242418999909,0.000235878084724,0.973018141369,0,True,2.22849996941,0.0042762454037,-250.572124901,29.5481243122,391.169210658,1.55853723651
v_region_equal,30,29,True,accepted,1,1,1,0.806661831869,False,0.000110206553019,0.0187755896604,415022.789106,0.00418736855567,0.0039612632751,0.00396681422223,0.0647098798922,0.0629385674694,0.0629826501683,0.000226105280566,0.00022055433344,0.975449723633,0,True,2.24257887433,0.00401980851692,-255.079909989,30.8150945169,394.683680639,1.55867590421
v_region_equal,31,30,True,accepted,1,1,1,0.806533773422,False,0.00010316545628,0.0155214288619,420559.123847,0.00396681422223,0.00375562891516,0.00376034665015,0.0629826501683,0.0612831862354,0.0613216654222,0.000211185307065,0.000206467572075,0.977660685508,0,True,2.2566555442,0.00375856228364,-259.53163781,32.0876239524,398.266563385,1.55881701294
v_region_equal,32,31,True,accepted,1,1,1,0.80642075397,False,9.66824211871e-05,0.0125483496645,426301.893267,0.00376034665015,0.00356282650627,0.00356685126699,0.0613216654222,0.0596894170375,0.0597231217117,0.000197520143881,0.000193495383163,0.979623543005,0,True,2.27073024152,0.00349229663533,-263.926296218,33.3646154911,401.916930218,1.5589605523
v_region_equal,33,32,True,accepted,1,1,1,0.806322757569,False,9.07029135127e-05,0.00983740718907,432260.283405,0.00356685126699,0.00338186474508,0.00338532153196,0.0597231217117,0.0581538024989,0.0581835159815,0.000184986521909,0.000181529735026,0.981313304082,0,True,2.28480322847,0.00322078567217,-268.262903081,34.6449770504,405.633824449,1.55910651164
v_region_equal,34,33,True,accepted,1,1,1,0.80623970724,False,8.51786178385e-05,0.00737082095692,438444.947216,0.00338532153196,0.00321184699642,0.00321484674358,0.0581835159815,0.0566731594003,0.0566996185488,0.000173474535548,0.000170474788381,0.982707853017,0,True,2.29887476592,0.00294378627056,-272.540508035,35.927623866,409.416261272,1.55925487999
v_region_equal,35,34,True,accepted,1,1,1,0.806171499062,False,8.00666933607e-05,0.00513263355912,444868.249251,0.00321484674358,0.00305196054431,0.0030546012333,0.0566996185488,0.0552445521686,0.0552684469955,0.000162886199274,0.000160245510283,0.983788135504,0,True,2.31294511292,0.00266103667989,-276.758192919,37.2114772453,413.263229659,1.55940564605
v_region_equal,36,35,True,accepted,1,1,1,0.806117965553,False,7.53290009488e-05,0.00310791346513,451543.419767,0.0030546012333,0.00290146750982,0.00290383506862,0.0552684469955,0.0538652718346,0.0538872440251,0.00015313372348,0.000150766164675,0.98453927227,0,True,2.32701452557,0.00237225482565,-280.915071423,38.4954670261,417.173694557,1.55955879819
v_region_equal,37,36,True,accepted,1,1,1,0.806078897923,False,7.09315531023e-05,0.00128262465491,458483.287727,0.00290383506862,0.0027596966819,0.00276186593299,0.0538872440251,0.0525328152862,0.0525534578595,0.000144138386726,0.000141969135637,0.984950219451,0,True,2.34108325637,0.00207713654364,-285.010290978,39.7785320021,421.146596778,1.55971432441
v_region_equal,38,37,True,accepted,1,1,1,0.806054039081,False,6.68439733392e-05,0.000434814291501,465703.861534,0.00276186593299,0.00262603650148,0.00262807195056,0.0525534578595,0.0512448680501,0.0512647242318,0.000135829431511,0.000133793982427,0.985014668308,0,True,2.3551515533,0.00177535355336,-289.043032778,41.0596209921,425.180854934,1.55987221227
v_region_equal,39,38,True,accepted,1,1,1,0.806043099913,False,6.30390801902e-05,0.00193286325154,473219.812952,0.00262807195056,0.00249992879843,0.00250188544782,0.0512647242318,0.0499992879793,0.0500188509247,0.000128143152126,0.000126186502738,0.984730753415,0,True,2.36921965931,0.00146655130619,-293.012511484,42.3376923298,429.27536769,1.56003244883
v_region_equal,40,39,True,accepted,1,1,1,0.806045733752,False,5.94924654422e-05,0.00330522350671,481048.008159,0.00250188544782,0.00238086340738,0.0023827873926,0.0500188509247,0.0487940919311,0.0488138032999,0.000121022040444,0.000119098055222,0.984102191508,0,True,2.38328781129,0.00115034647898,-296.917977357,43.6117161413,433.429013184,1.5601950207
v_region_equal,41,40,True,accepted,1,1,1,0.806061574318,False,5.61821885297e-05,0.00459955230999,489209.05878,0.0023827873926,0.00226837329317,0.00227030260531,0.0488138032999,0.0476274426478,0.0476476925497,0.000114414099435,0.000112484787289,0.983137461593,0,True,2.39735623973,0.00082632432887,-300.758714554,44.8806724784,437.640652783,1.56035991386
v_region_equal,42,41,True,accepted,1,1,1,0.806090172477,False,5.30884926384e-05,0.00584188529754,497721.982781,0.00227030260531,0.00216203027983,0.00216399538375,0.0476476925497,0.0464976373575,0.0465187637814,0.00010827232548,0.00010630722156,0.981850358239,0,True,2.41142516731,0.000494035506764,-304.534042053,46.1435561479,441.909131249,1.56052711374
v_region_equal,43,42,True,accepted,1,1,1,0.806131089368,False,5.01935584145e-05,0.00699830538079,506607.857956,0.00216399538375,0.00206144126522,0.0020634657845,0.0465187637814,0.045403097529,0.0454253870044,0.000102554118529,0.000100529599249,0.980259015343,0,True,2.42549480902,0.000152992831713,-308.243312682,47.3993721453,446.23327971,1.56069660507
v_region_equal,44,43,True,accepted,1,1,1,0.806183808217,False,4.74812720273e-05,0.00806941940362,515891.693698,0.0020634657845,0.00196624489514,0.00196834607212,0.0454253870044,0.0443423600538,0.0443660463882,9.72208893609e-05,9.51197123804e-05,0.978387597621,0,True,2.43956537085,-0.000197332636363,-311.8859157,48.6471401941,450.6119144,1.56086837188
v_region_equal,45,44,True,accepted,1,1,1,0.806247786009,False,4.4937039698e-05,0.00905504915717,525600.48958,0.00196834607212,0.00187610856809,0.00187829797922,0.0443660463882,0.0433140689394,0.043339335242,9.22375040346e-05,9.00480929067e-05,0.976263330726,0,True,2.4536370493,-0.000557515824053,-315.461272836,49.8858932663,455.043841757,1.56104239743
v_region_equal,46,45,True,accepted,1,1,1,0.806322450073,False,4.25476237465e-05,0.00995594920979,535760.466781,0.00187829797922,0.00179072576926,0.00179300969417,0.043339335242,0.0423169678647,0.042343945189,8.7572209952e-05,8.52882850507e-05,0.973919524212,0,True,2.46771003089,-0.00092818242515,-318.968842582,51.1146777948,459.527856028,1.56121866411
v_region_equal,47,46,True,accepted,1,1,1,0.806407164704,False,4.03010033966e-05,0.0107718554325,546402.193903,0.00179300969417,0.00170981368068,0.00171219386947,0.042343945189,0.0413498933575,0.0413786644234,8.3196013488e-05,8.08158246985e-05,0.97139059085,0,True,2.48178449103,-0.00131001435793,-322.408114064,52.332555146,464.062745395,1.56139715349
v_region_equal,48,47,True,accepted,1,1,1,0.806501260785,False,3.81862404679e-05,0.0115035860821,557560.036475,0.00171219386947,0.00163311106714,0.00163558497983,0.0413786644234,0.0404117689187,0.0404423661502,7.90828023266e-05,7.66088896417e-05,0.968717437773,0,True,2.49586059345,-0.00170375590742,-325.778613219,53.5386028231,468.64728809,1.56157784609
v_region_equal,49,48,True,accepted,1,1,1,0.806604040053,False,3.61933600812e-05,0.012150628209,569271.222372,0.00163558497983,0.00156037638398,0.00156293790142,0.0404423661502,0.0395015997648,0.0395340094276,7.52085958502e-05,7.26470784024e-05,0.965941161129,0,True,2.50993848971,-0.00211022058498,-329.079896815,54.731911876,473.28025835,1.5617607215
v_region_equal,50,49,True,accepted,1,1,1,0.806714738725,False,3.43132610232e-05,0.0127134260372,581577.323838,0.00156293790142,0.00149138604647,0.00149402586413,0.0395340094276,0.0386184676868,0.038652630753,7.15518549492e-05,6.89120372982e-05,0.963106230399,0,True,2.52401831802,-0.00253029908446,-332.311555358,55.9115904105,477.960424812,1.56194575819
v_region_equal,51,50,True,accepted,1,1,1,0.806832559322,False,3.2537629185e-05,0.0131918943541,594520.512634,0.00149402586413,0.00142593288937,0.00142863914715,0.038652630753,0.0377615265763,0.0377973431229,6.8092974752e-05,6.53867169717e-05,0.960256431884,0,True,2.5381002027,-0.0029649682324,-335.473209023,57.0767618263,482.686554437,1.56213293351
v_region_equal,52,51,True,accepted,1,1,1,0.806956662376,False,3.08588378319e-05,0.0135863941716,608150.504239,0.00142863914715,0.00136382482677,0.00136658330369,0.0377973431229,0.0369299990085,0.0369673275162,6.48143203868e-05,6.20558434648e-05,0.957440317116,0,True,2.55218425337,-0.00341530121703,-338.564511136,58.2265649273,487.457410658,1.56232222364
v_region_equal,53,52,True,accepted,1,1,1,0.807086119446,False,2.92699153451e-05,0.0138962613018,622522.168742,0.00136658330369,0.00130488352816,0.00130767841861,0.0369673275162,0.0361231716237,0.0361618364939,6.16997755331e-05,5.89048850808e-05,0.954701772768,0,True,2.56627056351,-0.00388247943937,-341.585143559,59.3601568261,492.27175707,1.56251360346
v_region_equal,54,53,True,accepted,1,1,1,0.807219986692,False,2.77644525583e-05,0.0141216952105,637697.70819,0.00130767841861,0.0012489433556,0.00125175763841,0.0361618364939,0.0353403926916,0.0353801870884,5.87350630125e-05,5.59207801978e-05,0.9520851316,0,True,2.58035921006,-0.00436780590716,-344.534816955,60.476708602,497.128357827,1.56270704654
v_region_equal,55,54,False,nonpositive_predicted_reduction,1,0.25,0.91793063704,0.807357216789,True,2.63365481677e-05,0.0142624585588,653738.179765,0.00125175763841,4.12395974526,inf,0.0353801870884,2.030753492,nan,-4.12270798763,-inf,-inf,17564,True,2.59445025173,-0.00487272092563,-347.413273587,61.5754096806,500,1.56290252504
v_region_equal,56,54,True,accepted,0.25,0.5,0.25,0.201884203668,False,0.000108138253907,0.0142624585588,653738.179765,0.00125175763841,0.00123587864433,0.00123592335427,0.0353801870884,0.0351550656994,0.0351557015898,1.58789940812e-05,1.58342841375e-05,0.997184334003,0,True,2.58388275412,-0.00450158709921,-345.253837509,60.7515748757,498.352211221,1.56275580415
v_region_equal,57,55,False,nonpositive_predicted_reduction,0.5,0.125,0.465741276675,0.403670817789,True,5.29045299582e-05,0.00112106046135,657849.617867,0.00123592335427,0.654558570187,inf,0.0351557015898,0.809047940599,nan,-0.653322646833,-inf,-inf,17564,True,2.59092813899,-0.00475241163172,-346.68415906,61.2991213699,500,1.56285375941
v_region_equal,58,55,True,accepted,0.125,0.25,0.125,0.100922425551,False,0.000214384802597,0.00112106046135,657849.617867,0.00123592335427,0.00122919520058,0.00122920360444,0.0351557015898,0.0350598802134,0.0350600000633,6.72815369277e-06,6.71974983613e-06,0.998750941638,0,True,2.58564418274,-0.00456485510242,-345.611341531,60.8885153413,498.965800411,1.56278023803
v_region_equal,59,56,False,nonpositive_predicted_reduction,0.25,0.0625,0.241048672053,0.201839139815,True,0.000106034904579,0.000274553275498,659922.657509,0.00122920360444,0.0391189178953,inf,0.0350600000633,0.197785029503,nan,-0.0378897142909,-inf,-inf,17564,True,2.58916694029,-0.00469071602317,-346.32422524,61.1618111129,500,1.56282925649
v_region_equal,60,56,True,accepted,0.0625,0.125,0.0625,0.0504613266854,False,0.000426893913593,0.000274553275498,659922.657509,0.00122920360444,0.0012258640112,0.00122586593121,0.0350600000633,0.0350123408415,0.0350123682605,3.33959323706e-06,3.33767322432e-06,0.999425075871,0,True,2.58652489903,-0.00459645321174,-345.78954217,60.9568498293,499.272926826,1.56279246902
v_region_equal,61,57,True,accepted,0.125,0.25,0.125,0.100920783189,False,0.000212292909754,8.25849860477e-05,660958.783561,0.00122586593121,0.00121921740694,0.00121922568675,0.0350123682605,0.0349172938089,0.0349174123719,6.64852427181e-06,6.64024446291e-06,0.998754639592,0,True,2.58828629898,-0.00465950589173,-346.145413361,61.093375205,499.887489072,1.56281698091
v_region_equal,62,58,False,nonpositive_predicted_reduction,0.25,0.0625,0.217922436221,0.201846075861,True,0.00010499876038,0.000273303656097,663060.339537,0.00121922568675,1.25604354324,inf,0.0349174123719,1.12073348448,nan,-1.25482431755,-inf,-inf,17564,True,2.59180917759,-0.00478631520519,-346.854941414,61.3658067305,500,1.56286611382
v_region_equal,63,58,False,nonpositive_predicted_reduction,0.0625,0.015625,0.0555587657757,0.0504628698406,True,0.000422730920069,0.000273303656097,663060.339537,0.00121922568675,0.0394326199152,inf,0.0349174123719,0.198576483792,nan,-0.0382133942285,-inf,-inf,17564,True,2.58916704221,-0.00469133901493,-346.322775942,61.1614948953,500,1.56282924596
v_region_equal,64,58,True,accepted,0.015625,0.03125,0.015625,0.0126166910889,False,0.00169365992593,0.000273303656097,663060.339537,0.00121922568675,0.00121839759292,0.00121839770797,0.0349174123719,0.0349055524654,0.0349055541135,8.28093832473e-07,8.2797878028e-07,0.999861063821,0,True,2.58850650178,-0.00466758931844,-346.189744875,61.1104039645,499.964373394,1.56282004426
v_region_equal,65,59,False,nonpositive_predicted_reduction,0.03125,0.0078125,0.0274343867839,0.0252310247737,True,0.000845683348971,2.52314765353e-05,663324.335026,0.00121839770797,0.0152471154446,inf,0.0349055541135,0.123479210576,nan,-0.0140287177366,-inf,-inf,17564,True,2.58894686624,-0.00468343704027,-346.27839531,61.144456521,500,1.56282617511
v_region_equal,66,59,False,nonpositive_predicted_reduction,0.0078125,0.001953125,0.00767718234841,0.00630780049178,True,0.00338546782922,2.52314765353e-05,663324.335026,0.00121839770797,0.00122603121794,inf,0.0349055541135,0.0350147285859,nan,-7.63350997249e-06,-inf,-inf,17564,True,2.58861659367,-0.00467155381782,-346.211907082,61.1189171056,500,1.56282157605
v_region_equal,67,59,True,accepted,0.001953125,0.00390625,0.001953125,0.00157696670242,False,0.0135446058371,2.52314765353e-05,663324.335026,0.00121839770797,0.00121829436711,0.00121829436892,0.0349055541135,0.0349040737897,0.0349040738155,1.03340855596e-07,1.03339049343e-07,0.9999825214,0,True,2.58853402505,-0.00466858269414,-346.195285273,61.1125322218,499.97398721,1.56282042714
v_region_equal,68,60,True,accepted,0.00390625,0.0078125,0.00390625,0.00315389457979,False,0.00677115353302,2.14182541264e-05,663354.240962,0.00121829436892,0.00121808771581,0.00121808772295,0.0349040738155,0.0349011133892,0.0349011134915,2.06653114294e-07,2.06645973163e-07,0.999965443875,0,True,2.58858907089,-0.00467056370399,-346.206365898,61.1167886705,499.993215683,1.56282119297
v_region_equal,69,61,False,nonpositive_predicted_reduction,0.0078125,0.001953125,0.00683412958391,0.00630778546297,True,0.00338443173235,2.15938482776e-05,663428.48958,0.00121808772295,0.00222528816268,inf,0.0349011134915,0.0471729600797,nan,-0.00100720043973,-inf,-inf,17564,True,2.58869916252,-0.00467452624426,-346.228525008,61.12530104,500,1.56282272498
v_region_equal,70,61,False,nonpositive_predicted_reduction,0.001953125,0.00048828125,0.00183045785694,0.0015769495454,True,0.0135404608216,2.15938482776e-05,663428.48958,0.00121808772295,0.00122603631554,inf,0.0349011134915,0.035014801378,nan,-7.94859259631e-06,-inf,-inf,17564,True,2.58861659385,-0.00467155448087,-346.211905649,61.11891676,500,1.56282157591
v_region_equal,71,61,True,accepted,0.00048828125,0.0009765625,0.00048828125,0.000394238416451,False,0.0541645771987,2.15938482776e-05,663428.48958,0.00121808772295,0.00121806189505,0.00121806189516,0.0349011134915,0.0349007434741,0.0349007434757,2.58279012164e-08,2.5827787746e-08,0.999995606672,0,True,2.58859595165,-0.00467081151149,-346.207750826,61.1173206914,499.995619305,1.5628212887
v_region_equal,72,62,False,nonpositive_predicted_reduction,0.0009765625,0.000244140625,0.000956283740362,0.000788474448208,True,0.0270811406101,2.13570147084e-05,663433.774771,0.00121806189516,0.00121819412009,inf,0.0349007434757,0.034902637724,nan,-1.3222493114e-07,-inf,-inf,17564,True,2.58860971312,-0.00467130684407,-346.210520674,61.1183847268,500,1.56282148016
v_region_equal,73,62,True,accepted,0.000244140625,0.00048828125,0.000244140625,0.00019711866441,False,0.108327296298,2.13570147084e-05,663433.774771,0.00121806189516,0.00121804898148,0.0012180489815,0.0349007434757,0.0349005584695,0.0349005584698,1.2913674348e-08,1.29136537952e-08,0.999998408448,0,True,2.58859939202,-0.00467093535323,-346.208443288,61.1175867001,499.996821129,1.56282133657
v_region_equal,74,63,True,accepted,0.00048828125,0.0009765625,0.00048828125,0.000394237275291,False,0.0541625034706,2.13541594934e-05,663441.514617,0.0012180489815,0.00121802315459,0.00121802315471,0.0349005584698,0.0349001884607,0.0349001884624,2.58269115016e-08,2.58267943158e-08,0.999995462649,0,True,2.58860627276,-0.00467118301788,-346.209828201,61.1181187158,499.999224782,1.5628214323
v_region_equal,75,64,False,nonpositive_predicted_reduction,0.0009765625,0.000244140625,0.00085356937259,0.000788474486975,True,0.0270801038122,2.135627837e-05,663452.724235,0.00121802315471,0.00123430977928,inf,0.0349001884624,0.0351327451145,nan,-1.6286624568e-05,-inf,-inf,17564,True,2.58862003423,-0.00467167835439,-346.212597997,61.1191827385,500,1.56282162376
v_region_equal,76,64,False,nonpositive_predicted_reduction,0.000244140625,6.103515625e-05,0.000226208534549,0.000197118673279,True,0.108323149034,2.135627837e-05,663452.724235,0.00121802315471,0.00121819413361,inf,0.0349001884624,0.0349026379177,nan,-1.70978900122e-07,-inf,-inf,17564,True,2.58860971313,-0.00467130685392,-346.21052065,61.1183847214,500,1.56282148016
v_region_equal,77,64,True,accepted,6.103515625e-05,0.0001220703125,6.103515625e-05,4.92796837266e-05,False,0.433295329923,2.135627837e-05,663452.724235,0.00121802315471,0.00121801992641,0.00121801992642,0.0349001884624,0.0349001422118,0.0349001422121,3.2283051731e-09,3.22828768904e-09,0.999994584136,0,True,2.58860713285,-0.00467121397794,-346.210001313,61.1181852171,499.999525239,1.56282144426
v_region_equal,78,65,False,nonpositive_predicted_reduction,0.0001220703125,3.0517578125e-05,0.000116379293655,9.85593318391e-05,True,0.216646470132,2.13526138825e-05,663449.337863,0.00121801992642,0.0012180297819,inf,0.0349001422121,0.0349002834071,nan,-9.85547602772e-09,-inf,-inf,17564,True,2.58860885303,-0.00467127589588,-346.210347537,61.1183182199,500,1.5628214682
v_region_equal,79,65,True,accepted,3.0517578125e-05,6.103515625e-05,3.0517578125e-05,2.46398335805e-05,False,0.866588614307,2.13526138825e-05,663449.337863,0.00121801992642,0.00121801831228,0.00121801831226,0.0349001422121,0.0349001190868,0.0349001190866,1.6141479273e-09,1.61416478946e-09,1.00001044648,0,True,2.5886075629,-0.00467122945772,-346.210087869,61.1182184678,499.999675468,1.56282145025
v_region_equal,80,66,True,accepted,6.103515625e-05,0.0001220703125,6.103515625e-05,4.92796655552e-05,False,0.433293332482,2.13525614003e-05,663452.804523,0.00121801831226,0.00121801508397,0.00121801508397,0.0349001190866,0.0349000728361,0.0349000728361,3.22829029069e-09,3.22829151649e-09,1.00000037971,0,True,2.58860842299,-0.00467126041656,-346.210260981,61.1182849693,499.999975926,1.56282146221
v_region_equal,81,67,False,nonpositive_predicted_reduction,0.0001220703125,3.0517578125e-05,0.000106282417971,9.8559331302e-05,True,0.216645489766,2.13525859492e-05,663450.084559,0.00121801508397,0.00121834430815,inf,0.0349000728361,0.0349047891865,nan,-3.29224187291e-07,-inf,-inf,17564,True,2.58861014317,-0.00467132233394,-346.210607204,61.1184179719,500,1.56282148614
v_region_equal,82,67,False,nonpositive_predicted_reduction,3.0517578125e-05,7.62939453125e-06,2.66726479054e-05,2.46398336499e-05,True,0.866584692835,2.13525859492e-05,663450.084559,0.00121801508397,0.00121802978197,inf,0.0349000728361,0.0349002834081,nan,-1.46980023775e-08,-inf,-inf,17564,True,2.58860885303,-0.00467127589592,-346.210347537,61.1183182199,500,1.5628214682
v_region_equal,83,67,True,accepted,7.62939453125e-06,1.52587890625e-05,7.06381982716e-06,6.1599586647e-06,True,3.46634150511,2.13525859492e-05,663450.084559,0.00121801508397,0.00121801489813,0.00121801489812,0.0349000728361,0.0349000701737,0.0349000701736,1.85835722028e-10,1.85842572884e-10,1.00003686512,0,True,2.5886085305,-0.0046712642864,-346.21028262,61.1182932819,500,1.56282146371
v_region_equal,84,68,False,nonpositive_predicted_reduction,1.52587890625e-05,3.81469726562e-06,1.29054414526e-05,1.17589696381e-05,True,1.73637890231,9.2038073664e-05,663444.476346,0.00121801489812,0.00121802079667,inf,0.0349000701736,0.0349001546798,nan,-5.89855086476e-09,-inf,-inf,17564,True,2.58860873573,-0.00467127237996,-346.210329722,61.1183098906,500,1.56282146679
v_region_equal,85,68,False,nonpositive_predicted_reduction,3.81469726562e-06,9.53674316406e-07,2.92284095776e-06,2.46757087227e-06,True,7.13589838906,9.2038073664e-05,663444.476346,0.00121801489812,0.00121801520895,inf,0.0349000701736,0.0349000746267,nan,-3.10822858337e-10,-inf,-inf,17564,True,2.58860857357,-0.0046712667664,-346.210296934,61.1182973309,500,1.56282146453
v_region_equal,86,68,True,accepted,9.53674316406e-07,9.53674316406e-07,5.02265521409e-07,4.83211673114e-07,True,46.4230070128,9.2038073664e-05,663444.476346,0.00121801489812,0.00121801481846,0.00121801481848,0.0349000701736,0.0349000690323,0.0349000690327,7.96614883433e-11,7.96391563807e-11,0.999719664255,0,True,2.58860853078,-0.00467126516323,-346.210287452,61.118293911,500,1.5628214639
v_region_equal,87,69,True,accepted,9.53674316406e-07,9.53674316406e-07,5.38075852762e-07,4.66782966695e-07,True,36.6165185437,7.18181304424e-05,663452.048762,0.00121801481848,0.00121801477849,0.00121801477849,0.0349000690327,0.0349000684597,0.0349000684596,3.99918524945e-11,3.9999245886e-11,1.00018487244,0,True,2.58860853465,-0.00467126598474,-346.21029212,61.118294705,500,1.56282146411
v_region_equal,88,70,True,accepted,9.53674316406e-07,9.53674316406e-07,5.63739463529e-07,4.55044477841e-07,True,34.3410292291,6.50577122972e-05,663452.053005,0.00121801477849,0.00121801474996,0.00121801474995,0.0349000684596,0.0349000680509,0.0349000680508,2.85300515851e-11,2.85364290791e-11,1.00022353601,0,True,2.5886085398,-0.0046712667654,-346.21029667,61.1182955507,500,1.56282146432
v_region_equal,89,71,True,accepted,9.53674316406e-07,9.53674316406e-07,5.74596724859e-07,4.49893445228e-07,True,33.6144218313,6.24858970472e-05,663452.189404,0.00121801474995,0.00121801472523,0.00121801472524,0.0349000680508,0.0349000676966,0.0349000676968,2.47230213732e-11,2.47079023907e-11,0.999388465421,0,True,2.58860854543,-0.0046712675204,-346.210301169,61.1182964145,500,1.56282146453
v_region_equal,90,72,True,accepted,9.53674316406e-07,9.53674316406e-07,5.78906731722e-07,4.47812507049e-07,True,33.3509398483,6.14900973488e-05,663448.038415,0.00121801472524,0.00121801470191,0.00121801470191,0.0349000676968,0.0349000673626,0.0349000673625,2.33265691919e-11,2.3332176035e-11,1.00024036296,0,True,2.58860855123,-0.0046712682569,-346.210305647,61.1182972851,500,1.56282146474
v_region_equal,91,73,True,accepted,9.53674316406e-07,9.53674316406e-07,5.80576005438e-07,4.46999129666e-07,True,33.251047426,6.11027512978e-05,663450.125528,0.00121801470191,0.00121801467912,0.00121801467911,0.0349000673625,0.034900067036,0.0349000670359,2.27901905247e-11,2.27978393542e-11,1.00033561937,0,True,2.58860855711,-0.00467126897808,-346.210310117,61.1182981585,500,1.56282146495
v_region_equal,92,74,True,accepted,9.53674316406e-07,9.53674316406e-07,5.81198373248e-07,4.46692674272e-07,True,33.2128881917,6.09531455176e-05,663445.849413,0.00121801467911,0.00121801465653,0.00121801465654,0.0349000670359,0.0349000667124,0.0349000667125,2.25792208281e-11,2.25742356665e-11,0.999779214632,0,True,2.58860856301,-0.00467126968542,-346.210314584,61.1182990329,500,1.56282146516
v_region_equal,93,75,True,accepted,9.53674316406e-07,9.53674316406e-07,5.81409068427e-07,4.46586813451e-07,True,33.1986129984,6.08967602793e-05,663454.227337,0.00121801465654,0.00121801463404,0.00121801463405,0.0349000667125,0.0349000663902,0.0349000663903,2.24944141005e-11,2.24864324209e-11,0.999645170596,0,True,2.58860856893,-0.00467127037971,-346.21031905,61.1182999079,500,1.56282146537
v_region_equal,94,76,True,accepted,9.53674316406e-07,9.53674316406e-07,5.81458527037e-07,4.46559778257e-07,True,33.1937062665,6.08770185251e-05,663450.727229,0.00121801463405,0.00121801461159,0.00121801461158,0.0349000663903,0.0349000660686,0.0349000660685,2.24591441365e-11,2.24670258526e-11,1.00035093573,0,True,2.58860857484,-0.00467127106143,-346.210323516,61.1183007831,500,1.56282146558
v_region_equal,95,77,True,accepted,9.53674316406e-07,9.53674316406e-07,5.81445059209e-07,4.46562987619e-07,True,33.1924626214,6.08716434231e-05,663457.401975,0.00121801461158,0.00121801458914,0.00121801458915,0.0349000660685,0.0349000657469,0.0349000657471,2.24433846074e-11,2.24333522678e-11,0.999552993467,0,True,2.58860858076,-0.00467127173095,-346.210327982,61.1183016586,500,1.56282146579
v_region_equal,96,78,True,accepted,9.53674316406e-07,9.53674316406e-07,5.81408619756e-07,4.46577956997e-07,True,33.1926348669,6.0871786455e-05,663454.622616,0.00121801458915,0.00121801456671,0.0012180145667,0.0349000657471,0.0349000654257,0.0349000654255,2.2435333322e-11,2.24465563324e-11,1.00050023818,0,True,2.58860858668,-0.0046712723886,-346.210332447,61.1183025341,500,1.562821466
v_region_equal,97,79,True,accepted,9.53674316406e-07,9.53674316406e-07,5.81363586429e-07,4.46596854958e-07,True,33.1934057742,6.08741025726e-05,663453.964589,0.0012180145667,0.00121801454427,0.00121801454429,0.0349000654255,0.0349000651041,0.0349000651043,2.24304468228e-11,2.24184290923e-11,0.999464222418,0,True,2.5886085926,-0.00467127303466,-346.210336913,61.1183034098,500,1.56282146621
