u,y_ref_observed_px,y_ref_short_gap_px,y_ref_smooth_px,sigma_ref_px,valid_fraction,valid_frame_count,fwhm_p50_px,source
0,NaN,NaN,NaN,NaN,0.28,14,NaN,outside_reference_surface
1,NaN,NaN,NaN,NaN,0.52,26,NaN,outside_reference_surface
2,NaN,NaN,NaN,NaN,1.0,50,NaN,outside_reference_surface
3,NaN,NaN,NaN,NaN,1.0,50,NaN,outside_reference_surface
4,NaN,NaN,NaN,NaN,1.0,50,NaN,outside_reference_surface
5,NaN,NaN,NaN,NaN,1.0,50,NaN,outside_reference_surface
6,NaN,NaN,NaN,NaN,0.0,0,NaN,outside_reference_surface
7,NaN,NaN,NaN,NaN,0.0,0,NaN,outside_reference_surface
8,NaN,NaN,NaN,NaN,0.0,0,NaN,outside_reference_surface
9,NaN,NaN,NaN,NaN,0.0,0,NaN,outside_reference_surface
10,NaN,NaN,NaN,NaN,0.0,0,NaN,outside_reference_surface
11,NaN,NaN,NaN,NaN,0.0,0,NaN,outside_reference_surface
12,NaN,NaN,NaN,NaN,0.0,0,NaN,outside_reference_surface
13,NaN,NaN,NaN,NaN,1.0,50,NaN,outside_reference_surface
14,NaN,NaN,NaN,NaN,0.74,37,NaN,outside_reference_surface
15,NaN,NaN,NaN,NaN,0.0,0,NaN,outside_reference_surface
16,NaN,NaN,NaN,NaN,1.0,50,NaN,outside_reference_surface
17,NaN,NaN,NaN,NaN,0.06,3,NaN,outside_reference_surface
18,NaN,NaN,NaN,NaN,1.0,50,NaN,outside_reference_surface
19,NaN,NaN,NaN,NaN,0.0,0,NaN,outside_reference_surface
20,NaN,NaN,NaN,NaN,0.0,0,NaN,outside_reference_surface
21,NaN,NaN,NaN,NaN,0.02,1,NaN,outside_reference_surface
22,NaN,NaN,NaN,NaN,0.0,0,NaN,outside_reference_surface
23,NaN,NaN,NaN,NaN,0.0,0,NaN,outside_reference_surface
24,NaN,NaN,NaN,NaN,0.0,0,NaN,outside_reference_surface
25,NaN,NaN,NaN,NaN,0.0,0,NaN,outside_reference_surface
26,NaN,NaN,NaN,NaN,0.1,5,NaN,outside_reference_surface
27,NaN,NaN,NaN,NaN,0.0,0,NaN,outside_reference_surface
28,NaN,NaN,NaN,NaN,0.0,0,NaN,outside_reference_surface
29,NaN,NaN,NaN,NaN,0.0,0,NaN,outside_reference_surface
30,NaN,NaN,NaN,NaN,0.0,0,NaN,outside_reference_surface
31,NaN,NaN,NaN,NaN,0.0,0,NaN,outside_reference_surface
32,NaN,NaN,NaN,NaN,0.0,0,NaN,outside_reference_surface
33,NaN,NaN,NaN,NaN,0.0,0,NaN,outside_reference_surface
34,NaN,NaN,NaN,NaN,0.0,0,NaN,outside_reference_surface
35,NaN,NaN,NaN,NaN,0.0,0,NaN,outside_reference_surface
36,NaN,NaN,NaN,NaN,0.0,0,NaN,outside_reference_surface
37,NaN,NaN,NaN,NaN,1.0,50,NaN,outside_reference_surface
38,NaN,NaN,NaN,NaN,0.32,16,NaN,outside_reference_surface
39,NaN,NaN,NaN,NaN,0.68,34,NaN,outside_reference_surface
40,NaN,NaN,NaN,NaN,0.06,3,NaN,outside_reference_surface
41,NaN,NaN,NaN,NaN,0.0,0,NaN,outside_reference_surface
42,NaN,NaN,NaN,NaN,0.0,0,NaN,outside_reference_surface
43,NaN,NaN,NaN,NaN,0.0,0,NaN,outside_reference_surface
44,NaN,NaN,NaN,NaN,0.0,0,NaN,outside_reference_surface
45,NaN,NaN,NaN,NaN,0.0,0,NaN,outside_reference_surface
46,NaN,NaN,NaN,NaN,0.0,0,NaN,outside_reference_surface
47,NaN,NaN,NaN,NaN,0.0,0,NaN,outside_reference_surface
48,NaN,NaN,NaN,NaN,0.0,0,NaN,outside_reference_surface
49,NaN,NaN,NaN,NaN,0.0,0,NaN,outside_reference_surface
50,NaN,NaN,NaN,NaN,0.0,0,NaN,outside_reference_surface
51,NaN,NaN,NaN,NaN,0.0,0,NaN,outside_reference_surface
52,NaN,NaN,NaN,NaN,0.0,0,NaN,outside_reference_surface
53,NaN,NaN,NaN,NaN,0.0,0,NaN,outside_reference_surface
54,NaN,NaN,NaN,NaN,0.0,0,NaN,outside_reference_surface
55,NaN,NaN,NaN,NaN,0.0,0,NaN,outside_reference_surface
56,NaN,NaN,NaN,NaN,0.0,0,NaN,outside_reference_surface
57,NaN,NaN,NaN,NaN,0.02,1,NaN,outside_reference_surface
58,NaN,NaN,NaN,NaN,0.94,47,NaN,outside_reference_surface
59,NaN,NaN,NaN,NaN,1.0,50,NaN,outside_reference_surface
60,NaN,NaN,NaN,NaN,1.0,50,NaN,outside_reference_surface
61,NaN,NaN,NaN,NaN,0.88,44,NaN,outside_reference_surface
62,NaN,NaN,NaN,NaN,0.68,34,NaN,outside_reference_surface
63,NaN,NaN,NaN,NaN,0.0,0,NaN,outside_reference_surface
64,NaN,NaN,NaN,NaN,0.26,13,NaN,outside_reference_surface
65,NaN,NaN,NaN,NaN,1.0,50,NaN,outside_reference_surface
66,NaN,NaN,NaN,NaN,0.0,0,NaN,outside_reference_surface
67,NaN,NaN,NaN,NaN,1.0,50,NaN,outside_reference_surface
68,NaN,NaN,NaN,NaN,1.0,50,NaN,outside_reference_surface
69,NaN,NaN,NaN,NaN,1.0,50,NaN,outside_reference_surface
70,NaN,NaN,NaN,NaN,1.0,50,NaN,outside_reference_surface
71,NaN,NaN,NaN,NaN,0.0,0,NaN,outside_reference_surface
72,NaN,NaN,NaN,NaN,0.0,0,NaN,outside_reference_surface
73,NaN,NaN,NaN,NaN,0.0,0,NaN,outside_reference_surface
74,NaN,NaN,NaN,NaN,0.0,0,NaN,outside_reference_surface
75,NaN,NaN,NaN,NaN,0.0,0,NaN,outside_reference_surface
76,NaN,NaN,NaN,NaN,0.0,0,NaN,outside_reference_surface
77,NaN,NaN,NaN,NaN,0.0,0,NaN,outside_reference_surface
78,NaN,NaN,NaN,NaN,0.0,0,NaN,outside_reference_surface
79,NaN,NaN,NaN,NaN,0.0,0,NaN,outside_reference_surface
80,NaN,NaN,NaN,NaN,0.0,0,NaN,outside_reference_surface
81,NaN,NaN,NaN,NaN,0.04,2,NaN,outside_reference_surface
82,NaN,NaN,NaN,NaN,0.0,0,NaN,outside_reference_surface
83,NaN,NaN,NaN,NaN,0.0,0,NaN,outside_reference_surface
84,NaN,NaN,NaN,NaN,0.0,0,NaN,outside_reference_surface
85,NaN,NaN,NaN,NaN,0.0,0,NaN,outside_reference_surface
86,NaN,NaN,NaN,NaN,0.0,0,NaN,outside_reference_surface
87,NaN,NaN,NaN,NaN,0.0,0,NaN,outside_reference_surface
88,NaN,NaN,NaN,NaN,0.0,0,NaN,outside_reference_surface
89,NaN,NaN,NaN,NaN,0.0,0,NaN,outside_reference_surface
90,NaN,NaN,NaN,NaN,0.0,0,NaN,outside_reference_surface
91,NaN,NaN,NaN,NaN,0.0,0,NaN,outside_reference_surface
92,NaN,NaN,NaN,NaN,0.0,0,NaN,outside_reference_surface
93,NaN,NaN,NaN,NaN,0.0,0,NaN,outside_reference_surface
94,NaN,NaN,NaN,NaN,0.0,0,NaN,outside_reference_surface
95,NaN,NaN,NaN,NaN,1.0,50,NaN,outside_reference_surface
96,NaN,NaN,NaN,NaN,0.0,0,NaN,outside_reference_surface
97,NaN,NaN,NaN,NaN,0.14,7,NaN,outside_reference_surface
98,NaN,NaN,NaN,NaN,0.0,0,NaN,outside_reference_surface
99,NaN,NaN,NaN,NaN,0.0,0,NaN,outside_reference_surface
100,NaN,NaN,NaN,NaN,0.0,0,NaN,outside_reference_surface
101,NaN,NaN,NaN,NaN,0.86,43,NaN,outside_reference_surface
102,NaN,NaN,NaN,NaN,0.7,35,NaN,outside_reference_surface
103,NaN,NaN,NaN,NaN,0.0,0,NaN,outside_reference_surface
104,NaN,NaN,NaN,NaN,0.0,0,NaN,outside_reference_surface
105,NaN,NaN,NaN,NaN,1.0,50,NaN,outside_reference_surface
106,NaN,NaN,NaN,NaN,0.1,5,NaN,outside_reference_surface
107,NaN,NaN,NaN,NaN,0.2,10,NaN,outside_reference_surface
108,NaN,NaN,NaN,NaN,0.62,31,NaN,outside_reference_surface
109,NaN,NaN,NaN,NaN,0.08,4,NaN,outside_reference_surface
110,NaN,NaN,NaN,NaN,1.0,50,NaN,outside_reference_surface
111,NaN,NaN,NaN,NaN,0.0,0,NaN,outside_reference_surface
112,NaN,NaN,NaN,NaN,0.0,0,NaN,outside_reference_surface
113,NaN,NaN,NaN,NaN,0.0,0,NaN,outside_reference_surface
114,NaN,NaN,NaN,NaN,0.64,32,NaN,outside_reference_surface
115,NaN,NaN,NaN,NaN,0.0,0,NaN,outside_reference_surface
116,NaN,NaN,NaN,NaN,0.0,0,NaN,outside_reference_surface
117,NaN,NaN,NaN,NaN,0.0,0,NaN,outside_reference_surface
118,NaN,NaN,NaN,NaN,0.0,0,NaN,outside_reference_surface
119,NaN,NaN,NaN,NaN,1.0,50,NaN,outside_reference_surface
120,NaN,NaN,NaN,NaN,1.0,50,NaN,outside_reference_surface
121,NaN,NaN,NaN,NaN,1.0,50,NaN,outside_reference_surface
122,NaN,NaN,NaN,NaN,1.0,50,NaN,outside_reference_surface
123,NaN,NaN,NaN,NaN,1.0,50,NaN,outside_reference_surface
124,NaN,NaN,NaN,NaN,1.0,50,NaN,outside_reference_surface
125,NaN,NaN,NaN,NaN,1.0,50,NaN,outside_reference_surface
126,NaN,NaN,NaN,NaN,1.0,50,NaN,outside_reference_surface
127,NaN,NaN,NaN,NaN,0.0,0,NaN,outside_reference_surface
128,NaN,NaN,NaN,NaN,1.0,50,NaN,outside_reference_surface
129,NaN,NaN,NaN,NaN,0.0,0,NaN,outside_reference_surface
130,NaN,NaN,NaN,NaN,1.0,50,NaN,outside_reference_surface
131,NaN,NaN,NaN,NaN,1.0,50,NaN,outside_reference_surface
132,NaN,NaN,NaN,NaN,0.06,3,NaN,outside_reference_surface
133,NaN,NaN,NaN,NaN,1.0,50,NaN,outside_reference_surface
134,NaN,NaN,NaN,NaN,1.0,50,NaN,outside_reference_surface
135,NaN,NaN,NaN,NaN,0.24,12,NaN,outside_reference_surface
136,NaN,NaN,NaN,NaN,0.02,1,NaN,outside_reference_surface
137,NaN,NaN,NaN,NaN,0.08,4,NaN,outside_reference_surface
138,NaN,NaN,NaN,NaN,0.64,32,NaN,outside_reference_surface
139,NaN,NaN,NaN,NaN,1.0,50,NaN,outside_reference_surface
140,NaN,NaN,NaN,NaN,1.0,50,NaN,outside_reference_surface
141,NaN,NaN,NaN,NaN,0.0,0,NaN,outside_reference_surface
142,NaN,NaN,NaN,NaN,0.0,0,NaN,outside_reference_surface
143,NaN,NaN,NaN,NaN,0.0,0,NaN,outside_reference_surface
144,NaN,NaN,NaN,NaN,0.24,12,NaN,outside_reference_surface
145,NaN,NaN,NaN,NaN,1.0,50,NaN,outside_reference_surface
146,NaN,NaN,NaN,NaN,0.0,0,NaN,outside_reference_surface
147,NaN,NaN,NaN,NaN,1.0,50,NaN,outside_reference_surface
148,NaN,NaN,NaN,NaN,0.24,12,NaN,outside_reference_surface
149,NaN,NaN,NaN,NaN,0.82,41,NaN,outside_reference_surface
150,NaN,NaN,NaN,NaN,1.0,50,NaN,outside_reference_surface
151,NaN,NaN,NaN,NaN,0.0,0,NaN,outside_reference_surface
152,NaN,NaN,NaN,NaN,0.66,33,NaN,outside_reference_surface
153,NaN,NaN,NaN,NaN,0.0,0,NaN,outside_reference_surface
154,NaN,NaN,NaN,NaN,0.0,0,NaN,outside_reference_surface
155,NaN,NaN,NaN,NaN,0.0,0,NaN,outside_reference_surface
156,NaN,NaN,NaN,NaN,0.0,0,NaN,outside_reference_surface
157,NaN,NaN,NaN,NaN,0.0,0,NaN,outside_reference_surface
158,NaN,NaN,NaN,NaN,0.0,0,NaN,outside_reference_surface
159,NaN,NaN,NaN,NaN,1.0,50,NaN,outside_reference_surface
160,NaN,NaN,NaN,NaN,0.0,0,NaN,outside_reference_surface
161,NaN,NaN,NaN,NaN,0.0,0,NaN,outside_reference_surface
162,NaN,NaN,NaN,NaN,0.58,29,NaN,outside_reference_surface
163,NaN,NaN,NaN,NaN,1.0,50,NaN,outside_reference_surface
164,NaN,NaN,NaN,NaN,0.0,0,NaN,outside_reference_surface
165,NaN,NaN,NaN,NaN,0.0,0,NaN,outside_reference_surface
166,NaN,NaN,NaN,NaN,0.96,48,NaN,outside_reference_surface
167,NaN,NaN,NaN,NaN,0.0,0,NaN,outside_reference_surface
168,NaN,NaN,NaN,NaN,0.0,0,NaN,outside_reference_surface
169,NaN,NaN,NaN,NaN,0.94,47,NaN,outside_reference_surface
170,NaN,NaN,NaN,NaN,0.02,1,NaN,outside_reference_surface
171,NaN,NaN,NaN,NaN,0.0,0,NaN,outside_reference_surface
172,NaN,NaN,NaN,NaN,0.0,0,NaN,outside_reference_surface
173,NaN,NaN,NaN,NaN,0.0,0,NaN,outside_reference_surface
174,NaN,NaN,NaN,NaN,0.0,0,NaN,outside_reference_surface
175,NaN,NaN,NaN,NaN,1.0,50,NaN,outside_reference_surface
176,NaN,NaN,NaN,NaN,0.0,0,NaN,outside_reference_surface
177,NaN,NaN,NaN,NaN,0.0,0,NaN,outside_reference_surface
178,NaN,NaN,NaN,NaN,0.0,0,NaN,outside_reference_surface
179,NaN,NaN,NaN,NaN,1.0,50,NaN,outside_reference_surface
180,NaN,NaN,NaN,NaN,1.0,50,NaN,outside_reference_surface
181,NaN,NaN,NaN,NaN,0.0,0,NaN,outside_reference_surface
182,NaN,NaN,NaN,NaN,1.0,50,NaN,outside_reference_surface
183,NaN,NaN,NaN,NaN,1.0,50,NaN,outside_reference_surface
184,NaN,NaN,NaN,NaN,1.0,50,NaN,outside_reference_surface
185,NaN,NaN,NaN,NaN,0.9,45,NaN,outside_reference_surface
186,NaN,NaN,NaN,NaN,0.14,7,NaN,outside_reference_surface
187,NaN,NaN,NaN,NaN,0.0,0,NaN,outside_reference_surface
188,NaN,NaN,NaN,NaN,0.0,0,NaN,outside_reference_surface
189,NaN,NaN,NaN,NaN,0.02,1,NaN,outside_reference_surface
190,NaN,NaN,NaN,NaN,0.9,45,NaN,outside_reference_surface
191,NaN,NaN,NaN,NaN,1.0,50,NaN,outside_reference_surface
192,NaN,NaN,NaN,NaN,1.0,50,NaN,outside_reference_surface
193,NaN,NaN,NaN,NaN,1.0,50,NaN,outside_reference_surface
194,NaN,NaN,NaN,NaN,0.96,48,NaN,outside_reference_surface
195,NaN,NaN,NaN,NaN,0.0,0,NaN,outside_reference_surface
196,NaN,NaN,NaN,NaN,0.0,0,NaN,outside_reference_surface
197,NaN,NaN,NaN,NaN,1.0,50,NaN,outside_reference_surface
198,NaN,NaN,NaN,NaN,0.0,0,NaN,outside_reference_surface
199,NaN,NaN,NaN,NaN,0.0,0,NaN,outside_reference_surface
200,NaN,NaN,NaN,NaN,1.0,50,NaN,outside_reference_surface
201,NaN,NaN,NaN,NaN,0.0,0,NaN,outside_reference_surface
202,NaN,NaN,NaN,NaN,1.0,50,NaN,outside_reference_surface
203,NaN,NaN,NaN,NaN,0.0,0,NaN,outside_reference_surface
204,NaN,NaN,NaN,NaN,1.0,50,NaN,outside_reference_surface
205,NaN,NaN,NaN,NaN,1.0,50,NaN,outside_reference_surface
206,NaN,NaN,NaN,NaN,0.92,46,NaN,outside_reference_surface
207,NaN,NaN,NaN,NaN,1.0,50,NaN,outside_reference_surface
208,NaN,NaN,NaN,NaN,1.0,50,NaN,outside_reference_surface
209,NaN,NaN,NaN,NaN,0.98,49,NaN,outside_reference_surface
210,NaN,NaN,NaN,NaN,1.0,50,NaN,outside_reference_surface
211,NaN,NaN,NaN,NaN,0.04,2,NaN,outside_reference_surface
212,NaN,NaN,NaN,NaN,1.0,50,NaN,outside_reference_surface
213,NaN,NaN,NaN,NaN,0.0,0,NaN,outside_reference_surface
214,NaN,NaN,NaN,NaN,1.0,50,NaN,outside_reference_surface
215,NaN,NaN,NaN,NaN,1.0,50,NaN,outside_reference_surface
216,NaN,NaN,NaN,NaN,1.0,50,NaN,outside_reference_surface
217,NaN,NaN,NaN,NaN,1.0,50,NaN,outside_reference_surface
218,NaN,NaN,NaN,NaN,1.0,50,NaN,outside_reference_surface
219,NaN,NaN,NaN,NaN,1.0,50,NaN,outside_reference_surface
220,NaN,NaN,NaN,NaN,1.0,50,NaN,outside_reference_surface
221,NaN,NaN,NaN,NaN,1.0,50,NaN,outside_reference_surface
222,NaN,NaN,NaN,NaN,1.0,50,NaN,outside_reference_surface
223,NaN,NaN,NaN,NaN,1.0,50,NaN,outside_reference_surface
224,NaN,NaN,NaN,NaN,1.0,50,NaN,outside_reference_surface
225,NaN,NaN,NaN,NaN,0.08,4,NaN,outside_reference_surface
226,NaN,NaN,NaN,NaN,1.0,50,NaN,outside_reference_surface
227,NaN,NaN,NaN,NaN,1.0,50,NaN,outside_reference_surface
228,NaN,NaN,NaN,NaN,1.0,50,NaN,outside_reference_surface
229,NaN,NaN,NaN,NaN,1.0,50,NaN,outside_reference_surface
230,NaN,NaN,NaN,NaN,0.14,7,NaN,outside_reference_surface
231,NaN,NaN,NaN,NaN,0.68,34,NaN,outside_reference_surface
232,NaN,NaN,NaN,NaN,1.0,50,NaN,outside_reference_surface
233,NaN,NaN,NaN,NaN,1.0,50,NaN,outside_reference_surface
234,NaN,NaN,NaN,NaN,1.0,50,NaN,outside_reference_surface
235,NaN,NaN,NaN,NaN,1.0,50,NaN,outside_reference_surface
236,NaN,NaN,NaN,NaN,1.0,50,NaN,outside_reference_surface
237,NaN,NaN,NaN,NaN,1.0,50,NaN,outside_reference_surface
238,NaN,NaN,NaN,NaN,1.0,50,NaN,outside_reference_surface
239,NaN,NaN,NaN,NaN,1.0,50,NaN,outside_reference_surface
240,NaN,NaN,NaN,NaN,1.0,50,NaN,outside_reference_surface
241,NaN,NaN,NaN,NaN,1.0,50,NaN,outside_reference_surface
242,NaN,NaN,NaN,NaN,0.88,44,NaN,outside_reference_surface
243,NaN,NaN,NaN,NaN,1.0,50,NaN,outside_reference_surface
244,NaN,NaN,NaN,NaN,1.0,50,NaN,outside_reference_surface
245,NaN,NaN,NaN,NaN,1.0,50,NaN,outside_reference_surface
246,NaN,NaN,NaN,NaN,1.0,50,NaN,outside_reference_surface
247,NaN,NaN,NaN,NaN,0.0,0,NaN,outside_reference_surface
248,NaN,NaN,NaN,NaN,1.0,50,NaN,outside_reference_surface
249,NaN,NaN,NaN,NaN,1.0,50,NaN,outside_reference_surface
250,NaN,NaN,NaN,NaN,1.0,50,NaN,outside_reference_surface
251,NaN,NaN,NaN,NaN,1.0,50,NaN,outside_reference_surface
252,NaN,NaN,NaN,NaN,1.0,50,NaN,outside_reference_surface
253,NaN,NaN,NaN,NaN,0.56,28,NaN,outside_reference_surface
254,NaN,NaN,NaN,NaN,0.04,2,NaN,outside_reference_surface
255,NaN,NaN,NaN,NaN,1.0,50,NaN,outside_reference_surface
256,NaN,NaN,NaN,NaN,1.0,50,NaN,outside_reference_surface
257,NaN,NaN,NaN,NaN,1.0,50,NaN,outside_reference_surface
258,NaN,NaN,NaN,NaN,1.0,50,NaN,outside_reference_surface
259,NaN,NaN,NaN,NaN,1.0,50,NaN,outside_reference_surface
260,NaN,NaN,NaN,NaN,0.0,0,NaN,outside_reference_surface
261,NaN,NaN,NaN,NaN,1.0,50,NaN,outside_reference_surface
262,NaN,NaN,NaN,NaN,1.0,50,NaN,outside_reference_surface
263,NaN,NaN,NaN,NaN,1.0,50,NaN,outside_reference_surface
264,NaN,NaN,NaN,NaN,0.0,0,NaN,outside_reference_surface
265,NaN,NaN,NaN,NaN,1.0,50,NaN,outside_reference_surface
266,NaN,NaN,NaN,NaN,0.0,0,NaN,outside_reference_surface
267,NaN,NaN,NaN,NaN,0.98,49,NaN,outside_reference_surface
268,NaN,NaN,NaN,NaN,0.0,0,NaN,outside_reference_surface
269,NaN,NaN,NaN,NaN,0.06,3,NaN,outside_reference_surface
270,NaN,NaN,NaN,NaN,0.0,0,NaN,outside_reference_surface
271,NaN,NaN,NaN,NaN,1.0,50,NaN,outside_reference_surface
272,NaN,NaN,NaN,NaN,1.0,50,NaN,outside_reference_surface
273,NaN,NaN,NaN,NaN,0.0,0,NaN,outside_reference_surface
274,NaN,NaN,NaN,NaN,0.0,0,NaN,outside_reference_surface
275,NaN,NaN,NaN,NaN,0.0,0,NaN,outside_reference_surface
276,NaN,NaN,NaN,NaN,0.0,0,NaN,outside_reference_surface
277,NaN,NaN,NaN,NaN,0.04,2,NaN,outside_reference_surface
278,NaN,NaN,NaN,NaN,0.3,15,NaN,outside_reference_surface
279,NaN,NaN,NaN,NaN,0.0,0,NaN,outside_reference_surface
280,NaN,NaN,NaN,NaN,0.0,0,NaN,outside_reference_surface
281,NaN,NaN,NaN,NaN,0.0,0,NaN,outside_reference_surface
282,NaN,NaN,NaN,NaN,1.0,50,NaN,outside_reference_surface
283,NaN,NaN,NaN,NaN,0.0,0,NaN,outside_reference_surface
284,NaN,NaN,NaN,NaN,0.26,13,NaN,outside_reference_surface
285,NaN,NaN,NaN,NaN,0.0,0,NaN,outside_reference_surface
286,NaN,NaN,NaN,NaN,0.0,0,NaN,outside_reference_surface
287,NaN,NaN,NaN,NaN,1.0,50,NaN,outside_reference_surface
288,NaN,NaN,NaN,NaN,0.0,0,NaN,outside_reference_surface
289,NaN,NaN,NaN,NaN,1.0,50,NaN,outside_reference_surface
290,NaN,NaN,NaN,NaN,1.0,50,NaN,outside_reference_surface
291,NaN,NaN,NaN,NaN,0.96,48,NaN,outside_reference_surface
292,NaN,NaN,NaN,NaN,1.0,50,NaN,outside_reference_surface
293,NaN,NaN,NaN,NaN,0.68,34,NaN,outside_reference_surface
294,NaN,NaN,NaN,NaN,1.0,50,NaN,outside_reference_surface
295,NaN,NaN,NaN,NaN,0.0,0,NaN,outside_reference_surface
296,NaN,NaN,NaN,NaN,0.0,0,NaN,outside_reference_surface
297,NaN,NaN,NaN,NaN,1.0,50,NaN,outside_reference_surface
298,NaN,NaN,NaN,NaN,0.0,0,NaN,outside_reference_surface
299,NaN,NaN,NaN,NaN,1.0,50,NaN,outside_reference_surface
300,NaN,NaN,NaN,NaN,0.98,49,NaN,outside_reference_surface
301,NaN,NaN,NaN,NaN,1.0,50,NaN,outside_reference_surface
302,NaN,NaN,NaN,NaN,0.64,32,NaN,outside_reference_surface
303,NaN,NaN,NaN,NaN,0.1,5,NaN,outside_reference_surface
304,NaN,NaN,NaN,NaN,0.0,0,NaN,outside_reference_surface
305,NaN,NaN,NaN,NaN,0.0,0,NaN,outside_reference_surface
306,NaN,NaN,NaN,NaN,1.0,50,NaN,outside_reference_surface
307,NaN,NaN,NaN,NaN,0.98,49,NaN,outside_reference_surface
308,NaN,NaN,NaN,NaN,0.0,0,NaN,outside_reference_surface
309,NaN,NaN,NaN,NaN,0.0,0,NaN,outside_reference_surface
310,NaN,NaN,NaN,NaN,0.02,1,NaN,outside_reference_surface
311,NaN,NaN,NaN,NaN,1.0,50,NaN,outside_reference_surface
312,NaN,NaN,NaN,NaN,1.0,50,NaN,outside_reference_surface
313,NaN,NaN,NaN,NaN,1.0,50,NaN,outside_reference_surface
314,NaN,NaN,NaN,NaN,1.0,50,NaN,outside_reference_surface
315,NaN,NaN,NaN,NaN,0.0,0,NaN,outside_reference_surface
316,NaN,NaN,NaN,NaN,0.0,0,NaN,outside_reference_surface
317,NaN,NaN,NaN,NaN,0.0,0,NaN,outside_reference_surface
318,NaN,NaN,NaN,NaN,1.0,50,NaN,outside_reference_surface
319,NaN,NaN,NaN,NaN,0.0,0,NaN,outside_reference_surface
320,NaN,NaN,NaN,NaN,1.0,50,NaN,outside_reference_surface
321,NaN,NaN,NaN,NaN,0.12,6,NaN,outside_reference_surface
322,NaN,NaN,NaN,NaN,0.92,46,NaN,outside_reference_surface
323,NaN,NaN,NaN,NaN,0.0,0,NaN,outside_reference_surface
324,NaN,NaN,NaN,NaN,1.0,50,NaN,outside_reference_surface
325,NaN,NaN,NaN,NaN,0.02,1,NaN,outside_reference_surface
326,NaN,NaN,NaN,NaN,1.0,50,NaN,outside_reference_surface
327,NaN,NaN,NaN,NaN,0.2,10,NaN,outside_reference_surface
328,NaN,NaN,NaN,NaN,0.0,0,NaN,outside_reference_surface
329,NaN,NaN,NaN,NaN,0.0,0,NaN,outside_reference_surface
330,NaN,NaN,NaN,NaN,0.04,2,NaN,outside_reference_surface
331,NaN,NaN,NaN,NaN,0.0,0,NaN,outside_reference_surface
332,NaN,NaN,NaN,NaN,1.0,50,NaN,outside_reference_surface
333,NaN,NaN,NaN,NaN,1.0,50,NaN,outside_reference_surface
334,NaN,NaN,NaN,NaN,1.0,50,NaN,outside_reference_surface
335,NaN,NaN,NaN,NaN,1.0,50,NaN,outside_reference_surface
336,NaN,NaN,NaN,NaN,0.0,0,NaN,outside_reference_surface
337,NaN,NaN,NaN,NaN,1.0,50,NaN,outside_reference_surface
338,NaN,NaN,NaN,NaN,0.0,0,NaN,outside_reference_surface
339,NaN,NaN,NaN,NaN,1.0,50,NaN,outside_reference_surface
340,NaN,NaN,NaN,NaN,0.86,43,NaN,outside_reference_surface
341,NaN,NaN,NaN,NaN,1.0,50,NaN,outside_reference_surface
342,NaN,NaN,NaN,NaN,1.0,50,NaN,outside_reference_surface
343,NaN,NaN,NaN,NaN,0.42,21,NaN,outside_reference_surface
344,NaN,NaN,NaN,NaN,1.0,50,NaN,outside_reference_surface
345,NaN,NaN,NaN,NaN,1.0,50,NaN,outside_reference_surface
346,NaN,NaN,NaN,NaN,1.0,50,NaN,outside_reference_surface
347,NaN,NaN,NaN,NaN,1.0,50,NaN,outside_reference_surface
348,NaN,NaN,NaN,NaN,0.0,0,NaN,outside_reference_surface
349,NaN,NaN,NaN,NaN,0.96,48,NaN,outside_reference_surface
350,NaN,NaN,NaN,NaN,0.0,0,NaN,outside_reference_surface
351,NaN,NaN,NaN,NaN,0.54,27,NaN,outside_reference_surface
352,NaN,NaN,NaN,NaN,1.0,50,NaN,outside_reference_surface
353,NaN,NaN,NaN,NaN,1.0,50,NaN,outside_reference_surface
354,NaN,NaN,NaN,NaN,1.0,50,NaN,outside_reference_surface
355,NaN,NaN,NaN,NaN,1.0,50,NaN,outside_reference_surface
356,NaN,NaN,NaN,NaN,1.0,50,NaN,outside_reference_surface
357,NaN,NaN,NaN,NaN,0.02,1,NaN,outside_reference_surface
358,NaN,NaN,NaN,NaN,1.0,50,NaN,outside_reference_surface
359,NaN,NaN,NaN,NaN,0.0,0,NaN,outside_reference_surface
360,NaN,NaN,NaN,NaN,1.0,50,NaN,outside_reference_surface
361,NaN,NaN,NaN,NaN,1.0,50,NaN,outside_reference_surface
362,NaN,NaN,NaN,NaN,1.0,50,NaN,outside_reference_surface
363,NaN,NaN,NaN,NaN,0.08,4,NaN,outside_reference_surface
364,NaN,NaN,NaN,NaN,0.0,0,NaN,outside_reference_surface
365,NaN,NaN,NaN,NaN,0.88,44,NaN,outside_reference_surface
366,NaN,NaN,NaN,NaN,1.0,50,NaN,outside_reference_surface
367,NaN,NaN,NaN,NaN,0.88,44,NaN,outside_reference_surface
368,NaN,NaN,NaN,NaN,0.0,0,NaN,outside_reference_surface
369,NaN,NaN,NaN,NaN,0.0,0,NaN,outside_reference_surface
370,NaN,NaN,NaN,NaN,1.0,50,NaN,outside_reference_surface
371,NaN,NaN,NaN,NaN,0.0,0,NaN,outside_reference_surface
372,NaN,NaN,NaN,NaN,1.0,50,NaN,outside_reference_surface
373,NaN,NaN,NaN,NaN,1.0,50,NaN,outside_reference_surface
374,NaN,NaN,NaN,NaN,1.0,50,NaN,outside_reference_surface
375,NaN,NaN,NaN,NaN,0.4,20,NaN,outside_reference_surface
376,NaN,NaN,NaN,NaN,0.0,0,NaN,outside_reference_surface
377,NaN,NaN,NaN,NaN,0.16,8,NaN,outside_reference_surface
378,NaN,NaN,NaN,NaN,0.8,40,NaN,outside_reference_surface
379,NaN,NaN,NaN,NaN,0.0,0,NaN,outside_reference_surface
380,NaN,NaN,NaN,NaN,0.0,0,NaN,outside_reference_surface
381,NaN,NaN,NaN,NaN,0.0,0,NaN,outside_reference_surface
382,NaN,NaN,NaN,NaN,0.0,0,NaN,outside_reference_surface
383,NaN,NaN,NaN,NaN,0.0,0,NaN,outside_reference_surface
384,NaN,NaN,NaN,NaN,0.06,3,NaN,outside_reference_surface
385,NaN,NaN,NaN,NaN,0.0,0,NaN,outside_reference_surface
386,NaN,NaN,NaN,NaN,0.02,1,NaN,outside_reference_surface
387,NaN,NaN,NaN,NaN,0.1,5,NaN,outside_reference_surface
388,NaN,NaN,NaN,NaN,0.0,0,NaN,outside_reference_surface
389,NaN,NaN,NaN,NaN,0.72,36,NaN,outside_reference_surface
390,NaN,NaN,NaN,NaN,0.9,45,NaN,outside_reference_surface
391,NaN,NaN,NaN,NaN,0.0,0,NaN,outside_reference_surface
392,NaN,NaN,NaN,NaN,0.0,0,NaN,outside_reference_surface
393,NaN,NaN,NaN,NaN,1.0,50,NaN,outside_reference_surface
394,NaN,NaN,NaN,NaN,1.0,50,NaN,outside_reference_surface
395,NaN,NaN,NaN,NaN,1.0,50,NaN,outside_reference_surface
396,NaN,NaN,NaN,NaN,0.0,0,NaN,outside_reference_surface
397,NaN,NaN,NaN,NaN,0.0,0,NaN,outside_reference_surface
398,NaN,NaN,NaN,NaN,0.98,49,NaN,outside_reference_surface
399,NaN,NaN,NaN,NaN,1.0,50,NaN,outside_reference_surface
400,NaN,NaN,NaN,NaN,1.0,50,NaN,outside_reference_surface
401,NaN,NaN,NaN,NaN,0.0,0,NaN,outside_reference_surface
402,NaN,NaN,NaN,NaN,1.0,50,NaN,outside_reference_surface
403,NaN,NaN,NaN,NaN,0.58,29,NaN,outside_reference_surface
404,NaN,NaN,NaN,NaN,0.0,0,NaN,outside_reference_surface
405,NaN,NaN,NaN,NaN,0.0,0,NaN,outside_reference_surface
406,NaN,NaN,NaN,NaN,0.0,0,NaN,outside_reference_surface
407,NaN,NaN,NaN,NaN,1.0,50,NaN,outside_reference_surface
408,NaN,NaN,NaN,NaN,1.0,50,NaN,outside_reference_surface
409,NaN,NaN,NaN,NaN,1.0,50,NaN,outside_reference_surface
410,NaN,NaN,NaN,NaN,1.0,50,NaN,outside_reference_surface
411,NaN,NaN,NaN,NaN,1.0,50,NaN,outside_reference_surface
412,NaN,NaN,NaN,NaN,0.18,9,NaN,outside_reference_surface
413,NaN,NaN,NaN,NaN,0.0,0,NaN,outside_reference_surface
414,NaN,NaN,NaN,NaN,1.0,50,NaN,outside_reference_surface
415,NaN,NaN,NaN,NaN,1.0,50,NaN,outside_reference_surface
416,NaN,NaN,NaN,NaN,1.0,50,NaN,outside_reference_surface
417,NaN,NaN,NaN,NaN,1.0,50,NaN,outside_reference_surface
418,NaN,NaN,NaN,NaN,0.98,49,NaN,outside_reference_surface
419,NaN,NaN,NaN,NaN,0.0,0,NaN,outside_reference_surface
420,NaN,NaN,NaN,NaN,0.0,0,NaN,outside_reference_surface
421,NaN,NaN,NaN,NaN,0.0,0,NaN,outside_reference_surface
422,NaN,NaN,NaN,NaN,1.0,50,NaN,outside_reference_surface
423,NaN,NaN,NaN,NaN,0.0,0,NaN,outside_reference_surface
424,NaN,NaN,NaN,NaN,0.0,0,NaN,outside_reference_surface
425,NaN,NaN,NaN,NaN,0.0,0,NaN,outside_reference_surface
426,NaN,NaN,NaN,NaN,0.54,27,NaN,outside_reference_surface
427,NaN,NaN,NaN,NaN,0.04,2,NaN,outside_reference_surface
428,NaN,NaN,NaN,NaN,1.0,50,NaN,outside_reference_surface
429,NaN,NaN,NaN,NaN,0.04,2,NaN,outside_reference_surface
430,NaN,NaN,NaN,NaN,1.0,50,NaN,outside_reference_surface
431,NaN,NaN,NaN,NaN,1.0,50,NaN,outside_reference_surface
432,NaN,NaN,NaN,NaN,0.0,0,NaN,outside_reference_surface
433,NaN,NaN,NaN,NaN,0.0,0,NaN,outside_reference_surface
434,NaN,NaN,NaN,NaN,0.0,0,NaN,outside_reference_surface
435,NaN,NaN,NaN,NaN,0.0,0,NaN,outside_reference_surface
436,NaN,NaN,NaN,NaN,0.62,31,NaN,outside_reference_surface
437,NaN,NaN,NaN,NaN,0.0,0,NaN,outside_reference_surface
438,NaN,NaN,NaN,NaN,0.0,0,NaN,outside_reference_surface
439,NaN,NaN,NaN,NaN,0.0,0,NaN,outside_reference_surface
440,NaN,NaN,NaN,NaN,0.0,0,NaN,outside_reference_surface
441,NaN,NaN,NaN,NaN,0.96,48,NaN,outside_reference_surface
442,NaN,NaN,NaN,NaN,0.0,0,NaN,outside_reference_surface
443,NaN,NaN,NaN,NaN,0.0,0,NaN,outside_reference_surface
444,NaN,NaN,NaN,NaN,1.0,50,NaN,outside_reference_surface
445,NaN,NaN,NaN,NaN,1.0,50,NaN,outside_reference_surface
446,NaN,NaN,NaN,NaN,1.0,50,NaN,outside_reference_surface
447,NaN,NaN,NaN,NaN,0.0,0,NaN,outside_reference_surface
448,NaN,NaN,NaN,NaN,1.0,50,NaN,outside_reference_surface
449,NaN,NaN,NaN,NaN,1.0,50,NaN,outside_reference_surface
450,NaN,NaN,NaN,NaN,1.0,50,NaN,outside_reference_surface
451,NaN,NaN,NaN,NaN,1.0,50,NaN,outside_reference_surface
452,NaN,NaN,NaN,NaN,1.0,50,NaN,outside_reference_surface
453,NaN,NaN,NaN,NaN,0.0,0,NaN,outside_reference_surface
454,NaN,NaN,NaN,NaN,0.3,15,NaN,outside_reference_surface
455,NaN,NaN,NaN,NaN,0.6,30,NaN,outside_reference_surface
456,NaN,NaN,NaN,NaN,0.0,0,NaN,outside_reference_surface
457,NaN,NaN,NaN,NaN,0.24,12,NaN,outside_reference_surface
458,NaN,NaN,NaN,NaN,0.04,2,NaN,outside_reference_surface
459,NaN,NaN,NaN,NaN,1.0,50,NaN,outside_reference_surface
460,NaN,NaN,NaN,NaN,0.0,0,NaN,outside_reference_surface
461,NaN,NaN,NaN,NaN,0.0,0,NaN,outside_reference_surface
462,NaN,NaN,NaN,NaN,0.06,3,NaN,outside_reference_surface
463,NaN,NaN,NaN,NaN,0.0,0,NaN,outside_reference_surface
464,NaN,NaN,NaN,NaN,0.0,0,NaN,outside_reference_surface
465,NaN,NaN,NaN,NaN,0.0,0,NaN,outside_reference_surface
466,NaN,NaN,NaN,NaN,0.04,2,NaN,outside_reference_surface
467,NaN,NaN,NaN,NaN,1.0,50,NaN,outside_reference_surface
468,NaN,NaN,NaN,NaN,0.0,0,NaN,outside_reference_surface
469,NaN,NaN,NaN,NaN,0.0,0,NaN,outside_reference_surface
470,NaN,NaN,NaN,NaN,1.0,50,NaN,outside_reference_surface
471,NaN,NaN,NaN,NaN,0.96,48,NaN,outside_reference_surface
472,NaN,NaN,NaN,NaN,0.0,0,NaN,outside_reference_surface
473,NaN,NaN,NaN,NaN,0.0,0,NaN,outside_reference_surface
474,NaN,NaN,NaN,NaN,0.0,0,NaN,outside_reference_surface
475,NaN,NaN,NaN,NaN,0.0,0,NaN,outside_reference_surface
476,NaN,NaN,NaN,NaN,1.0,50,NaN,outside_reference_surface
477,NaN,NaN,NaN,NaN,0.0,0,NaN,outside_reference_surface
478,NaN,NaN,NaN,NaN,0.02,1,NaN,outside_reference_surface
479,NaN,NaN,NaN,NaN,0.98,49,NaN,outside_reference_surface
480,NaN,NaN,NaN,NaN,0.0,0,NaN,outside_reference_surface
481,NaN,NaN,NaN,NaN,0.0,0,NaN,outside_reference_surface
482,NaN,NaN,NaN,NaN,0.0,0,NaN,outside_reference_surface
483,NaN,NaN,NaN,NaN,0.0,0,NaN,outside_reference_surface
484,NaN,NaN,NaN,NaN,0.0,0,NaN,outside_reference_surface
485,NaN,NaN,NaN,NaN,0.0,0,NaN,outside_reference_surface
486,NaN,NaN,NaN,NaN,1.0,50,NaN,outside_reference_surface
487,NaN,NaN,NaN,NaN,0.0,0,NaN,outside_reference_surface
488,NaN,NaN,NaN,NaN,0.0,0,NaN,outside_reference_surface
489,NaN,NaN,NaN,NaN,0.0,0,NaN,outside_reference_surface
490,NaN,NaN,NaN,NaN,0.62,31,NaN,outside_reference_surface
491,NaN,NaN,NaN,NaN,0.0,0,NaN,outside_reference_surface
492,NaN,NaN,NaN,NaN,0.52,26,NaN,outside_reference_surface
493,NaN,NaN,NaN,NaN,0.0,0,NaN,outside_reference_surface
494,NaN,NaN,NaN,NaN,0.0,0,NaN,outside_reference_surface
495,NaN,NaN,NaN,NaN,0.0,0,NaN,outside_reference_surface
496,NaN,NaN,NaN,NaN,0.0,0,NaN,outside_reference_surface
497,NaN,NaN,NaN,NaN,0.0,0,NaN,outside_reference_surface
498,NaN,NaN,NaN,NaN,0.0,0,NaN,outside_reference_surface
499,NaN,NaN,NaN,NaN,1.0,50,NaN,outside_reference_surface
500,NaN,NaN,NaN,NaN,0.0,0,NaN,outside_reference_surface
501,NaN,NaN,NaN,NaN,1.0,50,NaN,outside_reference_surface
502,NaN,NaN,NaN,NaN,1.0,50,NaN,outside_reference_surface
503,NaN,NaN,NaN,NaN,1.0,50,NaN,outside_reference_surface
504,NaN,NaN,NaN,NaN,1.0,50,NaN,outside_reference_surface
505,NaN,NaN,NaN,NaN,0.0,0,NaN,outside_reference_surface
506,NaN,NaN,NaN,NaN,0.0,0,NaN,outside_reference_surface
507,NaN,NaN,NaN,NaN,0.0,0,NaN,outside_reference_surface
508,NaN,NaN,NaN,NaN,1.0,50,NaN,outside_reference_surface
509,NaN,NaN,NaN,NaN,1.0,50,NaN,outside_reference_surface
510,NaN,NaN,NaN,NaN,0.96,48,NaN,outside_reference_surface
511,NaN,NaN,NaN,NaN,0.0,0,NaN,outside_reference_surface
512,NaN,NaN,NaN,NaN,1.0,50,NaN,outside_reference_surface
513,NaN,NaN,NaN,NaN,0.0,0,NaN,outside_reference_surface
514,NaN,NaN,NaN,NaN,0.0,0,NaN,outside_reference_surface
515,NaN,NaN,NaN,NaN,0.0,0,NaN,outside_reference_surface
516,NaN,NaN,NaN,NaN,0.0,0,NaN,outside_reference_surface
517,NaN,NaN,NaN,NaN,0.0,0,NaN,outside_reference_surface
518,NaN,NaN,NaN,NaN,0.0,0,NaN,outside_reference_surface
519,NaN,NaN,NaN,NaN,0.0,0,NaN,outside_reference_surface
520,NaN,NaN,NaN,NaN,0.38,19,NaN,outside_reference_surface
521,NaN,NaN,NaN,NaN,0.0,0,NaN,outside_reference_surface
522,NaN,NaN,NaN,NaN,1.0,50,NaN,outside_reference_surface
523,NaN,NaN,NaN,NaN,0.86,43,NaN,outside_reference_surface
524,NaN,NaN,NaN,NaN,0.6,30,NaN,outside_reference_surface
525,NaN,NaN,NaN,NaN,0.96,48,NaN,outside_reference_surface
526,NaN,NaN,NaN,NaN,1.0,50,NaN,outside_reference_surface
527,NaN,NaN,NaN,NaN,0.0,0,NaN,outside_reference_surface
528,NaN,NaN,NaN,NaN,1.0,50,NaN,outside_reference_surface
529,NaN,NaN,NaN,NaN,1.0,50,NaN,outside_reference_surface
530,NaN,NaN,NaN,NaN,1.0,50,NaN,outside_reference_surface
531,NaN,NaN,NaN,NaN,0.0,0,NaN,outside_reference_surface
532,NaN,NaN,NaN,NaN,0.0,0,NaN,outside_reference_surface
533,NaN,NaN,NaN,NaN,0.0,0,NaN,outside_reference_surface
534,NaN,NaN,NaN,NaN,0.0,0,NaN,outside_reference_surface
535,NaN,NaN,NaN,NaN,1.0,50,NaN,outside_reference_surface
536,NaN,NaN,NaN,NaN,1.0,50,NaN,outside_reference_surface
537,NaN,NaN,NaN,NaN,1.0,50,NaN,outside_reference_surface
538,NaN,NaN,NaN,NaN,1.0,50,NaN,outside_reference_surface
539,NaN,NaN,NaN,NaN,0.28,14,NaN,outside_reference_surface
540,NaN,NaN,NaN,NaN,1.0,50,NaN,outside_reference_surface
541,NaN,NaN,NaN,NaN,1.0,50,NaN,outside_reference_surface
542,NaN,NaN,NaN,NaN,1.0,50,NaN,outside_reference_surface
543,NaN,NaN,NaN,NaN,1.0,50,NaN,outside_reference_surface
544,NaN,NaN,NaN,NaN,0.02,1,NaN,outside_reference_surface
545,NaN,NaN,NaN,NaN,0.0,0,NaN,outside_reference_surface
546,NaN,NaN,NaN,NaN,0.62,31,NaN,outside_reference_surface
547,NaN,NaN,NaN,NaN,1.0,50,NaN,outside_reference_surface
548,NaN,NaN,NaN,NaN,0.84,42,NaN,outside_reference_surface
549,NaN,NaN,NaN,NaN,0.64,32,NaN,outside_reference_surface
550,NaN,NaN,NaN,NaN,0.92,46,NaN,outside_reference_surface
551,NaN,NaN,NaN,NaN,0.0,0,NaN,outside_reference_surface
552,NaN,NaN,NaN,NaN,0.0,0,NaN,outside_reference_surface
553,NaN,NaN,NaN,NaN,0.0,0,NaN,outside_reference_surface
554,NaN,NaN,NaN,NaN,1.0,50,NaN,outside_reference_surface
555,NaN,NaN,NaN,NaN,1.0,50,NaN,outside_reference_surface
556,NaN,NaN,NaN,NaN,1.0,50,NaN,outside_reference_surface
557,NaN,NaN,NaN,NaN,0.18,9,NaN,outside_reference_surface
558,NaN,NaN,NaN,NaN,1.0,50,NaN,outside_reference_surface
559,NaN,NaN,NaN,NaN,0.0,0,NaN,outside_reference_surface
560,NaN,NaN,NaN,NaN,1.0,50,NaN,outside_reference_surface
561,NaN,NaN,NaN,NaN,1.0,50,NaN,outside_reference_surface
562,NaN,NaN,NaN,NaN,1.0,50,NaN,outside_reference_surface
563,NaN,NaN,NaN,NaN,1.0,50,NaN,outside_reference_surface
564,NaN,NaN,NaN,NaN,0.0,0,NaN,outside_reference_surface
565,NaN,NaN,NaN,NaN,0.02,1,NaN,outside_reference_surface
566,NaN,NaN,NaN,NaN,0.0,0,NaN,outside_reference_surface
567,NaN,NaN,NaN,NaN,0.0,0,NaN,outside_reference_surface
568,NaN,NaN,NaN,NaN,1.0,50,NaN,outside_reference_surface
569,NaN,NaN,NaN,NaN,0.0,0,NaN,outside_reference_surface
570,NaN,NaN,NaN,NaN,0.0,0,NaN,outside_reference_surface
571,NaN,NaN,NaN,NaN,0.0,0,NaN,outside_reference_surface
572,NaN,NaN,NaN,NaN,0.0,0,NaN,outside_reference_surface
573,NaN,NaN,NaN,NaN,1.0,50,NaN,outside_reference_surface
574,NaN,NaN,NaN,NaN,1.0,50,NaN,outside_reference_surface
575,NaN,NaN,NaN,NaN,1.0,50,NaN,outside_reference_surface
576,NaN,NaN,NaN,NaN,1.0,50,NaN,outside_reference_surface
577,NaN,NaN,NaN,NaN,1.0,50,NaN,outside_reference_surface
578,NaN,NaN,NaN,NaN,0.98,49,NaN,outside_reference_surface
579,NaN,NaN,NaN,NaN,1.0,50,NaN,outside_reference_surface
580,NaN,NaN,NaN,NaN,0.1,5,NaN,outside_reference_surface
581,NaN,NaN,NaN,NaN,1.0,50,NaN,outside_reference_surface
582,NaN,NaN,NaN,NaN,1.0,50,NaN,outside_reference_surface
583,NaN,NaN,NaN,NaN,1.0,50,NaN,outside_reference_surface
584,NaN,NaN,NaN,NaN,1.0,50,NaN,outside_reference_surface
585,NaN,NaN,NaN,NaN,1.0,50,NaN,outside_reference_surface
586,NaN,NaN,NaN,NaN,1.0,50,NaN,outside_reference_surface
587,NaN,NaN,NaN,NaN,1.0,50,NaN,outside_reference_surface
588,NaN,NaN,NaN,NaN,1.0,50,NaN,outside_reference_surface
589,NaN,NaN,NaN,NaN,1.0,50,NaN,outside_reference_surface
590,NaN,NaN,NaN,NaN,1.0,50,NaN,outside_reference_surface
591,NaN,NaN,NaN,NaN,1.0,50,NaN,outside_reference_surface
592,NaN,NaN,NaN,NaN,0.0,0,NaN,outside_reference_surface
593,NaN,NaN,NaN,NaN,1.0,50,NaN,outside_reference_surface
594,NaN,NaN,NaN,NaN,0.94,47,NaN,outside_reference_surface
595,NaN,NaN,NaN,NaN,1.0,50,NaN,outside_reference_surface
596,NaN,NaN,NaN,NaN,1.0,50,NaN,outside_reference_surface
597,NaN,NaN,NaN,NaN,1.0,50,NaN,outside_reference_surface
598,NaN,NaN,NaN,NaN,1.0,50,NaN,outside_reference_surface
599,NaN,NaN,NaN,NaN,1.0,50,NaN,outside_reference_surface
600,NaN,NaN,NaN,NaN,1.0,50,NaN,outside_reference_surface
601,NaN,NaN,NaN,NaN,1.0,50,NaN,outside_reference_surface
602,NaN,NaN,NaN,NaN,1.0,50,NaN,outside_reference_surface
603,NaN,NaN,NaN,NaN,1.0,50,NaN,outside_reference_surface
604,NaN,NaN,NaN,NaN,1.0,50,NaN,outside_reference_surface
605,NaN,NaN,NaN,NaN,1.0,50,NaN,outside_reference_surface
606,NaN,NaN,NaN,NaN,1.0,50,NaN,outside_reference_surface
607,NaN,NaN,NaN,NaN,1.0,50,NaN,outside_reference_surface
608,NaN,NaN,NaN,NaN,1.0,50,NaN,outside_reference_surface
609,NaN,NaN,NaN,NaN,1.0,50,NaN,outside_reference_surface
610,NaN,NaN,NaN,NaN,1.0,50,NaN,outside_reference_surface
611,NaN,NaN,NaN,NaN,1.0,50,NaN,outside_reference_surface
612,NaN,NaN,NaN,NaN,1.0,50,NaN,outside_reference_surface
613,NaN,NaN,NaN,NaN,1.0,50,NaN,outside_reference_surface
614,NaN,NaN,NaN,NaN,1.0,50,NaN,outside_reference_surface
615,NaN,NaN,NaN,NaN,0.0,0,NaN,outside_reference_surface
616,NaN,NaN,NaN,NaN,0.0,0,NaN,outside_reference_surface
617,NaN,NaN,NaN,NaN,0.0,0,NaN,outside_reference_surface
618,NaN,NaN,NaN,NaN,0.14,7,NaN,outside_reference_surface
619,NaN,NaN,NaN,NaN,1.0,50,NaN,outside_reference_surface
620,NaN,NaN,NaN,NaN,1.0,50,NaN,outside_reference_surface
621,NaN,NaN,NaN,NaN,0.02,1,NaN,outside_reference_surface
622,NaN,NaN,NaN,NaN,0.0,0,NaN,outside_reference_surface
623,NaN,NaN,NaN,NaN,0.0,0,NaN,outside_reference_surface
624,NaN,NaN,NaN,NaN,0.0,0,NaN,outside_reference_surface
625,NaN,NaN,NaN,NaN,0.0,0,NaN,outside_reference_surface
626,NaN,NaN,NaN,NaN,0.0,0,NaN,outside_reference_surface
627,NaN,NaN,NaN,NaN,1.0,50,NaN,outside_reference_surface
628,NaN,NaN,NaN,NaN,0.0,0,NaN,outside_reference_surface
629,NaN,NaN,NaN,NaN,0.4,20,NaN,outside_reference_surface
630,NaN,NaN,NaN,NaN,0.72,36,NaN,outside_reference_surface
631,NaN,NaN,NaN,NaN,1.0,50,NaN,outside_reference_surface
632,NaN,NaN,NaN,NaN,1.0,50,NaN,outside_reference_surface
633,NaN,NaN,NaN,NaN,0.16,8,NaN,outside_reference_surface
634,NaN,NaN,NaN,NaN,0.02,1,NaN,outside_reference_surface
635,NaN,NaN,NaN,NaN,0.1,5,NaN,outside_reference_surface
636,NaN,NaN,NaN,NaN,1.0,50,NaN,outside_reference_surface
637,NaN,NaN,NaN,NaN,1.0,50,NaN,outside_reference_surface
638,NaN,NaN,NaN,NaN,1.0,50,NaN,outside_reference_surface
639,NaN,NaN,NaN,NaN,1.0,50,NaN,outside_reference_surface
640,NaN,NaN,NaN,NaN,1.0,50,NaN,outside_reference_surface
641,NaN,NaN,NaN,NaN,1.0,50,NaN,outside_reference_surface
642,NaN,NaN,NaN,NaN,0.84,42,NaN,outside_reference_surface
643,NaN,NaN,NaN,NaN,1.0,50,NaN,outside_reference_surface
644,NaN,NaN,NaN,NaN,0.96,48,NaN,outside_reference_surface
645,NaN,NaN,NaN,NaN,0.02,1,NaN,outside_reference_surface
646,NaN,NaN,NaN,NaN,0.0,0,NaN,outside_reference_surface
647,NaN,NaN,NaN,NaN,0.06,3,NaN,outside_reference_surface
648,NaN,NaN,NaN,NaN,0.0,0,NaN,outside_reference_surface
649,NaN,NaN,NaN,NaN,0.0,0,NaN,outside_reference_surface
650,NaN,NaN,NaN,NaN,0.0,0,NaN,outside_reference_surface
651,NaN,NaN,NaN,NaN,1.0,50,NaN,outside_reference_surface
652,NaN,NaN,NaN,NaN,0.0,0,NaN,outside_reference_surface
653,NaN,NaN,NaN,NaN,0.0,0,NaN,outside_reference_surface
654,NaN,NaN,NaN,NaN,0.0,0,NaN,outside_reference_surface
655,NaN,NaN,NaN,NaN,1.0,50,NaN,outside_reference_surface
656,NaN,NaN,NaN,NaN,0.84,42,NaN,outside_reference_surface
657,NaN,NaN,NaN,NaN,1.0,50,NaN,outside_reference_surface
658,NaN,NaN,NaN,NaN,0.0,0,NaN,outside_reference_surface
659,NaN,NaN,NaN,NaN,0.0,0,NaN,outside_reference_surface
660,NaN,NaN,NaN,NaN,1.0,50,NaN,outside_reference_surface
661,NaN,NaN,NaN,NaN,1.0,50,NaN,outside_reference_surface
662,NaN,NaN,NaN,NaN,1.0,50,NaN,outside_reference_surface
663,NaN,NaN,NaN,NaN,1.0,50,NaN,outside_reference_surface
664,NaN,NaN,NaN,NaN,1.0,50,NaN,outside_reference_surface
665,NaN,NaN,NaN,NaN,0.14,7,NaN,outside_reference_surface
666,NaN,NaN,NaN,NaN,0.0,0,NaN,outside_reference_surface
667,NaN,NaN,NaN,NaN,0.0,0,NaN,outside_reference_surface
668,NaN,NaN,NaN,NaN,1.0,50,NaN,outside_reference_surface
669,NaN,NaN,NaN,NaN,1.0,50,NaN,outside_reference_surface
670,NaN,NaN,NaN,NaN,0.98,49,NaN,outside_reference_surface
671,NaN,NaN,NaN,NaN,1.0,50,NaN,outside_reference_surface
672,NaN,NaN,NaN,NaN,0.0,0,NaN,outside_reference_surface
673,NaN,NaN,NaN,NaN,0.0,0,NaN,outside_reference_surface
674,NaN,NaN,NaN,NaN,0.0,0,NaN,outside_reference_surface
675,NaN,NaN,NaN,NaN,0.0,0,NaN,outside_reference_surface
676,NaN,NaN,NaN,NaN,1.0,50,NaN,outside_reference_surface
677,NaN,NaN,NaN,NaN,0.0,0,NaN,outside_reference_surface
678,NaN,NaN,NaN,NaN,0.0,0,NaN,outside_reference_surface
679,NaN,NaN,NaN,NaN,1.0,50,NaN,outside_reference_surface
680,NaN,NaN,NaN,NaN,1.0,50,NaN,outside_reference_surface
681,NaN,NaN,NaN,NaN,1.0,50,NaN,outside_reference_surface
682,NaN,NaN,NaN,NaN,1.0,50,NaN,outside_reference_surface
683,NaN,NaN,NaN,NaN,1.0,50,NaN,outside_reference_surface
684,NaN,NaN,NaN,NaN,1.0,50,NaN,outside_reference_surface
685,NaN,NaN,NaN,NaN,1.0,50,NaN,outside_reference_surface
686,NaN,NaN,NaN,NaN,1.0,50,NaN,outside_reference_surface
687,NaN,NaN,NaN,NaN,0.02,1,NaN,outside_reference_surface
688,NaN,NaN,NaN,NaN,0.08,4,NaN,outside_reference_surface
689,NaN,NaN,NaN,NaN,0.0,0,NaN,outside_reference_surface
690,NaN,NaN,NaN,NaN,0.0,0,NaN,outside_reference_surface
691,NaN,NaN,NaN,NaN,1.0,50,NaN,outside_reference_surface
692,NaN,NaN,NaN,NaN,0.02,1,NaN,outside_reference_surface
693,NaN,NaN,NaN,NaN,0.0,0,NaN,outside_reference_surface
694,NaN,NaN,NaN,NaN,0.14,7,NaN,outside_reference_surface
695,NaN,NaN,NaN,NaN,0.0,0,NaN,outside_reference_surface
696,NaN,NaN,NaN,NaN,1.0,50,NaN,outside_reference_surface
697,NaN,NaN,NaN,NaN,0.92,46,NaN,outside_reference_surface
698,NaN,NaN,NaN,NaN,0.0,0,NaN,outside_reference_surface
699,NaN,NaN,NaN,NaN,0.88,44,NaN,outside_reference_surface
700,NaN,NaN,NaN,NaN,1.0,50,NaN,outside_reference_surface
701,NaN,NaN,NaN,NaN,0.0,0,NaN,outside_reference_surface
702,NaN,NaN,NaN,NaN,0.0,0,NaN,outside_reference_surface
703,NaN,NaN,NaN,NaN,0.0,0,NaN,outside_reference_surface
704,NaN,NaN,NaN,NaN,0.0,0,NaN,outside_reference_surface
705,NaN,NaN,NaN,NaN,0.0,0,NaN,outside_reference_surface
706,NaN,NaN,NaN,NaN,1.0,50,NaN,outside_reference_surface
707,NaN,NaN,NaN,NaN,0.98,49,NaN,outside_reference_surface
708,NaN,NaN,NaN,NaN,1.0,50,NaN,outside_reference_surface
709,NaN,NaN,NaN,NaN,0.0,0,NaN,outside_reference_surface
710,NaN,NaN,NaN,NaN,0.04,2,NaN,outside_reference_surface
711,NaN,NaN,NaN,NaN,1.0,50,NaN,outside_reference_surface
712,NaN,NaN,NaN,NaN,0.72,36,NaN,outside_reference_surface
713,NaN,NaN,NaN,NaN,0.0,0,NaN,outside_reference_surface
714,NaN,NaN,NaN,NaN,0.0,0,NaN,outside_reference_surface
715,NaN,NaN,NaN,NaN,0.0,0,NaN,outside_reference_surface
716,NaN,NaN,NaN,NaN,0.0,0,NaN,outside_reference_surface
717,NaN,NaN,NaN,NaN,0.18,9,NaN,outside_reference_surface
718,NaN,NaN,NaN,NaN,0.0,0,NaN,outside_reference_surface
719,NaN,NaN,NaN,NaN,1.0,50,NaN,outside_reference_surface
720,NaN,NaN,NaN,NaN,1.0,50,NaN,outside_reference_surface
721,NaN,NaN,NaN,NaN,1.0,50,NaN,outside_reference_surface
722,NaN,NaN,NaN,NaN,1.0,50,NaN,outside_reference_surface
723,NaN,NaN,NaN,NaN,1.0,50,NaN,outside_reference_surface
724,NaN,NaN,NaN,NaN,1.0,50,NaN,outside_reference_surface
725,NaN,NaN,NaN,NaN,1.0,50,NaN,outside_reference_surface
726,NaN,NaN,NaN,NaN,1.0,50,NaN,outside_reference_surface
727,NaN,NaN,NaN,NaN,1.0,50,NaN,outside_reference_surface
728,NaN,NaN,NaN,NaN,0.9,45,NaN,outside_reference_surface
729,NaN,NaN,NaN,NaN,1.0,50,NaN,outside_reference_surface
730,NaN,NaN,NaN,NaN,1.0,50,NaN,outside_reference_surface
731,NaN,NaN,NaN,NaN,1.0,50,NaN,outside_reference_surface
732,NaN,NaN,NaN,NaN,1.0,50,NaN,outside_reference_surface
733,NaN,NaN,NaN,NaN,1.0,50,NaN,outside_reference_surface
734,NaN,NaN,NaN,NaN,0.0,0,NaN,outside_reference_surface
735,NaN,NaN,NaN,NaN,0.0,0,NaN,outside_reference_surface
736,NaN,NaN,NaN,NaN,0.98,49,NaN,outside_reference_surface
737,NaN,NaN,NaN,NaN,0.0,0,NaN,outside_reference_surface
738,NaN,NaN,NaN,NaN,0.98,49,NaN,outside_reference_surface
739,NaN,NaN,NaN,NaN,1.0,50,NaN,outside_reference_surface
740,NaN,NaN,NaN,NaN,1.0,50,NaN,outside_reference_surface
741,NaN,NaN,NaN,NaN,1.0,50,NaN,outside_reference_surface
742,NaN,NaN,NaN,NaN,0.0,0,NaN,outside_reference_surface
743,NaN,NaN,NaN,NaN,0.0,0,NaN,outside_reference_surface
744,NaN,NaN,NaN,NaN,0.14,7,NaN,outside_reference_surface
745,NaN,NaN,NaN,NaN,1.0,50,NaN,outside_reference_surface
746,NaN,NaN,NaN,NaN,1.0,50,NaN,outside_reference_surface
747,NaN,NaN,NaN,NaN,1.0,50,NaN,outside_reference_surface
748,NaN,NaN,NaN,NaN,0.96,48,NaN,outside_reference_surface
749,NaN,NaN,NaN,NaN,1.0,50,NaN,outside_reference_surface
750,NaN,NaN,NaN,NaN,0.0,0,NaN,outside_reference_surface
751,NaN,NaN,NaN,NaN,0.16,8,NaN,outside_reference_surface
752,NaN,NaN,NaN,NaN,1.0,50,NaN,outside_reference_surface
753,NaN,NaN,NaN,NaN,0.0,0,NaN,outside_reference_surface
754,NaN,NaN,NaN,NaN,0.0,0,NaN,outside_reference_surface
755,NaN,NaN,NaN,NaN,0.0,0,NaN,outside_reference_surface
756,NaN,NaN,NaN,NaN,0.6,30,NaN,outside_reference_surface
757,NaN,NaN,NaN,NaN,1.0,50,NaN,outside_reference_surface
758,NaN,NaN,NaN,NaN,0.04,2,NaN,outside_reference_surface
759,NaN,NaN,NaN,NaN,0.14,7,NaN,outside_reference_surface
760,NaN,NaN,NaN,NaN,0.02,1,NaN,outside_reference_surface
761,NaN,NaN,NaN,NaN,1.0,50,NaN,outside_reference_surface
762,NaN,NaN,NaN,NaN,1.0,50,NaN,outside_reference_surface
763,NaN,NaN,NaN,NaN,0.0,0,NaN,outside_reference_surface
764,NaN,NaN,NaN,NaN,0.68,34,NaN,outside_reference_surface
765,NaN,NaN,NaN,NaN,1.0,50,NaN,outside_reference_surface
766,NaN,NaN,NaN,NaN,1.0,50,NaN,outside_reference_surface
767,NaN,NaN,NaN,NaN,0.0,0,NaN,outside_reference_surface
768,NaN,NaN,NaN,NaN,1.0,50,NaN,outside_reference_surface
769,NaN,NaN,NaN,NaN,0.0,0,NaN,outside_reference_surface
770,NaN,NaN,NaN,NaN,0.64,32,NaN,outside_reference_surface
771,NaN,NaN,NaN,NaN,1.0,50,NaN,outside_reference_surface
772,NaN,NaN,NaN,NaN,1.0,50,NaN,outside_reference_surface
773,NaN,NaN,NaN,NaN,1.0,50,NaN,outside_reference_surface
774,NaN,NaN,NaN,NaN,1.0,50,NaN,outside_reference_surface
775,NaN,NaN,NaN,NaN,1.0,50,NaN,outside_reference_surface
776,NaN,NaN,NaN,NaN,0.34,17,NaN,outside_reference_surface
777,NaN,NaN,NaN,NaN,1.0,50,NaN,outside_reference_surface
778,NaN,NaN,NaN,NaN,1.0,50,NaN,outside_reference_surface
779,NaN,NaN,NaN,NaN,0.0,0,NaN,outside_reference_surface
780,NaN,NaN,NaN,NaN,1.0,50,NaN,outside_reference_surface
781,NaN,NaN,NaN,NaN,1.0,50,NaN,outside_reference_surface
782,NaN,NaN,NaN,NaN,0.46,23,NaN,outside_reference_surface
783,NaN,NaN,NaN,NaN,1.0,50,NaN,outside_reference_surface
784,NaN,NaN,NaN,NaN,0.84,42,NaN,outside_reference_surface
785,NaN,NaN,NaN,NaN,0.98,49,NaN,outside_reference_surface
786,NaN,NaN,NaN,NaN,0.96,48,NaN,outside_reference_surface
787,NaN,NaN,NaN,NaN,1.0,50,NaN,outside_reference_surface
788,NaN,NaN,NaN,NaN,1.0,50,NaN,outside_reference_surface
789,NaN,NaN,NaN,NaN,1.0,50,NaN,outside_reference_surface
790,NaN,NaN,NaN,NaN,1.0,50,NaN,outside_reference_surface
791,NaN,NaN,NaN,NaN,1.0,50,NaN,outside_reference_surface
792,NaN,NaN,NaN,NaN,0.0,0,NaN,outside_reference_surface
793,NaN,NaN,NaN,NaN,1.0,50,NaN,outside_reference_surface
794,NaN,NaN,NaN,NaN,1.0,50,NaN,outside_reference_surface
795,NaN,NaN,NaN,NaN,1.0,50,NaN,outside_reference_surface
796,NaN,NaN,NaN,NaN,1.0,50,NaN,outside_reference_surface
797,NaN,NaN,NaN,NaN,0.54,27,NaN,outside_reference_surface
798,NaN,NaN,NaN,NaN,0.36,18,NaN,outside_reference_surface
799,NaN,NaN,NaN,NaN,1.0,50,NaN,outside_reference_surface
800,NaN,NaN,NaN,NaN,1.0,50,NaN,outside_reference_surface
801,NaN,NaN,NaN,NaN,0.06,3,NaN,outside_reference_surface
802,NaN,NaN,NaN,NaN,1.0,50,NaN,outside_reference_surface
803,NaN,NaN,NaN,NaN,0.0,0,NaN,outside_reference_surface
804,NaN,NaN,NaN,NaN,0.0,0,NaN,outside_reference_surface
805,NaN,NaN,NaN,NaN,0.0,0,NaN,outside_reference_surface
806,NaN,NaN,NaN,NaN,0.0,0,NaN,outside_reference_surface
807,NaN,NaN,NaN,NaN,1.0,50,NaN,outside_reference_surface
808,NaN,NaN,NaN,NaN,1.0,50,NaN,outside_reference_surface
809,NaN,NaN,NaN,NaN,0.0,0,NaN,outside_reference_surface
810,NaN,NaN,NaN,NaN,0.0,0,NaN,outside_reference_surface
811,NaN,NaN,NaN,NaN,1.0,50,NaN,outside_reference_surface
812,NaN,NaN,NaN,NaN,1.0,50,NaN,outside_reference_surface
813,NaN,NaN,NaN,NaN,1.0,50,NaN,outside_reference_surface
814,NaN,NaN,NaN,NaN,1.0,50,NaN,outside_reference_surface
815,NaN,NaN,NaN,NaN,0.0,0,NaN,outside_reference_surface
816,NaN,NaN,NaN,NaN,0.96,48,NaN,outside_reference_surface
817,NaN,NaN,NaN,NaN,0.0,0,NaN,outside_reference_surface
818,NaN,NaN,NaN,NaN,0.0,0,NaN,outside_reference_surface
819,NaN,NaN,NaN,NaN,0.0,0,NaN,outside_reference_surface
820,NaN,NaN,NaN,NaN,1.0,50,NaN,outside_reference_surface
821,NaN,NaN,NaN,NaN,1.0,50,NaN,outside_reference_surface
822,NaN,NaN,NaN,NaN,0.0,0,NaN,outside_reference_surface
823,NaN,NaN,NaN,NaN,0.0,0,NaN,outside_reference_surface
824,NaN,NaN,NaN,NaN,0.0,0,NaN,outside_reference_surface
825,NaN,NaN,NaN,NaN,0.0,0,NaN,outside_reference_surface
826,NaN,NaN,NaN,NaN,0.0,0,NaN,outside_reference_surface
827,NaN,NaN,NaN,NaN,0.0,0,NaN,outside_reference_surface
828,NaN,NaN,NaN,NaN,0.0,0,NaN,outside_reference_surface
829,NaN,NaN,NaN,NaN,0.0,0,NaN,outside_reference_surface
830,NaN,NaN,NaN,NaN,0.28,14,NaN,outside_reference_surface
831,NaN,NaN,NaN,NaN,0.0,0,NaN,outside_reference_surface
832,NaN,NaN,NaN,NaN,0.0,0,NaN,outside_reference_surface
833,NaN,NaN,NaN,NaN,0.0,0,NaN,outside_reference_surface
834,NaN,NaN,NaN,NaN,0.0,0,NaN,outside_reference_surface
835,NaN,NaN,NaN,NaN,0.0,0,NaN,outside_reference_surface
836,NaN,NaN,NaN,NaN,1.0,50,NaN,outside_reference_surface
837,NaN,NaN,NaN,NaN,1.0,50,NaN,outside_reference_surface
838,NaN,NaN,NaN,NaN,1.0,50,NaN,outside_reference_surface
839,NaN,NaN,NaN,NaN,1.0,50,NaN,outside_reference_surface
840,NaN,NaN,NaN,NaN,1.0,50,NaN,outside_reference_surface
841,NaN,NaN,NaN,NaN,1.0,50,NaN,outside_reference_surface
842,NaN,NaN,NaN,NaN,0.18,9,NaN,outside_reference_surface
843,NaN,NaN,NaN,NaN,1.0,50,NaN,outside_reference_surface
844,NaN,NaN,NaN,NaN,1.0,50,NaN,outside_reference_surface
845,NaN,NaN,NaN,NaN,1.0,50,NaN,outside_reference_surface
846,NaN,NaN,NaN,NaN,1.0,50,NaN,outside_reference_surface
847,NaN,NaN,NaN,NaN,1.0,50,NaN,outside_reference_surface
848,NaN,NaN,NaN,NaN,1.0,50,NaN,outside_reference_surface
849,NaN,NaN,NaN,NaN,1.0,50,NaN,outside_reference_surface
850,NaN,NaN,NaN,NaN,1.0,50,NaN,outside_reference_surface
851,NaN,NaN,NaN,NaN,1.0,50,NaN,outside_reference_surface
852,NaN,NaN,NaN,NaN,1.0,50,NaN,outside_reference_surface
853,NaN,NaN,NaN,NaN,1.0,50,NaN,outside_reference_surface
854,NaN,NaN,NaN,NaN,1.0,50,NaN,outside_reference_surface
855,NaN,NaN,NaN,NaN,1.0,50,NaN,outside_reference_surface
856,NaN,NaN,NaN,NaN,0.0,0,NaN,outside_reference_surface
857,NaN,NaN,NaN,NaN,0.02,1,NaN,outside_reference_surface
858,NaN,NaN,NaN,NaN,1.0,50,NaN,outside_reference_surface
859,NaN,NaN,NaN,NaN,1.0,50,NaN,outside_reference_surface
860,NaN,NaN,NaN,NaN,1.0,50,NaN,outside_reference_surface
861,NaN,NaN,NaN,NaN,1.0,50,NaN,outside_reference_surface
862,NaN,NaN,NaN,NaN,1.0,50,NaN,outside_reference_surface
863,NaN,NaN,NaN,NaN,1.0,50,NaN,outside_reference_surface
864,NaN,NaN,NaN,NaN,1.0,50,NaN,outside_reference_surface
865,NaN,NaN,NaN,NaN,1.0,50,NaN,outside_reference_surface
866,NaN,NaN,NaN,NaN,1.0,50,NaN,outside_reference_surface
867,NaN,NaN,NaN,NaN,1.0,50,NaN,outside_reference_surface
868,NaN,NaN,NaN,NaN,1.0,50,NaN,outside_reference_surface
869,NaN,NaN,NaN,NaN,1.0,50,NaN,outside_reference_surface
870,NaN,NaN,NaN,NaN,1.0,50,NaN,outside_reference_surface
871,NaN,NaN,NaN,NaN,1.0,50,NaN,outside_reference_surface
872,NaN,NaN,NaN,NaN,1.0,50,NaN,outside_reference_surface
873,NaN,NaN,NaN,NaN,1.0,50,NaN,outside_reference_surface
874,NaN,NaN,NaN,NaN,1.0,50,NaN,outside_reference_surface
875,NaN,NaN,NaN,NaN,1.0,50,NaN,outside_reference_surface
876,NaN,NaN,NaN,NaN,1.0,50,NaN,outside_reference_surface
877,NaN,NaN,NaN,NaN,1.0,50,NaN,outside_reference_surface
878,NaN,NaN,NaN,NaN,1.0,50,NaN,outside_reference_surface
879,NaN,NaN,NaN,NaN,1.0,50,NaN,outside_reference_surface
880,NaN,NaN,NaN,NaN,1.0,50,NaN,outside_reference_surface
881,NaN,NaN,NaN,NaN,1.0,50,NaN,outside_reference_surface
882,NaN,NaN,NaN,NaN,1.0,50,NaN,outside_reference_surface
883,NaN,NaN,NaN,NaN,0.0,0,NaN,outside_reference_surface
884,NaN,NaN,NaN,NaN,1.0,50,NaN,outside_reference_surface
885,NaN,NaN,NaN,NaN,1.0,50,NaN,outside_reference_surface
886,NaN,NaN,NaN,NaN,1.0,50,NaN,outside_reference_surface
887,NaN,NaN,NaN,NaN,1.0,50,NaN,outside_reference_surface
888,NaN,NaN,NaN,NaN,1.0,50,NaN,outside_reference_surface
889,NaN,NaN,NaN,NaN,1.0,50,NaN,outside_reference_surface
890,NaN,NaN,NaN,NaN,1.0,50,NaN,outside_reference_surface
891,NaN,NaN,NaN,NaN,1.0,50,NaN,outside_reference_surface
892,NaN,NaN,NaN,NaN,1.0,50,NaN,outside_reference_surface
893,NaN,NaN,NaN,NaN,1.0,50,NaN,outside_reference_surface
894,NaN,NaN,NaN,NaN,1.0,50,NaN,outside_reference_surface
895,NaN,NaN,NaN,NaN,1.0,50,NaN,outside_reference_surface
896,NaN,NaN,NaN,NaN,1.0,50,NaN,outside_reference_surface
897,NaN,NaN,NaN,NaN,1.0,50,NaN,outside_reference_surface
898,NaN,NaN,NaN,NaN,1.0,50,NaN,outside_reference_surface
899,NaN,NaN,NaN,NaN,1.0,50,NaN,outside_reference_surface
900,NaN,NaN,NaN,NaN,1.0,50,NaN,outside_reference_surface
901,NaN,NaN,NaN,NaN,1.0,50,NaN,outside_reference_surface
902,NaN,NaN,NaN,NaN,1.0,50,NaN,outside_reference_surface
903,NaN,NaN,NaN,NaN,1.0,50,NaN,outside_reference_surface
904,NaN,NaN,NaN,NaN,1.0,50,NaN,outside_reference_surface
905,NaN,NaN,NaN,NaN,1.0,50,NaN,outside_reference_surface
906,NaN,NaN,NaN,NaN,1.0,50,NaN,outside_reference_surface
907,NaN,NaN,NaN,NaN,1.0,50,NaN,outside_reference_surface
908,NaN,NaN,NaN,NaN,1.0,50,NaN,outside_reference_surface
909,NaN,NaN,NaN,NaN,1.0,50,NaN,outside_reference_surface
910,NaN,NaN,NaN,NaN,1.0,50,NaN,outside_reference_surface
911,NaN,NaN,NaN,NaN,1.0,50,NaN,outside_reference_surface
912,NaN,NaN,NaN,NaN,1.0,50,NaN,outside_reference_surface
913,NaN,NaN,NaN,NaN,1.0,50,NaN,outside_reference_surface
914,NaN,NaN,NaN,NaN,1.0,50,NaN,outside_reference_surface
915,NaN,NaN,NaN,NaN,1.0,50,NaN,outside_reference_surface
916,NaN,NaN,NaN,NaN,1.0,50,NaN,outside_reference_surface
917,NaN,NaN,NaN,NaN,1.0,50,NaN,outside_reference_surface
918,NaN,NaN,NaN,NaN,1.0,50,NaN,outside_reference_surface
919,NaN,NaN,NaN,NaN,1.0,50,NaN,outside_reference_surface
920,NaN,NaN,NaN,NaN,1.0,50,NaN,outside_reference_surface
921,NaN,NaN,NaN,NaN,1.0,50,NaN,outside_reference_surface
922,NaN,NaN,NaN,NaN,1.0,50,NaN,outside_reference_surface
923,NaN,NaN,NaN,NaN,1.0,50,NaN,outside_reference_surface
924,NaN,NaN,NaN,NaN,1.0,50,NaN,outside_reference_surface
925,NaN,NaN,NaN,NaN,1.0,50,NaN,outside_reference_surface
926,NaN,NaN,NaN,NaN,1.0,50,NaN,outside_reference_surface
927,NaN,NaN,NaN,NaN,1.0,50,NaN,outside_reference_surface
928,NaN,NaN,NaN,NaN,1.0,50,NaN,outside_reference_surface
929,NaN,NaN,NaN,NaN,1.0,50,NaN,outside_reference_surface
930,NaN,NaN,NaN,NaN,1.0,50,NaN,outside_reference_surface
931,NaN,NaN,NaN,NaN,1.0,50,NaN,outside_reference_surface
932,NaN,NaN,NaN,NaN,1.0,50,NaN,outside_reference_surface
933,NaN,NaN,NaN,NaN,1.0,50,NaN,outside_reference_surface
934,NaN,NaN,NaN,NaN,1.0,50,NaN,outside_reference_surface
935,NaN,NaN,NaN,NaN,1.0,50,NaN,outside_reference_surface
936,NaN,NaN,NaN,NaN,1.0,50,NaN,outside_reference_surface
937,NaN,NaN,NaN,NaN,1.0,50,NaN,outside_reference_surface
938,NaN,NaN,NaN,NaN,1.0,50,NaN,outside_reference_surface
939,NaN,NaN,NaN,NaN,1.0,50,NaN,outside_reference_surface
940,NaN,NaN,NaN,NaN,1.0,50,NaN,outside_reference_surface
941,NaN,NaN,NaN,NaN,1.0,50,NaN,outside_reference_surface
942,NaN,NaN,NaN,NaN,1.0,50,NaN,outside_reference_surface
943,NaN,NaN,NaN,NaN,1.0,50,NaN,outside_reference_surface
944,NaN,NaN,NaN,NaN,1.0,50,NaN,outside_reference_surface
945,NaN,NaN,NaN,NaN,1.0,50,NaN,outside_reference_surface
946,NaN,NaN,NaN,NaN,1.0,50,NaN,outside_reference_surface
947,NaN,NaN,NaN,NaN,1.0,50,NaN,outside_reference_surface
948,NaN,NaN,NaN,NaN,1.0,50,NaN,outside_reference_surface
949,NaN,NaN,NaN,NaN,1.0,50,NaN,outside_reference_surface
950,NaN,NaN,NaN,NaN,1.0,50,NaN,outside_reference_surface
951,NaN,NaN,NaN,NaN,1.0,50,NaN,outside_reference_surface
952,NaN,NaN,NaN,NaN,1.0,50,NaN,outside_reference_surface
953,NaN,NaN,NaN,NaN,1.0,50,NaN,outside_reference_surface
954,NaN,NaN,NaN,NaN,1.0,50,NaN,outside_reference_surface
955,NaN,NaN,NaN,NaN,1.0,50,NaN,outside_reference_surface
956,NaN,NaN,NaN,NaN,1.0,50,NaN,outside_reference_surface
957,NaN,NaN,NaN,NaN,1.0,50,NaN,outside_reference_surface
958,NaN,NaN,NaN,NaN,1.0,50,NaN,outside_reference_surface
959,NaN,NaN,NaN,NaN,1.0,50,NaN,outside_reference_surface
960,NaN,NaN,NaN,NaN,1.0,50,NaN,outside_reference_surface
961,NaN,NaN,NaN,NaN,1.0,50,NaN,outside_reference_surface
962,NaN,NaN,NaN,NaN,1.0,50,NaN,outside_reference_surface
963,NaN,NaN,NaN,NaN,1.0,50,NaN,outside_reference_surface
964,NaN,NaN,NaN,NaN,1.0,50,NaN,outside_reference_surface
965,NaN,NaN,NaN,NaN,1.0,50,NaN,outside_reference_surface
966,NaN,NaN,NaN,NaN,1.0,50,NaN,outside_reference_surface
967,NaN,NaN,NaN,NaN,1.0,50,NaN,outside_reference_surface
968,NaN,NaN,NaN,NaN,1.0,50,NaN,outside_reference_surface
969,NaN,NaN,NaN,NaN,1.0,50,NaN,outside_reference_surface
970,NaN,NaN,NaN,NaN,1.0,50,NaN,outside_reference_surface
971,NaN,NaN,NaN,NaN,1.0,50,NaN,outside_reference_surface
972,NaN,NaN,NaN,NaN,1.0,50,NaN,outside_reference_surface
973,NaN,NaN,NaN,NaN,1.0,50,NaN,outside_reference_surface
974,NaN,NaN,NaN,NaN,1.0,50,NaN,outside_reference_surface
975,NaN,NaN,NaN,NaN,1.0,50,NaN,outside_reference_surface
976,NaN,NaN,NaN,NaN,1.0,50,NaN,outside_reference_surface
977,NaN,NaN,NaN,NaN,0.0,0,NaN,outside_reference_surface
978,NaN,NaN,NaN,NaN,0.0,0,NaN,outside_reference_surface
979,NaN,NaN,NaN,NaN,0.0,0,NaN,outside_reference_surface
980,NaN,NaN,NaN,NaN,0.0,0,NaN,outside_reference_surface
981,NaN,NaN,NaN,NaN,0.0,0,NaN,outside_reference_surface
982,NaN,NaN,NaN,NaN,0.0,0,NaN,outside_reference_surface
983,NaN,NaN,NaN,NaN,0.0,0,NaN,outside_reference_surface
984,NaN,NaN,NaN,NaN,0.0,0,NaN,outside_reference_surface
985,NaN,NaN,NaN,NaN,0.0,0,NaN,outside_reference_surface
986,NaN,NaN,NaN,NaN,0.0,0,NaN,outside_reference_surface
987,NaN,NaN,NaN,NaN,0.0,0,NaN,outside_reference_surface
988,NaN,NaN,NaN,NaN,0.0,0,NaN,outside_reference_surface
989,NaN,NaN,NaN,NaN,0.0,0,NaN,outside_reference_surface
990,NaN,NaN,NaN,NaN,0.0,0,NaN,outside_reference_surface
991,NaN,NaN,NaN,NaN,0.0,0,NaN,outside_reference_surface
992,NaN,NaN,NaN,NaN,0.0,0,NaN,outside_reference_surface
993,NaN,NaN,NaN,NaN,0.0,0,NaN,outside_reference_surface
994,NaN,NaN,NaN,NaN,0.0,0,NaN,outside_reference_surface
995,NaN,NaN,NaN,NaN,0.0,0,NaN,outside_reference_surface
996,NaN,NaN,NaN,NaN,0.0,0,NaN,outside_reference_surface
997,NaN,NaN,NaN,NaN,0.0,0,NaN,outside_reference_surface
998,NaN,NaN,NaN,NaN,0.0,0,NaN,outside_reference_surface
999,NaN,NaN,NaN,NaN,0.0,0,NaN,outside_reference_surface
1000,NaN,NaN,NaN,NaN,0.0,0,NaN,outside_reference_surface
1001,NaN,NaN,NaN,NaN,0.0,0,NaN,outside_reference_surface
1002,NaN,NaN,NaN,NaN,0.0,0,NaN,outside_reference_surface
1003,NaN,NaN,NaN,NaN,0.0,0,NaN,outside_reference_surface
1004,NaN,NaN,NaN,NaN,0.0,0,NaN,outside_reference_surface
1005,NaN,NaN,NaN,NaN,0.0,0,NaN,outside_reference_surface
1006,NaN,NaN,NaN,NaN,0.0,0,NaN,outside_reference_surface
1007,NaN,NaN,NaN,NaN,0.0,0,NaN,outside_reference_surface
1008,NaN,NaN,NaN,NaN,0.0,0,NaN,outside_reference_surface
1009,NaN,NaN,NaN,NaN,0.0,0,NaN,outside_reference_surface
1010,NaN,NaN,NaN,NaN,0.0,0,NaN,outside_reference_surface
1011,NaN,NaN,NaN,NaN,0.0,0,NaN,outside_reference_surface
1012,NaN,NaN,NaN,NaN,0.0,0,NaN,outside_reference_surface
1013,NaN,NaN,NaN,NaN,0.0,0,NaN,outside_reference_surface
1014,NaN,NaN,NaN,NaN,0.0,0,NaN,outside_reference_surface
1015,NaN,NaN,NaN,NaN,0.0,0,NaN,outside_reference_surface
1016,NaN,NaN,NaN,NaN,0.0,0,NaN,outside_reference_surface
1017,NaN,NaN,NaN,NaN,0.0,0,NaN,outside_reference_surface
1018,NaN,NaN,NaN,NaN,0.0,0,NaN,outside_reference_surface
1019,NaN,NaN,NaN,NaN,0.0,0,NaN,outside_reference_surface
1020,NaN,NaN,NaN,NaN,0.0,0,NaN,outside_reference_surface
1021,NaN,NaN,NaN,NaN,0.0,0,NaN,outside_reference_surface
1022,NaN,NaN,NaN,NaN,0.0,0,NaN,outside_reference_surface
1023,NaN,NaN,NaN,NaN,0.0,0,NaN,outside_reference_surface
1024,NaN,NaN,NaN,NaN,0.0,0,NaN,outside_reference_surface
1025,NaN,NaN,NaN,NaN,0.0,0,NaN,outside_reference_surface
1026,NaN,NaN,NaN,NaN,0.0,0,NaN,outside_reference_surface
1027,NaN,NaN,NaN,NaN,0.0,0,NaN,outside_reference_surface
1028,NaN,NaN,NaN,NaN,0.0,0,NaN,outside_reference_surface
1029,NaN,NaN,NaN,NaN,0.0,0,NaN,outside_reference_surface
1030,NaN,NaN,NaN,NaN,0.0,0,NaN,outside_reference_surface
1031,NaN,NaN,NaN,NaN,0.0,0,NaN,outside_reference_surface
1032,NaN,NaN,NaN,NaN,0.0,0,NaN,outside_reference_surface
1033,NaN,NaN,NaN,NaN,0.0,0,NaN,outside_reference_surface
1034,NaN,NaN,NaN,NaN,0.0,0,NaN,outside_reference_surface
1035,NaN,NaN,NaN,NaN,0.0,0,NaN,outside_reference_surface
1036,NaN,NaN,NaN,NaN,0.0,0,NaN,outside_reference_surface
1037,NaN,NaN,NaN,NaN,0.0,0,NaN,outside_reference_surface
1038,NaN,NaN,NaN,NaN,0.0,0,NaN,outside_reference_surface
1039,NaN,NaN,NaN,NaN,0.0,0,NaN,outside_reference_surface
1040,NaN,NaN,NaN,NaN,0.0,0,NaN,outside_reference_surface
1041,NaN,NaN,NaN,NaN,0.0,0,NaN,outside_reference_surface
1042,NaN,NaN,NaN,NaN,0.0,0,NaN,outside_reference_surface
1043,NaN,NaN,NaN,NaN,0.0,0,NaN,outside_reference_surface
1044,NaN,NaN,NaN,NaN,0.0,0,NaN,outside_reference_surface
1045,NaN,NaN,NaN,NaN,0.0,0,NaN,outside_reference_surface
1046,NaN,NaN,NaN,NaN,0.0,0,NaN,outside_reference_surface
1047,NaN,NaN,NaN,NaN,0.0,0,NaN,outside_reference_surface
1048,NaN,NaN,NaN,NaN,0.0,0,NaN,outside_reference_surface
1049,NaN,NaN,NaN,NaN,0.0,0,NaN,outside_reference_surface
1050,NaN,NaN,NaN,NaN,0.0,0,NaN,outside_reference_surface
1051,NaN,NaN,NaN,NaN,0.0,0,NaN,outside_reference_surface
1052,NaN,NaN,NaN,NaN,0.0,0,NaN,outside_reference_surface
1053,NaN,NaN,NaN,NaN,0.0,0,NaN,outside_reference_surface
1054,NaN,NaN,NaN,NaN,0.0,0,NaN,outside_reference_surface
1055,NaN,NaN,NaN,NaN,0.0,0,NaN,outside_reference_surface
1056,NaN,NaN,NaN,NaN,0.0,0,NaN,outside_reference_surface
1057,NaN,NaN,NaN,NaN,0.0,0,NaN,outside_reference_surface
1058,NaN,NaN,NaN,NaN,0.0,0,NaN,outside_reference_surface
1059,NaN,NaN,NaN,NaN,0.0,0,NaN,outside_reference_surface
1060,NaN,NaN,NaN,NaN,0.0,0,NaN,outside_reference_surface
1061,NaN,NaN,NaN,NaN,0.0,0,NaN,outside_reference_surface
1062,NaN,NaN,NaN,NaN,0.0,0,NaN,outside_reference_surface
1063,NaN,NaN,1373.5814792033812,NaN,0.0,0,NaN,smooth_model_filled
1064,NaN,NaN,1373.5670670263248,NaN,0.0,0,NaN,smooth_model_filled
1065,NaN,NaN,1373.5526962067813,NaN,0.0,0,NaN,smooth_model_filled
1066,NaN,NaN,1373.538366449044,NaN,0.0,0,NaN,smooth_model_filled
1067,NaN,NaN,1373.5240774574095,NaN,0.0,0,NaN,smooth_model_filled
1068,NaN,NaN,1373.509828936172,NaN,0.0,0,NaN,smooth_model_filled
1069,NaN,NaN,1373.495620589627,NaN,0.0,0,NaN,smooth_model_filled
1070,NaN,NaN,1373.481452122069,NaN,0.0,0,NaN,smooth_model_filled
1071,NaN,NaN,1373.4673232377934,NaN,0.0,0,NaN,smooth_model_filled
1072,1373.2580339610577,NaN,1373.453233641095,0.02234770796924149,0.96,48,1.0,segment_edge_excluded
1073,NaN,NaN,1373.4391830362692,NaN,0.0,0,NaN,smooth_model_filled
1074,NaN,NaN,1373.4251711276106,NaN,0.0,0,NaN,smooth_model_filled
1075,NaN,NaN,1373.4111976194145,NaN,0.0,0,NaN,smooth_model_filled
1076,NaN,NaN,1373.3972622159758,NaN,0.0,0,NaN,smooth_model_filled
1077,NaN,NaN,1373.3833646215896,NaN,0.0,0,NaN,smooth_model_filled
1078,NaN,NaN,1373.369504540551,NaN,0.0,0,NaN,smooth_model_filled
1079,NaN,NaN,1373.3556816771547,NaN,0.0,0,NaN,smooth_model_filled
1080,NaN,NaN,1373.3418957356964,NaN,0.0,0,NaN,smooth_model_filled
1081,NaN,NaN,1373.328146420471,NaN,0.0,0,NaN,smooth_model_filled
1082,NaN,NaN,1373.3144334357733,NaN,0.0,0,NaN,smooth_model_filled
1083,NaN,NaN,1373.300756485898,NaN,0.0,0,NaN,smooth_model_filled
1084,NaN,NaN,1373.2871152751406,NaN,0.0,0,NaN,smooth_model_filled
1085,NaN,NaN,1373.2735095077962,NaN,0.0,0,NaN,smooth_model_filled
1086,1373.0847846716642,NaN,1373.2599388881592,0.007920834324268058,1.0,50,2.0,segment_edge_excluded
1087,1373.1430929154158,NaN,1373.2464031205254,0.008750903832402266,1.0,50,2.0,segment_edge_excluded
1088,1373.194369778037,NaN,1373.2329019091894,0.009678721672759705,1.0,50,1.0,observed
1089,1373.1589752286673,NaN,1373.2194349584463,0.008950734169277146,1.0,50,2.0,observed
1090,1373.1379080712795,NaN,1373.2060019725911,0.008923975201983554,1.0,50,2.0,observed
1091,1373.1268514618278,NaN,1373.1926026559195,0.008767851138473788,1.0,50,1.0,observed
1092,1373.1221604011953,NaN,1373.1792367127255,0.008399184074236296,1.0,50,2.0,observed
1093,1373.1034576520324,NaN,1373.165903847305,0.008291071165269467,1.0,50,1.0,observed
1094,1373.0625448841602,NaN,1373.1526037639521,0.008859503925210252,1.0,50,2.0,observed
1095,1373.0444310251623,NaN,1373.1393361669627,0.009921083322482557,1.0,50,1.0,observed
1096,1373.0473706331104,NaN,1373.1261007606317,0.01081428451108702,1.0,50,3.0,observed
1097,1373.0486026965082,NaN,1373.112897249254,0.011006635095658752,1.0,50,2.0,observed
1098,1373.035611268133,NaN,1373.099725337124,0.010391634248495806,1.0,50,3.0,observed
1099,1373.0065414437559,NaN,1373.0865847285377,0.009817952625345716,1.0,50,2.0,observed
1100,1372.989379141014,NaN,1373.0734751277896,0.010285390189900268,1.0,50,3.0,observed
1101,1372.9972006598255,NaN,1373.0603962391747,0.011122010828170192,1.0,50,2.0,observed
1102,1373.0148754855618,NaN,1373.0473477669889,0.011267288269376258,1.0,50,3.0,observed
1103,1373.0281051946804,NaN,1373.034329415526,0.011040718628137394,1.0,50,2.0,observed
1104,1373.0451565552503,NaN,1373.0213408890818,0.01084301463544234,1.0,50,2.0,observed
1105,1373.072671044618,NaN,1373.0083818919513,0.010551645597837537,1.0,50,2.0,observed
1106,1373.0953469611704,NaN,1372.9954521284294,0.009986832383074752,1.0,50,2.0,observed
1107,1373.094809975475,NaN,1372.982551302811,0.008881254275408828,1.0,50,1.0,observed
1108,1373.069723945111,NaN,1372.9696791193912,0.007362000106244207,1.0,50,2.0,observed
1109,1373.0287766959518,NaN,1372.9568352824651,0.006316223191178493,1.0,50,1.0,observed
1110,1372.992006190354,NaN,1372.9440194963277,0.006493128922705642,1.0,50,3.0,observed
1111,1372.9549573417753,NaN,1372.931231465274,0.007745311474960139,1.0,50,1.0,observed
1112,1372.9109111949801,NaN,1372.918470893599,0.009587652000203995,1.0,50,1.0,observed
1113,1372.8670223802328,NaN,1372.9057374855981,0.01137705505668675,1.0,50,2.0,observed
1114,1372.8382009416819,NaN,1372.8930309455664,0.012194847251644476,1.0,50,3.0,observed
1115,1372.8308929949999,NaN,1372.8803509777977,0.01151085571353435,1.0,50,2.0,observed
1116,1372.8361681178212,NaN,1372.867697286589,0.010075581969992949,1.0,50,2.0,observed
1117,1372.834984689951,NaN,1372.8550695762337,0.00924090060689945,1.0,50,1.0,observed
1118,1372.8095519840717,NaN,1372.842467551027,0.009237936046710275,1.0,50,2.0,observed
1119,1372.7729464620352,NaN,1372.8298909152652,0.009384489665488407,1.0,50,1.0,observed
1120,1372.7830462157726,NaN,1372.8173393732425,0.009141199915773526,1.0,50,2.0,observed
1121,1372.8230069726706,NaN,1372.8048126292529,0.009480045800479914,1.0,50,1.0,observed
1122,1372.8685390353203,NaN,1372.7923103875933,0.009983804364101928,1.0,50,1.0,observed
1123,1372.8879717215896,NaN,1372.7798323525576,0.010295632036307673,1.0,50,1.0,observed
1124,1372.8463015705347,NaN,1372.7673782284412,0.010752479298459667,1.0,50,2.0,observed
1125,1372.7546104192734,NaN,1372.7549477195394,0.012018699903424959,1.0,50,2.0,observed
1126,1372.6364130824804,NaN,1372.7425405301467,0.014626890007634636,1.0,50,2.0,observed
1127,1372.5267606377602,NaN,1372.730156364558,0.012064641038535552,1.0,50,2.0,observed
1128,1372.5330623090267,NaN,1372.7177949270692,0.016272172993314276,1.0,50,2.0,observed
1129,1372.4859902113676,NaN,1372.7054559219744,0.013487563715320571,1.0,50,2.0,observed
1130,1372.468200981617,NaN,1372.6931390535694,0.01093081519298548,1.0,50,2.0,observed
1131,1372.4589775651693,NaN,1372.6808440261489,0.00935657196252439,1.0,50,2.0,observed
1132,1372.4502931982279,NaN,1372.6685705440077,0.008907677396441627,1.0,50,2.0,observed
1133,1372.471741989255,NaN,1372.656318311441,0.009745334060195416,1.0,50,2.0,observed
1134,1372.4679037332535,NaN,1372.644087032744,0.03627681123319305,1.0,50,2.0,observed
1135,1372.532427251339,NaN,1372.6318764122118,0.01051419156469522,1.0,50,2.0,observed
1136,1372.5819969773293,NaN,1372.619686154139,0.01068272532982285,1.0,50,2.0,observed
1137,1372.6000876575708,NaN,1372.6075159628213,0.010938036825473785,1.0,50,2.0,observed
1138,1372.6064195483923,NaN,1372.595365542553,0.01044338889599233,1.0,50,2.0,observed
1139,1372.6109605133533,NaN,1372.5832345976296,0.009262776440922401,1.0,50,2.0,observed
1140,1372.6030182689428,NaN,1372.5711228323464,0.008039550368593877,1.0,50,2.0,observed
1141,1372.5877165943384,NaN,1372.5590299509975,0.007635260077732334,1.0,50,2.0,observed
1142,1372.5725169628859,NaN,1372.5469556578785,0.008356076379289016,1.0,50,2.0,observed
1143,1372.5636176168919,NaN,1372.5348996572848,0.009740622098286737,1.0,50,2.0,observed
1144,1372.5781747996807,NaN,1372.522861653511,0.010798829139925189,1.0,50,2.0,observed
1145,1372.6134961545467,NaN,1372.510841350852,0.011302541388568881,1.0,50,2.0,observed
1146,1372.642798319459,NaN,1372.498838453603,0.011584886832049208,1.0,50,2.0,observed
1147,1372.6302562057972,NaN,1372.4868526660593,0.011726413784660989,1.0,50,2.0,observed
1148,1372.5780526399612,NaN,1372.4748836925155,0.011748077978400074,1.0,50,2.0,observed
1149,1372.508609995246,NaN,1372.4629312372672,0.011398564905550598,1.0,50,2.0,observed
1150,1372.496251732111,NaN,1372.4509950046088,0.012674974046637843,1.0,50,2.0,observed
1151,1372.4440981596708,NaN,1372.4390746988358,0.011979878295864015,1.0,50,2.0,observed
1152,1372.4296755492687,NaN,1372.427170024243,0.012161215901469928,1.0,50,2.0,observed
1153,1372.459222406149,NaN,1372.4152806851255,0.012808661105510856,1.0,50,2.0,observed
1154,1372.470002502203,NaN,1372.403406385778,0.01278609890730755,1.0,50,2.0,observed
1155,1372.485379934311,NaN,1372.391546830496,0.010284462679363407,1.0,50,1.0,observed
1156,1372.4633481502533,NaN,1372.3797017235747,0.01009899228948727,1.0,50,2.0,observed
1157,1372.476526722312,NaN,1372.3678707693089,0.013849549285431851,1.0,50,2.0,observed
1158,1372.4299612790346,NaN,1372.356053671993,0.012608832774693862,1.0,50,2.0,observed
1159,1372.4205768853426,NaN,1372.3442501359232,0.012040831313537961,1.0,50,2.0,observed
1160,1372.4169489741325,NaN,1372.332459865394,0.011997004243872173,1.0,50,2.0,observed
1161,1372.3787595629692,NaN,1372.3206825647003,0.011756616335790055,1.0,50,2.0,observed
1162,1372.2911698073149,NaN,1372.3089179381368,0.011533996877570023,1.0,50,1.0,observed
1163,1372.255709797144,NaN,1372.2971656899995,0.011938252079036637,1.0,50,1.0,observed
1164,1372.3067177683115,NaN,1372.2854255245825,0.012669288493704947,1.0,50,3.0,observed
1165,1372.3911373764277,NaN,1372.2736971461813,0.013461135012152705,1.0,50,2.0,observed
1166,1372.4102852791548,NaN,1372.261980259091,0.01239923221239631,1.0,50,2.0,observed
1167,1372.3713295459747,NaN,1372.2502745676063,0.010742418959946438,1.0,50,2.0,observed
1168,1372.3345234841108,NaN,1372.2385797760226,0.010451983917479871,1.0,50,2.0,observed
1169,1372.2982197850943,NaN,1372.2268955886348,0.010682687921063895,1.0,50,2.0,observed
1170,1372.257015928626,NaN,1372.2152217097378,0.010750275044142363,1.0,50,2.0,observed
1171,1372.2363162115216,NaN,1372.203557843627,0.011740090605557679,1.0,50,3.0,observed
1172,1372.2140621989965,NaN,1372.191903694597,0.01263542180262343,1.0,50,2.0,observed
1173,1372.1697583794594,NaN,1372.1802589669433,0.011901490922080994,1.0,50,1.0,observed
1174,1372.170327976346,NaN,1372.1686233649605,0.01113187592573585,1.0,50,1.0,observed
1175,1372.2237871438265,NaN,1372.1569965929434,0.010737834614770863,1.0,50,2.0,observed
1176,1372.2793768197298,NaN,1372.1453783551876,0.010374001813230675,1.0,50,2.0,observed
1177,1372.2764354795218,NaN,1372.1337683559882,0.009189590783511187,1.0,50,4.0,observed
1178,1372.2127960249782,NaN,1372.12216629964,0.008284801802126367,1.0,50,1.0,observed
1179,1372.1505860760808,NaN,1372.1105718904382,0.008286306404282634,1.0,50,3.0,observed
1180,1372.130237981677,NaN,1372.0989848326774,0.00846326074452099,1.0,50,3.0,observed
1181,1372.136062167585,NaN,1372.087404830653,0.008827029663134194,1.0,50,2.0,observed
1182,1372.1292427629232,NaN,1372.07583158866,0.009407537294239803,1.0,50,2.0,observed
1183,1372.0804405473173,NaN,1372.0642648109933,0.00954525913027351,1.0,50,2.0,observed
1184,1372.0226009534672,NaN,1372.0527042019482,0.01013692897860427,1.0,50,1.0,observed
1185,1371.9914318560623,NaN,1372.0411494658192,0.010992896989366688,1.0,50,2.0,observed
1186,1371.9926402941346,NaN,1372.029600306902,0.010803260019391334,1.0,50,1.0,observed
1187,1372.0242239162326,NaN,1372.0180564294915,0.009624663305523373,1.0,50,1.0,observed
1188,1372.076840929687,NaN,1372.0065175378822,0.008983514253995338,1.0,50,2.0,observed
1189,1372.1064786687493,NaN,1371.9949833363698,0.0097098399454138,1.0,50,2.0,observed
1190,1372.0691915862262,NaN,1371.983453529249,0.010538181186523827,1.0,50,3.0,observed
1191,1372.0103825344704,NaN,1371.9719278208147,0.010962561712626863,1.0,50,2.0,observed
1192,1371.9775145491585,NaN,1371.9604059153621,0.010436448417876975,1.0,50,2.0,observed
1193,1371.9935171590187,NaN,1371.9488875171862,0.008775225958638257,1.0,50,1.0,observed
1194,1372.0304657658562,NaN,1371.9373723305823,0.006617268370061793,1.0,50,1.0,segment_edge_excluded
1195,1372.0253544468433,NaN,1371.9258600598455,0.005382894265258102,1.0,50,2.0,segment_edge_excluded
1196,NaN,NaN,1371.9143504297413,NaN,0.0,0,NaN,smooth_model_filled
1197,NaN,NaN,1371.90284340301,NaN,0.0,0,NaN,smooth_model_filled
1198,NaN,NaN,1371.8913390959258,NaN,0.0,0,NaN,smooth_model_filled
1199,NaN,NaN,1371.8798376273194,NaN,0.0,0,NaN,smooth_model_filled
1200,NaN,NaN,1371.868339116022,NaN,0.0,0,NaN,smooth_model_filled
1201,NaN,NaN,1371.8568436808664,NaN,0.0,0,NaN,smooth_model_filled
1202,NaN,NaN,1371.8453514406835,NaN,0.0,0,NaN,smooth_model_filled
1203,NaN,NaN,1371.833862514305,NaN,0.0,0,NaN,smooth_model_filled
1204,NaN,NaN,1371.8223770205627,NaN,0.0,0,NaN,smooth_model_filled
1205,NaN,NaN,1371.8108950782882,NaN,0.0,0,NaN,smooth_model_filled
1206,NaN,NaN,1371.7994168063128,NaN,0.0,0,NaN,smooth_model_filled
1207,NaN,NaN,1371.7879423234685,NaN,0.0,0,NaN,smooth_model_filled
1208,NaN,NaN,1371.7764717485877,NaN,0.0,0,NaN,smooth_model_filled
1209,NaN,NaN,1371.7650052005006,NaN,0.0,0,NaN,smooth_model_filled
1210,NaN,NaN,1371.7535427980395,NaN,0.0,0,NaN,smooth_model_filled
1211,NaN,NaN,1371.742084660036,NaN,0.0,0,NaN,smooth_model_filled
1212,NaN,NaN,1371.7306309053217,NaN,0.0,0,NaN,smooth_model_filled
1213,NaN,NaN,1371.7191816527284,NaN,0.0,0,NaN,smooth_model_filled
1214,NaN,NaN,1371.707737021088,NaN,0.0,0,NaN,smooth_model_filled
1215,NaN,NaN,1371.6962971292312,NaN,0.0,0,NaN,smooth_model_filled
1216,NaN,NaN,1371.6848620959906,NaN,0.0,0,NaN,smooth_model_filled
1217,NaN,NaN,1371.6734320401974,NaN,0.0,0,NaN,smooth_model_filled
1218,NaN,NaN,1371.6620070806835,NaN,0.0,0,NaN,smooth_model_filled
1219,NaN,NaN,1371.6505873362803,NaN,0.0,0,NaN,smooth_model_filled
1220,NaN,NaN,1371.639172925819,NaN,0.0,0,NaN,smooth_model_filled
1221,NaN,NaN,1371.6277639681323,NaN,0.0,0,NaN,smooth_model_filled
1222,NaN,NaN,1371.616360582051,NaN,0.0,0,NaN,smooth_model_filled
1223,NaN,NaN,1371.6049628864075,NaN,0.0,0,NaN,smooth_model_filled
1224,NaN,NaN,1371.5935710000322,NaN,0.0,0,NaN,smooth_model_filled
1225,NaN,NaN,1371.5821850417578,NaN,0.0,0,NaN,smooth_model_filled
1226,NaN,NaN,1371.5708051304157,NaN,0.0,0,NaN,smooth_model_filled
1227,NaN,NaN,1371.559431384838,NaN,0.0,0,NaN,smooth_model_filled
1228,NaN,NaN,1371.5480639238554,NaN,0.0,0,NaN,smooth_model_filled
1229,NaN,NaN,1371.5367028662995,NaN,0.0,0,NaN,smooth_model_filled
1230,1371.2839827388525,NaN,1371.525348331003,0.014882843702965247,1.0,50,2.0,segment_edge_excluded
1231,NaN,NaN,1371.514000436797,NaN,0.0,0,NaN,smooth_model_filled
1232,NaN,NaN,1371.502659302513,NaN,0.0,0,NaN,smooth_model_filled
1233,NaN,NaN,1371.4913250469826,NaN,0.0,0,NaN,smooth_model_filled
1234,NaN,NaN,1371.4799977890377,NaN,0.0,0,NaN,smooth_model_filled
1235,NaN,NaN,1371.4686776475098,NaN,0.0,0,NaN,smooth_model_filled
1236,NaN,NaN,1371.4573647412303,NaN,0.0,0,NaN,smooth_model_filled
1237,NaN,NaN,1371.4460591890318,NaN,0.0,0,NaN,smooth_model_filled
1238,NaN,NaN,1371.4347611097446,NaN,0.0,0,NaN,smooth_model_filled
1239,NaN,NaN,1371.4234706222012,NaN,0.0,0,NaN,smooth_model_filled
1240,NaN,NaN,1371.4121878452331,NaN,0.0,0,NaN,smooth_model_filled
1241,NaN,NaN,1371.400912897672,NaN,0.0,0,NaN,smooth_model_filled
1242,NaN,NaN,1371.3896458983493,NaN,0.0,0,NaN,smooth_model_filled
1243,NaN,NaN,1371.3783869660963,NaN,0.0,0,NaN,smooth_model_filled
1244,NaN,NaN,1371.367136219746,NaN,0.0,0,NaN,smooth_model_filled
1245,NaN,NaN,1371.3558937781286,NaN,0.0,0,NaN,smooth_model_filled
1246,NaN,NaN,1371.344659760076,NaN,0.0,0,NaN,smooth_model_filled
1247,NaN,NaN,1371.3334342844207,NaN,0.0,0,NaN,smooth_model_filled
1248,NaN,NaN,1371.3222174699936,NaN,0.0,0,NaN,smooth_model_filled
1249,NaN,NaN,1371.3110094356261,NaN,0.0,0,NaN,smooth_model_filled
1250,NaN,NaN,1371.2998103001507,NaN,0.0,0,NaN,smooth_model_filled
1251,NaN,NaN,1371.2886201823987,NaN,0.0,0,NaN,smooth_model_filled
1252,NaN,NaN,1371.2774392012013,NaN,0.0,0,NaN,smooth_model_filled
1253,NaN,NaN,1371.266267475391,NaN,0.0,0,NaN,smooth_model_filled
1254,NaN,NaN,1371.2551051237986,NaN,0.0,0,NaN,smooth_model_filled
1255,NaN,NaN,1371.243952265256,NaN,0.0,0,NaN,smooth_model_filled
1256,NaN,NaN,1371.2328090185947,NaN,0.0,0,NaN,smooth_model_filled
1257,NaN,NaN,1371.2216755026468,NaN,0.0,0,NaN,smooth_model_filled
1258,NaN,NaN,1371.2105518362437,NaN,0.0,0,NaN,smooth_model_filled
1259,NaN,NaN,1371.199438138217,NaN,0.0,0,NaN,smooth_model_filled
1260,NaN,NaN,1371.1883345273984,NaN,0.0,0,NaN,smooth_model_filled
1261,NaN,NaN,1371.1772411226195,NaN,0.0,0,NaN,smooth_model_filled
1262,NaN,NaN,1371.166158042712,NaN,0.0,0,NaN,smooth_model_filled
1263,NaN,NaN,1371.1550854065072,NaN,0.0,0,NaN,smooth_model_filled
1264,NaN,NaN,1371.1440233328372,NaN,0.0,0,NaN,smooth_model_filled
1265,NaN,NaN,1371.1329719405335,NaN,0.0,0,NaN,smooth_model_filled
1266,NaN,NaN,1371.1219313484278,NaN,0.0,0,NaN,smooth_model_filled
1267,NaN,NaN,1371.1109016753517,NaN,0.0,0,NaN,smooth_model_filled
1268,NaN,NaN,1371.0998830401368,NaN,0.0,0,NaN,smooth_model_filled
1269,NaN,NaN,1371.0888755616147,NaN,0.0,0,NaN,smooth_model_filled
1270,NaN,NaN,1371.077879358617,NaN,0.0,0,NaN,smooth_model_filled
1271,NaN,NaN,1371.0668945499754,NaN,0.0,0,NaN,smooth_model_filled
1272,NaN,NaN,1371.055921254522,NaN,0.0,0,NaN,smooth_model_filled
1273,NaN,NaN,1371.0449595910875,NaN,0.0,0,NaN,smooth_model_filled
1274,NaN,NaN,1371.0340096785042,NaN,0.0,0,NaN,smooth_model_filled
1275,NaN,NaN,1371.0230716356039,NaN,0.0,0,NaN,smooth_model_filled
1276,NaN,NaN,1371.0121455812173,NaN,0.0,0,NaN,smooth_model_filled
1277,NaN,NaN,1371.0012316341772,NaN,0.0,0,NaN,smooth_model_filled
1278,NaN,NaN,1370.9903299133143,NaN,0.0,0,NaN,smooth_model_filled
1279,NaN,NaN,1370.9794405374612,NaN,0.0,0,NaN,smooth_model_filled
1280,NaN,NaN,1370.9685636254487,NaN,0.0,0,NaN,smooth_model_filled
1281,NaN,NaN,1370.9576992961088,NaN,0.0,0,NaN,smooth_model_filled
1282,NaN,NaN,1370.9468476682734,NaN,0.0,0,NaN,smooth_model_filled
1283,NaN,NaN,1370.9360088607732,NaN,0.0,0,NaN,smooth_model_filled
1284,NaN,NaN,1370.9251829924408,NaN,0.0,0,NaN,smooth_model_filled
1285,NaN,NaN,1370.9143701821076,NaN,0.0,0,NaN,smooth_model_filled
1286,NaN,NaN,1370.9035705486049,NaN,0.0,0,NaN,smooth_model_filled
1287,NaN,NaN,1370.8927842107646,NaN,0.0,0,NaN,smooth_model_filled
1288,NaN,NaN,1370.8820112874187,NaN,0.0,0,NaN,smooth_model_filled
1289,NaN,NaN,1370.8712518973982,NaN,0.0,0,NaN,smooth_model_filled
1290,NaN,NaN,1370.8605061595354,NaN,0.38,19,NaN,smooth_model_filled
1291,NaN,NaN,1370.8497741926612,NaN,0.0,0,NaN,smooth_model_filled
1292,NaN,NaN,1370.8390561156077,NaN,0.0,0,NaN,smooth_model_filled
1293,NaN,NaN,1370.8283520472062,NaN,0.0,0,NaN,smooth_model_filled
1294,NaN,NaN,1370.817662106289,NaN,0.0,0,NaN,smooth_model_filled
1295,NaN,NaN,1370.8069864116871,NaN,0.0,0,NaN,smooth_model_filled
1296,NaN,NaN,1370.7963250822327,NaN,0.0,0,NaN,smooth_model_filled
1297,NaN,NaN,1370.7856782367567,NaN,0.0,0,NaN,smooth_model_filled
1298,NaN,NaN,1370.7750459940912,NaN,0.0,0,NaN,smooth_model_filled
1299,NaN,NaN,1370.7644284730677,NaN,0.0,0,NaN,smooth_model_filled
1300,NaN,NaN,1370.7538257925187,NaN,0.0,0,NaN,smooth_model_filled
1301,NaN,NaN,1370.7432380712742,NaN,0.0,0,NaN,smooth_model_filled
1302,NaN,NaN,1370.732665428167,NaN,0.0,0,NaN,smooth_model_filled
1303,NaN,NaN,1370.7221079820285,NaN,0.0,0,NaN,smooth_model_filled
1304,NaN,NaN,1370.7115658516905,NaN,0.0,0,NaN,smooth_model_filled
1305,1370.7928752750158,NaN,1370.701039155984,0.008546423788188809,1.0,50,2.0,segment_edge_excluded
1306,1370.7659882456064,NaN,1370.6905280137416,0.009506227518694092,1.0,50,2.0,segment_edge_excluded
1307,1370.7282143384218,NaN,1370.6800325437944,0.010107742429796288,1.0,50,2.0,observed
1308,1370.6689302176237,NaN,1370.6695528649736,0.01048210108397871,1.0,50,2.0,observed
1309,1370.589567810297,NaN,1370.6590890961115,0.011958517847029674,1.0,50,2.0,observed
1310,1370.5244892835617,NaN,1370.64864135604,0.010998448055875116,1.0,50,2.0,observed
1311,1370.5202350616455,NaN,1370.6382097635899,0.01110099021817344,1.0,50,2.0,observed
1312,1370.5764946192503,NaN,1370.6277944375934,0.013746990677663159,1.0,50,2.0,observed
1313,1370.6241019815207,NaN,1370.6173954968817,0.012653069487343082,1.0,50,2.0,observed
1314,1370.6657170206308,NaN,1370.607013060287,0.01077459085641068,1.0,50,2.0,observed
1315,1370.6786735653877,NaN,1370.596647246641,0.00936455635728241,1.0,50,2.0,observed
1316,1370.6284474134445,NaN,1370.586298174774,0.009775239255469383,1.0,50,2.0,observed
1317,1370.5704295486212,NaN,1370.5759659635194,0.010320508291422316,1.0,50,2.0,observed
1318,1370.5751411616802,NaN,1370.565650731708,0.009596834064482467,1.0,50,2.0,observed
1319,1370.5347264409065,NaN,1370.5553525981716,0.008455908894440561,1.0,50,2.0,observed
1320,1370.5177253484726,NaN,1370.5450716817418,0.011116083631761371,1.0,50,2.0,observed
1321,1370.4522513747215,NaN,1370.5348081012496,0.011328456612756992,1.0,50,2.0,observed
1322,1370.3909104168415,NaN,1370.5245619755278,0.010980232843237745,1.0,50,2.0,observed
1323,1370.3822384178638,NaN,1370.5143334234074,0.011427331152570367,1.0,50,2.0,observed
1324,1370.4182911217213,NaN,1370.5041225637203,0.012529127833345899,1.0,50,2.0,observed
1325,1370.4471284151077,NaN,1370.493929515298,0.012089402945689668,1.0,50,2.0,observed
1326,1370.482289224863,NaN,1370.4837543969718,0.011760991929322187,1.0,50,2.0,observed
1327,1370.5215137302876,NaN,1370.473597327574,0.012527968893682687,1.0,50,2.0,observed
1328,1370.54272377491,NaN,1370.4634584251482,0.014676152760562942,1.0,50,2.0,observed
1329,1370.4914484620094,NaN,1370.4533377605044,0.025425772580697958,1.0,50,2.0,observed
1330,1370.5101663321257,NaN,1370.443235331235,0.009989289415833472,1.0,50,2.0,observed
1331,1370.5347001254559,NaN,1370.4331511286373,0.012199464999297721,1.0,50,2.0,observed
1332,1370.5601471215487,NaN,1370.4230851440052,0.011431217914423001,1.0,50,2.0,observed
1333,1370.5707240104675,NaN,1370.4130373686357,0.010609096376118538,1.0,50,1.0,observed
1334,1370.5416342765093,NaN,1370.4030077938244,0.011524354622469856,1.0,50,2.0,observed
1335,1370.5004058480263,NaN,1370.3929964108665,0.009090816855721414,1.0,50,2.0,observed
1336,1370.4701808393002,NaN,1370.383003211058,0.02700871918215416,1.0,50,2.0,observed
1337,1370.492253229022,NaN,1370.373028185695,0.0139408745258841,1.0,50,3.0,observed
1338,1370.414381057024,NaN,1370.3630713260727,0.012579513753980615,1.0,50,2.0,observed
1339,1370.328542560339,NaN,1370.3531326234872,0.011029586061523535,1.0,50,2.0,observed
1340,1370.2615100741386,NaN,1370.3432120692337,0.00978568606585466,1.0,50,1.0,observed
1341,1370.2158246561885,NaN,1370.3333096546082,0.009203964693401213,1.0,50,1.0,observed
1342,1370.1894817873836,NaN,1370.3234253709072,0.00951395660853794,1.0,50,2.0,observed
1343,1370.187422156334,NaN,1370.3135592094247,0.010219370383045125,1.0,50,3.0,observed
1344,1370.209864206612,NaN,1370.3037111614578,0.010600803502436138,1.0,50,1.0,observed
1345,1370.2695255428553,NaN,1370.293881218302,0.011726548170121523,1.0,50,2.0,observed
1346,1370.2624815404415,NaN,1370.2840693712528,0.010914500212997504,1.0,50,2.0,observed
1347,1370.2060431316495,NaN,1370.2742756116056,0.009746029563155017,1.0,50,3.0,observed
1348,1370.1748365312815,NaN,1370.2644999306567,0.010241527386118205,1.0,50,2.0,observed
1349,1370.149588137865,NaN,1370.2547423197018,0.010525867663642675,1.0,50,2.0,observed
1350,1370.1531477868557,NaN,1370.2450027700363,0.01068376869999751,1.0,50,2.0,observed
1351,1370.187965720892,NaN,1370.235281272956,0.010675076032973655,1.0,50,2.0,observed
1352,1370.2109317705035,NaN,1370.2255778197564,0.010197826366891082,1.0,50,2.0,observed
1353,1370.2183215469122,NaN,1370.2158924017338,0.009429978894979289,1.0,50,1.0,observed
1354,1370.2195047214627,NaN,1370.2062250101837,0.009376095038576693,1.0,50,2.0,observed
1355,1370.2211247906089,NaN,1370.1965756364016,0.010505198719564712,1.0,50,1.0,observed
1356,1370.2201425507665,NaN,1370.1869442716836,0.011957190492093065,1.0,50,2.0,observed
1357,1370.2158782482147,NaN,1370.177330907325,0.012862641140452926,1.0,50,2.0,observed
1358,1370.215651422739,NaN,1370.1677355346214,0.012931125449193366,1.0,50,1.0,observed
1359,1370.2144979014993,NaN,1370.1581581448693,0.012341142199601196,1.0,50,2.0,observed
1360,1370.1831430643797,NaN,1370.148598729364,0.011286340419263663,1.0,50,1.0,observed
1361,1370.1130535006523,NaN,1370.1390572794007,0.010013441201898876,1.0,50,1.0,observed
1362,1370.0348944123834,NaN,1370.1295337862762,0.009345809030809216,1.0,50,2.0,observed
1363,1369.9842488002032,NaN,1370.1200282412854,0.009681217633411864,1.0,50,1.0,observed
1364,1369.9829332064837,NaN,1370.1105406357237,0.010290449993064348,1.0,50,1.0,observed
1365,1370.0104045257904,NaN,1370.1010709608877,0.010689982146192802,1.0,50,2.0,observed
1366,1370.0404451414943,NaN,1370.0916192080729,0.011052641919416817,1.0,50,1.0,observed
1367,1370.0596798863262,NaN,1370.0821853685748,0.01150134596652885,1.0,50,3.0,observed
1368,1370.0698508173227,NaN,1370.072769433689,0.011290660895381811,1.0,50,3.0,observed
1369,1370.0740087516606,NaN,1370.0633713947118,0.010239907648159085,1.0,50,1.0,observed
1370,1370.0713918469846,NaN,1370.0539912429385,0.00892946533993751,1.0,50,1.0,observed
1371,1370.0596387404948,NaN,1370.044628969665,0.00789794172970556,1.0,50,1.0,observed
1372,1370.0463946368545,NaN,1370.0352845661866,0.007712286369099207,1.0,50,1.0,observed
1373,1370.0390595626086,NaN,1370.0259580237996,0.008585895264107688,1.0,50,1.0,observed
1374,1370.026583966799,NaN,1370.0166493337988,0.009903019945271074,1.0,50,3.0,observed
1375,1370.0126707437448,NaN,1370.0073584874813,0.010534535009705356,1.0,50,2.0,observed
1376,1370.0057922084816,NaN,1369.998085476142,0.010011920522415039,1.0,50,3.0,observed
1377,1370.013086501509,NaN,1369.9888302910763,0.009395681629200707,1.0,50,2.0,observed
1378,1370.0079161808826,NaN,1369.9795929235809,0.009040258477075305,1.0,50,1.0,observed
1379,1369.9575751516968,NaN,1369.9703733649503,0.008914397141956146,1.0,50,1.0,observed
1380,1369.8842657990754,NaN,1369.9611716064812,0.009475138387095001,1.0,50,2.0,observed
1381,1369.8255827575922,NaN,1369.9519876394688,0.010246632469629246,1.0,50,2.0,observed
1382,1369.812513306737,NaN,1369.9428214552097,0.010592031237202666,1.0,50,3.0,observed
1383,1369.8284080401063,NaN,1369.9336730449986,0.010695850391232626,1.0,50,1.0,observed
1384,1369.8324238657951,NaN,1369.9245424001313,0.010932381973814928,1.0,50,3.0,observed
1385,1369.8242837637663,NaN,1369.915429511904,0.01131072141680706,1.0,50,3.0,observed
1386,1369.8359466344118,NaN,1369.9063343716123,0.011382955055419128,1.0,50,2.0,observed
1387,1369.8624037280679,NaN,1369.897256970551,0.011107084050540375,1.0,50,3.0,observed
1388,1369.8719690218568,NaN,1369.8881973000177,0.010525896425299068,1.0,50,3.0,observed
1389,1369.856685012579,NaN,1369.879155351307,0.010190357559615205,1.0,50,2.0,observed
1390,1369.8438142463565,NaN,1369.8701311157142,0.01078800201074772,1.0,50,3.0,observed
1391,1369.8702729791403,NaN,1369.861124584536,0.011018149389374779,1.0,50,3.0,observed
1392,1369.9023505449295,NaN,1369.8521357490672,0.01068382223575373,1.0,50,3.0,observed
1393,1369.9023361615837,NaN,1369.843164600604,0.010895356978708023,1.0,50,3.0,observed
1394,1369.8914265744388,NaN,1369.834211130442,0.01100847240262781,1.0,50,2.0,observed
1395,1369.8895450979471,NaN,1369.8252753298775,0.01093337296030011,1.0,50,2.0,observed
1396,1369.8886319100857,NaN,1369.8163571902053,0.010768464801170274,1.0,50,3.0,observed
1397,1369.8411431759596,NaN,1369.8074567027215,0.010717456220469705,1.0,50,1.0,observed
1398,1369.7475068420172,NaN,1369.7985738587222,0.011020450831194387,1.0,50,2.0,observed
1399,1369.6903358846903,NaN,1369.7897086495025,0.010879641822486283,1.0,50,2.0,observed
1400,1369.6846058219671,NaN,1369.7808610663585,0.010347310097855016,1.0,50,2.0,observed
1401,1369.700251981616,NaN,1369.772031100586,0.010173823711212292,1.0,50,2.0,observed
1402,1369.7142090797424,NaN,1369.7632187434804,0.010916073821154141,1.0,50,1.0,observed
1403,1369.7282242923975,NaN,1369.7544239863373,0.012523864626862946,1.0,50,2.0,observed
1404,1369.7414235770702,NaN,1369.7456468204532,0.013996040129048972,1.0,50,2.0,observed
1405,1369.7185003906488,NaN,1369.7368872371233,0.014698754939817156,1.0,50,3.0,observed
1406,1369.669303163886,NaN,1369.7281452276427,0.014844470304146045,1.0,50,2.0,observed
1407,1369.6482686847448,NaN,1369.7194207833084,0.01380608037910129,1.0,50,2.0,observed
1408,1369.6470024436712,NaN,1369.7107138954152,0.012803035594560416,1.0,50,2.0,observed
1409,1369.6417825967073,NaN,1369.7020245552594,0.013943160930955269,1.0,50,2.0,observed
1410,1369.6693223714828,NaN,1369.6933527541357,0.013989008652215114,1.0,50,2.0,observed
1411,1369.6906103491783,NaN,1369.6846984833414,0.013331405903324467,1.0,50,3.0,observed
1412,1369.7182555496693,NaN,1369.6760617341706,0.011852670770954116,1.0,50,2.0,observed
1413,1369.7962508499622,NaN,1369.6674424979203,0.00824117211310551,1.0,50,2.0,segment_edge_excluded
1414,1369.8940201997757,NaN,1369.6588407658855,0.007513078133506719,1.0,50,2.0,segment_edge_excluded
1415,NaN,NaN,1369.6502565293627,NaN,0.0,0,NaN,smooth_model_filled
1416,NaN,NaN,1369.6416897796462,NaN,0.0,0,NaN,smooth_model_filled
1417,NaN,NaN,1369.6331405080332,NaN,0.0,0,NaN,smooth_model_filled
1418,NaN,NaN,1369.6246087058184,NaN,0.0,0,NaN,smooth_model_filled
1419,NaN,NaN,1369.616094364298,NaN,0.0,0,NaN,smooth_model_filled
1420,NaN,NaN,1369.6075974747678,NaN,0.0,0,NaN,smooth_model_filled
1421,NaN,NaN,1369.5991180285232,NaN,0.0,0,NaN,smooth_model_filled
1422,NaN,NaN,1369.59065601686,NaN,0.0,0,NaN,smooth_model_filled
1423,NaN,NaN,1369.5822114310743,NaN,0.0,0,NaN,smooth_model_filled
1424,NaN,NaN,1369.5737842624615,NaN,0.0,0,NaN,smooth_model_filled
1425,NaN,NaN,1369.5653745023171,NaN,0.0,0,NaN,smooth_model_filled
1426,NaN,NaN,1369.556982141937,NaN,0.0,0,NaN,smooth_model_filled
1427,NaN,NaN,1369.5486071726175,NaN,0.0,0,NaN,smooth_model_filled
1428,NaN,NaN,1369.5402495856536,NaN,0.0,0,NaN,smooth_model_filled
1429,NaN,NaN,1369.531909372341,NaN,0.0,0,NaN,smooth_model_filled
1430,NaN,NaN,1369.523586523976,NaN,0.0,0,NaN,smooth_model_filled
1431,NaN,NaN,1369.5152810318536,NaN,0.0,0,NaN,smooth_model_filled
1432,NaN,NaN,1369.50699288727,NaN,0.0,0,NaN,smooth_model_filled
1433,NaN,NaN,1369.4987220815208,NaN,0.0,0,NaN,smooth_model_filled
1434,NaN,NaN,1369.4904686059017,NaN,0.0,0,NaN,smooth_model_filled
1435,NaN,NaN,1369.4822324517086,NaN,0.0,0,NaN,smooth_model_filled
1436,NaN,NaN,1369.474013610237,NaN,0.0,0,NaN,smooth_model_filled
1437,NaN,NaN,1369.4658120727827,NaN,0.0,0,NaN,smooth_model_filled
1438,NaN,NaN,1369.4576278306417,NaN,0.0,0,NaN,smooth_model_filled
1439,NaN,NaN,1369.4494608751093,NaN,0.0,0,NaN,smooth_model_filled
1440,NaN,NaN,1369.4413111974814,NaN,0.0,0,NaN,smooth_model_filled
1441,NaN,NaN,1369.4331787890537,NaN,0.0,0,NaN,smooth_model_filled
1442,NaN,NaN,1369.4250636411214,NaN,0.0,0,NaN,smooth_model_filled
1443,NaN,NaN,1369.4169657449816,NaN,0.0,0,NaN,smooth_model_filled
1444,NaN,NaN,1369.4088850919286,NaN,0.0,0,NaN,smooth_model_filled
1445,NaN,NaN,1369.4008216732586,NaN,0.0,0,NaN,smooth_model_filled
1446,NaN,NaN,1369.3927754802676,NaN,0.0,0,NaN,smooth_model_filled
1447,NaN,NaN,1369.3847465042509,NaN,0.0,0,NaN,smooth_model_filled
1448,NaN,NaN,1369.3767347365051,NaN,0.0,0,NaN,smooth_model_filled
1449,NaN,NaN,1369.3687401683246,NaN,0.0,0,NaN,smooth_model_filled
1450,NaN,NaN,1369.360762791006,NaN,0.0,0,NaN,smooth_model_filled
1451,NaN,NaN,1369.3528025958449,NaN,0.0,0,NaN,smooth_model_filled
1452,NaN,NaN,1369.3448595741368,NaN,0.0,0,NaN,smooth_model_filled
1453,NaN,NaN,1369.3369337171775,NaN,0.0,0,NaN,smooth_model_filled
1454,NaN,NaN,1369.329025016263,NaN,0.0,0,NaN,smooth_model_filled
1455,NaN,NaN,1369.3211334626885,NaN,0.0,0,NaN,smooth_model_filled
1456,NaN,NaN,1369.3132590477503,NaN,0.0,0,NaN,smooth_model_filled
1457,NaN,NaN,1369.3054017627435,NaN,0.0,0,NaN,smooth_model_filled
1458,NaN,NaN,1369.2975615989642,NaN,0.0,0,NaN,smooth_model_filled
1459,NaN,NaN,1369.2897385477083,NaN,0.0,0,NaN,smooth_model_filled
1460,NaN,NaN,1369.2819326002716,NaN,0.0,0,NaN,smooth_model_filled
1461,NaN,NaN,1369.2741436903932,NaN,0.0,0,NaN,smooth_model_filled
1462,NaN,NaN,1369.2663715215904,NaN,0.0,0,NaN,smooth_model_filled
1463,NaN,NaN,1369.2586157398243,NaN,0.0,0,NaN,smooth_model_filled
1464,NaN,NaN,1369.2508759910554,NaN,0.0,0,NaN,smooth_model_filled
1465,NaN,NaN,1369.2431519212453,NaN,0.0,0,NaN,smooth_model_filled
1466,NaN,NaN,1369.2354431763547,NaN,0.0,0,NaN,smooth_model_filled
1467,NaN,NaN,1369.227749402344,NaN,0.0,0,NaN,smooth_model_filled
1468,NaN,NaN,1369.2200702451746,NaN,0.0,0,NaN,smooth_model_filled
1469,NaN,NaN,1369.2124053508076,NaN,0.0,0,NaN,smooth_model_filled
1470,NaN,NaN,1369.2047543652038,NaN,0.0,0,NaN,smooth_model_filled
1471,NaN,NaN,1369.1971169343242,NaN,0.0,0,NaN,smooth_model_filled
1472,NaN,NaN,1369.1894927041294,NaN,0.0,0,NaN,smooth_model_filled
1473,NaN,NaN,1369.181881320581,NaN,0.0,0,NaN,smooth_model_filled
1474,NaN,NaN,1369.1742824296393,NaN,0.0,0,NaN,smooth_model_filled
1475,NaN,NaN,1369.1666956772656,NaN,0.0,0,NaN,smooth_model_filled
1476,NaN,NaN,1369.1591207094207,NaN,0.0,0,NaN,smooth_model_filled
1477,NaN,NaN,1369.1515571720658,NaN,0.0,0,NaN,smooth_model_filled
1478,NaN,NaN,1369.1440047111614,NaN,0.0,0,NaN,smooth_model_filled
1479,NaN,NaN,1369.1364629726688,NaN,0.0,0,NaN,smooth_model_filled
1480,NaN,NaN,1369.1289316025493,NaN,0.0,0,NaN,smooth_model_filled
1481,NaN,NaN,1369.121410246763,NaN,0.0,0,NaN,smooth_model_filled
1482,NaN,NaN,1369.1138985512714,NaN,0.0,0,NaN,smooth_model_filled
1483,NaN,NaN,1369.1063961620357,NaN,0.0,0,NaN,smooth_model_filled
1484,NaN,NaN,1369.0989027250162,NaN,0.0,0,NaN,smooth_model_filled
1485,NaN,NaN,1369.0914178861738,NaN,0.0,0,NaN,smooth_model_filled
1486,NaN,NaN,1369.0839412914702,NaN,0.0,0,NaN,smooth_model_filled
1487,NaN,NaN,1369.076472586866,NaN,0.0,0,NaN,smooth_model_filled
1488,NaN,NaN,1369.0690114183217,NaN,0.0,0,NaN,smooth_model_filled
1489,NaN,NaN,1369.061557431799,NaN,0.0,0,NaN,smooth_model_filled
1490,NaN,NaN,1369.0541102732582,NaN,0.0,0,NaN,smooth_model_filled
1491,NaN,NaN,1369.0466695886603,NaN,0.0,0,NaN,smooth_model_filled
1492,NaN,NaN,1369.0392350239674,NaN,0.0,0,NaN,smooth_model_filled
1493,NaN,NaN,1369.031806225139,NaN,0.0,0,NaN,smooth_model_filled
1494,NaN,NaN,1369.0243828381367,NaN,0.0,0,NaN,smooth_model_filled
1495,NaN,NaN,1369.0169645089213,NaN,0.0,0,NaN,smooth_model_filled
1496,NaN,NaN,1369.0095508834536,NaN,0.0,0,NaN,smooth_model_filled
1497,NaN,NaN,1369.0021416076952,NaN,0.0,0,NaN,smooth_model_filled
1498,NaN,NaN,1368.9947363276065,NaN,0.0,0,NaN,smooth_model_filled
1499,NaN,NaN,1368.9873346891482,NaN,0.0,0,NaN,smooth_model_filled
1500,NaN,NaN,1368.9799363382817,NaN,0.0,0,NaN,smooth_model_filled
1501,NaN,NaN,1368.972540920968,NaN,0.0,0,NaN,smooth_model_filled
1502,NaN,NaN,1368.9651480831678,NaN,0.0,0,NaN,smooth_model_filled
1503,NaN,NaN,1368.9577574708424,NaN,0.0,0,NaN,smooth_model_filled
1504,NaN,NaN,1368.950368729952,NaN,0.0,0,NaN,smooth_model_filled
1505,NaN,NaN,1368.9429815064584,NaN,0.0,0,NaN,smooth_model_filled
1506,NaN,NaN,1368.935595446322,NaN,0.0,0,NaN,smooth_model_filled
1507,NaN,NaN,1368.9282101955043,NaN,0.0,0,NaN,smooth_model_filled
1508,NaN,NaN,1368.920825399966,NaN,0.0,0,NaN,smooth_model_filled
1509,NaN,NaN,1368.9134407056674,NaN,0.0,0,NaN,smooth_model_filled
1510,NaN,NaN,1368.9060557585703,NaN,0.0,0,NaN,smooth_model_filled
1511,NaN,NaN,1368.8986702046352,NaN,0.0,0,NaN,smooth_model_filled
1512,NaN,NaN,1368.8912836898237,NaN,0.0,0,NaN,smooth_model_filled
1513,NaN,NaN,1368.883895860096,NaN,0.0,0,NaN,smooth_model_filled
1514,NaN,NaN,1368.876506361413,NaN,0.0,0,NaN,smooth_model_filled
1515,NaN,NaN,1368.869114839736,NaN,0.0,0,NaN,smooth_model_filled
1516,NaN,NaN,1368.861720941026,NaN,0.0,0,NaN,smooth_model_filled
1517,NaN,NaN,1368.8543243112442,NaN,0.0,0,NaN,smooth_model_filled
1518,NaN,NaN,1368.846924596351,NaN,0.0,0,NaN,smooth_model_filled
1519,NaN,NaN,1368.8395214423076,NaN,0.0,0,NaN,smooth_model_filled
1520,NaN,NaN,1368.8321144950748,NaN,0.0,0,NaN,smooth_model_filled
1521,NaN,NaN,1368.8247034006138,NaN,0.0,0,NaN,smooth_model_filled
1522,NaN,NaN,1368.8172878048854,NaN,0.0,0,NaN,smooth_model_filled
1523,NaN,NaN,1368.8098673538502,NaN,0.0,0,NaN,smooth_model_filled
1524,1368.9813955388963,NaN,1368.8024416934697,0.006607624123585919,1.0,50,1.0,segment_edge_excluded
1525,1368.9696072842926,NaN,1368.7950104697052,0.010436271869513706,1.0,50,3.0,segment_edge_excluded
1526,1368.8880227729678,NaN,1368.7875733285164,0.01277120164453684,1.0,50,2.0,observed
1527,1368.789893604815,NaN,1368.7801299158655,0.013911216642884089,1.0,50,2.0,observed
1528,1368.7134175002575,NaN,1368.7726798777128,0.015073960897914861,1.0,50,2.0,observed
1529,1368.7421639710665,NaN,1368.7652228600193,0.013279165441312617,1.0,50,2.0,observed
1530,1368.7924344837666,NaN,1368.7577585087458,0.012250708923857007,1.0,50,3.0,observed
1531,1368.7681003063917,NaN,1368.7502864698536,0.01329616501028651,1.0,50,3.0,observed
1532,1368.7333879321814,NaN,1368.7428063893037,0.013467050819213787,1.0,50,3.0,observed
1533,1368.7126808613539,NaN,1368.7353179130569,0.01220836029124742,1.0,50,3.0,observed
1534,1368.672319278121,NaN,1368.727820687074,0.010764966821198095,1.0,50,2.0,observed
1535,1368.6322992444038,NaN,1368.7203143573158,0.010203669015121805,1.0,50,2.0,observed
1536,1368.6201270520687,NaN,1368.7127985697443,0.01099564514709104,1.0,50,2.0,observed
1537,1368.6255775392056,NaN,1368.705272970319,0.01252488871302167,1.0,50,2.0,observed
1538,1368.649624466896,NaN,1368.6977372050017,0.013721187236223923,1.0,50,2.0,observed
1539,1368.6973405331373,NaN,1368.690190919753,0.013574958994882097,1.0,50,2.0,observed
1540,1368.7318260371685,NaN,1368.682633760534,0.012576188605515536,1.0,50,2.0,observed
1541,1368.7115848362446,NaN,1368.6750653733059,0.011740496475043943,1.0,50,1.0,observed
1542,1368.6332310438156,NaN,1368.6674854040295,0.011324840548178044,1.0,50,2.0,observed
1543,1368.5319460183382,NaN,1368.6598934986653,0.008868199945668469,1.0,50,2.0,observed
1544,1368.5429196357727,NaN,1368.6522893031754,0.011914650119413867,1.0,50,2.0,observed
1545,1368.5511267483234,NaN,1368.6446724635196,0.014346948149101953,1.0,50,2.0,observed
1546,1368.532940670848,NaN,1368.637042625659,0.00936150189813355,1.0,50,2.0,observed
1547,1368.5441167801619,NaN,1368.6293994355551,0.009749278906220958,1.0,50,2.0,observed
1548,1368.5170815438032,NaN,1368.621742539168,0.023597068567523673,1.0,50,3.0,observed
1549,1368.5054441392422,NaN,1368.6140715824595,0.014586195457519803,1.0,50,2.0,observed
1550,1368.48333825171,NaN,1368.6063862113904,0.015449346855630486,1.0,50,1.0,observed
1551,1368.527516335249,NaN,1368.598686071921,0.016477478894103354,1.0,50,3.0,observed
1552,1368.5326389223337,NaN,1368.5909708100137,0.011708099674752248,1.0,50,2.0,observed
1553,1368.5559877306223,NaN,1368.5832400716279,0.015530270179705296,1.0,50,2.0,observed
1554,1368.5653180032969,NaN,1368.575493502725,0.014845827059862308,1.0,50,2.0,observed
1555,1368.5625085234642,NaN,1368.5677307492663,0.014307764431959977,1.0,50,2.0,observed
1556,1368.5389573723078,NaN,1368.5599514572125,0.013607825679918637,1.0,50,2.0,observed
1557,1368.5101031661034,NaN,1368.5521552725247,0.011519581063564693,1.0,50,2.0,observed
1558,1368.502583682537,NaN,1368.5443418411633,0.011848197382120899,1.0,50,2.0,observed
1559,1368.5155844986439,NaN,1368.5365108090903,0.011527198309943384,1.0,50,2.0,observed
1560,1368.5479508787394,NaN,1368.5286618222656,0.015119038472899178,1.0,50,2.0,observed
1561,1368.6003630906343,NaN,1368.520794526651,0.01518690476009077,1.0,50,2.0,observed
1562,1368.640954181552,NaN,1368.5129085682067,0.014547489853065938,1.0,50,3.0,observed
1563,1368.6307739466429,NaN,1368.505003592894,0.013044748446899497,1.0,50,2.0,observed
1564,1368.570649176836,NaN,1368.4970792466738,0.011214786147509346,1.0,50,2.0,observed
1565,1368.4935877025127,NaN,1368.4891351755075,0.007865158259865702,1.0,50,2.0,observed
1566,1368.5024148523808,NaN,1368.4811710253553,0.010055803991540928,1.0,50,2.0,observed
1567,1368.4669605642557,NaN,1368.4731864421783,0.009886065080215748,1.0,50,2.0,observed
1568,1368.4582427442074,NaN,1368.4651810719383,0.010147110088483517,1.0,50,2.0,observed
1569,1368.4481525421143,NaN,1368.4571545605952,0.010183184003430922,1.0,50,2.0,observed
1570,1368.4219879209995,NaN,1368.4491065541104,0.009957054968115503,1.0,50,2.0,observed
1571,1368.384665325284,NaN,1368.4410366984448,0.009959988299458312,1.0,50,2.0,observed
1572,1368.368900746107,NaN,1368.432944639559,0.010949196181504894,1.0,50,3.0,observed
1573,1368.3588237911463,NaN,1368.424830023415,0.012128858068466766,1.0,50,2.0,observed
1574,1368.3418937176466,NaN,1368.4166924959725,0.012896018165370586,1.0,50,2.0,observed
1575,1368.3461914211512,NaN,1368.4085317031934,0.013179742429682327,1.0,50,2.0,observed
1576,1368.3840464353561,NaN,1368.4003472910379,0.013539635480655565,1.0,50,3.0,observed
1577,1368.4363596588373,NaN,1368.3921389054674,0.01361371976528385,1.0,50,2.0,observed
1578,1368.4616535753012,NaN,1368.3839061924432,0.012936830478840887,1.0,50,2.0,observed
1579,1368.4119559675455,NaN,1368.3756487979251,0.011926567455283517,1.0,50,2.0,observed
1580,1368.3421738445759,NaN,1368.367366367875,0.011473101851925122,1.0,50,2.0,observed
1581,1368.29670573771,NaN,1368.3590585482539,0.011708890633559598,1.0,50,2.0,observed
1582,1368.282613992691,NaN,1368.350724985022,0.012550437436762823,1.0,50,1.0,observed
1583,1368.313357949257,NaN,1368.342365324141,0.013420574029690166,1.0,50,2.0,observed
1584,1368.3867884874344,NaN,1368.3339792115717,0.01416335089314435,1.0,50,2.0,observed
1585,1368.4454517513514,NaN,1368.3255662932747,0.014963624704181935,1.0,50,2.0,observed
1586,1368.4236170649529,NaN,1368.3171262152111,0.01425507447905329,1.0,50,2.0,observed
1587,1368.3505692481995,NaN,1368.3086586233421,0.012924966958433735,1.0,50,3.0,observed
1588,1368.2804878652096,NaN,1368.3001631636287,0.012030833492217773,1.0,50,2.0,observed
1589,1368.254655227065,NaN,1368.2916394820313,0.012437032208007355,1.0,50,2.0,observed
1590,1368.2604625225067,NaN,1368.2830872245108,0.01336564417337711,1.0,50,2.0,observed
1591,1368.2731277495623,NaN,1368.2745060370291,0.013271935848291094,1.0,50,2.0,observed
1592,1368.2905923128128,NaN,1368.2658955655463,0.013265662947216667,1.0,50,2.0,observed
1593,1368.3017972111702,NaN,1368.2572554851909,0.014386346391313533,1.0,50,2.0,observed
1594,1368.3035562932491,NaN,1368.2485858101586,0.015951626043384452,1.0,50,3.0,observed
1595,1368.3108001053333,NaN,1368.2398867733984,0.016406804168969863,1.0,50,3.0,observed
1596,1368.3129353821278,NaN,1368.231158611506,0.015396644448648146,1.0,50,2.0,observed
1597,1368.2873987406492,NaN,1368.222401561077,0.014084588848113012,1.0,50,2.0,observed
1598,1368.2523797601461,NaN,1368.2136158587064,0.013540007585367586,1.0,50,3.0,observed
1599,1368.2587698698044,NaN,1368.2048017409882,0.013241324039818165,1.0,50,3.0,observed
1600,1368.3091075122356,NaN,1368.1959594445193,0.012967799321446587,1.0,50,1.0,observed
1601,1368.3652234077454,NaN,1368.187089205894,0.012419249423962431,1.0,50,4.0,observed
1602,1368.3944045007229,NaN,1368.1781912617078,0.01161824474205352,1.0,50,3.0,observed
1603,1368.389651849866,NaN,1368.1692658485554,0.01138899104943357,1.0,50,2.0,observed
1604,1368.3157733082771,NaN,1368.1603132030334,0.011529463437681808,1.0,50,2.0,observed
1605,1368.2612791359425,NaN,1368.1513335617353,0.012156534563020273,1.0,50,3.0,observed
1606,1368.249276444316,NaN,1368.1423271612575,0.01276133034968903,1.0,50,2.0,observed
1607,1368.2462878152728,NaN,1368.1332942381953,0.012520269858826077,1.0,50,3.0,observed
1608,1368.2452767640352,NaN,1368.1242350291427,0.011491185900999557,1.0,50,3.0,observed
1609,1368.2459427416325,NaN,1368.1151497706962,0.011014926902302815,1.0,50,2.0,observed
1610,1368.192853808403,NaN,1368.1060386994504,0.010178339854266012,1.0,50,3.0,observed
1611,1368.1090602576733,NaN,1368.0969020520008,0.008910224342652762,1.0,50,1.0,observed
1612,1368.0782785601914,NaN,1368.0877400649422,0.008770658816380738,1.0,50,1.0,observed
1613,1368.0884791947901,NaN,1368.0785529748707,0.010056032313015073,1.0,50,3.0,observed
1614,1368.099875830114,NaN,1368.0693410183806,0.011372686523733001,1.0,50,2.0,observed
1615,1368.0915459953249,NaN,1368.0601044320676,0.011374532020716449,1.0,50,2.0,observed
1616,1368.0676974281669,NaN,1368.0508434525266,0.010331370623217373,1.0,50,1.0,observed
1617,1368.0438309274614,NaN,1368.041558316353,0.009614606697021999,1.0,50,2.0,observed
1618,1368.0365110002458,NaN,1368.0322492601426,0.010087803479264598,1.0,50,3.0,observed
1619,1368.0532419066876,NaN,1368.0229165204896,0.010732755314037853,1.0,50,3.0,observed
1620,1368.0852716378868,NaN,1368.0135603339897,0.010759229821856037,1.0,50,2.0,observed
1621,1368.1192075423896,NaN,1368.004180937238,0.010432749712816484,1.0,50,2.0,observed
1622,1368.1336887478828,NaN,1367.99477856683,0.0100096089031649,1.0,50,2.0,observed
1623,1368.1205426119268,NaN,1367.985353459361,0.009871482629154573,1.0,50,1.0,observed
1624,1368.1061357297003,NaN,1367.975905851426,0.010738945151156384,1.0,50,2.0,observed
1625,1368.1148094572127,NaN,1367.9664359796195,0.01184522328436178,1.0,50,2.0,observed
1626,1368.1292716488242,NaN,1367.9569440805383,0.012183407198392462,1.0,50,3.0,observed
1627,1368.1220019757748,NaN,1367.9474303907768,0.011679853138634858,1.0,50,1.0,observed
1628,1368.0756330676377,NaN,1367.9378951469293,0.010742372114387033,1.0,50,3.0,observed
1629,1368.0350476838648,NaN,1367.9283385855927,0.010294471765949473,1.0,50,2.0,observed
1630,1368.018248187378,NaN,1367.9187609433613,0.010320791635661157,1.0,50,1.0,observed
1631,1368.033429261297,NaN,1367.9091624568305,0.009383687438306589,1.0,50,3.0,observed
1632,1368.0411303956062,NaN,1367.8995433625955,0.007274338846195205,1.0,50,2.0,segment_edge_excluded
1633,1368.0197747834027,NaN,1367.8899038972513,0.007268188094829857,1.0,50,1.0,segment_edge_excluded
1634,NaN,NaN,1367.8802442973936,NaN,0.0,0,NaN,smooth_model_filled
1635,NaN,NaN,1367.8705647996171,NaN,0.0,0,NaN,smooth_model_filled
1636,NaN,NaN,1367.8608656405177,NaN,0.0,0,NaN,smooth_model_filled
1637,NaN,NaN,1367.8511470566896,NaN,0.0,0,NaN,smooth_model_filled
1638,NaN,NaN,1367.8414092847293,NaN,0.0,0,NaN,smooth_model_filled
1639,NaN,NaN,1367.831652561231,NaN,0.0,0,NaN,smooth_model_filled
1640,NaN,NaN,1367.8218771227907,NaN,0.0,0,NaN,smooth_model_filled
1641,NaN,NaN,1367.8120832060029,NaN,0.0,0,NaN,smooth_model_filled
1642,NaN,NaN,1367.8022710474631,NaN,0.0,0,NaN,smooth_model_filled
1643,NaN,NaN,1367.7924408837666,NaN,0.0,0,NaN,smooth_model_filled
1644,NaN,NaN,1367.782592951509,NaN,0.0,0,NaN,smooth_model_filled
1645,NaN,NaN,1367.7727274872848,NaN,0.0,0,NaN,smooth_model_filled
1646,NaN,NaN,1367.7628447276898,NaN,0.0,0,NaN,smooth_model_filled
1647,NaN,NaN,1367.7529449093186,NaN,0.0,0,NaN,smooth_model_filled
1648,NaN,NaN,1367.743028268767,NaN,0.0,0,NaN,smooth_model_filled
1649,NaN,NaN,1367.73309504263,NaN,0.0,0,NaN,smooth_model_filled
1650,NaN,NaN,1367.7231454675025,NaN,0.0,0,NaN,smooth_model_filled
1651,NaN,NaN,1367.7131797799807,NaN,0.0,0,NaN,smooth_model_filled
1652,NaN,NaN,1367.7031982166588,NaN,0.0,0,NaN,smooth_model_filled
1653,NaN,NaN,1367.6932010141325,NaN,0.0,0,NaN,smooth_model_filled
1654,NaN,NaN,1367.683188408997,NaN,0.0,0,NaN,smooth_model_filled
1655,NaN,NaN,1367.6731606378473,NaN,0.0,0,NaN,smooth_model_filled
1656,NaN,NaN,1367.6631179372794,NaN,0.0,0,NaN,smooth_model_filled
1657,NaN,NaN,1367.6530605438875,NaN,0.0,0,NaN,smooth_model_filled
1658,NaN,NaN,1367.6429886942672,NaN,0.0,0,NaN,smooth_model_filled
1659,NaN,NaN,1367.6329026250137,NaN,0.0,0,NaN,smooth_model_filled
1660,NaN,NaN,1367.6228025727223,NaN,0.0,0,NaN,smooth_model_filled
1661,NaN,NaN,1367.6126887739886,NaN,0.0,0,NaN,smooth_model_filled
1662,NaN,NaN,1367.6025614654072,NaN,0.0,0,NaN,smooth_model_filled
1663,NaN,NaN,1367.5924208835734,NaN,0.0,0,NaN,smooth_model_filled
1664,NaN,NaN,1367.5822672650827,NaN,0.0,0,NaN,smooth_model_filled
1665,NaN,NaN,1367.5721008465307,NaN,0.0,0,NaN,smooth_model_filled
1666,NaN,NaN,1367.5619218645115,NaN,0.0,0,NaN,smooth_model_filled
1667,NaN,NaN,1367.551730555621,NaN,0.0,0,NaN,smooth_model_filled
1668,NaN,NaN,1367.5415271564548,NaN,0.0,0,NaN,smooth_model_filled
1669,NaN,NaN,1367.5313119036075,NaN,0.0,0,NaN,smooth_model_filled
1670,NaN,NaN,1367.5210850336748,NaN,0.0,0,NaN,smooth_model_filled
1671,NaN,NaN,1367.5108467832515,NaN,0.0,0,NaN,smooth_model_filled
1672,NaN,NaN,1367.500597388933,NaN,0.0,0,NaN,smooth_model_filled
1673,NaN,NaN,1367.4903370873146,NaN,0.0,0,NaN,smooth_model_filled
1674,NaN,NaN,1367.4800661149911,NaN,0.0,0,NaN,smooth_model_filled
1675,NaN,NaN,1367.4697847085583,NaN,0.0,0,NaN,smooth_model_filled
1676,NaN,NaN,1367.4594931046115,NaN,0.0,0,NaN,smooth_model_filled
1677,NaN,NaN,1367.4491915397452,NaN,0.0,0,NaN,smooth_model_filled
1678,NaN,NaN,1367.4388802505553,NaN,0.0,0,NaN,smooth_model_filled
1679,NaN,NaN,1367.4285594736366,NaN,0.0,0,NaN,smooth_model_filled
1680,NaN,NaN,1367.4182294455845,NaN,0.0,0,NaN,smooth_model_filled
1681,NaN,NaN,1367.4078904029946,NaN,0.0,0,NaN,smooth_model_filled
1682,NaN,NaN,1367.3975425824615,NaN,0.0,0,NaN,smooth_model_filled
1683,NaN,NaN,1367.3871862205806,NaN,0.0,0,NaN,smooth_model_filled
1684,NaN,NaN,1367.3768215539476,NaN,0.0,0,NaN,smooth_model_filled
1685,NaN,NaN,1367.3664488191566,NaN,0.0,0,NaN,smooth_model_filled
1686,NaN,NaN,1367.3560682528039,NaN,0.0,0,NaN,smooth_model_filled
1687,NaN,NaN,1367.3456800914846,NaN,0.0,0,NaN,smooth_model_filled
1688,NaN,NaN,1367.3352845717936,NaN,0.0,0,NaN,smooth_model_filled
1689,NaN,NaN,1367.324881930326,NaN,0.0,0,NaN,smooth_model_filled
1690,NaN,NaN,1367.3144724036774,NaN,0.0,0,NaN,smooth_model_filled
1691,NaN,NaN,1367.3040562284427,NaN,0.0,0,NaN,smooth_model_filled
1692,NaN,NaN,1367.2936336412176,NaN,0.0,0,NaN,smooth_model_filled
1693,NaN,NaN,1367.2832048785972,NaN,0.0,0,NaN,smooth_model_filled
1694,NaN,NaN,1367.272770177176,NaN,0.0,0,NaN,smooth_model_filled
1695,NaN,NaN,1367.26232977355,NaN,0.0,0,NaN,smooth_model_filled
1696,NaN,NaN,1367.2518839043144,NaN,0.0,0,NaN,smooth_model_filled
1697,NaN,NaN,1367.2414328060636,NaN,0.0,0,NaN,smooth_model_filled
1698,NaN,NaN,1367.2309767153943,NaN,0.0,0,NaN,smooth_model_filled
1699,NaN,NaN,1367.2205158689,NaN,0.0,0,NaN,smooth_model_filled
1700,NaN,NaN,1367.2100505031774,NaN,0.0,0,NaN,smooth_model_filled
1701,NaN,NaN,1367.1995808548213,NaN,0.0,0,NaN,smooth_model_filled
1702,NaN,NaN,1367.1891071604261,NaN,0.0,0,NaN,smooth_model_filled
1703,NaN,NaN,1367.1786296565888,NaN,0.0,0,NaN,smooth_model_filled
1704,NaN,NaN,1367.1681485799022,NaN,0.0,0,NaN,smooth_model_filled
1705,NaN,NaN,1367.1576641669633,NaN,0.0,0,NaN,smooth_model_filled
1706,NaN,NaN,1367.1471766543673,NaN,0.0,0,NaN,smooth_model_filled
1707,NaN,NaN,1367.1366862787083,NaN,0.0,0,NaN,smooth_model_filled
1708,NaN,NaN,1367.1261932765824,NaN,0.0,0,NaN,smooth_model_filled
1709,NaN,NaN,1367.1156978845852,NaN,0.0,0,NaN,smooth_model_filled
1710,NaN,NaN,1367.1052003393106,NaN,0.0,0,NaN,smooth_model_filled
1711,NaN,NaN,1367.0947008773546,NaN,0.0,0,NaN,smooth_model_filled
1712,NaN,NaN,1367.0841997353127,NaN,0.0,0,NaN,smooth_model_filled
1713,NaN,NaN,1367.07369714978,NaN,0.0,0,NaN,smooth_model_filled
1714,NaN,NaN,1367.063193357351,NaN,0.0,0,NaN,smooth_model_filled
1715,NaN,NaN,1367.052688594622,NaN,0.0,0,NaN,smooth_model_filled
1716,NaN,NaN,1367.0421830981877,NaN,0.0,0,NaN,smooth_model_filled
1717,NaN,NaN,1367.0316771046432,NaN,0.0,0,NaN,smooth_model_filled
1718,NaN,NaN,1367.0211708505835,NaN,0.0,0,NaN,smooth_model_filled
1719,NaN,NaN,1367.0106645726044,NaN,0.0,0,NaN,smooth_model_filled
1720,NaN,NaN,1367.0001585073012,NaN,0.0,0,NaN,smooth_model_filled
1721,NaN,NaN,1366.9896528912684,NaN,0.0,0,NaN,smooth_model_filled
1722,NaN,NaN,1366.9791479611017,NaN,0.0,0,NaN,smooth_model_filled
1723,NaN,NaN,1366.9686439533968,NaN,0.0,0,NaN,smooth_model_filled
1724,NaN,NaN,1366.9581411047477,NaN,0.0,0,NaN,smooth_model_filled
1725,NaN,NaN,1366.9476396508828,NaN,0.0,0,NaN,smooth_model_filled
1726,NaN,NaN,1366.9371397754578,NaN,0.0,0,NaN,smooth_model_filled
1727,NaN,NaN,1366.9266415814166,NaN,0.0,0,NaN,smooth_model_filled
1728,NaN,NaN,1366.9161451647624,NaN,0.0,0,NaN,smooth_model_filled
1729,NaN,NaN,1366.905650621496,NaN,0.0,0,NaN,smooth_model_filled
1730,NaN,NaN,1366.8951580476198,NaN,0.0,0,NaN,smooth_model_filled
1731,NaN,NaN,1366.8846675391362,NaN,0.0,0,NaN,smooth_model_filled
1732,NaN,NaN,1366.8741791920463,NaN,0.0,0,NaN,smooth_model_filled
1733,NaN,NaN,1366.8636931023523,NaN,0.0,0,NaN,smooth_model_filled
1734,NaN,NaN,1366.8532093660565,NaN,0.0,0,NaN,smooth_model_filled
1735,NaN,NaN,1366.84272807916,NaN,0.0,0,NaN,smooth_model_filled
1736,NaN,NaN,1366.8322493376656,NaN,0.0,0,NaN,smooth_model_filled
1737,NaN,NaN,1366.8217732375745,NaN,0.0,0,NaN,smooth_model_filled
1738,NaN,NaN,1366.811299874889,NaN,0.0,0,NaN,smooth_model_filled
1739,NaN,NaN,1366.8008293456114,NaN,0.0,0,NaN,smooth_model_filled
1740,NaN,NaN,1366.7903617457428,NaN,0.0,0,NaN,smooth_model_filled
1741,NaN,NaN,1366.779897171286,NaN,0.0,0,NaN,smooth_model_filled
1742,1366.904509562999,NaN,1366.769435718242,0.009581095043228821,1.0,50,4.0,segment_edge_excluded
1743,1366.7971348762512,NaN,1366.7589774826133,0.0094538036771356,1.0,50,3.0,segment_edge_excluded
1744,1366.6950051039457,NaN,1366.7485225604016,0.012977439295315389,1.0,50,3.0,observed
1745,1366.7088902145624,NaN,1366.738071047609,0.014671475010790016,1.0,50,3.0,observed
1746,1366.6855419427156,NaN,1366.7276230402372,0.014124835610091126,1.0,50,4.0,observed
1747,1366.6437773555517,NaN,1366.7171786342883,0.012095729459688297,1.0,50,4.0,observed
1748,1366.5826965719461,NaN,1366.7067379257642,0.010202180651625502,1.0,50,2.0,observed
1749,1366.5310893058777,NaN,1366.6963010106667,0.009521929670801598,1.0,50,2.0,observed
1750,1366.5163946002722,NaN,1366.6858679849975,0.010519220269348381,1.0,50,3.0,observed
1751,1366.456203520298,NaN,1366.6754389447594,0.008198157538798634,1.0,50,3.0,observed
1752,1366.3902933597565,NaN,1366.6650139859535,0.008555626699039082,1.0,50,1.0,observed
1753,1366.4162297546864,NaN,1366.654593204582,0.009885849149258594,1.0,50,1.0,observed
1754,1366.5296625494957,NaN,1366.6441766966466,0.011913415527818237,1.0,50,3.0,observed
1755,1366.5830909609795,NaN,1366.6337645581496,0.012429995193789668,1.0,50,3.0,observed
1756,1366.654676809907,NaN,1366.6233568850928,0.011843202057904642,1.0,50,4.0,observed
1757,1366.6748495995998,NaN,1366.6129537734776,0.011213706907628634,1.0,50,4.0,observed
1758,1366.671064376831,NaN,1366.6025553193067,0.010756247517463777,1.0,50,3.0,observed
1759,1366.6817608475685,NaN,1366.5921616185817,0.009666613924379354,1.0,50,2.0,observed
1760,1366.6846419423819,NaN,1366.5817727673043,0.00867195942346178,1.0,50,2.0,observed
1761,1366.651991084218,NaN,1366.5713888614766,0.008175867396799692,1.0,50,2.0,observed
1762,1366.594350501895,NaN,1366.5610099971007,0.007922535952924902,1.0,50,2.0,observed
1763,1366.4861990511417,NaN,1366.550636270178,0.01394523165911556,1.0,50,2.0,observed
1764,1366.3874213397503,NaN,1366.5402677767113,0.007779970330866247,1.0,50,2.0,observed
1765,1366.2843213528395,NaN,1366.5299046127018,0.008109091148168691,1.0,50,3.0,observed
1766,1366.2560611367226,NaN,1366.5195468741517,0.009042895448459182,1.0,50,4.0,observed
1767,1366.256630152464,NaN,1366.5091946570628,0.010276667627920077,1.0,50,2.0,observed
1768,1366.2753226906061,NaN,1366.498848057437,0.011451234077942145,1.0,50,4.0,observed
1769,1366.3372292220592,NaN,1366.4885071712763,0.012321886033396583,1.0,50,3.0,observed
1770,1366.4327868372202,NaN,1366.4781720945825,0.012958109485810545,1.0,50,2.0,observed
1771,1366.4934708625078,NaN,1366.4678429233577,0.01724052698288136,1.0,50,2.0,observed
1772,1366.45323908329,NaN,1366.4575197536037,0.010622642634475004,1.0,50,3.0,observed
1773,1366.4844125956297,NaN,1366.4472026813226,0.027476820810159456,1.0,50,3.0,observed
1774,1366.4860464930534,NaN,1366.436891802516,0.013228810557748102,1.0,50,3.0,observed
1775,1366.4524971544743,NaN,1366.426587213186,0.011959591532695933,1.0,50,4.0,observed
1776,1366.4442844688892,NaN,1366.4162890093348,0.011407322671857262,1.0,50,2.0,observed
1777,1366.4308015555143,NaN,1366.4059972869638,0.011003160530453318,1.0,50,4.0,observed
1778,1366.3991896361113,NaN,1366.3957121420754,0.010082287520222517,1.0,50,2.0,observed
1779,1366.3784126341343,NaN,1366.3854336706709,0.009619414488160031,1.0,50,2.0,observed
1780,1366.3647627681494,NaN,1366.3751619687525,0.010294072314365172,1.0,50,3.0,observed
1781,1366.3022061884403,NaN,1366.3648971323228,0.011297098014824654,1.0,50,2.0,observed
1782,1366.2261826694012,NaN,1366.3546392573826,0.012739811611875975,1.0,50,2.0,observed
1783,1366.2030672952533,NaN,1366.3443884399346,0.01362869567185499,1.0,50,3.0,observed
1784,1366.2420517280698,NaN,1366.3341447759806,0.012882440340619243,1.0,50,3.0,observed
1785,1366.3165467381477,NaN,1366.323908361522,0.012945636709062904,1.0,50,2.0,observed
1786,1366.3029672503471,NaN,1366.3136792925616,0.012685276294893997,1.0,50,3.0,observed
1787,1366.2452148795128,NaN,1366.3034576651005,0.012367488296711172,1.0,50,3.0,observed
1788,1366.2141525447369,NaN,1366.293243575141,0.012899396719759496,1.0,50,3.0,observed
1789,1366.2114814296365,NaN,1366.2830371186853,0.013488536691652231,1.0,50,3.0,observed
1790,1366.2162005007267,NaN,1366.2728383917347,0.013003602311006243,1.0,50,3.0,observed
1791,1366.2271313592792,NaN,1366.2626474902918,0.01178874369874315,1.0,50,3.0,observed
1792,1366.2599957883358,NaN,1366.2524645103576,0.01064541190078508,1.0,50,3.0,observed
1793,1366.2914823293686,NaN,1366.2422895479347,0.009294934186220623,1.0,50,3.0,observed
1794,1366.3105047643185,NaN,1366.232122699025,0.008585676017166248,1.0,50,2.0,observed
1795,1366.3380906283855,NaN,1366.2219640596302,0.008955331539993333,1.0,50,3.0,observed
1796,1366.344545841217,NaN,1366.2118137257526,0.009459377647878664,1.0,50,2.0,observed
1797,1366.287570849061,NaN,1366.2016717933934,0.009549389899426601,1.0,50,2.0,observed
1798,1366.1927814483643,NaN,1366.1915383585554,0.0098485821080054,1.0,50,3.0,observed
1799,1366.1241132058203,NaN,1366.1814135172394,0.010945372142817135,1.0,50,2.0,observed
1800,1366.1425836235285,NaN,1366.1712973654485,0.012961425463268804,1.0,50,3.0,observed
1801,1366.1743052229285,NaN,1366.1611899991842,0.014514043258841192,1.0,50,3.0,observed
1802,1366.1514422148466,NaN,1366.1510915144486,0.014179636114654184,1.0,50,3.0,observed
1803,1366.0941945165396,NaN,1366.1410020072426,0.012020737683710914,1.0,50,3.0,observed
1804,1366.0383645370603,NaN,1366.1309215735694,0.009744495453488773,1.0,50,2.0,observed
1805,1366.0139862396754,NaN,1366.1208503094304,0.00871160596663802,1.0,50,1.0,observed
1806,1366.034747455269,NaN,1366.110788310827,0.00871832621180237,1.0,50,3.0,observed
1807,1366.0848210267723,NaN,1366.100735673762,0.009589195440707021,1.0,50,2.0,observed
1808,1366.1415394470096,NaN,1366.090692494237,0.011319352129814025,1.0,50,4.0,observed
1809,1366.1704053506255,NaN,1366.080658868254,0.013201453963230855,1.0,50,3.0,observed
1810,1366.1490199118853,NaN,1366.0706348918145,0.013760726369393074,1.0,50,3.0,observed
1811,1366.0824968777597,NaN,1366.060620660921,0.012675953377091919,1.0,50,3.0,observed
1812,1365.981190238148,NaN,1366.050616271575,0.010721206622918056,1.0,50,3.0,observed
1813,1365.832736365497,NaN,1366.0406218197788,0.00932634202310059,1.0,50,3.0,observed
1814,1365.6865877509117,NaN,1366.0306374015338,0.008997131694827652,1.0,50,2.0,observed
1815,1365.6505825966597,NaN,1366.0206631128424,0.008851557523727493,1.0,50,2.0,observed
1816,1365.7065913379192,NaN,1366.010699049706,0.009050863112907882,1.0,50,1.0,observed
1817,1365.8077319934964,NaN,1366.0007453081269,0.009449097395873584,1.0,50,3.0,observed
1818,1365.9002176634967,NaN,1365.9908019841073,0.009743768933556418,1.0,50,3.0,observed
1819,1365.9586381372064,NaN,1365.9808691736484,0.009993817721097004,1.0,50,4.0,observed
1820,1365.9917340069078,NaN,1365.9709469727527,0.010740774699207619,1.0,50,3.0,observed
1821,1366.0105594331399,NaN,1365.961035477422,0.011611177654317417,1.0,50,3.0,observed
1822,1366.0183306466788,NaN,1365.9511347836578,0.011364721972202984,1.0,50,3.0,observed
1823,1366.0270346961915,NaN,1365.9412449874628,0.00989496837094049,1.0,50,3.0,observed
1824,1366.0543567538261,NaN,1365.9313661848382,0.008773378984570843,1.0,50,3.0,observed
1825,1366.0918538421392,NaN,1365.9214984717864,0.009806807325508957,1.0,50,2.0,observed
1826,1366.085106909275,NaN,1365.9116419443087,0.011425214699236772,1.0,50,3.0,observed
1827,1366.028724883683,NaN,1365.9017966984081,0.010945421773992853,1.0,50,4.0,observed
1828,1365.9744612397626,NaN,1365.8919628300853,0.008733734559584084,1.0,50,3.0,observed
1829,1365.9483610298485,NaN,1365.882140435343,0.00733611166904794,1.0,50,3.0,observed
1830,1365.9275332055986,NaN,1365.872329610183,0.007584016143749682,1.0,50,3.0,observed
1831,1365.9066649191082,NaN,1365.862530450607,0.008272283073151953,1.0,50,4.0,observed
1832,1365.8972028009593,NaN,1365.8527430526171,0.008331082627788398,1.0,50,2.0,observed
1833,1365.904740575701,NaN,1365.8429675122152,0.007997180225007876,1.0,50,1.0,observed
1834,1365.9291405305266,NaN,1365.8332039254028,0.00793638447970196,1.0,50,3.0,observed
1835,1365.944346146658,NaN,1365.823452388183,0.008147837007973354,1.0,50,3.0,observed
1836,1365.9169658757746,NaN,1365.8137129965562,0.008421144047470996,1.0,50,3.0,observed
1837,1365.8466816097498,NaN,1365.8039858465254,0.009192235675390138,1.0,50,3.0,observed
1838,1365.7904899269342,NaN,1365.794271034092,0.010493009085766603,1.0,50,2.0,observed
1839,1365.7807106003165,NaN,1365.7845686552578,0.01172375832209017,1.0,50,3.0,observed
1840,1365.7856289371848,NaN,1365.7748788060255,0.012552564926503891,1.0,50,3.0,observed
1841,1365.7670825719833,NaN,1365.7652015823962,0.012165182315264908,1.0,50,4.0,observed
1842,1365.7089629620314,NaN,1365.7555370803725,0.010562408805704292,1.0,50,3.0,observed
1843,1365.6125153303146,NaN,1365.7458853959556,0.009472329694542928,1.0,50,3.0,observed
1844,1365.570564210415,NaN,1365.736246625148,0.030088233147092452,1.0,50,2.0,observed
1845,1365.5576286315918,NaN,1365.7266208639512,0.01087083118903101,1.0,50,2.0,observed
1846,1365.5377111434937,NaN,1365.7170082083674,0.010736805821702698,1.0,50,2.0,observed
1847,1365.6101812273264,NaN,1365.7074087543988,0.010473221695860527,1.0,50,3.0,observed
1848,1365.643517702818,NaN,1365.6978225980467,0.010142112642597794,1.0,50,3.0,observed
1849,1365.7266709208488,NaN,1365.6882498353132,0.008621859116709095,1.0,50,2.0,observed
1850,1365.970679383725,NaN,1365.6786905622,0.007034888669488519,1.0,50,4.0,segment_edge_excluded
1851,1366.9022923335433,NaN,1365.6691448747097,0.009487918396268955,1.0,50,3.0,segment_edge_excluded
1852,NaN,NaN,1365.6596128688439,NaN,0.0,0,NaN,smooth_model_filled
1853,NaN,NaN,1365.6500946406043,NaN,0.0,0,NaN,smooth_model_filled
1854,NaN,NaN,1365.6405902859929,NaN,0.0,0,NaN,smooth_model_filled
1855,NaN,NaN,1365.631099901012,NaN,0.0,0,NaN,smooth_model_filled
1856,NaN,NaN,1365.621623581663,NaN,0.0,0,NaN,smooth_model_filled
1857,NaN,NaN,1365.6121614239482,NaN,0.0,0,NaN,smooth_model_filled
1858,NaN,NaN,1365.6027134999333,NaN,0.0,0,NaN,smooth_model_filled
1859,NaN,NaN,1365.593279785942,NaN,0.0,0,NaN,smooth_model_filled
1860,NaN,NaN,1365.583860234361,NaN,0.0,0,NaN,smooth_model_filled
1861,NaN,NaN,1365.5744547975773,NaN,0.0,0,NaN,smooth_model_filled
1862,NaN,NaN,1365.5650634279789,NaN,0.0,0,NaN,smooth_model_filled
1863,NaN,NaN,1365.5556860779532,NaN,0.0,0,NaN,smooth_model_filled
1864,NaN,NaN,1365.546322699886,NaN,0.0,0,NaN,smooth_model_filled
1865,NaN,NaN,1365.5369732461659,NaN,0.0,0,NaN,smooth_model_filled
1866,NaN,NaN,1365.5276376691797,NaN,0.0,0,NaN,smooth_model_filled
1867,NaN,NaN,1365.5183159213148,NaN,0.0,0,NaN,smooth_model_filled
1868,NaN,NaN,1365.509007954958,NaN,0.0,0,NaN,smooth_model_filled
1869,NaN,NaN,1365.4997137224966,NaN,0.0,0,NaN,smooth_model_filled
1870,NaN,NaN,1365.4904331763184,NaN,0.0,0,NaN,smooth_model_filled
1871,NaN,NaN,1365.4811662688105,NaN,0.0,0,NaN,smooth_model_filled
1872,NaN,NaN,1365.4719129523596,NaN,0.0,0,NaN,smooth_model_filled
1873,NaN,NaN,1365.4626731793535,NaN,0.0,0,NaN,smooth_model_filled
1874,NaN,NaN,1365.453446902179,NaN,0.0,0,NaN,smooth_model_filled
1875,NaN,NaN,1365.444234073224,NaN,0.0,0,NaN,smooth_model_filled
1876,NaN,NaN,1365.435034644875,NaN,0.0,0,NaN,smooth_model_filled
1877,NaN,NaN,1365.4258485695195,NaN,0.0,0,NaN,smooth_model_filled
1878,NaN,NaN,1365.4166757995451,NaN,0.0,0,NaN,smooth_model_filled
1879,NaN,NaN,1365.4075162873387,NaN,0.0,0,NaN,smooth_model_filled
1880,NaN,NaN,1365.398369985288,NaN,0.0,0,NaN,smooth_model_filled
1881,NaN,NaN,1365.3892368457791,NaN,0.0,0,NaN,smooth_model_filled
1882,NaN,NaN,1365.3801168212003,NaN,0.0,0,NaN,smooth_model_filled
1883,NaN,NaN,1365.3710098639385,NaN,0.0,0,NaN,smooth_model_filled
1884,NaN,NaN,1365.361915926381,NaN,0.0,0,NaN,smooth_model_filled
1885,NaN,NaN,1365.3528349609148,NaN,0.0,0,NaN,smooth_model_filled
1886,NaN,NaN,1365.3437669199275,NaN,0.0,0,NaN,smooth_model_filled
1887,NaN,NaN,1365.3347117558062,NaN,0.0,0,NaN,smooth_model_filled
1888,NaN,NaN,1365.3256694209383,NaN,0.0,0,NaN,smooth_model_filled
1889,NaN,NaN,1365.316639867711,NaN,0.0,0,NaN,smooth_model_filled
1890,NaN,NaN,1365.3076230485112,NaN,0.0,0,NaN,smooth_model_filled
1891,NaN,NaN,1365.2986189157264,NaN,0.0,0,NaN,smooth_model_filled
1892,NaN,NaN,1365.2896274217437,NaN,0.0,0,NaN,smooth_model_filled
1893,NaN,NaN,1365.2806485189508,NaN,0.0,0,NaN,smooth_model_filled
1894,NaN,NaN,1365.271682159734,NaN,0.0,0,NaN,smooth_model_filled
1895,NaN,NaN,1365.2627282964816,NaN,0.0,0,NaN,smooth_model_filled
1896,NaN,NaN,1365.2537868815803,NaN,0.0,0,NaN,smooth_model_filled
1897,NaN,NaN,1365.244857867417,NaN,0.0,0,NaN,smooth_model_filled
1898,NaN,NaN,1365.23594120638,NaN,0.0,0,NaN,smooth_model_filled
1899,NaN,NaN,1365.2270368508557,NaN,0.0,0,NaN,smooth_model_filled
1900,NaN,NaN,1365.2181447532316,NaN,0.0,0,NaN,smooth_model_filled
1901,NaN,NaN,1365.2092648658947,NaN,0.0,0,NaN,smooth_model_filled
1902,NaN,NaN,1365.2003971412323,NaN,0.0,0,NaN,smooth_model_filled
1903,NaN,NaN,1365.191541531632,NaN,0.0,0,NaN,smooth_model_filled
1904,NaN,NaN,1365.1826979894806,NaN,0.0,0,NaN,smooth_model_filled
1905,NaN,NaN,1365.1738664671661,NaN,0.0,0,NaN,smooth_model_filled
1906,NaN,NaN,1365.165046917075,NaN,0.0,0,NaN,smooth_model_filled
1907,NaN,NaN,1365.1562392915946,NaN,0.0,0,NaN,smooth_model_filled
1908,NaN,NaN,1365.1474435431123,NaN,0.0,0,NaN,smooth_model_filled
1909,NaN,NaN,1365.1386596240154,NaN,0.0,0,NaN,smooth_model_filled
1910,NaN,NaN,1365.1298874866911,NaN,0.0,0,NaN,smooth_model_filled
1911,NaN,NaN,1365.1211270835265,NaN,0.0,0,NaN,smooth_model_filled
1912,NaN,NaN,1365.112378366909,NaN,0.0,0,NaN,smooth_model_filled
1913,NaN,NaN,1365.1036412892258,NaN,0.0,0,NaN,smooth_model_filled
1914,NaN,NaN,1365.094915802864,NaN,0.0,0,NaN,smooth_model_filled
1915,NaN,NaN,1365.0862018602118,NaN,0.0,0,NaN,smooth_model_filled
1916,NaN,NaN,1365.0774994136546,NaN,0.0,0,NaN,smooth_model_filled
1917,NaN,NaN,1365.068808415581,NaN,0.0,0,NaN,smooth_model_filled
1918,NaN,NaN,1365.0601288183782,NaN,0.0,0,NaN,smooth_model_filled
1919,NaN,NaN,1365.051460574433,NaN,0.0,0,NaN,smooth_model_filled
1920,NaN,NaN,1365.0428036361327,NaN,0.0,0,NaN,smooth_model_filled
1921,NaN,NaN,1365.0341579558647,NaN,0.0,0,NaN,smooth_model_filled
1922,NaN,NaN,1365.025523486016,NaN,0.0,0,NaN,smooth_model_filled
1923,NaN,NaN,1365.0169001789745,NaN,0.0,0,NaN,smooth_model_filled
1924,NaN,NaN,1365.0082879871268,NaN,0.0,0,NaN,smooth_model_filled
1925,NaN,NaN,1364.99968686286,NaN,0.0,0,NaN,smooth_model_filled
1926,NaN,NaN,1364.991096758562,NaN,0.0,0,NaN,smooth_model_filled
1927,NaN,NaN,1364.9825176266193,NaN,0.0,0,NaN,smooth_model_filled
1928,NaN,NaN,1364.97394941942,NaN,0.0,0,NaN,smooth_model_filled
1929,NaN,NaN,1364.9653920893506,NaN,0.0,0,NaN,smooth_model_filled
1930,NaN,NaN,1364.956845588799,NaN,0.0,0,NaN,smooth_model_filled
1931,NaN,NaN,1364.948309870152,NaN,0.0,0,NaN,smooth_model_filled
1932,NaN,NaN,1364.9397848857961,NaN,0.0,0,NaN,smooth_model_filled
1933,NaN,NaN,1364.9312705881205,NaN,0.0,0,NaN,smooth_model_filled
1934,NaN,NaN,1364.9227669295105,NaN,0.0,0,NaN,smooth_model_filled
1935,NaN,NaN,1364.9142738623545,NaN,0.0,0,NaN,smooth_model_filled
1936,NaN,NaN,1364.9057913390393,NaN,0.0,0,NaN,smooth_model_filled
1937,NaN,NaN,1364.8973193119523,NaN,0.0,0,NaN,smooth_model_filled
1938,NaN,NaN,1364.8888577334806,NaN,0.0,0,NaN,smooth_model_filled
1939,NaN,NaN,1364.8804065560116,NaN,0.0,0,NaN,smooth_model_filled
1940,NaN,NaN,1364.871965731932,NaN,0.0,0,NaN,smooth_model_filled
1941,NaN,NaN,1364.86353521363,NaN,0.0,0,NaN,smooth_model_filled
1942,NaN,NaN,1364.8551149534921,NaN,0.0,0,NaN,smooth_model_filled
1943,NaN,NaN,1364.8467049039064,NaN,0.0,0,NaN,smooth_model_filled
1944,NaN,NaN,1364.8383050172588,NaN,0.0,0,NaN,smooth_model_filled
1945,NaN,NaN,1364.8299152459376,NaN,0.0,0,NaN,smooth_model_filled
1946,NaN,NaN,1364.8215355423297,NaN,0.0,0,NaN,smooth_model_filled
1947,NaN,NaN,1364.813165858822,NaN,0.0,0,NaN,smooth_model_filled
1948,NaN,NaN,1364.804806147802,NaN,0.0,0,NaN,smooth_model_filled
1949,NaN,NaN,1364.7964563616576,NaN,0.0,0,NaN,smooth_model_filled
1950,NaN,NaN,1364.7881164527755,NaN,0.0,0,NaN,smooth_model_filled
1951,NaN,NaN,1364.7797863735425,NaN,0.0,0,NaN,smooth_model_filled
1952,NaN,NaN,1364.7714660763465,NaN,0.0,0,NaN,smooth_model_filled
1953,NaN,NaN,1364.7631555135742,NaN,0.0,0,NaN,smooth_model_filled
1954,NaN,NaN,1364.7548546376136,NaN,0.0,0,NaN,smooth_model_filled
1955,NaN,NaN,1364.7465634008513,NaN,0.0,0,NaN,smooth_model_filled
1956,NaN,NaN,1364.738281755675,NaN,0.0,0,NaN,smooth_model_filled
1957,NaN,NaN,1364.730009654471,NaN,0.0,0,NaN,smooth_model_filled
1958,NaN,NaN,1364.7217470496278,NaN,0.0,0,NaN,smooth_model_filled
1959,NaN,NaN,1364.7134938935317,NaN,0.0,0,NaN,smooth_model_filled
1960,1364.9935809674207,NaN,1364.7052501385706,0.007887501643232124,1.0,50,3.0,segment_edge_excluded
1961,1364.7424693852663,NaN,1364.6970157371313,0.010260680590839812,1.0,50,3.0,segment_edge_excluded
1962,1364.5798654556274,NaN,1364.6887906416016,0.008183862750784393,1.0,50,2.0,observed
1963,1364.6756265610456,NaN,1364.6805748043678,0.007243359444961141,1.0,50,3.0,observed
1964,1364.721181422472,NaN,1364.6723681778178,0.007212189393086967,1.0,50,3.0,observed
1965,1364.7730271220207,NaN,1364.6641707143385,0.007105310538143644,1.0,50,3.0,observed
1966,1364.8073303103447,NaN,1364.6559823663176,0.0077362051022837495,1.0,50,1.0,observed
1967,1364.7895801961422,NaN,1364.6478030861424,0.009628688173459113,1.0,50,3.0,observed
1968,1364.7026897072792,NaN,1364.6396328261997,0.011385333574736586,1.0,50,5.0,observed
1969,1364.5871203541756,NaN,1364.6314715388767,0.012296496744770482,1.0,50,2.0,observed
1970,1364.5224731266499,NaN,1364.6233191765607,0.012441672395523557,1.0,50,3.0,observed
1971,1364.5272753536701,NaN,1364.6151756916395,0.012449187953609279,1.0,50,3.0,observed
1972,1364.5642377585173,NaN,1364.6070410364996,0.009813464987773019,1.0,50,2.0,observed
1973,1364.6603221446276,NaN,1364.5989151635285,0.009145925254940679,1.0,50,2.0,observed
1974,1364.7211244106293,NaN,1364.5907980251138,0.00984142357498901,1.0,50,2.0,observed
1975,1364.7348537743092,NaN,1364.582689573642,0.010884542025404105,1.0,50,2.0,observed
1976,1364.7002429813147,NaN,1364.574589761501,0.011393974153265278,1.0,50,4.0,observed
1977,1364.6302409470081,NaN,1364.566498541078,0.010842516330428677,1.0,50,4.0,observed
1978,1364.5649252533913,NaN,1364.5584158647603,0.01059941808793254,1.0,50,4.0,observed
1979,1364.5262384712696,NaN,1364.5503416849344,0.009921916535877,1.0,50,3.0,observed
1980,1364.5354589223862,NaN,1364.5422759539883,0.009995972987577928,1.0,50,2.0,observed
1981,1364.5054942816496,NaN,1364.534218624309,0.024317670829873135,1.0,50,4.0,observed
1982,1364.5386817008257,NaN,1364.526169648284,0.0097036208945736,1.0,50,2.0,observed
1983,1364.6080491393805,NaN,1364.5181289782997,0.009570170910330154,1.0,50,4.0,observed
1984,1364.7036767452955,NaN,1364.5100965667443,0.008995766176019196,1.0,50,3.0,observed
1985,1364.7648984119296,NaN,1364.5020723660045,0.008595151632170046,1.0,50,2.0,observed
1986,1364.7204387634993,NaN,1364.4940563284679,0.008798330658087432,1.0,50,2.0,observed
1987,1364.5751432180405,NaN,1364.4860484065214,0.009863488492728105,1.0,50,4.0,observed
1988,1364.4510081857443,NaN,1364.4780485525525,0.009637808305568847,1.0,50,4.0,observed
1989,1364.4482029229403,NaN,1364.4700567189484,0.010167862663052288,1.0,50,3.0,observed
1990,1364.5249081850052,NaN,1364.4620728609677,0.010224624273206195,1.0,50,2.0,observed
1991,1364.5358993560076,NaN,1364.4540969672457,0.011545436888822723,1.0,50,3.0,observed
1992,1364.565040498972,NaN,1364.446129047954,0.011430974177254648,1.0,50,3.0,observed
1993,1364.5870895683765,NaN,1364.438169113621,0.010620113638961867,1.0,50,3.0,observed
1994,1364.5893336981535,NaN,1364.430217174776,0.009381511331803576,1.0,50,3.0,observed
1995,1364.5866495668888,NaN,1364.4222732419485,0.008537981283060561,1.0,50,4.0,observed
1996,1364.5805795788765,NaN,1364.414337325668,0.007961053208211987,1.0,50,3.0,observed
1997,1364.5292900055647,NaN,1364.4064094364628,0.00843162247638199,1.0,50,2.0,observed
1998,1364.4545222967863,NaN,1364.3984895848625,0.01073990665560538,1.0,50,1.0,observed
1999,1364.3129244446754,NaN,1364.3905777813961,0.01094829981673644,1.0,50,3.0,observed
2000,1364.2241226881742,NaN,1364.3826740365937,0.010793086428676156,1.0,50,3.0,observed
2001,1364.2032978981733,NaN,1364.3747783609836,0.010941393255164036,1.0,50,3.0,observed
2002,1364.2248241528869,NaN,1364.3668907650954,0.011416102909165627,1.0,50,3.0,observed
2003,1364.2414716482162,NaN,1364.3590112594577,0.011325981083043819,1.0,50,3.0,observed
2004,1364.2425072416663,NaN,1364.3511398546004,0.010512195146124892,1.0,50,4.0,observed
2005,1364.267580628395,NaN,1364.3432765610528,0.009842572484262077,1.0,50,3.0,observed
2006,1364.3388564884663,NaN,1364.3354213893433,0.009973560482461218,1.0,50,3.0,observed
2007,1364.387566536665,NaN,1364.327574350002,0.009928863726296016,1.0,50,3.0,observed
2008,1364.3918444663286,NaN,1364.319735453557,0.00985681211130059,1.0,50,3.0,observed
2009,1364.3870296925306,NaN,1364.3119047105388,0.009602857630000296,1.0,50,3.0,observed
2010,1364.3701586425304,NaN,1364.3040821314755,0.008810628676943705,1.0,50,3.0,observed
2011,1364.3502821475267,NaN,1364.296267726897,0.008461715793079251,1.0,50,3.0,observed
2012,1364.3319252878428,NaN,1364.2884615073324,0.009290315613575214,1.0,50,3.0,observed
2013,1364.3025678545237,NaN,1364.2806634833103,0.010369902972292748,1.0,50,3.0,observed
2014,1364.2879115194082,NaN,1364.272873665361,0.01109897685095274,1.0,50,3.0,observed
2015,1364.2926910072565,NaN,1364.2650920640128,0.011063535233461203,1.0,50,3.0,observed
2016,1364.3503239005804,NaN,1364.257318689795,0.010426636365938106,1.0,50,3.0,observed
2017,1364.4191379845142,NaN,1364.2495535532373,0.009107387885283088,1.0,50,2.0,observed
2018,1364.3467427790165,NaN,1364.2417966648684,0.007501839409070424,1.0,50,2.0,observed
2019,1364.2624295800924,NaN,1364.234048035218,0.0071988778073098746,1.0,50,3.0,observed
2020,1364.2151821404696,NaN,1364.2263076748147,0.007489257459811936,1.0,50,3.0,observed
2021,1364.1976870447397,NaN,1364.218575594188,0.007626152668283505,1.0,50,2.0,observed
2022,1364.1865286454558,NaN,1364.2108518038672,0.007650430725234106,1.0,50,3.0,observed
2023,1364.154423430562,NaN,1364.2031363143815,0.007954151917520884,1.0,50,3.0,observed
2024,1364.1179504953325,NaN,1364.19542913626,0.008201403083150207,1.0,50,3.0,observed
2025,1364.1241485625505,NaN,1364.1877302800315,0.008045845778920296,1.0,50,3.0,observed
2026,1364.1617503389716,NaN,1364.1800397562258,0.007658046862376293,1.0,50,3.0,observed
2027,1364.1711290851235,NaN,1364.172357575372,0.007776891128263998,1.0,50,3.0,observed
2028,1364.1594435796142,NaN,1364.1646837479996,0.008365988653456806,1.0,50,3.0,observed
2029,1364.1562132537365,NaN,1364.1570182846367,0.008836058724083592,1.0,50,3.0,observed
2030,1364.1707157045603,NaN,1364.1493611958135,0.009183216621262095,1.0,50,3.0,observed
2031,1364.1861696466804,NaN,1364.141712492059,0.009342115514616,1.0,50,2.0,observed
2032,1364.1824634447694,NaN,1364.1340721839022,0.009131168580752259,1.0,50,3.0,observed
2033,1364.1623039394617,NaN,1364.1264402818724,0.008387330297803842,1.0,50,3.0,observed
2034,1364.1492612287402,NaN,1364.118816796499,0.007457690116941109,1.0,50,1.0,observed
2035,1364.1657673344016,NaN,1364.1112017383105,0.007014309303934565,1.0,50,3.0,observed
2036,1364.1851988583803,NaN,1364.1035951178371,0.0069242169686683265,1.0,50,2.0,observed
2037,1364.1772511452436,NaN,1364.0959969456076,0.0068392591779785575,1.0,50,3.0,observed
2038,1364.1267982721329,NaN,1364.0884072321512,0.0069508041501745235,1.0,50,3.0,observed
2039,1364.0547417048365,NaN,1364.0808259879964,0.0075406641749005115,1.0,50,3.0,observed
2040,1364.019749284722,NaN,1364.0732532236736,0.00844672159321059,1.0,50,3.0,observed
2041,1363.994086266961,NaN,1364.0656889497113,0.009203646575942175,1.0,50,3.0,observed
2042,1363.9630730431527,NaN,1364.0581331766389,0.009359187718492815,1.0,50,3.0,observed
2043,1363.9219659492373,NaN,1364.0505859149853,0.009363622310728006,1.0,50,3.0,observed
2044,1363.906860616058,NaN,1364.0430471752804,0.009395749621510373,1.0,50,4.0,observed
2045,1363.9471725225449,NaN,1364.0355169680524,0.009917174545867444,1.0,50,3.0,observed
2046,1363.9941857683007,NaN,1364.0279953038316,0.010954005932593157,1.0,50,3.0,observed
2047,1364.0014397884952,NaN,1364.0204821931463,0.011326762712464258,1.0,50,3.0,observed
2048,1363.9623601213098,NaN,1364.012977646526,0.010518718186841459,1.0,50,4.0,observed
2049,1363.9194479733706,NaN,1364.0054816745,0.009790069393905247,1.0,50,3.0,observed
2050,1363.9330016635358,NaN,1363.9979942875977,0.009450205011475397,1.0,50,2.0,observed
2051,1363.9911925429478,NaN,1363.9905154963478,0.00863438278737414,1.0,50,2.0,observed
2052,1363.95784916915,NaN,1363.98304531128,0.008170962017784427,1.0,50,2.0,observed
2053,1363.8524357751012,NaN,1363.975583742923,0.008222421120400456,1.0,50,4.0,observed
2054,1363.751193895936,NaN,1363.9681308018062,0.008304323001270387,1.0,50,2.0,observed
2055,1363.728031784296,NaN,1363.9606864984592,0.00793616085380858,1.0,50,2.0,observed
2056,1363.7703562304378,NaN,1363.9532508434106,0.007619908224887322,1.0,50,3.0,observed
2057,1363.8311058208346,NaN,1363.94582384719,0.007697222028862534,1.0,50,4.0,observed
2058,1363.8661407232285,NaN,1363.9384055203266,0.008106881074858113,1.0,50,3.0,observed
2059,1363.8544996529818,NaN,1363.9309958733493,0.00837571417020825,1.0,50,3.0,observed
2060,1363.8632337152958,NaN,1363.9235949167871,0.007989629473985054,1.0,50,1.0,observed
2061,1363.8873882927,NaN,1363.9162026611702,0.007754076143875079,1.0,50,3.0,observed
2062,1363.8994823507965,NaN,1363.9088191170267,0.007334022532631892,1.0,50,3.0,observed
2063,1363.8786885477602,NaN,1363.9014442948867,0.006742089448364738,1.0,50,2.0,observed
2064,1363.8152597472072,NaN,1363.8940782052787,0.007024564662566039,1.0,50,3.0,observed
2065,1363.7296993881464,NaN,1363.8867208587326,0.0083083943140511,1.0,50,3.0,observed
2066,1363.6494439095259,NaN,1363.8793722657767,0.009131737584799814,1.0,50,2.0,observed
2067,1363.6427729576826,NaN,1363.872032436941,0.007742271040661605,1.0,50,2.0,segment_edge_excluded
2068,1363.0746098421514,NaN,1363.8647013827542,0.0064706574420353435,1.0,50,2.0,segment_edge_excluded
2069,NaN,NaN,1363.8573791137458,NaN,0.0,0,NaN,smooth_model_filled
2070,NaN,NaN,1363.8500656404447,NaN,0.0,0,NaN,smooth_model_filled
2071,NaN,NaN,1363.8427609733806,NaN,0.0,0,NaN,smooth_model_filled
2072,NaN,NaN,1363.8354651230825,NaN,0.0,0,NaN,smooth_model_filled
2073,NaN,NaN,1363.8281781000792,NaN,0.0,0,NaN,smooth_model_filled
2074,NaN,NaN,1363.8208999148999,NaN,0.0,0,NaN,smooth_model_filled
2075,NaN,NaN,1363.8136305780747,NaN,0.0,0,NaN,smooth_model_filled
2076,NaN,NaN,1363.806370100132,NaN,0.0,0,NaN,smooth_model_filled
2077,NaN,NaN,1363.7991184916013,NaN,0.0,0,NaN,smooth_model_filled
2078,NaN,NaN,1363.7918757630116,NaN,0.0,0,NaN,smooth_model_filled
2079,NaN,NaN,1363.7846419248922,NaN,0.0,0,NaN,smooth_model_filled
2080,NaN,NaN,1363.7774169877725,NaN,0.0,0,NaN,smooth_model_filled
2081,NaN,NaN,1363.7702009621812,NaN,0.0,0,NaN,smooth_model_filled
2082,NaN,NaN,1363.7629938586479,NaN,0.0,0,NaN,smooth_model_filled
2083,NaN,NaN,1363.7557956877017,NaN,0.0,0,NaN,smooth_model_filled
2084,NaN,NaN,1363.7486064598722,NaN,0.0,0,NaN,smooth_model_filled
2085,NaN,NaN,1363.741426185688,NaN,0.0,0,NaN,smooth_model_filled
2086,NaN,NaN,1363.7342548756785,NaN,0.0,0,NaN,smooth_model_filled
2087,NaN,NaN,1363.7270925403732,NaN,0.0,0,NaN,smooth_model_filled
2088,NaN,NaN,1363.7199391903007,NaN,0.0,0,NaN,smooth_model_filled
2089,NaN,NaN,1363.7127948359905,NaN,0.0,0,NaN,smooth_model_filled
2090,NaN,NaN,1363.705659487972,NaN,0.0,0,NaN,smooth_model_filled
2091,NaN,NaN,1363.698533156774,NaN,0.0,0,NaN,smooth_model_filled
2092,NaN,NaN,1363.6914158529262,NaN,0.0,0,NaN,smooth_model_filled
2093,NaN,NaN,1363.6843075869574,NaN,0.0,0,NaN,smooth_model_filled
2094,NaN,NaN,1363.677208369397,NaN,0.0,0,NaN,smooth_model_filled
2095,NaN,NaN,1363.6701182107743,NaN,0.0,0,NaN,smooth_model_filled
2096,NaN,NaN,1363.6630371216183,NaN,0.0,0,NaN,smooth_model_filled
2097,NaN,NaN,1363.6559651124583,NaN,0.0,0,NaN,smooth_model_filled
2098,NaN,NaN,1363.648902193823,NaN,0.0,0,NaN,smooth_model_filled
2099,NaN,NaN,1363.6418483762423,NaN,0.0,0,NaN,smooth_model_filled
2100,NaN,NaN,1363.6348036702454,NaN,0.0,0,NaN,smooth_model_filled
2101,NaN,NaN,1363.6277680863611,NaN,0.0,0,NaN,smooth_model_filled
2102,NaN,NaN,1363.620741635119,NaN,0.0,0,NaN,smooth_model_filled
2103,NaN,NaN,1363.6137243270477,NaN,0.0,0,NaN,smooth_model_filled
2104,NaN,NaN,1363.6067161726767,NaN,0.0,0,NaN,smooth_model_filled
2105,NaN,NaN,1363.5997171825356,NaN,0.0,0,NaN,smooth_model_filled
2106,NaN,NaN,1363.5927273671534,NaN,0.0,0,NaN,smooth_model_filled
2107,NaN,NaN,1363.5857467370588,NaN,0.0,0,NaN,smooth_model_filled
2108,NaN,NaN,1363.5787753027814,NaN,0.0,0,NaN,smooth_model_filled
2109,NaN,NaN,1363.5718130748505,NaN,0.0,0,NaN,smooth_model_filled
2110,NaN,NaN,1363.5648600637953,NaN,0.0,0,NaN,smooth_model_filled
2111,NaN,NaN,1363.5579162801448,NaN,0.0,0,NaN,smooth_model_filled
2112,NaN,NaN,1363.5509817344282,NaN,0.0,0,NaN,smooth_model_filled
2113,NaN,NaN,1363.544056437175,NaN,0.0,0,NaN,smooth_model_filled
2114,NaN,NaN,1363.5371403989138,NaN,0.0,0,NaN,smooth_model_filled
2115,NaN,NaN,1363.5302336301745,NaN,0.0,0,NaN,smooth_model_filled
2116,NaN,NaN,1363.523336141486,NaN,0.0,0,NaN,smooth_model_filled
2117,NaN,NaN,1363.5164479433774,NaN,0.0,0,NaN,smooth_model_filled
2118,NaN,NaN,1363.5095690463777,NaN,0.0,0,NaN,smooth_model_filled
2119,NaN,NaN,1363.5026994610168,NaN,0.0,0,NaN,smooth_model_filled
2120,NaN,NaN,1363.4958391978234,NaN,0.0,0,NaN,smooth_model_filled
2121,NaN,NaN,1363.488988267327,NaN,0.0,0,NaN,smooth_model_filled
2122,NaN,NaN,1363.4821466774433,NaN,0.0,0,NaN,smooth_model_filled
2123,NaN,NaN,1363.4753142793127,NaN,0.0,0,NaN,smooth_model_filled
2124,NaN,NaN,1363.4684906810705,NaN,0.0,0,NaN,smooth_model_filled
2125,NaN,NaN,1363.461675469949,NaN,0.0,0,NaN,smooth_model_filled
2126,NaN,NaN,1363.454868233181,NaN,0.0,0,NaN,smooth_model_filled
2127,NaN,NaN,1363.4480685579992,NaN,0.0,0,NaN,smooth_model_filled
2128,NaN,NaN,1363.441276031635,NaN,0.0,0,NaN,smooth_model_filled
2129,NaN,NaN,1363.4344902413213,NaN,0.0,0,NaN,smooth_model_filled
2130,NaN,NaN,1363.4277107742905,NaN,0.0,0,NaN,smooth_model_filled
2131,NaN,NaN,1363.420937217775,NaN,0.0,0,NaN,smooth_model_filled
2132,NaN,NaN,1363.4141691590066,NaN,0.0,0,NaN,smooth_model_filled
2133,NaN,NaN,1363.4074061852182,NaN,0.0,0,NaN,smooth_model_filled
2134,NaN,NaN,1363.4006478836423,NaN,0.0,0,NaN,smooth_model_filled
2135,NaN,NaN,1363.3938938415113,NaN,0.0,0,NaN,smooth_model_filled
2136,NaN,NaN,1363.3871436460563,NaN,0.0,0,NaN,smooth_model_filled
2137,NaN,NaN,1363.3803968845116,NaN,0.0,0,NaN,smooth_model_filled
2138,NaN,NaN,1363.3736531441082,NaN,0.0,0,NaN,smooth_model_filled
2139,NaN,NaN,1363.3669120120785,NaN,0.0,0,NaN,smooth_model_filled
2140,NaN,NaN,1363.3601730756557,NaN,0.0,0,NaN,smooth_model_filled
2141,NaN,NaN,1363.3534359220716,NaN,0.0,0,NaN,smooth_model_filled
2142,NaN,NaN,1363.3467001385586,NaN,0.0,0,NaN,smooth_model_filled
2143,NaN,NaN,1363.3399653123492,NaN,0.0,0,NaN,smooth_model_filled
2144,NaN,NaN,1363.3332310306757,NaN,0.0,0,NaN,smooth_model_filled
2145,NaN,NaN,1363.3264968807703,NaN,0.0,0,NaN,smooth_model_filled
2146,NaN,NaN,1363.3197624498653,NaN,0.0,0,NaN,smooth_model_filled
2147,NaN,NaN,1363.3130273251932,NaN,0.0,0,NaN,smooth_model_filled
2148,NaN,NaN,1363.3062910939866,NaN,0.0,0,NaN,smooth_model_filled
2149,NaN,NaN,1363.299553343478,NaN,0.0,0,NaN,smooth_model_filled
2150,NaN,NaN,1363.2928136608994,NaN,0.0,0,NaN,smooth_model_filled
2151,NaN,NaN,1363.286071633483,NaN,0.0,0,NaN,smooth_model_filled
2152,NaN,NaN,1363.2793268484613,NaN,0.0,0,NaN,smooth_model_filled
2153,NaN,NaN,1363.2725788930666,NaN,0.0,0,NaN,smooth_model_filled
2154,NaN,NaN,1363.265827354532,NaN,0.0,0,NaN,smooth_model_filled
2155,NaN,NaN,1363.2590718200888,NaN,0.0,0,NaN,smooth_model_filled
2156,NaN,NaN,1363.2523118769698,NaN,0.0,0,NaN,smooth_model_filled
2157,NaN,NaN,1363.2455471124074,NaN,0.0,0,NaN,smooth_model_filled
2158,NaN,NaN,1363.2387771136343,NaN,0.0,0,NaN,smooth_model_filled
2159,NaN,NaN,1363.232001467882,NaN,0.0,0,NaN,smooth_model_filled
2160,NaN,NaN,1363.2252197623839,NaN,0.0,0,NaN,smooth_model_filled
2161,NaN,NaN,1363.2184315843713,NaN,0.0,0,NaN,smooth_model_filled
2162,NaN,NaN,1363.2116365210773,NaN,0.0,0,NaN,smooth_model_filled
2163,NaN,NaN,1363.2048341597342,NaN,0.0,0,NaN,smooth_model_filled
2164,NaN,NaN,1363.198024087574,NaN,0.0,0,NaN,smooth_model_filled
2165,NaN,NaN,1363.1912058918294,NaN,0.0,0,NaN,smooth_model_filled
2166,NaN,NaN,1363.1843791597328,NaN,0.0,0,NaN,smooth_model_filled
2167,NaN,NaN,1363.1775434785163,NaN,0.0,0,NaN,smooth_model_filled
2168,NaN,NaN,1363.1706984354123,NaN,0.0,0,NaN,smooth_model_filled
2169,NaN,NaN,1363.1638436176531,NaN,0.0,0,NaN,smooth_model_filled
2170,NaN,NaN,1363.1569786124714,NaN,0.0,0,NaN,smooth_model_filled
2171,NaN,NaN,1363.1501030070997,NaN,0.0,0,NaN,smooth_model_filled
2172,NaN,NaN,1363.1432163887694,NaN,0.0,0,NaN,smooth_model_filled
2173,NaN,NaN,1363.1363183447136,NaN,0.0,0,NaN,smooth_model_filled
2174,NaN,NaN,1363.129408462165,NaN,0.0,0,NaN,smooth_model_filled
2175,NaN,NaN,1363.1224863283549,NaN,0.0,0,NaN,smooth_model_filled
2176,NaN,NaN,1363.1155515305163,NaN,0.0,0,NaN,smooth_model_filled
2177,1363.0755294188857,NaN,1363.108603655882,0.006543433275543042,1.0,50,2.0,segment_edge_excluded
2178,1363.0937006808817,NaN,1363.1016422916834,0.006855098117406376,1.0,50,3.0,segment_edge_excluded
2179,1363.1141485832632,NaN,1363.0946670251537,0.006697438366073274,1.0,50,3.0,observed
2180,1363.1426996514201,NaN,1363.0876774435249,0.0066358441709863025,1.0,50,3.0,observed
2181,1363.159311980009,NaN,1363.0806731340294,0.007187116621689567,1.0,50,3.0,observed
2182,1363.133367523551,NaN,1363.0736536838992,0.008448798949070595,1.0,50,2.0,observed
2183,1363.0465229414403,NaN,1363.0666186803676,0.009195528577536837,1.0,50,2.0,observed
2184,1362.950714379549,NaN,1363.059567710666,0.009391163471528657,1.0,50,3.0,observed
2185,1362.8833478577435,NaN,1363.0525003620269,0.009589639516428296,1.0,50,3.0,observed
2186,1362.8279526978731,NaN,1363.045416221683,0.009856971547649506,1.0,50,3.0,observed
2187,1362.7694418653846,NaN,1363.0383148768667,0.009908663555191544,1.0,50,2.0,observed
2188,1362.7380245774984,NaN,1363.0311959148105,0.009646470895376274,1.0,50,2.0,observed
2189,1362.7955548465252,NaN,1363.0240589227462,0.00904585080441333,1.0,50,4.0,observed
2190,1362.9234703704715,NaN,1363.0169034879068,0.008157942111569842,1.0,50,3.0,observed
2191,1363.0732771903276,NaN,1363.0097291975235,0.007585232908821507,1.0,50,3.0,observed
2192,1363.1617691665888,NaN,1363.0025356388298,0.0073766607982885994,1.0,50,2.0,observed
2193,1363.082828514278,NaN,1362.9953223990578,0.006520006218453086,1.0,50,2.0,observed
2194,1362.9941071965732,NaN,1362.98808906544,0.006487713188872901,1.0,50,4.0,observed
2195,1362.9460203945637,NaN,1362.980835225208,0.006682082734825277,1.0,50,4.0,observed
2196,1362.9408819451928,NaN,1362.9735604655953,0.006520514263118193,1.0,50,3.0,observed
2197,1362.9798298580572,NaN,1362.9662643738336,0.0066253082629378415,1.0,50,1.0,observed
2198,1363.0025193414185,NaN,1362.9589465371553,0.006912620056168766,1.0,50,1.0,observed
2199,1362.9563812576234,NaN,1362.9516065427927,0.007181638201504894,1.0,50,3.0,observed
2200,1362.8730522319674,NaN,1362.9442439779782,0.007676151773823617,1.0,50,2.0,observed
2201,1362.808723308146,NaN,1362.9368584299446,0.00851974643429553,1.0,50,3.0,observed
2202,1362.7971251383424,NaN,1362.9294494859237,0.009453373074539815,1.0,50,3.0,observed
2203,1362.8438436836004,NaN,1362.9220167331478,0.009956794251534834,1.0,50,3.0,observed
2204,1362.922602083534,NaN,1362.91455975885,0.010201203441271466,1.0,50,3.0,observed
2205,1362.9628443252295,NaN,1362.9070781502617,0.010438104095823143,1.0,50,3.0,observed
2206,1362.9426928255707,NaN,1362.8995714946157,0.010731642983579258,1.0,50,3.0,observed
2207,1362.8948861025274,NaN,1362.8920393791445,0.010781045861340245,1.0,50,4.0,observed
2208,1362.8532659187913,NaN,1362.8844813910805,0.010317403742039757,1.0,50,2.0,observed
2209,1362.8376930579543,NaN,1362.876897117656,0.009566023557953251,1.0,50,3.0,observed
2210,1362.8357611745596,NaN,1362.8692861461031,0.009058656697846581,1.0,50,3.0,observed
2211,1362.8330594226718,NaN,1362.8616480636545,0.009052439322144376,1.0,50,3.0,observed
2212,1362.8550418391824,NaN,1362.8539824575423,0.008928396144186227,1.0,50,3.0,observed
2213,1362.8883278891444,NaN,1362.846288914999,0.008265999664047619,1.0,50,3.0,observed
2214,1362.909372933209,NaN,1362.838567023257,0.00786880363343374,1.0,50,2.0,observed
2215,1362.912080463022,NaN,1362.8308163695485,0.00825747213271951,1.0,50,1.0,observed
2216,1362.9036798514426,NaN,1362.8230365411061,0.00896503160947743,1.0,50,3.0,observed
2217,1362.88039701432,NaN,1362.815227125162,0.009385139904088718,1.0,50,4.0,observed
2218,1362.8534678667784,NaN,1362.8073877089487,0.00936497629099457,1.0,50,3.0,observed
2219,1362.8391630500555,NaN,1362.7995178796982,0.009473515915081382,1.0,50,3.0,observed
2220,1362.8425801992416,NaN,1362.7916172246432,0.009691337762195185,1.0,50,3.0,observed
2221,1362.849054403603,NaN,1362.783685331016,0.009727967036356984,1.0,50,3.0,observed
2222,1362.8538934141397,NaN,1362.775721786049,0.00961895841442876,1.0,50,4.0,observed
2223,1362.86080776155,NaN,1362.7677261769743,0.009135898430444789,1.0,50,3.0,observed
2224,1362.8500920459628,NaN,1362.7596980910248,0.008742122746007013,1.0,50,3.0,observed
2225,1362.8132856488228,NaN,1362.751637115432,0.00877070406486462,1.0,50,3.0,observed
2226,1362.8125972226262,NaN,1362.743542837429,0.009388761413898805,1.0,50,4.0,observed
2227,1362.8276579231024,NaN,1362.7354148442485,0.010270917992825652,1.0,50,3.0,observed
2228,1362.8152352124453,NaN,1362.7272527231216,0.011070772069113093,1.0,50,3.0,observed
2229,1362.806922532618,NaN,1362.7190560612817,0.011028322322227602,1.0,50,4.0,observed
2230,1362.807636834681,NaN,1362.710824445961,0.009983372366557617,1.0,50,3.0,observed
2231,1362.8042061701417,NaN,1362.7025574643912,0.00893978822704286,1.0,50,2.0,observed
2232,1362.7966164425015,NaN,1362.6942547038057,0.008210214012547512,1.0,50,3.0,observed
2233,1362.786950521171,NaN,1362.685915751436,0.007389381564185309,1.0,50,3.0,observed
2234,1362.7651999667287,NaN,1362.677540194515,0.006502267208804126,1.0,50,3.0,observed
2235,1362.7049504816532,NaN,1362.6691276202746,0.0060242586320009535,1.0,50,2.0,observed
2236,1362.6018392145634,NaN,1362.6606776159476,0.007067708803903354,1.0,50,2.0,observed
2237,1362.5882683992386,NaN,1362.6521897687662,0.009250545092266037,1.0,50,3.0,observed
2238,1362.6479776501656,NaN,1362.6436636659625,0.01004775091507293,1.0,50,3.0,observed
2239,1362.6668265014887,NaN,1362.635098894769,0.011280805988786209,1.0,50,4.0,observed
2240,1362.6758229583502,NaN,1362.6264950424186,0.011811853292128168,1.0,50,3.0,observed
2241,1362.6727714538574,NaN,1362.617851696143,0.01116327593918283,1.0,50,4.0,observed
2242,1362.6223491430283,NaN,1362.609168443175,0.01040949875199187,1.0,50,2.0,observed
2243,1362.5634950399399,NaN,1362.6004448707465,0.009942993859294737,1.0,50,2.0,observed
2244,1362.5626463890076,NaN,1362.5916805660902,0.01685493666149163,1.0,50,2.0,observed
2245,1362.521937072277,NaN,1362.5828751164383,0.01031306568594326,1.0,50,2.0,observed
2246,1362.4752606600523,NaN,1362.5740281090234,0.009871325925748116,1.0,50,3.0,observed
2247,1362.4506693333387,NaN,1362.5651391310776,0.008763236037044512,1.0,50,2.0,observed
2248,1362.4684067070484,NaN,1362.5562077698332,0.007843353195649432,1.0,50,2.0,observed
2249,1362.4911697804928,NaN,1362.547233612523,0.0073007560462969015,1.0,50,2.0,observed
2250,1362.4973849654198,NaN,1362.538216246379,0.007703653582472524,1.0,50,3.0,observed
2251,1362.4830987900496,NaN,1362.5291552586336,0.00845567144365984,1.0,50,3.0,observed
2252,1362.4310712218285,NaN,1362.5200502365194,0.008495590927796198,1.0,50,2.0,observed
2253,1362.3725142031908,NaN,1362.5109007672684,0.008312916427385148,1.0,50,2.5,segment_edge_excluded
2254,1362.3579070419073,NaN,1362.501706438113,0.009021538393042696,1.0,50,2.0,segment_edge_excluded
2255,NaN,NaN,NaN,NaN,1.0,50,NaN,outside_reference_surface
2256,NaN,NaN,NaN,NaN,1.0,50,NaN,outside_reference_surface
2257,NaN,NaN,NaN,NaN,1.0,50,NaN,outside_reference_surface
2258,NaN,NaN,NaN,NaN,1.0,50,NaN,outside_reference_surface
2259,NaN,NaN,NaN,NaN,1.0,50,NaN,outside_reference_surface
2260,NaN,NaN,NaN,NaN,1.0,50,NaN,outside_reference_surface
2261,NaN,NaN,NaN,NaN,1.0,50,NaN,outside_reference_surface
2262,NaN,NaN,NaN,NaN,1.0,50,NaN,outside_reference_surface
2263,NaN,NaN,NaN,NaN,1.0,50,NaN,outside_reference_surface
2264,NaN,NaN,NaN,NaN,1.0,50,NaN,outside_reference_surface
2265,NaN,NaN,NaN,NaN,1.0,50,NaN,outside_reference_surface
2266,NaN,NaN,NaN,NaN,1.0,50,NaN,outside_reference_surface
2267,NaN,NaN,NaN,NaN,1.0,50,NaN,outside_reference_surface
2268,NaN,NaN,NaN,NaN,1.0,50,NaN,outside_reference_surface
2269,NaN,NaN,NaN,NaN,1.0,50,NaN,outside_reference_surface
2270,NaN,NaN,NaN,NaN,1.0,50,NaN,outside_reference_surface
2271,NaN,NaN,NaN,NaN,1.0,50,NaN,outside_reference_surface
2272,NaN,NaN,NaN,NaN,1.0,50,NaN,outside_reference_surface
2273,NaN,NaN,NaN,NaN,1.0,50,NaN,outside_reference_surface
2274,NaN,NaN,NaN,NaN,1.0,50,NaN,outside_reference_surface
2275,NaN,NaN,NaN,NaN,1.0,50,NaN,outside_reference_surface
2276,NaN,NaN,NaN,NaN,1.0,50,NaN,outside_reference_surface
2277,NaN,NaN,NaN,NaN,1.0,50,NaN,outside_reference_surface
2278,NaN,NaN,NaN,NaN,1.0,50,NaN,outside_reference_surface
2279,NaN,NaN,NaN,NaN,1.0,50,NaN,outside_reference_surface
2280,NaN,NaN,NaN,NaN,1.0,50,NaN,outside_reference_surface
2281,NaN,NaN,NaN,NaN,1.0,50,NaN,outside_reference_surface
2282,NaN,NaN,NaN,NaN,1.0,50,NaN,outside_reference_surface
2283,NaN,NaN,NaN,NaN,1.0,50,NaN,outside_reference_surface
2284,NaN,NaN,NaN,NaN,1.0,50,NaN,outside_reference_surface
2285,NaN,NaN,NaN,NaN,1.0,50,NaN,outside_reference_surface
2286,NaN,NaN,NaN,NaN,1.0,50,NaN,outside_reference_surface
2287,NaN,NaN,NaN,NaN,1.0,50,NaN,outside_reference_surface
2288,NaN,NaN,NaN,NaN,1.0,50,NaN,outside_reference_surface
2289,NaN,NaN,NaN,NaN,1.0,50,NaN,outside_reference_surface
2290,NaN,NaN,NaN,NaN,1.0,50,NaN,outside_reference_surface
2291,NaN,NaN,NaN,NaN,1.0,50,NaN,outside_reference_surface
2292,NaN,NaN,NaN,NaN,1.0,50,NaN,outside_reference_surface
2293,NaN,NaN,NaN,NaN,1.0,50,NaN,outside_reference_surface
2294,NaN,NaN,NaN,NaN,1.0,50,NaN,outside_reference_surface
2295,NaN,NaN,NaN,NaN,1.0,50,NaN,outside_reference_surface
2296,NaN,NaN,NaN,NaN,1.0,50,NaN,outside_reference_surface
2297,NaN,NaN,NaN,NaN,1.0,50,NaN,outside_reference_surface
2298,NaN,NaN,NaN,NaN,1.0,50,NaN,outside_reference_surface
2299,NaN,NaN,NaN,NaN,1.0,50,NaN,outside_reference_surface
2300,NaN,NaN,NaN,NaN,1.0,50,NaN,outside_reference_surface
2301,NaN,NaN,NaN,NaN,1.0,50,NaN,outside_reference_surface
2302,NaN,NaN,NaN,NaN,1.0,50,NaN,outside_reference_surface
2303,NaN,NaN,NaN,NaN,1.0,50,NaN,outside_reference_surface
2304,NaN,NaN,NaN,NaN,1.0,50,NaN,outside_reference_surface
2305,NaN,NaN,NaN,NaN,1.0,50,NaN,outside_reference_surface
2306,NaN,NaN,NaN,NaN,1.0,50,NaN,outside_reference_surface
2307,NaN,NaN,NaN,NaN,1.0,50,NaN,outside_reference_surface
2308,NaN,NaN,NaN,NaN,1.0,50,NaN,outside_reference_surface
2309,NaN,NaN,NaN,NaN,1.0,50,NaN,outside_reference_surface
2310,NaN,NaN,NaN,NaN,1.0,50,NaN,outside_reference_surface
2311,NaN,NaN,NaN,NaN,1.0,50,NaN,outside_reference_surface
2312,NaN,NaN,NaN,NaN,1.0,50,NaN,outside_reference_surface
2313,NaN,NaN,NaN,NaN,1.0,50,NaN,outside_reference_surface
2314,NaN,NaN,NaN,NaN,1.0,50,NaN,outside_reference_surface
2315,NaN,NaN,NaN,NaN,1.0,50,NaN,outside_reference_surface
2316,NaN,NaN,NaN,NaN,1.0,50,NaN,outside_reference_surface
2317,NaN,NaN,NaN,NaN,1.0,50,NaN,outside_reference_surface
2318,NaN,NaN,NaN,NaN,1.0,50,NaN,outside_reference_surface
2319,NaN,NaN,NaN,NaN,1.0,50,NaN,outside_reference_surface
2320,NaN,NaN,NaN,NaN,1.0,50,NaN,outside_reference_surface
2321,NaN,NaN,NaN,NaN,1.0,50,NaN,outside_reference_surface
2322,NaN,NaN,NaN,NaN,1.0,50,NaN,outside_reference_surface
2323,NaN,NaN,NaN,NaN,1.0,50,NaN,outside_reference_surface
2324,NaN,NaN,NaN,NaN,1.0,50,NaN,outside_reference_surface
2325,NaN,NaN,NaN,NaN,1.0,50,NaN,outside_reference_surface
2326,NaN,NaN,NaN,NaN,1.0,50,NaN,outside_reference_surface
2327,NaN,NaN,NaN,NaN,1.0,50,NaN,outside_reference_surface
2328,NaN,NaN,NaN,NaN,1.0,50,NaN,outside_reference_surface
2329,NaN,NaN,NaN,NaN,1.0,50,NaN,outside_reference_surface
2330,NaN,NaN,NaN,NaN,1.0,50,NaN,outside_reference_surface
2331,NaN,NaN,NaN,NaN,1.0,50,NaN,outside_reference_surface
2332,NaN,NaN,NaN,NaN,1.0,50,NaN,outside_reference_surface
2333,NaN,NaN,NaN,NaN,1.0,50,NaN,outside_reference_surface
2334,NaN,NaN,NaN,NaN,1.0,50,NaN,outside_reference_surface
2335,NaN,NaN,NaN,NaN,1.0,50,NaN,outside_reference_surface
2336,NaN,NaN,NaN,NaN,1.0,50,NaN,outside_reference_surface
2337,NaN,NaN,NaN,NaN,1.0,50,NaN,outside_reference_surface
2338,NaN,NaN,NaN,NaN,1.0,50,NaN,outside_reference_surface
2339,NaN,NaN,NaN,NaN,1.0,50,NaN,outside_reference_surface
2340,NaN,NaN,NaN,NaN,1.0,50,NaN,outside_reference_surface
2341,NaN,NaN,NaN,NaN,1.0,50,NaN,outside_reference_surface
2342,NaN,NaN,NaN,NaN,1.0,50,NaN,outside_reference_surface
2343,NaN,NaN,NaN,NaN,1.0,50,NaN,outside_reference_surface
2344,NaN,NaN,NaN,NaN,1.0,50,NaN,outside_reference_surface
2345,NaN,NaN,NaN,NaN,1.0,50,NaN,outside_reference_surface
2346,NaN,NaN,NaN,NaN,1.0,50,NaN,outside_reference_surface
2347,NaN,NaN,NaN,NaN,1.0,50,NaN,outside_reference_surface
2348,NaN,NaN,NaN,NaN,1.0,50,NaN,outside_reference_surface
2349,NaN,NaN,NaN,NaN,1.0,50,NaN,outside_reference_surface
2350,NaN,NaN,NaN,NaN,1.0,50,NaN,outside_reference_surface
2351,NaN,NaN,NaN,NaN,1.0,50,NaN,outside_reference_surface
2352,NaN,NaN,NaN,NaN,1.0,50,NaN,outside_reference_surface
2353,NaN,NaN,NaN,NaN,1.0,50,NaN,outside_reference_surface
2354,NaN,NaN,NaN,NaN,1.0,50,NaN,outside_reference_surface
2355,NaN,NaN,NaN,NaN,1.0,50,NaN,outside_reference_surface
2356,NaN,NaN,NaN,NaN,1.0,50,NaN,outside_reference_surface
2357,NaN,NaN,NaN,NaN,1.0,50,NaN,outside_reference_surface
2358,NaN,NaN,NaN,NaN,1.0,50,NaN,outside_reference_surface
2359,NaN,NaN,NaN,NaN,1.0,50,NaN,outside_reference_surface
2360,NaN,NaN,NaN,NaN,1.0,50,NaN,outside_reference_surface
2361,NaN,NaN,NaN,NaN,1.0,50,NaN,outside_reference_surface
2362,NaN,NaN,NaN,NaN,1.0,50,NaN,outside_reference_surface
2363,NaN,NaN,NaN,NaN,1.0,50,NaN,outside_reference_surface
2364,NaN,NaN,NaN,NaN,1.0,50,NaN,outside_reference_surface
2365,NaN,NaN,NaN,NaN,1.0,50,NaN,outside_reference_surface
2366,NaN,NaN,NaN,NaN,1.0,50,NaN,outside_reference_surface
2367,NaN,NaN,NaN,NaN,1.0,50,NaN,outside_reference_surface
2368,NaN,NaN,NaN,NaN,1.0,50,NaN,outside_reference_surface
2369,NaN,NaN,NaN,NaN,1.0,50,NaN,outside_reference_surface
2370,NaN,NaN,NaN,NaN,1.0,50,NaN,outside_reference_surface
2371,NaN,NaN,NaN,NaN,1.0,50,NaN,outside_reference_surface
2372,NaN,NaN,NaN,NaN,1.0,50,NaN,outside_reference_surface
2373,NaN,NaN,NaN,NaN,1.0,50,NaN,outside_reference_surface
2374,NaN,NaN,NaN,NaN,1.0,50,NaN,outside_reference_surface
2375,NaN,NaN,NaN,NaN,1.0,50,NaN,outside_reference_surface
2376,NaN,NaN,NaN,NaN,1.0,50,NaN,outside_reference_surface
2377,NaN,NaN,NaN,NaN,1.0,50,NaN,outside_reference_surface
2378,NaN,NaN,NaN,NaN,1.0,50,NaN,outside_reference_surface
2379,NaN,NaN,NaN,NaN,1.0,50,NaN,outside_reference_surface
2380,NaN,NaN,NaN,NaN,1.0,50,NaN,outside_reference_surface
2381,NaN,NaN,NaN,NaN,1.0,50,NaN,outside_reference_surface
2382,NaN,NaN,NaN,NaN,1.0,50,NaN,outside_reference_surface
2383,NaN,NaN,NaN,NaN,1.0,50,NaN,outside_reference_surface
2384,NaN,NaN,NaN,NaN,1.0,50,NaN,outside_reference_surface
2385,NaN,NaN,NaN,NaN,0.0,0,NaN,outside_reference_surface
2386,NaN,NaN,NaN,NaN,1.0,50,NaN,outside_reference_surface
2387,NaN,NaN,NaN,NaN,1.0,50,NaN,outside_reference_surface
2388,NaN,NaN,NaN,NaN,1.0,50,NaN,outside_reference_surface
2389,NaN,NaN,NaN,NaN,1.0,50,NaN,outside_reference_surface
2390,NaN,NaN,NaN,NaN,1.0,50,NaN,outside_reference_surface
2391,NaN,NaN,NaN,NaN,1.0,50,NaN,outside_reference_surface
2392,NaN,NaN,NaN,NaN,0.9,45,NaN,outside_reference_surface
2393,NaN,NaN,NaN,NaN,1.0,50,NaN,outside_reference_surface
2394,NaN,NaN,NaN,NaN,0.0,0,NaN,outside_reference_surface
2395,NaN,NaN,NaN,NaN,0.0,0,NaN,outside_reference_surface
2396,NaN,NaN,NaN,NaN,1.0,50,NaN,outside_reference_surface
2397,NaN,NaN,NaN,NaN,1.0,50,NaN,outside_reference_surface
2398,NaN,NaN,NaN,NaN,1.0,50,NaN,outside_reference_surface
2399,NaN,NaN,NaN,NaN,1.0,50,NaN,outside_reference_surface
2400,NaN,NaN,NaN,NaN,1.0,50,NaN,outside_reference_surface
2401,NaN,NaN,NaN,NaN,1.0,50,NaN,outside_reference_surface
2402,NaN,NaN,NaN,NaN,1.0,50,NaN,outside_reference_surface
2403,NaN,NaN,NaN,NaN,1.0,50,NaN,outside_reference_surface
2404,NaN,NaN,NaN,NaN,1.0,50,NaN,outside_reference_surface
2405,NaN,NaN,NaN,NaN,1.0,50,NaN,outside_reference_surface
2406,NaN,NaN,NaN,NaN,1.0,50,NaN,outside_reference_surface
2407,NaN,NaN,NaN,NaN,1.0,50,NaN,outside_reference_surface
2408,NaN,NaN,NaN,NaN,1.0,50,NaN,outside_reference_surface
2409,NaN,NaN,NaN,NaN,1.0,50,NaN,outside_reference_surface
2410,NaN,NaN,NaN,NaN,1.0,50,NaN,outside_reference_surface
2411,NaN,NaN,NaN,NaN,1.0,50,NaN,outside_reference_surface
2412,NaN,NaN,NaN,NaN,1.0,50,NaN,outside_reference_surface
2413,NaN,NaN,NaN,NaN,1.0,50,NaN,outside_reference_surface
2414,NaN,NaN,NaN,NaN,1.0,50,NaN,outside_reference_surface
2415,NaN,NaN,NaN,NaN,0.0,0,NaN,outside_reference_surface
2416,NaN,NaN,NaN,NaN,1.0,50,NaN,outside_reference_surface
2417,NaN,NaN,NaN,NaN,1.0,50,NaN,outside_reference_surface
2418,NaN,NaN,NaN,NaN,1.0,50,NaN,outside_reference_surface
2419,NaN,NaN,NaN,NaN,1.0,50,NaN,outside_reference_surface
2420,NaN,NaN,NaN,NaN,1.0,50,NaN,outside_reference_surface
2421,NaN,NaN,NaN,NaN,1.0,50,NaN,outside_reference_surface
2422,NaN,NaN,NaN,NaN,1.0,50,NaN,outside_reference_surface
2423,NaN,NaN,NaN,NaN,0.0,0,NaN,outside_reference_surface
2424,NaN,NaN,NaN,NaN,0.0,0,NaN,outside_reference_surface
2425,NaN,NaN,NaN,NaN,0.0,0,NaN,outside_reference_surface
2426,NaN,NaN,NaN,NaN,0.0,0,NaN,outside_reference_surface
2427,NaN,NaN,NaN,NaN,0.98,49,NaN,outside_reference_surface
2428,NaN,NaN,NaN,NaN,1.0,50,NaN,outside_reference_surface
2429,NaN,NaN,NaN,NaN,0.94,47,NaN,outside_reference_surface
2430,NaN,NaN,NaN,NaN,0.0,0,NaN,outside_reference_surface
2431,NaN,NaN,NaN,NaN,0.0,0,NaN,outside_reference_surface
2432,NaN,NaN,NaN,NaN,0.64,32,NaN,outside_reference_surface
2433,NaN,NaN,NaN,NaN,1.0,50,NaN,outside_reference_surface
2434,NaN,NaN,NaN,NaN,0.9,45,NaN,outside_reference_surface
2435,NaN,NaN,NaN,NaN,1.0,50,NaN,outside_reference_surface
2436,NaN,NaN,NaN,NaN,1.0,50,NaN,outside_reference_surface
2437,NaN,NaN,NaN,NaN,0.0,0,NaN,outside_reference_surface
2438,NaN,NaN,NaN,NaN,0.46,23,NaN,outside_reference_surface
2439,NaN,NaN,NaN,NaN,0.38,19,NaN,outside_reference_surface
2440,NaN,NaN,NaN,NaN,1.0,50,NaN,outside_reference_surface
2441,NaN,NaN,NaN,NaN,0.0,0,NaN,outside_reference_surface
2442,NaN,NaN,NaN,NaN,0.06,3,NaN,outside_reference_surface
2443,NaN,NaN,NaN,NaN,0.0,0,NaN,outside_reference_surface
2444,NaN,NaN,NaN,NaN,1.0,50,NaN,outside_reference_surface
2445,NaN,NaN,NaN,NaN,0.22,11,NaN,outside_reference_surface
2446,NaN,NaN,NaN,NaN,1.0,50,NaN,outside_reference_surface
2447,NaN,NaN,NaN,NaN,0.38,19,NaN,outside_reference_surface
