u,y_obj_median_px,sigma_obj_px,valid_fraction,obj_valid,delta_valid,y_ref_smooth_px,delta_y_px,roi_id,height_mm,sensitivity_px_per_mm,in_selected_roi,in_auto_stable_roi,in_analysis_roi
0,NaN,NaN,0.0,false,false,NaN,NaN,,,NaN,false,false,false
1,NaN,NaN,0.0,false,false,NaN,NaN,,,NaN,false,false,false
2,NaN,NaN,0.0,false,false,NaN,NaN,,,NaN,false,false,false
3,NaN,NaN,0.0,false,false,NaN,NaN,,,NaN,false,false,false
4,NaN,NaN,0.0,false,false,NaN,NaN,,,NaN,false,false,false
5,NaN,NaN,0.0,false,false,NaN,NaN,,,NaN,false,false,false
6,NaN,NaN,0.0,false,false,NaN,NaN,,,NaN,false,false,false
7,NaN,NaN,0.0,false,false,NaN,NaN,,,NaN,false,false,false
8,821.8668801486492,0.01494946054767971,1.0,true,false,NaN,NaN,,,NaN,false,false,false
9,NaN,NaN,0.0,false,false,NaN,NaN,,,NaN,false,false,false
10,NaN,NaN,0.0,false,false,NaN,NaN,,,NaN,false,false,false
11,NaN,NaN,0.0,false,false,NaN,NaN,,,NaN,false,false,false
12,NaN,NaN,0.0,false,false,NaN,NaN,,,NaN,false,false,false
13,NaN,NaN,0.0,false,false,NaN,NaN,,,NaN,false,false,false
14,NaN,NaN,0.0,false,false,NaN,NaN,,,NaN,false,false,false
15,821.6870763897896,0.013221296086728972,0.94,true,false,NaN,NaN,,,NaN,false,false,false
16,NaN,NaN,0.0,false,false,NaN,NaN,,,NaN,false,false,false
17,NaN,NaN,0.0,false,false,NaN,NaN,,,NaN,false,false,false
18,NaN,NaN,0.0,false,false,NaN,NaN,,,NaN,false,false,false
19,NaN,NaN,0.0,false,false,NaN,NaN,,,NaN,false,false,false
20,NaN,NaN,0.0,false,false,NaN,NaN,,,NaN,false,false,false
21,NaN,NaN,0.0,false,false,NaN,NaN,,,NaN,false,false,false
22,NaN,NaN,0.0,false,false,NaN,NaN,,,NaN,false,false,false
23,NaN,NaN,0.0,false,false,NaN,NaN,,,NaN,false,false,false
24,NaN,NaN,0.0,false,false,NaN,NaN,,,NaN,false,false,false
25,NaN,NaN,0.0,false,false,NaN,NaN,,,NaN,false,false,false
26,NaN,NaN,0.0,false,false,NaN,NaN,,,NaN,false,false,false
27,NaN,NaN,0.0,false,false,NaN,NaN,,,NaN,false,false,false
28,NaN,NaN,0.0,false,false,NaN,NaN,,,NaN,false,false,false
29,NaN,NaN,0.0,false,false,NaN,NaN,,,NaN,false,false,false
30,NaN,NaN,0.0,false,false,NaN,NaN,,,NaN,false,false,false
31,NaN,NaN,0.0,false,false,NaN,NaN,,,NaN,false,false,false
32,NaN,NaN,0.0,false,false,NaN,NaN,,,NaN,false,false,false
33,NaN,NaN,0.0,false,false,NaN,NaN,,,NaN,false,false,false
34,NaN,NaN,0.0,false,false,NaN,NaN,,,NaN,false,false,false
35,NaN,NaN,0.0,false,false,NaN,NaN,,,NaN,false,false,false
36,NaN,NaN,0.0,false,false,NaN,NaN,,,NaN,false,false,false
37,NaN,NaN,0.0,false,false,NaN,NaN,,,NaN,false,false,false
38,NaN,NaN,0.0,false,false,NaN,NaN,,,NaN,false,false,false
39,NaN,NaN,0.0,false,false,NaN,NaN,,,NaN,false,false,false
40,NaN,NaN,0.0,false,false,NaN,NaN,,,NaN,false,false,false
41,NaN,NaN,0.0,false,false,NaN,NaN,,,NaN,false,false,false
42,820.9001625999808,0.01223041177864437,0.46,false,false,NaN,NaN,,,NaN,false,false,false
43,NaN,NaN,0.0,false,false,NaN,NaN,,,NaN,false,false,false
44,NaN,NaN,0.0,false,false,NaN,NaN,,,NaN,false,false,false
45,NaN,NaN,0.0,false,false,NaN,NaN,,,NaN,false,false,false
46,NaN,NaN,0.0,false,false,NaN,NaN,,,NaN,false,false,false
47,NaN,NaN,0.0,false,false,NaN,NaN,,,NaN,false,false,false
48,NaN,NaN,0.0,false,false,NaN,NaN,,,NaN,false,false,false
49,NaN,NaN,0.0,false,false,NaN,NaN,,,NaN,false,false,false
50,NaN,NaN,0.0,false,false,NaN,NaN,,,NaN,false,false,false
51,NaN,NaN,0.0,false,false,NaN,NaN,,,NaN,false,false,false
52,NaN,NaN,0.0,false,false,NaN,NaN,,,NaN,false,false,false
53,NaN,NaN,0.0,false,false,NaN,NaN,,,NaN,false,false,false
54,820.5096555948257,0.012304024457941449,0.32,false,false,NaN,NaN,,,NaN,false,false,false
55,NaN,NaN,0.0,false,false,NaN,NaN,,,NaN,false,false,false
56,820.3804078996181,0.0,0.02,false,false,NaN,NaN,,,NaN,false,false,false
57,NaN,NaN,0.0,false,false,NaN,NaN,,,NaN,false,false,false
58,NaN,NaN,0.0,false,false,NaN,NaN,,,NaN,false,false,false
59,NaN,NaN,0.0,false,false,NaN,NaN,,,NaN,false,false,false
60,NaN,NaN,0.0,false,false,NaN,NaN,,,NaN,false,false,false
61,NaN,NaN,0.0,false,false,NaN,NaN,,,NaN,false,false,false
62,NaN,NaN,0.0,false,false,NaN,NaN,,,NaN,false,false,false
63,NaN,NaN,0.0,false,false,NaN,NaN,,,NaN,false,false,false
64,NaN,NaN,0.0,false,false,NaN,NaN,,,NaN,false,false,false
65,NaN,NaN,0.0,false,false,NaN,NaN,,,NaN,false,false,false
66,NaN,NaN,0.0,false,false,NaN,NaN,,,NaN,false,false,false
67,820.0603199191391,0.01540834895390589,0.78,false,false,NaN,NaN,,,NaN,false,false,false
68,NaN,NaN,0.0,false,false,NaN,NaN,,,NaN,false,false,false
69,NaN,NaN,0.0,false,false,NaN,NaN,,,NaN,false,false,false
70,NaN,NaN,0.0,false,false,NaN,NaN,,,NaN,false,false,false
71,NaN,NaN,0.0,false,false,NaN,NaN,,,NaN,false,false,false
72,NaN,NaN,0.0,false,false,NaN,NaN,,,NaN,false,false,false
73,NaN,NaN,0.0,false,false,NaN,NaN,,,NaN,false,false,false
74,NaN,NaN,0.0,false,false,NaN,NaN,,,NaN,false,false,false
75,NaN,NaN,0.0,false,false,NaN,NaN,,,NaN,false,false,false
76,NaN,NaN,0.0,false,false,NaN,NaN,,,NaN,false,false,false
77,NaN,NaN,0.0,false,false,NaN,NaN,,,NaN,false,false,false
78,NaN,NaN,0.0,false,false,NaN,NaN,,,NaN,false,false,false
79,NaN,NaN,0.0,false,false,NaN,NaN,,,NaN,false,false,false
80,NaN,NaN,0.0,false,false,NaN,NaN,,,NaN,false,false,false
81,NaN,NaN,0.0,false,false,NaN,NaN,,,NaN,false,false,false
82,NaN,NaN,0.0,false,false,NaN,NaN,,,NaN,false,false,false
83,NaN,NaN,0.0,false,false,NaN,NaN,,,NaN,false,false,false
84,NaN,NaN,0.0,false,false,NaN,NaN,,,NaN,false,false,false
85,NaN,NaN,0.0,false,false,NaN,NaN,,,NaN,false,false,false
86,NaN,NaN,0.0,false,false,NaN,NaN,,,NaN,false,false,false
87,NaN,NaN,0.0,false,false,NaN,NaN,,,NaN,false,false,false
88,NaN,NaN,0.0,false,false,NaN,NaN,,,NaN,false,false,false
89,NaN,NaN,0.0,false,false,NaN,NaN,,,NaN,false,false,false
90,NaN,NaN,0.0,false,false,NaN,NaN,,,NaN,false,false,false
91,NaN,NaN,0.0,false,false,NaN,NaN,,,NaN,false,false,false
92,NaN,NaN,0.0,false,false,NaN,NaN,,,NaN,false,false,false
93,819.5622695833445,0.013525240086024537,1.0,true,false,NaN,NaN,,,NaN,false,false,false
94,819.5064460486174,0.02847549564102967,0.88,true,false,NaN,NaN,,,NaN,false,false,false
95,NaN,NaN,0.0,false,false,NaN,NaN,,,NaN,false,false,false
96,NaN,NaN,0.0,false,false,NaN,NaN,,,NaN,false,false,false
97,NaN,NaN,0.0,false,false,NaN,NaN,,,NaN,false,false,false
98,NaN,NaN,0.0,false,false,NaN,NaN,,,NaN,false,false,false
99,NaN,NaN,0.0,false,false,NaN,NaN,,,NaN,false,false,false
100,NaN,NaN,0.0,false,false,NaN,NaN,,,NaN,false,false,false
101,NaN,NaN,0.0,false,false,NaN,NaN,,,NaN,false,false,false
102,NaN,NaN,0.0,false,false,NaN,NaN,,,NaN,false,false,false
103,NaN,NaN,0.0,false,false,NaN,NaN,,,NaN,false,false,false
104,NaN,NaN,0.0,false,false,NaN,NaN,,,NaN,false,false,false
105,819.3083302378654,0.017862592677411346,0.94,true,false,NaN,NaN,,,NaN,false,false,false
106,NaN,NaN,0.0,false,false,NaN,NaN,,,NaN,false,false,false
107,NaN,NaN,0.0,false,false,NaN,NaN,,,NaN,false,false,false
108,819.1009106896818,0.01477700827888479,0.2,false,false,NaN,NaN,,,NaN,false,false,false
109,NaN,NaN,0.0,false,false,NaN,NaN,,,NaN,false,false,false
110,NaN,NaN,0.0,false,false,NaN,NaN,,,NaN,false,false,false
111,NaN,NaN,0.0,false,false,NaN,NaN,,,NaN,false,false,false
112,NaN,NaN,0.0,false,false,NaN,NaN,,,NaN,false,false,false
113,NaN,NaN,0.0,false,false,NaN,NaN,,,NaN,false,false,false
114,NaN,NaN,0.0,false,false,NaN,NaN,,,NaN,false,false,false
115,NaN,NaN,0.0,false,false,NaN,NaN,,,NaN,false,false,false
116,NaN,NaN,0.0,false,false,NaN,NaN,,,NaN,false,false,false
117,819.0501494575292,0.009540888676719395,1.0,true,false,NaN,NaN,,,NaN,false,false,false
118,819.043358631432,0.009784248319279843,0.06,false,false,NaN,NaN,,,NaN,false,false,false
119,NaN,NaN,0.0,false,false,NaN,NaN,,,NaN,false,false,false
120,NaN,NaN,0.0,false,false,NaN,NaN,,,NaN,false,false,false
121,NaN,NaN,0.0,false,false,NaN,NaN,,,NaN,false,false,false
122,NaN,NaN,0.0,false,false,NaN,NaN,,,NaN,false,false,false
123,NaN,NaN,0.0,false,false,NaN,NaN,,,NaN,false,false,false
124,818.6439453363419,0.021796362340017177,0.18,false,false,NaN,NaN,,,NaN,false,false,false
125,NaN,NaN,0.0,false,false,NaN,NaN,,,NaN,false,false,false
126,NaN,NaN,0.0,false,false,NaN,NaN,,,NaN,false,false,false
127,NaN,NaN,0.0,false,false,NaN,NaN,,,NaN,false,false,false
128,818.7263111621141,0.011987382624434386,1.0,true,false,NaN,NaN,,,NaN,false,false,false
129,NaN,NaN,0.0,false,false,NaN,NaN,,,NaN,false,false,false
130,NaN,NaN,0.0,false,false,NaN,NaN,,,NaN,false,false,false
131,818.6799145638943,0.014188715499615177,0.94,true,false,NaN,NaN,,,NaN,false,false,false
132,NaN,NaN,0.0,false,false,NaN,NaN,,,NaN,false,false,false
133,NaN,NaN,0.0,false,false,NaN,NaN,,,NaN,false,false,false
134,NaN,NaN,0.0,false,false,NaN,NaN,,,NaN,false,false,false
135,NaN,NaN,0.0,false,false,NaN,NaN,,,NaN,false,false,false
136,NaN,NaN,0.0,false,false,NaN,NaN,,,NaN,false,false,false
137,NaN,NaN,0.0,false,false,NaN,NaN,,,NaN,false,false,false
138,NaN,NaN,0.0,false,false,NaN,NaN,,,NaN,false,false,false
139,NaN,NaN,0.0,false,false,NaN,NaN,,,NaN,false,false,false
140,NaN,NaN,0.0,false,false,NaN,NaN,,,NaN,false,false,false
141,NaN,NaN,0.0,false,false,NaN,NaN,,,NaN,false,false,false
142,NaN,NaN,0.0,false,false,NaN,NaN,,,NaN,false,false,false
143,NaN,NaN,0.0,false,false,NaN,NaN,,,NaN,false,false,false
144,NaN,NaN,0.0,false,false,NaN,NaN,,,NaN,false,false,false
145,NaN,NaN,0.0,false,false,NaN,NaN,,,NaN,false,false,false
146,NaN,NaN,0.0,false,false,NaN,NaN,,,NaN,false,false,false
147,NaN,NaN,0.0,false,false,NaN,NaN,,,NaN,false,false,false
148,NaN,NaN,0.0,false,false,NaN,NaN,,,NaN,false,false,false
149,NaN,NaN,0.0,false,false,NaN,NaN,,,NaN,false,false,false
150,NaN,NaN,0.0,false,false,NaN,NaN,,,NaN,false,false,false
151,NaN,NaN,0.0,false,false,NaN,NaN,,,NaN,false,false,false
152,NaN,NaN,0.0,false,false,NaN,NaN,,,NaN,false,false,false
153,NaN,NaN,0.0,false,false,NaN,NaN,,,NaN,false,false,false
154,NaN,NaN,0.0,false,false,NaN,NaN,,,NaN,false,false,false
155,NaN,NaN,0.0,false,false,NaN,NaN,,,NaN,false,false,false
156,NaN,NaN,0.0,false,false,NaN,NaN,,,NaN,false,false,false
157,NaN,NaN,0.0,false,false,NaN,NaN,,,NaN,false,false,false
158,NaN,NaN,0.0,false,false,NaN,NaN,,,NaN,false,false,false
159,NaN,NaN,0.0,false,false,NaN,NaN,,,NaN,false,false,false
160,NaN,NaN,0.0,false,false,NaN,NaN,,,NaN,false,false,false
161,NaN,NaN,0.0,false,false,NaN,NaN,,,NaN,false,false,false
162,NaN,NaN,0.0,false,false,NaN,NaN,,,NaN,false,false,false
163,NaN,NaN,0.0,false,false,NaN,NaN,,,NaN,false,false,false
164,817.7285549938679,0.014385471082248755,0.72,false,false,NaN,NaN,,,NaN,false,false,false
165,NaN,NaN,0.0,false,false,NaN,NaN,,,NaN,false,false,false
166,NaN,NaN,0.0,false,false,NaN,NaN,,,NaN,false,false,false
167,NaN,NaN,0.0,false,false,NaN,NaN,,,NaN,false,false,false
168,NaN,NaN,0.0,false,false,NaN,NaN,,,NaN,false,false,false
169,817.7370889335871,0.015332322453702038,1.0,true,false,NaN,NaN,,,NaN,false,false,false
170,NaN,NaN,0.0,false,false,NaN,NaN,,,NaN,false,false,false
171,NaN,NaN,0.0,false,false,NaN,NaN,,,NaN,false,false,false
172,NaN,NaN,0.0,false,false,NaN,NaN,,,NaN,false,false,false
173,NaN,NaN,0.0,false,false,NaN,NaN,,,NaN,false,false,false
174,NaN,NaN,0.0,false,false,NaN,NaN,,,NaN,false,false,false
175,817.6087709516287,0.0120915880158988,0.88,true,false,NaN,NaN,,,NaN,false,false,false
176,NaN,NaN,0.0,false,false,NaN,NaN,,,NaN,false,false,false
177,NaN,NaN,0.0,false,false,NaN,NaN,,,NaN,false,false,false
178,NaN,NaN,0.0,false,false,NaN,NaN,,,NaN,false,false,false
179,NaN,NaN,0.0,false,false,NaN,NaN,,,NaN,false,false,false
180,NaN,NaN,0.0,false,false,NaN,NaN,,,NaN,false,false,false
181,NaN,NaN,0.0,false,false,NaN,NaN,,,NaN,false,false,false
182,817.4156976342201,0.014783364740929665,0.5,false,false,NaN,NaN,,,NaN,false,false,false
183,NaN,NaN,0.0,false,false,NaN,NaN,,,NaN,false,false,false
184,NaN,NaN,0.0,false,false,NaN,NaN,,,NaN,false,false,false
185,NaN,NaN,0.0,false,false,NaN,NaN,,,NaN,false,false,false
186,NaN,NaN,0.0,false,false,NaN,NaN,,,NaN,false,false,false
187,NaN,NaN,0.0,false,false,NaN,NaN,,,NaN,false,false,false
188,NaN,NaN,0.0,false,false,NaN,NaN,,,NaN,false,false,false
189,NaN,NaN,0.0,false,false,NaN,NaN,,,NaN,false,false,false
190,NaN,NaN,0.0,false,false,NaN,NaN,,,NaN,false,false,false
191,NaN,NaN,0.0,false,false,NaN,NaN,,,NaN,false,false,false
192,NaN,NaN,0.0,false,false,NaN,NaN,,,NaN,false,false,false
193,NaN,NaN,0.0,false,false,NaN,NaN,,,NaN,false,false,false
194,NaN,NaN,0.0,false,false,NaN,NaN,,,NaN,false,false,false
195,NaN,NaN,0.0,false,false,NaN,NaN,,,NaN,false,false,false
196,816.9689471134916,0.013241208900176405,1.0,true,false,NaN,NaN,,,NaN,false,false,false
197,NaN,NaN,0.0,false,false,NaN,NaN,,,NaN,false,false,false
198,NaN,NaN,0.0,false,false,NaN,NaN,,,NaN,false,false,false
199,NaN,NaN,0.0,false,false,NaN,NaN,,,NaN,false,false,false
200,NaN,NaN,0.0,false,false,NaN,NaN,,,NaN,false,false,false
201,NaN,NaN,0.0,false,false,NaN,NaN,,,NaN,false,false,false
202,NaN,NaN,0.0,false,false,NaN,NaN,,,NaN,false,false,false
203,NaN,NaN,0.0,false,false,NaN,NaN,,,NaN,false,false,false
204,NaN,NaN,0.0,false,false,NaN,NaN,,,NaN,false,false,false
205,NaN,NaN,0.0,false,false,NaN,NaN,,,NaN,false,false,false
206,NaN,NaN,0.0,false,false,NaN,NaN,,,NaN,false,false,false
207,NaN,NaN,0.0,false,false,NaN,NaN,,,NaN,false,false,false
208,NaN,NaN,0.0,false,false,NaN,NaN,,,NaN,false,false,false
209,NaN,NaN,0.0,false,false,NaN,NaN,,,NaN,false,false,false
210,NaN,NaN,0.0,false,false,NaN,NaN,,,NaN,false,false,false
211,NaN,NaN,0.0,false,false,NaN,NaN,,,NaN,false,false,false
212,NaN,NaN,0.0,false,false,NaN,NaN,,,NaN,false,false,false
213,NaN,NaN,0.0,false,false,NaN,NaN,,,NaN,false,false,false
214,816.7426406443119,0.016060622483742768,1.0,true,false,NaN,NaN,,,NaN,false,false,false
215,NaN,NaN,0.0,false,false,NaN,NaN,,,NaN,false,false,false
216,NaN,NaN,0.0,false,false,NaN,NaN,,,NaN,false,false,false
217,NaN,NaN,0.0,false,false,NaN,NaN,,,NaN,false,false,false
218,NaN,NaN,0.0,false,false,NaN,NaN,,,NaN,false,false,false
219,NaN,NaN,0.0,false,false,NaN,NaN,,,NaN,false,false,false
220,NaN,NaN,0.0,false,false,NaN,NaN,,,NaN,false,false,false
221,816.1455030217767,0.015577452086844017,0.92,true,false,NaN,NaN,,,NaN,false,false,false
222,NaN,NaN,0.0,false,false,NaN,NaN,,,NaN,false,false,false
223,NaN,NaN,0.0,false,false,NaN,NaN,,,NaN,false,false,false
224,NaN,NaN,0.0,false,false,NaN,NaN,,,NaN,false,false,false
225,NaN,NaN,0.0,false,false,NaN,NaN,,,NaN,false,false,false
226,NaN,NaN,0.0,false,false,NaN,NaN,,,NaN,false,false,false
227,NaN,NaN,0.0,false,false,NaN,NaN,,,NaN,false,false,false
228,NaN,NaN,0.0,false,false,NaN,NaN,,,NaN,false,false,false
229,NaN,NaN,0.0,false,false,NaN,NaN,,,NaN,false,false,false
230,NaN,NaN,0.0,false,false,NaN,NaN,,,NaN,false,false,false
231,NaN,NaN,0.0,false,false,NaN,NaN,,,NaN,false,false,false
232,816.0720880031586,0.010000840106152799,1.0,true,false,NaN,NaN,,,NaN,false,false,false
233,NaN,NaN,0.0,false,false,NaN,NaN,,,NaN,false,false,false
234,NaN,NaN,0.0,false,false,NaN,NaN,,,NaN,false,false,false
235,NaN,NaN,0.0,false,false,NaN,NaN,,,NaN,false,false,false
236,NaN,NaN,0.0,false,false,NaN,NaN,,,NaN,false,false,false
237,NaN,NaN,0.0,false,false,NaN,NaN,,,NaN,false,false,false
238,NaN,NaN,0.0,false,false,NaN,NaN,,,NaN,false,false,false
239,816.135180041194,0.011141432795085199,0.18,false,false,NaN,NaN,,,NaN,false,false,false
240,816.0864288918674,0.0072525949421682325,0.2,false,false,NaN,NaN,,,NaN,false,false,false
241,816.0233085593209,0.012467992321633209,1.0,true,false,NaN,NaN,,,NaN,false,false,false
242,NaN,NaN,0.0,false,false,NaN,NaN,,,NaN,false,false,false
243,NaN,NaN,0.0,false,false,NaN,NaN,,,NaN,false,false,false
244,815.9214797616005,0.0,0.02,false,false,NaN,NaN,,,NaN,false,false,false
245,815.9411162864417,0.012344757262109486,1.0,true,false,NaN,NaN,,,NaN,false,false,false
246,NaN,NaN,0.0,false,false,NaN,NaN,,,NaN,false,false,false
247,NaN,NaN,0.0,false,false,NaN,NaN,,,NaN,false,false,false
248,NaN,NaN,0.0,false,false,NaN,NaN,,,NaN,false,false,false
249,NaN,NaN,0.0,false,false,NaN,NaN,,,NaN,false,false,false
250,NaN,NaN,0.0,false,false,NaN,NaN,,,NaN,false,false,false
251,NaN,NaN,0.0,false,false,NaN,NaN,,,NaN,false,false,false
252,NaN,NaN,0.0,false,false,NaN,NaN,,,NaN,false,false,false
253,NaN,NaN,0.0,false,false,NaN,NaN,,,NaN,false,false,false
254,NaN,NaN,0.0,false,false,NaN,NaN,,,NaN,false,false,false
255,NaN,NaN,0.0,false,false,NaN,NaN,,,NaN,false,false,false
256,NaN,NaN,0.0,false,false,NaN,NaN,,,NaN,false,false,false
257,NaN,NaN,0.0,false,false,NaN,NaN,,,NaN,false,false,false
258,NaN,NaN,0.0,false,false,NaN,NaN,,,NaN,false,false,false
259,NaN,NaN,0.0,false,false,NaN,NaN,,,NaN,false,false,false
260,NaN,NaN,0.0,false,false,NaN,NaN,,,NaN,false,false,false
261,NaN,NaN,0.0,false,false,NaN,NaN,,,NaN,false,false,false
262,NaN,NaN,0.0,false,false,NaN,NaN,,,NaN,false,false,false
263,NaN,NaN,0.0,false,false,NaN,NaN,,,NaN,false,false,false
264,NaN,NaN,0.0,false,false,NaN,NaN,,,NaN,false,false,false
265,NaN,NaN,0.0,false,false,NaN,NaN,,,NaN,false,false,false
266,NaN,NaN,0.0,false,false,NaN,NaN,,,NaN,false,false,false
267,NaN,NaN,0.0,false,false,NaN,NaN,,,NaN,false,false,false
268,NaN,NaN,0.0,false,false,NaN,NaN,,,NaN,false,false,false
269,NaN,NaN,0.0,false,false,NaN,NaN,,,NaN,false,false,false
270,NaN,NaN,0.0,false,false,NaN,NaN,,,NaN,false,false,false
271,NaN,NaN,0.0,false,false,NaN,NaN,,,NaN,false,false,false
272,NaN,NaN,0.0,false,false,NaN,NaN,,,NaN,false,false,false
273,NaN,NaN,0.0,false,false,NaN,NaN,,,NaN,false,false,false
274,NaN,NaN,0.0,false,false,NaN,NaN,,,NaN,false,false,false
275,NaN,NaN,0.0,false,false,NaN,NaN,,,NaN,false,false,false
276,NaN,NaN,0.0,false,false,NaN,NaN,,,NaN,false,false,false
277,815.4142290055752,0.013172320384106265,1.0,true,false,NaN,NaN,,,NaN,false,false,false
278,815.286171913147,0.010747123920792832,1.0,true,false,NaN,NaN,,,NaN,false,false,false
279,NaN,NaN,0.0,false,false,NaN,NaN,,,NaN,false,false,false
280,NaN,NaN,0.0,false,false,NaN,NaN,,,NaN,false,false,false
281,NaN,NaN,0.0,false,false,NaN,NaN,,,NaN,false,false,false
282,NaN,NaN,0.0,false,false,NaN,NaN,,,NaN,false,false,false
283,NaN,NaN,0.0,false,false,NaN,NaN,,,NaN,false,false,false
284,814.9816897008568,0.0120481858392115,1.0,true,false,NaN,NaN,,,NaN,false,false,false
285,815.0389758963138,0.012523913205936989,1.0,true,false,NaN,NaN,,,NaN,false,false,false
286,NaN,NaN,0.0,false,false,NaN,NaN,,,NaN,false,false,false
287,NaN,NaN,0.0,false,false,NaN,NaN,,,NaN,false,false,false
288,NaN,NaN,0.0,false,false,NaN,NaN,,,NaN,false,false,false
289,NaN,NaN,0.0,false,false,NaN,NaN,,,NaN,false,false,false
290,NaN,NaN,0.0,false,false,NaN,NaN,,,NaN,false,false,false
291,NaN,NaN,0.0,false,false,NaN,NaN,,,NaN,false,false,false
292,NaN,NaN,0.0,false,false,NaN,NaN,,,NaN,false,false,false
293,NaN,NaN,0.0,false,false,NaN,NaN,,,NaN,false,false,false
294,NaN,NaN,0.0,false,false,NaN,NaN,,,NaN,false,false,false
295,NaN,NaN,0.0,false,false,NaN,NaN,,,NaN,false,false,false
296,NaN,NaN,0.0,false,false,NaN,NaN,,,NaN,false,false,false
297,NaN,NaN,0.0,false,false,NaN,NaN,,,NaN,false,false,false
298,814.7903313264251,0.015952339745957805,1.0,true,false,NaN,NaN,,,NaN,false,false,false
299,NaN,NaN,0.0,false,false,NaN,NaN,,,NaN,false,false,false
300,NaN,NaN,0.0,false,false,NaN,NaN,,,NaN,false,false,false
301,NaN,NaN,0.0,false,false,NaN,NaN,,,NaN,false,false,false
302,NaN,NaN,0.0,false,false,NaN,NaN,,,NaN,false,false,false
303,NaN,NaN,0.0,false,false,NaN,NaN,,,NaN,false,false,false
304,NaN,NaN,0.0,false,false,NaN,NaN,,,NaN,false,false,false
305,NaN,NaN,0.0,false,false,NaN,NaN,,,NaN,false,false,false
306,NaN,NaN,0.0,false,false,NaN,NaN,,,NaN,false,false,false
307,NaN,NaN,0.0,false,false,NaN,NaN,,,NaN,false,false,false
308,NaN,NaN,0.0,false,false,NaN,NaN,,,NaN,false,false,false
309,NaN,NaN,0.0,false,false,NaN,NaN,,,NaN,false,false,false
310,NaN,NaN,0.0,false,false,NaN,NaN,,,NaN,false,false,false
311,NaN,NaN,0.0,false,false,NaN,NaN,,,NaN,false,false,false
312,NaN,NaN,0.0,false,false,NaN,NaN,,,NaN,false,false,false
313,NaN,NaN,0.0,false,false,NaN,NaN,,,NaN,false,false,false
314,NaN,NaN,0.0,false,false,NaN,NaN,,,NaN,false,false,false
315,NaN,NaN,0.0,false,false,NaN,NaN,,,NaN,false,false,false
316,NaN,NaN,0.0,false,false,NaN,NaN,,,NaN,false,false,false
317,NaN,NaN,0.0,false,false,NaN,NaN,,,NaN,false,false,false
318,NaN,NaN,0.0,false,false,NaN,NaN,,,NaN,false,false,false
319,NaN,NaN,0.0,false,false,NaN,NaN,,,NaN,false,false,false
320,NaN,NaN,0.0,false,false,NaN,NaN,,,NaN,false,false,false
321,NaN,NaN,0.0,false,false,NaN,NaN,,,NaN,false,false,false
322,NaN,NaN,0.0,false,false,NaN,NaN,,,NaN,false,false,false
323,NaN,NaN,0.0,false,false,NaN,NaN,,,NaN,false,false,false
324,NaN,NaN,0.0,false,false,NaN,NaN,,,NaN,false,false,false
325,NaN,NaN,0.0,false,false,NaN,NaN,,,NaN,false,false,false
326,NaN,NaN,0.0,false,false,NaN,NaN,,,NaN,false,false,false
327,NaN,NaN,0.0,false,false,NaN,NaN,,,NaN,false,false,false
328,NaN,NaN,0.0,false,false,NaN,NaN,,,NaN,false,false,false
329,NaN,NaN,0.0,false,false,NaN,NaN,,,NaN,false,false,false
330,813.9897462716326,0.01249137145462448,1.0,true,false,NaN,NaN,,,NaN,false,false,false
331,NaN,NaN,0.0,false,false,NaN,NaN,,,NaN,false,false,false
332,NaN,NaN,0.0,false,false,NaN,NaN,,,NaN,false,false,false
333,NaN,NaN,0.0,false,false,NaN,NaN,,,NaN,false,false,false
334,NaN,NaN,0.0,false,false,NaN,NaN,,,NaN,false,false,false
335,NaN,NaN,0.0,false,false,NaN,NaN,,,NaN,false,false,false
336,NaN,NaN,0.0,false,false,NaN,NaN,,,NaN,false,false,false
337,NaN,NaN,0.0,false,false,NaN,NaN,,,NaN,false,false,false
338,NaN,NaN,0.0,false,false,NaN,NaN,,,NaN,false,false,false
339,NaN,NaN,0.0,false,false,NaN,NaN,,,NaN,false,false,false
340,NaN,NaN,0.0,false,false,NaN,NaN,,,NaN,false,false,false
341,NaN,NaN,0.0,false,false,NaN,NaN,,,NaN,false,false,false
342,NaN,NaN,0.0,false,false,NaN,NaN,,,NaN,false,false,false
343,NaN,NaN,0.0,false,false,NaN,NaN,,,NaN,false,false,false
344,NaN,NaN,0.0,false,false,NaN,NaN,,,NaN,false,false,false
345,813.7635674774647,0.02319535665495192,0.06,false,false,NaN,NaN,,,NaN,false,false,false
346,NaN,NaN,0.0,false,false,NaN,NaN,,,NaN,false,false,false
347,NaN,NaN,0.0,false,false,NaN,NaN,,,NaN,false,false,false
348,NaN,NaN,0.0,false,false,NaN,NaN,,,NaN,false,false,false
349,NaN,NaN,0.0,false,false,NaN,NaN,,,NaN,false,false,false
350,NaN,NaN,0.0,false,false,NaN,NaN,,,NaN,false,false,false
351,813.6415823549032,0.012763646565511466,1.0,true,false,NaN,NaN,,,NaN,false,false,false
352,NaN,NaN,0.0,false,false,NaN,NaN,,,NaN,false,false,false
353,NaN,NaN,0.0,false,false,NaN,NaN,,,NaN,false,false,false
354,813.61507371068,0.01481405296750154,1.0,true,false,NaN,NaN,,,NaN,false,false,false
355,NaN,NaN,0.0,false,false,NaN,NaN,,,NaN,false,false,false
356,813.6733154952526,0.01517120220382659,1.0,true,false,NaN,NaN,,,NaN,false,false,false
357,NaN,NaN,0.0,false,false,NaN,NaN,,,NaN,false,false,false
358,NaN,NaN,0.0,false,false,NaN,NaN,,,NaN,false,false,false
359,NaN,NaN,0.0,false,false,NaN,NaN,,,NaN,false,false,false
360,NaN,NaN,0.0,false,false,NaN,NaN,,,NaN,false,false,false
361,NaN,NaN,0.0,false,false,NaN,NaN,,,NaN,false,false,false
362,NaN,NaN,0.0,false,false,NaN,NaN,,,NaN,false,false,false
363,NaN,NaN,0.0,false,false,NaN,NaN,,,NaN,false,false,false
364,NaN,NaN,0.0,false,false,NaN,NaN,,,NaN,false,false,false
365,NaN,NaN,0.0,false,false,NaN,NaN,,,NaN,false,false,false
366,NaN,NaN,0.0,false,false,NaN,NaN,,,NaN,false,false,false
367,NaN,NaN,0.0,false,false,NaN,NaN,,,NaN,false,false,false
368,NaN,NaN,0.0,false,false,NaN,NaN,,,NaN,false,false,false
369,NaN,NaN,0.0,false,false,NaN,NaN,,,NaN,false,false,false
370,813.1158238947392,0.01413329407797125,0.94,true,false,NaN,NaN,,,NaN,false,false,false
371,NaN,NaN,0.0,false,false,NaN,NaN,,,NaN,false,false,false
372,NaN,NaN,0.0,false,false,NaN,NaN,,,NaN,false,false,false
373,NaN,NaN,0.0,false,false,NaN,NaN,,,NaN,false,false,false
374,NaN,NaN,0.0,false,false,NaN,NaN,,,NaN,false,false,false
375,NaN,NaN,0.0,false,false,NaN,NaN,,,NaN,false,false,false
376,812.8607956618071,0.01687087532605125,0.48,false,false,NaN,NaN,,,NaN,false,false,false
377,NaN,NaN,0.0,false,false,NaN,NaN,,,NaN,false,false,false
378,NaN,NaN,0.0,false,false,NaN,NaN,,,NaN,false,false,false
379,NaN,NaN,0.0,false,false,NaN,NaN,,,NaN,false,false,false
380,NaN,NaN,0.0,false,false,NaN,NaN,,,NaN,false,false,false
381,NaN,NaN,0.0,false,false,NaN,NaN,,,NaN,false,false,false
382,NaN,NaN,0.0,false,false,NaN,NaN,,,NaN,false,false,false
383,NaN,NaN,0.0,false,false,NaN,NaN,,,NaN,false,false,false
384,NaN,NaN,0.0,false,false,NaN,NaN,,,NaN,false,false,false
385,NaN,NaN,0.0,false,false,NaN,NaN,,,NaN,false,false,false
386,NaN,NaN,0.0,false,false,NaN,NaN,,,NaN,false,false,false
387,NaN,NaN,0.0,false,false,NaN,NaN,,,NaN,false,false,false
388,NaN,NaN,0.0,false,false,NaN,NaN,,,NaN,false,false,false
389,NaN,NaN,0.0,false,false,NaN,NaN,,,NaN,false,false,false
390,812.5656518340111,0.01767664859761996,1.0,true,false,NaN,NaN,,,NaN,false,false,false
391,NaN,NaN,0.0,false,false,NaN,NaN,,,NaN,false,false,false
392,NaN,NaN,0.0,false,false,NaN,NaN,,,NaN,false,false,false
393,NaN,NaN,0.0,false,false,NaN,NaN,,,NaN,false,false,false
394,NaN,NaN,0.0,false,false,NaN,NaN,,,NaN,false,false,false
395,NaN,NaN,0.0,false,false,NaN,NaN,,,NaN,false,false,false
396,NaN,NaN,0.0,false,false,NaN,NaN,,,NaN,false,false,false
397,NaN,NaN,0.0,false,false,NaN,NaN,,,NaN,false,false,false
398,NaN,NaN,0.0,false,false,NaN,NaN,,,NaN,false,false,false
399,NaN,NaN,0.0,false,false,NaN,NaN,,,NaN,false,false,false
400,NaN,NaN,0.0,false,false,NaN,NaN,,,NaN,false,false,false
401,812.8878014311194,0.012294534895808076,1.0,true,false,NaN,NaN,,,NaN,false,false,false
402,NaN,NaN,0.0,false,false,NaN,NaN,,,NaN,false,false,false
403,NaN,NaN,0.0,false,false,NaN,NaN,,,NaN,false,false,false
404,NaN,NaN,0.0,false,false,NaN,NaN,,,NaN,false,false,false
405,NaN,NaN,0.0,false,false,NaN,NaN,,,NaN,false,false,false
406,NaN,NaN,0.0,false,false,NaN,NaN,,,NaN,false,false,false
407,NaN,NaN,0.0,false,false,NaN,NaN,,,NaN,false,false,false
408,NaN,NaN,0.0,false,false,NaN,NaN,,,NaN,false,false,false
409,812.4788196980953,0.016841019035273377,1.0,true,false,NaN,NaN,,,NaN,false,false,false
410,NaN,NaN,0.0,false,false,NaN,NaN,,,NaN,false,false,false
411,812.2723915576935,0.0121537233090359,0.98,true,false,NaN,NaN,,,NaN,false,false,false
412,NaN,NaN,0.0,false,false,NaN,NaN,,,NaN,false,false,false
413,NaN,NaN,0.0,false,false,NaN,NaN,,,NaN,false,false,false
414,NaN,NaN,0.0,false,false,NaN,NaN,,,NaN,false,false,false
415,NaN,NaN,0.0,false,false,NaN,NaN,,,NaN,false,false,false
416,NaN,NaN,0.0,false,false,NaN,NaN,,,NaN,false,false,false
417,NaN,NaN,0.0,false,false,NaN,NaN,,,NaN,false,false,false
418,812.0331661123782,0.008658413173472558,1.0,true,false,NaN,NaN,,,NaN,false,false,false
419,812.0041694894899,0.008732482223512483,1.0,true,false,NaN,NaN,,,NaN,false,false,false
420,811.9486829191446,0.0,0.02,false,false,NaN,NaN,,,NaN,false,false,false
421,NaN,NaN,0.0,false,false,NaN,NaN,,,NaN,false,false,false
422,NaN,NaN,0.0,false,false,NaN,NaN,,,NaN,false,false,false
423,811.9274780154228,0.014733004174439008,0.84,true,false,NaN,NaN,,,NaN,false,false,false
424,NaN,NaN,0.0,false,false,NaN,NaN,,,NaN,false,false,false
425,NaN,NaN,0.0,false,false,NaN,NaN,,,NaN,false,false,false
426,NaN,NaN,0.0,false,false,NaN,NaN,,,NaN,false,false,false
427,NaN,NaN,0.0,false,false,NaN,NaN,,,NaN,false,false,false
428,NaN,NaN,0.0,false,false,NaN,NaN,,,NaN,false,false,false
429,NaN,NaN,0.0,false,false,NaN,NaN,,,NaN,false,false,false
430,NaN,NaN,0.0,false,false,NaN,NaN,,,NaN,false,false,false
431,NaN,NaN,0.0,false,false,NaN,NaN,,,NaN,false,false,false
432,NaN,NaN,0.0,false,false,NaN,NaN,,,NaN,false,false,false
433,811.9879806637764,0.011752400140920537,1.0,true,false,NaN,NaN,,,NaN,false,false,false
434,NaN,NaN,0.0,false,false,NaN,NaN,,,NaN,false,false,false
435,NaN,NaN,0.0,false,false,NaN,NaN,,,NaN,false,false,false
436,NaN,NaN,0.0,false,false,NaN,NaN,,,NaN,false,false,false
437,811.8770088963211,0.012340236016113414,1.0,true,false,NaN,NaN,,,NaN,false,false,false
438,NaN,NaN,0.0,false,false,NaN,NaN,,,NaN,false,false,false
439,NaN,NaN,0.0,false,false,NaN,NaN,,,NaN,false,false,false
440,NaN,NaN,0.0,false,false,NaN,NaN,,,NaN,false,false,false
441,NaN,NaN,0.0,false,false,NaN,NaN,,,NaN,false,false,false
442,NaN,NaN,0.0,false,false,NaN,NaN,,,NaN,false,false,false
443,NaN,NaN,0.0,false,false,NaN,NaN,,,NaN,false,false,false
444,NaN,NaN,0.0,false,false,NaN,NaN,,,NaN,false,false,false
445,NaN,NaN,0.0,false,false,NaN,NaN,,,NaN,false,false,false
446,NaN,NaN,0.0,false,false,NaN,NaN,,,NaN,false,false,false
447,NaN,NaN,0.0,false,false,NaN,NaN,,,NaN,false,false,false
448,811.4370350241661,0.02085206857262521,0.46,false,false,NaN,NaN,,,NaN,false,false,false
449,NaN,NaN,0.0,false,false,NaN,NaN,,,NaN,false,false,false
450,NaN,NaN,0.0,false,false,NaN,NaN,,,NaN,false,false,false
451,NaN,NaN,0.0,false,false,NaN,NaN,,,NaN,false,false,false
452,NaN,NaN,0.0,false,false,NaN,NaN,,,NaN,false,false,false
453,NaN,NaN,0.0,false,false,NaN,NaN,,,NaN,false,false,false
454,NaN,NaN,0.0,false,false,NaN,NaN,,,NaN,false,false,false
455,NaN,NaN,0.0,false,false,NaN,NaN,,,NaN,false,false,false
456,NaN,NaN,0.0,false,false,NaN,NaN,,,NaN,false,false,false
457,NaN,NaN,0.0,false,false,NaN,NaN,,,NaN,false,false,false
458,NaN,NaN,0.0,false,false,NaN,NaN,,,NaN,false,false,false
459,NaN,NaN,0.0,false,false,NaN,NaN,,,NaN,false,false,false
460,NaN,NaN,0.0,false,false,NaN,NaN,,,NaN,false,false,false
461,NaN,NaN,0.0,false,false,NaN,NaN,,,NaN,false,false,false
462,NaN,NaN,0.0,false,false,NaN,NaN,,,NaN,false,false,false
463,NaN,NaN,0.0,false,false,NaN,NaN,,,NaN,false,false,false
464,NaN,NaN,0.0,false,false,NaN,NaN,,,NaN,false,false,false
465,NaN,NaN,0.0,false,false,NaN,NaN,,,NaN,false,false,false
466,NaN,NaN,0.0,false,false,NaN,NaN,,,NaN,false,false,false
467,NaN,NaN,0.0,false,false,NaN,NaN,,,NaN,false,false,false
468,NaN,NaN,0.0,false,false,NaN,NaN,,,NaN,false,false,false
469,NaN,NaN,0.0,false,false,NaN,NaN,,,NaN,false,false,false
470,NaN,NaN,0.0,false,false,NaN,NaN,,,NaN,false,false,false
471,NaN,NaN,0.0,false,false,NaN,NaN,,,NaN,false,false,false
472,NaN,NaN,0.0,false,false,NaN,NaN,,,NaN,false,false,false
473,810.7388362288475,0.015501132617991572,0.82,true,false,NaN,NaN,,,NaN,false,false,false
474,810.6251251399517,0.0163560102395306,1.0,true,false,NaN,NaN,,,NaN,false,false,false
475,NaN,NaN,0.0,false,false,NaN,NaN,,,NaN,false,false,false
476,NaN,NaN,0.0,false,false,NaN,NaN,,,NaN,false,false,false
477,NaN,NaN,0.0,false,false,NaN,NaN,,,NaN,false,false,false
478,NaN,NaN,0.0,false,false,NaN,NaN,,,NaN,false,false,false
479,NaN,NaN,0.0,false,false,NaN,NaN,,,NaN,false,false,false
480,810.7628789246082,0.014232687119507656,1.0,true,false,NaN,NaN,,,NaN,false,false,false
481,NaN,NaN,0.0,false,false,NaN,NaN,,,NaN,false,false,false
482,NaN,NaN,0.0,false,false,NaN,NaN,,,NaN,false,false,false
483,810.8747477978468,0.01406313595892526,1.0,true,false,NaN,NaN,,,NaN,false,false,false
484,NaN,NaN,0.0,false,false,NaN,NaN,,,NaN,false,false,false
485,NaN,NaN,0.0,false,false,NaN,NaN,,,NaN,false,false,false
486,NaN,NaN,0.0,false,false,NaN,NaN,,,NaN,false,false,false
487,NaN,NaN,0.0,false,false,NaN,NaN,,,NaN,false,false,false
488,NaN,NaN,0.0,false,false,NaN,NaN,,,NaN,false,false,false
489,NaN,NaN,0.0,false,false,NaN,NaN,,,NaN,false,false,false
490,NaN,NaN,0.0,false,false,NaN,NaN,,,NaN,false,false,false
491,NaN,NaN,0.0,false,false,NaN,NaN,,,NaN,false,false,false
492,810.589414909482,0.016032705146010257,1.0,true,false,NaN,NaN,,,NaN,false,false,false
493,NaN,NaN,0.0,false,false,NaN,NaN,,,NaN,false,false,false
494,810.5812468677759,0.011824645770685779,0.96,true,false,NaN,NaN,,,NaN,false,false,false
495,810.5473230779171,0.011149451464369685,0.6,false,false,NaN,NaN,,,NaN,false,false,false
496,810.4185026586056,0.012364591150857411,1.0,true,false,NaN,NaN,,,NaN,false,false,false
497,NaN,NaN,0.0,false,false,NaN,NaN,,,NaN,false,false,false
498,NaN,NaN,0.0,false,false,NaN,NaN,,,NaN,false,false,false
499,NaN,NaN,0.0,false,false,NaN,NaN,,,NaN,false,false,false
500,NaN,NaN,0.0,false,false,NaN,NaN,,,NaN,false,false,false
501,NaN,NaN,0.0,false,false,NaN,NaN,,,NaN,false,false,false
502,NaN,NaN,0.0,false,false,NaN,NaN,,,NaN,false,false,false
503,NaN,NaN,0.0,false,false,NaN,NaN,,,NaN,false,false,false
504,NaN,NaN,0.0,false,false,NaN,NaN,,,NaN,false,false,false
505,810.2438295930624,0.018197513990512223,0.96,true,false,NaN,NaN,,,NaN,false,false,false
506,NaN,NaN,0.0,false,false,NaN,NaN,,,NaN,false,false,false
507,NaN,NaN,0.0,false,false,NaN,NaN,,,NaN,false,false,false
508,NaN,NaN,0.0,false,false,NaN,NaN,,,NaN,false,false,false
509,810.120229832828,0.009866076842243521,1.0,true,false,NaN,NaN,,,NaN,false,false,false
510,810.1289796382189,0.008346873098490918,0.98,true,false,NaN,NaN,,,NaN,false,false,false
511,NaN,NaN,0.0,false,false,NaN,NaN,,,NaN,false,false,false
512,810.0787151418626,0.01103327126671312,1.0,true,false,NaN,NaN,,,NaN,false,false,false
513,NaN,NaN,0.0,false,false,NaN,NaN,,,NaN,false,false,false
514,NaN,NaN,0.0,false,false,NaN,NaN,,,NaN,false,false,false
515,NaN,NaN,0.0,false,false,NaN,NaN,,,NaN,false,false,false
516,NaN,NaN,0.0,false,false,NaN,NaN,,,NaN,false,false,false
517,809.989511386957,0.0141188482406323,1.0,true,false,NaN,NaN,,,NaN,false,false,false
518,NaN,NaN,0.0,false,false,NaN,NaN,,,NaN,false,false,false
519,NaN,NaN,0.0,false,false,NaN,NaN,,,NaN,false,false,false
520,809.800896205008,0.0138978571322824,1.0,true,false,NaN,NaN,,,NaN,false,false,false
521,NaN,NaN,0.0,false,false,NaN,NaN,,,NaN,false,false,false
522,NaN,NaN,0.0,false,false,NaN,NaN,,,NaN,false,false,false
523,NaN,NaN,0.0,false,false,NaN,NaN,,,NaN,false,false,false
524,NaN,NaN,0.0,false,false,NaN,NaN,,,NaN,false,false,false
525,NaN,NaN,0.0,false,false,NaN,NaN,,,NaN,false,false,false
526,NaN,NaN,0.0,false,false,NaN,NaN,,,NaN,false,false,false
527,NaN,NaN,0.0,false,false,NaN,NaN,,,NaN,false,false,false
528,NaN,NaN,0.0,false,false,NaN,NaN,,,NaN,false,false,false
529,NaN,NaN,0.0,false,false,NaN,NaN,,,NaN,false,false,false
530,NaN,NaN,0.0,false,false,NaN,NaN,,,NaN,false,false,false
531,NaN,NaN,0.0,false,false,NaN,NaN,,,NaN,false,false,false
532,809.328601360321,0.012658876734223798,1.0,true,false,NaN,NaN,,,NaN,false,false,false
533,809.2225046679378,0.010518582818920362,1.0,true,false,NaN,NaN,,,NaN,false,false,false
534,NaN,NaN,0.0,false,false,NaN,NaN,,,NaN,false,false,false
535,NaN,NaN,0.0,false,false,NaN,NaN,,,NaN,false,false,false
536,809.369663015008,0.013382775502377882,1.0,true,false,NaN,NaN,,,NaN,false,false,false
537,809.4025514870882,0.01413454699584031,1.0,true,false,NaN,NaN,,,NaN,false,false,false
538,NaN,NaN,0.0,false,false,NaN,NaN,,,NaN,false,false,false
539,NaN,NaN,0.0,false,false,NaN,NaN,,,NaN,false,false,false
540,809.4025173932314,0.013372521685899466,1.0,true,false,NaN,NaN,,,NaN,false,false,false
541,NaN,NaN,0.0,false,false,NaN,NaN,,,NaN,false,false,false
542,NaN,NaN,0.0,false,false,NaN,NaN,,,NaN,false,false,false
543,NaN,NaN,0.0,false,false,NaN,NaN,,,NaN,false,false,false
544,809.360971942544,0.014743781512199577,1.0,true,false,NaN,NaN,,,NaN,false,false,false
545,NaN,NaN,0.0,false,false,NaN,NaN,,,NaN,false,false,false
546,NaN,NaN,0.0,false,false,NaN,NaN,,,NaN,false,false,false
547,NaN,NaN,0.0,false,false,NaN,NaN,,,NaN,false,false,false
548,NaN,NaN,0.0,false,false,NaN,NaN,,,NaN,false,false,false
549,NaN,NaN,0.0,false,false,NaN,NaN,,,NaN,false,false,false
550,NaN,NaN,0.0,false,false,NaN,NaN,,,NaN,false,false,false
551,NaN,NaN,0.0,false,false,NaN,NaN,,,NaN,false,false,false
552,NaN,NaN,0.0,false,false,NaN,NaN,,,NaN,false,false,false
553,NaN,NaN,0.0,false,false,NaN,NaN,,,NaN,false,false,false
554,NaN,NaN,0.0,false,false,NaN,NaN,,,NaN,false,false,false
555,NaN,NaN,0.0,false,false,NaN,NaN,,,NaN,false,false,false
556,NaN,NaN,0.0,false,false,NaN,NaN,,,NaN,false,false,false
557,809.1005173586309,0.014966089361739623,0.92,true,false,NaN,NaN,,,NaN,false,false,false
558,NaN,NaN,0.0,false,false,NaN,NaN,,,NaN,false,false,false
559,NaN,NaN,0.0,false,false,NaN,NaN,,,NaN,false,false,false
560,NaN,NaN,0.0,false,false,NaN,NaN,,,NaN,false,false,false
561,NaN,NaN,0.0,false,false,NaN,NaN,,,NaN,false,false,false
562,NaN,NaN,0.0,false,false,NaN,NaN,,,NaN,false,false,false
563,NaN,NaN,0.0,false,false,NaN,NaN,,,NaN,false,false,false
564,NaN,NaN,0.0,false,false,NaN,NaN,,,NaN,false,false,false
565,NaN,NaN,0.0,false,false,NaN,NaN,,,NaN,false,false,false
566,808.8821986541152,0.009494889105879641,1.0,true,false,NaN,NaN,,,NaN,false,false,false
567,808.8682787790895,0.009186304479853236,1.0,true,false,NaN,NaN,,,NaN,false,false,false
568,808.8070561438799,0.01008957306722463,1.0,true,false,NaN,NaN,,,NaN,false,false,false
569,NaN,NaN,0.0,false,false,NaN,NaN,,,NaN,false,false,false
570,808.7138521671295,0.011455876079613864,1.0,true,false,NaN,NaN,,,NaN,false,false,false
571,808.7340082079172,0.012153509606403668,1.0,true,false,NaN,NaN,,,NaN,false,false,false
572,NaN,NaN,0.0,false,false,NaN,NaN,,,NaN,false,false,false
573,NaN,NaN,0.0,false,false,NaN,NaN,,,NaN,false,false,false
574,NaN,NaN,0.0,false,false,NaN,NaN,,,NaN,false,false,false
575,808.6668789982796,0.014302144902304003,1.0,true,false,NaN,NaN,,,NaN,false,false,false
576,NaN,NaN,0.0,false,false,NaN,NaN,,,NaN,false,false,false
577,NaN,NaN,0.0,false,false,NaN,NaN,,,NaN,false,false,false
578,NaN,NaN,0.0,false,false,NaN,NaN,,,NaN,false,false,false
579,NaN,NaN,0.0,false,false,NaN,NaN,,,NaN,false,false,false
580,808.6121670752764,0.01530414436598671,0.92,true,false,NaN,NaN,,,NaN,false,false,false
581,NaN,NaN,0.0,false,false,NaN,NaN,,,NaN,false,false,false
582,NaN,NaN,0.0,false,false,NaN,NaN,,,NaN,false,false,false
583,NaN,NaN,0.0,false,false,NaN,NaN,,,NaN,false,false,false
584,808.7324810624123,0.015545207736115419,0.86,true,false,NaN,NaN,,,NaN,false,false,false
585,NaN,NaN,0.0,false,false,NaN,NaN,,,NaN,false,false,false
586,NaN,NaN,0.0,false,false,NaN,NaN,,,NaN,false,false,false
587,NaN,NaN,0.0,false,false,NaN,NaN,,,NaN,false,false,false
588,NaN,NaN,0.0,false,false,NaN,NaN,,,NaN,false,false,false
589,NaN,NaN,0.0,false,false,NaN,NaN,,,NaN,false,false,false
590,808.2407756373286,0.013812472588890715,1.0,true,false,NaN,NaN,,,NaN,false,false,false
591,808.2587521970272,0.012657038084933282,1.0,true,false,NaN,NaN,,,NaN,false,false,false
592,NaN,NaN,0.0,false,false,NaN,NaN,,,NaN,false,false,false
593,808.3147433549166,0.010541578845892753,1.0,true,false,NaN,NaN,,,NaN,false,false,false
594,808.3997458666563,0.011575781801285618,1.0,true,false,NaN,NaN,,,NaN,false,false,false
595,808.3830658942461,0.011965504862153567,1.0,true,false,NaN,NaN,,,NaN,false,false,false
596,NaN,NaN,0.0,false,false,NaN,NaN,,,NaN,false,false,false
597,NaN,NaN,0.0,false,false,NaN,NaN,,,NaN,false,false,false
598,NaN,NaN,0.0,false,false,NaN,NaN,,,NaN,false,false,false
599,NaN,NaN,0.0,false,false,NaN,NaN,,,NaN,false,false,false
600,NaN,NaN,0.0,false,false,NaN,NaN,,,NaN,false,false,false
601,NaN,NaN,0.0,false,false,NaN,NaN,,,NaN,false,false,false
602,NaN,NaN,0.0,false,false,NaN,NaN,,,NaN,false,false,false
603,NaN,NaN,0.0,false,false,NaN,NaN,,,NaN,false,false,false
604,807.919835228473,0.007606920065739871,0.12,false,false,NaN,NaN,,,NaN,false,false,false
605,807.8970670029521,0.013825736281680273,0.04,false,false,NaN,NaN,,,NaN,false,false,false
606,NaN,NaN,0.0,false,false,NaN,NaN,,,NaN,false,false,false
607,808.0107652777806,0.011959422248741077,1.0,true,false,NaN,NaN,,,NaN,false,false,false
608,NaN,NaN,0.0,false,false,NaN,NaN,,,NaN,false,false,false
609,NaN,NaN,0.0,false,false,NaN,NaN,,,NaN,false,false,false
610,807.8676342815161,0.015209610034242886,0.62,false,false,NaN,NaN,,,NaN,false,false,false
611,NaN,NaN,0.0,false,false,NaN,NaN,,,NaN,false,false,false
612,NaN,NaN,0.0,false,false,NaN,NaN,,,NaN,false,false,false
613,NaN,NaN,0.0,false,false,NaN,NaN,,,NaN,false,false,false
614,NaN,NaN,0.0,false,false,NaN,NaN,,,NaN,false,false,false
615,NaN,NaN,0.0,false,false,NaN,NaN,,,NaN,false,false,false
616,NaN,NaN,0.0,false,false,NaN,NaN,,,NaN,false,false,false
617,807.8179294168949,0.014765355228800289,0.22,false,false,NaN,NaN,,,NaN,false,false,false
618,NaN,NaN,0.0,false,false,NaN,NaN,,,NaN,false,false,false
619,NaN,NaN,0.0,false,false,NaN,NaN,,,NaN,false,false,false
620,NaN,NaN,0.0,false,false,NaN,NaN,,,NaN,false,false,false
621,NaN,NaN,0.0,false,false,NaN,NaN,,,NaN,false,false,false
622,807.5607472360134,0.013350416398693152,1.0,true,false,NaN,NaN,,,NaN,false,false,false
623,807.5336121022701,0.012767341883921379,0.84,true,false,NaN,NaN,,,NaN,false,false,false
624,NaN,NaN,0.0,false,false,NaN,NaN,,,NaN,false,false,false
625,NaN,NaN,0.0,false,false,NaN,NaN,,,NaN,false,false,false
626,NaN,NaN,0.0,false,false,NaN,NaN,,,NaN,false,false,false
627,NaN,NaN,0.0,false,false,NaN,NaN,,,NaN,false,false,false
628,NaN,NaN,0.0,false,false,NaN,NaN,,,NaN,false,false,false
629,NaN,NaN,0.0,false,false,NaN,NaN,,,NaN,false,false,false
630,NaN,NaN,0.0,false,false,NaN,NaN,,,NaN,false,false,false
631,NaN,NaN,0.0,false,false,NaN,NaN,,,NaN,false,false,false
632,NaN,NaN,0.0,false,false,NaN,NaN,,,NaN,false,false,false
633,NaN,NaN,0.0,false,false,NaN,NaN,,,NaN,false,false,false
634,NaN,NaN,0.0,false,false,NaN,NaN,,,NaN,false,false,false
635,807.6111127138138,0.0,0.02,false,false,NaN,NaN,,,NaN,false,false,false
636,807.5806259214878,0.019571742616986496,1.0,true,false,NaN,NaN,,,NaN,false,false,false
637,NaN,NaN,0.0,false,false,NaN,NaN,,,NaN,false,false,false
638,807.5200707167387,0.014024794329694902,1.0,true,false,NaN,NaN,,,NaN,false,false,false
639,NaN,NaN,0.0,false,false,NaN,NaN,,,NaN,false,false,false
640,NaN,NaN,0.0,false,false,NaN,NaN,,,NaN,false,false,false
641,NaN,NaN,0.0,false,false,NaN,NaN,,,NaN,false,false,false
642,NaN,NaN,0.0,false,false,NaN,NaN,,,NaN,false,false,false
643,NaN,NaN,0.0,false,false,NaN,NaN,,,NaN,false,false,false
644,807.1290429830551,0.009006151991183568,1.0,true,false,NaN,NaN,,,NaN,false,false,false
645,807.2019391730428,0.007874596979614753,1.0,true,false,NaN,NaN,,,NaN,false,false,false
646,807.2553100287914,0.01006318699869695,1.0,true,false,NaN,NaN,,,NaN,false,false,false
647,NaN,NaN,0.0,false,false,NaN,NaN,,,NaN,false,false,false
648,NaN,NaN,0.0,false,false,NaN,NaN,,,NaN,false,false,false
649,NaN,NaN,0.0,false,false,NaN,NaN,,,NaN,false,false,false
650,NaN,NaN,0.0,false,false,NaN,NaN,,,NaN,false,false,false
651,NaN,NaN,0.0,false,false,NaN,NaN,,,NaN,false,false,false
652,NaN,NaN,0.0,false,false,NaN,NaN,,,NaN,false,false,false
653,807.2068871259689,0.01314928876681534,1.0,true,false,NaN,NaN,,,NaN,false,false,false
654,807.2607869356871,0.011900765554291924,0.68,false,false,NaN,NaN,,,NaN,false,false,false
655,807.264738664031,0.013665354356652754,1.0,true,false,NaN,NaN,,,NaN,false,false,false
656,807.1984403431416,0.014256472850679956,0.92,true,false,NaN,NaN,,,NaN,false,false,false
657,NaN,NaN,0.0,false,false,NaN,NaN,,,NaN,false,false,false
658,NaN,NaN,0.0,false,false,NaN,NaN,,,NaN,false,false,false
659,807.0484860688448,0.011080755697727165,0.4,false,false,NaN,NaN,,,NaN,false,false,false
660,807.0422693677247,0.011428115122908748,1.0,true,false,NaN,NaN,,,NaN,false,false,false
661,807.0475175883621,0.01125632854363336,0.96,true,false,NaN,NaN,,,NaN,false,false,false
662,807.0548301078379,0.006148787190060256,0.06,false,false,NaN,NaN,,,NaN,false,false,false
663,NaN,NaN,0.0,false,false,NaN,NaN,,,NaN,false,false,false
664,807.0719630680978,0.010160940519112375,1.0,true,false,NaN,NaN,,,NaN,false,false,false
665,807.0871916040778,0.012888549512686477,0.7,false,false,NaN,NaN,,,NaN,false,false,false
666,NaN,NaN,0.0,false,false,NaN,NaN,,,NaN,false,false,false
667,807.119151186198,0.01132080312657927,0.56,false,false,NaN,NaN,,,NaN,false,false,false
668,807.1388316825032,0.015485966013189268,1.0,true,false,NaN,NaN,,,NaN,false,false,false
669,NaN,NaN,0.0,false,false,NaN,NaN,,,NaN,false,false,false
670,807.1943578869104,0.009961902090810626,1.0,true,false,NaN,NaN,,,NaN,false,false,false
671,807.2097474038601,0.009602535266084466,1.0,true,false,NaN,NaN,,,NaN,false,false,false
672,807.1929380744696,0.008696977307976424,1.0,true,false,NaN,NaN,,,NaN,false,false,false
673,NaN,NaN,0.0,false,false,NaN,NaN,,,NaN,false,false,false
674,NaN,NaN,0.0,false,false,NaN,NaN,,,NaN,false,false,false
675,NaN,NaN,0.0,false,false,NaN,NaN,,,NaN,false,false,false
676,807.077781252563,0.010196138634160646,1.0,true,false,NaN,NaN,,,NaN,false,false,false
677,NaN,NaN,0.0,false,false,NaN,NaN,,,NaN,false,false,false
678,NaN,NaN,0.0,false,false,NaN,NaN,,,NaN,false,false,false
679,NaN,NaN,0.0,false,false,NaN,NaN,,,NaN,false,false,false
680,NaN,NaN,0.0,false,false,NaN,NaN,,,NaN,false,false,false
681,NaN,NaN,0.0,false,false,NaN,NaN,,,NaN,false,false,false
682,807.0753487162292,0.009441331063899083,1.0,true,false,NaN,NaN,,,NaN,false,false,false
683,807.0509544629604,0.009449050210704682,1.0,true,false,NaN,NaN,,,NaN,false,false,false
684,NaN,NaN,0.0,false,false,NaN,NaN,,,NaN,false,false,false
685,807.0258121145889,0.010227586471482409,1.0,true,false,NaN,NaN,,,NaN,false,false,false
686,806.9603559654206,0.011366219575076239,1.0,true,false,NaN,NaN,,,NaN,false,false,false
687,NaN,NaN,0.0,false,false,NaN,NaN,,,NaN,false,false,false
688,NaN,NaN,0.0,false,false,NaN,NaN,,,NaN,false,false,false
689,NaN,NaN,0.0,false,false,NaN,NaN,,,NaN,false,false,false
690,NaN,NaN,0.0,false,false,NaN,NaN,,,NaN,false,false,false
691,NaN,NaN,0.0,false,false,NaN,NaN,,,NaN,false,false,false
692,806.5481018126011,0.016713106889374184,1.0,true,false,NaN,NaN,,,NaN,false,false,false
693,NaN,NaN,0.0,false,false,NaN,NaN,,,NaN,false,false,false
694,NaN,NaN,0.0,false,false,NaN,NaN,,,NaN,false,false,false
695,NaN,NaN,0.0,false,false,NaN,NaN,,,NaN,false,false,false
696,NaN,NaN,0.0,false,false,NaN,NaN,,,NaN,false,false,false
697,NaN,NaN,0.0,false,false,NaN,NaN,,,NaN,false,false,false
698,806.5033091306686,0.013875834792077187,0.9,true,false,NaN,NaN,,,NaN,false,false,false
699,806.5883399695158,0.015422817754098598,1.0,true,false,NaN,NaN,,,NaN,false,false,false
700,806.5750873982906,0.01509001424940019,1.0,true,false,NaN,NaN,,,NaN,false,false,false
701,806.6589822769165,0.013055077607138102,0.42,false,false,NaN,NaN,,,NaN,false,false,false
702,NaN,NaN,0.0,false,false,NaN,NaN,,,NaN,false,false,false
703,NaN,NaN,0.0,false,false,NaN,NaN,,,NaN,false,false,false
704,NaN,NaN,0.0,false,false,NaN,NaN,,,NaN,false,false,false
705,NaN,NaN,0.0,false,false,NaN,NaN,,,NaN,false,false,false
706,806.7101828306913,0.016059764169959818,1.0,true,false,NaN,NaN,,,NaN,false,false,false
707,NaN,NaN,0.0,false,false,NaN,NaN,,,NaN,false,false,false
708,NaN,NaN,0.0,false,false,NaN,NaN,,,NaN,false,false,false
709,NaN,NaN,0.0,false,false,NaN,NaN,,,NaN,false,false,false
710,NaN,NaN,0.0,false,false,NaN,NaN,,,NaN,false,false,false
711,NaN,NaN,0.0,false,false,NaN,NaN,,,NaN,false,false,false
712,NaN,NaN,0.0,false,false,NaN,NaN,,,NaN,false,false,false
713,806.1643315479159,0.012032066699195173,1.0,true,false,NaN,NaN,,,NaN,false,false,false
714,806.0815193466842,0.010697206642190465,1.0,true,false,NaN,NaN,,,NaN,false,false,false
715,806.0249545965344,0.010749995892116644,0.78,false,false,NaN,NaN,,,NaN,false,false,false
716,806.040953617543,0.012102184280296267,1.0,true,false,NaN,NaN,,,NaN,false,false,false
717,NaN,NaN,0.0,false,false,NaN,NaN,,,NaN,false,false,false
718,NaN,NaN,0.0,false,false,NaN,NaN,,,NaN,false,false,false
719,806.1915136426687,0.012306494327512043,1.0,true,false,NaN,NaN,,,NaN,false,false,false
720,806.2392025738955,0.010646413225119932,0.88,true,false,NaN,NaN,,,NaN,false,false,false
721,NaN,NaN,0.0,false,false,NaN,NaN,,,NaN,false,false,false
722,806.1890433207154,0.01336467330598042,1.0,true,false,NaN,NaN,,,NaN,false,false,false
723,NaN,NaN,0.0,false,false,NaN,NaN,,,NaN,false,false,false
724,NaN,NaN,0.0,false,false,NaN,NaN,,,NaN,false,false,false
725,806.0650115869939,0.01534265133058978,0.4,false,false,NaN,NaN,,,NaN,false,false,false
726,NaN,NaN,0.0,false,false,NaN,NaN,,,NaN,false,false,false
727,NaN,NaN,0.0,false,false,NaN,NaN,,,NaN,false,false,false
728,NaN,NaN,0.0,false,false,NaN,NaN,,,NaN,false,false,false
729,NaN,NaN,0.0,false,false,NaN,NaN,,,NaN,false,false,false
730,NaN,NaN,0.0,false,false,NaN,NaN,,,NaN,false,false,false
731,NaN,NaN,0.0,false,false,NaN,NaN,,,NaN,false,false,false
732,806.2904740124941,0.015921385834245703,1.0,true,false,NaN,NaN,,,NaN,false,false,false
733,NaN,NaN,0.0,false,false,NaN,NaN,,,NaN,false,false,false
734,NaN,NaN,0.0,false,false,NaN,NaN,,,NaN,false,false,false
735,805.9415044933558,0.011951792182039017,1.0,true,false,NaN,NaN,,,NaN,false,false,false
736,805.9250565692782,0.012910756350926514,1.0,true,false,NaN,NaN,,,NaN,false,false,false
737,NaN,NaN,0.0,false,false,NaN,NaN,,,NaN,false,false,false
738,806.009435642045,0.012484134916329742,1.0,true,false,NaN,NaN,,,NaN,false,false,false
739,NaN,NaN,0.0,false,false,NaN,NaN,,,NaN,false,false,false
740,NaN,NaN,0.0,false,false,NaN,NaN,,,NaN,false,false,false
741,NaN,NaN,0.0,false,false,NaN,NaN,,,NaN,false,false,false
742,NaN,NaN,0.0,false,false,NaN,NaN,,,NaN,false,false,false
743,805.8679976537824,0.013158370236732808,1.0,true,false,NaN,NaN,,,NaN,false,false,false
744,NaN,NaN,0.0,false,false,NaN,NaN,,,NaN,false,false,false
745,805.8308455199003,0.012376654193236466,1.0,true,false,NaN,NaN,,,NaN,false,false,false
746,NaN,NaN,0.0,false,false,NaN,NaN,,,NaN,false,false,false
747,NaN,NaN,0.0,false,false,NaN,NaN,,,NaN,false,false,false
748,NaN,NaN,0.0,false,false,NaN,NaN,,,NaN,false,false,false
749,NaN,NaN,0.0,false,false,NaN,NaN,,,NaN,false,false,false
750,NaN,NaN,0.0,false,false,NaN,NaN,,,NaN,false,false,false
751,NaN,NaN,0.0,false,false,NaN,NaN,,,NaN,false,false,false
752,805.7348236143589,0.0,0.02,false,false,NaN,NaN,,,NaN,false,false,false
753,805.8286659121513,0.010927776278997593,1.0,true,false,NaN,NaN,,,NaN,false,false,false
754,NaN,NaN,0.0,false,false,NaN,NaN,,,NaN,false,false,false
755,NaN,NaN,0.0,false,false,NaN,NaN,,,NaN,false,false,false
756,805.6984185129404,0.0159202537807663,1.0,true,false,NaN,NaN,,,NaN,false,false,false
757,NaN,NaN,0.0,false,false,NaN,NaN,,,NaN,false,false,false
758,NaN,NaN,0.0,false,false,NaN,NaN,,,NaN,false,false,false
759,805.7295459657907,0.012455808612466026,1.0,true,false,NaN,NaN,,,NaN,false,false,false
760,NaN,NaN,0.0,false,false,NaN,NaN,,,NaN,false,false,false
761,805.6017985641956,0.009971706882402901,1.0,true,false,NaN,NaN,,,NaN,false,false,false
762,805.4873247742653,0.011019232289621062,1.0,true,false,NaN,NaN,,,NaN,false,false,false
763,805.4403881728649,0.012007572170418238,1.0,true,false,NaN,NaN,,,NaN,false,false,false
764,NaN,NaN,0.0,false,false,NaN,NaN,,,NaN,false,false,false
765,NaN,NaN,0.0,false,false,NaN,NaN,,,NaN,false,false,false
766,NaN,NaN,0.0,false,false,NaN,NaN,,,NaN,false,false,false
767,NaN,NaN,0.0,false,false,NaN,NaN,,,NaN,false,false,false
768,805.2756359428167,0.013594444913764615,0.04,false,false,NaN,NaN,,,NaN,false,false,false
769,NaN,NaN,0.0,false,false,NaN,NaN,,,NaN,false,false,false
770,NaN,NaN,0.0,false,false,NaN,NaN,,,NaN,false,false,false
771,NaN,NaN,0.0,false,false,NaN,NaN,,,NaN,false,false,false
772,805.0891811363399,0.008997170403579391,1.0,true,false,NaN,NaN,,,NaN,false,false,false
773,805.1248890608549,0.00833949525314837,1.0,true,false,NaN,NaN,,,NaN,false,false,false
774,NaN,NaN,0.0,false,false,NaN,NaN,,,NaN,false,false,false
775,NaN,NaN,0.0,false,false,NaN,NaN,,,NaN,false,false,false
776,NaN,NaN,0.0,false,false,NaN,NaN,,,NaN,false,false,false
777,NaN,NaN,0.0,false,false,NaN,NaN,,,NaN,false,false,false
778,805.1115941405296,0.015148356958928872,0.98,true,false,NaN,NaN,,,NaN,false,false,false
779,NaN,NaN,0.0,false,false,NaN,NaN,,,NaN,false,false,false
780,805.1908958107233,0.014283886437480603,0.82,true,false,NaN,NaN,,,NaN,false,false,false
781,NaN,NaN,0.0,false,false,NaN,NaN,,,NaN,false,false,false
782,NaN,NaN,0.0,false,false,NaN,NaN,,,NaN,false,false,false
783,805.1222914122045,0.012032032064994761,1.0,true,false,NaN,NaN,,,NaN,false,false,false
784,NaN,NaN,0.0,false,false,NaN,NaN,,,NaN,false,false,false
785,NaN,NaN,0.0,false,false,NaN,NaN,,,NaN,false,false,false
786,NaN,NaN,0.0,false,false,NaN,NaN,,,NaN,false,false,false
787,NaN,NaN,0.0,false,false,NaN,NaN,,,NaN,false,false,false
788,NaN,NaN,0.0,false,false,NaN,NaN,,,NaN,false,false,false
789,NaN,NaN,0.0,false,false,NaN,NaN,,,NaN,false,false,false
790,NaN,NaN,0.0,false,false,NaN,NaN,,,NaN,false,false,false
791,NaN,NaN,0.0,false,false,NaN,NaN,,,NaN,false,false,false
792,NaN,NaN,0.0,false,false,NaN,NaN,,,NaN,false,false,false
793,NaN,NaN,0.0,false,false,NaN,NaN,,,NaN,false,false,false
794,NaN,NaN,0.0,false,false,NaN,NaN,,,NaN,false,false,false
795,NaN,NaN,0.0,false,false,NaN,NaN,,,NaN,false,false,false
796,NaN,NaN,0.0,false,false,NaN,NaN,,,NaN,false,false,false
797,NaN,NaN,0.0,false,false,NaN,NaN,,,NaN,false,false,false
798,NaN,NaN,0.0,false,false,NaN,NaN,,,NaN,false,false,false
799,NaN,NaN,0.0,false,false,NaN,NaN,,,NaN,false,false,false
800,NaN,NaN,0.0,false,false,NaN,NaN,,,NaN,false,false,false
801,NaN,NaN,0.0,false,false,NaN,NaN,,,NaN,false,false,false
802,NaN,NaN,0.0,false,false,NaN,NaN,,,NaN,false,false,false
803,NaN,NaN,0.0,false,false,NaN,NaN,,,NaN,false,false,false
804,NaN,NaN,0.0,false,false,NaN,NaN,,,NaN,false,false,false
805,NaN,NaN,0.0,false,false,NaN,NaN,,,NaN,false,false,false
806,NaN,NaN,0.0,false,false,NaN,NaN,,,NaN,false,false,false
807,NaN,NaN,0.0,false,false,NaN,NaN,,,NaN,false,false,false
808,NaN,NaN,0.0,false,false,NaN,NaN,,,NaN,false,false,false
809,NaN,NaN,0.0,false,false,NaN,NaN,,,NaN,false,false,false
810,NaN,NaN,0.0,false,false,NaN,NaN,,,NaN,false,false,false
811,NaN,NaN,0.0,false,false,NaN,NaN,,,NaN,false,false,false
812,NaN,NaN,0.0,false,false,NaN,NaN,,,NaN,false,false,false
813,NaN,NaN,0.0,false,false,NaN,NaN,,,NaN,false,false,false
814,NaN,NaN,0.0,false,false,NaN,NaN,,,NaN,false,false,false
815,NaN,NaN,0.0,false,false,NaN,NaN,,,NaN,false,false,false
816,NaN,NaN,0.0,false,false,NaN,NaN,,,NaN,false,false,false
817,NaN,NaN,0.0,false,false,NaN,NaN,,,NaN,false,false,false
818,NaN,NaN,0.0,false,false,NaN,NaN,,,NaN,false,false,false
819,NaN,NaN,0.0,false,false,NaN,NaN,,,NaN,false,false,false
820,NaN,NaN,0.0,false,false,NaN,NaN,,,NaN,false,false,false
821,NaN,NaN,0.0,false,false,NaN,NaN,,,NaN,false,false,false
822,NaN,NaN,0.0,false,false,NaN,NaN,,,NaN,false,false,false
823,NaN,NaN,0.0,false,false,NaN,NaN,,,NaN,false,false,false
824,NaN,NaN,0.0,false,false,NaN,NaN,,,NaN,false,false,false
825,NaN,NaN,0.0,false,false,NaN,NaN,,,NaN,false,false,false
826,NaN,NaN,0.0,false,false,NaN,NaN,,,NaN,false,false,false
827,NaN,NaN,0.0,false,false,NaN,NaN,,,NaN,false,false,false
828,NaN,NaN,0.0,false,false,NaN,NaN,,,NaN,false,false,false
829,NaN,NaN,0.0,false,false,NaN,NaN,,,NaN,false,false,false
830,NaN,NaN,0.0,false,false,NaN,NaN,,,NaN,false,false,false
831,NaN,NaN,0.0,false,false,NaN,NaN,,,NaN,false,false,false
832,NaN,NaN,0.0,false,false,NaN,NaN,,,NaN,false,false,false
833,869.9366810508072,0.0036610298354000483,1.0,true,false,NaN,NaN,,,NaN,false,false,false
834,870.138509452343,0.0036405255705277586,1.0,true,false,NaN,NaN,,,NaN,false,false,false
835,870.3925467729568,0.00557368863558832,1.0,true,false,NaN,NaN,,,NaN,false,false,false
836,870.3605664968491,0.006924737319622813,1.0,true,false,NaN,NaN,,,NaN,false,false,false
837,870.2963700592518,0.007021204014220329,1.0,true,false,NaN,NaN,,,NaN,false,false,false
838,870.279240950942,0.007463831990161487,1.0,true,false,NaN,NaN,,,NaN,false,false,false
839,870.2500734254718,0.007350688402162127,1.0,true,false,NaN,NaN,,,NaN,false,false,false
840,870.2020995169878,0.006991717102293277,1.0,true,false,NaN,NaN,,,NaN,false,false,false
841,870.1749895811081,0.007345548244669016,1.0,true,false,NaN,NaN,,,NaN,false,false,false
842,870.1984451338649,0.008764194822136787,1.0,true,false,NaN,NaN,,,NaN,false,false,false
843,870.2514598071575,0.009971364298552655,1.0,true,false,NaN,NaN,,,NaN,false,false,false
844,870.2960568219423,0.009319600085695332,1.0,true,false,NaN,NaN,,,NaN,false,false,false
845,870.3148561269045,0.007438555037944558,1.0,true,false,NaN,NaN,,,NaN,false,false,false
846,870.3074423372746,0.006036992655265069,1.0,true,false,NaN,NaN,,,NaN,false,false,false
847,870.3169572800398,0.005669280537724571,1.0,true,false,NaN,NaN,,,NaN,false,false,false
848,870.362902417779,0.005975808173344599,1.0,true,false,NaN,NaN,,,NaN,false,false,false
849,870.3794280439615,0.006848775721262308,1.0,true,false,NaN,NaN,,,NaN,false,false,false
850,870.3270947933197,0.008448638370662771,1.0,true,false,NaN,NaN,,,NaN,false,false,false
851,870.2497368380427,0.01012742509816775,1.0,true,false,NaN,NaN,,,NaN,false,false,false
852,870.203807041049,0.010866637712563383,1.0,true,false,NaN,NaN,,,NaN,false,false,false
853,870.1818386465311,0.009860354541033792,1.0,true,false,NaN,NaN,,,NaN,false,false,false
854,870.1791636049747,0.00733746480020548,1.0,true,false,NaN,NaN,,,NaN,false,false,false
855,870.2552061080933,0.006053280136572173,1.0,true,false,NaN,NaN,,,NaN,false,false,false
856,870.3388592302799,0.0060819250749596975,1.0,true,false,NaN,NaN,,,NaN,false,false,false
857,870.2159591987729,0.0059868355160415405,1.0,true,false,NaN,NaN,,,NaN,false,false,false
858,870.0960446111858,0.006305690851912599,1.0,true,false,NaN,NaN,,,NaN,false,false,false
859,870.0429922584444,0.00689142142708088,1.0,true,false,NaN,NaN,,,NaN,false,false,false
860,870.0611577127129,0.007520790597530082,1.0,true,false,NaN,NaN,,,NaN,false,false,false
861,870.0871145315468,0.008164764431654098,1.0,true,false,NaN,NaN,,,NaN,false,false,false
862,870.096710909158,0.008110454926998478,1.0,true,false,NaN,NaN,,,NaN,false,false,false
863,870.0859146378934,0.007917814597824289,1.0,true,false,NaN,NaN,,,NaN,false,false,false
864,870.0315860826522,0.007958003409035777,1.0,true,false,NaN,NaN,,,NaN,false,false,false
865,869.9267691485584,0.008262547269532784,1.0,true,false,NaN,NaN,,,NaN,false,false,false
866,869.813085064292,0.008890590808647863,1.0,true,false,NaN,NaN,,,NaN,false,false,false
867,869.7661698311567,0.009141195848823641,1.0,true,false,NaN,NaN,,,NaN,false,false,false
868,869.8383578136563,0.008326647928337602,1.0,true,false,NaN,NaN,,,NaN,false,false,false
869,869.9610187690705,0.0071715916405080205,1.0,true,false,NaN,NaN,,,NaN,false,false,false
870,870.0512434560806,0.006485824665533232,1.0,true,false,NaN,NaN,,,NaN,false,false,false
871,870.0545758251101,0.006332313622255497,1.0,true,false,NaN,NaN,,,NaN,false,false,false
872,869.9865515409037,0.006400487796481088,1.0,true,false,NaN,NaN,,,NaN,false,false,false
873,869.9233440309763,0.006949863915642414,1.0,true,false,NaN,NaN,,,NaN,false,false,false
874,869.9155710153282,0.007533575034425042,1.0,true,false,NaN,NaN,,,NaN,false,false,false
875,869.9340964481235,0.007967786187031076,1.0,true,false,NaN,NaN,,,NaN,false,false,false
876,869.961242923513,0.007802986597084139,1.0,true,false,NaN,NaN,,,NaN,false,false,false
877,869.9870468541048,0.00756241527383531,1.0,true,false,NaN,NaN,,,NaN,false,false,false
878,870.0143287139945,0.00839785154989198,1.0,true,false,NaN,NaN,,,NaN,false,false,false
879,869.9995465049869,0.01058838569055881,1.0,true,false,NaN,NaN,,,NaN,false,false,false
880,869.9526484888047,0.012651208582964752,1.0,true,false,NaN,NaN,,,NaN,false,false,false
881,869.986885199789,0.012180877982818623,1.0,true,false,NaN,NaN,,,NaN,false,false,false
882,870.1150849126279,0.009996730140736446,1.0,true,false,NaN,NaN,,,NaN,false,false,false
883,870.2268027886748,0.008226682101157892,1.0,true,false,NaN,NaN,,,NaN,false,false,false
884,870.3033553212881,0.0075861868604469845,1.0,true,false,NaN,NaN,,,NaN,false,false,false
885,870.427152723074,0.008770396737124016,1.0,true,false,NaN,NaN,,,NaN,false,false,false
886,870.461863219738,0.033775480574535666,1.0,true,false,NaN,NaN,,,NaN,false,false,false
887,870.5329426527023,0.008742141566945067,1.0,true,false,NaN,NaN,,,NaN,false,false,false
888,870.5558184087276,0.008187812683249595,1.0,true,false,NaN,NaN,,,NaN,false,false,false
889,870.5264582335949,0.00830600280185203,1.0,true,false,NaN,NaN,,,NaN,false,false,false
890,870.4821466356516,0.021634825068045413,1.0,true,false,NaN,NaN,,,NaN,false,false,false
891,870.3507177680731,0.008787816812728708,1.0,true,false,NaN,NaN,,,NaN,false,false,false
892,870.2479935437441,0.008446833628520299,1.0,true,false,NaN,NaN,,,NaN,false,false,false
893,870.1946403384209,0.008064661539761703,1.0,true,false,NaN,NaN,,,NaN,false,false,false
894,870.200147472322,0.008079334827758364,1.0,true,false,NaN,NaN,,,NaN,false,false,false
895,870.2376169636846,0.00860474251251094,1.0,true,false,NaN,NaN,,,NaN,false,false,false
896,870.2650247067213,0.008770337050963153,1.0,true,false,NaN,NaN,,,NaN,false,false,false
897,870.2783422470093,0.008417706576365687,1.0,true,false,NaN,NaN,,,NaN,false,false,false
898,870.2885464280844,0.008220811291673121,1.0,true,false,NaN,NaN,,,NaN,false,false,false
899,870.3052379190922,0.008225079384093439,1.0,true,false,NaN,NaN,,,NaN,false,false,false
900,870.3455455303192,0.008406071026039068,1.0,true,false,NaN,NaN,,,NaN,false,false,false
901,870.393607199192,0.008885927086444598,1.0,true,false,NaN,NaN,,,NaN,false,false,false
902,870.4120681285858,0.009481911386139097,1.0,true,false,NaN,NaN,,,NaN,false,false,false
903,870.395357221365,0.010078829746716724,1.0,true,false,NaN,NaN,,,NaN,false,false,false
904,870.3629065304995,0.010452644129816238,1.0,true,false,NaN,NaN,,,NaN,false,false,false
905,870.3361585587263,0.010063023567722198,1.0,true,false,NaN,NaN,,,NaN,false,false,false
906,870.3193867504597,0.008999457663751724,1.0,true,false,NaN,NaN,,,NaN,false,false,false
907,870.2932359427214,0.008421230140030857,1.0,true,false,NaN,NaN,,,NaN,false,false,false
908,870.2441470324993,0.008759100202882416,1.0,true,false,NaN,NaN,,,NaN,false,false,false
909,870.2002514228225,0.009574376159950696,1.0,true,false,NaN,NaN,,,NaN,false,false,false
910,870.1875902637839,0.009925555426272714,1.0,true,false,NaN,NaN,,,NaN,false,false,false
911,870.194782808423,0.009638090816825555,1.0,true,false,NaN,NaN,,,NaN,false,false,false
912,870.1982275396585,0.009230419422399567,1.0,true,false,NaN,NaN,,,NaN,false,false,false
913,870.1667639538646,0.008898432953054803,1.0,true,false,NaN,NaN,,,NaN,false,false,false
914,870.1046959832311,0.008919235517105828,1.0,true,false,NaN,NaN,,,NaN,false,false,false
915,870.0343467686325,0.008904078471127327,1.0,true,false,NaN,NaN,,,NaN,false,false,false
916,869.9715839140117,0.008948948970088019,1.0,true,false,NaN,NaN,,,NaN,false,false,false
917,869.9530183952302,0.00942915219507706,1.0,true,false,NaN,NaN,,,NaN,false,false,false
918,869.9924265004229,0.009349109717701257,1.0,true,false,NaN,NaN,,,NaN,false,false,false
919,870.0550799500197,0.008586765365521092,1.0,true,false,NaN,NaN,,,NaN,false,false,false
920,870.1056091375649,0.007816294376110327,1.0,true,false,NaN,NaN,,,NaN,false,false,false
921,870.1197816208005,0.0075579443721960175,1.0,true,false,NaN,NaN,,,NaN,false,false,false
922,870.0958999544382,0.007134289528520685,1.0,true,false,NaN,NaN,,,NaN,false,false,false
923,870.05144681409,0.0062947557241043615,1.0,true,false,NaN,NaN,,,NaN,false,false,false
924,870.0231942497194,0.006082874037414226,1.0,true,false,NaN,NaN,,,NaN,false,false,false
925,870.0061676362529,0.006579118015410468,1.0,true,false,NaN,NaN,,,NaN,false,false,false
926,869.9792428566143,0.007623682636414521,1.0,true,false,NaN,NaN,,,NaN,false,false,false
927,869.9330434463918,0.008602809310224134,1.0,true,false,NaN,NaN,,,NaN,false,false,false
928,869.8877284824848,0.009226312203754609,1.0,true,false,NaN,NaN,,,NaN,false,false,false
929,869.8774948306382,0.009393038793343932,1.0,true,false,NaN,NaN,,,NaN,false,false,false
930,869.9010579884052,0.009193327186387216,1.0,true,false,NaN,NaN,,,NaN,false,false,false
931,869.9313830435276,0.00863162129781384,1.0,true,false,NaN,NaN,,,NaN,false,false,false
932,869.9324820823967,0.00785806685986442,1.0,true,false,NaN,NaN,,,NaN,false,false,false
933,869.8863121941686,0.008215484794409192,1.0,true,false,NaN,NaN,,,NaN,false,false,false
934,869.8219883739948,0.009805764834504032,1.0,true,false,NaN,NaN,,,NaN,false,false,false
935,869.7938584163785,0.010450041322073996,1.0,true,false,NaN,NaN,,,NaN,false,false,false
936,869.7870913818479,0.01045443314176084,1.0,true,false,NaN,NaN,,,NaN,false,false,false
937,869.7832933887839,0.01021619241681089,1.0,true,false,NaN,NaN,,,NaN,false,false,false
938,869.7864858731627,0.009604558679091733,1.0,true,false,NaN,NaN,,,NaN,false,false,false
939,869.779075011611,0.009328698919766232,1.0,true,false,NaN,NaN,,,NaN,false,false,false
940,869.7549541816115,0.009060934423394115,1.0,true,false,NaN,NaN,,,NaN,false,false,false
941,869.7426309287548,0.00849600050546241,1.0,true,false,NaN,NaN,,,NaN,false,false,false
942,869.7712556570768,0.008007423919371289,1.0,true,false,NaN,NaN,,,NaN,false,false,false
943,869.8069703653455,0.007878510347317461,1.0,true,false,NaN,NaN,,,NaN,false,false,false
944,869.8307153433561,0.007676731842843484,1.0,true,false,NaN,NaN,,,NaN,false,false,false
945,869.8410025164485,0.007146125919114274,1.0,true,false,NaN,NaN,,,NaN,false,false,false
946,869.8215923011303,0.006977387726096304,1.0,true,false,NaN,NaN,,,NaN,false,false,false
947,869.7604871690273,0.007602705559219916,1.0,true,false,NaN,NaN,,,NaN,false,false,false
948,869.7080741226673,0.008115034282141928,1.0,true,false,NaN,NaN,,,NaN,false,false,false
949,869.6679703891277,0.00878834412103087,1.0,true,false,NaN,NaN,,,NaN,false,false,false
950,869.6213198304176,0.009564682754494418,1.0,true,false,NaN,NaN,,,NaN,false,false,false
951,869.5884681791067,0.009595845318848103,1.0,true,false,NaN,NaN,,,NaN,false,false,false
952,869.5466874241829,0.009156253695184418,1.0,true,false,NaN,NaN,,,NaN,false,false,false
953,869.5149793475866,0.00890693261457149,1.0,true,false,NaN,NaN,,,NaN,false,false,false
954,869.5364015996456,0.009064243585035187,1.0,true,false,NaN,NaN,,,NaN,false,false,false
955,869.5978842526674,0.00922608930873648,1.0,true,false,NaN,NaN,,,NaN,false,false,false
956,869.6202571392059,0.009643451567112724,1.0,true,false,NaN,NaN,,,NaN,false,false,false
957,869.5697137266397,0.01020961298304947,1.0,true,false,NaN,NaN,,,NaN,false,false,false
958,869.4818487465382,0.022395711610993,1.0,true,false,NaN,NaN,,,NaN,false,false,false
959,869.4821740090847,0.011365687308025152,1.0,true,false,NaN,NaN,,,NaN,false,false,false
960,869.4421345442533,0.010844850366105028,1.0,true,false,NaN,NaN,,,NaN,false,false,false
961,869.419696226716,0.009791729458108757,1.0,true,false,NaN,NaN,,,NaN,false,false,false
962,869.4033786803484,0.008636959164642811,1.0,true,false,NaN,NaN,,,NaN,false,false,false
963,869.367772758007,0.007880851536806469,1.0,true,false,NaN,NaN,,,NaN,false,false,false
964,869.3178512454033,0.007857541121288945,1.0,true,false,NaN,NaN,,,NaN,false,false,false
965,869.2856954932213,0.008298443254719111,1.0,true,false,NaN,NaN,,,NaN,false,false,false
966,869.2743487805128,0.008546844743729529,1.0,true,false,NaN,NaN,,,NaN,false,false,false
967,869.256969332695,0.008654450819339417,1.0,true,false,NaN,NaN,,,NaN,false,false,false
968,869.2403688877821,0.008928569546179696,1.0,true,false,NaN,NaN,,,NaN,false,false,false
969,869.2262213379145,0.008851671688597528,1.0,true,false,NaN,NaN,,,NaN,false,false,false
970,869.2450338602066,0.008914952120513558,1.0,true,false,NaN,NaN,,,NaN,false,false,false
971,869.2838510721922,0.008722259819161039,1.0,true,false,NaN,NaN,,,NaN,false,false,false
972,869.1908249482512,0.007015560432772103,1.0,true,false,NaN,NaN,,,NaN,false,false,false
973,869.104121118784,0.0061665111493358765,1.0,true,false,NaN,NaN,,,NaN,false,false,false
974,NaN,NaN,0.0,false,false,NaN,NaN,,,NaN,false,false,false
975,NaN,NaN,0.0,false,false,NaN,NaN,,,NaN,false,false,false
976,NaN,NaN,0.0,false,false,NaN,NaN,,,NaN,false,false,false
977,NaN,NaN,0.0,false,false,NaN,NaN,,,NaN,false,false,false
978,NaN,NaN,0.0,false,false,NaN,NaN,,,NaN,false,false,false
979,NaN,NaN,0.0,false,false,NaN,NaN,,,NaN,false,false,false
980,NaN,NaN,0.0,false,false,NaN,NaN,,,NaN,false,false,false
981,NaN,NaN,0.0,false,false,NaN,NaN,,,NaN,false,false,false
982,NaN,NaN,0.0,false,false,NaN,NaN,,,NaN,false,false,false
983,NaN,NaN,0.0,false,false,NaN,NaN,,,NaN,false,false,false
984,NaN,NaN,0.0,false,false,NaN,NaN,,,NaN,false,false,false
985,NaN,NaN,0.0,false,false,NaN,NaN,,,NaN,false,false,false
986,NaN,NaN,0.0,false,false,NaN,NaN,,,NaN,false,false,false
987,NaN,NaN,0.0,false,false,NaN,NaN,,,NaN,false,false,false
988,NaN,NaN,0.0,false,false,NaN,NaN,,,NaN,false,false,false
989,NaN,NaN,0.0,false,false,NaN,NaN,,,NaN,false,false,false
990,NaN,NaN,0.0,false,false,NaN,NaN,,,NaN,false,false,false
991,NaN,NaN,0.0,false,false,NaN,NaN,,,NaN,false,false,false
992,NaN,NaN,0.0,false,false,NaN,NaN,,,NaN,false,false,false
993,NaN,NaN,0.0,false,false,NaN,NaN,,,NaN,false,false,false
994,NaN,NaN,0.0,false,false,NaN,NaN,,,NaN,false,false,false
995,NaN,NaN,0.0,false,false,NaN,NaN,,,NaN,false,false,false
996,NaN,NaN,0.0,false,false,NaN,NaN,,,NaN,false,false,false
997,NaN,NaN,0.0,false,false,NaN,NaN,,,NaN,false,false,false
998,NaN,NaN,0.0,false,false,NaN,NaN,,,NaN,false,false,false
999,NaN,NaN,0.0,false,false,NaN,NaN,,,NaN,false,false,false
1000,NaN,NaN,0.0,false,false,NaN,NaN,,,NaN,false,false,false
1001,NaN,NaN,0.0,false,false,NaN,NaN,,,NaN,false,false,false
1002,NaN,NaN,0.0,false,false,NaN,NaN,,,NaN,false,false,false
1003,NaN,NaN,0.0,false,false,NaN,NaN,,,NaN,false,false,false
1004,NaN,NaN,0.0,false,false,NaN,NaN,,,NaN,false,false,false
1005,NaN,NaN,0.0,false,false,NaN,NaN,,,NaN,false,false,false
1006,NaN,NaN,0.0,false,false,NaN,NaN,,,NaN,false,false,false
1007,868.945999218151,0.01746765855862879,1.0,true,false,NaN,NaN,,,NaN,false,false,false
1008,NaN,NaN,0.0,false,false,NaN,NaN,,,NaN,false,false,false
1009,NaN,NaN,0.0,false,false,NaN,NaN,,,NaN,false,false,false
1010,NaN,NaN,0.0,false,false,NaN,NaN,,,NaN,false,false,false
1011,NaN,NaN,0.0,false,false,NaN,NaN,,,NaN,false,false,false
1012,NaN,NaN,0.0,false,false,NaN,NaN,,,NaN,false,false,false
1013,NaN,NaN,0.0,false,false,NaN,NaN,,,NaN,false,false,false
1014,NaN,NaN,0.0,false,false,NaN,NaN,,,NaN,false,false,false
1015,NaN,NaN,0.0,false,false,NaN,NaN,,,NaN,false,false,false
1016,NaN,NaN,0.0,false,false,NaN,NaN,,,NaN,false,false,false
1017,NaN,NaN,0.0,false,false,NaN,NaN,,,NaN,false,false,false
1018,NaN,NaN,0.0,false,false,NaN,NaN,,,NaN,false,false,false
1019,NaN,NaN,0.0,false,false,NaN,NaN,,,NaN,false,false,false
1020,NaN,NaN,0.0,false,false,NaN,NaN,,,NaN,false,false,false
1021,NaN,NaN,0.0,false,false,NaN,NaN,,,NaN,false,false,false
1022,NaN,NaN,0.0,false,false,NaN,NaN,,,NaN,false,false,false
1023,NaN,NaN,0.0,false,false,NaN,NaN,,,NaN,false,false,false
1024,NaN,NaN,0.0,false,false,NaN,NaN,,,NaN,false,false,false
1025,NaN,NaN,0.0,false,false,NaN,NaN,,,NaN,false,false,false
1026,NaN,NaN,0.0,false,false,NaN,NaN,,,NaN,false,false,false
1027,NaN,NaN,0.0,false,false,NaN,NaN,,,NaN,false,false,false
1028,NaN,NaN,0.0,false,false,NaN,NaN,,,NaN,false,false,false
1029,NaN,NaN,0.0,false,false,NaN,NaN,,,NaN,false,false,false
1030,NaN,NaN,0.0,false,false,NaN,NaN,,,NaN,false,false,false
1031,NaN,NaN,0.0,false,false,NaN,NaN,,,NaN,false,false,false
1032,NaN,NaN,0.0,false,false,NaN,NaN,,,NaN,false,false,false
1033,NaN,NaN,0.0,false,false,NaN,NaN,,,NaN,false,false,false
1034,NaN,NaN,0.0,false,false,NaN,NaN,,,NaN,false,false,false
1035,NaN,NaN,0.0,false,false,NaN,NaN,,,NaN,false,false,false
1036,NaN,NaN,0.0,false,false,NaN,NaN,,,NaN,false,false,false
1037,NaN,NaN,0.0,false,false,NaN,NaN,,,NaN,false,false,false
1038,NaN,NaN,0.0,false,false,NaN,NaN,,,NaN,false,false,false
1039,NaN,NaN,0.0,false,false,NaN,NaN,,,NaN,false,false,false
1040,NaN,NaN,0.0,false,false,NaN,NaN,,,NaN,false,false,false
1041,NaN,NaN,0.0,false,false,NaN,NaN,,,NaN,false,false,false
1042,NaN,NaN,0.0,false,false,NaN,NaN,,,NaN,false,false,false
1043,NaN,NaN,0.0,false,false,NaN,NaN,,,NaN,false,false,false
1044,NaN,NaN,0.0,false,false,NaN,NaN,,,NaN,false,false,false
1045,NaN,NaN,0.0,false,false,NaN,NaN,,,NaN,false,false,false
1046,NaN,NaN,0.0,false,false,NaN,NaN,,,NaN,false,false,false
1047,NaN,NaN,0.0,false,false,NaN,NaN,,,NaN,false,false,false
1048,NaN,NaN,0.0,false,false,NaN,NaN,,,NaN,false,false,false
1049,NaN,NaN,0.0,false,false,NaN,NaN,,,NaN,false,false,false
1050,NaN,NaN,0.0,false,false,NaN,NaN,,,NaN,false,false,false
1051,NaN,NaN,0.0,false,false,NaN,NaN,,,NaN,false,false,false
1052,NaN,NaN,0.0,false,false,NaN,NaN,,,NaN,false,false,false
1053,NaN,NaN,0.0,false,false,NaN,NaN,,,NaN,false,false,false
1054,NaN,NaN,0.0,false,false,NaN,NaN,,,NaN,false,false,false
1055,NaN,NaN,0.0,false,false,NaN,NaN,,,NaN,false,false,false
1056,NaN,NaN,0.0,false,false,NaN,NaN,,,NaN,false,false,false
1057,NaN,NaN,0.0,false,false,868.5063914973641,NaN,,,NaN,false,false,false
1058,NaN,NaN,0.0,false,false,868.490583631266,NaN,,,NaN,false,false,false
1059,NaN,NaN,0.0,false,false,868.4748395141185,NaN,,,NaN,false,false,false
1060,NaN,NaN,0.0,false,false,868.4591587330766,NaN,,,NaN,false,false,false
1061,NaN,NaN,0.0,false,false,868.443540875297,NaN,,,NaN,false,false,false
1062,NaN,NaN,0.0,false,false,868.4279855279351,NaN,,,NaN,false,false,false
1063,NaN,NaN,0.0,false,false,868.4124922781474,NaN,,,NaN,false,false,false
1064,NaN,NaN,0.0,false,false,868.3970607130893,NaN,,,NaN,false,false,false
1065,NaN,NaN,0.0,false,false,868.3816904199169,NaN,,,NaN,false,false,false
1066,NaN,NaN,0.0,false,false,868.3663809857863,NaN,,,NaN,false,false,false
1067,NaN,NaN,0.0,false,false,868.3511319978535,NaN,,,NaN,false,false,false
1068,NaN,NaN,0.0,false,false,868.3359430432741,NaN,,,NaN,false,false,false
1069,NaN,NaN,0.0,false,false,868.3208137092041,NaN,,,NaN,false,false,false
1070,NaN,NaN,0.0,false,false,868.3057435827999,NaN,,,NaN,false,false,false
1071,NaN,NaN,0.0,false,false,868.2907322512167,NaN,,,NaN,false,false,false
1072,NaN,NaN,0.0,false,false,868.2757793016114,NaN,,,NaN,false,false,false
1073,NaN,NaN,0.0,false,false,868.2608843211387,NaN,,,NaN,false,false,false
1074,NaN,NaN,0.0,false,false,868.2460468969558,NaN,,,NaN,false,false,false
1075,NaN,NaN,0.0,false,false,868.2312666162178,NaN,,,NaN,false,false,false
1076,NaN,NaN,0.0,false,false,868.2165430660808,NaN,,,NaN,false,false,false
1077,NaN,NaN,0.0,false,false,868.2018758337009,NaN,,,NaN,false,false,false
1078,NaN,NaN,0.0,false,false,868.1872645062342,NaN,,,NaN,false,false,false
1079,NaN,NaN,0.0,false,false,868.1727086708363,NaN,,,NaN,false,false,false
1080,NaN,NaN,0.0,false,false,868.1582079146633,NaN,,,NaN,false,false,false
1081,NaN,NaN,0.0,false,false,868.1437618248708,NaN,,,NaN,false,false,false
1082,868.0166127029806,0.005033343452616245,0.08,false,false,868.1293699886154,NaN,,,NaN,false,false,false
1083,868.0630434751511,0.007604894256136538,1.0,true,true,868.1150319930525,-0.05198851790146364,,,NaN,false,false,false
1084,868.0977046564221,0.008152037339339939,1.0,true,true,868.1007474253383,-0.0030427689162024762,,,NaN,false,false,false
1085,868.0992283523083,0.008288962677576743,1.0,true,true,868.0865158726289,0.012712479679407807,,,NaN,false,false,false
1086,868.0826747640967,0.00872867469410219,1.0,true,true,868.0723369220797,0.010337842017065668,,,NaN,false,false,false
1087,868.0565801504999,0.009062065797989027,1.0,true,true,868.0582101608469,-0.0016300103469575333,,,NaN,false,false,false
1088,868.027490856126,0.009594882752865363,1.0,true,true,868.0441351760866,-0.016644319960619214,,,NaN,false,false,false
1089,867.9857354769483,0.01012886986330277,1.0,true,true,868.0301115549546,-0.044376078006280295,,,NaN,false,false,false
1090,867.9230978637934,0.010233087475013223,1.0,true,true,868.0161388846067,-0.09304102081330257,,,NaN,false,false,false
1091,867.8582024350762,0.009977674539952209,1.0,true,true,868.0022167521994,-0.14401431712315116,,,NaN,false,false,false
1092,867.8257428333163,0.009671062763320437,1.0,true,true,867.9883447448879,-0.16260191157152803,,,NaN,false,false,false
1093,867.8559446334839,0.00921622477921018,1.0,true,true,867.9745224498283,-0.11857781634444109,,,NaN,false,false,false
1094,867.9551788456738,0.008458332554990844,1.0,true,true,867.9607494541772,-0.0055706085033762065,,,NaN,false,false,false
1095,867.997832807363,0.00892371945636404,1.0,true,true,867.9470253450899,0.05080746227315558,,,NaN,false,false,false
1096,NaN,NaN,0.0,false,false,867.9333497097223,NaN,,,NaN,false,false,false
1097,867.9625911004841,0.013628205252952384,0.98,true,true,867.9197221352308,0.0428689652533194,,,NaN,false,false,false
1098,NaN,NaN,0.0,false,false,867.9061422087709,NaN,,,NaN,false,false,false
1099,NaN,NaN,0.0,false,false,867.892609517499,NaN,,,NaN,false,false,false
1100,NaN,NaN,0.0,false,false,867.8791236485705,NaN,,,NaN,false,false,false
1101,NaN,NaN,0.0,false,false,867.8656841891415,NaN,,,NaN,false,false,false
1102,NaN,NaN,0.0,false,false,867.8522907263683,NaN,,,NaN,false,false,false
1103,NaN,NaN,0.0,false,false,867.8389428474065,NaN,,,NaN,false,false,false
1104,NaN,NaN,0.0,false,false,867.8256401394121,NaN,,,NaN,false,false,false
1105,NaN,NaN,0.0,false,false,867.812382189541,NaN,,,NaN,false,false,false
1106,NaN,NaN,0.0,false,false,867.7991685849495,NaN,,,NaN,false,false,false
1107,NaN,NaN,0.0,false,false,867.7859989127928,NaN,,,NaN,false,false,false
1108,790.3398410081863,0.012063764804080742,1.0,true,true,867.7728727602276,-77.4330317520413,,,NaN,false,false,false
1109,790.0215587327257,0.009879584659523604,1.0,true,true,867.7597897144094,-77.73823098168373,,,NaN,false,false,false
1110,789.7042678743601,0.011149191154071656,1.0,true,true,867.7467493624944,-78.04248148813429,,,NaN,false,false,false
1111,789.4014256447554,0.011532267257043968,1.0,true,true,867.7337512916381,-78.33232564688274,,,NaN,false,false,false
1112,789.2002540007234,0.010279545340983172,1.0,true,true,867.7207950889972,-78.52054108827383,,,NaN,false,false,false
1113,788.9392125457525,0.01118835863349137,1.0,true,true,867.7078803417266,-78.76866779597412,,,NaN,false,false,false
1114,788.553022429347,0.050699171440602306,1.0,true,true,867.6950066369833,-79.14198420763626,,,NaN,false,false,false
1115,787.7626586183906,0.011138953603794589,1.0,true,true,867.6821735619222,-79.91951494353168,,,NaN,false,false,false
1116,786.5262880921364,0.008842053072308618,1.0,true,true,867.6693807037002,-81.14309261156382,,,NaN,false,false,false
1117,785.971294939518,0.006619555375286886,1.0,true,true,867.6566276494731,-81.6853327099551,,,NaN,false,false,false
1118,785.2745896875858,0.01115491694165132,1.0,true,true,867.6439139863961,-82.36932429881028,,,NaN,false,false,false
1119,785.2709283083677,0.00990902846646796,1.0,true,true,867.631239301626,-82.36031099325828,,,NaN,false,false,false
1120,785.3111472725868,0.01008198161936015,1.0,true,true,867.6186031823181,-82.30745590973129,,,NaN,false,false,false
1121,785.3171982169151,0.010627923014736678,1.0,true,true,867.6060052156287,-82.28880699871354,,,NaN,false,false,false
1122,785.3076405674219,0.010918631522250907,1.0,true,true,867.5934449887135,-82.28580442129157,,,NaN,false,false,false
1123,785.2862167060375,0.010861300248591645,1.0,true,true,867.5809220887287,-82.29470538269118,,,NaN,false,false,false
1124,785.2411086559296,0.01029872590234968,1.0,true,true,867.5684361028301,-82.32732744690054,,,NaN,false,false,false
1125,785.1802949085832,0.009414533493069269,1.0,true,true,867.5559866181736,-82.37569170959046,,,NaN,false,false,false
1126,785.1201536618173,0.008748768022354692,1.0,true,true,867.5435732219153,-82.42341956009795,,,NaN,false,false,false
1127,785.0648461617529,0.008599950003620965,1.0,true,true,867.531195501211,-82.46634933945802,,,NaN,false,false,false
1128,785.023739635013,0.00883616945372294,1.0,true,true,867.518853043217,-82.4951134082039,,,NaN,false,false,false
1129,785.0109260743484,0.009597225232213652,1.0,true,true,867.5065454350882,-82.49561936073985,,,NaN,false,false,false
1130,785.0133230811916,0.00981656143157278,1.0,true,true,867.4942722639819,-82.48094918279025,,,NaN,false,false,false
1131,785.015210697893,0.009146247070781321,1.0,true,true,867.4820331170531,-82.46682241916005,,,NaN,false,false,false
1132,785.0167077295482,0.008601551250568204,1.0,true,true,867.4698275814583,-82.45311985191006,,,NaN,false,false,false
1133,785.0098762484267,0.009245931573298066,1.0,true,true,867.4576552443527,-82.447778995926,,,NaN,false,false,false
1134,784.9661903437227,0.009860523390846549,1.0,true,true,867.4455156928931,-82.47932534917038,,,NaN,false,false,false
1135,784.892332855612,0.010052071340454827,1.0,true,true,867.4334085142352,-82.54107565862319,,,NaN,false,false,false
1136,784.8620258569717,0.010888976756677264,1.0,true,true,867.4213332955342,-82.55930743856243,,,NaN,false,false,false
1137,784.8784871101379,0.011561439316529898,1.0,true,true,867.4092896239471,-82.53080251380914,,,NaN,false,false,false
1138,784.8691563159227,0.011629568144586409,1.0,true,true,867.3972770866294,-82.52812077070666,,,NaN,false,false,false
1139,784.8086104989052,0.011206227180740881,1.0,true,true,867.3852952707367,-82.57668477183154,,,NaN,false,false,false
1140,784.7079981267452,0.010484211572624148,1.0,true,true,867.3733437634256,-82.6653456366804,,,NaN,false,false,false
1141,784.6152918338776,0.009947921784658802,1.0,true,true,867.3614221518516,-82.746130317974,,,NaN,false,false,false
1142,784.5769061297178,0.009753145252972457,1.0,true,true,867.3495300231706,-82.77262389345276,,,NaN,false,false,false
1143,784.588472276926,0.010119992209023449,1.0,true,true,867.3376669645388,-82.74919468761277,,,NaN,false,false,false
1144,784.6368266493082,0.009132096727445926,1.0,true,true,867.3258325631118,-82.68900591380361,,,NaN,false,false,false
1145,784.6975301504135,0.007983204720735904,1.0,true,true,867.3140264060462,-82.61649625563268,,,NaN,false,false,false
1146,784.7362654358149,0.007654473977371828,1.0,true,true,867.3022480804971,-82.56598264468221,,,NaN,false,false,false
1147,784.744122505188,0.007868013315593872,1.0,true,true,867.290497173621,-82.54637466843303,,,NaN,false,false,false
1148,784.7263822108507,0.008061847278773314,1.0,true,true,867.2787732725739,-82.55239106172314,,,NaN,false,false,false
1149,784.6905265748501,0.008180353984574257,1.0,true,true,867.2670759645114,-82.5765493896613,,,NaN,false,false,false
1150,784.6457749605179,0.008301965738050438,1.0,true,true,867.2554048365892,-82.60962987607127,,,NaN,false,false,false
1151,784.607763081789,0.008340314159660875,1.0,true,true,867.2437594759638,-82.63599639417475,,,NaN,false,false,false
1152,784.591739282012,0.0088063606576855,1.0,true,true,867.2321394697909,-82.64040018777894,,,NaN,false,false,false
1153,784.5832080990076,0.009672890972315452,1.0,true,true,867.2205444052265,-82.63733630621891,,,NaN,false,false,false
1154,784.5681611597538,0.010763865440844731,1.0,true,true,867.2089738694266,-82.64081270967279,,,NaN,false,false,false
1155,784.5851769447327,0.010650304997541988,1.0,true,true,867.1974274495473,-82.6122505048146,,,NaN,false,false,false
1156,784.5998329818249,0.010578787775570017,1.0,true,true,867.1859047327439,-82.58607175091902,,,NaN,false,false,false
1157,784.585831195116,0.011075788091212806,1.0,true,true,867.174405306173,-82.58857411105691,,,NaN,false,false,false
1158,784.5915166884661,0.01123076495220542,1.0,true,true,867.16292875699,-82.57141206852395,,,NaN,false,false,false
1159,784.6297600716352,0.010955120897291254,1.0,true,true,867.1514746723512,-82.521714600716,,,NaN,false,false,false
1160,784.6779952794313,0.011038549867129524,1.0,true,true,867.1400426394126,-82.46204735998128,,,NaN,false,false,false
1161,784.6943230032921,0.011765196716838948,1.0,true,true,867.1286322453299,-82.43430924203778,,,NaN,false,false,false
1162,784.6356087625027,0.011908843208240073,1.0,true,true,867.1172430772592,-82.48163431475655,,,NaN,false,false,false
1163,784.5406035333872,0.011170986090185511,1.0,true,true,867.1058747223564,-82.56527118896918,,,NaN,false,false,false
1164,784.4836924672127,0.010572194654806057,1.0,true,true,867.0945267677774,-82.61083430056476,,,NaN,false,false,false
1165,784.471328318119,0.010045035803266458,1.0,true,true,867.0831988006779,-82.61187048255886,,,NaN,false,false,false
1166,784.4624567329884,0.009830642085245225,1.0,true,true,867.0718904082144,-82.609433675226,,,NaN,false,false,false
1167,784.463782787323,0.03624713292004948,1.0,true,true,867.0606011775424,-82.59681839021937,,,NaN,false,false,false
1168,784.5178504884243,0.012701871910043665,1.0,true,true,867.0493306958181,-82.53148020739377,,,NaN,false,false,false
1169,784.5099219083786,0.00989801312849565,1.0,true,true,867.0380785501973,-82.52815664181867,,,NaN,false,false,false
1170,784.5040556788445,0.009529569209498653,1.0,true,true,867.0268443278358,-82.52278864899131,,,NaN,false,false,false
1171,784.4752022922039,0.009315510836980137,1.0,true,true,867.0156276158898,-82.5404253236859,,,NaN,false,false,false
1172,784.4233903735876,0.009947457789338188,1.0,true,true,867.0044280015151,-82.58103762792746,,,NaN,false,false,false
1173,784.4223178774118,0.010874415000820719,1.0,true,true,866.9932450718677,-82.57092719445586,,,NaN,false,false,false
1174,784.4758429378271,0.010648244340952446,1.0,true,true,866.9820784141036,-82.50623547627652,,,NaN,false,false,false
1175,784.4677264690399,0.012428574959050875,1.0,true,true,866.9709276153783,-82.50320114633837,,,NaN,false,false,false
1176,784.4978208839893,0.011384506000959426,1.0,true,true,866.9597922628484,-82.46197137885906,,,NaN,false,false,false
1177,784.5342358201742,0.009812129339410778,1.0,true,true,866.9486719436698,-82.41443612349553,,,NaN,false,false,false
1178,784.5680569112301,0.009228371420555397,1.0,true,true,866.9375662449979,-82.36950933376784,,,NaN,false,false,false
1179,784.5952540934086,0.009232434967851085,1.0,true,true,866.9264747539888,-82.33122066058024,,,NaN,false,false,false
1180,784.6279667019844,0.008503454791229773,1.0,true,true,866.9153970577988,-82.28743035581442,,,NaN,false,false,false
1181,784.6289744973183,0.00840789043260714,1.0,true,true,866.9043327435835,-82.27535824626523,,,NaN,false,false,false
1182,784.5909777283669,0.009525177194610152,1.0,true,true,866.8932813984989,-82.302303670132,,,NaN,false,false,false
1183,784.5482729524374,0.011233300273238298,1.0,true,true,866.8822426097008,-82.33396965726342,,,NaN,false,false,false
1184,784.5167247802019,0.01264183363808729,1.0,true,true,866.8712159643453,-82.3544911841434,,,NaN,false,false,false
1185,784.4790218472481,0.016725090410936384,1.0,true,true,866.8602010495888,-82.38117920234072,,,NaN,false,false,false
1186,784.475147947669,0.012414045175224096,1.0,true,true,866.8491974525864,-82.37404950491737,,,NaN,false,false,false
1187,784.4173613935709,0.011684317438730307,1.0,true,true,866.8382047604947,-82.4208433669238,,,NaN,false,false,false
1188,784.3740599751472,0.011392255722111975,1.0,true,true,866.8272225604692,-82.45316258532193,,,NaN,false,false,false
1189,784.3318654894829,0.011213432037701131,1.0,true,true,866.8162504396661,-82.4843849501832,,,NaN,false,false,false
1190,784.3174074739218,0.011798137477776085,1.0,true,true,866.8052879852412,-82.48788051131942,,,NaN,false,false,false
1191,784.3520164042711,0.012435327360909717,1.0,true,true,866.7943348402044,-82.44231843593332,,,NaN,false,false,false
1192,784.3905451148748,0.01182394445505812,1.0,true,true,866.7833909601076,-82.39284584523273,,,NaN,false,false,false
1193,784.3837808817625,0.01044839428141951,1.0,true,true,866.7724564091557,-82.38867552739316,,,NaN,false,false,false
1194,784.3116793781519,0.00928365084278831,1.0,true,true,866.7615312516629,-82.44985187351097,,,NaN,false,false,false
1195,784.211098767817,0.008741790780021436,1.0,true,true,866.7506155519434,-82.53951678412636,,,NaN,false,false,false
1196,784.1267623603344,0.008771125783006031,1.0,true,true,866.7397093743112,-82.61294701397685,,,NaN,false,false,false
1197,784.076366443187,0.009335231715213626,1.0,true,true,866.728812783081,-82.65244633989403,,,NaN,false,false,false
1198,784.079533405602,0.010378224343413938,1.0,true,true,866.7179258425664,-82.63839243696441,,,NaN,false,false,false
1199,784.1303034871817,0.011657231145031163,1.0,true,true,866.7070486170819,-82.57674512990025,,,NaN,false,false,false
1200,784.1876860707998,0.012386872873994101,1.0,true,true,866.6961811709415,-82.50849510014166,,,NaN,false,false,false
1201,784.2248668074608,0.011876533055024062,1.0,true,true,866.6853235684594,-82.46045676099857,,,NaN,false,false,false
1202,784.215280212462,0.010309886841365542,1.0,true,true,866.6744758739497,-82.4591956614878,,,NaN,false,false,false
1203,784.1440442353487,0.009083040081140007,1.0,true,true,866.6636381517268,-82.51959391637808,,,NaN,false,false,false
1204,784.066362015903,0.009126522214812126,1.0,true,true,866.6528104661048,-82.58644845020183,,,NaN,false,false,false
1205,784.0195355089381,0.00925320586032214,1.0,true,true,866.6419928813976,-82.62245737245951,,,NaN,false,false,false
1206,784.0145563869737,0.009134162504150509,1.0,true,true,866.6311854619199,-82.61662907494622,,,NaN,false,false,false
1207,784.0180111825466,0.008463836741037198,1.0,true,true,866.6203882719855,-82.60237708943885,,,NaN,false,false,false
1208,783.999628889811,0.007341032402463996,1.0,true,true,866.6096013759085,-82.60997248609749,,,NaN,false,false,false
1209,783.9771680124104,0.006496037647605763,1.0,true,true,866.5988248380033,-82.62165682559294,,,NaN,false,false,false
1210,783.9536766391248,0.006363362548108272,1.0,true,true,866.5880587225838,-82.63438208345906,,,NaN,false,false,false
1211,783.9103885293007,0.0071439651987562575,1.0,true,true,866.5773030939644,-82.66691456466367,,,NaN,false,false,false
1212,783.8606805354357,0.007942502246403221,1.0,true,true,866.5665580164593,-82.70587748102366,,,NaN,false,false,false
1213,783.8318940773606,0.00822089545936546,1.0,true,true,866.5558235543825,-82.7239294770219,,,NaN,false,false,false
1214,783.8346452787519,0.0082069204895242,1.0,true,true,866.5450997720484,-82.71045449329654,,,NaN,false,false,false
1215,783.83960108459,0.007990219252532507,1.0,true,true,866.5343867337712,-82.6947856491812,,,NaN,false,false,false
1216,783.8257647231221,0.007451670739313627,1.0,true,true,866.5236845038645,-82.69791978074238,,,NaN,false,false,false
1217,783.8086129501462,0.007558479704079415,1.0,true,true,866.5129931466429,-82.70438019649669,,,NaN,false,false,false
1218,783.7963167056441,0.008439003597902792,1.0,true,true,866.5023127264208,-82.70599602077664,,,NaN,false,false,false
1219,783.7828441858292,0.009135733788414773,1.0,true,true,866.4916433075119,-82.70879912168277,,,NaN,false,false,false
1220,783.7679876387119,0.009754375866246414,1.0,true,true,866.4809849542307,-82.7129973155188,,,NaN,false,false,false
1221,783.7633221596479,0.010227188896074242,1.0,true,true,866.4703377308912,-82.70701557124323,,,NaN,false,false,false
1222,783.7771121934056,0.010105853230214436,1.0,true,true,866.4597017018077,-82.68258950840209,,,NaN,false,false,false
1223,783.8015369102359,0.009816870896815448,1.0,true,true,866.4490769312946,-82.64754002105872,,,NaN,false,false,false
1224,783.8020742610097,0.010454927778054606,1.0,true,true,866.4384634836654,-82.63638922265568,,,NaN,false,false,false
1225,783.7651128768921,0.011826374844508825,1.0,true,true,866.4278614232345,-82.66274854634241,,,NaN,false,false,false
1226,783.7142194211483,0.012281602712059752,1.0,true,true,866.4172708143166,-82.70305139316827,,,NaN,false,false,false
1227,783.6744139194489,0.011398628704543199,1.0,true,true,866.4066917212253,-82.73227780177649,,,NaN,false,false,false
1228,783.6667755246162,0.0100326886144154,1.0,true,true,866.396124208275,-82.72934868365871,,,NaN,false,false,false
1229,783.6749755442142,0.009661048938945255,1.0,true,true,866.3855683397798,-82.7105927955655,,,NaN,false,false,false
1230,783.6518616825342,0.010663220357599808,1.0,true,true,866.3750241800539,-82.72316249751964,,,NaN,false,false,false
1231,783.6132222861052,0.01140373216201875,1.0,true,true,866.3644917934116,-82.75126950730646,,,NaN,false,false,false
1232,783.5856991261244,0.011169727481041967,1.0,true,true,866.3539712441669,-82.76827211804255,,,NaN,false,false,false
1233,783.5723939239979,0.010450817260003228,1.0,true,true,866.343462596634,-82.77106867263615,,,NaN,false,false,false
1234,783.5623160153627,0.010183737463774921,1.0,true,true,866.3329659151269,-82.77064989976418,,,NaN,false,false,false
1235,783.5644450187683,0.010342134124409723,1.0,true,true,866.3224812639602,-82.75803624519187,,,NaN,false,false,false
1236,783.5967863202095,0.010007196440577406,1.0,true,true,866.312008707448,-82.71522238723844,,,NaN,false,false,false
1237,783.6354383081198,0.009581835469449362,1.0,true,true,866.301548309904,-82.6661100017842,,,NaN,false,false,false
1238,783.6602007299662,0.009025395176091104,1.0,true,true,866.2911001356428,-82.63089940567659,,,NaN,false,false,false
1239,783.6459897756577,0.008722567896202156,1.0,true,true,866.2806642489782,-82.6346744733205,,,NaN,false,false,false
1240,783.5926820337772,0.00928282212228245,1.0,true,true,866.270240714225,-82.67755868044776,,,NaN,false,false,false
1241,783.5215289443731,0.01075715731588476,1.0,true,true,866.2598295956968,-82.7383006513237,,,NaN,false,false,false
1242,783.4980272650719,0.01885327142176776,1.0,true,true,866.249430957708,-82.75140369263613,,,NaN,false,false,false
1243,783.5113602727652,0.009880857424751454,1.0,true,true,866.2390448645726,-82.72768459180747,,,NaN,false,false,false
1244,783.5583500266075,0.008855535013786726,1.0,true,true,866.2286713806052,-82.67032135399768,,,NaN,false,false,false
1245,783.5996203422546,0.008674861047393241,1.0,true,true,866.2183105701195,-82.61869022786482,,,NaN,false,false,false
1246,783.6101420521736,0.008989907314651102,1.0,true,true,866.2079624974299,-82.59782044525627,,,NaN,false,false,false
1247,783.5317333489656,0.010242399671812676,1.0,true,true,866.1976272268506,-82.66589387788497,,,NaN,false,false,false
1248,783.3697918653488,0.010160643748972192,1.0,true,true,866.1873048226955,-82.81751295734671,,,NaN,false,false,false
1249,783.2511936426163,0.010260621673650104,1.0,true,true,866.176995349279,-82.9258017066627,,,NaN,false,false,false
1250,783.1967352852225,0.010229065040908541,1.0,true,true,866.1666988709155,-82.969963585693,,,NaN,false,false,false
1251,783.2426471635699,0.010316259789840743,1.0,true,true,866.1564154519185,-82.91376828834859,,,NaN,false,false,false
1252,783.3555371463299,0.011146955168821148,1.0,true,true,866.1461451566031,-82.79060801027322,,,NaN,false,false,false
1253,783.4673248678446,0.011120943780031265,1.0,true,true,866.1358880492825,-82.66856318143789,,,NaN,false,false,false
1254,783.4652784764767,0.010471032630229107,1.0,true,true,866.1256441942717,-82.660365717795,,,NaN,false,false,false
1255,783.4558236002922,0.022007350241871226,1.0,true,true,866.115413655884,-82.65959005559182,,,NaN,false,false,false
1256,783.3732759058475,0.00889766083073708,1.0,true,true,866.1051964984342,-82.73192059258668,,,NaN,false,false,false
1257,783.328222244978,0.009063243535979709,1.0,true,true,866.0949927862368,-82.7667705412589,,,NaN,false,false,false
1258,783.3519549667835,0.009275170319600288,1.0,true,true,866.0848025836051,-82.73284761682157,,,NaN,false,false,false
1259,783.4347041398287,0.010225993879718677,1.0,true,true,866.0746259548537,-82.63992181502499,,,NaN,false,false,false
1260,783.4762540608644,0.010405793529226336,1.0,true,true,866.0644629642969,-82.58820890343247,,,NaN,false,false,false
1261,783.4057120084763,0.00876759655609239,1.0,true,true,866.0543136762486,-82.64860166777237,,,NaN,false,false,false
1262,783.3345978856087,0.007984309833163887,1.0,true,true,866.0441781550231,-82.70958026941446,,,NaN,false,false,false
1263,783.2862706631422,0.007490315332902981,1.0,true,true,866.0340564649348,-82.74778580179259,,,NaN,false,false,false
1264,783.2585348784924,0.007150036703314627,1.0,true,true,866.0239486702974,-82.76541379180503,,,NaN,false,false,false
1265,783.2532530575991,0.007462687799017189,1.0,true,true,866.0138548354255,-82.76060177782642,,,NaN,false,false,false
1266,783.2445837929845,0.007713499358665112,1.0,true,true,866.0037750246328,-82.75919123164829,,,NaN,false,false,false
1267,783.220229357481,0.007475063020862434,1.0,true,true,865.9937093022339,-82.77347994475292,,,NaN,false,false,false
1268,783.1919962987304,0.007414596227392123,1.0,true,true,865.9836577325427,-82.79166143381235,,,NaN,false,false,false
1269,783.1637305542827,0.0073809868222525065,1.0,true,true,865.9736203798738,-82.80988982559109,,,NaN,false,false,false
1270,783.1412307843566,0.007664073929461196,1.0,true,true,865.9635973085409,-82.8223665241843,,,NaN,false,false,false
1271,783.1122882254422,0.00787307651130828,1.0,true,true,865.9535885828584,-82.84130035741623,,,NaN,false,false,false
1272,783.0893033780158,0.007709173192008258,1.0,true,true,865.9435942671403,-82.85429088912451,,,NaN,false,false,false
1273,783.089044149965,0.0074471140132925965,1.0,true,true,865.9336144257009,-82.8445702757358,,,NaN,false,false,false
1274,783.1351364478469,0.007609359518065992,1.0,true,true,865.9236491228544,-82.7885126750075,,,NaN,false,false,false
1275,783.2019014954567,0.008077180493524655,1.0,true,true,865.913698422915,-82.7117969274583,,,NaN,false,false,false
1276,783.2335381284356,0.008318514073321884,1.0,true,true,865.9037623901967,-82.67022426176106,,,NaN,false,false,false
1277,783.216796271503,0.008197188285039523,1.0,true,true,865.8938410890136,-82.67704481751059,,,NaN,false,false,false
1278,783.1716997399926,0.00849602768102761,1.0,true,true,865.8839345836805,-82.71223484368784,,,NaN,false,false,false
1279,783.125988908112,0.009534446634537855,1.0,true,true,865.8740429385108,-82.74805403039875,,,NaN,false,false,false
1280,783.0867747366428,0.010256064918459736,1.0,true,true,865.8641662178189,-82.7773914811761,,,NaN,false,false,false
1281,783.065017350018,0.009772761344527623,1.0,true,true,865.8543044859194,-82.78928713590142,,,NaN,false,false,false
1282,783.0821339897811,0.008937661136340438,1.0,true,true,865.8444578071259,-82.76232381734474,,,NaN,false,false,false
1283,783.0957295484841,0.008564529501753832,1.0,true,true,865.8346262457529,-82.73889669726884,,,NaN,false,false,false
1284,783.014443108812,0.0079296513176382,1.0,true,true,865.8248098661142,-82.81036675730218,,,NaN,false,false,false
1285,782.9267759248614,0.007927171214410205,1.0,true,true,865.8150087325245,-82.88823280766303,,,NaN,false,false,false
1286,782.9064232595265,0.008603795036581681,1.0,true,true,865.8052229092978,-82.89879964977126,,,NaN,false,false,false
1287,782.9157696329057,0.009531334665881026,1.0,true,true,865.7954524607482,-82.87968282784243,,,NaN,false,false,false
1288,782.9492412228137,0.010651049447913374,1.0,true,true,865.7856974511892,-82.83645622837548,,,NaN,false,false,false
1289,783.0080050558317,0.012072902464190162,1.0,true,true,865.7759579449365,-82.76795288910478,,,NaN,false,false,false
1290,783.0586330518126,0.013054189131921466,1.0,true,true,865.766234006303,-82.70760095449032,,,NaN,false,false,false
1291,783.0389628019184,0.01196383252492907,1.0,true,true,865.7565256996033,-82.71756289768496,,,NaN,false,false,false
1292,782.9189288765192,0.009832017683389755,1.0,true,true,865.7468330891516,-82.82790421263235,,,NaN,false,false,false
1293,782.7838900983334,0.00922897332204859,1.0,true,true,865.7371562392619,-82.95326614092858,,,NaN,false,false,false
1294,782.7357075661421,0.008906827671170191,1.0,true,true,865.7274952142486,-82.99178764810654,,,NaN,false,false,false
1295,782.7628450766206,0.008747085021746967,1.0,true,true,865.7178500784256,-82.95500500180503,,,NaN,false,false,false
1296,782.8313580825925,0.009066581158012373,1.0,true,true,865.7082208961074,-82.87686281351489,,,NaN,false,false,false
1297,782.8978850953281,0.009466012116259867,1.0,true,true,865.698607731608,-82.80072263627994,,,NaN,false,false,false
1298,782.924983959645,0.009689783116323404,1.0,true,true,865.6890106492417,-82.76402668959668,,,NaN,false,false,false
1299,782.9080808162689,0.009794224315423171,1.0,true,true,865.6794297133222,-82.77134889705326,,,NaN,false,false,false
1300,782.9061031900346,0.009492931671134689,1.0,true,true,865.6698649881642,-82.76376179812962,,,NaN,false,false,false
1301,782.9647065624595,0.00899639405516616,1.0,true,true,865.6603165380817,-82.69560997562223,,,NaN,false,false,false
1302,783.017738561146,0.009340060311519351,1.0,true,true,865.6507844273888,-82.63304586624281,,,NaN,false,false,false
1303,783.0201655915007,0.00960273462329188,1.0,true,true,865.6412687203998,-82.62110312889911,,,NaN,false,false,false
1304,782.9725656965747,0.009242230328812386,1.0,true,true,865.6317694814287,-82.65920378485396,,,NaN,false,false,false
1305,782.9327641539276,0.008311320143023748,1.0,true,true,865.6222867747899,-82.68952262086236,,,NaN,false,false,false
1306,782.93019297719,0.0073559031645039595,1.0,true,true,865.6128206647975,-82.68262768760746,,,NaN,false,false,false
1307,782.939649939537,0.007164334105382061,1.0,true,true,865.6033712157655,-82.66372127622844,,,NaN,false,false,false
1308,782.9255367852747,0.007785869789683068,1.0,true,true,865.5939384920082,-82.66840170673345,,,NaN,false,false,false
1309,782.8928092196584,0.008638110987706699,1.0,true,true,865.5845225578397,-82.69171333818133,,,NaN,false,false,false
1310,782.8585620969534,0.009638121660448227,1.0,true,true,865.5751234775744,-82.71656138062099,,,NaN,false,false,false
1311,782.8085080310702,0.011037743454630766,1.0,true,true,865.5657413155261,-82.75723328445588,,,NaN,false,false,false
1312,782.7232706099749,0.012600001777169212,1.0,true,true,865.5563761360094,-82.8331055260345,,,NaN,false,false,false
1313,782.6425191015005,0.012802998157656805,1.0,true,true,865.5470280033383,-82.90450890183774,,,NaN,false,false,false
1314,782.5756581127644,0.011997857271761595,1.0,true,true,865.5376969818266,-82.96203886906221,,,NaN,false,false,false
1315,782.5612365156412,0.010916780540733924,1.0,true,true,865.528383135789,-82.96714662014779,,,NaN,false,false,false
1316,782.626682817936,0.009764517704584546,1.0,true,true,865.5190865295392,-82.89240371160327,,,NaN,false,false,false
1317,782.6977865248919,0.009552683119715041,1.0,true,true,865.5098072273919,-82.81202070250004,,,NaN,false,false,false
1318,782.7422405779362,0.00949825024868007,1.0,true,true,865.5005452936612,-82.75830471572499,,,NaN,false,false,false
1319,782.7297403216362,0.009509305194160586,1.0,true,true,865.4913007926608,-82.76156047102461,,,NaN,false,false,false
1320,782.6730541884899,0.009618360489188444,1.0,true,true,865.4820737887048,-82.80901960021492,,,NaN,false,false,false
1321,782.6150309890509,0.009802762202635457,1.0,true,true,865.4728643461084,-82.85783335705753,,,NaN,false,false,false
1322,782.5606491416693,0.010377559946704156,1.0,true,true,865.4636725291848,-82.90302338751553,,,NaN,false,false,false
1323,782.4935083985329,0.011667460147299677,1.0,true,true,865.4544984022484,-82.96099000371555,,,NaN,false,false,false
1324,782.5148690193892,0.011305136547619976,1.0,true,true,865.4453420187324,-82.93047299934324,,,NaN,false,false,false
1325,782.5817881971598,0.010203264419521402,1.0,true,true,865.4362033456565,-82.85441514849674,,,NaN,false,false,false
1326,782.6671392172575,0.009414816593530998,1.0,true,true,865.4270823088316,-82.75994309157409,,,NaN,false,false,false
1327,782.7398234605789,0.008984563453604233,1.0,true,true,865.4179788338156,-82.67815537323668,,,NaN,false,false,false
1328,782.7493349760771,0.008987223946595733,1.0,true,true,865.4088928461654,-82.65955787008829,,,NaN,false,false,false
1329,782.6820852458477,0.00980671153848029,1.0,true,true,865.3998242714388,-82.71773902559107,,,NaN,false,false,false
1330,782.5846720933914,0.011923340365748525,1.0,true,true,865.390773035193,-82.80610094180156,,,NaN,false,false,false
1331,782.5268095731735,0.01642702015787672,1.0,true,true,865.3817390629861,-82.85492948981255,,,NaN,false,false,false
1332,782.5346086770296,0.02156711128686295,1.0,true,true,865.3727222803749,-82.83811360334528,,,NaN,false,false,false
1333,782.5833033621311,0.01155124804522627,1.0,true,true,865.3637226129172,-82.78041925078605,,,NaN,false,false,false
1334,782.658779412508,0.010725695509966786,1.0,true,true,865.3547399861699,-82.69596057366186,,,NaN,false,false,false
1335,782.7211593687534,0.01024855895626411,1.0,true,true,865.3457743256913,-82.62461495693788,,,NaN,false,false,false
1336,782.7506923079491,0.009751686253966578,1.0,true,true,865.3368255570381,-82.58613324908902,,,NaN,false,false,false
1337,782.7190888077021,0.009365057478715449,1.0,true,true,865.3278936057683,-82.60880479806622,,,NaN,false,false,false
1338,782.6157249808311,0.009924070056423453,1.0,true,true,865.318978397439,-82.70325341660782,,,NaN,false,false,false
1339,782.5217260122299,0.012874182599664958,1.0,true,true,865.3100798576078,-82.78835384537786,,,NaN,false,false,false
1340,782.5328265875578,0.01101988300200714,1.0,true,true,865.301197911832,-82.7683713242742,,,NaN,false,false,false
1341,782.6126984357834,0.010481358395329075,1.0,true,true,865.2923324856692,-82.67963404988586,,,NaN,false,false,false
1342,782.6981798410416,0.009715381607891729,1.0,true,true,865.2834835046771,-82.5853036636355,,,NaN,false,false,false
1343,782.7629892081022,0.008775970185747627,1.0,true,true,865.274650894413,-82.51166168631073,,,NaN,false,false,false
1344,782.795975215733,0.008004835212563418,1.0,true,true,865.2658345804341,-82.46985936470105,,,NaN,false,false,false
1345,782.7983209341764,0.007926758549113934,1.0,true,true,865.2570344882978,-82.45871355412135,,,NaN,false,false,false
1346,782.7738925218582,0.008793690802360248,1.0,true,true,865.2482505435619,-82.47435802170367,,,NaN,false,false,false
1347,782.6991093307734,0.010419971736900699,1.0,true,true,865.2394826717838,-82.54037334101042,,,NaN,false,false,false
1348,782.5888163298368,0.011684315288536057,1.0,true,true,865.230730798521,-82.64191446868415,,,NaN,false,false,false
1349,782.5332778394222,0.015446902876443106,1.0,true,true,865.2219948493307,-82.68871700990849,,,NaN,false,false,false
1350,782.461559548974,0.010743484343001874,1.0,true,true,865.2132747497703,-82.7517152007963,,,NaN,false,false,false
1351,782.4541661888361,0.010375841511491459,1.0,true,true,865.2045704253977,-82.75040423656162,,,NaN,false,false,false
1352,782.4755857884884,0.01006841540357046,1.0,true,true,865.1958818017702,-82.72029601328177,,,NaN,false,false,false
1353,782.4988920837641,0.010000435347727295,1.0,true,true,865.1872088044449,-82.68831672068086,,,NaN,false,false,false
1354,782.5181243419647,0.013256900452826622,1.0,true,true,865.1785513589797,-82.66042701701497,,,NaN,false,false,false
1355,782.5152289867401,0.011533017841010894,1.0,true,true,865.1699093909317,-82.6546804041916,,,NaN,false,false,false
1356,782.5003510713577,0.011205515724225122,1.0,true,true,865.1612828258586,-82.6609317545009,,,NaN,false,false,false
1357,782.5124276578426,0.011266082441719597,1.0,true,true,865.1526715893178,-82.6402439314752,,,NaN,false,false,false
1358,782.4724976718426,0.021112764650538265,1.0,true,true,865.1440756068667,-82.67157793502417,,,NaN,false,false,false
1359,782.5027507692575,0.011118966405929511,1.0,true,true,865.1354948040625,-82.632744034805,,,NaN,false,false,false
1360,782.4930129051208,0.011167200619889546,1.0,true,true,865.1269291064635,-82.63391620134269,,,NaN,false,false,false
1361,782.4776584506035,0.02335002238337364,1.0,true,true,865.1183784396262,-82.64071998902273,,,NaN,false,false,false
1362,782.4910872727633,0.009275427512871762,1.0,true,true,865.1098427291089,-82.61875545634564,,,NaN,false,false,false
1363,782.472499281168,0.009706690395564136,1.0,true,true,865.1013219004681,-82.62882261930008,,,NaN,false,false,false
1364,782.4690098911524,0.009080165286539712,1.0,true,true,865.0928158792619,-82.62380598810955,,,NaN,false,false,false
1365,782.4229416698217,0.0087353938034495,1.0,true,true,865.0843245910476,-82.66138292122582,,,NaN,false,false,false
1366,782.3986612558365,0.009448780079721095,1.0,true,true,865.0758479613828,-82.67718670554632,,,NaN,false,false,false
1367,782.383627474308,0.010136075151647102,1.0,true,true,865.0673859158247,-82.68375844151672,,,NaN,false,false,false
1368,782.3285485059023,0.009704184693186868,1.0,true,true,865.058938379931,-82.73038987402867,,,NaN,false,false,false
1369,782.251743465662,0.008929011215551069,1.0,true,true,865.050505279259,-82.79876181359703,,,NaN,false,false,false
1370,782.2062654644251,0.008730747444470622,1.0,true,true,865.042086539366,-82.8358210749409,,,NaN,false,false,false
1371,782.2269846051931,0.008878837149012789,1.0,true,true,865.0336820858098,-82.80669748061666,,,NaN,false,false,false
1372,782.3039707541466,0.009228712907248802,1.0,true,true,865.0252918441479,-82.72132109000131,,,NaN,false,false,false
1373,782.3722685724497,0.009874029345089116,1.0,true,true,865.0169157399373,-82.64464716748762,,,NaN,false,false,false
1374,782.3577524274588,0.010001505510621723,1.0,true,true,865.0085536987357,-82.65080127127692,,,NaN,false,false,false
1375,782.2911726236343,0.010099672074215393,1.0,true,true,865.0002056461008,-82.70903302246643,,,NaN,false,false,false
1376,782.2319964617491,0.010620678328338271,1.0,true,true,864.9918715075896,-82.75987504584054,,,NaN,false,false,false
1377,782.2202974259853,0.011258719536911576,1.0,true,true,864.98355120876,-82.76325378277465,,,NaN,false,false,false
1378,782.2412285730243,0.011479571605748709,1.0,true,true,864.9752446751689,-82.73401610214466,,,NaN,false,false,false
1379,782.2489090934396,0.011142159410383129,1.0,true,true,864.9669518323742,-82.71804273893463,,,NaN,false,false,false
1380,782.2318340167403,0.010908147129304227,1.0,true,true,864.9586726059333,-82.726838589193,,,NaN,false,false,false
1381,782.211501032114,0.010651905205597273,1.0,true,true,864.9504069214037,-82.73890588928964,,,NaN,false,false,false
1382,782.1956640332937,0.00984077219261461,1.0,true,true,864.9421547043427,-82.74649067104895,,,NaN,false,false,false
1383,782.1668678149581,0.009044049932446676,1.0,true,true,864.9339158803076,-82.76704806534951,,,NaN,false,false,false
1384,782.1066212207079,0.00902093594721364,1.0,true,true,864.9256903748561,-82.81906915414822,,,NaN,false,false,false
1385,782.0387439150363,0.009462392671866073,1.0,true,true,864.9174781135459,-82.87873419850962,,,NaN,false,false,false
1386,782.0178535608575,0.009674058842406099,1.0,true,true,864.9092790219341,-82.89142546107666,,,NaN,false,false,false
1387,782.0552510786802,0.009396227530949049,1.0,true,true,864.901093025578,-82.84584194689785,,,NaN,false,false,false
1388,782.0968373268843,0.009155895678074335,1.0,true,true,864.8929200500353,-82.79608272315102,,,NaN,false,false,false
1389,782.113135047257,0.008950911728501066,1.0,true,true,864.8847600208636,-82.77162497360666,,,NaN,false,false,false
1390,782.1185360960662,0.008615857637141013,1.0,true,true,864.8766128636202,-82.75807676755392,,,NaN,false,false,false
1391,782.1364661231637,0.008127629738624385,1.0,true,true,864.8684785038625,-82.73201238069885,,,NaN,false,false,false
1392,782.1926827803254,0.007928610917096887,1.0,true,true,864.860356867148,-82.66767408682256,,,NaN,false,false,false
1393,782.2580828815699,0.008864500905571357,1.0,true,true,864.8522478790339,-82.59416499746408,,,NaN,false,false,false
1394,782.2656516134739,0.010424081624890927,1.0,true,true,864.8441514650782,-82.5784998516043,,,NaN,false,false,false
1395,782.2305815890431,0.010973697271206397,1.0,true,true,864.8360675508382,-82.60548596179501,,,NaN,false,false,false
1396,782.2062831297517,0.01026464997442556,1.0,true,true,864.8279960618707,-82.62171293211907,,,NaN,false,false,false
1397,782.2279570549726,0.009401314547176793,1.0,true,true,864.8199369237342,-82.59197986876154,,,NaN,false,false,false
1398,782.2617971748114,0.00972583348510017,1.0,true,true,864.8118900619854,-82.55009288717406,,,NaN,false,false,false
1399,782.2677632123232,0.01082120744630203,1.0,true,true,864.803855402182,-82.53609218985878,,,NaN,false,false,false
1400,782.2332359552383,0.011388015724166582,1.0,true,true,864.7958328698813,-82.562596914643,,,NaN,false,false,false
1401,782.1722818985581,0.011323928970235694,1.0,true,true,864.7878223906414,-82.61554049208326,,,NaN,false,false,false
1402,782.1422023996711,0.011522240312835212,1.0,true,true,864.7798238900189,-82.63762149034778,,,NaN,false,false,false
1403,782.1898992806673,0.011570685829382652,1.0,true,true,864.7718372935716,-82.58193801290429,,,NaN,false,false,false
1404,782.2957463413477,0.011496097045370217,1.0,true,true,864.7638625268569,-82.46811618550919,,,NaN,false,false,false
1405,782.3891244977713,0.01145378664748075,1.0,true,true,864.7558995154321,-82.36677501766087,,,NaN,false,false,false
1406,782.4213913977146,0.011288741062768998,1.0,true,true,864.7479481848553,-82.3265567871407,,,NaN,false,false,false
1407,782.4332657009363,0.010895871931719078,1.0,true,true,864.7400084606836,-82.3067427597473,,,NaN,false,false,false
1408,782.4433076828718,0.010095936843073073,1.0,true,true,864.732080268474,-82.28877258560215,,,NaN,false,false,false
1409,782.4188430309296,0.009631165754458349,1.0,true,true,864.7241635337845,-82.3053205028549,,,NaN,false,false,false
1410,782.3395246267319,0.008921494753086094,1.0,true,true,864.7162581821726,-82.37673355544075,,,NaN,false,false,false
1411,782.2465274855494,0.007795692816482507,1.0,true,true,864.7083641391953,-82.46183665364583,,,NaN,false,false,false
1412,782.1947673857212,0.007109427279215289,1.0,true,true,864.7004813304102,-82.50571394468898,,,NaN,false,false,false
1413,782.1937569603324,0.0073411133398831735,1.0,true,true,864.6926096813748,-82.49885272104245,,,NaN,false,false,false
1414,782.1993032619357,0.00822080190407271,1.0,true,true,864.6847491176469,-82.48544585571119,,,NaN,false,false,false
1415,782.1832286641002,0.00908563486452376,1.0,true,true,864.6768995647835,-82.49367090068336,,,NaN,false,false,false
1416,782.1275014951825,0.009106135658996687,1.0,true,true,864.6690609483425,-82.54155945315995,,,NaN,false,false,false
1417,782.0487401857972,0.008326208820893147,1.0,true,true,864.6612331938807,-82.61249300808345,,,NaN,false,false,false
1418,782.0008505152655,0.00786517957885047,1.0,true,true,864.6534162269561,-82.65256571169061,,,NaN,false,false,false
1419,782.0041897045448,0.008655436457838334,1.0,true,true,864.6456099731262,-82.64142026858133,,,NaN,false,false,false
1420,782.0317499302328,0.010081688385057998,1.0,true,true,864.6378143579477,-82.60606442771495,,,NaN,false,false,false
1421,782.0730354227126,0.011404175457332723,1.0,true,true,864.6300293069789,-82.55699388426638,,,NaN,false,false,false
1422,782.1212651953101,0.01218668750453933,1.0,true,true,864.6222547457771,-82.50098955046701,,,NaN,false,false,false
1423,782.1443664357066,0.011997468453011114,1.0,true,true,864.6144905998996,-82.47012416419295,,,NaN,false,false,false
1424,782.1188526824117,0.01078436132379846,1.0,true,true,864.6067367949036,-82.48788411249188,,,NaN,false,false,false
1425,782.0640608929098,0.010032067663542912,1.0,true,true,864.598993256347,-82.53493236343718,,,NaN,false,false,false
1426,782.01377084665,0.010378564115640018,1.0,true,true,864.5912599097869,-82.57748906313691,,,NaN,false,false,false
1427,782.0160804325715,0.010311321650638548,1.0,true,true,864.5835366807809,-82.5674562482094,,,NaN,false,false,false
1428,782.0773306675255,0.009952852187647784,1.0,true,true,864.5758234948869,-82.49849282736136,,,NaN,false,false,false
1429,782.1554156243801,0.010167216302477307,1.0,true,true,864.5681202776616,-82.41270465328148,,,NaN,false,false,false
1430,782.1965059861541,0.011135062429960317,1.0,true,true,864.5604269546627,-82.36392096850864,,,NaN,false,false,false
1431,782.1650539264083,0.011456546928742465,1.0,true,true,864.552743451448,-82.38768952503972,,,NaN,false,false,false
1432,782.0795071013272,0.011017918822187715,1.0,true,true,864.5450696935744,-82.46556259224724,,,NaN,false,false,false
1433,781.9711492890492,0.010898063237459885,1.0,true,true,864.5374056066,-82.56625631755082,,,NaN,false,false,false
1434,781.8846881911159,0.011935257834892195,1.0,true,true,864.5297511160818,-82.64506292496594,,,NaN,false,false,false
1435,781.8904550559819,0.011989419161696395,1.0,true,true,864.5221061475772,-82.63165109159536,,,NaN,false,false,false
1436,781.9626698419452,0.010714172144115868,1.0,true,true,864.5144706266437,-82.55180078469857,,,NaN,false,false,false
1437,782.0342481248081,0.009578282158466426,1.0,true,true,864.5068444788394,-82.47259635403134,,,NaN,false,false,false
1438,782.0424205902964,0.008568886584594596,1.0,true,true,864.499227629721,-82.45680703942458,,,NaN,false,false,false
1439,781.9846166479401,0.008637625581217492,1.0,true,true,864.4916200048461,-82.50700335690601,,,NaN,false,false,false
1440,781.9280777685344,0.00973450697954941,1.0,true,true,864.4840215297722,-82.55594376123781,,,NaN,false,false,false
1441,781.9130559153855,0.01021680807940412,1.0,true,true,864.4764321300569,-82.5633762146714,,,NaN,false,false,false
1442,781.9689547996968,0.00964053639445619,1.0,true,true,864.4688517312577,-82.4998969315609,,,NaN,false,false,false
1443,782.0518450755626,0.00929257423029129,1.0,true,true,864.4612802589314,-82.40943518336883,,,NaN,false,false,false
1444,782.0764826610684,0.009233173074018563,1.0,true,true,864.4537176386364,-82.37723497756792,,,NaN,false,false,false
1445,782.0444741621614,0.008812635204307893,1.0,true,true,864.4461637959295,-82.40168963376811,,,NaN,false,false,false
1446,781.9812317239121,0.008199245882594037,1.0,true,true,864.4386186563686,-82.45738693245653,,,NaN,false,false,false
1447,781.9271269030869,0.008527516405913552,1.0,true,true,864.4310821455108,-82.5039552424239,,,NaN,false,false,false
1448,781.9067703038454,0.009663441347526993,1.0,true,true,864.4235541889135,-82.5167838850681,,,NaN,false,false,false
1449,781.9095492511988,0.010785793285637724,1.0,true,true,864.4160347121345,-82.50648546093578,,,NaN,false,false,false
1450,781.921994805336,0.011269469297667057,1.0,true,true,864.4085236407312,-82.48652883539523,,,NaN,false,false,false
1451,781.9312245957553,0.010974089537143393,1.0,true,true,864.4010209002608,-82.46979630450551,,,NaN,false,false,false
1452,781.943400060758,0.010158111133674071,1.0,true,true,864.3935264162808,-82.4501263555228,,,NaN,false,false,false
1453,781.9546223804355,0.009400398197915482,1.0,true,true,864.386040114349,-82.43141773391358,,,NaN,false,false,false
1454,781.9440988805145,0.009266055738810607,1.0,true,true,864.3785619200224,-82.43446303950793,,,NaN,false,false,false
1455,781.9391282238066,0.009992501141160109,1.0,true,true,864.3710917588587,-82.43196353505209,,,NaN,false,false,false
1456,782.0054088742472,0.011208801568372635,1.0,true,true,864.3636295564156,-82.3582206821684,,,NaN,false,false,false
1457,782.1201603263617,0.012471482660328584,1.0,true,true,864.3561752312021,-82.23601490484043,,,NaN,false,false,false
1458,782.2029180526733,0.013423262940624826,1.0,true,true,864.3487286197976,-82.14581056712427,,,NaN,false,false,false
1459,782.1968907639384,0.012872484120099763,1.0,true,true,864.3412895059215,-82.14439874198308,,,NaN,false,false,false
1460,782.1181120425463,0.011486608017025736,1.0,true,true,864.3338576724136,-82.21574562986734,,,NaN,false,false,false
1461,782.0198940820992,0.01056211216762049,1.0,true,true,864.3264329021124,-82.3065388200132,,,NaN,false,false,false
1462,781.9605919476599,0.009739267421256484,1.0,true,true,864.3190149778575,-82.35842303019763,,,NaN,false,false,false
1463,781.9615865666419,0.009009905083956339,1.0,true,true,864.3116036824875,-82.35001711584562,,,NaN,false,false,false
1464,782.0058103969786,0.008727925019708678,1.0,true,true,864.3041987988418,-82.29838840186312,,,NaN,false,false,false
1465,782.0579667780548,0.008776320390701675,1.0,true,true,864.2968001097595,-82.23883333170465,,,NaN,false,false,false
1466,782.1015595458448,0.008415308915858795,1.0,true,true,864.2894073980793,-82.18784785223454,,,NaN,false,false,false
1467,782.1351319104433,0.007678658772836807,1.0,true,true,864.2820204466412,-82.14688853619793,,,NaN,false,false,false
1468,782.1743756234646,0.006942087164852099,1.0,true,true,864.2746390382835,-82.10026341481887,,,NaN,false,false,false
1469,782.2341211885214,0.00665318771522417,1.0,true,true,864.2672629558457,-82.03314176732431,,,NaN,false,false,false
1470,782.2968584001064,0.006796115626237795,1.0,true,true,864.2598919821668,-81.96303358206035,,,NaN,false,false,false
1471,782.3237775564194,0.00674635437729258,1.0,true,true,864.2525259000855,-81.92874834366614,,,NaN,false,false,false
1472,782.3214729726315,0.007008566945272406,1.0,true,true,864.2451644924412,-81.92369151980972,,,NaN,false,false,false
1473,782.3247059881687,0.007880925588492618,1.0,true,true,864.2378075420735,-81.91310155390477,,,NaN,false,false,false
1474,782.3162687718868,0.00880136272661412,1.0,true,true,864.2304548318206,-81.91418605993374,,,NaN,false,false,false
1475,782.2654608339071,0.009177018239200052,1.0,true,true,864.2231061445224,-81.95764531061525,,,NaN,false,false,false
1476,782.2120398432016,0.010063095641667243,1.0,true,true,864.2157612630174,-82.00372141981575,,,NaN,false,false,false
1477,782.1816325187683,0.011106321475478263,1.0,true,true,864.2084199701449,-82.02678745137655,,,NaN,false,false,false
1478,782.1918884217739,0.011468110423222651,1.0,true,true,864.2010820487441,-82.00919362697016,,,NaN,false,false,false
1479,782.2464549988508,0.011182476412180105,1.0,true,true,864.193747281654,-81.94729228280323,,,NaN,false,false,false
1480,782.3085399717093,0.01097521202748771,1.0,true,true,864.1864154517137,-81.87787548000449,,,NaN,false,false,false
1481,782.3118471503258,0.011044262447362719,1.0,true,true,864.1790863417625,-81.86723919143674,,,NaN,false,false,false
1482,782.2565932124853,0.011253102709206087,1.0,true,true,864.1717597346392,-81.91516652215387,,,NaN,false,false,false
1483,782.224508471787,0.011932957936386034,1.0,true,true,864.1644354131831,-81.93992694139615,,,NaN,false,false,false
1484,782.2359628602862,0.012083682740599844,1.0,true,true,864.157113160233,-81.92115029994682,,,NaN,false,false,false
1485,782.2761950343847,0.011384533636975924,1.0,true,true,864.1497927586286,-81.87359772424384,,,NaN,false,false,false
1486,782.3281149566174,0.010705780278653558,1.0,true,true,864.1424739912084,-81.814359034591,,,NaN,false,false,false
1487,782.3726622909307,0.010680718301306867,1.0,true,true,864.1351566408117,-81.76249434988097,,,NaN,false,false,false
1488,782.3914234787226,0.010906920038264767,1.0,true,true,864.1278404902777,-81.73641701155509,,,NaN,false,false,false
1489,782.362112224102,0.010181644903144367,1.0,true,true,864.1205253224452,-81.75841309834323,,,NaN,false,false,false
1490,782.3127529025078,0.009303367475275716,1.0,true,true,864.113210920154,-81.80045801764618,,,NaN,false,false,false
1491,782.2887144982815,0.009162069167839773,1.0,true,true,864.105897066242,-81.81718256796057,,,NaN,false,false,false
1492,782.3186986148357,0.010047353852715834,1.0,true,true,864.0985835435496,-81.77988492871384,,,NaN,false,false,false
1493,782.388081073761,0.011662561999978508,1.0,true,true,864.0912701349154,-81.70318906115438,,,NaN,false,false,false
1494,782.4172395467758,0.012109725702003755,1.0,true,true,864.0839566231779,-81.66671707640205,,,NaN,false,false,false
1495,782.3732558488846,0.011051426430958132,1.0,true,true,864.0766427911769,-81.70338694229235,,,NaN,false,false,false
1496,782.2972407788038,0.00986139134262161,1.0,true,true,864.0693284217514,-81.77208764294755,,,NaN,false,false,false
1497,782.2586023062468,0.009029254996583566,1.0,true,true,864.0620132977404,-81.80341099149359,,,NaN,false,false,false
1498,782.2881938815117,0.009596589983348657,1.0,true,true,864.0546972019831,-81.76650332047143,,,NaN,false,false,false
1499,782.3263812065125,0.011472718901212587,1.0,true,true,864.0473799173182,-81.7209987108057,,,NaN,false,false,false
1500,782.3535347729921,0.01280215498140128,1.0,true,true,864.0400612265852,-81.68652645359305,,,NaN,false,false,false
1501,782.3624800741673,0.01261489256506087,1.0,true,true,864.0327409126232,-81.67026083845599,,,NaN,false,false,false
1502,782.3326031416655,0.011115312505840816,1.0,true,true,864.0254187582714,-81.69281561660591,,,NaN,false,false,false
1503,782.2985347211361,0.009808626247012685,1.0,true,true,864.0180945463683,-81.71955982523218,,,NaN,false,false,false
1504,782.3434495925903,0.009566707946279009,1.0,true,true,864.0107680597536,-81.66731846716323,,,NaN,false,false,false
1505,782.489355519414,0.010362060052989725,1.0,true,true,864.0034390812663,-81.51408356185232,,,NaN,false,false,false
1506,782.5854634344578,0.009802838712096888,1.0,true,true,863.9961073937451,-81.41064395928731,,,NaN,false,false,false
1507,782.6651510447264,0.00934484141693556,1.0,true,true,863.9887727800296,-81.32362173530328,,,NaN,false,false,false
1508,782.6688286960125,0.009201664961881616,1.0,true,true,863.9814350229586,-81.31260632694614,,,NaN,false,false,false
1509,782.6291839331388,0.008886771387887314,1.0,true,true,863.9740939053712,-81.34490997223236,,,NaN,false,false,false
1510,782.5789738595486,0.008493082526533116,1.0,true,true,863.9667492101069,-81.38777535055829,,,NaN,false,false,false
1511,782.5120902955532,0.00912621998876283,1.0,true,true,863.9594007200042,-81.44731042445096,,,NaN,false,false,false
1512,782.5111087858677,0.033122916281011945,1.0,true,true,863.9520482179028,-81.44093943203507,,,NaN,false,false,false
1513,782.4630023092031,0.009864114766824025,1.0,true,true,863.9446914866414,-81.48168917743828,,,NaN,false,false,false
1514,782.431793242693,0.009727452817262122,1.0,true,true,863.937330309059,-81.50553706636606,,,NaN,false,false,false
1515,782.5046837627888,0.010617326907450236,1.0,true,true,863.929964467995,-81.4252807052062,,,NaN,false,false,false
1516,782.5138423889875,0.010091107117806024,1.0,true,true,863.9225937462884,-81.40875135730084,,,NaN,false,false,false
1517,782.5518572926521,0.00933822875806056,1.0,true,true,863.9152179267779,-81.3633606341258,,,NaN,false,false,false
1518,782.5722025185823,0.009808284616609172,1.0,true,true,863.9078367923034,-81.3356342737211,,,NaN,false,false,false
1519,782.5972788333893,0.010250599600508226,1.0,true,true,863.9004501257035,-81.30317129231423,,,NaN,false,false,false
1520,782.6475628912449,0.00957583830702458,1.0,true,true,863.8930577098174,-81.24549481857252,,,NaN,false,false,false
1521,782.7247017025948,0.009084350687037614,1.0,true,true,863.8856593274841,-81.1609576248893,,,NaN,false,false,false
1522,782.7982888147235,0.009424829336915332,1.0,true,true,863.8782547615427,-81.07996594681924,,,NaN,false,false,false
1523,782.8559540361166,0.0096130863337617,1.0,true,true,863.8708437948325,-81.01488975871587,,,NaN,false,false,false
1524,782.8905664794147,0.00937283439125618,1.0,true,true,863.8634262101925,-80.97285973077783,,,NaN,false,false,false
1525,782.8854857757688,0.00910988132049749,1.0,true,true,863.8560017904616,-80.97051601469286,,,NaN,false,false,false
1526,782.8325730413198,0.009116911225213164,1.0,true,true,863.8485703184793,-81.0159972771595,,,NaN,false,false,false
1527,782.7962955757976,0.009444603483399793,1.0,true,true,863.8411315770844,-81.04483600128685,,,NaN,false,false,false
1528,782.8192968219519,0.009559274612116858,1.0,true,true,863.833685349116,-81.0143885271641,,,NaN,false,false,false
1529,782.8512146100402,0.00933520335335522,1.0,true,true,863.826231417413,-80.97501680737287,,,NaN,false,false,false
1530,782.8758672103286,0.009089448263669348,1.0,true,true,863.8187695648153,-80.9429023544867,,,NaN,false,false,false
1531,782.917778082192,0.008816097233334947,1.0,true,true,863.8112995741611,-80.89352149196918,,,NaN,false,false,false
1532,782.9801325257868,0.008377714497084918,1.0,true,true,863.80382122829,-80.8236887025032,,,NaN,false,false,false
1533,783.0241474062204,0.008157603376628363,1.0,true,true,863.796334310041,-80.77218690382051,,,NaN,false,false,false
1534,783.024359125644,0.008103756127479125,1.0,true,true,863.7888386022532,-80.76447947660927,,,NaN,false,false,false
1535,782.9878865061328,0.008512261472255768,1.0,true,true,863.7813338877654,-80.79344738163263,,,NaN,false,false,false
1536,782.9595860633999,0.009129524958251388,1.0,true,true,863.773819949417,-80.81423388601706,,,NaN,false,false,false
1537,782.9461415447295,0.00900412993215011,1.0,true,true,863.7662965700471,-80.8201550253176,,,NaN,false,false,false
1538,782.9503994118422,0.0078054175956748404,1.0,true,true,863.7587635324948,-80.80836412065253,,,NaN,false,false,false
1539,782.9741872828454,0.006894383685125781,1.0,true,true,863.7512206195993,-80.7770333367539,,,NaN,false,false,false
1540,783.0269000381231,0.006888978521064778,1.0,true,true,863.7436676141992,-80.71676757607611,,,NaN,false,false,false
1541,783.0535317044705,0.0071040314270393945,1.0,true,true,863.7361042991342,-80.68257259466372,,,NaN,false,false,false
1542,783.0427261479199,0.007631762804956634,1.0,true,true,863.7285304572431,-80.6858043093232,,,NaN,false,false,false
1543,783.0468898471445,0.008182812101615984,1.0,true,true,863.7209458713651,-80.67405602422059,,,NaN,false,false,false
1544,783.0968990921974,0.008187529208898802,1.0,true,true,863.7133503243392,-80.6164512321418,,,NaN,false,false,false
1545,783.1893489286304,0.008213769812665566,1.0,true,true,863.7057435990044,-80.5163946703741,,,NaN,false,false,false
1546,783.2953604161739,0.008975423970515707,1.0,true,true,863.6981254782002,-80.40276506202622,,,NaN,false,false,false
1547,783.3763133585453,0.010255236797528074,1.0,true,true,863.6904957447651,-80.31418238621984,,,NaN,false,false,false
1548,783.4204100370407,0.011465262743806777,1.0,true,true,863.6828541815387,-80.26244414449798,,,NaN,false,false,false
1549,783.4333740770817,0.012262675899181624,1.0,true,true,863.6752005713603,-80.2418264942786,,,NaN,false,false,false
1550,783.4170011430979,0.01246543527113811,1.0,true,true,863.6675346970682,-80.25053355397029,,,NaN,false,false,false
1551,783.4011980891228,0.012176629984381498,1.0,true,true,863.6598563415018,-80.25865825237906,,,NaN,false,false,false
1552,783.3987144976854,0.011591058477846949,1.0,true,true,863.6521652875008,-80.25345078981536,,,NaN,false,false,false
1553,783.3995833545923,0.01051496106711758,1.0,true,true,863.6444613179035,-80.24487796331118,,,NaN,false,false,false
1554,783.3958315253258,0.009625706989415048,1.0,true,true,863.6367442155496,-80.24091269022381,,,NaN,false,false,false
1555,783.4034724831581,0.009822502261698389,1.0,true,true,863.6290137632777,-80.22554128011961,,,NaN,false,false,false
1556,783.4367818385363,0.010575658717066642,1.0,true,true,863.6212697439271,-80.18448790539082,,,NaN,false,false,false
1557,783.5202203691006,0.011331992832160286,1.0,true,true,863.6135119403369,-80.09329157123636,,,NaN,false,false,false
1558,783.6256688088179,0.009651084140559988,1.0,true,true,863.6057401353465,-79.98007132652867,,,NaN,false,false,false
1559,783.7366016507149,0.009849848013998009,1.0,true,true,863.5979541117947,-79.86135246107983,,,NaN,false,false,false
1560,783.8127182498574,0.010381865211917913,1.0,true,true,863.5901536525203,-79.77743540266283,,,NaN,false,false,false
1561,783.8879486620426,0.010305408246221318,1.0,true,true,863.5823385403629,-79.6943898783203,,,NaN,false,false,false
1562,783.995248285355,0.009570124861886565,1.0,true,true,863.5745085581616,-79.57926027280655,,,NaN,false,false,false
1563,784.1515111029148,0.009018285070871922,1.0,true,true,863.5666634887551,-79.41515238584032,,,NaN,false,false,false
1564,784.3267885446548,0.009333803004333294,1.0,true,true,863.5588031149829,-79.23201457032803,,,NaN,false,false,false
1565,784.4666088968515,0.010504236235799892,1.0,true,true,863.5509272196839,-79.08431832283236,,,NaN,false,false,false
1566,785.0695996396244,0.009481420522303205,1.0,true,true,863.5430355856969,-78.47343594607253,,,NaN,false,false,false
1567,786.1218495108187,0.010664437816836495,1.0,true,true,863.5351279958616,-77.41327848504284,,,NaN,false,false,false
1568,NaN,NaN,0.0,false,false,863.5272042330167,NaN,,,NaN,false,false,false
1569,NaN,NaN,0.0,false,false,863.5192640800014,NaN,,,NaN,false,false,false
1570,NaN,NaN,0.0,false,false,863.5113073196549,NaN,,,NaN,false,false,false
1571,NaN,NaN,0.0,false,false,863.5033337348161,NaN,,,NaN,false,false,false
1572,863.0083237080835,0.012373963694358722,1.0,true,true,863.4953431083243,-0.48701940024079704,,,NaN,false,false,false
1573,863.0938441641629,0.010949981389827617,1.0,true,true,863.4873352230185,-0.3934910588556022,,,NaN,false,false,false
1574,863.2165763303638,0.009813798163722364,1.0,true,true,863.4793098617379,-0.26273353137412414,,,NaN,false,false,false
1575,863.3338400423527,0.00841995748566006,1.0,true,true,863.4712668073212,-0.13742676496849526,,,NaN,false,false,false
1576,863.351030766964,0.009556489734697634,1.0,true,true,863.4632058426081,-0.11217507564413154,,,NaN,false,false,false
1577,863.341591373086,0.010161158138075364,1.0,true,true,863.4551267504372,-0.11353537735124064,,,NaN,false,false,false
1578,863.3332902044058,0.010392068691736922,1.0,true,true,863.4470293136478,-0.11373910924203301,,,NaN,false,false,false
1579,863.3128596842289,0.010093733028550104,1.0,true,true,863.438913315079,-0.12605363085015142,,,NaN,false,false,false
1580,863.278644412756,0.00909466309892065,1.0,true,true,863.43077853757,-0.15213412481398336,,,NaN,false,false,false
1581,863.2235438898206,0.008239895723642303,1.0,true,true,863.4226247639597,-0.19908087413909925,,,NaN,false,false,false
1582,863.1545429304242,0.008499492714179288,1.0,true,true,863.4144517770874,-0.2599088466631656,,,NaN,false,false,false
1583,863.1042108461261,0.009492021881067025,1.0,true,true,863.4062593597922,-0.3020485136661364,,,NaN,false,false,false
1584,863.0976373516023,0.00978743324990292,1.0,true,true,863.3980472949128,-0.3004099433104557,,,NaN,false,false,false
1585,863.1347142159939,0.009110818128678854,1.0,true,true,863.3898153652888,-0.25510114929488736,,,NaN,false,false,false
1586,863.191781848669,0.008158968907839027,1.0,true,true,863.381563353759,-0.18978150508996805,,,NaN,false,false,false
1587,863.2449256107211,0.0076182980682653525,1.0,true,true,863.3732910431627,-0.12836543244156928,,,NaN,false,false,false
1588,863.3149053454399,0.00813807985977219,1.0,true,true,863.3649982163386,-0.05009287089865211,,,NaN,false,false,false
1589,863.3945178389549,0.00943635989402408,1.0,true,true,863.3566846561265,0.03783318282842174,,,NaN,false,false,false
1590,863.344831943512,0.008421533159820404,1.0,true,true,863.3483501571328,-0.0035182136208504744,,,NaN,false,false,false
1591,863.214329905808,0.007404479511826205,1.0,true,true,863.3399947252287,-0.1256648194207628,,,NaN,false,false,false
1592,863.1597953215241,0.007985471414518833,1.0,true,true,863.3316185490206,-0.17182322749647483,,,NaN,false,false,false
1593,863.151755310595,0.008496931738996152,1.0,true,true,863.3232218231408,-0.17146651254574863,,,NaN,false,false,false
1594,863.1569835618138,0.008395474862089053,1.0,true,true,863.3148047422221,-0.15782118040829118,,,NaN,false,false,false
1595,863.174720980227,0.008282746617691147,1.0,true,true,863.3063675008964,-0.13164652066939198,,,NaN,false,false,false
1596,863.2020433545113,0.007416983200193002,1.0,true,true,863.2979102937962,-0.09586693928497425,,,NaN,false,false,false
1597,863.2537378668785,0.0067488971016642415,1.0,true,true,863.289433315554,-0.03569544867548302,,,NaN,false,false,false
1598,863.3171481788158,0.006755504707161204,1.0,true,true,863.2809367608021,0.03621141801374961,,,NaN,false,false,false
1599,863.3865146487951,0.007547078339827295,1.0,true,true,863.2724208241726,0.1140938246225005,,,NaN,false,false,false
1600,863.4450090527534,0.008617700582763602,1.0,true,true,863.2638857002981,0.18112335245530176,,,NaN,false,false,false
1601,863.4552946388721,0.009596848547699887,1.0,true,true,863.2553315838109,0.1999630550612892,,,NaN,false,false,false
1602,863.4215326011181,0.009789069012675514,1.0,true,true,863.2467586693432,0.17477393177489375,,,NaN,false,false,false
1603,863.360050842166,0.00903613049096438,1.0,true,true,863.2381671515275,0.12188369063846949,,,NaN,false,false,false
1604,863.3016438782215,0.008364698539818858,1.0,true,true,863.229557224996,0.07208665322548313,,,NaN,false,false,false
1605,863.2770547866821,0.008211586773335002,1.0,true,true,863.2209290843813,0.05612570230084657,,,NaN,false,false,false
1606,863.2727494239807,0.008381688803977176,1.0,true,true,863.2122829243156,0.060466499665153606,,,NaN,false,false,false
1607,863.2573819160461,0.009311335523086736,1.0,true,true,863.2036189394312,0.0537629766149621,,,NaN,false,false,false
1608,863.2120663449168,0.010778687226150984,1.0,true,true,863.1949373243604,0.017129020556467367,,,NaN,false,false,false
1609,863.1532801091671,0.012185890768703697,1.0,true,true,863.1862382737355,-0.03295816456841294,,,NaN,false,false,false
1610,863.1274884864688,0.01320301002074586,1.0,true,true,863.1775219821891,-0.05003349572029947,,,NaN,false,false,false
1611,863.1191356629133,0.013357109685972854,1.0,true,true,863.1687886443533,-0.04965298143997643,,,NaN,false,false,false
1612,863.1060368344188,0.011992275839517784,1.0,true,true,863.1600384548607,-0.054001620441908926,,,NaN,false,false,false
1613,863.083126373589,0.010065690784266746,1.0,true,true,863.1512716083437,-0.0681452347546383,,,NaN,false,false,false
1614,863.053013978526,0.00899657627722119,1.0,true,true,863.1424882994341,-0.08947432090815255,,,NaN,false,false,false
1615,863.0081310225651,0.008494000049929314,1.0,true,true,863.1336887227646,-0.1255577001995789,,,NaN,false,false,false
1616,862.9583360608667,0.008283243750673179,1.0,true,true,863.1248730729677,-0.1665370121010028,,,NaN,false,false,false
1617,862.9503323808312,0.008263804691885812,1.0,true,true,863.1160415446753,-0.16570916384409884,,,NaN,false,false,false
1618,862.990775283426,0.008333206443166302,1.0,true,true,863.1071943325202,-0.1164190490941337,,,NaN,false,false,false
1619,863.0444564837962,0.008559243950006028,1.0,true,true,863.0983316311346,-0.05387514733831722,,,NaN,false,false,false
1620,863.0870958268642,0.00847337854802709,1.0,true,true,863.0894536351507,-0.0023578082864332828,,,NaN,false,false,false
1621,863.120610114187,0.00785372929326287,1.0,true,true,863.0805605392013,0.040049574985687286,,,NaN,false,false,false
1622,863.1508816927671,0.00729234617041322,1.0,true,true,863.0716525379181,0.07922915484903115,,,NaN,false,false,false
1623,863.1962761208415,0.007324390402869903,1.0,true,true,863.0627298259337,0.1335462949077737,,,NaN,false,false,false
1624,863.2409660369158,0.008363318974801248,1.0,true,true,863.0537925978807,0.1871734390350639,,,NaN,false,false,false
1625,863.2480062916875,0.009118642227279245,1.0,true,true,863.044841048391,0.20316524329643926,,,NaN,false,false,false
1626,863.2582340836525,0.009848018078925273,1.0,true,true,863.0358753720974,0.22235871155510267,,,NaN,false,false,false
1627,863.2675842940807,0.011053328134176688,1.0,true,true,863.0268957636321,0.240688530448665,,,NaN,false,false,false
1628,863.2556361854076,0.011616403744144304,1.0,true,true,863.0179024176272,0.23773376778046895,,,NaN,false,false,false
1629,863.2071697190404,0.01066191474660949,1.0,true,true,863.0088955287152,0.1982741903251508,,,NaN,false,false,false
1630,863.1236512027681,0.008771588580531538,1.0,true,true,862.9998752915284,0.12377591123970433,,,NaN,false,false,false
1631,863.0555452350527,0.008769549716061368,1.0,true,true,862.9908419006994,0.06470333435333941,,,NaN,false,false,false
1632,NaN,NaN,0.0,false,false,862.9817955508603,NaN,,,NaN,false,false,false
1633,NaN,NaN,0.0,false,false,862.9727364366432,NaN,,,NaN,false,false,false
1634,NaN,NaN,0.0,false,false,862.9636647526809,NaN,,,NaN,false,false,false
1635,NaN,NaN,0.0,false,false,862.9545806936059,NaN,,,NaN,false,false,false
1636,NaN,NaN,0.0,false,false,862.94548445405,NaN,,,NaN,false,false,false
1637,NaN,NaN,0.0,false,false,862.9363762286458,NaN,,,NaN,false,false,false
1638,NaN,NaN,0.0,false,false,862.9272562120258,NaN,,,NaN,false,false,false
1639,NaN,NaN,0.0,false,false,862.9181245988218,NaN,,,NaN,false,false,false
1640,NaN,NaN,0.0,false,false,862.9089815836669,NaN,,,NaN,false,false,false
1641,NaN,NaN,0.0,false,false,862.8998273611928,NaN,,,NaN,false,false,false
1642,NaN,NaN,0.0,false,false,862.890662126032,NaN,,,NaN,false,false,false
1643,NaN,NaN,0.0,false,false,862.8814860728172,NaN,,,NaN,false,false,false
1644,NaN,NaN,0.0,false,false,862.8722993961804,NaN,,,NaN,false,false,false
1645,NaN,NaN,0.0,false,false,862.8631022907541,NaN,,,NaN,false,false,false
1646,NaN,NaN,0.0,false,false,862.8538949511704,NaN,,,NaN,false,false,false
1647,NaN,NaN,0.0,false,false,862.8446775720622,NaN,,,NaN,false,false,false
1648,NaN,NaN,0.0,false,false,862.8354503480612,NaN,,,NaN,false,false,false
1649,NaN,NaN,0.0,false,false,862.8262134738001,NaN,,,NaN,false,false,false
1650,NaN,NaN,0.0,false,false,862.8169671439109,NaN,,,NaN,false,false,false
1651,NaN,NaN,0.0,false,false,862.8077115530266,NaN,,,NaN,false,false,false
1652,NaN,NaN,0.0,false,false,862.798446895779,NaN,,,NaN,false,false,false
1653,NaN,NaN,0.0,false,false,862.7891733668005,NaN,,,NaN,false,false,false
1654,NaN,NaN,0.0,false,false,862.7798911607235,NaN,,,NaN,false,false,false
1655,NaN,NaN,0.0,false,false,862.7706004721806,NaN,,,NaN,false,false,false
1656,NaN,NaN,0.0,false,false,862.761301495804,NaN,,,NaN,false,false,false
1657,NaN,NaN,0.0,false,false,862.7519944262258,NaN,,,NaN,false,false,false
1658,NaN,NaN,0.0,false,false,862.7426794580786,NaN,,,NaN,false,false,false
1659,NaN,NaN,0.0,false,false,862.7333567859946,NaN,,,NaN,false,false,false
1660,NaN,NaN,0.0,false,false,862.724026604606,NaN,,,NaN,false,false,false
1661,NaN,NaN,0.0,false,false,862.7146891085457,NaN,,,NaN,false,false,false
1662,NaN,NaN,0.0,false,false,862.7053444924456,NaN,,,NaN,false,false,false
1663,NaN,NaN,0.0,false,false,862.6959929509381,NaN,,,NaN,false,false,false
1664,NaN,NaN,0.0,false,false,862.6866346786558,NaN,,,NaN,false,false,false
1665,NaN,NaN,0.0,false,false,862.6772698702306,NaN,,,NaN,false,false,false
1666,NaN,NaN,0.0,false,false,862.6678987202952,NaN,,,NaN,false,false,false
1667,NaN,NaN,0.0,false,false,862.6585214234818,NaN,,,NaN,false,false,false
1668,NaN,NaN,0.0,false,false,862.6491381744227,NaN,,,NaN,false,false,false
1669,NaN,NaN,0.0,false,false,862.6397491677504,NaN,,,NaN,false,false,false
1670,NaN,NaN,0.0,false,false,862.6303545980971,NaN,,,NaN,false,false,false
1671,NaN,NaN,0.0,false,false,862.6209546600953,NaN,,,NaN,false,false,false
1672,NaN,NaN,0.0,false,false,862.6115495483772,NaN,,,NaN,false,false,false
1673,NaN,NaN,0.0,false,false,862.6021394575753,NaN,,,NaN,false,false,false
1674,NaN,NaN,0.0,false,false,862.5927245823218,NaN,,,NaN,false,false,false
1675,NaN,NaN,0.0,false,false,862.5833051172489,NaN,,,NaN,false,false,false
1676,NaN,NaN,0.0,false,false,862.5738812569894,NaN,,,NaN,false,false,false
1677,NaN,NaN,0.0,false,false,862.5644531961752,NaN,,,NaN,false,false,false
1678,NaN,NaN,0.0,false,false,862.555021129439,NaN,,,NaN,false,false,false
1679,NaN,NaN,0.0,false,false,862.5455852514128,NaN,,,NaN,false,false,false
1680,NaN,NaN,0.0,false,false,862.5361457567292,NaN,,,NaN,false,false,false
1681,NaN,NaN,0.0,false,false,862.5267028400206,NaN,,,NaN,false,false,false
1682,NaN,NaN,0.0,false,false,862.517256695919,NaN,,,NaN,false,false,false
1683,NaN,NaN,0.0,false,false,862.5078075190568,NaN,,,NaN,false,false,false
1684,NaN,NaN,0.0,false,false,862.4983555040666,NaN,,,NaN,false,false,false
1685,NaN,NaN,0.0,false,false,862.4889008455809,NaN,,,NaN,false,false,false
1686,NaN,NaN,0.0,false,false,862.4794437382316,NaN,,,NaN,false,false,false
1687,NaN,NaN,0.0,false,false,862.4699843766513,NaN,,,NaN,false,false,false
1688,NaN,NaN,0.0,false,false,862.4605229554721,NaN,,,NaN,false,false,false
1689,NaN,NaN,0.0,false,false,862.4510596693266,NaN,,,NaN,false,false,false
1690,NaN,NaN,0.0,false,false,862.4415947128471,NaN,,,NaN,false,false,false
1691,NaN,NaN,0.0,false,false,862.4321282806659,NaN,,,NaN,false,false,false
1692,NaN,NaN,0.0,false,false,862.4226605674155,NaN,,,NaN,false,false,false
1693,NaN,NaN,0.0,false,false,862.4131917677279,NaN,,,NaN,false,false,false
1694,NaN,NaN,0.0,false,false,862.4037220762356,NaN,,,NaN,false,false,false
1695,NaN,NaN,0.0,false,false,862.3942516875711,NaN,,,NaN,false,false,false
1696,NaN,NaN,0.0,false,false,862.3847807963668,NaN,,,NaN,false,false,false
1697,NaN,NaN,0.0,false,false,862.3753095972547,NaN,,,NaN,false,false,false
1698,862.1905150264502,0.012023331428437544,1.0,true,true,862.3658382848673,-0.17532325841716556,,,NaN,false,false,false
1699,NaN,NaN,0.0,false,false,862.3563670538372,NaN,,,NaN,false,false,false
1700,NaN,NaN,0.0,false,false,862.3468960987962,NaN,,,NaN,false,false,false
1701,NaN,NaN,0.0,false,false,862.3374256143769,NaN,,,NaN,false,false,false
1702,NaN,NaN,0.0,false,false,862.3279557952119,NaN,,,NaN,false,false,false
1703,NaN,NaN,0.0,false,false,862.3184868359335,NaN,,,NaN,false,false,false
1704,NaN,NaN,0.0,false,false,862.3090189311737,NaN,,,NaN,false,false,false
1705,NaN,NaN,0.0,false,false,862.2995522755651,NaN,,,NaN,false,false,false
1706,NaN,NaN,0.0,false,false,862.2900870637401,NaN,,,NaN,false,false,false
1707,NaN,NaN,0.0,false,false,862.2806234903306,NaN,,,NaN,false,false,false
1708,NaN,NaN,0.0,false,false,862.2711617499695,NaN,,,NaN,false,false,false
1709,NaN,NaN,0.0,false,false,862.2617020372888,NaN,,,NaN,false,false,false
1710,NaN,NaN,0.0,false,false,862.2522445469212,NaN,,,NaN,false,false,false
1711,NaN,NaN,0.0,false,false,862.2427894734986,NaN,,,NaN,false,false,false
1712,NaN,NaN,0.0,false,false,862.2333370116538,NaN,,,NaN,false,false,false
1713,NaN,NaN,0.0,false,false,862.2238873560186,NaN,,,NaN,false,false,false
1714,NaN,NaN,0.0,false,false,862.2144407012258,NaN,,,NaN,false,false,false
1715,NaN,NaN,0.0,false,false,862.2049972419077,NaN,,,NaN,false,false,false
1716,NaN,NaN,0.0,false,false,862.1955571726963,NaN,,,NaN,false,false,false
1717,NaN,NaN,0.0,false,false,862.1861206882242,NaN,,,NaN,false,false,false
1718,NaN,NaN,0.0,false,false,862.1766879831239,NaN,,,NaN,false,false,false
1719,NaN,NaN,0.0,false,false,862.1672592520274,NaN,,,NaN,false,false,false
1720,NaN,NaN,0.0,false,false,862.1578346895673,NaN,,,NaN,false,false,false
1721,NaN,NaN,0.0,false,false,862.1484144903758,NaN,,,NaN,false,false,false
1722,NaN,NaN,0.0,false,false,862.1389988490856,NaN,,,NaN,false,false,false
1723,NaN,NaN,0.0,false,false,862.1295879583636,NaN,,,NaN,false,false,false
1724,NaN,NaN,0.0,false,false,862.120181951291,NaN,,,NaN,false,false,false
1725,NaN,NaN,0.0,false,false,862.1107808920589,NaN,,,NaN,false,false,false
1726,NaN,NaN,0.0,false,false,862.101384841022,NaN,,,NaN,false,false,false
1727,NaN,NaN,0.0,false,false,862.091993858534,NaN,,,NaN,false,false,false
1728,NaN,NaN,0.0,false,false,862.0826080049497,NaN,,,NaN,false,false,false
1729,NaN,NaN,0.0,false,false,862.0732273406227,NaN,,,NaN,false,false,false
1730,NaN,NaN,0.0,false,false,862.0638519259078,NaN,,,NaN,false,false,false
1731,NaN,NaN,0.0,false,false,862.0544818211584,NaN,,,NaN,false,false,false
1732,NaN,NaN,0.0,false,false,862.0451170867298,NaN,,,NaN,false,false,false
1733,NaN,NaN,0.0,false,false,862.0357577829756,NaN,,,NaN,false,false,false
1734,NaN,NaN,0.0,false,false,862.0264039702497,NaN,,,NaN,false,false,false
1735,NaN,NaN,0.0,false,false,862.017055708907,NaN,,,NaN,false,false,false
1736,NaN,NaN,0.0,false,false,862.0077130593012,NaN,,,NaN,false,false,false
1737,NaN,NaN,0.0,false,false,861.9983760817867,NaN,,,NaN,false,false,false
1738,NaN,NaN,0.0,false,false,861.9890448367179,NaN,,,NaN,false,false,false
1739,NaN,NaN,0.0,false,false,861.9797193844483,NaN,,,NaN,false,false,false
1740,NaN,NaN,0.0,false,false,861.9703997853331,NaN,,,NaN,false,false,false
1741,862.0772129483521,0.007767760032141771,1.0,true,true,861.9610860997261,0.11612684862598144,,,NaN,false,false,false
1742,862.1538980156183,0.007600815459212809,1.0,true,true,861.9517783879812,0.2021196276371029,,,NaN,false,false,false
1743,862.0450814384967,0.008257332824222538,1.0,true,true,861.942476710453,0.10260472804372966,,,NaN,false,false,false
1744,861.9140157364309,0.00870629713282154,1.0,true,true,861.9331811274958,-0.019165391064916548,,,NaN,false,false,false
1745,861.81025711447,0.009206692581498917,1.0,true,true,861.9238916994632,-0.11363458499317858,,,NaN,false,false,false
1746,861.7503012642264,0.009149063336662688,1.0,true,true,861.9146084867101,-0.16430722248367147,,,NaN,false,false,false
1747,861.7364616245031,0.008352833405042998,1.0,true,true,861.9053315495903,-0.16886992508716503,,,NaN,false,false,false
1748,861.7094743698835,0.007876973644678932,1.0,true,true,861.8960609484578,-0.18658657857429262,,,NaN,false,false,false
1749,861.6595754772425,0.007936585242375636,1.0,true,true,861.8867967436677,-0.2272212664252038,,,NaN,false,false,false
1750,861.6286215931177,0.00838569442917589,1.0,true,true,861.8775389955737,-0.24891740245595884,,,NaN,false,false,false
1751,861.6334179639816,0.008859509233646992,1.0,true,true,861.8682877645297,-0.23486980054804008,,,NaN,false,false,false
1752,861.6293593496084,0.009005441779941748,1.0,true,true,861.8590431108902,-0.2296837612817626,,,NaN,false,false,false
1753,861.5993290990591,0.009180871463114151,1.0,true,true,861.8498050950094,-0.25047599595029624,,,NaN,false,false,false
1754,861.5019025802612,0.008900924152250762,1.0,true,true,861.8405737772416,-0.3386711969803855,,,NaN,false,false,false
1755,861.4424312859774,0.008534657018155884,1.0,true,true,861.8313492179408,-0.3889179319634195,,,NaN,false,false,false
1756,861.5149047672749,0.009728366520157902,1.0,true,true,861.8221314774615,-0.3072267101866828,,,NaN,false,false,false
1757,861.5847741365433,0.008834227038272566,1.0,true,true,861.8129206161578,-0.22814647961456558,,,NaN,false,false,false
1758,861.6171057373285,0.009914156862127106,1.0,true,true,861.8037166943839,-0.18661095705533626,,,NaN,false,false,false
1759,861.5919906646013,0.009975400492330002,1.0,true,true,861.7945197724937,-0.20252910789236012,,,NaN,false,false,false
1760,861.5413713604212,0.01038259754845676,1.0,true,true,861.7853299108419,-0.2439585504207571,,,NaN,false,false,false
1761,861.5717982649803,0.01136154208820234,1.0,true,true,861.7761471697826,-0.2043489048022593,,,NaN,false,false,false
1762,861.5656351745129,0.009866098179165401,1.0,true,true,861.7669716096697,-0.20133643515680433,,,NaN,false,false,false
1763,861.5361420661211,0.02854088666513364,1.0,true,true,861.7578032908577,-0.22166122473663563,,,NaN,false,false,false
1764,861.5899157524109,0.009041516318553898,1.0,true,true,861.7486422737009,-0.15872652128996378,,,NaN,false,false,false
1765,861.6527687162161,0.00941611176460357,1.0,true,true,861.7394886185531,-0.08671990233699489,,,NaN,false,false,false
1766,861.7028603702784,0.009490838193108147,1.0,true,true,861.7303423857691,-0.027482015490704725,,,NaN,false,false,false
1767,861.7466168999672,0.008589637724813344,1.0,true,true,861.7212036357025,0.025413264264670943,,,NaN,false,false,false
1768,861.7720970883965,0.007144328734202165,1.0,true,true,861.7120724287081,0.06002465968845172,,,NaN,false,false,false
1769,861.772431589663,0.006367182134579658,1.0,true,true,861.7029488251395,0.06948276452351365,,,NaN,false,false,false
1770,861.7706824541092,0.006692205778483503,1.0,true,true,861.6938328853515,0.07684956875766602,,,NaN,false,false,false
1771,861.7846925407648,0.00784283185490373,1.0,true,true,861.684724669698,0.09996787106683769,,,NaN,false,false,false
1772,861.794739075005,0.00910031827751818,1.0,true,true,861.675624238533,0.11911483647202203,,,NaN,false,false,false
1773,861.7520914748311,0.010511752749004816,1.0,true,true,861.6665316522111,0.08555982261998452,,,NaN,false,false,false
1774,861.6716869622469,0.01221925908348844,1.0,true,true,861.6574469710863,0.01423999116059349,,,NaN,false,false,false
1775,861.6064125597477,0.012414306068957902,1.0,true,true,861.6483702555131,-0.041957695765404424,,,NaN,false,false,false
1776,861.5691150277853,0.011110569083839453,1.0,true,true,861.6393015658454,-0.07018653806005659,,,NaN,false,false,false
1777,861.5215409100056,0.013255501834044732,1.0,true,true,861.6302409624376,-0.1087000524320274,,,NaN,false,false,false
1778,861.521775752306,0.012869242512133738,1.0,true,true,861.6211885056438,-0.09941275333778776,,,NaN,false,false,false
1779,861.5498439073563,0.015849687571202677,1.0,true,true,861.6121442558183,-0.06230034846203125,,,NaN,false,false,false
1780,861.5503250658512,0.0135089707385193,1.0,true,true,861.6031082733149,-0.05278320746367626,,,NaN,false,false,false
1781,861.6314739435911,0.01215997321272445,1.0,true,true,861.5940806184886,0.03739332510247095,,,NaN,false,false,false
1782,861.6898115724325,0.010637705802125882,1.0,true,true,861.5850613516931,0.10475022073944729,,,NaN,false,false,false
1783,861.6896959245205,0.00993529356426565,1.0,true,true,861.5760505332827,0.11364539123781014,,,NaN,false,false,false
1784,861.6399730890989,0.009957977905601977,1.0,true,true,861.5670482236112,0.07292486548772104,,,NaN,false,false,false
1785,861.5683924555779,0.010235653481903894,1.0,true,true,861.5580544830337,0.010337972544107288,,,NaN,false,false,false
1786,861.4870610833168,0.00960380852809572,1.0,true,true,861.5490693719039,-0.062008288587094285,,,NaN,false,false,false
1787,861.4122056663036,0.009184093289176626,1.0,true,true,861.540092950576,-0.1278872842723331,,,NaN,false,false,false
1788,861.2892316877842,0.008253919336443528,1.0,true,true,861.5311252794041,-0.24189359161994162,,,NaN,false,false,false
1789,861.2195749655366,0.00790075026068707,1.0,true,true,861.5221664187429,-0.3025914532063325,,,NaN,false,false,false
1790,861.2660997658968,0.008224780780971159,1.0,true,true,861.513216428946,-0.24711666304915525,,,NaN,false,false,false
1791,861.3266463130713,0.009725238803166638,1.0,true,true,861.504275370368,-0.17762905729671274,,,NaN,false,false,false
1792,861.3509543985128,0.012066390404746954,1.0,true,true,861.495343303363,-0.14438890485018874,,,NaN,false,false,false
1793,861.3585745692253,0.013820423540474965,1.0,true,true,861.4864202882852,-0.1278457190599056,,,NaN,false,false,false
1794,861.3553941398859,0.014084232805393953,1.0,true,true,861.477506385489,-0.12211224560314804,,,NaN,false,false,false
1795,861.3354121893644,0.012927198508709601,1.0,true,true,861.4686016553284,-0.13318946596393744,,,NaN,false,false,false
1796,861.3153089433908,0.011527524416257463,1.0,true,true,861.4597061581575,-0.14439721476662726,,,NaN,false,false,false
1797,861.3653924018145,0.009889726966722218,1.0,true,true,861.4508199543309,-0.0854275525164212,,,NaN,false,false,false
1798,861.45726364851,0.009024806232623733,1.0,true,true,861.4419431042023,0.015320544307655837,,,NaN,false,false,false
1799,861.5801826566458,0.0077494040938807735,1.0,true,true,861.4330756681264,0.14710698851934012,,,NaN,false,false,false
1800,861.5625006854534,0.008001703517218671,1.0,true,true,861.4242177064573,0.13828297899613062,,,NaN,false,false,false
1801,861.4102607965469,0.007905830508230354,1.0,true,true,861.4153692795492,-0.005108483002231878,,,NaN,false,false,false
1802,861.2955328822136,0.007505362929427382,1.0,true,true,861.406530447756,-0.11099756554244777,,,NaN,false,false,false
1803,861.1953947842121,0.006537257342915261,1.0,true,true,861.3977012714322,-0.20230648722008482,,,NaN,false,false,false
1804,861.1641243249178,0.006076817378776554,1.0,true,true,861.388881810932,-0.22475748601425494,,,NaN,false,false,false
1805,861.1612744480371,0.006582870785967777,1.0,true,true,861.3800721266097,-0.2187976785725141,,,NaN,false,false,false
1806,861.1453389152884,0.0076246059246872465,1.0,true,true,861.3712722788192,-0.2259333635307712,,,NaN,false,false,false
1807,861.1397512927651,0.00836758429409902,1.0,true,true,861.3624823279151,-0.22273103514999093,,,NaN,false,false,false
1808,861.152374856174,0.009032157116816184,1.0,true,true,861.3537023342514,-0.20132747807735996,,,NaN,false,false,false
1809,861.1732397153974,0.00971204653250052,1.0,true,true,861.3449323581823,-0.17169264278493301,,,NaN,false,false,false
1810,861.1925223097205,0.009841226208047728,1.0,true,true,861.3361724600621,-0.14365015034161388,,,NaN,false,false,false
1811,861.203366369009,0.009309648440195672,1.0,true,true,861.3274227002448,-0.12405633123580628,,,NaN,false,false,false
1812,861.1997040212154,0.008651465213538077,1.0,true,true,861.318683139085,-0.11897911786957138,,,NaN,false,false,false
1813,861.1722285747528,0.008456926844166055,1.0,true,true,861.3099538369366,-0.13772526218383518,,,NaN,false,false,false
1814,861.1303305029869,0.00884396144559211,1.0,true,true,861.3012348541539,-0.1709043511669961,,,NaN,false,false,false
1815,861.1016666144133,0.009216222858624756,1.0,true,true,861.2925262510911,-0.19085963667782835,,,NaN,false,false,false
1816,861.0904292687774,0.009514984396551697,1.0,true,true,861.2838280881025,-0.19339881932512526,,,NaN,false,false,false
1817,861.0826654732227,0.0100007731602953,1.0,true,true,861.2751404255422,-0.19247495231945777,,,NaN,false,false,false
1818,861.0615160409361,0.010486323251695776,1.0,true,true,861.2664633237642,-0.20494728282812957,,,NaN,false,false,false
1819,861.0238688187674,0.010708811960612338,1.0,true,true,861.2577968431233,-0.23392802435591875,,,NaN,false,false,false
1820,860.9704536022618,0.010696380589903989,1.0,true,true,861.2491410439734,-0.27868744171155413,,,NaN,false,false,false
1821,860.926138535142,0.010210527684772883,1.0,true,true,861.2404959866685,-0.31435745152657546,,,NaN,false,false,false
1822,860.9387456327677,0.008760007121188004,1.0,true,true,861.2318617315631,-0.29311609879539446,,,NaN,false,false,false
1823,861.015576608479,0.007307276750947883,1.0,true,true,861.2232383390112,-0.20766173053220882,,,NaN,false,false,false
1824,861.0769167803228,0.0069183476174237805,1.0,true,true,861.2146258693674,-0.13770908904461976,,,NaN,false,false,false
1825,861.0917933993042,0.00743849604129059,1.0,true,true,861.2060243829856,-0.11423098368140927,,,NaN,false,false,false
1826,861.125193528831,0.007898914539996804,1.0,true,true,861.1974339402199,-0.0722404113888615,,,NaN,false,false,false
1827,861.2036690935493,0.008066865635384661,1.0,true,true,861.1888546014247,0.0148144921245148,,,NaN,false,false,false
1828,861.2354626432061,0.00861446644130137,1.0,true,true,861.1802864269544,0.055176216251766164,,,NaN,false,false,false
1829,861.2084482759237,0.009253491575208328,1.0,true,true,861.1717294771628,0.03671879876094408,,,NaN,false,false,false
1830,861.1654441729188,0.009720069615613917,1.0,true,true,861.1631838124043,0.0022603605144695393,,,NaN,false,false,false
1831,861.1203570812941,0.010126357043368114,1.0,true,true,861.1546494930333,-0.03429241173921582,,,NaN,false,false,false
1832,861.0708376057446,0.01031479129301489,1.0,true,true,861.1461265794038,-0.07528897365921239,,,NaN,false,false,false
1833,861.0172065142542,0.010369976681246377,1.0,true,true,861.1376151318698,-0.12040861761556698,,,NaN,false,false,false
1834,860.956006091088,0.010739169531178363,1.0,true,true,861.1291152107859,-0.17310911969786957,,,NaN,false,false,false
1835,860.909215349704,0.011261924297985787,1.0,true,true,861.1206268765063,-0.21141152680229425,,,NaN,false,false,false
1836,860.901928409934,0.011289816696741685,1.0,true,true,861.1121501893851,-0.21022177945110343,,,NaN,false,false,false
1837,860.909850332886,0.01091257198295552,1.0,true,true,861.1036852097764,-0.19383487689037793,,,NaN,false,false,false
1838,860.8925223313272,0.010502899929679479,1.0,true,true,861.0952319980344,-0.20270966670716462,,,NaN,false,false,false
1839,860.8281137123704,0.010304747555619382,1.0,true,true,861.0867906145137,-0.25867690214329286,,,NaN,false,false,false
1840,860.7597816511989,0.010015070837942503,1.0,true,true,861.0783611195681,-0.3185794683691938,,,NaN,false,false,false
1841,860.7526637837291,0.008961113993693644,1.0,true,true,861.0699435735518,-0.3172797898226918,,,NaN,false,false,false
1842,860.7612343356013,0.007778301951962752,1.0,true,true,861.0615380368195,-0.30030370121812666,,,NaN,false,false,false
1843,860.7466932237148,0.007377096945053232,1.0,true,true,861.053144569725,-0.30645134601013524,,,NaN,false,false,false
1844,860.7074407339096,0.007885234350520725,1.0,true,true,861.0447632326224,-0.33732249871275144,,,NaN,false,false,false
1845,860.6651937514544,0.008265303171004188,1.0,true,true,861.0363940858662,-0.3712003344118102,,,NaN,false,false,false
1846,860.6172681748867,0.00838260808835206,1.0,true,true,861.0280371898107,-0.41076901492397155,,,NaN,false,false,false
1847,860.3364211469889,0.08822918492429489,1.0,true,true,861.0196926048097,-0.6832714578208652,,,NaN,false,false,false
1848,860.0881796441972,0.009885632842012859,1.0,true,true,861.0113603912177,-0.923180747020524,,,NaN,false,false,false
1849,859.8618899658322,0.012893124758122404,1.0,true,true,861.0030406093888,-1.141150643556557,,,NaN,false,false,false
1850,859.6313032209873,0.017364991344739306,1.0,true,true,860.9947333196776,-1.3634300986902872,,,NaN,false,false,false
1851,859.5120666623116,0.018698553071592624,1.0,true,true,860.9864385824376,-1.474371920126032,,,NaN,false,false,false
1852,859.4588739275932,0.018444846505803112,1.0,true,true,860.9781564580237,-1.5192825304304733,,,NaN,false,false,false
1853,859.4259451180696,0.014795438011769193,1.0,true,true,860.9698870067897,-1.5439418887200418,,,NaN,false,false,false
1854,859.4262489080429,0.015110864572581546,1.0,true,true,860.96163028909,-1.5353813810470456,,,NaN,false,false,false
1855,859.4275424033403,0.017251724809189455,1.0,true,true,860.9533863652786,-1.5258439619382216,h001,1.0,1.5258439619382216,true,true,false
1856,859.4378007650375,0.014979781095603708,1.0,true,true,860.9451552951851,-1.5073545301476088,h001,1.0,1.5073545301476088,true,true,false
1857,859.4155682772398,0.014933818143784597,1.0,true,true,860.9369371071562,-1.521368829916355,h001,1.0,1.521368829916355,true,true,false
1858,859.3468817919493,0.013895588354105263,1.0,true,true,860.9287317807397,-1.5818499887903954,h001,1.0,1.5818499887903954,true,true,true
1859,859.2617686092854,0.015549030392799451,1.0,true,true,860.9205392912859,-1.6587706820005224,h001,1.0,1.6587706820005224,true,true,true
1860,859.2025103271008,0.017890368901443632,1.0,true,true,860.9123596141447,-1.709849287043994,h001,1.0,1.709849287043994,true,true,true
1861,859.1891462802887,0.017898662358857856,1.0,true,true,860.9041927246666,-1.7150464443778901,h001,1.0,1.7150464443778901,true,true,true
1862,859.2140711247921,0.016024261694243494,1.0,true,true,860.8960385982019,-1.681967473409827,h001,1.0,1.681967473409827,true,true,true
1863,859.259676232934,0.014632042229209986,1.0,true,true,860.8878972101004,-1.628220977166393,h001,1.0,1.628220977166393,true,true,true
1864,859.2858981192112,0.014448316136983382,1.0,true,true,860.8797685357127,-1.5938704165015452,h001,1.0,1.5938704165015452,true,true,true
1865,859.2592871636152,0.013619752593624714,1.0,true,true,860.8716525503887,-1.6123653867734902,h001,1.0,1.6123653867734902,true,true,true
1866,859.2078032195568,0.012343529530737805,1.0,true,true,860.8635492294788,-1.6557460099220407,h001,1.0,1.6557460099220407,true,true,true
1867,859.180868037045,0.012515281585438204,1.0,true,true,860.8554585483334,-1.674590511288443,h001,1.0,1.674590511288443,true,true,true
1868,859.1945583075285,0.014060363288066818,1.0,true,true,860.8473804823024,-1.6528221747738598,h001,1.0,1.6528221747738598,true,true,true
1869,859.2353603765368,0.015559580477860088,1.0,true,true,860.8393150067359,-1.6039546301990413,h001,1.0,1.6039546301990413,true,true,true
1870,859.2707366794348,0.016184395218738712,1.0,true,true,860.8312620969842,-1.5605254175494565,h001,1.0,1.5605254175494565,true,true,true
1871,859.280220374465,0.01625755655394391,1.0,true,true,860.8232217283979,-1.5430013539329366,h001,1.0,1.5430013539329366,true,true,true
1872,859.2587141394615,0.01599414545306073,1.0,true,true,860.8151938763266,-1.5564797368650716,h001,1.0,1.5564797368650716,true,true,true
1873,859.2214709296823,0.015912253774880515,1.0,true,true,860.8071785161208,-1.5857075864385024,h001,1.0,1.5857075864385024,true,true,true
1874,859.1871401593089,0.016387208072345234,1.0,true,true,860.7991756231308,-1.6120354638219396,h001,1.0,1.6120354638219396,true,true,true
1875,859.1615644469857,0.016240880786588207,1.0,true,true,860.7911851727068,-1.6296207257211108,h001,1.0,1.6296207257211108,true,true,true
1876,859.1333851590753,0.01574342249383616,1.0,true,true,860.7832071401988,-1.649821981123523,h001,1.0,1.649821981123523,true,true,true
1877,859.0989977531135,0.016461095051417084,1.0,true,true,860.7752415009572,-1.6762437478437278,h001,1.0,1.6762437478437278,true,true,true
1878,859.0725244544446,0.017095049078071488,1.0,true,true,860.7672882303322,-1.694763775887509,h001,1.0,1.694763775887509,true,true,true
1879,859.0596085526049,0.017054667146933822,1.0,true,true,860.7593473036736,-1.6997387510687076,h001,1.0,1.6997387510687076,true,true,true
1880,859.0591287240386,0.016855407969871408,1.0,true,true,860.7514186963323,-1.692289972293679,h001,1.0,1.692289972293679,true,true,true
1881,859.0871525369585,0.01733924968388744,1.0,true,true,860.743502383658,-1.656349846699527,h001,1.0,1.656349846699527,true,true,true
1882,859.1214752607048,0.018624790648183627,1.0,true,true,860.7355983410012,-1.6141230802963946,h001,1.0,1.6141230802963946,true,true,true
1883,859.1197599060833,0.017665647254623468,1.0,true,true,860.7277065437117,-1.6079466376284017,h001,1.0,1.6079466376284017,true,true,true
1884,859.0772227682173,0.015569687312758379,1.0,true,true,860.7198269671401,-1.6426041989227542,h001,1.0,1.6426041989227542,true,true,true
1885,859.0325054787099,0.014845935935503422,1.0,true,true,860.7119595866366,-1.679454107926631,h001,1.0,1.679454107926631,true,true,true
1886,858.9911000849679,0.01455623855710001,1.0,true,true,860.7041043775511,-1.7130042925831503,h001,1.0,1.7130042925831503,true,true,false
1887,858.9445918574929,0.01412752473339185,1.0,true,true,860.6962613152341,-1.7516694577411727,h001,1.0,1.7516694577411727,true,true,false
1888,858.9043039306998,0.015202603992748727,1.0,true,true,860.6884303750356,-1.7841264443358114,h001,1.0,1.7841264443358114,true,true,false
1889,858.8733677342534,0.017367321379434898,1.0,true,true,860.6806115323059,-1.8072437980524683,,,NaN,false,false,false
1890,858.8296961188316,0.01885225812974472,1.0,true,true,860.6728047623955,-1.8431086435638235,,,NaN,false,false,false
1891,858.768377147615,0.019103764225595496,1.0,true,true,860.6650100406538,-1.8966328930388272,,,NaN,false,false,false
1892,858.7383825480938,0.017132684056139703,1.0,true,true,860.6572273424317,-1.9188447943379288,,,NaN,false,false,false
1893,858.8183119893074,0.01408171698031465,1.0,true,true,860.6494566430794,-1.8311446537719576,,,NaN,false,false,false
1894,858.9482591170818,0.012064198357527705,1.0,true,true,860.6416979179468,-1.6934388008650103,,,NaN,false,false,false
1895,858.9603534508497,0.017745202439804715,1.0,true,true,860.6339511423843,-1.67359769153461,,,NaN,false,false,false
1896,858.9053789265454,0.017194668826760958,1.0,true,true,860.6262162917419,-1.7208373651965303,,,NaN,false,false,false
1897,NaN,NaN,0.0,false,false,860.6184933413703,NaN,,,NaN,false,false,false
1898,NaN,NaN,0.0,false,false,860.610782266619,NaN,,,NaN,false,false,false
1899,858.8767776340246,0.0235401826681153,0.38,false,false,860.6030830428386,NaN,,,NaN,false,false,false
1900,858.8755671530962,0.032759733300138434,0.18,false,false,860.5953956453792,NaN,,,NaN,false,false,false
1901,858.9483680296689,0.026605299826075474,1.0,true,true,860.5877200495912,-1.6393520199222849,,,NaN,false,false,false
1902,859.0917058959603,0.03894803097701561,1.0,true,true,860.5800562308248,-1.4883503348644354,,,NaN,false,false,false
1903,NaN,NaN,0.0,false,false,860.5724041644298,NaN,,,NaN,false,false,false
1904,NaN,NaN,0.0,false,false,860.564763825757,NaN,,,NaN,false,false,false
1905,NaN,NaN,0.0,false,false,860.5571351901563,NaN,,,NaN,false,false,false
1906,846.5531659126282,0.8556358592434614,1.0,true,true,860.5495182329778,-13.996352320349615,,,NaN,false,false,false
1907,845.9101320840418,0.03487367085439455,1.0,true,true,860.5419129295718,-14.631780845529988,,,NaN,false,false,false
1908,845.6105715185404,0.03255538656098789,1.0,true,true,860.5343192552883,-14.923747736747941,,,NaN,false,false,false
1909,845.4711052626371,0.033267788882164626,1.0,true,true,860.5267371854779,-15.055631922840803,,,NaN,false,false,false
1910,845.399650901556,0.02420929317345611,1.0,true,true,860.5191666954909,-15.119515793934852,,,NaN,false,false,false
1911,845.405936062336,0.021377151896019967,1.0,true,true,860.5116077606768,-15.10567169834087,,,NaN,false,false,false
1912,845.4763249307871,0.01787943092846901,1.0,true,true,860.5040603563866,-15.02773542559953,,,NaN,false,false,false
1913,845.5247658789158,0.019161543692563742,1.0,true,true,860.49652445797,-14.971758579054267,h010,10.0,1.4971758579054266,true,false,false
1914,845.5937898159027,0.02046061835057927,1.0,true,true,860.4890000407775,-14.895210224874745,h010,10.0,1.4895210224874744,true,false,false
1915,845.6210223734379,0.02195167951963904,1.0,true,true,860.4814870801588,-14.860464706720904,h010,10.0,1.4860464706720904,true,false,false
1916,845.6287290751934,0.02087340531886363,1.0,true,true,860.4739855514649,-14.845256476271516,h010,10.0,1.4845256476271516,true,false,true
1917,845.6335978806019,0.0197850442517378,1.0,true,true,860.4664954300451,-14.83289754944326,h010,10.0,1.483289754944326,true,false,true
1918,845.6228695213795,0.02106826551044395,1.0,true,true,860.4590166912502,-14.836147169870742,h010,10.0,1.4836147169870741,true,false,true
1919,845.5775634795427,0.021511496047304894,1.0,true,true,860.4515493104307,-14.873985830887932,h010,10.0,1.4873985830887932,true,false,true
1920,845.5542518943548,0.017438347379176076,1.0,true,true,860.444093262936,-14.889841368581187,h010,10.0,1.4889841368581187,true,false,true
1921,845.5502067506313,0.017994945857758685,1.0,true,true,860.4366485241167,-14.88644177348533,h010,10.0,1.488644177348533,true,false,true
1922,845.5436716079712,0.016494561230233788,1.0,true,true,860.4292150693232,-14.885543461351972,h010,10.0,1.488554346135197,true,false,true
1923,845.58517614007,0.017635622323252675,1.0,true,true,860.4217928739052,-14.836616733835285,h010,10.0,1.4836616733835286,true,false,true
1924,845.5661817193031,0.01980856154521635,1.0,true,true,860.4143819132134,-14.848200193910316,h010,10.0,1.4848200193910315,true,false,true
1925,845.4567588120699,0.02011776307299994,1.0,true,true,860.4069821625982,-14.95022335052829,h010,10.0,1.495022335052829,true,false,true
1926,845.316723793745,0.026248441259450115,1.0,true,true,860.399593597409,-15.082869803663925,h010,10.0,1.5082869803663925,true,false,true
1927,845.2741909474134,0.02311908959083698,1.0,true,true,860.3922161929964,-15.118025245582999,h010,10.0,1.5118025245582998,true,false,true
1928,845.345028012991,0.022402859358743917,1.0,true,true,860.3848499247109,-15.039821911719969,h010,10.0,1.5039821911719968,true,false,true
1929,845.4585095345974,0.02126875845821978,1.0,true,true,860.3774947679021,-14.918985233304738,h010,10.0,1.4918985233304738,true,false,true
1930,845.4770293235779,0.020708820348911652,1.0,true,true,860.3701506979207,-14.893121374342854,h010,10.0,1.4893121374342855,true,false,true
1931,845.3549344390631,0.02082699436469918,1.0,true,true,860.3628176901171,-15.007883251054068,h010,10.0,1.5007883251054068,true,false,true
1932,845.211278475821,0.0193349722284404,1.0,true,true,860.355495719841,-15.144217244019956,h010,10.0,1.5144217244019955,true,false,true
1933,845.0804565362632,0.019261453241278297,1.0,true,true,860.3481847624427,-15.267728226179429,h010,10.0,1.526772822617943,true,false,true
1934,844.9975959542207,0.019600271384930326,1.0,true,true,860.3408847932722,-15.34328883905141,h010,10.0,1.534328883905141,true,true,true
1935,845.0146885616705,0.021386591013889268,1.0,true,true,860.3335957876803,-15.318907226009856,h010,10.0,1.5318907226009855,true,true,true
1936,845.0561959799379,0.024322802305447516,1.0,true,true,860.3263177210168,-15.270121741078924,h010,10.0,1.5270121741078924,true,true,true
1937,845.0858625099063,0.028354369578734637,1.0,true,true,860.3190505686321,-15.233188058725773,h010,10.0,1.5233188058725773,true,true,true
1938,845.1468578055501,0.028298661504313406,1.0,true,true,860.3117943058762,-15.164936500326121,h010,10.0,1.516493650032612,true,true,true
1939,845.214497089386,0.02377668186891245,1.0,true,true,860.3045489080995,-15.090051818713505,h010,10.0,1.5090051818713506,true,true,true
1940,845.2521888464689,0.024677500014643063,1.0,true,true,860.2973143506523,-15.045125504183375,h010,10.0,1.5045125504183374,true,true,true
1941,845.2605269253254,0.02925047637073379,1.0,true,true,860.2900906088842,-15.029563683558763,h010,10.0,1.5029563683558762,true,true,true
1942,845.2537830471992,0.03007038657949208,1.0,true,true,860.2828776581459,-15.029094610946686,h010,10.0,1.5029094610946685,true,true,true
1943,845.2376370728016,0.025896098129117855,1.0,true,true,860.2756754737876,-15.03803840098601,h010,10.0,1.5038038400986011,true,true,true
1944,845.2194676697254,0.0224361580904308,1.0,true,true,860.2684840311596,-15.049016361434155,h010,10.0,1.5049016361434155,true,true,true
1945,845.1777158081532,0.019766728180130946,1.0,true,true,860.2613033056118,-15.083587497458666,h010,10.0,1.5083587497458666,true,true,true
1946,845.1487919613719,0.01780210910658973,1.0,true,true,860.2541332724946,-15.105341311122743,h010,10.0,1.5105341311122742,true,true,true
1947,845.1495550870895,0.018606394394925677,1.0,true,true,860.2469739071583,-15.09741882006881,h010,10.0,1.509741882006881,true,true,true
1948,845.1566710695624,0.01982424017569244,1.0,true,true,860.2398251849528,-15.083154115390357,h010,10.0,1.5083154115390358,true,true,true
1949,845.1902878433466,0.017563992526258138,1.0,true,true,860.2326870812284,-15.042399237881796,h010,10.0,1.5042399237881796,true,true,false
1950,845.2551593929529,0.016899041215003754,1.0,true,true,860.2255595713357,-14.97040017838276,h010,10.0,1.4970400178382761,true,true,false
1951,845.3640414625406,0.017431496265972464,1.0,true,true,860.2184426306244,-14.854401168083768,h010,10.0,1.4854401168083768,true,true,false
1952,845.4517956376076,0.019300046777636536,1.0,true,true,860.2113362344448,-14.759540596837269,,,NaN,false,false,false
1953,845.4298119097948,0.10903000278650182,1.0,true,true,860.2042403581473,-14.774428448352523,,,NaN,false,false,false
1954,845.6404306143522,0.09004934816023016,1.0,true,true,860.1971549770817,-14.556724362729483,,,NaN,false,false,false
1955,845.5151536613703,0.14085683030978183,1.0,true,true,860.190080066599,-14.674926405228689,,,NaN,false,false,false
1956,845.3366606235504,0.03125667385807579,0.34,false,false,860.1830156020486,NaN,,,NaN,false,false,false
1957,845.4326167404652,0.042642777196921056,1.0,true,true,860.1759615587811,-14.743344818315904,,,NaN,false,false,false
1958,845.4512758851051,0.03171541085314127,0.74,false,false,860.1689179121469,NaN,,,NaN,false,false,false
1959,845.4893034100533,0.03592818914693292,1.0,true,true,860.1618846374954,-14.672581227442151,,,NaN,false,false,false
1960,845.5012215673923,0.04620285667382658,0.96,true,true,860.1548617101778,-14.653640142785434,,,NaN,false,false,false
1961,845.5220716297626,0.02696902420322842,0.18,false,false,860.1478491055435,NaN,,,NaN,false,false,false
1962,NaN,NaN,0.0,false,false,860.1408467989435,NaN,,,NaN,false,false,false
1963,845.3429957330227,0.049449493225306215,0.14,false,false,860.1338547657272,NaN,,,NaN,false,false,false
1964,NaN,NaN,0.0,false,false,860.126872981245,NaN,,,NaN,false,false,false
1965,NaN,NaN,0.0,false,false,860.1199014208478,NaN,,,NaN,false,false,false
1966,845.5647279918194,0.0607173910684458,0.34,false,false,860.112940059885,NaN,,,NaN,false,false,false
1967,NaN,NaN,0.0,false,false,860.105988873707,NaN,,,NaN,false,false,false
1968,NaN,NaN,0.0,false,false,860.0990478376641,NaN,,,NaN,false,false,false
1969,NaN,NaN,0.0,false,false,860.0921169271068,NaN,,,NaN,false,false,false
1970,NaN,NaN,0.0,false,false,860.0851961173846,NaN,,,NaN,false,false,false
1971,NaN,NaN,0.0,false,false,860.0782853838485,NaN,,,NaN,false,false,false
1972,NaN,NaN,0.0,false,false,860.071384701848,NaN,,,NaN,false,false,false
1973,NaN,NaN,0.0,false,false,860.0644940467339,NaN,h030,30.0,NaN,true,false,false
1974,NaN,NaN,0.0,false,false,860.057613393856,NaN,h030,30.0,NaN,true,false,false
1975,813.9710230929777,0.044501066808230585,1.0,true,true,860.0507427185646,-46.079719625586904,h030,30.0,1.53599065418623,true,false,false
1976,814.0738102532923,0.04039534022988268,1.0,true,true,860.0438819962101,-45.97007174291775,h030,30.0,1.532335724763925,true,false,true
1977,814.1463556587696,0.019342269887276078,1.0,true,true,860.0370312021422,-45.890675543372595,h030,30.0,1.5296891847790866,true,true,true
1978,814.1528965681791,0.017701585837496096,1.0,true,true,860.0301903117117,-45.87729374353262,h030,30.0,1.5292431247844207,true,true,true
1979,814.1592927724123,0.018672675049534453,1.0,true,true,860.0233593002687,-45.86406652785638,h030,30.0,1.5288022175952127,true,true,true
1980,814.1712867543101,0.020612533000827653,1.0,true,true,860.0165381431631,-45.845251388852944,h030,30.0,1.528175046295098,true,true,true
1981,814.2010170891881,0.0206677476621152,1.0,true,true,860.009726815745,-45.80870972655691,h030,30.0,1.5269569908852305,true,true,true
1982,814.2154370695353,0.019635853865326902,1.0,true,true,860.0029252933651,-45.78748822382988,h030,30.0,1.5262496074609961,true,true,true
1983,814.1936241388321,0.020874288585271277,1.0,true,true,859.9961335513736,-45.80250941254155,h030,30.0,1.5267503137513851,true,true,true
1984,814.1353734284639,0.02035196901106031,1.0,true,true,859.9893515651202,-45.853978136656224,h030,30.0,1.5284659378885408,true,true,true
1985,814.0674093700945,0.01889468263065664,1.0,true,true,859.9825793099556,-45.915169939861016,h030,30.0,1.5305056646620339,true,true,true
1986,814.0397022664547,0.019781539107562095,1.0,true,true,859.9758167612298,-45.9361144947751,h030,30.0,1.5312038164925033,true,true,true
1987,814.0685925558209,0.019971724226012125,1.0,true,true,859.969063894293,-45.900471338472016,h030,30.0,1.5300157112824004,true,true,true
1988,814.1186612918973,0.017761381069594944,1.0,true,true,859.9623206844951,-45.84365939259783,h030,30.0,1.528121979753261,true,true,true
1989,814.1709102019668,0.016424776461282153,1.0,true,true,859.9555871071344,-45.78467690516766,h030,30.0,1.526155896838922,true,true,true
1990,814.2073822841048,0.019557651451495153,1.0,true,true,859.9488631289423,-45.7414808448375,h030,30.0,1.52471602816125,true,true,true
1991,814.2099439799786,0.02247987945289943,1.0,true,true,859.9421486986894,-45.73220471871082,h030,30.0,1.5244068239570272,true,true,true
1992,814.1680272966623,0.019729119325323424,1.0,true,true,859.9354437628853,-45.767416466222926,h030,30.0,1.5255805488740974,true,true,true
1993,814.0820960849524,0.015362670313884722,1.0,true,true,859.9287482680382,-45.846652183085894,h030,30.0,1.5282217394361965,true,false,true
1994,813.9647489115596,0.016918240178227066,1.0,true,true,859.9220621606577,-45.95731324909809,h030,30.0,1.5319104416366032,true,false,true
1995,813.8572183698416,0.01979614442490306,1.0,true,true,859.9153853872523,-46.05816701741071,h030,30.0,1.5352722339136904,true,false,true
1996,813.8006141632795,0.021066871368968485,1.0,true,true,859.9087178943314,-46.10810373105187,h030,30.0,1.5369367910350624,true,false,true
1997,813.8223212435842,0.020618555559835532,1.0,true,true,859.9020596284037,-46.07973838481951,h030,30.0,1.5359912794939836,true,false,true
1998,813.9145146012306,0.02095436537159663,1.0,true,true,859.8954105359783,-45.98089593474765,h030,30.0,1.532696531158255,true,false,true
1999,814.0048993143719,0.020564671940136097,1.0,true,true,859.8887705635642,-45.88387124919234,h030,30.0,1.529462374973078,true,false,true
2000,814.0449136253446,0.01652753412767479,1.0,true,true,859.88213965767,-45.83722603232536,h030,30.0,1.5279075344108455,true,false,true
2001,814.0416583195329,0.013121734277249913,1.0,true,true,859.8755177648053,-45.833859445272424,h030,30.0,1.5277953148424142,true,false,true
2002,814.0035059314687,0.014820484310547857,1.0,true,true,859.8689048314786,-45.86539890000995,h030,30.0,1.5288466300003316,true,false,true
2003,813.9784881612286,0.019296797212683073,1.0,true,true,859.862300804199,-45.88381264297038,h030,30.0,1.5294604214323462,true,false,true
2004,814.0010957704799,0.023033197311786047,1.0,true,true,859.8557056294756,-45.85460985899567,h030,30.0,1.5284869952998557,true,false,true
2005,814.0343268401921,0.025303914047515294,1.0,true,true,859.849119253817,-45.8147924136249,h030,30.0,1.52715974712083,true,false,true
2006,814.0421241223812,0.0258435252306857,1.0,true,true,859.8425416237325,-45.80041750135126,h030,30.0,1.5266805833783754,true,false,true
2007,814.0069387576077,0.02281224853107206,1.0,true,true,859.8359726857311,-45.82903392812341,h030,30.0,1.5276344642707802,true,false,true
2008,813.9061775393784,0.016619902403381927,1.0,true,true,859.8294123863218,-45.92323484694339,h030,30.0,1.530774494898113,true,false,true
2009,813.8017669916153,0.014748237813008784,1.0,true,true,859.8228606720129,-46.0210936803976,h030,30.0,1.5340364560132533,true,false,true
2010,813.7826039940119,0.01720465566723381,1.0,true,true,859.8163174893144,-46.03371349530255,h030,30.0,1.534457116510085,true,false,true
2011,813.7945424392819,0.02207717792001156,1.0,true,true,859.8097827847347,-46.01524034545275,h030,30.0,1.5338413448484252,true,false,true
2012,813.7887215316296,0.026288015684699857,1.0,true,true,859.8032565047829,-46.01453497315333,h030,30.0,1.5338178324384444,true,false,true
2013,813.784199655056,0.028568913696536885,1.0,true,true,859.7967385959679,-46.012538940911895,h030,30.0,1.5337512980303964,true,false,true
2014,813.7972243651748,0.028940075280388125,1.0,true,true,859.7902290047989,-45.99300463962413,h030,30.0,1.5331001546541378,true,false,true
2015,813.8174987658858,0.027593433555905437,1.0,true,true,859.7837276777843,-45.9662289118985,h030,30.0,1.5322076303966166,true,false,true
2016,813.8320102021098,0.024995517829373537,1.0,true,true,859.7772345614337,-45.9452243593239,h030,30.0,1.53150747864413,true,false,false
2017,813.8277350962162,0.023676888296644168,1.0,true,true,859.7707496022556,-45.94301450603939,h030,30.0,1.5314338168679797,true,false,false
2018,813.7998255640268,0.0222445935056669,1.0,true,true,859.7642727467594,-45.964447182732556,h030,30.0,1.5321482394244186,true,false,false
2019,813.7613422349095,0.019620586242872003,1.0,true,true,859.7578039414537,-45.99646170654421,,,NaN,false,false,false
2020,813.7239493131638,0.01986956364403728,1.0,true,true,859.7513431328479,-46.02739381968411,,,NaN,false,false,false
2021,813.7490789294243,0.023982821344568903,1.0,true,true,859.7448902674505,-45.995811338026215,,,NaN,false,false,false
2022,813.8193175643682,0.030146791978836636,1.0,true,true,859.7384452917709,-45.91912772740261,,,NaN,false,false,false
2023,812.8151806741953,0.4576632779502681,1.0,true,true,859.7320081523176,-46.916827478122286,,,NaN,false,false,false
2024,813.8938633017242,15.182315139781378,1.0,true,true,859.7255787955999,-45.83171549387566,,,NaN,false,false,false
2025,860.1490030810237,0.008554818290167058,1.0,true,true,859.719157168127,0.42984591289666696,,,NaN,false,false,false
2026,859.8588424101472,0.010989703800960425,1.0,true,true,859.7127432164074,0.14609919373981484,,,NaN,false,false,false
2027,859.6648200899363,0.012315401329905717,1.0,true,true,859.7063368869501,-0.041516797013855467,,,NaN,false,false,false
2028,859.6084387898445,0.010716504107430585,1.0,true,true,859.6999381262641,-0.09149933641958796,,,NaN,false,false,false
2029,859.5871518403292,0.009195836418548722,1.0,true,true,859.6935468808587,-0.10639504052949178,,,NaN,false,false,false
2030,859.4982016384602,0.01577953644600613,1.0,true,true,859.6871630972429,-0.1889614587827282,,,NaN,false,false,false
2031,859.3908494114876,0.009015418196574844,1.0,true,true,859.6807867219252,-0.2899373104376082,,,NaN,false,false,false
2032,859.3180525004864,0.008511687474216274,1.0,true,true,859.6744177014147,-0.3563652009282805,,,NaN,false,false,false
2033,859.3294561356306,0.008401783630392085,1.0,true,true,859.6680559822207,-0.3385998465901139,,,NaN,false,false,false
2034,859.3965437412262,0.008882489864729294,1.0,true,true,859.6617015108517,-0.265157769625489,,,NaN,false,false,false
2035,859.4820993989706,0.009325128509498865,1.0,true,true,859.6553542338172,-0.17325483484660253,,,NaN,false,false,false
2036,859.5194997489452,0.00971731957958232,1.0,true,true,859.6490140976257,-0.12951434868045908,,,NaN,false,false,false
2037,859.5350003689528,0.008725051110714501,1.0,true,true,859.6426810487866,-0.10768067983383389,,,NaN,false,false,false
2038,859.5309263318777,0.010600569049940235,1.0,true,true,859.6363550338086,-0.10542870193091858,,,NaN,false,false,false
2039,859.5605972111225,0.009894818915737893,1.0,true,true,859.6300359992005,-0.0694387880779459,,,NaN,false,false,false
2040,859.5493668019772,0.012310869445613453,1.0,true,true,859.6237238914717,-0.0743570894945833,,,NaN,false,false,false
2041,859.5346801280975,0.013192322857612532,1.0,true,true,859.617418657131,-0.08273852903346324,,,NaN,false,false,false
2042,859.4951878041029,0.013039988377446283,1.0,true,true,859.6111202426872,-0.11593243858430924,,,NaN,false,false,false
2043,859.4307404011488,0.012255198120509325,1.0,true,true,859.6048285946495,-0.1740881935006655,,,NaN,false,false,false
2044,859.3883140832186,0.01129612930906953,1.0,true,true,859.5985436595266,-0.21022957630805195,,,NaN,false,false,false
2045,859.4169524908066,0.010912215128712903,1.0,true,true,859.5922653838277,-0.17531289302110054,,,NaN,false,false,false
2046,859.4769271463156,0.011583813216732403,1.0,true,true,859.5859937140619,-0.10906656774636758,,,NaN,false,false,false
2047,859.439675077796,0.011181498045394759,1.0,true,true,859.5797285967378,-0.1400535189418406,,,NaN,false,false,false
2048,859.3792468309402,0.010798071747057571,1.0,true,true,859.573469978365,-0.19422314742473645,,,NaN,false,false,false
2049,859.3535639792681,0.010451289520187005,1.0,true,true,859.5672178054516,-0.21365382618353124,,,NaN,false,false,false
2050,859.3819452822208,0.00970336180251016,1.0,true,true,859.5609720245072,-0.17902674228639626,,,NaN,false,false,false
2051,859.4403712153435,0.009212473996468497,1.0,true,true,859.5547325820405,-0.11436136669703956,,,NaN,false,false,false
2052,859.469459399581,0.00943960047107888,1.0,true,true,859.5484994245606,-0.07904002497969032,,,NaN,false,false,false
2053,859.5029414594173,0.010133469244868364,1.0,true,true,859.5422724985765,-0.03933103915915126,,,NaN,false,false,false
2054,859.5036174505949,0.010739824337168418,1.0,true,true,859.5360517505968,-0.03243430000190983,,,NaN,false,false,false
2055,859.5493246018887,0.011366794031643144,1.0,true,true,859.5298371271313,0.01948747475739765,,,NaN,false,false,false
2056,859.5368863195181,0.012299620679113754,1.0,true,true,859.5236285746881,0.013257744829957119,,,NaN,false,false,false
2057,859.4946865737438,0.012572817393546131,1.0,true,true,859.5174260397764,-0.022739466032589917,,,NaN,false,false,false
2058,859.5282942801714,0.028841299041046698,1.0,true,true,859.5112294689058,0.017064811265640856,,,NaN,false,false,false
2059,859.5302359610796,0.012977780368614147,1.0,true,true,859.5050388085846,0.025197152495024966,,,NaN,false,false,false
2060,859.5178061723709,0.012788091919925453,1.0,true,true,859.4988540053215,0.018952167049405944,,,NaN,false,false,false
2061,859.5316627323627,0.014002430334921727,1.0,true,true,859.4926750056263,0.0389877267364227,,,NaN,false,false,false
2062,859.4922215640545,0.012158497232552771,1.0,true,true,859.4865017560077,0.005719808046819708,,,NaN,false,false,false
2063,859.4446246623993,0.012784318710350604,1.0,true,true,859.4803342029742,-0.03570954057488507,,,NaN,false,false,false
2064,859.3938558548689,0.011826584774481336,1.0,true,true,859.4741722930354,-0.08031643816650558,,,NaN,false,false,false
2065,859.3756417483091,0.011382397051073854,1.0,true,true,859.4680159727001,-0.09237422439093734,,,NaN,false,false,false
2066,859.3901924341917,0.012933680028316632,1.0,true,true,859.4618651884768,-0.07167275428514586,,,NaN,false,false,false
2067,859.2340022325516,0.013277942064054336,1.0,true,true,859.4557198868749,-0.22171765432335633,,,NaN,false,false,false
2068,860.0534253176302,0.5171868472989418,1.0,true,true,859.4495800144036,0.6038453032265352,,,NaN,false,false,false
2069,NaN,NaN,0.0,false,false,859.4434455175716,NaN,,,NaN,false,false,false
2070,NaN,NaN,0.0,false,false,859.4373163428876,NaN,,,NaN,false,false,false
2071,NaN,NaN,0.0,false,false,859.431192436861,NaN,,,NaN,false,false,false
2072,NaN,NaN,0.0,false,false,859.4250737460009,NaN,,,NaN,false,false,false
2073,NaN,NaN,0.0,false,false,859.4189602168153,NaN,,,NaN,false,false,false
2074,NaN,NaN,0.0,false,false,859.4128517958145,NaN,,,NaN,false,false,false
2075,NaN,NaN,0.0,false,false,859.4067484295065,NaN,,,NaN,false,false,false
2076,NaN,NaN,0.0,false,false,859.4006500644007,NaN,,,NaN,false,false,false
2077,NaN,NaN,0.0,false,false,859.3945566470061,NaN,,,NaN,false,false,false
2078,NaN,NaN,0.0,false,false,859.3884681238313,NaN,,,NaN,false,false,false
2079,NaN,NaN,0.0,false,false,859.3823844413856,NaN,,,NaN,false,false,false
2080,NaN,NaN,0.0,false,false,859.376305546178,NaN,,,NaN,false,false,false
2081,NaN,NaN,0.0,false,false,859.3702313847172,NaN,,,NaN,false,false,false
2082,NaN,NaN,0.0,false,false,859.3641619035122,NaN,,,NaN,false,false,false
2083,NaN,NaN,0.0,false,false,859.3580970490726,NaN,,,NaN,false,false,false
2084,NaN,NaN,0.0,false,false,859.3520367679066,NaN,,,NaN,false,false,false
2085,NaN,NaN,0.0,false,false,859.3459810065234,NaN,,,NaN,false,false,false
2086,NaN,NaN,0.0,false,false,859.3399297114321,NaN,,,NaN,false,false,false
2087,NaN,NaN,0.0,false,false,859.3338828291417,NaN,,,NaN,false,false,false
2088,NaN,NaN,0.0,false,false,859.3278403061606,NaN,,,NaN,false,false,false
2089,NaN,NaN,0.0,false,false,859.3218020889989,NaN,,,NaN,false,false,false
2090,NaN,NaN,0.0,false,false,859.3157681241646,NaN,,,NaN,false,false,false
2091,NaN,NaN,0.0,false,false,859.309738358167,NaN,,,NaN,false,false,false
2092,NaN,NaN,0.0,false,false,859.3037127375152,NaN,,,NaN,false,false,false
2093,NaN,NaN,0.0,false,false,859.2976912087179,NaN,,,NaN,false,false,false
2094,NaN,NaN,0.0,false,false,859.2916737182842,NaN,,,NaN,false,false,false
2095,NaN,NaN,0.0,false,false,859.2856602127231,NaN,,,NaN,false,false,false
2096,NaN,NaN,0.0,false,false,859.2796506385434,NaN,,,NaN,false,false,false
2097,NaN,NaN,0.0,false,false,859.2736449422547,NaN,,,NaN,false,false,false
2098,NaN,NaN,0.0,false,false,859.267643070365,NaN,,,NaN,false,false,false
2099,NaN,NaN,0.0,false,false,859.261644969384,NaN,,,NaN,false,false,false
2100,NaN,NaN,0.0,false,false,859.2556505858205,NaN,,,NaN,false,false,false
2101,NaN,NaN,0.0,false,false,859.2496598661834,NaN,,,NaN,false,false,false
2102,NaN,NaN,0.0,false,false,859.2436727569816,NaN,,,NaN,false,false,false
2103,NaN,NaN,0.0,false,false,859.2376892047241,NaN,,,NaN,false,false,false
2104,NaN,NaN,0.0,false,false,859.2317091559199,NaN,,,NaN,false,false,false
2105,NaN,NaN,0.0,false,false,859.2257325570783,NaN,,,NaN,false,false,false
2106,NaN,NaN,0.0,false,false,859.2197593547078,NaN,,,NaN,false,false,false
2107,NaN,NaN,0.0,false,false,859.2137894953177,NaN,,,NaN,false,false,false
2108,NaN,NaN,0.0,false,false,859.2078229254165,NaN,,,NaN,false,false,false
2109,NaN,NaN,0.0,false,false,859.2018595915138,NaN,,,NaN,false,false,false
2110,NaN,NaN,0.0,false,false,859.1958994401181,NaN,,,NaN,false,false,false
2111,NaN,NaN,0.0,false,false,859.1899424177384,NaN,,,NaN,false,false,false
2112,NaN,NaN,0.0,false,false,859.1839884708842,NaN,,,NaN,false,false,false
2113,NaN,NaN,0.0,false,false,859.1780375460637,NaN,,,NaN,false,false,false
2114,NaN,NaN,0.0,false,false,859.1720895897865,NaN,,,NaN,false,false,false
2115,NaN,NaN,0.0,false,false,859.1661445485613,NaN,,,NaN,false,false,false
2116,NaN,NaN,0.0,false,false,859.1602023688971,NaN,,,NaN,false,false,false
2117,NaN,NaN,0.0,false,false,859.1542629973027,NaN,,,NaN,false,false,false
2118,NaN,NaN,0.0,false,false,859.1483263802876,NaN,,,NaN,false,false,false
2119,NaN,NaN,0.0,false,false,859.1423924643602,NaN,,,NaN,false,false,false
2120,NaN,NaN,0.0,false,false,859.1364611960298,NaN,,,NaN,false,false,false
2121,NaN,NaN,0.0,false,false,859.1305325218052,NaN,,,NaN,false,false,false
2122,NaN,NaN,0.0,false,false,859.1246063882044,NaN,,,NaN,false,false,false
2123,NaN,NaN,0.0,false,false,859.1186827508312,NaN,,,NaN,false,false,false
2124,NaN,NaN,0.0,false,false,859.1127615914235,NaN,,,NaN,false,false,false
2125,NaN,NaN,0.0,false,false,859.1068428963897,NaN,,,NaN,false,false,false
2126,NaN,NaN,0.0,false,false,859.1009266521378,NaN,,,NaN,false,false,false
2127,NaN,NaN,0.0,false,false,859.0950128450766,NaN,,,NaN,false,false,false
2128,NaN,NaN,0.0,false,false,859.089101461614,NaN,,,NaN,false,false,false
2129,NaN,NaN,0.0,false,false,859.0831924881587,NaN,,,NaN,false,false,false
2130,NaN,NaN,0.0,false,false,859.0772859111186,NaN,,,NaN,false,false,false
2131,NaN,NaN,0.0,false,false,859.0713817169026,NaN,,,NaN,false,false,false
2132,NaN,NaN,0.0,false,false,859.0654798919187,NaN,,,NaN,false,false,false
2133,NaN,NaN,0.0,false,false,859.0595804225754,NaN,,,NaN,false,false,false
2134,NaN,NaN,0.0,false,false,859.0536832952811,NaN,,,NaN,false,false,false
2135,NaN,NaN,0.0,false,false,859.0477884964438,NaN,,,NaN,false,false,false
2136,NaN,NaN,0.0,false,false,859.0418960124724,NaN,,,NaN,false,false,false
2137,NaN,NaN,0.0,false,false,859.0360058297747,NaN,,,NaN,false,false,false
2138,NaN,NaN,0.0,false,false,859.0301179347596,NaN,,,NaN,false,false,false
2139,NaN,NaN,0.0,false,false,859.0242323138347,NaN,,,NaN,false,false,false
2140,NaN,NaN,0.0,false,false,859.018348953409,NaN,,,NaN,false,false,false
2141,NaN,NaN,0.0,false,false,859.0124678398906,NaN,,,NaN,false,false,false
2142,NaN,NaN,0.0,false,false,859.0065889596877,NaN,,,NaN,false,false,false
2143,NaN,NaN,0.0,false,false,859.0007122992093,NaN,,,NaN,false,false,false
2144,NaN,NaN,0.0,false,false,858.9948378448628,NaN,,,NaN,false,false,false
2145,NaN,NaN,0.0,false,false,858.9889655830572,NaN,,,NaN,false,false,false
2146,NaN,NaN,0.0,false,false,858.9830955002005,NaN,,,NaN,false,false,false
2147,NaN,NaN,0.0,false,false,858.9772275827014,NaN,,,NaN,false,false,false
2148,NaN,NaN,0.0,false,false,858.971361816968,NaN,,,NaN,false,false,false
2149,NaN,NaN,0.0,false,false,858.9654981894088,NaN,,,NaN,false,false,false
2150,NaN,NaN,0.0,false,false,858.9596366864318,NaN,,,NaN,false,false,false
2151,NaN,NaN,0.0,false,false,858.9537772944458,NaN,,,NaN,false,false,false
2152,NaN,NaN,0.0,false,false,858.947919999859,NaN,,,NaN,false,false,false
2153,NaN,NaN,0.0,false,false,858.9420647890797,NaN,,,NaN,false,false,false
2154,NaN,NaN,0.0,false,false,858.9362116485161,NaN,,,NaN,false,false,false
2155,NaN,NaN,0.0,false,false,858.9303605645765,NaN,,,NaN,false,false,false
2156,NaN,NaN,0.0,false,false,858.9245115236696,NaN,,,NaN,false,false,false
2157,NaN,NaN,0.0,false,false,858.9186645122036,NaN,,,NaN,false,false,false
2158,NaN,NaN,0.0,false,false,858.912819516587,NaN,,,NaN,false,false,false
2159,858.8007804304361,0.019639520479308795,1.0,true,true,858.9069765232279,-0.10619609279171982,,,NaN,false,false,false
2160,NaN,NaN,0.0,false,false,858.9011355185346,NaN,,,NaN,false,false,false
2161,NaN,NaN,0.0,false,false,858.8952964889155,NaN,,,NaN,false,false,false
2162,NaN,NaN,0.0,false,false,858.8894594207793,NaN,,,NaN,false,false,false
2163,NaN,NaN,0.0,false,false,858.8836243005338,NaN,,,NaN,false,false,false
2164,NaN,NaN,0.0,false,false,858.8777911145877,NaN,,,NaN,false,false,false
2165,NaN,NaN,0.0,false,false,858.8719598493493,NaN,,,NaN,false,false,false
2166,NaN,NaN,0.0,false,false,858.866130491227,NaN,,,NaN,false,false,false
2167,NaN,NaN,0.0,false,false,858.8603030266287,NaN,,,NaN,false,false,false
2168,NaN,NaN,0.0,false,false,858.8544774419635,NaN,,,NaN,false,false,false
2169,NaN,NaN,0.0,false,false,858.8486537236391,NaN,,,NaN,false,false,false
2170,NaN,NaN,0.0,false,false,858.8428318580643,NaN,,,NaN,false,false,false
2171,NaN,NaN,0.0,false,false,858.8370118316469,NaN,,,NaN,false,false,false
2172,NaN,NaN,0.0,false,false,858.831193630796,NaN,,,NaN,false,false,false
2173,NaN,NaN,0.0,false,false,858.8253772419193,NaN,,,NaN,false,false,false
2174,NaN,NaN,0.0,false,false,858.8195626514255,NaN,,,NaN,false,false,false
2175,NaN,NaN,0.0,false,false,858.8137498457228,NaN,,,NaN,false,false,false
2176,NaN,NaN,0.0,false,false,858.8079388112195,NaN,,,NaN,false,false,false
2177,859.0224111769348,0.0073014644321961995,1.0,true,true,858.8021295343239,0.22028164261098482,,,NaN,false,false,false
2178,858.8662037700415,0.00881834603838854,1.0,true,true,858.796322001445,0.0698817685964741,,,NaN,false,false,false
2179,858.7177850157022,0.009510339414913157,1.0,true,true,858.79051619899,-0.07273118328771488,,,NaN,false,false,false
2180,858.6938652098179,0.009446198372627602,1.0,true,true,858.7847121133682,-0.09084690355030034,,,NaN,false,false,false
2181,858.6895117759705,0.010131526806108952,1.0,true,true,858.7789097309875,-0.08939795501703429,,,NaN,false,false,false
2182,858.6416695863008,0.010563500684846502,1.0,true,true,858.7731090382566,-0.1314394519557709,,,NaN,false,false,false
2183,858.555555254221,0.010676473638479626,1.0,true,true,858.7673100215832,-0.21175476736220844,,,NaN,false,false,false
2184,858.4852464199066,0.01467224056484419,1.0,true,true,858.7615126673761,-0.27626624746949346,,,NaN,false,false,false
2185,858.4710935354233,0.014563393000136565,1.0,true,true,858.755716962044,-0.2846234266206693,,,NaN,false,false,false
2186,858.4683478474617,0.01366492799443996,1.0,true,true,858.7499228919945,-0.2815750445328149,,,NaN,false,false,false
2187,858.4906658232212,0.012324505137552282,1.0,true,true,858.7441304436367,-0.2534646204154569,,,NaN,false,false,false
2188,858.4136630147696,0.012345750555934372,1.0,true,true,858.7383396033781,-0.3246765886085541,,,NaN,false,false,false
2189,858.3897593766451,0.012083583880216766,1.0,true,true,858.7325503576277,-0.3427909809826133,,,NaN,false,false,false
2190,858.4165755361319,0.011278251905304355,1.0,true,true,858.7267626927936,-0.31018715666175467,,,NaN,false,false,false
2191,858.4554312825203,0.010279750117052063,1.0,true,true,858.7209765952842,-0.26554531276394755,,,NaN,false,false,false
2192,858.4593881815672,0.00955372067981301,1.0,true,true,858.7151920515079,-0.25580386994067794,,,NaN,false,false,false
2193,858.4580760896206,0.009768055017101783,1.0,true,true,858.7094090478727,-0.25133295825207824,,,NaN,false,false,false
2194,858.4649229943752,0.009984562678764164,1.0,true,true,858.7036275707875,-0.2387045764122604,,,NaN,false,false,false
2195,858.44886533916,0.0092514848254909,1.0,true,true,858.6978476066604,-0.2489822675004234,,,NaN,false,false,false
2196,858.4765391498804,0.009199429455428785,1.0,true,true,858.6920691418995,-0.21552999201912826,,,NaN,false,false,false
2197,858.5347509980202,0.010281133275337124,1.0,true,true,858.6862921629133,-0.15154116489316038,,,NaN,false,false,false
2198,858.5529281198978,0.01066355983821927,1.0,true,true,858.6805166561104,-0.1275885362125564,,,NaN,false,false,false
2199,858.5675891637802,0.028516574919380883,1.0,true,true,858.6747426078991,-0.10715344411892147,,,NaN,false,false,false
2200,858.5565302371979,0.010150866529257589,1.0,true,true,858.6689700046875,-0.11243976748960449,,,NaN,false,false,false
2201,858.6137146651745,0.009748718077755734,1.0,true,true,858.6631988328841,-0.049484167709579197,,,NaN,false,false,false
2202,858.6540827900171,0.008868432713119715,1.0,true,true,858.657429078897,-0.0033462888799249413,,,NaN,false,false,false
2203,858.6697241514921,0.007842895617169702,1.0,true,true,858.6516607291351,0.018063422357045056,,,NaN,false,false,false
2204,858.6217844337225,0.008336361274174973,1.0,true,true,858.6458937700062,-0.02410933628368639,,,NaN,false,false,false
2205,858.5424593538046,0.008988548044799642,1.0,true,true,858.6401281879189,-0.09766883411430172,,,NaN,false,false,false
2206,858.4182699918747,0.009171450838374898,1.0,true,true,858.6343639692814,-0.2160939774066719,,,NaN,false,false,false
2207,858.4136690795422,0.010104169334055195,1.0,true,true,858.6286011005022,-0.21493202096007735,,,NaN,false,false,false
2208,858.456549629569,0.01189458347216539,1.0,true,true,858.6228395679896,-0.16628993842050477,,,NaN,false,false,false
2209,858.485045671463,0.0133851172906422,1.0,true,true,858.6170793581518,-0.1320336866888283,,,NaN,false,false,false
2210,858.4718252718449,0.013593992310286343,1.0,true,true,858.6113204573974,-0.13949518555250506,,,NaN,false,false,false
2211,858.4479379802942,0.012868863886829337,1.0,true,true,858.6055628521347,-0.15762487184042584,,,NaN,false,false,false
2212,858.4440326839685,0.011704081444564342,1.0,true,true,858.5998065287719,-0.15577384480332057,,,NaN,false,false,false
2213,858.4614277631044,0.010127775791944611,1.0,true,true,858.5940514737174,-0.13262371061296108,,,NaN,false,false,false
2214,858.4930188655853,0.008502785417556344,1.0,true,true,858.5882976733797,-0.09527880779432962,,,NaN,false,false,false
2215,858.536788597703,0.009658308842645486,1.0,true,true,858.5825451141669,-0.04575651646393908,,,NaN,false,false,false
2216,858.5270409286022,0.010309429184181729,1.0,true,true,858.5767937824874,-0.04975285388513839,,,NaN,false,false,false
2217,858.5070822834969,0.011474972696933644,1.0,true,true,858.5710436647496,-0.06396138125273865,,,NaN,false,false,false
2218,858.4036580622196,0.011990266856383505,1.0,true,true,858.565294747362,-0.1616366851424118,,,NaN,false,false,false
2219,858.3609017729759,0.012376245985087615,1.0,true,true,858.559547016733,-0.19864524375702786,,,NaN,false,false,false
2220,858.3805274069309,0.011709370021725512,1.0,true,true,858.5538004592704,-0.1732730523394821,,,NaN,false,false,false
2221,858.3941054046154,0.010296064553928466,1.0,true,true,858.5480550613831,-0.1539496567677361,,,NaN,false,false,false
2222,858.3526566177607,0.009402564611903303,1.0,true,true,858.542310809479,-0.18965419171831854,,,NaN,false,false,false
2223,858.2755348533392,0.009328152746682422,1.0,true,true,858.5365676899671,-0.2610328366279191,,,NaN,false,false,false
2224,858.1909828111529,0.009830977983242692,1.0,true,true,858.5308256892549,-0.3398428781019902,,,NaN,false,false,false
2225,858.1366773545742,0.01073511066230272,1.0,true,true,858.5250847937516,-0.3884074391773993,,,NaN,false,false,false
2226,858.1457912102342,0.011167210512215647,1.0,true,true,858.519344989865,-0.3735537796308108,,,NaN,false,false,false
2227,858.2113930881023,0.010729593229567983,1.0,true,true,858.5136062640034,-0.30221317590110175,,,NaN,false,false,false
2228,858.334066927433,0.010038778647570015,1.0,true,true,858.5078686025756,-0.17380167514261302,,,NaN,false,false,false
2229,858.5000728219748,0.010513971052727866,1.0,true,true,858.5021319919896,-0.0020591700148315795,,,NaN,false,false,false
2230,858.5803764462471,0.010766228431532349,1.0,true,true,858.4963964186537,0.08398002759338397,,,NaN,false,false,false
2231,858.5513058006763,0.01954653067845397,1.0,true,true,858.4906618689765,0.06064393169981486,,,NaN,false,false,false
2232,858.5063126981258,0.012245695309711115,1.0,true,true,858.4849283293662,0.021384368759640893,,,NaN,false,false,false
2233,858.4060373157263,0.01048439076697672,1.0,true,true,858.4791957862311,-0.07315847050483626,,,NaN,false,false,false
2234,858.3210864216089,0.00873345658578551,1.0,true,true,858.4734642259797,-0.15237780437075799,,,NaN,false,false,false
2235,858.2719741612673,0.0076815835997840485,1.0,true,true,858.4677336350202,-0.1957594737529007,,,NaN,false,false,false
2236,858.2859014570713,0.008226989485650567,1.0,true,true,858.4620039997612,-0.1761025426899323,,,NaN,false,false,false
2237,858.323896035552,0.009484501776676021,1.0,true,true,858.4562753066107,-0.1323792710586531,,,NaN,false,false,false
2238,858.3442446738482,0.010336006323613764,1.0,true,true,858.4505475419774,-0.10630286812920531,,,NaN,false,false,false
2239,858.3547048866749,0.010785597780962474,1.0,true,true,858.4448206922691,-0.09011580559422327,,,NaN,false,false,false
2240,858.3622924685478,0.010929652856639265,1.0,true,true,858.4390947438945,-0.07680227534672213,,,NaN,false,false,false
2241,858.3260059654713,0.010082533695848944,1.0,true,true,858.4333696832622,-0.10736371779091769,,,NaN,false,false,false
2242,858.245565906167,0.008624414872769675,1.0,true,true,858.4276454967803,-0.18207959061328438,,,NaN,false,false,false
2243,858.1642896011472,0.007992847789616616,1.0,true,true,858.421922170857,-0.25763256970981274,,,NaN,false,false,false
2244,858.109530877322,0.007324726614472247,1.0,true,true,858.4161996919008,-0.3066688145788703,,,NaN,false,false,false
2245,858.0841593444347,0.007526486211959986,1.0,true,true,858.4104780463201,-0.32631870188538414,,,NaN,false,false,false
2246,858.0926596969366,0.009314361404749972,1.0,true,true,858.4047572205232,-0.3120975235865444,,,NaN,false,false,false
2247,858.1127870827913,0.010517391271510664,1.0,true,true,858.3990372009183,-0.2862501181269863,,,NaN,false,false,false
2248,858.1333537995815,0.01016868836609387,1.0,true,true,858.3933179739139,-0.2599641743323673,,,NaN,false,false,false
2249,858.173673838377,0.00957600688037594,1.0,true,true,858.3875995259186,-0.21392568754163221,,,NaN,false,false,false
2250,858.2003598213196,0.008954143352181289,1.0,true,true,858.3818818433402,-0.18152202202065837,,,NaN,false,false,false
2251,858.1357355043292,0.008401030664480318,1.0,true,true,858.3761649125875,-0.240429408258251,,,NaN,false,false,false
2252,858.0420041251928,0.008587675940493686,1.0,true,true,858.3704487200683,-0.3284445948755774,,,NaN,false,false,false
2253,857.958194617182,0.008827332394708759,1.0,true,true,858.3647332521916,-0.4065386350096105,,,NaN,false,false,false
2254,857.8926948681474,0.008687497837063888,1.0,true,true,858.3590184953654,-0.4663236272180029,,,NaN,false,false,false
2255,857.8475526571274,0.008597786185846883,1.0,true,true,858.3533044359983,-0.5057517788709447,,,NaN,false,false,false
2256,857.8233046978712,0.008506368293154532,1.0,true,false,NaN,NaN,,,NaN,false,false,false
2257,857.8428142815828,0.008170107389349193,1.0,true,false,NaN,NaN,,,NaN,false,false,false
2258,857.8965704068542,0.008209840338625018,1.0,true,false,NaN,NaN,,,NaN,false,false,false
2259,857.9431596267968,0.008587930550513321,1.0,true,false,NaN,NaN,,,NaN,false,false,false
2260,857.9596359655261,0.00881183915489211,1.0,true,false,NaN,NaN,,,NaN,false,false,false
2261,857.956536423415,0.009143646428783497,1.0,true,false,NaN,NaN,,,NaN,false,false,false
2262,857.9682761970907,0.009748260953195306,1.0,true,false,NaN,NaN,,,NaN,false,false,false
2263,857.9938236628659,0.009908847474249543,1.0,true,false,NaN,NaN,,,NaN,false,false,false
2264,858.032603174448,0.009745398915447394,1.0,true,false,NaN,NaN,,,NaN,false,false,false
2265,858.0785446092486,0.009685440491551147,1.0,true,false,NaN,NaN,,,NaN,false,false,false
2266,858.1047053188086,0.010274548680842396,1.0,true,false,NaN,NaN,,,NaN,false,false,false
2267,858.0515080168843,0.010309847374154213,1.0,true,false,NaN,NaN,,,NaN,false,false,false
2268,857.9768161214888,0.009422228047316213,1.0,true,false,NaN,NaN,,,NaN,false,false,false
2269,857.9471102189273,0.008712462032281112,1.0,true,false,NaN,NaN,,,NaN,false,false,false
2270,857.9667001832277,0.008389658244057123,1.0,true,false,NaN,NaN,,,NaN,false,false,false
2271,858.0251328432932,0.008591140597340587,1.0,true,false,NaN,NaN,,,NaN,false,false,false
2272,858.09433003515,0.00899659916281979,1.0,true,false,NaN,NaN,,,NaN,false,false,false
2273,858.130596794188,0.009007188141036938,1.0,true,false,NaN,NaN,,,NaN,false,false,false
2274,858.1109538786113,0.008689045122751697,1.0,true,false,NaN,NaN,,,NaN,false,false,false
2275,858.0371727012098,0.008256724338997514,1.0,true,false,NaN,NaN,,,NaN,false,false,false
2276,857.9171186424792,0.00841859494700838,1.0,true,false,NaN,NaN,,,NaN,false,false,false
2277,857.8084605559707,0.009509344835419393,1.0,true,false,NaN,NaN,,,NaN,false,false,false
2278,857.8024418652058,0.009184410558287804,1.0,true,false,NaN,NaN,,,NaN,false,false,false
2279,857.8377453312278,0.008152328704579987,1.0,true,false,NaN,NaN,,,NaN,false,false,false
2280,857.863787829876,0.007921573336435941,1.0,true,false,NaN,NaN,,,NaN,false,false,false
2281,857.8948403336108,0.008633716937858213,1.0,true,false,NaN,NaN,,,NaN,false,false,false
2282,857.9545506983995,0.00944274505928278,1.0,true,false,NaN,NaN,,,NaN,false,false,false
2283,858.0081580500118,0.010019265983072692,1.0,true,false,NaN,NaN,,,NaN,false,false,false
2284,858.0127054047771,0.010213932060817056,1.0,true,false,NaN,NaN,,,NaN,false,false,false
2285,858.0007525734545,0.010016788891934084,1.0,true,false,NaN,NaN,,,NaN,false,false,false
2286,858.0102022471838,0.009212494603132771,1.0,true,false,NaN,NaN,,,NaN,false,false,false
2287,858.0238963989541,0.008213301524880479,1.0,true,false,NaN,NaN,,,NaN,false,false,false
2288,858.0006901026063,0.007577964796051973,1.0,true,false,NaN,NaN,,,NaN,false,false,false
2289,857.9376718197018,0.007632085570416508,1.0,true,false,NaN,NaN,,,NaN,false,false,false
2290,857.89907951653,0.008262177387173296,1.0,true,false,NaN,NaN,,,NaN,false,false,false
2291,857.9189214706421,0.008867507131594132,1.0,true,false,NaN,NaN,,,NaN,false,false,false
2292,857.9484144803137,0.009646837670574691,1.0,true,false,NaN,NaN,,,NaN,false,false,false
2293,857.9689239822328,0.010271484556229058,1.0,true,false,NaN,NaN,,,NaN,false,false,false
2294,857.9821026418358,0.01010497351012716,1.0,true,false,NaN,NaN,,,NaN,false,false,false
2295,857.987276324071,0.010039606491149149,1.0,true,false,NaN,NaN,,,NaN,false,false,false
2296,857.9788951547816,0.010805242055664606,1.0,true,false,NaN,NaN,,,NaN,false,false,false
2297,857.9613102506846,0.01124651864124008,1.0,true,false,NaN,NaN,,,NaN,false,false,false
2298,857.9336086921394,0.011849716941987649,1.0,true,false,NaN,NaN,,,NaN,false,false,false
2299,857.9086565673351,0.012985384451339161,1.0,true,false,NaN,NaN,,,NaN,false,false,false
2300,857.8951786532998,0.013697116530186595,1.0,true,false,NaN,NaN,,,NaN,false,false,false
2301,857.911453101784,0.01343560217008184,1.0,true,false,NaN,NaN,,,NaN,false,false,false
2302,857.9906893898733,0.012221168188339328,1.0,true,false,NaN,NaN,,,NaN,false,false,false
2303,858.0953545831144,0.010878084534495165,1.0,true,false,NaN,NaN,,,NaN,false,false,false
2304,858.1494404226542,0.00965416731759951,1.0,true,false,NaN,NaN,,,NaN,false,false,false
2305,858.1214837282896,0.00870742876798412,1.0,true,false,NaN,NaN,,,NaN,false,false,false
2306,858.0496866777539,0.00882431013631702,1.0,true,false,NaN,NaN,,,NaN,false,false,false
2307,857.9981943901512,0.009760639059365982,1.0,true,false,NaN,NaN,,,NaN,false,false,false
2308,857.9858910623007,0.010229865594208352,1.0,true,false,NaN,NaN,,,NaN,false,false,false
2309,857.9921321943402,0.009775260079743331,1.0,true,false,NaN,NaN,,,NaN,false,false,false
2310,858.0030809661839,0.0094278865303758,1.0,true,false,NaN,NaN,,,NaN,false,false,false
2311,858.0221426850185,0.009811473650746494,1.0,true,false,NaN,NaN,,,NaN,false,false,false
2312,858.0476994160563,0.010380548712241701,1.0,true,false,NaN,NaN,,,NaN,false,false,false
2313,858.061011467129,0.010758368322457166,1.0,true,false,NaN,NaN,,,NaN,false,false,false
2314,858.0364488009363,0.011086701936090897,1.0,true,false,NaN,NaN,,,NaN,false,false,false
2315,857.9870145479217,0.011216222227585518,1.0,true,false,NaN,NaN,,,NaN,false,false,false
2316,857.9307808242738,0.010442587351911019,1.0,true,false,NaN,NaN,,,NaN,false,false,false
2317,857.8550116866827,0.010045748419306909,1.0,true,false,NaN,NaN,,,NaN,false,false,false
2318,857.7803955823183,0.010421024457870954,1.0,true,false,NaN,NaN,,,NaN,false,false,false
2319,857.7479135096073,0.010488102773721988,1.0,true,false,NaN,NaN,,,NaN,false,false,false
2320,857.7773060947657,0.009479122149935383,1.0,true,false,NaN,NaN,,,NaN,false,false,false
2321,857.8330953940749,0.008340874518570471,1.0,true,false,NaN,NaN,,,NaN,false,false,false
2322,857.8628165498376,0.008047972431170822,1.0,true,false,NaN,NaN,,,NaN,false,false,false
2323,857.8526872694492,0.008610017124565257,1.0,true,false,NaN,NaN,,,NaN,false,false,false
2324,857.8298489078879,0.00913818331102229,1.0,true,false,NaN,NaN,,,NaN,false,false,false
2325,857.810517936945,0.008931668075181622,1.0,true,false,NaN,NaN,,,NaN,false,false,false
2326,857.7971641346812,0.008432726731252775,1.0,true,false,NaN,NaN,,,NaN,false,false,false
2327,857.8021045848727,0.00866328564400922,1.0,true,false,NaN,NaN,,,NaN,false,false,false
2328,857.8009651973844,0.009494969778618563,1.0,true,false,NaN,NaN,,,NaN,false,false,false
2329,857.7567407339811,0.009932816892128653,1.0,true,false,NaN,NaN,,,NaN,false,false,false
2330,857.7090763449669,0.009370292876510134,1.0,true,false,NaN,NaN,,,NaN,false,false,false
2331,857.680922627449,0.008761407475318507,1.0,true,false,NaN,NaN,,,NaN,false,false,false
2332,857.687567487359,0.008893670387374842,1.0,true,false,NaN,NaN,,,NaN,false,false,false
2333,857.7261711210012,0.009589714194218486,1.0,true,false,NaN,NaN,,,NaN,false,false,false
2334,857.7785599082708,0.010861411294722786,1.0,true,false,NaN,NaN,,,NaN,false,false,false
2335,857.8099423274398,0.01185600583908904,1.0,true,false,NaN,NaN,,,NaN,false,false,false
2336,857.8052601441741,0.012048164807005003,1.0,true,false,NaN,NaN,,,NaN,false,false,false
2337,857.7687602341175,0.011489772586400037,1.0,true,false,NaN,NaN,,,NaN,false,false,false
2338,857.7112498283386,0.010358650717395137,1.0,true,false,NaN,NaN,,,NaN,false,false,false
2339,857.6591475903988,0.009155765378052506,1.0,true,false,NaN,NaN,,,NaN,false,false,false
2340,857.645590543747,0.008358033199072992,1.0,true,false,NaN,NaN,,,NaN,false,false,false
2341,857.6831024289131,0.008477477151835545,1.0,true,false,NaN,NaN,,,NaN,false,false,false
2342,857.7377391904593,0.009107258667274588,1.0,true,false,NaN,NaN,,,NaN,false,false,false
2343,857.802897810936,0.0092303016435865,1.0,true,false,NaN,NaN,,,NaN,false,false,false
2344,857.8488656207919,0.008991339978243532,1.0,true,false,NaN,NaN,,,NaN,false,false,false
2345,857.8143246844411,0.008945662122774136,1.0,true,false,NaN,NaN,,,NaN,false,false,false
2346,857.6998709142208,0.009926519660151489,1.0,true,false,NaN,NaN,,,NaN,false,false,false
2347,857.5774580836296,0.011443513150168616,1.0,true,false,NaN,NaN,,,NaN,false,false,false
2348,857.5521624982357,0.022010165744525786,1.0,true,false,NaN,NaN,,,NaN,false,false,false
2349,857.5614314973354,0.01889850779248274,1.0,true,false,NaN,NaN,,,NaN,false,false,false
2350,857.5443359166384,0.012971212023348817,1.0,true,false,NaN,NaN,,,NaN,false,false,false
2351,857.6168539375067,0.011537173468645462,1.0,true,false,NaN,NaN,,,NaN,false,false,false
2352,857.6447514295578,0.010446625478152742,1.0,true,false,NaN,NaN,,,NaN,false,false,false
2353,857.5742840021849,0.010659729091657473,1.0,true,false,NaN,NaN,,,NaN,false,false,false
2354,857.5298960804939,0.01131205713935235,1.0,true,false,NaN,NaN,,,NaN,false,false,false
2355,857.5131566524506,0.011636378356329765,1.0,true,false,NaN,NaN,,,NaN,false,false,false
2356,857.5264377743006,0.012759699532396394,1.0,true,false,NaN,NaN,,,NaN,false,false,false
2357,857.5851878076792,0.012427621255135909,1.0,true,false,NaN,NaN,,,NaN,false,false,false
2358,857.5920915007591,0.012137592174651983,1.0,true,false,NaN,NaN,,,NaN,false,false,false
2359,857.5370040386915,0.011636881410892167,1.0,true,false,NaN,NaN,,,NaN,false,false,false
2360,857.508855253458,0.012289040542682475,1.0,true,false,NaN,NaN,,,NaN,false,false,false
2361,857.5071404874325,0.012423649336230982,1.0,true,false,NaN,NaN,,,NaN,false,false,false
2362,857.5240978896618,0.02780797981685832,1.0,true,false,NaN,NaN,,,NaN,false,false,false
2363,857.5285841375589,0.012451488854095824,1.0,true,false,NaN,NaN,,,NaN,false,false,false
2364,857.5286162495613,0.018033376608595685,1.0,true,false,NaN,NaN,,,NaN,false,false,false
2365,857.542791724205,0.011188619918324746,1.0,true,false,NaN,NaN,,,NaN,false,false,false
2366,857.5002442449331,0.010099968571776414,1.0,true,false,NaN,NaN,,,NaN,false,false,false
2367,857.4780982881784,0.009753921702065425,1.0,true,false,NaN,NaN,,,NaN,false,false,false
2368,857.4606607407331,0.009458552780039946,1.0,true,false,NaN,NaN,,,NaN,false,false,false
2369,857.4302602112293,0.009572885620187366,1.0,true,false,NaN,NaN,,,NaN,false,false,false
2370,857.3704201281071,0.00981917941230423,1.0,true,false,NaN,NaN,,,NaN,false,false,false
2371,857.2693449854851,0.009457400608792625,1.0,true,false,NaN,NaN,,,NaN,false,false,false
2372,857.1196154542267,0.00890572023515668,1.0,true,false,NaN,NaN,,,NaN,false,false,false
2373,856.9061358869076,0.008983268591828427,1.0,true,false,NaN,NaN,,,NaN,false,false,false
2374,856.7061974853277,0.010545959738306018,1.0,true,false,NaN,NaN,,,NaN,false,false,false
2375,856.6158016473055,0.011160607871506066,1.0,true,false,NaN,NaN,,,NaN,false,false,false
2376,856.7010820806026,0.009887111836493066,1.0,true,false,NaN,NaN,,,NaN,false,false,false
2377,856.8534443899989,0.009087723465145347,1.0,true,false,NaN,NaN,,,NaN,false,false,false
2378,856.973496241495,0.008847601914353088,1.0,true,false,NaN,NaN,,,NaN,false,false,false
2379,857.0286502372473,0.008413700207770871,1.0,true,false,NaN,NaN,,,NaN,false,false,false
2380,857.0299599152058,0.008508404898467799,1.0,true,false,NaN,NaN,,,NaN,false,false,false
2381,857.0025752546499,0.00910999144634604,1.0,true,false,NaN,NaN,,,NaN,false,false,false
2382,856.9444142580032,0.009723692975930866,1.0,true,false,NaN,NaN,,,NaN,false,false,false
2383,856.8456558585167,0.011819680241061932,1.0,true,false,NaN,NaN,,,NaN,false,false,false
2384,856.8253718167543,0.01368864277476768,1.0,true,false,NaN,NaN,,,NaN,false,false,false
2385,856.8635294511914,0.01283963914120258,1.0,true,false,NaN,NaN,,,NaN,false,false,false
2386,856.8629910349846,0.011881879268214076,1.0,true,false,NaN,NaN,,,NaN,false,false,false
2387,856.8624180853367,0.008986917599352355,1.0,true,false,NaN,NaN,,,NaN,false,false,false
2388,856.8173111975193,0.007459092627771123,1.0,true,false,NaN,NaN,,,NaN,false,false,false
2389,856.7023589909077,0.010436029999408618,1.0,true,false,NaN,NaN,,,NaN,false,false,false
2390,856.7441486418247,0.008211166837301307,1.0,true,false,NaN,NaN,,,NaN,false,false,false
2391,856.7664282247424,0.008290440638359308,1.0,true,false,NaN,NaN,,,NaN,false,false,false
2392,856.8001832589507,0.008530130722952525,1.0,true,false,NaN,NaN,,,NaN,false,false,false
2393,856.8299604207277,0.008370508087901914,1.0,true,false,NaN,NaN,,,NaN,false,false,false
2394,856.8040119186044,0.008337722064883953,1.0,true,false,NaN,NaN,,,NaN,false,false,false
2395,856.7580396905541,0.008820142408820132,1.0,true,false,NaN,NaN,,,NaN,false,false,false
2396,856.7407326251268,0.008849944264392012,1.0,true,false,NaN,NaN,,,NaN,false,false,false
2397,856.728820219636,0.008798858328677928,1.0,true,false,NaN,NaN,,,NaN,false,false,false
2398,856.6581011861563,0.010048128872013905,1.0,true,false,NaN,NaN,,,NaN,false,false,false
2399,856.5314688682556,0.011769043969944305,1.0,true,false,NaN,NaN,,,NaN,false,false,false
2400,856.3072329610586,0.009862081182623248,1.0,true,false,NaN,NaN,,,NaN,false,false,false
2401,856.150077983737,0.009808519287970193,1.0,true,false,NaN,NaN,,,NaN,false,false,false
2402,856.1245048977435,0.011084059697193182,1.0,true,false,NaN,NaN,,,NaN,false,false,false
2403,856.2326439246535,0.013602676919412804,1.0,true,false,NaN,NaN,,,NaN,false,false,false
2404,856.3348354101181,0.014181311496398983,1.0,true,false,NaN,NaN,,,NaN,false,false,false
2405,856.3195324838161,0.012508583471787038,1.0,true,false,NaN,NaN,,,NaN,false,false,false
2406,856.2735642194748,0.011185262724908464,1.0,true,false,NaN,NaN,,,NaN,false,false,false
2407,856.2133377715945,0.00860432002348645,1.0,true,false,NaN,NaN,,,NaN,false,false,false
2408,856.1908200159669,0.0070601840039821884,1.0,true,false,NaN,NaN,,,NaN,false,false,false
2409,856.3148764669895,0.007307108347286209,1.0,true,false,NaN,NaN,,,NaN,false,false,false
2410,856.5425828397274,0.008335273518941184,1.0,true,false,NaN,NaN,,,NaN,false,false,false
2411,856.7008453458548,0.0087201548137142,1.0,true,false,NaN,NaN,,,NaN,false,false,false
2412,856.7138538211584,0.01039847185446624,1.0,true,false,NaN,NaN,,,NaN,false,false,false
2413,856.6773954927921,0.011317909356358381,1.0,true,false,NaN,NaN,,,NaN,false,false,false
2414,856.6407964527607,0.010335631188684156,1.0,true,false,NaN,NaN,,,NaN,false,false,false
2415,856.6345577836037,0.009257847529541407,1.0,true,false,NaN,NaN,,,NaN,false,false,false
2416,856.6461662352085,0.009826999000238703,1.0,true,false,NaN,NaN,,,NaN,false,false,false
2417,856.6632218658924,0.01023829339269973,1.0,true,false,NaN,NaN,,,NaN,false,false,false
2418,856.6767886132002,0.009522383366730457,1.0,true,false,NaN,NaN,,,NaN,false,false,false
2419,856.6685646623373,0.009739645875346646,1.0,true,false,NaN,NaN,,,NaN,false,false,false
2420,856.6512904167175,0.01010258349578253,1.0,true,false,NaN,NaN,,,NaN,false,false,false
2421,856.6668469160795,0.0072665853770801005,1.0,true,false,NaN,NaN,,,NaN,false,false,false
2422,856.7724910452962,0.007327198637096164,1.0,true,false,NaN,NaN,,,NaN,false,false,false
2423,856.9349678978324,0.3449081782463743,1.0,true,false,NaN,NaN,,,NaN,false,false,false
2424,856.1879653483629,0.0,0.02,false,false,NaN,NaN,,,NaN,false,false,false
2425,NaN,NaN,0.0,false,false,NaN,NaN,,,NaN,false,false,false
2426,NaN,NaN,0.0,false,false,NaN,NaN,,,NaN,false,false,false
2427,NaN,NaN,0.0,false,false,NaN,NaN,,,NaN,false,false,false
2428,NaN,NaN,0.0,false,false,NaN,NaN,,,NaN,false,false,false
2429,NaN,NaN,0.0,false,false,NaN,NaN,,,NaN,false,false,false
2430,NaN,NaN,0.0,false,false,NaN,NaN,,,NaN,false,false,false
2431,NaN,NaN,0.0,false,false,NaN,NaN,,,NaN,false,false,false
2432,NaN,NaN,0.0,false,false,NaN,NaN,,,NaN,false,false,false
2433,NaN,NaN,0.0,false,false,NaN,NaN,,,NaN,false,false,false
2434,NaN,NaN,0.0,false,false,NaN,NaN,,,NaN,false,false,false
2435,NaN,NaN,0.0,false,false,NaN,NaN,,,NaN,false,false,false
2436,NaN,NaN,0.0,false,false,NaN,NaN,,,NaN,false,false,false
2437,NaN,NaN,0.0,false,false,NaN,NaN,,,NaN,false,false,false
2438,NaN,NaN,0.0,false,false,NaN,NaN,,,NaN,false,false,false
2439,NaN,NaN,0.0,false,false,NaN,NaN,,,NaN,false,false,false
2440,NaN,NaN,0.0,false,false,NaN,NaN,,,NaN,false,false,false
2441,NaN,NaN,0.0,false,false,NaN,NaN,,,NaN,false,false,false
2442,NaN,NaN,0.0,false,false,NaN,NaN,,,NaN,false,false,false
2443,NaN,NaN,0.0,false,false,NaN,NaN,,,NaN,false,false,false
2444,NaN,NaN,0.0,false,false,NaN,NaN,,,NaN,false,false,false
2445,NaN,NaN,0.0,false,false,NaN,NaN,,,NaN,false,false,false
2446,NaN,NaN,0.0,false,false,NaN,NaN,,,NaN,false,false,false
2447,NaN,NaN,0.0,false,false,NaN,NaN,,,NaN,false,false,false
