u,v,Xc_mm,Yc_mm,Zc_mm,Xg_mm,Yg_mm,Zg_mm
2132.984185,141.000000,6.113451,-133.283631,713.370948,6.104486,133.287577,0.336951
2132.442187,142.000000,6.059306,-133.154786,713.202511,6.042901,133.157358,0.501737
2132.387843,143.000000,6.053891,-133.055089,713.189994,6.036968,133.057562,0.513183
2132.366480,144.000000,6.051771,-132.957362,713.188019,6.034798,132.959822,0.514262
2132.438137,145.000000,6.058944,-132.865177,713.215776,6.043240,132.867868,0.486101
2132.530528,146.000000,6.068189,-132.774220,713.250163,6.054049,132.777195,0.451420
2132.522850,147.000000,6.067437,-132.677300,713.252559,6.053440,132.680297,0.448200
2132.524015,148.000000,6.067567,-132.580905,713.257780,6.053839,132.583949,0.442202
2132.480624,149.000000,6.063247,-132.481862,713.248757,6.049155,132.484835,0.450213
2132.470867,150.000000,6.062286,-132.384818,713.250485,6.048309,132.387808,0.447650
2132.531623,151.000000,6.068371,-132.291956,713.274755,6.055508,132.295149,0.422918
2132.527093,152.000000,6.067933,-132.195219,713.278152,6.055258,132.198442,0.418714
2132.522228,153.000000,6.067461,-132.098460,713.281441,6.054969,132.101713,0.414617
2132.578502,154.000000,6.073099,-132.005320,713.304276,6.061658,132.008763,0.391296
2132.610524,155.000000,6.076313,-131.910739,713.319357,6.065579,131.914309,0.375601
2132.513153,156.000000,6.066598,-131.808506,713.293065,6.054734,131.811864,0.400595
2132.370403,157.000000,6.052350,-131.703600,713.252268,6.038712,131.706628,0.439854
2132.247044,158.000000,6.040041,-131.599851,713.217672,6.024905,131.602599,0.473014
2132.242684,159.000000,6.039620,-131.503128,713.221116,6.024673,131.505908,0.468765
2132.221033,160.000000,6.037472,-131.405386,713.219031,6.022470,131.408152,0.469952
2132.097523,161.000000,6.025149,-131.301648,713.184388,6.008646,131.304134,0.503160
2131.970221,162.000000,6.012449,-131.197697,713.148535,5.994392,131.199892,0.537557
2131.949563,163.000000,6.010400,-131.100024,713.146765,5.992301,131.102208,0.538434
2132.055588,164.000000,6.021003,-131.009792,713.185482,6.004661,131.012297,0.499495
2132.219539,165.000000,6.037394,-130.922952,713.242718,6.023630,130.925928,0.442342
2132.335908,166.000000,6.049034,-130.833306,713.284749,6.037172,130.836629,0.400142
2132.336015,167.000000,6.049059,-130.736833,713.289612,6.037451,130.740199,0.394496
2132.290757,168.000000,6.044552,-130.637701,713.279971,6.032553,130.640992,0.403115
2132.228247,169.000000,6.038322,-130.537563,713.264814,6.025687,130.540733,0.417159
2132.152680,170.000000,6.030787,-130.436665,713.245483,6.017331,130.439680,0.435308
2132.084954,171.000000,6.024037,-130.336231,713.228658,6.009871,130.339112,0.450992
2132.023595,172.000000,6.017922,-130.236174,713.213868,6.003137,130.238937,0.464674
2131.959187,173.000000,6.011504,-130.135943,713.198104,5.996056,130.138580,0.479316
2131.890104,174.000000,6.004618,-130.035444,713.180844,5.988442,130.037943,0.495427
2131.823851,175.000000,5.998016,-129.935115,713.164490,5.981151,129.937484,0.510649
2131.760447,176.000000,5.991699,-129.834957,713.149045,5.974185,129.837202,0.524976
2131.827027,177.000000,5.998362,-129.742363,713.175140,5.982043,129.744825,0.498449
2131.944940,178.000000,6.010152,-129.652747,713.217642,5.995758,129.655560,0.455786
2131.937484,179.000000,6.009422,-129.555837,713.220074,5.995172,129.558673,0.452531
2131.765079,181.000000,5.992232,-129.352882,713.174599,5.976039,129.355353,0.495531
2131.716006,182.000000,5.987346,-129.253566,713.163727,5.970707,129.255951,0.505360
2131.749296,183.000000,5.990685,-129.159022,713.179177,5.974768,129.161537,0.489303
2131.775919,184.000000,5.993358,-129.064088,713.192495,5.978070,129.066715,0.475342
2131.675016,185.000000,5.983296,-128.961778,713.165056,5.966827,128.964184,0.501466
2131.562714,186.000000,5.972096,-128.858817,713.133976,5.954285,128.860972,0.531171
2131.422875,187.000000,5.958149,-128.754276,713.094099,5.938604,128.756108,0.569527
2131.369511,188.000000,5.952835,-128.654733,713.081853,5.932784,128.656468,0.580709
2131.380389,189.000000,5.953935,-128.558896,713.090131,5.934289,128.560702,0.571704
2131.420097,190.000000,5.957914,-128.464717,713.107620,5.939081,128.466670,0.553641
2131.485876,191.000000,5.964495,-128.372034,713.133440,5.946846,128.374201,0.527385
2131.522038,192.000000,5.968120,-128.277642,713.149796,5.951234,128.279945,0.510437
2131.550553,193.000000,5.970981,-128.182805,713.163707,5.954750,128.185226,0.495892
2131.536321,194.000000,5.969574,-128.085510,713.163958,5.953391,128.087937,0.494784
2131.512961,195.000000,5.967256,-127.987692,713.161290,5.950991,127.990100,0.496545
2131.458709,196.000000,5.961853,-127.888103,713.148749,5.945069,127.890412,0.508017
2131.463271,197.000000,5.962323,-127.791888,713.155002,5.945854,127.794250,0.501005
2131.434151,198.000000,5.959430,-127.693742,713.150491,5.942797,127.696071,0.504579
2131.380400,199.000000,5.954077,-127.594189,713.138108,5.936932,127.596421,0.515896
2131.341771,200.000000,5.950235,-127.495504,713.130556,5.932792,127.497677,0.522461
2131.318594,201.000000,5.947935,-127.397704,713.127941,5.930413,127.399859,0.524171
2131.275305,202.000000,5.943627,-127.298757,713.118898,5.925741,127.300841,0.532202
2131.226212,203.000000,5.938741,-127.199481,713.108000,5.920408,127.201479,0.542058
2131.194194,204.000000,5.935559,-127.101182,713.102557,5.917021,127.103139,0.546549
2131.187765,205.000000,5.934931,-127.004341,713.105289,5.916552,127.006323,0.543000
2131.292888,206.000000,5.945439,-126.913845,713.143663,5.928801,126.916144,0.504397
2131.726473,208.000000,5.988762,-126.745515,713.291804,5.978775,126.749032,0.356973
2131.858543,209.000000,6.001968,-126.656512,713.338808,5.994104,126.660417,0.309881
2131.624327,210.000000,5.978590,-126.546713,713.268718,5.967652,126.550048,0.377955
2131.391769,211.000000,5.955382,-126.437029,713.199170,5.941394,126.439799,0.445494
2131.268959,212.000000,5.943135,-126.333582,713.164704,5.927654,126.336073,0.478530
2131.194279,213.000000,5.935694,-126.232868,713.145618,5.919402,126.235206,0.496440
2131.143896,214.000000,5.930678,-126.133534,713.134296,5.913921,126.135783,0.506714
2131.076170,215.000000,5.923932,-126.033223,713.117432,5.906463,126.035337,0.522438
2130.999202,216.000000,5.916263,-125.932395,713.097615,5.897952,125.934351,0.541066
2130.952719,217.000000,5.911638,-125.833293,713.087537,5.892916,125.835169,0.550116
2130.960417,218.000000,5.912420,-125.737247,713.094768,5.894057,125.739185,0.542143
2131.022698,219.000000,5.918650,-125.644272,713.119436,5.901420,125.646416,0.517019
2131.124829,220.000000,5.928859,-125.553535,713.156838,5.913326,125.555988,0.479371
2131.233840,221.000000,5.939756,-125.463175,713.196441,5.926018,125.465955,0.439558
2131.317886,222.000000,5.948161,-125.371401,713.228068,5.935864,125.374443,0.407589
2131.358112,223.000000,5.952192,-125.277159,713.245692,5.940715,125.280348,0.389394
2131.394549,224.000000,5.955844,-125.182699,713.262104,5.945133,125.186026,0.372390
2131.489594,225.000000,5.965349,-125.091522,713.297249,5.956235,125.095140,0.336961
2131.491102,226.000000,5.965514,-124.995094,713.302496,5.956670,124.998758,0.330939
2131.473833,227.000000,5.963804,-124.897614,713.301739,5.954964,124.901274,0.330822
2131.421239,228.000000,5.958566,-124.798157,713.289690,5.949228,124.801722,0.341810
2131.335213,229.000000,5.949991,-124.696835,713.266955,5.939680,124.700217,0.363310
2131.243867,230.000000,5.940884,-124.595222,713.242520,5.929527,124.598408,0.386481
2131.128659,231.000000,5.929397,-124.492284,713.210459,5.916653,124.495212,0.417152
2130.987629,232.000000,5.915333,-124.387917,713.170151,5.900836,124.390518,0.455936
2130.866523,233.000000,5.903259,-124.284671,713.136211,5.887292,124.286998,0.488456
2130.807709,234.000000,5.897403,-124.184902,713.122175,5.880850,124.187117,0.501400
2130.786965,235.000000,5.895346,-124.087255,713.120300,5.878748,124.089458,0.502382
2130.790280,236.000000,5.895691,-123.990946,713.126111,5.879388,123.993199,0.495805
2130.821100,237.000000,5.898781,-123.896162,713.140709,5.883163,123.898538,0.480586
2130.876222,238.000000,5.904297,-123.802723,713.163070,5.889709,123.805286,0.457730
2130.901979,239.000000,5.906882,-123.707650,713.176049,5.892907,123.710322,0.444103
2130.916143,240.000000,5.908310,-123.611932,713.185323,5.894784,123.614683,0.434120
2130.957458,241.000000,5.912448,-123.517714,713.203272,5.899756,123.520615,0.415605
2130.966701,242.000000,5.913384,-123.421717,713.210972,5.901072,123.424685,0.407170
2130.898446,243.000000,5.906585,-123.321435,713.193906,5.893552,123.324266,0.423094
2130.824876,244.000000,5.899256,-123.220863,713.175141,5.885427,123.223544,0.440688
2130.797983,245.000000,5.896586,-123.122873,713.171291,5.882623,123.125526,0.443614
2130.910496,246.000000,5.907830,-123.032572,713.211985,5.895711,123.035561,0.402728
2131.151733,247.000000,5.931927,-122.949356,713.293822,5.923479,122.953017,0.321374
2131.486562,248.000000,5.965377,-122.871276,713.405599,5.961927,122.875854,0.210572
2131.844987,249.000000,6.001193,-122.794471,713.524956,6.003080,122.800029,0.092315
2132.082898,250.000000,6.024979,-122.711007,713.605796,6.030492,122.717230,0.011941
2132.160866,251.000000,6.032785,-122.618728,713.635479,6.039653,122.625197,-0.018117
2132.163503,252.000000,6.033064,-122.522302,713.641062,6.040217,122.528819,-0.024470
2132.159842,253.000000,6.032712,-122.425528,713.644629,6.040061,122.432078,-0.028840
2132.133047,254.000000,6.030049,-122.327484,713.640794,6.037265,122.334006,-0.025930
2132.099511,255.000000,6.026713,-122.229072,713.634801,6.033700,122.235548,-0.020897
2132.092809,256.000000,6.026058,-122.132132,713.637392,6.033197,122.138632,-0.024307
2132.105772,257.000000,6.027368,-122.036267,713.646272,6.034938,122.042843,-0.033904
2132.114191,258.000000,6.028224,-121.940151,713.653699,6.036161,121.946792,-0.042070
2132.113760,259.000000,6.028196,-121.843550,713.658293,6.036374,121.850232,-0.047450
2132.118920,260.000000,6.028727,-121.747254,713.664674,6.037225,121.753990,-0.054589
2132.122165,261.000000,6.029066,-121.650851,713.670442,6.037858,121.657638,-0.061124
2132.121045,262.000000,6.028968,-121.554208,713.674812,6.037992,121.561035,-0.066284
2132.135104,263.000000,6.030388,-121.458392,713.684038,6.039858,121.465297,-0.076220
2132.182356,264.000000,6.035126,-121.364380,713.703884,6.045514,121.371451,-0.096602
2132.244839,265.000000,6.041385,-121.271192,713.728603,6.052908,121.278467,-0.121777
2132.277534,266.000000,6.044668,-121.176378,713.743790,6.056902,121.183781,-0.137577
2132.244949,267.000000,6.041426,-121.078014,713.738087,6.053444,121.085374,-0.132829
2132.163350,268.000000,6.033286,-120.976993,713.716698,6.044391,120.984181,-0.112653
2132.083628,269.000000,6.025333,-120.876080,713.695911,6.035553,120.883101,-0.093068
2132.018926,270.000000,6.018882,-120.775986,713.679929,6.028429,120.782880,-0.078210
2131.970568,271.000000,6.014064,-120.676781,713.669176,6.023172,120.683591,-0.068495
2131.938240,272.000000,6.010849,-120.578447,713.663550,6.019743,120.585214,-0.063823
2131.921954,273.000000,6.009236,-120.480981,713.663056,6.018146,120.487747,-0.064199
2131.927326,274.000000,6.009788,-120.384685,713.669490,6.019020,120.391507,-0.071389
2131.942129,275.000000,6.011282,-120.288896,713.678941,6.020971,120.295798,-0.081545
2131.926478,276.000000,6.009733,-120.191463,713.678646,6.019446,120.198366,-0.082117
2131.858719,277.000000,6.002977,-120.091223,713.661680,6.011974,120.097991,-0.066291
2131.756762,278.000000,5.992805,-119.989149,713.633774,6.000600,119.995691,-0.039704
2131.681118,279.000000,5.985262,-119.888497,713.614285,5.992229,119.894883,-0.021396
2131.696171,280.000000,5.986780,-119.792723,713.623809,5.994208,119.799190,-0.031625
2131.764386,281.000000,5.993610,-119.699800,713.650337,6.002253,119.706488,-0.058580
2131.812678,282.000000,5.998450,-119.605802,713.670493,6.008025,119.612658,-0.079267
2131.803753,283.000000,5.997573,-119.508732,713.672343,6.007267,119.515606,-0.081947
2131.767737,284.000000,5.993990,-119.410211,713.665525,6.003418,119.417032,-0.076102
2131.752493,285.000000,5.992481,-119.312803,713.665351,6.001939,119.319627,-0.076793
2131.762514,286.000000,5.993497,-119.216746,713.673259,6.003343,119.223638,-0.085432
2131.768599,287.000000,5.994120,-119.120477,713.679906,6.004298,119.127426,-0.092832
2131.762823,288.000000,5.993558,-119.023573,713.682758,6.003899,119.030549,-0.096499
2131.739750,289.000000,5.991267,-118.925746,713.680075,6.001527,118.932703,-0.094721
2131.698730,290.000000,5.987183,-118.826964,713.671650,5.997106,118.833855,-0.087294
2131.690885,291.000000,5.986414,-118.729950,713.673836,5.996471,118.736863,-0.090306
2131.724130,292.000000,5.989751,-118.635122,713.689168,6.000526,118.642164,-0.106248
2131.713355,293.000000,5.988689,-118.537950,713.690415,5.999556,118.545005,-0.108336
2131.642534,294.000000,5.981628,-118.437588,713.672450,5.991735,118.444500,-0.091527
2131.559730,295.000000,5.973370,-118.336596,713.650653,5.982546,118.343332,-0.070947
2131.558387,296.000000,5.973251,-118.239929,713.654914,5.982653,118.246704,-0.076000
2131.541158,297.000000,5.971544,-118.142420,713.654092,5.980948,118.149191,-0.076052
2131.551702,298.000000,5.972612,-118.046381,713.662154,5.982411,118.053221,-0.084843
2131.543933,299.000000,5.971851,-117.949372,713.664356,5.981784,117.956233,-0.087870
2131.513058,300.000000,5.968781,-117.851141,713.659165,5.978521,117.857963,-0.083625
2131.463032,301.000000,5.963798,-117.751900,713.647847,5.973073,117.758633,-0.073354
2131.427034,302.000000,5.960217,-117.653403,713.641016,5.969225,117.660083,-0.067495
2131.437581,303.000000,5.961285,-117.557361,713.649072,5.970689,117.564110,-0.076281
2131.464179,304.000000,5.963957,-117.462163,713.662263,5.973983,117.469023,-0.090116
2131.465363,305.000000,5.964090,-117.365624,713.667322,5.974378,117.372529,-0.095954
2131.430142,306.000000,5.960586,-117.267169,713.660735,5.970619,117.274023,-0.090335
2131.396381,307.000000,5.957229,-117.168793,713.654613,5.967026,117.175600,-0.085175
2131.394648,308.000000,5.957070,-117.072100,713.658736,5.967088,117.078944,-0.090091
2131.418098,309.000000,5.959428,-116.976727,713.670914,5.970023,116.983675,-0.102931
2131.447156,310.000000,5.962345,-116.881645,713.684885,5.973598,116.888710,-0.117534
2131.462768,311.000000,5.963919,-116.785855,713.694554,5.975639,116.793003,-0.127905
2131.466905,312.000000,5.964348,-116.689463,713.700550,5.976371,116.696662,-0.134665
2131.477424,313.000000,5.965413,-116.593402,713.708588,5.977830,116.600671,-0.143431
2131.489856,314.000000,5.966670,-116.497440,713.717236,5.979508,116.504782,-0.152799
2131.467531,315.000000,5.964455,-116.399660,713.714764,5.977220,116.406986,-0.151228
2131.402904,316.000000,5.958013,-116.299676,713.698757,5.970105,116.306874,-0.136344
2131.328166,317.000000,5.950562,-116.199169,713.679516,5.961837,116.206213,-0.118278
2131.260589,318.000000,5.943826,-116.099041,713.662565,5.954386,116.105949,-0.102465
2131.200590,319.000000,5.937848,-115.999311,713.648037,5.947799,116.006104,-0.089035
2131.148277,320.000000,5.932638,-115.899986,713.635968,5.942090,115.906683,-0.078024
2131.106524,321.000000,5.928482,-115.801212,713.627276,5.937586,115.807842,-0.070335
2131.077596,322.000000,5.925608,-115.703106,713.622685,5.934545,115.709702,-0.066679
2131.064044,323.000000,5.924269,-115.605799,713.623011,5.933258,115.612400,-0.067860
2131.073573,324.000000,5.925235,-115.509687,713.630718,5.934603,115.516355,-0.076302
2131.113802,325.000000,5.929268,-115.415162,713.648243,5.939451,115.421977,-0.094401
2131.166818,326.000000,5.934578,-115.321294,713.669859,5.945758,115.328288,-0.116524
2131.205196,327.000000,5.938426,-115.226664,713.686792,5.950395,115.233800,-0.134041
2131.217683,328.000000,5.939688,-115.130693,713.695442,5.952078,115.137903,-0.143410
2131.207202,329.000000,5.938656,-115.033535,713.696743,5.951141,115.040759,-0.145551
2131.170629,330.000000,5.935017,-114.935031,713.689696,5.947227,114.942201,-0.139480
2131.105762,331.000000,5.928553,-114.835073,713.673598,5.940085,114.842115,-0.124505
2131.026525,332.000000,5.920654,-114.734381,713.652903,5.931304,114.741256,-0.105008
2130.962064,333.000000,5.914231,-114.634454,713.636934,5.924209,114.641202,-0.090161
2130.921216,334.000000,5.910166,-114.535744,713.628518,5.919808,114.542426,-0.082742
2130.898551,335.000000,5.907917,-114.437969,713.625915,5.917481,114.444634,-0.081042
2130.888060,336.000000,5.906884,-114.340820,713.627206,5.916542,114.347498,-0.083172
2130.874110,337.000000,5.905506,-114.243493,713.627389,5.915209,114.250176,-0.084213
2130.861149,338.000000,5.904226,-114.146218,713.627887,5.913988,114.152908,-0.085563
2130.868979,339.000000,5.905023,-114.050005,713.635033,5.915139,114.056757,-0.093453
2130.881286,340.000000,5.906267,-113.954019,713.643611,5.916801,113.960844,-0.102751
2130.879409,341.000000,5.906094,-113.857307,713.647651,5.916845,113.864169,-0.107585
2130.848503,342.000000,5.903022,-113.759113,713.642405,5.913577,113.765935,-0.103285
2130.793906,343.000000,5.897585,-113.659714,713.629581,5.907608,113.666434,-0.091530
2130.725206,344.000000,5.890739,-113.559600,713.612246,5.900030,113.566182,-0.075339
2130.649669,345.000000,5.883212,-113.459144,713.592725,5.891672,113.465569,-0.056996
2130.593005,346.000000,5.877569,-113.359652,713.579239,5.885468,113.365970,-0.044590
2130.604937,347.000000,5.878775,-113.263648,713.587687,5.887086,113.270038,-0.053761
2130.664652,348.000000,5.884752,-113.170065,713.611416,5.894153,113.176654,-0.077962
2130.710491,349.000000,5.889343,-113.075774,713.630707,5.899639,113.082523,-0.097798
2130.734903,350.000000,5.891796,-112.980392,713.643145,5.902680,112.987246,-0.110893
2130.754371,351.000000,5.893754,-112.884756,713.654000,5.905158,112.891703,-0.122432
2130.752466,352.000000,5.893579,-112.788037,713.658019,5.905198,112.795020,-0.127245
2130.703794,353.000000,5.888733,-112.688954,713.647079,5.899904,112.695850,-0.117343
2130.617148,354.000000,5.880096,-112.587957,713.623993,5.890279,112.594668,-0.095494
2130.520647,355.000000,5.870476,-112.486470,713.597756,5.879531,112.492969,-0.070545
2130.537029,356.000000,5.872126,-112.390679,713.607618,5.881656,112.397262,-0.081106
2130.510583,357.000000,5.869500,-112.292728,713.603783,5.878897,112.299283,-0.078193
2130.507828,358.000000,5.869240,-112.195971,713.607523,5.878840,112.202560,-0.082732
2130.515915,359.000000,5.870062,-112.099758,713.614729,5.880019,112.106409,-0.090680
2130.535701,360.000000,5.872052,-112.004130,713.625675,5.882532,112.010874,-0.102308
2130.481315,361.000000,5.866637,-111.904778,713.612900,5.876587,111.911421,-0.090601
2130.522564,362.000000,5.870770,-111.810224,713.630707,5.881548,111.817016,-0.108978
2130.552913,363.000000,5.873815,-111.715119,713.645029,5.885265,111.722031,-0.123926
2130.561674,364.000000,5.874704,-111.618931,713.652445,5.886521,111.625907,-0.132082
2130.541264,365.000000,5.872681,-111.521281,713.650531,5.884450,111.528245,-0.131058
2130.487809,366.000000,5.867358,-111.421982,713.638048,5.878611,111.428847,-0.119638
2130.486309,367.000000,5.867223,-111.325280,713.642179,5.878696,111.332181,-0.124561
2130.402944,368.000000,5.858915,-111.224494,713.620128,5.869446,111.231218,-0.103730
2130.339644,369.000000,5.852610,-111.124714,713.604494,5.862484,111.131314,-0.089210
2130.303732,370.000000,5.849040,-111.026302,713.597618,5.858645,111.032849,-0.083305
2130.302556,371.000000,5.848937,-110.929619,713.601848,5.858767,110.936204,-0.088326
2130.345333,372.000000,5.853222,-110.835120,713.620132,5.863901,110.841858,-0.107172
2130.412514,373.000000,5.859944,-110.741828,713.646221,5.871818,110.748782,-0.133696
2130.442640,374.000000,5.862966,-110.646690,713.660459,5.875510,110.653764,-0.148562
2130.403114,375.000000,5.859034,-110.548097,713.652420,5.871259,110.555108,-0.141513
2130.325695,376.000000,5.851320,-110.447629,713.632262,5.862686,110.454479,-0.122543
2130.235656,377.000000,5.842346,-110.346543,713.608068,5.852675,110.353199,-0.099602
2130.166970,378.000000,5.835504,-110.246520,713.590703,5.845099,110.253036,-0.083379
2130.166099,379.000000,5.835432,-110.149850,713.595022,5.845256,110.156405,-0.088487
2130.224399,380.000000,5.841266,-110.056099,713.618260,5.852159,110.062847,-0.112207
2130.288977,381.000000,5.847728,-109.962651,713.643507,5.859779,109.969609,-0.137902
2130.321555,382.000000,5.850995,-109.867620,713.658519,5.863750,109.874705,-0.153530
2130.303784,383.000000,5.849235,-109.770108,713.657429,5.861979,109.777187,-0.153317
2130.234810,384.000000,5.842364,-109.670079,713.639963,5.854369,109.677018,-0.136994
2130.142122,385.000000,5.833126,-109.568889,713.614914,5.844056,109.575627,-0.113212
2130.058757,386.000000,5.824820,-109.468165,713.592846,5.834807,109.474725,-0.092363
2130.012798,387.000000,5.820247,-109.369281,713.582739,5.829822,109.375762,-0.083279
2130.025634,388.000000,5.821543,-109.273280,713.591430,5.831541,109.279835,-0.092688
2130.073463,389.000000,5.826331,-109.178989,713.611309,5.837250,109.185710,-0.113104
2130.119497,390.000000,5.830941,-109.084606,713.630615,5.842754,109.091488,-0.132954
2130.149445,391.000000,5.833945,-108.989432,713.644775,5.846424,108.996433,-0.147744
2130.175658,392.000000,5.836577,-108.894071,713.657741,5.849668,108.901182,-0.161358
2130.204360,393.000000,5.839457,-108.798829,713.671502,5.853196,108.806056,-0.175755
2130.218668,394.000000,5.840900,-108.702882,713.680659,5.855083,108.710186,-0.185622
2130.201392,395.000000,5.839190,-108.605395,713.679714,5.853368,108.612695,-0.185551
2130.148819,396.000000,5.833956,-108.506191,713.667479,5.847628,108.513394,-0.174374
2130.076860,397.000000,5.826788,-108.406048,713.649043,5.839678,108.413104,-0.157098
2130.010200,398.000000,5.820149,-108.306168,713.632303,5.832333,108.313090,-0.141489
2129.966380,399.000000,5.815789,-108.207401,713.622865,5.827592,108.214249,-0.133064
2129.936155,400.000000,5.812787,-108.109295,713.617774,5.824400,108.116105,-0.128914
2129.904049,401.000000,5.809598,-108.011100,713.612080,5.820995,108.017866,-0.124172
2129.862065,402.000000,5.805422,-107.912429,713.603227,5.816463,107.919126,-0.116322
2129.817286,403.000000,5.800968,-107.813625,713.593480,5.811613,107.820246,-0.107592
2129.794250,404.000000,5.798683,-107.715875,713.590683,5.809242,107.722476,-0.105699
2129.799654,405.000000,5.799237,-107.619497,713.596978,5.810112,107.626153,-0.112752
2129.823597,406.000000,5.801641,-107.524011,713.609200,5.813096,107.530770,-0.125634
2129.843064,407.000000,5.803599,-107.428306,713.619991,5.815570,107.435157,-0.137108
2129.833214,408.000000,5.802630,-107.331189,713.621406,5.814701,107.338054,-0.139359
2129.794153,409.000000,5.798747,-107.232666,713.613479,5.810503,107.239470,-0.132420
2129.771814,410.000000,5.796532,-107.134950,713.610899,5.808211,107.141736,-0.130740
2129.819426,411.000000,5.801298,-107.040590,713.630684,5.813893,107.047541,-0.151063
2129.913964,412.000000,5.810749,-106.948476,713.665475,5.824925,106.955714,-0.186148
2129.969976,413.000000,5.816354,-106.854506,713.687947,5.831566,106.861932,-0.209114
2129.902499,414.000000,5.809634,-106.754621,713.670926,5.824126,106.761911,-0.193228
2129.778259,415.000000,5.797248,-106.652027,713.635754,5.810216,106.659033,-0.159486
2129.667619,416.000000,5.786221,-106.550093,713.604932,5.797857,106.556850,-0.130024
2129.621432,417.000000,5.781627,-106.451243,713.594719,5.792847,106.457919,-0.120835
2129.644014,418.000000,5.783895,-106.355675,713.606492,5.795675,106.362451,-0.133276
2129.681004,419.000000,5.787601,-106.260789,713.622871,5.800145,106.267703,-0.150248
2129.682559,420.000000,5.787771,-106.164214,713.627919,5.800576,106.171172,-0.156073
2129.643094,421.000000,5.783847,-106.065687,713.619850,5.796331,106.072582,-0.148993
2129.589422,422.000000,5.778506,-105.966487,713.607238,5.790467,105.973282,-0.137445
2129.557341,423.000000,5.775319,-105.868316,713.601528,5.787064,105.875067,-0.132686
2129.544034,424.000000,5.774006,-105.771036,713.601820,5.785800,105.777794,-0.133832
2129.517998,425.000000,5.771422,-105.673154,713.598041,5.783086,105.679884,-0.130972
2129.280284,426.000000,5.747719,-105.565256,713.526591,5.756247,105.571405,-0.061540
2129.141258,427.000000,5.733865,-105.462045,713.486695,5.740658,105.467871,-0.023150
2129.092192,428.000000,5.728985,-105.363093,713.475554,5.735321,105.368831,-0.013047
2126.105658,651.000000,5.434596,-83.676233,713.505185,5.450501,83.682940,-0.233148
2126.040370,652.000000,5.428109,-83.577058,713.488613,5.443315,83.583632,-0.217695
2125.996079,653.000000,5.423713,-83.478673,713.478747,5.438518,83.485169,-0.208840
2126.012906,654.000000,5.425404,-83.382573,713.488401,5.440674,83.389152,-0.219194
2126.040126,655.000000,5.428130,-83.286858,713.501375,5.444013,83.293547,-0.232815
2126.026530,656.000000,5.426791,-83.189619,713.501310,5.442708,83.196311,-0.233605
2125.977202,657.000000,5.421893,-83.091051,713.489830,5.437338,83.097652,-0.223162
2125.927134,658.000000,5.416923,-82.992459,713.478113,5.431884,82.998967,-0.212486
2125.890836,659.000000,5.413323,-82.894381,713.470793,5.427997,82.900832,-0.206137
2125.866045,660.000000,5.410870,-82.796732,713.467148,5.425418,82.803157,-0.203404
2125.850534,661.000000,5.409340,-82.699428,713.466465,5.423895,82.705850,-0.203586
2125.842266,662.000000,5.408532,-82.602392,713.468095,5.423196,82.608831,-0.206043
2125.842324,663.000000,5.408553,-82.505664,713.472382,5.423444,82.512141,-0.211116
2125.851579,664.000000,5.409489,-82.409274,713.479607,5.424739,82.415814,-0.219079
2125.861727,665.000000,5.410515,-82.312915,713.487115,5.426135,82.319520,-0.227321
2125.865034,666.000000,5.410859,-82.216303,713.492437,5.426753,82.222954,-0.233413
2125.859760,667.000000,5.410349,-82.119374,713.495017,5.426394,82.126049,-0.236806
2125.842113,668.000000,5.408607,-82.021989,713.493644,5.424628,82.028657,-0.236308
2125.808029,669.000000,5.405228,-81.924002,713.487020,5.420992,81.930619,-0.230643
2125.761156,670.000000,5.400576,-81.825549,713.476310,5.415901,81.832081,-0.220957
2125.715303,671.000000,5.396026,-81.727136,713.465925,5.410926,81.733586,-0.211592
2125.669044,672.000000,5.391435,-81.628711,713.455409,5.405905,81.635079,-0.202097
2125.617218,673.000000,5.386290,-81.530086,713.443115,5.400252,81.536356,-0.190852
2125.571019,674.000000,5.381706,-81.431670,713.432617,5.395238,81.437857,-0.181375
2125.560112,675.000000,5.380635,-81.334542,713.433389,5.394238,81.340739,-0.182988
2125.582755,676.000000,5.382905,-81.238635,713.444873,5.397055,81.244929,-0.195144
2125.592547,677.000000,5.383894,-81.142258,713.452253,5.398409,81.148616,-0.203260
2125.572473,678.000000,5.381911,-81.044795,713.450093,5.396367,81.051139,-0.201988
2125.542692,679.000000,5.378961,-80.946981,713.444833,5.393220,80.953285,-0.197665
2125.535170,680.000000,5.378227,-80.849975,713.446680,5.392605,80.856297,-0.200336
2125.535470,681.000000,5.378272,-80.753251,713.451023,5.392880,80.759612,-0.205464
2125.519475,682.000000,5.376695,-80.655937,713.450162,5.391302,80.662295,-0.205469
2125.500098,683.000000,5.374781,-80.558502,713.448219,5.389338,80.564847,-0.204411
2125.546058,684.000000,5.379372,-80.463422,713.467142,5.394806,80.469925,-0.223886
2125.547335,685.000000,5.379514,-80.366729,713.471793,5.395192,80.373273,-0.229316
2125.477809,686.000000,5.372607,-80.267490,713.453831,5.387525,80.273890,-0.212493
2125.520454,687.000000,5.376868,-80.172283,713.471691,5.392615,80.178833,-0.230923
2125.490976,688.000000,5.373948,-80.074485,713.466517,5.389503,80.080996,-0.226684
2125.478027,689.000000,5.372674,-79.977281,713.466620,5.388271,79.983795,-0.227639
2125.508368,690.000000,5.375710,-79.881625,713.480547,5.391962,79.888257,-0.242198
2125.447890,691.000000,5.369704,-79.782721,713.465468,5.385323,79.789233,-0.228213
2125.514800,692.000000,5.376381,-79.688367,713.491073,5.393174,79.695092,-0.254264
2125.466067,693.000000,5.371544,-79.589885,713.479743,5.387871,79.596520,-0.243967
2125.421851,694.000000,5.367158,-79.491566,713.469854,5.383082,79.498124,-0.235089
2125.369555,695.000000,5.361967,-79.392963,713.457385,5.377374,79.399422,-0.223671
2125.330105,696.000000,5.358055,-79.294820,713.449016,5.373128,79.301214,-0.216289
2125.318074,697.000000,5.356873,-79.197652,713.449404,5.371999,79.204052,-0.217523
2125.303071,698.000000,5.355394,-79.100379,713.448840,5.370533,79.106778,-0.217822
2125.277771,699.000000,5.352891,-79.002742,713.444988,5.367896,79.009112,-0.214883
2125.259630,700.000000,5.351100,-78.905359,713.443420,5.366072,78.911720,-0.214194
2125.250877,701.000000,5.350244,-78.808308,713.444849,5.365317,78.814684,-0.216453
2125.229460,702.000000,5.348128,-78.710810,713.442233,5.363121,78.717168,-0.214732
2125.193219,703.000000,5.344536,-78.612791,713.434882,5.359239,78.619092,-0.208351
2125.186283,704.000000,5.343860,-78.515805,713.436888,5.358690,78.522126,-0.211178
2125.218920,705.000000,5.347124,-78.420209,713.451530,5.362641,78.426652,-0.226440
2125.255479,706.000000,5.350778,-78.324746,713.467424,5.367038,78.331322,-0.242934
2125.272115,707.000000,5.352449,-78.228581,713.476954,5.369169,78.235239,-0.253166
2125.271180,708.000000,5.352371,-78.131798,713.480872,5.369302,78.138492,-0.257874
2125.264122,709.000000,5.351684,-78.034801,713.482833,5.368739,78.041514,-0.260657
2125.250211,710.000000,5.350315,-77.937565,713.482604,5.367396,77.944279,-0.261286
2125.225027,711.000000,5.347823,-77.839936,713.478774,5.364771,77.846621,-0.258369
2125.193172,712.000000,5.344667,-77.742075,713.472813,5.361388,77.748716,-0.253355
2125.165614,713.000000,5.341940,-77.644366,713.468223,5.358493,77.650972,-0.249691
2125.137282,714.000000,5.339135,-77.546632,713.463384,5.355510,77.553201,-0.245782
2125.090340,715.000000,5.334478,-77.448253,713.452601,5.350411,77.454738,-0.236024
2125.033879,716.000000,5.328874,-77.349548,713.438778,5.344230,77.355923,-0.223273
2124.982819,717.000000,5.323807,-77.251034,713.426680,5.338663,77.257313,-0.212219
2124.941392,718.000000,5.319699,-77.152856,713.417656,5.334192,77.159065,-0.204191
2124.911018,719.000000,5.316692,-77.055062,713.412160,5.330977,77.061229,-0.199636
2124.908965,720.000000,5.316503,-76.958246,713.415707,5.330982,76.964445,-0.203978
2124.934603,721.000000,5.319069,-76.862382,713.428093,5.334136,76.868686,-0.217021
2124.960988,722.000000,5.321710,-76.766541,713.440718,5.337375,76.772951,-0.230298
2124.955288,723.000000,5.321158,-76.669594,713.443096,5.336965,76.676027,-0.233491
2124.925474,724.000000,5.318207,-76.571821,713.437773,5.333814,76.578214,-0.229106
2124.905001,725.000000,5.316184,-76.474369,713.435432,5.331724,76.480746,-0.227654
2124.911305,726.000000,5.316827,-76.377834,713.441640,5.332680,76.384265,-0.234616
2124.929145,727.000000,5.318618,-76.281691,713.451530,5.334947,76.288206,-0.245202
2124.925522,728.000000,5.318272,-76.184813,713.454566,5.334773,76.191356,-0.249042
2124.896960,729.000000,5.315445,-76.087085,713.449637,5.331764,76.093591,-0.245044
2124.862783,730.000000,5.312059,-75.989168,713.442914,5.328116,75.995622,-0.239280
2124.838827,731.000000,5.309690,-75.891600,713.439453,5.325631,75.898029,-0.236727
2124.836903,732.000000,5.309514,-75.794781,713.443027,5.325650,75.801243,-0.241096
2124.858629,733.000000,5.311691,-75.698762,713.454151,5.328358,75.705319,-0.252896
2124.888486,734.000000,5.314678,-75.603017,713.467871,5.331991,75.609688,-0.267251
2124.908605,735.000000,5.316696,-75.506938,713.478480,5.334517,75.513700,-0.278544
2124.893256,736.000000,5.315183,-75.409659,713.477762,5.333010,75.416418,-0.278690
2124.830420,737.000000,5.308945,-75.310779,713.461878,5.326103,75.317411,-0.263911
2124.762860,738.000000,5.302237,-75.211744,713.444486,5.318660,75.218237,-0.247647
2124.755611,739.000000,5.301531,-75.114743,713.446351,5.318073,75.121255,-0.250334
2124.788997,740.000000,5.304869,-75.019107,713.461190,5.322107,75.025743,-0.265790
2124.797271,741.000000,5.305708,-74.922624,713.468009,5.323286,74.929319,-0.273354
2124.758414,742.000000,5.301856,-74.824560,713.459778,5.319105,74.831192,-0.266105
2124.694709,743.000000,5.295532,-74.725668,713.443611,5.312100,74.732170,-0.251047
2124.635690,744.000000,5.289675,-74.626936,713.428939,5.305628,74.633322,-0.237460
2124.595941,745.000000,5.285735,-74.528852,713.420421,5.301347,74.535172,-0.229928
2124.589412,746.000000,5.285101,-74.431878,713.422507,5.300842,74.438217,-0.232834
2124.611559,747.000000,5.287320,-74.335858,713.433748,5.303597,74.342292,-0.244749
2124.627153,748.000000,5.288887,-74.239617,713.442896,5.305607,74.246129,-0.254605
2124.595403,749.000000,5.285743,-74.141802,713.436926,5.302235,74.148269,-0.249581
2124.522536,750.000000,5.278508,-74.042625,713.417827,5.294189,74.048939,-0.231637
2124.538961,751.000000,5.280158,-73.946411,713.427236,5.296293,73.952805,-0.241749
2124.501021,752.000000,5.276398,-73.848396,713.419287,5.292217,73.854729,-0.234778
2124.476990,753.000000,5.274022,-73.750843,713.415777,5.289723,73.757150,-0.232175
2124.471094,754.000000,5.273451,-73.653889,713.418056,5.289290,73.660218,-0.235271
2124.487741,755.000000,5.275123,-73.557678,713.427532,5.291419,73.564087,-0.245448
2124.496551,756.000000,5.276015,-73.461206,713.434504,5.292658,73.467676,-0.253162
2124.476124,757.000000,5.273998,-73.363772,713.432140,5.290572,73.370226,-0.251688
2124.457944,758.000000,5.272204,-73.266412,713.430492,5.288743,73.272856,-0.250918
2124.470275,759.000000,5.273446,-73.170053,713.438585,5.290381,73.176566,-0.259735
2124.507763,760.000000,5.277192,-73.074515,713.454710,5.294880,73.081163,-0.276456
2124.460612,761.000000,5.272516,-72.976207,713.443808,5.289756,72.982769,-0.266579
2124.466240,762.000000,5.273091,-72.879624,713.449758,5.290633,72.886239,-0.273286
2124.505883,763.000000,5.277051,-72.784148,713.466567,5.295377,72.790904,-0.290682
2124.421910,764.000000,5.268711,-72.684645,713.443905,5.286067,72.691219,-0.269229
2124.339414,765.000000,5.260519,-72.585197,713.421714,5.276926,72.591592,-0.248242
2124.272512,766.000000,5.253879,-72.486261,713.404502,5.269558,72.492518,-0.232154
2124.235292,767.000000,5.250192,-72.388292,713.396765,5.265564,72.394489,-0.225391
2124.249873,768.000000,5.251657,-72.292001,713.405565,5.267458,72.298274,-0.234904
2124.299649,769.000000,5.256625,-72.196846,713.425601,5.273352,72.203286,-0.255474
2124.326861,770.000000,5.259347,-72.100958,713.438432,5.276681,72.107506,-0.268954
2124.302999,771.000000,5.256989,-72.003420,713.434955,5.274205,72.009942,-0.266383
2124.262837,772.000000,5.253009,-71.905358,713.426272,5.269876,71.911813,-0.258690
2124.243493,773.000000,5.251100,-71.807968,713.424236,5.267914,71.814409,-0.257537
2124.250531,774.000000,5.251815,-71.711425,713.430621,5.268950,71.717922,-0.264673
2124.261916,775.000000,5.252963,-71.615021,713.438393,5.270480,71.621585,-0.273174
2124.250177,776.000000,5.251811,-71.517874,713.438780,5.269382,71.524444,-0.274407
2124.220265,777.000000,5.248851,-71.420146,713.433365,5.266218,71.426675,-0.269928
2124.193726,778.000000,5.246226,-71.322527,713.429025,5.263437,71.329024,-0.266509
2124.170646,779.000000,5.243946,-71.225020,713.425788,5.261050,71.231494,-0.264175
2124.154793,780.000000,5.242384,-71.127745,713.424858,5.259484,71.134214,-0.264111
2124.157953,781.000000,5.242714,-71.031074,713.429996,5.260079,71.037589,-0.270020
2124.162195,782.000000,5.243151,-70.934437,713.435479,5.260797,70.940999,-0.276267
2124.140303,783.000000,5.240989,-70.836969,713.432617,5.258544,70.843512,-0.274302
2124.095700,784.000000,5.236568,-70.738783,713.422503,5.253711,70.745246,-0.265199
2124.052108,785.000000,5.232247,-70.640632,713.412711,5.248992,70.647018,-0.256413
2124.031243,786.000000,5.230187,-70.543201,713.410174,5.246856,70.549570,-0.254767
2124.021873,787.000000,5.229270,-70.446134,713.411305,5.246026,70.452516,-0.256732
2123.997829,788.000000,5.226894,-70.348605,713.407750,5.243529,70.354961,-0.254085
2123.954738,789.000000,5.222624,-70.250478,713.398114,5.238868,70.256758,-0.245452
2123.916848,790.000000,5.218870,-70.152517,713.390137,5.234797,70.158735,-0.238452
2123.900845,791.000000,5.217294,-70.055245,713.389146,5.233214,70.061458,-0.238328
2123.884062,792.000000,5.215641,-69.957948,713.387905,5.231542,69.964155,-0.237958
2123.837388,793.000000,5.211014,-69.859718,713.377121,5.226473,69.865839,-0.228196
2123.792997,794.000000,5.206615,-69.761562,713.367065,5.221664,69.767604,-0.219149
2123.787673,795.000000,5.206101,-69.664627,713.369478,5.221294,69.670692,-0.222376
2123.808153,796.000000,5.208153,-69.568495,713.380126,5.223856,69.574651,-0.233707
2123.840775,797.000000,5.211413,-69.472738,713.394650,5.227798,69.479016,-0.248853
2123.879849,798.000000,5.215315,-69.377178,713.411233,5.232473,69.383595,-0.266026
2123.910745,799.000000,5.218403,-69.281360,713.425205,5.236219,69.287894,-0.280628
2123.904048,800.000000,5.217752,-69.184374,713.427174,5.235693,69.190928,-0.283417
2123.866320,801.000000,5.214015,-69.086428,713.419235,5.231640,69.092920,-0.276455
2123.807022,802.000000,5.208133,-68.987818,713.404410,5.225136,68.994192,-0.262714
2123.722347,803.000000,5.199728,-68.888430,713.381483,5.215749,68.894619,-0.241001
2123.633762,804.000000,5.190934,-68.788927,713.357309,5.205918,68.794922,-0.218059
2123.591854,805.000000,5.186782,-68.690867,713.348033,5.201391,68.696790,-0.209780
2123.602364,806.000000,5.187843,-68.594420,713.355487,5.202820,68.600406,-0.217968
2123.617252,807.000000,5.189339,-68.498104,713.364338,5.204746,68.504166,-0.227529
2123.604323,808.000000,5.188068,-68.400935,713.364308,5.203511,68.407000,-0.228351
2123.575515,809.000000,5.185219,-68.303280,713.359208,5.200472,68.309307,-0.224183
2123.548477,810.000000,5.182546,-68.205681,713.354673,5.197634,68.211674,-0.220570
2123.538285,811.000000,5.181548,-68.108597,713.355513,5.196711,68.114600,-0.222248
2123.544468,812.000000,5.182178,-68.012011,713.361579,5.197647,68.018067,-0.229069
2123.533142,813.000000,5.181068,-67.914892,713.362055,5.196595,67.920955,-0.230388
2123.484072,814.000000,5.176204,-67.816627,713.350483,5.191254,67.822598,-0.219849
2123.504789,815.000000,5.178280,-67.720480,713.361184,5.193842,67.726543,-0.231232
2123.460589,816.000000,5.173900,-67.622366,713.351164,5.189054,67.628350,-0.222221
2123.416651,817.000000,5.169547,-67.524263,713.341226,5.184296,67.530168,-0.213291
2123.375012,818.000000,5.165422,-67.426232,713.332022,5.179799,67.432065,-0.205082
2123.376019,819.000000,5.165538,-67.329489,713.336427,5.180148,67.335362,-0.210268
2123.427101,820.000000,5.170633,-67.234252,713.356813,5.186185,67.240294,-0.231184
2123.488972,821.000000,5.176800,-67.139334,713.380643,5.193448,67.145575,-0.255489
2123.502319,822.000000,5.178143,-67.042953,713.388984,5.195198,67.049265,-0.264549
2123.428787,823.000000,5.170847,-66.943967,713.369593,5.187077,66.950124,-0.246314
2123.350672,824.000000,5.163096,-66.844849,713.348738,5.178436,66.850839,-0.226638
2123.325171,825.000000,5.160576,-66.747309,713.344676,5.175773,66.753269,-0.223491
2123.327273,826.000000,5.160800,-66.650594,713.349422,5.176245,66.656596,-0.229013
2123.341171,827.000000,5.162198,-66.554229,713.357932,5.178058,66.560304,-0.238240
2123.361252,828.000000,5.164210,-66.458046,713.368415,5.180572,66.464209,-0.249408
2123.368203,829.000000,5.164917,-66.361470,713.374706,5.181595,66.367688,-0.256450
2123.353198,830.000000,5.163440,-66.264241,713.373987,5.180124,66.270457,-0.256593
2123.331840,831.000000,5.161332,-66.166825,713.371240,5.177931,66.173022,-0.254740
2123.309041,832.000000,5.159081,-66.069367,713.368032,5.175574,66.075540,-0.252433
2123.265048,833.000000,5.154723,-65.971284,713.358058,5.170810,65.977379,-0.243466
2123.201421,834.000000,5.148413,-65.872625,713.341817,5.163815,65.878591,-0.228331
2123.137240,835.000000,5.142048,-65.773954,713.325398,5.156757,65.779789,-0.213021
2123.102922,836.000000,5.138652,-65.676166,713.318510,5.153092,65.681948,-0.207091
2123.116361,837.000000,5.140003,-65.579782,713.326861,5.154851,65.585635,-0.216161
2123.141980,838.000000,5.142566,-65.483753,713.339098,5.157994,65.489709,-0.229056
2123.137423,839.000000,5.142128,-65.386837,713.341703,5.157710,65.392818,-0.232471
2123.106899,840.000000,5.139110,-65.289162,713.336021,5.154475,65.295100,-0.227728
2123.085524,841.000000,5.137000,-65.191756,713.333256,5.152280,65.197674,-0.225857
2123.084408,842.000000,5.136905,-65.094941,713.336957,5.152386,65.100893,-0.230350
2123.067484,843.000000,5.135238,-64.997665,713.335610,5.150696,65.003609,-0.229875
2123.026476,844.000000,5.131177,-64.899690,713.326577,5.146271,64.905564,-0.221834
2122.994127,845.000000,5.127977,-64.801969,713.320306,5.142829,64.807794,-0.216512
2123.004242,846.000000,5.128998,-64.705479,713.327586,5.144210,64.711368,-0.224527
2123.042546,847.000000,5.132822,-64.609803,713.343860,5.148794,64.615828,-0.241396
2123.059037,848.000000,5.134477,-64.513493,713.353173,5.150899,64.519597,-0.251412
2123.034082,849.000000,5.132012,-64.415986,713.349257,5.148297,64.422061,-0.248407
2122.984459,850.000000,5.127095,-64.317769,713.337466,5.142893,64.323751,-0.237652
2122.940539,851.000000,5.122744,-64.219720,713.327496,5.138137,64.225624,-0.228688
2122.918486,852.000000,5.120568,-64.122301,713.324502,5.135864,64.128184,-0.226592
2122.907088,853.000000,5.119451,-64.025189,713.324908,5.134802,64.031078,-0.227841
2122.899785,854.000000,5.118741,-63.928194,713.326619,5.134204,63.934100,-0.230376
2122.899322,855.000000,5.118710,-63.831394,713.330512,5.134384,63.837335,-0.235058
2122.895416,856.000000,5.118338,-63.734495,713.333305,5.134172,63.740462,-0.238657
2122.871392,857.000000,5.115965,-63.637022,713.329677,5.131676,63.642963,-0.235935
2122.830510,858.000000,5.111918,-63.539071,713.320668,5.127264,63.544942,-0.227918
2122.801779,859.000000,5.109078,-63.441468,713.315535,5.124233,63.447300,-0.223715
2122.809409,860.000000,5.109852,-63.344897,713.322005,5.125332,63.350785,-0.230933
2122.833124,861.000000,5.112225,-63.248779,713.333606,5.128257,63.254766,-0.243202
2122.832644,862.000000,5.112193,-63.151975,713.337486,5.128434,63.157997,-0.247871
2122.779957,863.000000,5.106972,-63.053697,713.324703,5.122682,63.059617,-0.236139
2122.706074,864.000000,5.099644,-62.954825,713.305156,5.114523,62.960589,-0.217749
2122.654261,865.000000,5.094510,-62.856580,713.292651,5.108870,62.862244,-0.206290
2122.638769,866.000000,5.092986,-62.759358,713.291735,5.107342,62.765018,-0.206238
2122.636748,867.000000,5.092801,-62.662515,713.295117,5.107344,62.668206,-0.210416
2122.619243,868.000000,5.091077,-62.565237,713.293556,5.105588,62.570919,-0.209729
2122.591258,869.000000,5.088312,-62.467667,713.288650,5.102641,62.473311,-0.205750
2122.556505,870.000000,5.084874,-62.369909,713.281583,5.098926,62.375499,-0.199644
2122.503475,871.000000,5.079620,-62.271644,713.268684,5.093136,62.277132,-0.187797
2122.458802,872.000000,5.075196,-62.173616,713.258451,5.088295,62.179023,-0.178574
2122.326511,873.000000,5.062067,-62.073156,713.220264,5.073506,62.078254,-0.141836
2122.208070,874.000000,5.050315,-61.973092,713.186498,5.060290,61.977917,-0.109449
2122.136079,875.000000,5.043179,-61.874323,713.167549,5.052349,61.878996,-0.091647
2121.789907,884.000000,5.008934,-60.993880,713.093224,5.015133,60.997974,-0.026131
2121.785015,885.000000,5.008464,-60.896979,713.095667,5.014808,60.901097,-0.029385
2121.831646,886.000000,5.013110,-60.801480,713.114540,5.020331,60.805756,-0.048811
2121.914997,887.000000,5.021405,-60.706974,713.145123,5.030021,60.711503,-0.079764
2122.046946,888.000000,5.034527,-60.613777,713.191210,5.045228,60.618686,-0.125977
2122.163342,889.000000,5.046107,-60.520147,713.232339,5.058671,60.525396,-0.167311
2122.205800,890.000000,5.050341,-60.424508,713.249883,5.063721,60.429904,-0.185429
2122.210408,891.000000,5.050814,-60.327842,713.255350,5.064475,60.333285,-0.191659
2122.198910,892.000000,5.049688,-60.230740,713.255677,5.063400,60.236190,-0.192831
2122.176569,893.000000,5.047484,-60.133347,713.252544,5.061093,60.138774,-0.190596
2122.157227,894.000000,5.045578,-60.036035,713.250367,5.059128,60.041448,-0.189302
2122.143906,895.000000,5.044270,-59.938886,713.250109,5.057845,59.944300,-0.189898
2122.126909,896.000000,5.042598,-59.841638,713.248678,5.056146,59.847044,-0.189338
2122.105471,897.000000,5.040483,-59.744272,713.245828,5.053942,59.749658,-0.187381
2122.087744,898.000000,5.038738,-59.647006,713.244161,5.052159,59.652381,-0.186590
2122.082046,899.000000,5.038188,-59.550062,713.246331,5.051742,59.555458,-0.189574
2122.088169,900.000000,5.038812,-59.453431,713.252271,5.052667,59.458879,-0.196270
2122.095410,901.000000,5.039547,-59.356829,713.258566,5.053719,59.362331,-0.203316
2122.091513,902.000000,5.039176,-59.259929,713.261306,5.053506,59.265458,-0.206862
2122.072499,903.000000,5.037303,-59.162629,713.259223,5.051577,59.168144,-0.205660
2122.037765,904.000000,5.033868,-59.064914,713.252123,5.047864,59.070374,-0.199521
2121.995108,905.000000,5.029646,-58.966992,713.242495,5.043251,58.972376,-0.190892
2121.965865,906.000000,5.026757,-58.869426,713.237144,5.040161,58.874770,-0.186474
2121.965865,907.000000,5.026773,-58.772631,713.241122,5.040390,58.778011,-0.191239
2121.965863,908.000000,5.026788,-58.675835,713.245098,5.040619,58.681251,-0.196001
2121.925028,909.000000,5.022748,-58.577968,713.236046,5.036213,58.583312,-0.187940
2121.859504,910.000000,5.016255,-58.479457,713.219118,5.029005,58.484666,-0.172125
2121.813582,911.000000,5.011709,-58.381463,713.208442,5.024022,58.386589,-0.162465
2121.811168,912.000000,5.011485,-58.284607,713.211643,5.023977,58.289762,-0.166465
2121.831010,913.000000,5.013472,-58.188330,713.221943,5.026458,58.193572,-0.177453
2121.838412,914.000000,5.014223,-58.091727,713.228273,5.027527,58.097024,-0.184533
2121.840447,915.000000,5.014441,-57.994983,713.232890,5.027987,58.000321,-0.189926
2121.852105,916.000000,5.015615,-57.898487,713.240576,5.029540,57.903891,-0.198340
2121.857003,917.000000,5.016118,-57.801814,713.246105,5.030325,57.807267,-0.204631
2121.834236,918.000000,5.013872,-57.704425,713.242806,5.027969,57.709854,-0.202233
2121.773095,919.000000,5.007815,-57.606049,713.227265,5.021258,57.611354,-0.187783
2121.684484,920.000000,4.999029,-57.506970,713.202961,5.011430,57.512079,-0.164708
2121.604421,921.000000,4.991093,-57.408117,713.181385,5.002572,57.413053,-0.144317
2121.565512,922.000000,4.987245,-57.310326,713.172934,4.998385,57.315196,-0.136847
2121.559526,923.000000,4.986666,-57.213380,713.174982,4.997934,57.218270,-0.139712
2121.562150,924.000000,4.986943,-57.116654,713.179776,4.998460,57.121587,-0.145280
2121.562856,925.000000,4.987029,-57.019878,713.183957,4.998769,57.024848,-0.150243
2121.551723,926.000000,4.985939,-56.922799,713.184360,4.997734,56.927775,-0.151489
2121.523983,927.000000,4.983200,-56.825298,713.179466,4.994814,56.830238,-0.147519
2121.512098,928.000000,4.982035,-56.728200,713.179627,4.993694,56.733145,-0.148526
2121.545456,929.000000,4.985364,-56.632250,713.194217,4.997708,56.637317,-0.163737
2121.592777,930.000000,4.990080,-56.536649,713.213261,5.003306,56.541875,-0.183332
2121.618211,931.000000,4.992622,-56.440490,713.225323,5.006421,56.445818,-0.196053
2121.588690,932.000000,4.989706,-56.342942,713.219854,5.003299,56.348229,-0.191518
2121.505023,933.000000,4.981412,-56.244033,713.197112,4.994032,56.249137,-0.169980
2121.474098,934.000000,4.978357,-56.146456,713.191193,4.990750,56.151515,-0.165002
2121.400508,935.000000,4.971065,-56.047811,713.171666,4.982627,56.052713,-0.146628
2121.343909,936.000000,4.965461,-55.949597,713.157556,4.976433,55.954387,-0.133587
2121.314771,937.000000,4.962583,-55.852072,713.152205,4.973354,55.856822,-0.129167
2121.318373,938.000000,4.962957,-55.755366,713.157293,4.973991,55.760161,-0.135024
2121.346704,939.000000,4.965786,-55.659275,713.170267,4.977433,55.664179,-0.148644
2121.370441,940.000000,4.968159,-55.563066,713.181775,4.980354,55.568067,-0.160820
2121.374387,941.000000,4.968567,-55.466363,713.186970,4.981030,55.471410,-0.166782
2121.365218,942.000000,4.967673,-55.369334,713.187981,4.980217,55.374392,-0.168625
2121.344362,943.000000,4.965617,-55.272016,713.185263,4.978078,55.277055,-0.166798
2121.315497,944.000000,4.962767,-55.174500,713.179989,4.975030,55.179500,-0.162455
2121.300857,945.000000,4.961329,-55.077337,713.179252,4.973596,55.082334,-0.162576
2121.312609,946.000000,4.962512,-54.980824,713.186930,4.975157,54.985887,-0.170983
2121.336060,947.000000,4.964857,-54.884596,713.198339,4.978046,54.889755,-0.183062
2121.344368,948.000000,4.965698,-54.787993,713.204917,4.979216,54.793210,-0.190386
2121.319233,949.000000,4.963218,-54.690571,713.200827,4.976591,54.695758,-0.187207
2121.269302,950.000000,4.958276,-54.592544,713.188827,4.971153,54.597636,-0.176243
2121.219551,951.000000,4.953352,-54.494526,713.176884,4.965735,54.499523,-0.165334
2121.166245,952.000000,4.948075,-54.396424,713.163806,4.959913,54.401317,-0.153308
2121.098033,953.000000,4.941318,-54.297963,713.145974,4.952401,54.302714,-0.136602
2121.034930,954.000000,4.935069,-54.199632,713.129771,4.945469,54.204253,-0.121499
2121.022088,955.000000,4.933810,-54.102522,713.129595,4.944239,54.107145,-0.122174
2121.049469,956.000000,4.936545,-54.006383,713.142244,4.947572,54.011113,-0.135474
2121.069594,957.000000,4.938559,-53.910067,713.152579,4.950082,53.914884,-0.146495
2121.057533,958.000000,4.937377,-53.812973,713.152648,4.948941,53.817794,-0.147411
2121.027171,959.000000,4.934379,-53.715439,713.146880,4.945723,53.720217,-0.142580
2121.005617,960.000000,4.932255,-53.618118,713.143920,4.943504,53.622875,-0.140514
2120.995772,961.000000,4.931294,-53.521079,713.144692,4.942614,53.525845,-0.142122
2120.989405,962.000000,4.930678,-53.424122,713.146572,4.942118,53.428907,-0.144821
2120.989388,963.000000,4.930692,-53.327317,713.150476,4.942343,53.332137,-0.149511
2121.008993,964.000000,4.932655,-53.230978,713.160637,4.944794,53.235885,-0.160361
2121.037148,965.000000,4.935466,-53.134840,713.173523,4.948215,53.139855,-0.173895
2121.041325,966.000000,4.935897,-53.038129,713.178761,4.948915,53.043190,-0.179899
2121.013263,967.000000,4.933127,-52.940654,713.173717,4.945958,52.945677,-0.175780
2120.976288,968.000000,4.929472,-52.842969,713.165829,4.941989,52.847931,-0.168863
2120.946585,969.000000,4.926539,-52.745458,713.160258,4.938846,52.750378,-0.164227
2120.923669,970.000000,4.924280,-52.648109,713.156851,4.936472,52.653004,-0.161721
2120.901478,971.000000,4.922094,-52.550778,713.153675,4.934181,52.555650,-0.159441
2120.877356,972.000000,4.919715,-52.453402,713.149881,4.931670,52.458247,-0.156554
2120.851136,973.000000,4.917128,-52.355979,713.145417,4.928922,52.360790,-0.153007
2120.817400,974.000000,4.913795,-52.258381,713.138555,4.925321,52.263139,-0.147099
2120.774982,975.000000,4.909600,-52.160583,713.128924,4.920735,52.165265,-0.138465
2120.739478,976.000000,4.906092,-52.062948,713.121496,4.916934,52.067573,-0.132001
2120.725254,977.000000,4.904696,-51.965811,713.120853,4.915546,51.970434,-0.132215
2120.733484,978.000000,4.905530,-51.869194,713.127369,4.916705,51.873874,-0.139476
2120.751371,979.000000,4.907321,-51.772800,713.136962,4.918960,51.777561,-0.149768
2120.758601,980.000000,4.908055,-51.676157,713.143157,4.920006,51.680972,-0.156713
2120.748394,981.000000,4.907058,-51.579110,713.143790,4.919074,51.583933,-0.158184
2120.728285,982.000000,4.905078,-51.481834,713.141264,4.917018,51.486641,-0.156545
2120.703969,983.000000,4.902681,-51.384463,713.137395,4.914486,51.389241,-0.153584
2120.668378,984.000000,4.899164,-51.286835,713.129930,4.910674,51.291555,-0.147082
2120.625838,985.000000,4.894958,-51.189049,713.120248,4.906074,51.193693,-0.138398
2120.592257,986.000000,4.891640,-51.091471,713.113422,4.902491,51.096063,-0.132525
2120.582330,987.000000,4.890671,-50.994435,713.114137,4.901590,50.999036,-0.134076
2120.596981,988.000000,4.892142,-50.897958,713.122688,4.903477,50.902632,-0.143341
2120.634948,989.000000,4.895927,-50.802009,713.138673,4.908009,50.806817,-0.159924
2120.679571,990.000000,4.900372,-50.706207,713.156779,4.913296,50.711166,-0.178596
2120.717158,991.000000,4.904120,-50.610240,713.172642,4.917785,50.615333,-0.195059
2120.724214,992.000000,4.904837,-50.513580,713.178767,4.918811,50.518726,-0.201936
2120.695893,993.000000,4.902041,-50.416120,713.173609,4.915824,50.421227,-0.197706
2120.642328,994.000000,4.896741,-50.318093,713.160399,4.909972,50.323095,-0.185548
2120.551161,995.000000,4.887707,-50.219226,713.135198,4.899856,50.224025,-0.161586
2120.489943,996.000000,4.881647,-50.121036,713.119547,4.893138,50.125711,-0.147026
2120.395920,997.000000,4.872332,-50.022118,713.093436,4.882699,50.026582,-0.122168
2120.325540,998.000000,4.865364,-49.923735,713.074864,4.874942,49.928050,-0.104732
2120.275090,999.000000,4.860373,-49.825801,713.062646,4.869445,49.830019,-0.093550
2120.249077,1000.000000,4.857808,-49.728414,713.058217,4.866720,49.732599,-0.090037
2120.259609,1001.000000,4.858869,-49.631840,713.065437,4.868139,49.636087,-0.097992
2120.299161,1002.000000,4.862811,-49.535907,713.081909,4.872849,49.540292,-0.115054
2120.332402,1003.000000,4.866126,-49.439830,713.096368,4.876843,49.444337,-0.130135
2120.332080,1004.000000,4.866110,-49.343008,713.100125,4.877031,49.347549,-0.134681
2120.340542,1005.000000,4.866966,-49.246379,713.106681,4.878216,49.250977,-0.141982
2120.375502,1006.000000,4.870452,-49.150331,713.121686,4.882405,49.155056,-0.157600
2120.417822,1007.000000,4.874669,-49.054441,713.139036,4.887429,49.059310,-0.175528
2120.441838,1008.000000,4.877069,-48.958145,713.150549,4.890378,48.963112,-0.187709
2120.432617,1009.000000,4.876170,-48.861120,713.151463,4.889556,48.866097,-0.189455
2120.392807,1010.000000,4.872235,-48.763427,713.142621,4.885265,48.768336,-0.181598
2120.349835,1011.000000,4.867987,-48.665668,713.132770,4.880616,48.670499,-0.172747
2120.307107,1012.000000,4.863762,-48.567917,713.122996,4.875994,48.572672,-0.163971
2120.255959,1013.000000,4.858703,-48.469987,713.110537,4.870418,48.474643,-0.152552
2120.202902,1014.000000,4.853454,-48.372018,713.097468,4.864625,48.376571,-0.140533
2120.160057,1015.000000,4.849218,-48.274274,713.087654,4.859990,48.278749,-0.131718
2120.129586,1016.000000,4.846211,-48.176800,713.081785,4.856759,48.181230,-0.126786
2120.101887,1017.000000,4.843479,-48.079386,713.076798,4.853842,48.083779,-0.122723
2120.062938,1018.000000,4.839630,-47.981733,713.068223,4.849649,47.986059,-0.115128
2120.017334,1019.000000,4.835122,-47.883940,713.057526,4.844702,47.888181,-0.105443
2119.990348,1020.000000,4.832461,-47.786547,713.052763,4.841865,47.790753,-0.101601
2119.998940,1021.000000,4.833329,-47.689915,713.059341,4.843063,47.694178,-0.108923
2120.003915,1022.000000,4.833839,-47.593205,713.064764,4.843851,47.597515,-0.115109
2119.975161,1023.000000,4.831003,-47.495776,713.059434,4.840814,47.500046,-0.110707
2119.941671,1024.000000,4.827696,-47.398249,713.052593,4.837241,47.402466,-0.104819
2119.925403,1025.000000,4.826099,-47.301088,713.051240,4.835620,47.305297,-0.104334
2119.912344,1026.000000,4.824819,-47.203995,713.050910,4.834362,47.208205,-0.104855
2119.893017,1027.000000,4.822918,-47.106770,713.048580,4.832394,47.110965,-0.103408
2119.873479,1028.000000,4.820996,-47.009542,713.046182,4.830402,47.013720,-0.101893
2119.849059,1029.000000,4.818590,-46.912212,713.042227,4.827857,46.916361,-0.098845
2119.806811,1030.000000,4.814415,-46.814510,713.032587,4.823290,46.818583,-0.090201
2119.765404,1031.000000,4.810323,-46.716828,713.023214,4.818819,46.720828,-0.081820
2119.761961,1032.000000,4.809998,-46.619941,713.025942,4.818652,46.623966,-0.085352
2119.790480,1033.000000,4.812844,-46.523718,713.038857,4.822108,46.527852,-0.098913
2119.811375,1034.000000,4.814933,-46.427333,713.049340,4.824700,46.431556,-0.110080
2119.794392,1035.000000,4.813264,-46.330161,713.047748,4.822998,46.334374,-0.109359
2119.745705,1036.000000,4.808451,-46.232333,713.036049,4.817701,46.236454,-0.098687
2119.704899,1037.000000,4.804419,-46.134672,713.026860,4.813298,46.138721,-0.090487
2119.687225,1038.000000,4.802682,-46.037489,713.025044,4.811517,46.041527,-0.089545
2119.685392,1039.000000,4.802517,-45.940633,713.028277,4.811532,45.944700,-0.093574
2119.689984,1040.000000,4.802989,-45.843907,713.033556,4.812275,45.848021,-0.099617
2119.691067,1041.000000,4.803112,-45.747109,713.037716,4.812620,45.751260,-0.104558
2119.678190,1042.000000,4.801852,-45.650024,713.037424,4.811383,45.654176,-0.105117
2119.644316,1043.000000,4.798508,-45.552512,713.030438,4.807766,45.556610,-0.099086
2119.603331,1044.000000,4.794458,-45.454857,713.021185,4.803342,45.458883,-0.090822
2119.587249,1045.000000,4.792880,-45.357711,713.019868,4.801742,45.361728,-0.090371
2119.586086,1046.000000,4.792781,-45.260866,713.023305,4.801832,45.264915,-0.094601
2119.586140,1047.000000,4.792803,-45.164045,713.027130,4.802061,45.168129,-0.099212
2119.586729,1048.000000,4.792877,-45.067235,713.031123,4.802350,45.071354,-0.103990
2119.570008,1049.000000,4.791235,-44.970075,713.029598,4.800676,44.974185,-0.103334
2119.543327,1050.000000,4.788605,-44.872715,713.024896,4.797874,44.876791,-0.099551
2119.497917,1051.000000,4.784117,-44.774983,713.014224,4.792949,44.778974,-0.089890
2119.444357,1052.000000,4.778821,-44.677090,713.000954,4.787100,44.680976,-0.077671
2119.431387,1053.000000,4.777551,-44.580010,713.000620,4.785852,44.583896,-0.078188
2119.464390,1054.000000,4.780841,-44.483845,713.014937,4.789815,44.487852,-0.093129
2119.482278,1055.000000,4.782632,-44.387376,713.024436,4.792064,44.391464,-0.103327
2119.449986,1056.000000,4.779445,-44.289911,713.017939,4.788626,44.293949,-0.097776
2119.490761,1057.000000,4.783506,-44.193892,713.034730,4.793470,44.198071,-0.115154
2119.467272,1058.000000,4.781193,-44.096601,713.031037,4.791029,44.100753,-0.112363
2119.456806,1059.000000,4.780172,-43.999567,713.031493,4.790064,44.003726,-0.113658
2119.448289,1060.000000,4.779343,-43.902572,713.032570,4.789321,43.906743,-0.115564
2119.432125,1061.000000,4.777757,-43.805427,713.031208,4.787710,43.809589,-0.115068
2119.404404,1062.000000,4.775024,-43.708056,713.026161,4.784790,43.712181,-0.110945
2119.372310,1063.000000,4.771857,-43.610601,713.019718,4.781373,43.614677,-0.105448
2119.353316,1064.000000,4.769990,-43.513404,713.017451,4.779442,43.517464,-0.104061
2119.319673,1065.000000,4.766669,-43.415922,713.010512,4.775850,43.419929,-0.098075
2119.262998,1066.000000,4.761065,-43.317997,712.996233,4.769648,43.321889,-0.084862
2119.215058,1067.000000,4.756327,-43.220244,712.984736,4.764436,43.224046,-0.074389
2119.188775,1068.000000,4.753737,-43.122912,712.980141,4.761678,43.126679,-0.070710
2119.177069,1069.000000,4.752593,-43.025862,712.980190,4.760573,43.029633,-0.071604
2119.180428,1070.000000,4.752942,-42.929101,712.985039,4.761175,42.932915,-0.077224
2119.210888,1071.000000,4.755980,-42.832858,712.998525,4.764848,42.836786,-0.091346
2119.262190,1072.000000,4.761084,-42.737010,713.018652,4.770884,42.741106,-0.112008
2119.294580,1073.000000,4.764313,-42.640796,713.032751,4.774776,42.645011,-0.126735
2119.269733,1074.000000,4.761866,-42.543490,713.028606,4.772181,42.547673,-0.123499
2119.202496,1075.000000,4.755214,-42.445379,713.010948,4.764781,42.449422,-0.106959
2119.124758,1076.000000,4.747521,-42.347075,712.989944,4.756192,42.350949,-0.087125
2119.064801,1077.000000,4.741592,-42.249113,712.974606,4.749618,42.252865,-0.072869
2119.035613,1078.000000,4.738714,-42.151735,712.969073,4.746531,42.155445,-0.068267
2119.026316,1079.000000,4.737809,-42.054733,712.969877,4.745698,42.058452,-0.069904
2119.023050,1080.000000,4.737502,-41.957844,712.972603,4.745549,41.961589,-0.073433
2119.024185,1081.000000,4.737631,-41.861036,712.976730,4.745898,41.864818,-0.078341
2119.033651,1082.000000,4.738586,-41.764384,712.983511,4.747191,41.768224,-0.085863
2119.034147,1083.000000,4.738652,-41.667562,712.987432,4.747468,41.671438,-0.090568
2119.009669,1084.000000,4.736241,-41.570275,712.983392,4.744915,41.574121,-0.087436
2118.972604,1085.000000,4.732582,-41.472756,712.975340,4.740935,41.476539,-0.080354
2118.944604,1086.000000,4.729823,-41.375407,712.970176,4.737982,41.379151,-0.076115
2118.930830,1087.000000,4.728474,-41.278322,712.969545,4.736642,41.282064,-0.076338
2118.926259,1088.000000,4.728037,-41.181406,712.971845,4.736344,41.185171,-0.079448
2118.924554,1089.000000,4.727885,-41.084543,712.975057,4.736371,41.088337,-0.083455
2118.920447,1090.000000,4.727494,-40.987635,712.977502,4.736126,40.991453,-0.086708
2118.914091,1091.000000,4.726880,-40.890686,712.979230,4.735626,40.894521,-0.089254
2118.910701,1092.000000,4.726561,-40.793790,712.981901,4.735462,40.797650,-0.092729
2118.903269,1093.000000,4.725841,-40.696820,712.983284,4.734840,40.700694,-0.094935
2118.871018,1094.000000,4.722660,-40.599399,712.976755,4.731405,40.603223,-0.089353
2118.806159,1095.000000,4.716245,-40.501389,712.959834,4.724276,40.505078,-0.073538
2118.719334,1096.000000,4.707654,-40.402987,712.935913,4.714658,40.406484,-0.050831
2118.636351,1097.000000,4.699444,-40.304662,712.913217,4.705476,40.307976,-0.029330
2118.620960,1098.000000,4.697934,-40.207557,712.912057,4.703952,40.210865,-0.029032
2118.713563,1099.000000,4.707132,-40.112390,712.945307,4.714663,40.115974,-0.062614
2115.255799,1323.000000,4.368548,-18.370535,712.651471,4.371231,18.372442,0.037989
2115.329105,1324.000000,4.375819,-18.274245,712.678273,4.379730,18.276375,0.010753
2115.347619,1325.000000,4.377669,-18.177503,712.687631,4.382033,18.179712,0.000696
2115.343611,1326.000000,4.377291,-18.080577,712.689819,4.381788,18.082807,-0.002299
2115.332639,1327.000000,4.376223,-17.983594,712.689788,4.380756,17.985827,-0.003109
2115.293673,1328.000000,4.372386,-17.886387,712.680844,4.376557,17.888550,0.004859
2115.230766,1329.000000,4.366179,-17.788993,712.664278,4.369651,17.791023,0.020335
2115.159037,1330.000000,4.359101,-17.691533,712.644903,4.361748,17.693408,0.038576
2115.099444,1331.000000,4.353223,-17.594174,712.629390,4.355217,17.595926,0.053013
2115.057719,1332.000000,4.349113,-17.496959,712.619565,4.350707,17.498633,0.061849
2115.012719,1333.000000,4.344679,-17.399721,712.608696,4.345827,17.401310,0.071713
2114.964447,1334.000000,4.339922,-17.302461,712.596784,4.340576,17.303956,0.082604
2114.946900,1335.000000,4.338204,-17.205440,712.594651,4.338800,17.206921,0.083865
2114.980656,1336.000000,4.341561,-17.108812,712.608846,4.342825,17.110412,0.069046
2115.041646,1337.000000,4.347613,-17.012388,712.631708,4.349930,17.014178,0.045689
2115.096813,1338.000000,4.353089,-16.915913,712.652717,4.356376,16.917878,0.024159
2115.100064,1339.000000,4.353429,-16.819042,712.657199,4.356952,16.821048,0.018904
2115.044648,1340.000000,4.347964,-16.721732,712.643005,4.350893,16.723624,0.032044
2114.981540,1341.000000,4.341739,-16.624368,712.626362,4.343965,16.626128,0.047595
2114.946877,1342.000000,4.338328,-16.527219,712.618772,4.340253,16.528920,0.054230
2114.932536,1343.000000,4.336928,-16.430222,712.617649,4.338839,16.431917,0.054496
2114.923413,1344.000000,4.336043,-16.333263,712.618186,4.338015,16.334965,0.053127
2114.924454,1345.000000,4.336164,-16.236377,712.621957,4.338340,16.238114,0.048573
2114.938198,1346.000000,4.337542,-16.139582,712.629770,4.340102,16.141386,0.040038
2114.946648,1347.000000,4.338396,-16.042747,712.635897,4.341265,16.044604,0.033164
2114.936597,1348.000000,4.337420,-15.945779,712.636134,4.340336,15.947641,0.032091
2114.919258,1349.000000,4.335723,-15.848758,712.634049,4.338583,15.850607,0.033304
2114.909673,1350.000000,4.334793,-15.751793,712.634432,4.337706,15.753648,0.032087
2114.916433,1351.000000,4.335480,-15.654943,712.640016,4.338678,15.656847,0.025748
2114.924495,1352.000000,4.336295,-15.558099,712.646013,4.339797,15.560056,0.019001
2114.912892,1353.000000,4.335166,-15.461119,712.645750,4.338692,15.463076,0.018421
2114.886052,1354.000000,4.332529,-15.364034,712.640635,4.335864,15.365952,0.022619
2114.857487,1355.000000,4.329721,-15.266938,712.634970,4.332842,15.268814,0.027358
2114.833535,1356.000000,4.327370,-15.169875,712.630772,4.330340,15.171720,0.030653
2114.823352,1357.000000,4.326381,-15.072907,712.630956,4.329396,15.074756,0.029632
2114.835119,1358.000000,4.327563,-14.976085,712.638125,4.330934,14.977996,0.021732
2114.854793,1359.000000,4.329528,-14.879313,712.647810,4.333365,14.881307,0.011354
2114.850578,1360.000000,4.329129,-14.782382,712.649890,4.333095,14.784395,0.008466
2114.809916,1361.000000,4.325125,-14.685210,712.640367,4.328705,14.687149,0.017005
2114.754365,1362.000000,4.319648,-14.587944,712.626103,4.322630,14.589770,0.030213
2114.707855,1363.000000,4.315066,-14.490741,712.614717,4.317579,14.492477,0.040588
2114.668793,1364.000000,4.311220,-14.393588,712.605700,4.313369,14.395254,0.048629
2114.636010,1365.000000,4.307996,-14.296478,712.598681,4.309869,14.298089,0.054702
2114.633372,1366.000000,4.307754,-14.199562,712.601255,4.309778,14.201197,0.051327
2114.660178,1367.000000,4.310423,-14.102830,712.613199,4.313015,14.104566,0.038724
2114.696050,1368.000000,4.313990,-14.006152,712.628028,4.317277,14.008013,0.023280
2114.715298,1369.000000,4.315912,-13.909366,712.637565,4.319660,13.911308,0.013047
2114.729183,1370.000000,4.317304,-13.812545,712.645394,4.321436,13.814554,0.004497
2114.731214,1371.000000,4.317523,-13.715649,712.649449,4.321872,13.717695,-0.000335
2114.720533,1372.000000,4.316485,-13.618674,712.649456,4.320871,13.620723,-0.001182
2114.698556,1373.000000,4.314329,-13.521631,712.645865,4.318592,13.523654,0.001515
2114.654384,1374.000000,4.309978,-13.424456,712.635209,4.313804,13.426396,0.011171
2114.615153,1375.000000,4.306116,-13.327314,712.626125,4.309575,13.329182,0.019279
2114.603350,1376.000000,4.304967,-13.230336,712.625769,4.308447,13.232204,0.018789
2114.606539,1377.000000,4.305301,-13.133446,712.630185,4.309013,13.135354,0.013601
2114.605266,1378.000000,4.305193,-13.036529,712.633179,4.309075,13.038464,0.009813
2114.614181,1379.000000,4.306094,-12.939670,712.639414,4.310289,12.941660,0.002832
2114.644484,1380.000000,4.309109,-12.842932,712.652457,4.313922,12.845032,-0.010853
2114.659583,1381.000000,4.310621,-12.746104,712.660659,4.315835,12.748274,-0.019771
2114.614829,1382.000000,4.306213,-12.648935,712.649807,4.310981,12.651020,-0.009922
2114.517647,1383.000000,4.296619,-12.551476,712.622267,4.300199,12.553338,0.016364
2114.508002,1384.000000,4.295684,-12.454511,712.622589,4.299315,12.456379,0.015207
2114.471661,1385.000000,4.292108,-12.357398,712.614413,4.295412,12.359203,0.022421
2114.457469,1386.000000,4.290723,-12.260409,712.613285,4.294013,12.262208,0.022693
2114.435613,1387.000000,4.288580,-12.163379,712.609716,4.291748,12.165152,0.025368
2114.406633,1388.000000,4.285732,-12.066311,712.603879,4.288677,12.068040,0.030278
2114.406859,1389.000000,4.285773,-11.969402,712.607336,4.288908,11.971161,0.026034
2114.440785,1390.000000,4.289146,-11.872670,712.621519,4.292949,11.874549,0.011226
2114.474727,1391.000000,4.292522,-11.775934,712.635706,4.296992,11.777932,-0.003586
2114.490382,1392.000000,4.294089,-11.679099,712.644071,4.298967,11.681169,-0.012664
2114.482767,1393.000000,4.293354,-11.582141,712.645028,4.298312,11.584222,-0.014445
2114.463416,1394.000000,4.291459,-11.485123,712.642248,4.296329,11.487184,-0.012546
2114.441549,1395.000000,4.289314,-11.388092,712.638666,4.294062,11.390128,-0.009857
2114.412317,1396.000000,4.286442,-11.291026,712.632738,4.290963,11.293016,-0.004858
2114.376125,1397.000000,4.282881,-11.193926,712.624594,4.287076,11.195853,0.002324
2114.359490,1398.000000,4.281254,-11.096926,712.622674,4.285401,11.098840,0.003376
2114.376495,1399.000000,4.282955,-11.000091,712.631460,4.287528,11.002081,-0.006116
2114.394739,1400.000000,4.284778,-10.903260,712.640639,4.289796,10.905328,-0.015996
2114.394648,1401.000000,4.284787,-10.806338,712.643981,4.289991,10.808437,-0.020127
2114.385059,1402.000000,4.283857,-10.709370,712.644299,4.289112,10.711474,-0.021279
2114.398261,1403.000000,4.285182,-10.612509,712.651870,4.290809,10.614679,-0.029574
2114.442317,1404.000000,4.289558,-10.515792,712.669261,4.295995,10.518107,-0.047543
2114.500165,1405.000000,4.295298,-10.419134,712.691043,4.302740,10.421631,-0.069835
2114.653943,1406.000000,4.310529,-10.322912,712.743368,4.320333,10.325841,-0.122210
2114.775568,1407.000000,4.322580,-10.226530,712.785460,4.334293,10.229806,-0.164508
2114.888166,1408.000000,4.333740,-10.130095,712.824681,4.347233,10.133695,-0.203977
2112.668724,1514.000000,4.116314,0.151599,712.467668,4.117808,-0.150576,0.058864
2112.209941,1547.000000,4.071631,3.350799,712.427630,4.072549,-3.349997,0.070703
2112.327569,1548.000000,4.083270,3.447943,712.468240,4.086030,-3.446805,0.029862
2112.432438,1549.000000,4.093650,3.545077,712.504794,4.098072,-3.543637,-0.006983
2112.441887,1550.000000,4.094603,3.642066,712.510987,4.099337,-3.640572,-0.013921
2112.409117,1551.000000,4.091385,3.738986,712.503745,4.095834,-3.737548,-0.007623
2112.360727,1552.000000,4.086624,3.835877,712.491533,4.090566,-3.834536,0.003571
2112.309434,1553.000000,4.081576,3.932760,712.478396,4.084971,-3.931523,0.015676
2112.283824,1554.000000,4.079066,4.029686,712.473430,4.082276,-4.028487,0.019732
2112.280099,1555.000000,4.078717,4.126651,712.475425,4.082053,-4.125432,0.016931
2112.273377,1556.000000,4.078073,4.223611,712.476465,4.081491,-4.222380,0.015070
2112.255361,1557.000000,4.076313,4.320549,712.473911,4.079654,-4.319336,0.016750
2112.249792,1558.000000,4.075782,4.417512,712.475316,4.079223,-4.416283,0.014530
2112.270439,1559.000000,4.077842,4.514527,712.485061,4.081752,-4.513216,0.004095
2112.284316,1560.000000,4.079232,4.611532,712.492650,4.083516,-4.610155,-0.004218
2112.266900,1561.000000,4.077531,4.708472,712.490282,4.081747,-4.707112,-0.002721
2112.224324,1562.000000,4.073345,4.805358,712.479908,4.077136,-4.804079,0.006663
2112.194452,1563.000000,4.070414,4.902269,712.473574,4.073959,-4.901039,0.012067
2112.193569,1564.000000,4.070346,4.999243,712.476462,4.074057,-4.997986,0.008385
2112.219062,1565.000000,4.072884,5.096279,712.487741,4.077133,-5.094926,-0.003562
2112.252029,1566.000000,4.076161,5.193334,712.501398,4.081053,-5.191867,-0.017851
2112.259137,1567.000000,4.076883,5.290332,712.506825,4.082053,-5.288817,-0.024033
2112.221560,1568.000000,4.073190,5.387224,712.498033,4.078006,-5.385778,-0.016208
2112.157001,1569.000000,4.066833,5.484048,712.480656,4.070912,-5.482741,0.000075
2112.109857,1570.000000,4.062196,5.580911,712.468819,4.065785,-5.579697,0.010900
2112.095255,1571.000000,4.060773,5.677853,712.467333,4.064333,-5.676648,0.011528
2112.099934,1572.000000,4.061255,5.774844,712.471981,4.065058,-5.773598,0.006113
2112.109859,1573.000000,4.062255,5.871850,712.478297,4.066375,-5.870549,-0.000945
2112.116074,1574.000000,4.062889,5.968849,712.483432,4.067274,-5.967502,-0.006838
2112.119714,1575.000000,4.063268,6.065841,712.487746,4.067882,-6.064456,-0.011924
2112.122957,1576.000000,4.063608,6.162834,712.491932,4.068444,-6.161412,-0.016884
2112.123470,1577.000000,4.063679,6.259821,712.495249,4.068699,-6.258368,-0.020987
2112.123478,1578.000000,4.063699,6.356807,712.498404,4.068896,-6.355325,-0.024931
2112.130684,1579.000000,4.064431,6.453814,712.503847,4.069906,-6.452285,-0.031129
2112.135470,1580.000000,4.064924,6.550817,712.508520,4.070643,-6.549245,-0.036568
2112.122463,1581.000000,4.063659,6.647767,712.507530,4.069371,-6.646201,-0.036429
2112.088622,1582.000000,4.060336,6.744655,712.499910,4.065745,-6.743147,-0.029757
2112.042711,1583.000000,4.055820,6.841504,712.488448,4.060757,-6.840087,-0.019301
2112.002404,1584.000000,4.051859,6.938367,712.478769,4.056402,-6.937026,-0.010601
2111.983028,1585.000000,4.049965,7.035293,712.475748,4.054410,-7.033974,-0.008461
2111.991860,1586.000000,4.050857,7.132308,712.481700,4.055603,-7.130937,-0.015160
2112.000226,1587.000000,4.051703,7.229324,712.487503,4.056744,-7.227902,-0.021712
2111.974440,1588.000000,4.049176,7.326229,712.482438,4.054028,-7.324846,-0.017558
2111.940191,1589.000000,4.045813,7.423105,712.474680,4.050357,-7.421782,-0.010751
2111.926678,1590.000000,4.044498,7.520049,712.473518,4.049027,-7.518732,-0.010442
2111.936426,1591.000000,4.045481,7.617072,712.479755,4.050323,-7.615700,-0.017422
2111.954613,1592.000000,4.047298,7.714125,712.488677,4.052573,-7.712677,-0.027046
2111.967317,1593.000000,4.048572,7.811162,712.495853,4.054203,-7.809652,-0.034951
2111.967631,1594.000000,4.048623,7.908157,712.499085,4.054434,-7.906618,-0.038971
2111.957231,1595.000000,4.047616,8.005115,712.498908,4.053456,-8.003574,-0.039632
2111.947062,1596.000000,4.046632,8.102074,712.498802,4.052503,-8.100530,-0.040363
2111.942133,1597.000000,4.046165,8.199051,712.500363,4.052142,-8.197492,-0.042736
2111.928865,1598.000000,4.044874,8.295999,712.499269,4.050839,-8.294445,-0.042494
2111.887992,1599.000000,4.040857,8.392842,712.489391,4.046419,-8.391366,-0.033597
2111.845785,1600.000000,4.036708,8.489678,712.479087,4.041849,-8.488283,-0.024282
2111.832141,1601.000000,4.035380,8.586621,712.477870,4.040503,-8.585232,-0.023918
2111.837003,1602.000000,4.035881,8.683636,712.482539,4.041248,-8.682205,-0.029353
2111.827663,1603.000000,4.034978,8.780595,712.482689,4.040389,-8.779161,-0.030336
2111.800858,1604.000000,4.032351,8.877486,712.477281,4.037557,-8.876093,-0.025843
2111.768644,1605.000000,4.029189,8.974354,712.470150,4.034115,-8.973016,-0.019654
2111.718734,1606.000000,4.024280,9.071148,712.457389,4.028675,-9.069911,-0.007917
2111.647367,1607.000000,4.017252,9.167851,712.437801,4.020812,-9.166771,0.010546
2111.596037,1608.000000,4.012203,9.264632,712.424586,4.015212,-9.263656,0.022729
2111.600366,1609.000000,4.012650,9.361641,712.429077,4.015895,-9.360626,0.017470
2111.628096,1610.000000,4.015409,9.458751,712.441011,4.019221,-9.457635,0.004878
2111.641965,1611.000000,4.016798,9.555806,712.448535,4.020982,-9.554625,-0.003369
2111.637128,1612.000000,4.016341,9.652781,712.450106,4.020630,-9.651584,-0.005752
2111.637598,1613.000000,4.016407,9.749781,712.453364,4.020878,-9.748553,-0.009797
2111.661623,1614.000000,4.018800,9.846884,712.464115,4.023786,-9.845566,-0.021224
2111.692064,1615.000000,4.021827,9.944020,712.476907,4.027418,-9.942593,-0.034661
2111.705057,1616.000000,4.023130,10.041080,712.484146,4.029079,-10.039592,-0.042628
2111.682054,1617.000000,4.020878,10.137980,712.479932,4.026677,-10.136523,-0.039311
2111.649582,1618.000000,4.017691,10.234835,712.472703,4.023205,-10.233434,-0.033025
2111.646110,1619.000000,4.017369,10.331823,712.474700,4.023007,-10.330401,-0.035827
2111.677132,1620.000000,4.020453,10.428971,712.487671,4.026705,-10.427441,-0.049441
2111.714878,1621.000000,4.024201,10.526155,712.502781,4.031161,-10.524497,-0.065162
2111.725649,1622.000000,4.025285,10.623215,712.509306,4.032572,-10.621501,-0.072425
2111.701075,1623.000000,4.022878,10.720108,712.504584,4.029992,-10.718429,-0.068608
2111.655743,1624.000000,4.018421,10.816899,712.493256,4.025067,-10.815309,-0.058283
2111.601793,1625.000000,4.013113,10.913645,712.479185,4.019170,-10.912167,-0.045255
2111.543670,1626.000000,4.007393,11.010366,712.463785,4.012802,-11.009012,-0.030918
2111.502578,1627.000000,4.003355,11.107168,712.453804,4.008357,-11.105892,-0.021919
2111.551969,1628.000000,4.008253,11.204421,712.472608,4.014127,-11.202988,-0.041280
2111.509604,1629.000000,4.004090,11.301215,712.462219,4.009538,-11.299864,-0.031879
2111.454364,1630.000000,3.998655,11.397941,712.447732,4.003495,-11.396705,-0.018442
2111.409497,1631.000000,3.994244,11.494717,712.436545,3.998624,-11.493569,-0.008255
2111.388414,1632.000000,3.992183,11.591613,712.432924,3.996438,-11.590491,-0.005522
2111.387395,1633.000000,3.992102,11.688612,712.435684,3.996517,-11.687465,-0.009076
2111.390478,1634.000000,3.992427,11.785634,712.439747,3.997059,-11.784450,-0.013914
2111.386560,1635.000000,3.992060,11.882620,712.441583,3.996810,-11.881418,-0.016557
2111.392586,1636.000000,3.992676,11.979660,712.446580,3.997684,-11.978414,-0.022315
2111.427979,1637.000000,3.996191,12.076860,712.460920,4.001873,-12.075493,-0.037277
2111.483284,1638.000000,4.001673,12.174172,712.481594,4.008311,-12.172632,-0.058480
2111.522905,1639.000000,4.005606,12.271404,712.497278,4.012978,-12.269733,-0.074767
2111.525961,1640.000000,4.005928,12.368438,712.501327,4.013517,-12.366730,-0.079590
2111.483581,1641.000000,4.001763,12.465220,712.490917,4.008926,-12.463594,-0.070169
2111.438185,1642.000000,3.997301,12.561982,712.479546,4.003994,-12.560447,-0.059801
2111.431771,1643.000000,3.996688,12.658962,712.480578,4.003463,-12.657415,-0.061652
2111.449849,1644.000000,3.998493,12.756082,712.489401,4.005698,-12.754460,-0.071180
2111.457461,1645.000000,3.999265,12.853145,712.494893,4.006750,-12.851474,-0.077425
2111.429633,1646.000000,3.996538,12.950004,712.489108,4.003802,-12.948377,-0.072559
2111.382034,1647.000000,3.991857,13.046746,712.477030,3.998621,-13.045214,-0.061495
2111.350740,1648.000000,3.988788,13.143580,712.470140,3.995281,-13.142102,-0.055541
2111.352416,1649.000000,3.988973,13.240608,712.473738,3.995664,-13.239098,-0.059920
2111.369074,1650.000000,3.990639,13.337727,712.482101,3.997737,-13.336144,-0.068995
2111.376390,1651.000000,3.991382,13.434791,712.487492,3.998756,-13.433161,-0.075140
2111.366412,1652.000000,3.990417,13.531753,712.487378,3.997823,-13.530121,-0.075863
2111.338464,1653.000000,3.987678,13.628605,712.481546,3.994861,-13.627017,-0.070951
2111.297637,1654.000000,3.983666,13.725377,712.471615,3.990444,-13.723867,-0.062001
2111.267297,1655.000000,3.980691,13.822211,712.465019,3.987212,-13.820752,-0.056337
2111.275600,1656.000000,3.981531,13.919283,712.470717,3.988342,-13.917774,-0.062785
2111.333579,1657.000000,3.987277,14.016669,712.492220,3.995081,-14.014981,-0.084804
2111.393965,1658.000000,3.993261,14.114075,712.514488,4.002091,-14.112201,-0.107578
2111.352331,1659.000000,3.989170,14.210840,712.504294,3.997584,-14.209046,-0.098369
2111.260726,1660.000000,3.980145,14.307282,712.478198,3.987434,-14.305699,-0.073493
2111.211343,1661.000000,3.975289,14.403990,712.465536,3.982052,-14.402507,-0.061852
2111.202775,1662.000000,3.974463,14.500958,712.465859,3.981277,-14.499470,-0.063004
2111.211646,1663.000000,3.975360,14.598041,712.471729,3.982471,-14.596501,-0.069622
2111.206560,1664.000000,3.974878,14.695033,712.473157,3.982089,-14.693478,-0.071863
2111.162009,1665.000000,3.970499,14.791765,712.462028,3.977252,-14.790298,-0.061733
2111.100489,1666.000000,3.964446,14.888382,712.445499,3.970500,-14.887047,-0.046282
2111.052796,1667.000000,3.959757,14.985086,712.433368,3.965308,-14.983847,-0.035164
2111.057636,1668.000000,3.960256,15.082141,712.437950,3.966047,-15.080862,-0.040512
2111.127049,1669.000000,3.967130,15.179636,712.463073,3.974075,-15.178148,-0.066099
2111.187211,1670.000000,3.973091,15.277074,712.485254,3.981059,-15.275401,-0.088787
2111.198992,1671.000000,3.974275,15.374187,712.492041,3.982581,-15.372455,-0.096308
2111.167591,1672.000000,3.971195,15.471002,712.485086,3.979228,-15.469324,-0.090290
2111.099570,1673.000000,3.964499,15.567561,712.466479,3.971741,-15.566032,-0.072791
2111.025292,1674.000000,3.957186,15.664072,712.445881,3.963548,-15.662708,-0.053331
2110.996609,1675.000000,3.954374,15.760898,712.439789,3.960503,-15.759581,-0.048163
2111.005515,1676.000000,3.955274,15.857989,712.445654,3.961700,-15.856620,-0.054775
2111.016536,1677.000000,3.956383,15.955096,712.452190,3.963136,-15.953671,-0.062049
2111.010056,1678.000000,3.955764,16.052080,712.453158,3.962596,-16.050643,-0.063836
2110.980480,1679.000000,3.952864,16.148898,712.446776,3.959449,-16.147510,-0.058383
2110.937063,1680.000000,3.948598,16.245613,712.435990,3.954740,-16.244311,-0.048589
2110.895712,1681.000000,3.944537,16.342341,712.425860,3.950264,-16.341118,-0.039443
2110.867848,1682.000000,3.941806,16.439165,712.420020,3.947311,-16.437987,-0.034522
2110.861264,1683.000000,3.941177,16.536145,712.420948,3.946759,-16.534956,-0.036271
2110.866855,1684.000000,3.941750,16.633216,712.425748,3.947582,-16.631984,-0.041834
2110.863875,1685.000000,3.941476,16.730224,712.427820,3.947437,-16.728972,-0.044709
2110.835848,1686.000000,3.938730,16.827044,712.421923,3.944465,-16.825837,-0.039733
2110.783773,1687.000000,3.933610,16.923681,712.408375,3.938778,-16.922582,-0.027218
2110.729245,1688.000000,3.928248,17.020296,712.394045,3.932815,-17.019311,-0.013934
2110.703835,1689.000000,3.925760,17.117130,712.388978,3.930139,-17.116183,-0.009774
2110.727034,1690.000000,3.928071,17.214336,712.399371,3.932948,-17.213301,-0.020848
2110.753316,1691.000000,3.930686,17.311569,712.410745,3.936106,-17.310438,-0.032888
2110.746563,1692.000000,3.930040,17.408549,712.411608,3.935534,-17.407407,-0.034572
2110.726181,1693.000000,3.928048,17.505422,712.408134,3.933425,-17.504305,-0.031983
2110.728193,1694.000000,3.928268,17.602470,712.411784,3.933843,-17.601320,-0.036412
2110.748110,1695.000000,3.930255,17.699661,712.421127,3.936282,-17.698432,-0.046452
2110.766743,1696.000000,3.932115,17.796845,712.430062,3.938576,-17.795539,-0.056089
2110.784626,1697.000000,3.933901,17.894025,712.438757,3.940785,-17.892644,-0.065490
2110.801196,1698.000000,3.935558,17.991197,712.447033,3.942847,-17.989745,-0.074478
2110.807213,1699.000000,3.936173,18.088286,712.451951,3.943717,-18.086791,-0.080157
2110.779015,1700.000000,3.933409,18.185098,712.445982,3.940724,-18.183649,-0.075109
2110.714748,1701.000000,3.927086,18.281615,712.428537,3.933661,-18.280305,-0.058754
2110.651924,1702.000000,3.920905,18.378138,712.411550,3.926762,-18.376964,-0.042851
2110.636148,1703.000000,3.919368,18.475046,712.409529,3.925172,-18.473885,-0.041693
2110.669484,1704.000000,3.922680,18.572360,712.423131,3.929124,-18.571085,-0.055929
2110.689245,1705.000000,3.924652,18.669565,712.432414,3.931545,-18.668211,-0.065908
2110.664547,1706.000000,3.922234,18.766400,712.427551,3.928948,-18.765082,-0.061950
2110.641750,1707.000000,3.920005,18.863250,712.423292,3.926566,-18.861964,-0.058587
2110.620497,1708.000000,3.917928,18.960112,712.419523,3.924357,-18.958853,-0.055707
2110.583858,1709.000000,3.914332,19.056842,712.410858,3.920413,-19.055651,-0.048003
2110.555335,1710.000000,3.911537,19.153639,712.404774,3.917384,-19.152495,-0.042842
2110.575382,1711.000000,3.913537,19.250852,712.414139,3.919836,-19.249628,-0.052903
2110.618072,1712.000000,3.917772,19.348264,712.430708,3.924845,-19.346901,-0.070061
2110.630799,1713.000000,3.919049,19.445420,712.437743,3.926471,-19.443996,-0.077826
2110.588170,1714.000000,3.914862,19.542095,712.427165,3.921850,-19.540754,-0.068238
2110.516642,1715.000000,3.907822,19.638513,712.407394,3.913968,-19.637331,-0.049590
2110.543381,1716.000000,3.910482,19.735793,712.418882,3.917175,-19.734513,-0.061743
2110.505215,1717.000000,3.906736,19.832500,712.409721,3.913058,-19.831293,-0.053550
2110.480008,1718.000000,3.904269,19.929321,712.404682,3.910403,-19.928151,-0.049418
2110.465400,1719.000000,3.902848,20.026235,712.403014,3.908944,-20.025076,-0.048607
2110.467758,1720.000000,3.903101,20.123302,712.406741,3.909400,-20.122109,-0.053113
2110.470213,1721.000000,3.903365,20.220370,712.410498,3.909867,-20.219143,-0.057648
2110.430961,1722.000000,3.899511,20.317061,712.400986,3.905627,-20.315909,-0.049109
2110.388375,1723.000000,3.895329,20.413720,712.390413,3.901011,-20.412651,-0.039524
2110.382060,1724.000000,3.894727,20.510707,712.391376,3.900488,-20.509627,-0.041306
2110.407760,1725.000000,3.897284,20.607990,712.402523,3.903578,-20.606816,-0.053122
2110.447076,1726.000000,3.901186,20.705402,712.418000,3.908204,-20.704098,-0.069206
2110.483824,1727.000000,3.904834,20.802795,712.432660,3.912541,-20.801367,-0.084483
2110.506439,1728.000000,3.907088,20.900060,712.442822,3.915283,-20.898545,-0.095330
2110.495881,1729.000000,3.906067,20.997016,712.442430,3.914280,-20.995502,-0.095776
2110.436236,1730.000000,3.900200,21.093510,712.426419,3.907738,-21.092123,-0.080834
2110.365501,1731.000000,3.893239,21.189894,712.406880,3.899945,-21.188665,-0.062414
2110.326725,1732.000000,3.889433,21.286578,712.397507,3.895758,-21.285421,-0.054012
2110.325194,1733.000000,3.889303,21.383614,712.399981,3.895775,-21.382434,-0.057283
2110.336160,1734.000000,3.890406,21.480772,712.406430,3.897201,-21.479536,-0.064470
2110.340252,1735.000000,3.890831,21.577865,712.410691,3.897852,-21.576591,-0.069501
2110.338747,1736.000000,3.890704,21.674905,712.413170,3.897871,-21.673607,-0.072777
2110.342068,1737.000000,3.891053,21.771993,712.417183,3.898435,-21.770659,-0.077564
2110.356832,1738.000000,3.892531,21.869194,712.424835,3.900290,-21.867794,-0.085937
2110.369547,1739.000000,3.893807,21.966377,712.431835,3.901914,-21.964917,-0.093666
2110.357043,1740.000000,3.892594,22.063313,712.430809,3.900692,-22.061858,-0.093489
2110.317096,1741.000000,3.888672,22.159977,712.421052,3.896373,-22.158599,-0.084708
2110.270474,1742.000000,3.884092,22.256573,712.409170,3.891300,-22.255289,-0.073833
2110.236120,1743.000000,3.880722,22.353288,712.401191,3.887612,-22.352066,-0.066804
2110.218162,1744.000000,3.878971,22.450166,712.398426,3.885774,-22.448963,-0.064912
2110.206476,1745.000000,3.877839,22.547106,712.397655,3.884644,-22.545906,-0.064985
2110.185205,1746.000000,3.875761,22.643949,712.393833,3.882433,-22.642777,-0.062053
2110.139774,1747.000000,3.871298,22.740545,712.382325,3.877495,-22.739464,-0.051546
2110.085948,1748.000000,3.866007,22.837053,712.368146,3.871610,-22.836085,-0.038407
2110.047003,1749.000000,3.862185,22.933710,712.358699,3.867404,-22.932816,-0.029932
2110.025534,1750.000000,3.860088,23.030544,712.354810,3.865170,-23.029678,-0.026933
2110.015130,1751.000000,3.859082,23.127491,712.354440,3.864184,-23.126626,-0.027400
2110.014074,1752.000000,3.858999,23.224536,712.357042,3.864253,-23.223645,-0.030797
2110.022563,1753.000000,3.859858,23.321680,712.362678,3.865399,-23.320741,-0.037183
2110.031260,1754.000000,3.860737,23.418829,712.368380,3.866569,-23.417839,-0.043634
2110.033080,1755.000000,3.860938,23.515907,712.371893,3.866962,-23.514885,-0.047928
2110.033687,1756.000000,3.861019,23.612973,712.375019,3.867219,-23.611923,-0.051841
2110.036100,1757.000000,3.861279,23.710059,712.378718,3.867679,-23.708976,-0.056319
2110.029941,1758.000000,3.860692,23.807056,712.379690,3.867172,-23.805961,-0.058108
2110.011437,1759.000000,3.858887,23.903921,712.376733,3.865272,-23.902847,-0.056027
2109.995390,1760.000000,3.857325,24.000811,712.374556,3.863649,-23.999752,-0.054715
2109.990120,1761.000000,3.856826,24.097817,712.375807,3.863243,-24.096744,-0.056780
2109.976341,1762.000000,3.855488,24.194732,712.374349,3.861876,-24.193668,-0.056176
2109.940893,1763.000000,3.852011,24.291411,712.365997,3.858064,-24.290412,-0.048779
2109.899985,1764.000000,3.847995,24.388029,712.355908,3.853636,-24.387109,-0.039670
2109.874680,1765.000000,3.845520,24.484814,712.350780,3.850969,-24.483933,-0.035450
2109.875802,1766.000000,3.845652,24.581889,712.354058,3.851283,-24.580978,-0.039512
2109.888303,1767.000000,3.846906,24.679090,712.360954,3.852881,-24.678119,-0.047139
2109.888792,1768.000000,3.846976,24.776160,712.364027,3.853124,-24.775161,-0.051000
2109.872808,1769.000000,3.845420,24.873048,712.361860,3.851508,-24.872063,-0.049697
2109.839683,1770.000000,3.842173,24.969744,712.354239,3.847958,-24.968819,-0.043019
2109.814780,1771.000000,3.839737,25.066531,712.349232,3.845336,-25.065643,-0.038918
2109.834018,1772.000000,3.841656,25.163812,712.358264,3.847693,-25.162847,-0.048651
2107.067839,1933.000000,3.572430,40.753124,711.931627,3.565349,-40.755129,0.238027
2107.170472,1934.000000,3.582563,40.852092,711.966954,3.577089,-40.853805,0.202380
2107.572279,1935.000000,3.622177,40.956543,712.097386,3.622542,-40.957184,0.073004
2107.741250,1936.000000,3.638853,41.056761,712.153821,3.641764,-41.056937,0.016554
2107.846580,1937.000000,3.649258,41.155825,712.190026,3.653816,-41.155702,-0.019957
2107.885834,1938.000000,3.653151,41.253682,712.205218,3.658421,-41.253431,-0.035760
2107.889514,1939.000000,3.653536,41.350886,712.209097,3.659015,-41.350600,-0.040412
2107.885635,1940.000000,3.653176,41.447951,712.210571,3.658757,-41.447650,-0.042694
2107.877590,1941.000000,3.652406,41.544940,712.210719,3.658029,-41.544634,-0.043669
2107.853690,1942.000000,3.650072,41.641633,712.205823,3.655514,-41.641364,-0.039673
2107.820715,1943.000000,3.646844,41.738157,712.198040,3.651976,-41.737948,-0.032832
2107.790828,1944.000000,3.643920,41.834736,712.191238,3.648787,-41.834580,-0.026958
2107.768683,1945.000000,3.641760,41.931458,712.186897,3.646469,-41.931334,-0.023509
2107.757846,1946.000000,3.640714,42.028392,712.186150,3.645427,-42.028271,-0.023603
2107.759620,1947.000000,3.640912,42.125563,712.189413,3.645806,-42.125412,-0.027648
2107.770234,1948.000000,3.641981,42.222902,712.195486,3.647181,-42.222698,-0.034462
2107.772123,1949.000000,3.642189,42.320078,712.198783,3.647573,-42.319844,-0.038541
2107.744232,1950.000000,3.639463,42.416691,712.192609,3.644608,-42.416504,-0.033285
2107.696833,1951.000000,3.634813,42.512932,712.180229,3.639444,-42.512843,-0.021913
2107.669740,1952.000000,3.632165,42.609556,712.174306,3.636569,-42.609512,-0.016905
2107.652051,1953.000000,3.630444,42.706358,712.171373,3.634754,-42.706335,-0.014843
2107.621597,1954.000000,3.627465,42.802915,712.164378,3.631500,-42.802946,-0.008779
2107.594142,1955.000000,3.624781,42.899528,712.158337,3.628584,-42.899605,-0.003654
2107.563014,1956.000000,3.621736,42.996069,712.151126,3.625254,-42.996202,0.002624
2107.512104,1957.000000,3.616741,43.092228,712.137624,3.619695,-43.092468,0.015102
2107.513892,1958.000000,3.616940,43.189399,712.140878,3.620075,-43.189610,0.011066
2107.456739,1959.000000,3.611330,43.285432,712.125389,3.613812,-43.285766,0.025503
2107.441078,1960.000000,3.609809,43.382266,712.123092,3.612225,-43.382615,0.026937
2107.479896,1961.000000,3.613657,43.480156,712.138116,3.616778,-43.480380,0.011301
2107.553182,1962.000000,3.620903,43.578723,712.164100,3.625216,-43.578730,-0.015138
2107.532414,1963.000000,3.618878,43.675461,712.160174,3.623054,-43.675497,-0.012098
2107.555052,1964.000000,3.621132,43.773047,712.170051,3.625783,-43.773000,-0.022662
2107.537077,1965.000000,3.619383,43.869841,712.167012,3.623935,-43.869814,-0.020495
2107.495139,1966.000000,3.615273,43.966163,712.156351,3.619387,-43.966220,-0.010817
2107.459926,1967.000000,3.611825,44.062614,712.147828,3.615596,-44.062739,-0.003246
2107.535442,1968.000000,3.619290,44.161248,712.174515,3.624285,-44.161151,-0.030377
2107.457636,1969.000000,3.611644,44.256858,712.152445,3.615694,-44.256938,-0.009454
2107.473178,1970.000000,3.613199,44.354312,712.160058,3.617623,-44.354327,-0.017786
2107.497518,1971.000000,3.615621,44.451943,712.170467,3.620545,-44.451869,-0.028875
2107.512460,1972.000000,3.617116,44.549390,712.177887,3.622406,-44.549252,-0.037017
2107.487248,1973.000000,3.614654,44.646038,712.172537,3.619743,-44.645941,-0.032572
2107.505773,1974.000000,3.616503,44.743559,712.181094,3.622008,-44.743389,-0.041835
2107.441675,1975.000000,3.610208,44.839428,712.163375,3.614962,-44.839399,-0.025200
2107.411986,1976.000000,3.607304,44.935983,712.156597,3.611793,-44.936006,-0.019349
2107.429883,1977.000000,3.609091,45.033493,712.164951,3.613988,-45.033445,-0.028411
2107.459498,1978.000000,3.612033,45.131242,712.177029,3.617503,-45.131092,-0.041145
2107.450527,1979.000000,3.611172,45.228216,712.176836,3.616670,-45.228063,-0.041784
2107.424629,1980.000000,3.608642,45.324846,712.171259,3.613928,-45.324736,-0.037115
2107.409140,1981.000000,3.607138,45.421686,712.168991,3.612360,-45.421592,-0.035709
2107.390150,1982.000000,3.605289,45.518455,712.165608,3.610397,-45.518385,-0.033203
2107.370068,1983.000000,3.603333,45.615201,712.161877,3.608311,-45.615158,-0.030355
2107.341168,1984.000000,3.600508,45.711766,712.155340,3.605231,-45.711773,-0.024741
2107.303759,1985.000000,3.596844,45.808155,712.146097,3.601192,-45.808235,-0.016459
2107.282424,1986.000000,3.594764,45.904871,712.141964,3.598965,-45.904982,-0.013214
2107.277408,1987.000000,3.594292,46.001922,712.143019,3.598577,-46.002021,-0.015083
2107.264229,1988.000000,3.593016,46.098805,712.141476,3.597268,-46.098914,-0.014392
2107.231748,1989.000000,3.589838,46.195290,712.133795,3.593785,-46.195458,-0.007650
2107.199468,1990.000000,3.586680,46.291777,712.126177,3.590324,-46.292004,-0.000970
2107.182136,1991.000000,3.584995,46.388572,712.123311,3.588548,-46.388819,0.001026
2107.162557,1992.000000,3.583088,46.485320,712.119729,3.586518,-46.485593,0.003728
2107.124060,1993.000000,3.579318,46.581673,712.110131,3.582357,-46.582021,0.012360
2107.074150,1994.000000,3.574422,46.677786,712.096903,3.576910,-46.678239,0.024569
2107.020574,1995.000000,3.569166,46.773819,712.082509,3.571049,-46.774387,0.037928
2106.959123,1996.000000,3.563134,46.869683,712.065610,3.564302,-46.870386,0.053756
2106.037913,2123.000000,3.475351,59.190593,712.098000,3.482572,-59.190619,-0.083272
2105.071553,2220.000000,3.382536,68.596038,712.026130,3.390079,-68.596337,-0.092534
2105.041346,2221.000000,3.379586,68.692382,712.018893,3.386843,-68.692737,-0.086224
2104.948848,2222.000000,3.370503,68.786809,711.991845,3.376593,-68.787382,-0.060382
2104.874365,2223.000000,3.363195,68.881784,711.970526,3.368372,-68.882528,-0.040189
2104.824751,2224.000000,3.358335,68.977520,711.957114,3.362952,-68.978371,-0.027792
2104.773341,2225.000000,3.353298,69.073197,711.943131,3.357330,-69.074159,-0.014831
2104.733764,2226.000000,3.349427,69.169236,711.932910,3.353040,-69.170279,-0.005579
2104.733831,2227.000000,3.349458,69.266500,711.935292,3.353213,-69.267519,-0.008753
2104.772714,2228.000000,3.353311,69.364967,711.950015,3.357757,-69.365863,-0.024093
2104.829657,2229.000000,3.358941,69.464000,711.970481,3.364334,-69.464725,-0.045095
2104.889397,2230.000000,3.364847,69.563125,711.991836,3.371227,-69.563672,-0.066974
2104.924228,2231.000000,3.368301,69.661481,712.005269,3.375315,-69.661915,-0.081043
2104.906583,2232.000000,3.366589,69.758205,712.002014,3.373494,-69.758662,-0.078658
2104.868245,2233.000000,3.362839,69.854283,711.992176,3.369343,-69.854817,-0.069785
2104.845401,2234.000000,3.360615,69.950843,711.987265,3.366936,-69.951414,-0.065767
2104.842231,2235.000000,3.360327,70.048017,711.988609,3.366745,-70.048574,-0.067917
2104.823808,2236.000000,3.358538,70.144714,711.985101,3.364836,-70.145296,-0.065284
2104.780492,2237.000000,3.354298,70.240629,711.973676,3.360124,-70.241302,-0.054845
2104.743208,2238.000000,3.350653,70.336730,711.964168,3.356091,-70.337478,-0.046296
2104.765230,2239.000000,3.352845,70.434696,711.973518,3.358736,-70.435364,-0.056339
2104.821435,2240.000000,3.358404,70.533742,711.993738,3.365231,-70.534241,-0.077099
2104.851003,2241.000000,3.361340,70.631953,712.005486,3.368726,-70.632353,-0.089506
2104.841059,2242.000000,3.360385,70.728919,712.004668,3.367771,-70.729322,-0.089524
2104.806428,2243.000000,3.357001,70.825103,711.995997,3.364037,-70.825574,-0.081800
2104.748130,2244.000000,3.351286,70.920536,711.979798,3.357638,-70.921136,-0.066655
2104.674475,2245.000000,3.344060,71.015477,711.958716,3.349509,-71.016246,-0.046695
2104.616195,2246.000000,3.338347,71.110901,711.942523,3.343113,-71.111799,-0.031554
2104.597843,2247.000000,3.336565,71.207591,711.939025,3.341212,-71.208515,-0.028930
2104.601448,2248.000000,3.336945,71.304980,711.942508,3.341782,-71.305873,-0.033188
2104.592258,2249.000000,3.336065,71.401963,711.941921,3.340913,-71.402856,-0.033434
2104.580952,2250.000000,3.334977,71.498877,711.940660,3.339805,-71.499778,-0.033016
2104.597020,2251.000000,3.336584,71.596668,711.948101,3.341779,-71.597504,-0.041177
2104.635595,2252.000000,3.340406,71.695181,711.962700,3.346287,-71.695895,-0.056395
2104.663842,2253.000000,3.343211,71.793368,711.974013,3.349632,-71.793986,-0.068374
2104.648975,2254.000000,3.341773,71.890173,711.971614,3.348123,-71.890807,-0.066833
2104.608084,2255.000000,3.337772,71.986140,711.960939,3.343683,-71.986859,-0.057133
2104.572130,2256.000000,3.334258,72.082264,711.951833,3.339800,-72.083054,-0.048980
2104.563613,2257.000000,3.333444,72.179271,711.951450,3.339006,-72.180061,-0.049427
2104.594660,2258.000000,3.336525,72.277555,711.963648,3.342666,-72.278242,-0.062277
2104.638819,2259.000000,3.340897,72.376267,711.980014,3.347803,-72.376817,-0.079238
2104.645161,2260.000000,3.341547,72.473760,711.984353,3.348681,-72.474270,-0.084341
2104.572719,2261.000000,3.334440,72.568699,711.963637,3.340689,-72.569376,-0.064741
2104.557319,2262.000000,3.332949,72.665484,711.961060,3.339120,-72.666179,-0.063024
2104.531404,2263.000000,3.330423,72.761928,711.955138,3.336366,-72.762668,-0.058010
2104.539001,2264.000000,3.331196,72.859461,711.959871,3.337386,-72.860159,-0.063501
2104.475943,2265.000000,3.325013,72.954692,711.942135,3.330450,-72.955532,-0.046839
2104.510408,2266.000000,3.328431,73.053102,711.955410,3.334495,-73.053830,-0.060752
2104.541477,2267.000000,3.331514,73.151405,711.967604,3.338157,-73.152030,-0.073599
2104.538940,2268.000000,3.331289,73.248612,711.969110,3.338036,-73.249221,-0.075908
2104.500129,2269.000000,3.327494,73.344630,711.959079,3.333830,-73.345319,-0.066843
2104.502947,2270.000000,3.327796,73.442012,711.962286,3.334311,-73.442671,-0.070829
2104.450834,2271.000000,3.322691,73.537591,711.948023,3.328608,-73.538363,-0.057591
2104.424118,2272.000000,3.320086,73.634001,711.941836,3.325764,-73.634821,-0.052315
2104.408737,2273.000000,3.318597,73.730783,711.939251,3.324196,-73.731621,-0.050591
2104.406971,2274.000000,3.318449,73.828014,711.940995,3.324161,-73.828834,-0.053135
2104.422634,2275.000000,3.320015,73.925821,711.948281,3.326089,-73.926579,-0.061142
2104.442273,2276.000000,3.321974,74.023763,711.956829,3.328464,-74.024447,-0.070395
2104.460328,2277.000000,3.323776,74.121654,711.964873,3.330660,-74.122269,-0.079150
2104.476609,2278.000000,3.325404,74.219489,711.972352,3.332657,-74.220040,-0.087349
2104.468815,2279.000000,3.324662,74.316527,711.972173,3.331943,-74.317076,-0.087997
2104.451784,2280.000000,3.323010,74.413258,711.969056,3.330189,-74.413829,-0.085747
2104.449182,2281.000000,3.322779,74.510468,711.970526,3.330060,-74.511024,-0.088021
2104.451837,2282.000000,3.323065,74.607855,711.973667,3.330522,-74.608382,-0.091942
2104.420850,2283.000000,3.320040,74.704120,711.966107,3.327197,-74.704705,-0.085313
2104.358646,2284.000000,3.313942,74.799339,711.948619,3.320357,-74.800064,-0.068895
2104.291632,2285.000000,3.307371,74.894393,711.929601,3.312976,-74.895271,-0.050968
2104.241269,2286.000000,3.302439,74.990000,711.915878,3.307469,-74.990987,-0.038261
2104.209163,2287.000000,3.299304,75.086216,711.907959,3.304018,-75.087265,-0.031278
2104.180739,2288.000000,3.296532,75.182554,711.901210,3.300981,-75.183655,-0.025447
2104.152143,2289.000000,3.293742,75.278885,711.894405,3.297926,-75.280038,-0.019562
2104.133860,2290.000000,3.291968,75.375562,711.890878,3.296031,-75.376740,-0.016908
2104.130369,2291.000000,3.291649,75.472736,711.892053,3.295800,-75.473902,-0.018891
2104.131833,2292.000000,3.291819,75.570079,711.894802,3.296128,-75.571218,-0.022426
2104.131309,2293.000000,3.291792,75.667355,711.896919,3.296232,-75.668474,-0.025336
2104.125443,2294.000000,3.291240,75.764451,711.897335,3.295735,-75.765564,-0.026571
2104.113099,2295.000000,3.290050,75.861328,711.895690,3.294508,-75.862451,-0.025774
2104.117354,2296.000000,3.290494,75.958768,711.899323,3.295150,-75.959858,-0.030179
2104.150545,2297.000000,3.293786,76.057193,711.912155,3.299049,-76.058175,-0.043655
2104.189895,2298.000000,3.297684,76.155832,711.926946,3.303642,-76.156689,-0.059062
2104.215217,2299.000000,3.300202,76.253996,711.937274,3.306655,-76.254766,-0.070070
2104.235321,2300.000000,3.302206,76.351986,711.945943,3.309081,-76.352681,-0.079441
2104.256329,2301.000000,3.304299,76.450009,711.954897,3.311609,-76.450628,-0.089094
2104.271732,2302.000000,3.305840,76.547844,711.962069,3.313506,-76.548400,-0.096990
2104.274095,2303.000000,3.306098,76.645233,711.965092,3.313934,-76.645762,-0.100794
2104.257388,2304.000000,3.304479,76.741970,711.962049,3.312216,-76.742521,-0.098618
2104.226300,2305.000000,3.301444,76.838213,711.954432,3.308878,-76.838822,-0.091931
2104.184808,2306.000000,3.297385,76.934096,711.943504,3.304370,-76.934791,-0.081981
2104.134585,2307.000000,3.292467,77.029676,711.929799,3.298878,-77.030480,-0.069291
2104.084578,2308.000000,3.287570,77.125259,711.916162,3.293411,-77.126172,-0.056669
2104.043862,2309.000000,3.283588,77.221160,711.905479,3.288989,-77.222158,-0.046960
2104.021124,2310.000000,3.281376,77.317680,711.900511,3.286592,-77.318714,-0.042885
2104.010405,2311.000000,3.280346,77.414614,711.899365,3.285547,-77.415655,-0.042579
2103.993166,2312.000000,3.278675,77.511322,711.896144,3.283769,-77.512386,-0.040226
2103.966691,2313.000000,3.276094,77.607710,711.889984,3.280951,-77.608821,-0.034977
2103.948985,2314.000000,3.274377,77.704400,711.886612,3.279120,-77.705536,-0.032476
2103.952176,2315.000000,3.274717,77.801817,711.889884,3.279641,-77.802922,-0.036526
2103.969325,2316.000000,3.276429,77.899720,711.897593,3.281733,-77.900759,-0.044950
2103.986773,2317.000000,3.278172,77.997636,711.905396,3.283859,-77.998608,-0.053468
2103.993742,2318.000000,3.278883,78.095189,711.909866,3.284805,-78.096121,-0.058699
2103.988686,2319.000000,3.278411,78.192323,711.910510,3.284398,-78.193247,-0.060158
2103.973473,2320.000000,3.276939,78.289102,711.907924,3.282847,-78.290044,-0.058432
2103.948869,2321.000000,3.274543,78.385552,711.902350,3.280239,-78.386536,-0.053759
2103.920750,2322.000000,3.271801,78.481878,711.895657,3.277236,-78.482913,-0.047984
2103.906560,2323.000000,3.270430,78.578690,711.893393,3.275800,-78.579741,-0.046575
2103.919814,2324.000000,3.271759,78.676468,711.899854,3.277454,-78.677462,-0.053769
2103.954582,2325.000000,3.275207,78.775005,711.913156,3.281529,-78.775887,-0.067708
2103.967396,2326.000000,3.276493,78.872772,711.919475,3.283133,-78.873599,-0.074763
2103.936603,2327.000000,3.273488,78.969002,711.911926,3.279828,-78.969888,-0.068143
2103.897795,2328.000000,3.269694,79.064947,711.901826,3.275621,-79.065912,-0.059008
2103.859346,2329.000000,3.265935,79.160902,711.891840,3.271454,-79.161946,-0.049985
2103.817371,2330.000000,3.261830,79.256730,711.880732,3.266891,-79.257861,-0.039856
2103.767848,2331.000000,3.256982,79.352287,711.867222,3.261478,-79.353526,-0.027359
2103.745074,2332.000000,3.254766,79.448791,711.862218,3.259076,-79.450068,-0.023248
2103.777547,2333.000000,3.257987,79.547258,711.874779,3.262892,-79.548428,-0.036457
2103.832055,2334.000000,3.263377,79.646512,711.894347,3.269188,-79.647519,-0.056575
2103.876697,2335.000000,3.267795,79.745421,711.910777,3.274375,-79.746290,-0.073599
2103.872269,2336.000000,3.267385,79.842584,711.911602,3.274037,-79.843443,-0.075235
2103.809833,2337.000000,3.261266,79.937674,711.893978,3.267170,-79.938675,-0.058681
2103.748474,2338.000000,3.255253,80.032799,711.876696,3.260424,-80.033938,-0.042464
2103.743047,2339.000000,3.254745,80.129923,711.877199,3.259974,-80.131054,-0.043783
2103.789578,2340.000000,3.259349,80.228909,711.894224,3.265373,-80.229898,-0.061394
2103.836344,2341.000000,3.263977,80.327909,711.911322,3.270798,-80.328755,-0.079077
2103.834449,2342.000000,3.263816,80.425165,711.912946,3.270745,-80.425994,-0.081501
2103.793085,2343.000000,3.259771,80.521002,711.902015,3.266250,-80.521917,-0.071546
2103.766391,2344.000000,3.257169,80.617364,711.895749,3.263406,-80.618327,-0.066191
2103.775621,2345.000000,3.258103,80.715020,711.900907,3.264605,-80.715938,-0.072100
2103.788419,2346.000000,3.259388,80.812808,711.907197,3.266207,-80.813670,-0.079126
2103.783820,2347.000000,3.258961,80.909968,711.907955,3.265849,-80.910821,-0.080696
2103.763360,2348.000000,3.256973,81.006554,711.903666,3.263707,-81.007439,-0.077291
2103.755630,2349.000000,3.256238,81.103601,711.903425,3.262997,-81.104485,-0.077877
2103.760397,2350.000000,3.256733,81.201101,711.907158,3.263694,-81.201952,-0.082380
2103.758017,2351.000000,3.256524,81.298343,711.908616,3.263587,-81.299178,-0.084641
2103.733926,2352.000000,3.254179,81.394797,711.903168,3.261035,-81.395673,-0.080093
2103.694501,2353.000000,3.250325,81.490690,711.892843,3.256758,-81.491648,-0.070735
2103.662806,2354.000000,3.247231,81.586863,711.884975,3.253350,-81.587881,-0.063800
2103.647451,2355.000000,3.245746,81.683630,711.882302,3.251782,-81.684667,-0.061988
2103.617372,2356.000000,3.242811,81.779859,711.874946,3.248557,-81.780953,-0.055557
2103.555009,2357.000000,3.236700,81.874904,711.857322,3.241698,-81.876140,-0.039003
2103.496137,2358.000000,3.230933,81.970073,711.840808,3.235232,-81.971441,-0.023542
2103.485980,2359.000000,3.229959,82.067025,711.839784,3.234249,-82.068398,-0.023355
2103.514295,2360.000000,3.232771,82.165389,711.850991,3.237595,-82.166667,-0.035229
2103.530990,2361.000000,3.234439,82.263329,711.858503,3.239634,-82.264542,-0.043460
2103.532684,2362.000000,3.234632,82.360720,711.861244,3.239985,-82.361907,-0.046985
2103.538188,2363.000000,3.235199,82.458252,711.865195,3.240764,-82.459403,-0.051704
2103.552612,2364.000000,3.236644,82.556114,711.871981,3.242547,-82.557207,-0.059219
2103.558212,2365.000000,3.237220,82.653653,711.875960,3.243337,-82.654710,-0.063965
2103.551922,2366.000000,3.236627,82.750753,711.876157,3.242789,-82.751805,-0.064983
2103.543919,2367.000000,3.235865,82.847790,711.875808,3.242048,-82.848842,-0.065462
2103.514000,2368.000000,3.232947,82.944015,711.868489,3.238840,-82.945123,-0.059067
2103.472645,2369.000000,3.228903,83.039814,711.857531,3.234345,-83.041009,-0.049085
2103.510940,2370.000000,3.232697,83.138569,711.871902,3.238814,-83.139643,-0.064079
2103.475305,2371.000000,3.229217,83.234579,711.862761,3.234963,-83.235724,-0.055888
2103.458338,2372.000000,3.227573,83.331281,711.859556,3.233213,-83.332450,-0.053550
2103.465187,2373.000000,3.228272,83.428871,711.863923,3.234143,-83.430001,-0.058680
2103.474957,2374.000000,3.229259,83.526571,711.869218,3.235402,-83.527654,-0.064724
2103.463730,2375.000000,3.228180,83.623489,711.867834,3.234298,-83.624580,-0.064182
2103.429316,2376.000000,3.224820,83.719539,711.859076,3.230584,-83.720698,-0.056369
2103.391103,2377.000000,3.221086,83.815444,711.849108,3.226442,-83.816682,-0.047363
2103.371486,2378.000000,3.219181,83.912044,711.845053,3.224393,-83.913312,-0.044187
2103.384564,2379.000000,3.220494,84.009871,711.851394,3.226024,-84.011084,-0.051262
2103.421789,2380.000000,3.224182,84.108608,711.865412,3.230373,-84.109702,-0.065909
2103.436752,2381.000000,3.225680,84.206511,711.872351,3.232216,-84.207545,-0.073573
2103.411382,2382.000000,3.223210,84.302896,711.866461,3.229520,-84.303975,-0.068589
2103.388698,2383.000000,3.221003,84.399382,711.861425,3.227125,-84.400499,-0.064445
2103.383934,2384.000000,3.220561,84.496543,711.862086,3.226748,-84.497651,-0.065920
2103.367496,2385.000000,3.218969,84.593263,711.859034,3.225057,-84.594393,-0.063732
2103.335444,2386.000000,3.215841,84.689391,711.851014,3.221608,-84.690584,-0.056648
2103.312497,2387.000000,3.213609,84.785863,711.845890,3.219184,-84.787095,-0.052417
2103.303736,2388.000000,3.212773,84.882872,711.845275,3.218357,-84.884105,-0.052634
2103.294024,2389.000000,3.211843,84.979845,711.844357,3.217423,-84.981082,-0.052551
2103.277360,2390.000000,3.210229,85.076553,711.841227,3.215706,-85.077813,-0.050287
2103.256853,2391.000000,3.208237,85.173114,711.836874,3.213556,-85.174407,-0.046817
2103.249952,2392.000000,3.207584,85.270194,711.836846,3.212938,-85.271483,-0.047612
2103.263953,2393.000000,3.208988,85.368070,711.843464,3.214672,-85.369302,-0.054961
2103.290675,2394.000000,3.211643,85.466435,711.854126,3.217838,-85.467577,-0.066297
2103.301322,2395.000000,3.212716,85.564189,711.859676,3.219195,-85.565281,-0.072592
2103.273999,2396.000000,3.210054,85.660490,711.853149,3.216278,-85.661633,-0.066979
2103.238220,2397.000000,3.206559,85.756466,711.843931,3.212410,-85.757681,-0.058712
2103.216858,2398.000000,3.204483,85.852993,711.839298,3.210164,-85.854242,-0.054966
2103.206079,2399.000000,3.203449,85.949925,711.838029,3.209109,-85.951182,-0.054537
2103.217057,2400.000000,3.204555,86.047694,711.843677,3.210502,-86.048901,-0.060929
2103.263133,2401.000000,3.209114,86.146816,711.860487,3.215846,-86.147882,-0.078328
2103.314135,2402.000000,3.214158,86.246133,711.878863,3.221744,-86.247046,-0.097271
2103.338859,2403.000000,3.216617,86.344441,711.888881,3.224685,-86.345269,-0.107972
2103.335609,2404.000000,3.216323,86.441671,711.890000,3.224478,-86.442487,-0.109899
2103.314874,2405.000000,3.214309,86.538226,711.885557,3.222302,-86.539074,-0.106340
2103.274019,2406.000000,3.210315,86.634001,711.874714,3.217861,-86.634935,-0.096470
2103.214394,2407.000000,3.204474,86.729045,711.857901,3.211309,-86.730113,-0.080713
2103.153712,2408.000000,3.198530,86.824044,711.840751,3.204637,-86.825250,-0.064623
2103.109658,2409.000000,3.194221,86.919685,711.828888,3.199837,-86.920984,-0.053748
2103.099125,2410.000000,3.193211,87.016626,711.827684,3.198809,-87.017932,-0.053383
2103.124324,2411.000000,3.195716,87.114959,711.837843,3.201803,-87.116179,-0.064223
2103.165803,2412.000000,3.199823,87.213929,711.853177,3.206628,-87.215020,-0.080167
2103.178267,2413.000000,3.201076,87.311772,711.859284,3.208189,-87.312809,-0.087011
2103.140553,2414.000000,3.197391,87.407656,711.849431,3.204102,-87.408771,-0.078117
2103.103363,2415.000000,3.193758,87.503558,711.839744,3.200074,-87.504749,-0.069387
2103.071991,2416.000000,3.190697,87.599686,711.831906,3.196701,-87.600938,-0.062480
2103.045010,2417.000000,3.188069,87.695984,711.825463,3.193822,-87.697285,-0.056949
2103.026416,2418.000000,3.186266,87.792609,711.821686,3.191887,-87.793938,-0.054047
2103.014480,2419.000000,3.185118,87.889496,711.820026,3.190701,-87.890835,-0.053232
2102.991549,2420.000000,3.182888,87.985949,711.814868,3.188278,-87.987328,-0.048968
2102.942438,2421.000000,3.178082,88.081371,711.801384,3.182908,-88.082857,-0.036493
2102.887723,2422.000000,3.172726,88.176569,711.786116,3.176909,-88.178176,-0.022260
2102.861450,2423.000000,3.170168,88.272885,711.779892,3.174109,-88.274540,-0.016944
2102.868409,2424.000000,3.170878,88.370512,711.784234,3.175049,-88.372128,-0.022048
2102.887323,2425.000000,3.172765,88.468613,711.792377,3.177335,-88.470159,-0.030900
2102.889780,2426.000000,3.173032,88.566065,711.795285,3.177768,-88.567585,-0.034590
2102.873515,2427.000000,3.171458,88.662777,711.792239,3.176095,-88.664318,-0.032408
2102.864045,2428.000000,3.170553,88.759757,711.791352,3.175186,-88.761302,-0.032356
2102.878789,2429.000000,3.172029,88.857699,711.798164,3.177002,-88.859185,-0.039895
2102.909602,2430.000000,3.175086,88.956283,711.810085,3.180626,-88.957667,-0.052473
2102.929387,2431.000000,3.177059,89.054430,711.818498,3.183009,-89.055743,-0.061592
2102.929705,2432.000000,3.177116,89.151805,711.820720,3.183201,-89.153096,-0.064604
2102.911318,2433.000000,3.175334,89.248434,711.816991,3.181289,-89.249753,-0.061750
2102.873632,2434.000000,3.171652,89.344292,711.807125,3.177205,-89.345688,-0.052842
2102.847264,2435.000000,3.169085,89.440600,711.800856,3.174394,-89.442044,-0.047482
2102.860104,2436.000000,3.170374,89.538476,711.807055,3.175995,-89.539866,-0.054417
2102.892416,2437.000000,3.173579,89.637133,711.819445,3.179788,-89.638419,-0.067457
2102.912313,2438.000000,3.175562,89.735297,711.827886,3.182183,-89.736510,-0.076604
2102.896431,2439.000000,3.174026,89.832026,711.824947,3.180553,-89.833260,-0.074528
2102.847816,2440.000000,3.169270,89.927440,711.811597,3.175238,-89.928780,-0.062185
2102.786495,2441.000000,3.163263,90.022338,711.794206,3.168494,-90.023817,-0.045856
2102.742845,2442.000000,3.158996,90.117944,711.782434,3.163739,-90.119517,-0.035069
2102.745794,2443.000000,3.159312,90.215426,711.785479,3.164227,-90.216970,-0.038894
2102.773682,2444.000000,3.162082,90.313916,711.796454,3.167521,-90.315367,-0.050539
2102.771306,2445.000000,3.161874,90.411186,711.797803,3.167410,-90.412623,-0.052691
2102.720409,2446.000000,3.156894,90.506494,711.783722,3.161839,-90.508043,-0.039626
2102.680678,2447.000000,3.153012,90.602251,711.773190,3.157524,-90.603882,-0.030062
2102.688790,2448.000000,3.153836,90.699944,711.777871,3.158593,-90.701534,-0.035500
2102.730355,2449.000000,3.157951,90.798997,711.793189,3.163426,-90.800458,-0.051428
2102.776386,2450.000000,3.162505,90.898235,711.809927,3.168761,-90.899557,-0.068756
2102.809243,2451.000000,3.165763,90.996943,711.822475,3.172614,-90.998158,-0.081952
2102.820531,2452.000000,3.166900,91.094776,711.828162,3.174041,-91.095942,-0.088383
2102.805399,2453.000000,3.165438,91.191535,711.825446,3.172494,-91.192719,-0.086526
2102.775088,2454.000000,3.162482,91.287673,711.817901,3.169238,-91.288916,-0.079907
2102.750284,2455.000000,3.160068,91.384034,711.812106,3.166603,-91.385321,-0.075014
2102.737880,2456.000000,3.158875,91.480901,711.810253,3.165363,-91.482200,-0.074009
2102.723786,2457.000000,3.157514,91.577699,711.807862,3.163932,-91.579015,-0.072473
2102.698646,2458.000000,3.155068,91.674044,711.801957,3.161259,-91.675404,-0.067471
2102.670566,2459.000000,3.152332,91.770267,711.795116,3.158255,-91.771680,-0.061546
2102.644716,2460.000000,3.149815,91.866580,711.788983,3.155502,-91.868040,-0.056320
2102.621443,2461.000000,3.147552,91.962997,711.783668,3.153038,-91.964497,-0.051900
2102.602887,2462.000000,3.145753,92.059607,711.779852,3.151106,-92.061136,-0.048959
2102.602466,2463.000000,3.145738,92.156964,711.781803,3.151214,-92.158473,-0.051704
2102.627888,2464.000000,3.148265,92.255387,711.791971,3.154229,-92.256809,-0.062553
2102.660408,2465.000000,3.151491,92.354106,711.804395,3.158044,-92.355423,-0.075627
2102.662959,2466.000000,3.151768,92.451590,711.807287,3.158486,-92.452881,-0.079301
2102.609495,2467.000000,3.146535,92.546758,711.792363,3.152625,-92.548168,-0.065405
2102.541389,2468.000000,3.139862,92.641316,711.772783,3.145117,-92.642883,-0.046917
2102.500921,2469.000000,3.135908,92.737015,711.761991,3.140719,-92.738667,-0.037095
2102.488522,2470.000000,3.134715,92.833876,711.760124,3.139479,-92.835540,-0.036076
2102.489555,2471.000000,3.134843,92.931294,711.762527,3.139750,-92.932935,-0.039267
2102.476678,2472.000000,3.133603,93.028135,711.760506,3.138456,-93.029789,-0.038096
2102.531081,2473.000000,3.138980,93.127776,711.779880,3.144732,-93.129269,-0.058023
2102.515532,2474.000000,3.137477,93.224508,711.777006,3.143137,-93.226021,-0.056011
2102.525391,2475.000000,3.138473,93.322300,711.782212,3.144401,-93.323766,-0.061966
2102.489639,2476.000000,3.134983,93.418188,711.772911,3.140533,-93.419728,-0.053615
2102.486897,2477.000000,3.134740,93.515454,711.774107,3.140379,-93.516981,-0.055616
2102.529584,2478.000000,3.138965,93.614621,711.789750,3.145337,-93.616017,-0.071864
2102.509455,2479.000000,3.137012,93.711162,711.785414,3.143227,-93.712590,-0.068410
2102.493595,2480.000000,3.135478,93.807881,711.782435,3.141597,-93.809330,-0.066293
2102.479163,2481.000000,3.134085,93.904659,711.779908,3.140127,-93.906126,-0.064623
2102.473753,2482.000000,3.133579,94.001816,711.780250,3.139673,-94.003277,-0.065781
2102.471880,2483.000000,3.133421,94.099123,711.781716,3.139617,-94.100567,-0.068048
2102.439538,2484.000000,3.130267,94.195146,711.773490,3.136132,-94.196655,-0.060757
2102.376348,2485.000000,3.124078,94.289868,711.755453,3.129177,-94.291522,-0.043791
2102.324764,2486.000000,3.119031,94.385075,711.741107,3.123528,-94.386843,-0.030463
2102.308791,2487.000000,3.117487,94.481782,711.738083,3.121885,-94.483571,-0.028303
2102.333461,2488.000000,3.119939,94.580207,711.747984,3.124814,-94.581912,-0.038888
2102.396479,2489.000000,3.126164,94.680258,711.770079,3.132059,-94.681778,-0.061500
2102.457585,2490.000000,3.132201,94.780234,711.791566,3.139088,-94.781575,-0.083512
2102.484626,2491.000000,3.134887,94.878771,711.802219,3.142285,-94.880022,-0.094839
2102.488372,2492.000000,3.135282,94.976323,711.805461,3.142860,-94.977545,-0.098858
2102.457816,2493.000000,3.132303,95.072419,711.797792,3.139576,-95.073699,-0.092116
2102.400956,2494.000000,3.126737,95.167393,711.781757,3.133332,-95.168802,-0.077123
2102.336507,2495.000000,3.120425,95.262040,711.763307,3.126235,-95.263597,-0.059749
2102.301921,2496.000000,3.117049,95.357956,711.754354,3.122497,-95.359582,-0.051740
2102.304924,2497.000000,3.117371,95.455473,711.757354,3.122989,-95.457072,-0.055520
2102.313356,2498.000000,3.118227,95.553223,711.762080,3.124092,-95.554780,-0.061002
2102.294983,2499.000000,3.116447,95.649828,711.758279,3.122178,-95.651413,-0.058075
2102.251671,2500.000000,3.112213,95.745366,711.746546,3.117459,-95.747043,-0.047325
2102.223641,2501.000000,3.109483,95.841555,711.739673,3.114459,-95.843286,-0.041367
2102.227184,2502.000000,3.109858,95.939097,711.742838,3.115011,-95.940798,-0.045310
2102.259092,2503.000000,3.113023,96.037857,711.755024,3.118754,-96.039456,-0.058149
2102.316339,2504.000000,3.118680,96.137710,711.775268,3.125349,-96.139140,-0.078935
2102.375233,2505.000000,3.124499,96.237640,711.796035,3.132129,-96.238896,-0.100237
2102.390430,2506.000000,3.126021,96.335694,711.802904,3.133992,-96.336891,-0.107833
2102.350403,2507.000000,3.122111,96.431370,711.792207,3.129642,-96.432651,-0.098104
2102.275680,2508.000000,3.114788,96.525546,711.770473,3.121388,-96.527001,-0.077491
2102.177836,2509.000000,3.105191,96.618717,711.741386,3.110533,-96.620408,-0.049625
2102.085899,2510.000000,3.096177,96.712137,711.714180,3.100343,-96.714047,-0.023614
2102.036175,2511.000000,3.091313,96.807376,711.700396,3.094903,-96.809396,-0.010842
2102.038668,2512.000000,3.091585,96.904874,711.703216,3.095336,-96.906868,-0.014444
2102.072732,2513.000000,3.094961,97.003742,711.716075,3.099321,-97.005627,-0.027946
2102.119345,2514.000000,3.099572,97.103158,711.732923,3.104718,-97.104902,-0.045384
2102.161564,2515.000000,3.103751,97.202388,711.748374,3.109620,-97.204002,-0.061443
2102.176688,2516.000000,3.105265,97.300445,711.755207,3.111475,-97.301999,-0.069003
2102.166973,2517.000000,3.104336,97.397422,711.754140,3.110535,-97.398982,-0.068771
2102.151157,2518.000000,3.102807,97.494133,711.751130,3.108908,-97.495714,-0.066624
2102.135627,2519.000000,3.101307,97.590856,711.748211,3.107314,-97.592458,-0.064566
2102.105444,2520.000000,3.098365,97.686938,711.740631,3.104071,-97.688599,-0.057910
2102.066931,2521.000000,3.094604,97.782655,711.730400,3.099891,-97.784396,-0.048641
2102.055449,2522.000000,3.093502,97.879552,711.728764,3.098752,-97.881303,-0.047849
2102.082585,2523.000000,3.096197,97.978140,711.739409,3.101957,-97.979801,-0.059168
2102.141710,2524.000000,3.102039,98.078134,711.760228,3.108762,-98.079621,-0.080521
2102.197125,2525.000000,3.107516,98.177971,711.779866,3.115149,-98.179294,-0.100710
2102.198965,2526.000000,3.107723,98.275460,711.782463,3.115508,-98.276759,-0.104093
2102.184173,2527.000000,3.106295,98.372219,711.779769,3.113997,-98.373536,-0.102257
2102.191192,2528.000000,3.107012,98.469937,711.784012,3.114939,-98.471217,-0.107261
2102.209611,2529.000000,3.108851,98.568159,711.791879,3.117164,-98.569371,-0.115841
2102.203114,2530.000000,3.108239,98.665284,711.791820,3.116585,-98.666494,-0.116604
2102.151195,2531.000000,3.103159,98.760405,711.777312,3.110896,-98.761729,-0.103116
2102.072404,2532.000000,3.095437,98.854334,711.754256,3.102183,-98.855844,-0.081198
2102.013986,2533.000000,3.089718,98.949158,711.737680,3.095763,-98.950801,-0.065670
2102.004767,2534.000000,3.088839,99.046157,711.736751,3.094878,-99.047804,-0.065575
2102.034616,2535.000000,3.091801,99.144887,711.748246,3.098389,-99.146437,-0.077732
2102.063066,2536.000000,3.094626,99.243558,711.759295,3.101741,-99.245014,-0.089450
2102.061629,2537.000000,3.094511,99.340906,711.760837,3.101732,-99.342346,-0.091792
2102.051305,2538.000000,3.093523,99.437859,711.759551,3.100722,-99.439306,-0.091344
2102.058395,2539.000000,3.094247,99.535587,711.763804,3.101672,-99.536996,-0.096359
2102.081937,2540.000000,3.096589,99.634049,711.773288,3.104472,-99.635377,-0.106533
2102.070475,2541.000000,3.095489,99.730953,711.771637,3.103335,-99.732292,-0.105726
2102.016422,2542.000000,3.090200,99.825957,711.756438,3.097405,-99.827417,-0.091556
2101.975925,2543.000000,3.086244,99.921562,711.745549,3.093001,-99.923108,-0.081638
2101.967558,2544.000000,3.085448,100.018601,711.744879,3.092211,-100.020149,-0.081798
2101.963481,2545.000000,3.085074,100.115832,711.745573,3.091904,-100.117371,-0.083302
2101.945119,2546.000000,3.083295,100.212424,711.741721,3.089990,-100.213991,-0.080324
2101.921802,2547.000000,3.081029,100.308792,711.736293,3.087519,-100.310401,-0.075791
2101.911907,2548.000000,3.080082,100.405762,711.735132,3.086557,-100.407377,-0.075466
2101.905566,2549.000000,3.079486,100.502892,711.735101,3.085995,-100.504504,-0.076256
2101.881305,2550.000000,3.077127,100.599216,711.729369,3.083417,-100.600871,-0.071423
2101.849095,2551.000000,3.073986,100.695180,711.721108,3.079945,-100.696900,-0.064096
2101.836028,2552.000000,3.072728,100.792006,711.718934,3.078626,-100.793740,-0.062772
2101.874595,2553.000000,3.076548,100.891159,711.733181,3.083116,-100.892774,-0.077644
2101.931429,2554.000000,3.082164,100.991142,711.753238,3.089662,-100.992589,-0.098246
2101.932105,2555.000000,3.082257,101.088593,711.755432,3.089889,-101.090019,-0.101230
2101.896409,2556.000000,3.078774,101.184399,711.746055,3.086024,-101.185899,-0.092803
2101.872485,2557.000000,3.076448,101.280736,711.740422,3.083484,-101.282278,-0.088068
2101.881003,2558.000000,3.077313,101.378542,711.745107,3.084593,-101.380043,-0.093508
2101.909444,2559.000000,3.080137,101.477254,711.756128,3.087944,-101.478661,-0.105198
2101.938205,2560.000000,3.082993,101.575983,711.767249,3.091331,-101.577296,-0.116988
2101.951476,2561.000000,3.084325,101.674011,711.773443,3.092975,-101.675270,-0.123917
2101.930167,2562.000000,3.082256,101.770469,711.768636,3.090728,-101.771763,-0.119996
2101.885058,2563.000000,3.077847,101.865841,711.756256,3.085804,-101.867234,-0.108607
2101.848146,2564.000000,3.074244,101.961583,711.746484,3.081802,-101.963053,-0.099789
2101.834510,2565.000000,3.072930,102.058386,711.744114,3.080419,-102.059872,-0.098271
2101.832362,2566.000000,3.072746,102.155712,711.745397,3.080328,-102.157184,-0.100357
2101.821364,2567.000000,3.071691,102.252635,711.743864,3.079242,-102.254116,-0.099665
2101.790754,2568.000000,3.068708,102.348660,711.736091,3.075949,-102.350202,-0.092819
2101.751010,2569.000000,3.064827,102.444265,711.725413,3.071628,-102.445891,-0.083107
2101.743044,2570.000000,3.064070,102.541324,711.724840,3.070883,-102.542951,-0.083363
2101.772918,2571.000000,3.067035,102.640119,711.736303,3.074394,-102.641650,-0.095489
2101.809548,2572.000000,3.070665,102.739229,711.749914,3.078665,-102.740645,-0.109733
2101.816386,2573.000000,3.071364,102.836972,711.754048,3.079585,-102.838351,-0.114631
2101.772606,2574.000000,3.067086,102.932388,711.742079,3.074810,-102.933861,-0.103646
2101.702455,2575.000000,3.060215,103.026586,711.721721,3.067069,-103.028223,-0.084387
2101.630969,2576.000000,3.053212,103.120717,711.700939,3.059178,-103.122521,-0.064710
2101.541927,2577.000000,3.044484,103.214033,711.674573,3.049312,-103.216049,-0.039525
2101.348870,2578.000000,3.025531,103.302538,711.615132,3.027749,-103.305038,0.018282
2101.209278,2579.000000,3.011836,103.393500,711.572698,3.012202,-103.396345,0.059315
2101.697183,2583.000000,3.059913,103.805779,711.735651,3.067677,-103.807276,-0.104687
2101.650830,2584.000000,3.055382,103.901059,711.722852,3.062612,-103.902657,-0.092883
2101.661768,2585.000000,3.056485,103.998999,711.728276,3.063993,-104.000550,-0.099053
2101.724599,2586.000000,3.062691,104.099356,711.750206,3.071211,-104.100724,-0.121503
2101.749259,2587.000000,3.065143,104.197942,711.759993,3.074135,-104.199226,-0.131976
2101.723963,2588.000000,3.062683,104.294201,711.753887,3.071439,-104.295532,-0.126774
2101.681774,2589.000000,3.058561,104.389670,711.742407,3.066843,-104.391092,-0.116271
2101.670742,2590.000000,3.057504,104.486592,711.740837,3.065752,-104.488023,-0.115542
2101.701523,2591.000000,3.060558,104.585469,711.752566,3.069364,-104.586801,-0.127931
2101.729231,2592.000000,3.063310,104.684205,711.763318,3.072631,-104.685446,-0.139356
2101.691202,2593.000000,3.059597,104.779865,711.753156,3.068502,-104.781186,-0.130152
2101.543262,2594.000000,3.045077,104.870369,711.708031,3.052009,-104.872056,-0.086465
2101.322050,2595.000000,3.023355,104.957423,711.639608,3.027277,-104.959667,-0.019797
2101.124217,2596.000000,3.003934,105.045558,711.578631,3.005178,-105.048299,0.039527
2100.980061,2597.000000,2.989793,105.136202,711.534727,2.989118,-105.139298,0.082011
2100.915354,2598.000000,2.983460,105.230571,711.516084,2.981992,-105.233817,0.099580
2102.175102,2605.000000,3.107526,105.972136,711.930283,3.124750,-105.971967,-0.314699
2102.108320,2606.000000,3.100983,106.066439,711.910951,3.117383,-106.066425,-0.296450
2101.858764,2607.000000,3.076461,106.152060,711.833454,3.089447,-106.152678,-0.220832
2101.217958,2611.000000,3.013557,106.511378,711.637272,3.017954,-106.513589,-0.030607
2101.820451,2612.000000,3.072830,106.637537,711.830849,3.085881,-106.638159,-0.222361
2101.472586,2613.000000,3.038646,106.718396,711.722087,3.046891,-106.719906,-0.115904
2101.482659,2614.000000,3.039664,106.816324,711.727203,3.048173,-106.817789,-0.121770
2101.501895,2615.000000,3.041583,106.914692,711.735233,3.050486,-106.916088,-0.130510
2101.514057,2616.000000,3.042806,107.012723,711.741012,3.052003,-107.014069,-0.137030
2101.568915,2617.000000,3.048229,107.112802,711.760373,3.058323,-107.113985,-0.156946
2101.562699,2618.000000,3.047645,107.209958,711.760303,3.057772,-107.211139,-0.157697
2101.498431,2619.000000,3.041352,107.304329,711.741763,3.050690,-107.305658,-0.140230
2101.478734,2620.000000,3.039443,107.400835,711.737402,3.048623,-107.402197,-0.136748
2101.390803,2621.000000,3.030824,107.494061,711.711334,3.038880,-107.495634,-0.111854
2101.281985,2622.000000,3.020152,107.586276,711.678622,3.026788,-107.588113,-0.080408
2101.078074,2623.000000,3.000133,107.673905,711.615669,3.004002,-107.676254,-0.019134
2100.793726,2624.000000,2.972212,107.757643,711.527150,2.972176,-107.760714,0.067359
2100.320600,2625.000000,2.925751,107.832262,711.378651,2.919141,-107.836546,0.213014
2099.992640,2626.000000,2.893565,107.913850,711.276330,2.882436,-107.918968,0.313121
2099.659829,2627.000000,2.860913,107.995180,711.172497,2.845197,-108.001146,0.414719
2099.559171,2628.000000,2.851057,108.087697,711.142417,2.834039,-108.093906,0.443570
2099.588199,2629.000000,2.853934,108.186475,711.153527,2.837446,-108.192590,0.431793
2099.710814,2630.000000,2.865999,108.289784,711.194363,2.851365,-108.295561,0.390695
2099.785534,2631.000000,2.873362,108.390786,711.219987,2.859905,-108.396350,0.364601
2099.769632,2632.000000,2.871827,108.487402,711.216823,2.858266,-108.492988,0.366904
2099.691943,2633.000000,2.864226,108.581020,711.194030,2.849686,-108.586789,0.388567
2099.634726,2634.000000,2.858635,108.675626,711.177739,2.843406,-108.681525,0.403817
2099.664638,2635.000000,2.861599,108.774462,711.189124,2.846913,-108.780265,0.391768
2099.765442,2636.000000,2.871523,108.876751,711.223030,2.858383,-108.882273,0.357506
2099.887569,2637.000000,2.883543,108.980088,711.263712,2.872250,-108.985274,0.316559
2099.953862,2638.000000,2.890080,109.080715,711.286656,2.879845,-109.085710,0.293108
2099.953932,2639.000000,2.890114,109.178118,711.288559,2.879999,-109.183094,0.290413
2099.963331,2640.000000,2.891064,109.275978,711.293424,2.881202,-109.280911,0.284795
2099.992324,2641.000000,2.893938,109.374797,711.304514,2.884606,-109.379635,0.273037
2100.023410,2642.000000,2.897019,109.473721,711.316270,2.888246,-109.478460,0.260623
2100.001108,2643.000000,2.894855,109.570035,711.311059,2.885887,-109.574814,0.264944
2099.911400,2644.000000,2.886072,109.663044,711.284427,2.875954,-109.668037,0.290394
2099.815452,2645.000000,2.876676,109.755740,711.255814,2.865321,-109.760964,0.317799
2099.719510,2646.000000,2.867282,109.848429,711.227204,2.854689,-109.853885,0.345201
2099.626421,2647.000000,2.858169,109.941251,711.199501,2.844378,-109.946930,0.371708
2099.542966,2648.000000,2.850002,110.034540,711.174860,2.835151,-110.040418,0.395196
2099.522751,2649.000000,2.848044,110.130934,711.170306,2.833026,-110.136846,0.398869
2099.520897,2650.000000,2.847889,110.228232,711.171584,2.832964,-110.234130,0.396790
2099.513735,2651.000000,2.847213,110.325269,711.171174,2.832306,-110.331167,0.396376
2099.540320,2652.000000,2.849850,110.423971,711.181484,2.835438,-110.429781,0.385388
2099.488797,2653.000000,2.844819,110.518818,711.166980,2.829797,-110.524745,0.398876
2099.503045,2654.000000,2.846244,110.616913,711.173369,2.831543,-110.622784,0.391756
2099.545324,2655.000000,2.850422,110.716397,711.188660,2.836438,-110.722139,0.375853
2099.505653,2656.000000,2.846554,110.811828,711.177918,2.832128,-110.817654,0.385631
2099.554426,2657.000000,2.851370,110.911639,711.195271,2.837752,-110.917320,0.367695
2099.601622,2658.000000,2.856031,111.011377,711.212123,2.843200,-111.016917,0.350254
2099.610037,2659.000000,2.856884,111.109194,711.216653,2.844291,-111.114694,0.344967
2099.565909,2660.000000,2.852578,111.204401,711.204490,2.839480,-111.209998,0.356147
2099.490250,2661.000000,2.845177,111.298038,711.182309,2.831127,-111.303812,0.377208
2099.524861,2662.000000,2.848602,111.397158,711.195157,2.835160,-111.402824,0.363715
2099.490518,2663.000000,2.845257,111.492846,711.186100,2.831448,-111.498583,0.371832
2099.525878,2664.000000,2.848756,111.592007,711.199184,2.835566,-111.597634,0.358107
2099.544748,2665.000000,2.850636,111.690350,711.207029,2.837831,-111.695909,0.349550
2099.517052,2666.000000,2.847943,111.786368,711.200079,2.834865,-111.791981,0.355587
2099.435031,2667.000000,2.839918,111.879669,711.175870,2.825798,-111.885477,0.378649
2099.348608,2668.000000,2.831460,111.972744,711.150263,2.816237,-111.978758,0.403089
2099.366923,2669.000000,2.833285,112.071057,711.157927,2.818439,-112.077006,0.394712
2099.465527,2670.000000,2.842993,112.173397,711.191095,2.829659,-112.179071,0.361176
2099.532395,2671.000000,2.849585,112.274155,711.214183,2.837316,-112.279636,0.337583
2099.501990,2672.000000,2.846627,112.370034,711.206365,2.834046,-112.375576,0.344476
2099.567435,2673.000000,2.853080,112.470729,711.229000,2.841543,-112.476083,0.321331
2099.654164,2674.000000,2.861624,112.572502,711.258398,2.851431,-112.577611,0.291513
2099.691016,2675.000000,2.865270,112.671772,711.271948,2.855717,-112.676767,0.277329
2099.593814,2676.000000,2.855752,112.764289,711.242900,2.844942,-112.769519,0.305165
2099.437768,2677.000000,2.840457,112.853831,711.195157,2.827557,-112.859448,0.351441
2099.321740,2678.000000,2.829093,112.945381,711.160132,2.814670,-112.951282,0.385173
2099.324490,2679.000000,2.829390,113.042922,711.162839,2.815124,-113.048798,0.381683
2099.400904,2680.000000,2.836919,113.144189,711.188949,2.823852,-113.149848,0.355110
2099.482988,2681.000000,2.845006,113.245751,711.216860,2.833217,-113.251177,0.326759
2099.543005,2682.000000,2.850926,113.346202,711.237761,2.840104,-113.351455,0.305324
2099.540499,2683.000000,2.850707,113.443490,711.238796,2.839967,-113.448731,0.303485
2099.594248,2684.000000,2.856012,113.543633,711.257704,2.846150,-113.548716,0.284015
2099.608303,2685.000000,2.857420,113.641766,711.263999,2.847874,-113.646794,0.276988
2099.567251,2686.000000,2.853416,113.737099,711.252781,2.843407,-113.742215,0.287235
2099.418918,2687.000000,2.838878,113.826972,711.207475,2.826888,-113.832456,0.331108
2099.297374,2688.000000,2.826973,113.918197,711.170684,2.813381,-113.923979,0.366582
2099.255918,2689.000000,2.822930,114.013493,711.159337,2.808869,-114.019365,0.376957
2099.243625,2690.000000,2.821750,114.110274,711.157254,2.807633,-114.116160,0.378194
2099.256287,2691.000000,2.823021,114.208328,711.163097,2.809199,-114.214162,0.371612
2099.350849,2692.000000,2.832331,114.310568,711.194960,2.819965,-114.316138,0.339363
2099.447158,2693.000000,2.841815,114.412906,711.227380,2.830928,-114.418208,0.306565
2099.491073,2694.000000,2.846154,114.512573,711.243152,2.836005,-114.517742,0.290188
2099.524606,2695.000000,2.849474,114.611712,711.255625,2.839917,-114.616776,0.277066
2099.549569,2696.000000,2.851953,114.710416,711.265374,2.842866,-114.715396,0.266631
2099.546320,2697.000000,2.851661,114.807675,711.266157,2.842645,-114.812646,0.265041
2099.474648,2698.000000,2.844651,114.901420,711.245195,2.834737,-114.906559,0.284901
2099.444550,2699.000000,2.841723,114.997297,711.237443,2.831500,-115.002496,0.291730
2099.341269,2700.000000,2.831609,115.089407,711.206437,2.820043,-115.094858,0.321498
2099.326611,2701.000000,2.830197,115.186072,711.203590,2.818540,-115.191543,0.323489
2099.440508,2702.000000,2.841408,115.289361,711.241590,2.831479,-115.294516,0.285185
2099.558873,2703.000000,2.853059,115.392891,711.281014,2.844921,-115.397720,0.245477
2099.676620,2704.000000,2.864650,115.496401,711.320244,2.858295,-115.500906,0.205960
2099.691360,2705.000000,2.866125,115.594599,711.326736,2.860095,-115.599048,0.198738
2099.648652,2706.000000,2.861958,115.689829,711.314967,2.855440,-115.694371,0.209529
2099.606379,2707.000000,2.857834,115.785079,711.303336,2.850834,-115.789712,0.220185
2099.572640,2708.000000,2.854548,115.880767,711.294416,2.847187,-115.885471,0.228167
2099.573078,2709.000000,2.854619,115.978225,711.296357,2.847381,-115.982910,0.225434
2099.618519,2710.000000,2.859109,116.078019,711.312601,2.852630,-116.082568,0.208592
2099.690017,2711.000000,2.866159,116.179172,711.337127,2.860808,-116.183516,0.183579
2099.708472,2712.000000,2.867999,116.277574,711.344793,2.863026,-116.281852,0.175200
2099.620989,2713.000000,2.859434,116.370467,711.318783,2.853339,-116.374955,0.200040
2099.515611,2714.000000,2.849113,116.462422,711.287086,2.841642,-116.467166,0.230490
2099.472065,2715.000000,2.844864,116.557591,711.275042,2.836894,-116.562430,0.241553
2099.480560,2716.000000,2.845726,116.655470,711.279535,2.837991,-116.660269,0.236302
2099.487757,2717.000000,2.846460,116.753283,711.283616,2.838944,-116.758045,0.231459
2099.334898,2718.000000,2.831477,116.842737,711.236828,2.821914,-116.847880,0.276796
2099.293529,2719.000000,2.827443,116.938007,711.225473,2.817410,-116.943240,0.287180
2099.375610,2720.000000,2.835530,117.039732,711.253346,2.826774,-117.044733,0.258866
2099.512455,2721.000000,2.848996,117.144334,711.298628,2.842292,-117.148960,0.213379
2099.665288,2722.000000,2.864034,117.249786,711.348996,2.859609,-117.253998,0.162874
2099.725795,2723.000000,2.870005,117.350411,711.370018,2.866552,-117.354446,0.141318
2099.671017,2724.000000,2.864652,117.444988,711.354390,2.860540,-117.449148,0.155917
2099.496560,2725.000000,2.847545,117.533272,711.300719,2.841079,-117.537869,0.208044
2099.293095,2726.000000,2.827593,117.620018,711.237837,2.818363,-117.625127,0.269259
2099.203485,2727.000000,2.818822,117.712740,711.211142,2.808440,-117.718064,0.294776
2099.205607,2728.000000,2.819058,117.810285,711.213597,2.808821,-117.815585,0.291537
2099.292928,2729.000000,2.827659,117.912321,711.243125,2.818774,-117.917376,0.261589
2099.230320,2730.000000,2.821539,118.006457,711.225007,2.811883,-118.011657,0.278645
2099.040590,2731.000000,2.802940,118.093878,711.166495,2.790714,-118.099554,0.335549
