u,v,Xc_mm,Yc_mm,Zc_mm,Xg_mm,Yg_mm,Zg_mm
2120.075572,925.000000,4.839418,-56.981958,712.709896,4.830095,56.983050,0.316407
2120.173980,926.000000,4.849194,-56.887730,712.745194,4.841476,56.889114,0.280813
2120.328715,927.000000,4.864559,-56.794924,712.798439,4.859243,56.796746,0.227552
2120.365204,928.000000,4.868194,-56.699105,712.814014,4.863608,56.701058,0.211373
2120.339809,929.000000,4.865690,-56.601716,712.809870,4.860956,56.603639,0.214604
2120.347792,930.000000,4.866497,-56.505172,712.816359,4.862089,56.507150,0.207368
2120.381920,931.000000,4.869899,-56.409285,712.831178,4.866185,56.411388,0.191933
2120.347957,932.000000,4.866545,-56.311680,712.824301,4.862562,56.313730,0.197855
2120.233881,933.000000,4.855243,-56.212063,712.791897,4.849858,56.213851,0.228905
2120.131278,934.000000,4.845081,-56.112743,712.763150,4.838455,56.114299,0.256355
2120.068762,935.000000,4.838895,-56.014435,712.747174,4.831596,56.015864,0.271233
2120.010116,936.000000,4.833094,-55.916229,712.732431,4.825177,55.917540,0.284899
2119.928711,937.000000,4.825035,-55.817459,712.710437,4.816178,55.818593,0.305701
2119.841955,938.000000,4.816447,-55.718561,712.686740,4.806573,55.719506,0.328181
2119.818061,939.000000,4.814093,-55.621234,712.683064,4.804092,55.622151,0.330952
2119.860006,940.000000,4.818267,-55.525542,712.700356,4.809072,55.526605,0.313082
2119.888669,941.000000,4.821125,-55.429517,712.713418,4.812547,55.430689,0.299376
2119.863830,942.000000,4.818677,-55.332165,712.709437,4.809959,55.333308,0.302448
2119.822577,943.000000,4.814601,-55.234408,712.700226,4.805511,55.235479,0.310667
2119.786837,944.000000,4.811073,-55.136790,712.692771,4.801688,55.137803,0.317158
2119.757854,945.000000,4.808214,-55.039341,712.687467,4.798630,55.040314,0.321532
2119.736193,946.000000,4.806081,-54.942073,712.684494,4.796402,54.943024,0.323611
2119.722731,947.000000,4.804761,-54.845006,712.684131,4.795103,54.845959,0.323121
2119.716364,948.000000,4.804145,-54.748114,712.686026,4.794608,54.749085,0.320408
2119.714182,949.000000,4.803944,-54.651324,712.689253,4.794587,54.652325,0.316384
2119.698390,950.000000,4.802394,-54.554201,712.688145,4.793024,54.555196,0.316628
2119.653330,951.000000,4.797941,-54.456366,712.677713,4.788144,54.457279,0.326050
2119.596802,952.000000,4.792351,-54.358255,712.663628,4.781965,54.359056,0.339067
2119.554718,953.000000,4.788194,-54.260499,712.654143,4.777423,54.261225,0.347557
2119.516335,954.000000,4.784404,-54.162835,712.645835,4.773301,54.163497,0.354888
2119.509905,955.000000,4.783781,-54.065946,712.647702,4.772798,54.066626,0.352203
2119.388961,956.000000,4.771806,-53.966293,712.613102,4.759322,53.966693,0.385417
2119.280419,957.000000,4.761061,-53.866949,712.582452,4.747253,53.867102,0.414741
2119.212155,958.000000,4.754310,-53.768582,712.564627,4.739746,53.768592,0.431441
2119.199544,959.000000,4.753075,-53.671555,712.564521,4.738543,53.671567,0.430698
2119.221000,960.000000,4.755217,-53.575344,712.575261,4.741199,53.575448,0.419279
2119.272970,961.000000,4.760384,-53.479860,712.595714,4.747311,53.480134,0.398297
2119.390179,962.000000,4.772019,-53.385927,712.636943,4.760815,53.386542,0.356865
2119.460704,963.000000,4.779026,-53.290871,712.663307,4.769030,53.291705,0.330064
2119.371484,964.000000,4.770196,-53.192010,712.638798,4.759148,53.192646,0.353344
2119.234509,965.000000,4.756633,-53.092022,712.599084,4.743857,53.092337,0.391593
2119.112331,966.000000,4.744537,-52.992396,712.564084,4.730243,52.992428,0.425200
2119.077034,967.000000,4.741054,-52.894834,712.556745,4.726471,52.894809,0.431577
2119.129907,968.000000,4.746310,-52.799355,712.577477,4.732684,52.799502,0.410322
2119.189197,969.000000,4.752202,-52.704021,712.600252,4.739625,52.704359,0.387055
2119.226857,970.000000,4.755951,-52.608173,712.616139,4.744116,52.608644,0.370568
2119.224720,971.000000,4.755754,-52.511387,712.619354,4.744100,52.511887,0.366556
2119.175312,972.000000,4.750872,-52.413492,712.607515,4.738728,52.413899,0.377364
2119.105527,973.000000,4.743970,-52.315125,712.589188,4.731048,52.315384,0.394559
2119.053715,974.000000,4.738850,-52.217181,712.576582,4.725405,52.217341,0.406121
2119.036501,975.000000,4.737159,-52.120048,712.574992,4.723680,52.120198,0.406841
2119.049259,976.000000,4.738439,-52.023612,712.582942,4.725350,52.023831,0.398167
2119.091443,977.000000,4.742635,-51.927857,712.600261,4.730353,51.928221,0.380271
2119.155082,978.000000,4.748959,-51.832595,712.624411,4.737786,51.833159,0.355650
2119.236805,979.000000,4.757075,-51.737745,712.654320,4.747269,51.738557,0.325360
2119.263106,980.000000,4.759698,-51.641607,712.666580,4.750473,51.642523,0.312444
2119.210076,981.000000,4.754457,-51.543638,712.653576,4.744690,51.544451,0.324399
2119.188399,982.000000,4.752323,-51.446394,712.650555,4.742459,51.447185,0.326526
2119.228323,983.000000,4.756297,-51.350565,712.667150,4.747207,51.351495,0.309343
2119.290682,984.000000,4.762494,-51.255246,712.690889,4.754496,51.256373,0.285126
2119.276419,985.000000,4.761096,-51.158167,712.690226,4.753105,51.159293,0.284933
2119.237390,986.000000,4.757242,-51.060524,712.681673,4.748908,51.061583,0.292506
2119.209827,987.000000,4.754525,-50.963145,712.676772,4.746010,50.964167,0.296484
2119.172036,988.000000,4.750794,-50.865534,712.668612,4.741953,50.866493,0.303671
2119.110464,989.000000,4.744706,-50.767387,712.652878,4.735203,50.768220,0.318313
2119.054456,990.000000,4.739170,-50.669369,712.638915,4.729083,50.670091,0.331212
2119.002313,991.000000,4.734017,-50.571443,712.626182,4.723401,50.572064,0.342900
2118.929618,992.000000,4.726827,-50.473057,712.606905,4.715391,50.473524,0.361031
2118.834301,993.000000,4.717396,-50.374167,712.580425,4.704820,50.374420,0.386253
2118.750120,994.000000,4.709069,-50.275535,712.557492,4.695511,50.275604,0.407983
2118.744209,995.000000,4.708499,-50.178665,712.559475,4.695065,50.178753,0.405184
2118.833427,996.000000,4.717356,-50.083923,712.591744,4.705393,50.084279,0.372571
2118.945969,997.000000,4.728525,-49.989695,712.631442,4.718363,49.990379,0.332644
2119.019935,998.000000,4.735873,-49.894596,712.658857,4.726965,49.895507,0.304808
2119.036462,999.000000,4.737526,-49.798211,712.667982,4.729062,49.799200,0.294979
2119.019103,1000.000000,4.735821,-49.701070,712.666315,4.727319,49.702049,0.295774
2118.988946,1001.000000,4.732848,-49.603647,712.660570,4.724127,49.604582,0.300582
2118.953615,1002.000000,4.729361,-49.506110,712.653178,4.720349,49.506988,0.307014
2118.905453,1003.000000,4.724603,-49.408293,712.641698,4.715117,49.409080,0.317469
2118.847584,1004.000000,4.718883,-49.310264,712.627126,4.708787,49.310935,0.330968
2118.812051,1005.000000,4.715377,-49.212731,712.619666,4.704986,49.213345,0.337465
2118.808444,1006.000000,4.715035,-49.115902,712.622370,4.704801,49.116540,0.333957
2118.816377,1007.000000,4.715837,-49.019324,712.628748,4.705923,49.020018,0.326832
2118.818170,1008.000000,4.716030,-48.922611,712.633170,4.706349,48.923344,0.321633
2118.827835,1009.000000,4.717004,-48.826068,712.640097,4.707667,48.826861,0.313968
2118.855683,1010.000000,4.719780,-48.729920,712.652812,4.711045,48.730820,0.300604
2118.864072,1011.000000,4.720627,-48.633345,712.659330,4.712218,48.634302,0.293340
2118.792229,1012.000000,4.713522,-48.535028,712.640299,4.704305,48.535833,0.311230
2118.678249,1013.000000,4.702242,-48.435804,712.607852,4.691619,48.436347,0.342327
2118.621966,1014.000000,4.696680,-48.337836,712.593775,4.685469,48.338266,0.355340
2118.621776,1015.000000,4.696676,-48.241081,712.597556,4.685670,48.241546,0.350771
2118.663944,1016.000000,4.700871,-48.145237,712.614823,4.690668,48.145846,0.332927
2118.704146,1017.000000,4.704871,-48.049346,712.631463,4.695444,48.050095,0.315699
2118.652575,1018.000000,4.699776,-47.951484,712.618880,4.689827,47.952133,0.327240
2118.494864,1019.000000,4.684163,-47.851355,712.572505,4.672190,47.851627,0.372049
2118.444880,1020.000000,4.679226,-47.753538,712.560428,4.666754,47.753715,0.383093
2118.435599,1021.000000,4.678322,-47.656592,712.561308,4.665925,47.656779,0.381381
2118.486509,1022.000000,4.683382,-47.560925,712.581348,4.671913,47.561280,0.360806
2118.484707,1023.000000,4.683219,-47.464134,712.584606,4.671931,47.464519,0.356752
2118.491129,1024.000000,4.683871,-47.367517,712.590482,4.672881,47.367954,0.350122
2118.471397,1025.000000,4.681932,-47.270346,712.588029,4.670869,47.270766,0.351691
2118.426206,1026.000000,4.677470,-47.172639,712.577470,4.665975,47.172975,0.361240
2118.451460,1027.000000,4.679988,-47.076417,712.589337,4.669057,47.076854,0.348711
2118.712352,1028.000000,4.705857,-46.985141,712.676234,4.698824,46.986292,0.262317
2119.036566,1029.000000,4.738011,-46.895170,712.783320,4.735773,46.897201,0.156046
2119.524486,1030.000000,4.786409,-46.808599,712.942603,4.791287,46.811936,-0.001613
2119.881957,1031.000000,4.821886,-46.719264,713.060368,4.832033,46.723567,-0.118398
2120.038674,1032.000000,4.837453,-46.625711,713.114157,4.850027,46.630458,-0.172199
2120.024705,1033.000000,4.836083,-46.528592,713.113528,4.848666,46.533337,-0.172426
2119.970137,1034.000000,4.830685,-46.430630,713.099953,4.842701,46.435267,-0.159908
2119.910611,1035.000000,4.824795,-46.332569,713.084798,4.836175,46.337086,-0.145834
2119.858729,1036.000000,4.819664,-46.234670,713.072079,4.830515,46.239086,-0.134158
2119.833042,1037.000000,4.817132,-46.137316,713.067709,4.827826,46.141699,-0.130702
2119.828955,1038.000000,4.816743,-46.040408,713.070224,4.827585,46.044815,-0.134025
2119.825306,1039.000000,4.816397,-45.943508,713.072878,4.827394,45.947940,-0.137484
2119.806196,1040.000000,4.814518,-45.846290,713.070602,4.825450,45.850707,-0.136089
2119.771233,1041.000000,4.811066,-45.748749,713.063271,4.821709,45.753109,-0.129717
2119.741243,1042.000000,4.808107,-45.651312,713.057524,4.818532,45.655628,-0.124905
2119.710299,1043.000000,4.805053,-45.553856,713.051471,4.815246,45.558126,-0.119793
2119.649831,1044.000000,4.799071,-45.455803,713.036007,4.808613,45.459949,-0.105414
2119.565562,1045.000000,4.790728,-45.357271,713.012955,4.799283,45.361232,-0.083566
2119.506968,1046.000000,4.784933,-45.259265,712.998088,4.792864,45.263108,-0.069774
2119.491652,1047.000000,4.783430,-45.162137,712.997013,4.791350,45.165974,-0.069562
2119.477777,1048.000000,4.782070,-45.065039,712.996396,4.789999,45.068874,-0.069800
2119.473740,1049.000000,4.781686,-44.968139,712.998913,4.789764,44.971998,-0.073125
2119.498369,1050.000000,4.784146,-44.871813,713.010567,4.792778,44.875771,-0.085443
2119.527870,1051.000000,4.787088,-44.775582,713.023772,4.796344,44.779652,-0.099290
2119.537293,1052.000000,4.788040,-44.678947,713.030576,4.797634,44.683075,-0.106835
2119.543746,1053.000000,4.788696,-44.582250,713.036433,4.798588,44.586430,-0.113447
2119.549387,1054.000000,4.789272,-44.485536,713.042030,4.799450,44.489765,-0.119803
2119.552043,1055.000000,4.789552,-44.388761,713.046674,4.799973,44.393031,-0.125220
2119.560033,1056.000000,4.790361,-44.292091,713.053017,4.801100,44.296416,-0.132311
2119.545366,1057.000000,4.788923,-44.194971,713.052136,4.799660,44.199292,-0.132290
2119.504734,1058.000000,4.784909,-44.097340,713.042978,4.795275,44.101589,-0.124119
2119.463016,1059.000000,4.780787,-43.999690,713.033473,4.790768,44.003864,-0.115607
2119.507044,1060.000000,4.785171,-43.903726,713.051299,4.795981,43.908050,-0.134003
2119.458771,1061.000000,4.780400,-43.805949,713.039701,4.790731,43.810181,-0.123430
2119.392162,1062.000000,4.773809,-43.707817,713.022259,4.783402,43.711909,-0.107103
2119.310733,1063.000000,4.765750,-43.609400,713.000092,4.774394,43.613315,-0.086125
2119.232732,1064.000000,4.758030,-43.511057,712.979018,4.765775,43.514803,-0.066223
2119.190520,1065.000000,4.753860,-43.413415,712.969350,4.761212,43.417084,-0.057550
2119.200955,1066.000000,4.754912,-43.316795,712.976459,4.762616,43.320526,-0.065394
2119.265090,1067.000000,4.761289,-43.221211,713.000682,4.770106,43.225143,-0.090088
2119.361902,1068.000000,4.770907,-43.126251,713.035321,4.781301,43.130470,-0.125037
2119.453509,1069.000000,4.780011,-43.031181,713.068302,4.791906,43.035674,-0.158354
2119.505902,1070.000000,4.785225,-42.935350,713.088784,4.798067,42.940013,-0.179364
2119.432016,1071.000000,4.777912,-42.837094,713.069008,4.789913,42.841599,-0.160740
2119.488861,1072.000000,4.783568,-42.741343,713.090907,4.796578,42.746030,-0.183146
2119.440484,1073.000000,4.778785,-42.643579,713.079261,4.791315,42.648174,-0.172525
2119.389801,1074.000000,4.773775,-42.545774,713.066879,4.785791,42.550271,-0.161180
2119.352071,1075.000000,4.770049,-42.448219,713.058624,4.781735,42.452651,-0.153899
2119.311530,1076.000000,4.766045,-42.350613,713.049474,4.777361,42.354974,-0.145735
2119.257643,1077.000000,4.760716,-42.252757,713.036068,4.771474,42.257011,-0.133381
2119.191636,1078.000000,4.754187,-42.154676,713.018798,4.764213,42.158793,-0.117224
2119.129374,1079.000000,4.748029,-42.056671,713.002722,4.757377,42.060659,-0.102241
2119.108151,1080.000000,4.745941,-41.959441,712.999724,4.755193,41.963408,-0.100135
2119.141084,1081.000000,4.749223,-41.863225,713.013986,4.759146,41.867312,-0.115022
2119.164149,1082.000000,4.751527,-41.766821,713.025102,4.761981,41.771002,-0.126812
2119.145439,1083.000000,4.749689,-41.669636,713.022902,4.760081,41.673802,-0.125491
2119.119925,1084.000000,4.747175,-41.572325,713.018532,4.757410,41.576458,-0.122033
2119.116508,1085.000000,4.746853,-41.475425,713.021204,4.757243,41.479584,-0.125509
2119.115293,1086.000000,4.746749,-41.378565,713.024576,4.757326,41.382755,-0.129675
2119.094350,1087.000000,4.744689,-41.281340,713.021659,4.755173,41.285509,-0.127648
2119.064756,1088.000000,4.741771,-41.183957,713.015984,4.752039,41.188083,-0.122906
2119.043744,1089.000000,4.739704,-41.086733,713.013043,4.749878,41.090838,-0.120855
2119.040442,1090.000000,4.739393,-40.989835,713.015745,4.749725,40.993965,-0.124361
2119.061217,1091.000000,4.741470,-40.893376,713.026120,4.752299,40.897595,-0.135421
2119.090720,1092.000000,4.744413,-40.797074,713.039276,4.755863,40.801403,-0.149219
2119.092304,1093.000000,4.744586,-40.700260,713.043532,4.756263,40.704628,-0.154254
2119.053098,1094.000000,4.740715,-40.602705,713.034786,4.752040,40.607004,-0.146488
2118.990889,1095.000000,4.734563,-40.504735,713.018707,4.745210,40.508906,-0.131502
2118.938339,1096.000000,4.729369,-40.406944,713.005706,4.739474,40.411012,-0.119546
2118.919105,1097.000000,4.727478,-40.309758,713.003322,4.737514,40.313809,-0.118044
2118.915827,1098.000000,4.727170,-40.212859,713.006022,4.737363,40.216936,-0.121548
2118.895679,1099.000000,4.725189,-40.115657,713.003344,4.735300,40.119715,-0.119756
2118.851708,1100.000000,4.720845,-40.018030,712.993073,4.730537,40.022007,-0.110488
2118.800759,1101.000000,4.715810,-39.920281,712.980577,4.724983,39.924159,-0.099030
2118.761232,1102.000000,4.711908,-39.822738,712.971720,4.720724,39.826548,-0.091154
2118.735260,1103.000000,4.709350,-39.725439,712.967182,4.718000,39.729215,-0.087531
2118.715428,1104.000000,4.707400,-39.628251,712.964599,4.715973,39.632008,-0.085833
2118.703787,1105.000000,4.706263,-39.531208,712.964625,4.714873,39.534968,-0.086703
2118.710407,1106.000000,4.706936,-39.434486,712.970470,4.715843,39.438298,-0.093303
2118.725070,1107.000000,4.708407,-39.337905,712.978876,4.717724,39.341789,-0.102424
2118.718057,1108.000000,4.707728,-39.240942,712.980374,4.717149,39.244841,-0.104743
2118.675989,1109.000000,4.703574,-39.143364,712.970699,4.712601,39.147188,-0.096062
2118.616448,1110.000000,4.697688,-39.045484,712.955455,4.706074,39.049186,-0.081898
2118.588883,1111.000000,4.694972,-38.948166,712.950400,4.703170,38.951830,-0.077765
2118.605218,1112.000000,4.696608,-38.851611,712.959333,4.705240,38.855351,-0.087405
2118.605775,1113.000000,4.696680,-38.754781,712.963236,4.705523,38.758556,-0.092093
2118.583479,1114.000000,4.694487,-38.657554,712.959857,4.703216,38.661306,-0.089610
2118.559780,1115.000000,4.692154,-38.560305,712.956028,4.700749,38.564028,-0.086685
2118.544135,1116.000000,4.690620,-38.463195,712.954766,4.699196,38.466911,-0.086287
2118.529220,1117.000000,4.689158,-38.366098,712.953734,4.697725,38.369809,-0.086115
2118.511600,1118.000000,4.687428,-38.268956,712.951839,4.695948,38.272654,-0.085094
2118.509388,1119.000000,4.687226,-38.172076,712.954853,4.695916,38.175803,-0.088907
2118.534954,1120.000000,4.689777,-38.075669,712.966718,4.699031,38.079496,-0.101433
2118.550657,1121.000000,4.691351,-37.979092,712.975438,4.701029,37.982993,-0.110864
2118.515961,1122.000000,4.687928,-37.881658,712.968097,4.697317,37.885503,-0.104480
2118.446790,1123.000000,4.681088,-37.783644,712.949770,4.689699,37.787342,-0.087279
2118.442648,1124.000000,4.680694,-37.686731,712.952163,4.689448,37.690452,-0.090479
2118.353899,1125.000000,4.671913,-37.588396,712.927595,4.679612,37.591919,-0.067134
2118.291260,1126.000000,4.665721,-37.490505,712.911347,4.672735,37.493898,-0.051981
2118.292061,1127.000000,4.665818,-37.393679,712.915311,4.673044,37.397108,-0.056728
2118.333315,1128.000000,4.669924,-37.297527,712.932163,4.677936,37.301097,-0.074165
2118.374606,1129.000000,4.674034,-37.201371,712.949026,4.682832,37.205082,-0.091613
2118.391971,1130.000000,4.675772,-37.104813,712.958265,4.685017,37.108603,-0.101554
2118.378148,1131.000000,4.674419,-37.007737,712.957565,4.683670,37.011525,-0.101709
2118.346053,1132.000000,4.671254,-36.910360,712.951041,4.680252,36.914097,-0.096129
2118.329101,1133.000000,4.669591,-36.813234,712.949341,4.678550,36.816961,-0.095300
2118.356582,1134.000000,4.672332,-36.716838,712.961798,4.681881,36.720670,-0.108410
2118.428234,1135.000000,4.679452,-36.621161,712.988331,4.690217,36.625214,-0.135379
2118.465433,1136.000000,4.683156,-36.524916,713.003884,4.694649,36.529099,-0.151537
2118.394525,1137.000000,4.676144,-36.426905,712.984985,4.686834,36.430936,-0.133772
2118.308306,1138.000000,4.667614,-36.328650,712.961206,4.677284,36.332490,-0.111203
2118.243048,1139.000000,4.661163,-36.230742,712.944106,4.670109,36.234446,-0.095210
2118.198445,1140.000000,4.656759,-36.133172,712.933587,4.665274,36.136793,-0.085697
2118.162388,1141.000000,4.653202,-36.035743,712.925790,4.661408,36.039304,-0.078864
2118.129356,1142.000000,4.649945,-35.938365,712.918956,4.657884,35.941873,-0.072979
2118.110909,1143.000000,4.648134,-35.841223,712.916768,4.656012,35.844716,-0.071669
2118.111631,1144.000000,4.648222,-35.744387,712.920686,4.656311,35.747915,-0.076371
2118.117363,1145.000000,4.648807,-35.647631,712.926199,4.657178,35.651207,-0.082643
2118.110621,1146.000000,4.648156,-35.550674,712.927737,4.656632,35.554267,-0.085001
2118.089076,1147.000000,4.646038,-35.453483,712.924557,4.654409,35.457053,-0.082714
2118.053965,1148.000000,4.642575,-35.356078,712.917053,4.650649,35.359590,-0.076169
2117.998405,1149.000000,4.637086,-35.258353,712.903034,4.644574,35.261753,-0.063209
2117.927717,1150.000000,4.630097,-35.160394,712.884194,4.636785,35.163643,-0.045502
2117.880080,1151.000000,4.625394,-35.062802,712.872697,4.631607,35.065960,-0.035026
2117.873407,1152.000000,4.624750,-34.965854,712.874249,4.631068,34.969028,-0.037398
2117.893427,1153.000000,4.626750,-34.869321,712.884304,4.633553,34.872580,-0.048142
2117.918565,1154.000000,4.629259,-34.772865,712.895988,4.636617,34.776223,-0.060491
2117.927363,1155.000000,4.630147,-34.676152,712.902465,4.637830,34.679567,-0.067712
2117.907727,1156.000000,4.628219,-34.578999,712.899883,4.635823,34.582396,-0.066013
2117.867529,1157.000000,4.624252,-34.481529,712.890748,4.631488,34.484854,-0.057862
2117.827237,1158.000000,4.620276,-34.384060,712.881583,4.627141,34.387314,-0.049681
2117.806663,1159.000000,4.618255,-34.286896,712.878698,4.625028,34.290130,-0.047685
2117.806168,1160.000000,4.618223,-34.190040,712.882208,4.625189,34.193305,-0.051985
2117.800386,1161.000000,4.617667,-34.093103,712.884033,4.624751,34.096386,-0.054625
2117.778144,1162.000000,4.615480,-33.995915,712.880613,4.622449,33.999173,-0.052102
2117.748496,1163.000000,4.612559,-33.898615,712.874833,4.619308,33.901830,-0.047254
2117.715908,1164.000000,4.609347,-33.801273,712.868115,4.615834,33.804436,-0.041482
2117.689556,1165.000000,4.606753,-33.704027,712.863382,4.613066,33.707154,-0.037666
2117.670791,1166.000000,4.604911,-33.606896,712.861065,4.611158,33.610008,-0.036228
2117.661043,1167.000000,4.603962,-33.509901,712.861620,4.610270,33.513020,-0.037617
2117.671543,1168.000000,4.605020,-33.413208,712.868623,4.611675,33.416388,-0.045356
2117.699305,1169.000000,4.607788,-33.316771,712.881124,4.615036,33.320056,-0.058509
2117.708384,1170.000000,4.608704,-33.220053,712.887673,4.616280,33.223395,-0.065801
2117.680513,1171.000000,4.605960,-33.122786,712.882449,4.613340,33.126089,-0.061500
2117.641341,1172.000000,4.602096,-33.025353,712.873623,4.609120,33.028587,-0.053654
2117.620838,1173.000000,4.600081,-32.928198,712.870744,4.607015,32.931412,-0.051662
2117.622707,1174.000000,4.600284,-32.831372,712.874990,4.607442,32.834624,-0.056687
2117.635016,1175.000000,4.601520,-32.734698,712.882562,4.609052,32.738015,-0.064985
2117.653479,1176.000000,4.603367,-32.638112,712.892093,4.611359,32.641510,-0.075213
2117.659018,1177.000000,4.603933,-32.541335,712.897505,4.612203,32.544780,-0.081386
2117.630718,1178.000000,4.601146,-32.444066,712.892135,4.609214,32.447471,-0.076942
2117.582692,1179.000000,4.596405,-32.346513,712.880481,4.603991,32.349826,-0.066309
2117.534659,1180.000000,4.591663,-32.248963,712.868823,4.598768,32.252184,-0.055673
2117.477826,1181.000000,4.586049,-32.151290,712.854361,4.592548,32.154396,-0.042277
2117.470545,1182.000000,4.585345,-32.054332,712.855683,4.591939,32.057451,-0.044421
2117.434385,1183.000000,4.581780,-31.956960,712.847805,4.588061,31.960018,-0.037507
2117.449644,1184.000000,4.583309,-31.860323,712.856304,4.590004,31.863454,-0.046719
2117.475379,1185.000000,4.585876,-31.763832,712.868140,4.593134,31.767064,-0.059216
2117.480594,1186.000000,4.586410,-31.667048,712.873437,4.593940,31.670326,-0.065276
2117.468823,1187.000000,4.585261,-31.570023,712.873323,4.592822,31.573303,-0.066006
2117.459397,1188.000000,4.584344,-31.473031,712.873954,4.591970,31.476320,-0.067471
2117.467237,1189.000000,4.585138,-31.376281,712.880084,4.593073,31.379623,-0.074351
2117.487746,1190.000000,4.587187,-31.279706,712.890250,4.595611,31.283135,-0.085203
2117.428685,1191.000000,4.581353,-31.182020,712.875065,4.589139,31.185327,-0.071095
2117.490304,1192.000000,4.587475,-31.086015,712.898325,4.596331,31.089516,-0.094841
2117.450196,1193.000000,4.583519,-30.988594,712.889175,4.592005,30.992023,-0.086674
2117.415410,1194.000000,4.580090,-30.891249,712.881720,4.588281,30.894621,-0.080177
2117.376635,1195.000000,4.576266,-30.793852,712.872994,4.584106,30.797155,-0.072427
2117.317130,1196.000000,4.570388,-30.696172,712.857663,4.577583,30.699354,-0.058173
2117.250230,1197.000000,4.563778,-30.598396,712.839975,4.570224,30.601436,-0.041600
2117.196767,1198.000000,4.558499,-30.500808,712.826568,4.564386,30.503741,-0.029241
2117.191549,1199.000000,4.558000,-30.403879,712.828526,4.564010,30.406832,-0.032012
2117.229167,1200.000000,4.561743,-30.307530,712.844127,4.568484,30.310614,-0.048217
2117.250335,1201.000000,4.563858,-30.210955,712.854488,4.571095,30.214127,-0.059262
2117.248041,1202.000000,4.563648,-30.114061,712.857374,4.571050,30.117260,-0.062947
2117.245245,1203.000000,4.563388,-30.017160,712.860099,4.570948,30.020384,-0.066472
2117.235049,1204.000000,4.562395,-29.920159,712.860466,4.570009,29.923389,-0.067676
2117.207656,1205.000000,4.559699,-29.822929,712.855353,4.567122,29.826121,-0.063485
2117.179637,1206.000000,4.556941,-29.725692,712.850040,4.564164,29.728843,-0.059095
2117.158708,1207.000000,4.554885,-29.628550,712.846984,4.562009,29.631680,-0.056929
2117.131949,1208.000000,4.552252,-29.531333,712.842070,4.559194,29.534425,-0.052933
2117.093566,1209.000000,4.548467,-29.433963,712.833452,4.555063,29.436989,-0.045290
2117.051659,1210.000000,4.544334,-29.336550,712.823711,4.550534,29.339499,-0.036540
2117.015396,1211.000000,4.540759,-29.239214,712.815766,4.546643,29.242101,-0.029560
2116.992753,1212.000000,4.538534,-29.142057,712.812159,4.544294,29.144918,-0.026850
2116.992970,1213.000000,4.538573,-29.045198,712.815831,4.544532,29.048092,-0.031309
2117.008314,1214.000000,4.540110,-28.948534,712.824320,4.546483,28.951501,-0.040510
2117.018910,1215.000000,4.541177,-28.851806,712.831296,4.547897,28.854833,-0.048222
2116.993221,1216.000000,4.538650,-28.754610,712.826713,4.545203,28.757603,-0.044552
2116.931221,1217.000000,4.532527,-28.656950,712.810564,4.538399,28.659815,-0.029492
2116.856820,1218.000000,4.525176,-28.559137,712.790465,4.530191,28.561840,-0.010543
2116.778298,1219.000000,4.517417,-28.461276,712.769054,4.521517,28.463807,0.009699
2116.714973,1220.000000,4.511163,-28.363615,712.752482,4.514564,28.366013,0.025175
2116.702196,1221.000000,4.509915,-28.266596,712.752006,4.513331,28.268994,0.024801
2116.743137,1222.000000,4.513987,-28.170254,712.768635,4.518179,28.172791,0.007584
2116.802130,1223.000000,4.519846,-28.074134,712.791012,4.525069,28.076858,-0.015294
2116.842277,1224.000000,4.523840,-27.977773,712.807388,4.529827,27.980634,-0.032262
2116.849691,1225.000000,4.524591,-27.880999,712.813338,4.530880,27.883912,-0.038963
2116.849014,1226.000000,4.524542,-27.784123,712.816709,4.531017,27.787066,-0.043125
2116.866459,1227.000000,4.526287,-27.687470,712.825851,4.533205,27.690492,-0.052970
2116.882623,1228.000000,4.527905,-27.590799,712.834584,4.535248,27.593896,-0.062412
2116.870708,1229.000000,4.526743,-27.493781,712.834373,4.534113,27.496879,-0.063046
2116.836298,1230.000000,4.523352,-27.396488,712.826996,4.530431,27.399529,-0.056623
2116.793777,1231.000000,4.519159,-27.299097,712.817034,4.525831,27.302060,-0.047656
2116.748502,1232.000000,4.514692,-27.201676,712.806194,4.520920,27.204553,-0.037824
2116.710704,1233.000000,4.510967,-27.104349,712.797734,4.516855,27.107160,-0.030335
2116.694468,1234.000000,4.509376,-27.007284,712.796141,4.515230,27.010085,-0.029608
2116.693484,1235.000000,4.509296,-26.910403,712.799403,4.515332,26.913234,-0.033663
2116.677902,1236.000000,4.507771,-26.813346,712.798015,4.513782,26.816170,-0.033139
2116.645004,1237.000000,4.504531,-26.716083,712.791112,4.510271,26.718853,-0.027182
2116.619008,1238.000000,4.501974,-26.618904,712.786405,4.507542,26.621639,-0.023390
2116.602833,1239.000000,4.500390,-26.521843,712.784825,4.505924,26.524568,-0.022676
2116.580774,1240.000000,4.498223,-26.424713,712.781369,4.503640,26.427413,-0.020115
2116.548415,1241.000000,4.495036,-26.327462,712.774633,4.500191,26.330111,-0.014323
2116.513447,1242.000000,4.491592,-26.230183,712.767064,4.496446,26.232773,-0.007712
2116.506579,1243.000000,4.490929,-26.133235,712.768443,4.495882,26.135839,-0.009912
2116.539045,1244.000000,4.494161,-26.036743,712.782347,4.499768,26.039464,-0.024445
2116.582461,1245.000000,4.498478,-25.940375,712.799737,4.504895,25.943242,-0.042412
2116.604875,1246.000000,4.500715,-25.843760,712.810438,4.507644,25.846717,-0.053792
2116.587091,1247.000000,4.498972,-25.746679,712.808335,4.505844,25.749622,-0.052564
2116.526970,1248.000000,4.493036,-25.649113,712.792748,4.499252,25.651932,-0.038056
2116.521820,1249.000000,4.492543,-25.552180,712.794667,4.498882,25.555018,-0.040787
2116.462932,1250.000000,4.486730,-25.454635,712.779471,4.492429,25.457352,-0.026665
2116.433997,1251.000000,4.483883,-25.357433,712.773812,4.489367,25.360107,-0.021934
2116.407203,1252.000000,4.481247,-25.260257,712.768835,4.486547,25.262894,-0.017875
2116.345372,1253.000000,4.475143,-25.162689,712.752699,4.479762,25.165196,-0.002826
2116.271382,1254.000000,4.467836,-25.064988,712.732691,4.471602,25.067335,0.016035
2116.221744,1255.000000,4.462939,-24.967565,712.720437,4.466198,24.969815,0.027261
2116.195480,1256.000000,4.460357,-24.870406,712.715624,4.463438,24.872620,0.031159
2116.181219,1257.000000,4.458963,-24.773380,712.714631,4.462036,24.775589,0.031294
2116.170040,1258.000000,4.457873,-24.676389,712.714619,4.460983,24.678601,0.030465
2116.151820,1259.000000,4.456087,-24.579320,712.712363,4.459133,24.581517,0.031844
2116.147047,1260.000000,4.455632,-24.482400,712.714388,4.458805,24.484617,0.029009
2116.183899,1261.000000,4.459298,-24.385932,712.729665,4.463187,24.388277,0.013123
2116.248978,1262.000000,4.465758,-24.289767,712.753931,4.470762,24.292314,-0.011614
2116.307463,1263.000000,4.471566,-24.193524,712.776096,4.477592,24.196256,-0.034284
2116.339334,1264.000000,4.474740,-24.096988,712.789786,4.481410,24.099835,-0.048606
2116.356697,1265.000000,4.476476,-24.000294,712.798854,4.483587,24.003218,-0.058379
2116.385656,1266.000000,4.479361,-23.903720,712.811615,4.487076,23.906752,-0.071787
2116.437055,1267.000000,4.484469,-23.807382,712.831522,4.493104,23.810580,-0.092232
2116.465055,1268.000000,4.487259,-23.710791,712.843976,4.496485,23.714094,-0.105338
2116.437649,1269.000000,4.484563,-23.613611,712.838782,4.493595,23.616875,-0.101064
2116.382143,1270.000000,4.479085,-23.516138,712.824637,4.487524,23.519289,-0.087976
2116.313781,1271.000000,4.472334,-23.418534,712.806397,4.479999,23.421539,-0.070855
2116.248993,1272.000000,4.465937,-23.320972,712.789295,4.472879,23.323841,-0.054855
2116.209344,1273.000000,4.462029,-23.223676,712.780197,4.468603,23.226473,-0.046737
2116.212365,1274.000000,4.462346,-23.126823,712.784687,4.469156,23.129661,-0.052001
2116.238210,1275.000000,4.464923,-23.030204,712.796445,4.472292,23.033141,-0.064421
2116.245382,1276.000000,4.465651,-22.933391,712.802255,4.473315,22.936379,-0.070983
2116.214349,1277.000000,4.462596,-22.836186,712.795896,4.470014,22.839125,-0.065563
2116.171253,1278.000000,4.458347,-22.738861,712.785695,4.465349,22.741719,-0.056359
2116.145113,1279.000000,4.455777,-22.641709,712.780893,4.462602,22.644532,-0.052471
2116.123360,1280.000000,4.453641,-22.544604,712.777486,4.460351,22.547402,-0.049957
2116.096753,1281.000000,4.451025,-22.447450,712.772533,4.457551,22.450211,-0.045920
2116.078253,1282.000000,4.449212,-22.350379,712.770160,4.455669,22.353124,-0.044425
2116.069186,1283.000000,4.448332,-22.253403,712.770789,4.454854,22.256156,-0.045886
2116.052710,1284.000000,4.446719,-22.156353,712.769058,4.453200,22.159095,-0.045023
2116.023475,1285.000000,4.443842,-22.059177,712.763263,4.450103,22.061875,-0.040157
2116.002186,1286.000000,4.441753,-21.962082,712.759997,4.447905,21.964756,-0.037782
2116.001921,1287.000000,4.441744,-21.865192,712.763425,4.448086,21.867898,-0.041998
2116.003960,1288.000000,4.441964,-21.768325,712.767585,4.448527,21.771068,-0.046936
2115.990447,1289.000000,4.440644,-21.671305,712.766792,4.447208,21.674045,-0.046996
2115.978284,1290.000000,4.439458,-21.574299,712.766427,4.446043,21.577039,-0.047478
2115.981524,1291.000000,4.439797,-21.477441,712.770966,4.446620,21.480221,-0.052789
2115.972401,1292.000000,4.438911,-21.380463,712.771566,4.445798,21.383252,-0.054221
2115.936576,1293.000000,4.435383,-21.283232,712.763663,4.441955,21.285959,-0.047279
2115.896233,1294.000000,4.431408,-21.185959,712.754320,4.437601,21.188613,-0.038919
2115.860201,1295.000000,4.427859,-21.088730,712.746349,4.433734,21.091322,-0.031910
2115.817601,1296.000000,4.423660,-20.991442,712.736285,4.429125,20.993955,-0.022840
2115.758418,1297.000000,4.417820,-20.894001,712.720941,4.422639,20.896392,-0.008570
2115.715388,1298.000000,4.413580,-20.796715,712.710739,4.417982,20.799025,0.000636
2115.711589,1299.000000,4.413221,-20.699795,712.713026,4.417762,20.702127,-0.002457
2115.706566,1300.000000,4.412742,-20.602862,712.714922,4.417404,20.605214,-0.005165
2115.690376,1301.000000,4.411158,-20.505827,712.713262,4.415782,20.508168,-0.004371
2115.662756,1302.000000,4.408442,-20.408688,712.707961,4.412867,20.410989,0.000008
2115.617490,1303.000000,4.403980,-20.311391,712.697041,4.407956,20.313605,0.009921
2115.580368,1304.000000,4.400324,-20.214170,712.688713,4.403967,20.216320,0.017282
2115.578035,1305.000000,4.400111,-20.117264,712.691460,4.403913,20.119439,0.013737
2115.610056,1306.000000,4.403298,-20.020665,712.705143,4.407744,20.022955,-0.000579
2115.646745,1307.000000,4.406947,-19.924103,712.720311,4.412104,19.926521,-0.016358
2115.660557,1308.000000,4.408332,-19.827335,712.728194,4.413876,19.829821,-0.024962
2115.651010,1309.000000,4.407405,-19.730359,712.728639,4.413006,19.732852,-0.026241
2115.631586,1310.000000,4.405501,-19.633296,712.725938,4.411018,19.635770,-0.024422
2115.597528,1311.000000,4.402148,-19.536106,712.718577,4.407375,19.538523,-0.018013
2115.566320,1312.000000,4.399077,-19.438943,712.712121,4.404054,19.441310,-0.012496
2115.578044,1313.000000,4.400256,-19.342153,712.719334,4.405589,19.344582,-0.020439
2115.614240,1314.000000,4.403856,-19.245571,712.734337,4.409893,19.248126,-0.036056
2115.609675,1315.000000,4.403422,-19.148636,712.736361,4.409586,19.151211,-0.038889
2115.553612,1316.000000,4.397892,-19.051263,712.721987,4.403453,19.053724,-0.025574
2115.510539,1317.000000,4.393647,-18.954003,712.711747,4.398790,18.956383,-0.016331
2115.521061,1318.000000,4.394706,-18.857198,712.718571,4.400189,18.859637,-0.023891
2115.550231,1319.000000,4.397611,-18.760547,712.731331,4.403698,18.763094,-0.037298
2115.527158,1320.000000,4.395346,-18.663457,712.727456,4.401297,18.665976,-0.034322
2115.512304,1321.000000,4.393894,-18.566437,712.726196,4.399825,18.568949,-0.033922
2115.421399,1322.000000,4.384916,-18.468789,712.700723,4.389752,18.471095,-0.009675
2115.356731,1323.000000,4.378535,-18.371364,712.683602,4.382646,18.373533,0.006345
2115.330370,1324.000000,4.375945,-18.274256,712.678676,4.379873,18.276388,0.010356
2115.316719,1325.000000,4.374612,-18.177252,712.677794,4.378538,18.179381,0.010384
2115.295175,1326.000000,4.372498,-18.080186,712.674399,4.376310,18.082290,0.012887
2115.280268,1327.000000,4.371041,-17.983173,712.673116,4.374833,17.985270,0.013311
2115.283957,1328.000000,4.371424,-17.886309,712.677751,4.375458,17.888447,0.007906
2115.305529,1329.000000,4.373577,-17.789587,712.688078,4.378107,17.791813,-0.003105
2115.334687,1330.000000,4.376480,-17.692921,712.700820,4.381613,17.695255,-0.016494
2115.341179,1331.000000,4.377141,-17.596074,712.706344,4.382556,17.598456,-0.022775
2115.311516,1332.000000,4.374224,-17.498943,712.700356,4.379409,17.501279,-0.017718
2115.275023,1333.000000,4.370631,-17.401760,712.692194,4.375490,17.404033,-0.010519
2115.259868,1334.000000,4.369149,-17.304745,712.690823,4.373984,17.307009,-0.010009
2115.265458,1335.000000,4.369721,-17.207889,712.696055,4.374824,17.210200,-0.016002
2115.273974,1336.000000,4.370581,-17.111055,712.702217,4.375996,17.113419,-0.022912
2115.262704,1337.000000,4.369484,-17.014068,712.702079,4.374929,17.016434,-0.023616
2115.231011,1338.000000,4.366367,-16.916927,712.695438,4.371553,16.919242,-0.017916
2115.202535,1339.000000,4.363567,-16.819812,712.689820,4.368540,16.822085,-0.013223
2115.190859,1340.000000,4.362430,-16.722824,712.689549,4.367428,16.725098,-0.013796
2115.203993,1341.000000,4.363748,-16.626021,712.697176,4.369121,16.628360,-0.022147
2115.233100,1342.000000,4.366646,-16.529333,712.709886,4.372621,16.531780,-0.035505
2115.250963,1343.000000,4.368432,-16.432560,712.719016,4.374849,16.435084,-0.045337
2115.238507,1344.000000,4.367217,-16.335563,712.718493,4.373648,16.338086,-0.045661
2115.189972,1345.000000,4.362433,-16.238304,712.706480,4.368366,16.240732,-0.034671
2115.119657,1346.000000,4.355494,-16.140891,712.687534,4.360622,16.143167,-0.016851
2115.052465,1347.000000,4.348865,-16.043506,712.669581,4.353231,16.045638,-0.000010
2115.013545,1348.000000,4.345032,-15.946327,712.660628,4.349037,15.948390,0.007968
2115.025447,1349.000000,4.346228,-15.849510,712.667851,4.350590,15.851636,0.000013
2115.060273,1350.000000,4.349692,-15.752853,712.682372,4.354736,15.755101,-0.015127
2115.074099,1351.000000,4.351078,-15.656046,712.690206,4.356507,15.658360,-0.023683
2115.063630,1352.000000,4.350060,-15.559067,712.690305,4.355531,15.561385,-0.024620
2115.054631,1353.000000,4.349188,-15.462098,712.690871,4.354720,15.464425,-0.026017
2115.066498,1354.000000,4.350381,-15.365273,712.698078,4.356270,15.367661,-0.033955
2115.087708,1355.000000,4.352497,-15.268509,712.708258,4.358876,15.270984,-0.044822
2115.091368,1356.000000,4.352878,-15.171623,712.712851,4.359497,15.174139,-0.050184
2115.064692,1357.000000,4.350257,-15.074532,712.707783,4.356687,15.077010,-0.046033
2115.033545,1358.000000,4.347193,-14.977413,712.701292,4.353372,14.979841,-0.040479
2115.026285,1359.000000,4.346494,-14.880454,712.702403,4.352758,14.882894,-0.042414
2115.030732,1360.000000,4.346952,-14.783572,712.707241,4.353468,14.786055,-0.048019
2115.023636,1361.000000,4.346268,-14.686613,712.708403,4.352872,14.689109,-0.050002
2115.006249,1362.000000,4.344566,-14.589586,712.706287,4.351113,14.592068,-0.048758
2114.986991,1363.000000,4.342679,-14.492548,712.703574,4.349142,14.495011,-0.046926
2114.960740,1364.000000,4.340100,-14.395466,712.698633,4.346380,14.397892,-0.042899
2114.928791,1365.000000,4.336958,-14.298349,712.691878,4.342974,14.300723,-0.037086
2114.914835,1366.000000,4.335596,-14.201348,712.690849,4.341603,14.203716,-0.036913
2114.917652,1367.000000,4.335893,-14.104453,712.695159,4.342128,14.106860,-0.041997
2114.912705,1368.000000,4.335422,-14.007508,712.696996,4.341775,14.009933,-0.044646
2114.895512,1369.000000,4.333739,-13.910486,712.694934,4.340037,13.912898,-0.043454
2114.886538,1370.000000,4.332870,-13.813516,712.695486,4.339229,13.815935,-0.044838
2114.892862,1371.000000,4.333514,-13.716639,712.700908,4.340151,13.719106,-0.051017
2114.890490,1372.000000,4.333298,-13.619708,712.703560,4.340089,13.622200,-0.054469
2114.862936,1373.000000,4.330590,-13.522625,712.698194,4.337179,13.525076,-0.050023
2114.858811,1374.000000,4.330201,-13.425683,712.700285,4.336919,13.428154,-0.052922
2114.887748,1375.000000,4.333082,-13.328937,712.712901,4.340398,13.331515,-0.066187
2114.910152,1376.000000,4.335317,-13.232150,712.723437,4.343138,13.234817,-0.077403
2114.906598,1377.000000,4.334984,-13.135207,712.725706,4.342942,13.137897,-0.080478
2114.898667,1378.000000,4.334217,-13.038238,712.726581,4.342252,13.040938,-0.082179
2114.902277,1379.000000,4.334593,-12.941336,712.731129,4.342866,12.944076,-0.087498
2114.894332,1380.000000,4.333826,-12.844366,712.731997,4.342174,12.847117,-0.089192
2114.853982,1381.000000,4.329852,-12.747211,712.722547,4.337817,12.749888,-0.080724
2114.802682,1382.000000,4.324796,-12.649997,712.709609,4.332222,12.652571,-0.068821
2114.772622,1383.000000,4.321840,-12.552906,712.703433,4.329028,12.555433,-0.063577
2114.767181,1384.000000,4.321321,-12.455953,712.705093,4.328619,12.458497,-0.066052
2114.741062,1385.000000,4.318755,-12.358886,712.700169,4.325871,12.361392,-0.062041
2114.658299,1386.000000,4.310587,-12.261510,712.677211,4.316719,12.263832,-0.040269
2114.554317,1387.000000,4.300320,-12.164024,712.647499,4.305168,12.166106,-0.011845
2114.500745,1388.000000,4.295040,-12.066819,712.633834,4.299317,12.068792,0.000775
2114.499572,1389.000000,4.294942,-11.969897,712.636846,4.299390,11.971899,-0.003031
2114.524446,1390.000000,4.297421,-11.873113,712.648148,4.302407,11.875210,-0.015002
2114.552441,1391.000000,4.300208,-11.776343,712.660443,4.305778,11.778544,-0.027950
2114.580341,1392.000000,4.302987,-11.679568,712.672707,4.309138,11.681873,-0.040868
2114.603281,1393.000000,4.305274,-11.582765,712.683391,4.311937,11.585160,-0.052230
2114.605100,1394.000000,4.305473,-11.485850,712.687350,4.312348,11.488281,-0.056968
2114.607425,1395.000000,4.305721,-11.388936,712.691469,4.312817,11.391404,-0.061864
2114.628011,1396.000000,4.307776,-11.292114,712.701400,4.315350,11.294666,-0.072485
2114.649416,1397.000000,4.309912,-11.195293,712.711591,4.317975,11.197932,-0.083362
2114.641967,1398.000000,4.309194,-11.098326,712.712595,4.317338,11.100977,-0.085189
2114.604423,1399.000000,4.305499,-11.001211,712.704016,4.313298,11.003795,-0.077579
2114.555781,1400.000000,4.300706,-10.904045,712.691904,4.308003,10.906532,-0.066488
2114.509328,1401.000000,4.296130,-10.806892,712.680487,4.302956,10.809289,-0.056082
2114.459183,1402.000000,4.291189,-10.709724,712.667894,4.297492,10.712022,-0.044518
2114.470202,1403.000000,4.292297,-10.612850,712.674770,4.298943,10.615208,-0.052130
2114.434061,1404.000000,4.288741,-10.515753,712.666633,4.295061,10.518047,-0.044954
2114.457607,1405.000000,4.291089,-10.418936,712.677495,4.297928,10.421322,-0.056491
2114.440830,1406.000000,4.289448,-10.321929,712.675520,4.296236,10.324302,-0.055384
2114.405681,1407.000000,4.285990,-10.224840,712.667694,4.292467,10.227152,-0.048516
2114.404949,1408.000000,4.285937,-10.127908,712.670824,4.292589,10.130249,-0.052437
2114.415397,1409.000000,4.286989,-10.031025,712.677511,4.293975,10.033424,-0.059863
2114.423309,1410.000000,4.287790,-9.934130,712.683391,4.295074,9.936580,-0.066492
2114.427069,1411.000000,4.288180,-9.837214,712.687947,4.295704,9.839705,-0.071819
2114.419277,1412.000000,4.287429,-9.740247,712.688824,4.295028,9.742749,-0.073522
2114.386183,1413.000000,4.284174,-9.643171,712.681645,4.291491,9.645617,-0.067290
2114.326196,1414.000000,4.278260,-9.545982,712.665905,4.284913,9.548302,-0.052625
2114.241154,1415.000000,4.269868,-9.448692,712.642189,4.275504,9.450821,-0.030105
2114.121979,1416.000000,4.258101,-9.351265,712.607609,4.262236,9.353115,0.003116
2113.995176,1417.000000,4.245582,-9.253816,712.570603,4.248108,9.255366,0.038726
2113.978007,1418.000000,4.243903,-9.156826,712.568489,4.246372,9.158362,0.039970
2113.055365,1459.000000,4.153472,-5.180216,712.411174,4.150446,5.180598,0.160559
2113.162825,1460.000000,4.164110,-5.083542,712.448655,4.162786,5.084234,0.122802
2113.333395,1461.000000,4.180986,-4.986999,712.506219,4.182258,4.988165,0.065264
2113.559187,1462.000000,4.203324,-4.890560,712.581365,4.207973,4.892345,-0.009592
2113.637357,1463.000000,4.211071,-4.793785,712.609538,4.217009,4.795804,-0.038180
2113.680120,1464.000000,4.215318,-4.696929,712.626442,4.222044,4.699088,-0.055669
2113.694912,1465.000000,4.216799,-4.600010,712.634442,4.223918,4.602238,-0.064387
2113.688772,1466.000000,4.216211,-4.503046,712.635779,4.223426,4.505289,-0.066542
2113.658701,1467.000000,4.213257,-4.406035,712.629497,4.220229,4.408230,-0.061192
2113.606311,1468.000000,4.208097,-4.308983,712.616111,4.214510,4.311072,-0.048844
2113.549333,1469.000000,4.202483,-4.211926,712.601264,4.208273,4.213896,-0.035057
2113.508760,1470.000000,4.198491,-4.114903,712.591637,4.203890,4.116798,-0.026412
2113.493017,1471.000000,4.196954,-4.017928,712.589911,4.202312,4.019811,-0.025549
2113.494576,1472.000000,4.197127,-3.920983,712.593690,4.202690,3.922900,-0.030110
2113.468400,1473.000000,4.194559,-3.823989,712.588642,4.199934,3.825869,-0.025975
2113.503595,1474.000000,4.198057,-3.727099,712.603124,4.204112,3.729101,-0.041077
2113.480640,1475.000000,4.195807,-3.630111,712.599098,4.201720,3.632083,-0.037949
2113.475289,1476.000000,4.195297,-3.533152,712.600673,4.201316,3.535140,-0.040339
2113.458738,1477.000000,4.193680,-3.436175,712.598683,4.199647,3.438150,-0.039216
2113.427693,1478.000000,4.190630,-3.339177,712.592079,4.196341,3.341101,-0.033548
2113.390723,1479.000000,4.186995,-3.242172,712.583587,4.192364,3.244030,-0.026021
2113.354311,1480.000000,4.183415,-3.145170,712.575273,4.188451,3.146963,-0.018669
2113.338839,1481.000000,4.181904,-3.048199,712.573621,4.186904,3.049982,-0.017879
2113.366285,1482.000000,4.184636,-2.951285,712.585627,4.190206,2.953169,-0.030542
2113.419570,1483.000000,4.189923,-2.854401,712.605855,4.196429,2.856454,-0.051305
2113.445033,1484.000000,4.192459,-2.757477,712.617228,4.199507,2.759626,-0.063346
2113.408202,1485.000000,4.188838,-2.660475,712.608773,4.195546,2.662558,-0.055855
2113.343280,1486.000000,4.182439,-2.563444,712.591377,4.188411,2.565388,-0.039556
2113.273220,1487.000000,4.175533,-2.466412,712.572345,4.180695,2.468203,-0.021647
2113.210162,1488.000000,4.169320,-2.369392,712.555542,4.173771,2.371049,-0.005932
2113.182208,1489.000000,4.166576,-2.272413,712.549908,4.170813,2.274027,-0.001220
2113.212353,1490.000000,4.169575,-2.175491,712.562762,4.174420,2.177214,-0.014719
2113.285502,1491.000000,4.176824,-2.078606,712.589301,4.182886,2.080549,-0.041698
2113.353242,1492.000000,4.183540,-1.981709,712.614119,4.190741,1.983859,-0.066982
2113.380687,1493.000000,4.186272,-1.884771,712.626112,4.194043,1.887022,-0.079633
2113.365938,1494.000000,4.184833,-1.787796,712.624674,4.192577,1.790039,-0.079054
2113.317755,1495.000000,4.180090,-1.690796,712.612594,4.187333,1.692943,-0.067992
2113.248631,1496.000000,4.173276,-1.593785,712.593848,4.179723,1.595782,-0.050363
2113.178286,1497.000000,4.166342,-1.496778,712.574713,4.171975,1.498621,-0.032352
2113.130155,1498.000000,4.161604,-1.399790,712.562647,4.166737,1.401538,-0.021304
2113.120661,1499.000000,4.160685,-1.302827,712.562876,4.165865,1.304580,-0.022366
2113.144906,1500.000000,4.163101,-1.205883,712.573840,4.168804,1.207729,-0.034004
2113.184566,1501.000000,4.167040,-1.108943,712.589710,4.173486,1.110923,-0.050473
2113.214409,1502.000000,4.170009,-1.011995,712.602454,4.177058,1.014082,-0.063864
2113.216189,1503.000000,4.170205,-0.915031,712.606266,4.177459,0.917153,-0.068456
2113.196062,1504.000000,4.168235,-0.818059,712.603104,4.175385,0.820158,-0.066178
2113.162541,1505.000000,4.164941,-0.721083,712.595679,4.171797,0.723124,-0.059701
2113.122102,1506.000000,4.160963,-0.624107,712.586050,4.167428,0.626073,-0.051053
2113.097275,1507.000000,4.158529,-0.527137,712.581389,4.164823,0.529068,-0.047299
2113.091219,1508.000000,4.157949,-0.430172,712.582701,4.164339,0.432117,-0.049428
2113.092380,1509.000000,4.158084,-0.333208,712.586308,4.164670,0.335186,-0.053818
2113.094027,1510.000000,4.158266,-0.236243,712.590069,4.165056,0.238255,-0.058360
2113.093060,1511.000000,4.158190,-0.139277,712.592997,4.165146,0.141315,-0.062081
2113.086859,1512.000000,4.157596,-0.042309,712.594257,4.164645,0.044362,-0.064159
2113.065666,1513.000000,4.155521,0.054658,712.590745,4.162450,-0.052631,-0.061537
2113.030341,1514.000000,4.152049,0.151623,712.582735,4.158659,-0.149659,-0.054483
2112.991108,1515.000000,4.148191,0.248586,712.573479,4.154426,-0.246694,-0.046203
2112.955386,1516.000000,4.144680,0.345547,712.565340,4.150590,-0.343719,-0.039022
2112.931322,1517.000000,4.142321,0.442508,712.560910,4.148070,-0.440713,-0.035495
2112.932900,1518.000000,4.142496,0.539474,712.564639,4.148448,-0.537645,-0.040005
2112.957644,1519.000000,4.144961,0.636448,712.575739,4.151443,-0.634525,-0.051776
2112.985075,1520.000000,4.147692,0.733426,712.587693,4.154741,-0.731401,-0.064388
2112.991460,1521.000000,4.148342,0.830399,712.592948,4.155662,-0.828328,-0.070402
2112.975696,1522.000000,4.146804,0.927364,712.591153,4.154080,-0.925305,-0.069470
2112.947571,1523.000000,4.144044,1.024324,712.585423,4.151102,-1.022308,-0.064662
2112.906242,1524.000000,4.139979,1.121275,712.575489,4.146632,-1.119337,-0.055714
2112.850192,1525.000000,4.134459,1.218215,712.560870,4.140499,-1.216394,-0.042149
2112.786402,1526.000000,4.128175,1.315147,712.543787,4.133491,-1.313463,-0.026158
2112.728205,1527.000000,4.122443,1.412078,712.528484,4.127116,-1.410516,-0.011920
2112.686095,1528.000000,4.118302,1.509016,712.518298,4.122558,-1.507534,-0.002723
2112.682372,1529.000000,4.117953,1.605979,712.520326,4.122336,-1.604476,-0.005557
2112.721110,1530.000000,4.121801,1.702974,712.535864,4.126911,-1.701341,-0.021700
2112.775891,1531.000000,4.127234,1.799987,712.556507,4.133298,-1.798182,-0.042871
2112.825307,1532.000000,4.132137,1.897000,712.575442,4.139080,-1.895037,-0.062360
2112.849861,1533.000000,4.134583,1.993997,712.586465,4.142052,-1.991941,-0.074055
2112.856099,1534.000000,4.135219,2.090980,712.591657,4.142956,-2.088878,-0.080007
2112.865187,1535.000000,4.136137,2.187967,712.597756,4.144181,-2.185811,-0.086851
2112.874519,1536.000000,4.137079,2.284956,712.603930,4.145434,-2.282747,-0.093770
2112.857862,1537.000000,4.135452,2.381919,712.601833,4.143751,-2.379724,-0.092540
2112.816830,1538.000000,4.131417,2.478854,712.591976,4.139314,-2.476736,-0.083667
2112.786799,1539.000000,4.128468,2.575800,712.585619,4.136119,-2.573731,-0.078241
2112.792028,1540.000000,4.129005,2.672786,712.590483,4.136909,-2.670674,-0.083869
2112.804995,1541.000000,4.130306,2.769783,712.597809,4.138572,-2.767607,-0.091922
2112.793341,1542.000000,4.129174,2.866750,712.597297,4.137454,-2.864576,-0.092254
2112.771685,1543.000000,4.127053,2.963704,712.593601,4.135206,-2.961557,-0.089450
2112.754779,1544.000000,4.125402,3.060664,712.591415,4.133494,-3.058531,-0.088133
2112.726139,1545.000000,4.122592,3.157606,712.585494,4.130456,-3.155519,-0.083136
2112.662985,1546.000000,4.116371,3.254497,712.568588,4.123520,-3.252545,-0.067318
2112.595011,1547.000000,4.109673,3.351376,712.550147,4.116040,-3.349571,-0.049989
2112.573403,1548.000000,4.107558,3.448322,712.546461,4.113797,-3.446544,-0.047193
2112.610070,1549.000000,4.111201,3.545358,712.561317,4.118137,-3.543456,-0.062665
2112.660381,1550.000000,4.116192,3.642422,712.580516,4.124018,-3.640358,-0.082414
2112.683613,1551.000000,4.118508,3.739445,712.591096,4.126841,-3.737292,-0.093672
2112.681471,1552.000000,4.118316,3.836427,712.593599,4.126796,-3.834251,-0.096975
2112.653493,1553.000000,4.115571,3.933365,712.587879,4.123834,-3.931232,-0.092176
2112.595806,1554.000000,4.109890,4.030248,712.572702,4.117514,-4.028236,-0.078061
2112.543966,1555.000000,4.104787,4.127138,712.559386,4.111856,-4.125231,-0.065780
2112.534416,1556.000000,4.103863,4.224104,712.559527,4.110975,-4.222193,-0.066755
2112.545085,1557.000000,4.104937,4.321109,712.566101,4.112378,-4.319141,-0.074067
2112.541451,1558.000000,4.104598,4.418087,712.568122,4.112165,-4.416100,-0.076894
2112.513414,1559.000000,4.101847,4.515017,712.562375,4.109195,-4.513073,-0.072069
2112.481840,1560.000000,4.098748,4.611939,712.555503,4.105826,-4.610048,-0.066135
2112.462174,1561.000000,4.096824,4.708883,712.552418,4.103802,-4.707014,-0.063932
2112.448825,1562.000000,4.095525,4.805840,712.551342,4.102492,-4.803977,-0.063708
2112.525101,1563.000000,4.103082,4.902994,712.578788,4.111305,-4.900902,-0.091581
2112.518918,1564.000000,4.102490,4.999970,712.579990,4.110804,-4.997866,-0.093602
2112.515590,1565.000000,4.102182,5.096954,712.582100,4.110625,-5.094829,-0.096516
2112.492615,1566.000000,4.099931,5.193893,712.577956,4.108227,-5.191798,-0.093270
2112.446458,1567.000000,4.095390,5.290775,712.566433,4.103211,-5.288772,-0.082754
2112.405577,1568.000000,4.091371,5.387668,712.556588,4.098790,-5.385742,-0.073892
2112.399555,1569.000000,4.090796,5.484643,712.557836,4.098307,-5.482703,-0.075957
2112.434000,1570.000000,4.094219,5.581719,712.571960,4.102394,-5.579661,-0.090707
2112.482554,1571.000000,4.099037,5.678835,712.590574,4.108076,-5.676622,-0.109880
2112.419799,1572.000000,4.092856,5.775669,712.573762,4.101184,-5.773590,-0.094154
2112.452869,1573.000000,4.096143,5.872750,712.587446,4.105117,-5.870556,-0.108471
2112.409846,1574.000000,4.091912,5.969632,712.576912,4.100454,-5.967521,-0.098929
2112.415357,1575.000000,4.092476,6.066643,712.581823,4.101273,-6.064488,-0.104602
2112.450928,1576.000000,4.096011,6.163738,712.596299,4.105488,-6.161461,-0.119699
2112.470053,1577.000000,4.097921,6.260790,712.605540,4.107845,-6.258435,-0.129639
2112.463084,1578.000000,4.097252,6.357772,712.606476,4.107255,-6.355405,-0.131396
2112.452530,1579.000000,4.096230,6.454743,712.606269,4.106259,-6.452375,-0.132028
2112.432190,1580.000000,4.094240,6.551685,712.602946,4.104158,-6.549341,-0.129590
2112.389862,1581.000000,4.090077,6.648562,712.592624,4.099573,-6.646299,-0.120257
2112.338391,1582.000000,4.085012,6.745408,712.579391,4.093955,-6.743250,-0.108057
2112.301927,1583.000000,4.081429,6.842296,712.570933,4.090033,-6.840204,-0.100560
2112.282650,1584.000000,4.079544,6.939236,712.567944,4.088052,-6.937165,-0.098451
2112.266505,1585.000000,4.077969,7.036184,712.565950,4.086425,-7.034127,-0.097323
2112.251818,1586.000000,4.076538,7.133137,712.564419,4.084962,-7.131089,-0.096650
2112.244886,1587.000000,4.075873,7.230114,712.565355,4.084375,-7.228055,-0.098408
2112.243956,1588.000000,4.075801,7.327112,712.568199,4.084466,-7.325026,-0.102046
2112.253948,1589.000000,4.076808,7.424146,712.574519,4.085791,-7.422006,-0.109107
2112.289454,1590.000000,4.080337,7.521268,712.588957,4.089998,-7.519006,-0.124166
2112.315831,1591.000000,4.082963,7.618363,712.600489,4.093174,-7.616004,-0.136363
2112.270390,1592.000000,4.078493,7.715214,712.589163,4.088237,-7.712944,-0.126040
2112.220248,1593.000000,4.073559,7.812045,712.576339,4.082769,-7.809876,-0.114243
2112.179564,1594.000000,4.069560,7.908906,712.566525,4.078370,-7.906815,-0.105410
2112.127624,1595.000000,4.064448,8.005724,712.553128,4.072699,-8.003739,-0.093047
2112.077549,1596.000000,4.059522,8.102546,712.540323,4.067239,-8.100662,-0.081268
2112.063755,1597.000000,4.058179,8.199497,712.539063,4.065877,-8.197620,-0.080862
2112.082760,1598.000000,4.060076,8.296569,712.548239,4.068219,-8.294614,-0.090737
2112.097709,1599.000000,4.061573,8.393629,712.556123,4.070103,-8.391606,-0.099339
2112.079785,1600.000000,4.059823,8.490566,712.553545,4.068274,-8.488561,-0.097635
2112.033812,1601.000000,4.055301,8.587395,712.542040,4.063278,-8.585481,-0.087135
2111.992301,1602.000000,4.051221,8.684238,712.531953,4.058785,-8.682404,-0.078034
2111.973416,1603.000000,4.049375,8.781167,712.529066,4.056848,-8.779353,-0.076025
2111.955860,1604.000000,4.047661,8.878101,712.526600,4.055060,-8.876304,-0.074431
2111.933823,1605.000000,4.045504,8.975016,712.522707,4.052767,-8.973248,-0.071431
2111.921150,1606.000000,4.044273,9.071969,712.521792,4.051531,-9.070204,-0.071365
2111.928509,1607.000000,4.045020,9.169003,712.527251,4.052557,-9.167190,-0.077578
2111.934565,1608.000000,4.045638,9.266033,712.532294,4.053437,-9.264176,-0.083381
2111.916063,1609.000000,4.043831,9.362962,712.529521,4.051542,-9.361125,-0.081484
2111.877651,1610.000000,4.040057,9.459806,712.520411,4.047400,-9.458040,-0.073345
2111.826559,1611.000000,4.035030,9.556594,712.507266,4.041825,-9.554932,-0.061230
2111.770467,1612.000000,4.029510,9.653356,712.492528,4.035686,-9.651812,-0.047546
2111.727997,1613.000000,4.025335,9.750174,712.482125,4.031085,-9.748712,-0.038132
2111.733825,1614.000000,4.025931,9.847202,712.487087,4.031938,-9.845696,-0.043856
2111.805754,1615.000000,4.033056,9.944525,712.513081,4.040255,-9.942803,-0.070299
2111.883223,1616.000000,4.040728,10.041880,712.540838,4.049198,-10.039927,-0.098480
2111.896509,1617.000000,4.042061,10.138952,712.548171,4.050894,-10.136936,-0.106539
2111.842143,1618.000000,4.036711,10.235716,712.533974,4.044949,-10.233813,-0.093388
2111.773362,1619.000000,4.029937,10.332410,712.515189,4.037376,-10.330657,-0.075717
2111.744477,1620.000000,4.027104,10.429285,712.509099,4.034309,-10.427579,-0.070551
2111.747055,1621.000000,4.027379,10.526306,712.513019,4.034795,-10.524565,-0.075248
2111.745772,1622.000000,4.027273,10.623311,712.515709,4.034844,-10.621544,-0.078734
2111.716719,1623.000000,4.024423,10.720183,712.509562,4.031758,-10.718463,-0.073512
2111.653710,1624.000000,4.018220,10.816889,712.492609,4.024838,-10.815305,-0.057645
2111.584499,1625.000000,4.011405,10.913560,712.473682,4.017217,-10.912128,-0.039834
2111.564470,1626.000000,4.009447,11.010469,712.470403,4.015150,-11.009060,-0.037438
2111.609905,1627.000000,4.013955,11.107701,712.487951,4.020474,-11.106146,-0.055561
2111.676834,1628.000000,4.020585,11.205046,712.512338,4.028226,-11.203288,-0.080421
2111.720616,1629.000000,4.024930,11.302281,712.529359,4.033364,-11.300380,-0.098026
2111.720552,1630.000000,4.024944,11.399297,712.532428,4.033551,-11.397368,-0.101884
2111.685753,1631.000000,4.021527,11.496136,712.524442,4.029815,-11.494269,-0.094851
2111.647822,1632.000000,4.017801,11.592956,712.515458,4.025726,-11.591159,-0.086835
2111.674623,1633.000000,4.020469,11.690112,712.527071,4.028947,-11.688217,-0.099111
2111.792352,1634.000000,4.032118,11.787751,712.567620,4.042436,-11.785520,-0.139895
2108.930724,1851.000000,3.754251,32.821707,712.297211,3.760448,-32.820985,-0.054187
2108.838463,1852.000000,3.745173,32.917451,712.270682,3.750227,-32.916943,-0.028875
2108.867674,1853.000000,3.748076,33.014980,712.282786,3.753705,-33.014370,-0.041634
2108.953654,1854.000000,3.756578,33.113352,712.312946,3.763585,-33.112491,-0.072187
2108.972484,1855.000000,3.758458,33.210736,712.321747,3.765892,-33.209800,-0.081691
2108.943553,1856.000000,3.755626,33.307412,712.315355,3.762812,-33.306525,-0.076223
2108.915795,1857.000000,3.752910,33.404103,712.309335,3.759865,-33.403263,-0.071121
2108.896167,1858.000000,3.750996,33.500915,712.305900,3.757835,-33.500100,-0.068566
2108.868371,1859.000000,3.748276,33.597604,712.299865,3.754883,-33.596835,-0.063450
2108.819579,1860.000000,3.743486,33.693975,712.287151,3.749564,-33.693307,-0.051752
2108.762296,1861.000000,3.737859,33.790215,712.271736,3.743287,-33.789669,-0.037392
2108.719961,1862.000000,3.733705,33.886677,712.261074,3.738696,-33.886215,-0.027716
2108.693737,1863.000000,3.731141,33.983381,712.255536,3.735922,-33.982961,-0.023088
2108.678804,1864.000000,3.729690,34.080255,712.253587,3.734421,-34.079848,-0.021998
2108.661377,1865.000000,3.727994,34.177091,712.250843,3.732638,-34.176703,-0.020125
2108.625971,1866.000000,3.724524,34.273651,712.242381,3.728829,-34.273329,-0.012617
2108.577135,1867.000000,3.719731,34.370003,712.229646,3.723505,-34.369782,-0.000898
2108.541323,1868.000000,3.716221,34.466552,712.221053,3.719650,-34.466398,0.006740
2108.539543,1869.000000,3.716068,34.563624,712.223281,3.719632,-34.563449,0.003714
2108.570285,1870.000000,3.719121,34.661200,712.235849,3.723280,-34.660919,-0.009503
2108.614842,1871.000000,3.723537,34.758995,712.252811,3.728487,-34.758572,-0.027049
2108.636416,1872.000000,3.725686,34.856437,712.262463,3.731102,-34.855931,-0.037391
2108.609408,1873.000000,3.723045,34.953123,712.256662,3.728239,-34.952661,-0.032505
2108.554720,1874.000000,3.717674,35.049374,712.242058,3.722255,-35.049029,-0.018943
2108.516343,1875.000000,3.713912,35.145877,712.232639,3.718110,-35.145606,-0.010492
2108.500485,1876.000000,3.712370,35.242732,712.230382,3.716505,-35.242476,-0.009098
2108.486097,1877.000000,3.710973,35.339611,712.228590,3.715065,-35.339366,-0.008163
2108.475189,1878.000000,3.709920,35.436544,712.227904,3.714017,-35.436301,-0.008317
2108.481324,1879.000000,3.710547,35.533747,712.232637,3.714891,-35.533463,-0.013812
2108.499465,1880.000000,3.712358,35.631143,712.241186,3.717118,-35.630786,-0.023067
2108.508476,1881.000000,3.713268,35.728396,712.246831,3.718317,-35.727989,-0.029461
2108.493000,1882.000000,3.711765,35.825258,712.244688,3.716754,-35.824866,-0.028179
2108.462053,1883.000000,3.708735,35.921872,712.237623,3.713446,-35.921535,-0.022047
2108.518301,1884.000000,3.714304,36.019888,712.258287,3.719970,-36.019377,-0.043242
2108.530808,1885.000000,3.715559,36.117203,712.265039,3.721563,-36.116634,-0.050727
2108.461678,1886.000000,3.708764,36.213200,712.245827,3.713950,-36.212785,-0.032623
2108.524275,1887.000000,3.714959,36.311328,712.268507,3.721190,-36.310724,-0.055805
2108.485248,1888.000000,3.711133,36.407810,712.258866,3.716971,-36.407282,-0.047134
2108.448504,1889.000000,3.707532,36.504326,712.249949,3.713010,-36.503868,-0.039177
2108.404638,1890.000000,3.703228,36.600724,712.238767,3.708245,-36.600354,-0.028987
2108.338200,1891.000000,3.696700,36.696749,712.220405,3.700936,-36.696526,-0.011722
2108.274962,1892.000000,3.690487,36.792822,712.203061,3.693988,-36.792738,0.004541
2108.263246,1893.000000,3.689354,36.889739,712.202100,3.692849,-36.889660,0.004658
2108.300315,1894.000000,3.693031,36.987462,712.216651,3.697209,-36.987260,-0.010512
2108.339944,1895.000000,3.696960,37.085232,712.232016,3.701859,-37.084901,-0.026485
2108.348609,1896.000000,3.697837,37.182492,712.237532,3.703017,-37.182113,-0.032752
2108.335676,1897.000000,3.696584,37.279394,712.236179,3.701740,-37.279022,-0.032248
2108.330677,1898.000000,3.696113,37.376428,712.237348,3.701358,-37.376044,-0.034230
2108.324343,1899.000000,3.695511,37.473440,712.238091,3.700825,-37.473047,-0.035793
2108.298062,1900.000000,3.692942,37.570118,712.232489,3.698043,-37.569767,-0.031102
2108.274661,1901.000000,3.690657,37.666843,712.227801,3.695586,-37.666527,-0.027313
2108.264129,1902.000000,3.689641,37.763784,712.227206,3.694580,-37.763470,-0.027556
2108.252413,1903.000000,3.688508,37.860705,712.226232,3.693440,-37.860395,-0.027426
2108.239002,1904.000000,3.687208,37.957597,712.224718,3.692109,-37.957297,-0.026764
2108.241612,1905.000000,3.687487,38.054761,712.228298,3.692584,-38.054428,-0.031123
2108.264309,1906.000000,3.689747,38.152269,712.238265,3.695324,-38.151851,-0.041775
2108.286047,1907.000000,3.691913,38.249764,712.247926,3.697956,-38.249263,-0.052127
2108.291797,1908.000000,3.692502,38.346987,712.252502,3.698785,-38.346446,-0.057466
2108.280553,1909.000000,3.691416,38.443920,712.251671,3.697698,-38.443382,-0.057477
2108.252722,1910.000000,3.688694,38.540567,712.245564,3.694741,-38.540076,-0.052288
2108.205030,1911.000000,3.684014,38.636869,712.233139,3.689544,-38.636477,-0.040873
2108.151339,1912.000000,3.678743,38.733065,712.218805,3.683672,-38.732787,-0.027577
2108.109579,1913.000000,3.674648,38.829464,712.208265,3.679145,-38.829269,-0.018019
2108.082755,1914.000000,3.672026,38.926120,712.202473,3.676301,-38.925970,-0.013141
2108.074682,1915.000000,3.671252,39.023102,712.202644,3.675571,-39.022947,-0.014139
2108.095812,1916.000000,3.673358,39.120594,712.212100,3.678134,-39.120358,-0.024288
2108.121191,1917.000000,3.675882,39.218164,712.222906,3.681175,-39.217836,-0.035768
2108.123738,1918.000000,3.676156,39.315335,712.226450,3.681643,-39.314975,-0.040091
2108.117182,1919.000000,3.675532,39.412348,712.227098,3.681084,-39.411979,-0.041560
2108.129475,1920.000000,3.676766,39.509693,712.233740,3.682650,-39.509267,-0.048935
2108.152509,1921.000000,3.679060,39.607230,712.243796,3.685428,-39.606719,-0.059676
2108.160996,1922.000000,3.679919,39.704513,712.249225,3.686565,-39.703953,-0.065856
2108.156146,1923.000000,3.679463,39.801560,712.250411,3.686198,-39.800987,-0.067854
2108.141122,1924.000000,3.678004,39.898426,712.248360,3.684684,-39.897867,-0.066662
2108.107609,1925.000000,3.674723,39.994961,712.240427,3.681086,-39.994464,-0.059674
2108.069322,1926.000000,3.670970,40.091409,712.230975,3.676950,-40.090986,-0.051188
2108.051901,1927.000000,3.669275,40.188229,712.228157,3.675166,-40.187826,-0.049241
2108.065525,1928.000000,3.670641,40.285607,712.235212,3.676881,-40.285143,-0.057024
2108.091803,1929.000000,3.673254,40.383216,712.246291,3.680024,-40.382657,-0.068772
2108.101503,1930.000000,3.674233,40.480528,712.252096,3.681297,-40.479919,-0.075323
2108.083783,1931.000000,3.672508,40.577344,712.249179,3.679479,-40.576756,-0.073278
2108.050731,1932.000000,3.669272,40.673882,712.241384,3.675933,-40.673354,-0.066425
2108.013948,1933.000000,3.665668,40.770350,712.232401,3.671966,-40.769892,-0.058402
2107.984555,1934.000000,3.662793,40.866950,712.225768,3.668832,-40.866543,-0.052694
2107.974865,1935.000000,3.661860,40.963909,712.225400,3.667919,-40.963502,-0.053161
2107.976539,1936.000000,3.662048,41.061077,712.228644,3.668287,-41.060640,-0.057188
2107.965928,1937.000000,3.661024,41.158020,712.227981,3.667270,-41.157585,-0.057364
2107.942091,1938.000000,3.658697,41.254719,712.223110,3.664763,-41.254321,-0.053393
2107.932773,1939.000000,3.657801,41.351685,712.222855,3.663892,-41.351286,-0.053971
2107.953625,1940.000000,3.659879,41.449210,712.232194,3.666422,-41.448731,-0.064005
2107.987181,1941.000000,3.663210,41.546974,712.245573,3.670384,-41.546382,-0.078020
2108.002330,1942.000000,3.664726,41.644399,712.253097,3.672271,-41.643742,-0.086265
2107.968188,1943.000000,3.661382,41.740907,712.244942,3.668601,-41.740314,-0.079057
2107.900338,1944.000000,3.654716,41.836783,712.226065,3.661131,-41.836341,-0.061282
2107.846327,1945.000000,3.649414,41.932913,712.211589,3.655222,-41.932587,-0.047845
2107.858902,1946.000000,3.650676,42.030290,712.218288,3.656818,-42.029905,-0.055277
2107.925467,1947.000000,3.657261,42.128685,712.242158,3.664502,-42.128102,-0.079632
2107.943211,1948.000000,3.659033,42.226165,712.250500,3.666681,-42.225511,-0.088682
2107.913477,1949.000000,3.656124,42.322751,712.243739,3.663508,-42.322149,-0.082849
2107.876924,1950.000000,3.652543,42.419205,712.234809,3.659566,-42.418673,-0.074877
2107.854027,1951.000000,3.650309,42.515917,712.230221,3.657164,-42.515419,-0.071184
2107.844061,1952.000000,3.649349,42.612874,712.229744,3.656219,-42.612376,-0.071544
2107.839214,1953.000000,3.648894,42.709929,712.230895,3.655851,-42.709418,-0.073507
2107.843661,1954.000000,3.649355,42.807161,712.235000,3.656532,-42.806614,-0.078382
2107.841674,1955.000000,3.649182,42.904272,712.237057,3.656486,-42.903705,-0.081239
2107.801544,1956.000000,3.645248,43.000651,712.226982,3.652141,-43.000163,-0.072138
2107.744146,1957.000000,3.639613,43.096695,712.211414,3.645849,-43.096331,-0.057624
2107.713041,1958.000000,3.636569,43.193242,712.204207,3.642521,-43.192934,-0.051350
2107.713185,1959.000000,3.636606,43.290392,712.206937,3.642716,-43.290058,-0.054870
2107.711877,1960.000000,3.636500,43.387514,712.209205,3.642747,-43.387159,-0.057934
2107.683210,1961.000000,3.633697,43.484106,712.202769,3.639694,-43.483800,-0.052421
2107.650782,1962.000000,3.630523,43.580623,712.195137,3.636217,-43.580376,-0.045728
2107.634261,1963.000000,3.628917,43.677448,712.192562,3.634533,-43.677219,-0.044019
2107.623188,1964.000000,3.627848,43.774380,712.191719,3.633463,-43.774155,-0.044017
2107.612261,1965.000000,3.626794,43.871314,712.190921,3.632410,-43.871092,-0.044060
2107.613818,1966.000000,3.626970,43.968494,712.194092,3.632763,-43.968243,-0.048014
2107.633269,1967.000000,3.628910,44.066027,712.202953,3.635134,-44.065700,-0.057576
2107.652232,1968.000000,3.630802,44.163552,712.211657,3.637449,-44.163151,-0.066984
2107.639389,1969.000000,3.629559,44.260452,712.210245,3.636180,-44.260059,-0.066421
2107.589801,1970.000000,3.624694,44.356623,712.197145,3.630768,-44.356334,-0.054339
2107.509251,1971.000000,3.616777,44.452176,712.174198,3.621867,-44.452072,-0.032552
2107.531196,1972.000000,3.618963,44.549763,712.183845,3.624518,-44.549576,-0.042889
2107.512670,1973.000000,3.617160,44.646545,712.180621,3.622608,-44.646382,-0.040540
2107.504171,1974.000000,3.616345,44.743527,712.180584,3.621828,-44.743361,-0.041333
2107.494391,1975.000000,3.615404,44.840484,712.180139,3.620903,-44.840318,-0.041723
2107.471864,1976.000000,3.613206,44.937185,712.175638,3.618542,-44.937052,-0.038116
2107.429193,1977.000000,3.609023,45.033479,712.164731,3.613910,-45.033433,-0.028195
2107.387381,1978.000000,3.604925,45.129789,712.154096,3.609375,-45.129826,-0.018542
2107.375586,1979.000000,3.603785,45.226701,712.153005,3.608223,-45.226744,-0.018295
2107.397315,1980.000000,3.605950,45.324293,712.162573,3.610849,-45.324254,-0.028554
2107.422307,1981.000000,3.608436,45.421953,712.173178,3.613844,-45.421825,-0.039836
2107.433705,1982.000000,3.609582,45.519341,712.179459,3.615306,-45.519157,-0.046855
2107.408494,1983.000000,3.607120,45.615984,712.174097,3.612642,-45.615841,-0.042399
2107.341744,1984.000000,3.600564,45.711777,712.155524,3.605296,-45.711784,-0.024922
2107.282035,1985.000000,3.594703,45.807710,712.139189,3.598744,-45.807847,-0.009651
2107.256581,1986.000000,3.592217,45.904341,712.133746,3.596052,-45.904519,-0.005115
2107.274145,1987.000000,3.593971,46.001855,712.141981,3.598209,-46.001962,-0.014060
2107.308854,1988.000000,3.597414,46.099724,712.155667,3.602298,-46.099716,-0.028378
2107.329577,1989.000000,3.599479,46.197309,712.164905,3.604810,-46.197222,-0.038311
2107.343511,1990.000000,3.600876,46.294756,712.171983,3.606558,-46.294608,-0.046116
2107.382863,1991.000000,3.604777,46.392732,712.187143,3.611170,-46.392457,-0.061887
2107.435167,1992.000000,3.609956,46.490981,712.206422,3.617242,-46.490545,-0.081718
2107.451480,1993.000000,3.611586,46.588487,712.214253,3.619258,-46.587983,-0.090265
2107.413816,1994.000000,3.607897,46.684869,712.204916,3.615189,-46.684438,-0.081891
2107.354062,1995.000000,3.602030,46.780787,712.188553,3.608631,-46.780487,-0.066592
2107.317345,1996.000000,3.598435,46.877184,712.179515,3.604670,-46.876955,-0.058513
2107.307014,1997.000000,3.597439,46.974132,712.178868,3.603682,-46.973905,-0.058703
2107.300868,1998.000000,3.596857,47.071168,712.179550,3.603166,-47.070932,-0.060204
2107.287828,1999.000000,3.595595,47.168059,712.178039,3.601873,-47.167832,-0.059543
2107.259230,2000.000000,3.592799,47.264621,712.171579,3.598826,-47.264444,-0.054005
2107.208347,2001.000000,3.587807,47.360710,712.158030,3.593268,-47.360641,-0.041479
2107.140849,2002.000000,3.581178,47.456444,712.139198,3.585838,-47.456525,-0.023746
2107.071327,2003.000000,3.574350,47.552129,712.119721,3.578180,-47.552367,-0.005378
2107.028841,2004.000000,3.570187,47.648386,712.108841,3.573568,-47.648709,0.004518
2107.032578,2005.000000,3.570578,47.745625,712.112657,3.574166,-47.745914,-0.000072
2107.065680,2006.000000,3.573863,47.843493,712.125810,3.578072,-47.843671,-0.013864
2107.095030,2007.000000,3.576778,47.941284,712.137768,3.581556,-47.941361,-0.026479
2107.100142,2008.000000,3.577305,48.038559,712.142019,3.582308,-48.038598,-0.031497
2107.092214,2009.000000,3.576547,48.135555,712.142121,3.581591,-48.135590,-0.032426
2107.096328,2010.000000,3.576975,48.232811,712.146051,3.582230,-48.232810,-0.037128
2107.117172,2011.000000,3.579052,48.330429,712.155301,3.584755,-48.330349,-0.047073
2107.131759,2012.000000,3.580513,48.427914,712.162560,3.586575,-48.427772,-0.055056
2107.128945,2013.000000,3.580259,48.525024,712.164284,3.586434,-48.524865,-0.057584
2107.117873,2014.000000,3.579191,48.621956,712.163380,3.585362,-48.621800,-0.057522
2107.110163,2015.000000,3.578454,48.718961,712.163544,3.584669,-48.718801,-0.058512
2107.095012,2016.000000,3.576984,48.815804,712.161341,3.583137,-48.815658,-0.057168
2107.070186,2017.000000,3.574561,48.912435,712.156060,3.580515,-48.912329,-0.052791
2107.054578,2018.000000,3.573046,49.009266,712.153709,3.578932,-49.009177,-0.051302
2107.053887,2019.000000,3.573001,49.106424,712.156101,3.579030,-49.106312,-0.054488
2107.058400,2020.000000,3.573469,49.203698,712.160146,3.579714,-49.203549,-0.059304
2107.059185,2021.000000,3.573569,49.300891,712.163005,3.579978,-49.300716,-0.062950
2107.059160,2022.000000,3.573590,49.398067,712.165605,3.580151,-49.397867,-0.066340
2107.074386,2023.000000,3.575114,49.495581,712.173054,3.582042,-49.495317,-0.074511
2107.094481,2024.000000,3.577117,49.593205,712.182050,3.584482,-49.592864,-0.084207
2107.073044,2025.000000,3.575028,49.689910,712.177837,3.582242,-49.689600,-0.080882
2107.008198,2026.000000,3.568661,49.785648,712.159817,3.575109,-49.785483,-0.063948
2106.936589,2027.000000,3.561627,49.881231,712.139646,3.567215,-49.881228,-0.044895
2106.894181,2028.000000,3.557472,49.977461,712.128761,3.562611,-49.977543,-0.034994
2106.887259,2029.000000,3.556813,50.074482,712.129158,3.562006,-50.074558,-0.036214
2106.890067,2030.000000,3.557113,50.171721,712.132649,3.562498,-50.171765,-0.040483
2106.890763,2031.000000,3.557204,50.268914,712.135467,3.562751,-50.268932,-0.044088
2106.896694,2032.000000,3.557812,50.366226,712.139949,3.563595,-50.366204,-0.049334
2106.905305,2033.000000,3.558684,50.463600,712.145282,3.564740,-50.463531,-0.055418
2106.902602,2034.000000,3.558441,50.560720,712.147016,3.564611,-50.560633,-0.057955
2106.885573,2035.000000,3.556786,50.657516,712.144192,3.562866,-50.657449,-0.056000
2106.870335,2036.000000,3.555308,50.754352,712.141937,3.561324,-50.754300,-0.054606
2106.869908,2037.000000,3.555289,50.851524,712.144391,3.561451,-50.851449,-0.057852
2106.879252,2038.000000,3.556233,50.948920,712.149951,3.562679,-50.948796,-0.064161
2106.902200,2039.000000,3.558518,51.046628,712.159836,3.565439,-51.046420,-0.074732
2106.929548,2040.000000,3.561236,51.144439,712.171121,3.568696,-51.144135,-0.086683
2106.928466,2041.000000,3.561153,51.241602,712.173361,3.568749,-51.241277,-0.089719
2106.892216,2042.000000,3.557604,51.337960,712.164416,3.564838,-51.337705,-0.081730
2106.850892,2043.000000,3.553555,51.434199,712.153857,3.560356,-51.434027,-0.072150
2106.823308,2044.000000,3.550860,51.530751,712.147665,3.557422,-51.530627,-0.066875
2106.815649,2045.000000,3.550129,51.627762,712.147810,3.556734,-51.627633,-0.067845
2106.824156,2046.000000,3.550991,51.725146,712.153094,3.557867,-51.724971,-0.073881
2106.823908,2047.000000,3.550990,51.822330,712.155593,3.558013,-51.822131,-0.077172
2106.787417,2048.000000,3.547417,51.918674,712.146564,3.554075,-51.918545,-0.069101
2106.728400,2049.000000,3.541625,52.014492,712.130371,3.547600,-52.014492,-0.053967
2106.677662,2050.000000,3.536650,52.110498,712.116810,3.542057,-52.110607,-0.041428
2106.654160,2051.000000,3.534357,52.207136,712.111909,3.539583,-52.207282,-0.037425
2106.655596,2052.000000,3.534522,52.304356,712.114937,3.539919,-52.304474,-0.041237
2106.670495,2053.000000,3.536014,52.401893,712.122245,3.541771,-52.401947,-0.049268
2106.680904,2054.000000,3.537063,52.499326,712.128124,3.543118,-52.499329,-0.055891
2106.661276,2055.000000,3.535152,52.596055,712.124450,3.541081,-52.596085,-0.053097
2106.609225,2056.000000,3.530047,52.692020,712.110464,3.535390,-52.692161,-0.040139
2106.570895,2057.000000,3.526294,52.788305,712.100841,3.531245,-52.788521,-0.031481
2106.571720,2058.000000,3.526399,52.885513,712.103667,3.531512,-52.885703,-0.035094
2106.573392,2059.000000,3.526587,52.982741,712.106762,3.531874,-52.982903,-0.038972
2106.547612,2060.000000,3.524070,53.079320,712.101125,3.529143,-53.079525,-0.034244
2106.517502,2061.000000,3.521127,53.175795,712.094111,3.525924,-53.176054,-0.028158
2106.522781,2062.000000,3.521671,53.273110,712.098349,3.526692,-53.273331,-0.033163
2106.568175,2063.000000,3.526167,53.371383,712.115342,3.531981,-53.371462,-0.050741
2106.614984,2064.000000,3.530802,53.469695,712.132785,3.537428,-53.469627,-0.068762
2106.632963,2065.000000,3.532597,53.567322,712.141059,3.539628,-53.567183,-0.077745
2106.655574,2066.000000,3.534848,53.665062,712.150805,3.542349,-53.664841,-0.088179
2106.166467,2067.000000,3.486689,53.750517,711.997836,3.487420,-53.751544,0.061777
2105.132554,2141.000000,3.386629,60.916145,711.854690,3.383677,-60.918104,0.141705
2105.220773,2142.000000,3.395337,61.015751,711.885191,3.393779,-61.017457,0.110811
2105.347798,2143.000000,3.407866,61.116426,711.928029,3.408250,-61.117778,0.067756
2105.573617,2144.000000,3.430125,61.219815,712.002282,3.433850,-61.220556,-0.006269
2105.652193,2145.000000,3.437887,61.319192,712.029725,3.442869,-61.319705,-0.034149
2105.708613,2146.000000,3.443468,61.417969,712.050125,3.449394,-61.418311,-0.055085
2105.744764,2147.000000,3.447053,61.516194,712.064078,3.453635,-61.516419,-0.069666
2105.749185,2148.000000,3.447512,61.613550,712.067940,3.454303,-61.613741,-0.074300
2105.727237,2149.000000,3.445375,61.710181,712.063415,3.452000,-61.710405,-0.070665
2105.721442,2150.000000,3.444828,61.807256,712.064025,3.451517,-61.807472,-0.072093
2105.743530,2151.000000,3.447027,61.905103,712.073502,3.454175,-61.905238,-0.082262
2105.761914,2152.000000,3.448862,62.002850,712.081800,3.456415,-62.002914,-0.091268
2105.743316,2153.000000,3.447055,62.099574,712.078335,3.454490,-62.099663,-0.088679
2105.692242,2154.000000,3.442049,62.195394,712.064542,3.448906,-62.195593,-0.075907
2105.649636,2155.000000,3.437876,62.291447,712.053440,3.444276,-62.291733,-0.065789
2105.626014,2156.000000,3.435574,62.388026,712.048375,3.441785,-62.388350,-0.061621
2105.606146,2157.000000,3.433642,62.484708,712.044501,3.439716,-62.485061,-0.058629
2105.611699,2158.000000,3.434213,62.582101,712.048711,3.440511,-62.582416,-0.063606
2105.648377,2159.000000,3.437849,62.680367,712.062818,3.444812,-62.680563,-0.078338
2105.673451,2160.000000,3.440343,62.778311,712.073234,3.447805,-62.778419,-0.089433
2105.656296,2161.000000,3.438678,62.875072,712.070219,3.446042,-62.875202,-0.087286
2105.616170,2162.000000,3.434750,62.971186,712.059897,3.441691,-62.971397,-0.077937
2105.586212,2163.000000,3.431824,63.067585,712.052808,3.438486,-63.067850,-0.071775
2105.572080,2164.000000,3.430456,63.164428,712.050751,3.437063,-63.164707,-0.070572
2105.563881,2165.000000,3.429673,63.261438,712.050579,3.436308,-63.261715,-0.071229
2105.564877,2166.000000,3.429795,63.358709,712.053330,3.436589,-63.358961,-0.074767
2105.575095,2167.000000,3.430826,63.456243,712.059013,3.437909,-63.456444,-0.081195
2105.575528,2168.000000,3.430893,63.553500,712.061582,3.438127,-63.553677,-0.084555
2105.565797,2169.000000,3.429959,63.650469,712.060919,3.437199,-63.650649,-0.084726
2105.567401,2170.000000,3.430141,63.747762,712.063859,3.437549,-63.747914,-0.088450
2105.585631,2171.000000,3.431961,63.845529,712.072085,3.439771,-63.845611,-0.097386
2105.600273,2172.000000,3.433427,63.943197,712.079169,3.441589,-63.943217,-0.105196
2105.566735,2173.000000,3.430148,64.039488,712.070929,3.437979,-64.039572,-0.097898
2105.483039,2174.000000,3.421930,64.134339,712.046737,3.428721,-64.134619,-0.074875
2105.506279,2175.000000,3.424243,64.232254,712.056551,3.431507,-64.232449,-0.085376
2105.453442,2176.000000,3.419064,64.327984,712.042170,3.425724,-64.328295,-0.072025
2105.515852,2177.000000,3.425234,64.427029,712.064440,3.432922,-64.427154,-0.094804
2105.566572,2178.000000,3.430254,64.525743,712.082991,3.438803,-64.525712,-0.113919
2105.568269,2179.000000,3.430446,64.623046,712.085950,3.439163,-64.622989,-0.117662
2105.541926,2180.000000,3.427876,64.719540,712.079990,3.436364,-64.719528,-0.112612
2105.511910,2181.000000,3.424944,64.815926,712.072860,3.433151,-64.815969,-0.106409
2105.487241,2182.000000,3.422539,64.912466,712.067430,3.430541,-64.912550,-0.101881
2105.463547,2183.000000,3.420229,65.009032,712.062308,3.428040,-65.009155,-0.097658
2105.501848,2184.000000,3.424026,65.107401,712.076903,3.432522,-65.107401,-0.112872
2105.438274,2185.000000,3.417789,65.202806,712.059096,3.425529,-65.202949,-0.096143
2105.392279,2186.000000,3.413284,65.298720,712.046879,3.420517,-65.298959,-0.084924
2105.387835,2187.000000,3.412871,65.395844,712.047875,3.420184,-65.396072,-0.086732
2105.414194,2188.000000,3.415491,65.493870,712.058666,3.423321,-65.494007,-0.098196
2105.442181,2189.000000,3.418272,65.591948,712.069974,3.426641,-65.591988,-0.110170
2105.450298,2190.000000,3.419096,65.689445,712.074962,3.427723,-65.689441,-0.115912
2105.422350,2191.000000,3.416368,65.785884,712.068478,3.424743,-65.785930,-0.110346
2105.356447,2192.000000,3.409902,65.881204,712.049922,3.417488,-65.881399,-0.092878
2105.297088,2193.000000,3.404081,65.976712,712.033447,3.410970,-65.977039,-0.077461
2105.259886,2194.000000,3.400442,66.072870,712.024017,3.406948,-66.073271,-0.068991
2105.240973,2195.000000,3.398604,66.169567,712.020402,3.404985,-66.169994,-0.066252
2105.233192,2196.000000,3.397863,66.266592,712.020326,3.404277,-66.267016,-0.067003
2105.229793,2197.000000,3.397552,66.363748,712.021643,3.404061,-66.364158,-0.069126
2105.232665,2198.000000,3.397860,66.461090,712.024952,3.404552,-66.461470,-0.073214
2105.250186,2199.000000,3.399609,66.558869,712.032919,3.406693,-66.559181,-0.081894
2105.271623,2200.000000,3.401745,66.656768,712.042130,3.409274,-66.657000,-0.091801
2105.276855,2201.000000,3.402285,66.754185,712.046187,3.410031,-66.754382,-0.096626
2105.257001,2202.000000,3.400354,66.850855,712.042264,3.407962,-66.851080,-0.093584
2105.222423,2203.000000,3.396974,66.947084,712.033658,3.404235,-66.947376,-0.085925
2105.192697,2204.000000,3.394071,67.043455,712.026594,3.401054,-67.043802,-0.079786
2105.172707,2205.000000,3.392127,67.140117,712.022624,3.398970,-67.140493,-0.076698
2105.169396,2206.000000,3.391826,67.237280,712.023958,3.398764,-67.237642,-0.078838
2105.190980,2207.000000,3.393976,67.335192,712.033208,3.401362,-67.335475,-0.088782
2105.200247,2208.000000,3.394913,67.432735,712.038539,3.402573,-67.432971,-0.094864
2105.156406,2209.000000,3.390620,67.528678,712.026980,3.397802,-67.529006,-0.084293
2105.084796,2210.000000,3.383594,67.623779,712.006589,3.389904,-67.624270,-0.065015
2105.035635,2211.000000,3.378778,67.719554,711.993336,3.384535,-67.720150,-0.052775
2105.022892,2212.000000,3.377548,67.816429,711.991663,3.383267,-67.817036,-0.051951
2105.014689,2213.000000,3.376764,67.913442,711.991432,3.382510,-67.914047,-0.052549
2105.001465,2214.000000,3.375487,68.010302,711.989604,3.381187,-68.010919,-0.051572
2104.994871,2215.000000,3.374862,68.107364,711.989883,3.380611,-68.107975,-0.052672
2105.007569,2216.000000,3.376137,68.205014,711.996295,3.382207,-68.205570,-0.059819
2105.030917,2217.000000,3.378461,68.302991,712.006094,3.385003,-68.303463,-0.070305
2105.041866,2218.000000,3.379563,68.400592,712.011948,3.386403,-68.401013,-0.076901
2105.036606,2219.000000,3.379070,68.497699,712.012646,3.385977,-68.498111,-0.078415
2105.022025,2220.000000,3.377659,68.594520,712.010379,3.384501,-68.594948,-0.077005
2105.014781,2221.000000,3.376970,68.691566,712.010445,3.383852,-68.691990,-0.077895
2105.041233,2222.000000,3.379600,68.789649,712.021224,3.386997,-68.789981,-0.089347
2105.092144,2223.000000,3.384637,68.888487,712.039782,3.392897,-68.888665,-0.108469
2105.109673,2224.000000,3.386388,68.986302,712.047723,3.395037,-68.986411,-0.117123
2105.069701,2225.000000,3.382477,69.082344,712.037374,3.390702,-69.082535,-0.107745
2105.025772,2226.000000,3.378176,69.178262,712.025766,3.385920,-69.178544,-0.097126
2105.002891,2227.000000,3.375948,69.274828,712.020851,3.383510,-69.275147,-0.093105
2104.984515,2228.000000,3.374163,69.371532,712.017368,3.381606,-69.371877,-0.090496
2104.964610,2229.000000,3.372228,69.468189,712.013397,3.379531,-69.468562,-0.087406
2104.966927,2230.000000,3.372481,69.565535,712.016492,3.379958,-69.565880,-0.091282
2104.994898,2231.000000,3.375260,69.663681,712.027744,3.383273,-69.663931,-0.103201
2104.982283,2232.000000,3.374042,69.760565,712.026088,3.382019,-69.760825,-0.102394
2104.902839,2233.000000,3.366245,69.855363,712.003178,3.373238,-69.855807,-0.080631
2104.788375,2234.000000,3.355000,69.949060,711.969131,3.360515,-69.949780,-0.047889
2104.699751,2235.000000,3.346300,70.043558,711.943302,3.350702,-70.044486,-0.023249
2104.707270,2236.000000,3.347065,70.141061,711.948043,3.351714,-70.141947,-0.028748
2104.801913,2237.000000,3.356407,70.241301,711.980488,3.362536,-70.241918,-0.061561
2104.899018,2238.000000,3.365993,70.341627,712.013717,3.373636,-70.341969,-0.095147
2104.941126,2239.000000,3.370163,70.440232,712.029457,3.378544,-70.440442,-0.111490
2104.931251,2240.000000,3.369216,70.537203,712.028663,3.377597,-70.537416,-0.111532
2104.903883,2241.000000,3.366546,70.633622,712.022304,3.374681,-70.633884,-0.106087
2104.893012,2242.000000,3.365501,70.730561,712.021190,3.373622,-70.730828,-0.105814
2104.913556,2243.000000,3.367548,70.828494,712.030067,3.376101,-70.828686,-0.115391
2104.950495,2244.000000,3.371210,70.926949,712.044158,3.380426,-70.927022,-0.130108
2104.952805,2245.000000,3.371463,71.024310,712.047233,3.380852,-71.024354,-0.133965
2104.908962,2246.000000,3.367171,71.120204,712.035628,3.376079,-71.120341,-0.123348
2104.850714,2247.000000,3.361460,71.215638,712.019440,3.369685,-71.215903,-0.108213
2104.807832,2248.000000,3.357263,71.311556,712.008139,3.365021,-71.311911,-0.097896
2104.788119,2249.000000,3.355347,71.408212,712.004205,3.362966,-71.408596,-0.094842
2104.788433,2250.000000,3.355403,71.505506,712.006640,3.363167,-71.505867,-0.098067
2104.811418,2251.000000,3.357691,71.603527,712.016283,3.365920,-71.603806,-0.108399
2104.839628,2252.000000,3.360493,71.701718,712.027587,3.369262,-71.701901,-0.120369
2104.819710,2253.000000,3.358557,71.798369,712.023584,3.367184,-71.798581,-0.117247
2104.733491,2254.000000,3.350093,71.892888,711.998492,3.357639,-71.893302,-0.093333
2104.636403,2255.000000,3.340560,71.987051,711.969945,3.346872,-71.987696,-0.066012
2104.588189,2256.000000,3.335838,72.082781,711.956940,3.341608,-72.083530,-0.054014
2104.609745,2257.000000,3.337985,72.180759,711.966120,3.344200,-72.181428,-0.063890
2104.659340,2258.000000,3.342893,72.279644,711.984217,3.349949,-72.280163,-0.082557
2104.691608,2259.000000,3.346094,72.377975,711.996802,3.353747,-72.378387,-0.095790
2104.701760,2260.000000,3.347119,72.475593,712.002354,3.355054,-72.475956,-0.102088
2104.694142,2261.000000,3.346394,72.572636,712.002252,3.354361,-72.572997,-0.102813
2104.669406,2262.000000,3.343983,72.669124,711.996706,3.351740,-72.669527,-0.098169
2104.634901,2263.000000,3.340611,72.765293,711.988051,3.348019,-72.765763,-0.090460
2104.599099,2264.000000,3.337112,72.861417,711.978983,3.344152,-72.861959,-0.082344
2104.565276,2265.000000,3.333807,72.957604,711.970543,3.340508,-72.958212,-0.074847
2104.540125,2266.000000,3.331356,73.054072,711.964860,3.337841,-73.054723,-0.070069
2104.532533,2267.000000,3.330634,73.151113,711.964760,3.337150,-73.151761,-0.070794
2104.540956,2268.000000,3.331488,73.248678,711.969751,3.338263,-73.249282,-0.076540
2104.556504,2269.000000,3.333044,73.346478,711.977008,3.340178,-73.347019,-0.084519
2104.550962,2270.000000,3.332523,73.443588,711.977556,3.339718,-73.444122,-0.085884
2104.526591,2271.000000,3.330149,73.540080,711.972115,3.337138,-73.540655,-0.081344
2104.505309,2272.000000,3.328079,73.636672,711.967655,3.334905,-73.637281,-0.077771
2104.486773,2273.000000,3.326279,73.733354,711.964067,3.332982,-73.733989,-0.075058
2104.461719,2274.000000,3.323838,73.829820,711.958405,3.330325,-73.830498,-0.070300
2104.490937,2275.000000,3.326739,73.928078,711.970002,3.333779,-73.928657,-0.082558
2104.424777,2276.000000,3.320251,74.023184,711.951265,3.326494,-74.023914,-0.064909
2104.384235,2277.000000,3.316286,74.119134,711.940675,3.322093,-74.119947,-0.055292
2104.407578,2278.000000,3.318608,74.217200,711.950399,3.324885,-74.217930,-0.065704
2104.481157,2279.000000,3.325877,74.316937,711.976098,3.333333,-74.317453,-0.091867
2104.458554,2280.000000,3.323677,74.413483,711.971209,3.330951,-74.414036,-0.087870
2104.483979,2281.000000,3.326205,74.511627,711.981592,3.333978,-74.512092,-0.098932
2104.318398,2282.000000,3.309930,74.603406,711.931231,3.315499,-74.604281,-0.050102
2104.167447,2283.000000,3.295098,74.695661,711.885528,3.298669,-74.696906,-0.005865
2102.149448,2500.000000,3.102160,95.740991,711.714039,3.105959,-95.742935,-0.015265
2102.192452,2501.000000,3.106416,95.840219,711.729754,3.110950,-95.842031,-0.031585
2102.256190,2502.000000,3.112711,95.940341,711.752063,3.118274,-95.941967,-0.054408
2102.300798,2503.000000,3.117125,96.039648,711.768288,3.123447,-96.041137,-0.071230
2102.332429,2504.000000,3.120263,96.138402,711.780385,3.127159,-96.139789,-0.083982
2102.362615,2505.000000,3.123258,96.237097,711.792022,3.130709,-96.238386,-0.096279
2102.372387,2506.000000,3.124246,96.334917,711.797165,3.131962,-96.336161,-0.102173
2102.357682,2507.000000,3.122827,96.431684,711.794522,3.130461,-96.432945,-0.100387
2102.354143,2508.000000,3.122505,96.528931,711.795429,3.130216,-96.530183,-0.102103
2102.359271,2509.000000,3.123036,96.626554,711.799092,3.130946,-96.627772,-0.106536
2102.337395,2510.000000,3.120911,96.723010,711.794164,3.128638,-96.724265,-0.102497
2102.266156,2511.000000,3.113931,96.817329,711.773535,3.120776,-96.818750,-0.082973
2102.178157,2512.000000,3.105303,96.910917,711.747575,3.111028,-96.912547,-0.058192
2102.130061,2513.000000,3.100599,97.006228,711.734306,3.105770,-97.007963,-0.045926
2102.125709,2514.000000,3.100198,97.103434,711.734947,3.105434,-97.105161,-0.047380
2102.137150,2515.000000,3.101350,97.201327,711.740610,3.106874,-97.203005,-0.053785
2102.146918,2516.000000,3.102337,97.299150,711.745739,3.108126,-97.300782,-0.059665
2102.160884,2517.000000,3.103737,97.397156,711.752203,3.109850,-97.398732,-0.066861
2102.200249,2518.000000,3.107636,97.496272,711.766744,3.114431,-97.497726,-0.082023
2102.249077,2519.000000,3.112465,97.595805,711.784294,3.120078,-97.597112,-0.100152
2102.244522,2520.000000,3.112043,97.693012,711.784864,3.119718,-97.694311,-0.101536
2102.183285,2521.000000,3.106047,97.787741,711.767405,3.112981,-97.789180,-0.085137
2102.145748,2522.000000,3.102382,97.883503,711.757482,3.108911,-97.885019,-0.076172
2102.151867,2523.000000,3.103011,97.981174,711.761444,3.109752,-97.982655,-0.080900
2102.174013,2524.000000,3.105216,98.079550,711.770502,3.112396,-98.080953,-0.090654
2102.186154,2525.000000,3.106436,98.177489,711.776376,3.113914,-98.178841,-0.097269
2102.185717,2526.000000,3.106420,98.274878,711.778249,3.114018,-98.276211,-0.099937
2102.197899,2527.000000,3.107645,98.372822,711.784135,3.115541,-98.374104,-0.106562
2102.234170,2528.000000,3.111240,98.471829,711.797682,3.119775,-98.472997,-0.120744
2102.261797,2529.000000,3.113984,98.570459,711.808479,3.123036,-98.571535,-0.132213
2102.246764,2530.000000,3.112532,98.667210,711.805705,3.121497,-98.668305,-0.130298
2102.210370,2531.000000,3.108979,98.763017,711.796135,3.117554,-98.764188,-0.121680
2102.192131,2532.000000,3.107212,98.859625,711.792338,3.115654,-98.860823,-0.118756
2102.190297,2533.000000,3.107059,98.956958,711.793759,3.115600,-98.958141,-0.120978
2102.159152,2534.000000,3.104022,99.052993,711.785855,3.112248,-99.054238,-0.114004
2102.088825,2535.000000,3.097132,99.147289,711.765487,3.104487,-99.148698,-0.094737
2102.010525,2536.000000,3.089458,99.241227,711.742584,3.095830,-99.242820,-0.072969
2101.962115,2537.000000,3.084724,99.336486,711.729186,3.090536,-99.338186,-0.060576
2101.966570,2538.000000,3.085189,99.434092,711.732601,3.091189,-99.435760,-0.064764
2102.020765,2539.000000,3.090546,99.533912,711.751835,3.097438,-99.535420,-0.084555
2102.105167,2540.000000,3.098874,99.635084,711.780677,3.107086,-99.636352,-0.113821
2102.170671,2541.000000,3.105344,99.735421,711.803509,3.114608,-99.736499,-0.137160
2102.166837,2542.000000,3.104993,99.832670,711.804283,3.114329,-99.833738,-0.138744
2102.093277,2543.000000,3.097785,99.926804,711.782876,3.106204,-99.928044,-0.118452
2101.989793,2544.000000,3.087634,100.019595,711.751952,3.094713,-100.021085,-0.088773
2101.897986,2545.000000,3.078633,100.112901,711.724742,3.084536,-100.114610,-0.062757
2101.854403,2546.000000,3.074374,100.208360,711.712870,3.079785,-100.210163,-0.051868
2101.873587,2547.000000,3.076287,100.306630,711.720958,3.082094,-100.308364,-0.060667
2101.917203,2548.000000,3.080603,100.406000,711.736817,3.087153,-100.407601,-0.077128
2101.928582,2549.000000,3.081749,100.503926,711.742422,3.088584,-100.505478,-0.083476
2101.904421,2550.000000,3.079400,100.600255,711.736722,3.086018,-100.601851,-0.078675
2101.879274,2551.000000,3.076954,100.696539,711.730706,3.083340,-100.698180,-0.073562
2101.871730,2552.000000,3.076239,100.793614,711.730289,3.082643,-100.795256,-0.073971
2101.865938,2553.000000,3.075697,100.890769,711.730428,3.082142,-100.892406,-0.074929
2101.853564,2554.000000,3.074507,100.987627,711.728472,3.080902,-100.989277,-0.073820
2101.853902,2555.000000,3.074567,101.085059,711.730558,3.081091,-101.086688,-0.076698
2101.877632,2556.000000,3.076927,101.183550,711.740083,3.083912,-101.185098,-0.086913
2101.913508,2557.000000,3.080483,101.282594,711.753471,3.088099,-101.284029,-0.100937
2101.935515,2558.000000,3.082674,101.381013,711.762446,3.090726,-101.382372,-0.110610
2101.925440,2559.000000,3.081710,101.477979,711.761216,3.089744,-101.479345,-0.110217
2101.900822,2560.000000,3.079316,101.574285,711.755358,3.087125,-101.575695,-0.105260
2101.884966,2561.000000,3.077784,101.670988,711.752287,3.085492,-101.672420,-0.103051
2101.874544,2562.000000,3.076786,101.767938,711.750943,3.084471,-101.769378,-0.102545
2101.861981,2563.000000,3.075577,101.864790,711.748916,3.083208,-101.866243,-0.101367
2101.844281,2564.000000,3.073864,101.961407,711.745255,3.081368,-101.962887,-0.098576
2101.826940,2565.000000,3.072185,102.058040,711.741706,3.079568,-102.059546,-0.095896
2101.807244,2566.000000,3.070276,102.154565,711.737408,3.077503,-102.156103,-0.092477
2101.780335,2567.000000,3.067656,102.250759,711.730814,3.074626,-102.252348,-0.086794
2101.739866,2568.000000,3.063704,102.346331,711.719906,3.070224,-102.348006,-0.076855
2101.682475,2569.000000,3.058088,102.441126,711.703615,3.063919,-102.442931,-0.061608
2101.647509,2570.000000,3.054676,102.536944,711.694455,3.060136,-102.538821,-0.053394
2101.640185,2571.000000,3.053983,102.634029,711.694086,3.059463,-102.635905,-0.053850
2101.641612,2572.000000,3.054151,102.731515,711.696499,3.059774,-102.733369,-0.057050
2101.635710,2573.000000,3.053597,102.828666,711.696580,3.059260,-102.830515,-0.057950
2101.600544,2574.000000,3.050167,102.924470,711.687352,3.055455,-102.926392,-0.049669
2101.573694,2575.000000,3.047554,103.020655,711.680768,3.052585,-103.022627,-0.043995
2101.618596,2576.000000,3.051996,103.120147,711.697004,3.057786,-103.121983,-0.060828
2101.713502,2577.000000,3.061355,103.221950,711.729143,3.068612,-103.223520,-0.093348
2101.795392,2578.000000,3.069435,103.323162,711.757144,3.077975,-103.324499,-0.121786
2101.807416,2579.000000,3.070645,103.421152,711.762921,3.079478,-103.422438,-0.128303
2101.758379,2580.000000,3.065850,103.516317,711.749272,3.074111,-103.517712,-0.115662
2101.716604,2581.000000,3.061769,103.611815,711.737933,3.069562,-103.613299,-0.105298
2101.726383,2582.000000,3.062758,103.709701,711.742992,3.070812,-103.711140,-0.111108
2101.751484,2583.000000,3.065253,103.808299,711.752924,3.073786,-103.809654,-0.121723
2101.751753,2584.000000,3.065307,103.905747,711.754955,3.073966,-103.907082,-0.124547
2101.740956,2585.000000,3.064272,104.002681,711.753465,3.072901,-104.004026,-0.123898
2101.740276,2586.000000,3.064233,104.100086,711.755193,3.072975,-104.101413,-0.126422
2101.760148,2587.000000,3.066214,104.198449,711.763457,3.075361,-104.199705,-0.135393
2101.802056,2588.000000,3.070363,104.297843,711.778730,3.080225,-104.298970,-0.151277
2101.831836,2589.000000,3.073319,104.396674,711.790145,3.083726,-104.397705,-0.163356
2101.833005,2590.000000,3.073462,104.494173,711.792457,3.084007,-104.495182,-0.166456
2101.796541,2591.000000,3.069902,104.589912,711.782794,3.080054,-104.590997,-0.157745
2101.710996,2592.000000,3.061517,104.683351,711.757517,3.070579,-104.684640,-0.133634
2101.603888,2593.000000,3.051011,104.775774,711.725381,3.058680,-104.777323,-0.102757
2101.527769,2594.000000,3.043554,104.869642,711.703103,3.050266,-104.871370,-0.081604
2101.554377,2595.000000,3.046197,104.968325,711.713500,3.053409,-104.969964,-0.092678
2101.508750,2596.000000,3.041738,105.063618,711.700919,3.048426,-105.065357,-0.081089
2101.449661,2597.000000,3.035955,105.158275,711.684055,3.041929,-105.160149,-0.065276
2101.422339,2598.000000,3.033296,105.254423,711.677295,3.039005,-105.256349,-0.059428
2101.465241,2599.000000,3.037542,105.353876,711.692869,3.043980,-105.355672,-0.075609
2101.539818,2600.000000,3.044902,105.454828,711.718518,3.052518,-105.456410,-0.101727
2101.507649,2601.000000,3.041766,105.550750,711.710212,3.049048,-105.552396,-0.094354
2101.545088,2602.000000,3.045475,105.649957,711.724046,3.053409,-105.651487,-0.108819
2101.504161,2603.000000,3.041478,105.745463,711.712951,3.048954,-105.747081,-0.098696
2101.496653,2604.000000,3.040767,105.842549,711.712486,3.048259,-105.844167,-0.099057
2101.517789,2605.000000,3.042872,105.940991,711.721131,3.050785,-105.942535,-0.108404
2101.521577,2606.000000,3.043272,106.038613,711.724257,3.051361,-106.040128,-0.112307
2101.500337,2607.000000,3.041211,106.135048,711.719420,3.049120,-106.136600,-0.108356
2101.491359,2608.000000,3.040355,106.232065,711.718483,3.048259,-106.233621,-0.108251
2101.520480,2609.000000,3.043246,106.330893,711.729664,3.051684,-106.332355,-0.120099
2101.494466,2610.000000,3.040716,106.427101,711.723305,3.048906,-106.428611,-0.114646
2101.544829,2611.000000,3.045695,106.526946,711.741241,3.054721,-106.528306,-0.133158
2101.560708,2612.000000,3.047284,106.625151,711.748207,3.056656,-106.626451,-0.140848
2101.545535,2613.000000,3.045820,106.721877,711.745293,3.055098,-106.723197,-0.138794
2101.527094,2614.000000,3.044034,106.818446,711.741339,3.053172,-106.819796,-0.135713
2101.519681,2615.000000,3.043332,106.915542,711.740892,3.052487,-106.916892,-0.136091
2101.510198,2616.000000,3.042427,107.012539,711.739784,3.051568,-107.013894,-0.135819
2101.490907,2617.000000,3.040557,107.109065,711.735556,3.049547,-107.110452,-0.132468
2101.552266,2618.000000,3.046619,107.209458,711.756984,3.056598,-107.210666,-0.154423
2101.486612,2619.000000,3.040190,107.303762,711.738003,3.049361,-107.305122,-0.136521
2101.518307,2620.000000,3.043334,107.402736,711.749992,3.053075,-107.403995,-0.149166
2101.548726,2621.000000,3.046353,107.501653,711.761574,3.056646,-107.502813,-0.161409
2101.540392,2622.000000,3.045561,107.598708,711.760826,3.055856,-107.599872,-0.161490
2101.485278,2623.000000,3.040169,107.693511,711.745193,3.049804,-107.694799,-0.146891
2101.475219,2624.000000,3.039207,107.790481,711.743894,3.048821,-107.791777,-0.146429
2101.411804,2625.000000,3.032999,107.884877,711.725619,3.041835,-107.886319,-0.129223
2101.397850,2626.000000,3.031654,107.981657,711.723078,3.040414,-107.983117,-0.127536
2101.430661,2627.000000,3.034908,108.080696,711.735414,3.044253,-108.082052,-0.140523
2101.454683,2628.000000,3.037298,108.179314,711.744952,3.047103,-108.180588,-0.150751
2101.436794,2629.000000,3.035566,108.275906,711.741156,3.045239,-108.277208,-0.147826
2101.394211,2630.000000,3.031406,108.371300,711.729503,3.040596,-108.372694,-0.137151
2101.358469,2631.000000,3.027919,108.467023,711.720025,3.036724,-108.468491,-0.128622
2101.344196,2632.000000,3.026543,108.563786,711.717376,3.035266,-108.565273,-0.126828
2101.358683,2633.000000,3.027995,108.661946,711.723875,3.037044,-108.663376,-0.134058
2101.393374,2634.000000,3.031434,108.761090,711.736801,3.041094,-108.762412,-0.147627
2101.394723,2635.000000,3.031594,108.858616,711.739119,3.041393,-108.859915,-0.150733
2101.370775,2636.000000,3.029267,108.954909,711.733387,3.038847,-108.956252,-0.145899
2101.360210,2637.000000,3.028256,109.051854,711.731912,3.037806,-109.053206,-0.145263
2101.351638,2638.000000,3.027440,109.148896,711.731069,3.036990,-109.150252,-0.145251
2101.328806,2639.000000,3.025223,109.245242,711.725690,3.034569,-109.246638,-0.140764
2101.294464,2640.000000,3.021874,109.341023,711.716647,3.030853,-109.342490,-0.132664
2101.270784,2641.000000,3.019573,109.437325,711.710995,3.028337,-109.438834,-0.127908
2101.248865,2642.000000,3.017445,109.533711,711.705902,3.026019,-109.535259,-0.123704
2101.212991,2643.000000,3.013946,109.629411,711.696369,3.022131,-109.631035,-0.115120
2101.174393,2644.000000,3.010178,109.724976,711.685969,3.017937,-109.726681,-0.105680
2101.162646,2645.000000,3.009051,109.821857,711.684108,3.016763,-109.823574,-0.104665
2101.185545,2646.000000,3.011330,109.920441,711.693269,3.019486,-109.922080,-0.114519
2101.225007,2647.000000,3.015238,110.019842,711.707697,3.024072,-110.021359,-0.129570
2101.259024,2648.000000,3.018610,110.118979,711.720392,3.028046,-110.120389,-0.142912
2101.277421,2649.000000,3.020447,110.217351,711.728118,3.030262,-110.218694,-0.151352
2101.272385,2650.000000,3.019979,110.314568,711.728387,3.029843,-110.315906,-0.152437
2101.237249,2651.000000,3.016552,110.410300,711.719079,3.026037,-110.411711,-0.144075
2101.194803,2652.000000,3.012406,110.505668,711.707444,3.021410,-110.507171,-0.133417
2101.174289,2653.000000,3.010417,110.602118,711.702786,3.019249,-110.603657,-0.129642
2101.164358,2654.000000,3.009468,110.699091,711.701493,3.018279,-110.700637,-0.129186
2101.144599,2655.000000,3.007553,110.795577,711.697073,3.016203,-110.797156,-0.125645
2101.125581,2656.000000,3.005711,110.892099,711.692887,3.014211,-110.893709,-0.122335
2101.127829,2657.000000,3.005959,110.989675,711.695466,3.014611,-110.991261,-0.125697
2101.160111,2658.000000,3.009161,111.088745,711.707598,3.018389,-111.090227,-0.138484
2101.208590,2659.000000,3.013956,111.188623,711.724883,3.023989,-111.189961,-0.156353
2101.241557,2660.000000,3.017225,111.287734,711.737232,3.027844,-111.288968,-0.169353
2101.233371,2661.000000,3.016448,111.384800,711.736487,3.027070,-111.386036,-0.169437
2101.171025,2662.000000,3.010345,111.479165,711.718509,3.020203,-111.480545,-0.152522
2101.079186,2663.000000,3.001343,111.572054,711.691148,3.010019,-111.573654,-0.126352
2101.013397,2664.000000,2.994903,111.666236,711.672074,3.002765,-111.667990,-0.108356
2101.014652,2665.000000,2.995054,111.763765,711.674327,3.003053,-111.765497,-0.111398
2101.059216,2666.000000,2.999463,111.863461,711.690358,3.008212,-111.865059,-0.128030
2101.092937,2667.000000,3.002806,111.962619,711.702938,3.012151,-111.964110,-0.141258
2101.092964,2668.000000,3.002836,112.060092,711.704797,3.012301,-112.061565,-0.143911
2101.065216,2669.000000,3.000136,112.156172,711.697820,3.009326,-112.157699,-0.137847
2101.027377,2670.000000,2.996443,112.251745,711.687630,3.005216,-112.253352,-0.128615
2100.997163,2671.000000,2.993501,112.347698,711.679866,3.001964,-112.349365,-0.121775
2100.979952,2672.000000,2.991836,112.444303,711.676237,3.000174,-112.445997,-0.119014
2100.978572,2673.000000,2.991728,112.541704,711.677643,3.000165,-112.543383,-0.121220
2100.991361,2674.000000,2.993014,112.639819,711.683556,3.001749,-112.641447,-0.127872
2101.002519,2675.000000,2.994138,112.737854,711.688949,3.003150,-112.739434,-0.134010
2101.002477,2676.000000,2.994162,112.835326,711.690778,3.003292,-112.836888,-0.136633
2100.991608,2677.000000,2.993121,112.932252,711.689161,3.002215,-112.933823,-0.135857
2100.977178,2678.000000,2.991730,113.028997,711.686410,3.000738,-113.030588,-0.133962
2100.963521,2679.000000,2.990416,113.125781,711.683904,2.999348,-113.127389,-0.132309
2100.944735,2680.000000,2.988596,113.222305,711.679765,2.997380,-113.223943,-0.129044
2100.924086,2681.000000,2.986594,113.318733,711.675032,2.995203,-113.320407,-0.125195
2100.911774,2682.000000,2.985412,113.415583,711.672950,2.993964,-113.417272,-0.123960
2100.895151,2683.000000,2.983805,113.512215,711.669496,2.992240,-113.513928,-0.121372
2100.866025,2684.000000,2.980970,113.608210,711.662063,2.989110,-113.609981,-0.114858
2100.846982,2685.000000,2.979125,113.704716,711.657837,2.987114,-113.706518,-0.111508
2100.864153,2686.000000,2.980841,113.803064,711.665130,2.989191,-113.804803,-0.119521
2100.927426,2687.000000,2.987090,113.903763,711.687090,2.996453,-113.905319,-0.142001
2101.014070,2688.000000,2.995637,114.005660,711.716486,3.006344,-114.006972,-0.171817
2101.070573,2689.000000,3.001220,114.106028,711.736292,3.012846,-114.107174,-0.192174
2101.067709,2690.000000,3.000967,114.203369,711.737208,3.012670,-114.204504,-0.193896
2101.041430,2691.000000,2.998411,114.299513,711.730672,3.009859,-114.300699,-0.188267
2101.020320,2692.000000,2.996363,114.395920,711.725779,3.007629,-114.397143,-0.184260
2100.997898,2693.000000,2.994186,114.492259,711.720468,3.005252,-114.493522,-0.179839
2100.963909,2694.000000,2.990872,114.588004,711.711476,3.001574,-114.589338,-0.171787
2100.920587,2695.000000,2.986641,114.683268,711.699513,2.996846,-114.684697,-0.160805
2100.891794,2696.000000,2.983838,114.779275,711.692171,2.993753,-114.780761,-0.154382
2100.897380,2697.000000,2.984415,114.877047,711.695768,2.994526,-114.878499,-0.158748
2100.917194,2698.000000,2.986391,114.975551,711.703889,2.996900,-114.976934,-0.167578
2100.928755,2699.000000,2.987556,115.073633,711.709385,2.998345,-115.074968,-0.173818
2100.927920,2700.000000,2.987502,115.171079,711.710935,2.998397,-115.172397,-0.176165
2100.921579,2701.000000,2.986906,115.268241,711.710731,2.997828,-115.269558,-0.176783
2100.914092,2702.000000,2.986198,115.365344,711.710162,2.997131,-115.366662,-0.177040
2100.889575,2703.000000,2.983816,115.461568,711.704174,2.994518,-115.462932,-0.171951
2100.827046,2704.000000,2.977696,115.555826,711.686089,2.987629,-115.557335,-0.154930
2100.749476,2705.000000,2.970098,115.649301,711.663219,2.979049,-115.650994,-0.133188
2100.686949,2706.000000,2.963979,115.743550,711.645135,2.972161,-115.745387,-0.116167
2100.652232,2707.000000,2.960594,115.839234,711.635898,2.968401,-115.841144,-0.107873
2100.666157,2708.000000,2.961991,115.937438,711.642133,2.970112,-115.939294,-0.114843
2100.736211,2709.000000,2.968906,116.038557,711.666226,2.978136,-116.040212,-0.139428
2100.817627,2710.000000,2.976938,116.140273,711.693935,2.987438,-116.141698,-0.167580
2100.863694,2711.000000,2.981496,116.240160,711.710396,2.992764,-116.241447,-0.184637
2100.883368,2712.000000,2.983458,116.338678,711.718459,2.995122,-116.339896,-0.193409
2100.896130,2713.000000,2.984741,116.436838,711.724321,2.996702,-116.438005,-0.200010
2100.865479,2714.000000,2.981756,116.532738,711.716368,2.993398,-116.533966,-0.192983
2100.816011,2715.000000,2.976920,116.627654,711.702426,2.987978,-116.628993,-0.180048
2099.086640,2830.000000,2.810233,127.745363,711.351665,2.809828,-127.749201,0.071984
2099.285254,2831.000000,2.829771,127.854219,711.416501,2.832289,-127.857523,0.007199
2099.669952,2832.000000,2.867596,127.973747,711.540553,2.875675,-127.976032,-0.116007
2099.806542,2833.000000,2.881049,128.079100,711.585684,2.891173,-128.081011,-0.161351
2099.903654,2834.000000,2.890622,128.182202,711.618257,2.902233,-128.183843,-0.194304
2099.957695,2835.000000,2.895963,128.282841,711.637123,2.908450,-128.284324,-0.213734
2099.963230,2836.000000,2.896536,128.380700,711.640550,2.909211,-128.382152,-0.217933
2099.950880,2837.000000,2.895351,128.477531,711.638284,2.907961,-128.478999,-0.216514
2099.949683,2838.000000,2.895262,128.575004,711.639567,2.907966,-128.576458,-0.218596
2099.972205,2839.000000,2.897505,128.673843,711.648397,2.910638,-128.675221,-0.228125
2100.015295,2840.000000,2.901770,128.773870,711.663774,2.915624,-128.775119,-0.244113
2100.063334,2841.000000,2.906521,128.874187,711.680726,2.921166,-128.875294,-0.261655
2100.072240,2842.000000,2.907426,128.972250,711.685221,2.922307,-128.973317,-0.266906
2100.012356,2843.000000,2.901568,129.066342,711.667817,2.915710,-129.067548,-0.250552
2099.929156,2844.000000,2.893418,129.159083,711.642992,2.906491,-129.160488,-0.226875
2099.871408,2845.000000,2.887771,129.253288,711.626267,2.900135,-129.254828,-0.211192
2099.850024,2846.000000,2.885698,129.349594,711.621116,2.897869,-129.351173,-0.206926
2099.849870,2847.000000,2.885712,129.447129,711.622721,2.897990,-129.448691,-0.209326
2099.882131,2848.000000,2.888912,129.546542,711.634641,2.901757,-129.548004,-0.221903
2099.954963,2849.000000,2.896100,129.648313,711.659475,2.910088,-129.649568,-0.247222
2100.033463,2850.000000,2.903846,129.750421,711.686114,2.919056,-129.751454,-0.274321
2100.042710,2851.000000,2.904784,129.848512,711.690707,2.920235,-129.849504,-0.279670
2100.004832,2852.000000,2.901089,129.943864,711.680298,2.916113,-129.944939,-0.270217
2099.980620,2853.000000,2.898738,130.040009,711.674238,2.913528,-130.041130,-0.265054
2099.973206,2854.000000,2.898038,130.137131,711.673525,2.912832,-130.138254,-0.265167
2099.952738,2855.000000,2.896055,130.233492,711.668655,2.910669,-130.234652,-0.261179
2099.912389,2856.000000,2.892118,130.328693,711.657455,2.906269,-130.329941,-0.250945
2099.877501,2857.000000,2.888718,130.424209,711.647993,2.902483,-130.425532,-0.242426
2099.857510,2858.000000,2.886782,130.520593,711.643272,2.900373,-130.521951,-0.238584
2099.846360,2859.000000,2.885715,130.617493,711.641363,2.899257,-130.618863,-0.237518
2099.858061,2860.000000,2.886894,130.715729,711.646728,2.900711,-130.717052,-0.243627
2099.897926,2861.000000,2.890842,130.815615,711.661056,2.905333,-130.816817,-0.258581
2099.946800,2862.000000,2.895675,130.916033,711.678252,2.910969,-130.917091,-0.276364
2099.961537,2863.000000,2.897153,131.014455,711.684580,2.912765,-131.015458,-0.283424
2099.951664,2864.000000,2.896212,131.111434,711.683073,2.911792,-131.112447,-0.282753
2099.940844,2865.000000,2.895177,131.208358,711.681263,2.910713,-131.209383,-0.281784
2099.917992,2866.000000,2.892960,131.304575,711.675622,2.908281,-131.305642,-0.277034
2099.864719,2867.000000,2.887752,131.399002,711.660295,2.902427,-131.400191,-0.262729
2099.801498,2868.000000,2.881567,131.492839,711.641802,2.895454,-131.494177,-0.245299
2099.772453,2869.000000,2.878741,131.588684,711.634186,2.892325,-131.590081,-0.238602
2099.783850,2870.000000,2.879890,131.686910,711.639443,2.893744,-131.688261,-0.244605
2099.801243,2871.000000,2.881629,131.785492,711.646608,2.895838,-131.786780,-0.252490
2099.784257,2872.000000,2.879989,131.882047,711.642827,2.894066,-131.883363,-0.249576
2099.743410,2873.000000,2.876003,131.977191,711.631451,2.889609,-131.978597,-0.239168
2099.702291,2874.000000,2.871990,132.072317,711.619987,2.885122,-132.073814,-0.228673
2099.675374,2875.000000,2.869374,132.168280,711.613042,2.882233,-132.169830,-0.222638
2099.669984,2876.000000,2.868873,132.265515,711.612949,2.881764,-132.267063,-0.223362
2099.694809,2877.000000,2.871342,132.364540,711.622472,2.884693,-132.366006,-0.233574
2099.751334,2878.000000,2.876928,132.465446,711.642085,2.891188,-132.466749,-0.253742
2099.812685,2879.000000,2.882987,132.566645,711.663235,2.898226,-132.567771,-0.275426
2099.866659,2880.000000,2.888323,132.667412,711.682036,2.904434,-132.668381,-0.294793
2099.898493,2881.000000,2.891481,132.766869,711.693788,2.908153,-132.767739,-0.307205
2099.892490,2882.000000,2.890920,132.864080,711.693493,2.907615,-132.864949,-0.307730
2099.852287,2883.000000,2.886998,132.959256,711.682309,2.903230,-132.960213,-0.297511
2099.775597,2884.000000,2.879488,133.052256,711.659509,2.894741,-133.053397,-0.275831
2099.695079,2885.000000,2.871602,133.145023,711.635489,2.885822,-133.146357,-0.252948
2099.687949,2886.000000,2.870931,133.242159,711.634831,2.885157,-133.243495,-0.253115
2099.709983,2887.000000,2.873126,133.341035,711.643456,2.887773,-133.342298,-0.262441
2099.741563,2888.000000,2.876259,133.440484,711.655119,2.891462,-133.441648,-0.274765
2099.761246,2889.000000,2.878224,133.539226,711.662994,2.893813,-133.540321,-0.283351
2099.737055,2890.000000,2.875875,133.635346,711.656900,2.891229,-133.636488,-0.278154
2099.693564,2891.000000,2.871629,133.730309,711.644661,2.886474,-133.731548,-0.266895
2099.696929,2892.000000,2.871989,133.828075,711.647337,2.886989,-133.829289,-0.270352
2099.730993,2893.000000,2.875367,133.927683,711.659786,2.890958,-133.928791,-0.283451
2099.744845,2894.000000,2.876758,134.026081,711.665799,2.892652,-134.027138,-0.290200
2099.736368,2895.000000,2.875954,134.123141,711.664703,2.891836,-134.124203,-0.289934
2099.730969,2896.000000,2.875453,134.220386,711.664585,2.891365,-134.221446,-0.290634
2099.746332,2897.000000,2.876992,134.318879,711.671076,2.893230,-134.319883,-0.297855
2099.770662,2898.000000,2.879413,134.417914,711.680422,2.896103,-134.418837,-0.307892
2099.766174,2899.000000,2.879001,134.515216,711.680591,2.895735,-134.516135,-0.308874
2099.734924,2900.000000,2.875959,134.610907,711.672238,2.892357,-134.611891,-0.301449
2099.736223,2901.000000,2.876116,134.708557,711.674248,2.892639,-134.709521,-0.304248
2099.755807,2902.000000,2.878070,134.807312,711.682078,2.894979,-134.808208,-0.312790
2099.746573,2903.000000,2.877192,134.904328,711.680731,2.894077,-134.905233,-0.312278
2099.707655,2904.000000,2.873396,134.999552,711.669933,2.889835,-135.000541,-0.302439
2099.676319,2905.000000,2.870345,135.095230,711.661548,2.886447,-135.096286,-0.294982
2099.660264,2906.000000,2.868796,135.191832,711.658027,2.884778,-135.192913,-0.292323
2099.642431,2907.000000,2.867072,135.288325,711.653939,2.882908,-135.289436,-0.289105
2099.634121,2908.000000,2.866285,135.385393,711.652881,2.882110,-135.386510,-0.288878
2099.622851,2909.000000,2.865207,135.482283,711.650880,2.880978,-135.483412,-0.287720
2099.600769,2910.000000,2.863065,135.578516,711.645436,2.878631,-135.579687,-0.283164
2099.574091,2911.000000,2.860473,135.674468,711.638528,2.875766,-135.675692,-0.277163
2099.554082,2912.000000,2.858535,135.770824,711.633741,2.873652,-135.772084,-0.273256
2099.545582,2913.000000,2.857729,135.867879,711.632618,2.872832,-135.869145,-0.272964
2099.551126,2914.000000,2.858304,135.965788,711.635964,2.873591,-135.967023,-0.277082
2099.586217,2915.000000,2.861782,136.065497,711.648717,2.877674,-136.066625,-0.290481
2099.605088,2916.000000,2.863667,136.164222,711.656305,2.879933,-136.165285,-0.298783
2099.565496,2917.000000,2.859804,136.259384,711.645278,2.875615,-136.260533,-0.288719
2099.510087,2918.000000,2.854387,136.353578,711.629215,2.869519,-136.354855,-0.273685
2099.546791,2919.000000,2.858025,136.453392,711.642476,2.873783,-136.454558,-0.287586
2099.548705,2920.000000,2.858242,136.551085,711.644661,2.874134,-136.552229,-0.290558
2099.542337,2921.000000,2.857646,136.648271,711.644208,2.873554,-136.649416,-0.290926
2099.518460,2922.000000,2.855328,136.744386,711.638179,2.871004,-136.745578,-0.285794
2099.486157,2923.000000,2.852183,136.839984,711.629467,2.867506,-136.841243,-0.278013
2099.446814,2924.000000,2.848345,136.935148,711.618512,2.863217,-136.936494,-0.268019
2099.404036,2925.000000,2.844170,137.030098,711.606463,2.858541,-137.031540,-0.256946
2099.374067,2926.000000,2.841254,137.125832,711.598491,2.855307,-137.127335,-0.249896
2099.384980,2927.000000,2.842356,137.224074,711.603533,2.856669,-137.225533,-0.255686
2099.442687,2928.000000,2.848057,137.325194,711.623471,2.863294,-137.326486,-0.276175
2099.502807,2929.000000,2.853996,137.426467,711.644178,2.870192,-137.427587,-0.297422
2099.621938,2930.000000,2.865737,137.531380,711.683674,2.883727,-137.532173,-0.337210
2099.750703,2931.000000,2.878425,137.636898,711.726243,2.898347,-137.637338,-0.380029
