u,v,Xc_mm,Yc_mm,Zc_mm,Xg_mm,Yg_mm,Zg_mm
2131.245425,226.000000,5.940983,-124.981328,713.223973,5.928653,124.984350,0.408170
2131.300836,227.000000,5.946530,-124.887927,713.246445,5.935235,124.891136,0.385206
2131.170619,228.000000,5.933543,-124.784136,713.209591,5.920649,124.787047,0.420592
2131.064349,229.000000,5.922949,-124.681694,713.180392,5.908795,124.684369,0.448448
2131.041769,230.000000,5.920709,-124.583935,713.177936,5.906484,124.586593,0.450002
2131.045738,231.000000,5.921119,-124.487657,713.183962,5.907199,124.490368,0.443214
2131.056352,232.000000,5.922193,-124.391749,713.192110,5.908671,124.394529,0.434338
2131.083157,233.000000,5.924883,-124.296740,713.205432,5.911990,124.299633,0.420373
2131.131826,234.000000,5.929755,-124.202946,713.225740,5.917801,124.206008,0.399538
2131.176564,235.000000,5.934236,-124.108927,713.244792,5.923165,124.112148,0.379938
2131.178325,236.000000,5.934426,-124.012515,713.250107,5.923628,124.015782,0.373848
2131.122613,237.000000,5.928878,-123.912908,713.237054,5.917538,123.916072,0.385824
2131.048963,238.000000,5.921540,-123.812310,713.218268,5.909402,123.815324,0.403440
2130.988681,239.000000,5.915536,-123.712458,713.203754,5.902792,123.715357,0.416854
2130.957023,240.000000,5.912390,-123.614197,713.198386,5.899444,123.617055,0.421272
2130.938126,241.000000,5.910518,-123.516644,713.197095,5.897552,123.519494,0.421681
2130.926168,242.000000,5.909338,-123.419475,713.198019,5.896451,123.422336,0.419909
2130.920820,243.000000,5.908819,-123.322671,713.201055,5.896103,123.325561,0.416062
2130.898556,244.000000,5.906610,-123.224933,713.198685,5.893826,123.227806,0.417532
2130.857513,245.000000,5.902528,-123.126159,713.190312,5.889409,123.128967,0.424905
2130.793323,246.000000,5.896135,-123.026111,713.174544,5.882354,123.028793,0.439553
2130.705550,247.000000,5.887389,-122.924768,713.151240,5.872610,122.927263,0.461613
2130.660173,248.000000,5.882874,-122.825765,713.141481,5.867699,122.828184,0.470350
2130.696448,249.000000,5.886508,-122.731258,713.157808,5.872095,122.733813,0.453430
2130.724085,250.000000,5.889281,-122.636271,713.171375,5.875507,122.638940,0.439224
2130.751655,251.000000,5.892046,-122.541277,713.184920,5.878911,122.544060,0.425041
2130.789226,252.000000,5.895810,-122.446828,713.201660,5.883456,122.449752,0.407714
2130.844022,253.000000,5.901294,-122.353320,713.223904,5.889964,122.356429,0.384975
2130.897271,254.000000,5.906623,-122.259721,713.245653,5.896296,122.263011,0.362721
2130.887576,255.000000,5.905670,-122.162670,713.247287,5.895452,122.165976,0.360252
2130.848939,256.000000,5.901827,-122.064034,713.239671,5.891308,122.067282,0.366882
2130.840649,257.000000,5.901014,-121.967060,713.241751,5.890625,121.970328,0.363975
2130.853673,258.000000,5.902328,-121.871251,713.250642,5.892371,121.874594,0.354368
2130.852943,259.000000,5.902269,-121.774688,713.255137,5.892549,121.778072,0.349086
2130.797981,260.000000,5.896797,-121.675166,713.242299,5.886544,121.678448,0.360852
2130.738128,261.000000,5.890837,-121.575381,713.227898,5.879981,121.578548,0.374156
2130.709625,262.000000,5.888006,-121.477307,713.223514,5.876993,121.480442,0.377606
2130.671217,263.000000,5.884187,-121.378696,713.215964,5.872876,121.381773,0.384171
2130.537967,264.000000,5.870903,-121.274932,713.178110,5.857948,121.277702,0.420543
2130.401142,265.000000,5.857263,-121.170985,713.139116,5.842614,121.173439,0.458036
2130.253816,266.000000,5.842577,-121.066479,713.096772,5.826086,121.068591,0.498824
2130.144650,267.000000,5.831700,-120.964055,713.066620,5.813907,120.965923,0.527620
2130.082691,268.000000,5.825533,-120.864196,713.051546,5.807108,120.865944,0.541585
2130.095497,269.000000,5.826824,-120.768388,713.060351,5.808827,120.770211,0.532064
2130.137912,270.000000,5.831069,-120.674178,713.078612,5.813920,120.676154,0.513242
2130.172984,271.000000,5.834582,-120.579568,713.094527,5.818176,120.581677,0.496727
2130.197057,272.000000,5.836998,-120.484359,713.106929,5.821180,120.486573,0.483668
2130.224626,273.000000,5.839762,-120.389335,713.120446,5.824581,120.391663,0.469512
2130.277099,274.000000,5.845012,-120.295651,713.141919,5.830821,120.298158,0.447531
2130.315596,275.000000,5.848867,-120.201209,713.158926,5.835469,120.203858,0.429941
2130.275899,276.000000,5.844920,-120.102552,713.150952,5.831205,120.105140,0.436923
2130.202930,277.000000,5.837653,-120.002109,713.132348,5.823149,120.004548,0.454362
2130.141596,278.000000,5.831548,-119.902297,713.117461,5.816420,119.904617,0.468144
2130.070061,279.000000,5.824425,-119.801941,713.099315,5.808529,119.804116,0.485132
2129.959788,280.000000,5.813439,-119.699513,713.068796,5.796225,119.701441,0.514289
2129.835466,281.000000,5.801052,-119.596340,713.033793,5.782321,119.597986,0.547858
2129.786533,282.000000,5.796185,-119.497215,713.022866,5.777006,119.498774,0.557746
2129.919840,283.000000,5.809495,-119.407843,713.070139,5.792452,119.409792,0.510387
2130.046064,284.000000,5.822101,-119.318080,713.115154,5.807093,119.320401,0.465249
2130.077447,285.000000,5.825245,-119.223239,713.129876,5.810929,119.225683,0.449907
2130.044051,286.000000,5.821928,-119.124936,713.123905,5.807383,119.127335,0.454920
2130.011105,287.000000,5.818655,-119.026659,713.118076,5.803889,119.029013,0.459792
2130.047009,288.000000,5.822251,-118.932052,713.134239,5.808239,118.934542,0.443033
2130.181181,289.000000,5.835651,-118.842676,713.181795,5.823788,118.845558,0.395396
2130.240520,290.000000,5.841586,-118.749305,713.205447,5.830810,118.752383,0.371271
2130.150844,291.000000,5.832652,-118.648003,713.181488,5.820849,118.650889,0.393977
2130.031795,292.000000,5.820789,-118.545148,713.148146,5.807543,118.547764,0.425912
2129.929222,293.000000,5.810570,-118.443177,713.120070,5.796115,118.445567,0.452668
2129.858924,294.000000,5.803571,-118.342926,713.102303,5.788364,118.345174,0.469283
2129.831769,295.000000,5.800877,-118.244966,713.098316,5.785530,118.247185,0.472345
2129.871647,296.000000,5.804868,-118.150556,713.115739,5.790332,118.152921,0.454347
2129.974612,297.000000,5.815154,-118.059480,713.153313,5.802323,118.062155,0.416527
2130.068520,298.000000,5.824536,-117.967915,713.187997,5.813283,117.970877,0.381551
2130.080737,299.000000,5.825769,-117.872026,713.196583,5.814934,117.875061,0.372245
2130.028994,300.000000,5.820621,-117.772759,713.184733,5.809296,117.775700,0.383040
2129.988208,301.000000,5.816566,-117.674073,713.176384,5.804908,117.676949,0.390392
2129.949675,302.000000,5.812736,-117.575508,713.168753,5.800776,117.578325,0.397038
2129.885855,303.000000,5.806383,-117.475614,713.153044,5.793763,117.478306,0.411629
2129.810006,304.000000,5.798831,-117.375092,713.133492,5.785380,117.377628,0.430001
2129.782542,305.000000,5.796105,-117.277119,713.129395,5.782509,117.279624,0.433171
2129.812632,306.000000,5.799120,-117.182169,713.143681,5.786196,117.184794,0.418258
2129.867578,307.000000,5.804615,-117.088519,713.165906,5.792715,117.091330,0.395536
2129.886574,308.000000,5.806524,-116.992979,713.176647,5.795138,116.995881,0.384111
2129.813160,309.000000,5.799215,-116.892595,713.157867,5.787032,116.895347,0.401724
2129.716063,310.000000,5.789543,-116.790978,713.131521,5.776228,116.793517,0.426778
2129.674779,311.000000,5.785439,-116.692286,713.123003,5.771783,116.694759,0.434296
2129.716859,312.000000,5.789651,-116.597953,713.141112,5.776835,116.600577,0.415624
2129.812791,313.000000,5.799234,-116.506426,713.176423,5.788023,116.509342,0.380030
2129.897263,314.000000,5.807675,-116.414293,713.208075,5.797906,116.417471,0.348036
2129.870914,315.000000,5.805060,-116.316374,713.204322,5.795162,116.319525,0.350867
2129.734648,316.000000,5.791481,-116.212732,713.165455,5.779894,116.215568,0.388239
2129.502929,317.000000,5.768383,-116.104136,713.096104,5.753754,116.106408,0.455595
2129.314228,318.000000,5.749579,-115.997797,713.040503,5.732519,115.999617,0.509427
2129.352448,319.000000,5.753404,-115.903257,713.057367,5.737130,115.905219,0.491979
2129.482927,320.000000,5.766430,-115.813500,713.103694,5.752249,115.815845,0.445549
2129.556817,321.000000,5.773813,-115.720798,713.131952,5.760924,115.723376,0.416894
2129.505414,322.000000,5.768700,-115.621597,713.120190,5.755326,115.624082,0.427603
2129.400742,323.000000,5.758275,-115.519642,713.091416,5.743661,115.521895,0.455047
2129.423109,324.000000,5.760520,-115.424265,713.103213,5.746466,115.426618,0.442583
2129.680219,325.000000,5.786177,-115.341017,713.189990,5.776014,115.344083,0.356364
2129.997106,326.000000,5.817805,-115.260836,713.295888,5.812381,115.264772,0.251336
2130.318500,327.000000,5.849892,-115.180865,713.403256,5.849272,115.185682,0.144862
2130.752818,328.000000,5.893263,-115.106697,713.546762,5.899052,115.112691,0.002841
2130.872899,329.000000,5.905268,-115.016292,713.589815,5.913006,115.022642,-0.040370
2130.843833,330.000000,5.902380,-114.918191,713.585172,5.909949,114.924505,-0.036662
2130.760422,331.000000,5.894066,-114.817293,713.563148,5.900694,114.823431,-0.015859
2130.655363,332.000000,5.883591,-114.715289,713.534204,5.888971,114.721193,0.011752
2130.622103,333.000000,5.880285,-114.616982,713.528217,5.885436,114.622840,0.016781
2130.697322,334.000000,5.887809,-114.524247,713.556916,5.894272,114.530343,-0.012309
2130.755685,335.000000,5.893651,-114.430639,713.580226,5.901186,114.436930,-0.036099
2130.759591,336.000000,5.894056,-114.334234,713.586120,5.901889,114.340576,-0.042757
2130.737656,337.000000,5.891880,-114.236504,713.583749,5.899645,114.242830,-0.041286
2130.714398,338.000000,5.889573,-114.138707,713.580955,5.897251,114.145013,-0.039397
2130.712218,339.000000,5.889370,-114.041989,713.584899,5.897260,114.048331,-0.044137
2130.715336,340.000000,5.889695,-113.945540,713.590537,5.897873,113.951932,-0.050543
2130.693450,341.000000,5.887525,-113.847814,713.588178,5.895635,113.854189,-0.049083
2130.650701,342.000000,5.883271,-113.749025,713.579146,5.891017,113.755329,-0.041058
2130.615260,343.000000,5.879747,-113.650610,713.572450,5.887233,113.656864,-0.035332
2130.627634,344.000000,5.880997,-113.554632,713.581043,5.888902,113.560959,-0.044645
2130.663788,345.000000,5.884621,-113.459862,713.597240,5.893282,113.466324,-0.061437
2130.654308,346.000000,5.883690,-113.362768,713.598843,5.892459,113.369246,-0.063874
2130.603155,347.000000,5.878597,-113.263557,713.587117,5.886883,113.269943,-0.053200
2130.552411,348.000000,5.873545,-113.164371,713.575522,5.881353,113.170665,-0.042654
2130.515058,349.000000,5.869830,-113.065866,713.568209,5.877351,113.072104,-0.036320
2130.474691,350.000000,5.865815,-112.967212,713.559930,5.873005,112.973385,-0.029036
2130.493693,351.000000,5.867727,-112.871564,713.570635,5.875429,112.877828,-0.040426
2130.434373,352.000000,5.861819,-112.771953,713.556294,5.868922,112.778103,-0.027179
2130.412958,353.000000,5.859696,-112.674261,713.554072,5.866737,112.680396,-0.025853
2130.431422,354.000000,5.861554,-112.578583,713.564601,5.869099,112.584807,-0.037070
2130.456341,355.000000,5.864056,-112.483227,713.577193,5.872198,112.489558,-0.050317
2130.476155,356.000000,5.866049,-112.387611,713.588151,5.874714,112.394035,-0.061957
2130.486459,357.000000,5.867092,-112.291514,713.596068,5.876146,112.298006,-0.070604
2130.464737,358.000000,5.864938,-112.193803,713.593743,5.873926,112.200280,-0.069177
2130.396804,359.000000,5.858170,-112.093771,713.576639,5.866436,112.100111,-0.053212
2130.329229,360.000000,5.851439,-111.993762,713.559650,5.858988,111.999966,-0.037359
2130.304021,361.000000,5.848937,-111.895884,713.556207,5.856370,111.902063,-0.034832
2130.329242,362.000000,5.851469,-111.800534,713.568887,5.859502,111.806819,-0.048165
2130.372177,363.000000,5.855770,-111.706067,713.587231,5.864655,111.712507,-0.067070
2130.394489,364.000000,5.858012,-111.610564,713.598980,5.867456,111.617103,-0.079487
2130.387947,365.000000,5.857374,-111.513616,713.601500,5.866966,111.520178,-0.082826
2130.387838,366.000000,5.857378,-111.416988,713.606077,5.867210,111.423591,-0.088188
2130.420245,367.000000,5.860627,-111.321982,713.621051,5.871162,111.328711,-0.103778
2130.469997,368.000000,5.865609,-111.227838,713.641572,5.877092,111.234738,-0.124824
2130.493471,369.000000,5.867968,-111.132378,713.653688,5.880026,111.139381,-0.137603
2130.459672,370.000000,5.864608,-111.034064,713.647486,5.876428,111.041019,-0.132362
2130.394448,371.000000,5.858111,-110.934190,713.631234,5.869246,110.941015,-0.117233
2130.331186,372.000000,5.851810,-110.834417,713.615608,5.862288,110.841118,-0.102722
2130.278999,373.000000,5.846614,-110.735199,713.603524,5.856593,110.741804,-0.091694
2130.228631,374.000000,5.841601,-110.636074,713.592021,5.851106,110.642589,-0.081238
2130.175361,375.000000,5.836298,-110.536810,713.579589,5.845289,110.543225,-0.069868
2130.125444,376.000000,5.831330,-110.437714,713.568228,5.839853,110.444040,-0.059552
2130.093314,377.000000,5.828138,-110.339502,713.562554,5.836446,110.345785,-0.054829
2130.100282,378.000000,5.828848,-110.243224,713.569380,5.837496,110.249566,-0.062403
2130.127177,379.000000,5.831547,-110.147928,713.582576,5.840818,110.154381,-0.076244
2130.117275,380.000000,5.830573,-110.050814,713.584006,5.839945,110.057282,-0.078510
2130.065207,381.000000,5.825391,-109.951620,713.571952,5.834264,109.957993,-0.067512
2130.009999,382.000000,5.819895,-109.852276,713.558894,5.828226,109.858545,-0.055526
2129.977394,383.000000,5.816655,-109.754047,713.553061,5.824764,109.760272,-0.050647
2129.971995,384.000000,5.816131,-109.657158,713.555926,5.824404,109.663410,-0.054325
2129.981215,385.000000,5.817066,-109.560986,713.563464,5.825711,109.567303,-0.062599
2130.001632,386.000000,5.819118,-109.465362,713.574581,5.828294,109.471772,-0.074395
2130.011731,387.000000,5.820141,-109.369229,713.582398,5.829701,109.375706,-0.082944
2129.970305,388.000000,5.816020,-109.270570,713.573739,5.825233,109.276980,-0.075285
2129.887548,389.000000,5.807776,-109.169890,713.551865,5.816054,109.176125,-0.054626
2129.805863,390.000000,5.799638,-109.069270,713.530334,5.806998,109.075332,-0.034305
2129.780415,391.000000,5.797113,-108.971403,713.526782,5.804352,108.977439,-0.031669
2129.822398,392.000000,5.801317,-108.876828,713.544785,5.809393,108.883014,-0.050239
2129.850325,393.000000,5.804119,-108.781563,713.558295,5.812831,108.787863,-0.064388
2129.844023,394.000000,5.803505,-108.684626,713.560860,5.812368,108.690951,-0.067770
2129.835683,395.000000,5.802687,-108.587590,713.562772,5.811672,108.593934,-0.070511
2129.841893,396.000000,5.803321,-108.491262,713.569335,5.812635,108.497662,-0.077826
2129.842568,397.000000,5.803403,-108.394662,713.574127,5.812967,108.401105,-0.083399
2129.824770,398.000000,5.801641,-108.297165,713.573012,5.811193,108.303602,-0.083162
2129.789063,399.000000,5.798093,-108.198800,713.566170,5.807377,108.205184,-0.077290
2129.756397,400.000000,5.794847,-108.100584,713.560299,5.803908,108.106924,-0.072374
2129.753115,401.000000,5.794534,-108.003792,713.563822,5.803789,108.010164,-0.076698
2129.774136,402.000000,5.796647,-107.908176,713.575114,5.806440,107.914643,-0.088665
2129.791453,403.000000,5.798389,-107.812377,713.585220,5.808668,107.818930,-0.099466
2129.785753,404.000000,5.797835,-107.715464,713.587966,5.808273,107.722043,-0.103027
2129.753064,405.000000,5.794587,-107.617249,713.582082,5.804801,107.623783,-0.098097
2129.724290,406.000000,5.791731,-107.519224,713.577449,5.801776,107.525724,-0.094398
2129.714357,407.000000,5.790754,-107.422108,713.578838,5.800898,107.428622,-0.096624
2129.703790,408.000000,5.789714,-107.324962,713.580024,5.799948,107.331489,-0.098650
2129.679706,409.000000,5.787325,-107.227165,713.576887,5.797457,107.233670,-0.096422
2129.634447,410.000000,5.782823,-107.128353,713.566979,5.792552,107.134780,-0.087534
2129.563272,411.000000,5.775736,-107.028300,713.548785,5.784693,107.034581,-0.070494
2129.541193,412.000000,5.773547,-106.930606,713.546286,5.782431,106.936870,-0.068895
2129.493431,413.000000,5.768796,-106.831683,713.535576,5.777241,106.837862,-0.059217
2129.504886,414.000000,5.769954,-106.735595,713.543794,5.778801,106.741846,-0.068161
2129.555764,415.000000,5.775045,-106.641391,713.564616,5.784854,106.647814,-0.089503
2129.530953,416.000000,5.772584,-106.543566,713.561238,5.782280,106.549965,-0.087039
2129.570927,417.000000,5.776587,-106.448833,713.578572,5.787090,106.455377,-0.104950
2129.585069,418.000000,5.778013,-106.352864,713.587646,5.788956,106.359486,-0.114736
2129.575181,419.000000,5.777041,-106.255749,713.589037,5.788082,106.262386,-0.116962
2129.553803,420.000000,5.774922,-106.158087,713.586752,5.785899,106.164708,-0.115574
2129.539264,421.000000,5.773486,-106.060750,713.586653,5.784496,106.067374,-0.116335
2129.538841,422.000000,5.773458,-105.964084,713.591066,5.784701,105.970747,-0.121535
2129.534161,423.000000,5.773006,-105.867216,713.594117,5.784421,105.873907,-0.125395
2129.522308,424.000000,5.771838,-105.770006,713.594874,5.783324,105.776707,-0.126998
2129.507274,425.000000,5.770352,-105.672646,713.594612,5.781864,105.679348,-0.127599
2129.473590,426.000000,5.767006,-105.574403,713.588387,5.778278,105.581057,-0.122333
2129.478883,427.000000,5.767549,-105.478006,713.594622,5.779135,105.484714,-0.129326
2129.385722,428.000000,5.758268,-105.376956,713.569380,5.768770,105.383461,-0.105352
2129.309708,429.000000,5.750698,-105.276722,713.549620,5.760360,105.283069,-0.086770
2129.260470,430.000000,5.745801,-105.177757,713.538419,5.755002,105.184015,-0.076610
2129.235116,431.000000,5.743286,-105.079920,713.534852,5.752366,105.086152,-0.073959
2129.223370,432.000000,5.742129,-104.982724,713.535634,5.751281,104.988966,-0.075587
2129.222612,433.000000,5.742068,-104.886045,713.539926,5.751447,104.892325,-0.080668
2129.233721,434.000000,5.743190,-104.789922,713.548012,5.752966,104.796272,-0.089481
2129.227493,435.000000,5.742584,-104.692983,713.550554,5.752509,104.699357,-0.092840
2129.200921,436.000000,5.739947,-104.595091,713.546592,5.749734,104.601435,-0.089801
2129.172084,437.000000,5.737085,-104.497093,713.541905,5.746701,104.503403,-0.086048
2129.131950,438.000000,5.733096,-104.398569,713.533606,5.742380,104.404814,-0.078741
2129.080580,439.000000,5.727986,-104.299521,713.521714,5.736779,104.305672,-0.067901
2129.041488,440.000000,5.724101,-104.201051,713.513746,5.732578,104.207140,-0.060920
2129.042834,441.000000,5.724250,-104.104469,713.518703,5.732984,104.110602,-0.066655
2129.080598,442.000000,5.728031,-104.009584,713.535298,5.737539,104.015856,-0.083840
2129.126769,443.000000,5.732652,-103.915087,713.554581,5.743053,103.921520,-0.103668
2129.146460,444.000000,5.734631,-103.819352,713.565399,5.745549,103.825877,-0.115169
2129.114655,445.000000,5.731473,-103.721220,713.559754,5.742178,103.727702,-0.110473
2129.041170,446.000000,5.724157,-103.621155,713.540784,5.734056,103.627485,-0.092669
2128.972240,447.000000,5.717295,-103.521306,713.523271,5.726454,103.527496,-0.076298
2128.932220,448.000000,5.713318,-103.422803,713.514998,5.722147,103.428928,-0.069016
2128.917760,449.000000,5.711890,-103.325485,713.514893,5.720752,103.331613,-0.069771
2128.919596,450.000000,5.712088,-103.228922,713.519995,5.721213,103.235095,-0.075649
2128.930076,451.000000,5.713148,-103.132757,713.527860,5.722659,103.138997,-0.084244
2128.941876,452.000000,5.714339,-103.036651,713.536145,5.724256,103.042962,-0.093254
2128.941008,453.000000,5.714268,-102.939958,713.540380,5.724409,102.946308,-0.098278
2128.912627,454.000000,5.711451,-102.841996,713.535820,5.721427,102.848312,-0.094650
2128.855162,455.000000,5.705734,-102.742697,713.521963,5.715131,102.748902,-0.081875
2128.796855,456.000000,5.699933,-102.643363,713.507836,5.708740,102.649456,-0.068835
2128.768788,457.000000,5.697148,-102.545423,713.503373,5.705794,102.551482,-0.065302
2128.771399,458.000000,5.697423,-102.448892,713.508715,5.706344,102.454999,-0.071414
2128.788117,459.000000,5.699105,-102.353008,713.518563,5.708500,102.359198,-0.081962
2128.806761,460.000000,5.700979,-102.257209,713.529027,5.710876,102.263488,-0.093114
2128.825790,461.000000,5.702892,-102.161425,713.539612,5.713295,102.167794,-0.104386
2128.842523,462.000000,5.704575,-102.065534,713.549463,5.715453,102.071987,-0.114935
2128.852170,463.000000,5.705552,-101.969316,713.557048,5.716804,101.975834,-0.123255
2128.861182,464.000000,5.706466,-101.873067,713.564429,5.718082,101.879649,-0.131374
2128.867653,465.000000,5.707126,-101.776701,713.570996,5.719071,101.783340,-0.138693
2128.859959,466.000000,5.706373,-101.679687,713.573035,5.718446,101.686346,-0.141557
2128.838509,467.000000,5.704248,-101.582047,713.570675,5.716253,101.588690,-0.140093
2128.820601,468.000000,5.702477,-101.484569,713.569447,5.714464,101.491205,-0.139742
2128.804997,469.000000,5.700935,-101.387196,713.568954,5.712938,101.393831,-0.140115
2128.772080,470.000000,5.697666,-101.289038,713.562925,5.709438,101.295627,-0.135041
2128.726141,471.000000,5.693099,-101.190290,713.552734,5.704456,101.196799,-0.125872
2128.676825,472.000000,5.688195,-101.091393,713.541462,5.699088,101.097813,-0.115640
2128.624908,473.000000,5.683032,-100.992381,713.529358,5.693425,100.998706,-0.104590
2128.563487,474.000000,5.676921,-100.892944,713.514216,5.686679,100.899147,-0.090550
2128.507329,475.000000,5.671336,-100.793748,713.500756,5.680532,100.799845,-0.078165
2128.470177,476.000000,5.667646,-100.695414,713.493369,5.676551,100.701453,-0.071755
2128.526367,477.000000,5.673263,-100.601290,713.515811,5.683203,100.607516,-0.094692
2128.517331,478.000000,5.672377,-100.504222,713.517407,5.682424,100.510465,-0.097119
2128.528101,479.000000,5.673465,-100.408045,713.525332,5.683902,100.414356,-0.105774
2128.522176,480.000000,5.672889,-100.311116,713.527919,5.683477,100.317452,-0.109177
2128.500841,481.000000,5.670776,-100.213495,713.525581,5.681297,100.219814,-0.107734
2128.496643,482.000000,5.670372,-100.116643,713.528719,5.681070,100.122991,-0.111679
2128.527835,483.000000,5.673497,-100.021376,713.543166,5.684874,100.027846,-0.126750
2128.466398,484.000000,5.667385,-99.921958,713.528008,5.678125,99.928308,-0.112694
2128.520012,485.000000,5.672746,-99.827692,713.549619,5.684483,99.834221,-0.134814
2128.458810,486.000000,5.666658,-99.728288,713.534533,5.677762,99.734697,-0.120829
2128.403887,487.000000,5.661196,-99.629169,713.521454,5.671756,99.635474,-0.108818
2128.380446,488.000000,5.658873,-99.531457,713.518435,5.669336,99.537741,-0.106705
2128.408877,489.000000,5.661722,-99.436059,713.531992,5.672825,99.442457,-0.120901
2128.426923,490.000000,5.663536,-99.340194,713.542230,5.675131,99.346679,-0.131830
2128.505084,491.000000,5.671346,-99.247000,713.571681,5.684284,99.253730,-0.161663
2128.308650,492.000000,5.651772,-99.141599,713.513368,5.662159,99.147854,-0.105149
2128.172425,493.000000,5.638205,-99.038887,713.474302,5.646893,99.044826,-0.067571
2128.115886,494.000000,5.632583,-98.939718,713.460701,5.640704,98.945549,-0.055046
2128.088030,495.000000,5.629820,-98.841824,713.456264,5.637782,98.847622,-0.051538
2124.877739,688.000000,5.312916,-80.052500,713.270721,5.319774,80.057409,-0.034004
2124.918692,689.000000,5.317006,-79.957252,713.288030,5.324669,79.962306,-0.051891
2125.012145,690.000000,5.326320,-79.863877,713.322099,5.335533,79.869213,-0.086271
2125.102842,691.000000,5.335360,-79.770394,713.355289,5.346085,79.776005,-0.119786
2125.166274,692.000000,5.341688,-79.675931,713.379776,5.353538,79.681745,-0.144736
2125.191548,693.000000,5.344219,-79.580101,713.392079,5.356651,79.586019,-0.157697
2125.202498,694.000000,5.345323,-79.483758,713.399807,5.358136,79.489743,-0.166155
2125.215081,695.000000,5.346591,-79.387472,713.408056,5.359807,79.393527,-0.175126
2125.225077,696.000000,5.347601,-79.291091,713.415478,5.361184,79.297210,-0.183283
2125.218369,697.000000,5.346948,-79.194116,713.417564,5.360661,79.200256,-0.186190
2125.204567,698.000000,5.345590,-79.096890,713.417385,5.359331,79.103031,-0.186866
2125.205434,699.000000,5.345691,-79.000183,713.421888,5.359669,79.006364,-0.192151
2125.213496,700.000000,5.346508,-78.903729,713.428688,5.360826,78.909969,-0.199696
2125.206082,701.000000,5.345786,-78.806727,713.430545,5.360222,78.812986,-0.202376
2125.181225,702.000000,5.343327,-78.709110,713.426830,5.357636,78.715342,-0.199574
2125.157817,703.000000,5.341012,-78.611545,713.423578,5.355213,78.617754,-0.197226
2125.135708,704.000000,5.338827,-78.514027,713.420738,5.352939,78.520216,-0.195284
2125.078488,705.000000,5.333147,-78.415277,713.406687,5.346672,78.421354,-0.182309
2125.029474,706.000000,5.328284,-78.316819,713.395255,5.341338,78.322806,-0.171912
2121.792017,917.000000,5.009662,-57.800133,713.225374,5.022948,57.805416,-0.184224
2121.789563,918.000000,5.009434,-57.703272,713.228555,5.022898,57.708584,-0.188205
2121.776233,919.000000,5.008126,-57.606130,713.228266,5.021614,57.611443,-0.188769
2121.732813,920.000000,5.003829,-57.508213,713.218378,5.016915,57.513449,-0.179883
2121.661408,921.000000,4.996753,-57.409581,713.199562,5.009039,57.414666,-0.162210
2121.577743,922.000000,4.988459,-57.310640,713.176835,4.999773,57.315542,-0.140687
2121.513970,923.000000,4.982142,-57.212214,713.160453,4.992764,57.216985,-0.125410
2121.493863,924.000000,4.980161,-57.114909,713.157997,4.990711,57.119663,-0.123840
2121.484686,925.000000,4.979265,-57.017883,713.159025,4.989898,57.022650,-0.125701
2121.543602,926.000000,4.985132,-56.922592,713.181770,4.996812,56.927547,-0.148939
2121.503766,927.000000,4.981192,-56.824784,713.173017,4.992520,56.829671,-0.141172
2121.469277,928.000000,4.977783,-56.727114,713.165969,4.988834,56.731946,-0.135082
2121.432859,929.000000,4.974182,-56.629397,713.158305,4.984930,56.634170,-0.128386
2121.387407,930.000000,4.969685,-56.531454,713.147759,4.980000,56.536144,-0.118853
2121.353822,931.000000,4.966365,-56.433813,713.140996,4.976418,56.438452,-0.113044
2121.339382,932.000000,4.964947,-56.336657,713.140337,4.975007,56.341294,-0.113244
2121.346214,933.000000,4.965642,-56.240037,713.146462,4.976010,56.244727,-0.120121
2121.374190,934.000000,4.968436,-56.143947,713.159329,4.979413,56.148745,-0.133635
2121.411254,935.000000,4.972132,-56.048080,713.175093,4.983847,56.053011,-0.150001
2121.435971,936.000000,4.974603,-55.951901,713.186919,4.986879,55.956931,-0.162490
2121.450480,937.000000,4.976060,-55.855464,713.195487,4.988754,55.860567,-0.171774
2121.465523,938.000000,4.977570,-55.759037,713.204226,4.990689,55.764216,-0.181224
2121.477543,939.000000,4.978779,-55.662534,713.211999,4.992281,55.667779,-0.189723
2121.453302,940.000000,4.976388,-55.565126,713.208204,4.989758,55.570344,-0.186837
2121.406103,941.000000,4.971717,-55.467150,713.197086,4.984629,55.472280,-0.176740
2121.371627,942.000000,4.968309,-55.369493,713.190025,4.980944,55.374568,-0.170638
2121.333452,943.000000,4.964534,-55.271746,713.181783,4.976840,55.276757,-0.163372
2121.273288,944.000000,4.958576,-55.173459,713.166528,4.970241,55.178348,-0.149203
2121.201945,945.000000,4.951508,-55.074900,713.147706,4.962373,55.079639,-0.131523
2121.149856,946.000000,4.946352,-54.976821,713.135025,4.956691,54.981459,-0.119888
2121.123375,947.000000,4.943739,-54.879373,713.130509,4.953913,54.883978,-0.116290
2121.110634,948.000000,4.942490,-54.782264,713.130373,4.952695,54.786871,-0.117005
2121.100046,949.000000,4.941454,-54.685208,713.130923,4.951721,54.689823,-0.118394
2121.087990,950.000000,4.940273,-54.588116,713.131003,4.950581,54.592734,-0.119321
2121.080172,951.000000,4.939513,-54.491128,713.132434,4.949921,54.495761,-0.121577
2121.073770,952.000000,4.938893,-54.394173,713.134315,4.949421,54.398825,-0.124277
2121.058956,953.000000,4.937439,-54.297014,713.133512,4.947968,54.301663,-0.124334
2121.034459,954.000000,4.935022,-54.199621,713.129621,4.945416,54.204241,-0.121351
2121.030046,955.000000,4.934600,-54.102714,713.132132,4.945142,54.107358,-0.124672
2121.064721,956.000000,4.938059,-54.006752,713.147108,4.949303,54.011522,-0.140262
2121.111817,957.000000,4.942751,-53.911085,713.166045,4.954873,53.916013,-0.159751
2121.118487,958.000000,4.943429,-53.814440,713.172087,4.955857,53.819421,-0.166547
2121.024063,959.000000,4.934071,-53.715364,713.145889,4.945370,53.720134,-0.141605
2120.902574,960.000000,4.922025,-53.615647,713.111061,4.931815,53.620134,-0.108167
2120.822837,961.000000,4.914126,-53.516938,713.089547,4.922996,53.521253,-0.087837
2120.795673,962.000000,4.911446,-53.419492,713.084796,4.920141,53.423772,-0.084008
2120.784545,963.000000,4.910357,-53.322431,713.085157,4.919105,53.326716,-0.085210
2120.768022,964.000000,4.908733,-53.225240,713.083797,4.917458,53.229518,-0.084719
2120.753680,965.000000,4.907325,-53.128102,713.083130,4.916057,53.132378,-0.084910
2120.744203,966.000000,4.906401,-53.031080,713.084014,4.915209,53.035366,-0.086628
2120.738919,967.000000,4.905892,-52.934157,713.086233,4.914836,52.938464,-0.089660
2120.735801,968.000000,4.905599,-52.837284,713.089142,4.914708,52.841619,-0.093371
2120.735302,969.000000,4.905565,-52.740473,713.092885,4.914878,52.744841,-0.097903
2120.740359,970.000000,4.906083,-52.643792,713.098398,4.915677,52.648208,-0.104177
2120.748374,971.000000,4.906895,-52.547179,713.104853,4.916813,52.551651,-0.111379
2120.748581,972.000000,4.906931,-52.450381,713.108817,4.917062,52.454889,-0.116130
2120.704637,973.000000,4.902585,-52.352548,713.098702,4.912304,52.356977,-0.107020
2120.625904,974.000000,4.894787,-52.253905,713.077495,4.903599,52.258163,-0.086990
2120.583633,975.000000,4.890607,-52.156118,713.067912,4.899031,52.160302,-0.078404
2120.604721,976.000000,4.892716,-52.059810,713.078529,4.901648,52.064083,-0.089702
2120.678846,977.000000,4.900090,-51.964732,713.106055,4.910282,51.969234,-0.117647
2120.755096,978.000000,4.907675,-51.869696,713.134260,4.919157,51.874432,-0.146260
2120.762099,979.000000,4.908386,-51.773048,713.140383,4.920177,51.777838,-0.153136
2120.680151,980.000000,4.900268,-51.674343,713.118141,4.911107,51.678954,-0.132087
2120.558490,981.000000,4.888208,-51.574728,713.083237,4.897533,51.579056,-0.098574
2120.536990,982.000000,4.886090,-51.477429,713.080268,4.895321,51.481736,-0.096498
2120.498103,983.000000,4.882247,-51.379732,713.071754,4.891136,51.383972,-0.088964
2120.494505,984.000000,4.881906,-51.282846,713.074491,4.890953,51.287112,-0.092506
2120.482439,985.000000,4.880725,-51.185766,713.074526,4.889810,51.190036,-0.093388
2120.449176,986.000000,4.877440,-51.088201,713.067802,4.886263,51.092420,-0.087615
2120.415590,987.000000,4.874123,-50.990632,713.060975,4.882679,50.994797,-0.081741
2120.412433,988.000000,4.873825,-50.893757,713.063847,4.882546,50.897949,-0.085416
2120.460943,989.000000,4.878656,-50.798055,713.083190,4.888273,50.802409,-0.105305
2120.461314,990.000000,4.878709,-50.701256,713.087185,4.888540,50.705646,-0.110085
2120.511636,991.000000,4.883719,-50.605587,713.107105,4.894473,50.610143,-0.130542
2120.489626,992.000000,4.881551,-50.508279,713.103961,4.892202,50.512813,-0.128294
2120.487459,993.000000,4.881352,-50.411419,713.107143,4.892181,50.415982,-0.132274
2120.442199,994.000000,4.876876,-50.313589,713.096584,4.887273,50.318068,-0.122726
2120.413040,995.000000,4.873999,-50.216123,713.091158,4.884191,50.220561,-0.118231
2120.381239,996.000000,4.870859,-50.118599,713.084888,4.880809,50.122990,-0.112905
2120.345056,997.000000,4.867284,-50.020980,713.077220,4.876930,50.025311,-0.106204
2120.328103,998.000000,4.865618,-49.923792,713.075682,4.875233,49.928113,-0.105536
2120.344075,999.000000,4.867219,-49.827338,713.084639,4.877269,49.831736,-0.115201
2120.375290,1000.000000,4.870333,-49.731221,713.098456,4.881034,49.735736,-0.129650
2120.407848,1001.000000,4.873581,-49.635131,713.112700,4.884951,49.639765,-0.144520
2120.427679,1002.000000,4.875565,-49.538754,713.122886,4.887425,49.543475,-0.155394
2120.396808,1003.000000,4.872518,-49.441254,713.116903,4.884148,49.445929,-0.150351
2120.312868,1004.000000,4.864204,-49.342584,713.093999,4.874853,49.347075,-0.128650
2120.227824,1005.000000,4.855780,-49.243896,713.070744,4.865433,49.248200,-0.106603
2120.174225,1006.000000,4.850478,-49.145906,713.057513,4.859579,49.150105,-0.094425
2120.145792,1007.000000,4.847673,-49.048472,713.052304,4.856579,49.052632,-0.090143
2120.124828,1008.000000,4.845609,-48.951203,713.049476,4.854427,48.955343,-0.088206
2120.101975,1009.000000,4.843357,-48.853894,713.046043,4.852059,48.858009,-0.085673
2120.078264,1010.000000,4.841021,-48.756567,713.042337,4.849595,48.760655,-0.082871
2120.062426,1011.000000,4.839466,-48.659412,713.041138,4.848023,48.663494,-0.082538
2120.066400,1012.000000,4.839876,-48.562688,713.046254,4.848698,48.566815,-0.088421
2120.092881,1013.000000,4.842520,-48.466451,713.058545,4.851925,48.470682,-0.101367
2120.121786,1014.000000,4.845404,-48.370263,713.071607,4.855426,48.374604,-0.115073
2120.139382,1015.000000,4.847167,-48.273828,713.081063,4.857646,48.278249,-0.125229
2120.143756,1016.000000,4.847617,-48.177105,713.086302,4.858365,48.181572,-0.131233
2120.122180,1017.000000,4.845493,-48.079823,713.083267,4.856143,48.084268,-0.129092
2120.069031,1018.000000,4.840235,-47.981864,713.070165,4.850340,47.986206,-0.117040
2120.013043,1019.000000,4.834696,-47.883848,713.056158,4.844215,47.888078,-0.104097
2119.987200,1020.000000,4.832148,-47.786480,713.051759,4.841509,47.790678,-0.100613
2119.975420,1021.000000,4.830996,-47.689414,713.051842,4.840396,47.693615,-0.101541
2119.953293,1022.000000,4.828817,-47.592127,713.048626,4.838111,47.596306,-0.099221
2119.921292,1023.000000,4.825658,-47.494632,713.042261,4.834707,47.498761,-0.093801
2119.906577,1024.000000,4.824214,-47.397505,713.041405,4.833262,47.401631,-0.093805
2119.917709,1025.000000,4.825335,-47.300925,713.048788,4.834747,47.305115,-0.101919
2119.928290,1026.000000,4.826401,-47.204332,713.055994,4.836170,47.208583,-0.109860
2119.915171,1027.000000,4.825116,-47.107237,713.055643,4.834906,47.111489,-0.110361
2119.868899,1028.000000,4.820542,-47.009446,713.044722,4.829883,47.013612,-0.100456
2119.797964,1029.000000,4.813521,-46.911140,713.025939,4.822064,46.915156,-0.082811
2119.729578,1030.000000,4.806753,-46.812893,713.007969,4.814535,46.816765,-0.065965
2119.706193,1031.000000,4.804449,-46.715591,713.004341,4.812107,46.719436,-0.063240
2119.733516,1032.000000,4.807176,-46.619348,713.016875,4.815427,46.623299,-0.076426
2119.768815,1033.000000,4.810694,-46.523267,713.031951,4.819652,46.527345,-0.092114
2119.755615,1034.000000,4.809401,-46.426175,713.031566,4.818379,46.430253,-0.092581
2119.681298,1035.000000,4.802045,-46.327817,713.011698,4.810176,46.331736,-0.073868
2119.594557,1036.000000,4.793457,-46.229208,712.987871,4.800566,46.232935,-0.051256
2119.555139,1037.000000,4.789564,-46.131582,712.979127,4.796321,46.135240,-0.043493
2119.581619,1038.000000,4.792206,-46.035315,712.991384,4.799545,46.039077,-0.056407
2119.612637,1039.000000,4.795300,-45.939138,713.005087,4.803284,45.943015,-0.070743
2119.604931,1040.000000,4.794552,-45.842164,713.006446,4.802633,45.846055,-0.072927
2119.557127,1041.000000,4.789826,-45.744369,712.995023,4.797437,45.748170,-0.062527
2119.488598,1042.000000,4.783045,-45.646154,712.976994,4.789892,45.649811,-0.045624
2119.538454,1043.000000,4.788007,-45.550355,712.996696,4.795765,45.554177,-0.065866
2119.468747,1044.000000,4.781109,-45.452122,712.978289,4.788086,45.455796,-0.048590
2119.501247,1045.000000,4.784349,-45.355966,712.992456,4.791993,45.359760,-0.063384
2119.532283,1046.000000,4.787444,-45.259777,713.006156,4.795733,45.263686,-0.077718
2119.540343,1047.000000,4.788260,-45.163120,713.012532,4.796869,45.167085,-0.084841
2119.497358,1048.000000,4.784012,-45.065433,713.002637,4.792219,45.069320,-0.075944
2119.503922,1049.000000,4.784680,-44.968746,713.008533,4.793185,44.972684,-0.082596
2119.495263,1050.000000,4.783838,-44.871751,713.009577,4.792426,44.875701,-0.084469
2119.461835,1051.000000,4.780538,-44.774260,713.002724,4.788859,44.778157,-0.078568
2119.497545,1052.000000,4.784097,-44.678153,713.017907,4.793129,44.682177,-0.094361
2119.500090,1053.000000,4.784366,-44.581380,713.022518,4.793639,44.585445,-0.099747
2119.497207,1054.000000,4.784096,-44.484498,713.025397,4.793534,44.488590,-0.103427
2119.485545,1055.000000,4.782956,-44.387441,713.025477,4.792435,44.391538,-0.104352
2119.495812,1056.000000,4.783991,-44.290819,713.032546,4.793820,44.294976,-0.112157
2119.407788,1057.000000,4.775277,-44.192252,713.008284,4.784064,44.196214,-0.089116
2119.345960,1058.000000,4.769161,-44.094209,712.992371,4.777278,44.098044,-0.074295
2119.312978,1059.000000,4.765906,-43.996737,712.985651,4.773762,44.000521,-0.068525
2119.306103,1060.000000,4.765241,-43.899780,712.987251,4.773204,43.903580,-0.070946
2119.320134,1061.000000,4.766649,-43.803233,712.995513,4.775016,43.807103,-0.079925
2119.336549,1062.000000,4.768293,-43.706730,713.004533,4.777098,43.710677,-0.089652
2119.327072,1063.000000,4.767370,-43.609719,713.005300,4.776246,43.613676,-0.091252
2119.286108,1064.000000,4.763324,-43.512096,712.996029,4.771824,43.515980,-0.082971
2119.249261,1065.000000,4.759686,-43.414555,712.988071,4.767870,43.418378,-0.075981
2119.217378,1066.000000,4.756541,-43.317113,712.981693,4.764477,43.320887,-0.070548
2119.173675,1067.000000,4.752223,-43.219444,712.971547,4.759746,43.223138,-0.061404
2119.129678,1068.000000,4.747876,-43.121772,712.961307,4.754981,43.125386,-0.052167
2119.103880,1069.000000,4.745335,-43.024454,712.956865,4.752278,43.028034,-0.048640
2119.095285,1070.000000,4.744499,-42.927467,712.957905,4.751526,42.931059,-0.050509
2119.098018,1071.000000,4.744786,-42.830696,712.962553,4.752056,42.834330,-0.055930
2119.123624,1072.000000,4.747342,-42.734362,712.974489,4.755179,42.738096,-0.068528
2119.170624,1073.000000,4.752020,-42.638433,712.993243,4.760727,42.642324,-0.087837
2119.226090,1074.000000,4.757537,-42.542659,713.014695,4.767234,42.546729,-0.109803
2119.260574,1075.000000,4.760974,-42.446482,713.029459,4.771364,42.450676,-0.125184
2119.236043,1076.000000,4.758558,-42.349183,713.025412,4.768805,42.353347,-0.122045
2119.180212,1077.000000,4.753037,-42.251294,713.011388,4.762698,42.255346,-0.109083
2119.119856,1078.000000,4.747068,-42.153323,712.995920,4.756078,42.157252,-0.094700
2119.076706,1079.000000,4.742806,-42.055681,712.985936,4.751409,42.059531,-0.085715
2119.063195,1080.000000,4.741482,-41.958597,712.985397,4.750098,41.962447,-0.086029
2119.059433,1081.000000,4.741126,-41.861696,712.987963,4.749892,41.865570,-0.089401
2119.036655,1082.000000,4.738884,-41.764440,712.984468,4.747532,41.768288,-0.086805
2118.987139,1083.000000,4.733990,-41.666686,712.972451,4.742141,41.670439,-0.075819
2118.927140,1084.000000,4.728058,-41.568741,712.957092,4.735562,41.572372,-0.061542
2118.901046,1085.000000,4.725487,-41.471429,712.952536,4.732826,41.475026,-0.057902
2118.905645,1086.000000,4.725960,-41.374686,712.957761,4.733567,41.378329,-0.063891
2118.899759,1087.000000,4.725393,-41.277748,712.959643,4.733121,41.281410,-0.066589
2118.880068,1088.000000,4.723457,-41.180556,712.957125,4.731110,41.184200,-0.064955
2118.856919,1089.000000,4.721178,-41.083301,712.953503,4.728707,41.086918,-0.062234
2118.837133,1090.000000,4.719233,-40.986108,712.950952,4.726685,40.989709,-0.060568
2118.820691,1091.000000,4.717620,-40.888978,712.949466,4.725042,40.892569,-0.059949
2118.814355,1092.000000,4.717008,-40.792032,712.951198,4.724545,40.795641,-0.062500
2118.821403,1093.000000,4.717723,-40.695330,712.957195,4.725563,40.698991,-0.069249
2118.837355,1094.000000,4.719322,-40.598788,712.966027,4.727591,40.602524,-0.078790
2118.853982,1095.000000,4.720987,-40.502255,712.975074,4.729695,40.506069,-0.088542
2118.861141,1096.000000,4.721714,-40.405549,712.981103,4.730726,40.409416,-0.095323
2118.853756,1097.000000,4.720998,-40.308580,712.982495,4.730109,40.312461,-0.097539
2118.821426,1098.000000,4.717809,-40.211162,712.975936,4.726665,40.214992,-0.091926
2118.765546,1099.000000,4.712286,-40.113323,712.961872,4.720553,40.117042,-0.078924
2118.712911,1100.000000,4.707084,-40.015546,712.948841,4.714809,40.019162,-0.066939
2118.664537,1101.000000,4.702305,-39.917849,712.937168,4.709548,39.921372,-0.056290
2118.632224,1102.000000,4.699118,-39.820441,712.930611,4.706107,39.823914,-0.050679
2118.616666,1103.000000,4.697592,-39.723333,712.929391,4.704563,39.726799,-0.050323
2118.636706,1104.000000,4.699596,-39.626856,712.939514,4.707053,39.630408,-0.061134
2118.702373,1105.000000,4.706123,-39.531183,712.964175,4.714713,39.534940,-0.086260
2118.750891,1106.000000,4.710950,-39.435200,712.983372,4.720430,39.439118,-0.106005
2118.746366,1107.000000,4.710518,-39.338280,712.985663,4.720137,39.342220,-0.109106
2118.698866,1108.000000,4.705825,-39.240605,712.974258,4.714974,39.244454,-0.098722
2118.633199,1109.000000,4.699332,-39.142615,712.957063,4.707753,39.146327,-0.082637
2118.563269,1110.000000,4.692416,-39.044556,712.938510,4.700049,39.048119,-0.065214
2118.502461,1111.000000,4.686404,-38.946661,712.922862,4.693379,38.950099,-0.050652
2118.454889,1112.000000,4.681706,-38.849000,712.911432,4.688209,38.852348,-0.040242
2118.496680,1113.000000,4.685865,-38.752890,712.928473,4.693163,38.756381,-0.057866
2118.470906,1114.000000,4.683327,-38.655609,712.923985,4.690462,38.659066,-0.054292
2118.457402,1115.000000,4.682005,-38.558540,712.923406,4.689151,38.561996,-0.054566
2118.453534,1116.000000,4.681638,-38.461637,712.925896,4.688931,38.465117,-0.057862
2118.451674,1117.000000,4.681471,-38.364768,712.929024,4.688940,38.368277,-0.061786
2118.448373,1118.000000,4.681160,-38.267874,712.931692,4.688784,38.271407,-0.065258
2118.457546,1119.000000,4.682086,-38.171191,712.938334,4.690042,38.174783,-0.072642
2118.483433,1120.000000,4.684670,-38.074792,712.950300,4.693194,38.078485,-0.085268
2118.443366,1121.000000,4.680714,-37.977270,712.941249,4.688873,37.980891,-0.077201
2118.449246,1122.000000,4.681314,-37.880528,712.946838,4.689758,37.884199,-0.083548
2118.459254,1123.000000,4.682323,-37.783855,712.953741,4.691111,37.787585,-0.091189
2118.387613,1124.000000,4.675238,-37.685804,712.934626,4.683213,37.689381,-0.073213
2118.312844,1125.000000,4.667844,-37.587706,712.914514,4.674962,37.591122,-0.054255
2118.246031,1126.000000,4.661238,-37.489746,712.896936,4.667612,37.493022,-0.037792
2118.162141,1127.000000,4.652941,-37.391507,712.873918,4.658328,37.394597,-0.015973
2118.053089,1128.000000,4.642150,-37.292854,712.842885,4.646195,37.295693,0.013739
2117.967313,1129.000000,4.633667,-37.194597,712.819267,4.636699,37.197246,0.036149
2117.957309,1130.000000,4.632693,-37.097603,712.819785,4.635784,37.100260,0.034795
2117.119386,1192.000000,4.550732,-31.080861,712.780177,4.554337,31.083395,0.021497
2115.211223,1340.000000,4.364445,-16.722977,712.696032,4.369731,16.725303,-0.020181
2115.179022,1341.000000,4.361277,-16.625835,712.689226,4.366297,16.628109,-0.014318
2115.112003,1342.000000,4.354664,-16.528439,712.671334,4.358925,16.530570,0.002463
2115.076842,1343.000000,4.351204,-16.431281,712.663584,4.355157,16.433352,0.009256
2115.065010,1344.000000,4.350051,-16.334296,712.663258,4.354027,16.336367,0.008737
2115.025481,1345.000000,4.346159,-16.237110,712.654115,4.349764,16.239110,0.016902
2114.969961,1346.000000,4.340684,-16.139811,712.639880,4.343694,16.141698,0.030081
2114.931592,1347.000000,4.336907,-16.042639,712.631104,4.339562,16.044457,0.037884
2114.903928,1348.000000,4.334188,-15.945546,712.625735,4.336642,15.947323,0.042332
2114.875286,1349.000000,4.331373,-15.848447,712.620053,4.333611,15.850181,0.047089
2114.864199,1350.000000,4.330294,-15.751473,712.619957,4.332564,15.753210,0.046343
2114.876469,1351.000000,4.331526,-15.654663,712.627295,4.334159,15.656463,0.038276
2114.893116,1352.000000,4.333191,-15.557881,712.636025,4.336249,15.559756,0.028839
2114.892020,1353.000000,4.333101,-15.460975,712.639106,4.336332,15.462877,0.024965
2114.872423,1354.000000,4.331181,-15.363940,712.636297,4.334323,15.365823,0.026891
2114.879762,1355.000000,4.331925,-15.267090,712.642060,4.335360,15.269024,0.020375
2114.899709,1356.000000,4.333916,-15.170324,712.651836,4.337823,15.172341,0.009908
2114.905757,1357.000000,4.334533,-15.073462,712.657187,4.338714,15.075525,0.003798
2114.883493,1358.000000,4.332349,-14.976408,712.653523,4.336403,14.978445,0.006566
2114.851280,1359.000000,4.329180,-14.879290,712.646692,4.332968,14.881274,0.012455
2114.861269,1360.000000,4.330187,-14.782452,712.653293,4.334304,14.784494,0.005114
2114.896430,1361.000000,4.333683,-14.685778,712.667906,4.338487,14.687942,-0.010118
2114.909900,1362.000000,4.335034,-14.588958,712.675613,4.340217,14.591189,-0.018548
2114.883273,1363.000000,4.332418,-14.491877,712.670555,4.337413,14.494069,-0.014406
2114.831107,1364.000000,4.327276,-14.394632,712.657365,4.331721,14.396720,-0.002255
2114.779643,1365.000000,4.322203,-14.297396,712.644399,4.326109,14.299381,0.009676
2114.730973,1366.000000,4.317407,-14.200181,712.632321,4.320812,14.202071,0.020731
2114.690698,1367.000000,4.313442,-14.103022,712.622914,4.316465,14.104838,0.029157
2114.680070,1368.000000,4.312409,-14.006052,712.622942,4.315470,14.007871,0.028289
2114.697944,1369.000000,4.314195,-13.909258,712.632042,4.317698,13.911155,0.018488
2114.717993,1370.000000,4.316197,-13.812476,712.641832,4.320171,13.814456,0.008005
2114.715752,1371.000000,4.315993,-13.715554,712.644527,4.320124,13.717560,0.004512
2114.694698,1372.000000,4.313929,-13.618517,712.641232,4.317950,13.620499,0.006918
2114.678376,1373.000000,4.312333,-13.521509,712.639442,4.316311,13.523480,0.007841
2114.659410,1374.000000,4.310475,-13.424486,712.636809,4.314373,13.426439,0.009595
2114.635899,1375.000000,4.308168,-13.327437,712.632728,4.311921,13.329359,0.012775
2114.628160,1376.000000,4.307421,-13.230482,712.633666,4.311252,13.232416,0.011011
2114.636242,1377.000000,4.308239,-13.133620,712.639639,4.312372,13.135605,0.004289
2114.634516,1378.000000,4.308087,-13.036699,712.642489,4.312382,13.038711,0.000643
2114.622074,1379.000000,4.306874,-12.939715,712.641927,4.311182,12.941726,0.000357
2114.614853,1380.000000,4.306179,-12.842762,712.643025,4.310571,12.844785,-0.001564
2114.604993,1381.000000,4.305222,-12.745793,712.643282,4.309663,12.747821,-0.002656
2114.573549,1382.000000,4.302130,-12.648702,712.636668,4.306313,12.650679,0.003019
2114.522285,1383.000000,4.297078,-12.551502,712.623743,4.300723,12.553376,0.014910
2114.465758,1384.000000,4.291506,-12.454276,712.609143,4.294539,12.456034,0.028450
2114.507172,1385.000000,4.295620,-12.357594,712.625715,4.299426,12.359492,0.011289
2114.496838,1386.000000,4.294616,-12.260625,712.625815,4.298464,12.262526,0.010351
2114.499729,1387.000000,4.294921,-12.163728,712.630124,4.298996,12.165667,0.005269
2114.487815,1388.000000,4.293761,-12.066749,712.629718,4.297855,12.068689,0.004829
2114.443156,1389.000000,4.289362,-11.969596,712.618889,4.293012,11.971450,0.014655
2114.390172,1390.000000,4.284141,-11.872401,712.605409,4.287227,11.874148,0.027093
2114.366942,1391.000000,4.281862,-11.775367,712.601399,4.284807,11.777084,0.030203
2114.356829,1392.000000,4.280880,-11.678402,712.601562,4.283869,11.680124,0.029204
2114.331359,1393.000000,4.278380,-11.581357,712.596836,4.281195,11.583044,0.033019
2114.301713,1394.000000,4.275467,-11.484293,712.590780,4.278049,11.485933,0.038145
2114.298595,1395.000000,4.275177,-11.387365,712.593166,4.277902,11.389028,0.034956
2114.331196,1396.000000,4.278419,-11.290617,712.606918,4.281792,11.292396,0.020572
2114.372453,1397.000000,4.282518,-11.193908,712.623425,4.286661,11.195825,0.003475
2114.379262,1398.000000,4.283210,-11.097024,712.628967,4.287636,11.098990,-0.002822
2114.373492,1399.000000,4.282658,-11.000076,712.630504,4.287189,11.002058,-0.005175
2114.385086,1400.000000,4.283823,-10.903213,712.637567,4.288705,10.905256,-0.012970
2114.399265,1401.000000,4.285244,-10.806360,712.645451,4.290513,10.808471,-0.021574
2114.395027,1402.000000,4.284843,-10.709417,712.647472,4.290239,10.711548,-0.024404
2114.368750,1403.000000,4.282263,-10.612369,712.642476,4.287473,10.614462,-0.020322
2114.333638,1404.000000,4.278809,-10.515281,712.634667,4.283708,10.517313,-0.013470
2114.290871,1405.000000,4.274598,-10.418159,712.624420,4.279078,10.420111,-0.004216
2114.236610,1406.000000,4.269251,-10.320988,712.610515,4.273149,10.322829,0.008641
2114.212287,1407.000000,4.266864,-10.223956,712.606137,4.270605,10.225765,0.012114
2114.243640,1408.000000,4.269983,-10.127178,712.619478,4.274353,10.129099,-0.001865
2114.292258,1409.000000,4.274810,-10.030473,712.638314,4.280054,10.032552,-0.021256
2114.318591,1410.000000,4.277433,-9.933665,712.650056,4.283235,9.935843,-0.033660
2114.309637,1411.000000,4.276566,-9.836698,712.650564,4.282428,9.838883,-0.034999
2114.285059,1412.000000,4.274154,-9.739663,712.646099,4.279854,9.741815,-0.031440
2114.275002,1413.000000,4.273178,-9.642692,712.646254,4.278921,9.644848,-0.032431
2114.285420,1414.000000,4.274227,-9.545808,712.652925,4.280303,9.548022,-0.039841
2114.300294,1415.000000,4.275717,-9.448941,712.661014,4.282189,9.451225,-0.048646
2114.295340,1416.000000,4.275246,-9.351989,712.662790,4.281834,9.354291,-0.051234
2114.252347,1417.000000,4.271012,-9.254880,712.652455,4.277178,9.257100,-0.041894
2114.170459,1418.000000,4.262933,-9.157614,712.629740,4.268125,9.159651,-0.020359
2114.088960,1419.000000,4.254892,-9.060355,712.607149,4.259117,9.062211,0.001053
2114.066505,1420.000000,4.252691,-8.963340,712.603349,4.256782,8.965167,0.003957
2114.087058,1421.000000,4.254742,-8.866495,712.613237,4.259310,8.868407,-0.006621
2114.106838,1422.000000,4.256716,-8.769645,712.622878,4.261749,8.771639,-0.016955
2114.099534,1423.000000,4.256013,-8.672688,712.623897,4.261128,8.674693,-0.018797
2114.060953,1424.000000,4.252216,-8.575610,712.614960,4.256971,8.577546,-0.010833
2114.018726,1425.000000,4.248060,-8.478521,712.604861,4.252402,8.480377,-0.001725
2114.009554,1426.000000,4.247171,-8.381558,712.605282,4.251569,8.383421,-0.002977
2114.039142,1427.000000,4.250116,-8.284739,712.618038,4.255117,8.286710,-0.016380
2114.090790,1428.000000,4.255242,-8.187997,712.637815,4.261158,8.190133,-0.036698
2114.135223,1429.000000,4.259655,-8.091223,712.655295,4.266385,8.093506,-0.054754
2114.128960,1430.000000,4.259054,-7.994264,712.656637,4.265881,7.996561,-0.056914
2114.085692,1431.000000,4.254794,-7.897174,712.646198,4.261193,7.899388,-0.047471
2114.043252,1432.000000,4.250616,-7.800089,712.636022,4.256599,7.802224,-0.038286
2114.029841,1433.000000,4.249309,-7.703107,712.635085,4.255287,7.705237,-0.038202
2114.032543,1434.000000,4.249595,-7.606181,712.639276,4.255796,7.608348,-0.043168
2114.011713,1435.000000,4.247554,-7.509174,712.635975,4.253645,7.511317,-0.040754
2113.965548,1436.000000,4.243008,-7.412084,712.624609,4.248630,7.414137,-0.030397
2113.911249,1437.000000,4.237658,-7.314970,712.610653,4.242696,7.316913,-0.017490
2113.859210,1438.000000,4.232531,-7.217868,712.597416,4.237018,7.219705,-0.005290
2113.817394,1439.000000,4.228416,-7.120801,712.587431,4.232495,7.122561,0.003707
2113.794520,1440.000000,4.226173,-7.023797,712.583474,4.230113,7.025527,0.006766
2113.791611,1441.000000,4.225904,-6.926856,712.585870,4.229987,6.928609,0.003568
2113.803232,1442.000000,4.227072,-6.829958,712.592888,4.231503,6.831772,-0.004183
2113.818974,1443.000000,4.228648,-6.733071,712.601217,4.233485,6.734956,-0.013225
2113.823927,1444.000000,4.229156,-6.636150,712.606111,4.234248,6.638078,-0.018884
2113.807191,1445.000000,4.227520,-6.539164,712.604102,4.232559,6.541079,-0.017742
2113.771319,1446.000000,4.223992,-6.442123,712.596000,4.228708,6.443975,-0.010601
2113.733022,1447.000000,4.220225,-6.345078,712.587126,4.224583,6.346860,-0.002698
2113.708941,1448.000000,4.217863,-6.248074,712.582775,4.222064,6.249825,0.000750
2113.697019,1449.000000,4.216703,-6.151106,712.582292,4.220919,6.152855,0.000388
2113.680925,1450.000000,4.215131,-6.054126,712.580480,4.219303,6.055864,0.001334
2113.653817,1451.000000,4.212470,-5.957117,712.575162,4.216442,5.958815,0.005734
2113.614335,1452.000000,4.208586,-5.860077,712.565905,4.212183,5.861703,0.014014
2113.580051,1453.000000,4.205216,-5.763054,712.558301,4.208511,5.764620,0.020666
2113.574834,1454.000000,4.204719,-5.666105,712.559946,4.208124,5.667689,0.018208
2113.595190,1455.000000,4.206750,-5.569220,712.569728,4.210626,5.570887,0.007735
2113.617435,1456.000000,4.208968,-5.472337,712.580111,4.213343,5.474092,-0.003330
2113.621509,1457.000000,4.209390,-5.375408,712.584709,4.214005,5.377203,-0.008697
2113.608401,1458.000000,4.208113,-5.278437,712.583837,4.212726,5.280228,-0.008676
2113.599458,1459.000000,4.207248,-5.181475,712.584291,4.211918,5.183274,-0.009961
2113.605664,1460.000000,4.207880,-5.084548,712.589564,4.212821,5.086393,-0.015993
2113.601206,1461.000000,4.207459,-4.987595,712.591442,4.212520,4.989459,-0.018680
2113.544567,1462.000000,4.201878,-4.890528,712.576712,4.206321,4.892275,-0.005009
2113.519855,1463.000000,4.199455,-4.793534,712.572142,4.203731,4.795246,-0.001345
2113.448981,1464.000000,4.192468,-4.696444,712.552880,4.195924,4.698001,0.016790
2113.423427,1465.000000,4.189961,-4.599452,712.548040,4.193238,4.600973,0.020720
2113.434806,1466.000000,4.191104,-4.502535,712.554951,4.194726,4.504117,0.013074
2113.480692,1467.000000,4.195659,-4.405685,712.572843,4.200113,4.407416,-0.005387
2113.486883,1468.000000,4.196290,-4.308754,712.578101,4.201014,4.310531,-0.011404
2113.527404,1469.000000,4.200315,-4.211885,712.594284,4.205795,4.213798,-0.028182
2113.507028,1470.000000,4.198320,-4.114900,712.591086,4.203694,4.116790,-0.025869
2113.499538,1471.000000,4.197598,-4.017939,712.591986,4.203049,4.019840,-0.027594
2113.426780,1472.000000,4.190425,-3.920864,712.572114,4.195029,3.922605,-0.008857
2113.395894,1473.000000,4.187391,-3.823865,712.565567,4.191740,3.825556,-0.003246
2113.373943,1474.000000,4.185241,-3.726884,712.561862,4.189461,3.728547,-0.000434
2113.357490,1475.000000,4.183633,-3.629912,712.559906,4.187804,3.631562,0.000656
2113.366706,1476.000000,4.184563,-3.532981,712.566117,4.189046,3.534686,-0.006300
2113.383082,1477.000000,4.186201,-3.436059,712.574605,4.191098,3.437837,-0.015499
2113.371190,1478.000000,4.185045,-3.339093,712.574097,4.189956,3.340869,-0.015835
2113.321880,1479.000000,4.180190,-3.242072,712.561679,4.184585,3.243751,-0.004441
2113.258509,1480.000000,4.173945,-3.145036,712.544786,4.177626,3.146579,0.011362
2113.208316,1481.000000,4.169003,-3.048022,712.532086,4.172156,3.049464,0.023034
2113.190213,1482.000000,4.167233,-2.951053,712.529596,4.170312,2.952479,0.024649
2113.213990,1483.000000,4.169602,-2.854139,712.540431,4.173199,2.855656,0.013139
2113.255869,1484.000000,4.173761,-2.757244,712.557026,4.178132,2.758900,-0.004045
2113.276151,1485.000000,4.175785,-2.660318,712.566747,4.180625,2.662058,-0.014458
2113.256925,1486.000000,4.173904,-2.563345,712.563895,4.178653,2.565064,-0.012486
2113.216408,1487.000000,4.169918,-2.466349,712.554266,4.174276,2.467993,-0.003838
2113.182971,1488.000000,4.166632,-2.369363,712.546889,4.170699,2.370950,0.002591
2113.162589,1489.000000,4.164637,-2.272393,712.543665,4.168597,2.273956,0.004930
2113.145570,1490.000000,4.162974,-2.175426,712.541510,4.166875,2.176975,0.006215
2113.116702,1491.000000,4.160140,-2.078449,712.535583,4.163814,2.079953,0.011216
2113.071351,1492.000000,4.155677,-1.981459,712.524411,4.158891,1.982875,0.021384
2113.027628,1493.000000,4.151376,-1.884474,712.513755,4.154152,1.885805,0.031043
2113.017974,1494.000000,4.150441,-1.787518,712.513939,4.153261,1.788855,0.030025
2113.057637,1495.000000,4.154380,-1.690600,712.529814,4.157943,1.692070,0.013550
2113.105090,1496.000000,4.159089,-1.593683,712.548167,4.163504,1.595306,-0.005366
2113.118270,1497.000000,4.160410,-1.496738,712.555614,4.165194,1.498425,-0.013538
2113.106421,1498.000000,4.159259,-1.399775,712.555095,4.164055,1.401461,-0.013864
2113.105666,1499.000000,4.159203,-1.302819,712.558104,4.164170,1.304533,-0.017665
2113.132486,1500.000000,4.161873,-1.205876,712.569888,4.167401,1.207690,-0.030110
2113.153970,1501.000000,4.164016,-1.108928,712.579972,4.170028,1.110828,-0.040881
2113.139961,1502.000000,4.162651,-1.011961,712.578760,4.168646,1.013854,-0.040524
2113.105956,1503.000000,4.159309,-0.914986,712.571184,4.165004,0.916821,-0.033898
2113.065830,1504.000000,4.155363,-0.818011,712.561658,4.160670,0.819771,-0.025352
2113.027341,1505.000000,4.151578,-0.721039,712.552652,4.156522,0.722728,-0.017317
2112.994935,1506.000000,4.148395,-0.624072,712.545581,4.153061,0.625706,-0.011189
2112.967270,1507.000000,4.145680,-0.527107,712.540018,4.150135,0.528699,-0.006546
2112.946383,1508.000000,4.143635,-0.430145,712.536610,4.147975,0.431712,-0.004026
2112.939012,1509.000000,4.142926,-0.333186,712.537502,4.147342,0.334764,-0.005741
2112.938763,1510.000000,4.142921,-0.236227,712.540659,4.147514,0.237834,-0.009688
2112.936722,1511.000000,4.142738,-0.139267,712.543244,4.147483,0.140899,-0.013072
2112.926039,1512.000000,4.141702,-0.042307,712.543078,4.146476,0.043940,-0.013745
2112.913190,1513.000000,4.140452,0.054654,712.542222,4.145224,-0.053024,-0.013738
2112.907460,1514.000000,4.139905,0.151615,712.543630,4.144776,-0.149971,-0.015962
2112.890253,1515.000000,4.138224,0.248575,712.541385,4.143032,-0.246946,-0.014587
2112.859943,1516.000000,4.135248,0.345532,712.534968,4.139807,-0.343952,-0.009104
2112.833449,1517.000000,4.132649,0.442489,712.529765,4.137013,-0.440948,-0.004815
2112.820786,1518.000000,4.131417,0.539447,712.528962,4.135782,-0.537910,-0.004861
2112.808676,1519.000000,4.130240,0.636406,712.528334,4.134614,-0.634870,-0.005079
2112.783736,1520.000000,4.127795,0.733360,712.523621,4.131995,-0.731859,-0.001273
2112.758693,1521.000000,4.125339,0.830312,712.518876,4.129366,-0.828848,0.002565
2112.746443,1522.000000,4.124148,0.927269,712.518199,4.128181,-0.925807,0.002395
2112.740726,1523.000000,4.123603,1.024229,712.519600,4.127734,-1.022752,0.000178
2112.729358,1524.000000,4.122499,1.121186,712.519201,4.126649,-1.119709,-0.000266
2112.713091,1525.000000,4.120911,1.218141,712.517243,4.125011,-1.216677,0.000827
2112.710391,1526.000000,4.120664,1.315103,712.519600,4.124905,-1.313616,-0.002332
2112.735621,1527.000000,4.123176,1.412083,712.530843,4.127954,-1.410501,-0.014244
2112.791028,1528.000000,4.128671,1.509087,712.551689,4.134412,-1.507331,-0.035615
2112.835901,1529.000000,4.133125,1.606089,712.569182,4.139680,-1.604187,-0.053683
2112.814248,1530.000000,4.131005,1.703045,712.565503,4.137433,-1.701170,-0.050896
2112.766016,1531.000000,4.126258,1.799979,712.553364,4.132183,-1.798199,-0.039775
2112.724609,1532.000000,4.122185,1.896915,712.543397,4.127704,-1.895214,-0.030793
2112.688243,1533.000000,4.118612,1.993853,712.535033,4.123795,-1.992217,-0.023390
2112.655688,1534.000000,4.115414,2.090793,712.527880,4.120316,-2.089212,-0.017181
2112.636835,1535.000000,4.113571,2.187744,712.525087,4.118385,-2.186183,-0.015266
2112.620735,1536.000000,4.112000,2.284697,712.523168,4.116764,-2.283148,-0.014211
2112.584022,1537.000000,4.108392,2.381627,712.514689,4.112816,-2.380145,-0.006695
2112.535705,1538.000000,4.103637,2.478543,712.502517,4.107557,-2.477157,0.004459
2112.502641,1539.000000,4.100390,2.575473,712.495196,4.104021,-2.574144,0.010833
2112.486422,1540.000000,4.098807,2.672421,712.493235,4.102387,-2.671104,0.011929
2112.554595,1541.000000,4.105562,2.769473,712.518124,4.110285,-2.767949,-0.013425
2112.536621,1542.000000,4.103806,2.866421,712.515602,4.108453,-2.864915,-0.011776
2112.449983,1543.000000,4.095266,2.963278,712.491230,4.098866,-2.961968,0.011395
2112.452192,1544.000000,4.095503,3.060250,712.495127,4.099314,-3.058905,0.006720
2112.448983,1545.000000,4.095206,3.157215,712.497299,4.099149,-3.155849,0.003744
2112.501198,1546.000000,4.100384,3.254262,712.517104,4.105245,-3.252731,-0.016602
2112.454229,1547.000000,4.095763,3.351165,712.505350,4.100138,-3.349727,-0.005859
2112.415480,1548.000000,4.091955,3.448078,712.496210,4.095959,-3.446711,0.002309
2112.414995,1549.000000,4.091926,3.545049,712.499243,4.096102,-3.543655,-0.001516
2112.459499,1550.000000,4.096343,3.642095,712.516591,4.101327,-3.640555,-0.019441
2112.531166,1551.000000,4.103444,3.739190,712.542581,4.109619,-3.737434,-0.045880
2112.662554,1552.000000,4.116446,3.836395,712.587579,4.124659,-3.834267,-0.091044
2112.752069,1553.000000,4.125312,3.933539,712.619253,4.134970,-3.931149,-0.123082
2111.396335,1575.000000,3.991834,6.063881,712.257663,3.986216,-6.064379,0.214738
2111.566685,1576.000000,4.008671,6.161303,712.314985,4.005639,-6.161328,0.157432
2111.648145,1577.000000,4.016734,6.258491,712.344044,4.015031,-6.258276,0.127970
2111.733428,1578.000000,4.025175,6.355699,712.374319,4.024855,-6.355233,0.097309
2111.843043,1579.000000,4.036020,6.452985,712.412337,4.037426,-6.452204,0.059022
2111.953355,1580.000000,4.046935,6.550284,712.450578,4.050078,-6.549186,0.020513
2112.028760,1581.000000,4.054403,6.647489,712.477716,4.058789,-6.646166,-0.007058
2112.064454,1582.000000,4.057948,6.744582,712.492220,4.063016,-6.743138,-0.022182
2112.089144,1583.000000,4.060407,6.841646,712.503222,4.066001,-6.840108,-0.033856
2112.120451,1584.000000,4.063520,6.938733,712.516329,4.069733,-6.937084,-0.047603
2112.150127,1585.000000,4.066471,7.035818,712.528916,4.073280,-7.034064,-0.060839
2112.159860,1586.000000,4.067453,7.132844,712.535155,4.074576,-7.131035,-0.067821
2112.144011,1587.000000,4.065907,7.229788,712.533254,4.072982,-7.227992,-0.066783
2112.119570,1588.000000,4.063513,7.326705,712.528617,4.070418,-7.324943,-0.063051
2112.098405,1589.000000,4.061442,7.423630,712.525021,4.068223,-7.421895,-0.060344
2112.086899,1590.000000,4.060325,7.520588,712.524497,4.067120,-7.518853,-0.060664
2112.079809,1591.000000,4.059645,7.617560,712.525378,4.066515,-7.615815,-0.062367
2112.065341,1592.000000,4.058235,7.714507,712.523909,4.065077,-7.712771,-0.061756
2112.040492,1593.000000,4.055801,7.811418,712.519136,4.062467,-7.809717,-0.057889
2112.016820,1594.000000,4.053482,7.908331,712.514737,4.059989,-7.906663,-0.054390
2112.017114,1595.000000,4.053531,8.005329,712.517962,4.060218,-8.003632,-0.058403
2112.037992,1596.000000,4.055614,8.102403,712.527736,4.062772,-8.100622,-0.068867
2112.042987,1597.000000,4.056127,8.199421,712.532454,4.063532,-8.197598,-0.074351
2112.021656,1598.000000,4.054040,8.296343,712.528795,4.061318,-8.294547,-0.071581
2111.984241,1599.000000,4.050364,8.393203,712.520016,4.057288,-8.391476,-0.063768
2111.943965,1600.000000,4.046406,8.490051,712.510325,4.052935,-8.488400,-0.055056
2111.913052,1601.000000,4.043372,8.586932,712.503613,4.049640,-8.585332,-0.049279
2111.894827,1602.000000,4.041592,8.683860,712.500937,4.047777,-8.682279,-0.047478
2111.881470,1603.000000,4.040293,8.780807,712.499809,4.046464,-8.779232,-0.047202
2111.872269,1604.000000,4.039404,8.877770,712.500002,4.045621,-8.876190,-0.048227
2111.876780,1605.000000,4.039870,8.974788,712.504556,4.046325,-8.973168,-0.053549
2111.889636,1606.000000,4.041160,9.071841,712.511765,4.047972,-9.070159,-0.061486
2111.893311,1607.000000,4.041543,9.168859,712.516051,4.048583,-9.167138,-0.066544
2111.871320,1608.000000,4.039391,9.265771,712.512169,4.046294,-9.264079,-0.063555
2111.833644,1609.000000,4.035689,9.362617,712.503295,4.042235,-9.360995,-0.055648
2111.818813,1610.000000,4.034245,9.459558,712.501689,4.040755,-9.457945,-0.054901
2111.841912,1611.000000,4.036546,9.556659,712.512151,4.043559,-9.554958,-0.066042
2111.861670,1612.000000,4.038518,9.653750,712.521548,4.045985,-9.651968,-0.076136
2111.844229,1613.000000,4.036816,9.750681,712.519108,4.044210,-9.748916,-0.074567
2111.798947,1614.000000,4.032363,9.847489,712.507808,4.039292,-9.845813,-0.064269
2111.734452,1615.000000,4.026013,9.944208,712.490393,4.032204,-9.942671,-0.047948
2111.662501,1616.000000,4.018927,10.040889,712.470606,4.024274,-10.039512,-0.029289
2111.617497,1617.000000,4.014503,10.137688,712.459392,4.019388,-10.136398,-0.019076
2111.613080,1618.000000,4.014086,10.234668,712.461090,4.019083,-10.233362,-0.021583
2111.626791,1619.000000,4.015461,10.331733,712.468554,4.020826,-10.330362,-0.029772
2111.636221,1620.000000,4.016412,10.428781,712.474654,4.022085,-10.427356,-0.036617
2111.669496,1621.000000,4.019719,10.525942,712.488341,4.026037,-10.524402,-0.050936
2111.723670,1622.000000,4.025090,10.623206,712.508676,4.032348,-10.621497,-0.071805
2111.758209,1623.000000,4.028521,10.720381,712.522764,4.036443,-10.718554,-0.086519
2111.754537,1624.000000,4.028179,10.817376,712.524691,4.036223,-10.815530,-0.089253
2111.733724,1625.000000,4.026143,10.914288,712.521163,4.034067,-10.912467,-0.086612
2111.727718,1626.000000,4.025570,11.011272,712.522346,4.033583,-11.009438,-0.088612
2111.736187,1627.000000,4.026427,11.108328,712.528133,4.034734,-11.106443,-0.095148
2111.753767,1628.000000,4.028184,11.205431,712.536818,4.036913,-11.203472,-0.104540
2111.757716,1629.000000,4.028595,11.302468,712.541165,4.037554,-11.300471,-0.109657
2111.729939,1630.000000,4.025871,11.399345,712.535415,4.034611,-11.397391,-0.104826
2111.685942,1631.000000,4.021546,11.496137,712.524502,4.029837,-11.494269,-0.094910
2111.653059,1632.000000,4.018318,11.592983,712.517124,4.026318,-11.591173,-0.088477
2111.631833,1633.000000,4.016242,11.689889,712.513455,4.024115,-11.688105,-0.085696
2111.614136,1634.000000,4.014515,11.786812,712.510907,4.022310,-11.785046,-0.084021
2111.599355,1635.000000,4.013075,11.883750,712.509287,4.020835,-11.881994,-0.083259
2111.576592,1636.000000,4.010847,11.980645,712.505125,4.018459,-11.978920,-0.079994
2111.527286,1637.000000,4.005998,12.077396,712.492516,4.013086,-12.075770,-0.068406
2111.538020,1638.000000,4.007079,12.174470,712.499010,4.014491,-12.172788,-0.075639
2111.498092,1639.000000,4.003156,12.271267,712.489383,4.010177,-12.269661,-0.066989
2111.496145,1640.000000,4.002984,12.368273,712.491840,4.010151,-12.366643,-0.070244
2111.509247,1641.000000,4.004298,12.465363,712.499083,4.011823,-12.463671,-0.078215
2111.515633,1642.000000,4.004949,12.562417,712.504189,4.012738,-12.560680,-0.084080
2111.499392,1643.000000,4.003366,12.659345,712.502094,4.011098,-12.657621,-0.082850
2111.454685,1644.000000,3.998971,12.756110,712.490940,4.006243,-12.754475,-0.072695
2111.399436,1645.000000,3.993535,12.852811,712.476431,4.000199,-12.851292,-0.059236
2111.352888,1646.000000,3.988959,12.949559,712.464690,3.995137,-12.948133,-0.048502
2111.330346,1647.000000,3.986753,13.046444,712.460585,3.992786,-13.045048,-0.045293
2111.327556,1648.000000,3.986498,13.143444,712.462763,3.992664,-13.142027,-0.048274
2111.319800,1649.000000,3.985753,13.240415,712.463361,3.991981,-13.238990,-0.049697
2111.302725,1650.000000,3.984087,13.337331,712.460992,3.990247,-13.335922,-0.048197
2111.288697,1651.000000,3.982722,13.434265,712.459591,3.988856,-13.432863,-0.047651
2111.287295,1652.000000,3.982604,13.531274,712.462206,3.988891,-13.529848,-0.051062
2111.304525,1653.000000,3.984326,13.628398,712.470748,3.991029,-13.626899,-0.060312
2111.345231,1654.000000,3.988366,13.725669,712.486758,3.995818,-13.724035,-0.076920
2111.393338,1655.000000,3.993138,13.822989,712.505123,4.001442,-13.821202,-0.095848
2111.439262,1656.000000,3.997694,13.920301,712.522793,4.006820,-13.918366,-0.114091
2111.447108,1657.000000,3.998489,14.017380,712.528345,4.007899,-14.015396,-0.120396
2111.417025,1658.000000,3.995539,14.114220,712.521826,4.004695,-14.112287,-0.114808
2111.393548,1659.000000,3.993241,14.211101,712.517409,4.002237,-14.209201,-0.111290
2111.376365,1660.000000,3.991564,14.308022,712.514993,4.000490,-14.306138,-0.109744
2111.342450,1661.000000,3.988235,14.404834,712.507252,3.996853,-14.403010,-0.102952
2111.299486,1662.000000,3.984013,14.501585,712.496630,3.992195,-14.499845,-0.093321
2111.282042,1663.000000,3.982311,14.598500,712.494127,3.990418,-14.596777,-0.091690
2111.297821,1664.000000,3.983890,14.695632,712.502195,3.992392,-14.693840,-0.100472
2111.327359,1665.000000,3.986827,14.792858,712.514639,3.995920,-14.790961,-0.113567
2111.359305,1666.000000,3.990003,14.890103,712.527849,3.999719,-14.888095,-0.127416
2111.387326,1667.000000,3.992791,14.987326,712.539810,4.003076,-14.985216,-0.140035
2111.354206,1668.000000,3.989541,15.084140,712.532312,3.999528,-15.082088,-0.133482
2111.255050,1669.000000,3.979769,15.180504,712.503801,3.988525,-15.178682,-0.106225
2111.151715,1670.000000,3.969586,15.276832,712.473960,3.977051,-15.275251,-0.077659
2111.071816,1671.000000,3.961717,15.373313,712.451577,3.968224,-15.371912,-0.056441
2111.033814,1672.000000,3.957986,15.470078,712.442524,3.964126,-15.468748,-0.048355
2111.052389,1673.000000,3.959840,15.567233,712.451468,3.966415,-15.565827,-0.058002
2111.100615,1674.000000,3.964623,15.664599,712.469846,3.972051,-15.663039,-0.076942
2111.108662,1675.000000,3.965438,15.761687,712.475439,3.973152,-15.760078,-0.083287
2111.092094,1676.000000,3.963823,15.858602,712.473200,3.971473,-15.857008,-0.081914
2111.093512,1677.000000,3.963983,15.955645,712.476681,3.971825,-15.954019,-0.086179
2111.122564,1678.000000,3.966873,16.052887,712.488955,3.975297,-16.051157,-0.099105
2111.169776,1679.000000,3.971555,16.150263,712.507006,3.980819,-16.148383,-0.117724
2111.209412,1680.000000,3.975490,16.247590,712.522645,3.985485,-16.245578,-0.133967
2111.222492,1681.000000,3.976803,16.344727,712.529834,3.987154,-16.342653,-0.141883
2111.193231,1682.000000,3.973934,16.441555,712.523547,3.984042,-16.439530,-0.136523
2111.119760,1683.000000,3.966699,16.538055,712.503192,3.975939,-16.536193,-0.117302
2111.040164,1684.000000,3.958861,16.634504,712.480887,3.967145,-16.632821,-0.096160
2110.991114,1685.000000,3.954038,16.731175,712.468302,3.961799,-16.729592,-0.084594
2110.986257,1686.000000,3.953579,16.828175,712.469776,3.961442,-16.826576,-0.086880
2110.998889,1687.000000,3.954848,16.925308,712.476813,3.963060,-16.923648,-0.094648
2111.000150,1688.000000,3.954993,17.022356,712.480232,3.963394,-17.020666,-0.098850
2110.982767,1689.000000,3.953297,17.119263,712.477716,3.961623,-17.117590,-0.097205
2110.948825,1690.000000,3.949967,17.216042,712.469931,3.957982,-17.214429,-0.090369
2110.914710,1691.000000,3.946619,17.312818,712.462090,3.954322,-17.311266,-0.083477
2110.898517,1692.000000,3.945041,17.409730,712.459951,3.952686,-17.408193,-0.082203
2110.894098,1693.000000,3.944626,17.506735,712.461555,3.952378,-17.505181,-0.084618
2110.886397,1694.000000,3.943886,17.603714,712.462115,3.951700,-17.602153,-0.086002
2110.867269,1695.000000,3.942018,17.700603,712.459037,3.949732,-17.699064,-0.083804
2110.831234,1696.000000,3.938482,17.797357,712.450580,3.945855,-17.795884,-0.076305
2110.790497,1697.000000,3.934481,17.894072,712.440625,3.941448,-17.892676,-0.067330
2110.795878,1698.000000,3.935033,17.991154,712.445342,3.942246,-17.989716,-0.072811
2110.846790,1699.000000,3.940080,18.088606,712.464543,3.948184,-18.087008,-0.092563
2110.892590,1700.000000,3.944623,18.186021,712.482118,3.953545,-18.184276,-0.110713
2110.909703,1701.000000,3.946333,18.283207,712.490564,3.955667,-18.281390,-0.119869
2110.909442,1702.000000,3.946328,18.380253,712.493481,3.955829,-18.378408,-0.123576
2110.910709,1703.000000,3.946474,18.477312,712.496883,3.956162,-18.475437,-0.127762
2110.898486,1704.000000,3.945288,18.574261,712.495992,3.954973,-18.572389,-0.127717
2110.854189,1705.000000,3.940936,18.670941,712.484893,3.950163,-18.669157,-0.117615
2110.796356,1706.000000,3.935247,18.767505,712.469487,3.943826,-18.765844,-0.103269
2110.744695,1707.000000,3.930167,18.864118,712.456044,3.938185,-18.862563,-0.090857
2110.693816,1708.000000,3.925165,18.960733,712.442848,3.932633,-18.959283,-0.078690
2110.648150,1709.000000,3.920678,19.057389,712.431311,3.927669,-19.056031,-0.068155
2110.618705,1710.000000,3.917792,19.154181,712.424933,3.924536,-19.152872,-0.062705
2110.620610,1711.000000,3.918001,19.251241,712.428528,3.924941,-19.249899,-0.067080
2110.649939,1712.000000,3.920917,19.348539,712.440846,3.928441,-19.347093,-0.080050
2110.679464,1713.000000,3.923853,19.445843,712.453226,3.931964,-19.444292,-0.093081
2110.688554,1714.000000,3.924771,19.542971,712.459103,3.933180,-19.541369,-0.099705
2110.662619,1715.000000,3.922232,19.639794,712.453835,3.930443,-19.638232,-0.095348
2110.617407,1716.000000,3.917790,19.736445,712.442433,3.925530,-19.734973,-0.084947
2110.586390,1717.000000,3.914749,19.833220,712.435546,3.922219,-19.831801,-0.078995
2110.576932,1718.000000,3.913836,19.930184,712.435517,3.921342,-19.928762,-0.079800
2110.572790,1719.000000,3.913448,20.027196,712.437178,3.921064,-20.025757,-0.082270
2110.551404,1720.000000,3.911358,20.124054,712.433352,3.918840,-20.122643,-0.079333
2110.507050,1721.000000,3.907001,20.220703,712.422217,3.914024,-20.219380,-0.069195
2110.547843,1722.000000,3.911049,20.318122,712.438170,3.918818,-20.316666,-0.085747
2110.552812,1723.000000,3.911560,20.415219,712.442725,3.919568,-20.413722,-0.091068
2110.554256,1724.000000,3.911724,20.512285,712.446157,3.919921,-20.510757,-0.095283
2110.533037,1725.000000,3.909650,20.609144,712.442378,3.917716,-20.607643,-0.092392
2110.512409,1726.000000,3.907635,20.706007,712.438785,3.915577,-20.704532,-0.089685
2110.505711,1727.000000,3.906995,20.802998,712.439623,3.915011,-20.801514,-0.091344
2110.509713,1728.000000,3.907411,20.900090,712.443864,3.915652,-20.898567,-0.096356
2110.521069,1729.000000,3.908553,20.997252,712.450444,3.917123,-20.995672,-0.103672
2110.531833,1730.000000,3.909637,21.094411,712.456834,3.918527,-21.092775,-0.110801
2110.527928,1731.000000,3.909272,21.191432,712.458556,3.918276,-21.189779,-0.113331
2110.514691,1732.000000,3.907987,21.288365,712.457307,3.916971,-21.286720,-0.112934
2110.508501,1733.000000,3.907397,21.385366,712.458300,3.916462,-21.383709,-0.114745
2110.514149,1734.000000,3.907975,21.482480,712.463057,3.917289,-21.480781,-0.120266
2110.512959,1735.000000,3.907879,21.579530,712.465638,3.917344,-21.577806,-0.123642
2110.485345,1736.000000,3.905174,21.676325,712.459810,3.914416,-21.674645,-0.118732
2110.447869,1737.000000,3.901496,21.773022,712.450843,3.910375,-21.771413,-0.110730
2110.419676,1738.000000,3.898734,21.869808,712.444829,3.907383,-21.868244,-0.105637
2110.401392,1739.000000,3.896951,21.966689,712.441966,3.905508,-21.965146,-0.103649
2110.372074,1740.000000,3.894078,22.063461,712.435592,3.902388,-22.061967,-0.098201
2110.340546,1741.000000,3.890987,22.160210,712.428513,3.899019,-22.158770,-0.092059
2110.321001,1742.000000,3.889079,22.257076,712.425245,3.897002,-22.255660,-0.089672
2110.304814,1743.000000,3.887502,22.353974,712.423044,3.895364,-22.352573,-0.088337
2110.288080,1744.000000,3.885872,22.450867,712.420669,3.893664,-22.449482,-0.086829
2110.275773,1745.000000,3.884678,22.547804,712.419700,3.892464,-22.546423,-0.086707
2110.263691,1746.000000,3.883507,22.644743,712.418802,3.891289,-22.643366,-0.086655
2110.244623,1747.000000,3.881646,22.741610,712.415680,3.889326,-22.740257,-0.084412
2110.217692,1748.000000,3.879009,22.838397,712.410055,3.886476,-22.837086,-0.079702
2110.194410,1749.000000,3.876733,22.935220,712.405591,3.884037,-22.933942,-0.076136
2110.174766,1750.000000,3.874815,23.032079,712.402282,3.882009,-23.030825,-0.073708
2110.140401,1751.000000,3.871445,23.128785,712.394289,3.878319,-23.127594,-0.066665
2110.091042,1752.000000,3.866595,23.225334,712.381525,3.872938,-23.224244,-0.054921
2110.046653,1753.000000,3.862235,23.321931,712.370341,3.868117,-23.320929,-0.044734
2110.027827,1754.000000,3.860399,23.418793,712.367288,3.866182,-23.417812,-0.042558
2110.039908,1755.000000,3.861612,23.515979,712.374065,3.867733,-23.514939,-0.050069
2110.051664,1756.000000,3.862793,23.613163,712.380738,3.869247,-23.612066,-0.057476
2110.040388,1757.000000,3.861702,23.710105,712.380083,3.868163,-23.709010,-0.057663
2110.032366,1758.000000,3.860931,23.807082,712.380461,3.867446,-23.805980,-0.058868
2110.038809,1759.000000,3.861589,23.904213,712.385440,3.868361,-23.903068,-0.064607
2110.039450,1760.000000,3.861673,24.001284,712.388572,3.868621,-24.000110,-0.068526
2110.011158,1761.000000,3.858902,24.098044,712.382499,3.865616,-24.096916,-0.063374
2109.946393,1762.000000,3.852532,24.194408,712.364823,3.858497,-24.193422,-0.046789
2109.867492,1763.000000,3.844768,24.290615,712.342650,3.849783,-24.289807,-0.025773
2109.855073,1764.000000,3.843564,24.387539,712.341622,3.848569,-24.386737,-0.025593
2109.917900,1765.000000,3.849784,24.485287,712.364528,3.855845,-24.484294,-0.048996
2107.868283,1977.000000,3.652308,45.042315,712.304390,3.663408,-45.041125,-0.165843
2107.754072,1978.000000,3.641071,45.137183,712.270720,3.650709,-45.136265,-0.133487
2107.621134,1979.000000,3.627988,45.231663,712.231096,3.635900,-45.231067,-0.095262
2107.528861,1980.000000,3.618916,45.326957,712.204407,3.625676,-45.326576,-0.069787
2107.545670,1981.000000,3.620595,45.424457,712.212411,3.627748,-45.424007,-0.078504
2107.500895,1982.000000,3.616205,45.520707,712.200827,3.622879,-45.520349,-0.067916
2107.464900,1983.000000,3.612680,45.617133,712.192035,3.618999,-45.616844,-0.060079
2107.433671,1984.000000,3.609625,45.713655,712.184757,3.615656,-45.713421,-0.053735
2107.420923,1985.000000,3.608391,45.810553,712.183356,3.614397,-45.810328,-0.053182
2107.446578,1986.000000,3.610942,45.908238,712.194166,3.617466,-45.907921,-0.064666
2107.488370,1987.000000,3.615085,46.006258,712.210108,3.622354,-46.005807,-0.081207
2107.488330,1988.000000,3.615104,46.103421,712.212745,3.622526,-46.102946,-0.084635
2107.434465,1989.000000,3.609817,46.199474,712.198262,3.616632,-46.199114,-0.071189
2107.353492,1990.000000,3.601859,46.294962,712.175156,3.607682,-46.294788,-0.049244
2107.279048,1991.000000,3.594545,46.390580,712.154128,3.599469,-46.390575,-0.029347
2107.233118,1992.000000,3.590042,46.486785,712.142166,3.594470,-46.486874,-0.018386
2107.212238,1993.000000,3.588007,46.583508,712.138169,3.592294,-46.583627,-0.015275
2107.208841,1994.000000,3.587695,46.680594,712.139730,3.592088,-46.680697,-0.017643
2107.222720,1995.000000,3.589086,46.778043,712.146784,3.593828,-46.778084,-0.025424
2107.245881,1996.000000,3.591391,46.875687,712.156789,3.596615,-46.875644,-0.036113
2107.269177,1997.000000,3.593710,46.973338,712.166835,3.599417,-46.973209,-0.046843
2107.288794,1998.000000,3.595667,47.070914,712.175710,3.601805,-47.070709,-0.056420
2107.295584,1999.000000,3.596359,47.168222,712.180506,3.602747,-47.167975,-0.061975
2107.278019,2000.000000,3.594651,47.265018,712.177554,3.600944,-47.264792,-0.059894
2107.241817,2001.000000,3.591106,47.361418,712.168674,3.597040,-47.361262,-0.051970
2107.210345,2002.000000,3.588027,47.457917,712.161298,3.593670,-47.457818,-0.045528
2107.209723,2003.000000,3.587989,47.555070,712.163731,3.593776,-47.554947,-0.048755
2107.224848,2004.000000,3.589503,47.652558,712.171170,3.595657,-47.652371,-0.056916
2107.227431,2005.000000,3.589780,47.749781,712.174620,3.596124,-47.749563,-0.061145
2107.219811,2006.000000,3.589052,47.846787,712.174824,3.595442,-47.846564,-0.062174
2107.213929,2007.000000,3.588496,47.943831,712.175580,3.594955,-47.943598,-0.063747
2107.207010,2008.000000,3.587837,48.040853,712.176004,3.594352,-48.040613,-0.064994
2107.194585,2009.000000,3.586635,48.137757,712.174676,3.593127,-48.137525,-0.064514
2107.182754,2010.000000,3.585492,48.234673,712.173536,3.591970,-48.234447,-0.064218
2107.176346,2011.000000,3.584884,48.331706,712.174119,3.591424,-48.331473,-0.065622
2107.176716,2012.000000,3.584944,48.428887,712.176857,3.591642,-48.428627,-0.069148
2107.179952,2013.000000,3.585286,48.526130,712.180505,3.592182,-48.525838,-0.073572
2107.175660,2014.000000,3.584886,48.623211,712.181758,3.591875,-48.622905,-0.075635
2107.160816,2015.000000,3.583446,48.720063,712.179653,3.590378,-48.719771,-0.074390
2107.144573,2016.000000,3.581868,48.816885,712.177103,3.588723,-48.816610,-0.072704
2107.126396,2017.000000,3.580100,48.913663,712.173936,3.586850,-48.913411,-0.070411
2107.103825,2018.000000,3.577899,49.010344,712.169370,3.584482,-49.010127,-0.066739
2107.079465,2019.000000,3.575521,49.106986,712.164235,3.581912,-49.106807,-0.062505
2107.057566,2020.000000,3.573386,49.203680,712.159881,3.579620,-49.203533,-0.059042
2107.032792,2021.000000,3.570968,49.300310,712.154611,3.577004,-49.300203,-0.054676
2106.992131,2022.000000,3.566985,49.396588,712.144288,3.572597,-49.396562,-0.045330
2106.953749,2023.000000,3.563225,49.492913,712.134689,3.568447,-49.492963,-0.036696
2106.938459,2024.000000,3.561742,49.589748,712.132432,3.566900,-49.589814,-0.035300
2106.944725,2025.000000,3.562383,49.687061,712.137029,3.567781,-49.687086,-0.040659
2106.960997,2026.000000,3.564009,49.784599,712.144806,3.569790,-49.784556,-0.049153
2106.975344,2027.000000,3.565446,49.882095,712.151971,3.571582,-49.881991,-0.057043
2106.989996,2028.000000,3.566913,49.979601,712.159231,3.573409,-49.979433,-0.065027
2107.006444,2029.000000,3.568557,50.077148,712.167061,3.575437,-50.076914,-0.073573
2107.017362,2030.000000,3.569657,50.174575,712.173132,3.576843,-50.174287,-0.080385
2107.015572,2031.000000,3.569504,50.271717,712.175160,3.576816,-50.271410,-0.083212
2107.009630,2032.000000,3.568941,50.368767,712.175866,3.576322,-50.368451,-0.084736
2107.011596,2033.000000,3.569158,50.465996,712.179086,3.576718,-50.465650,-0.088738
2106.996741,2034.000000,3.567718,50.562846,712.176955,3.575219,-50.562514,-0.087465
2106.935899,2035.000000,3.561745,50.658655,712.160197,3.568538,-50.658457,-0.071776
2106.865213,2036.000000,3.554803,50.754236,712.140308,3.560747,-50.754198,-0.053000
2106.834419,2037.000000,3.551792,50.850718,712.133105,3.557452,-50.850736,-0.046728
2106.849379,2038.000000,3.553289,50.948240,712.140451,3.559312,-50.948194,-0.054796
2106.860856,2039.000000,3.554444,51.045685,712.146688,3.560780,-51.045584,-0.061772
2106.849599,2040.000000,3.553358,51.142612,712.145694,3.559687,-51.142517,-0.061620
2106.830088,2041.000000,3.551458,51.239350,712.142074,3.557663,-51.239281,-0.058880
2106.822896,2042.000000,3.550773,51.336370,712.142371,3.557027,-51.336295,-0.060000
2106.833929,2043.000000,3.551884,51.433809,712.148462,3.558445,-51.433681,-0.066832
2106.848765,2044.000000,3.553369,51.531337,712.155761,3.560291,-51.531147,-0.074855
2106.855959,2045.000000,3.554101,51.628692,712.160630,3.561276,-51.628458,-0.080481
2106.850341,2046.000000,3.553571,51.725752,712.161422,3.560818,-51.725508,-0.082090
2106.828950,2047.000000,3.551486,51.822447,712.157196,3.558581,-51.822234,-0.078753
2106.793747,2048.000000,3.548041,51.918820,712.148577,3.554789,-51.918675,-0.071085
2106.763620,2049.000000,3.545096,52.015310,712.141571,3.551568,-52.015219,-0.065007
2106.754673,2050.000000,3.544238,52.112291,712.141300,3.550734,-52.112199,-0.065568
2106.759741,2051.000000,3.544760,52.209599,712.145484,3.551479,-52.209470,-0.070520
2106.766312,2052.000000,3.545431,52.306944,712.150146,3.552394,-52.306773,-0.075942
2106.771020,2053.000000,3.545919,52.404246,712.154214,3.553099,-52.404039,-0.080780
2106.774789,2054.000000,3.546313,52.501528,712.157982,3.553698,-52.501286,-0.085322
2106.772487,2055.000000,3.546110,52.598668,712.159818,3.553612,-52.598408,-0.087959
2106.755072,2056.000000,3.544417,52.695453,712.156846,3.551824,-52.695215,-0.085858
2106.725479,2057.000000,3.541525,52.791951,712.150000,3.548663,-52.791765,-0.079937
2106.686537,2058.000000,3.537711,52.888225,712.140180,3.544449,-52.888117,-0.071085
2106.631898,2059.000000,3.532351,52.984126,712.125367,3.538466,-52.984136,-0.057311
2106.571853,2060.000000,3.526459,53.079895,712.108834,3.531874,-53.080037,-0.041843
2106.539278,2061.000000,3.523273,53.176312,712.101036,3.528378,-53.176514,-0.034984
2106.551131,2062.000000,3.524464,53.273785,712.107364,3.529887,-53.273932,-0.042049
2106.588900,2063.000000,3.528209,53.371877,712.121933,3.534316,-53.371902,-0.057237
2106.602671,2064.000000,3.529589,53.469401,712.128869,3.536041,-53.469365,-0.064902
2106.574516,2065.000000,3.526838,53.565923,712.122471,3.533042,-53.565937,-0.059423
2106.543669,2066.000000,3.523823,53.662379,712.115216,3.529740,-53.662449,-0.053099
2106.552331,2067.000000,3.524700,53.759783,712.120524,3.530889,-53.759806,-0.059159
2106.590840,2068.000000,3.528517,53.857906,712.135323,3.535402,-53.857805,-0.074574
2106.608832,2069.000000,3.530314,53.955539,712.143596,3.537602,-53.955367,-0.083556
2106.598641,2070.000000,3.529333,54.052494,712.142905,3.536627,-54.052324,-0.083702
2106.576825,2071.000000,3.527207,54.149167,712.138516,3.534343,-54.149030,-0.080203
2106.540269,2072.000000,3.523629,54.245483,712.129438,3.530397,-54.245416,-0.072082
2106.484941,2073.000000,3.518201,54.341340,712.114388,3.524336,-54.341394,-0.058075
2106.527867,2074.000000,3.522454,54.439583,712.130585,3.529346,-54.439501,-0.074867
2106.544435,2075.000000,3.524110,54.537189,712.138398,3.531386,-54.537040,-0.083396
2106.496149,2076.000000,3.519376,54.633214,712.125584,3.526118,-54.633166,-0.071593
2106.498584,2077.000000,3.519640,54.730476,712.128900,3.526565,-54.730398,-0.075689
2106.477025,2078.000000,3.517539,54.827151,712.124584,3.524309,-54.827105,-0.072262
2106.459858,2079.000000,3.515872,54.923933,712.121664,3.522548,-54.923908,-0.070210
2106.480159,2080.000000,3.517895,55.021636,712.130657,3.525008,-55.021534,-0.079903
2106.516097,2081.000000,3.521460,55.119726,712.144624,3.529230,-55.119507,-0.094497
2106.540486,2082.000000,3.523887,55.217536,712.154916,3.532151,-55.217229,-0.105470
2106.562766,2083.000000,3.526106,55.315296,712.164537,3.534835,-55.314907,-0.115781
2106.580732,2084.000000,3.527900,55.412953,712.172785,3.537032,-55.412493,-0.124739
2106.569603,2085.000000,3.526827,55.509890,712.171777,3.535950,-55.509435,-0.124573
2106.525398,2086.000000,3.522495,55.606006,712.160249,3.531142,-55.605642,-0.114036
2106.488826,2087.000000,3.518915,55.702308,712.151146,3.527193,-55.702016,-0.105890
2106.501511,2088.000000,3.520189,55.799837,712.157709,3.528795,-55.799487,-0.113187
2106.539502,2089.000000,3.523956,55.897999,712.172320,3.533249,-55.897527,-0.128417
2106.555238,2090.000000,3.525530,55.995609,712.179852,3.535195,-55.995072,-0.136668
2106.533389,2091.000000,3.523401,56.092279,712.175427,3.532905,-56.091775,-0.133134
2106.487109,2092.000000,3.518865,56.188335,712.163231,3.527862,-56.187927,-0.121939
2106.520081,2093.000000,3.522137,56.286381,712.176241,3.531750,-56.285863,-0.135590
2106.487140,2094.000000,3.518915,56.382770,712.168285,3.528210,-56.382314,-0.128575
2106.482931,2095.000000,3.518524,56.479882,712.169466,3.527908,-56.479414,-0.130567
2106.436328,2096.000000,3.513956,56.575924,712.157162,3.522829,-56.575552,-0.119265
2106.493400,2097.000000,3.519604,56.674587,712.177833,3.529433,-56.674043,-0.140468
2106.511451,2098.000000,3.521406,56.772266,712.186091,3.531639,-56.771652,-0.149436
2106.476871,2099.000000,3.518023,56.868611,712.177608,3.527914,-56.868062,-0.141901
2106.441294,2100.000000,3.514541,56.964928,712.168806,3.524077,-56.964448,-0.134051
2106.436118,2101.000000,3.514055,57.062018,712.169672,3.523666,-57.061528,-0.135732
2106.436541,2102.000000,3.514121,57.159251,712.172319,3.523886,-57.158736,-0.139168
2106.496524,2103.000000,3.520055,57.258009,712.193910,3.530817,-57.257315,-0.161278
2106.429753,2104.000000,3.513499,57.353525,712.175180,3.523464,-57.352981,-0.143642
2106.375505,2105.000000,3.508178,57.449358,712.160433,3.517524,-57.448931,-0.129933
2106.357939,2106.000000,3.506471,57.546130,712.157353,3.515716,-57.545725,-0.127723
2106.391019,2107.000000,3.509755,57.644206,712.170381,3.519615,-57.643690,-0.141393
2106.432648,2108.000000,3.513880,57.742506,712.186127,3.524478,-57.741859,-0.157742
2106.409658,2109.000000,3.511639,57.839141,712.181318,3.522059,-57.838529,-0.153828
2106.316151,2110.000000,3.502450,57.933949,712.154077,3.511694,-57.933557,-0.127802
2106.203120,2111.000000,3.491338,58.028244,712.120628,3.499130,-58.028123,-0.095656
2106.119410,2112.000000,3.483116,58.123291,712.096505,3.489871,-58.123365,-0.072704
2106.089030,2113.000000,3.480147,58.219720,712.089342,3.486620,-58.219849,-0.066469
2106.106399,2114.000000,3.481882,58.317391,712.097362,3.488748,-58.317451,-0.075202
2106.142425,2115.000000,3.485454,58.415551,712.111315,3.492977,-58.415494,-0.089783
2106.179198,2116.000000,3.489101,58.513735,712.125505,3.497292,-58.513558,-0.104598
2106.211676,2117.000000,3.492325,58.611811,712.138329,3.501122,-58.611526,-0.118066
2106.226609,2118.000000,3.493820,58.709430,712.145571,3.502976,-58.709082,-0.126032
2106.208171,2119.000000,3.492027,58.806175,712.142197,3.501069,-58.805851,-0.123533
2106.179835,2120.000000,3.489260,58.902658,712.135675,3.498048,-58.902385,-0.117930
2106.177846,2121.000000,3.489088,58.999834,712.137531,3.497995,-58.999543,-0.120587
2106.193750,2122.000000,3.490678,59.097484,712.145077,3.499958,-59.097127,-0.128852
2106.196787,2123.000000,3.491002,59.194795,712.148530,3.500471,-59.194407,-0.133082
2106.187034,2124.000000,3.490065,59.291769,712.147913,3.499543,-59.291383,-0.133301
2106.173289,2125.000000,3.488735,59.388637,712.146026,3.498165,-59.388263,-0.132267
2106.156437,2126.000000,3.487099,59.485422,712.143148,3.496437,-59.485069,-0.130257
2106.124869,2127.000000,3.484013,59.581815,712.135589,3.493051,-59.581520,-0.123633
2106.074474,2128.000000,3.479072,59.677704,712.122041,3.487544,-59.677517,-0.111104
2106.037990,2129.000000,3.475502,59.773961,712.112917,3.483605,-59.773845,-0.102935
2106.053616,2130.000000,3.477065,59.871610,712.120364,3.485536,-59.871430,-0.111104
2106.087797,2131.000000,3.480457,59.969758,712.133713,3.489557,-59.969465,-0.125089
2106.080459,2132.000000,3.479758,60.066796,712.133854,3.488901,-60.066499,-0.126055
2106.025506,2133.000000,3.474368,60.162554,712.118850,3.482880,-60.162377,-0.112091
2105.969307,2134.000000,3.468857,60.258275,712.103450,3.476719,-60.258220,-0.097736
2105.950060,2135.000000,3.466985,60.354988,712.099800,3.474721,-60.354960,-0.094965
2105.964029,2136.000000,3.468385,60.452598,712.106714,3.476465,-60.452510,-0.102606
2105.987439,2137.000000,3.470715,60.550465,712.116629,3.479273,-60.550293,-0.113207
2106.000797,2138.000000,3.472055,60.648063,712.123346,3.480948,-60.647832,-0.120655
2105.991330,2139.000000,3.471146,60.745044,712.122802,3.480052,-60.744814,-0.120945
2105.963448,2140.000000,3.468424,60.841523,712.116400,3.477081,-60.841343,-0.115461
2105.929703,2141.000000,3.465124,60.937842,712.108132,3.473449,-60.937726,-0.108137
2105.895439,2142.000000,3.461773,61.034145,712.099698,3.469759,-61.034095,-0.100649
2105.863661,2143.000000,3.458667,61.130513,712.092053,3.466349,-61.130522,-0.093939
2105.835734,2144.000000,3.455940,61.226985,712.085633,3.463373,-61.227043,-0.088436
2105.798391,2145.000000,3.452286,61.323197,712.076216,3.459336,-61.323330,-0.079980
2105.745497,2146.000000,3.447101,61.418981,712.061854,3.453548,-61.419227,-0.066648
2105.713669,2147.000000,3.443990,61.515339,712.054189,3.450133,-61.515646,-0.059918
2105.736319,2148.000000,3.446245,61.613196,712.063848,3.452854,-61.613420,-0.070266
2105.783246,2149.000000,3.450891,61.711725,712.081227,3.458309,-61.711803,-0.088224
2105.776335,2150.000000,3.450234,61.808772,712.081483,3.457701,-61.808845,-0.089303
2105.705151,2151.000000,3.443247,61.904041,712.061297,3.449852,-61.904276,-0.070230
2105.619971,2152.000000,3.434882,61.998918,712.036660,3.440427,-61.999351,-0.046769
2105.563383,2153.000000,3.429334,62.094582,712.021116,3.434223,-62.095139,-0.032272
2105.547101,2154.000000,3.427754,62.191361,712.018387,3.432558,-62.191938,-0.030408
2105.553290,2155.000000,3.428388,62.288765,712.022802,3.433425,-62.289302,-0.035586
2105.549671,2156.000000,3.428056,62.385898,712.024098,3.433186,-62.386421,-0.037689
2105.546533,2157.000000,3.427771,62.483044,712.025545,3.433002,-62.483552,-0.039942
2105.567875,2158.000000,3.429897,62.580876,712.034775,3.435575,-62.581305,-0.049867
2105.604105,2159.000000,3.433489,62.679127,712.048739,3.439825,-62.679439,-0.064459
2105.626044,2160.000000,3.435674,62.776981,712.058157,3.442465,-62.777213,-0.074570
2105.624650,2161.000000,3.435561,62.874183,712.060154,3.442477,-62.874395,-0.077365
2105.625020,2162.000000,3.435621,62.971435,712.062711,3.442688,-62.971623,-0.080712
2105.638842,2163.000000,3.437007,63.069068,712.069545,3.444414,-63.069196,-0.088275
2105.665395,2164.000000,3.439647,63.167061,712.080427,3.447574,-63.167098,-0.099828
2105.704618,2165.000000,3.443534,63.265417,712.095338,3.452161,-63.265327,-0.115353
2105.749492,2166.000000,3.447978,63.363936,712.112045,3.457385,-63.363707,-0.132650
2105.789137,2167.000000,3.451908,63.462312,712.127089,3.462020,-63.461956,-0.148307
2105.779936,2168.000000,3.451026,63.559305,712.126595,3.461153,-63.558950,-0.148646
2105.717423,2169.000000,3.444893,63.654782,712.109143,3.454279,-63.654567,-0.132267
2105.651129,2170.000000,3.438387,63.750147,712.090488,3.446980,-63.750081,-0.114702
2105.632576,2171.000000,3.436584,63.846868,712.087015,3.445059,-63.846828,-0.112105
2105.668350,2172.000000,3.440132,63.945142,712.100821,3.449257,-63.944985,-0.126541
2105.699994,2173.000000,3.443273,64.043301,712.113313,3.452991,-64.043039,-0.139682
2105.690018,2174.000000,3.442315,64.140271,712.112565,3.452035,-64.140012,-0.139771
2105.637688,2175.000000,3.437185,64.236025,712.098345,3.446309,-64.235879,-0.126578
2105.546223,2176.000000,3.428201,64.330651,712.071677,3.436175,-64.330720,-0.101114
2105.503187,2177.000000,3.423987,64.426664,712.060412,3.431495,-64.426822,-0.090833
2105.490384,2178.000000,3.422751,64.523546,712.058760,3.430222,-64.523714,-0.090031
2105.502991,2179.000000,3.424017,64.621161,712.065189,3.431810,-64.621274,-0.097195
2105.600126,2180.000000,3.433608,64.721223,712.098501,3.442920,-64.721060,-0.130861
2105.625958,2181.000000,3.436177,64.819230,712.109134,3.445998,-64.818975,-0.142169
2105.568437,2182.000000,3.430535,64.914821,712.093254,3.439687,-64.914694,-0.127340
2105.532188,2183.000000,3.426990,65.011026,712.084139,3.435772,-65.010970,-0.119180
2105.444169,2184.000000,3.418345,65.105723,712.058559,3.426025,-65.105873,-0.094787
2105.416296,2185.000000,3.415625,65.202166,712.052106,3.423054,-65.202366,-0.089252
2105.401393,2186.000000,3.414182,65.298985,712.049777,3.421543,-65.299201,-0.087781
2105.267997,2187.000000,3.401070,65.392342,712.009765,3.406688,-65.392882,-0.049161
2105.118444,2188.000000,3.386369,65.485216,711.964619,3.390014,-65.486123,-0.005480
2105.068479,2189.000000,3.381474,65.580996,711.951139,3.384556,-65.582010,0.006984
2103.078407,2400.000000,3.190914,86.042362,711.799587,3.194899,-86.043930,-0.017452
2103.186150,2401.000000,3.201540,86.143852,711.836005,3.207182,-86.145119,-0.054186
2103.306427,2402.000000,3.213400,86.245836,711.876411,3.220877,-86.246769,-0.094853
2103.370739,2403.000000,3.219754,86.345671,711.899020,3.228274,-86.346416,-0.117971
2103.407427,2404.000000,3.223390,86.444446,711.912843,3.232561,-86.445074,-0.132424
2103.395425,2405.000000,3.222235,86.541342,711.911178,3.231368,-86.541980,-0.131605
2103.348756,2406.000000,3.217669,86.636895,711.898485,3.226273,-86.637634,-0.119911
2103.294860,2407.000000,3.212392,86.732164,711.883493,3.220365,-86.733023,-0.105949
2103.231404,2408.000000,3.206174,86.827059,711.865459,3.213381,-86.828062,-0.088988
2103.146334,2409.000000,3.197830,86.921110,711.840552,3.203964,-86.922314,-0.065249
2103.072358,2410.000000,3.190578,87.015585,711.819172,3.195797,-87.016961,-0.044989
2103.050600,2411.000000,3.188463,87.112089,711.814398,3.193506,-87.113500,-0.041103
2103.063925,2412.000000,3.189800,87.209958,711.820779,3.195163,-87.211314,-0.048218
2103.099571,2413.000000,3.193333,87.308701,711.834257,3.199332,-87.309943,-0.062331
2103.147866,2414.000000,3.198110,87.407942,711.851757,3.204925,-87.409037,-0.080411
2103.175336,2415.000000,3.200839,87.506373,711.862633,3.208174,-87.507377,-0.091959
2103.166737,2416.000000,3.200019,87.603396,711.862038,3.207364,-87.604401,-0.092194
2103.144750,2417.000000,3.197882,87.699893,711.857183,3.205047,-87.700935,-0.088229
2103.149435,2418.000000,3.198369,87.797437,711.860810,3.205731,-87.798445,-0.092627
2103.163151,2419.000000,3.199745,87.895336,711.867308,3.207432,-87.896288,-0.099858
2103.148093,2420.000000,3.198289,87.992106,711.864653,3.205895,-87.993076,-0.098062
2103.119270,2421.000000,3.195479,88.088333,711.857619,3.202808,-88.089358,-0.091948
2103.099388,2422.000000,3.193549,88.184911,711.853428,3.200728,-88.185967,-0.088637
2103.089097,2423.000000,3.192563,88.281867,711.852286,3.199727,-88.282929,-0.088333
2103.074922,2424.000000,3.191194,88.378669,711.849908,3.198289,-88.379747,-0.086810
2103.057145,2425.000000,3.189471,88.475328,711.846383,3.196445,-88.476432,-0.084156
2103.049308,2426.000000,3.188726,88.572380,711.846017,3.195720,-88.573484,-0.084618
2103.051824,2427.000000,3.189000,88.669843,711.848944,3.196160,-88.670920,-0.088326
2103.055628,2428.000000,3.189400,88.767358,711.852279,3.196745,-88.768404,-0.092437
2103.049619,2429.000000,3.188835,88.864484,711.852492,3.196226,-88.865525,-0.093470
2103.053532,2430.000000,3.189246,88.962005,711.855859,3.196823,-88.963015,-0.097612
2103.075836,2431.000000,3.191467,89.060260,711.865075,3.199490,-89.061191,-0.107522
2103.085973,2432.000000,3.192491,89.158032,711.870420,3.200788,-89.158917,-0.113615
2103.072241,2433.000000,3.191166,89.254854,711.868172,3.199399,-89.255753,-0.112221
2103.046864,2434.000000,3.188695,89.351210,711.862218,3.196700,-89.352155,-0.107172
2103.022655,2435.000000,3.186339,89.447612,711.856636,3.194132,-89.448599,-0.102489
2102.994868,2436.000000,3.183632,89.543869,711.849914,3.191161,-89.544909,-0.096682
2102.956974,2437.000000,3.179930,89.639720,711.839977,3.187053,-89.640837,-0.087705
2102.922377,2438.000000,3.176552,89.735701,711.831087,3.183316,-89.736888,-0.079760
2102.906824,2439.000000,3.175048,89.832444,711.828253,3.181722,-89.833651,-0.077787
2102.908553,2440.000000,3.175245,89.929881,711.830914,3.182073,-89.931063,-0.081233
2102.919406,2441.000000,3.176339,90.027686,711.836475,3.183451,-90.028819,-0.087540
2102.944644,2442.000000,3.178848,90.126073,711.846611,3.186447,-90.127120,-0.098357
2102.975436,2443.000000,3.181903,90.224687,711.858513,3.190069,-90.225633,-0.110916
2102.988463,2444.000000,3.183211,90.322587,711.864763,3.191691,-90.323478,-0.117902
2102.962651,2445.000000,3.180698,90.418919,711.858658,3.188942,-90.419857,-0.112704
2102.890856,2446.000000,3.173661,90.513390,711.837928,3.181019,-90.514494,-0.093082
2102.800680,2447.000000,3.164816,90.607110,711.811352,3.171027,-90.608430,-0.067696
2102.743981,2448.000000,3.159265,90.702182,711.795422,3.164803,-90.703628,-0.052808
2102.735051,2449.000000,3.158413,90.799187,711.794682,3.163954,-90.800637,-0.052901
2102.742132,2450.000000,3.159135,90.896844,711.799034,3.164907,-90.898254,-0.058014
2102.744192,2451.000000,3.159364,90.994297,711.801787,3.165294,-90.995682,-0.061551
2102.754615,2452.000000,3.160416,91.092092,711.807198,3.166623,-91.093430,-0.067709
2102.790111,2453.000000,3.163934,91.190911,711.820584,3.170773,-91.192136,-0.081731
2102.836537,2454.000000,3.168527,91.290180,711.837444,3.176153,-91.291263,-0.099180
2102.858218,2455.000000,3.170687,91.388443,711.846434,3.178749,-91.389449,-0.108867
2102.841394,2456.000000,3.169058,91.485134,711.843176,3.177011,-91.486164,-0.106476
2102.803582,2457.000000,3.165364,91.580966,711.833241,3.172912,-91.582073,-0.097500
2102.762313,2458.000000,3.161331,91.676653,711.822206,3.168423,-91.677848,-0.087439
2102.721207,2459.000000,3.157313,91.772344,711.811221,3.163953,-91.773625,-0.077429
2102.662215,2460.000000,3.151537,91.867298,711.794548,3.157471,-91.868713,-0.061808
2102.578262,2461.000000,3.143305,91.961222,711.769936,3.148180,-91.962835,-0.038358
2102.529512,2462.000000,3.138536,92.056588,711.756519,3.142850,-92.058308,-0.025948
2102.575808,2463.000000,3.143116,92.155866,711.773325,3.148214,-92.157444,-0.043343
2102.659469,2464.000000,3.151372,92.256689,711.802014,3.157783,-92.258029,-0.072457
2102.717602,2465.000000,3.157117,92.356467,711.822585,3.164480,-92.357636,-0.093566
2102.724393,2466.000000,3.157811,92.454129,711.826826,3.165399,-92.455260,-0.098570
2102.689131,2467.000000,3.154369,92.550053,711.817691,3.161586,-92.551255,-0.090382
2102.654343,2468.000000,3.150973,92.645994,711.808705,3.157827,-92.647266,-0.082342
2102.655505,2469.000000,3.151114,92.743423,711.811152,3.158113,-92.744672,-0.085577
2102.690988,2470.000000,3.154631,92.842277,711.824514,3.162260,-92.843414,-0.099576
2102.734507,2471.000000,3.158938,92.941470,711.840432,3.167313,-92.942473,-0.116095
2102.741793,2472.000000,3.159682,93.039160,711.844824,3.168288,-93.040124,-0.121248
2102.720348,2473.000000,3.157598,93.135656,711.840076,3.166029,-93.136655,-0.117388
2102.728264,2474.000000,3.158404,93.233374,711.844666,3.167075,-93.234332,-0.122736
2102.743059,2475.000000,3.159886,93.331380,711.851443,3.168895,-93.332280,-0.130241
2102.711071,2476.000000,3.156765,93.427435,711.843338,3.165450,-93.428398,-0.123069
2102.632140,2477.000000,3.149027,93.521525,711.820301,3.156722,-93.522674,-0.101172
2102.570323,2478.000000,3.142972,93.616326,711.802706,3.149921,-93.617615,-0.084642
2102.562754,2479.000000,3.142254,93.713395,711.802365,3.149224,-93.714684,-0.085127
2102.593950,2480.000000,3.145349,93.812089,711.814352,3.152889,-93.813277,-0.097769
2102.603717,2481.000000,3.146337,93.909888,711.819522,3.154143,-93.911030,-0.103690
2102.556612,2482.000000,3.141730,94.005298,711.806603,3.148997,-94.006543,-0.091770
2102.498435,2483.000000,3.136033,94.100240,711.790161,3.142605,-94.101615,-0.076377
2102.447120,2484.000000,3.131013,94.195466,711.775901,3.136985,-94.196955,-0.063135
2102.460843,2485.000000,3.132389,94.293429,711.782325,3.138684,-94.294863,-0.070291
2102.518164,2486.000000,3.138054,94.393235,711.802613,3.145288,-94.394499,-0.091121
2102.552572,2487.000000,3.141465,94.492078,711.815614,3.149314,-94.493233,-0.104764
2102.504765,2488.000000,3.136789,94.587449,711.802464,3.144089,-94.588708,-0.092617
2102.420978,2489.000000,3.128574,94.681294,711.777870,3.134815,-94.682751,-0.069183
2102.393841,2490.000000,3.125931,94.777533,711.771293,3.131916,-94.779041,-0.063518
2102.447023,2491.000000,3.131189,94.877177,711.790259,3.138054,-94.878526,-0.083044
2102.536358,2492.000000,3.140003,94.978361,711.820724,3.148260,-94.979457,-0.113910
2102.522164,2493.000000,3.138633,95.075153,711.818259,3.146817,-95.076267,-0.112301
2102.510577,2494.000000,3.137520,95.172057,711.816623,3.145667,-95.173180,-0.111508
2102.505733,2495.000000,3.137070,95.269247,711.817130,3.145276,-95.270363,-0.112829
2102.407184,2496.000000,3.127403,95.362443,711.787831,3.134341,-95.363795,-0.084756
2102.333216,2497.000000,3.120154,95.456680,711.766352,3.126172,-95.458205,-0.064394
2102.333745,2498.000000,3.120233,95.554094,711.768564,3.126386,-95.555597,-0.067397
2102.394478,2499.000000,3.126233,95.654083,711.789922,3.133373,-95.655408,-0.089282
2102.469563,2500.000000,3.133645,95.754692,711.815846,3.141975,-95.755802,-0.115670
2102.516898,2501.000000,3.138328,95.854120,711.832944,3.147455,-95.855087,-0.133353
2102.526327,2502.000000,3.139282,95.951927,711.837984,3.148670,-95.952849,-0.139144
2102.521666,2503.000000,3.138850,96.049131,711.838539,3.148299,-96.050045,-0.140514
2102.504413,2504.000000,3.137180,96.145793,711.835089,3.146511,-96.146733,-0.137932
2102.472244,2505.000000,3.134042,96.241814,711.826892,3.143045,-96.242817,-0.130670
2102.452748,2506.000000,3.132151,96.338378,711.822726,3.141004,-96.339412,-0.127382
2102.460514,2507.000000,3.132942,96.436117,711.827231,3.142032,-96.437111,-0.132645
2102.474007,2508.000000,3.134296,96.534104,711.833556,3.143704,-96.535043,-0.139704
2102.456934,2509.000000,3.132643,96.630773,711.830157,3.141936,-96.631736,-0.137173
2102.391499,2510.000000,3.126233,96.725350,711.811373,3.134726,-96.726464,-0.119469
2102.320798,2511.000000,3.119305,96.819694,711.790914,3.126924,-96.820973,-0.100113
2102.286245,2512.000000,3.115933,96.915599,711.781952,3.123189,-96.916948,-0.092096
2102.278456,2513.000000,3.115194,97.012663,711.781502,3.122466,-97.014012,-0.092472
2102.284931,2514.000000,3.115858,97.110346,711.785587,3.123347,-97.111658,-0.097322
2102.304721,2515.000000,3.117831,97.208609,711.793906,3.125727,-97.209850,-0.106348
2102.328861,2516.000000,3.120232,97.307064,711.803608,3.128596,-97.308222,-0.116737
2102.318409,2517.000000,3.119231,97.404015,711.802306,3.127573,-97.405181,-0.116274
2102.271115,2518.000000,3.114606,97.499361,711.789284,3.122405,-97.500630,-0.104252
2102.248513,2519.000000,3.112409,97.595781,711.784115,3.120015,-97.597089,-0.099975
2102.262684,2520.000000,3.113830,97.693805,711.790641,3.121762,-97.695056,-0.107233
2102.258294,2521.000000,3.113425,97.791020,711.791263,3.121421,-97.792263,-0.108667
2102.225322,2522.000000,3.110209,97.886985,711.782792,3.117864,-97.888294,-0.101133
2102.189044,2523.000000,3.106667,97.982803,711.773268,3.113934,-97.984187,-0.092562
2102.166630,2524.000000,3.104489,98.079226,711.768153,3.111565,-98.080649,-0.088338
2102.157239,2525.000000,3.103593,98.176220,711.767180,3.110661,-98.177648,-0.088199
2102.137146,2526.000000,3.101643,98.272744,711.762801,3.108553,-98.274204,-0.084701
2102.115070,2527.000000,3.099499,98.369180,711.757790,3.106222,-98.370677,-0.080580
2102.120280,2528.000000,3.100038,98.466815,711.761457,3.106960,-98.468280,-0.085016
2102.155425,2529.000000,3.103521,98.565771,711.774644,3.111067,-98.567124,-0.098843
2102.183897,2530.000000,3.106349,98.664437,711.785707,3.114423,-98.665696,-0.110575
2102.151818,2531.000000,3.103220,98.760432,711.777510,3.110966,-98.761755,-0.103311
2102.060226,2532.000000,3.094239,98.853795,711.750383,3.100813,-98.855338,-0.077378
2101.995030,2533.000000,3.087854,98.948320,711.731651,3.093631,-98.950012,-0.059725
2101.985810,2534.000000,3.086974,99.045317,711.730722,3.092746,-99.047014,-0.059628
2101.994736,2535.000000,3.087879,99.143119,711.735562,3.093902,-99.144773,-0.065222
2101.999044,2536.000000,3.088329,99.240718,711.738932,3.094539,-99.242341,-0.069367
2101.996109,2537.000000,3.088067,99.337996,711.739998,3.094360,-99.339607,-0.071239
2101.995651,2538.000000,3.088049,99.435385,711.741850,3.094461,-99.436977,-0.073887
2102.004998,2539.000000,3.088995,99.533211,711.746820,3.095664,-99.534759,-0.079608
2102.020874,2540.000000,3.090584,99.631329,711.753865,3.097602,-99.632817,-0.087378
2102.037744,2541.000000,3.092270,99.729494,711.761226,3.099652,-99.730918,-0.095458
2102.050485,2542.000000,3.093550,99.827477,711.767272,3.101237,-99.828848,-0.102241
2102.050117,2543.000000,3.093540,99.924876,711.769148,3.101348,-99.926229,-0.104912
2102.031339,2544.000000,3.091720,100.021453,711.765166,3.099387,-100.022835,-0.101806
2102.007654,2545.000000,3.089418,100.117809,711.759623,3.096874,-100.119233,-0.097159
2102.009103,2546.000000,3.089587,100.215290,711.762073,3.097189,-100.216691,-0.100396
2102.036571,2547.000000,3.092316,100.313939,711.772798,3.100431,-100.315249,-0.111794
2102.064586,2548.000000,3.095098,100.412616,711.783696,3.103734,-100.413833,-0.123363
2102.055166,2549.000000,3.094199,100.509614,711.782685,3.102826,-100.510836,-0.123187
2102.018560,2550.000000,3.090625,100.605389,711.773026,3.098859,-100.606687,-0.114481
2101.980895,2551.000000,3.086948,100.701114,711.763029,3.094773,-100.702490,-0.105441
2101.956248,2552.000000,3.084551,100.797423,711.757171,3.092151,-100.798844,-0.100485
2101.956831,2553.000000,3.084635,100.894869,711.759338,3.092368,-100.896269,-0.103442
2101.970662,2554.000000,3.086022,100.992914,711.765717,3.094075,-100.994259,-0.110554
2101.968126,2555.000000,3.085800,101.090221,711.766889,3.093941,-101.091553,-0.112531
2101.951374,2556.000000,3.084180,101.186886,711.763539,3.092208,-101.188242,-0.110046
2101.933361,2557.000000,3.082435,101.283493,711.759786,3.090333,-101.284876,-0.107165
2101.921099,2558.000000,3.081256,101.380359,711.757861,3.089104,-101.381756,-0.106087
2101.915739,2559.000000,3.080756,101.477539,711.758130,3.088652,-101.478930,-0.107173
2101.917911,2560.000000,3.080997,101.575061,711.760794,3.089048,-101.576427,-0.110621
2101.922969,2561.000000,3.081521,101.672716,711.764375,3.089768,-101.674049,-0.114973
2101.920159,2562.000000,3.081272,101.770013,711.765452,3.089602,-101.771334,-0.116856
2101.905897,2563.000000,3.079896,101.866790,711.762885,3.088149,-101.868128,-0.115145
2101.890896,2564.000000,3.078448,101.963532,711.760082,3.086612,-101.964891,-0.113200
2101.880790,2565.000000,3.077481,102.060497,711.758835,3.085626,-102.061863,-0.112791
2101.858221,2566.000000,3.075289,102.156893,711.753622,3.083238,-102.158298,-0.108470
2101.785568,2567.000000,3.068171,102.250998,711.732478,3.075215,-102.252573,-0.088435
2101.601177,2568.000000,3.050067,102.339986,711.675797,3.054623,-102.342022,-0.033351
2101.227688,2569.000000,3.013377,102.420302,711.559001,3.012771,-102.423291,0.081025
2100.904301,2570.000000,2.981623,102.502887,711.458164,2.976564,-102.506699,0.179659
2100.535915,2571.000000,2.945457,102.583386,711.343057,2.935310,-102.588137,0.292370
2100.295950,2572.000000,2.921914,102.669750,711.268777,2.908497,-102.675106,0.364812
2100.206978,2573.000000,2.913203,102.763028,711.242469,2.898651,-102.768596,0.389940
2100.218103,2574.000000,2.914322,102.860899,711.247956,2.900050,-102.866419,0.383709
2100.272650,2575.000000,2.919705,102.960769,711.267235,2.906328,-102.966128,0.363875
2100.355456,2576.000000,2.927864,103.061947,711.295491,2.915781,-103.067071,0.335186
2100.444786,2577.000000,2.936665,103.163433,711.325822,2.925968,-103.168306,0.304451
2100.481851,2578.000000,2.940332,103.262517,711.339547,2.930282,-103.267274,0.290094
2100.448860,2579.000000,2.937118,103.358369,711.331013,2.926724,-103.363192,0.297692
2100.361760,2580.000000,2.928589,103.451718,711.305287,2.917087,-103.456749,0.322246
2100.269550,2581.000000,2.919560,103.544824,711.277938,2.906875,-103.550075,0.348401
2100.210248,2582.000000,2.913762,103.639446,711.261043,2.900362,-103.644833,0.364245
2100.189251,2583.000000,2.911727,103.735840,711.256316,2.898152,-103.741263,0.368088
2100.164182,2584.000000,2.909291,103.832044,711.250294,2.895485,-103.837513,0.373208
2100.112174,2585.000000,2.904210,103.926996,711.235714,2.889791,-103.932581,0.386769
2100.073465,2586.000000,2.900436,104.022562,711.225358,2.885592,-104.028228,0.396164
2100.101342,2587.000000,2.903200,104.121223,711.236151,2.888872,-104.126798,0.384699
2100.179056,2588.000000,2.910858,104.222209,711.262775,2.897752,-104.227562,0.357620
2100.245759,2589.000000,2.917435,104.322688,711.285901,2.905395,-104.327849,0.333991
2100.272422,2590.000000,2.920081,104.421307,711.296307,2.908540,-104.426379,0.322908
2100.278801,2591.000000,2.920734,104.518981,711.300268,2.909405,-104.524017,0.318182
2100.276005,2592.000000,2.920486,104.616227,711.301312,2.909240,-104.621252,0.316332
2100.248369,2593.000000,2.917798,104.712312,711.294464,2.906284,-104.717389,0.322267
2100.213058,2594.000000,2.914357,104.808036,711.285177,2.902465,-104.813186,0.330608
2100.196040,2595.000000,2.912712,104.904615,711.281699,2.900701,-104.909790,0.333219
2100.210569,2596.000000,2.914166,105.002673,711.288244,2.902483,-105.007792,0.325944
2100.219617,2597.000000,2.915081,105.100476,711.293045,2.903648,-105.105552,0.320389
2100.178356,2598.000000,2.911055,105.195916,711.281863,2.899160,-105.201081,0.330600
2100.113181,2599.000000,2.904681,105.290228,711.263082,2.891986,-105.295543,0.348304
2100.037090,2600.000000,2.897235,105.384022,711.240834,2.883586,-105.389515,0.369429
2099.936716,2601.000000,2.887406,105.476665,711.210872,2.872459,-105.482401,0.398163
2099.819374,2602.000000,2.875911,105.568500,711.175522,2.859427,-105.574522,0.432210
2099.710550,2603.000000,2.865253,105.660729,711.142879,2.847352,-105.667015,0.463588
2099.684716,2604.000000,2.862744,105.756870,711.136593,2.844599,-105.763205,0.468969
2099.760957,2605.000000,2.870255,105.857837,711.162723,2.853310,-105.863954,0.442377
2099.865458,2606.000000,2.880542,105.960150,711.197831,2.865195,-105.965976,0.406930
2099.922206,2607.000000,2.886141,106.060210,711.217771,2.871718,-106.065870,0.386442
2099.931444,2608.000000,2.887074,106.158022,711.222620,2.872904,-106.163639,0.380840
2099.926096,2609.000000,2.886576,106.255144,711.222835,2.872451,-106.260756,0.379810
2099.906173,2610.000000,2.884646,106.351573,711.218418,2.870361,-106.357218,0.383347
2099.863615,2611.000000,2.880494,106.446925,711.206810,2.865728,-106.452661,0.393977
2099.771780,2612.000000,2.871504,106.539928,711.179550,2.855560,-106.545885,0.420047
2099.658878,2613.000000,2.860446,106.631921,711.145600,2.843027,-106.638152,0.452714
2099.584651,2614.000000,2.853186,106.725749,711.123933,2.834839,-106.732154,0.473266
2099.552674,2615.000000,2.850073,106.821587,711.115683,2.831395,-106.828057,0.480584
2099.593932,2616.000000,2.854150,106.920923,711.130690,2.836176,-106.927266,0.464963
2099.669772,2617.000000,2.861622,107.021916,711.156680,2.844841,-107.028043,0.438509
2099.702051,2618.000000,2.864818,107.120831,711.168835,2.848614,-107.126856,0.425701
2099.700927,2619.000000,2.864734,107.218151,711.170379,2.848635,-107.224160,0.423359
2099.742894,2620.000000,2.868881,107.317537,711.185610,2.853496,-107.323418,0.407518
2099.837665,2621.000000,2.878213,107.419462,711.217613,2.864289,-107.425078,0.375132
2099.914459,2622.000000,2.885781,107.520533,711.243907,2.873063,-107.525930,0.348377
2099.873322,2623.000000,2.881768,107.615940,711.232736,2.868590,-107.621426,0.358577
2099.808844,2624.000000,2.875463,107.710222,711.214150,2.861494,-107.715856,0.376091
2099.808511,2625.000000,2.875457,107.807588,711.215939,2.861604,-107.813204,0.373507
2099.832239,2626.000000,2.877814,107.906115,711.225371,2.864416,-107.911651,0.363385
2099.837288,2627.000000,2.878337,108.003744,711.228868,2.865131,-108.009248,0.359117
2099.841906,2628.000000,2.878817,108.101353,711.232227,2.865797,-108.106826,0.354985
2099.838930,2629.000000,2.878551,108.198596,711.233172,2.865610,-108.204058,0.353234
2099.812671,2630.000000,2.876000,108.294713,711.226720,2.862807,-108.300225,0.358779
2099.739081,2631.000000,2.868801,108.388536,711.205230,2.854687,-108.394221,0.379157
2099.628057,2632.000000,2.857927,108.480539,711.171851,2.842363,-108.486494,0.411263
2099.543813,2633.000000,2.849683,108.573833,711.146978,2.833049,-108.579988,0.434977
2099.547869,2634.000000,2.850108,108.671408,711.150151,2.833651,-108.677534,0.431029
2099.628951,2635.000000,2.858095,108.772727,711.177788,2.842904,-108.778624,0.402950
2099.710368,2636.000000,2.866116,108.874071,711.205534,2.852196,-108.879737,0.374764
2099.683224,2637.000000,2.863477,108.970137,711.198793,2.849294,-108.975855,0.380594
2099.567175,2638.000000,2.852110,109.061869,711.163810,2.836406,-109.067870,0.414282
2099.520469,2639.000000,2.847552,109.156973,711.150854,2.831307,-109.163077,0.426243
2099.546412,2640.000000,2.850126,109.255621,711.160971,2.834367,-109.261639,0.415444
2099.662949,2641.000000,2.861594,109.358699,711.199866,2.847603,-109.364395,0.376260
2099.763398,2642.000000,2.871484,109.461001,711.233654,2.859033,-109.466417,0.342114
2099.764507,2643.000000,2.871620,109.558450,711.235881,2.859304,-109.563844,0.339098
2099.683311,2644.000000,2.863674,109.651866,711.211960,2.850330,-109.657454,0.361876
2099.561767,2645.000000,2.851767,109.743298,711.175221,2.836824,-109.749183,0.397295
2099.461298,2646.000000,2.841931,109.835755,711.145180,2.825686,-109.841883,0.426109
2099.489038,2647.000000,2.844681,109.934502,711.155860,2.828948,-109.940539,0.414755
2099.616470,2648.000000,2.857219,110.038154,711.198209,2.843407,-110.043840,0.372164
2099.739585,2649.000000,2.869334,110.141606,711.239190,2.857383,-110.146954,0.330922
2099.705895,2650.000000,2.866053,110.237345,711.230354,2.853745,-110.242762,0.338820
2099.582217,2651.000000,2.853937,110.328645,711.192929,2.839998,-110.334365,0.374917
2099.540330,2652.000000,2.849851,110.423971,711.181487,2.835439,-110.429782,0.385385
2099.496320,2653.000000,2.845557,110.519190,711.169370,2.830642,-110.525097,0.396518
2099.490247,2654.000000,2.844988,110.616281,711.169303,2.830106,-110.622185,0.395766
2099.474698,2655.000000,2.843488,110.712903,711.166225,2.828505,-110.718829,0.397984
2099.437701,2656.000000,2.839883,110.808463,711.156333,2.824496,-110.814467,0.406923
2099.401380,2657.000000,2.836344,110.904054,711.146654,2.820562,-110.910133,0.415651
2099.355833,2658.000000,2.831900,110.999185,711.134045,2.815593,-111.005364,0.427271
2099.346355,2659.000000,2.830996,111.096103,711.132890,2.814674,-111.102289,0.427591
2099.421259,2660.000000,2.838377,111.197214,711.158538,2.823232,-111.203186,0.401473
2099.530179,2661.000000,2.849097,111.300024,711.194993,2.835612,-111.305695,0.364695
2099.671544,2662.000000,2.863005,111.404460,711.241760,2.851638,-111.409744,0.317746
2099.762782,2663.000000,2.871991,111.506412,711.272603,2.862033,-111.511441,0.286504
2099.689976,2664.000000,2.864869,111.600191,711.251321,2.854000,-111.605391,0.306678
2099.537492,2665.000000,2.849923,111.689988,711.204724,2.837016,-111.695566,0.351824
2099.455101,2666.000000,2.841861,111.783274,711.180398,2.827907,-111.789048,0.375000
2099.377956,2667.000000,2.834314,111.876816,711.157740,2.819387,-111.882772,0.396533
2099.334729,2668.000000,2.830098,111.972050,711.145854,2.814678,-111.978100,0.407438
2099.302190,2669.000000,2.826931,112.067816,711.137364,2.811169,-112.073932,0.414995
2099.200037,2670.000000,2.816930,112.160090,711.106761,2.799842,-112.166455,0.444364
2099.078984,2671.000000,2.805075,112.251410,711.070157,2.786394,-112.258070,0.479653
