u,v,Xc_mm,Yc_mm,Zc_mm,Xg_mm,Yg_mm,Zg_mm
2136.079434,0.000000,6.420981,-147.078334,713.665653,6.419848,147.084230,0.169111
2136.059027,1.000000,6.418953,-146.980558,713.664130,6.417789,146.986445,0.169743
2136.013646,2.000000,6.414424,-146.881135,713.654607,6.412875,146.886948,0.178240
2135.959091,3.000000,6.408977,-146.781111,713.642147,6.406912,146.786825,0.189625
2135.950247,4.000000,6.408107,-146.684100,713.644323,6.406176,146.689835,0.186619
2135.993673,5.000000,6.412472,-146.590528,713.663236,6.411417,146.596421,0.167157
2136.056854,6.000000,6.418815,-146.498250,713.688474,6.418918,146.504352,0.141474
2136.077483,7.000000,6.420897,-146.403169,713.700085,6.421553,146.409369,0.129191
2136.019791,8.000000,6.415135,-146.302941,713.686614,6.415230,146.309034,0.141571
2135.942703,9.000000,6.407431,-146.201443,713.666931,6.406690,146.207379,0.160058
2135.882235,10.000000,6.401391,-146.101042,713.652570,6.400050,146.106863,0.173313
2135.836361,11.000000,6.396814,-146.001600,713.642882,6.395079,146.007346,0.181974
2135.795095,12.000000,6.392697,-145.902464,713.634668,6.390636,145.908146,0.189184
2135.766727,13.000000,6.389873,-145.804174,713.630583,6.387667,145.809825,0.192334
2135.734998,14.000000,6.386711,-145.705665,713.625421,6.384314,145.711278,0.196544
2135.688839,15.000000,6.382105,-145.606214,713.615638,6.379311,145.611750,0.205298
2135.629321,16.000000,6.376162,-145.505894,713.601577,6.372781,145.511319,0.218257
2135.615381,17.000000,6.374782,-145.408552,713.602108,6.371462,145.413985,0.216870
2135.646159,18.000000,6.377879,-145.314127,713.616954,6.375255,145.319684,0.201405
2135.679480,19.000000,6.381231,-145.219864,713.632614,6.379339,145.225552,0.185141
2135.679857,20.000000,6.381285,-145.123451,713.637726,6.379657,145.129184,0.179249
2135.640258,21.000000,6.377336,-145.024434,713.630037,6.375404,145.030108,0.185943
2135.586691,22.000000,6.371988,-144.924511,713.617875,6.369554,144.930088,0.197036
2135.534417,23.000000,6.366770,-144.824675,713.606126,6.363852,144.830159,0.207723
2135.522770,24.000000,6.365620,-144.727481,713.607384,6.362794,144.732980,0.205620
2135.461002,25.000000,6.359452,-144.627034,713.592594,6.356007,144.632415,0.219297
2135.443532,26.000000,6.357718,-144.529464,713.591985,6.354284,144.534843,0.219030
2135.507416,27.000000,6.364130,-144.437169,713.617420,6.361862,144.442759,0.193154
2135.552834,28.000000,6.368693,-144.343670,713.636944,6.367328,144.349423,0.173090
2135.581969,29.000000,6.371625,-144.249113,713.651253,6.370933,144.254986,0.158154
2135.580100,30.000000,6.371454,-144.152545,713.655635,6.370994,144.158457,0.152979
2135.560308,31.000000,6.369488,-144.054817,713.654277,6.369005,144.060721,0.153449
2135.568797,32.000000,6.370354,-143.958917,713.661974,6.370249,143.964888,0.145015
2135.609103,33.000000,6.374405,-143.865070,713.679857,6.375132,143.871190,0.126564
2135.620171,34.000000,6.375529,-143.769331,713.688377,6.376671,143.775524,0.117320
2135.585063,35.000000,6.372030,-143.670611,713.682111,6.372931,143.676757,0.122616
2135.504367,36.000000,6.363966,-143.568956,713.661246,6.363978,143.574934,0.142267
2135.515319,37.000000,6.365078,-143.473209,713.669726,6.365504,143.479259,0.133063
2135.483797,38.000000,6.361938,-143.374726,713.664605,6.362174,143.380738,0.137233
2135.487968,39.000000,6.362371,-143.278540,713.670911,6.362924,143.284606,0.130166
2135.440052,40.000000,6.357589,-143.179005,713.660539,6.357719,143.184990,0.139500
2135.325324,41.000000,6.346120,-143.075182,713.628776,6.344877,143.080910,0.169867
2135.232893,42.000000,6.336882,-142.972799,713.604152,6.334584,142.978330,0.193215
2135.181618,43.000000,6.331766,-142.873063,713.592704,6.328996,142.878503,0.203606
2135.173875,44.000000,6.331006,-142.776119,713.595190,6.328384,142.781582,0.200296
2135.180824,45.000000,6.331717,-142.680115,713.602378,6.329452,142.685640,0.192362
2135.194600,46.000000,6.333112,-142.584546,713.611751,6.331300,142.590151,0.182281
2135.199686,47.000000,6.333636,-142.488419,713.618341,6.332154,142.494081,0.174935
2135.183785,48.000000,6.332060,-142.390949,713.618211,6.330609,142.396614,0.174197
2135.160479,49.000000,6.329743,-142.293006,713.615710,6.328218,142.298654,0.175791
2135.150762,50.000000,6.328786,-142.195931,713.617558,6.327381,142.201597,0.173108
2135.172961,51.000000,6.331023,-142.100891,713.629622,6.330191,142.106659,0.160380
2135.236491,52.000000,6.337398,-142.008482,713.654918,6.337726,142.014461,0.134640
2135.307133,53.000000,6.344486,-141.916520,713.682492,6.346075,141.922727,0.106661
2135.290690,54.000000,6.342855,-141.819007,713.682182,6.344468,141.825215,0.106100
2135.195367,55.000000,6.333329,-141.716477,713.656616,6.333843,141.722479,0.130374
2135.110776,56.000000,6.324877,-141.614637,713.634487,6.324446,141.620461,0.151269
2135.069800,57.000000,6.320791,-141.515572,713.626320,6.320035,141.521333,0.158434
2135.087238,58.000000,6.322552,-141.420218,713.636853,6.322301,141.426068,0.147212
2135.122623,59.000000,6.326109,-141.325999,713.653131,6.326618,141.331986,0.130340
2135.136666,60.000000,6.327530,-141.230423,713.662575,6.328496,141.236490,0.120188
2135.137070,61.000000,6.327586,-141.133981,713.667652,6.328814,141.140093,0.114330
2135.128852,62.000000,6.326779,-141.036992,713.669967,6.328147,141.043126,0.111188
2135.113035,63.000000,6.325212,-140.939521,713.669848,6.326611,140.945657,0.110440
2135.084025,64.000000,6.322323,-140.841217,713.665505,6.323568,140.847321,0.113846
2135.064771,65.000000,6.320411,-140.743530,713.664283,6.321639,140.749627,0.114181
2135.069367,66.000000,6.320887,-140.647348,713.670697,6.322436,140.653501,0.107009
2135.082923,67.000000,6.322260,-140.551731,713.679978,6.324258,140.557963,0.097018
2135.066306,68.000000,6.320612,-140.454209,713.679598,6.322631,140.460441,0.096526
2135.008948,69.000000,6.314886,-140.354121,713.666173,6.316346,140.360246,0.108862
2134.929907,70.000000,6.306990,-140.252671,713.645806,6.307584,140.258634,0.128025
2134.851370,71.000000,6.299145,-140.151260,713.625601,6.298879,140.157060,0.147029
2134.798046,72.000000,6.293824,-140.051438,713.613467,6.293057,140.057143,0.158096
2134.797731,73.000000,6.293808,-139.954950,713.618300,6.293292,139.960697,0.152478
2134.833588,74.000000,6.297412,-139.860731,713.634711,6.297662,139.866615,0.135475
2134.834146,75.000000,6.297483,-139.764293,713.639822,6.297997,139.770223,0.129584
2134.790298,76.000000,6.293110,-139.665071,713.630717,6.293258,139.670929,0.137673
2134.749160,77.000000,6.289009,-139.566020,713.622478,6.288828,139.571815,0.144910
2134.719183,78.000000,6.286024,-139.467671,713.617811,6.285673,139.473431,0.148634
2134.684410,79.000000,6.282560,-139.369024,713.611608,6.281971,139.374736,0.153869
2134.663549,80.000000,6.280488,-139.271247,713.609857,6.279858,139.276948,0.154726
2134.669912,81.000000,6.281140,-139.175171,713.616819,6.280856,139.180933,0.147015
2134.660404,82.000000,6.280204,-139.078103,713.618700,6.280041,139.083883,0.144300
2134.605780,83.000000,6.274753,-138.978221,713.606138,6.274070,138.983902,0.155788
2134.547863,84.000000,6.268973,-138.878137,713.592523,6.267723,138.883710,0.168312
2134.527002,85.000000,6.266901,-138.780365,713.590767,6.265610,138.785927,0.169174
2134.530322,86.000000,6.267248,-138.684098,713.596749,6.266260,138.689712,0.162427
2134.499398,87.000000,6.264170,-138.585700,713.591770,6.262998,138.591276,0.166458
2134.496294,88.000000,6.263874,-138.489033,713.595694,6.262914,138.494644,0.161734
2134.449730,89.000000,6.259231,-138.389665,713.585708,6.257864,138.395198,0.170690
2134.434012,90.000000,6.257673,-138.292214,713.585592,6.256339,138.297750,0.169939
2134.427030,91.000000,6.256990,-138.195306,713.588272,6.255812,138.200866,0.166439
2134.416621,92.000000,6.255964,-138.098184,713.589854,6.254893,138.103760,0.164019
2134.398849,93.000000,6.254201,-138.000606,713.589078,6.253133,138.006179,0.163917
2134.378553,94.000000,6.252185,-137.902872,713.587493,6.251084,137.908436,0.164611
2134.378833,95.000000,6.252229,-137.806411,713.592493,6.251387,137.812019,0.158829
2134.407580,96.000000,6.255120,-137.711707,713.606603,6.254942,137.717434,0.144089
2134.429456,97.000000,6.257324,-137.616576,713.618513,6.257712,137.622403,0.131512
2134.402454,98.000000,6.254638,-137.518425,713.614778,6.254897,137.524225,0.134321
2134.346360,99.000000,6.249041,-137.418482,713.601730,6.248758,137.424178,0.146288
2134.291185,100.000000,6.243536,-137.318599,713.588976,6.242724,137.324194,0.157965
2134.258631,101.000000,6.240294,-137.220112,713.583460,6.239274,137.225666,0.162525
2134.265260,102.000000,6.240973,-137.124038,713.590485,6.240302,137.129652,0.154753
2134.264049,103.000000,6.240867,-137.027480,713.594999,6.240434,137.033134,0.149449
2134.224964,104.000000,6.236972,-136.928593,713.587390,6.236238,136.934189,0.156067
2134.173511,105.000000,6.231840,-136.828950,713.575822,6.230630,136.834454,0.166578
2134.147022,106.000000,6.229205,-136.730841,713.572243,6.227873,136.736320,0.169233
2134.161350,107.000000,6.230653,-136.635236,713.581726,6.229780,136.640796,0.159044
2134.181553,108.000000,6.232690,-136.539989,713.593088,6.232358,136.545644,0.147006
2134.170334,109.000000,6.231582,-136.442814,713.594392,6.231346,136.448484,0.144859
2134.129237,110.000000,6.227486,-136.343812,713.586134,6.226920,136.349417,0.152116
2134.087132,111.000000,6.223290,-136.244750,713.577551,6.222380,136.250288,0.159691
2134.066072,112.000000,6.221198,-136.146977,713.575703,6.220243,136.152503,0.160644
2134.053771,113.000000,6.219983,-136.049738,713.576657,6.219108,136.055275,0.158842
2134.019163,114.000000,6.216536,-135.951139,713.570471,6.215423,135.956629,0.164061
2133.979198,115.000000,6.212553,-135.852215,713.562571,6.211127,135.857643,0.170966
2133.956253,116.000000,6.210273,-135.754330,713.560115,6.208776,135.759742,0.172517
2133.946704,117.000000,6.209333,-135.657261,713.561946,6.207954,135.662691,0.169853
2133.947181,118.000000,6.209396,-135.560801,713.566983,6.208278,135.566276,0.164034
2133.960864,119.000000,6.210780,-135.465143,713.576246,6.210110,135.470697,0.154061
2133.963490,120.000000,6.211058,-135.368811,713.581969,6.210679,135.374414,0.147568
2133.941076,121.000000,6.208831,-135.270957,713.579679,6.208388,135.276546,0.148957
2133.913858,122.000000,6.206123,-135.172813,713.575849,6.205547,135.178373,0.151859
2133.908102,123.000000,6.205563,-135.075971,713.578887,6.205159,135.081559,0.148007
2133.901331,124.000000,6.204901,-134.979067,713.581599,6.204654,134.984680,0.144476
2133.871265,125.000000,6.201908,-134.880752,713.576855,6.201489,134.886330,0.148277
2133.831726,126.000000,6.197969,-134.781866,713.569079,6.197241,134.787384,0.155060
2133.822587,127.000000,6.197070,-134.684819,713.571030,6.196466,134.690356,0.152278
2133.866081,128.000000,6.201435,-134.590950,713.589823,6.201703,134.596644,0.132932
2133.918202,129.000000,6.206664,-134.497596,713.611376,6.207925,134.503470,0.110872
2133.924508,130.000000,6.207310,-134.401474,713.618267,6.208914,134.407407,0.103231
2133.867131,131.000000,6.201586,-134.301513,713.604776,6.202629,134.307339,0.115635
2133.804562,132.000000,6.195342,-134.201243,713.589623,6.195750,134.206949,0.129673
2133.755050,133.000000,6.190405,-134.101763,713.578648,6.190363,134.107382,0.139602
2133.698199,134.000000,6.184735,-134.001845,713.565323,6.184138,134.007358,0.151842
2133.625402,135.000000,6.177469,-133.900973,713.546896,6.176092,133.906339,0.169100
2133.569326,136.000000,6.171877,-133.801110,713.533819,6.169956,133.806372,0.181096
2133.541496,137.000000,6.169109,-133.702945,713.529779,6.167046,133.708177,0.184206
2133.510288,138.000000,6.166003,-133.604579,713.524657,6.163750,133.609773,0.188379
2133.489451,139.000000,6.163934,-133.506835,713.522852,6.161638,133.512017,0.189290
2133.503116,140.000000,6.165316,-133.411157,713.532085,6.163467,133.416418,0.179346
2133.541263,141.000000,6.169145,-133.316941,713.549151,6.168091,133.322345,0.161700
2133.563843,142.000000,6.171418,-133.221790,713.561234,6.170938,133.227295,0.148952
2133.542610,143.000000,6.169310,-133.124019,713.559298,6.168780,133.129512,0.149992
2133.491469,144.000000,6.164211,-133.024464,713.547792,6.163208,133.029866,0.160445
2133.524870,145.000000,6.167566,-132.929953,713.563335,6.167290,132.935486,0.144296
2133.520010,146.000000,6.167095,-132.833159,713.566634,6.167003,132.838722,0.140187
2133.470878,147.000000,6.162197,-132.733727,713.555767,6.161659,132.739205,0.150010
2133.454047,148.000000,6.160528,-132.636221,713.555234,6.160005,132.641697,0.149671
2133.494552,149.000000,6.164594,-132.542124,713.573046,6.164898,132.547749,0.131290
2133.445493,150.000000,6.159703,-132.442700,713.562199,6.159563,132.448240,0.141094
2133.404274,151.000000,6.155596,-132.343746,713.553859,6.155123,132.349221,0.148432
2133.373355,152.000000,6.152519,-132.245404,713.548815,6.151860,132.250841,0.152530
2133.374757,153.000000,6.152675,-132.148981,713.554110,6.152287,132.154464,0.146458
2133.401679,154.000000,6.155382,-132.054068,713.567570,6.155629,132.059664,0.132357
2133.405921,155.000000,6.155821,-131.957808,713.573773,6.156380,131.963459,0.125394
2133.343092,156.000000,6.149553,-131.857580,713.558513,6.149473,131.863109,0.139537
2133.253718,157.000000,6.140632,-131.755787,713.534761,6.139534,131.761125,0.162033
2133.194790,158.000000,6.134755,-131.655799,713.520749,6.133072,131.661026,0.174950
2133.193910,159.000000,6.134682,-131.559241,713.525308,6.133239,131.564508,0.169603
2133.234009,160.000000,6.138706,-131.465098,713.542976,6.138084,131.470513,0.151364
2133.284554,161.000000,6.143775,-131.371566,713.563986,6.144123,131.377156,0.129837
2133.313245,162.000000,6.146658,-131.276742,713.578004,6.147666,131.282450,0.115188
2133.301080,163.000000,6.145457,-131.179509,713.578948,6.146544,131.185229,0.113396
2133.250406,164.000000,6.140405,-131.080013,713.567569,6.141024,131.085642,0.123724
2133.184776,165.000000,6.133858,-130.979640,713.551405,6.133797,130.985141,0.138757
2133.129655,166.000000,6.128362,-130.879890,713.538603,6.127769,130.885289,0.150485
2133.101527,167.000000,6.125565,-130.781726,713.534435,6.124824,130.787094,0.153720
2133.095809,168.000000,6.125008,-130.684878,713.537436,6.124438,130.690274,0.149905
2133.103111,169.000000,6.125753,-130.588791,713.544602,6.125538,130.594249,0.141995
2133.111860,170.000000,6.126642,-130.492788,713.552230,6.126804,130.498311,0.133630
2133.097663,171.000000,6.125238,-130.395440,713.552515,6.125449,130.400969,0.132486
2133.052322,172.000000,6.120720,-130.296272,713.542835,6.120538,130.301725,0.141143
2133.001579,173.000000,6.115662,-130.196791,713.531426,6.115011,130.202155,0.151500
2132.981486,174.000000,6.113668,-130.099103,713.529822,6.112983,130.104456,0.152214
2133.002117,175.000000,6.115745,-130.003789,713.541245,6.115605,130.009239,0.140117
2133.037314,176.000000,6.119279,-129.909322,713.557328,6.119889,129.914906,0.123437
2133.048540,177.000000,6.120416,-129.813454,713.565740,6.121437,129.819111,0.114300
2133.015792,178.000000,6.117157,-129.715026,713.560083,6.117964,129.720639,0.119001
2132.942315,179.000000,6.109826,-129.614231,713.541394,6.109841,129.619695,0.136518
2132.847671,180.000000,6.100380,-129.512212,713.515934,6.099302,129.517471,0.160694
2132.763904,181.000000,6.092022,-129.410832,713.493954,6.090005,129.415914,0.181448
2132.732140,182.000000,6.088862,-129.312474,713.488609,6.086645,129.317516,0.185842
2132.753791,183.000000,6.091041,-129.217213,713.500348,6.089382,129.222355,0.173434
2132.809388,184.000000,6.096612,-129.123916,713.522945,6.095994,129.129245,0.150347
2132.872374,185.000000,6.102923,-129.031040,713.547907,6.103451,129.036577,0.124934
2132.913007,186.000000,6.107000,-128.936865,713.565718,6.108355,128.942551,0.106554
2132.906751,187.000000,6.106390,-128.839976,713.568526,6.107906,128.845688,0.102929
2132.855004,188.000000,6.101231,-128.740459,713.556780,6.102264,128.746078,0.113619
2132.763858,189.000000,6.092135,-128.638672,713.532429,6.092124,128.644095,0.136705
2132.660405,190.000000,6.081810,-128.536182,713.504142,6.080580,128.541378,0.163662
2132.607101,191.000000,6.076497,-128.436590,713.491897,6.074761,128.441689,0.174843
2132.650892,192.000000,6.080888,-128.342590,713.510708,6.080024,128.347846,0.155479
2132.729551,193.000000,6.088765,-128.250591,713.540673,6.089269,128.256095,0.125145
2132.783402,194.000000,6.094163,-128.157158,713.562703,6.095681,128.162846,0.102616
2132.791970,195.000000,6.095034,-128.061119,713.570246,6.096925,128.066871,0.094335
2132.760597,196.000000,6.091913,-127.962785,713.565009,6.093608,127.968497,0.098623
2132.707809,197.000000,6.086651,-127.863224,713.552920,6.087847,127.868841,0.109649
2132.639663,198.000000,6.079855,-127.762787,713.535918,6.080333,127.768268,0.125508
2132.555336,199.000000,6.071441,-127.661428,713.513740,6.070972,127.666731,0.146458
2132.548481,200.000000,6.070771,-127.564508,713.516342,6.070454,127.569836,0.143036
2132.495645,201.000000,6.065505,-127.464958,713.504236,6.064688,127.470190,0.154080
2132.496874,202.000000,6.065643,-127.368501,713.509422,6.065093,127.373779,0.148116
2132.548096,203.000000,6.070776,-127.274896,713.530599,6.071204,127.280350,0.126426
2132.524825,204.000000,6.068465,-127.177036,713.527946,6.068813,127.182472,0.128173
2132.523793,205.000000,6.068377,-127.080445,713.532406,6.068960,127.085921,0.122924
2132.536447,206.000000,6.069656,-126.984632,713.541243,6.070668,126.990183,0.113370
2132.460472,207.000000,6.062078,-126.883773,713.521728,6.062261,126.889168,0.131701
2132.416408,208.000000,6.057689,-126.784734,713.512419,6.057496,126.790056,0.139993
2132.407169,209.000000,6.056781,-126.687677,713.514250,6.056706,126.693017,0.137330
2132.400567,210.000000,6.056135,-126.590769,713.516922,6.056216,126.596134,0.133839
2132.365728,211.000000,6.052669,-126.492258,713.510562,6.052504,126.497575,0.139232
2132.341798,212.000000,6.050292,-126.394368,713.507690,6.050037,126.399664,0.141195
2132.368420,213.000000,6.052967,-126.299342,713.520986,6.053340,126.304750,0.127255
2132.421021,214.000000,6.058238,-126.205783,713.542592,6.059608,126.211371,0.105142
2132.480106,215.000000,6.064158,-126.112585,713.566272,6.066616,126.118370,0.080990
2132.519341,216.000000,6.068094,-126.018259,713.583602,6.071359,126.024189,0.063083
2132.436592,217.000000,6.059839,-125.917039,713.561908,6.062177,125.922795,0.083558
2132.491053,218.000000,6.065296,-125.823569,713.584106,6.068658,125.829510,0.060863
2132.439147,219.000000,6.060124,-125.724095,713.572276,6.062997,125.729942,0.071635
2132.366537,220.000000,6.052882,-125.623457,713.553822,6.054973,125.629157,0.088923
2132.280538,221.000000,6.044302,-125.522071,713.531086,6.045421,125.527588,0.110423
2132.225456,222.000000,6.038813,-125.422431,713.518239,6.039398,125.427846,0.122196
2132.228903,223.000000,6.039172,-125.326084,713.524111,6.040055,125.331550,0.115558
2132.231774,224.000000,6.039473,-125.229703,713.529798,6.040646,125.235219,0.109102
2132.187230,225.000000,6.035037,-125.130660,713.520319,6.035826,125.136102,0.117563
2132.129185,226.000000,6.029252,-125.030863,713.506520,6.029466,125.036195,0.130272
2132.107087,227.000000,6.027059,-124.933084,713.504218,6.027207,124.938400,0.131675
2132.122048,228.000000,6.028568,-124.837380,713.513768,6.029178,124.842778,0.121420
2132.131517,229.000000,6.029529,-124.741366,713.521560,6.030522,124.746831,0.112894
2132.133903,230.000000,6.029782,-124.644955,713.527086,6.031057,124.650469,0.106597
2132.146456,231.000000,6.031051,-124.549110,713.535862,6.032753,124.554699,0.097103
2132.165507,232.000000,6.032969,-124.453626,713.546716,6.035191,124.459306,0.085565
2132.151790,233.000000,6.031613,-124.356311,713.547088,6.033888,124.361998,0.084337
2132.113027,234.000000,6.027754,-124.257601,713.539447,6.029727,124.263228,0.090990
2132.084288,235.000000,6.024898,-124.159451,713.535012,6.026711,124.165045,0.094490
2132.079934,236.000000,6.024477,-124.062659,713.538375,6.026477,124.068284,0.090320
2132.092952,237.000000,6.025793,-123.966832,713.547294,6.028225,123.972533,0.080686
2132.099695,238.000000,6.026481,-123.870654,713.554205,6.029258,123.876415,0.073027
2132.091730,239.000000,6.025700,-123.773658,713.556410,6.028612,123.779441,0.069996
2132.090335,240.000000,6.025575,-123.677026,713.560716,6.028715,123.682847,0.064899
2132.084506,241.000000,6.025007,-123.580147,713.563602,6.028313,123.585995,0.061199
2132.065187,258.000000,6.023327,-121.937471,713.638021,6.030568,121.943984,-0.026650
2132.042511,259.000000,6.021076,-121.839657,713.635498,6.028242,121.846152,-0.025030
2131.874431,260.000000,6.004296,-121.733905,713.586460,6.009323,121.740002,0.022341
2131.600428,261.000000,5.976938,-121.622390,713.503553,5.978320,121.627812,0.103026
2131.461478,262.000000,5.963074,-121.518260,713.463846,5.962730,121.523360,0.141219
2131.383952,263.000000,5.955345,-121.417485,713.443783,5.954149,121.422425,0.160092
2131.362165,264.000000,5.953184,-121.319748,713.441541,5.951925,121.324673,0.161436
2131.382986,265.000000,5.955278,-121.224328,713.452921,5.954561,121.229349,0.149381
2131.412301,266.000000,5.958220,-121.129366,713.467017,5.958166,121.134506,0.134655
2131.425247,267.000000,5.959527,-121.033513,713.475877,5.959904,121.038728,0.125079
2131.450583,268.000000,5.962072,-120.938329,713.488699,5.963056,120.943652,0.111606
2131.525497,269.000000,5.969570,-120.845828,713.517375,5.971863,120.851389,0.082539
2131.543308,270.000000,5.971363,-120.750227,713.527789,5.974156,120.755877,0.071434
2131.570268,271.000000,5.974071,-120.655120,713.541129,5.977493,120.660882,0.057452
2131.532944,272.000000,5.970357,-120.556533,713.533908,5.973496,120.562239,0.063693
2131.532332,273.000000,5.970311,-120.459932,713.538427,5.973687,120.465678,0.058386
2131.447234,274.000000,5.961825,-120.358769,713.515926,5.964240,120.364335,0.079657
2131.389716,275.000000,5.956095,-120.259101,713.502245,5.957939,120.264558,0.092252
2131.362682,276.000000,5.953409,-120.161079,713.498312,5.955116,120.166507,0.095260
2131.346247,277.000000,5.951782,-120.063628,713.497766,5.953502,120.069055,0.094935
2131.326096,278.000000,5.949784,-119.965978,713.496032,5.951464,119.971394,0.095780
2131.319680,279.000000,5.949158,-119.869067,713.498688,5.950993,119.874508,0.092306
2131.331652,280.000000,5.950368,-119.773143,713.507223,5.952620,119.778657,0.083050
2131.322724,281.000000,5.949491,-119.676095,713.509074,5.951862,119.681628,0.080368
2131.285720,282.000000,5.945810,-119.577542,713.501945,5.947901,119.583019,0.086518
2131.248296,283.000000,5.942087,-119.478968,713.494682,5.943893,119.484389,0.092801
2131.228608,284.000000,5.940135,-119.381345,713.493089,5.941908,119.386757,0.093508
2131.228034,285.000000,5.940092,-119.284746,713.497607,5.942102,119.290198,0.088203
2131.241944,286.000000,5.941496,-119.188919,713.506755,5.943949,119.194449,0.078343
2131.241876,287.000000,5.941504,-119.092344,713.511433,5.944202,119.097915,0.072881
2131.217892,288.000000,5.939123,-118.994492,713.508461,5.941726,119.000042,0.074943
2131.184103,289.000000,5.935763,-118.896117,713.502353,5.938132,118.901621,0.080090
2131.155437,290.000000,5.932915,-118.798018,713.497883,5.935123,118.803488,0.083626
2131.130332,291.000000,5.930422,-118.700109,713.494550,5.932520,118.705556,0.086043
2131.099398,292.000000,5.927348,-118.601892,713.489352,5.929251,118.607299,0.090295
2131.066312,293.000000,5.924058,-118.503562,713.483465,5.925738,118.508924,0.095224
2131.045762,294.000000,5.922021,-118.405899,713.481585,5.923654,118.411249,0.096212
2131.028167,295.000000,5.920278,-118.308393,713.480650,5.921907,118.313739,0.096272
2130.998872,296.000000,5.917368,-118.210268,713.475972,5.918825,118.215579,0.100012
2130.964974,297.000000,5.913997,-118.111901,713.469821,5.915219,118.117164,0.105202
2130.944770,298.000000,5.911994,-118.014259,713.468048,5.913175,118.019512,0.106085
2130.945466,299.000000,5.912078,-117.917724,713.472956,5.913514,117.923020,0.100396
2130.954079,300.000000,5.912953,-117.821605,713.480394,5.914755,117.826965,0.092219
2130.968815,301.000000,5.914439,-117.725808,713.489789,5.916696,117.731248,0.082117
2131.000911,302.000000,5.917658,-117.630924,713.504734,5.920616,117.636490,0.066556
2131.043213,303.000000,5.921897,-117.536574,713.522942,5.925700,117.542292,0.047785
2131.040984,304.000000,5.921689,-117.439875,713.526910,5.925705,117.445628,0.043021
2130.960675,305.000000,5.913684,-117.339066,713.505909,5.916805,117.344651,0.062818
2130.872921,306.000000,5.904936,-117.237873,713.482529,5.907056,117.243270,0.084955
2130.825817,307.000000,5.900247,-117.138821,713.472145,5.901944,117.144136,0.094308
2130.793612,308.000000,5.897046,-117.040554,713.466524,5.898530,117.045826,0.098977
2130.761441,309.000000,5.893849,-116.942290,713.460912,5.895121,116.947520,0.103636
2130.743833,310.000000,5.892105,-116.844791,713.459956,5.893372,116.850016,0.103716
2130.750425,311.000000,5.892778,-116.748559,713.466736,5.894383,116.753843,0.096186
2130.747022,312.000000,5.892453,-116.651802,713.470319,5.894254,116.657119,0.091801
2130.737630,313.000000,5.891529,-116.554732,713.471986,5.893441,116.560066,0.089301
2130.744099,314.000000,5.892190,-116.458490,713.478723,5.894438,116.463882,0.081814
2130.765003,315.000000,5.894291,-116.362999,713.490074,5.897081,116.368487,0.069787
2130.777343,316.000000,5.895538,-116.267059,713.498686,5.898747,116.272620,0.060456
2130.780292,317.000000,5.895847,-116.170627,713.504295,5.899342,116.176238,0.054078
2130.773975,318.000000,5.895230,-116.073712,713.506940,5.898880,116.079348,0.050616
2130.746054,319.000000,5.892457,-115.975673,713.502676,5.895955,115.981277,0.053950
2130.684263,320.000000,5.886303,-115.875875,713.487582,5.889167,115.881359,0.067937
2130.616991,321.000000,5.879601,-115.775798,713.470735,5.881754,115.781148,0.083648
2130.590835,322.000000,5.877004,-115.677858,713.467033,5.879030,115.683180,0.086429
2130.588652,323.000000,5.876801,-115.581161,713.470994,5.879040,115.586519,0.081673
2130.574735,324.000000,5.875426,-115.483856,713.471202,5.877711,115.489219,0.080607
2130.544818,325.000000,5.872454,-115.385723,713.466294,5.874558,115.391049,0.084575
2130.514449,326.000000,5.869436,-115.287568,713.461240,5.871354,115.292856,0.088686
2130.484429,327.000000,5.866454,-115.189433,713.456297,5.868189,115.194684,0.092688
2130.506066,328.000000,5.868628,-115.093964,713.467867,5.870914,115.099313,0.080446
2130.425565,329.000000,5.860607,-114.993228,713.446784,5.861994,114.998407,0.100325
2130.368444,330.000000,5.854920,-114.893701,713.433175,5.855740,114.898773,0.112852
2130.372174,331.000000,5.855307,-114.797310,713.439016,5.856423,114.802433,0.106245
2130.403308,332.000000,5.858429,-114.702327,713.453618,5.860230,114.707572,0.091022
2130.434578,333.000000,5.861564,-114.607346,713.468262,5.864053,114.612715,0.075757
2130.476599,334.000000,5.865773,-114.512914,713.486342,5.869102,114.518434,0.057112
2130.516513,335.000000,5.869772,-114.418370,713.503749,5.873911,114.424035,0.039129
2130.497323,336.000000,5.867871,-114.320791,713.502258,5.871981,114.326447,0.039736
2130.443490,337.000000,5.862512,-114.221439,713.489690,5.866100,114.226996,0.051238
2130.412502,338.000000,5.859433,-114.123260,713.484425,5.862825,114.128777,0.055557
2130.424306,339.000000,5.860626,-114.027269,713.492840,5.864429,114.032858,0.046420
2130.458752,340.000000,5.864079,-113.932433,713.508493,5.868614,113.938154,0.030162
2130.473136,341.000000,5.865529,-113.836570,713.517731,5.870511,113.842369,0.020215
2130.448945,342.000000,5.863129,-113.738736,713.514634,5.868010,113.744513,0.022401
2130.386814,343.000000,5.856941,-113.638971,713.499406,5.861184,113.644627,0.036520
2130.296023,344.000000,5.847893,-113.537752,713.475016,5.851090,113.543211,0.059653
2130.203461,345.000000,5.838669,-113.436450,713.450060,5.840795,113.441708,0.083341
2130.148544,346.000000,5.833202,-113.337067,713.437138,5.834791,113.342223,0.095192
2130.137870,347.000000,5.832151,-113.239934,713.438358,5.833832,113.245104,0.093133
2130.141889,348.000000,5.832567,-113.143546,713.444273,5.834547,113.148767,0.086455
2130.143796,349.000000,5.832771,-113.047050,713.449512,5.835021,113.052317,0.080441
2130.142430,350.000000,5.832649,-112.950386,713.453703,5.835123,112.955691,0.075458
2130.141506,351.000000,5.832571,-112.853744,713.458035,5.835274,112.859088,0.070337
2130.139627,352.000000,5.832398,-112.757053,713.462061,5.835317,112.762433,0.065517
2130.127467,353.000000,5.831199,-112.659842,713.462798,5.834188,112.665231,0.063932
2130.093617,354.000000,5.827835,-112.561536,713.456602,5.830586,112.566877,0.069168
2130.046001,355.000000,5.823098,-112.462538,713.446004,5.825415,112.467796,0.078733
2130.006035,356.000000,5.819124,-112.363928,713.437850,5.821116,112.369123,0.085894
2129.987417,357.000000,5.817280,-112.266395,713.436519,5.819250,112.271582,0.086344
2129.983019,358.000000,5.816855,-112.169578,713.439733,5.819005,112.174795,0.082323
2129.982222,359.000000,5.816790,-112.072941,713.444096,5.819171,112.078196,0.077171
2129.984636,360.000000,5.817046,-111.976464,713.449485,5.819702,111.981767,0.071011
2129.978999,361.000000,5.816497,-111.879582,713.452299,5.819316,111.884911,0.067383
2129.949975,362.000000,5.813615,-111.781527,713.447636,5.816264,111.786822,0.071110
2129.905588,363.000000,5.809200,-111.682705,713.438061,5.811461,111.687924,0.079669
2129.889547,364.000000,5.807614,-111.585304,713.437547,5.809889,111.590522,0.079316
2129.905703,365.000000,5.809241,-111.489511,713.447322,5.811987,111.494813,0.068840
2129.927145,366.000000,5.811395,-111.393981,713.458786,5.814687,111.399379,0.056703
2129.933211,367.000000,5.812014,-111.297680,713.465334,5.815635,111.303135,0.049402
2129.911720,368.000000,5.809884,-111.200004,713.463073,5.813441,111.205444,0.050767
2129.874654,369.000000,5.806200,-111.101553,713.455832,5.809472,111.106937,0.057031
2129.844970,370.000000,5.803252,-111.003472,713.450949,5.806345,111.008819,0.060974
2129.834077,371.000000,5.802179,-110.906326,713.452072,5.805359,110.911686,0.059010
2129.830779,372.000000,5.801865,-110.809557,713.455621,5.805239,110.814949,0.054660
2129.812120,373.000000,5.800017,-110.712026,713.454260,5.803368,110.717410,0.055140
2129.796737,374.000000,5.798497,-110.614657,713.453944,5.801871,110.620042,0.054591
2129.815204,375.000000,5.800354,-110.518965,713.464447,5.804231,110.524439,0.043399
2129.840557,376.000000,5.802898,-110.423612,713.477151,5.807377,110.429193,0.030043
2129.847478,377.000000,5.803603,-110.327344,713.483961,5.808421,110.332984,0.022484
2129.844094,378.000000,5.803280,-110.230564,713.487476,5.808291,110.236237,0.018167
2129.842674,379.000000,5.803153,-110.133881,713.491618,5.808385,110.139591,0.013233
2129.834946,380.000000,5.802396,-110.036886,713.493743,5.807760,110.042616,0.010284
2129.791270,381.000000,5.798052,-109.938120,713.484375,5.803037,109.943776,0.018640
2129.721229,382.000000,5.791077,-109.838057,713.466579,5.795309,109.843572,0.035287
2129.670935,383.000000,5.786073,-109.738972,713.455094,5.789832,109.744395,0.045726
2129.671976,384.000000,5.786192,-109.642412,713.460017,5.790206,109.647879,0.040024
2129.699413,385.000000,5.788944,-109.547147,713.473376,5.793589,109.552727,0.026023
2129.730361,386.000000,5.792046,-109.452052,713.487856,5.797371,109.457753,0.010919
2129.762345,387.000000,5.795252,-109.357003,713.502668,5.801272,109.362829,-0.004511
2129.784679,388.000000,5.797495,-109.261478,713.514393,5.804073,109.267403,-0.016905
2129.757675,389.000000,5.794815,-109.163535,713.510346,5.801250,109.169430,-0.013782
2129.665585,390.000000,5.785640,-109.062412,713.485492,5.791009,109.068107,0.009809
2129.537130,391.000000,5.772838,-108.959521,713.449016,5.776624,108.964921,0.044832
2129.493214,392.000000,5.768471,-108.860765,713.439560,5.771874,108.866090,0.053275
2129.437308,393.000000,5.762908,-108.761427,713.426272,5.765758,108.766647,0.065488
2129.427640,394.000000,5.761958,-108.664344,713.427761,5.764911,108.669580,0.063164
2129.461719,395.000000,5.765372,-108.569391,713.443230,5.769050,108.574756,0.047088
2129.518482,396.000000,5.771050,-108.475536,713.465949,5.775773,108.481090,0.023879
2129.562070,397.000000,5.775413,-108.381035,713.484457,5.780995,108.386744,0.004813
2129.560240,398.000000,5.775245,-108.284325,713.488446,5.781041,108.290070,0.000030
2129.475698,399.000000,5.766824,-108.183603,713.465997,5.771661,108.189168,0.021255
2129.478788,400.000000,5.767147,-108.087134,713.471557,5.772268,108.092747,0.014927
2129.534004,401.000000,5.772671,-107.993186,713.493777,5.778815,107.998984,-0.007791
2129.474104,402.000000,5.766709,-107.893665,713.479201,5.772243,107.899347,0.005689
2129.433582,403.000000,5.762680,-107.795084,713.470817,5.767879,107.800702,0.013078
2129.411833,404.000000,5.760525,-107.697413,713.468433,5.765655,107.703014,0.014564
2129.397798,405.000000,5.759139,-107.600114,713.468514,5.764310,107.605719,0.013626
2129.394043,406.000000,5.758779,-107.503310,713.471879,5.764136,107.508946,0.009457
2129.400073,407.000000,5.759395,-107.406977,713.478370,5.765078,107.412669,0.002212
2129.392712,408.000000,5.758675,-107.309998,713.480581,5.764493,107.315712,-0.000821
2129.354387,409.000000,5.754866,-107.211531,713.472893,5.760379,107.217185,0.005883
2129.294737,410.000000,5.748930,-107.112043,713.458389,5.753836,107.117581,0.019293
2129.242970,411.000000,5.743780,-107.012936,713.446404,5.748192,107.018380,0.030225
2129.213729,412.000000,5.740878,-106.914913,713.441617,5.745114,106.920321,0.034075
2129.207140,413.000000,5.740235,-106.817975,713.444068,5.744617,106.823407,0.030805
2129.206248,414.000000,5.740160,-106.721310,713.448339,5.744769,106.726779,0.025745
2129.185908,415.000000,5.738146,-106.623714,713.446393,5.742705,106.629171,0.026800
2129.146769,416.000000,5.734256,-106.525222,713.438439,5.738499,106.530617,0.033767
2129.117164,417.000000,5.731317,-106.427186,713.433530,5.735380,106.432544,0.037738
2129.108378,418.000000,5.730455,-106.330144,713.435273,5.734632,106.335520,0.035164
2129.105545,419.000000,5.730187,-106.233386,713.438918,5.734563,106.238794,0.030720
2129.107128,420.000000,5.730360,-106.136836,713.443974,5.734997,106.142289,0.024888
2129.115327,421.000000,5.731192,-106.040600,713.451142,5.736184,106.046115,0.016977
2129.106913,422.000000,5.730367,-105.943573,713.453000,5.735479,105.949106,0.014291
2129.081423,423.000000,5.727839,-105.845736,713.449399,5.732828,105.851243,0.016975
2129.074935,424.000000,5.727206,-105.748800,713.451870,5.732342,105.754331,0.013685
2129.075447,425.000000,5.727272,-105.652196,713.456578,5.732654,105.657768,0.008196
2129.050138,426.000000,5.724761,-105.554368,713.453032,5.730023,105.559915,0.010826
2129.002262,427.000000,5.720001,-105.455476,713.442273,5.724822,105.460938,0.020552
2128.971253,428.000000,5.716922,-105.357383,713.436903,5.721542,105.362805,0.024976
2128.970345,429.000000,5.716846,-105.260712,713.441152,5.721692,105.266171,0.019938
2128.962675,430.000000,5.716095,-105.163721,713.443239,5.721071,105.169200,0.017027
2128.924034,431.000000,5.712256,-105.065271,713.435427,5.716921,105.070690,0.023854
2128.860709,432.000000,5.705955,-104.965663,713.419726,5.709960,104.970957,0.038442
2128.808002,433.000000,5.700713,-104.866558,713.407418,5.704208,104.871754,0.049692
2128.799972,434.000000,5.699926,-104.769554,713.409385,5.703546,104.774770,0.046899
2128.829778,435.000000,5.702913,-104.674324,713.423441,5.707195,104.679659,0.032212
2128.868136,436.000000,5.706753,-104.579492,713.440230,5.711817,104.584967,0.014838
2128.892382,437.000000,5.709186,-104.483995,713.452508,5.714832,104.489573,0.001900
2128.890432,438.000000,5.709006,-104.387269,713.456414,5.714862,104.392883,-0.002800
2128.860544,439.000000,5.706039,-104.289237,713.451390,5.711710,104.294813,0.001284
2128.812578,440.000000,5.701270,-104.190362,713.440588,5.706498,104.195852,0.011053
2128.765730,441.000000,5.696612,-104.091542,713.430142,5.701413,104.096951,0.020471
2128.743720,442.000000,5.694432,-103.993883,713.427633,5.699159,103.999274,0.022081
2128.738201,443.000000,5.693896,-103.896993,713.430393,5.698782,103.902410,0.018508
2128.747723,444.000000,5.694860,-103.800801,713.437957,5.700119,103.806283,0.010208
2128.765999,445.000000,5.696697,-103.705015,713.448318,5.702453,103.710585,-0.000843
2128.767416,446.000000,5.696852,-103.608443,713.453291,5.702867,103.614057,-0.006593
2128.738667,447.000000,5.694000,-103.510471,713.448622,5.699844,103.516050,-0.002858
2128.695929,448.000000,5.689752,-103.411852,713.439482,5.695228,103.417359,0.005276
2128.658113,449.000000,5.685996,-103.313463,713.431914,5.691172,103.318912,0.011864
2128.622131,450.000000,5.682422,-103.215162,713.424931,5.687325,103.220557,0.017876
2128.590861,451.000000,5.679318,-103.117080,713.419453,5.684015,103.122434,0.022407
2128.562456,452.000000,5.676500,-103.019133,713.414889,5.681032,103.024452,0.026039
2128.521101,453.000000,5.672391,-102.920589,713.406187,5.676573,102.925841,0.033743
2128.559630,454.000000,5.676247,-102.825729,713.423008,5.681213,102.831122,0.016336
2128.538811,455.000000,5.674186,-102.728133,713.420865,5.679094,102.733511,0.017587
2128.476064,456.000000,5.667944,-102.628609,713.405324,5.672198,102.633863,0.032018
2128.526861,457.000000,5.673023,-102.534306,713.426062,5.678236,102.539734,0.010759
2128.568658,458.000000,5.677205,-102.439585,713.443923,5.683248,102.445162,-0.007672
2128.586913,459.000000,5.679040,-102.343780,713.454261,5.685579,102.349444,-0.018700
2128.598147,460.000000,5.680174,-102.247650,713.462355,5.687110,102.253384,-0.027521
2128.592167,461.000000,5.679593,-102.150730,713.464947,5.686680,102.156488,-0.030928
2128.565064,462.000000,5.676904,-102.052844,713.460787,5.683845,102.058571,-0.027694
2128.532723,463.000000,5.673694,-101.954719,713.454953,5.680412,101.960403,-0.022812
2128.506688,464.000000,5.671112,-101.856885,713.451133,5.677698,101.862540,-0.019911
2128.467369,465.000000,5.667206,-101.758446,713.443067,5.673471,101.764038,-0.012833
2128.470760,466.000000,5.667559,-101.661955,713.448647,5.674108,101.667596,-0.019181
2128.416061,467.000000,5.662119,-101.562818,713.435664,5.668129,101.568357,-0.007265
2128.416642,468.000000,5.662192,-101.466199,713.440344,5.668446,101.471779,-0.012728
2128.455532,469.000000,5.666084,-101.371319,713.457265,5.673127,101.377041,-0.030232
2128.484643,470.000000,5.669001,-101.275991,713.471060,5.676694,101.281829,-0.044661
2128.476604,471.000000,5.668214,-101.178975,713.472982,5.676029,101.184832,-0.047410
2128.449545,472.000000,5.665530,-101.081097,713.468826,5.673198,101.086923,-0.044178
2128.443772,473.000000,5.664969,-100.984184,713.471470,5.672791,100.990035,-0.047637
2128.460726,474.000000,5.666674,-100.888298,713.481376,5.674973,100.894233,-0.058241
2128.454560,475.000000,5.666074,-100.791364,713.483892,5.674522,100.797323,-0.061574
2128.430583,476.000000,5.663697,-100.693627,713.480716,5.672041,100.699563,-0.059306
2128.411403,477.000000,5.661799,-100.596107,713.479071,5.670107,100.602033,-0.058546
2128.376184,478.000000,5.658302,-100.497865,713.472300,5.666346,100.503739,-0.052741
2128.313074,479.000000,5.652024,-100.398371,713.456615,5.659409,100.404120,-0.038168
2128.242422,480.000000,5.644995,-100.298542,713.438521,5.651613,100.304147,-0.021223
2128.188723,481.000000,5.639656,-100.199480,713.425843,5.645748,100.204984,-0.009607
2128.165429,482.000000,5.637348,-100.101785,713.422878,5.643345,100.107268,-0.007548
2128.164790,483.000000,5.637299,-100.005106,713.427151,5.643523,100.010627,-0.012609
2128.172800,484.000000,5.638112,-99.908814,713.434187,5.644685,99.914395,-0.020388
2128.173453,485.000000,5.638191,-99.812190,713.438870,5.645010,99.817814,-0.025853
2128.154892,486.000000,5.636355,-99.714707,713.437414,5.643146,99.720322,-0.025277
2128.113031,487.000000,5.632197,-99.616185,713.428511,5.638629,99.621730,-0.017376
2128.055769,488.000000,5.626503,-99.516979,713.414688,5.632359,99.522414,-0.004633
2127.997206,489.000000,5.620679,-99.417718,713.400448,5.625940,99.423040,0.008520
2127.954287,490.000000,5.616416,-99.319158,713.391205,5.621303,99.324408,0.016757
2127.939731,491.000000,5.614979,-99.221862,713.391022,5.619895,99.227113,0.016079
2127.962064,492.000000,5.617220,-99.126204,713.402624,5.622688,99.131554,0.003808
2127.992414,493.000000,5.620259,-99.030899,713.416786,5.626394,99.036368,-0.010983
2127.996541,494.000000,5.620685,-98.934428,713.422569,5.627113,98.939947,-0.017530
2127.976148,495.000000,5.618667,-98.836869,713.420517,5.625041,98.842375,-0.016368
2127.940759,496.000000,5.615154,-98.738648,713.413673,5.621261,98.744101,-0.010491
2127.907143,497.000000,5.611818,-98.640508,713.407394,5.617683,98.645913,-0.005171
2127.904939,498.000000,5.611612,-98.543756,713.411150,5.617681,98.549195,-0.009723
2127.931894,499.000000,5.614314,-98.448289,713.424221,5.621000,98.453839,-0.023439
2127.977060,500.000000,5.618830,-98.353622,713.443109,5.626393,98.359329,-0.042880
2128.035968,501.000000,5.624717,-98.259555,713.466388,5.633350,98.265455,-0.066640
2128.085734,502.000000,5.629693,-98.165080,713.486746,5.639267,98.171150,-0.087527
2128.070986,503.000000,5.628237,-98.067764,713.486488,5.637837,98.073836,-0.088130
2128.007702,504.000000,5.621943,-97.968318,713.470720,5.630880,97.974264,-0.073474
2127.953066,505.000000,5.616511,-97.869257,713.457715,5.624907,97.875099,-0.061535
2127.928478,506.000000,5.614075,-97.771515,713.454310,5.622357,97.777333,-0.059042
2127.916623,507.000000,5.612907,-97.674331,713.454972,5.621256,97.680158,-0.060550
2127.902865,508.000000,5.611550,-97.577065,713.455025,5.619938,97.582895,-0.061459
2127.885707,509.000000,5.609855,-97.479650,713.453991,5.618234,97.485475,-0.061298
2127.850143,510.000000,5.606324,-97.381432,713.447074,5.614433,97.387204,-0.055350
2127.787189,511.000000,5.600064,-97.282023,713.431406,5.607514,97.287670,-0.040791
2127.711546,512.000000,5.592539,-97.182065,713.411684,5.599150,97.187554,-0.022243
2127.644357,513.000000,5.585857,-97.082482,713.394662,5.591749,97.087835,-0.006353
2127.618201,514.000000,5.583265,-96.984686,713.390747,5.589020,96.990010,-0.003358
2127.628120,515.000000,5.584268,-96.888457,713.398356,5.590398,96.893846,-0.011701
2127.650361,516.000000,5.586499,-96.792760,713.409900,5.593179,96.798248,-0.023916
2127.671918,517.000000,5.588662,-96.697031,713.421225,5.595882,96.702614,-0.035915
2127.675370,518.000000,5.589020,-96.600516,713.426765,5.596524,96.606148,-0.042222
2127.667978,519.000000,5.588298,-96.503530,713.428840,5.595930,96.509182,-0.045120
2127.679617,520.000000,5.589473,-96.407366,713.436993,5.597504,96.413088,-0.053998
2127.688245,521.000000,5.590347,-96.311070,713.444183,5.598735,96.316854,-0.061929
2127.689721,522.000000,5.590509,-96.214464,713.449088,5.599151,96.220292,-0.067611
2127.742163,523.000000,5.595750,-96.120052,713.470274,5.605371,96.126056,-0.089313
2127.876641,524.000000,5.609170,-96.029164,713.517675,5.620932,96.035559,-0.136807
2127.999118,525.000000,5.621394,-95.937748,713.561245,5.635129,95.944502,-0.180532
2127.192627,555.000000,5.541452,-93.003079,713.435909,5.550731,93.008907,-0.082900
2127.150147,556.000000,5.537234,-92.904629,713.426732,5.546142,92.910384,-0.074726
2127.096258,557.000000,5.531880,-92.805706,713.413910,5.540255,92.811360,-0.062966
2127.027847,558.000000,5.525079,-92.706185,713.396449,5.532715,92.711699,-0.046641
2126.959126,559.000000,5.518247,-92.606656,713.378888,5.525141,92.612029,-0.030219
2126.911778,560.000000,5.513545,-92.508017,713.368154,5.519999,92.513306,-0.020512
2126.911867,561.000000,5.513568,-92.411345,713.372569,5.520255,92.416674,-0.025712
2126.995061,562.000000,5.521870,-92.318109,713.403527,5.529970,92.323694,-0.057029
2127.091175,563.000000,5.531461,-92.225398,713.438615,5.541156,92.231273,-0.092409
2127.112854,564.000000,5.533636,-92.129606,713.449924,5.543869,92.135578,-0.104392
2127.069286,565.000000,5.529309,-92.031122,713.440389,5.539157,92.037018,-0.095866
2126.985504,566.000000,5.520977,-91.930984,713.418008,5.529867,91.936701,-0.074700
2126.890620,567.000000,5.511539,-91.830396,713.392081,5.519315,91.835904,-0.050045
2126.812538,568.000000,5.503775,-91.730506,713.371521,5.510675,91.735849,-0.030670
2126.774492,569.000000,5.500000,-91.632265,713.363747,5.506591,91.637548,-0.023877
2126.771075,570.000000,5.499674,-91.535447,713.367033,5.506448,91.540759,-0.027965
2126.761385,571.000000,5.498723,-91.438370,713.368313,5.505592,91.443696,-0.030081
2126.736650,572.000000,5.496274,-91.340678,713.364788,5.503023,91.345979,-0.027467
2126.705899,573.000000,5.493226,-91.242741,713.359340,5.499769,91.248001,-0.022962
2126.687082,574.000000,5.491366,-91.145293,713.357702,5.497874,91.150543,-0.022206
2126.687235,575.000000,5.491396,-91.048620,713.362121,5.498137,91.053908,-0.027410
2126.695254,576.000000,5.492209,-90.952265,713.369052,5.499295,90.957614,-0.035085
2126.715919,577.000000,5.494282,-90.856424,713.380020,5.501892,90.861866,-0.046733
2126.751348,578.000000,5.497826,-90.761180,713.395703,5.506169,90.766753,-0.063020
2126.780336,579.000000,5.500728,-90.665671,713.409328,5.509714,90.671358,-0.077282
2126.778256,580.000000,5.500535,-90.568897,713.413029,5.509722,90.574619,-0.081779
2126.749199,581.000000,5.497655,-90.471030,713.408113,5.506661,90.476714,-0.077796
2126.717047,582.000000,5.494467,-90.373039,713.402206,5.503248,90.378678,-0.072840
2126.689618,583.000000,5.491750,-90.275240,713.397807,5.500372,90.280847,-0.069367
2126.665962,584.000000,5.489408,-90.177596,713.394612,5.497925,90.183179,-0.067078
2126.635343,585.000000,5.486373,-90.079671,713.389192,5.494686,90.085214,-0.062600
2126.582594,586.000000,5.481133,-89.980856,713.376703,5.488929,89.986300,-0.051167
2126.510350,587.000000,5.473953,-89.881261,713.357988,5.480954,89.886555,-0.033607
2126.458929,588.000000,5.468846,-89.782508,713.345922,5.475349,89.787706,-0.022590
2126.521459,589.000000,5.475088,-89.688335,713.370246,5.482708,89.693736,-0.047379
2126.510589,590.000000,5.474020,-89.591211,713.371128,5.481716,89.596623,-0.049101
2126.512093,591.000000,5.474185,-89.494583,713.375960,5.482132,89.500037,-0.054712
2126.456827,592.000000,5.468695,-89.395681,713.362661,5.476089,89.401030,-0.042481
2126.503337,593.000000,5.473342,-89.300853,713.381865,5.481626,89.306362,-0.062232
2126.529461,594.000000,5.475958,-89.205206,713.394557,5.484843,89.210822,-0.075576
2126.508130,595.000000,5.473849,-89.107662,713.392092,5.482661,89.113261,-0.074006
2126.438908,596.000000,5.466969,-89.008209,713.374331,5.475029,89.013666,-0.057384
2126.423508,597.000000,5.465450,-88.910904,713.373758,5.473522,88.916360,-0.057676
2126.355975,598.000000,5.458739,-88.811527,713.356535,5.466083,88.816845,-0.041583
2126.340967,599.000000,5.457259,-88.714241,713.356085,5.464620,88.719558,-0.041996
2126.348507,600.000000,5.458025,-88.617850,713.362835,5.465722,88.623226,-0.049492
2126.332263,601.000000,5.456422,-88.520515,713.361988,5.464118,88.525887,-0.049514
2126.307620,602.000000,5.453982,-88.422847,713.358458,5.461559,88.428194,-0.046895
2126.303770,603.000000,5.453613,-88.326004,713.361566,5.461365,88.331379,-0.050808
2126.295902,604.000000,5.452844,-88.229000,713.363391,5.460714,88.234394,-0.053459
2126.261926,605.000000,5.449476,-88.130966,713.356877,5.457093,88.136310,-0.047904
2126.246586,606.000000,5.447963,-88.033669,713.356312,5.455592,88.039011,-0.048203
2126.280200,607.000000,5.451325,-87.938300,713.371380,5.459660,87.943769,-0.063885
2126.311087,608.000000,5.454415,-87.842820,713.385577,5.463419,87.848408,-0.078709
2126.311325,609.000000,5.454454,-87.746132,713.389984,5.463690,87.751759,-0.083901
2126.303606,610.000000,5.453700,-87.649130,713.391850,5.463056,87.654776,-0.086591
2126.299336,611.000000,5.453289,-87.552263,713.394815,5.462814,87.557937,-0.090364
2126.278217,612.000000,5.451201,-87.454736,713.392398,5.460655,87.460393,-0.088840
2126.248030,613.000000,5.448209,-87.356855,713.387084,5.457464,87.362472,-0.084466
2126.227295,614.000000,5.446159,-87.259345,713.384788,5.455349,87.264946,-0.083061
2126.223965,615.000000,5.445842,-87.162515,713.388049,5.455214,87.168146,-0.087125
2126.224382,616.000000,5.445898,-87.065830,713.392505,5.455505,87.071501,-0.092365
2126.214821,617.000000,5.444961,-86.968756,713.393774,5.454661,86.974441,-0.094468
2126.194915,618.000000,5.442993,-86.871279,713.391738,5.452640,86.876950,-0.093319
2126.174440,619.000000,5.440969,-86.773781,713.389519,5.450554,86.779437,-0.091990
2126.165060,620.000000,5.440050,-86.676715,713.390842,5.449731,86.682385,-0.094146
2126.162476,621.000000,5.439807,-86.579911,713.394334,5.449680,86.585613,-0.098437
2126.148285,622.000000,5.438409,-86.482658,713.394119,5.448309,86.488361,-0.099080
2126.105699,623.000000,5.434183,-86.384306,713.384834,5.443708,86.389936,-0.090798
2126.038638,624.000000,5.427520,-86.285011,713.367732,5.436323,86.290505,-0.074824
2125.977328,625.000000,5.421431,-86.185942,713.352467,5.429592,86.191315,-0.060658
2125.947918,626.000000,5.418517,-86.088109,713.347387,5.426489,86.093443,-0.056513
2125.953046,627.000000,5.419042,-85.991606,713.353335,5.427316,85.996993,-0.063220
2125.977886,628.000000,5.421530,-85.895861,713.365576,5.430384,85.901351,-0.076120
2126.010336,629.000000,5.424776,-85.800405,713.380246,5.434319,85.806018,-0.091410
2126.037891,630.000000,5.427534,-85.704757,713.393353,5.437696,85.710481,-0.105162
2126.042422,631.000000,5.428000,-85.608224,713.399106,5.438455,85.613997,-0.111677
2126.017974,632.000000,5.425581,-85.510579,713.395603,5.435917,85.516327,-0.109085
2125.975559,633.000000,5.421372,-85.412247,713.386361,5.431335,85.417923,-0.100845
2125.930320,634.000000,5.416883,-85.313811,713.376217,5.426431,85.319407,-0.091717
2125.902386,635.000000,5.414116,-85.216038,713.371598,5.423497,85.221600,-0.088026
2125.905335,636.000000,5.414425,-85.119444,713.376839,5.424075,85.125052,-0.094038
2125.926990,637.000000,5.416596,-85.023561,713.388053,5.426781,85.029264,-0.105927
2125.935569,638.000000,5.417465,-84.927178,713.395090,5.427999,84.932941,-0.113706
2125.909318,639.000000,5.414866,-84.829469,713.391004,5.425256,84.835203,-0.110539
2125.862207,640.000000,5.410190,-84.730971,713.380255,5.420140,84.736620,-0.100816
2125.831404,641.000000,5.407138,-84.633094,713.374713,5.416878,84.638700,-0.096217
2125.819238,642.000000,5.405941,-84.535924,713.375121,5.415737,84.541537,-0.097472
2125.789405,643.000000,5.402986,-84.438086,713.369886,5.412586,84.443659,-0.093175
2125.748534,644.000000,5.398932,-84.339832,713.361126,5.408180,84.345338,-0.085409
2125.724775,645.000000,5.396581,-84.242227,713.357829,5.405720,84.247709,-0.083018
2125.730464,646.000000,5.397163,-84.145733,713.363933,5.406609,84.151268,-0.089880
2125.758551,647.000000,5.399973,-84.050080,713.377188,5.410046,84.055727,-0.103777
2125.784465,648.000000,5.402568,-83.954342,713.389749,5.413235,83.960095,-0.116992
2125.789273,649.000000,5.403062,-83.857809,713.395570,5.414024,83.863612,-0.123574
2125.764016,650.000000,5.400562,-83.760146,713.391788,5.411394,83.765921,-0.120706
2125.712816,651.000000,5.395480,-83.661512,713.379721,5.405812,83.667192,-0.109686
2125.664161,652.000000,5.390651,-83.562977,713.368466,5.400520,83.568569,-0.099464
2125.637340,653.000000,5.387995,-83.465262,713.364181,5.397712,83.470821,-0.096102
2125.633241,654.000000,5.387602,-83.368396,713.367151,5.397487,83.373983,-0.099878
2125.644199,655.000000,5.388708,-83.272091,713.374928,5.398975,83.277745,-0.108385
2125.649322,656.000000,5.389233,-83.175567,713.380840,5.399800,83.181273,-0.115057
2125.643667,657.000000,5.388685,-83.078640,713.383310,5.399398,83.084369,-0.118341
2125.657354,658.000000,5.390062,-82.982432,713.391955,5.401197,82.988235,-0.127702
2125.672161,659.000000,5.391551,-82.886263,713.400956,5.403122,82.892143,-0.137413
2125.652224,660.000000,5.389581,-82.788804,713.398862,5.401096,82.794670,-0.136206
2125.616616,661.000000,5.386051,-82.690765,713.391762,5.397288,82.696576,-0.130073
2125.608449,662.000000,5.385253,-82.593743,713.393423,5.396601,82.599571,-0.132562
2125.631402,663.000000,5.387553,-82.497871,713.405021,5.399453,82.503797,-0.144829
2125.644644,664.000000,5.388886,-82.401637,713.413518,5.401200,82.407636,-0.154044
2125.611726,665.000000,5.385624,-82.303700,713.407272,5.397697,82.309651,-0.148751
2125.543510,666.000000,5.378848,-82.204465,713.389754,5.390180,82.210276,-0.132366
2125.457027,667.000000,5.370254,-82.104564,713.366403,5.380586,82.110187,-0.110241
2125.441889,668.000000,5.368762,-82.007289,713.365832,5.379106,82.012911,-0.110532
2125.361058,669.000000,5.360732,-81.907606,713.344285,5.370155,81.913055,-0.090182
2125.299395,670.000000,5.354609,-81.808630,713.328857,5.363384,81.813956,-0.075855
2125.279543,671.000000,5.352648,-81.711189,713.326778,5.361368,81.716501,-0.074662
2125.302278,672.000000,5.354926,-81.615305,713.338293,5.364194,81.620715,-0.086847
2125.342237,673.000000,5.358918,-81.520047,713.355308,5.368979,81.525599,-0.104444
2125.357356,674.000000,5.360438,-81.423879,713.364390,5.370939,81.429508,-0.114236
2125.323872,675.000000,5.357120,-81.325938,713.357953,5.367372,81.331518,-0.108754
2125.277001,676.000000,5.352470,-81.227512,713.347241,5.362283,81.233008,-0.099067
2125.254366,677.000000,5.350232,-81.129971,713.344266,5.359950,81.135445,-0.096992
2125.265843,678.000000,5.351389,-81.033667,713.352181,5.361495,81.039210,-0.105634
2125.304992,679.000000,5.355300,-80.938365,713.368930,5.366188,80.944048,-0.122970
2125.339481,680.000000,5.358748,-80.842890,713.384190,5.370350,80.848701,-0.138841
2125.309079,681.000000,5.355737,-80.745064,713.378730,5.367134,80.750834,-0.134322
2125.220672,682.000000,5.346953,-80.645146,713.354749,5.357321,80.650723,-0.111575
2125.139025,683.000000,5.338842,-80.545478,713.332927,5.348278,80.550880,-0.090954
2125.121018,684.000000,5.337065,-80.448109,713.331421,5.346471,80.453501,-0.090326
2125.134349,685.000000,5.338406,-80.351868,713.339919,5.348227,80.357333,-0.099542
2125.133958,686.000000,5.338382,-80.255131,713.344036,5.348423,80.260634,-0.104446
2125.127864,687.000000,5.337791,-80.158190,713.346330,5.347970,80.163714,-0.107556
2125.143351,688.000000,5.339347,-80.062021,713.355513,5.349971,80.067623,-0.117447
2125.175247,689.000000,5.342536,-79.966437,713.369935,5.353838,79.972161,-0.132492
2125.169210,690.000000,5.341950,-79.869494,713.372243,5.353391,79.875240,-0.135617
2125.124797,691.000000,5.337545,-79.771179,713.362299,5.348581,79.776846,-0.126684
2125.089564,692.000000,5.334054,-79.673194,713.355284,5.344815,79.678808,-0.120634
2125.073366,693.000000,5.332457,-79.575890,713.354345,5.343213,79.581499,-0.120563
2125.073317,694.000000,5.332467,-79.479161,713.358561,5.343448,79.484808,-0.125566
2125.084686,695.000000,5.333613,-79.382836,713.366422,5.344980,79.388551,-0.134154
2125.100395,696.000000,5.335192,-79.286664,713.375667,5.347006,79.292458,-0.144105
2125.100858,697.000000,5.335253,-79.189949,713.380043,5.347299,79.195782,-0.149265
2125.096589,698.000000,5.334843,-79.093066,713.382907,5.347053,79.098925,-0.152937
2125.104743,699.000000,5.335669,-78.996621,713.389737,5.348220,79.002539,-0.160511
2125.107848,700.000000,5.335993,-78.899996,713.394953,5.348812,78.905960,-0.166497
2125.076229,701.000000,5.332862,-78.802145,713.389082,5.345457,78.808064,-0.161572
2125.011903,702.000000,5.326475,-78.703143,713.372766,5.338382,78.708932,-0.146369
2124.943131,703.000000,5.319646,-78.603989,713.355031,5.330803,78.609636,-0.129768
2124.887390,704.000000,5.314115,-78.505298,713.341455,5.324705,78.510838,-0.117262
2124.850384,705.000000,5.310447,-78.407269,713.333860,5.320737,78.412750,-0.110640
2124.841963,706.000000,5.309624,-78.310244,713.335389,5.320019,78.315741,-0.112998
2124.858568,707.000000,5.311292,-78.214096,713.344907,5.322146,78.219673,-0.123217
2124.884292,708.000000,5.313866,-78.118264,713.357334,5.325310,78.123946,-0.136300
2124.900386,709.000000,5.315483,-78.022092,713.366686,5.327379,78.027855,-0.146356
2124.899821,710.000000,5.315442,-77.925337,713.370719,5.327553,77.931136,-0.151177
2124.888592,711.000000,5.314339,-77.828210,713.371346,5.326516,77.834017,-0.152647
2124.870676,712.000000,5.312572,-77.730849,713.369837,5.324718,77.736647,-0.152015
2124.845336,713.000000,5.310065,-77.633232,713.365956,5.322076,77.639001,-0.149049
2124.803112,714.000000,5.305879,-77.535029,713.356684,5.317515,77.540726,-0.140777
2124.742208,715.000000,5.299834,-77.436181,713.341448,5.310830,77.441757,-0.126635
2124.688742,716.000000,5.294529,-77.337596,713.328585,5.304991,77.343069,-0.114830
2124.664398,717.000000,5.292122,-77.240021,713.325019,5.302462,77.245468,-0.112172
2124.648346,718.000000,5.290540,-77.142733,713.324098,5.300876,77.148177,-0.112118
2124.611154,719.000000,5.286855,-77.044717,713.316428,5.296887,77.050101,-0.105423
2124.584221,720.000000,5.284190,-76.947057,713.312031,5.294064,76.952408,-0.101949
2124.602056,721.000000,5.285980,-76.850938,713.321924,5.296330,76.856374,-0.112537
2124.615883,722.000000,5.287370,-76.754679,713.330536,5.298140,76.760188,-0.121865
2124.582415,723.000000,5.284056,-76.656795,713.324050,5.294574,76.662254,-0.116334
2124.497288,724.000000,5.275602,-76.557142,713.301073,5.285137,76.562417,-0.094574
2124.496753,725.000000,5.275564,-76.460392,713.305097,5.285314,76.465702,-0.099387
2124.455408,726.000000,5.271466,-76.362245,713.296094,5.280853,76.367485,-0.091379
2124.456367,727.000000,5.271576,-76.265545,713.300592,5.281200,76.270825,-0.096658
2124.503331,728.000000,5.276263,-76.170413,713.319774,5.286777,76.175853,-0.116389
2124.510800,729.000000,5.277021,-76.073931,713.326349,5.287864,76.079428,-0.123711
2124.574668,730.000000,5.283391,-75.979366,713.350926,5.295361,75.985068,-0.148751
2124.619711,731.000000,5.287887,-75.884155,713.369494,5.300720,75.890012,-0.167877
2124.655460,732.000000,5.291459,-75.788623,713.385094,5.305022,75.794611,-0.184082
2124.682945,733.000000,5.294209,-75.692808,713.398055,5.308384,75.698905,-0.197690
2124.699967,734.000000,5.295918,-75.596635,713.407675,5.310557,75.602814,-0.208010
2124.692218,735.000000,5.295162,-75.499622,713.409385,5.309914,75.505819,-0.210545
2124.646700,736.000000,5.290648,-75.401334,713.399035,5.304978,75.407449,-0.201211
2124.564589,737.000000,5.282494,-75.301815,713.377001,5.295881,75.307753,-0.180379
2124.461846,738.000000,5.272287,-75.201608,713.348382,5.284440,75.207315,-0.153066
2124.463918,739.000000,5.272509,-75.104933,713.353222,5.284913,75.110683,-0.158681
2124.426601,740.000000,5.268811,-75.006935,713.345487,5.280910,75.012625,-0.151921
2124.413282,741.000000,5.267501,-74.909744,713.345411,5.279633,74.915436,-0.152699
2124.401394,742.000000,5.266334,-74.812600,713.345792,5.278520,74.818299,-0.153925
2124.380100,743.000000,5.264231,-74.715142,713.343168,5.276337,74.720823,-0.152196
2124.347141,744.000000,5.260967,-74.617296,713.336820,5.272828,74.622928,-0.146800
2124.306463,745.000000,5.256936,-74.519194,713.328007,5.268442,74.524757,-0.138979
2124.266182,746.000000,5.252944,-74.421107,713.319319,5.264101,74.426603,-0.131281
2124.232926,747.000000,5.249651,-74.323257,713.312873,5.260559,74.328703,-0.125789
2124.216448,748.000000,5.248027,-74.225967,713.311781,5.258924,74.231407,-0.125566
2124.214454,749.000000,5.247844,-74.129157,713.315311,5.258934,74.134629,-0.129893
2124.215736,750.000000,5.247987,-74.032455,713.319886,5.259317,74.037968,-0.135247
2124.216087,751.000000,5.248037,-73.935722,713.324162,5.259594,73.941273,-0.140307
2124.206322,752.000000,5.247081,-73.838653,713.325208,5.258721,73.844216,-0.142189
2124.183511,753.000000,5.244827,-73.741153,713.322089,5.256366,73.746694,-0.139971
2124.154942,754.000000,5.242001,-73.643465,713.317131,5.253356,73.648968,-0.135943
2124.133063,755.000000,5.239840,-73.545998,713.314307,5.251106,73.551482,-0.134016
2124.125864,756.000000,5.239139,-73.449015,713.316167,5.250525,73.454517,-0.136699
2124.124319,757.000000,5.239000,-73.352217,713.319831,5.250586,73.357753,-0.141156
2124.110925,758.000000,5.237683,-73.255030,713.319712,5.249301,73.260568,-0.141891
2124.065703,759.000000,5.233201,-73.156801,713.309433,5.244398,73.162257,-0.132626
2124.022657,760.000000,5.228935,-73.058646,713.299847,5.239743,73.064027,-0.124044
2124.021935,761.000000,5.228878,-72.961876,713.303769,5.239898,72.967293,-0.128756
2124.054437,762.000000,5.232126,-72.866189,713.318294,5.243828,72.871728,-0.143902
2124.099895,763.000000,5.236662,-72.770920,713.336954,5.249230,72.776615,-0.163119
2124.113725,764.000000,5.238053,-72.674617,713.345517,5.251038,72.680385,-0.172399
2124.085419,765.000000,5.235253,-72.576943,713.340630,5.248058,72.582675,-0.168440
2124.035533,766.000000,5.230306,-72.478571,713.328853,5.242625,72.484209,-0.157701
2123.978951,767.000000,5.224694,-72.379985,713.314939,5.236432,72.385513,-0.144859
2123.945728,768.000000,5.221405,-72.282159,713.308479,5.232893,72.287637,-0.139353
2123.936099,769.000000,5.220463,-72.185097,713.309548,5.232035,72.190587,-0.141257
2123.932284,770.000000,5.220099,-72.088222,713.312473,5.231837,72.093740,-0.144987
2123.935239,771.000000,5.220408,-71.991566,713.317556,5.232409,71.997128,-0.150841
2123.946962,772.000000,5.221589,-71.895190,713.325437,5.233977,71.900820,-0.159449
2123.948433,773.000000,5.221751,-71.798483,713.330045,5.234380,71.804154,-0.164836
2123.919996,774.000000,5.218938,-71.700814,713.325106,5.231385,71.706448,-0.160826
2123.871364,775.000000,5.214117,-71.602500,713.313719,5.226095,71.608044,-0.150471
2123.814948,776.000000,5.208521,-71.503940,713.299848,5.219920,71.509374,-0.137671
2123.762776,777.000000,5.203348,-71.405520,713.287330,5.214228,71.410854,-0.126202
2123.748528,778.000000,5.201947,-71.308314,713.286915,5.212845,71.313648,-0.126645
2123.779949,779.000000,5.205087,-71.212564,713.301074,5.216651,71.218017,-0.141432
2123.796964,780.000000,5.206794,-71.116351,713.310634,5.218820,71.121886,-0.151692
2123.750240,781.000000,5.202163,-71.018110,713.299851,5.213746,71.023560,-0.141930
2123.664022,782.000000,5.193605,-70.918619,713.276462,5.204186,70.923881,-0.119763
2123.603595,783.000000,5.187612,-70.819951,713.261305,5.197557,70.825092,-0.105696
2123.604641,784.000000,5.187731,-70.723234,713.265763,5.197911,70.728415,-0.110935
2123.623155,785.000000,5.189587,-70.627068,713.275795,5.200250,70.632335,-0.121660
2123.636198,786.000000,5.190899,-70.530727,713.284080,5.201967,70.536064,-0.130665
2123.623708,787.000000,5.189673,-70.433579,713.284215,5.200783,70.438921,-0.131649
2123.596536,788.000000,5.186986,-70.335969,713.279664,5.197931,70.341276,-0.128021
2123.575440,789.000000,5.184904,-70.238551,713.277050,5.195770,70.243840,-0.126300
2123.546006,790.000000,5.181993,-70.140872,713.271775,5.192661,70.146122,-0.121959
2123.521213,791.000000,5.179543,-70.043340,713.267979,5.190079,70.048562,-0.119075
2123.507694,792.000000,5.178214,-69.946163,713.267780,5.188778,69.951386,-0.119730
2123.509172,793.000000,5.178376,-69.849455,713.272366,5.189181,69.854719,-0.125094
2123.510850,794.000000,5.178558,-69.752751,713.277014,5.189607,69.758057,-0.130520
2123.516482,795.000000,5.179134,-69.656170,713.282923,5.190481,69.661527,-0.137187
2123.532245,796.000000,5.180716,-69.559903,713.292064,5.192507,69.565338,-0.147035
2123.542342,797.000000,5.181735,-69.463458,713.299396,5.193889,69.468956,-0.155102
2123.520856,798.000000,5.179614,-69.366030,713.296647,5.191683,69.371509,-0.153248
2123.455268,799.000000,5.173109,-69.267236,713.279823,5.184466,69.272580,-0.137540
2123.460099,800.000000,5.173604,-69.170626,713.285471,5.185250,69.176020,-0.143950
2123.443597,801.000000,5.171979,-69.073356,713.284309,5.183610,69.078744,-0.143658
2123.447662,802.000000,5.172399,-68.976721,713.289710,5.184306,68.982156,-0.149824
2123.443046,803.000000,5.171955,-68.879817,713.292339,5.184016,68.885277,-0.153263
2123.406621,804.000000,5.168349,-68.781934,713.284816,5.180113,68.787336,-0.146709
2123.363076,805.000000,5.164035,-68.683833,713.275020,5.175400,68.689158,-0.137919
2123.340971,806.000000,5.161853,-68.586394,713.272065,5.173124,68.591698,-0.135861
2123.348637,807.000000,5.162630,-68.489869,713.278609,5.174229,68.495229,-0.143152
2123.371342,808.000000,5.164903,-68.393802,713.289950,5.177042,68.399259,-0.155166
2123.369126,809.000000,5.164698,-68.296970,713.293338,5.177025,68.302458,-0.159351
2123.851123,810.000000,5.212644,-68.214923,713.451285,5.232025,68.221706,-0.315658
2123.975785,811.000000,5.225060,-68.121938,713.495182,5.246428,68.129084,-0.359714
2122.953766,851.000000,5.124059,-64.220100,713.331717,5.139639,64.226039,-0.232843
2122.842992,852.000000,5.113064,-64.120135,713.300411,5.127290,64.125820,-0.202880
2122.659397,853.000000,5.094833,-64.018092,713.245872,5.106673,64.023334,-0.150048
2122.516815,854.000000,5.080680,-63.917238,713.204425,5.090715,63.922144,-0.110102
2122.536663,855.000000,5.082668,-63.821034,713.214796,5.093200,63.826029,-0.121160
2122.482419,856.000000,5.077293,-63.722715,713.201530,5.087273,63.727605,-0.108952
2122.526357,857.000000,5.081675,-63.627196,713.219584,5.092494,63.632236,-0.127573
2122.546654,858.000000,5.083707,-63.530999,713.230096,5.095030,63.536129,-0.138769
2122.538258,859.000000,5.082888,-63.433986,713.231452,5.094308,63.439130,-0.140953
2122.502497,860.000000,5.079350,-63.336196,713.224077,5.090480,63.341283,-0.134544
2122.458966,861.000000,5.075040,-63.238189,713.214222,5.085769,63.243199,-0.125694
2122.509990,862.000000,5.080126,-63.142857,713.234532,5.091793,63.148036,-0.146534
2122.472483,863.000000,5.076415,-63.045021,713.226596,5.087766,63.050138,-0.139572
2122.421824,864.000000,5.071397,-62.946817,713.214463,5.082246,62.951839,-0.128480
2122.368890,865.000000,5.066153,-62.848553,713.201604,5.076468,62.853472,-0.116673
2122.352948,866.000000,5.064584,-62.751331,713.200545,5.074889,62.756245,-0.116480
2122.405988,867.000000,5.069870,-62.656044,713.221491,5.081142,62.661132,-0.137946
2122.416759,868.000000,5.070956,-62.559568,713.228952,5.082596,62.564721,-0.146139
2122.451831,869.000000,5.074456,-62.463769,713.244164,5.086810,62.469050,-0.161963
2122.452207,870.000000,5.074509,-62.366998,713.248306,5.087084,62.372316,-0.166889
2122.361955,871.000000,5.065557,-62.267701,713.223533,5.077068,62.272819,-0.143355
2122.318981,872.000000,5.061303,-62.169726,713.213843,5.072420,62.174768,-0.134666
2122.300595,873.000000,5.059492,-62.072436,713.211996,5.070563,62.077467,-0.133697
2122.270723,874.000000,5.056540,-61.974829,713.206483,5.067403,61.979818,-0.129121
2122.225844,875.000000,5.052097,-61.876808,713.196183,5.062539,61.881716,-0.119832
2122.181939,876.000000,5.047750,-61.778817,713.186192,5.057786,61.783646,-0.110847
2122.162326,877.000000,5.045817,-61.681499,713.183949,5.055790,61.686313,-0.109488
2122.164737,878.000000,5.046073,-61.584789,713.188730,5.056294,61.589646,-0.115043
2122.154731,879.000000,5.045094,-61.487736,713.189549,5.055389,61.492603,-0.116699
2122.125414,880.000000,5.042197,-61.390153,713.184207,5.052292,61.394979,-0.112290
2122.095208,881.000000,5.039212,-61.292547,713.178580,5.049094,61.297330,-0.107601
2122.076773,882.000000,5.037396,-61.195265,713.176707,5.047231,61.200036,-0.106606
2122.058143,883.000000,5.035561,-61.097978,713.174770,5.045347,61.102736,-0.105549
2122.024495,884.000000,5.032235,-61.000282,713.168042,5.041758,61.004989,-0.099776
2121.981092,885.000000,5.027939,-60.902322,713.158201,5.037062,60.906952,-0.090939
2121.946936,886.000000,5.024562,-60.804617,713.151309,5.033415,60.809193,-0.085004
2121.938366,887.000000,5.023726,-60.707608,713.152577,5.032673,60.712198,-0.087100
2121.944440,888.000000,5.024345,-60.610997,713.158514,5.033593,60.615639,-0.093794
2121.932517,889.000000,5.023176,-60.513897,713.158709,5.032469,60.518543,-0.094835
2121.910302,890.000000,5.020985,-60.416518,713.155621,5.030178,60.421143,-0.092645
2121.905743,891.000000,5.020548,-60.319618,713.158163,5.029891,60.324266,-0.095996
2121.928762,892.000000,5.022850,-60.223460,713.169500,5.032733,60.228204,-0.108004
2121.967623,893.000000,5.026726,-60.127725,713.185890,5.037374,60.132607,-0.124986
2121.989475,894.000000,5.028913,-60.031529,713.196853,5.040085,60.036504,-0.136626
2121.960036,895.000000,5.026004,-59.933954,713.191454,5.036973,59.938888,-0.132161
2121.891215,896.000000,5.019184,-59.835327,713.173492,5.029391,59.840117,-0.115330
2121.815449,897.000000,5.011674,-59.736519,713.153315,5.021022,59.741148,-0.096318
2121.753889,898.000000,5.005575,-59.638097,713.137669,5.014265,59.642600,-0.081766
2121.713465,899.000000,5.001576,-59.540241,713.128763,5.009907,59.544675,-0.073848
2121.699853,900.000000,5.000240,-59.443102,713.128407,5.008592,59.447536,-0.074347
2121.712468,901.000000,5.001508,-59.346659,713.136414,5.010253,59.351162,-0.083077
2121.739920,902.000000,5.004250,-59.250607,713.149152,5.013598,59.255218,-0.096465
2121.773544,903.000000,5.007606,-59.154715,713.163858,5.017643,59.159450,-0.111789
2121.803083,904.000000,5.010555,-59.058712,713.177261,5.021225,59.063559,-0.125830
2121.815514,905.000000,5.011806,-58.962254,713.185205,5.022865,58.967169,-0.134500
2121.805685,906.000000,5.010845,-58.865207,713.186048,5.021979,58.870133,-0.136178
2121.785593,907.000000,5.008866,-58.767891,713.183617,5.019928,58.772800,-0.134634
2121.762868,908.000000,5.006624,-58.670506,713.180345,5.017578,58.675391,-0.132261
2121.729390,909.000000,5.003315,-58.572840,713.173641,5.014008,58.577674,-0.126512
2121.683229,910.000000,4.998746,-58.474845,713.162891,5.008998,58.479594,-0.116779
2121.635479,911.000000,4.994019,-58.376811,713.151634,5.003808,58.381471,-0.106546
2121.590261,912.000000,4.989544,-58.278847,713.141184,4.998906,58.283425,-0.097108
2121.553373,913.000000,4.985897,-58.181102,713.133389,4.994949,58.185620,-0.090284
2121.531927,914.000000,4.983783,-58.083761,713.130518,4.992744,58.088258,-0.088306
2121.504355,915.000000,4.981061,-57.986262,713.125692,4.989844,57.990723,-0.084405
2121.473483,916.000000,4.978011,-57.888679,713.119812,4.986570,57.893095,-0.079466
2121.449512,917.000000,4.975646,-57.791276,713.116133,4.984078,57.795665,-0.076692
2121.506201,918.000000,4.981291,-57.695956,713.138175,4.990740,57.700529,-0.099238
2121.507439,919.000000,4.981430,-57.599202,713.142532,4.991109,57.603814,-0.104375
2121.440362,920.000000,4.974785,-57.500689,713.125101,4.983726,57.505161,-0.088066
2121.451261,921.000000,4.975883,-57.404183,713.132537,4.985191,57.408720,-0.096233
2121.438693,922.000000,4.974651,-57.307074,713.132487,4.983993,57.311614,-0.097033
2121.416870,923.000000,4.972499,-57.209729,713.129486,4.981746,57.214247,-0.094927
2121.337275,924.000000,4.964612,-57.110908,713.108059,4.972943,57.115254,-0.074684
2121.314696,925.000000,4.962385,-57.013547,713.104814,4.970609,57.017870,-0.072337
2121.320880,926.000000,4.963015,-56.916920,713.110739,4.971539,56.921294,-0.079019
2121.338300,927.000000,4.964761,-56.820577,713.120247,4.973744,56.825032,-0.089226
2121.345256,928.000000,4.965467,-56.723966,713.126417,4.974761,56.728475,-0.096148
2121.328479,929.000000,4.963817,-56.626752,713.125017,4.973086,56.631253,-0.095618
2121.299694,930.000000,4.960975,-56.529235,713.119786,4.970048,56.533697,-0.091317
2121.265054,931.000000,4.957551,-56.431572,713.112688,4.966346,56.435979,-0.085178
2121.234128,932.000000,4.954496,-56.334005,713.106772,4.963065,56.338366,-0.080203
2121.221932,933.000000,4.953301,-56.236910,713.106828,4.961909,56.241275,-0.081107
2121.228106,934.000000,4.953930,-56.140277,713.112741,4.962837,56.144694,-0.087775
2121.230007,935.000000,4.954135,-56.043536,713.117290,4.963281,56.047993,-0.093102
2121.229407,936.000000,4.954091,-55.946730,713.121041,4.963441,55.951222,-0.097642
2121.239384,937.000000,4.955098,-55.850189,713.128163,4.964800,55.854741,-0.105501
2121.259485,938.000000,4.957109,-55.753897,713.138513,4.967309,55.758538,-0.116537
2121.268775,939.000000,4.958048,-55.657335,713.145414,4.968591,55.662035,-0.124178
2121.254745,940.000000,4.956671,-55.560190,713.144877,4.967226,55.564889,-0.124498
2121.234836,941.000000,4.954710,-55.462900,713.142464,4.965195,55.467583,-0.122970
2121.215739,942.000000,4.952829,-55.365631,713.140308,4.963256,55.370300,-0.121697
2121.189260,943.000000,4.950216,-55.268180,713.135797,4.960479,55.272815,-0.118105
2121.164531,944.000000,4.947777,-55.170774,713.131844,4.957901,55.175380,-0.115060
2121.169710,945.000000,4.948307,-55.074106,713.137426,4.958716,55.078760,-0.121404
2121.210757,946.000000,4.952399,-54.978319,713.154446,4.963600,54.983116,-0.139007
2121.239271,947.000000,4.955246,-54.882219,713.167469,4.967063,54.887126,-0.152674
2121.191046,948.000000,4.950473,-54.784235,713.156017,4.961819,54.789052,-0.142248
2121.097023,949.000000,4.941154,-54.685134,713.129959,4.951378,54.689741,-0.117445
2121.004141,950.000000,4.931949,-54.586069,713.104265,4.941068,54.590468,-0.093000
2120.943764,951.000000,4.925971,-54.487802,713.088937,4.934446,54.492080,-0.078759
2120.930849,952.000000,4.924705,-54.390695,713.088741,4.933208,54.394974,-0.079414
2120.937940,953.000000,4.925424,-54.294075,713.094923,4.934239,54.298407,-0.086347
2120.938737,954.000000,4.925519,-54.197300,713.099097,4.934556,54.201670,-0.091304
2120.928469,955.000000,4.924516,-54.100256,713.099742,4.933618,54.104635,-0.092786
2120.909102,956.000000,4.922609,-54.002992,713.097484,4.931648,54.007356,-0.091411
2120.875294,957.000000,4.919269,-53.905381,713.090621,4.928040,53.909692,-0.085503
2120.824458,958.000000,4.914239,-53.807362,713.078326,4.922500,53.811575,-0.074248
2120.768823,959.000000,4.908733,-53.709231,713.064502,4.916416,53.713335,-0.061487
2120.742643,960.000000,4.906150,-53.611811,713.060067,4.913673,53.615881,-0.057969
2120.764836,961.000000,4.908369,-53.515550,713.071054,4.916417,53.519713,-0.069632
2120.786556,962.000000,4.910541,-53.419275,713.081889,4.919107,53.423530,-0.081146
2120.782887,963.000000,4.910192,-53.322391,713.084628,4.918917,53.326672,-0.084690
2120.749241,964.000000,4.906869,-53.224793,713.077809,4.915327,53.229022,-0.078824
2120.699269,965.000000,4.901924,-53.126809,713.065782,4.909886,53.130942,-0.067833
2120.654420,966.000000,4.897489,-53.028950,713.055389,4.905025,53.033002,-0.058448
2120.619233,967.000000,4.894013,-52.931323,713.048074,4.901260,52.935318,-0.052096
2120.592373,968.000000,4.891363,-52.833894,713.043414,4.898440,52.837855,-0.048355
2120.585798,969.000000,4.890726,-52.736946,713.045219,4.897921,52.740924,-0.050979
2120.583907,970.000000,4.890554,-52.640108,713.048516,4.897932,52.644116,-0.055073
2120.560488,971.000000,4.888246,-52.542762,713.044949,4.895502,52.546745,-0.052409
2120.518895,972.000000,4.884134,-52.444992,713.035587,4.891011,52.448901,-0.044040
2120.479106,973.000000,4.880201,-52.347267,713.026799,4.886725,52.351107,-0.036236
2120.468337,974.000000,4.879149,-52.250222,713.027261,4.885729,52.254069,-0.037538
2120.491295,975.000000,4.881443,-52.153964,713.038474,4.888558,52.157907,-0.049424
2120.530603,976.000000,4.885360,-52.058084,713.054898,4.893242,52.062164,-0.066440
2120.572037,977.000000,4.889488,-51.962249,713.072000,4.898167,51.966472,-0.084123
2120.595185,978.000000,4.891802,-51.865985,713.083271,4.901018,51.870304,-0.096065
2120.581496,979.000000,4.890459,-51.768866,713.082796,4.899692,51.773184,-0.096446
2120.519129,980.000000,4.884286,-51.670621,713.066800,4.892844,51.674812,-0.081546
2120.510228,981.000000,4.883418,-51.573615,713.067850,4.892060,51.577817,-0.083426
2120.447045,982.000000,4.877164,-51.475358,713.051592,4.885120,51.479431,-0.068268
2120.430736,983.000000,4.875561,-51.378183,713.050277,4.883495,51.382248,-0.067821
2120.420087,984.000000,4.874521,-51.281139,713.050765,4.882513,51.285211,-0.069149
2120.414353,985.000000,4.873968,-51.184207,713.052820,4.882088,51.188299,-0.072019
2120.435734,986.000000,4.876106,-51.087894,713.063517,4.884738,51.092077,-0.083397
2120.477245,987.000000,4.880241,-50.992038,713.080631,4.889671,50.996364,-0.101092
2120.485284,988.000000,4.881055,-50.895415,713.087073,4.890808,50.899797,-0.108281
2120.444008,989.000000,4.876975,-50.797670,713.077791,4.886352,50.801980,-0.099990
2120.414521,990.000000,4.874065,-50.700195,713.072266,4.883234,50.704463,-0.095398
2120.403925,991.000000,4.873029,-50.603149,713.072763,4.882257,50.607424,-0.096734
2120.371889,992.000000,4.869866,-50.505619,713.066423,4.878849,50.509846,-0.091340
2120.316840,993.000000,4.864419,-50.407572,713.052746,4.872831,50.411690,-0.078722
2120.272692,994.000000,4.860055,-50.309774,713.042543,4.868050,50.313812,-0.069525
2120.254340,995.000000,4.858250,-50.212558,713.040562,4.866193,50.216583,-0.068422
2120.258523,996.000000,4.858681,-50.115848,713.045765,4.866893,50.119919,-0.074391
2120.269485,997.000000,4.859785,-50.019289,713.053127,4.868360,50.023423,-0.082485
2120.262331,998.000000,4.859091,-49.922323,713.054713,4.867774,49.926473,-0.084893
2120.218262,999.000000,4.854734,-49.824534,713.044529,4.863001,49.828604,-0.075715
2120.142193,1000.000000,4.847202,-49.726036,713.024143,4.854600,49.729943,-0.056493
2120.062267,1001.000000,4.839288,-49.627459,713.002529,4.845762,49.631192,-0.036061
2120.035556,1002.000000,4.836654,-49.530066,712.997876,4.842958,49.533764,-0.032327
2120.083527,1003.000000,4.841430,-49.434326,713.017027,4.848622,49.438184,-0.052027
2120.134273,1004.000000,4.846481,-49.338643,713.037062,4.854600,49.342668,-0.072598
2120.142277,1005.000000,4.847292,-49.242012,713.043472,4.855732,49.246093,-0.079755
2120.141308,1006.000000,4.847212,-49.145183,713.047019,4.855847,49.149296,-0.084094
2120.170978,1007.000000,4.850172,-49.049025,713.060333,4.859435,49.053250,-0.098048
2120.229435,1008.000000,4.855989,-48.953494,713.082825,4.866289,48.957906,-0.121036
2120.253834,1009.000000,4.858426,-48.857212,713.094457,4.869280,48.861724,-0.133335
2120.222879,1010.000000,4.855371,-48.759721,713.088440,4.865994,48.764186,-0.128258
2120.167031,1011.000000,4.849845,-48.661689,713.074486,4.859885,48.666043,-0.115367
2120.096400,1012.000000,4.842853,-48.563340,713.055818,4.852100,48.567545,-0.097836
2120.013775,1013.000000,4.834671,-48.464736,713.033327,4.842955,48.468760,-0.076541
2119.933788,1014.000000,4.826751,-48.366196,713.011677,4.834110,48.370046,-0.056074
2119.884313,1015.000000,4.821859,-48.268321,712.999753,4.828725,48.272077,-0.045181
2119.883001,1016.000000,4.821745,-48.171487,713.003179,4.828800,48.175274,-0.049400
2119.912699,1017.000000,4.824708,-48.075318,713.016488,4.832390,48.079217,-0.063349
2119.948497,1018.000000,4.828276,-47.979277,713.031741,4.836673,47.983304,-0.079212
2119.984668,1019.000000,4.831881,-47.883240,713.047112,4.840998,47.887396,-0.095191
2120.015835,1020.000000,4.834989,-47.787092,713.060888,4.844755,47.791364,-0.109600
2119.993745,1021.000000,4.832814,-47.689805,713.057684,4.842474,47.694054,-0.107292
2119.891546,1022.000000,4.822691,-47.590813,713.028943,4.831110,47.594830,-0.079843
2119.782747,1023.000000,4.811913,-47.491689,712.998099,4.818999,47.495457,-0.050325
2119.701484,1024.000000,4.803868,-47.393157,712.976033,4.810011,47.396748,-0.029447
2119.643527,1025.000000,4.798136,-47.295125,712.961395,4.803664,47.298600,-0.015882
2119.599328,1026.000000,4.793768,-47.197387,712.951140,4.798877,47.200781,-0.006633
2119.559554,1027.000000,4.789839,-47.099746,712.942295,4.794592,47.103070,0.001229
2119.517978,1028.000000,4.785731,-47.002069,712.932875,4.790103,47.005319,0.009657
2119.510583,1029.000000,4.785014,-46.905111,712.934346,4.789488,46.908377,0.007362
2119.561153,1030.000000,4.790046,-46.809367,712.954289,4.795443,46.812799,-0.013117
2119.622126,1031.000000,4.796110,-46.713835,712.977547,4.802577,46.717461,-0.036861
2119.655584,1032.000000,4.799445,-46.617723,712.992035,4.806593,46.621471,-0.051971
2119.635683,1033.000000,4.797488,-46.520497,712.989516,4.804560,46.524227,-0.050337
2119.582930,1034.000000,4.792271,-46.422590,712.976525,4.798803,46.426217,-0.038393
2119.549078,1035.000000,4.788930,-46.325078,712.969557,4.795189,46.328652,-0.032380
2119.541575,1036.000000,4.788202,-46.228113,712.970985,4.794561,46.231701,-0.034632
2119.529750,1037.000000,4.787045,-46.131058,712.971035,4.793443,46.134650,-0.035527
2119.501349,1038.000000,4.784245,-46.033662,712.965801,4.790447,46.037215,-0.031220
2119.473570,1039.000000,4.781506,-45.936281,712.960764,4.787521,45.939796,-0.027107
2119.439827,1040.000000,4.778175,-45.838779,712.953825,4.783919,45.842240,-0.021122
2119.484713,1041.000000,4.782644,-45.742887,712.971944,4.789229,45.746500,-0.039805
2119.456639,1042.000000,4.779875,-45.645501,712.966809,4.786269,45.649075,-0.035596
2119.466391,1043.000000,4.780859,-45.548887,712.973728,4.787597,45.552521,-0.043254
2119.491894,1044.000000,4.783405,-45.452592,712.985666,4.790710,45.456327,-0.055853
2119.415258,1045.000000,4.775820,-45.354222,712.965051,4.782246,45.357791,-0.036403
2119.481241,1046.000000,4.782381,-45.258744,712.989888,4.789947,45.262520,-0.061701
2119.471338,1047.000000,4.781415,-45.161727,712.990538,4.789047,45.165511,-0.063187
2119.476079,1048.000000,4.781902,-45.065004,712.995855,4.789807,45.068836,-0.069267
2119.483693,1049.000000,4.782673,-44.968339,713.002086,4.790892,44.972224,-0.076248
2119.481466,1050.000000,4.782469,-44.871474,713.005179,4.790862,44.875388,-0.080139
2119.472439,1051.000000,4.781590,-44.774472,713.006104,4.790061,44.778397,-0.081895
2119.451601,1052.000000,4.779540,-44.677235,713.003263,4.787921,44.681139,-0.079944
2119.410310,1053.000000,4.775461,-44.579590,712.993902,4.783463,44.583421,-0.071574
2119.366690,1054.000000,4.771151,-44.481902,712.983797,4.778740,44.485654,-0.062472
2119.337322,1055.000000,4.768255,-44.384499,712.978235,4.775634,44.388209,-0.057841
2119.313401,1056.000000,4.765899,-44.287206,712.974406,4.773144,44.290888,-0.054917
2119.284126,1057.000000,4.763012,-44.189808,712.968871,4.770048,44.193448,-0.050314
2119.263185,1058.000000,4.760951,-44.092577,712.965990,4.767897,44.096196,-0.048323
2119.263592,1059.000000,4.761008,-43.995766,712.969912,4.768165,43.999420,-0.053030
2119.270790,1060.000000,4.761739,-43.899087,712.975996,4.769202,43.902795,-0.059866
2119.267341,1061.000000,4.761413,-43.802199,712.978687,4.769033,43.805932,-0.063360
2119.243680,1062.000000,4.759083,-43.704914,712.974934,4.766572,43.708620,-0.060511
2119.208258,1063.000000,4.755587,-43.607402,712.967433,4.762780,43.611049,-0.053971
2119.183816,1064.000000,4.753179,-43.510105,712.963429,4.760231,43.513723,-0.050875
2119.173330,1065.000000,4.752156,-43.413081,712.963872,4.759264,43.416706,-0.052156
2119.174164,1066.000000,4.752255,-43.316276,712.967921,4.759580,43.319937,-0.056988
2119.186608,1067.000000,4.753506,-43.219694,712.975669,4.761211,43.223422,-0.065462
2119.203323,1068.000000,4.755180,-43.123192,712.984777,4.763327,43.126998,-0.075275
2119.214083,1069.000000,4.756263,-43.026574,712.991986,4.764768,43.030442,-0.083218
2119.201395,1070.000000,4.755022,-42.929504,712.991721,4.763551,42.933372,-0.083803
2119.153185,1071.000000,4.750257,-42.831753,712.980134,4.758308,42.835530,-0.073240
2119.078383,1072.000000,4.742856,-42.733497,712.960072,4.750052,42.737114,-0.054333
2119.016128,1073.000000,4.736699,-42.635487,712.944007,4.743218,42.638975,-0.039362
2118.996020,1074.000000,4.734722,-42.538282,712.941373,4.741161,42.541752,-0.037614
2119.012298,1075.000000,4.736352,-42.441769,712.950333,4.743226,42.445316,-0.047280
2119.041800,1076.000000,4.739294,-42.345504,712.963505,4.746790,42.349162,-0.061095
2119.045554,1077.000000,4.739683,-42.248750,712.968472,4.747437,42.252451,-0.066830
2119.001155,1078.000000,4.735297,-42.151086,712.958091,4.742626,42.154705,-0.057455
2118.939456,1079.000000,4.729196,-42.053100,712.942197,4.735855,42.056592,-0.042652
2118.891964,1080.000000,4.724504,-41.955384,712.930830,4.730694,41.958788,-0.032305
2118.854934,1081.000000,4.720849,-41.857868,712.922795,4.726719,41.861209,-0.025240
2118.832914,1082.000000,4.718682,-41.760635,712.919542,4.724445,41.763952,-0.022882
2118.836846,1083.000000,4.719088,-41.663886,712.924558,4.725111,41.667247,-0.028665
2118.849751,1084.000000,4.720384,-41.567302,712.932431,4.726793,41.570732,-0.037262
2118.837873,1085.000000,4.719223,-41.470257,712.932406,4.725668,41.473689,-0.038082
2118.793526,1086.000000,4.714843,-41.372612,712.922033,4.720863,41.375962,-0.028715
2118.753778,1087.000000,4.710919,-41.275054,712.913126,4.716580,41.278335,-0.020791
2118.753508,1088.000000,4.710909,-41.178225,712.916796,4.716770,41.181540,-0.025249
2118.788367,1089.000000,4.714381,-41.082041,712.931659,4.720939,41.085480,-0.040727
2118.830202,1090.000000,4.718546,-40.985981,712.948743,4.725900,40.989563,-0.058393
2118.864459,1091.000000,4.721959,-40.889778,712.963413,4.730002,40.893484,-0.073681
2118.893746,1092.000000,4.724880,-40.793480,712.976498,4.733541,40.797296,-0.087409
2118.924383,1093.000000,4.727934,-40.697204,712.990012,4.737232,40.701134,-0.101560
2118.961110,1094.000000,4.731593,-40.601034,713.005467,4.741615,40.605094,-0.117621
2118.994944,1095.000000,4.734965,-40.504808,713.019999,4.745669,40.508990,-0.132774
2118.994091,1096.000000,4.734897,-40.407952,713.023475,4.745792,40.412165,-0.137041
2118.774454,1147.000000,4.713986,-35.464351,713.142998,4.732066,35.469708,-0.297797
2118.180071,1148.000000,4.655074,-35.358072,712.957234,4.664934,35.361912,-0.115733
2118.090283,1149.000000,4.646191,-35.259802,712.932307,4.654980,35.263441,-0.092032
2117.979663,1150.000000,4.635245,-35.161211,712.900743,4.642668,35.164595,-0.061797
2117.851448,1151.000000,4.622557,-35.062353,712.863575,4.628364,35.065437,-0.026045
2117.734417,1152.000000,4.610977,-34.963681,712.829973,4.615328,34.966493,0.006197
2117.660148,1153.000000,4.603636,-34.865684,712.809993,4.607136,34.868336,0.025026
2117.644964,1154.000000,4.602148,-34.768612,712.808832,4.605633,34.771257,0.025327
2117.670561,1155.000000,4.604701,-34.672171,712.820659,4.608749,34.674917,0.012838
2117.690037,1156.000000,4.606648,-34.575634,712.830535,4.611171,34.578463,0.002269
2117.677109,1157.000000,4.605384,-34.478594,712.830088,4.609924,34.481423,0.001866
2117.652457,1158.000000,4.602959,-34.381374,712.825906,4.607349,34.384172,0.005140
2117.662242,1159.000000,4.603945,-34.284683,712.832692,4.608674,34.287539,-0.002385
2117.679863,1160.000000,4.605708,-34.188110,712.841973,4.610886,34.191046,-0.012367
2117.690480,1161.000000,4.606777,-34.091428,712.849022,4.612305,34.094424,-0.020151
2117.688593,1162.000000,4.606607,-33.994554,712.852086,4.612307,33.997579,-0.024012
2117.650136,1163.000000,4.602813,-33.897125,712.843500,4.608169,33.900083,-0.016402
2117.580036,1164.000000,4.595885,-33.799220,712.824834,4.600448,33.802029,0.001134
2117.534408,1165.000000,4.591382,-33.701689,712.813962,4.595498,33.704412,0.010996
2117.530432,1166.000000,4.591005,-33.604787,712.816356,4.595264,33.607533,0.007795
2117.530885,1167.000000,4.591067,-33.507951,712.820160,4.595532,33.510731,0.003207
2117.518559,1168.000000,4.589863,-33.410923,712.819892,4.594353,33.413704,0.002627
2117.487799,1169.000000,4.586832,-33.313621,712.813751,4.591086,33.316355,0.007830
2117.501467,1170.000000,4.588204,-33.216980,712.821760,4.592850,33.219783,-0.000899
2117.457955,1171.000000,4.583910,-33.119490,712.811555,4.588139,33.122213,0.008306
2117.453044,1172.000000,4.583440,-33.022573,712.813644,4.587799,33.025316,0.005406
2117.483530,1173.000000,4.586478,-32.926177,712.827006,4.591467,32.929033,-0.008595
2117.525470,1174.000000,4.590650,-32.829945,712.844016,4.596432,32.832943,-0.026187
2117.463410,1175.000000,4.584519,-32.732187,712.827897,4.589621,32.735056,-0.011159
2117.513452,1176.000000,4.589493,-32.636069,712.847486,4.595503,32.639102,-0.031290
2117.445118,1177.000000,4.582741,-32.538223,712.829366,4.587982,32.541111,-0.014292
2117.360199,1178.000000,4.574345,-32.440142,712.805964,4.578583,32.442842,0.007908
2117.276840,1179.000000,4.566105,-32.342091,712.783059,4.569361,32.344606,0.029618
2117.228463,1180.000000,4.561330,-32.244549,712.771295,4.564101,32.246972,0.040359
2117.241188,1181.000000,4.562608,-32.147889,712.778990,4.565757,32.150378,0.031939
2117.279043,1182.000000,4.566375,-32.051588,712.794686,4.570258,32.054208,0.015640
2117.301680,1183.000000,4.568634,-31.955064,712.805536,4.573036,31.957777,0.004114
2117.295621,1184.000000,4.568051,-31.858129,712.807244,4.572565,31.860859,0.001589
2117.265629,1185.000000,4.565097,-31.760854,712.801329,4.569385,31.763539,0.006570
2117.247209,1186.000000,4.563290,-31.663745,712.799098,4.567516,31.666414,0.007924
2117.272026,1187.000000,4.565765,-31.567246,712.810637,4.570540,31.570013,-0.004281
2117.315842,1188.000000,4.570123,-31.471011,712.828226,4.575716,31.473926,-0.022444
2117.312053,1189.000000,4.569764,-31.374104,712.830652,4.575503,31.377042,-0.025675
2117.258748,1190.000000,4.564501,-31.276504,712.817305,4.569683,31.279336,-0.013376
2117.202238,1191.000000,4.558921,-31.178863,712.802936,4.563501,31.181581,-0.000070
2117.162828,1192.000000,4.555034,-31.081464,712.794013,4.559254,31.084112,0.007874
2117.131553,1193.000000,4.551954,-30.984180,712.787679,4.555929,30.986779,0.013267
2117.097087,1194.000000,4.548557,-30.886854,712.780329,4.552242,30.889396,0.019662
2117.054879,1195.000000,4.544394,-30.789423,712.770511,4.547679,30.791888,0.028486
2117.009430,1196.000000,4.539910,-30.691951,712.759661,4.542750,30.694330,0.038328
2116.972551,1197.000000,4.536275,-30.594598,712.751539,4.538790,30.596915,0.045483
2116.957179,1198.000000,4.534770,-30.497542,712.750264,4.537265,30.499851,0.045895
2116.959728,1199.000000,4.535039,-30.400729,712.754695,4.537768,30.403077,0.040689
2116.960414,1200.000000,4.535124,-30.303889,712.758532,4.538060,30.306273,0.036068
2116.943181,1201.000000,4.533435,-30.206807,712.756661,4.536324,30.209178,0.037068
2116.913920,1202.000000,4.530554,-30.109564,712.750959,4.533227,30.111892,0.041840
2116.908152,1203.000000,4.530000,-30.012637,712.752737,4.532789,30.014983,0.039246
2116.906576,1204.000000,4.529861,-29.915766,712.755848,4.532825,29.918140,0.035340
2116.887632,1205.000000,4.528002,-29.818663,712.753428,4.530895,29.821021,0.036881
2116.863627,1206.000000,4.525642,-29.721493,712.749395,4.528392,29.723821,0.040010
2116.843406,1207.000000,4.523657,-29.624375,712.746565,4.526318,29.626683,0.041953
2116.826244,1208.000000,4.521975,-29.527297,712.744709,4.524590,29.529593,0.042939
2116.819054,1209.000000,4.521280,-29.430352,712.746026,4.523990,29.432662,0.040799
2116.819539,1210.000000,4.521345,-29.333507,712.749787,4.524259,29.335851,0.036253
2116.793849,1211.000000,4.518819,-29.236318,712.745211,4.521566,29.238628,0.039917
2116.730055,1212.000000,4.512519,-29.138635,712.728500,4.514560,29.140812,0.055529
2116.671644,1213.000000,4.506752,-29.041027,712.713504,4.508163,29.043084,0.069454
2116.663221,1214.000000,4.505935,-28.944069,712.714422,4.507424,28.946136,0.067707
2116.706318,1215.000000,4.510220,-28.847775,712.731745,4.512515,28.849988,0.049807
2116.772699,1216.000000,4.516810,-28.751776,712.756482,4.520242,28.754194,0.024606
2116.816360,1217.000000,4.521151,-28.655479,712.773983,4.525397,28.658044,0.006529
2116.794397,1218.000000,4.518994,-28.558340,712.770585,4.523125,28.560880,0.009033
2116.706662,1219.000000,4.510323,-28.460365,712.746242,4.513409,28.462709,0.032162
2116.598971,1220.000000,4.499677,-28.362144,712.715544,4.501436,28.364240,0.061548
2116.544067,1221.000000,4.494258,-28.264598,712.701655,4.495436,28.266584,0.074383
2116.561783,1222.000000,4.496030,-28.167971,712.710887,4.497655,28.170036,0.064450
2116.584487,1223.000000,4.498295,-28.071403,712.721706,4.500437,28.073560,0.052954
2116.581959,1224.000000,4.498062,-27.974517,712.724489,4.500365,27.976700,0.049370
2116.570622,1225.000000,4.496957,-27.877521,712.724467,4.499295,27.879707,0.048550
2116.593221,1226.000000,4.499212,-27.780946,712.735249,4.502066,27.783223,0.037090
2116.633046,1227.000000,4.503172,-27.684582,712.751516,4.506786,27.686995,0.020230
2116.656056,1228.000000,4.505468,-27.588005,712.762428,4.509604,27.590511,0.008643
2116.659453,1229.000000,4.505822,-27.491185,712.767092,4.510201,27.493733,0.003207
2116.651453,1230.000000,4.505047,-27.394224,712.768126,4.509509,27.396783,0.001347
2116.622427,1231.000000,4.502190,-27.297007,712.762464,4.506438,27.299523,0.006081
2116.561795,1232.000000,4.496204,-27.199406,712.746735,4.499789,27.201797,0.020727
2116.497716,1233.000000,4.489877,-27.101769,712.729909,4.492750,27.104025,0.036455
2116.492440,1234.000000,4.489372,-27.004845,712.731805,4.492366,27.007120,0.033745
2116.448017,1235.000000,4.484991,-26.907451,712.721235,4.487552,26.909642,0.043311
2116.439671,1236.000000,4.484182,-26.810491,712.722152,4.486821,26.812694,0.041566
2116.424731,1237.000000,4.482720,-26.713453,712.720968,4.485343,26.715649,0.041891
2116.375807,1238.000000,4.477894,-26.616011,712.708962,4.480020,26.618112,0.052871
2116.323641,1239.000000,4.472747,-26.518534,712.695923,4.474330,26.520531,0.064869
2116.305785,1240.000000,4.470997,-26.421465,712.693807,4.472522,26.423449,0.066111
2116.308946,1241.000000,4.471327,-26.324645,712.698381,4.473093,26.326669,0.060765
2116.309111,1242.000000,4.471361,-26.227788,712.702000,4.473324,26.229845,0.056359
2116.301903,1243.000000,4.470665,-26.130844,712.703270,4.472721,26.132915,0.054267
2116.286237,1244.000000,4.469131,-26.033801,712.701846,4.471161,26.035864,0.054827
2116.275099,1245.000000,4.468046,-25.936812,712.701863,4.470113,25.938877,0.053969
2116.278516,1246.000000,4.468402,-25.839990,712.706512,4.470712,25.842097,0.048548
2116.283886,1247.000000,4.468951,-25.743190,712.711783,4.471532,25.745343,0.042516
2116.272018,1248.000000,4.467794,-25.646191,712.711563,4.470401,25.648346,0.041891
2116.241192,1249.000000,4.464759,-25.548975,712.705306,4.467126,25.551082,0.047210
2116.217575,1250.000000,4.462439,-25.451843,712.701344,4.464666,25.453921,0.050271
2116.208293,1251.000000,4.461538,-25.354875,712.701944,4.463828,25.356961,0.048838
2116.194440,1252.000000,4.460184,-25.257855,712.701087,4.462472,25.259937,0.048840
2116.170232,1253.000000,4.457805,-25.160719,712.696933,4.459945,25.162770,0.052089
2116.148780,1254.000000,4.455699,-25.063615,712.693655,4.457730,25.065643,0.054476
2116.146930,1255.000000,4.455533,-24.966731,712.696616,4.457733,24.968786,0.050718
2116.167674,1256.000000,4.457604,-24.870097,712.706770,4.460292,24.872238,0.039877
2116.197423,1257.000000,4.460567,-24.773559,712.719791,4.463870,24.775811,0.026213
2116.216354,1258.000000,4.462458,-24.676900,712.729366,4.466224,24.679233,0.015943
2116.222843,1259.000000,4.463118,-24.580101,712.734978,4.467170,24.582483,0.009575
2116.206274,1260.000000,4.461495,-24.483048,712.733246,4.465506,24.485419,0.010438
2116.149915,1261.000000,4.455934,-24.385562,712.718845,4.459341,24.387818,0.023778
2116.065308,1262.000000,4.447576,-24.287773,712.695449,4.449981,24.289842,0.045976
2116.004065,1263.000000,4.441532,-24.190244,712.679492,4.443263,24.192185,0.060849
2115.991981,1264.000000,4.440353,-24.093248,712.679184,4.442108,24.095190,0.060311
2116.015571,1265.000000,4.442706,-23.996635,712.690232,4.444988,23.998670,0.048589
2116.056444,1266.000000,4.446769,-23.900203,712.706783,4.449824,23.902377,0.031449
2116.093163,1267.000000,4.450422,-23.803723,712.722010,4.454190,23.806025,0.015613
2116.099144,1268.000000,4.451031,-23.706913,712.727449,4.455078,23.709263,0.009415
2116.072707,1269.000000,4.448432,-23.609760,712.722565,4.452298,23.612073,0.013383
2116.038561,1270.000000,4.445070,-23.512527,712.715225,4.448646,23.514783,0.019770
2116.002678,1271.000000,4.441535,-23.415278,712.707332,4.444797,23.417472,0.026701
2115.970320,1272.000000,4.438350,-23.318067,712.700559,4.441348,23.320210,0.032529
2115.948827,1273.000000,4.436240,-23.220972,712.697245,4.439127,23.223091,0.034952
2115.934069,1274.000000,4.434797,-23.123947,712.696073,4.437669,23.126059,0.035264
2115.918133,1275.000000,4.433238,-23.026910,712.694526,4.436077,23.029013,0.035947
2115.909623,1276.000000,4.432413,-22.929950,712.695341,4.435325,22.932063,0.034303
2115.920184,1277.000000,4.433476,-22.833184,712.702227,4.436731,22.835357,0.026680
2115.941656,1278.000000,4.435619,-22.736527,712.712586,4.439371,22.738788,0.015638
2115.943188,1279.000000,4.435788,-22.639666,712.716595,4.439755,22.641963,0.010848
2115.891645,1280.000000,4.430704,-22.542269,712.703705,4.434135,22.544463,0.022702
2115.817168,1281.000000,4.423351,-22.444646,712.683512,4.425920,22.446678,0.041746
2115.792174,1282.000000,4.420895,-22.347522,712.679072,4.423303,22.349521,0.045277
2115.792342,1283.000000,4.420929,-22.250650,712.682642,4.423533,22.252681,0.040921
2115.787165,1284.000000,4.420434,-22.153723,712.684508,4.423158,22.155774,0.038242
2115.778505,1285.000000,4.419595,-22.056762,712.685265,4.422389,22.058822,0.036655
2115.782356,1286.000000,4.419994,-21.959924,712.690004,4.423035,21.962026,0.031148
2115.788543,1287.000000,4.420624,-21.863107,712.695485,4.423945,21.865257,0.024909
2115.775447,1288.000000,4.419346,-21.766102,712.694826,4.422674,21.768249,0.024717
2115.748303,1289.000000,4.416677,-21.668960,712.689693,4.419814,21.671069,0.028931
2115.709253,1290.000000,4.412830,-21.571705,712.680768,4.415607,21.573744,0.036879
2115.660982,1291.000000,4.408071,-21.474364,712.668907,4.410357,21.476310,0.047719
2115.629835,1292.000000,4.405006,-21.377190,712.662497,4.407044,21.379086,0.053191
2115.629533,1293.000000,4.404994,-21.280311,712.665904,4.407220,21.282239,0.048994
2115.634604,1294.000000,4.405513,-21.183482,712.671021,4.408004,21.185455,0.043114
2115.635214,1295.000000,4.405591,-21.086610,712.674716,4.408283,21.088616,0.038634
2115.644284,1296.000000,4.406507,-20.989816,712.681104,4.409519,20.991877,0.031502
2115.666591,1297.000000,4.408732,-20.893144,712.691705,4.412252,20.895295,0.020222
2115.672970,1298.000000,4.409381,-20.796321,712.697234,4.413183,20.798521,0.013936
2115.650791,1299.000000,4.407204,-20.699232,712.693669,4.410884,20.701406,0.016606
2115.624164,1300.000000,4.404587,-20.602104,712.688687,4.408082,20.604240,0.020671
2115.601742,1301.000000,4.402386,-20.505015,712.685043,4.405756,20.507125,0.023419
2115.564025,1302.000000,4.398671,-20.407788,712.676528,4.401699,20.409831,0.030964
2115.497729,1303.000000,4.392129,-20.310304,712.658915,4.394410,20.312206,0.047469
2115.507770,1304.000000,4.393140,-20.213514,712.665602,4.395756,20.215475,0.040043
2115.472628,1305.000000,4.389681,-20.116316,712.657903,4.391990,20.118217,0.046783
2115.461196,1306.000000,4.388567,-20.019333,712.657752,4.390907,20.021236,0.046092
2115.443760,1307.000000,4.386860,-19.922296,712.655688,4.389144,19.924185,0.047284
2115.415702,1308.000000,4.384101,-19.825166,712.650242,4.386180,19.827014,0.051807
2115.400322,1309.000000,4.382597,-19.728149,712.648830,4.384650,19.729988,0.052357
2115.384128,1310.000000,4.381013,-19.631125,712.647157,4.383028,19.632954,0.053163
2115.358184,1311.000000,4.378463,-19.534017,712.642380,4.380303,19.535810,0.057027
2115.331632,1312.000000,4.375854,-19.436904,712.637408,4.377509,19.438660,0.061083
2115.312073,1313.000000,4.373937,-19.339854,712.634661,4.375507,19.341590,0.062948
2115.313485,1314.000000,4.374094,-19.242984,712.638589,4.375875,19.244756,0.058240
2115.353730,1315.000000,4.378094,-19.146446,712.654876,4.380636,19.148355,0.041359
2115.425472,1316.000000,4.385211,-19.050172,712.681190,4.388959,19.052299,0.014603
2115.489262,1317.000000,4.391542,-18.953823,712.704973,4.396383,18.956148,-0.009659
2115.480120,1318.000000,4.390655,-18.856853,712.705536,4.395558,18.859186,-0.011054
2115.414820,1319.000000,4.384211,-18.759412,712.688219,4.388381,18.761606,0.005160
2115.350869,1320.000000,4.377901,-18.661987,712.671331,4.381357,18.664047,0.020952
2115.329192,1321.000000,4.375774,-18.564918,712.667899,4.379114,18.566952,0.023490
2115.349075,1322.000000,4.377759,-18.468192,712.677697,4.381571,18.470310,0.013001
2115.354181,1323.000000,4.378283,-18.371343,712.682790,4.382358,18.373506,0.007145
2115.320922,1324.000000,4.375010,-18.274178,712.675668,4.378805,18.276286,0.013319
2115.281692,1325.000000,4.371146,-18.176968,712.666644,4.374577,18.179005,0.021366
2115.266503,1326.000000,4.369661,-18.079954,712.665272,4.373067,18.081983,0.021877
2115.257178,1327.000000,4.368757,-17.982987,712.665765,4.372221,17.985024,0.020550
2115.217009,1328.000000,4.364800,-17.885774,712.656439,4.367887,17.887738,0.028895
2115.160952,1329.000000,4.359272,-17.788438,712.642054,4.361756,17.790287,0.042221
2115.131384,1330.000000,4.356365,-17.691314,712.636100,4.358620,17.693118,0.047245
2115.137547,1331.000000,4.356992,-17.594473,712.641519,4.359526,17.596325,0.041068
2115.150729,1332.000000,4.358315,-17.497686,712.649171,4.361225,17.499603,0.032692
2115.150298,1333.000000,4.358290,-17.400791,712.652488,4.361384,17.402738,0.028585
2115.137634,1334.000000,4.357055,-17.303800,712.651910,4.360160,17.305746,0.028314
2115.121827,1335.000000,4.355509,-17.206785,712.650330,4.358581,17.208721,0.029029
2115.106822,1336.000000,4.354043,-17.109777,712.649005,4.357092,17.111705,0.029495
2115.092838,1337.000000,4.352677,-17.012777,712.648003,4.355719,17.014701,0.029641
2115.084162,1338.000000,4.351837,-16.915817,712.648690,4.354945,16.917750,0.028125
2115.077184,1339.000000,4.351165,-16.818870,712.649916,4.354364,16.820816,0.026077
2115.053897,1340.000000,4.348879,-16.721801,712.645949,4.351939,16.723718,0.029144
2115.009064,1341.000000,4.344462,-16.624573,712.635123,4.347077,16.626404,0.038966
2114.965672,1342.000000,4.340187,-16.527358,712.624754,4.342378,16.529108,0.048338
2114.947133,1343.000000,4.338372,-16.430329,712.622295,4.340489,16.432062,0.049920
2114.944904,1344.000000,4.338169,-16.333419,712.625026,4.340445,16.335178,0.046390
2114.934228,1345.000000,4.337131,-16.236448,712.625068,4.339445,16.238210,0.045509
2114.913364,1346.000000,4.335085,-16.139403,712.621865,4.337294,16.141142,0.047823
2114.908615,1347.000000,4.334634,-16.042474,712.623791,4.336964,16.044232,0.045087
2114.921856,1348.000000,4.335962,-15.945674,712.631441,4.338669,15.947497,0.036712
2114.926269,1349.000000,4.336416,-15.848808,712.636281,4.339375,15.850675,0.031106
2114.892280,1350.000000,4.333072,-15.751671,712.628895,4.335739,15.753481,0.037540
2114.821476,1351.000000,4.326086,-15.654278,712.609791,4.327941,15.655935,0.055515
2114.766850,1352.000000,4.320701,-15.557004,712.595836,4.321972,15.558549,0.068420
2114.766891,1353.000000,4.320723,-15.460110,712.599278,4.322184,15.461687,0.064189
2114.806897,1354.000000,4.324699,-15.363490,712.615440,4.326914,15.365203,0.047433
2114.851988,1355.000000,4.329177,-15.266901,712.633220,4.332220,15.268762,0.029082
2114.871886,1356.000000,4.331164,-15.170135,712.642980,4.334677,15.172080,0.018630
2114.862312,1357.000000,4.330235,-15.073169,712.643357,4.333801,15.075120,0.017419
2114.841758,1358.000000,4.328220,-14.976129,712.640238,4.331684,14.978057,0.019651
2114.815215,1359.000000,4.325613,-14.879050,712.635212,4.328890,14.880941,0.023761
2114.786528,1360.000000,4.322793,-14.781958,712.629502,4.325853,14.783806,0.028545
2114.764991,1361.000000,4.320681,-14.684915,712.626067,4.323625,14.686737,0.031089
2114.758399,1362.000000,4.320047,-14.587970,712.627387,4.323086,14.589807,0.028949
2114.779140,1363.000000,4.322117,-14.491202,712.637407,4.325638,14.493124,0.018241
2114.833021,1364.000000,4.327465,-14.394645,712.657975,4.331938,14.396738,-0.002856
2114.905116,1365.000000,4.334616,-14.298198,712.684341,4.340297,14.300510,-0.029663
2114.952735,1366.000000,4.339345,-14.201588,712.702915,4.345888,14.204056,-0.048796
2114.933328,1367.000000,4.337444,-14.104551,712.700150,4.343901,14.106999,-0.046912
2114.870905,1368.000000,4.331286,-14.007246,712.683689,4.337048,14.009563,-0.031540
2114.792979,1369.000000,4.323596,-13.909849,712.662293,4.328443,13.911993,-0.011306
2114.713408,1370.000000,4.315743,-13.812447,712.640373,4.319652,13.814416,0.009443
2114.657187,1371.000000,4.310200,-13.715195,712.625885,4.313502,13.717048,0.022872
2114.653621,1372.000000,4.309866,-13.618267,712.628157,4.313305,13.620142,0.019795
2114.666011,1373.000000,4.311110,-13.521435,712.635506,4.314913,13.523373,0.011718
2114.661369,1374.000000,4.310669,-13.424498,712.637432,4.314594,13.426456,0.008981
2114.638608,1375.000000,4.308436,-13.327453,712.633590,4.312227,13.329383,0.011926
2114.611406,1376.000000,4.305764,-13.230383,712.628334,4.309357,13.232273,0.016264
2114.633787,1377.000000,4.307996,-13.133606,712.638858,4.312094,13.135585,0.005059
2114.678238,1378.000000,4.312411,-13.036954,712.656407,4.317326,13.039080,-0.013064
2114.692236,1379.000000,4.313814,-12.940121,712.664261,4.319115,12.942314,-0.021639
2114.669799,1380.000000,4.311613,-12.843077,712.660515,4.316784,12.845243,-0.018790
2114.695660,1381.000000,4.314190,-12.746309,712.672144,4.319914,12.748574,-0.031082
2114.844196,1382.000000,4.328903,-12.650232,712.722826,4.336916,12.652914,-0.081839
2114.944501,1383.000000,4.338845,-12.553870,712.758157,4.348466,12.556845,-0.117476
2114.038992,1415.000000,4.249877,-9.447838,712.577845,4.252652,9.449441,0.033270
2114.146636,1418.000000,4.260577,-9.157516,712.622158,4.265432,9.159491,-0.012891
2114.127315,1444.000000,4.259157,-6.637049,712.702685,4.268542,6.639768,-0.114006
2114.106409,1445.000000,4.257108,-6.540038,712.699347,4.266382,6.542733,-0.111557
2113.941000,1446.000000,4.240770,-6.442611,712.650007,4.247886,6.444905,-0.063797
2113.768750,1447.000000,4.223757,-6.345179,712.598497,4.228620,6.347055,-0.013898
2113.685580,1448.000000,4.215554,-6.248009,712.575340,4.219424,6.249699,0.008073
2113.651321,1449.000000,4.212186,-6.150980,712.567749,4.215755,6.152611,0.014712
2113.610674,1450.000000,4.208186,-6.053936,712.558124,4.211364,6.055491,0.023355
2113.575701,1451.000000,4.204748,-5.956909,712.550303,4.207615,5.958404,0.030220
2113.579984,1452.000000,4.205190,-5.859987,712.554974,4.208301,5.861523,0.024782
2113.611634,1453.000000,4.208338,-5.763135,712.568352,4.212080,5.764784,0.010766
2113.623676,1454.000000,4.209547,-5.666229,712.575490,4.213643,5.667939,0.002898
2113.596554,1455.000000,4.206885,-5.569224,712.570163,4.210781,5.570894,0.007307
2113.556678,1456.000000,4.202962,-5.472189,712.560775,4.206477,5.473785,0.015716
2113.519445,1457.000000,4.199300,-5.375163,712.552228,4.202472,5.376692,0.023297
2113.478010,1458.000000,4.195223,-5.278129,712.542343,4.197992,5.279581,0.032196
2113.529821,1459.000000,4.200364,-5.181314,712.562129,4.204049,5.182931,0.011868
2113.516359,1460.000000,4.199052,-5.084345,712.561143,4.202729,5.085957,0.012002
2113.510201,1461.000000,4.198462,-4.987393,712.562480,4.202236,4.989019,0.009847
2113.493251,1462.000000,4.196806,-4.890416,712.560381,4.200522,4.892029,0.011077
2113.480376,1463.000000,4.195552,-4.793449,712.559578,4.199269,4.795059,0.011030
2113.503340,1464.000000,4.197841,-4.696558,712.570179,4.202066,4.698257,-0.000250
2113.514719,1465.000000,4.198985,-4.599639,712.577092,4.203554,4.601398,-0.007897
2113.472986,1466.000000,4.194878,-4.502612,712.567101,4.199040,4.504293,0.001106
2113.410677,1467.000000,4.188738,-4.405547,712.550562,4.192201,4.407096,0.016560
2113.383334,1468.000000,4.186055,-4.308554,712.545149,4.189313,4.310062,0.021054
2113.377496,1469.000000,4.185496,-4.211603,712.546578,4.188855,4.213125,0.018809
2113.360288,1470.000000,4.183815,-4.114631,712.544387,4.187112,4.116138,0.020129
2113.330963,1471.000000,4.180935,-4.017637,712.538340,4.184001,4.019098,0.025249
2113.317374,1472.000000,4.179611,-3.920672,712.537299,4.182667,3.922129,0.025437
2113.334855,1473.000000,4.181358,-3.823761,712.546143,4.184843,3.825293,0.015887
2113.373937,1474.000000,4.185240,-3.726884,712.561860,4.189461,3.728547,-0.000432
2113.392772,1475.000000,4.187121,-3.629969,712.571134,4.191790,3.631712,-0.010404
2113.343422,1476.000000,4.182262,-3.532944,712.558707,4.186415,3.534588,0.000999
2113.251290,1477.000000,4.173174,-3.435857,712.532666,4.176207,3.437291,0.025812
2113.182109,1478.000000,4.166356,-3.338811,712.513928,4.168592,3.340095,0.043432
2113.156991,1479.000000,4.163893,-3.241834,712.509210,4.165955,3.243083,0.047242
2113.151702,1480.000000,4.163389,-3.144886,712.510800,4.165559,3.146151,0.044839
2113.148271,1481.000000,4.163069,-3.047940,712.512979,4.165372,3.049226,0.041854
2113.140283,1482.000000,4.162299,-2.950987,712.513708,4.164671,2.952283,0.040299
2113.125671,1483.000000,4.160874,-2.854026,712.512328,4.163221,2.855314,0.040821
2113.109019,1484.000000,4.159247,-2.757063,712.510297,4.161541,2.758337,0.041984
2113.090155,1485.000000,4.157402,-2.660097,712.507562,4.159610,2.661352,0.043842
2113.066788,1486.000000,4.155112,-2.563127,712.503392,4.157171,2.564352,0.047112
2113.054847,1487.000000,4.153951,-2.466171,712.502857,4.156023,2.467394,0.046801
2113.078103,1488.000000,4.156268,-2.369252,712.513519,4.158851,2.370566,0.035461
2113.120148,1489.000000,4.160442,-2.272350,712.530160,4.163802,2.273803,0.018232
2113.143594,1490.000000,4.162779,-2.175424,712.540881,4.166651,2.176968,0.006834
2113.147498,1491.000000,4.163184,-2.078478,712.545383,4.167293,2.080062,0.001563
2113.145024,1492.000000,4.162958,-1.981525,712.547854,4.167214,1.983132,-0.001709
2113.129472,1493.000000,4.161441,-1.884559,712.546162,4.165658,1.886156,-0.000879
2113.097547,1494.000000,4.158305,-1.787582,712.539259,4.162251,1.789125,0.005083
2113.064744,1495.000000,4.155082,-1.690605,712.532076,4.158746,1.692093,0.011322
2113.030131,1496.000000,4.151680,-1.593629,712.524315,4.155036,1.595057,0.018130
2112.980969,1497.000000,4.146841,-1.496646,712.511924,4.149682,1.497976,0.029498
2112.912135,1498.000000,4.140058,-1.399653,712.493273,4.142106,1.400834,0.047033
2112.862938,1499.000000,4.135216,-1.302677,712.480869,4.136749,1.303759,0.058414
2112.879833,1500.000000,4.136905,-1.205740,712.489493,4.138858,1.206896,0.049083
2112.950842,1501.000000,4.143941,-1.108828,712.515333,4.147079,1.110198,0.022792
2113.009786,1502.000000,4.149785,-1.011902,712.537335,4.153938,1.013456,0.000282
2113.018884,1503.000000,4.150704,-0.914951,712.543475,4.155166,0.916558,-0.006603
2112.999827,1504.000000,4.148839,-0.817987,712.540654,4.153213,0.819575,-0.004662
2112.986901,1505.000000,4.147581,-0.721026,712.539783,4.151953,0.722610,-0.004641
2112.981719,1506.000000,4.147089,-0.624068,712.541376,4.151568,0.625668,-0.007047
2112.967351,1507.000000,4.145688,-0.527107,712.540043,4.150144,0.528699,-0.006571
2112.946299,1508.000000,4.143627,-0.430145,712.536583,4.147966,0.431712,-0.003999
2112.937778,1509.000000,4.142804,-0.333185,712.537109,4.147203,0.334760,-0.005354
2112.940404,1510.000000,4.143083,-0.236227,712.541181,4.147699,0.237838,-0.010202
2112.932061,1511.000000,4.142278,-0.139267,712.541761,4.146956,0.140886,-0.011610
2112.904835,1512.000000,4.139607,-0.042306,712.536331,4.144080,0.043884,-0.007099
2112.882916,1513.000000,4.137460,0.054653,712.532589,4.141804,-0.053103,-0.004249
2112.876379,1514.000000,4.136833,0.151613,712.533740,4.141265,-0.150049,-0.006220
2112.868097,1515.000000,4.136034,0.248572,712.534334,4.140529,-0.247001,-0.007642
2112.845311,1516.000000,4.133802,0.345530,712.530312,4.138154,-0.343988,-0.004517
2112.823932,1517.000000,4.131708,0.442487,712.526737,4.135938,-0.440971,-0.001832
2112.839269,1518.000000,4.133244,0.539452,712.534844,4.137870,-0.537866,-0.010654
2112.872989,1519.000000,4.136595,0.636424,712.548799,4.141879,-0.634721,-0.025238
2112.887542,1520.000000,4.138053,0.733394,712.556654,4.143722,-0.731623,-0.033813
2112.852180,1521.000000,4.134578,0.830347,712.548624,4.139927,-0.828639,-0.026739
2112.772949,1522.000000,4.126768,0.927280,712.526633,4.131175,-0.925749,-0.005913
2112.706787,1523.000000,4.120249,1.024213,712.508801,4.123901,-1.022825,0.010816
2112.670632,1524.000000,4.116696,1.121157,712.500516,4.120016,-1.119833,0.018141
2112.660261,1525.000000,4.115691,1.218112,712.500433,4.119043,-1.216785,0.017385
2112.673658,1526.000000,4.117034,1.315081,712.507912,4.120756,-1.313690,0.009182
2112.697637,1527.000000,4.119423,1.412059,712.518757,4.123663,-1.410576,-0.002338
2112.715737,1528.000000,4.121231,1.509036,712.527730,4.125906,-1.507476,-0.012014
2112.722743,1529.000000,4.121943,1.606008,712.533172,4.126897,-1.604400,-0.018211
2112.724092,1530.000000,4.122095,1.702976,712.536813,4.127248,-1.701336,-0.022634
2112.730527,1531.000000,4.122751,1.799950,712.542071,4.128174,-1.798263,-0.028651
2112.738684,1532.000000,4.123576,1.896927,712.547876,4.129294,-1.895189,-0.035205
2112.725585,1533.000000,4.122302,1.993886,712.546916,4.128013,-1.992154,-0.035096
2112.675827,1534.000000,4.117404,2.090812,712.534289,4.122591,-2.089179,-0.023494
2112.597526,1535.000000,4.109687,2.187705,712.512579,4.113944,-2.186247,-0.002944
2112.528448,1536.000000,4.102881,2.284602,712.493803,4.106341,-2.283294,0.014715
2112.492745,1537.000000,4.099373,2.381530,712.485646,4.102506,-2.380286,0.021914
2112.492266,1538.000000,4.099345,2.478495,712.488695,4.102651,-2.477222,0.018074
2112.529618,1539.000000,4.103055,2.575504,712.503780,4.107068,-2.574104,0.002378
2112.595927,1540.000000,4.109627,2.672552,712.528078,4.114756,-2.670950,-0.022394
2112.657239,1541.000000,4.115704,2.769600,712.550786,4.121880,-2.767809,-0.045600
2112.675776,1542.000000,4.117556,2.866600,712.559882,4.124172,-2.864731,-0.055397
2112.639190,1543.000000,4.113960,2.963529,712.551436,4.120238,-2.961726,-0.047913
2112.572317,1544.000000,4.107372,3.060414,712.533350,4.112882,-3.058757,-0.030933
2112.511965,1545.000000,4.101429,3.157304,712.517339,4.106263,-3.155774,-0.015997
2112.479594,1546.000000,4.098250,3.254230,712.510230,4.102805,-3.252755,-0.009830
2112.460466,1547.000000,4.096380,3.351175,712.507334,4.100842,-3.349720,-0.007814
2112.493765,1548.000000,4.099689,3.448199,712.521119,4.104801,-3.446628,-0.022230
2112.424977,1549.000000,4.092913,3.545065,712.502420,4.097230,-3.543644,-0.004645
2112.373248,1550.000000,4.087822,3.641954,712.489147,4.091585,-3.640639,0.007594
2112.382745,1551.000000,4.088779,3.738942,712.495354,4.092855,-3.737573,0.000643
2112.419077,1552.000000,4.092389,3.835977,712.510099,4.097156,-3.834484,-0.014718
2112.445488,1553.000000,4.095018,3.933000,712.521686,4.100337,-3.931408,-0.026969
2112.465576,1554.000000,4.097022,4.030014,712.531260,4.102804,-4.028341,-0.037236
2112.478944,1555.000000,4.098363,4.127018,712.538694,4.104511,-4.125281,-0.045396
2112.457904,1556.000000,4.096303,4.223959,712.535179,4.102333,-4.222248,-0.042769
2112.405001,1557.000000,4.091096,4.320838,712.521523,4.096555,-4.319235,-0.030153
2112.353704,1558.000000,4.086048,4.417717,712.508378,4.090958,-4.416218,-0.018039
2112.321959,1559.000000,4.082931,4.514631,712.501453,4.087570,-4.513186,-0.012053
2112.311133,1560.000000,4.081882,4.611587,712.501183,4.086545,-4.610140,-0.012623
2112.321195,1561.000000,4.082895,4.708586,712.507558,4.087879,-4.707085,-0.019739
2112.348963,1562.000000,4.085658,4.805626,712.519565,4.091212,-4.804023,-0.032404
2112.367815,1563.000000,4.087541,4.902649,712.528735,4.093539,-4.900967,-0.042273
2112.346491,1564.000000,4.085454,4.999585,712.525119,4.091327,-4.997930,-0.039547
2112.305950,1565.000000,4.081468,5.096476,712.515387,4.086946,-5.094898,-0.030796
2112.262935,1566.000000,4.077238,5.193359,712.504868,4.082285,-5.191863,-0.021269
2112.233697,1567.000000,4.074370,5.290272,712.498731,4.079180,-5.288823,-0.016059
2112.242228,1568.000000,4.075232,5.387274,712.504610,4.080340,-5.385774,-0.022687
2112.289396,1569.000000,4.079912,5.484373,712.522781,4.085864,-5.482720,-0.041424
2112.344358,1570.000000,4.085362,5.581496,712.543433,4.092269,-5.579671,-0.062604
2112.370912,1571.000000,4.088005,5.678552,712.555045,4.095465,-5.676629,-0.074879
2112.349423,1572.000000,4.085902,5.775488,712.551366,4.093235,-5.773592,-0.072091
2112.297016,1573.000000,4.080744,5.872341,712.537848,4.087512,-5.870553,-0.059610
2112.249245,1574.000000,4.076044,5.969204,712.525805,4.082314,-5.967510,-0.048581
2112.229232,1575.000000,4.074087,6.066138,712.522593,4.080250,-6.064468,-0.046253
2112.223266,1576.000000,4.073518,6.163111,712.523849,4.079773,-6.161427,-0.048326
2112.239586,1577.000000,4.075150,6.260146,712.532196,4.081813,-6.258390,-0.057385
2112.287319,1578.000000,4.079886,6.357272,712.550538,4.087401,-6.355363,-0.076290
2112.324086,1579.000000,4.083538,6.454372,712.565390,4.091750,-6.452339,-0.091757
2112.311531,1580.000000,4.082318,6.551332,712.564545,4.090528,-6.549302,-0.091761
2112.248622,1581.000000,4.076122,6.648142,712.547675,4.083619,-6.646247,-0.075976
2112.175267,1582.000000,4.068895,6.744916,712.527480,4.075531,-6.743183,-0.056917
2112.139572,1583.000000,4.065389,6.841800,712.519268,4.071696,-6.840131,-0.049663
2112.141146,1584.000000,4.065564,6.938797,712.522914,4.072070,-6.937095,-0.054090
2112.141592,1585.000000,4.065628,7.035791,712.526200,4.072316,-7.034059,-0.058163
2112.113527,1586.000000,4.062876,7.132696,712.520412,4.069343,-7.131008,-0.053297
2112.060907,1587.000000,4.057697,7.229520,712.506810,4.063596,-7.227940,-0.040733
2112.010855,1588.000000,4.052773,7.326349,712.494025,4.058140,-7.324870,-0.028973
2111.985671,1589.000000,4.050306,7.423256,712.489150,4.055492,-7.421814,-0.025006
2111.991063,1590.000000,4.050858,7.520266,712.494003,4.056297,-7.518781,-0.030623
2112.022441,1591.000000,4.053978,7.617365,712.507123,4.060036,-7.615769,-0.044383
2112.054949,1592.000000,4.057209,7.714471,712.520603,4.063904,-7.712762,-0.058498
2112.057665,1593.000000,4.057497,7.811478,712.524601,4.064406,-7.809732,-0.063272
2112.036560,1594.000000,4.055432,7.908401,712.521018,4.062218,-7.906682,-0.060578
2112.017926,1595.000000,4.053612,8.005332,712.518220,4.060310,-8.003633,-0.058657
2112.011628,1596.000000,4.053009,8.102307,712.519347,4.059794,-8.100595,-0.060602
2111.990393,1597.000000,4.050932,8.199228,712.515719,4.057592,-8.197543,-0.057864
2111.950560,1598.000000,4.047017,8.296079,712.506172,4.053289,-8.294469,-0.049294
2111.920036,1599.000000,4.044022,8.392963,712.499586,4.050038,-8.391403,-0.043642
2111.908064,1600.000000,4.042860,8.489915,712.498902,4.048881,-8.488357,-0.043803
2111.902026,1601.000000,4.042283,8.586889,712.500105,4.048395,-8.585319,-0.045823
2111.886574,1602.000000,4.040777,8.683828,712.498311,4.046845,-8.682269,-0.044891
2111.860147,1603.000000,4.038187,8.780723,712.493024,4.044057,-8.779204,-0.040518
2111.835671,1604.000000,4.035789,8.877624,712.488357,4.041488,-8.876140,-0.036755
2111.831198,1605.000000,4.035368,8.974605,712.490053,4.041178,-8.973104,-0.039261
2111.844765,1606.000000,4.036728,9.071659,712.497487,4.042905,-9.070094,-0.047420
2111.853222,1607.000000,4.037583,9.168694,712.503295,4.044055,-9.167078,-0.053977
2111.841001,1608.000000,4.036396,9.265646,712.502522,4.042871,-9.264033,-0.054051
2111.815393,1609.000000,4.033887,9.362541,712.497488,4.040174,-9.360966,-0.049927
2111.793250,1610.000000,4.031720,9.459449,712.493555,4.037869,-9.457903,-0.046888
2111.774741,1611.000000,4.029912,9.556373,712.490778,4.035974,-9.554846,-0.044987
2111.745749,1612.000000,4.027068,9.653250,712.484664,4.032895,-9.651770,-0.039798
2111.708154,1613.000000,4.023375,9.750088,712.475812,4.028845,-9.748677,-0.031912
2111.679253,1614.000000,4.020541,9.846962,712.469724,4.025776,-9.845598,-0.026750
2111.670849,1615.000000,4.019731,9.943925,712.470157,4.025022,-9.942554,-0.028011
2111.673668,1616.000000,4.020030,10.040940,712.474159,4.025535,-10.039533,-0.032789
2111.665779,1617.000000,4.019271,10.137906,712.474754,4.024839,-10.136491,-0.034210
2111.637498,1618.000000,4.016498,10.234780,712.468859,4.021840,-10.233410,-0.029237
2111.593754,1619.000000,4.012198,10.331581,712.458043,4.017096,-10.330296,-0.019417
2111.581954,1620.000000,4.011053,10.428528,712.457389,4.015958,-10.427245,-0.019608
2111.599268,1621.000000,4.012783,10.525611,712.465997,4.018108,-10.524255,-0.028923
2111.611660,1622.000000,4.014027,10.622674,712.473037,4.019701,-10.621257,-0.036694
2111.616142,1623.000000,4.014490,10.719701,712.477560,4.020402,-10.718243,-0.041985
2111.618192,1624.000000,4.014712,10.816717,712.481308,4.020827,-10.815226,-0.046512
2111.629652,1625.000000,4.015865,10.913780,712.488049,4.022316,-10.912231,-0.053988
2111.653567,1626.000000,4.018247,11.010907,712.498751,4.025210,-11.009266,-0.065366
2111.672250,1627.000000,4.020112,11.108011,712.507788,4.027514,-11.106293,-0.075104
2111.670289,1628.000000,4.019939,11.205013,712.510255,4.027487,-11.203272,-0.078370
2111.644817,1629.000000,4.017443,11.301898,712.505240,4.024805,-11.300194,-0.074264
2111.600071,1630.000000,4.013044,11.398683,712.494091,4.019946,-11.397068,-0.064114
2111.552425,1631.000000,4.008359,11.495451,712.482018,4.014761,-11.493931,-0.053055
2111.513348,1632.000000,4.004520,11.592260,712.472671,4.010543,-11.590813,-0.044681
2111.547374,1633.000000,4.007901,11.689448,712.486581,4.014578,-11.687884,-0.059220
2111.524657,1634.000000,4.005678,11.786341,712.482437,4.012207,-11.784807,-0.055972
2111.475681,1635.000000,4.000861,11.883093,712.469936,4.006872,-11.881659,-0.044491
2111.529449,1636.000000,4.006191,11.980393,712.490124,4.013136,-11.978790,-0.065215
2111.563072,1637.000000,4.009532,12.077589,712.503903,4.017126,-12.075870,-0.079624
2111.530034,1638.000000,4.006290,12.174426,712.496469,4.013590,-12.172765,-0.073135
2111.530309,1639.000000,4.006337,12.271444,712.499634,4.013814,-12.269754,-0.077088
2111.476187,1640.000000,4.001013,12.368163,712.485489,4.007897,-12.366585,-0.063987
2111.464792,1641.000000,3.999908,12.465115,712.484939,4.006804,-12.463539,-0.064279
2111.456223,1642.000000,3.999082,12.562084,712.485286,4.006030,-12.560501,-0.065456
2111.413678,1643.000000,3.994901,12.658860,712.474821,4.001420,-12.657360,-0.055981
2111.364839,1644.000000,3.990098,12.755598,712.462354,3.996100,-12.754196,-0.044532
2111.336946,1645.000000,3.987364,12.852453,712.456549,3.993144,-12.851096,-0.039648
2111.332972,1646.000000,3.986992,12.949444,712.458353,3.992889,-12.948069,-0.042260
2111.360373,1647.000000,3.989718,13.046619,712.470138,3.996175,-13.045145,-0.054705
2111.424057,1648.000000,3.996028,13.144011,712.493467,4.003559,-13.142342,-0.078524
2111.489139,1649.000000,4.002476,13.241417,712.517241,4.011100,-13.239550,-0.102781
2111.511689,1650.000000,4.004723,13.338577,712.527481,4.013840,-13.336623,-0.113703
2111.486302,1651.000000,4.002237,13.435451,712.522465,4.011166,-13.433535,-0.109596
2111.422363,1652.000000,3.995942,13.532091,712.505181,4.004140,-13.530313,-0.093403
2111.335671,1653.000000,3.987402,13.628588,712.480657,3.994545,-13.627008,-0.070075
2111.257812,1654.000000,3.979734,13.725133,712.458944,3.985948,-13.723727,-0.049517
2111.220743,1655.000000,3.976094,13.821923,712.450208,3.981956,-13.820586,-0.041745
2111.226091,1656.000000,3.976642,13.918975,712.454965,3.982753,-13.917595,-0.047266
2111.236810,1657.000000,3.977721,14.016062,712.461431,3.984156,-14.014626,-0.054470
2111.224360,1658.000000,3.976513,14.113005,712.460524,3.982943,-14.111574,-0.054411
2111.217276,1659.000000,3.975833,14.209982,712.461322,3.982336,-14.208541,-0.056032
2111.244043,1660.000000,3.978497,14.307176,712.472890,3.985551,-14.305636,-0.068263
2111.285827,1661.000000,3.982644,14.404469,712.489234,3.990460,-14.402793,-0.085201
2111.306951,1662.000000,3.984750,14.501633,712.499005,3.993038,-14.499874,-0.095661
2111.277500,1663.000000,3.981863,14.598470,712.492682,3.989906,-14.596759,-0.090266
2111.213568,1664.000000,3.975570,14.695079,712.475387,3.982880,-14.693506,-0.074060
2111.153144,1665.000000,3.969624,14.791707,712.459207,3.976251,-14.790263,-0.058954
2111.109828,1666.000000,3.965368,14.888444,712.448470,3.971554,-14.887085,-0.049209
2111.093075,1667.000000,3.963734,14.985356,712.446183,3.969855,-14.984012,-0.047790
2111.110423,1668.000000,3.965468,15.082497,712.454744,3.972006,-15.081080,-0.057058
2111.147090,1669.000000,3.969109,15.179772,712.469450,3.976337,-15.178231,-0.072381
2111.187403,1670.000000,3.973110,15.277076,712.485315,3.981080,-15.275402,-0.088847
2111.224486,1671.000000,3.976792,15.374362,712.500153,3.985459,-15.372563,-0.104300
2111.257585,1672.000000,3.980082,15.471624,712.513722,3.989388,-15.469712,-0.118503
2111.250211,1673.000000,3.979374,15.568609,712.514411,3.988748,-15.566688,-0.120016
2111.181103,1674.000000,3.972570,15.665162,712.495456,3.981138,-15.663393,-0.102174
2111.103070,1675.000000,3.964886,15.761648,712.473660,3.972520,-15.760053,-0.081534
2111.062371,1676.000000,3.960888,15.858391,712.463743,3.968118,-15.856875,-0.072597
2111.066523,1677.000000,3.961318,15.955452,712.468094,3.968778,-15.953897,-0.077718
2111.053116,1678.000000,3.960015,16.052389,712.466858,3.967457,-16.050840,-0.077334
2111.007714,1679.000000,3.955553,16.149094,712.455441,3.962523,-16.147636,-0.066919
2110.968925,1680.000000,3.951744,16.245844,712.446127,3.958337,-16.244459,-0.058577
2110.958201,1681.000000,3.950706,16.342797,712.445740,3.957318,-16.341412,-0.059030
2110.977491,1682.000000,3.952631,16.439970,712.454902,3.959687,-16.438507,-0.068890
2111.020763,1683.000000,3.956924,16.537323,712.471692,3.964763,-16.535719,-0.086267
2111.069182,1684.000000,3.961726,16.634719,712.490120,3.970421,-16.632961,-0.105257
2111.077832,1685.000000,3.962601,16.731823,712.495894,3.971589,-16.730014,-0.111779
2111.028413,1686.000000,3.957742,16.828492,712.483189,3.966201,-16.826784,-0.100096
2110.941720,1687.000000,3.949203,16.924875,712.458624,3.956606,-16.923365,-0.076726
2110.855059,1688.000000,3.940668,17.021253,712.434069,3.947016,-17.019940,-0.053368
2110.799801,1689.000000,3.935233,17.117864,712.419505,3.940970,-17.116667,-0.039852
2110.792358,1690.000000,3.934519,17.214838,712.420152,3.940321,-17.213633,-0.041323
2110.838565,1691.000000,3.939102,17.312229,712.437865,3.945728,-17.310875,-0.059609
2110.909977,1692.000000,3.946173,17.409820,712.463597,3.953979,-17.408252,-0.085795
2110.958228,1693.000000,3.950957,17.507237,712.481960,3.959617,-17.505516,-0.104721
2110.971083,1694.000000,3.952248,17.604380,712.489060,3.961260,-17.602598,-0.112551
2110.976694,1695.000000,3.952822,17.701469,712.493854,3.962084,-17.699644,-0.118108
2110.972447,1696.000000,3.952424,17.798480,712.495510,3.961796,-17.796639,-0.120573
2110.936561,1697.000000,3.948902,17.895239,712.487098,3.957936,-17.893463,-0.113119
2110.871458,1698.000000,3.942495,17.991761,712.469388,3.950778,-17.990127,-0.096503
2110.817484,1699.000000,3.937187,18.088369,712.455219,3.944876,-18.086847,-0.083376
2110.801086,1700.000000,3.935589,18.185278,712.453004,3.943216,-18.183771,-0.082028
2110.809854,1701.000000,3.936475,18.282391,712.458794,3.944396,-18.280834,-0.088566
2110.811755,1702.000000,3.936684,18.379451,712.462399,3.944801,-18.377861,-0.092952
2110.787511,1703.000000,3.934311,18.476295,712.457684,3.942256,-18.474740,-0.089139
2110.761242,1704.000000,3.931738,18.573122,712.452324,3.939481,-18.571608,-0.084691
2110.758030,1705.000000,3.931442,18.670139,712.454298,3.939309,-18.668606,-0.087470
2110.768303,1706.000000,3.932477,18.767270,712.460561,3.940659,-18.765682,-0.094475
2110.760621,1707.000000,3.931740,18.864252,712.461111,3.939983,-18.862656,-0.095850
2110.726713,1708.000000,3.928413,18.961012,712.453315,3.936346,-18.959476,-0.089002
2110.691537,1709.000000,3.924961,19.057759,712.445114,3.932566,-19.056287,-0.081756
2110.669366,1710.000000,3.922793,19.154615,712.441050,3.930254,-19.153173,-0.078585
2110.645147,1711.000000,3.920424,19.251452,712.436334,3.927710,-19.250046,-0.074771
2110.615201,1712.000000,3.917488,19.348239,712.429794,3.924521,-19.346883,-0.069161
2110.610197,1713.000000,3.917015,19.445241,712.431188,3.924146,-19.443871,-0.071368
2110.627006,1714.000000,3.918695,19.542434,712.439521,3.926233,-19.540992,-0.080411
2110.632224,1715.000000,3.919232,19.639527,712.444165,3.927012,-19.638044,-0.085820
2110.597936,1716.000000,3.915868,19.736274,712.436238,3.923332,-19.734852,-0.078844
2110.547121,1717.000000,3.910873,19.832872,712.423053,3.917787,-19.831555,-0.066686
2110.531108,1718.000000,3.909313,19.929776,712.420939,3.916170,-19.928473,-0.065436
2110.556973,1719.000000,3.911887,20.027055,712.432146,3.919279,-20.025657,-0.077311
2110.587595,1720.000000,3.914931,20.124379,712.444866,3.922925,-20.122874,-0.090678
2110.602724,1721.000000,3.916445,20.221568,712.452656,3.924822,-20.219996,-0.099186
2110.608839,1722.000000,3.917070,20.318676,712.457577,3.925702,-20.317061,-0.104868
2110.605037,1723.000000,3.916716,20.415696,712.459341,3.925463,-20.414063,-0.107440
2110.577877,1724.000000,3.914055,20.512502,712.453672,3.922587,-20.510912,-0.102687
2110.516708,1725.000000,3.908038,20.608994,712.437183,3.915873,-20.607535,-0.087273
2110.498858,1726.000000,3.906297,20.705881,712.434474,3.914048,-20.704442,-0.085437
2110.415677,1727.000000,3.898108,20.802162,712.410980,3.904850,-20.800911,-0.063121
2110.378837,1728.000000,3.894492,20.898868,712.402227,3.900882,-20.897686,-0.055331
2110.394409,1729.000000,3.896050,20.996064,712.410148,3.902829,-20.994814,-0.063968
2110.449403,1730.000000,3.901500,21.093634,712.430608,3.909224,-21.092213,-0.084961
2110.481745,1731.000000,3.904713,21.190995,712.443862,3.913064,-21.189462,-0.098853
2110.459008,1732.000000,3.902490,21.287836,712.439591,3.910687,-21.286335,-0.095478
2110.419882,1733.000000,3.898649,21.384519,712.430105,3.906460,-21.383093,-0.086964
2110.371515,1734.000000,3.893896,21.481111,712.417678,3.901191,-21.479783,-0.075552
2110.325579,1735.000000,3.889383,21.577723,712.406023,3.896196,-21.576488,-0.064902
2110.296747,1736.000000,3.886558,21.674498,712.399808,3.893132,-21.673310,-0.059612
2110.289363,1737.000000,3.885851,21.771480,712.400416,3.892487,-21.770284,-0.061043
2110.295139,1738.000000,3.886442,21.868591,712.405208,3.893328,-21.867352,-0.066598
2110.296674,1739.000000,3.886614,21.965661,712.408651,3.893690,-21.964391,-0.070823
2110.289679,1740.000000,3.885945,22.062649,712.409378,3.893090,-22.061369,-0.072373
2110.285342,1741.000000,3.885538,22.159663,712.410950,3.892789,-22.158368,-0.074754
2110.288710,1742.000000,3.885892,22.256754,712.414972,3.893358,-22.255423,-0.079550
2110.290408,1743.000000,3.886080,22.353830,712.418461,3.893738,-22.352467,-0.083821
2110.291593,1744.000000,3.886219,22.450902,712.421786,3.894061,-22.449508,-0.087930
2110.307414,1745.000000,3.887801,22.548122,712.429766,3.896035,-22.546660,-0.096626
2110.349556,1746.000000,3.891982,22.645611,712.446120,3.900980,-22.644012,-0.113572
2110.387111,1747.000000,3.895711,22.743058,712.461014,3.905407,-22.741333,-0.129080
2110.365679,1748.000000,3.893616,22.839907,712.457138,3.903176,-22.838211,-0.126094
2110.313754,1749.000000,3.888512,22.936443,712.443559,3.897505,-22.934855,-0.113547
2110.257742,1750.000000,3.883005,23.032933,712.428680,3.891372,-23.031463,-0.099719
2110.206138,1751.000000,3.877933,23.129465,712.415202,3.885737,-23.128102,-0.087271
2110.168527,1752.000000,3.874242,23.226138,712.406174,3.881681,-23.224846,-0.079209
2110.128857,1753.000000,3.870348,23.322788,712.396491,3.877393,-23.321572,-0.070500
2110.091579,1754.000000,3.866690,23.419460,712.387568,3.873375,-23.418313,-0.062541
2110.062485,1755.000000,3.863840,23.516216,712.381247,3.870280,-23.515118,-0.057145
2110.038566,1756.000000,3.861501,23.613025,712.376571,3.867769,-23.611962,-0.053370
2110.021439,1757.000000,3.859832,23.709904,712.374055,3.866025,-23.708859,-0.051723
2110.020260,1758.000000,3.859737,23.806953,712.376610,3.866080,-23.805883,-0.055074
2110.038923,1759.000000,3.861600,23.904214,712.385476,3.868374,-23.903069,-0.064643
2110.059299,1760.000000,3.863632,24.001497,712.394887,3.870861,-24.000271,-0.074748
2110.057665,1761.000000,3.863492,24.098545,712.397294,3.870864,-24.097296,-0.077952
2110.036204,1762.000000,3.861395,24.195379,712.393392,3.868630,-24.194159,-0.074940
2110.012405,1763.000000,3.859068,24.292187,712.388746,3.866133,-24.291002,-0.071194
2109.988092,1764.000000,3.856690,24.388989,712.383935,3.863577,-24.387840,-0.067286
2109.949107,1765.000000,3.852864,24.485628,712.374455,3.859366,-24.484554,-0.058778
2109.893691,1766.000000,3.847417,24.582085,712.359748,3.853301,-24.581128,-0.045119
2109.846772,1767.000000,3.842808,24.678632,712.347743,3.848195,-24.677769,-0.034122
2109.840529,1768.000000,3.842214,24.775626,712.348675,3.847678,-24.774752,-0.035873
2109.869015,1769.000000,3.845046,24.873006,712.360653,3.851080,-24.872031,-0.048508
2109.895336,1770.000000,3.847664,24.970365,712.371942,3.854237,-24.969295,-0.060463
2109.882216,1771.000000,3.846391,25.067286,712.370683,3.852944,-25.066223,-0.060055
2109.817019,1772.000000,3.839979,25.163621,712.352857,3.845775,-25.162701,-0.043323
2109.742534,1773.000000,3.832651,25.259847,712.332077,3.837560,-25.259093,-0.023679
2109.716078,1774.000000,3.830062,25.356611,712.326573,3.834762,-25.355899,-0.019087
2109.730440,1775.000000,3.831500,25.453838,712.334050,3.836569,-25.453062,-0.027287
2109.757858,1776.000000,3.834227,25.551216,712.345679,3.839850,-25.550341,-0.039579
2109.776209,1777.000000,3.836059,25.648494,712.354423,3.842107,-25.647544,-0.049027
2109.770802,1778.000000,3.835547,25.745501,712.355609,3.841684,-25.744538,-0.051028
2109.733207,1779.000000,3.831858,25.842137,712.346555,3.837630,-25.841245,-0.042939
2109.676352,1780.000000,3.826270,25.938547,712.331374,3.831403,-25.937776,-0.028812
2109.643115,1781.000000,3.823012,26.035228,712.323705,3.827840,-26.034517,-0.022087
2109.645673,1782.000000,3.823286,26.132325,712.327419,3.828315,-26.131580,-0.026579
2109.671645,1783.000000,3.825870,26.229697,712.338580,3.831432,-26.228858,-0.038408
2109.702654,1784.000000,3.828951,26.327132,712.351342,3.835117,-26.326185,-0.051816
2109.716505,1785.000000,3.830339,26.424368,712.358645,3.836866,-26.423358,-0.059844
2109.699009,1786.000000,3.828634,26.521235,712.355975,3.835079,-26.520243,-0.058046
2109.657588,1787.000000,3.824568,26.617816,712.345694,3.830593,-26.616905,-0.048747
2109.605308,1788.000000,3.819432,26.714265,712.331959,3.824881,-26.713464,-0.036045
2109.560655,1789.000000,3.815048,26.810802,712.320648,3.820031,-26.810090,-0.025731
2109.549047,1790.000000,3.813924,26.907734,712.319847,3.818908,-26.907025,-0.025774
2109.578714,1791.000000,3.816872,27.005163,712.332173,3.822441,-27.004350,-0.038752
2109.619643,1792.000000,3.820932,27.102732,712.348080,3.827244,-27.101785,-0.055259
2109.633850,1793.000000,3.822355,27.199981,712.355487,3.829033,-27.198970,-0.063389
2109.628583,1794.000000,3.821857,27.296994,712.356698,3.828625,-27.295971,-0.065414
2109.622579,1795.000000,3.821286,27.393999,712.357673,3.828134,-27.392964,-0.067207
2109.621213,1796.000000,3.821173,27.491061,712.360123,3.828166,-27.490003,-0.070453
2109.615723,1797.000000,3.820653,27.588074,712.361259,3.827733,-27.587003,-0.072404
2109.576527,1798.000000,3.816807,27.684670,712.351672,3.823497,-27.683674,-0.063789
2109.501226,1799.000000,3.809399,27.780815,712.330600,3.815189,-27.779989,-0.043857
2109.506196,1800.000000,3.809911,27.877954,712.335060,3.815935,-27.877088,-0.049083
2109.466726,1801.000000,3.806038,27.974540,712.325383,3.811669,-27.973750,-0.040379
2109.450051,1802.000000,3.804415,28.071408,712.322955,3.809974,-28.070635,-0.038819
2109.445926,1803.000000,3.804029,28.168435,712.324518,3.809694,-28.167645,-0.041191
2109.450387,1804.000000,3.804491,28.265570,712.328811,3.810383,-28.264742,-0.046253
2109.454239,1805.000000,3.804893,28.362698,712.332909,3.811004,-28.361834,-0.051123
2109.454426,1806.000000,3.804933,28.459782,712.335840,3.811210,-28.458890,-0.054842
2109.445945,1807.000000,3.804118,28.556756,712.336012,3.810439,-28.555859,-0.055844
2109.441500,1808.000000,3.803701,28.653781,712.337468,3.810124,-28.652870,-0.058110
2109.432133,1809.000000,3.802798,28.750744,712.337356,3.809252,-28.749830,-0.058832
2109.387638,1810.000000,3.798430,28.847255,712.326070,3.804419,-28.846430,-0.048542
2109.335325,1811.000000,3.793291,28.943661,712.312296,3.798704,-28.942946,-0.035800
2109.296992,1812.000000,3.789531,29.040245,712.302967,3.794565,-29.039603,-0.027440
2109.285377,1813.000000,3.788407,29.137175,712.302136,3.793440,-29.136536,-0.027452
2109.301870,1814.000000,3.790055,29.234471,712.310243,3.795486,-29.233763,-0.036273
2109.315359,1815.000000,3.791408,29.331731,712.317394,3.797193,-29.330960,-0.044150
2109.296562,1816.000000,3.789575,29.428568,712.314274,3.795258,-29.427820,-0.041908
2109.267426,1817.000000,3.786723,29.525268,712.307865,3.792156,-29.524569,-0.036424
2109.254859,1818.000000,3.785505,29.622186,712.306724,3.790924,-29.621493,-0.036131
2109.273858,1819.000000,3.787400,29.719522,712.315623,3.793252,-29.718754,-0.045731
2109.314274,1820.000000,3.791409,29.817147,712.331332,3.797996,-29.816246,-0.062044
2109.331729,1821.000000,3.793153,29.914469,712.339738,3.800150,-29.913496,-0.071158
2109.313439,1822.000000,3.791370,30.011314,712.336772,3.798272,-30.010363,-0.069067
2109.296217,1823.000000,3.789693,30.108173,712.334144,3.796514,-30.107240,-0.067309
2109.296312,1824.000000,3.789724,30.205265,712.337024,3.796709,-30.204305,-0.070978
2109.295076,1825.000000,3.789624,30.302340,712.339479,3.796755,-30.301357,-0.074229
2109.298503,1826.000000,3.789984,30.399480,712.343417,3.797326,-30.398461,-0.078940
2109.323759,1827.000000,3.792497,30.496917,712.354296,3.800360,-30.495806,-0.090493
2109.344966,1828.000000,3.794611,30.594303,712.363887,3.802937,-30.593110,-0.100776
2109.309460,1829.000000,3.791130,30.690914,712.355436,3.799116,-30.689787,-0.093279
2109.224660,1830.000000,3.782786,30.786844,712.331304,3.789736,-30.785912,-0.070330
2109.144577,1831.000000,3.774908,30.882834,712.308672,3.780887,-30.882083,-0.048859
2109.082600,1832.000000,3.768816,30.979068,712.291799,3.774082,-30.978452,-0.033063
2109.031708,1833.000000,3.763818,31.075451,712.278451,3.768526,-31.074941,-0.020741
2108.996452,1834.000000,3.760363,31.172049,712.270075,3.764735,-31.171604,-0.013318
2108.992490,1835.000000,3.759994,31.269081,712.271651,3.764472,-31.268621,-0.015702
2109.015605,1836.000000,3.762295,31.366494,712.281837,3.767263,-31.365947,-0.026571
2109.043264,1837.000000,3.765045,31.463973,712.293467,3.770567,-31.463328,-0.038863
2109.073541,1838.000000,3.768053,31.561493,712.305929,3.774166,-31.560742,-0.051975
2109.109800,1839.000000,3.771652,31.659101,712.320293,3.778439,-31.658229,-0.066961
2109.142900,1840.000000,3.774939,31.756668,712.333652,3.782357,-31.755684,-0.080956
2109.146477,1841.000000,3.775314,31.853819,712.337618,3.782944,-31.852799,-0.085696
2109.095865,1842.000000,3.770343,31.950198,712.324347,3.777420,-31.949283,-0.073449
2109.028531,1843.000000,3.763723,32.046333,712.305756,3.770009,-32.045568,-0.055959
2108.964813,1844.000000,3.757460,32.142516,712.288314,3.763007,-32.141890,-0.039603
2108.917726,1845.000000,3.752838,32.238934,712.276161,3.757880,-32.238404,-0.028458
2108.910575,1846.000000,3.752154,32.335925,712.276709,3.757258,-32.335388,-0.029829
2108.930469,1847.000000,3.754138,32.433309,712.285858,3.759685,-32.432693,-0.039675
2108.929767,1848.000000,3.754091,32.530396,712.288454,3.759789,-32.529756,-0.043065
2108.904431,1849.000000,3.751614,32.627125,712.283214,3.757116,-32.626524,-0.038733
2108.862796,1850.000000,3.747529,32.723614,712.272790,3.752604,-32.723095,-0.029291
2108.811499,1851.000000,3.742492,32.819959,712.259292,3.747003,-32.819547,-0.016820
2108.758044,1852.000000,3.737242,32.916269,712.245106,3.741158,-32.915970,-0.003672
2108.705386,1853.000000,3.732071,33.012586,712.231174,3.735404,-33.012399,0.009228
2108.669033,1854.000000,3.728508,33.109142,712.222425,3.731488,-33.109022,0.017018
2108.685991,1855.000000,3.730202,33.206485,712.230629,3.733584,-33.206296,0.008103
2108.744646,1856.000000,3.736008,33.304452,712.252092,3.740381,-33.304083,-0.013879
2108.780782,1857.000000,3.739594,33.402089,712.266393,3.744639,-33.401600,-0.028803
2108.772173,1858.000000,3.738767,33.499060,712.266462,3.743851,-33.498567,-0.029702
2108.756098,1859.000000,3.737203,33.595919,712.264156,3.742222,-33.595442,-0.028260
2108.745776,1860.000000,3.736207,33.692864,712.263678,3.741241,-33.692388,-0.028620
2108.712649,1861.000000,3.732962,33.789466,712.255947,3.737688,-33.789049,-0.021832
2108.666079,1862.000000,3.728392,33.885861,712.243938,3.732620,-33.885540,-0.010829
2108.633587,1863.000000,3.725210,33.982468,712.236407,3.729139,-33.982205,-0.004237
2108.625823,1864.000000,3.724466,34.079448,712.236738,3.728447,-34.079179,-0.005394
2108.609277,1865.000000,3.722856,34.176296,712.234274,3.726764,-34.176043,-0.003797
2108.567874,1866.000000,3.718795,34.272762,712.223905,3.722278,-34.272591,0.005591
2108.535396,1867.000000,3.715615,34.369362,712.216373,3.718799,-34.369250,0.012182
2108.536373,1868.000000,3.715733,34.466475,712.219479,3.719092,-34.466335,0.008291
2108.548947,1869.000000,3.716995,34.563769,712.226271,3.720692,-34.563570,0.000767
2108.549865,1870.000000,3.717107,34.660884,712.229355,3.720978,-34.660656,-0.003103
2108.529603,1871.000000,3.715131,34.757672,712.225703,3.718876,-34.757470,-0.000335
2108.487784,1872.000000,3.711030,34.854122,712.215195,3.714343,-34.854004,0.009191
2108.534267,1873.000000,3.715635,34.951949,712.232765,3.719767,-34.951684,-0.008955
2108.517896,1874.000000,3.714043,35.048797,712.230347,3.718103,-35.048548,-0.007403
2108.539660,1875.000000,3.716211,35.146243,712.240055,3.720739,-35.145911,-0.017800
2108.488897,1876.000000,3.711228,35.242550,712.226697,3.715198,-35.242324,-0.005466
2108.530210,1877.000000,3.715323,35.340307,712.242619,3.720039,-35.339948,-0.021988
2108.489002,1878.000000,3.711282,35.436762,712.232297,3.715574,-35.436484,-0.012646
2108.456656,1879.000000,3.708115,35.533355,712.224792,3.712110,-35.533136,-0.006081
2108.435451,1880.000000,3.706046,35.630124,712.220829,3.709901,-35.629933,-0.003006
2108.416134,1881.000000,3.704163,35.726922,712.217465,3.707905,-35.726756,-0.000521
2108.398902,1882.000000,3.702486,35.823753,712.214763,3.706144,-35.823605,0.001312
2108.400738,1883.000000,3.702689,35.920889,712.218123,3.706533,-35.920710,-0.002831
2108.421562,1884.000000,3.704764,36.018331,712.227521,3.709063,-36.018073,-0.012922
2108.424031,1885.000000,3.705030,36.115480,712.231081,3.709523,-36.115189,-0.017261
2108.412899,1886.000000,3.703955,36.212410,712.230314,3.708450,-36.212123,-0.017335
2108.437662,1887.000000,3.706418,36.309923,712.240961,3.711424,-36.309545,-0.028658
2108.508027,1888.000000,3.713379,36.408180,712.266110,3.719539,-36.407593,-0.054273
2108.515457,1889.000000,3.714134,36.505418,712.271243,3.720559,-36.504786,-0.060162
2108.538579,1890.000000,3.716436,36.602914,712.281366,3.723348,-36.602196,-0.070969
2108.479692,1891.000000,3.710652,36.699069,712.265404,3.716890,-36.698477,-0.056068
2108.420145,1892.000000,3.704802,36.795208,712.249232,3.710357,-36.794746,-0.040961
2108.415492,1893.000000,3.704365,36.892248,712.250516,3.710014,-36.891772,-0.043057
2108.432071,1894.000000,3.706022,36.989640,712.258553,3.712065,-36.989095,-0.051807
2108.144982,1895.000000,3.677739,37.082003,712.170018,3.679879,-37.082179,0.034614
2107.416066,1897.000000,3.605946,37.264085,711.943837,3.598099,-37.266107,0.255858
2107.130562,1898.000000,3.577843,37.356400,711.855879,3.566120,-37.359139,0.341711
2107.073496,1899.000000,3.572244,37.452512,711.840504,3.559873,-37.455373,0.356034
2107.049345,1900.000000,3.569887,37.549172,711.835585,3.557334,-37.552070,0.360052
2107.006881,1901.000000,3.565727,37.645523,711.824847,3.552732,-37.648505,0.369805
2106.984801,1902.000000,3.563574,37.742214,711.820583,3.550426,-37.745228,0.373178
2106.967588,1903.000000,3.561900,37.838987,711.817863,3.548668,-37.842020,0.375028
2106.938340,1904.000000,3.559042,37.935555,711.811320,3.545554,-37.938639,0.380647
2106.919102,1905.000000,3.557169,38.032292,711.807955,3.543568,-38.035400,0.383133
2106.941356,1906.000000,3.559382,38.129734,711.817769,3.546254,-38.132759,0.372632
2106.970987,1907.000000,3.562322,38.227305,711.829926,3.549771,-38.230227,0.359822
2106.963467,1908.000000,3.561603,38.324244,711.830280,3.549104,-38.327160,0.358644
2106.939764,1909.000000,3.559290,38.420906,711.825492,3.546615,-38.423857,0.362533
2106.957659,1910.000000,3.561074,38.518281,711.833917,3.548810,-38.521161,0.353400
2106.955379,1911.000000,3.560872,38.615312,711.835931,3.548733,-38.618171,0.350585
2106.912332,1912.000000,3.556654,38.711638,711.824994,3.544065,-38.714584,0.360534
2106.874309,1913.000000,3.552931,38.808049,711.815652,3.539963,-38.811068,0.368912
2106.859887,1914.000000,3.551532,38.904868,711.813806,3.538519,-38.907898,0.369901
2106.853373,1915.000000,3.550913,39.001823,711.814471,3.537965,-39.004846,0.368417
2106.806791,1916.000000,3.546347,39.098080,711.802407,3.532899,-39.101198,0.379477
2106.713568,1917.000000,3.537189,39.193517,711.775527,3.522582,-39.196852,0.405138
2106.697920,1918.000000,3.535670,39.290309,711.773287,3.520999,-39.293658,0.406517
2106.777541,1919.000000,3.543532,39.388775,711.801307,3.530144,-39.391892,0.378073
2106.838827,1920.000000,3.549589,39.486925,711.823503,3.537225,-39.489857,0.355369
2106.874315,1921.000000,3.553106,39.584626,711.837504,3.541401,-39.587440,0.340741
2106.879637,1922.000000,3.553652,39.681797,711.841920,3.542180,-39.684572,0.335559
2106.835106,1923.000000,3.549288,39.778083,711.830498,3.537344,-39.780948,0.345987
2106.743248,1924.000000,3.540264,39.873524,711.804041,3.527180,-39.876603,0.371232
2106.671052,1925.000000,3.533176,39.969309,711.783830,3.519229,-39.972550,0.390321
2106.666197,1926.000000,3.532720,40.066294,711.785009,3.518862,-40.069521,0.388331
2106.710597,1927.000000,3.537114,40.164162,711.801831,3.524040,-40.167249,0.370922
2106.765843,1928.000000,3.542576,40.262230,711.822099,3.530441,-40.265147,0.350118
2106.771080,1929.000000,3.543114,40.359402,711.826480,3.531209,-40.362280,0.344971
2106.700579,1930.000000,3.536193,40.455208,711.806800,3.523450,-40.458244,0.363537
2106.609344,1931.000000,3.527231,40.550633,711.780534,3.513355,-40.553881,0.388595
2106.581701,1932.000000,3.524531,40.647205,711.774467,3.510422,-40.650500,0.393745
2106.651229,1933.000000,3.531399,40.745544,711.799264,3.518429,-40.748632,0.368478
2106.727777,1934.000000,3.538959,40.844017,711.826292,3.527228,-40.846881,0.341011
2106.705252,1935.000000,3.536763,40.940688,711.821846,3.524870,-40.943585,0.344563
2106.565641,1936.000000,3.523037,41.035212,711.780206,3.509329,-41.038446,0.384773
2106.416176,1937.000000,3.508343,41.129544,711.735440,3.492679,-41.133141,0.428063
2106.272795,1938.000000,3.494250,41.223976,711.692610,3.476717,-41.227921,0.469445
2106.234134,1939.000000,3.490466,41.320329,711.683037,3.472544,-41.324349,0.478051
2106.290624,1940.000000,3.496048,41.418438,711.703679,3.479081,-41.422286,0.456879
2106.379290,1941.000000,3.504799,41.517150,711.734540,3.489241,-41.520742,0.425635
2106.438453,1942.000000,3.510646,41.615322,711.756031,3.496080,-41.618735,0.403625
2106.414382,1943.000000,3.508297,41.711951,711.751085,3.493548,-41.715401,0.407670
2106.324624,1944.000000,3.499483,41.807352,711.725276,3.483621,-41.811010,0.432278
2106.266307,1945.000000,3.493764,41.903335,711.709452,3.477235,-41.907119,0.447044
2106.279799,1946.000000,3.495114,42.000660,711.716433,3.478932,-42.004384,0.439336
2106.333479,1947.000000,3.500420,42.098742,711.736176,3.485153,-42.102302,0.419049
2106.388012,1948.000000,3.505811,42.196846,711.756190,3.491470,-42.200239,0.398495
2106.443666,1949.000000,3.511312,42.294977,711.776560,3.497914,-42.298200,0.377590
2106.466184,1950.000000,3.513551,42.392487,711.786404,3.500627,-42.395625,0.367059
2106.515493,1951.000000,3.518429,42.490508,711.804758,3.506357,-42.493493,0.348141
2106.450631,1952.000000,3.512064,42.586363,711.786843,3.499232,-42.589491,0.364969
2106.335709,1953.000000,3.500771,42.681259,711.753027,3.486471,-42.684661,0.397468
2106.176916,1954.000000,3.485161,42.775309,711.705280,3.468773,-42.779099,0.443698
2106.058609,1955.000000,3.473537,42.870121,711.670394,3.455634,-42.874193,0.477252
2106.026184,1956.000000,3.470368,42.966572,711.662781,3.452162,-42.970703,0.483927
2106.069629,1957.000000,3.474666,43.064479,711.679259,3.457230,-43.068471,0.466858
2106.096907,1958.000000,3.477373,43.162079,711.690602,3.460478,-43.165975,0.454849
2106.090219,1959.000000,3.476736,43.259026,711.691158,3.459902,-43.262915,0.453473
2106.080455,1960.000000,3.475797,43.355914,711.690736,3.458981,-43.359804,0.453061
2106.071194,1961.000000,3.474908,43.452813,711.690472,3.458116,-43.456701,0.452492
2106.067315,1962.000000,3.474548,43.549815,711.691916,3.457856,-43.553688,0.450240
2106.085687,1963.000000,3.476378,43.647252,711.700425,3.460102,-43.651053,0.441025
2106.140219,1964.000000,3.481768,43.745398,711.720418,3.466417,-43.749031,0.420492
2106.240315,1965.000000,3.491644,43.844442,711.754883,3.477863,-43.847789,0.385695
2106.256564,1966.000000,3.493266,43.941850,711.762716,3.479869,-43.945130,0.377147
2106.147691,1967.000000,3.482570,44.036800,711.730805,3.467790,-44.040338,0.407768
2105.986473,1968.000000,3.466722,44.130711,711.682273,3.449820,-44.134643,0.454773
2105.864365,1969.000000,3.454726,44.225381,711.646165,3.436254,-44.229606,0.489532
2105.933671,1970.000000,3.461569,44.323829,711.670839,3.444231,-44.327849,0.464385
2106.094212,1971.000000,3.477394,44.424093,711.724489,3.462478,-44.427670,0.410680
2106.205924,1972.000000,3.488413,44.523403,711.762636,3.475231,-44.526664,0.372254
2106.208627,1973.000000,3.488701,44.620551,711.766158,3.475712,-44.623780,0.367954
2106.149386,1974.000000,3.482891,44.716463,711.750003,3.469220,-44.719822,0.383048
2106.081643,1975.000000,3.476245,44.812201,711.731147,3.461771,-44.815711,0.400804
2106.029299,1976.000000,3.471114,44.908244,711.717182,3.456055,-44.911864,0.413740
2105.999209,1977.000000,3.468175,45.004729,711.710283,3.452845,-45.008403,0.419711
2105.992207,1978.000000,3.467508,45.101678,711.710716,3.452234,-45.105345,0.418455
2106.033062,1979.000000,3.471551,45.199593,711.726348,3.457009,-45.203129,0.402221
2106.154525,1980.000000,3.483531,45.299143,711.767583,3.470859,-45.302338,0.360751
2106.300585,1981.000000,3.497933,45.399203,711.816636,3.487480,-45.401993,0.311575
2106.366126,1982.000000,3.504409,45.497641,711.840112,3.495037,-45.500236,0.287609
2106.300440,1983.000000,3.497964,45.593414,711.821895,3.487817,-45.596155,0.304735
2106.166653,1984.000000,3.484814,45.687793,711.782044,3.472931,-45.690857,0.343185
2106.050656,1985.000000,3.473416,45.782526,711.747846,3.460049,-45.785866,0.376062
2106.000195,1986.000000,3.468471,45.878592,711.734466,3.454544,-45.882038,0.388421
2105.981469,1987.000000,3.466650,45.975306,711.731164,3.452613,-45.978776,0.390847
2105.943637,1988.000000,3.462948,46.071626,711.721793,3.448531,-46.075170,0.399255
2105.906830,1989.000000,3.459348,46.167965,711.712746,3.444564,-46.171579,0.407344
2105.902112,1990.000000,3.458905,46.264964,711.713890,3.444209,-46.268566,0.405388
2105.920317,1991.000000,3.460720,46.362439,711.722314,3.446434,-46.365969,0.396258
2105.935228,1992.000000,3.462210,46.459847,711.729690,3.448288,-46.463314,0.388160
2105.901673,1993.000000,3.458929,46.556251,711.721671,3.444687,-46.559779,0.395235
2105.844626,1994.000000,3.453336,46.652163,711.706190,3.438442,-46.655815,0.409665
2105.820885,1995.000000,3.451022,46.748766,711.701286,3.435946,-46.752455,0.413671
2105.827519,1996.000000,3.451697,46.846004,711.706028,3.436868,-46.849651,0.408169
2105.853746,1997.000000,3.454301,46.943653,711.716992,3.439996,-46.947207,0.396535
2105.867819,1998.000000,3.455708,47.041051,711.724095,3.441756,-47.044543,0.388706
2105.855767,1999.000000,3.454544,47.137901,711.722898,3.440575,-47.141400,0.389057
2105.813317,2000.000000,3.450388,47.234109,711.712046,3.435972,-47.237694,0.398925
2105.743649,2001.000000,3.443554,47.329740,711.692548,3.428307,-47.333481,0.417315
2105.697328,2002.000000,3.439017,47.425860,711.680465,3.423269,-47.429697,0.428396
2105.675101,2003.000000,3.436852,47.522488,711.676032,3.420943,-47.526358,0.431937
2105.655140,2004.000000,3.434909,47.619164,711.672319,3.418872,-47.623061,0.434770
2105.622503,2005.000000,3.431720,47.715568,711.664578,3.415374,-47.719525,0.441572
2105.579126,2006.000000,3.427473,47.811742,711.653425,3.410668,-47.815787,0.451736
2105.561637,2007.000000,3.425774,47.908466,711.650493,3.408874,-47.912532,0.453799
2105.592081,2008.000000,3.428793,48.006217,711.662781,3.412476,-48.010179,0.440859
2105.622673,2009.000000,3.431826,48.103975,711.675115,3.416094,-48.107833,0.427874
2105.627712,2010.000000,3.432344,48.201186,711.679333,3.416836,-48.205006,0.422889
2105.587219,2011.000000,3.428381,48.297417,711.669090,3.412454,-48.301318,0.432157
2105.499593,2012.000000,3.419780,48.392627,711.643879,3.402768,-48.396731,0.456179
2105.525612,2013.000000,3.422363,48.490291,711.654755,3.405871,-48.494302,0.444631
2105.516316,2014.000000,3.421471,48.587191,711.654416,3.404999,-48.591203,0.444137
2105.536026,2015.000000,3.423433,48.684723,711.663287,3.407392,-48.688658,0.434566
2105.541486,2016.000000,3.423992,48.781946,711.667632,3.408182,-48.785843,0.429456
2105.620286,2017.000000,3.431770,48.880772,711.695267,3.417225,-48.884439,0.401389
2105.646903,2018.000000,3.434412,48.978464,711.706330,3.420396,-48.982037,0.389658
2105.595808,2019.000000,3.429406,49.074457,711.692709,3.414820,-49.078138,0.402255
2105.511281,2020.000000,3.421110,49.169712,711.668470,3.405481,-49.173589,0.425319
2105.487889,2021.000000,3.418830,49.266306,711.663646,3.403024,-49.270219,0.429247
2105.528436,2022.000000,3.422843,49.364308,711.679126,3.407761,-49.368091,0.413160
2105.525968,2023.000000,3.422622,49.461364,711.680945,3.407658,-49.465129,0.410540
2105.475639,2024.000000,3.417692,49.557362,711.667561,3.402169,-49.561233,0.422904
2105.437748,2025.000000,3.413986,49.653632,711.658128,3.398079,-49.657578,0.431375
2105.327878,2026.000000,3.403196,49.748302,711.625836,3.385890,-49.752508,0.462376
2105.234254,2027.000000,3.394007,49.843324,711.598704,3.375529,-49.847749,0.488292
2105.177925,2028.000000,3.388487,49.939171,711.583414,3.369366,-49.943718,0.502535
2105.184038,2029.000000,3.389111,50.036409,711.587949,3.370227,-50.040915,0.497237
2105.272424,2030.000000,3.397830,50.135489,711.618607,3.380346,-50.139742,0.466191
2105.433575,2031.000000,3.413710,50.236210,711.672376,3.398655,-50.240019,0.412366
2105.634034,2032.000000,3.433461,50.337830,711.738638,3.421390,-50.341094,0.346226
2105.848657,2033.000000,3.454611,50.439789,711.809411,3.445725,-50.442469,0.275640
2106.008140,2034.000000,3.470336,50.540523,711.862675,3.463856,-50.542764,0.222311
2106.113913,2035.000000,3.480773,50.640058,711.898877,3.475940,-50.641999,0.185800
