scan_px,center_median_px,center_sigma_px,z_median_mm,z_sigma_mm,valid_fraction,z_valid_fraction,stable
0,2167.506988912821,0.03135766194250414,nan,0.0,0.88,0.0,False
1,2167.57457254827,0.015399799475250772,nan,0.0,0.24,0.0,False
2,2167.6149991750717,0.02281327266814421,nan,0.0,0.66,0.0,False
3,nan,0.0,nan,0.0,0.0,0.0,False
4,nan,0.0,nan,0.0,0.0,0.0,False
5,nan,0.0,nan,0.0,0.0,0.0,False
6,nan,0.0,nan,0.0,0.0,0.0,False
7,nan,0.0,nan,0.0,0.0,0.0,False
8,nan,0.0,nan,0.0,0.0,0.0,False
9,nan,0.0,nan,0.0,0.0,0.0,False
10,nan,0.0,nan,0.0,0.0,0.0,False
11,nan,0.0,nan,0.0,0.0,0.0,False
12,nan,0.0,nan,0.0,0.0,0.0,False
13,nan,0.0,nan,0.0,0.0,0.0,False
14,nan,0.0,nan,0.0,0.0,0.0,False
15,nan,0.0,nan,0.0,0.0,0.0,False
16,nan,0.0,nan,0.0,0.0,0.0,False
17,nan,0.0,nan,0.0,0.0,0.0,False
18,nan,0.0,nan,0.0,0.0,0.0,False
19,2167.21511515975,0.020985333887309842,nan,0.0,0.98,0.0,False
20,nan,0.0,nan,0.0,0.0,0.0,False
21,nan,0.0,nan,0.0,0.0,0.0,False
22,nan,0.0,nan,0.0,0.0,0.0,False
23,nan,0.0,nan,0.0,0.0,0.0,False
24,2167.1607301831245,0.017127910306843127,nan,0.0,1.0,0.0,False
25,2167.0941106565297,0.016688331144425646,nan,0.0,1.0,0.0,False
26,nan,0.0,nan,0.0,0.0,0.0,False
27,2167.0845308080316,0.021430770375400414,nan,0.0,0.98,0.0,False
28,nan,0.0,nan,0.0,0.0,0.0,False
29,2167.0862929560244,0.0234300961007609,nan,0.0,0.8,0.0,False
30,2167.0674513801932,0.021632531687476853,nan,0.0,0.86,0.0,False
31,2167.0335925370455,0.019230339211205812,nan,0.0,0.98,0.0,False
32,2166.9861503723077,0.019007409376937245,nan,0.0,1.0,0.0,False
33,nan,0.0,nan,0.0,0.0,0.0,False
34,nan,0.0,nan,0.0,0.0,0.0,False
35,nan,0.0,nan,0.0,0.0,0.0,False
36,nan,0.0,nan,0.0,0.0,0.0,False
37,nan,0.0,nan,0.0,0.0,0.0,False
38,2167.0043981960043,0.02095459967960146,nan,0.0,0.98,0.0,False
39,nan,0.0,nan,0.0,0.0,0.0,False
40,nan,0.0,nan,0.0,0.0,0.0,False
41,2166.8104598149657,0.013527692901089041,nan,0.0,0.24,0.0,False
42,nan,0.0,nan,0.0,0.0,0.0,False
43,nan,0.0,nan,0.0,0.0,0.0,False
44,2166.673597216606,0.025071860708441383,nan,0.0,0.94,0.0,False
45,2166.6829754412174,0.03194254237004724,nan,0.0,0.34,0.0,False
46,nan,0.0,nan,0.0,0.0,0.0,False
47,nan,0.0,nan,0.0,0.0,0.0,False
48,nan,0.0,nan,0.0,0.0,0.0,False
49,nan,0.0,nan,0.0,0.0,0.0,False
50,nan,0.0,nan,0.0,0.0,0.0,False
51,nan,0.0,nan,0.0,0.0,0.0,False
52,2166.613322213292,0.022202467569576206,nan,0.0,0.72,0.0,False
53,nan,0.0,nan,0.0,0.0,0.0,False
54,nan,0.0,nan,0.0,0.0,0.0,False
55,nan,0.0,nan,0.0,0.0,0.0,False
56,2166.529771119356,0.022976788767665374,nan,0.0,0.36,0.0,False
57,2166.557072788477,0.018568929104239393,nan,0.0,0.24,0.0,False
58,2166.4922173917294,0.029762820903548648,nan,0.0,1.0,0.0,False
59,2166.53596252203,0.021416906113931482,nan,0.0,0.62,0.0,False
60,nan,0.0,nan,0.0,0.0,0.0,False
61,nan,0.0,nan,0.0,0.0,0.0,False
62,2166.594104498625,0.022118263817244226,nan,0.0,0.06,0.0,False
63,nan,0.0,nan,0.0,0.0,0.0,False
64,nan,0.0,nan,0.0,0.0,0.0,False
65,nan,0.0,nan,0.0,0.0,0.0,False
66,nan,0.0,nan,0.0,0.0,0.0,False
67,nan,0.0,nan,0.0,0.0,0.0,False
68,nan,0.0,nan,0.0,0.0,0.0,False
69,nan,0.0,nan,0.0,0.0,0.0,False
70,nan,0.0,nan,0.0,0.0,0.0,False
71,nan,0.0,nan,0.0,0.0,0.0,False
72,2166.1789584308863,0.017045276261514548,nan,0.0,0.54,0.0,False
73,nan,0.0,nan,0.0,0.0,0.0,False
74,nan,0.0,nan,0.0,0.0,0.0,False
75,nan,0.0,nan,0.0,0.0,0.0,False
76,nan,0.0,nan,0.0,0.0,0.0,False
77,nan,0.0,nan,0.0,0.0,0.0,False
78,nan,0.0,nan,0.0,0.0,0.0,False
79,nan,0.0,nan,0.0,0.0,0.0,False
80,2166.2457992359996,0.008475032633941166,nan,0.0,0.16,0.0,False
81,nan,0.0,nan,0.0,0.0,0.0,False
82,nan,0.0,nan,0.0,0.0,0.0,False
83,nan,0.0,nan,0.0,0.0,0.0,False
84,nan,0.0,nan,0.0,0.0,0.0,False
85,nan,0.0,nan,0.0,0.0,0.0,False
86,nan,0.0,nan,0.0,0.0,0.0,False
87,nan,0.0,nan,0.0,0.0,0.0,False
88,nan,0.0,nan,0.0,0.0,0.0,False
89,nan,0.0,nan,0.0,0.0,0.0,False
90,2166.0112559124827,0.04531336231294176,nan,0.0,0.04,0.0,False
91,nan,0.0,nan,0.0,0.0,0.0,False
92,nan,0.0,nan,0.0,0.0,0.0,False
93,nan,0.0,nan,0.0,0.0,0.0,False
94,nan,0.0,nan,0.0,0.0,0.0,False
95,nan,0.0,nan,0.0,0.0,0.0,False
96,2165.844957217574,0.020328994255334572,nan,0.0,0.7,0.0,False
97,nan,0.0,nan,0.0,0.0,0.0,False
98,nan,0.0,nan,0.0,0.0,0.0,False
99,nan,0.0,nan,0.0,0.0,0.0,False
100,nan,0.0,nan,0.0,0.0,0.0,False
101,nan,0.0,nan,0.0,0.0,0.0,False
102,nan,0.0,nan,0.0,0.0,0.0,False
103,2165.7918847352266,0.026491698583010287,nan,0.0,0.48,0.0,False
104,nan,0.0,nan,0.0,0.0,0.0,False
105,nan,0.0,nan,0.0,0.0,0.0,False
106,2165.68097576499,0.0,nan,0.0,0.02,0.0,False
107,2165.5951230823994,0.005788658908728741,nan,0.0,0.04,0.0,False
108,nan,0.0,nan,0.0,0.0,0.0,False
109,2165.505834043026,0.0,nan,0.0,0.02,0.0,False
110,2165.511737972498,0.023578934174770128,nan,0.0,1.0,0.0,False
111,2165.531605809927,0.025050864705649448,nan,0.0,0.84,0.0,False
112,nan,0.0,nan,0.0,0.0,0.0,False
113,nan,0.0,nan,0.0,0.0,0.0,False
114,2165.646502047777,0.024178776517591625,nan,0.0,0.46,0.0,False
115,nan,0.0,nan,0.0,0.0,0.0,False
116,nan,0.0,nan,0.0,0.0,0.0,False
117,2165.59482973814,0.0,nan,0.0,0.02,0.0,False
118,nan,0.0,nan,0.0,0.0,0.0,False
119,nan,0.0,nan,0.0,0.0,0.0,False
120,nan,0.0,nan,0.0,0.0,0.0,False
121,2165.3361828923225,0.019444415240702798,nan,0.0,0.76,0.0,False
122,2165.3859385252,0.0,nan,0.0,0.02,0.0,False
123,2165.4003831744194,0.025296439929495852,nan,0.0,0.86,0.0,False
124,2165.415957659483,0.027159171009261032,nan,0.0,0.7,0.0,False
125,nan,0.0,nan,0.0,0.0,0.0,False
126,nan,0.0,nan,0.0,0.0,0.0,False
127,nan,0.0,nan,0.0,0.0,0.0,False
128,2165.2181337326765,0.030333082663261665,nan,0.0,0.7,0.0,False
129,nan,0.0,nan,0.0,0.0,0.0,False
130,nan,0.0,nan,0.0,0.0,0.0,False
131,2165.2060225605965,0.025146365927771683,nan,0.0,0.92,0.0,False
132,nan,0.0,nan,0.0,0.0,0.0,False
133,nan,0.0,nan,0.0,0.0,0.0,False
134,nan,0.0,nan,0.0,0.0,0.0,False
135,2132.971892672591,0.009327297811301453,0.3746800783075628,0.002933311791936716,1.0,1.0,False
136,2132.999704460686,0.010169195280542807,0.3602870754546643,0.0031981954415152398,1.0,1.0,False
137,2133.016426442191,0.009860518700110748,0.3493825142018636,0.0031012106413388146,1.0,1.0,False
138,2133.003201561165,0.010242854580263623,0.34789738951582194,0.0032214590965848056,1.0,1.0,False
139,2132.9339209906757,0.009997007639501607,0.36404276740171326,0.0031439762765287493,1.0,1.0,False
140,2132.837639130652,0.010156554997034339,0.38867943339585054,0.0031939156079774014,1.0,1.0,False
141,2132.748334109783,0.011787865031887465,0.4111213721927811,0.0037066496007874925,1.0,1.0,False
142,2132.714083865285,0.01337711857012452,0.41625176048506773,0.004206295523814042,1.0,1.0,False
143,2132.7832865193486,0.012173269115129498,0.38885253353606686,0.003828034400094947,1.0,1.0,False
144,2132.8998068720102,0.010148489300285576,0.34657143339211416,0.0031916901337233866,1.0,1.0,False
145,2132.9839566620067,0.009524172880115991,0.3144682363050606,0.0029956053177008536,1.0,1.0,False
146,2132.9782831333578,0.009647238588164195,0.310616574210826,0.0030343311951925543,1.0,1.0,False
147,2132.8853842429817,0.009475987929489258,0.33419991072094035,0.0029802526701295947,1.0,1.0,False
148,2132.7620283961296,0.009185664847074627,0.3673605716457473,0.0028886586609965376,1.0,1.0,False
149,2132.6441843658686,0.008827723499965955,0.3987856952062998,0.002775833451033157,1.0,1.0,False
150,2132.596787303686,0.00853185398036552,0.40805847716711696,0.002682718225320711,1.0,1.0,False
151,2132.6747644394636,0.008918770488563219,0.3779089579946344,0.002804603890548011,1.0,1.0,False
152,2132.6929757893085,0.010537292989620743,0.3665532033823524,0.003313662620131637,1.0,1.0,False
153,2132.635822445154,0.012572125886800551,0.37889799228537413,0.003953402939882773,1.0,1.0,False
154,2132.5335341095924,0.01424360798676838,0.40543544885514393,0.004478650548924946,1.0,1.0,False
155,2132.4836052954197,0.013821654027103772,0.4155091655705405,0.004345831449364386,1.0,1.0,False
156,2132.4313192665577,0.012399450590609165,0.4263246964159748,0.003898520142344305,1.0,1.0,False
157,2132.4717984497547,0.012394262959572884,0.4079743788420842,0.003897073528626232,1.0,1.0,False
158,2132.5116237848997,0.016851544563977056,0.38982993349759454,0.005298858387317692,1.0,1.0,False
159,2132.615999042988,0.012747725817321896,0.3513871847277983,0.004008816044590188,1.0,1.0,False
160,2132.6653188169003,0.011319050380040174,0.33025648208581515,0.0035597405386670047,1.0,1.0,False
161,2132.6545575857162,0.011107268058889558,0.32802119462780865,0.0034931372216690515,1.0,1.0,False
162,2132.615618392825,0.012497617184882069,0.33464858952987697,0.0039302890277341926,1.0,1.0,False
163,2132.572520762682,0.016207254862374322,0.34258458976023576,0.005096755244467893,1.0,1.0,False
164,2132.5596286654472,0.019160889402637264,0.3410226575430215,0.006025595872472721,1.0,1.0,False
165,2132.581003382802,0.021054800891815547,0.3286855919703271,0.006621383726732563,1.0,1.0,False
166,2132.557179123163,0.012233361737177937,0.33056378594619673,0.0038471513832774775,1.0,1.0,False
167,2132.3435461074114,0.01462596782553809,0.3921286120610148,0.00459877224729707,1.0,1.0,False
168,2132.1674383729696,0.01357244738765645,0.44188619346067526,0.004266895870218029,1.0,1.0,False
169,2132.1431435644627,0.013238090266507489,0.4439143599241788,0.004161743670113108,1.0,1.0,False
170,2132.3008854687214,0.014079364226169925,0.3887116747135906,0.004426890661676376,1.0,1.0,False
171,2132.439974218607,0.01567071764609749,0.33936771437646485,0.004927921015674458,1.0,1.0,False
172,2132.4712523967028,0.01571691262126959,0.32392406273055485,0.004942636422624267,1.0,1.0,False
173,2132.458739295602,0.016880878497401938,0.32225262146261,0.0053086684024992855,1.0,1.0,False
174,2132.4437086880207,0.01852870147463914,0.3213739567603966,0.005826859636019554,1.0,1.0,False
175,2132.4242088645697,0.019216392000505362,0.32190182950569124,0.0060430978228438745,1.0,1.0,False
176,2132.391177728772,0.018023210244519427,0.32668598289927786,0.0056677919566952666,1.0,1.0,False
177,2132.365189820528,0.015318357181333253,0.32925624571345224,0.004817129347949554,1.0,1.0,False
178,2132.3908922970295,0.015538742913218835,0.31557247348337114,0.004886597793173081,1.0,1.0,False
179,2132.4175732135773,0.017904285281872143,0.3015816564449665,0.005630716761924915,1.0,1.0,False
180,2132.3702478706837,0.019198301962266486,0.31086561761668463,0.006037498126290464,1.0,1.0,False
181,2132.259379968047,0.018433004838440268,0.34013188522573046,0.005796314185689631,1.0,1.0,False
182,2132.1437387391925,0.017613571827624467,0.37089735152881076,0.005538133312890641,1.0,1.0,False
183,2132.0909957811236,0.01700174498805832,0.38188559791893795,0.00534555527745991,1.0,1.0,False
184,2132.0964471027255,0.015681440689987503,0.3745777672108943,0.004930505775583052,1.0,1.0,False
185,2132.102496832609,0.014007925987099884,0.367082770928846,0.0044043935517643126,1.0,1.0,False
186,2132.082395121455,0.011955365531402265,0.3678113498112907,0.003758997402367673,1.0,1.0,False
187,2132.0072025870904,0.009863027068429108,0.3858620260396606,0.0031009533837757634,1.0,1.0,False
188,2131.9391969088465,0.009780471714015158,0.40165324318400053,0.0030748467095145907,1.0,1.0,False
189,2131.9194143526256,0.010432337025564604,0.4022844572375561,0.003279765571811381,1.0,1.0,False
190,2131.959624905139,0.010534609955093902,0.38405551715970887,0.003312076587410563,1.0,1.0,False
191,2132.071941025555,0.0115860117721834,0.3431552037835104,0.003643045212768891,1.0,1.0,False
192,2132.150205053389,0.014424685752299146,0.3129597234025141,0.004535990035075593,1.0,1.0,False
193,2132.1160636022687,0.016389981067826253,0.3181110095379154,0.005153901848752782,1.0,1.0,False
194,2132.069947693497,0.017969392986515984,0.3270285557022703,0.005650394709879769,1.0,1.0,False
195,2132.0180769115686,0.01749543301415865,0.33775638924549867,0.005501167332719526,1.0,1.0,False
196,2131.9561159648,0.015890361026815538,0.3516574180280827,0.0049962486731057335,1.0,1.0,False
197,2131.883597768843,0.0142784069777634,0.36887807333556566,0.004489171320337754,1.0,1.0,False
198,2131.8604089543223,0.013560730333019936,0.3705900490733711,0.004263494294903349,1.0,1.0,False
199,2131.925463106483,0.01310216750135087,0.3445587696090229,0.004119610153902127,1.0,1.0,False
200,2131.990001793951,0.01276492184161352,0.31868895666644903,0.004013841061382516,1.0,1.0,False
201,2132.0346738174558,0.012377451049146091,0.2990658440788252,0.00389220160986428,1.0,1.0,False
202,2132.0706590749323,0.01131564359474139,0.2821746454323488,0.0035584554269245307,1.0,1.0,False
203,2132.092001967132,0.010465904030677488,0.2698886493840291,0.0032913346451930174,1.0,1.0,False
204,2132.0212712734938,0.00914921997005433,0.28655855107911066,0.002877113748392937,1.0,1.0,False
205,2131.8462508395314,0.008350128308840521,0.33602084335916516,0.0026254458925269062,1.0,1.0,False
206,2131.6284901946783,0.009557729178727556,0.39891292759926955,0.0030045876800485474,1.0,1.0,False
207,2131.5461560189724,0.01631804353640897,0.4192265836016418,0.005129387375475154,1.0,1.0,False
208,2131.6625456809998,0.011049381599708336,0.37707103331359804,0.0034737027272300344,1.0,1.0,False
209,2131.8114317283034,0.0112914223606362,0.3246943902551038,0.0035503086020361764,1.0,1.0,False
210,2131.879054389894,0.013152688968843897,0.2978654013103892,0.004135843582360329,1.0,1.0,False
211,2131.873077042401,0.014186184623077481,0.2941798463907048,0.0044608552535537055,1.0,1.0,False
212,2131.815204076469,0.014729520537172481,0.30681357031409107,0.004631517042412688,1.0,1.0,False
213,2131.75170879066,0.015287236903917457,0.32121558112476123,0.0048066549510377525,1.0,1.0,False
214,2131.6860417723656,0.014955282910646085,0.33630075208549215,0.00470205602245817,1.0,1.0,False
215,2131.5917361974716,0.014448607580701477,0.36038981022272765,0.004542413679132259,1.0,1.0,False
216,2131.494413495064,0.01393896852527918,0.3854265343168777,0.004381856503842118,1.0,1.0,False
217,2131.5446891337633,0.010305811373329072,0.3640638558242699,0.0032399122712933326,1.0,1.0,False
218,2131.641759932041,0.009526532747985603,0.3279886889513932,0.0029952215437747476,1.0,1.0,False
219,2131.6852811425924,0.010330349765916798,0.308748886659032,0.003248113451156589,1.0,1.0,False
220,2131.693817332387,0.01106810620480743,0.30050978479414425,0.003480147669954143,1.0,1.0,False
221,2131.696945786476,0.011490160865722202,0.29397202370711284,0.003612907973823875,1.0,1.0,False
222,2131.702220708132,0.011702444004078721,0.2867603463049022,0.003679714226716524,1.0,1.0,False
223,2131.656726524234,0.012633235724083924,0.2955133496481608,0.003972275676352097,1.0,1.0,False
224,2131.536612853408,0.013991145440856842,0.32772824876678897,0.004398817394936476,1.0,1.0,False
225,2131.4485202878714,0.014272412440261676,0.3498743802584272,0.004486949131875666,1.0,1.0,False
226,2131.3853802531958,0.013314064350901128,0.36417590069743255,0.004185474685067271,1.0,1.0,False
227,2131.3630746901035,0.011539105217774114,0.36564124600778314,0.0036274566989470806,1.0,1.0,False
228,2131.343343257904,0.010809029087191613,0.3662984504092037,0.0033979293259467284,1.0,1.0,False
229,2131.2827764451504,0.01079166970233511,0.37979338780752414,0.003392324589420582,1.0,1.0,False
230,2131.2619004398584,0.01168313424980691,0.38081244336387954,0.0036725261121113195,1.0,1.0,False
231,2131.4016748070717,0.013864390316669296,0.33132993479387096,0.004358785183928948,1.0,1.0,False
232,2131.7567454725504,0.012296982163545033,0.21414001909687386,0.00386728296645633,1.0,1.0,False
233,2131.9790749438107,0.012948493442498425,0.1386701334265581,0.004073039455965362,1.0,1.0,False
234,2132.2208057120442,0.012956772105199786,0.057081654775174684,0.004076573702243713,1.0,1.0,False
235,2132.5413012206554,0.012669695602558397,-0.04931205729781141,0.00398743530462721,1.0,1.0,False
236,2132.703592211008,0.01254271305858655,-0.1059342502400682,0.003948085603406495,1.0,1.0,False
237,2132.7846136912704,0.013500464023630667,-0.13697961881030096,0.004249921065897702,1.0,1.0,False
238,2132.8364618569613,0.013331949643851683,-0.15884203530504237,0.0041971147469141365,1.0,1.0,False
239,2132.8445169851184,0.01281107670037816,-0.16691727846654203,0.004033207759664333,1.0,1.0,False
240,2132.8159132376313,0.012670985868934687,-0.1634505323791018,0.003989044314919209,1.0,1.0,False
241,2132.7764949575067,0.01307872208058378,-0.15657823853172204,0.004117300972947924,1.0,1.0,False
242,2132.744927763939,0.013705221445617779,-0.1521766019600932,0.004314462837333492,1.0,1.0,False
243,2132.726376950741,0.014198251541009703,-0.1518715372776569,0.004469656216701311,1.0,1.0,False
244,2132.7010014802217,0.014170717242124833,-0.1494169939492167,0.004460936957643325,1.0,1.0,False
245,2132.6634572297335,0.013394480144494575,-0.14313075832961886,0.004216480581898839,1.0,1.0,False
246,2132.629775211215,0.01296616589036646,-0.13805938080929536,0.004081565132014945,1.0,1.0,False
247,2132.6082535237074,0.012842344451076003,-0.13681488172562695,0.004042560601466791,1.0,1.0,False
248,2132.6206667274237,0.01214687734315613,-0.14625151296525019,0.0038237228929879964,1.0,1.0,False
249,2132.6543322503567,0.011190682678770731,-0.16237745604769316,0.003522863589361633,1.0,1.0,False
250,2132.6939787715673,0.010916633567268071,-0.1803858274292338,0.0034367486136673976,1.0,1.0,False
251,2132.7128844708204,0.011633096251355921,-0.19186405269732631,0.0036624044172473653,1.0,1.0,False
252,2132.6905684769154,0.012467843441006791,-0.1903636566597129,0.003925177573981435,1.0,1.0,False
253,2132.6414036154747,0.012849729766193094,-0.1804097106995073,0.004045277936442007,1.0,1.0,False
254,2132.5659568458796,0.013356573646999645,-0.16218152505092576,0.004204602850019776,1.0,1.0,False
255,2132.526741027832,0.02812979039425599,-0.1553582514488312,0.00885476974728785,1.0,1.0,False
256,2132.4696337282658,0.014305413237382991,-0.14290224136811958,0.004503011687835879,1.0,1.0,False
257,2132.4255760759115,0.013092620219271175,-0.1345532689148854,0.0041211341611881915,1.0,1.0,False
258,2132.407362997532,0.011838707014735115,-0.1343383562206668,0.0037264136067925334,1.0,1.0,False
259,2132.39894631505,0.011294050280421169,-0.1372059189334891,0.00355499025124507,1.0,1.0,False
260,2132.3866269290447,0.011576647145770346,-0.13884395151006856,0.003643939788942552,1.0,1.0,False
261,2132.381388127804,0.012113146253874496,-0.14270962577450064,0.003812838068648453,1.0,1.0,False
262,2132.3841301202774,0.012607407628405213,-0.1490863458301419,0.003968465044000728,1.0,1.0,False
263,2132.3735219687223,0.012769880985328557,-0.1512597469342154,0.004019615415943559,1.0,1.0,False
264,2132.3388385772705,0.012242071747272563,-0.14585388825776135,0.003853395929081101,1.0,1.0,False
265,2132.280953243375,0.011057274937571273,-0.13314409612144118,0.0034803195726896305,1.0,1.0,False
266,2132.2215444892645,0.010040999922785765,-0.11995430878511115,0.0031603154383761053,1.0,1.0,False
267,2132.174953825772,0.009942226068981751,-0.11079827579379753,0.0031291312513694104,1.0,1.0,False
268,2132.132735274732,0.0104549207298108,-0.1030174763860714,0.0032904089185463543,1.0,1.0,False
269,2132.091094918549,0.01100487061198938,-0.09541779774440329,0.003463398897681638,1.0,1.0,False
270,2132.046739935875,0.011308242795875518,-0.08696295494712558,0.003558774164776382,1.0,1.0,False
271,2132.0259834770113,0.011192772451213645,-0.0859337527513162,0.003522406458615506,1.0,1.0,False
272,2132.0487160030752,0.010763385744741111,-0.09858975542238113,0.0033873828650474035,1.0,1.0,False
273,2132.072638425976,0.010637234540396284,-0.11161949920602865,0.0033477889444432627,1.0,1.0,False
274,2132.059668917209,0.010376943523168269,-0.11303758473638936,0.0032658664269096644,1.0,1.0,False
275,2132.0205976646394,0.010026137843226184,-0.10623985210656883,0.0031553864470251053,1.0,1.0,False
276,2131.979114980437,0.01045791518593832,-0.09868232656288001,0.003291186693457249,1.0,1.0,False
277,2131.957236599177,0.01198747025149975,-0.0972934546729789,0.0037725107372729902,1.0,1.0,False
278,2131.9612618386745,0.013007930709044838,-0.10405552869093526,0.004093712298249443,1.0,1.0,False
279,2131.9856099947356,0.012526876264538566,-0.11721254668049141,0.003942451046314257,1.0,1.0,False
280,2132.019481487572,0.011232927401959063,-0.1333661428720916,0.003535366701832182,1.0,1.0,False
281,2132.0439870152622,0.010289750579351923,-0.14657135980979774,0.0032386286373791615,1.0,1.0,False
282,2132.03615289554,0.010409854865223674,-0.1495969885772297,0.0032764495908816802,1.0,1.0,False
283,2131.989216580987,0.011065541865479799,-0.14031448806690605,0.0034827179854157947,1.0,1.0,False
284,2131.9315904527903,0.011447091981519109,-0.12766688899449719,0.003602659149683953,1.0,1.0,False
285,2131.909947760403,0.011519367587439544,-0.12634327225600828,0.003625375046310825,1.0,1.0,False
286,2131.946062201634,0.01174726355224873,-0.14319619467016764,0.0036972547772514673,1.0,1.0,False
287,2131.975893544033,0.012796583864166012,-0.15807110297419058,0.004027661770312185,1.0,1.0,False
288,2131.968969941139,0.013731097880093582,-0.16137673060393354,0.0043218220643503205,1.0,1.0,False
289,2131.936302278191,0.013339516211598406,-0.15657846520889507,0.004198501016254746,1.0,1.0,False
290,2131.9083495102823,0.011808779111459554,-0.15326316258642692,0.0037166569915491553,1.0,1.0,False
291,2131.8888258188963,0.01037843816213522,-0.15259973974326613,0.0032664595167823697,1.0,1.0,False
292,2131.8620373159647,0.010217595039372777,-0.1496487664559254,0.003215792946622422,1.0,1.0,False
293,2131.8346883654594,0.011097837978084743,-0.1465203637288255,0.0034927901232457135,1.0,1.0,False
294,2131.837152712047,0.011958653792751241,-0.15277395067869293,0.0037637632566763658,1.0,1.0,False
295,2131.8656376302242,0.012257717179741577,-0.16721617038353997,0.003858024693701479,1.0,1.0,False
296,2131.9015739820898,0.012051489159346725,-0.18400313409296132,0.003793276556191311,1.0,1.0,False
297,2131.932521864772,0.011717371881427548,-0.19921944314035045,0.0036882549421990104,1.0,1.0,False
298,2131.950819430873,0.011560696310510264,-0.21045313628707163,0.0036390400719969237,1.0,1.0,False
299,2131.9415094498545,0.01188664759998562,-0.2129956550296015,0.0037416541101400126,1.0,1.0,False
300,2131.8881253562868,0.012263970664259985,-0.20166377667999313,0.0038602872324885245,1.0,1.0,False
301,2131.8071504235268,0.012161261120818102,-0.18164704404085796,0.003827716963839214,1.0,1.0,False
302,2131.739802777767,0.011851361181585992,-0.1659194396374346,0.0037299942284513376,1.0,1.0,False
303,2131.716183707118,0.011552645273108317,-0.1639539139129056,0.003635944266214481,1.0,1.0,False
304,2131.717868208885,0.01119860223358227,-0.16995106964566276,0.0035245654977683477,1.0,1.0,False
305,2131.7193849533796,0.010884454601525604,-0.17589437971088273,0.0034257379580206735,1.0,1.0,False
306,2131.7217145115137,0.010918907454658004,-0.18209246665969658,0.0034366221829427806,1.0,1.0,False
307,2131.7310997992754,0.011207587948825667,-0.1905102676554975,0.0035275432396280567,1.0,1.0,False
308,2131.7363686859608,0.011529982900406214,-0.19763145586648534,0.0036290684485214423,1.0,1.0,False
309,2131.7160538733006,0.011845944100488977,-0.19669909970554045,0.0037284878815186558,1.0,1.0,False
310,2131.650371670723,0.012407837278362975,-0.18148672113716202,0.0039051621973742825,1.0,1.0,False
311,2131.5569898337126,0.013588124609772012,-0.1575565572203459,0.004276333195263656,1.0,1.0,False
312,2131.5401062369347,0.02553327907645831,-0.15770104458999867,0.008035413436146568,1.0,1.0,False
313,2131.467533916235,0.014811090099524542,-0.14031916636935193,0.004660951942875464,1.0,1.0,False
314,2131.3803331404924,0.013684988907732622,-0.11833401908126007,0.004306291455267123,1.0,1.0,False
315,2131.3102312386036,0.01251868994425925,-0.10172955542282125,0.003939083126487115,1.0,1.0,False
316,2131.29833856225,0.012189134643183708,-0.10344029357355566,0.0038353856940121665,1.0,1.0,False
317,2131.345173880458,0.01264990200194738,-0.12362949865206474,0.003980571669526177,1.0,1.0,False
318,2131.399194031954,0.013445426128544553,-0.14607958127453458,0.004231149798562017,1.0,1.0,False
319,2131.4344823360443,0.014227099029969006,-0.16263476135759447,0.004477326147550454,1.0,1.0,False
320,2131.4497476816177,0.014728762035244473,-0.17288795516827804,0.00463531777721834,1.0,1.0,False
321,2131.44674500823,0.014758571301667049,-0.17739099900802557,0.004644742204099525,1.0,1.0,False
322,2131.434735044837,0.013580958910698371,-0.17905822373739966,0.00427412931189401,1.0,1.0,False
323,2131.4285567104816,0.011976996048107407,-0.18255964789619838,0.003769357108406512,1.0,1.0,False
324,2131.4276066571474,0.011379010767341474,-0.1877054160956959,0.003581201259534597,1.0,1.0,False
325,2131.4240533560514,0.011622503293877871,-0.19203081442725534,0.0036578563264849473,1.0,1.0,False
326,2131.4157692939043,0.011912684765809159,-0.19486624423512922,0.003749205389730167,1.0,1.0,False
327,2131.4019661694765,0.012367187069785738,-0.19596359254882145,0.0038922534697351757,1.0,1.0,False
328,2131.3805729448795,0.012719043153240446,-0.19467106775732645,0.004002958415737484,1.0,1.0,False
329,2131.3539633005857,0.012389336744213624,-0.19173576289199445,0.00389913908844143,1.0,1.0,False
330,2131.3236713409424,0.011923819322397122,-0.18764054054628332,0.0037525702523956415,1.0,1.0,False
331,2131.2857379466295,0.011992385791831515,-0.18113950295156656,0.0037740613225963108,1.0,1.0,False
332,2131.2414624542,0.012083276403939693,-0.17264171018558727,0.0038025555105388686,1.0,1.0,False
333,2131.197564922273,0.01171529415016653,-0.16426203660950023,0.0036866479996940666,1.0,1.0,False
334,2131.168575823307,0.01100194926421275,-0.16057291245459737,0.003462115033629047,1.0,1.0,False
335,2131.162308961153,0.010813290434288761,-0.16403299151261308,0.00340276727175599,1.0,1.0,False
336,2131.1633152365685,0.011491765989379486,-0.169780726913757,0.0036163113382612316,1.0,1.0,False
337,2131.160911463201,0.012006416216019436,-0.1744542953126711,0.003778297263979712,1.0,1.0,False
338,2131.164317138493,0.011754386466545185,-0.18095497810418237,0.003699036962673163,1.0,1.0,False
339,2131.166906476021,0.011070771932408215,-0.1871977219306018,0.003483961029568493,1.0,1.0,False
340,2131.1657797917724,0.010574743472703348,-0.19226998006456597,0.0033278975536341804,1.0,1.0,False
341,2131.1515566781163,0.010636456190834533,-0.19321968090446262,0.0033473129902032678,1.0,1.0,False
342,2131.114871300757,0.010841914076046573,-0.1870994597952631,0.0034118919342485676,1.0,1.0,False
343,2131.0605708081275,0.010885437891758564,-0.1754350879092499,0.0034254608666022036,1.0,1.0,False
344,2130.999574003654,0.011084311686523235,-0.16166297845381905,0.0034878899004590898,1.0,1.0,False
345,2130.9476752709597,0.012084914172069694,-0.1507531916020639,0.00380261191068433,1.0,1.0,False
346,2130.9150273650885,0.01356111751054399,-0.14589998946837568,0.004267029635116366,1.0,1.0,False
347,2130.8905974105,0.014843999428177304,-0.14363154845801773,0.004670635057485634,1.0,1.0,False
348,2130.855641424656,0.01521674359038763,-0.13805009292485693,0.004787818099400637,1.0,1.0,False
349,2130.8142276778817,0.014596907283473397,-0.13043583664284597,0.004592675911475201,1.0,1.0,False
350,2130.77977348119,0.013512300450755388,-0.12501036723500647,0.0042513386194654645,1.0,1.0,False
351,2130.757202617824,0.012782629060552443,-0.12332269375417582,0.004021729028067832,1.0,1.0,False
352,2130.76012147218,0.012726934574173697,-0.12965364759389786,0.004004264734820298,1.0,1.0,False
353,2130.7800114154816,0.012976065951847447,-0.14132326301103149,0.004082769678950349,1.0,1.0,False
354,2130.800517462194,0.01263458268368847,-0.15318591470844467,0.003975445866989981,1.0,1.0,False
355,2130.81514660269,0.011656171927509614,-0.1631985572363419,0.003667682900060101,1.0,1.0,False
356,2130.827008150518,0.010817381607373526,-0.1723394365784543,0.0034038247457610455,1.0,1.0,False
357,2130.83942245692,0.01081782850553912,-0.18165330448027817,0.003404035985878574,1.0,1.0,False
358,2130.8451352491975,0.01178875450773492,-0.18885743659751597,0.003709618104842032,1.0,1.0,False
359,2130.8282213658094,0.012847399445248217,-0.18894048736973446,0.004042733620195632,1.0,1.0,False
360,2130.7794155851007,0.013056512890520889,-0.17898711950130064,0.004108408723909489,1.0,1.0,False
361,2130.727513551712,0.012599859276752058,-0.16805877518117995,0.003964579893256043,1.0,1.0,False
362,2130.70008058846,0.011760218331348176,-0.16482878541023638,0.0037003349784204675,1.0,1.0,False
363,2130.681307733059,0.011204379288060598,-0.1643225943664106,0.0035254223947727356,1.0,1.0,False
364,2130.6414622217417,0.011260246491480769,-0.15718500264688373,0.0035429123055231476,1.0,1.0,False
365,2130.5917231738567,0.012007342716951476,-0.14693373005957255,0.0037778481594316605,1.0,1.0,False
366,2130.5801911354065,0.012427242509875126,-0.14870247659382585,0.003909959475809554,1.0,1.0,False
367,2130.597256079316,0.012230026128651967,-0.15946760335123145,0.0038480036480231625,1.0,1.0,False
368,2130.5904285013676,0.012293099425283836,-0.1627143205713537,0.003867865276983299,1.0,1.0,False
369,2130.556508421898,0.012958232843913944,-0.1574357055993687,0.004077060550562978,1.0,1.0,False
370,2130.5336556583643,0.013537267525677181,-0.1556381717617228,0.004259204332296162,1.0,1.0,False
371,2130.5325622707605,0.013454751691952144,-0.16068565213390684,0.004233286996257579,1.0,1.0,False
372,2130.530773550272,0.013247630463647195,-0.16551327824959117,0.004168160139241087,1.0,1.0,False
373,2130.5387660861015,0.01350759380426294,-0.17341737383242162,0.004250030408998522,1.0,1.0,False
374,2130.5298867821693,0.014822347412251108,-0.17601187224818204,0.0046637318422175725,1.0,1.0,False
375,2130.5537746548653,0.01819034816662735,-0.1889153105347532,0.005723555100580765,1.0,1.0,False
376,2130.4922530800104,0.014820004400729196,-0.17494404799799668,0.004662937164756121,1.0,1.0,False
377,2130.4493224471807,0.013500036911420371,-0.16682153278156875,0.004247502166731664,1.0,1.0,False
378,2130.4861007779837,0.013464952625508947,-0.18377703042187932,0.0042366485513672305,1.0,1.0,False
379,2130.553972661495,0.02896658370745742,-0.2105159833495236,0.009114617784716556,1.0,1.0,False
380,2130.545284420252,0.014140515116957167,-0.21316399422511267,0.004449548357817261,1.0,1.0,False
381,2130.522180005908,0.015298395797567711,-0.21127463865684604,0.004813841481124296,1.0,1.0,False
382,2130.5306421220303,0.021792147626629725,-0.2193170374886222,0.006857224403066493,1.0,1.0,False
383,2130.519965529442,0.017730235012648175,-0.22133604085996694,0.005579131568959387,1.0,1.0,False
384,2130.518041998148,0.01894932744121212,-0.2261082554400673,0.005962823833439273,1.0,1.0,False
385,2130.5209755003452,0.018058266002735295,-0.2324077702538716,0.005682490210552871,1.0,1.0,False
386,2130.5227630734444,0.01702598795751458,-0.23834563230889216,0.005357715760374007,1.0,1.0,False
387,2130.5126425921917,0.016266326881263782,-0.2405351832704241,0.005118692325403022,1.0,1.0,False
388,2130.46512940526,0.015530076235659582,-0.23095704728245892,0.00488685208192162,1.0,1.0,False
389,2130.4027388095856,0.014188946270901923,-0.21669684503461895,0.004464632946312223,1.0,1.0,False
390,2130.357329517603,0.013129655713421,-0.20777930621324003,0.0041312042565381036,1.0,1.0,False
391,2130.3361685723066,0.013134363113353007,-0.20649048049642715,0.0041326623309057165,1.0,1.0,False
392,2130.3099144101143,0.01313278929634408,-0.20359802399121918,0.00413211827912329,1.0,1.0,False
393,2130.276169449091,0.012716681400787373,-0.19834763458516136,0.00400110687443124,1.0,1.0,False
394,2130.23183722049,0.011548757873324895,-0.18976521988025752,0.003633529017176642,1.0,1.0,False
395,2130.171771109104,0.009738068026506038,-0.17623187783073035,0.0030637147632069134,1.0,1.0,False
396,2130.1403105333447,0.00968652025474217,-0.1716974289179234,0.0030474410612931864,1.0,1.0,False
397,nan,0.0,nan,0.0,0.0,0.0,False
398,nan,0.0,nan,0.0,0.0,0.0,False
399,nan,0.0,nan,0.0,0.0,0.0,False
400,nan,0.0,nan,0.0,0.0,0.0,False
401,nan,0.0,nan,0.0,0.0,0.0,False
402,nan,0.0,nan,0.0,0.0,0.0,False
403,nan,0.0,nan,0.0,0.0,0.0,False
404,nan,0.0,nan,0.0,0.0,0.0,False
405,nan,0.0,nan,0.0,0.0,0.0,False
406,nan,0.0,nan,0.0,0.0,0.0,False
407,nan,0.0,nan,0.0,0.0,0.0,False
408,nan,0.0,nan,0.0,0.0,0.0,False
409,nan,0.0,nan,0.0,0.0,0.0,False
410,nan,0.0,nan,0.0,0.0,0.0,False
411,nan,0.0,nan,0.0,0.0,0.0,False
412,nan,0.0,nan,0.0,0.0,0.0,False
413,nan,0.0,nan,0.0,0.0,0.0,False
414,nan,0.0,nan,0.0,0.0,0.0,False
415,nan,0.0,nan,0.0,0.0,0.0,False
416,nan,0.0,nan,0.0,0.0,0.0,False
417,nan,0.0,nan,0.0,0.0,0.0,False
418,nan,0.0,nan,0.0,0.0,0.0,False
419,nan,0.0,nan,0.0,0.0,0.0,False
420,nan,0.0,nan,0.0,0.0,0.0,False
421,nan,0.0,nan,0.0,0.0,0.0,False
422,nan,0.0,nan,0.0,0.0,0.0,False
423,nan,0.0,nan,0.0,0.0,0.0,False
424,nan,0.0,nan,0.0,0.0,0.0,False
425,nan,0.0,nan,0.0,0.0,0.0,False
426,nan,0.0,nan,0.0,0.0,0.0,False
427,nan,0.0,nan,0.0,0.0,0.0,False
428,nan,0.0,nan,0.0,0.0,0.0,False
429,nan,0.0,nan,0.0,0.0,0.0,False
430,nan,0.0,nan,0.0,0.0,0.0,False
431,nan,0.0,nan,0.0,0.0,0.0,False
432,nan,0.0,nan,0.0,0.0,0.0,False
433,nan,0.0,nan,0.0,0.0,0.0,False
434,nan,0.0,nan,0.0,0.0,0.0,False
435,nan,0.0,nan,0.0,0.0,0.0,False
436,nan,0.0,nan,0.0,0.0,0.0,False
437,nan,0.0,nan,0.0,0.0,0.0,False
438,nan,0.0,nan,0.0,0.0,0.0,False
439,nan,0.0,nan,0.0,0.0,0.0,False
440,nan,0.0,nan,0.0,0.0,0.0,False
441,nan,0.0,nan,0.0,0.0,0.0,False
442,nan,0.0,nan,0.0,0.0,0.0,False
443,nan,0.0,nan,0.0,0.0,0.0,False
444,nan,0.0,nan,0.0,0.0,0.0,False
445,nan,0.0,nan,0.0,0.0,0.0,False
446,nan,0.0,nan,0.0,0.0,0.0,False
447,nan,0.0,nan,0.0,0.0,0.0,False
448,nan,0.0,nan,0.0,0.0,0.0,False
449,nan,0.0,nan,0.0,0.0,0.0,False
450,nan,0.0,nan,0.0,0.0,0.0,False
451,nan,0.0,nan,0.0,0.0,0.0,False
452,nan,0.0,nan,0.0,0.0,0.0,False
453,nan,0.0,nan,0.0,0.0,0.0,False
454,nan,0.0,nan,0.0,0.0,0.0,False
455,nan,0.0,nan,0.0,0.0,0.0,False
456,nan,0.0,nan,0.0,0.0,0.0,False
457,nan,0.0,nan,0.0,0.0,0.0,False
458,nan,0.0,nan,0.0,0.0,0.0,False
459,nan,0.0,nan,0.0,0.0,0.0,False
460,nan,0.0,nan,0.0,0.0,0.0,False
461,nan,0.0,nan,0.0,0.0,0.0,False
462,nan,0.0,nan,0.0,0.0,0.0,False
463,nan,0.0,nan,0.0,0.0,0.0,False
464,nan,0.0,nan,0.0,0.0,0.0,False
465,nan,0.0,nan,0.0,0.0,0.0,False
466,nan,0.0,nan,0.0,0.0,0.0,False
467,nan,0.0,nan,0.0,0.0,0.0,False
468,nan,0.0,nan,0.0,0.0,0.0,False
469,nan,0.0,nan,0.0,0.0,0.0,False
470,nan,0.0,nan,0.0,0.0,0.0,False
471,nan,0.0,nan,0.0,0.0,0.0,False
472,nan,0.0,nan,0.0,0.0,0.0,False
473,nan,0.0,nan,0.0,0.0,0.0,False
474,nan,0.0,nan,0.0,0.0,0.0,False
475,nan,0.0,nan,0.0,0.0,0.0,False
476,nan,0.0,nan,0.0,0.0,0.0,False
477,nan,0.0,nan,0.0,0.0,0.0,False
478,nan,0.0,nan,0.0,0.0,0.0,False
479,nan,0.0,nan,0.0,0.0,0.0,False
480,nan,0.0,nan,0.0,0.0,0.0,False
481,nan,0.0,nan,0.0,0.0,0.0,False
482,nan,0.0,nan,0.0,0.0,0.0,False
483,nan,0.0,nan,0.0,0.0,0.0,False
484,nan,0.0,nan,0.0,0.0,0.0,False
485,nan,0.0,nan,0.0,0.0,0.0,False
486,nan,0.0,nan,0.0,0.0,0.0,False
487,nan,0.0,nan,0.0,0.0,0.0,False
488,nan,0.0,nan,0.0,0.0,0.0,False
489,nan,0.0,nan,0.0,0.0,0.0,False
490,nan,0.0,nan,0.0,0.0,0.0,False
491,nan,0.0,nan,0.0,0.0,0.0,False
492,nan,0.0,nan,0.0,0.0,0.0,False
493,nan,0.0,nan,0.0,0.0,0.0,False
494,nan,0.0,nan,0.0,0.0,0.0,False
495,nan,0.0,nan,0.0,0.0,0.0,False
496,nan,0.0,nan,0.0,0.0,0.0,False
497,nan,0.0,nan,0.0,0.0,0.0,False
498,nan,0.0,nan,0.0,0.0,0.0,False
499,nan,0.0,nan,0.0,0.0,0.0,False
500,nan,0.0,nan,0.0,0.0,0.0,False
501,nan,0.0,nan,0.0,0.0,0.0,False
502,nan,0.0,nan,0.0,0.0,0.0,False
503,nan,0.0,nan,0.0,0.0,0.0,False
504,nan,0.0,nan,0.0,0.0,0.0,False
505,nan,0.0,nan,0.0,0.0,0.0,False
506,nan,0.0,nan,0.0,0.0,0.0,False
507,nan,0.0,nan,0.0,0.0,0.0,False
508,nan,0.0,nan,0.0,0.0,0.0,False
509,nan,0.0,nan,0.0,0.0,0.0,False
510,nan,0.0,nan,0.0,0.0,0.0,False
511,nan,0.0,nan,0.0,0.0,0.0,False
512,nan,0.0,nan,0.0,0.0,0.0,False
513,nan,0.0,nan,0.0,0.0,0.0,False
514,nan,0.0,nan,0.0,0.0,0.0,False
515,nan,0.0,nan,0.0,0.0,0.0,False
516,nan,0.0,nan,0.0,0.0,0.0,False
517,nan,0.0,nan,0.0,0.0,0.0,False
518,nan,0.0,nan,0.0,0.0,0.0,False
519,nan,0.0,nan,0.0,0.0,0.0,False
520,nan,0.0,nan,0.0,0.0,0.0,False
521,nan,0.0,nan,0.0,0.0,0.0,False
522,nan,0.0,nan,0.0,0.0,0.0,False
523,nan,0.0,nan,0.0,0.0,0.0,False
524,nan,0.0,nan,0.0,0.0,0.0,False
525,nan,0.0,nan,0.0,0.0,0.0,False
526,nan,0.0,nan,0.0,0.0,0.0,False
527,nan,0.0,nan,0.0,0.0,0.0,False
528,nan,0.0,nan,0.0,0.0,0.0,False
529,nan,0.0,nan,0.0,0.0,0.0,False
530,nan,0.0,nan,0.0,0.0,0.0,False
531,nan,0.0,nan,0.0,0.0,0.0,False
532,nan,0.0,nan,0.0,0.0,0.0,False
533,nan,0.0,nan,0.0,0.0,0.0,False
534,nan,0.0,nan,0.0,0.0,0.0,False
535,nan,0.0,nan,0.0,0.0,0.0,False
536,nan,0.0,nan,0.0,0.0,0.0,False
537,nan,0.0,nan,0.0,0.0,0.0,False
538,nan,0.0,nan,0.0,0.0,0.0,False
539,nan,0.0,nan,0.0,0.0,0.0,False
540,nan,0.0,nan,0.0,0.0,0.0,False
541,nan,0.0,nan,0.0,0.0,0.0,False
542,nan,0.0,nan,0.0,0.0,0.0,False
543,nan,0.0,nan,0.0,0.0,0.0,False
544,nan,0.0,nan,0.0,0.0,0.0,False
545,nan,0.0,nan,0.0,0.0,0.0,False
546,nan,0.0,nan,0.0,0.0,0.0,False
547,nan,0.0,nan,0.0,0.0,0.0,False
548,nan,0.0,nan,0.0,0.0,0.0,False
549,nan,0.0,nan,0.0,0.0,0.0,False
550,nan,0.0,nan,0.0,0.0,0.0,False
551,nan,0.0,nan,0.0,0.0,0.0,False
552,nan,0.0,nan,0.0,0.0,0.0,False
553,nan,0.0,nan,0.0,0.0,0.0,False
554,nan,0.0,nan,0.0,0.0,0.0,False
555,nan,0.0,nan,0.0,0.0,0.0,False
556,nan,0.0,nan,0.0,0.0,0.0,False
557,nan,0.0,nan,0.0,0.0,0.0,False
558,nan,0.0,nan,0.0,0.0,0.0,False
559,nan,0.0,nan,0.0,0.0,0.0,False
560,nan,0.0,nan,0.0,0.0,0.0,False
561,nan,0.0,nan,0.0,0.0,0.0,False
562,nan,0.0,nan,0.0,0.0,0.0,False
563,nan,0.0,nan,0.0,0.0,0.0,False
564,nan,0.0,nan,0.0,0.0,0.0,False
565,nan,0.0,nan,0.0,0.0,0.0,False
566,nan,0.0,nan,0.0,0.0,0.0,False
567,nan,0.0,nan,0.0,0.0,0.0,False
568,nan,0.0,nan,0.0,0.0,0.0,False
569,nan,0.0,nan,0.0,0.0,0.0,False
570,nan,0.0,nan,0.0,0.0,0.0,False
571,nan,0.0,nan,0.0,0.0,0.0,False
572,2127.665524214506,0.02238526470495992,-0.319485854795289,0.007040336652670002,0.98,0.98,False
573,nan,0.0,nan,0.0,0.0,0.0,False
574,nan,0.0,nan,0.0,0.0,0.0,False
575,nan,0.0,nan,0.0,0.0,0.0,False
576,nan,0.0,nan,0.0,0.0,0.0,False
577,nan,0.0,nan,0.0,0.0,0.0,False
578,nan,0.0,nan,0.0,0.0,0.0,False
579,nan,0.0,nan,0.0,0.0,0.0,False
580,nan,0.0,nan,0.0,0.0,0.0,False
581,nan,0.0,nan,0.0,0.0,0.0,False
582,nan,0.0,nan,0.0,0.0,0.0,False
583,nan,0.0,nan,0.0,0.0,0.0,False
584,nan,0.0,nan,0.0,0.0,0.0,False
585,nan,0.0,nan,0.0,0.0,0.0,False
586,nan,0.0,nan,0.0,0.0,0.0,False
587,nan,0.0,nan,0.0,0.0,0.0,False
588,nan,0.0,nan,0.0,0.0,0.0,False
589,nan,0.0,nan,0.0,0.0,0.0,False
590,nan,0.0,nan,0.0,0.0,0.0,False
591,nan,0.0,nan,0.0,0.0,0.0,False
592,nan,0.0,nan,0.0,0.0,0.0,False
593,nan,0.0,nan,0.0,0.0,0.0,False
594,nan,0.0,nan,0.0,0.0,0.0,False
595,nan,0.0,nan,0.0,0.0,0.0,False
596,nan,0.0,nan,0.0,0.0,0.0,False
597,nan,0.0,nan,0.0,0.0,0.0,False
598,nan,0.0,nan,0.0,0.0,0.0,False
599,nan,0.0,nan,0.0,0.0,0.0,False
600,2126.977734366432,0.004731285189468413,-0.2472720820139216,0.0014875688673368073,0.16,0.16,False
601,2127.0071901739575,0.008991545948940118,-0.2616615633063475,0.0028271323963538868,1.0,1.0,False
602,2127.001353722706,0.012044341270272638,-0.2649534706729355,0.003787018459888934,1.0,1.0,False
603,2126.9910002644174,0.01389471447594675,-0.26682397599410024,0.004368844045255231,1.0,1.0,False
604,2127.0215071067214,0.013337425697176046,-0.28154105587856293,0.004193783690993233,1.0,1.0,False
605,2127.034092037007,0.012890865716712394,-0.2906220217971054,0.004053452418209076,1.0,1.0,False
606,2127.002416593372,0.013042395323730875,-0.2857845995323487,0.004101020689019075,1.0,1.0,False
607,2126.960981817916,0.013220455320647287,-0.2778774993124671,0.004156897026701219,1.0,1.0,False
608,2126.9339717142284,0.013263220645981762,-0.27450494014800597,0.004170285977672527,1.0,1.0,False
609,2126.9178384058177,0.01347892023818814,-0.274551199346206,0.004238091689762787,1.0,1.0,False
610,2126.895348109305,0.01377335535455667,-0.27259753340649695,0.0043306239127926475,1.0,1.0,False
611,2126.844426512718,0.01380735565243486,-0.26170354535560136,0.004341156364351415,1.0,1.0,False
612,2126.764123044908,0.014263927802574048,-0.24157131991813685,0.004484432772377221,1.0,1.0,False
613,2126.7089861780405,0.016101193470278056,-0.229351007457808,0.005061863593643419,1.0,1.0,False
614,2126.7295485287905,0.0170961971033196,-0.24092816685572416,0.005374836357740657,1.0,1.0,False
615,2126.7759460434318,0.017045885073433714,-0.2606270594949365,0.005359299806114376,1.0,1.0,False
616,2126.8122442364693,0.01636301551934453,-0.27715033549935697,0.005144818413180489,1.0,1.0,False
617,2126.8328491300344,0.014981882239002823,-0.28873868118819246,0.004710706941114352,1.0,1.0,False
618,2126.835071258247,0.013634313925503865,-0.29454601235920563,0.004287054555530178,1.0,1.0,False
619,2126.8247486278415,0.012267695030577463,-0.2964077565750358,0.003857353484576437,1.0,1.0,False
620,2126.808027304709,0.010971170620657883,-0.2962563990026865,0.0034496684225603083,1.0,1.0,False
621,2126.791093222797,0.009799091945812305,-0.2960369948176549,0.0030811168638661787,1.0,1.0,False
622,2126.761742502451,0.009189969807712953,-0.29191233409272854,0.002889544360188338,1.0,1.0,False
623,2126.700258359313,0.009445313376918474,-0.27768339411267107,0.0029696990948996516,1.0,1.0,False
624,2126.633245959878,0.01050567766880328,-0.2617159326328533,0.0033029265234247075,1.0,1.0,False
625,2126.613347157836,0.011564476164524622,-0.26055999750747105,0.0036357815609568025,1.0,1.0,False
626,2126.6533109098673,0.011493166127684556,-0.27822360625481224,0.0036135289951606505,1.0,1.0,False
627,2126.6822381168604,0.011692520195338023,-0.2924167097074246,0.0036763415896761817,1.0,1.0,False
628,2126.6725643128157,0.012453162427841771,-0.29447203245916853,0.003915506096105961,1.0,1.0,False
629,2126.645494118333,0.012697435328801061,-0.29105647876218654,0.003992258438130037,1.0,1.0,False
630,2126.6202993243933,0.012108997428121257,-0.28822947839097424,0.003807199071671007,1.0,1.0,False
631,2126.596288025379,0.011099524262711958,-0.2857734698973786,0.0034897725830145333,1.0,1.0,False
632,2126.571499109268,0.010456626357560225,-0.2830718594229893,0.00328759997054306,1.0,1.0,False
633,2126.548390224576,0.010802288880224229,-0.2808973407570079,0.0033962446373191116,1.0,1.0,False
634,2126.5106306672096,0.01199020385539964,-0.2741155948169762,0.003769645809847916,1.0,1.0,False
635,2126.4615967571735,0.028241063821373643,-0.26378839688379685,0.008878726808388826,1.0,1.0,False
636,2126.4918631762266,0.014069577078241382,-0.2783911572720399,0.0044233717667055686,1.0,1.0,False
637,2126.483732447028,0.01352489867360485,-0.28092114741792784,0.0042521403472857155,1.0,1.0,False
638,2126.440981179476,0.021445020027968546,-0.2725655598594585,0.006742165477696578,1.0,1.0,False
639,2126.4604226350784,0.011554282077526016,-0.2837616841458157,0.003632615274577097,1.0,1.0,False
640,2126.4355844557285,0.027316951550143714,-0.2810354692934993,0.00858847712336859,1.0,1.0,False
641,2126.4733316749334,0.012513945375293165,-0.2979848421722977,0.003934450691220719,1.0,1.0,False
642,2126.4473382234573,0.013963029455534862,-0.2948929561204068,0.0043900231614198044,1.0,1.0,False
643,2126.424846366048,0.015001581220083228,-0.2929008643519637,0.004716506504791174,1.0,1.0,False
644,2126.382415756583,0.014545659324110812,-0.2846390272937924,0.004573039907737583,1.0,1.0,False
645,2126.350827947259,0.013570242521421534,-0.279785094145268,0.004266297435291393,1.0,1.0,False
646,2126.3535777032375,0.013016614988165653,-0.28572531413453817,0.004092293078725499,1.0,1.0,False
647,2126.3739465028048,0.01296587721462042,-0.29720379389561913,0.004076454742192167,1.0,1.0,False
648,2126.3770448714495,0.013335129287310891,-0.30325149376272975,0.0041926100196290565,1.0,1.0,False
649,2126.353935942054,0.013750042042803284,-0.30105843534011,0.0043230122268535865,1.0,1.0,False
650,2126.3247411996126,0.013994307507435712,-0.29695089924308604,0.004399732625538782,1.0,1.0,False
651,2126.3091249465942,0.013802082729797716,-0.2971112534316944,0.004339282654623075,1.0,1.0,False
652,2126.305598407984,0.013444884502372441,-0.3010713900296196,0.004227012347863402,1.0,1.0,False
653,2126.304998770356,0.013164739729213882,-0.30595060066588076,0.004138975677208971,1.0,1.0,False
654,2126.305380061269,0.01283269125070756,-0.3111370934356046,0.0040346265700531994,1.0,1.0,False
655,2126.3121917545795,0.012563680060227712,-0.3183442326690624,0.00395011498854084,1.0,1.0,False
656,2126.303382232785,0.012480353465442014,-0.3206388263055828,0.003923922269480411,1.0,1.0,False
657,2126.2704764157534,0.01295972074704429,-0.31535623256814915,0.004074566271203154,1.0,1.0,False
658,2126.2335618510842,0.01360852611391601,-0.3088122656515111,0.004278455712655517,1.0,1.0,False
659,2126.206764511764,0.013774656984354759,-0.3054480715703676,0.004330629547266019,1.0,1.0,False
660,2126.1988690420985,0.013123225422418495,-0.3080253419361725,0.004125834542252629,1.0,1.0,False
661,2126.191204853356,0.01191157020100214,-0.3106741687641943,0.003744925270107096,1.0,1.0,False
662,2126.1841183379292,0.01084662144965006,-0.3135034569834829,0.0034101253287439457,1.0,1.0,False
663,2126.1720974445343,0.01016703945829548,-0.31478024070611355,0.0031964708756341467,1.0,1.0,False
664,2126.154281847179,0.00996120719203867,-0.31423403916187453,0.0031317397996246036,1.0,1.0,False
665,2126.1218564994633,0.010469847451094336,-0.309093525570006,0.003291588326209718,1.0,1.0,False
666,2126.0829302445054,0.011086133554495716,-0.3019082048418227,0.0034852595250854075,1.0,1.0,False
667,2126.063243057579,0.011047515038871383,-0.30077021848745744,0.003473095141461865,1.0,1.0,False
668,2126.0461410284042,0.010425320595331147,-0.3004437992993303,0.003277479926056846,1.0,1.0,False
669,2126.0205916594714,0.009871478986111812,-0.29746060057448176,0.003103324689254982,1.0,1.0,False
670,2125.9951347124297,0.010229830035270553,-0.2945053462534588,0.0032159353773616207,1.0,1.0,False
671,2125.9928073924966,0.011510619040766175,-0.29882020685084854,0.003618608325973803,1.0,1.0,False
672,2126.0271213371307,0.012355186289876512,-0.3146531964284236,0.0038842724957394758,1.0,1.0,False
673,2126.0794298686087,0.012190709329147566,-0.33614312783464584,0.003832785061702242,1.0,1.0,False
674,2126.1097703762352,0.011912395530140006,-0.35072591860927105,0.0037454280389369113,1.0,1.0,False
675,2126.0882144272327,0.012062676841363973,-0.3489907993874226,0.0037926405805315602,1.0,1.0,False
676,2126.071749869734,0.012826994402974435,-0.3488553274611377,0.004032924987445311,1.0,1.0,False
677,2126.0622426774353,0.013514803058725816,-0.3509061658211863,0.004249190881227179,1.0,1.0,False
678,2126.04038259387,0.013801677141330937,-0.3490719652383518,0.004339354634894324,1.0,1.0,False
679,2126.0015481822193,0.014009959897950432,-0.34189984225957915,0.004404738119507608,1.0,1.0,False
680,2125.9780951589346,0.014291988226854678,-0.33956260020937634,0.00449336359445782,1.0,1.0,False
681,2125.976512307301,0.014829539536440228,-0.3441001604180087,0.004662419288770128,1.0,1.0,False
682,2125.9425260107964,0.0148987002382234,-0.3384489758216205,0.004684074777981402,1.0,1.0,False
683,2125.861115321517,0.013724098111208024,-0.31788741039071056,0.004314518590023156,1.0,1.0,False
684,2125.7612982466817,0.01228933695220787,-0.29153994468441624,0.0038631646328891643,1.0,1.0,False
685,2125.6567643880844,0.011942872698286425,-0.26371088928709696,0.0037539402367393723,1.0,1.0,False
686,2125.6053712517023,0.011583304454751614,-0.25258550220127063,0.0036407893970524636,1.0,1.0,False
687,2125.644610121846,0.010793622355211465,-0.26994634595325806,0.003392729748203406,1.0,1.0,False
688,2125.657113224268,0.010902288646160054,-0.2789026948170772,0.0034269621346963135,1.0,1.0,False
689,2125.6445529162884,0.011488211625481139,-0.27997967617784525,0.0036111344063105063,1.0,1.0,False
690,2125.648504897952,0.012027700685106606,-0.28624590087241586,0.0037807632569461184,1.0,1.0,False
691,2125.6753270328045,0.012389351201995226,-0.2997001738959284,0.003894583009135846,1.0,1.0,False
692,2125.695999979973,0.012848072376622192,-0.31122064821767026,0.004038906968751806,1.0,1.0,False
693,2125.673859298229,0.013543033372967476,-0.30928129326287035,0.004257339844658239,1.0,1.0,False
694,2125.60357221961,0.014223414185956325,-0.29220617813450644,0.004470989773311037,1.0,1.0,False
695,2125.518663764,0.01471222241756381,-0.27053505649581666,0.004624333633884077,1.0,1.0,False
696,2125.5317273736,0.014498540403435418,-0.27965804828716045,0.004557249705198797,1.0,1.0,False
697,2125.509710431099,0.01391702383315901,-0.277753259594931,0.004374444643375377,1.0,1.0,False
698,2125.5166431069374,0.013843821759492045,-0.28494689243842686,0.00435150293255526,1.0,1.0,False
699,2125.5340700149536,0.014214235916609756,-0.2954381607117398,0.004468042798303449,1.0,1.0,False
700,2125.5460011065006,0.017982193093491056,-0.30420092808043364,0.005652486682130378,1.0,1.0,False
701,2125.492296844721,0.028814523416138587,-0.29233084051378455,0.009057471751744648,1.0,1.0,False
702,2125.5349344313145,0.029214962330881902,-0.31074350154705144,0.00918347531623665,1.0,1.0,False
703,2125.502829372883,0.014638094560473016,-0.305660377023969,0.00460134210904185,1.0,1.0,False
704,2125.451376184821,0.013352100207006987,-0.2944944554318454,0.004196952298146806,1.0,1.0,False
705,2125.426691532135,0.01222809575427991,-0.29174175593419704,0.0038436016720013394,1.0,1.0,False
706,2125.414759606123,0.011329108033291296,-0.2929964272348684,0.003561035619677416,1.0,1.0,False
707,2125.4137686938047,0.011468209117338195,-0.29768899356287193,0.003604798190005389,1.0,1.0,False
708,2125.412965014577,0.011939867407553498,-0.3024392785666805,0.003753081292215378,1.0,1.0,False
709,2125.418532267213,0.01244570666499514,-0.3091910450274895,0.003912141519280024,1.0,1.0,False
710,2125.444216325879,0.012981090622797644,-0.3222653446084678,0.004080562957623515,1.0,1.0,False
711,2125.4772914350033,0.013157004024305365,-0.3376623186917982,0.004136030220375163,1.0,1.0,False
712,2125.514234930277,0.013710469821305964,-0.35427481119768345,0.004310209286294752,1.0,1.0,False
713,2125.4861130714417,0.033225104724402696,-0.3504316432994301,0.01044505903730753,1.0,1.0,False
714,2125.5005749315023,0.032512981556062574,-0.3599744647680154,0.01022126568201998,1.0,1.0,False
715,2125.486509114504,0.015803321445371703,-0.36054777108705593,0.004968196948845389,1.0,1.0,False
716,2125.424742177129,0.015298761766160006,-0.34612415452841105,0.004809363507218306,1.0,1.0,False
717,2125.389700040221,0.015089888915009437,-0.34010106555854236,0.004743594647659855,1.0,1.0,False
718,2125.376785084605,0.015078963275710525,-0.341032690197153,0.004740150817499331,1.0,1.0,False
719,2125.3636559844017,0.014979860717047691,-0.3418958282891822,0.004708986917023847,1.0,1.0,False
720,2125.346620887518,0.014592673724900675,-0.3415299306172983,0.004587250936009591,1.0,1.0,False
721,2125.3370414972305,0.013859791556747474,-0.34350659639079595,0.004356877177183658,1.0,1.0,False
722,2125.324461042881,0.012837985610278003,-0.3445386955938261,0.004035665970613311,1.0,1.0,False
723,2125.2913573235273,0.011935065706214797,-0.3391181156517291,0.0037517551297232502,1.0,1.0,False
724,2125.2425003796816,0.011384706440962568,-0.3287446251878805,0.0035786350403567333,1.0,1.0,False
725,2125.197282075882,0.01078851297401335,-0.31951407560069356,0.0033911341102692183,1.0,1.0,False
726,2125.169856734574,0.010091075379010439,-0.3158753783300199,0.0031718678182218007,1.0,1.0,False
727,2125.1594484448433,0.009925704195838003,-0.3175844115123141,0.00311989259450852,1.0,1.0,False
728,2125.1555054038763,0.010442224964509509,-0.3213244680169396,0.0032822699840503755,1.0,1.0,False
729,2125.147785425186,0.010778365421714864,-0.32387617302305216,0.003387935493147461,1.0,1.0,False
730,2125.13336943835,0.01047234476681262,-0.32432196932944635,0.0032917325039432017,1.0,1.0,False
731,2125.116435714066,0.009934818210266696,-0.32397520619832676,0.0031227615002057912,1.0,1.0,False
732,2125.1149139143527,0.009784216108035511,-0.3284716524651685,0.0030754532740564456,1.0,1.0,False
733,2125.1258131861687,0.0099880285705272,-0.3368713115874584,0.0031395883887777067,1.0,1.0,False
734,2125.113712154329,0.009970396304491322,-0.33804007430700267,0.0031340453956042315,1.0,1.0,False
735,2125.069673139602,0.009670739899784234,-0.32916859144387445,0.0030397655011327606,1.0,1.0,False
736,2125.022072196007,0.009668134954395719,-0.3191766566605452,0.0030388500244691165,1.0,1.0,False
737,2124.9943388947286,0.010530121529791428,-0.31542847698153764,0.003309738834889943,1.0,1.0,False
738,2124.996062411694,0.011732994205846146,-0.3209377947734424,0.0036878605766412936,1.0,1.0,False
739,2125.030182570219,0.012205186292755885,-0.33662901482063035,0.003836430577002809,1.0,1.0,False
740,2125.072196494788,0.01207734052527606,-0.3548009994150334,0.0037964201970074286,1.0,1.0,False
741,2125.0658663772047,0.012008600637576018,-0.3577756067838891,0.003774831427226281,1.0,1.0,False
742,2124.9821463236585,0.012274472284385619,-0.3364226588322481,0.0038581655936365585,1.0,1.0,False
743,2124.898928742856,0.01280107321798443,-0.3152279218832632,0.004023435584392887,1.0,1.0,False
744,2124.889812860638,0.012539457531103453,-0.3173232162868658,0.003941230119930623,1.0,1.0,False
745,2124.9540224242955,0.011921552739025098,-0.3424647153972842,0.0037472721901094077,1.0,1.0,False
746,2125.010936332401,0.01184462284048369,-0.3653133019774941,0.0037233130879960686,1.0,1.0,False
747,2124.981779229827,0.01191437758793318,-0.36110535616171546,0.0037451804480557556,1.0,1.0,False
748,2124.895783215761,0.012266801302132297,-0.33903025325179215,0.003855705367109928,1.0,1.0,False
749,2124.8323159590364,0.01308334295571263,-0.32403636779929457,0.004112167044980509,1.0,1.0,False
750,2124.8383985087276,0.013495037626158482,-0.3309016216798568,0.0042416346651943625,1.0,1.0,False
751,2124.887208685279,0.013343170360631812,-0.35119601168378267,0.0041941300560573,1.0,1.0,False
752,2124.9380231890827,0.012596945848374485,-0.37212031311872806,0.003959792156827458,1.0,1.0,False
753,2124.9498227071017,0.011479615929150767,-0.380779892863643,0.0036086408787724105,1.0,1.0,False
754,2124.931313276291,0.010803828097234652,-0.3799107050532484,0.003396190327125834,1.0,1.0,False
755,2124.9236449822783,0.01068469173932493,-0.3824482640503106,0.0033587495945838087,1.0,1.0,False
756,2124.925967954099,0.01084095175075571,-0.38812544644395075,0.003407911197692848,1.0,1.0,False
757,2124.9285376034677,0.011110973747786013,-0.39387905566286463,0.00349283489403494,1.0,1.0,False
758,2124.906696077436,0.011622147776261395,-0.3919576533268696,0.0036534938833240682,1.0,1.0,False
759,2124.8361728414893,0.012189260618343386,-0.3747321639421557,0.003831573095258295,1.0,1.0,False
760,2124.737908422947,0.012600175376288379,-0.34878687356371074,0.003960441173866284,1.0,1.0,False
761,2124.64441883564,0.012701747665055737,-0.3243432023571131,0.003992076106454237,1.0,1.0,False
762,2124.5743932127953,0.01255377749287573,-0.30727432268326993,0.003945371989329111,1.0,1.0,False
763,2124.5477232933044,0.01237379553843865,-0.30383044403720305,0.003888753788096353,1.0,1.0,False
764,2124.5515963584185,0.012457293378376326,-0.30998426319979444,0.003915041052659391,1.0,1.0,False
765,2124.550770699978,0.012906498345027799,-0.3146602599948096,0.00405624726347515,1.0,1.0,False
766,2124.5309403389692,0.013427969241691559,-0.31336231674481496,0.004220098625860423,1.0,1.0,False
767,2124.5016970187426,0.01455608815946412,-0.3091049695145216,0.004574567875982438,1.0,1.0,False
768,2124.4864106476307,0.018412508746452547,-0.3092327751672883,0.005786588767850039,1.0,1.0,False
769,2124.4914128780365,0.01570198696673934,-0.31573557477105396,0.004934763473119831,1.0,1.0,False
770,2124.4938929378986,0.015030368670034029,-0.32144460849798406,0.0047237564861961285,1.0,1.0,False
771,2124.4793587625027,0.026258723877150027,-0.32180525799060433,0.00825272079487823,1.0,1.0,False
772,2124.510939538479,0.014506678539925892,-0.33665797913988627,0.0045593081961157215,1.0,1.0,False
773,2124.4759857803583,0.012941418154843185,-0.3305986136400634,0.004067303064632383,1.0,1.0,False
774,2124.463303029537,0.01339323727002515,-0.33153759395054294,0.004209300516928667,1.0,1.0,False
775,2124.4577183276415,0.013668984827269788,-0.33470621269486855,0.004295991351400584,1.0,1.0,False
776,2124.441429078579,0.013855937397519539,-0.3345093663254488,0.0043547381436530195,1.0,1.0,False
777,2124.3997434824705,0.013454672875232226,-0.3263297697232588,0.00422851022551664,1.0,1.0,False
778,2124.3629459142685,0.013561630686342932,-0.3196854041102597,0.0042620330377024064,1.0,1.0,False
779,2124.335588604212,0.013745962454875622,-0.31600677252180276,0.004319897346872137,1.0,1.0,False
780,2124.306579694152,0.013255004138762733,-0.31180799803394166,0.0041655385304740665,1.0,1.0,False
781,2124.2915198504925,0.012432053328282908,-0.31199173306936245,0.003906901876986645,1.0,1.0,False
782,2124.3159464895725,0.012157562569408224,-0.32458349221684557,0.0038207515361476014,1.0,1.0,False
783,2124.375580430031,0.012639148363705905,-0.34823957594267085,0.003972352715512215,1.0,1.0,False
784,2124.4185865968466,0.012930697925376603,-0.36666967737943423,0.004064193765017399,1.0,1.0,False
785,2124.397666990757,0.012450788187938428,-0.3650068088894045,0.003913321975602059,1.0,1.0,False
786,2124.3494936972857,0.012188348199988184,-0.3547770440742397,0.003830707916286838,1.0,1.0,False
787,2124.3049486130476,0.012018820878590792,-0.3456867579692471,0.0037773223943768208,1.0,1.0,False
788,2124.277928158641,0.011814679235656253,-0.34210317921770184,0.0037131146359119208,1.0,1.0,False
789,2124.2631322443485,0.011419694280630886,-0.34236037540460984,0.0035889671991566046,1.0,1.0,False
790,2124.2519011497498,0.01099611750144199,-0.3437367397080493,0.0034558482651074543,1.0,1.0,False
791,2124.241491138935,0.011022538088468576,-0.34536997457746565,0.0034641591444104715,1.0,1.0,False
792,2124.2218648418784,0.01116081967248648,-0.34410555426177325,0.003507598004135562,1.0,1.0,False
793,2124.2020496055484,0.011304392078234228,-0.34278059315084874,0.0035526934187334455,1.0,1.0,False
794,2124.2042478471994,0.011884936283528621,-0.34837276456767086,0.0037351849426412787,1.0,1.0,False
795,2124.217441700399,0.012744828840524355,-0.35741955572876805,0.004005521474252049,1.0,1.0,False
796,2124.206257559359,0.013085154614486958,-0.35880360544268797,0.004112486639606773,1.0,1.0,False
797,2124.1778036803007,0.012912563958766195,-0.35475888336497974,0.004058182257822014,1.0,1.0,False
798,2124.1531062722206,0.012077097253311218,-0.3518936313275276,0.0037955657328810517,1.0,1.0,False
799,2124.1301822662354,0.010650839167610513,-0.34958458028631867,0.003347291881882359,1.0,1.0,False
800,2124.1071823239326,0.009674986782639944,-0.3472505194225164,0.0030405776505786973,1.0,1.0,False
801,2124.0865753628314,0.009535714991121724,-0.34566735168527885,0.002996781153121977,1.0,1.0,False
802,2124.076131720096,0.009689384650931655,-0.34727702643260727,0.0030450728694535537,1.0,1.0,False
803,2124.0792157910764,0.009839498333889639,-0.3531368926385312,0.003092286764158626,1.0,1.0,False
804,2124.0963087677956,0.00978035982958936,-0.36339834974660334,0.0030737805514771534,1.0,1.0,False
805,2124.1120307818055,0.008246227237724231,-0.37322798198755436,0.002591701652454791,1.0,1.0,False
806,2124.094856582582,0.00625315258045606,-0.37271762552222754,0.001965290929896189,1.0,1.0,False
807,2124.061776828021,0.006285599272253622,-0.36720723871309247,0.0019754504323044025,1.0,1.0,False
808,nan,0.0,nan,0.0,0.0,0.0,False
809,nan,0.0,nan,0.0,0.0,0.0,False
810,nan,0.0,nan,0.0,0.0,0.0,False
811,nan,0.0,nan,0.0,0.0,0.0,False
812,nan,0.0,nan,0.0,0.0,0.0,False
813,nan,0.0,nan,0.0,0.0,0.0,False
814,nan,0.0,nan,0.0,0.0,0.0,False
815,nan,0.0,nan,0.0,0.0,0.0,False
816,nan,0.0,nan,0.0,0.0,0.0,False
817,nan,0.0,nan,0.0,0.0,0.0,False
818,nan,0.0,nan,0.0,0.0,0.0,False
819,nan,0.0,nan,0.0,0.0,0.0,False
820,nan,0.0,nan,0.0,0.0,0.0,False
821,nan,0.0,nan,0.0,0.0,0.0,False
822,nan,0.0,nan,0.0,0.0,0.0,False
823,nan,0.0,nan,0.0,0.0,0.0,False
824,nan,0.0,nan,0.0,0.0,0.0,False
825,nan,0.0,nan,0.0,0.0,0.0,False
826,nan,0.0,nan,0.0,0.0,0.0,False
827,nan,0.0,nan,0.0,0.0,0.0,False
828,nan,0.0,nan,0.0,0.0,0.0,False
829,nan,0.0,nan,0.0,0.0,0.0,False
830,nan,0.0,nan,0.0,0.0,0.0,False
831,nan,0.0,nan,0.0,0.0,0.0,False
832,nan,0.0,nan,0.0,0.0,0.0,False
833,nan,0.0,nan,0.0,0.0,0.0,False
834,nan,0.0,nan,0.0,0.0,0.0,False
835,nan,0.0,nan,0.0,0.0,0.0,False
836,nan,0.0,nan,0.0,0.0,0.0,False
837,nan,0.0,nan,0.0,0.0,0.0,False
838,nan,0.0,nan,0.0,0.0,0.0,False
839,nan,0.0,nan,0.0,0.0,0.0,False
840,nan,0.0,nan,0.0,0.0,0.0,False
841,nan,0.0,nan,0.0,0.0,0.0,False
842,nan,0.0,nan,0.0,0.0,0.0,False
843,nan,0.0,nan,0.0,0.0,0.0,False
844,nan,0.0,nan,0.0,0.0,0.0,False
845,nan,0.0,nan,0.0,0.0,0.0,False
846,nan,0.0,nan,0.0,0.0,0.0,False
847,nan,0.0,nan,0.0,0.0,0.0,False
848,nan,0.0,nan,0.0,0.0,0.0,False
849,nan,0.0,nan,0.0,0.0,0.0,False
850,nan,0.0,nan,0.0,0.0,0.0,False
851,nan,0.0,nan,0.0,0.0,0.0,False
852,nan,0.0,nan,0.0,0.0,0.0,False
853,nan,0.0,nan,0.0,0.0,0.0,False
854,nan,0.0,nan,0.0,0.0,0.0,False
855,nan,0.0,nan,0.0,0.0,0.0,False
856,nan,0.0,nan,0.0,0.0,0.0,False
857,nan,0.0,nan,0.0,0.0,0.0,False
858,nan,0.0,nan,0.0,0.0,0.0,False
859,nan,0.0,nan,0.0,0.0,0.0,False
860,nan,0.0,nan,0.0,0.0,0.0,False
861,nan,0.0,nan,0.0,0.0,0.0,False
862,nan,0.0,nan,0.0,0.0,0.0,False
863,nan,0.0,nan,0.0,0.0,0.0,False
864,nan,0.0,nan,0.0,0.0,0.0,False
865,nan,0.0,nan,0.0,0.0,0.0,False
866,nan,0.0,nan,0.0,0.0,0.0,False
867,nan,0.0,nan,0.0,0.0,0.0,False
868,nan,0.0,nan,0.0,0.0,0.0,False
869,nan,0.0,nan,0.0,0.0,0.0,False
870,nan,0.0,nan,0.0,0.0,0.0,False
871,nan,0.0,nan,0.0,0.0,0.0,False
872,nan,0.0,nan,0.0,0.0,0.0,False
873,nan,0.0,nan,0.0,0.0,0.0,False
874,nan,0.0,nan,0.0,0.0,0.0,False
875,nan,0.0,nan,0.0,0.0,0.0,False
876,nan,0.0,nan,0.0,0.0,0.0,False
877,nan,0.0,nan,0.0,0.0,0.0,False
878,nan,0.0,nan,0.0,0.0,0.0,False
879,nan,0.0,nan,0.0,0.0,0.0,False
880,nan,0.0,nan,0.0,0.0,0.0,False
881,nan,0.0,nan,0.0,0.0,0.0,False
882,nan,0.0,nan,0.0,0.0,0.0,False
883,nan,0.0,nan,0.0,0.0,0.0,False
884,nan,0.0,nan,0.0,0.0,0.0,False
885,nan,0.0,nan,0.0,0.0,0.0,False
886,nan,0.0,nan,0.0,0.0,0.0,False
887,nan,0.0,nan,0.0,0.0,0.0,False
888,nan,0.0,nan,0.0,0.0,0.0,False
889,nan,0.0,nan,0.0,0.0,0.0,False
890,nan,0.0,nan,0.0,0.0,0.0,False
891,nan,0.0,nan,0.0,0.0,0.0,False
892,nan,0.0,nan,0.0,0.0,0.0,False
893,nan,0.0,nan,0.0,0.0,0.0,False
894,nan,0.0,nan,0.0,0.0,0.0,False
895,nan,0.0,nan,0.0,0.0,0.0,False
896,nan,0.0,nan,0.0,0.0,0.0,False
897,nan,0.0,nan,0.0,0.0,0.0,False
898,nan,0.0,nan,0.0,0.0,0.0,False
899,nan,0.0,nan,0.0,0.0,0.0,False
900,nan,0.0,nan,0.0,0.0,0.0,False
901,nan,0.0,nan,0.0,0.0,0.0,False
902,nan,0.0,nan,0.0,0.0,0.0,False
903,nan,0.0,nan,0.0,0.0,0.0,False
904,nan,0.0,nan,0.0,0.0,0.0,False
905,nan,0.0,nan,0.0,0.0,0.0,False
906,nan,0.0,nan,0.0,0.0,0.0,False
907,nan,0.0,nan,0.0,0.0,0.0,False
908,nan,0.0,nan,0.0,0.0,0.0,False
909,nan,0.0,nan,0.0,0.0,0.0,False
910,nan,0.0,nan,0.0,0.0,0.0,False
911,nan,0.0,nan,0.0,0.0,0.0,False
912,nan,0.0,nan,0.0,0.0,0.0,False
913,nan,0.0,nan,0.0,0.0,0.0,False
914,nan,0.0,nan,0.0,0.0,0.0,False
915,nan,0.0,nan,0.0,0.0,0.0,False
916,nan,0.0,nan,0.0,0.0,0.0,False
917,nan,0.0,nan,0.0,0.0,0.0,False
918,nan,0.0,nan,0.0,0.0,0.0,False
919,nan,0.0,nan,0.0,0.0,0.0,False
920,nan,0.0,nan,0.0,0.0,0.0,False
921,nan,0.0,nan,0.0,0.0,0.0,False
922,nan,0.0,nan,0.0,0.0,0.0,False
923,nan,0.0,nan,0.0,0.0,0.0,False
924,nan,0.0,nan,0.0,0.0,0.0,False
925,nan,0.0,nan,0.0,0.0,0.0,False
926,nan,0.0,nan,0.0,0.0,0.0,False
927,nan,0.0,nan,0.0,0.0,0.0,False
928,nan,0.0,nan,0.0,0.0,0.0,False
929,nan,0.0,nan,0.0,0.0,0.0,False
930,nan,0.0,nan,0.0,0.0,0.0,False
931,nan,0.0,nan,0.0,0.0,0.0,False
932,nan,0.0,nan,0.0,0.0,0.0,False
933,nan,0.0,nan,0.0,0.0,0.0,False
934,nan,0.0,nan,0.0,0.0,0.0,False
935,nan,0.0,nan,0.0,0.0,0.0,False
936,nan,0.0,nan,0.0,0.0,0.0,False
937,nan,0.0,nan,0.0,0.0,0.0,False
938,nan,0.0,nan,0.0,0.0,0.0,False
939,nan,0.0,nan,0.0,0.0,0.0,False
940,nan,0.0,nan,0.0,0.0,0.0,False
941,nan,0.0,nan,0.0,0.0,0.0,False
942,nan,0.0,nan,0.0,0.0,0.0,False
943,nan,0.0,nan,0.0,0.0,0.0,False
944,nan,0.0,nan,0.0,0.0,0.0,False
945,nan,0.0,nan,0.0,0.0,0.0,False
946,2121.8597747832537,0.01628265755576768,-0.34281767968764143,0.005114731975878505,0.96,0.96,False
947,nan,0.0,nan,0.0,0.0,0.0,False
948,nan,0.0,nan,0.0,0.0,0.0,False
949,nan,0.0,nan,0.0,0.0,0.0,False
950,nan,0.0,nan,0.0,0.0,0.0,False
951,nan,0.0,nan,0.0,0.0,0.0,False
952,nan,0.0,nan,0.0,0.0,0.0,False
953,nan,0.0,nan,0.0,0.0,0.0,False
954,nan,0.0,nan,0.0,0.0,0.0,False
955,nan,0.0,nan,0.0,0.0,0.0,False
956,nan,0.0,nan,0.0,0.0,0.0,False
957,nan,0.0,nan,0.0,0.0,0.0,False
958,nan,0.0,nan,0.0,0.0,0.0,False
959,nan,0.0,nan,0.0,0.0,0.0,False
960,nan,0.0,nan,0.0,0.0,0.0,False
961,nan,0.0,nan,0.0,0.0,0.0,False
962,nan,0.0,nan,0.0,0.0,0.0,False
963,nan,0.0,nan,0.0,0.0,0.0,False
964,nan,0.0,nan,0.0,0.0,0.0,False
965,nan,0.0,nan,0.0,0.0,0.0,False
966,nan,0.0,nan,0.0,0.0,0.0,False
967,nan,0.0,nan,0.0,0.0,0.0,False
968,nan,0.0,nan,0.0,0.0,0.0,False
969,nan,0.0,nan,0.0,0.0,0.0,False
970,nan,0.0,nan,0.0,0.0,0.0,False
971,nan,0.0,nan,0.0,0.0,0.0,False
972,nan,0.0,nan,0.0,0.0,0.0,False
973,nan,0.0,nan,0.0,0.0,0.0,False
974,nan,0.0,nan,0.0,0.0,0.0,False
975,nan,0.0,nan,0.0,0.0,0.0,False
976,nan,0.0,nan,0.0,0.0,0.0,False
977,nan,0.0,nan,0.0,0.0,0.0,False
978,nan,0.0,nan,0.0,0.0,0.0,False
979,nan,0.0,nan,0.0,0.0,0.0,False
980,nan,0.0,nan,0.0,0.0,0.0,False
981,nan,0.0,nan,0.0,0.0,0.0,False
982,nan,0.0,nan,0.0,0.0,0.0,False
983,nan,0.0,nan,0.0,0.0,0.0,False
984,nan,0.0,nan,0.0,0.0,0.0,False
985,nan,0.0,nan,0.0,0.0,0.0,False
986,nan,0.0,nan,0.0,0.0,0.0,False
987,nan,0.0,nan,0.0,0.0,0.0,False
988,nan,0.0,nan,0.0,0.0,0.0,False
989,nan,0.0,nan,0.0,0.0,0.0,False
990,nan,0.0,nan,0.0,0.0,0.0,False
991,nan,0.0,nan,0.0,0.0,0.0,False
992,nan,0.0,nan,0.0,0.0,0.0,False
993,nan,0.0,nan,0.0,0.0,0.0,False
994,nan,0.0,nan,0.0,0.0,0.0,False
995,nan,0.0,nan,0.0,0.0,0.0,False
996,nan,0.0,nan,0.0,0.0,0.0,False
997,nan,0.0,nan,0.0,0.0,0.0,False
998,nan,0.0,nan,0.0,0.0,0.0,False
999,nan,0.0,nan,0.0,0.0,0.0,False
1000,nan,0.0,nan,0.0,0.0,0.0,False
1001,nan,0.0,nan,0.0,0.0,0.0,False
1002,nan,0.0,nan,0.0,0.0,0.0,False
1003,nan,0.0,nan,0.0,0.0,0.0,False
1004,nan,0.0,nan,0.0,0.0,0.0,False
1005,nan,0.0,nan,0.0,0.0,0.0,False
1006,nan,0.0,nan,0.0,0.0,0.0,False
1007,nan,0.0,nan,0.0,0.0,0.0,False
1008,nan,0.0,nan,0.0,0.0,0.0,False
1009,nan,0.0,nan,0.0,0.0,0.0,False
1010,nan,0.0,nan,0.0,0.0,0.0,False
1011,2120.201427169144,0.2133471875940309,-0.1261631591677883,0.0669794473474774,1.0,1.0,False
1012,2120.4859118908644,0.21640498805981948,-0.22010878480597285,0.06794069967452895,1.0,1.0,False
1013,2120.5680956691504,0.06637367499339995,-0.2505426167818996,0.020838509556718003,1.0,1.0,False
1014,2120.5008541196585,0.012210624339229363,-0.23406623732046228,0.0038336876324008657,1.0,1.0,False
1015,2120.540701776743,0.012593261739316897,-0.251211500654108,0.003954005916297723,1.0,1.0,False
1016,2120.6008619368076,0.011858764723963413,-0.27473432510089424,0.0037236233848842895,1.0,1.0,False
1017,2120.630565777421,0.011537510087564238,-0.28869370115637594,0.003622877239816805,1.0,1.0,False
1018,2120.623135969043,0.011887319564623418,-0.29099180919206447,0.003732734731430906,1.0,1.0,False
1019,2120.6023883223534,0.01250223638420622,-0.28910678787946154,0.003925796234992881,1.0,1.0,False
1020,2120.5783545970917,0.01282299223070603,-0.28618874134468797,0.0040264755883818336,1.0,1.0,False
1021,2120.5246355235577,0.01319820813097047,-0.2739484314387255,0.004144134212945059,1.0,1.0,False
1022,2120.483521297574,0.013473420315135943,-0.2656651160224328,0.004230423933214531,1.0,1.0,False
1023,2120.381409704685,0.011966251344956077,-0.23822965229629744,0.0037569056046604927,1.0,1.0,False
1024,2120.3269182294607,0.011417761023721799,-0.2257451496690237,0.0035845657598973743,1.0,1.0,False
1025,2120.324443101883,0.011476371384571868,-0.22959008085751975,0.0036029982243617076,1.0,1.0,False
1026,2120.3484403043985,0.01260416154123924,-0.24174497146026397,0.003957193032710361,1.0,1.0,False
1027,2120.3624705523252,0.013972834268228273,-0.25076970949021415,0.00438698933343346,1.0,1.0,False
1028,2120.3556796759367,0.01497071673545924,-0.25325619991536996,0.004700305661640785,1.0,1.0,False
1029,2120.3369796425104,0.015205088944155327,-0.2520024011269584,0.004773868006611871,1.0,1.0,False
1030,2120.316002175212,0.014344668074134174,-0.2500323797879105,0.0045036934943395905,1.0,1.0,False
1031,2120.302209302783,0.013169392363407011,-0.25031686667904296,0.004134700999612276,1.0,1.0,False
1032,2120.2674908638,0.012061080217094877,-0.24403037310912623,0.0037866534844012596,1.0,1.0,False
1033,2120.2091331630945,0.01153590423791365,-0.2303213580212855,0.0036216198544871646,1.0,1.0,False
1034,2120.17724570632,0.011586994292567447,-0.22492165653636675,0.0036375969683210786,1.0,1.0,False
1035,2120.18661313504,0.011349058348420465,-0.2324723291703208,0.0035629680336477596,1.0,1.0,False
1036,2120.2055108994246,0.010943636011863718,-0.24301397685093207,0.003435785609389756,1.0,1.0,False
1037,2120.2002133205533,0.01056592758840998,-0.24595837756942274,0.0033172232885026218,1.0,1.0,False
1038,2120.1647549569607,0.010357319423895634,-0.239432562497484,0.003251659596101641,1.0,1.0,False
1039,2120.124388065189,0.0103029857838415,-0.2313647183873968,0.0032345161828137544,1.0,1.0,False
1040,2120.1110249385238,0.010199809400122876,-0.23177332358824287,0.0032021155018260405,1.0,1.0,False
1041,2120.130976624787,0.009663730482746971,-0.24263967175852486,0.003033903417490966,1.0,1.0,False
1042,2120.1609566882253,0.008693519620302995,-0.256653582632282,0.0027294139801065723,1.0,1.0,False
1043,2120.1752691864967,0.0078063809149912,-0.26574764912129467,0.0024509487321945065,1.0,1.0,False
1044,2120.1516571342945,0.007450799187402781,-0.26293358450340065,0.0023392802580699695,1.0,1.0,False
1045,2120.094010580331,0.00755841188851333,-0.24943305019644413,0.00237296992771919,1.0,1.0,False
1046,2120.0326247252524,0.007964569317216777,-0.23475799934931274,0.00250037160860943,1.0,1.0,False
1047,2119.9803930567577,0.00854599486499725,-0.2229561522082122,0.0026828041745680497,1.0,1.0,False
1048,2119.9324539229274,0.009209437418167717,-0.21250104802970782,0.002890983425550297,1.0,1.0,False
1049,2119.8894397877157,0.009804626451808268,-0.20359108995438646,0.0030777362055565706,1.0,1.0,False
1050,2119.865183517337,0.010065436782329974,-0.20056829058211179,0.0031595710032043,1.0,1.0,False
1051,2119.8768417946994,0.01001894996722057,-0.20881804513686575,0.003145045554033427,1.0,1.0,False
1052,2119.909225769341,0.009753799336634299,-0.22357292340086588,0.003061926873685058,1.0,1.0,False
1053,2119.9107853733003,0.009548576117742194,-0.2286504654571786,0.0029975364074040153,1.0,1.0,False
1054,2119.8871110752225,0.009776587176872926,-0.22580529242060265,0.0030690823131519483,1.0,1.0,False
1055,2119.846328832209,0.010461872388734875,-0.21758849766257526,0.00328412653400736,1.0,1.0,False
1056,2119.79670021683,0.010921874845294673,-0.20659382204888743,0.0034284107446823147,1.0,1.0,False
1057,2119.7513689100742,0.010668655045199659,-0.19694723817008253,0.0033488260111191317,1.0,1.0,False
1058,2119.7253519147635,0.01000670773446533,-0.193362269224167,0.0031410011960762174,1.0,1.0,False
1059,2119.715470224619,0.009415203498362966,-0.19484082207611664,0.0029553358387378855,1.0,1.0,False
1060,2119.7111276984215,0.009281167131418152,-0.19805686286230184,0.0029132791136876166,1.0,1.0,False
1061,2119.7105701863766,0.00969408649746698,-0.2024598062242262,0.0030429246754540206,1.0,1.0,False
1062,2119.7282581031322,0.010361110573558423,-0.21258882899081755,0.0032523892624482706,1.0,1.0,False
1063,2119.7583825215697,0.010911662009375264,-0.22662086836049866,0.0034253361634407824,1.0,1.0,False
1064,2119.7726578116417,0.011144533358523554,-0.23567676115357017,0.0034985183325773137,1.0,1.0,False
1065,2119.765992887318,0.010794264414056889,-0.23815794497511433,0.003388580377141199,1.0,1.0,False
1066,2119.739497959614,0.010361660698218925,-0.23441284832779274,0.0032527336740629494,1.0,1.0,False
1067,2119.684988722205,0.010651547675602935,-0.22187259487145639,0.003343602445704429,1.0,1.0,False
1068,2119.630009740591,0.011069425650234525,-0.20918419859742698,0.0034746404833892056,1.0,1.0,False
1069,2119.5867277532816,0.011669605559780508,-0.20016662954469666,0.0036629236366169642,1.0,1.0,False
1070,2119.551271915436,0.012658836488918216,-0.19360459419704057,0.003973341223975067,1.0,1.0,False
1071,2119.54900598526,0.013363814962120869,-0.19745908147990576,0.004194656082184675,1.0,1.0,False
1072,2119.579802110791,0.013298470977628618,-0.21169022173103258,0.004174300815805482,1.0,1.0,False
1073,2119.6070128530264,0.012710742054592024,-0.22479518753067396,0.003989957236553384,1.0,1.0,False
1074,2119.6068482249975,0.012215579679565743,-0.22930590459850464,0.003834565044342646,1.0,1.0,False
1075,2119.5836272388697,0.012297388078930924,-0.22657786550462333,0.0038602015407453406,1.0,1.0,False
1076,2119.558430776,0.012301822553675115,-0.22322854983008256,0.003861546118583218,1.0,1.0,False
1077,2119.5563918054104,0.011460493279998183,-0.22714723276146742,0.0035974871240434664,1.0,1.0,False
1078,2119.5826983451843,0.010427413919359732,-0.23996269333713371,0.0032733172830033143,1.0,1.0,False
1079,2119.6155706197023,0.010038202524173251,-0.25483850662192253,0.0031512656530752613,1.0,1.0,False
1080,2119.6142964065075,0.010376687402768895,-0.2589938919140309,0.0032575570040545955,1.0,1.0,False
1081,2119.5621720552444,0.011257741029078432,-0.2471849216034343,0.003534016893238341,1.0,1.0,False
1082,2119.4850505292416,0.012130345284235232,-0.22752849127073205,0.0038077390119216114,1.0,1.0,False
1083,2119.48742300272,0.013358753070619274,-0.23282467946904717,0.004193363125536916,1.0,1.0,False
1084,2119.4344397336245,0.013379076700577716,-0.22074351802802994,0.004199576533366155,1.0,1.0,False
1085,2119.3824213445187,0.013133010064122328,-0.20896448467692608,0.004122180939625103,1.0,1.0,False
1086,2119.34762853384,0.013064969005653244,-0.20259133445085808,0.004100744882485274,1.0,1.0,False
1087,2119.34416924417,0.012828781830601052,-0.2060518650192762,0.004026650272351402,1.0,1.0,False
1088,2119.35893471539,0.011926054753670418,-0.21523163028325598,0.0037434004008699657,1.0,1.0,False
1089,2119.3727466464043,0.010450344633677767,-0.22411107325035573,0.0032802712523032833,1.0,1.0,False
1090,2119.3555320203304,0.00939816493808102,-0.2232504209676449,0.0029499889253889965,1.0,1.0,False
1091,2119.3007161021233,0.009064819812296026,-0.210586147476306,0.002845246011496984,1.0,1.0,False
1092,2119.240503154695,0.008951530575131999,-0.19622724755930676,0.0028095667516664933,1.0,1.0,False
1093,2119.2049724832177,0.00863626816273661,-0.18961443770643882,0.002710563975552837,1.0,1.0,False
1094,2119.204601086676,0.008339035560873712,-0.19403552637686516,0.0026173037477220306,1.0,1.0,False
1095,2119.2328751906753,0.008531422175140413,-0.20744634929008043,0.002677782087947682,1.0,1.0,False
1096,2119.27257335186,0.009479743975603172,-0.2244422489497424,0.0029755632097582052,1.0,1.0,False
1097,2119.291778743267,0.010800639600939046,-0.2350050376092554,0.0033902612216612626,1.0,1.0,False
1098,2119.2771906256676,0.01145711102275457,-0.23495913029722715,0.0035963159493609493,1.0,1.0,False
1099,2119.244261600077,0.011351047767689776,-0.22915496943124936,0.0035629579300881873,1.0,1.0,False
1100,2119.219714052975,0.011072119519988686,-0.22598053382318994,0.0034753700878128193,1.0,1.0,False
1101,2119.212955586612,0.010496469615207213,-0.22838863595546854,0.00329469192181285,1.0,1.0,False
1102,2119.203316986561,0.00970333563060525,-0.22989149718546287,0.0030457421700542547,1.0,1.0,False
1103,2119.182621523738,0.009319325464889356,-0.22792255733554612,0.0029251831850704703,1.0,1.0,False
1104,2119.1598320007324,0.009532458786048829,-0.2252951431652832,0.002992052323768109,1.0,1.0,False
1105,2119.1440858468413,0.010311804099600447,-0.22487731789243526,0.003236658807797154,1.0,1.0,False
1106,2119.13100810349,0.011153369056381077,-0.2252958446338198,0.0035008062369917495,1.0,1.0,False
1107,2119.1153816990554,0.01125218664777638,-0.22491319039210111,0.003531815739897629,1.0,1.0,False
1108,2119.092461645603,0.010484248968680256,-0.22224002620276906,0.0032907499733375242,1.0,1.0,False
1109,2119.0643845908344,0.009450551690802294,-0.21794705169065764,0.002966256331090904,1.0,1.0,False
1110,2119.0291735548526,0.008830281637713757,-0.21141383478811804,0.002771514347461969,1.0,1.0,False
1111,2118.991702710744,0.008595878260836071,-0.2041703057134896,0.0026978827119011088,1.0,1.0,False
1112,2118.9809405552223,0.00856838587428812,-0.20530836041115208,0.0026892542891066287,1.0,1.0,False
1113,2119.000915399025,0.008749838812419409,-0.21609236560556155,0.0027462804082333593,1.0,1.0,False
1114,2119.0254341010004,0.008972912020085447,-0.22830164497230498,0.002816384154356795,1.0,1.0,False
1115,2119.026987085119,0.00909161158401197,-0.23330153289936106,0.002853674276599861,1.0,1.0,False
1116,2119.006189711392,0.00940847118439305,-0.23128492141398738,0.0029531044146241573,1.0,1.0,False
1117,2118.970754836686,0.009842389789541854,-0.22467281224481894,0.003089229591048175,1.0,1.0,False
1118,2118.917386010289,0.009790095912180765,-0.2124308774410224,0.003072697276703757,1.0,1.0,False
1119,2118.8548816666007,0.00944415433363169,-0.19732107618636974,0.0029639902686571166,1.0,1.0,False
1120,2118.8105089887977,0.00950932709540663,-0.1879010993414454,0.00298436078668601,1.0,1.0,False
1121,2118.817711956799,0.009987008508179173,-0.19466636747910115,0.0031343322340152287,1.0,1.0,False
1122,2118.8627689927816,0.010492159800555519,-0.21331106655384247,0.003293033840168645,1.0,1.0,False
1123,2118.8949354737997,0.010649032952544846,-0.22790948975466563,0.0033423970527622165,1.0,1.0,False
1124,2118.8874877654016,0.010423956752379388,-0.23007331500303962,0.0032717674385588638,1.0,1.0,False
1125,2118.8644088357687,0.010104388039433953,-0.2273297778082224,0.003171436002661029,1.0,1.0,False
1126,2118.8462106510997,0.00957391707726973,-0.2261169560287044,0.0030049199959083783,1.0,1.0,False
1127,2118.8213837742805,0.009196471597282907,-0.2228224382071744,0.0028864177973314483,1.0,1.0,False
1128,2118.7701759040356,0.009418757205142247,-0.21124698151618304,0.0029560812414522963,1.0,1.0,False
1129,2118.7120653688908,0.010129916501673627,-0.19750443296669573,0.003179142691130631,1.0,1.0,False
1130,2118.661042138934,0.011128375004762695,-0.18598545139400358,0.003492368522220763,1.0,1.0,False
1131,2118.6267690062523,0.01219414478431085,-0.1797221624289591,0.0038267475371793476,1.0,1.0,False
1132,2118.6049050688744,0.012633731431280545,-0.17735199626457643,0.003964651522666636,1.0,1.0,False
1133,2118.584809243679,0.011988270204596942,-0.17553550495892978,0.0037620732567163273,1.0,1.0,False
1134,2118.5754291415215,0.01100221528785178,-0.17708055941761813,0.003452642025539865,1.0,1.0,False
1135,2118.561062425375,0.010488511224612173,-0.17705952802390357,0.0032914301839609547,1.0,1.0,False
1136,2118.533634752035,0.010901523583927335,-0.17293860477019507,0.0034209924014378746,1.0,1.0,False
1137,2118.4879900813103,0.011639685179649781,-0.16309999267116382,0.003652520846045003,1.0,1.0,False
1138,2118.5039956867695,0.027051604677667748,-0.1726063107698792,0.008488808149931146,1.0,1.0,False
1139,2118.4587484896183,0.01298355288265103,-0.1628900591576894,0.004074215689796195,1.0,1.0,False
1140,2118.438359811902,0.013442032048631331,-0.16097333204561437,0.004218061302905301,1.0,1.0,False
1141,2118.459984883666,0.01308485918021691,-0.17223931016633287,0.004106107795059576,1.0,1.0,False
1142,2118.5111699402332,0.016165811319779448,-0.1927808691598898,0.005073136758037675,1.0,1.0,False
1143,2118.479261726141,0.011741349930571252,-0.18724523643282964,0.0036846351964962367,1.0,1.0,False
1144,2118.4897124767303,0.01080496831038387,-0.19500149745084627,0.0033908512064369564,1.0,1.0,False
1145,2118.4939392507076,0.009812285123456329,-0.2008034173861688,0.0030793680530616574,1.0,1.0,False
1146,2118.4191352277994,0.008721185655354211,-0.18180263524453721,0.0027367993415927366,1.0,1.0,False
1147,2118.39530646801,0.008261147742045722,-0.17879778516703482,0.0025924068272018663,1.0,1.0,False
1148,2118.388418316841,0.008040562183320095,-0.18110782530527558,0.002523197318874719,1.0,1.0,False
1149,2118.343173786998,0.00834170816852659,-0.1713802645365945,0.002617618835263128,1.0,1.0,False
1150,2118.2761459052563,0.008968803039586044,-0.15481648845695872,0.0028142616727273063,1.0,1.0,False
1151,2118.2230875715613,0.00957976284816518,-0.14263558005916366,0.003005858454190161,1.0,1.0,False
1152,2118.217127904296,0.010274935138729015,-0.1452319288702597,0.003223996389240277,1.0,1.0,False
1153,2118.2456389144063,0.010808644204931637,-0.15864327005482437,0.0033915824036293346,1.0,1.0,False
1154,2118.266454875469,0.010944424371919092,-0.16963918343583373,0.003434288082551773,1.0,1.0,False
1155,2118.255510136485,0.010774385456441868,-0.17066772516733408,0.0033809307955722373,1.0,1.0,False
1156,2118.2091423124075,0.012165435704849115,-0.16057967659122596,0.0038173204199270627,1.0,1.0,False
1157,2118.15838521719,0.016142426881672417,-0.14911351416645857,0.0050650335196125145,1.0,1.0,False
1158,2118.124951556325,0.017610834138569342,-0.14308204579884887,0.005525672727003672,1.0,1.0,False
1159,2118.116235945374,0.016363580373249732,-0.14480513803044914,0.005134362172886223,1.0,1.0,False
1160,2118.1156395450234,0.015733037934537283,-0.14907457980990557,0.004936604459162994,1.0,1.0,False
1161,2118.117906998843,0.016626060692785983,-0.15424144524331496,0.00521687266483961,1.0,1.0,False
1162,2118.1221435144544,0.01684093150057748,-0.16002499950650417,0.005284338760657939,1.0,1.0,False
1163,2118.123754348606,0.014496131086606502,-0.16498351443436832,0.004548625596327499,1.0,1.0,False
1164,2118.117437891662,0.011706077814938523,-0.1674533939437879,0.0036731694039391434,1.0,1.0,False
1165,2118.115414224565,0.010851451326100749,-0.17126908570952537,0.003405043197746478,1.0,1.0,False
1166,2118.123556509614,0.011183733311032553,-0.17827357489596807,0.0035093762721564925,1.0,1.0,False
1167,2118.1053687930107,0.011222430770511662,-0.17701474767733316,0.0035215035197551014,1.0,1.0,False
1168,2118.052371462807,0.010652403574924616,-0.1648320131691321,0.003342507522728124,1.0,1.0,False
1169,2117.994360676501,0.01002791267261698,-0.1510754867354649,0.003146424668077084,1.0,1.0,False
1170,2117.973012842238,0.00970213775751141,-0.14882165545515136,0.0030441782026712823,1.0,1.0,False
1171,2117.989446625579,0.009931965543238459,-0.15842122430905192,0.003116368329485927,1.0,1.0,False
1172,2118.0024599367753,0.010161896078590242,-0.16694652689301392,0.0031885840110352313,1.0,1.0,False
1173,2117.976573286578,0.009662022575737067,-0.16326476447454752,0.003031699360614745,1.0,1.0,False
1174,2117.92548456043,0.009042878801320198,-0.15167427006434764,0.0028373282934156556,1.0,1.0,False
1175,2117.9041151218116,0.009085928196882923,-0.14940761031749616,0.0028508096904028522,1.0,1.0,False
1176,2117.9258730039,0.009274472151432955,-0.16067155252147813,0.0029100512362153197,1.0,1.0,False
1177,2117.962521210313,0.009171760597413961,-0.17660689669190788,0.0028779429507934683,1.0,1.0,False
1178,2117.97766591236,0.008956627748732123,-0.18579400990478234,0.002810506567525747,1.0,1.0,False
1179,2117.956375081092,0.009196934181916807,-0.1835468818412096,0.0028858879428375834,1.0,1.0,False
1180,2117.912931781262,0.009841626095467104,-0.17434750964872592,0.0030880968249732722,1.0,1.0,False
1181,2117.871466435492,0.010156469127466743,-0.16576782910118482,0.0031867976581490868,1.0,1.0,False
1182,2117.8410023376346,0.009554411362646852,-0.16063897810482786,0.002997844348526453,1.0,1.0,False
1183,2117.8213002085686,0.008416108235635997,-0.15888570511475564,0.0026406638566926753,1.0,1.0,False
1184,2117.7979122772813,0.0077462185735972,-0.1559747745588993,0.002430449517628483,1.0,1.0,False
1185,2117.7815251871943,0.007645435520399782,-0.15525923411331632,0.0023988180516390854,1.0,1.0,False
1186,2117.780697159469,0.007696919905478558,-0.15942428756284244,0.002414996466242151,1.0,1.0,False
1187,2117.786507256329,0.008031337323838622,-0.16567097265505026,0.0025199640766747594,1.0,1.0,False
1188,2117.786406584084,0.008856402816967783,-0.17006190021669454,0.0027788709545691435,1.0,1.0,False
1189,2117.772666297853,0.009983071711916406,-0.17017193055937696,0.003132376539286468,1.0,1.0,False
1190,2117.7430858165026,0.010984143463074839,-0.1653106237018278,0.003446426475553644,1.0,1.0,False
1191,2117.7033504992723,0.011274920460174927,-0.15726203173107933,0.003537575980844148,1.0,1.0,False
1192,2117.6595434844494,0.010840083302088311,-0.1479349581062479,0.0034010472127780278,1.0,1.0,False
1193,2117.6159256994724,0.010386529298294688,-0.13866632667605927,0.003258654389252666,1.0,1.0,False
1194,2117.585457086563,0.010245650835233575,-0.1335220705896063,0.003214401792908694,1.0,1.0,False
1195,2117.5784922391176,0.01029698043909778,-0.13575055762640886,0.0032305170990251444,1.0,1.0,False
1196,2117.578065916896,0.01051754762065991,-0.14002920785850392,0.003299748396813264,1.0,1.0,False
1197,2117.5569642186165,0.01079993809832829,-0.1378200305883297,0.0033883151306379924,1.0,1.0,False
1198,2117.5099922269583,0.011200848710338576,-0.12749341210485454,0.0035139792190609595,1.0,1.0,False
1199,2117.512861698866,0.011199481243880259,-0.13280228887697376,0.0035135958799630677,1.0,1.0,False
1200,2117.4393838495016,0.01075969440356501,-0.11415814837010885,0.003375436218144816,1.0,1.0,False
1201,2117.414959669113,0.011023096124646919,-0.11090205543740694,0.0034580314525658605,1.0,1.0,False
1202,2117.4251393079758,0.011158941448550376,-0.11850032989758574,0.0035007165675488678,1.0,1.0,False
1203,2117.454125612974,0.011218865980819415,-0.1319976016259261,0.003519646368256496,1.0,1.0,False
1204,2117.46803496778,0.011402661858906463,-0.14076395416299192,0.0035773875275158275,1.0,1.0,False
1205,2117.4254829734564,0.011017227150218207,-0.13181554359169922,0.0034563685170812615,1.0,1.0,False
1206,2117.353981807828,0.01009966852334708,-0.11378450221951653,0.003168344034785068,1.0,1.0,False
1207,2117.2943789362907,0.009358358950795152,-0.09948564947740124,0.002935665253983477,1.0,1.0,False
1208,2117.278786122799,0.00937142368974305,-0.09899158393636753,0.0029397489594141873,1.0,1.0,False
1209,2117.312777251005,0.00947430445616362,-0.11405071159686031,0.0029721417826298535,1.0,1.0,False
1210,2117.3649211227894,0.009218303972913273,-0.13480409748046895,0.0028919973558518856,1.0,1.0,False
1211,2117.3956703841686,0.008989093252769668,-0.1488450991166701,0.0028201993233730655,1.0,1.0,False
1212,2117.3816938847303,0.009194435536403289,-0.1488530893304869,0.002884617225772868,1.0,1.0,False
1213,2117.3425472676754,0.009995342214158308,-0.1409632326876249,0.003135812579324536,1.0,1.0,False
1214,2117.302241921425,0.01076240742068833,-0.13270885504522312,0.0033763725246615662,1.0,1.0,False
1215,2117.2581750303507,0.009957125370738533,-0.12327345489205754,0.0031236502830594985,1.0,1.0,False
1216,2117.2133976742625,0.0077437512744441064,-0.11361425838970263,0.002429213139042575,1.0,1.0,False
1217,2117.1529092416167,0.0065397860647121294,-0.09902576205257674,0.00205143891217963,1.0,1.0,False
1218,2117.1000167503953,0.011601873831282097,-0.08681936651987598,0.003639196061737637,0.06,0.06,False
1219,nan,0.0,nan,0.0,0.0,0.0,False
1220,nan,0.0,nan,0.0,0.0,0.0,False
1221,nan,0.0,nan,0.0,0.0,0.0,False
1222,nan,0.0,nan,0.0,0.0,0.0,False
1223,nan,0.0,nan,0.0,0.0,0.0,False
1224,nan,0.0,nan,0.0,0.0,0.0,False
1225,nan,0.0,nan,0.0,0.0,0.0,False
1226,nan,0.0,nan,0.0,0.0,0.0,False
1227,nan,0.0,nan,0.0,0.0,0.0,False
1228,nan,0.0,nan,0.0,0.0,0.0,False
1229,nan,0.0,nan,0.0,0.0,0.0,False
1230,nan,0.0,nan,0.0,0.0,0.0,False
1231,nan,0.0,nan,0.0,0.0,0.0,False
1232,nan,0.0,nan,0.0,0.0,0.0,False
1233,nan,0.0,nan,0.0,0.0,0.0,False
1234,nan,0.0,nan,0.0,0.0,0.0,False
1235,nan,0.0,nan,0.0,0.0,0.0,False
1236,nan,0.0,nan,0.0,0.0,0.0,False
1237,nan,0.0,nan,0.0,0.0,0.0,False
1238,nan,0.0,nan,0.0,0.0,0.0,False
1239,nan,0.0,nan,0.0,0.0,0.0,False
1240,nan,0.0,nan,0.0,0.0,0.0,False
1241,nan,0.0,nan,0.0,0.0,0.0,False
1242,nan,0.0,nan,0.0,0.0,0.0,False
1243,nan,0.0,nan,0.0,0.0,0.0,False
1244,nan,0.0,nan,0.0,0.0,0.0,False
1245,nan,0.0,nan,0.0,0.0,0.0,False
1246,nan,0.0,nan,0.0,0.0,0.0,False
1247,nan,0.0,nan,0.0,0.0,0.0,False
1248,nan,0.0,nan,0.0,0.0,0.0,False
1249,nan,0.0,nan,0.0,0.0,0.0,False
1250,nan,0.0,nan,0.0,0.0,0.0,False
1251,nan,0.0,nan,0.0,0.0,0.0,False
1252,nan,0.0,nan,0.0,0.0,0.0,False
1253,nan,0.0,nan,0.0,0.0,0.0,False
1254,nan,0.0,nan,0.0,0.0,0.0,False
1255,nan,0.0,nan,0.0,0.0,0.0,False
1256,nan,0.0,nan,0.0,0.0,0.0,False
1257,nan,0.0,nan,0.0,0.0,0.0,False
1258,nan,0.0,nan,0.0,0.0,0.0,False
1259,nan,0.0,nan,0.0,0.0,0.0,False
1260,nan,0.0,nan,0.0,0.0,0.0,False
1261,nan,0.0,nan,0.0,0.0,0.0,False
1262,nan,0.0,nan,0.0,0.0,0.0,False
1263,nan,0.0,nan,0.0,0.0,0.0,False
1264,nan,0.0,nan,0.0,0.0,0.0,False
1265,nan,0.0,nan,0.0,0.0,0.0,False
1266,nan,0.0,nan,0.0,0.0,0.0,False
1267,nan,0.0,nan,0.0,0.0,0.0,False
1268,nan,0.0,nan,0.0,0.0,0.0,False
1269,nan,0.0,nan,0.0,0.0,0.0,False
1270,nan,0.0,nan,0.0,0.0,0.0,False
1271,nan,0.0,nan,0.0,0.0,0.0,False
1272,nan,0.0,nan,0.0,0.0,0.0,False
1273,nan,0.0,nan,0.0,0.0,0.0,False
1274,nan,0.0,nan,0.0,0.0,0.0,False
1275,nan,0.0,nan,0.0,0.0,0.0,False
1276,nan,0.0,nan,0.0,0.0,0.0,False
1277,nan,0.0,nan,0.0,0.0,0.0,False
1278,nan,0.0,nan,0.0,0.0,0.0,False
1279,nan,0.0,nan,0.0,0.0,0.0,False
1280,nan,0.0,nan,0.0,0.0,0.0,False
1281,nan,0.0,nan,0.0,0.0,0.0,False
1282,nan,0.0,nan,0.0,0.0,0.0,False
1283,nan,0.0,nan,0.0,0.0,0.0,False
1284,nan,0.0,nan,0.0,0.0,0.0,False
1285,nan,0.0,nan,0.0,0.0,0.0,False
1286,nan,0.0,nan,0.0,0.0,0.0,False
1287,nan,0.0,nan,0.0,0.0,0.0,False
1288,nan,0.0,nan,0.0,0.0,0.0,False
1289,nan,0.0,nan,0.0,0.0,0.0,False
1290,nan,0.0,nan,0.0,0.0,0.0,False
1291,nan,0.0,nan,0.0,0.0,0.0,False
1292,nan,0.0,nan,0.0,0.0,0.0,False
1293,nan,0.0,nan,0.0,0.0,0.0,False
1294,nan,0.0,nan,0.0,0.0,0.0,False
1295,nan,0.0,nan,0.0,0.0,0.0,False
1296,nan,0.0,nan,0.0,0.0,0.0,False
1297,nan,0.0,nan,0.0,0.0,0.0,False
1298,nan,0.0,nan,0.0,0.0,0.0,False
1299,nan,0.0,nan,0.0,0.0,0.0,False
1300,nan,0.0,nan,0.0,0.0,0.0,False
1301,nan,0.0,nan,0.0,0.0,0.0,False
1302,nan,0.0,nan,0.0,0.0,0.0,False
1303,nan,0.0,nan,0.0,0.0,0.0,False
1304,nan,0.0,nan,0.0,0.0,0.0,False
1305,nan,0.0,nan,0.0,0.0,0.0,False
1306,nan,0.0,nan,0.0,0.0,0.0,False
1307,nan,0.0,nan,0.0,0.0,0.0,False
1308,nan,0.0,nan,0.0,0.0,0.0,False
1309,nan,0.0,nan,0.0,0.0,0.0,False
1310,nan,0.0,nan,0.0,0.0,0.0,False
1311,nan,0.0,nan,0.0,0.0,0.0,False
1312,nan,0.0,nan,0.0,0.0,0.0,False
1313,nan,0.0,nan,0.0,0.0,0.0,False
1314,nan,0.0,nan,0.0,0.0,0.0,False
1315,nan,0.0,nan,0.0,0.0,0.0,False
1316,nan,0.0,nan,0.0,0.0,0.0,False
1317,nan,0.0,nan,0.0,0.0,0.0,False
1318,nan,0.0,nan,0.0,0.0,0.0,False
1319,nan,0.0,nan,0.0,0.0,0.0,False
1320,nan,0.0,nan,0.0,0.0,0.0,False
1321,nan,0.0,nan,0.0,0.0,0.0,False
1322,nan,0.0,nan,0.0,0.0,0.0,False
1323,nan,0.0,nan,0.0,0.0,0.0,False
1324,nan,0.0,nan,0.0,0.0,0.0,False
1325,nan,0.0,nan,0.0,0.0,0.0,False
1326,nan,0.0,nan,0.0,0.0,0.0,False
1327,nan,0.0,nan,0.0,0.0,0.0,False
1328,nan,0.0,nan,0.0,0.0,0.0,False
1329,nan,0.0,nan,0.0,0.0,0.0,False
1330,nan,0.0,nan,0.0,0.0,0.0,False
1331,nan,0.0,nan,0.0,0.0,0.0,False
1332,nan,0.0,nan,0.0,0.0,0.0,False
1333,nan,0.0,nan,0.0,0.0,0.0,False
1334,nan,0.0,nan,0.0,0.0,0.0,False
1335,nan,0.0,nan,0.0,0.0,0.0,False
1336,nan,0.0,nan,0.0,0.0,0.0,False
1337,2115.47777479887,0.0,-0.09105715716157192,0.0,0.02,0.02,False
1338,nan,0.0,nan,0.0,0.0,0.0,False
1339,nan,0.0,nan,0.0,0.0,0.0,False
1340,nan,0.0,nan,0.0,0.0,0.0,False
1341,nan,0.0,nan,0.0,0.0,0.0,False
1342,nan,0.0,nan,0.0,0.0,0.0,False
1343,nan,0.0,nan,0.0,0.0,0.0,False
1344,nan,0.0,nan,0.0,0.0,0.0,False
1345,nan,0.0,nan,0.0,0.0,0.0,False
1346,nan,0.0,nan,0.0,0.0,0.0,False
1347,nan,0.0,nan,0.0,0.0,0.0,False
1348,nan,0.0,nan,0.0,0.0,0.0,False
1349,nan,0.0,nan,0.0,0.0,0.0,False
1350,nan,0.0,nan,0.0,0.0,0.0,False
1351,nan,0.0,nan,0.0,0.0,0.0,False
1352,nan,0.0,nan,0.0,0.0,0.0,False
1353,2115.2256792858243,0.018479012597447386,-0.07965180540463734,0.005794809667947321,1.0,1.0,False
1354,nan,0.0,nan,0.0,0.0,0.0,False
1355,nan,0.0,nan,0.0,0.0,0.0,False
1356,nan,0.0,nan,0.0,0.0,0.0,False
1357,nan,0.0,nan,0.0,0.0,0.0,False
1358,nan,0.0,nan,0.0,0.0,0.0,False
1359,nan,0.0,nan,0.0,0.0,0.0,False
1360,nan,0.0,nan,0.0,0.0,0.0,False
1361,nan,0.0,nan,0.0,0.0,0.0,False
1362,nan,0.0,nan,0.0,0.0,0.0,False
1363,nan,0.0,nan,0.0,0.0,0.0,False
1364,nan,0.0,nan,0.0,0.0,0.0,False
1365,nan,0.0,nan,0.0,0.0,0.0,False
1366,nan,0.0,nan,0.0,0.0,0.0,False
1367,nan,0.0,nan,0.0,0.0,0.0,False
1368,nan,0.0,nan,0.0,0.0,0.0,False
1369,nan,0.0,nan,0.0,0.0,0.0,False
1370,nan,0.0,nan,0.0,0.0,0.0,False
1371,nan,0.0,nan,0.0,0.0,0.0,False
1372,nan,0.0,nan,0.0,0.0,0.0,False
1373,nan,0.0,nan,0.0,0.0,0.0,False
1374,nan,0.0,nan,0.0,0.0,0.0,False
1375,nan,0.0,nan,0.0,0.0,0.0,False
1376,nan,0.0,nan,0.0,0.0,0.0,False
1377,2115.0739129260182,0.013057976148788907,-0.13294814977848546,0.004095311520383761,0.66,0.66,False
1378,nan,0.0,nan,0.0,0.0,0.0,False
1379,nan,0.0,nan,0.0,0.0,0.0,False
1380,nan,0.0,nan,0.0,0.0,0.0,False
1381,2115.165334753692,0.015204513299163743,-0.17837031287905347,0.0047690636129783266,1.0,1.0,False
1382,nan,0.0,nan,0.0,0.0,0.0,False
1383,nan,0.0,nan,0.0,0.0,0.0,False
1384,nan,0.0,nan,0.0,0.0,0.0,False
1385,nan,0.0,nan,0.0,0.0,0.0,False
1386,nan,0.0,nan,0.0,0.0,0.0,False
1387,nan,0.0,nan,0.0,0.0,0.0,False
1388,nan,0.0,nan,0.0,0.0,0.0,False
1389,nan,0.0,nan,0.0,0.0,0.0,False
1390,nan,0.0,nan,0.0,0.0,0.0,False
1391,nan,0.0,nan,0.0,0.0,0.0,False
1392,nan,0.0,nan,0.0,0.0,0.0,False
1393,2114.8777327239513,0.009228562803622236,-0.13829318201209162,0.002894272579231414,1.0,1.0,False
1394,nan,0.0,nan,0.0,0.0,0.0,False
1395,nan,0.0,nan,0.0,0.0,0.0,False
1396,nan,0.0,nan,0.0,0.0,0.0,False
1397,nan,0.0,nan,0.0,0.0,0.0,False
1398,nan,0.0,nan,0.0,0.0,0.0,False
1399,nan,0.0,nan,0.0,0.0,0.0,False
1400,nan,0.0,nan,0.0,0.0,0.0,False
1401,nan,0.0,nan,0.0,0.0,0.0,False
1402,nan,0.0,nan,0.0,0.0,0.0,False
1403,nan,0.0,nan,0.0,0.0,0.0,False
1404,nan,0.0,nan,0.0,0.0,0.0,False
1405,nan,0.0,nan,0.0,0.0,0.0,False
1406,nan,0.0,nan,0.0,0.0,0.0,False
1407,nan,0.0,nan,0.0,0.0,0.0,False
1408,nan,0.0,nan,0.0,0.0,0.0,False
1409,nan,0.0,nan,0.0,0.0,0.0,False
1410,nan,0.0,nan,0.0,0.0,0.0,False
1411,nan,0.0,nan,0.0,0.0,0.0,False
1412,nan,0.0,nan,0.0,0.0,0.0,False
1413,nan,0.0,nan,0.0,0.0,0.0,False
1414,nan,0.0,nan,0.0,0.0,0.0,False
1415,nan,0.0,nan,0.0,0.0,0.0,False
1416,nan,0.0,nan,0.0,0.0,0.0,False
1417,nan,0.0,nan,0.0,0.0,0.0,False
1418,nan,0.0,nan,0.0,0.0,0.0,False
1419,nan,0.0,nan,0.0,0.0,0.0,False
1420,nan,0.0,nan,0.0,0.0,0.0,False
1421,nan,0.0,nan,0.0,0.0,0.0,False
1422,nan,0.0,nan,0.0,0.0,0.0,False
1423,nan,0.0,nan,0.0,0.0,0.0,False
1424,2114.818614140153,0.006151819200528842,-0.24843468405134672,0.0019298590172477114,1.0,1.0,False
1425,2114.6471138596535,0.009898232479460048,-0.19876968435704612,0.0031046856977513,1.0,1.0,False
1426,2114.5344649106264,0.02500230532807999,-0.167567817774966,0.007841310222656833,1.0,1.0,False
1427,2114.503753170371,0.011944839301475463,-0.1620643562817463,0.003746218002369652,1.0,1.0,False
1428,2114.4933246672153,0.01278134274073521,-0.16292108698939956,0.0040085767414017965,1.0,1.0,False
1429,2114.490192949772,0.015029033735403888,-0.16606507102409296,0.0047135834669991715,1.0,1.0,False
1430,2114.4769099652767,0.03055758337695458,-0.16602410099119425,0.009583980578459703,1.0,1.0,False
1431,2114.514151543379,0.014271129926134739,-0.18182821006809036,0.004476010555265321,1.0,1.0,False
1432,2114.4716283380985,0.012920874296735763,-0.1726139129551143,0.004052429880300119,1.0,1.0,False
1433,2114.430871143937,0.012291994002353797,-0.1639525232846495,0.0038550934178060567,1.0,1.0,False
1434,2114.4263115525246,0.01244001974347164,-0.16664253871454093,0.0039015439692726413,1.0,1.0,False
1435,2114.437954187393,0.0128154267125209,-0.1744128792889228,0.004019363739469297,1.0,1.0,False
1436,2114.4300232827663,0.012553494596111204,-0.17604313475533218,0.003937222133790718,1.0,1.0,False
1437,2114.3978669196367,0.01200083885598257,-0.1700742621791278,0.0037638199747184577,1.0,1.0,False
1438,2114.3460693210363,0.01141381055225134,-0.15794437442360731,0.003579585422873583,1.0,1.0,False
1439,2114.3075834065676,0.01129563054231287,-0.1499883761615024,0.0035424454396283723,1.0,1.0,False
1440,2114.2896998673677,0.011166982251458518,-0.14849238550067412,0.0035020800771930006,1.0,1.0,False
1441,2114.2709512114525,0.010641334742324138,-0.14672387167524903,0.0033372039224343042,1.0,1.0,False
1442,2114.2403362244368,0.009882150313848457,-0.14123282316597852,0.003099063341657915,1.0,1.0,False
1443,2114.208092994988,0.009403022842493192,-0.13523003811383205,0.002948754818991405,1.0,1.0,False
1444,2114.194207392633,0.009334766601081155,-0.13498296318124403,0.002927343871048078,1.0,1.0,False
1445,2114.202275149524,0.009468898062501703,-0.1416191854839326,0.002969456259101246,1.0,1.0,False
1446,2114.2104396373034,0.009478894417461706,-0.14828462388624075,0.002972643153980355,1.0,1.0,False
1447,2114.2072018012404,0.009219627931519514,-0.15137305819854419,0.0028913587650997966,1.0,1.0,False
1448,2114.1956124976277,0.008837139348254343,-0.15184118205320374,0.0027714046626658184,1.0,1.0,False
1449,2114.1780810281634,0.0088116679332445,-0.15044456847891752,0.002763401179972062,1.0,1.0,False
1450,2114.1663154140115,0.009635155064930194,-0.15085494481292017,0.003021652440641925,1.0,1.0,False
1451,2114.1563596129417,0.01095818330927889,-0.1518316638019428,0.0034365717864475427,1.0,1.0,False
1452,2114.136381916702,0.011823072679453006,-0.1496642248218336,0.003707782078383305,1.0,1.0,False
1453,2114.114576239139,0.011796802053397065,-0.14692231849318205,0.0036995102214835486,1.0,1.0,False
1454,2114.1041757687926,0.011279975294157092,-0.1477558971719759,0.0035374372619706605,1.0,1.0,False
1455,2114.105311602354,0.011137396013647235,-0.15220608486839637,0.003492766955745629,1.0,1.0,False
1456,2114.111554056406,0.011452951908204577,-0.15825657926706072,0.0035917868132704406,1.0,1.0,False
1457,2114.1220091469586,0.011726812956868478,-0.16562708798852555,0.0036777405443757373,1.0,1.0,False
1458,2114.1203894279897,0.01145956999518021,-0.1692095822266424,0.003593960306578054,1.0,1.0,False
1459,2114.0967120714486,0.010560690224956676,-0.16587316566693744,0.00331201616337017,1.0,1.0,False
1460,2114.0650773644447,0.00974034226037926,-0.16004004050017784,0.003054688348851404,1.0,1.0,False
1461,2114.0514985769987,0.009571043869376416,-0.15986828008504972,0.003001587719790448,1.0,1.0,False
1462,2114.0513233114034,0.009814542904191594,-0.16389879541378605,0.003077981325173998,1.0,1.0,False
1463,2114.0303465500474,0.010224804377172022,-0.1614044799786143,0.0032066179291033955,1.0,1.0,False
1464,2113.9693444352597,0.01078793762724936,-0.14635689870692659,0.0033830756639179026,1.0,1.0,False
1465,2113.9068881198764,0.011135747534877186,-0.13085276159984005,0.003491988080543846,1.0,1.0,False
1466,2113.886755362153,0.010702185645137398,-0.12861971429185814,0.0033560049138468577,1.0,1.0,False
1467,2113.900730319321,0.009852678367660194,-0.13708105597254416,0.003089685191933153,1.0,1.0,False
1468,2113.9198172204196,0.009336737950828922,-0.14714443578742475,0.0029279675782869588,1.0,1.0,False
1469,2113.9414033088833,0.009275911743466847,-0.157990609475803,0.002908975524465904,1.0,1.0,False
1470,2113.9717055028304,0.009591041370984318,-0.17156937467154876,0.003007913478504419,1.0,1.0,False
1471,2113.991325826384,0.010160836965228369,-0.1817972746026726,0.0031867025522853538,1.0,1.0,False
1472,2113.9731259979308,0.010666732942145709,-0.18016270327740358,0.0033453459201071385,1.0,1.0,False
1473,2113.90661726892,0.010933894833828176,-0.16337649180121616,0.0034289705602874514,1.0,1.0,False
1474,2113.833302088082,0.01116939809300135,-0.14445544618934036,0.0035026407919387602,1.0,1.0,False
1475,2113.785100132227,0.01119607609481152,-0.13340918893612752,0.0035108898521747345,1.0,1.0,False
1476,2113.754142612219,0.010923344891085464,-0.12776947584120535,0.0034253093191144034,1.0,1.0,False
1477,2113.7362945228815,0.010454792360908885,-0.12623939315307098,0.00327836221901474,1.0,1.0,False
1478,2113.734785914421,0.009934014202903725,-0.1298317393092816,0.003115083914000266,1.0,1.0,False
1479,2113.751895532012,0.009681123262739386,-0.1392612321082538,0.0030358645006174773,1.0,1.0,False
1480,2113.7799468412995,0.009544236372670956,-0.1521209818412217,0.002993043227135762,1.0,1.0,False
1481,2113.7891087904572,0.00922381416759431,-0.1590561554698411,0.0028926109522605537,1.0,1.0,False
1482,2113.7664214521646,0.008773676533316037,-0.15600218326602544,0.002751416552043116,1.0,1.0,False
1483,2113.7259863168,0.008642083287145736,-0.147381430269661,0.002710077729330121,1.0,1.0,False
1484,2113.6649426072836,0.00908512846791801,-0.132297252816727,0.002848886947026819,1.0,1.0,False
1485,2113.5860446095467,0.009706322163423625,-0.1116141352096065,0.0030434965339204575,1.0,1.0,False
1486,2113.5135968327522,0.00983412492751492,-0.09295346158882012,0.0030834052388392713,1.0,1.0,False
1487,2113.4972554445267,0.03760414072151355,-0.09188372655791,0.011790707462905807,1.0,1.0,False
1488,2113.5370015203953,0.011200618975430529,-0.10839877118951335,0.0035120083940333386,1.0,1.0,False
1489,2113.594783976674,0.012104885678044358,-0.13056900843088215,0.0037957758752179757,1.0,1.0,False
1490,2113.6205321401358,0.012701603281480003,-0.1426937869597964,0.003983020340028903,1.0,1.0,False
1491,2113.624962374568,0.012665011035271387,-0.14813261125721056,0.003971599588545056,1.0,1.0,False
1492,2113.630025923252,0.012012768991110704,-0.1537688819451546,0.003767123240111297,1.0,1.0,False
1493,2113.6538791805506,0.011045761068541163,-0.16529645933024995,0.0034639889982501127,1.0,1.0,False
1494,2113.679776161909,0.010398983092194492,-0.17746409901502602,0.0032612628617669556,1.0,1.0,False
1495,2113.663875862956,0.010596809905287762,-0.17652252297153836,0.003323294616095107,1.0,1.0,False
1496,2113.6151163876057,0.011433730597972312,-0.16527487705201338,0.003585640782182633,1.0,1.0,False
1497,2113.570521965623,0.011895687774795856,-0.15533251745398502,0.0037304078053206264,1.0,1.0,False
1498,2113.554771885276,0.01155926864461812,-0.15443445394390665,0.0036249050474349595,1.0,1.0,False
1499,2113.5450555086136,0.011396368192734065,-0.15542728216331625,0.0035738319248236716,1.0,1.0,False
1500,2113.524080365896,0.011430566434934192,-0.1528882375778835,0.003584522864078589,1.0,1.0,True
1501,2113.520511060953,0.011132881634544997,-0.15580626911287254,0.0034911910020443276,1.0,1.0,True
1502,2113.547825857997,0.011258776603648596,-0.16840828376638228,0.0035307912467913293,1.0,1.0,True
1503,2113.5718309879303,0.011873049900594634,-0.17997154020588368,0.003723542425944309,1.0,1.0,True
1504,2113.569973424077,0.012260704641666072,-0.1834228989819735,0.0038451504254726804,1.0,1.0,True
1505,2113.566777676344,0.011736765990766064,-0.1864533778204418,0.003680859461947431,1.0,1.0,True
1506,2113.5730311721563,0.011095273471084617,-0.19244612995777288,0.0034797268389336004,1.0,1.0,True
1507,2113.557675525546,0.011171307225558619,-0.19166058878931835,0.00350356285772802,1.0,1.0,True
1508,2113.500640705228,0.011778559511659603,-0.17780263189536072,0.0036938680413188805,1.0,1.0,True
1509,2113.4747348427773,0.01147099924209115,-0.17370607424095397,0.0035973576754995506,1.0,1.0,True
1510,2113.4029385000467,0.012807056367162707,-0.1552173598954596,0.004016149606994661,1.0,1.0,True
1511,2113.3607466071844,0.013705126016005277,-0.14601164852513193,0.0042976575937024464,1.0,1.0,True
1512,2113.3350446373224,0.014299799623193417,-0.14197576366552767,0.0044840756481179835,1.0,1.0,True
1513,2113.3270714432,0.014894901715004938,-0.14349798366896493,0.004670688965638885,1.0,1.0,True
1514,2113.3303819596767,0.01524454642616167,-0.14855731115733306,0.004780392842797485,1.0,1.0,True
1515,2113.3269156217575,0.014734294690811856,-0.1514903618765402,0.0046204268409173145,1.0,1.0,True
1516,2113.2928954660892,0.013057802339225025,-0.14484111780376452,0.004094634239782239,1.0,1.0,True
1517,2113.2283689007163,0.011041212086266601,-0.1286250204914836,0.003462115546143875,1.0,1.0,True
1518,2113.174906849861,0.01005597822141375,-0.11587773930887124,0.00315306308013627,1.0,1.0,True
1519,2113.157862342894,0.009575708795526562,-0.11454819136918104,0.0030024612692100042,1.0,1.0,True
1520,2113.1723244711757,0.009383141374056958,-0.12309636335129426,0.0029421480976742883,1.0,1.0,True
1521,2113.1992843970656,0.009749888537415962,-0.13556236321971937,0.0030572485139170012,1.0,1.0,True
1522,2113.234488733113,0.010612431338956362,-0.15061281870202947,0.003327849203209787,1.0,1.0,True
1523,2113.272827580571,0.0113189326997951,-0.16664561986686977,0.003549554528611885,1.0,1.0,True
1524,2113.2983102947474,0.01155561585706544,-0.17864613537295781,0.003623900294138476,1.0,1.0,True
1525,2113.2970874756575,0.011720892908437985,-0.18227067287449472,0.0036757631995016295,1.0,1.0,True
1526,2113.2636732906103,0.01191077609689796,-0.17579863521763173,0.0037352386804768256,1.0,1.0,True
1527,2113.2324118837714,0.012147523108865195,-0.1700006026775327,0.0038094149325590835,1.0,1.0,True
1528,2113.2337338104844,0.012440539452321686,-0.17441939196908152,0.0039013498607526746,1.0,1.0,True
1529,2113.2612179666758,0.012399519838469767,-0.18704163061272538,0.0038886211976333455,1.0,1.0,True
1530,2113.2867852449417,0.01194182916336376,-0.1990618964885016,0.0037452063531986934,1.0,1.0,True
1531,2113.274997487664,0.011255175269642426,-0.19936583911646721,0.003529856724405096,1.0,1.0,True
1532,2113.214606180787,0.010430784130532209,-0.18442584249561378,0.0032711667408719643,1.0,1.0,True
1533,2113.131802856922,0.009753831205476002,-0.16245711282317643,0.0030586733000246952,1.0,1.0,True
1534,2113.0787149704993,0.009498197043549546,-0.1498064623275468,0.0029784018425213503,1.0,1.0,True
1535,2113.079947978258,0.009508928613758943,-0.15418850561621866,0.0029818016797434365,1.0,1.0,True
1536,2113.1004050672054,0.00986282146987539,-0.16459774145170059,0.0030928643150908717,1.0,1.0,True
1537,2113.1184561550617,0.010607387241057182,-0.17425152420833,0.0033264378079156526,1.0,1.0,True
1538,2113.135136641562,0.011179125936218408,-0.1834744987414183,0.00350582103044435,1.0,1.0,True
1539,2113.1566521674395,0.011055574887710447,-0.1942127952469832,0.003467173375328747,1.0,1.0,True
1540,2113.1731410846114,0.010117158352658487,-0.20337371833232964,0.00317295037014206,1.0,1.0,True
1541,2113.1665951237082,0.00905711632627516,-0.20530931362731053,0.0028405124289565846,1.0,1.0,True
1542,2113.1382846683264,0.008710883150248061,-0.2004178978379514,0.0027318863913930185,1.0,1.0,True
1543,2113.0983555577695,0.008945523192550615,-0.19188159353660694,0.002805404024081522,1.0,1.0,True
1544,2113.0504505764693,0.009191306251939061,-0.1808430503292584,0.0028823913412652034,1.0,1.0,True
1545,2113.000093420502,0.00965466774564576,-0.16903467430722685,0.0030275962830919,1.0,1.0,True
1546,2112.961272213608,0.01029732783573962,-0.1608429238697795,0.003229052258969319,1.0,1.0,True
1547,2112.950520956889,0.010781074510493684,-0.16145224335713237,0.003380754780051346,1.0,1.0,True
1548,2112.9711244283244,0.011260605852262054,-0.17189272447052417,0.003531226190720429,1.0,1.0,True
1549,2112.97443268355,0.011562173456905519,-0.17690854703454306,0.003625844327639433,1.0,1.0,True
1550,2112.942512555048,0.011645656332672108,-0.17087581586770284,0.0036519517887590998,1.0,1.0,True
1551,2112.9229638502,0.011926684842431859,-0.16872145821611184,0.0037400452310057805,1.0,1.0,True
1552,2112.9327065311372,0.01185793084112049,-0.17575131846098202,0.003718560716198025,1.0,1.0,True
1553,2112.965896550566,0.01118835160981123,-0.19013319594466793,0.003508724835037241,1.0,1.0,True
1554,2112.994423174998,0.010161574934746618,-0.20305188846651845,0.0031868376969356993,1.0,1.0,True
1555,2112.9796673180535,0.009355849856023165,-0.20239550261572958,0.0029341402800681935,1.0,1.0,True
1556,2112.9157339036465,0.009567707301052934,-0.18631545136628347,0.0030004438118606627,1.0,1.0,True
1557,2112.861916542053,0.010144586222526926,-0.17340720396390452,0.0031812398552828317,1.0,1.0,True
1558,2112.8441441878676,0.010689096919539178,-0.17180128448137566,0.0033519786247179126,1.0,1.0,True
1559,2112.8395947143435,0.011627944685989567,-0.17434066940739967,0.0036464158468007706,1.0,1.0,True
1560,2112.817358277738,0.012736507666785562,-0.1713324156606859,0.003994013321355326,1.0,1.0,True
1561,2112.782655097544,0.013327370546331773,-0.16441363077154847,0.004179212165967678,1.0,1.0,True
1562,2112.7763687819242,0.012726760761230608,-0.1664046363334819,0.00399089058809702,1.0,1.0,True
1563,2112.8188474327326,0.010961526323400835,-0.1836865823596554,0.003437504877824464,1.0,1.0,True
1564,2112.8849588371813,0.009410351365212193,-0.20837969031413195,0.002951261568673357,1.0,1.0,True
1565,2112.920913171023,0.008899001161847393,-0.223614940978905,0.0027910120023794463,1.0,1.0,True
1566,2112.898286357522,0.009212112751969868,-0.22047643141780782,0.0028891837445806224,1.0,1.0,True
1567,2112.849817290902,0.010173915183895679,-0.2092320489713302,0.0031907264229640926,1.0,1.0,True
1568,2112.8032727837563,0.01141932312504771,-0.19859037591339757,0.0035811972164593677,1.0,1.0,True
1569,2112.7727595493197,0.01221878481276386,-0.1929752277553689,0.0038318488962854756,1.0,1.0,True
1570,2112.768082074821,0.0121652698338969,-0.19546106587768008,0.003815090667678518,1.0,1.0,True
1571,2112.796859577298,0.01137840455957399,-0.20843753805962706,0.0035684564514312776,1.0,1.0,True
1572,2112.8318940997124,0.011033473402212496,-0.2233756140353762,0.003460424472335998,1.0,1.0,True
1573,2112.8232206702232,0.01146051311298914,-0.22460469574053832,0.0035943673110685414,1.0,1.0,True
1574,2112.7760910838842,0.012243378742809074,-0.21377173850191866,0.003839778906446593,1.0,1.0,True
1575,2112.7273595631123,0.012388636875945092,-0.20243552549584365,0.0038852033370359775,1.0,1.0,True
1576,2112.689817368984,0.01235105578992859,-0.19460744781639505,0.0038733217260123794,1.0,1.0,True
1577,2112.686200797558,0.012226609985431078,-0.19741738518206375,0.0038343206513443643,1.0,1.0,True
1578,2112.688131093979,0.01256505882212341,-0.20196564910560255,0.003940505723028195,1.0,1.0,True
1579,2112.6723667234182,0.013200595844542602,-0.20096352453674626,0.0041397971162291155,1.0,1.0,True
1580,2112.651840880513,0.01343146201856365,-0.19846695519686364,0.004212164141559028,1.0,1.0,True
1581,2112.625845551491,0.013330750028569574,-0.19425394366550108,0.004180534295648688,1.0,1.0,True
1582,2112.609606206417,0.013532893554550587,-0.19309921424343202,0.004243917885181986,1.0,1.0,True
1583,2112.6235490590334,0.013957154038835975,-0.20140845406132257,0.004377066146520688,1.0,1.0,True
1584,2112.651715323329,0.01400579525559471,-0.21417732592198035,0.0043924804392898,1.0,1.0,True
1585,2112.675250083208,0.0134844852517057,-0.22549284347343246,0.004229123312563642,1.0,1.0,True
1586,2112.672761321068,0.01268757444381239,-0.22864563745076794,0.003979223864528988,1.0,1.0,True
1587,2112.6236816495657,0.012168077031024732,-0.21718512450888738,0.0038161635443373612,1.0,1.0,True
1588,2112.5454060435295,0.012163308162612558,-0.19656780306024757,0.0038144387775522347,1.0,1.0,True
1589,2112.470515578985,0.01260108746976053,-0.17701202031099683,0.003951509124054785,1.0,1.0,True
1590,2112.478590399027,0.012536118397322112,-0.18347209452673496,0.003931209612349332,1.0,1.0,True
1591,2112.435171544552,0.012246890458347297,-0.1737833327589442,0.0038404019556351645,1.0,1.0,True
1592,2112.3996416330338,0.011579098841126897,-0.16656737335296157,0.0036309136243012387,1.0,1.0,True
1593,2112.39111289382,0.01149887734651162,-0.16781709111364762,0.0036057597032128188,1.0,1.0,True
1594,2112.429460465908,0.012572127790916966,-0.18376509084527015,0.003942474314856295,1.0,1.0,True
1595,2112.5053990781307,0.014915665491808592,-0.21150135739259213,0.00467767893485164,1.0,1.0,True
1596,2112.4870206415653,0.013003490863072223,-0.2096585327760181,0.0040780312595479285,1.0,1.0,True
1597,2112.4985003471375,0.012554084762286479,-0.21717837027597398,0.003937182001149433,1.0,1.0,True
1598,2112.4627276062965,0.024931839909211672,-0.2098779945165461,0.007819006541899466,1.0,1.0,True
1599,2112.454218313098,0.014110065820758315,-0.21112655242228584,0.004425093663087513,1.0,1.0,True
1600,2112.3825069516897,0.013676534309625255,-0.1925535609475446,0.004288907189781092,1.0,1.0,True
1601,2112.331634119153,0.012997485501663722,-0.18051489375369556,0.00407581218339506,1.0,1.0,True
1602,2112.309129729867,0.0124613964867839,-0.17737108087214892,0.003907665075977414,1.0,1.0,True
1603,2112.319404631853,0.012265392102654543,-0.18450503718622713,0.0038462776472186406,1.0,1.0,True
1604,2112.3617573827505,0.012780515661321547,-0.20169739187446112,0.00400800853809691,1.0,1.0,True
1605,2112.415637627244,0.013992057118547148,-0.22250455667841607,0.0043881980596693106,1.0,1.0,True
1606,2112.4271718263626,0.014341015646941263,-0.23003063980149818,0.004497728138352467,1.0,1.0,True
1607,2112.3893328905106,0.013199361961684624,-0.2220709883984,0.00413957865875068,1.0,1.0,True
1608,2112.3435017466545,0.011850812422146799,-0.21160386800085007,0.0037165337549930405,1.0,1.0,True
1609,2112.3084214031696,0.011461006963936156,-0.20450730474033207,0.0035942157418309994,1.0,1.0,True
1610,2112.286356985569,0.012232750465919276,-0.20149142649950136,0.0038362018605678414,1.0,1.0,True
1611,2112.2888314425945,0.01394486087106698,-0.20616973123298976,0.004373174325579768,1.0,1.0,True
1612,2112.3055564910173,0.015335350402457568,-0.21531597512711187,0.004809350049199382,1.0,1.0,True
1613,2112.3096338808537,0.01541752127388189,-0.2204946934137979,0.004835181276161269,1.0,1.0,True
1614,2112.2980235666037,0.014651361329505468,-0.2207523133508289,0.004594899973860628,1.0,1.0,True
1615,2112.29879643023,0.01463239968868165,-0.2248922803545952,0.004589008276979558,1.0,1.0,True
1616,2112.3394060730934,0.015716898029448895,-0.2415249833276789,0.004929366752984956,1.0,1.0,True
1617,2112.391309797764,0.01647402528803134,-0.26169960542989656,0.005167126811299125,1.0,1.0,True
1618,2112.396757096052,0.015388923529885173,-0.2673024913427753,0.004826852877946083,1.0,1.0,True
1619,2112.3426069021225,0.0131214522261666,-0.25421133553237496,0.004115487844524284,1.0,1.0,True
1620,2112.2730817347765,0.011543783902301034,-0.23629740796508258,0.003620476223092645,1.0,1.0,True
1621,2112.220647446811,0.011077398542110914,-0.22374313161731152,0.003474070554684896,1.0,1.0,True
1622,2112.183259420097,0.010991194363177925,-0.21590670752294727,0.0034469539008355355,1.0,1.0,True
1623,2112.1739876940846,0.0109820794886882,-0.2168866761447248,0.0034440975554637186,1.0,1.0,True
1624,2112.1918856352568,0.011436332222440823,-0.2263862102291796,0.0035866450109322606,1.0,1.0,True
1625,2112.204574249685,0.012215445348924997,-0.2342509817700602,0.003831075757575325,1.0,1.0,True
1626,2112.196328751743,0.012315973847271533,-0.2355491530225322,0.0038626178616343997,1.0,1.0,True
1627,2112.1639127880335,0.011330389547357876,-0.2292656792607204,0.003553443808006687,1.0,1.0,True
1628,2112.101145911962,0.009585100300500592,-0.21346275727631792,0.0030059452462531766,1.0,1.0,True
1629,2112.0237267483026,0.007829681917555195,-0.19306454466442347,0.0024552914056328065,1.0,1.0,True
1630,2111.981007149443,0.00686091204885838,-0.18354718138255066,0.0021514390071984478,1.0,1.0,True
1631,nan,0.0,nan,0.0,0.0,0.0,False
1632,nan,0.0,nan,0.0,0.0,0.0,False
1633,nan,0.0,nan,0.0,0.0,0.0,False
1634,nan,0.0,nan,0.0,0.0,0.0,False
1635,nan,0.0,nan,0.0,0.0,0.0,False
1636,nan,0.0,nan,0.0,0.0,0.0,False
1637,nan,0.0,nan,0.0,0.0,0.0,False
1638,nan,0.0,nan,0.0,0.0,0.0,False
1639,nan,0.0,nan,0.0,0.0,0.0,False
1640,2112.013191937469,0.014827480877936035,-0.23236226655893688,0.004650203181172117,1.0,1.0,False
1641,nan,0.0,nan,0.0,0.0,0.0,False
1642,nan,0.0,nan,0.0,0.0,0.0,False
1643,nan,0.0,nan,0.0,0.0,0.0,False
1644,nan,0.0,nan,0.0,0.0,0.0,False
1645,nan,0.0,nan,0.0,0.0,0.0,False
1646,nan,0.0,nan,0.0,0.0,0.0,False
1647,nan,0.0,nan,0.0,0.0,0.0,False
1648,nan,0.0,nan,0.0,0.0,0.0,False
1649,nan,0.0,nan,0.0,0.0,0.0,False
1650,nan,0.0,nan,0.0,0.0,0.0,False
1651,nan,0.0,nan,0.0,0.0,0.0,False
1652,nan,0.0,nan,0.0,0.0,0.0,False
1653,nan,0.0,nan,0.0,0.0,0.0,False
1654,nan,0.0,nan,0.0,0.0,0.0,False
1655,nan,0.0,nan,0.0,0.0,0.0,False
1656,nan,0.0,nan,0.0,0.0,0.0,False
1657,nan,0.0,nan,0.0,0.0,0.0,False
1658,nan,0.0,nan,0.0,0.0,0.0,False
1659,nan,0.0,nan,0.0,0.0,0.0,False
1660,nan,0.0,nan,0.0,0.0,0.0,False
1661,nan,0.0,nan,0.0,0.0,0.0,False
1662,nan,0.0,nan,0.0,0.0,0.0,False
1663,nan,0.0,nan,0.0,0.0,0.0,False
1664,nan,0.0,nan,0.0,0.0,0.0,False
1665,nan,0.0,nan,0.0,0.0,0.0,False
1666,nan,0.0,nan,0.0,0.0,0.0,False
1667,nan,0.0,nan,0.0,0.0,0.0,False
1668,nan,0.0,nan,0.0,0.0,0.0,False
1669,nan,0.0,nan,0.0,0.0,0.0,False
1670,nan,0.0,nan,0.0,0.0,0.0,False
1671,nan,0.0,nan,0.0,0.0,0.0,False
1672,nan,0.0,nan,0.0,0.0,0.0,False
1673,nan,0.0,nan,0.0,0.0,0.0,False
1674,nan,0.0,nan,0.0,0.0,0.0,False
1675,nan,0.0,nan,0.0,0.0,0.0,False
1676,nan,0.0,nan,0.0,0.0,0.0,False
1677,nan,0.0,nan,0.0,0.0,0.0,False
1678,nan,0.0,nan,0.0,0.0,0.0,False
1679,nan,0.0,nan,0.0,0.0,0.0,False
1680,nan,0.0,nan,0.0,0.0,0.0,False
1681,nan,0.0,nan,0.0,0.0,0.0,False
1682,nan,0.0,nan,0.0,0.0,0.0,False
1683,nan,0.0,nan,0.0,0.0,0.0,False
1684,nan,0.0,nan,0.0,0.0,0.0,False
1685,nan,0.0,nan,0.0,0.0,0.0,False
1686,nan,0.0,nan,0.0,0.0,0.0,False
1687,nan,0.0,nan,0.0,0.0,0.0,False
1688,nan,0.0,nan,0.0,0.0,0.0,False
1689,nan,0.0,nan,0.0,0.0,0.0,False
1690,nan,0.0,nan,0.0,0.0,0.0,False
1691,nan,0.0,nan,0.0,0.0,0.0,False
1692,nan,0.0,nan,0.0,0.0,0.0,False
1693,nan,0.0,nan,0.0,0.0,0.0,False
1694,nan,0.0,nan,0.0,0.0,0.0,False
1695,nan,0.0,nan,0.0,0.0,0.0,False
1696,nan,0.0,nan,0.0,0.0,0.0,False
1697,nan,0.0,nan,0.0,0.0,0.0,False
1698,nan,0.0,nan,0.0,0.0,0.0,False
1699,nan,0.0,nan,0.0,0.0,0.0,False
1700,nan,0.0,nan,0.0,0.0,0.0,False
1701,nan,0.0,nan,0.0,0.0,0.0,False
1702,2011.0975525528193,0.03933655327624454,29.832631119221617,0.01130227239701481,0.2,0.2,False
1703,2011.3368729650974,0.02922937585268267,29.76037773552872,0.008399914998042574,1.0,1.0,True
1704,2011.3392697870731,0.026800646326518542,29.75620438114413,0.0077019808399689665,0.82,0.82,True
1705,2011.3176608979702,0.02308070183578732,29.758931002631925,0.006632845148196732,0.92,0.92,True
1706,2011.2907185405493,0.021239525452467607,29.763191530912366,0.006103666241226872,1.0,1.0,True
1707,2011.2646063566208,0.018828973633156377,29.7672146557519,0.005410892090096772,1.0,1.0,True
1708,2011.2725539505482,0.016971238429523465,29.761451124352504,0.004877142940394673,1.0,1.0,True
1709,2011.3059000968933,0.017229716686934595,29.748389580759124,0.0049516404748726804,1.0,1.0,True
1710,2011.3365102410316,0.018650456364136602,29.73611508440166,0.005360155371322194,1.0,1.0,True
1711,2011.3492102622986,0.01913604195243897,29.728988845507672,0.00549981521674116,1.0,1.0,True
1712,2011.3364829272032,0.019571532597730895,29.729171669782374,0.0056249355977287295,1.0,1.0,True
1713,2011.305669054389,0.020201932188871403,29.734553801641027,0.005805998589829332,1.0,1.0,True
1714,2011.2693580687046,0.018861723035050126,29.741516897868564,0.005420691270764239,1.0,1.0,True
1715,2011.222993709147,0.016191002585412496,29.75137025714406,0.004653014905184803,1.0,1.0,True
1716,2011.1795296519995,0.013849926531650512,29.76039106483489,0.003980127220642745,1.0,1.0,True
1717,2011.1491588577628,0.014000658601779209,29.76565023515974,0.004023378036528907,1.0,1.0,True
1718,2011.129711970687,0.017152280346669418,29.767771356752235,0.004929020247614761,1.0,1.0,True
1719,2011.11619438231,0.01970934377331465,29.76818979207684,0.005663826102710801,1.0,1.0,True
1720,2011.1034731529653,0.01994442049951973,29.768380599808665,0.005731380536114932,1.0,1.0,True
1721,2011.0850530713797,0.01810710999740396,29.770210296224718,0.005203373894422105,1.0,1.0,True
1722,2011.0675017759204,0.016574913434385698,29.771791543756194,0.004763047110138715,1.0,1.0,True
1723,2011.0659260638058,0.016050663379351373,29.768783161641977,0.0046124466125526155,1.0,1.0,True
1724,2011.0854375511408,0.015189860152282065,29.75971607983257,0.004365199408950052,1.0,1.0,True
1725,2011.102905754,0.014944903586328152,29.75123718757908,0.004294911630526516,1.0,1.0,True
1726,2011.1003366075456,0.01629018094184559,29.748517796170177,0.004681549001495635,1.0,1.0,True
1727,2011.0859385728836,0.01764707233658919,29.749199062612036,0.005071460022373501,1.0,1.0,True
1728,2011.0536850448698,0.01814918584118134,29.755012889613795,0.005215689295327258,1.0,1.0,True
1729,2011.0254521686584,0.018438806151503208,29.759672399027977,0.0052988599340699815,1.0,1.0,True
1730,2011.016088347882,0.019711799062760837,29.75891059420536,0.005664674464497793,1.0,1.0,True
1731,2011.0230970820412,0.02112296081097817,29.753444890318065,0.006070283850515528,1.0,1.0,True
1732,2011.041466942057,0.020797413529135913,29.744715289393355,0.005976899085354976,1.0,1.0,True
1733,2011.05018055439,0.01922591211071984,29.738761836843764,0.005525399430965722,1.0,1.0,True
1734,2011.0400563199073,0.018167425770987924,29.73822341655341,0.005221191396256893,1.0,1.0,True
1735,2011.0019967629923,0.01787630818360508,29.745714552360766,0.005137413728341734,1.0,1.0,True
1736,2010.9496442768723,0.01756775258939982,29.757314216682516,0.005048565855108933,1.0,1.0,True
1737,2010.8975490927696,0.017702921121626167,29.768840753951736,0.0050872201511482276,1.0,1.0,True
1738,2010.8624490648508,0.019305952323434957,29.775484401085237,0.005547729618645922,1.0,1.0,True
1739,2010.840678498149,0.020965999860185384,29.7782988222732,0.006024719427810843,1.0,1.0,True
1740,2010.8423759639263,0.021283827890875465,29.77437069333598,0.006116138301044714,1.0,1.0,True
1741,2010.863715581596,0.02047694298995062,29.764799228300262,0.0058844296893913696,1.0,1.0,True
1742,2010.8722722306848,0.019346527522135015,29.758902240075088,0.0055596882102882115,1.0,1.0,True
1743,2010.8528922498226,0.018728033353082277,29.761034697288096,0.005381956936875196,1.0,1.0,True
1744,2010.8483621999621,0.019414746234585282,29.758900895166903,0.005579345497326581,1.0,1.0,True
1745,2010.86452806741,0.02148223745501251,29.750820732642467,0.0061736376606707985,1.0,1.0,True
1746,2010.8654636666179,0.024199826966844924,29.747118572737293,0.006954688699397485,1.0,1.0,True
1747,2010.824789956212,0.024749365464991457,29.755375380011515,0.007112433250623764,1.0,1.0,True
1748,2010.7764395922422,0.022564244461357838,29.765839233965437,0.006484270650131088,1.0,1.0,True
1749,2010.7535986751318,0.019445369045544288,29.7689735210069,0.005587960062156774,1.0,1.0,True
1750,2010.7603439837694,0.018867793473132076,29.763606910525255,0.005422063407266778,1.0,1.0,True
1751,2010.774739049375,0.020283632584755455,29.75604308541,0.005829058293763838,1.0,1.0,True
1752,2010.768365226686,0.02209023558574404,29.754448883210387,0.006348293035618704,1.0,1.0,True
1753,2010.7327827364206,0.024712217697806908,29.76124974717459,0.00710165807997903,1.0,1.0,True
1754,2010.667452275753,0.026579501329927147,29.77660013405591,0.007637939956343481,1.0,1.0,True
1755,2010.610366538167,0.026714203891403356,29.7895819401341,0.007676303605774844,1.0,1.0,True
1756,2010.5594022721052,0.02664877077901198,29.80080553251969,0.007657210165913592,1.0,1.0,True
1757,2010.5307805538177,0.02185403691826951,29.80561026215321,0.006279386841832615,1.0,1.0,True
1758,2010.522355005145,0.021621697180451423,29.804613137432,0.006212677067453323,1.0,1.0,True
1759,2010.5425854325294,0.021172584679197096,29.79538326191937,0.006083767923057907,1.0,1.0,True
1760,2010.5637958049774,0.019412006938815677,29.785872769976038,0.005578039048658629,1.0,1.0,True
1761,2010.567481637001,0.01706449105936485,29.781399017811964,0.0049035610791574894,1.0,1.0,True
1762,2010.5672506541014,0.018599838222029208,29.778051953479633,0.005344783046914746,1.0,1.0,True
1763,2010.569301724434,0.02099210614951908,29.774050306894026,0.00603227330532404,1.0,1.0,True
1764,2010.5447830557823,0.023162320814769263,29.777684920337265,0.006655838878002365,1.0,1.0,True
1765,2010.4986879527569,0.025305497732319816,29.78752072506353,0.007271518551266773,1.0,1.0,True
1766,2010.4808293431997,0.0275454978136366,29.789243885462497,0.00791519098882158,1.0,1.0,True
1767,2010.488494515419,0.024751585290110463,29.78363403503232,0.007112437687117152,1.0,1.0,True
1768,2010.4969853758812,0.022879021994783158,29.77778804645652,0.006574458525232985,1.0,1.0,True
1769,2010.4911512583494,0.017589434413256503,29.776059600712586,0.00505446906024506,1.0,1.0,True
1770,2010.4833318591118,0.017732794807937366,29.77490285485078,0.005095674826031122,1.0,1.0,True
1771,2010.4443197995424,0.01862115615566464,29.782710724994956,0.005350812141322464,1.0,1.0,True
1772,2010.4089597314596,0.020684650045871306,29.789470244553797,0.005943626978741366,1.0,1.0,True
1773,2010.398060426116,0.022143294591420375,29.789202203067532,0.006362786061556478,1.0,1.0,True
1774,2010.4042865931988,0.022404773173523046,29.784014397081933,0.006438067470055463,1.0,1.0,True
1775,2010.4206802994013,0.021529895202074434,29.775906023731807,0.006186830827690327,1.0,1.0,True
1776,2010.423476755619,0.02077360673900477,29.771706023776233,0.005969570136820917,1.0,1.0,True
1777,2010.3921811431646,0.020792921109291602,29.77730391131837,0.005975029920070397,1.0,1.0,True
1778,2010.3428393900394,0.020809920109740324,29.78808847035259,0.0059796931147010545,1.0,1.0,True
1779,2010.2939021140337,0.021561876453402476,29.79875767673161,0.00619552221469318,1.0,1.0,True
1780,2010.2736960798502,0.022663240094282906,29.801172343870178,0.00651190318828471,1.0,1.0,True
1781,2010.2831074148417,0.02219277343627835,29.795078033264417,0.006376847516922461,1.0,1.0,True
1782,2010.3067931681871,0.02096020749526763,29.784883108219503,0.0060228834209958716,1.0,1.0,True
1783,2010.3236007243395,0.01991471826507101,29.776665598153556,0.005722606840215182,1.0,1.0,True
1784,2010.320093035698,0.020006078182657747,29.77428692156269,0.005748908940744828,1.0,1.0,True
1785,2010.3172297477722,0.021616467713728205,29.77172427249593,0.0062117440192396645,1.0,1.0,True
1786,2010.3286855071783,0.02261367225211966,29.765048034043332,0.0064984458377622565,1.0,1.0,True
1787,2010.329821407795,0.022971957129421502,29.76133851094187,0.006601497508606142,1.0,1.0,True
1788,2010.3155926018953,0.02282062068334651,29.762045535225468,0.006557980729219779,1.0,1.0,True
1789,2010.2976169288158,0.021864549570350344,29.76383050607427,0.006283167285711066,1.0,1.0,True
1790,2010.2785421609879,0.02067714230072978,29.76593252735728,0.0059419095867964495,1.0,1.0,True
1791,2010.2673699557781,0.01943598437910875,29.765764835874563,0.005585211223721495,1.0,1.0,True
1792,2010.2331223264337,0.018876320031920343,29.772229384159345,0.0054243009140790685,1.0,1.0,True
1793,2010.1835272461176,0.020102615778378335,29.78310515510225,0.005776497121861765,1.0,1.0,True
1794,2010.1245823651552,0.022133192489890968,29.796668363487186,0.006359755111561521,1.0,1.0,True
1795,2010.0543585903943,0.027370094726524172,29.81347295944795,0.007864036271718689,1.0,1.0,True
1796,nan,0.0,nan,0.0,0.0,0.0,False
1797,nan,0.0,nan,0.0,0.0,0.0,False
1798,nan,0.0,nan,0.0,0.0,0.0,False
1799,2043.9428913332522,0.26607945895256246,19.919425456071735,0.07875573927863487,0.98,0.98,False
1800,2044.1971849501133,0.019586684343877166,19.84071871031898,0.005795993109337157,1.0,1.0,True
1801,2044.3166780173779,0.01973093464471264,19.801891571553767,0.005839359061684685,1.0,1.0,True
1802,2044.3504070788622,0.01862941014379325,19.788445030510672,0.005513572563939465,1.0,1.0,True
1803,2044.3512333482504,0.018191421582574252,19.784737386221877,0.005384030023947547,1.0,1.0,True
1804,2044.3535294681787,0.018762169272480568,19.78059589346816,0.005553023592767472,1.0,1.0,True
1805,2044.369537398219,0.019278201207171053,19.772397237337884,0.005705887614266708,1.0,1.0,True
1806,2044.3979774266481,0.01960230624699938,19.760519902468445,0.005802004059632144,1.0,1.0,True
1807,2044.417233735323,0.019801599265603695,19.751361708587297,0.005861122679422362,1.0,1.0,True
1808,2044.4001852571964,0.020445479325632374,19.75295059103047,0.006051692094325609,1.0,1.0,True
1809,2044.3855919986963,0.021403562652069278,19.753813961945184,0.006335239251246811,1.0,1.0,True
1810,2044.3716421723366,0.02152928146674557,19.754488099886885,0.006372428532852668,1.0,1.0,True
1811,2044.3427276611328,0.020393172672629477,19.75959282606226,0.0060360864900507365,1.0,1.0,True
1812,2044.2940202355385,0.019316058135786362,19.7705569868196,0.005717128147008544,1.0,1.0,True
1813,2044.2389102131128,0.01893874770580544,19.783416965719255,0.005605235219210763,1.0,1.0,True
1814,2044.1818421557546,0.01787647849078599,19.79685716506691,0.005290626193382687,1.0,1.0,True
1815,2044.1356873214245,0.016789188487331148,19.80706835301868,0.00496870674216653,1.0,1.0,True
1816,2044.1209258288145,0.01635334375876424,19.80798990300974,0.004839705249801428,1.0,1.0,True
1817,2044.1347695589066,0.01663009212225446,19.8004470387109,0.004921715281649268,1.0,1.0,True
1818,2044.15647085011,0.017288488224792935,19.79057971751763,0.005116714963376441,1.0,1.0,True
1819,2044.1547427475452,0.017267653869976893,19.78764760610818,0.0051105812116090076,1.0,1.0,True
1820,2044.124092835933,0.01795062938457209,19.793276403859636,0.0053126206277601395,1.0,1.0,True
1821,2044.0868228711188,0.018615363398571193,19.80086553878499,0.005509215835942257,1.0,1.0,True
1822,2044.0601081196219,0.01910499731982896,19.805331959811326,0.005654029816487417,1.0,1.0,True
1823,2044.0444178394973,0.019816684492215943,19.806536915426534,0.005864640294475566,1.0,1.0,True
1824,2044.037537517026,0.019498681816368442,19.80513581889278,0.005770568613896675,1.0,1.0,True
1825,2044.0330881047994,0.017727641962977447,19.803016511887506,0.005246477698709241,1.0,1.0,True
1826,2044.0283511495218,0.015933921404958706,19.80098350900886,0.004715647600709618,1.0,1.0,True
1827,2044.010502774734,0.014891249743677209,19.802832038957547,0.0044070586490595615,1.0,1.0,True
1828,2043.9874105891213,0.014509569174312863,19.806233662797013,0.0042940594667031816,1.0,1.0,True
1829,2043.9758366765454,0.01543695281755867,19.806227706511265,0.004568494810289067,1.0,1.0,True
1830,2043.9816858042032,0.017209754900029336,19.80106665888377,0.005093231365507972,1.0,1.0,True
1831,2043.9933709260076,0.018306295662509475,19.794179558603048,0.005417872997737922,1.0,1.0,True
1832,2043.978677651845,0.018368666985810234,19.795100448985465,0.005436313401598424,1.0,1.0,True
1833,2043.9437506515533,0.018196483760353294,19.80201076134165,0.005385214369481478,1.0,1.0,True
1834,2043.9045298919082,0.017505224842273914,19.81019285758856,0.005180496783767067,1.0,1.0,True
1835,2043.8816832900047,0.015831505808270877,19.813530255301828,0.004685136513686009,1.0,1.0,True
1836,2043.8880819752812,0.01363700710572461,19.808213987860483,0.00403578249960901,1.0,1.0,True
1837,2043.913845859468,0.013464955128886827,19.79716770804106,0.003984998619802916,1.0,1.0,True
1838,2043.9296637289226,0.015638959277759722,19.789065926955743,0.004628502858396111,1.0,1.0,True
1839,2043.9187544845045,0.01723476205939611,19.78887543376976,0.005100794712550774,1.0,1.0,True
1840,2043.893596086651,0.01737761184541761,19.79290332145365,0.0051430176437430785,1.0,1.0,True
1841,2043.8695423528552,0.016711932290793763,19.79660544964122,0.004945963518393367,1.0,1.0,True
1842,2043.8564018532634,0.01677075068028142,19.797078961280135,0.004963361088025629,1.0,1.0,True
1843,2043.846615113318,0.01666207735702397,19.79656113280805,0.00493119572518911,1.0,1.0,True
1844,2043.825933687389,0.015224311749308326,19.799268835179646,0.004505639317419863,1.0,1.0,True
1845,2043.78251978755,0.014120380505060141,19.808705324433276,0.004178822641833904,1.0,1.0,True
1846,2043.7280204296112,0.014015404083806655,19.821423331348853,0.004147611799658971,1.0,1.0,True
1847,2043.6837167590857,0.014143261495141512,19.83112494722849,0.004185333389070581,1.0,1.0,True
1848,2043.6528860926628,0.01559878794255702,19.836840610069828,0.0046159885582909,1.0,1.0,True
1849,2043.632128149271,0.01722130449275051,19.839576722048605,0.005096092885459702,1.0,1.0,True
1850,2043.6268524229527,0.01775769867893954,19.837732589869404,0.005254853235441258,1.0,1.0,True
1851,2043.6432857513428,0.017820234586232404,19.82946546377258,0.0052734669932632695,1.0,1.0,True
1852,2043.6754480749369,0.01742807332568429,19.816544599005624,0.005157604126392157,1.0,1.0,True
1853,2043.7117804586887,0.01672717943536509,19.80239033730834,0.004950374814600753,1.0,1.0,True
1854,2043.7144499868155,0.01652743394675965,19.79819945810948,0.004891303608976136,1.0,1.0,True
1855,2043.6790618151426,0.016727720178823482,19.805272971362058,0.004950493224373634,1.0,1.0,True
1856,2043.6451921463013,0.017388361835976012,19.811898168210348,0.005145916978916137,1.0,1.0,True
1857,2043.625245898962,0.018347579239646417,19.814404001572427,0.005429754057873632,1.0,1.0,True
1858,2043.6223647743464,0.01901389206179368,19.81186080406377,0.005626976419268975,1.0,1.0,True
1859,2043.622860878706,0.019112525914407066,19.808319334601435,0.005656250843200127,1.0,1.0,True
1860,2043.6120877712965,0.020142479597155975,19.808114117079356,0.005961085109075393,1.0,1.0,True
1861,2043.5948403924704,0.02111110243732732,19.809826133980266,0.006247696740072108,1.0,1.0,True
1862,2043.5766391903162,0.02063382877655701,19.81182163392907,0.006106400903806843,1.0,1.0,True
1863,2043.5536439716816,0.020509132489887952,19.815237073376863,0.006069436829690268,1.0,1.0,True
1864,2043.529721930623,0.016926619890106805,19.818927974208577,0.0050091788060989215,1.0,1.0,True
1865,2043.5243917405605,0.027023447216499852,19.81711809001962,0.007997201634466928,1.0,1.0,True
1866,2043.5245538949966,0.024705895715983743,19.81368401449464,0.0073113733484647826,1.0,1.0,True
1867,2043.5065879821777,0.025696017670593,19.81561594158046,0.007604496248899208,1.0,1.0,True
1868,2043.5167326629162,0.01705265219454382,19.809230031438005,0.0050466012726109585,1.0,1.0,True
1869,2043.534816980362,0.02297796260186129,19.800495481741677,0.006800283138958514,1.0,1.0,True
1870,2043.523653358221,0.023519980980720234,19.80041799044085,0.00696074443218307,1.0,1.0,True
1871,2043.5075875669718,0.02271779776932927,19.801792513706914,0.006723288220696562,1.0,1.0,True
1872,2043.4709523320198,0.018200792751889752,19.80925569443025,0.005386404884821361,1.0,1.0,True
1873,2043.4612658768892,0.022886492783956464,19.808744693623396,0.00677310763539137,1.0,1.0,True
1874,2043.4521578252316,0.018327934399309475,19.808063732062465,0.005424033880858536,1.0,1.0,True
1875,2043.4157781600952,0.017199459002660494,19.815454791454215,0.005089960986537712,1.0,1.0,True
1876,2043.3755296766758,0.01821495536805466,19.823991812006,0.005390343401540928,1.0,1.0,True
1877,2043.3385046422482,0.01925815231189319,19.831575940423534,0.005698935343488431,1.0,1.0,True
1878,2043.3201235979795,0.018599682990562808,19.833643985635092,0.00550406611828634,1.0,1.0,True
1879,2043.3310054391623,0.017015177384033537,19.827053628133797,0.00503526931789164,1.0,1.0,True
1880,2043.3448615521193,0.016527054461620456,19.81958416680186,0.004890924778048818,1.0,1.0,True
1881,2043.3478973209858,0.01775095679011305,19.815317926429884,0.005253188604657318,1.0,1.0,True
1882,2043.3432563990355,0.01866731470928214,19.813324696054508,0.005524412147909613,1.0,1.0,True
1883,2043.3482653051615,0.019104018387539626,19.80847686570246,0.005653734471834055,1.0,1.0,True
1884,2043.365679576993,0.020226375717159954,19.799958806212828,0.005986027376385661,1.0,1.0,True
1885,2043.3757434338331,0.020691636253697288,19.793617163552426,0.006123853178976106,1.0,1.0,True
1886,2043.3805258125067,0.01972633254619615,19.788839734644966,0.005838244707932932,1.0,1.0,True
1887,2043.3801273852587,0.02054989532597432,19.78559679022851,0.006082014012268402,1.0,1.0,True
1888,2043.2845361232758,0.16115230418170495,19.810527848747768,0.04770494139971624,1.0,1.0,False
1889,nan,0.0,nan,0.0,0.0,0.0,False
1890,nan,0.0,nan,0.0,0.0,0.0,False
1891,nan,0.0,nan,0.0,0.0,0.0,False
1892,nan,0.0,nan,0.0,0.0,0.0,False
1893,nan,0.0,nan,0.0,0.0,0.0,False
1894,2076.3539111316204,0.028841094701396626,9.86063625638485,0.008786261080217928,0.9,0.9,True
1895,2076.3889461159706,0.027147695173235214,9.846511496389667,0.008270730685469404,0.96,0.96,True
1896,nan,0.0,nan,0.0,0.0,0.0,False
1897,2076.4480369389057,0.025558784461681788,9.821608998361057,0.007787198571556631,1.0,1.0,True
1898,2076.4485154747963,0.027306335094218925,9.818015134121424,0.00831976621082372,0.84,0.84,True
1899,2076.4666910767555,0.031009761663470237,9.809030389695295,0.009448268439443028,0.94,0.94,True
1900,2076.4613647460938,0.024286288316636876,9.8072075182439,0.007399815232304115,0.84,0.84,True
1901,2076.465386494994,0.0202856429014767,9.802537551688829,0.006180947353320188,1.0,1.0,True
1902,2076.4256317019463,0.020112671020867775,9.811207151891267,0.006128116787165718,0.86,0.86,True
1903,2076.4667368233204,0.026931430853417978,9.79524049554982,0.008206034655909349,0.9,0.9,True
1904,2076.464497551322,0.02761505267449995,9.792481772384065,0.00841442035784357,1.0,1.0,True
1905,2076.3876200169325,0.025589463269162508,9.812466255302468,0.007796748640209401,1.0,1.0,True
1906,2076.3303109258413,0.024689800999308467,9.826488860050688,0.007522344411247298,1.0,1.0,True
1907,2076.324838504195,0.024164852798302872,9.824719100898278,0.007362470218454964,1.0,1.0,True
1908,2076.3381890952587,0.022879046392021703,9.817215552906248,0.00697087135086873,1.0,1.0,True
1909,2076.3412743508816,0.02121492278283001,9.812840776390942,0.006463899949574944,0.88,0.88,True
1910,2076.3366429954767,0.018103456622440135,9.810818326187245,0.005515898456649394,1.0,1.0,True
1911,2076.351523965597,0.018180424935261796,9.802851815394888,0.005539482382803489,1.0,1.0,True
1912,2076.383281111717,0.020549452390597283,9.789744082480297,0.006261543445807275,1.0,1.0,True
1913,2076.3830620348454,0.021560523375446367,9.78638067358645,0.006569685032311691,1.0,1.0,True
1914,2076.342354118824,0.018828769281118055,9.795355700154573,0.00573712925346848,0.98,0.98,True
1915,2076.257522881031,0.01606451790141968,9.81777557600708,0.004894586921266027,1.0,1.0,True
1916,2076.161264695227,0.016503465932756367,9.843676572547793,0.0050279661161121945,1.0,1.0,True
1917,2076.101922735572,0.020094087758942107,9.858330626741065,0.0061215957049457976,1.0,1.0,True
1918,2076.095384787768,0.020241796198711276,9.856899008035214,0.006166612115525546,0.8,0.8,True
1919,2076.1385961696506,0.021891577250993093,9.840312153866364,0.006669532264618941,1.0,1.0,True
1920,2076.204913698137,0.016143357002841023,9.816685713688173,0.00491861354425931,0.32,0.32,False
1921,2076.2416853755713,0.022641122727352015,9.802061503890513,0.006898691686525077,1.0,1.0,True
1922,2076.243368640542,0.0244743909177648,9.798129497325078,0.007457372217403185,0.92,0.92,True
1923,nan,0.0,nan,0.0,0.0,0.0,False
1924,2076.224924571812,0.02242220202501191,9.796914773465915,0.006832108482519323,0.96,0.96,True
1925,2076.2320042923093,0.02224908742813695,9.791342015141993,0.006779473691606342,1.0,1.0,True
1926,2076.2266412973404,0.02150615880788359,9.789561795987083,0.006553095810310033,0.98,0.98,True
1927,2076.2058275565505,0.021857442612842067,9.792490742733321,0.006660075204380903,1.0,1.0,True
1928,2076.1881437301636,0.022963527269533848,9.79446718400078,0.0069970550070726206,0.96,0.96,True
1929,2076.1525530591607,0.019686063213134798,9.801901043680857,0.0059982356698061534,0.6,0.6,False
1930,nan,0.0,nan,0.0,0.0,0.0,False
1931,2076.0537658352405,0.04145708407985179,9.825182924332125,0.012631199998214162,0.08,0.08,False
1932,2075.9730191845447,0.0,9.846377214701079,0.0,0.02,0.02,False
1933,2076.0260765384883,0.028002846360699385,9.826806966733784,0.008531681856861446,0.42,0.42,False
1934,2076.02627841942,0.02591660540660152,9.823341147861356,0.00789620945443538,0.6,0.6,False
1935,2076.024401554838,0.026553715797816596,9.82050986137375,0.008090409656419011,1.0,1.0,False
1936,2076.010884238407,0.026897153259418008,9.82122640910444,0.008195036026257933,0.6,0.6,False
1937,2076.0266178632155,0.026102422691006537,9.813031857903411,0.007953081478990487,1.0,1.0,True
1938,2076.0666667446494,0.025191566465376285,9.797429484269458,0.007675886186449334,1.0,1.0,True
1939,2076.1000243276358,0.02928841617630803,9.783866551014853,0.008924595579598526,0.34,0.34,False
1940,nan,0.0,nan,0.0,0.0,0.0,False
1941,2076.0818908140063,0.021908738082225775,9.782598392901889,0.006675984597994593,1.0,1.0,True
1942,2076.0302464095876,0.02138593246142943,9.794939992298112,0.006516433517194363,1.0,1.0,True
1943,nan,0.0,nan,0.0,0.0,0.0,False
1944,2075.9689458366483,0.026048891701702357,9.806832180738013,0.007936886231204062,1.0,1.0,False
1945,2075.9569549299777,0.025312172406792118,9.807094581902334,0.00771245518436084,0.22,0.22,False
1946,2075.9335016310215,0.023562604740733416,9.810850704668837,0.007179331521873312,0.54,0.54,False
1947,2075.9195120334625,0.02150066348086691,9.811724512250976,0.006551053361095112,1.0,1.0,True
1948,2075.9034293815494,0.02224970733174993,9.81323726273638,0.006779237049714737,1.0,1.0,True
1949,2075.8846550509334,0.023170574411852395,9.815571341731243,0.007059774918019252,0.88,0.88,True
1950,2075.86130438745,0.023698059205160892,9.819300958443705,0.007220442935601955,1.0,1.0,True
1951,2075.8512386009097,0.022751272032074752,9.818984074489094,0.006931946854329065,0.6,0.6,False
1952,2075.8531756848097,0.02467429291538444,9.815011287583332,0.007517943126267815,1.0,1.0,False
1953,2075.855433344841,0.022893337345965017,9.810941986964508,0.006975433195696478,0.22,0.22,False
1954,2075.845152646303,0.023753705005238542,9.81069421020436,0.007237578530595514,0.82,0.82,True
1955,2075.8160448148847,0.021372731993990167,9.81618408654083,0.006511986295349592,1.0,1.0,True
1956,2075.758113183081,0.023237633252486116,9.830457098773365,0.00707990901942702,1.0,1.0,True
1957,2075.701306015253,0.02473799825545875,9.84438816200361,0.007536802292703066,1.0,1.0,True
1958,2075.69555914402,0.022387183276644844,9.842763974221498,0.006820653460633059,1.0,1.0,True
1959,2075.7063605487347,0.02040109233092311,9.836099253899192,0.006215651590213473,1.0,1.0,True
1960,2075.6825115531683,0.0031253784779010914,9.839992612881304,0.0009522003621181108,0.04,0.04,False
1961,2075.6558226943016,0.023438690550748716,9.844752346420194,0.007140886705574416,1.0,1.0,True
1962,2075.6240387260914,0.024444766753696882,9.85106549663601,0.007447211567067132,0.86,0.86,True
1963,2075.5735327750444,0.01976534182069824,9.863083395120611,0.006021454982057696,1.0,1.0,True
1964,2075.522320702672,0.02652130518825716,9.87531720706977,0.00807940705141343,1.0,1.0,True
1965,2075.5591591894627,0.019970087774257794,9.860728283455558,0.006083881475052742,0.96,0.96,True
1966,2075.5709370076656,0.021647926742762905,9.853774905509226,0.006595135788023023,0.72,0.72,False
1967,2075.592124029994,0.024083561337506495,9.843955954294131,0.007337395241425613,0.24,0.24,False
1968,2075.642045021057,0.03124116433759498,9.825383341927136,0.009518559886017262,0.34,0.34,False
1969,2075.636912584305,0.030584510675422377,9.823585165123632,0.009318602766483986,0.98,0.98,False
1970,2075.6396521627903,0.027447625190944788,9.819389698859368,0.008362873297970003,0.14,0.14,False
1971,nan,0.0,nan,0.0,0.0,0.0,False
1972,2075.626258343458,0.027973388270682065,9.816752674091617,0.008523188935969817,0.82,0.82,False
1973,2075.621566697955,0.03339854410389251,9.814824982647792,0.010176178330431633,0.76,0.76,False
1974,2075.629339918494,0.018155408272219523,9.809100490772835,0.005531883572273754,0.04,0.04,False
1975,nan,0.0,nan,0.0,0.0,0.0,False
1976,2075.548814535141,0.028012850119391204,9.826927378422795,0.008535007354711908,0.56,0.56,False
1977,2075.672923281789,0.02923317747285445,9.78575912424759,0.008907748801519845,1.0,1.0,False
1978,nan,0.0,nan,0.0,0.0,0.0,False
1979,nan,0.0,nan,0.0,0.0,0.0,False
1980,nan,0.0,nan,0.0,0.0,0.0,False
1981,nan,0.0,nan,0.0,0.0,0.0,False
1982,2088.880442671478,0.04681864600144551,5.720701335671322,0.01443467464716869,1.0,1.0,True
1983,2088.6256650984287,0.028469832181798063,5.795856847647087,0.00877559150727764,1.0,1.0,True
1984,2088.5428910702467,0.026886254976624835,5.817985927297684,0.008286982110581584,1.0,1.0,True
1985,2088.5111498236656,0.0258708668797822,5.824385970309891,0.00797394627430036,0.98,0.98,True
1986,2088.4657897651196,0.025812387381514874,5.834984572683538,0.007955653857065948,1.0,1.0,True
1987,2088.451647222042,0.023979985618598067,5.835962720502891,0.0073908115787746555,1.0,1.0,True
1988,2088.4304512143135,0.02062868289964253,5.83911599850677,0.006357819651139565,1.0,1.0,True
1989,2088.3884761333466,0.01762539658993246,5.848674566812917,0.005432061468921584,1.0,1.0,True
1990,2088.3639023005962,0.018229301686402084,5.852871183922844,0.005618125106487354,1.0,1.0,True
1991,2088.3694811165333,0.02015821014951275,5.847776102000921,0.00621268058868391,1.0,1.0,True
1992,2088.3948818147182,0.021730966317464438,5.836572939736186,0.00669761169493122,1.0,1.0,True
1993,2088.4254247248173,0.0217827339284061,5.823785689100475,0.0067138097861674535,1.0,1.0,True
1994,2088.447161644697,0.018834567124447373,5.813713435024965,0.005805331170584487,0.98,0.98,True
1995,2088.4527460187674,0.01993115705859173,5.808620877618694,0.006143421676603355,1.0,1.0,True
1996,2088.4514095187187,0.020141357827685214,5.805662720045746,0.006208277355674971,1.0,1.0,True
1997,2088.441032424569,0.020945131145666863,5.805492395477245,0.006456055582318772,1.0,1.0,True
1998,2088.43143363297,0.02276723683477822,5.805083378674794,0.007017658074265257,1.0,1.0,True
1999,2088.406757965684,0.02375055115196748,5.809322796746301,0.007320678895349939,1.0,1.0,True
2000,2088.3729625344276,0.02240685322297498,5.816374347639226,0.006906369786667144,1.0,1.0,True
2001,2088.3242582827806,0.02057330882912886,5.828022155081442,0.0063410110513163346,1.0,1.0,True
2002,2088.2701564729214,0.018887054973552867,5.841334354266962,0.0058210922982342775,1.0,1.0,True
2003,2088.23948520422,0.01747926391031947,5.847426044874851,0.005387131247622564,1.0,1.0,True
2004,2088.2342657223344,0.01715513410791027,5.845674643992822,0.005287256105861747,1.0,1.0,True
2005,2088.229735158384,0.018735183861970272,5.8437121143596755,0.005774262739441278,1.0,1.0,True
2006,2088.213128261268,0.02138758839825015,5.845472755131539,0.00659170156555761,1.0,1.0,True
2007,2088.2013619840145,0.023729286468423632,5.8457427105742,0.007313391318125198,1.0,1.0,True
2008,2088.202099941671,0.024621066538320028,5.842160020099527,0.007588338047017781,1.0,1.0,True
2009,2088.2121472731233,0.02390539295173251,5.835709253718278,0.0073679283253605034,1.0,1.0,True
2010,2088.2165020108223,0.023296150846630212,5.8310141211198925,0.007180265573902104,1.0,1.0,True
2011,2088.209382519126,0.022257565028041344,5.829856699670586,0.006860166149255843,1.0,1.0,True
2012,2088.1900945976377,0.019839211652448646,5.8324509931200055,0.00611472283040782,1.0,1.0,True
2013,2088.1656421497464,0.018387678069911186,5.836638248205986,0.005667272663765905,1.0,1.0,True
2014,2088.1554633155465,0.018164780301628006,5.8364273980993175,0.005598591629606828,1.0,1.0,True
2015,2088.158545933664,0.01874919867139509,5.832130391848693,0.005778779338865698,1.0,1.0,True
2016,2088.1492584720254,0.01964376429769448,5.831647217058219,0.006054508855532038,1.0,1.0,True
2017,2088.1247995980084,0.019163353657501086,5.835841303384882,0.005906376934684447,1.0,1.0,True
2018,2088.098754271865,0.01876911476747789,5.840525510637235,0.00578481029811419,1.0,1.0,True
2019,2088.089601185173,0.019364705469328607,5.840004559392412,0.005968380628600091,1.0,1.0,True
2020,2088.09804341197,0.019558304747313432,5.834061719409533,0.006028176311758943,1.0,1.0,True
2021,2088.110907033086,0.01935073985686548,5.826757212651955,0.005964350541264399,1.0,1.0,True
2022,2088.112760618329,0.019641288901122034,5.822847338476777,0.0060539388721406245,1.0,1.0,True
2023,2088.0768248438835,0.02074965005384674,5.830586197061166,0.006395438614269351,1.0,1.0,True
2024,2088.025225675665,0.020382410762864674,5.843153709172839,0.0062820354857079175,1.0,1.0,True
2025,2088.000890676165,0.019055345545647678,5.84731916439199,0.005872926595944423,1.0,1.0,True
2026,2088.004868572112,0.0172468236713965,5.842759623729705,0.005315596609309075,1.0,1.0,True
2027,2088.037992833182,0.01645402253499846,5.829217836347198,0.005071436100199092,1.0,1.0,True
2028,2088.072186116129,0.018988010978499587,5.815347205273895,0.0058527047713739615,1.0,1.0,True
2029,2088.0784956254065,0.023357379306944245,5.810072149241364,0.0071995678276079835,1.0,1.0,True
2030,2088.0514076799154,0.025406781929881148,5.815092579770123,0.007831154014503003,1.0,1.0,True
2031,2088.024965396151,0.024292320375581537,5.8199151385584855,0.007487509561062747,1.0,1.0,True
2032,2088.001122652495,0.021619635567886167,5.823937598399141,0.006663669051654314,1.0,1.0,True
2033,2087.9754775846377,0.0195187823568159,5.828516739600161,0.006016074237674523,1.0,1.0,True
2034,2087.9273914173245,0.020220952471349026,5.840013720829745,0.006232288131422187,1.0,1.0,True
2035,2087.874458000064,0.02141259641413645,5.85300547240405,0.00659932096175846,1.0,1.0,True
2036,2087.842216260731,0.021304589731169013,5.859620944292885,0.006565938776954653,1.0,1.0,True
2037,2087.8436571657658,0.021413655057725498,5.855856713237927,0.006599652301558508,1.0,1.0,True
2038,2087.84338670969,0.022441135038385508,5.852621087555519,0.006916395551370329,1.0,1.0,True
2039,2087.7941115275025,0.022711945788658212,5.864489797314548,0.006999648445720712,1.0,1.0,True
2040,2087.720563903451,0.023492753409317543,5.88383955154444,0.007239867866578845,1.0,1.0,True
2041,2087.6691914349794,0.023617182312864558,5.896355951058922,0.007277951810360429,1.0,1.0,True
2042,2087.6935601830482,0.020448938580366834,5.8855324791215935,0.006301832927014742,1.0,1.0,True
2043,2087.783977933228,0.018957554474878836,5.854354076879019,0.005842725601382914,1.0,1.0,True
2044,2087.8489720597863,0.02111923423205667,5.831010255792762,0.006509437400697126,1.0,1.0,True
2045,2087.8629347756505,0.022017050925336974,5.823395760224173,0.006786355618978352,1.0,1.0,True
2046,2087.835164926946,0.020481746845977183,5.82864553328136,0.006313034090336988,1.0,1.0,True
2047,2087.7871313244104,0.018083495566305178,5.8401420794571095,0.005573627329441654,1.0,1.0,True
2048,2087.7474975287914,0.017214189829656255,5.849050596795109,0.0053055478466759445,1.0,1.0,True
2049,2087.7296779751778,0.01898198620625073,5.851236906624422,0.005850346653108547,1.0,1.0,True
2050,2087.735950678587,0.021251202246366282,5.845999014917993,0.00654981383557001,1.0,1.0,True
2051,2087.753010071814,0.0221741351427345,5.837437608833682,0.0068344689823419584,1.0,1.0,True
2052,2087.7865990772843,0.020988706879716462,5.823782298774006,0.006469361309547575,1.0,1.0,True
2053,2087.817514039576,0.019027244003352446,5.8109518916645015,0.005864988641367283,1.0,1.0,True
2054,2087.797835804522,0.019526203294471627,5.813717366343042,0.0060187758129085535,1.0,1.0,True
2055,2087.745684951544,0.021489659007129912,5.82649315150104,0.006623755481257434,1.0,1.0,True
2056,2087.6830143481493,0.02314716128849327,5.842512042241765,0.007134292525902775,1.0,1.0,True
2057,2087.6279565244913,0.02419318597761845,5.856185150814213,0.007456378072249962,1.0,1.0,True
2058,2087.5972983837128,0.024286302737272135,5.862339115491409,0.007484946671913467,1.0,1.0,True
2059,2087.581546202302,0.023428979658749245,5.863900255480246,0.007220693800832797,1.0,1.0,True
2060,2087.5691994428635,0.022278438565596283,5.864413059604431,0.0068661068093431605,1.0,1.0,True
2061,2087.5766822844744,0.021563928496145572,5.8588156194690555,0.006645990856200871,1.0,1.0,True
2062,2087.596906706691,0.02060031128240164,5.849292230008359,0.006349192094251537,1.0,1.0,True
2063,2087.614881619811,0.019558384545547657,5.840463109441487,0.0060282345618531755,1.0,1.0,True
2064,2087.625636473298,0.02064466280639118,5.833860356757157,0.006363156415222411,1.0,1.0,True
2065,2087.6297062933445,0.021757245556950463,5.829319193218851,0.00670617119174686,1.0,1.0,True
2066,2087.6333536058664,0.02233161892020211,5.824909397980377,0.006883279113844903,1.0,1.0,True
2067,2087.644450545311,0.02367168790790883,5.818204491577319,0.007296527758536544,1.0,1.0,True
2068,2087.726731404662,0.025197407347063445,5.789557913559406,0.007767499649199403,0.96,0.96,True
2069,2087.5165740847588,0.23616528998593017,5.851054063027959,0.07280102124614929,0.22,0.22,False
2070,nan,0.0,nan,0.0,0.0,0.0,False
2071,nan,0.0,nan,0.0,0.0,0.0,False
2072,nan,0.0,nan,0.0,0.0,0.0,False
2073,2099.800711378455,0.03885753899011184,2.030979623909616,0.012108127994413702,0.26,0.26,False
2074,2100.5148623883724,0.09531454999835622,1.8050587612064533,0.02971963088253592,0.04,0.04,False
2075,2100.422506943345,0.032106104032344644,1.8305397311430625,0.010010280633021984,1.0,1.0,True
2076,2100.4931249320507,0.02171391699467069,1.8052070286952926,0.006770564897182839,1.0,1.0,True
2077,2100.4915115237236,0.023048364409105845,1.802396774344004,0.007186735376377274,1.0,1.0,True
2078,2100.472628042102,0.02401272867245938,1.8049726651476021,0.007487394845107228,1.0,1.0,True
2079,2100.454368725419,0.020929550489419888,1.8073551269592372,0.00652593618184698,1.0,1.0,True
2080,2100.4291579574347,0.0253838120540857,1.8119062570348206,0.007914733478202068,1.0,1.0,True
2081,2100.4108457267284,0.02541880873124298,1.8143075866474874,0.007925528239200482,0.98,0.98,True
2082,2100.388820976019,0.026436297439417285,1.8178676587025961,0.008242725896722551,1.0,1.0,True
2083,2100.364647820592,0.0253988169094283,1.8220987609614667,0.007919118912018044,1.0,1.0,True
2084,2100.3158144652843,0.02314307633954751,1.8340197190862568,0.007215581439260369,1.0,1.0,True
2085,2100.243602871895,0.017513811156837505,1.8532300986850032,0.005460233319061581,0.14,0.14,False
2086,2100.1766552329063,0.019272027686990725,1.8707996200392358,0.006008087616862913,1.0,1.0,True
2087,2100.124195571989,0.02007193261298175,1.8838530554979798,0.006257171665064477,1.0,1.0,True
2088,2100.0926539339125,0.02130410441772082,1.890386449407515,0.006641165057951258,0.96,0.96,True
2089,2100.083083949983,0.021147854746159173,1.890071698891063,0.006592486686382501,1.0,1.0,True
2090,2100.0901972725987,0.020401879977887966,1.8845573564000802,0.006360103508685031,1.0,1.0,True
2091,2100.1252774968743,0.02162040948897378,1.870325502162018,0.006740279233240474,1.0,1.0,True
2092,2100.1676440760493,0.024371330151644322,1.8538226139276617,0.00759820171968394,1.0,1.0,True
2093,2100.181411318481,0.02505280830045611,1.8462367574421705,0.007810786856256038,1.0,1.0,True
2094,2100.16265514493,0.02278869204497909,1.8487919500918792,0.00710484978333977,1.0,1.0,True
2095,2100.1465631127357,0.02099723954070496,1.8505177311151328,0.006546302538761281,1.0,1.0,True
2096,2100.159689538181,0.023570768287241674,1.843135181209334,0.007348796245272941,1.0,1.0,True
2097,2100.1798801124096,0.025028107902517256,1.83355117104486,0.007803364735458692,0.94,0.94,True
2098,2100.185497954488,0.024687875381419904,1.8285117560724302,0.007697406625911061,1.0,1.0,True
2099,2100.187809765339,0.02385476899916965,1.8245042662298374,0.007437688790580509,0.9,0.9,True
2100,2100.1649226546288,0.02374981353291927,1.8283548180629055,0.00740493905516867,1.0,1.0,True
2101,2100.1362229138613,0.022413499578441548,1.8340188397017414,0.006988202871770873,1.0,1.0,True
2102,2100.108504589647,0.019413202556914613,1.8393779927253036,0.006052694972691435,1.0,1.0,True
2103,2100.09966782853,0.01864552376920732,1.8388513791900323,0.005813355880745977,1.0,1.0,True
2104,2100.124369274825,0.019615145651229727,1.827869152903986,0.0061158644009317205,1.0,1.0,True
2105,2100.1770133450627,0.01855268602453903,1.8081750695435517,0.00578492595654724,1.0,1.0,True
2106,2100.223115697503,0.01762733168555977,1.7905209338609893,0.00549666126867832,1.0,1.0,True
2107,2100.2399409636855,0.019378350806441864,1.781996800391255,0.006042803720929412,1.0,1.0,True
2108,2100.219796821475,0.021654103622297208,1.7850020789672385,0.006752437907841137,1.0,1.0,True
2109,2100.184883095324,0.022500465103393787,1.792614099873333,0.007016191396479384,1.0,1.0,True
2110,2100.1395829319954,0.02238991715266745,1.8034658412200884,0.006981495411538641,1.0,1.0,True
2111,2100.0920596569777,0.02265857076384836,1.8150116453551277,0.007065057705843328,1.0,1.0,True
2112,2100.047665771097,0.024167320002818713,1.8255825562170571,0.007535267523188417,0.96,0.96,True
2113,2100.0040158944903,0.026051223727312722,1.8359223932399686,0.008122426500621496,1.0,1.0,True
2114,2099.9805060038343,0.027232667024921258,1.839983863115151,0.008490657917853198,1.0,1.0,True
2115,2099.9411063455045,0.0,1.8490005885076926,0.0,0.02,0.02,False
2116,2099.9997649944125,0.025083480075234896,1.827445422785729,0.007820877259999809,1.0,1.0,True
2117,2100.015578299761,0.022632804491414617,1.8192496883472131,0.007056927188521888,1.0,1.0,True
2118,2099.9779628403485,0.021132837373815876,1.8277142477248844,0.0065891160148459325,1.0,1.0,True
2119,2099.916990339756,0.021103209258988904,1.8434622153466762,0.006579618988899598,1.0,1.0,True
2120,2099.8790757618845,0.02038500155146995,1.8520218819243155,0.006355554241126561,1.0,1.0,True
2121,2099.8770517222583,0.018614409820023308,1.8493928524776493,0.005803584937203628,1.0,1.0,True
2122,2099.8970687501132,0.019843309539696454,1.8398929529820407,0.006186901043209024,1.0,1.0,True
2123,2099.903487537056,0.021895841198694175,1.8346338231065147,0.006826941185786773,1.0,1.0,True
2124,2099.8801678828895,0.02172483491519382,1.83864802842146,0.006773579135632029,0.96,0.96,True
2125,2099.8081249445677,0.0,1.857854258383668,0.0,0.02,0.02,False
2126,2099.799966201186,0.022906214794433374,1.8571439008412085,0.007141539950603393,1.0,1.0,False
2127,2099.785302042961,0.01784610587873778,1.8584629491489295,0.0055638986907824576,0.34,0.34,False
2128,2099.7707794830203,0.025909896965576325,1.8597390477580689,0.008077943593066904,1.0,1.0,True
2129,2099.7851963192225,0.028260786072973307,1.8519937955231853,0.008811123123806087,0.9,0.9,True
2130,2099.8112171441317,0.027507650961094948,1.8406315878534087,0.008576573915920647,0.86,0.86,True
2131,2099.827654056251,0.022741953733699326,1.8322584284916843,0.007090852233528223,1.0,1.0,True
2132,2099.8272543549538,0.018517005685006544,1.8291359327107557,0.005773600956635588,1.0,1.0,True
2133,2099.802395425737,0.017818436130338587,1.8336409591015013,0.005555719407105559,1.0,1.0,True
2134,2099.7617682144046,0.020431071692732266,1.8430635180326362,0.006370154892719209,1.0,1.0,True
2135,2099.750110179186,0.020275403462708712,1.8434549374355242,0.00632161587128997,1.0,1.0,True
2136,2099.7754392698407,0.018275068350056968,1.8323152559659093,0.005698101619791637,1.0,1.0,True
2137,2099.8075236305594,0.017941263213979493,1.819070046812783,0.005594238943769102,1.0,1.0,True
2138,2099.8316709697247,0.01840159001800424,1.80830043609825,0.005737973216473194,1.0,1.0,True
2139,2099.8377949669957,0.018638244132666813,1.8031518321037652,0.005811847369705513,1.0,1.0,True
2140,2099.8012365177274,0.019341438672780653,1.8113137165128137,0.006030979518896364,1.0,1.0,True
2141,2099.7408794015646,0.019352548683021557,1.826897215069664,0.006034167260046211,1.0,1.0,True
2142,2099.6789430230856,0.020036607625619162,1.842973643681944,0.006247212437283184,1.0,1.0,True
2143,2099.6299762129784,0.023218656378330968,1.8550069425934907,0.007239097030454642,1.0,1.0,True
2144,2099.5914168059826,0.02126127537019316,1.863796329772299,0.006628666529105859,1.0,1.0,True
2145,2099.5771805793047,0.021773296520918816,1.865003532936612,0.006788249664993801,1.0,1.0,True
2146,2099.5951024591923,0.023412520507946115,1.856185852441115,0.007299483655612016,1.0,1.0,True
2147,2099.6044771522284,0.024611096748315932,1.850034023111732,0.007673331229646177,1.0,1.0,True
2148,2099.5807109475136,0.024641317286992093,1.8542161382018207,0.007682699772217037,1.0,1.0,True
2149,2099.555381923914,0.025362786450373754,1.8588866600155711,0.00790759404343466,1.0,1.0,True
2150,2099.567997097969,0.02483040668255155,1.8517281252433122,0.007741786217645099,0.94,0.94,True
2151,2099.610041514039,0.021773550437698706,1.8353947384378557,0.006788997339897149,1.0,1.0,True
2152,2099.6503971666098,0.017954100183958405,1.8195883341227272,0.0055982960612797564,1.0,1.0,True
2153,2099.664714127779,0.016911473615065824,1.811901875480828,0.005273342598588264,1.0,1.0,True
2154,2099.651650696993,0.018904189072726913,1.8127542903537233,0.005894749426722211,1.0,1.0,True
2155,2099.588919699192,0.0,1.8290948812623355,0.0,0.02,0.02,False
2156,2099.5738019645214,0.020676363473335943,1.8305902075074982,0.006446959876400051,0.34,0.34,False
2157,2099.5660086870193,0.02178619496771608,1.8298029240104938,0.0067930508731101815,0.92,0.92,False
2158,nan,0.0,nan,0.0,0.0,0.0,False
2159,2099.6111411452293,0.02421586385470088,1.809298763260358,0.007551105727634837,1.0,1.0,False
2160,2099.730091780424,0.02479100072703706,1.7689907579014061,0.007731262435915695,0.52,0.52,False
2161,2100.083790458739,0.037869206637361846,1.6554543170640272,0.011813624677735658,0.1,0.1,False
2162,nan,0.0,nan,0.0,0.0,0.0,False
2163,nan,0.0,nan,0.0,0.0,0.0,False
2164,2102.079563088715,0.021071089123818172,1.0226391291484447,0.00658528617497913,1.0,1.0,True
2165,2102.448974609375,0.037048443358119854,0.9039516439951853,0.011582845941643336,1.0,1.0,True
2166,2102.5593155026436,0.01726546158569675,0.8662373208627514,0.005398315945558133,0.98,0.98,True
2167,2102.572279840708,0.017444109761106007,0.8589685620450496,0.005454320988163409,1.0,1.0,True
2168,2102.566238358617,0.018225847316487853,0.8576435503142648,0.005698793949602502,1.0,1.0,True
2169,2102.5715003162622,0.019066615117763537,0.852785375920746,0.005961767300355538,1.0,1.0,True
2170,2102.5842183083296,0.02251414641873076,0.8455969182210765,0.00703987541364166,1.0,1.0,True
2171,2102.58980281651,0.022011073742020704,0.8406400860966414,0.006882702017332729,1.0,1.0,True
2172,2102.56931142509,0.021574044240596144,0.8438381299293383,0.006745990790638058,1.0,1.0,True
2173,2102.554557412863,0.022272149152582996,0.8452433363992782,0.006964233718019073,1.0,1.0,True
2174,2102.5014786720276,0.024967431242540587,0.8586332074813185,0.007806741510240391,1.0,1.0,True
2175,2102.482247263193,0.02541949991079373,0.8614407345343125,0.007948044862612875,1.0,1.0,True
2176,2102.480952963233,0.021324904855325677,0.8586409490789038,0.006667824107085426,1.0,1.0,True
2177,2102.4772594869137,0.020812005737895534,0.8565925048572467,0.006507489702238771,1.0,1.0,True
2178,2102.465531170368,0.022334503115491355,0.8570575804894247,0.006983566854292746,1.0,1.0,True
2179,2102.4742149710655,0.024325441444692255,0.8511413369108709,0.007606147767538427,1.0,1.0,True
2180,2102.4646627902985,0.029510854226776705,0.8509283572844879,0.00922761094462062,0.98,0.98,True
2181,2102.4430787861347,0.0251630367126875,0.8544787395867388,0.007868128727690674,0.92,0.92,True
2182,2102.446483641863,0.02249193169072586,0.8502166762201568,0.007032915567534769,0.9,0.9,True
2183,2102.4533713012934,0.024620939639580758,0.8448667015566116,0.007698695217883355,1.0,1.0,True
2184,2102.4571038633585,0.022342889017271394,0.8405044173522356,0.0069864857132364965,1.0,1.0,True
2185,2102.4643471091986,0.01930346876693328,0.8350454678848678,0.006036238068999204,1.0,1.0,True
2186,2102.4399638324976,0.01786123991013181,0.8394773104814703,0.005585201768551075,1.0,1.0,True
2187,2102.3805487453938,0.018016384143837643,0.8548643818111259,0.005633450172872579,1.0,1.0,True
2188,2102.3251236379147,0.021273490159340096,0.869004453428488,0.006651651775070285,1.0,1.0,True
2189,2102.289897635579,0.024719835636068433,0.8768296623435958,0.007729067917940642,1.0,1.0,True
2190,2102.279721483588,0.026411501312414862,0.8768237532362946,0.008258002314742323,1.0,1.0,True
2191,2102.3029419481754,0.025250828213045463,0.8663768785621642,0.007895317073067698,0.94,0.94,True
2192,2102.3353675305843,0.023425127679673138,0.8530525444624004,0.007324748093672063,1.0,1.0,True
2193,2102.341983899474,0.022429441455335486,0.8477993228643186,0.007013539199410488,1.0,1.0,True
2194,2102.3151846826077,0.020992001022062983,0.8529960374065695,0.006563948445838272,1.0,1.0,True
2195,2102.261141985655,0.019849128004251555,0.8667123887066737,0.0062063716473974165,1.0,1.0,True
2196,2102.208901837468,0.01980384760642237,0.8798658303836078,0.006192016857562952,1.0,1.0,True
2197,2102.1711361035705,0.020099266653924315,0.8884944855379899,0.006284233364558786,1.0,1.0,True
2198,2102.149553216994,0.02065131265197133,0.8920645232715856,0.006456770140050465,1.0,1.0,True
2199,2102.1532413363457,0.021367515501528375,0.8877345947112758,0.0066807834947058805,1.0,1.0,True
2200,2102.173339314759,0.020775143918906055,0.8782749908925211,0.006495743330569115,1.0,1.0,True
2201,2102.176296465099,0.019359880363989206,0.874175804792003,0.006053295928939206,1.0,1.0,True
2202,2102.146780319512,0.019286671436555276,0.8802312348583428,0.006030280029788214,1.0,1.0,True
2203,2102.1030159965158,0.020771041900481027,0.8907426021597189,0.0064942089420150185,1.0,1.0,True
2204,2102.078933406621,0.02109955718939153,0.8951013383579038,0.0065968791197435405,1.0,1.0,True
2205,2102.0935652405024,0.01962109993033237,0.8873569067350786,0.00613479753288066,1.0,1.0,True
2206,2102.155567906797,0.019169803262477556,0.8648017686839466,0.005994076957234209,1.0,1.0,True
2207,2102.2222196906805,0.0212729504864642,0.8407925245412002,0.0066521565049090636,1.0,1.0,True
2208,2102.2330605238676,0.020941631767365278,0.8342358671529269,0.006548677392647633,1.0,1.0,True
2209,2102.208401493728,0.019827877791968207,0.8387814807317113,0.0062002892841400165,1.0,1.0,True
2210,2102.1869741231203,0.021481273976106954,0.8423176859179193,0.0067172314168384255,1.0,1.0,True
2211,2102.1748367398977,0.023138800775027946,0.8429500536256,0.007235550933896061,1.0,1.0,True
2212,2102.157249443233,0.023169858427875025,0.8452878144285023,0.007245249435479789,1.0,1.0,True
2213,2102.118095140904,0.021772451350582273,0.8543706956128858,0.0068081225724364895,1.0,1.0,True
2214,2102.0733557492495,0.019287110614772812,0.8652009291928948,0.0060307669603595244,1.0,1.0,True
2215,2102.0415309797972,0.018318397756527886,0.8719939339817415,0.005727766199198836,1.0,1.0,True
2216,2102.029130063951,0.017956175396982736,0.8727146376130008,0.005614523023961995,1.0,1.0,True
2217,2102.026370199397,0.018418389765326504,0.8704219699848181,0.005759131329258686,1.0,1.0,True
2218,2102.0344206560403,0.020121930677522458,0.8647502451011633,0.0062919300534874,1.0,1.0,True
2219,2102.047946806997,0.02103798951238065,0.8573673951048022,0.006578494425702093,1.0,1.0,True
2220,2102.0475147478282,0.02028182124688595,0.8543502744481657,0.006342065750503017,1.0,1.0,True
2221,2102.018005080521,0.018616334583261656,0.8604267510266936,0.0058211375274254,1.0,1.0,True
2222,2101.981523000635,0.0187764112001805,0.8686844980128967,0.005871054161623423,1.0,1.0,True
2223,2101.986654501874,0.019981452067442423,0.8639313853087742,0.006247947229375581,1.0,1.0,True
2224,2102.012483331375,0.019666399004485573,0.8527074012267803,0.006149670007991736,1.0,1.0,True
2225,2102.036463385448,0.019434257751775166,0.8420623507810205,0.006077300700711348,1.0,1.0,True
2226,2102.0513086337596,0.020637416227780894,0.834274759197001,0.006453699396522805,1.0,1.0,True
2227,2102.0548425763845,0.02167651864990393,0.8300254643562539,0.006778715134028699,1.0,1.0,True
2228,2102.0398340094835,0.022265163184199813,0.8315759555279669,0.006962774048126339,1.0,1.0,True
2229,2102.003442832036,0.023030963575442615,0.8398143132777705,0.007202083047526432,1.0,1.0,True
2230,2101.944071300328,0.02290196107434475,0.8552397033577677,0.007161441361581727,1.0,1.0,True
2231,2101.9011948369443,0.02146006408464468,0.8655078230970616,0.006710377412949022,1.0,1.0,True
2232,2101.9035554230213,0.020352705410181925,0.8616317637353745,0.00636420761171786,1.0,1.0,True
2233,2101.9275597520173,0.0223234840160891,0.8509888128863281,0.00698071871459512,1.0,1.0,True
2234,2101.9321084171534,0.023926024118598975,0.8464307117823751,0.00748195479714448,1.0,1.0,True
2235,2101.9038014523685,0.023242892531607263,0.8521479685894064,0.007268198009250896,1.0,1.0,True
2236,2101.8451579511166,0.02258084058513585,0.8673524202646945,0.007060877930596716,1.0,1.0,True
2237,2101.790038987994,0.022434271305922595,0.8814553901122508,0.007014737596922269,1.0,1.0,True
2238,2101.7595966234803,0.021288288256243647,0.8878433837859916,0.00665630688094951,1.0,1.0,True
2239,2101.7739383876324,0.020616233815373107,0.8802296197225701,0.006446313219539833,1.0,1.0,True
2240,2101.815656326711,0.02066375840856801,0.8640565615303331,0.0064614463860213555,1.0,1.0,True
2241,2101.8499104380608,0.02062942600862197,0.8502179122181701,0.006450985807963492,1.0,1.0,True
2242,2101.872416011989,0.020790321086194323,0.8400538624268847,0.006501484321680339,1.0,1.0,True
2243,2101.8681612610817,0.020920077052707556,0.8382592549607466,0.00654207789428591,1.0,1.0,True
2244,2101.8201550766826,0.020005836307392954,0.8501475661136055,0.0062559849018176015,1.0,1.0,True
2245,2101.751583918929,0.019016635641684976,0.8684672777474134,0.005946353967236645,1.0,1.0,True
2246,2101.6881077438593,0.01959679904451941,0.8851941737273137,0.006127501666951519,1.0,1.0,True
2247,2101.669642239809,0.019676131460221062,0.8878479907161818,0.006152237032954704,1.0,1.0,True
2248,2101.6954088658094,0.01816180629266141,0.876672436562842,0.005678933036875174,1.0,1.0,True
2249,2101.736842826009,0.016572958422352287,0.8605985148058721,0.005182396271902642,1.0,1.0,True
2250,2101.7893819212914,0.016222802512765006,0.8410522254162629,0.005073180674048256,1.0,1.0,True
2251,2101.894751049578,0.01716848938335381,0.804983661603103,0.0053694756596517675,1.0,1.0,True
2252,2102.194414064288,0.018127856907802962,0.7081350328718372,0.005671099058680501,1.0,1.0,True
2253,2102.59094029665,0.007741234976552398,0.5809482565617827,0.002422625577849481,0.26,0.26,False
2254,2103.785492941737,0.010086353416581572,0.20379141453963712,0.0031599532821842183,0.94,0.94,False
2255,2104.6516227275133,0.010694741933411998,-0.07078372446812864,0.003353181438534569,1.0,1.0,False
2256,2104.839584313333,0.010324548408569037,-0.1328409857500219,0.003237684544396593,1.0,1.0,True
2257,2104.9494745843112,0.009834277894286203,-0.170422165604748,0.0030842799473506347,1.0,1.0,True
2258,2104.9718700628728,0.009045249015957059,-0.1805637603060859,0.0028369068555242852,1.0,1.0,True
2259,2104.9511299580336,0.008505415290153667,-0.1771755039323466,0.002667570638986635,1.0,1.0,True
2260,2104.9194276444614,0.008814889260614968,-0.17034802640972657,0.0027645783952042757,1.0,1.0,True
2261,2104.882769085467,0.009554660121675683,-0.16196509908286316,0.002996522557235048,1.0,1.0,True
2262,2104.850437477231,0.010467414986475021,-0.1549381546432187,0.0032827188585475746,1.0,1.0,True
2263,2104.831080816686,0.011614521924379902,-0.15197921853382468,0.003642443643871047,1.0,1.0,True
2264,2104.8199366778135,0.012483404373163092,-0.15159464788592913,0.003914946608340227,1.0,1.0,True
2265,2104.8111224099994,0.01204323013622051,-0.15193956727438263,0.003776915865794324,1.0,1.0,True
2266,2104.8071441575885,0.010435371379373391,-0.15379994388973728,0.0032726907515004014,1.0,1.0,True
2267,2104.8097763881087,0.009020196440089874,-0.15773231294235757,0.0028289027760397163,1.0,1.0,True
2268,2104.82093051821,0.008780398845625351,-0.16433621899648188,0.0027537454951575033,1.0,1.0,True
2269,2104.831021182239,0.008993548113415994,-0.17060554597776445,0.0028206470595092945,1.0,1.0,True
2270,2104.83147136122,0.009158908766030658,-0.1738502199829668,0.0028725411317330183,1.0,1.0,True
2271,2104.813286729157,0.00962421549044333,-0.1712492255333018,0.003018461349875387,1.0,1.0,True
2272,2104.779691055417,0.010224498939038998,-0.1638137259543555,0.0032066693225633967,1.0,1.0,True
2273,2104.761998862028,0.010399726639093889,-0.1613648585882288,0.0032616089286042274,1.0,1.0,True
2274,2104.773820206523,0.010147822611295347,-0.16817104164613284,0.003182669419266631,1.0,1.0,True
2275,2104.7880943715572,0.00984224293868519,-0.17574548661337985,0.003086900431529066,1.0,1.0,True
2276,2104.777886658907,0.009763749029110038,-0.17564039999467695,0.0030622815208560424,1.0,1.0,True
2277,2104.7441113889217,0.009547375988501517,-0.16814251858272655,0.0029943584031723006,1.0,1.0,True
2278,2104.712275058031,0.00894725875885285,-0.1612516954627381,0.0028060880680496787,1.0,1.0,True
2279,2104.691358476877,0.008782788915582488,-0.1577844771465493,0.0027544784189692797,1.0,1.0,True
2280,2104.657710298896,0.009755037880967902,-0.15032323280826176,0.0030593390238432424,1.0,1.0,True
2281,2104.6063032746315,0.011534620692475751,-0.13729162369003234,0.0036173222899838877,1.0,1.0,True
2282,2104.5778279602528,0.013090398133967633,-0.13145061372483724,0.004105161674140449,1.0,1.0,True
2283,2104.575112849474,0.013745610847216603,-0.13368689672813616,0.0043106656779742574,1.0,1.0,True
2284,2104.577161923051,0.013625574281567906,-0.13741609613373384,0.004273066283671854,1.0,1.0,True
2285,2104.5798776596785,0.013046488904090433,-0.14135323528773824,0.0040915095876194185,1.0,1.0,True
2286,2104.597325116396,0.012085284980025772,-0.14990936528835164,0.003790164165477602,1.0,1.0,True
2287,2104.620329141617,0.01079707812126974,-0.16020723945831605,0.003386268171028539,1.0,1.0,True
2288,2104.624551460147,0.00963961094381342,-0.16461364664900202,0.003023300460362646,1.0,1.0,True
2289,2104.6019410043955,0.009135290285813174,-0.16060327678940212,0.002865101802597729,1.0,1.0,True
2290,2104.576560497284,0.009359746631172772,-0.15572299889470287,0.002935463688064748,1.0,1.0,True
2291,2104.57669724524,0.010255495796460207,-0.15884445896500665,0.003216424330411553,1.0,1.0,True
2292,2104.5875147283077,0.011207861271643563,-0.16531461413080706,0.003515185959612258,1.0,1.0,True
2293,2104.591927304864,0.011432475452928154,-0.16977488486327275,0.003585686426047953,1.0,1.0,True
2294,2104.5835437327623,0.01111048922432771,-0.1702206277317373,0.0034847012559730286,1.0,1.0,True
2295,2104.560661315918,0.010748049560361782,-0.1661177817717885,0.0033709845734140086,1.0,1.0,True
2296,2104.5163746476173,0.010992060423486943,-0.15530075141015232,0.003447411320227962,1.0,1.0,True
2297,2104.4597829580307,0.011806486011094883,-0.1406237781605455,0.003702693742896634,1.0,1.0,True
2298,2104.488516062498,0.011578154102628172,-0.1527053092784172,0.0036312160351315956,1.0,1.0,True
2299,2104.4483538120985,0.011143542355059315,-0.14317857907354892,0.0034948230389911625,1.0,1.0,True
2300,2104.445008099079,0.011274769123467416,-0.14519714360517355,0.0035359988699993727,1.0,1.0,True
2301,2104.480447217822,0.012134114292400041,-0.15937857284046686,0.003805666472840527,1.0,1.0,True
2302,2104.444776326418,0.01941325146488178,-0.15125669883002502,0.006088633091435456,1.0,1.0,True
2303,2104.4685089588165,0.012717935320764913,-0.16176445368722625,0.0039888080294716395,1.0,1.0,True
2304,2104.4399893581867,0.019227030128362858,-0.15588301196333987,0.006030307198433228,1.0,1.0,True
2305,2104.438735321164,0.013060561013404429,-0.15855180092017918,0.004096242075146611,1.0,1.0,True
2306,2104.398890450597,0.012214264040838897,-0.1491161050212213,0.003830719024947744,1.0,1.0,True
2307,2104.404167845845,0.011843179462149184,-0.15383093801904124,0.0037143942643012833,1.0,1.0,True
2308,2104.413900613785,0.011829551073405347,-0.15994203662830841,0.003710197185295867,1.0,1.0,True
2309,2104.377361446619,0.01101279236840686,-0.15153949444794534,0.0034539495681682416,1.0,1.0,True
2310,2104.2970461398363,0.010098959097710022,-0.12940700173243158,0.0031671456242448677,1.0,1.0,True
2311,2104.227553255856,0.010203310350238325,-0.11066850231628678,0.0031997060569209476,1.0,1.0,True
2312,2104.198449611664,0.01096561978877496,-0.10459519447385901,0.0034387072333657846,1.0,1.0,True
2313,2104.2228235155344,0.011550878584450815,-0.11529093973706495,0.0036223543960943586,1.0,1.0,True
2314,2104.288909316063,0.011717207953511145,-0.13906736230802608,0.003674770490259254,1.0,1.0,True
2315,2104.3557384461164,0.01176551423473972,-0.16307742401431824,0.003690171599661872,1.0,1.0,True
2316,2104.3724627792835,0.011864174988853273,-0.1713722370863593,0.003721210700033309,1.0,1.0,True
2317,2104.3226892203093,0.012075322827187021,-0.15880904669052143,0.0037873058181081393,1.0,1.0,True
2318,2104.2567457407713,0.012396403738012257,-0.14117376318017705,0.0038878188231226854,1.0,1.0,True
2319,2104.2070461809635,0.012220125375690937,-0.12863242619471293,0.0038324063670085954,1.0,1.0,True
2320,2104.179722122848,0.011881787307611968,-0.12310743054985096,0.0037262377464242374,1.0,1.0,True
2321,2104.152927413583,0.011416506299706274,-0.11774733486680589,0.0035802706007702504,1.0,1.0,True
2322,2104.1218567825854,0.010793177641521884,-0.1110451966861774,0.00338472985351646,1.0,1.0,True
2323,2104.096921991557,0.010532252946894262,-0.10626615988223875,0.003302864887634474,1.0,1.0,True
2324,2104.0952716358006,0.011100683299841412,-0.10878789181055026,0.003481153480287298,1.0,1.0,True
2325,2104.123086284846,0.012201184769027784,-0.12054886279452148,0.0038264052937529085,1.0,1.0,True
2326,2104.1769037097692,0.012986505154637019,-0.14046418811403782,0.0040729255710339795,1.0,1.0,True
2327,2104.2496818825603,0.013231901313846915,-0.16632654136640213,0.004150195605473022,1.0,1.0,True
2328,2104.2999518066645,0.012954657410847198,-0.18512949080258068,0.004063463423631025,1.0,1.0,True
2329,2104.2549902647734,0.0119172545424514,-0.1740608107513708,0.003737952045774172,1.0,1.0,True
2330,2104.167204350233,0.011661078763420905,-0.1495596661700347,0.003657352105454469,1.0,1.0,True
2331,2104.0963199473917,0.011971535142618395,-0.1303596175777102,0.0037545259562632312,1.0,1.0,True
2332,2104.0713643804193,0.012249476908223027,-0.12556317359195646,0.0038416455666793036,1.0,1.0,True
2333,2104.0761090293527,0.012304184474225365,-0.13008011902792305,0.003858862191956897,1.0,1.0,True
2334,2104.0637060552835,0.012012321493368516,-0.12921805363441763,0.00376732314934731,1.0,1.0,True
2335,2104.0323316305876,0.01151237404335468,-0.12240501203473286,0.003610460894996914,1.0,1.0,True
2336,2103.996371399844,0.010987636720140668,-0.11415275338436004,0.003445818363271794,1.0,1.0,True
2337,2103.9757057093084,0.011052311000430864,-0.11069592174868603,0.0034660720735384207,1.0,1.0,True
2338,2103.9795790696517,0.011965025769880008,-0.114933561265957,0.0037523643599805534,1.0,1.0,True
2339,2103.9952132946346,0.013351334036497355,-0.12285849025590778,0.004187228422882927,1.0,1.0,True
2340,2104.012656510342,0.014285284835512854,-0.13134979236593836,0.004480248674934058,1.0,1.0,True
2341,2104.0269185956568,0.014333477263853284,-0.13884243931653373,0.004495464880124604,1.0,1.0,True
2342,2104.0272573065013,0.013887116310091902,-0.14196718543348652,0.004355513120809055,1.0,1.0,True
2343,2104.003199179191,0.013165182787524236,-0.1374390550487874,0.004129043481344456,1.0,1.0,True
2344,2103.971322838217,0.012365190937640923,-0.13045778105606587,0.0038780645538036666,1.0,1.0,True
2345,2103.9507449157536,0.012112796962223758,-0.12701889530910648,0.0037988752334563243,1.0,1.0,True
2346,2103.9456655979156,0.012190219620266516,-0.12843959632357382,0.003823173054914603,1.0,1.0,True
2347,2103.9394174851477,0.011933374336672053,-0.12949256588456137,0.003742636702689474,1.0,1.0,True
2348,2103.935842540115,0.011528030270502539,-0.1313827517620325,0.0036155338582145946,1.0,1.0,True
2349,2103.942336043343,0.011161403735119235,-0.13642958211613632,0.003500601555205622,1.0,1.0,True
2350,2103.9509633779526,0.010553877740721423,-0.14214458121347207,0.0033101168208978468,1.0,1.0,True
2351,2103.9457880537957,0.009658773218750017,-0.14352939295275746,0.0030293941411642118,1.0,1.0,True
2352,2103.9165981709957,0.008892873867403943,-0.13738110043647112,0.0027891332680851735,1.0,1.0,True
2353,2103.8675658255816,0.008880313911629752,-0.12500854374297887,0.002785101333719411,1.0,1.0,True
2354,2103.8225735500455,0.009596554722984978,-0.11390224540713234,0.0030096441378010138,1.0,1.0,True
2355,2103.809338219464,0.01036939133570924,-0.11275445575057574,0.0032520132069564335,1.0,1.0,True
2356,2103.84013684839,0.01056320446896229,-0.12541552146944923,0.003312917889195965,1.0,1.0,True
2357,2103.8827299661934,0.01053078557138142,-0.14177515411347485,0.0033029065911506354,1.0,1.0,True
2358,2103.90071176365,0.01052431650057177,-0.15041495856098663,0.0033009611431411177,1.0,1.0,True
2359,2103.889569994062,0.010047395415852634,-0.14991905294698427,0.0031513742519856235,1.0,1.0,True
2360,2103.865242265165,0.00937039801206531,-0.14528619872243098,0.0029389994887768283,1.0,1.0,True
2361,2103.8584536761045,0.009133172342576094,-0.14615331482309557,0.002864604543410447,1.0,1.0,True
2362,2103.8580577373505,0.009347670534962873,-0.14902432716388603,0.0029319123496318236,1.0,1.0,True
2363,2103.839534521103,0.009597205767355649,-0.14620852685976615,0.003010165261568742,1.0,1.0,True
2364,2103.7965929359198,0.009614879314338867,-0.13573287238580178,0.003015625900897443,1.0,1.0,True
2365,2103.7433098703623,0.009621704021105125,-0.12201291650160329,0.003017654075980982,1.0,1.0,True
2366,2103.7085229605436,0.010080102502776397,-0.11409305583680407,0.0031613529960549855,1.0,1.0,True
2367,2103.694653481245,0.011103137152710957,-0.11273228945896108,0.0034821901135058645,1.0,1.0,True
2368,2103.6938717216253,0.012106522322786254,-0.11547496780752908,0.0037969090773057354,1.0,1.0,True
2369,2103.716845601797,0.012540915869968484,-0.12566702171181987,0.003933271368599765,1.0,1.0,True
2370,2103.7727962955832,0.012698297810529112,-0.146201378125852,0.003982873133955088,1.0,1.0,True
2371,2103.819664761424,0.013342286541404616,-0.16388699458406109,0.004185079338338524,1.0,1.0,True
2372,2103.82548276335,0.014529154107248775,-0.16869565460797276,0.00455743317113134,1.0,1.0,True
2373,2103.8015105053782,0.015139650740793667,-0.1641587539648981,0.004748873269197676,1.0,1.0,True
2374,2103.7762798443437,0.01431005488521258,-0.15922600661781416,0.00448859601035987,1.0,1.0,True
2375,2103.770794324577,0.012416162720868255,-0.16048552423308138,0.003894561598745146,1.0,1.0,True
2376,2103.774415694177,0.010935650261853702,-0.16460045366932263,0.0034302164195530002,1.0,1.0,True
2377,2103.767158359289,0.010697696045677654,-0.16530188844257054,0.003355582991608369,1.0,1.0,True
2378,2103.7361609637737,0.011418841788369598,-0.15855556520023129,0.003581723147500995,1.0,1.0,True
2379,2103.6913923323154,0.012485689660129915,-0.14748867832821588,0.00391623985259424,1.0,1.0,True
2380,2103.6530966460705,0.013124291487223194,-0.1384511797478467,0.00411644007458458,1.0,1.0,True
2381,2103.62327362597,0.013650791252322271,-0.13207012677281682,0.004281503482301685,1.0,1.0,True
2382,2103.5994440168142,0.014512225830554785,-0.12756778573918837,0.004551647891768923,1.0,1.0,True
2383,2103.606127604842,0.014625454794246177,-0.13263458903293213,0.004587238042742555,1.0,1.0,True
2384,2103.62660869956,0.014435373290900064,-0.1420279669528668,0.004527742109114848,1.0,1.0,True
2385,2103.6205938756466,0.014540156260180334,-0.14310969401356033,0.00456062970360612,1.0,1.0,True
2386,2103.5803902596235,0.015087956267366446,-0.1334667748005245,0.004732324190660732,1.0,1.0,True
2387,2103.5291403084993,0.015723408089877502,-0.1203583428397792,0.004931456778424353,1.0,1.0,True
2388,2103.5555110275745,0.023910055474937048,-0.131594027975666,0.007499268395848137,1.0,1.0,True
2389,2103.5580098330975,0.02368138108209538,-0.13534135468972863,0.007427627923249415,1.0,1.0,True
2390,2103.5172971636057,0.0185266010418099,-0.12553423735880642,0.0058108477069513,1.0,1.0,True
2391,2103.5349581241608,0.014136869366000867,-0.13403478976846372,0.004434074861496732,1.0,1.0,True
2392,2103.5388387441635,0.013768685012223357,-0.1382120744989379,0.004318651158492039,1.0,1.0,True
2393,2103.53650906682,0.01374604386464766,-0.14044032724461886,0.004311578534042622,1.0,1.0,True
2394,2103.5438865423203,0.013814674660860582,-0.14571221495651798,0.004333178954959954,1.0,1.0,True
2395,2103.5620173960924,0.013669706702908792,-0.15435606239321942,0.00428780558110975,1.0,1.0,True
2396,2103.5635562241077,0.013113491614477332,-0.1577944086233174,0.004113380528367902,1.0,1.0,True
2397,2103.5408433824778,0.012314111531953113,-0.15362443892831834,0.0038626016465557406,1.0,1.0,True
2398,2103.5041121542454,0.011732667822532775,-0.14505621120343903,0.003680132324026212,1.0,1.0,True
2399,2103.460771381855,0.012078904201173203,-0.13441385823227847,0.003788652337973027,1.0,1.0,True
2400,2103.4929810762405,0.012958411275934773,-0.14746771837400274,0.004064607219395566,1.0,1.0,True
2401,2103.4382928162813,0.010342585972301041,-0.13326368434644564,0.0032440209392003167,1.0,1.0,True
2402,2103.3848005086184,0.010110394451833007,-0.11943411714514696,0.0031710747653679173,1.0,1.0,True
2403,2103.343171790242,0.01030664627268403,-0.1093247255262213,0.0032325455760130687,1.0,1.0,True
2404,2103.3336089402437,0.01112265702082157,-0.10927134332985133,0.003488484384698004,1.0,1.0,True
2405,2103.3671131283045,0.01263371447268564,-0.12272451666927964,0.003962567367806684,1.0,1.0,True
2406,2103.424966201186,0.014589616386335698,-0.1438145021377295,0.004576313908544513,1.0,1.0,True
2407,2103.4591594934464,0.01589657274641935,-0.15748292651755946,0.004986466251953533,1.0,1.0,True
2408,2103.435697078705,0.0149325971137656,-0.1530649233229724,0.004684031724322146,1.0,1.0,True
2409,2103.381176650524,0.012797206174988264,-0.13890379712995582,0.00401405557987144,1.0,1.0,True
2410,2103.3471035659313,0.011034480584700922,-0.13115548977543767,0.0034610798343076296,1.0,1.0,True
2411,2103.349851131439,0.009934384779031967,-0.13495529007610685,0.003116061836325428,1.0,1.0,True
2412,2103.3768848478794,0.00968830929230477,-0.14637185084433213,0.003038976816030909,1.0,1.0,True
2413,2103.388488486409,0.010256246532700677,-0.15294749526350415,0.0032171841169306064,1.0,1.0,True
2414,2103.3635339587927,0.011203080735018398,-0.14805446113911103,0.0035141471226074568,1.0,1.0,True
2415,2103.322489723563,0.01189788098627531,-0.1381134343237136,0.003731990592185793,1.0,1.0,True
2416,2103.2849008589983,0.012202509458031502,-0.12925530669059526,0.0038274529847081218,1.0,1.0,True
2417,2103.2712987810373,0.01259565065593327,-0.12791984639892462,0.0039507586924716785,1.0,1.0,True
2418,2103.288509711623,0.01293695507817674,-0.13624817245863596,0.0040579174579167135,1.0,1.0,True
2419,2103.312080293894,0.012632183017762227,-0.14657044041268819,0.003962441801429091,1.0,1.0,True
2420,2103.3015572726727,0.011535617462069363,-0.1461972759695982,0.0036184719659026598,1.0,1.0,True
2421,2103.23306261003,0.010580860584941338,-0.1276389275716383,0.003318820998664219,1.0,1.0,True
2422,2103.148577079177,0.010218017829481939,-0.10406488604718334,0.0032048007425282844,1.0,1.0,True
2423,2103.0979685522616,0.0099833969695558,-0.09111591039464884,0.0031310992147960894,1.0,1.0,True
2424,2103.0944017991424,0.009781223715482016,-0.09291976426629844,0.0030677100200513672,1.0,1.0,True
2425,2103.111706651747,0.009723188687862348,-0.10126860693435447,0.0030495875054640936,1.0,1.0,True
2426,2103.121541120112,0.00981947676418454,-0.10727343942562584,0.0030798444379172693,1.0,1.0,True
2427,2103.110653925687,0.010112820919385977,-0.10677787721363075,0.0031718492209234245,1.0,1.0,True
2428,2103.0966364368796,0.01032519663612432,-0.10529934345225911,0.003238459456060374,1.0,1.0,True
2429,2103.109596759081,0.010313235205400055,-0.11228122473204394,0.0032347792883775915,1.0,1.0,True
2430,2103.1274034529924,0.0104250287844631,-0.12078222205593647,0.0032699299084329764,1.0,1.0,True
2431,2103.1198085211217,0.010771271898080165,-0.12131466494065535,0.0033785523604314555,1.0,1.0,True
2432,2103.0818389095366,0.011174369065695395,-0.11231865072505798,0.00350490446948602,1.0,1.0,True
2433,2103.039524661377,0.011398262017904412,-0.10195899263908359,0.003575023931096923,1.0,1.0,True
2434,2103.0209053223953,0.011169112036330635,-0.09903013283758355,0.00350312345477909,1.0,1.0,True
2435,2103.0228489525616,0.010904285310762846,-0.10254959519096474,0.0034201016846582325,1.0,1.0,True
2436,2103.0343075804412,0.011027658936125895,-0.10905234849786893,0.003458871482363037,1.0,1.0,True
2437,2103.0624919570982,0.011293328897160285,-0.120800327846041,0.0035423303888324265,1.0,1.0,True
2438,2103.114629421383,0.011289258851577319,-0.14006117256496964,0.003541256957585748,1.0,1.0,True
2439,2103.1733375638723,0.011282303216295456,-0.16138321053074378,0.003539296741343486,1.0,1.0,True
2440,2103.2069228589535,0.012036641379292112,-0.17482395106372906,0.00377608484475914,1.0,1.0,True
2441,2103.198754630983,0.013442881344391146,-0.17516510220121972,0.004217257411739424,1.0,1.0,True
2442,2103.169448070228,0.014474175690649314,-0.16887370711435779,0.004540718451971012,1.0,1.0,True
2443,2103.13666716218,0.014076038862328428,-0.16149132094028573,0.004415724817590433,1.0,1.0,True
2444,2103.0881999395788,0.01222233047489101,-0.14918716159525047,0.0038340737643115766,1.0,1.0,True
2445,2103.0197130236775,0.010154011602152704,-0.13060243209628197,0.003185091698037129,1.0,1.0,True
2446,2102.958135895431,0.009092715112079852,-0.11418480746522164,0.00285205512863196,1.0,1.0,True
2447,2102.9302821420133,0.009173690342764084,-0.10834422844448,0.0028774134220587223,1.0,1.0,True
2448,2102.9490935578942,0.009868774733624151,-0.11713962292992619,0.0030955170380775527,1.0,1.0,True
2449,2102.9860912305303,0.010619320243431818,-0.13163875085825794,0.0033310814851408945,1.0,1.0,True
2450,2103.0048354361206,0.011130083620296414,-0.1404113962731799,0.0034913971201699437,1.0,1.0,True
2451,2103.00756721152,0.011141530615957592,-0.1441600983610556,0.003495032029373516,1.0,1.0,True
2452,2102.9960163703654,0.010740228138660352,-0.14342730104084467,0.003369141165668607,1.0,1.0,True
2453,2102.958740621805,0.010123827799246124,-0.13462370224692677,0.0031757040469761522,1.0,1.0,True
2454,2102.907652873546,0.009106403510763679,-0.12148662844469982,0.0028564501125843134,1.0,1.0,True
2455,2102.9125122874975,0.007181073474139494,-0.12589787889345416,0.002252558250163583,1.0,1.0,True
2456,nan,0.0,nan,0.0,0.0,0.0,False
2457,nan,0.0,nan,0.0,0.0,0.0,False
2458,nan,0.0,nan,0.0,0.0,0.0,False
2459,nan,0.0,nan,0.0,0.0,0.0,False
2460,nan,0.0,nan,0.0,0.0,0.0,False
2461,nan,0.0,nan,0.0,0.0,0.0,False
2462,nan,0.0,nan,0.0,0.0,0.0,False
2463,nan,0.0,nan,0.0,0.0,0.0,False
2464,nan,0.0,nan,0.0,0.0,0.0,False
2465,nan,0.0,nan,0.0,0.0,0.0,False
2466,nan,0.0,nan,0.0,0.0,0.0,False
2467,nan,0.0,nan,0.0,0.0,0.0,False
2468,nan,0.0,nan,0.0,0.0,0.0,False
2469,nan,0.0,nan,0.0,0.0,0.0,False
2470,nan,0.0,nan,0.0,0.0,0.0,False
2471,nan,0.0,nan,0.0,0.0,0.0,False
2472,nan,0.0,nan,0.0,0.0,0.0,False
2473,nan,0.0,nan,0.0,0.0,0.0,False
2474,nan,0.0,nan,0.0,0.0,0.0,False
2475,nan,0.0,nan,0.0,0.0,0.0,False
2476,nan,0.0,nan,0.0,0.0,0.0,False
2477,nan,0.0,nan,0.0,0.0,0.0,False
2478,nan,0.0,nan,0.0,0.0,0.0,False
2479,nan,0.0,nan,0.0,0.0,0.0,False
2480,nan,0.0,nan,0.0,0.0,0.0,False
2481,nan,0.0,nan,0.0,0.0,0.0,False
2482,nan,0.0,nan,0.0,0.0,0.0,False
2483,nan,0.0,nan,0.0,0.0,0.0,False
2484,nan,0.0,nan,0.0,0.0,0.0,False
2485,nan,0.0,nan,0.0,0.0,0.0,False
2486,nan,0.0,nan,0.0,0.0,0.0,False
2487,nan,0.0,nan,0.0,0.0,0.0,False
2488,nan,0.0,nan,0.0,0.0,0.0,False
2489,nan,0.0,nan,0.0,0.0,0.0,False
2490,nan,0.0,nan,0.0,0.0,0.0,False
2491,nan,0.0,nan,0.0,0.0,0.0,False
2492,nan,0.0,nan,0.0,0.0,0.0,False
2493,nan,0.0,nan,0.0,0.0,0.0,False
2494,nan,0.0,nan,0.0,0.0,0.0,False
2495,nan,0.0,nan,0.0,0.0,0.0,False
2496,nan,0.0,nan,0.0,0.0,0.0,False
2497,nan,0.0,nan,0.0,0.0,0.0,False
2498,nan,0.0,nan,0.0,0.0,0.0,False
2499,nan,0.0,nan,0.0,0.0,0.0,False
2500,nan,0.0,nan,0.0,0.0,0.0,False
2501,nan,0.0,nan,0.0,0.0,0.0,False
2502,nan,0.0,nan,0.0,0.0,0.0,False
2503,nan,0.0,nan,0.0,0.0,0.0,False
2504,nan,0.0,nan,0.0,0.0,0.0,False
2505,nan,0.0,nan,0.0,0.0,0.0,False
2506,nan,0.0,nan,0.0,0.0,0.0,False
2507,nan,0.0,nan,0.0,0.0,0.0,False
2508,nan,0.0,nan,0.0,0.0,0.0,False
2509,nan,0.0,nan,0.0,0.0,0.0,False
2510,nan,0.0,nan,0.0,0.0,0.0,False
2511,nan,0.0,nan,0.0,0.0,0.0,False
2512,nan,0.0,nan,0.0,0.0,0.0,False
2513,nan,0.0,nan,0.0,0.0,0.0,False
2514,nan,0.0,nan,0.0,0.0,0.0,False
2515,nan,0.0,nan,0.0,0.0,0.0,False
2516,nan,0.0,nan,0.0,0.0,0.0,False
2517,nan,0.0,nan,0.0,0.0,0.0,False
2518,nan,0.0,nan,0.0,0.0,0.0,False
2519,nan,0.0,nan,0.0,0.0,0.0,False
2520,nan,0.0,nan,0.0,0.0,0.0,False
2521,nan,0.0,nan,0.0,0.0,0.0,False
2522,nan,0.0,nan,0.0,0.0,0.0,False
2523,nan,0.0,nan,0.0,0.0,0.0,False
2524,nan,0.0,nan,0.0,0.0,0.0,False
2525,nan,0.0,nan,0.0,0.0,0.0,False
2526,nan,0.0,nan,0.0,0.0,0.0,False
2527,nan,0.0,nan,0.0,0.0,0.0,False
2528,nan,0.0,nan,0.0,0.0,0.0,False
2529,nan,0.0,nan,0.0,0.0,0.0,False
2530,nan,0.0,nan,0.0,0.0,0.0,False
2531,nan,0.0,nan,0.0,0.0,0.0,False
2532,nan,0.0,nan,0.0,0.0,0.0,False
2533,nan,0.0,nan,0.0,0.0,0.0,False
2534,nan,0.0,nan,0.0,0.0,0.0,False
2535,nan,0.0,nan,0.0,0.0,0.0,False
2536,nan,0.0,nan,0.0,0.0,0.0,False
2537,nan,0.0,nan,0.0,0.0,0.0,False
2538,nan,0.0,nan,0.0,0.0,0.0,False
2539,nan,0.0,nan,0.0,0.0,0.0,False
2540,nan,0.0,nan,0.0,0.0,0.0,False
2541,nan,0.0,nan,0.0,0.0,0.0,False
2542,nan,0.0,nan,0.0,0.0,0.0,False
2543,nan,0.0,nan,0.0,0.0,0.0,False
2544,nan,0.0,nan,0.0,0.0,0.0,False
2545,nan,0.0,nan,0.0,0.0,0.0,False
2546,nan,0.0,nan,0.0,0.0,0.0,False
2547,nan,0.0,nan,0.0,0.0,0.0,False
2548,nan,0.0,nan,0.0,0.0,0.0,False
2549,nan,0.0,nan,0.0,0.0,0.0,False
2550,nan,0.0,nan,0.0,0.0,0.0,False
2551,nan,0.0,nan,0.0,0.0,0.0,False
2552,nan,0.0,nan,0.0,0.0,0.0,False
2553,nan,0.0,nan,0.0,0.0,0.0,False
2554,nan,0.0,nan,0.0,0.0,0.0,False
2555,nan,0.0,nan,0.0,0.0,0.0,False
2556,nan,0.0,nan,0.0,0.0,0.0,False
2557,nan,0.0,nan,0.0,0.0,0.0,False
2558,nan,0.0,nan,0.0,0.0,0.0,False
2559,nan,0.0,nan,0.0,0.0,0.0,False
2560,nan,0.0,nan,0.0,0.0,0.0,False
2561,nan,0.0,nan,0.0,0.0,0.0,False
2562,nan,0.0,nan,0.0,0.0,0.0,False
2563,nan,0.0,nan,0.0,0.0,0.0,False
2564,nan,0.0,nan,0.0,0.0,0.0,False
2565,nan,0.0,nan,0.0,0.0,0.0,False
2566,nan,0.0,nan,0.0,0.0,0.0,False
2567,nan,0.0,nan,0.0,0.0,0.0,False
2568,nan,0.0,nan,0.0,0.0,0.0,False
2569,nan,0.0,nan,0.0,0.0,0.0,False
2570,nan,0.0,nan,0.0,0.0,0.0,False
2571,nan,0.0,nan,0.0,0.0,0.0,False
2572,nan,0.0,nan,0.0,0.0,0.0,False
2573,nan,0.0,nan,0.0,0.0,0.0,False
2574,nan,0.0,nan,0.0,0.0,0.0,False
2575,nan,0.0,nan,0.0,0.0,0.0,False
2576,nan,0.0,nan,0.0,0.0,0.0,False
2577,nan,0.0,nan,0.0,0.0,0.0,False
2578,nan,0.0,nan,0.0,0.0,0.0,False
2579,nan,0.0,nan,0.0,0.0,0.0,False
2580,nan,0.0,nan,0.0,0.0,0.0,False
2581,nan,0.0,nan,0.0,0.0,0.0,False
2582,nan,0.0,nan,0.0,0.0,0.0,False
2583,nan,0.0,nan,0.0,0.0,0.0,False
2584,nan,0.0,nan,0.0,0.0,0.0,False
2585,nan,0.0,nan,0.0,0.0,0.0,False
2586,nan,0.0,nan,0.0,0.0,0.0,False
2587,nan,0.0,nan,0.0,0.0,0.0,False
2588,nan,0.0,nan,0.0,0.0,0.0,False
2589,nan,0.0,nan,0.0,0.0,0.0,False
2590,nan,0.0,nan,0.0,0.0,0.0,False
2591,nan,0.0,nan,0.0,0.0,0.0,False
2592,nan,0.0,nan,0.0,0.0,0.0,False
2593,nan,0.0,nan,0.0,0.0,0.0,False
2594,nan,0.0,nan,0.0,0.0,0.0,False
2595,nan,0.0,nan,0.0,0.0,0.0,False
2596,nan,0.0,nan,0.0,0.0,0.0,False
2597,nan,0.0,nan,0.0,0.0,0.0,False
2598,nan,0.0,nan,0.0,0.0,0.0,False
2599,nan,0.0,nan,0.0,0.0,0.0,False
2600,nan,0.0,nan,0.0,0.0,0.0,False
2601,nan,0.0,nan,0.0,0.0,0.0,False
2602,nan,0.0,nan,0.0,0.0,0.0,False
2603,nan,0.0,nan,0.0,0.0,0.0,False
2604,nan,0.0,nan,0.0,0.0,0.0,False
2605,nan,0.0,nan,0.0,0.0,0.0,False
2606,nan,0.0,nan,0.0,0.0,0.0,False
2607,nan,0.0,nan,0.0,0.0,0.0,False
2608,nan,0.0,nan,0.0,0.0,0.0,False
2609,nan,0.0,nan,0.0,0.0,0.0,False
2610,nan,0.0,nan,0.0,0.0,0.0,False
2611,nan,0.0,nan,0.0,0.0,0.0,False
2612,nan,0.0,nan,0.0,0.0,0.0,False
2613,nan,0.0,nan,0.0,0.0,0.0,False
2614,nan,0.0,nan,0.0,0.0,0.0,False
2615,nan,0.0,nan,0.0,0.0,0.0,False
2616,nan,0.0,nan,0.0,0.0,0.0,False
2617,nan,0.0,nan,0.0,0.0,0.0,False
2618,nan,0.0,nan,0.0,0.0,0.0,False
2619,nan,0.0,nan,0.0,0.0,0.0,False
2620,nan,0.0,nan,0.0,0.0,0.0,False
2621,nan,0.0,nan,0.0,0.0,0.0,False
2622,nan,0.0,nan,0.0,0.0,0.0,False
2623,nan,0.0,nan,0.0,0.0,0.0,False
2624,nan,0.0,nan,0.0,0.0,0.0,False
2625,nan,0.0,nan,0.0,0.0,0.0,False
2626,nan,0.0,nan,0.0,0.0,0.0,False
2627,nan,0.0,nan,0.0,0.0,0.0,False
2628,nan,0.0,nan,0.0,0.0,0.0,False
2629,nan,0.0,nan,0.0,0.0,0.0,False
2630,nan,0.0,nan,0.0,0.0,0.0,False
2631,nan,0.0,nan,0.0,0.0,0.0,False
2632,nan,0.0,nan,0.0,0.0,0.0,False
2633,2101.2006896808743,0.016806604617492966,-0.08448427417721405,0.005273074132679668,0.88,0.88,False
2634,nan,0.0,nan,0.0,0.0,0.0,False
2635,nan,0.0,nan,0.0,0.0,0.0,False
2636,nan,0.0,nan,0.0,0.0,0.0,False
2637,nan,0.0,nan,0.0,0.0,0.0,False
2638,nan,0.0,nan,0.0,0.0,0.0,False
2639,nan,0.0,nan,0.0,0.0,0.0,False
2640,nan,0.0,nan,0.0,0.0,0.0,False
2641,nan,0.0,nan,0.0,0.0,0.0,False
2642,nan,0.0,nan,0.0,0.0,0.0,False
2643,nan,0.0,nan,0.0,0.0,0.0,False
2644,nan,0.0,nan,0.0,0.0,0.0,False
2645,nan,0.0,nan,0.0,0.0,0.0,False
2646,nan,0.0,nan,0.0,0.0,0.0,False
2647,nan,0.0,nan,0.0,0.0,0.0,False
2648,nan,0.0,nan,0.0,0.0,0.0,False
2649,nan,0.0,nan,0.0,0.0,0.0,False
2650,nan,0.0,nan,0.0,0.0,0.0,False
2651,nan,0.0,nan,0.0,0.0,0.0,False
2652,nan,0.0,nan,0.0,0.0,0.0,False
2653,nan,0.0,nan,0.0,0.0,0.0,False
2654,nan,0.0,nan,0.0,0.0,0.0,False
2655,nan,0.0,nan,0.0,0.0,0.0,False
2656,nan,0.0,nan,0.0,0.0,0.0,False
2657,nan,0.0,nan,0.0,0.0,0.0,False
2658,nan,0.0,nan,0.0,0.0,0.0,False
2659,nan,0.0,nan,0.0,0.0,0.0,False
2660,nan,0.0,nan,0.0,0.0,0.0,False
2661,2101.0906253121793,0.006634232573750547,-0.12463981450298434,0.002081858867907895,1.0,1.0,False
2662,2101.1801157444715,0.006603715197612716,-0.1553752936781052,0.002072469440779064,1.0,1.0,False
2663,2101.281047716737,0.008834389842346985,-0.18970355278844409,0.002772808770971577,1.0,1.0,False
2664,2101.2509996294975,0.0097610263399635,-0.18292242378419132,0.0030635972361611635,1.0,1.0,False
2665,2101.188688568771,0.009709031136252636,-0.1660145433849607,0.0030471382333979793,1.0,1.0,False
2666,2101.1720319911838,0.010193018744553995,-0.16343435495178937,0.0031990184719564445,1.0,1.0,False
2667,2101.2187572419643,0.011173805214710945,-0.18074549316969524,0.003507005711178245,1.0,1.0,False
2668,2101.2761143296957,0.01203431869675526,-0.2013935291603275,0.003777307969556543,1.0,1.0,False
2669,2101.279280677438,0.01180591938070543,-0.20503178721781978,0.0037056675067565848,1.0,1.0,False
2670,2101.2314578294754,0.011226155935514827,-0.19266450268708013,0.003523576474162544,1.0,1.0,False
2671,2101.193281710148,0.011574335023860266,-0.1833242311251979,0.003632772792380057,1.0,1.0,False
2672,2101.1956063359976,0.012837822514945118,-0.18669472251798425,0.004029386077254984,1.0,1.0,False
2673,2101.2291617542505,0.014376601051236847,-0.19986675244956587,0.004512538818671168,1.0,1.0,False
2674,2101.267788603902,0.015196756368511524,-0.21463010293655316,0.004770173449516261,1.0,1.0,False
2675,2101.2861401587725,0.014577996435998001,-0.223028479967752,0.004576072030683446,1.0,1.0,False
2676,2101.289959356189,0.012993308469535657,-0.22686412898502795,0.0040786910297684635,1.0,1.0,False
2677,2101.2776322960854,0.011727745559815619,-0.22563025704545225,0.0036814209873356728,1.0,1.0,False
2678,2101.2411208599806,0.01152055706141055,-0.21680371282388933,0.0036163004042620247,1.0,1.0,False
2679,2101.1939050257206,0.011927034810614526,-0.20461621549941356,0.003743769572819786,1.0,1.0,False
2680,2101.1586227938533,0.01257029318081239,-0.19617369391642114,0.003945598027650187,1.0,1.0,False
2681,2101.157338127494,0.013007107270833174,-0.19840138636482152,0.004082734924651662,1.0,1.0,False
2682,2101.17574724555,0.013046379710378031,-0.20680967463471234,0.004095169388115339,1.0,1.0,False
2683,2101.1978957876563,0.012735714309776923,-0.21639089225431007,0.003997772292100156,1.0,1.0,False
2684,2101.222286246717,0.012856288405466511,-0.22667505651889996,0.0040357461943662035,1.0,1.0,False
2685,2101.2324455156922,0.01345825454482387,-0.23249098349589303,0.0042247880789535695,1.0,1.0,False
2686,2101.2197109907866,0.013274007482630577,-0.23111906478277433,0.004166940765608527,1.0,1.0,False
2687,2101.2041501402855,0.012776415291462128,-0.22885879176226354,0.004010725632038014,1.0,1.0,False
2688,2101.1802716627717,0.011995579390942491,-0.22398638136860427,0.003765570424751737,1.0,1.0,False
2689,2101.139291524887,0.010850550046002348,-0.21374456657969176,0.0034060403505146225,1.0,1.0,False
2690,2101.0911001339555,0.009930198757410094,-0.2012383076693709,0.0031170357540689546,1.0,1.0,False
2691,2101.0730454549193,0.009815859174131822,-0.19819086197173874,0.0030811211852952557,1.0,1.0,False
2692,2101.099130794406,0.01033625481805876,-0.20899768930553364,0.003244574114486183,1.0,1.0,False
2693,2101.14360743016,0.010787861482371965,-0.22557708513528496,0.00338650109863466,1.0,1.0,False
2694,2101.187531210482,0.010511568531214523,-0.2419826572590864,0.0032999335002577347,1.0,1.0,False
2695,2101.2263765111566,0.009984381201799935,-0.25679357061386554,0.003134571626977693,1.0,1.0,False
2696,2101.226695679128,0.010165339937019024,-0.2595085560043344,0.0031914174430211426,1.0,1.0,False
2697,2101.1762452349067,0.010504418289227848,-0.24628352357007088,0.003297752330473179,1.0,1.0,False
2698,2101.1036349721253,0.01051402046493281,-0.22610129114030997,0.003300579012611294,1.0,1.0,False
2699,2101.0407416205853,0.010198507883586163,-0.2089692040647151,0.0032013796895093926,1.0,1.0,False
2700,2101.0090343556367,0.009849165831897074,-0.2016259745178104,0.003091654997992039,1.0,1.0,False
2701,2100.9943478887435,0.009753058452331643,-0.19962453843061212,0.0030614760531459903,1.0,1.0,False
2702,2100.9716951726004,0.01001572443448852,-0.19512139568746534,0.0031438942952518906,1.0,1.0,False
2703,2100.954796295613,0.010638330382355586,-0.1924232695329806,0.0033393134068506205,1.0,1.0,False
2704,2100.9867459228262,0.01103341572002272,-0.2050575964827317,0.003463459432763399,1.0,1.0,False
2705,2101.0455841310322,0.01102476876828489,-0.22613225878467347,0.0034609568655054996,1.0,1.0,False
2706,2101.09334359318,0.010694163023219303,-0.2437290484007235,0.0033573536946612617,1.0,1.0,False
2707,2101.130079381168,0.010204036930303305,-0.2578647089748074,0.0032036213167747777,1.0,1.0,False
2708,2101.1565743535757,0.010035309410205156,-0.2687845910936062,0.0031507552707790766,1.0,1.0,False
2709,2101.1680081933737,0.010690346525146366,-0.27497491927942974,0.0033564842759255227,1.0,1.0,False
2710,2101.1687357127666,0.011604648222499313,-0.27780271778459564,0.0036435916589904966,1.0,1.0,False
2711,2101.1620779186487,0.011998174694004956,-0.27831060319050493,0.0037671625104405432,1.0,1.0,False
2712,2101.153971351683,0.011528249208170062,-0.2783624904749331,0.0036196201199031855,1.0,1.0,False
2713,2101.1550657749176,0.01047683529246228,-0.2813021917070273,0.0032895290156672915,1.0,1.0,False
2714,2101.1660957559943,0.009668084326354907,-0.2873604443656177,0.0030356552027353515,1.0,1.0,False
2715,2101.1639030352235,0.00938863815132708,-0.2892658876799601,0.0029479372741554005,1.0,1.0,False
2716,2101.1349999532104,0.009355561738068723,-0.28278347532574344,0.002937506270948423,1.0,1.0,False
2717,2101.1132825389504,0.009691258056564385,-0.27855620071181875,0.003042882215344026,1.0,1.0,False
2718,2101.1173075661063,0.010510084106270703,-0.28241052167618363,0.0033000226564743225,1.0,1.0,False
2719,2101.1167109683156,0.011435870824372052,-0.28481264317809973,0.0035907392596631975,1.0,1.0,False
2720,2101.0781423337758,0.011312646200541664,-0.2752909629653004,0.0035519571282076555,1.0,1.0,False
2721,2101.018915558234,0.01071735812811916,-0.25928233247066146,0.0033649020153117106,1.0,1.0,False
2722,2100.977717947215,0.01075287424103284,-0.24893361976859296,0.0033759614269598752,1.0,1.0,False
2723,2100.967938059941,0.011513087716688053,-0.24844780289993196,0.003614646210045191,1.0,1.0,False
2724,2100.980750132352,0.011818781630458818,-0.25505390683423457,0.0037106996034114567,1.0,1.0,False
2725,2101.0038589100586,0.010977372949231281,-0.26489194923863124,0.003446627582234674,1.0,1.0,False
2726,2101.022335802205,0.010251413406003596,-0.2732748570620629,0.003218775363353163,1.0,1.0,False
2727,2101.0322215147316,0.010523676119070036,-0.2789593369680574,0.00330431995365014,1.0,1.0,False
2728,2101.0397522822022,0.011224551465494288,-0.283903379046194,0.003524444663914747,1.0,1.0,False
2729,2101.0456986278296,0.011824493644792352,-0.2883488909515677,0.003712878883248403,1.0,1.0,False
2730,2101.0391596462578,0.012249307773458545,-0.2888729428525494,0.003846281719581468,1.0,1.0,False
2731,2101.0100235762075,0.011364198571307181,-0.28230042900486296,0.0035683015633832587,1.0,1.0,False
2732,2100.9750124150887,0.010382604394558207,-0.2738821775570841,0.0032600202267629636,1.0,1.0,False
2733,2100.9438614845276,0.010473282618934867,-0.26667502016795197,0.0032884296374772514,1.0,1.0,False
2734,2100.9229025729,0.010715319404403503,-0.26266694038406513,0.0033643947926949515,1.0,1.0,False
2735,2100.9164381697774,0.011004130016136968,-0.26320874931957405,0.003455093694394967,1.0,1.0,False
2736,2100.906602755189,0.011557380039416141,-0.26269101157464547,0.0036288088287742097,1.0,1.0,False
2737,2100.8911615125835,0.011879700199928128,-0.26041203586839856,0.003729989981751923,1.0,1.0,False
2738,2100.9137075655162,0.011307128197611987,-0.2700593629501782,0.0035503151089968364,1.0,1.0,False
2739,2100.9586716946214,0.010630287838048529,-0.28674520846988116,0.003337967481946564,1.0,1.0,False
2740,2100.957790726796,0.010220524845043098,-0.28903479074966754,0.0032093294714310434,1.0,1.0,False
2741,2100.8903337083757,0.009907820902006833,-0.27041831456023147,0.0031109800509631796,1.0,1.0,False
2742,2100.8076722323895,0.010423421940335843,-0.247027823578037,0.003272665971004102,1.0,1.0,False
2743,2100.794840171933,0.010225407628195729,-0.24556141587117963,0.0032104864859650254,1.0,1.0,False
2744,2100.8291505500674,0.009179232810202203,-0.2588955506972752,0.0028821333142522946,1.0,1.0,False
2745,2100.8501061946154,0.008601789583422935,-0.26803582665519343,0.0027009040865145126,1.0,1.0,False
2746,2100.8677723407745,0.008496468201713073,-0.27614236484015464,0.002667903042752865,1.0,1.0,False
2747,2100.89977433905,0.008718471422099888,-0.28874962816956895,0.002737713635716749,1.0,1.0,False
2748,2100.9301315024495,0.00905630722038815,-0.3008397728585237,0.0028439012264199637,1.0,1.0,False
2749,2100.922454699874,0.009139675239912643,-0.3009854535071099,0.0028700899240917555,1.0,1.0,False
2750,2100.858248576522,0.00939493913004896,-0.28337879559023804,0.0029501049186223182,1.0,1.0,False
2751,2100.775695666671,0.010321209193130274,-0.260011074260035,0.0032407542344598853,1.0,1.0,False
2752,2100.726758569479,0.011244606757010668,-0.2471981983624687,0.003530572943742574,1.0,1.0,False
2753,2100.7474385797977,0.011668578516448492,-0.2562428809332573,0.0036637966441871676,1.0,1.0,False
2754,2100.8016736209393,0.011775708482293598,-0.2758230614952595,0.003697651448711996,1.0,1.0,False
2755,2100.8219321742654,0.011400727583574249,-0.2847340263323872,0.0035800018851801663,1.0,1.0,False
2756,2100.7797633707523,0.010846025888968963,-0.2740410272888312,0.0034057167389614845,1.0,1.0,False
2757,2100.7164241224527,0.01068527927170465,-0.2566997947527625,0.003355085615415045,1.0,1.0,False
2758,2100.713729918003,0.010363715739068568,-0.25839987040592405,0.0032541441006537684,1.0,1.0,False
2759,2100.737861573696,0.010326463089761258,-0.2685221640260238,0.003242550311407769,1.0,1.0,False
2760,2100.74193289876,0.010615749730466147,-0.2723445357297578,0.0033334257538934976,1.0,1.0,False
2761,2100.7227641046047,0.011398384712533445,-0.2688682644095479,0.0035791451806512207,1.0,1.0,False
2762,2100.7084862589836,0.01250718638198989,-0.2669266779207078,0.0039272932806123945,1.0,1.0,False
2763,2100.7094013541937,0.013477149280322552,-0.2697546491017988,0.004231908816537168,1.0,1.0,False
2764,2100.7253946512938,0.01374067727393477,-0.27731629700662097,0.0043147682550003,1.0,1.0,False
2765,2100.7656771168113,0.013244151146670295,-0.29250446182464884,0.004159051027655781,1.0,1.0,False
2766,2100.8057186231017,0.012925573184970675,-0.30761657510453233,0.0040591986159365856,1.0,1.0,False
2767,2100.817493416369,0.012365269581992482,-0.3138510337468574,0.003883318356117891,1.0,1.0,False
2768,2100.787257552147,0.011764238132302712,-0.30689106868715044,0.003694505235542642,1.0,1.0,False
2769,2100.7298895716667,0.01175157622940909,-0.29140966700651916,0.003690377477923863,1.0,1.0,False
2770,2100.6897021234035,0.012169517323644727,-0.2813228080430008,0.003821520935836975,1.0,1.0,False
2771,2100.709195613861,0.011877453381234304,-0.2899762737465039,0.0037299048210862637,1.0,1.0,False
2772,2100.7672419920564,0.011305429558150063,-0.3107362395446671,0.0035504820874445726,1.0,1.0,False
2773,2100.8001595661044,0.011275848426386747,-0.32360430853435673,0.003541327599881243,1.0,1.0,False
2774,2100.7893476709723,0.011283415193697764,-0.32273773028344976,0.0035436972509223547,1.0,1.0,False
2775,2100.7431586682796,0.011610818042709964,-0.3107595837729491,0.0036464012130079243,1.0,1.0,False
2776,2100.7114086151123,0.012359141356089148,-0.303315163453874,0.003881337904050229,1.0,1.0,False
2777,2100.717295214534,0.012829095182018538,-0.3076894149789382,0.004028987456340469,1.0,1.0,False
2778,2100.7425938546658,0.012534520050049206,-0.31815916308579517,0.003936606430180041,1.0,1.0,False
2779,2100.7602466121316,0.011745798922425272,-0.32622681881360904,0.003688996542308299,1.0,1.0,False
2780,2100.7436451613903,0.011411330472029552,-0.32353527531654436,0.0035839274249618793,1.0,1.0,False
2781,2100.704685717821,0.011173538909600446,-0.31382081090595193,0.0035091550940213917,1.0,1.0,False
2782,2100.6822734326124,0.01100454491634723,-0.309302174037839,0.003456048556552517,1.0,1.0,False
2783,2100.6889673620462,0.01084520218541218,-0.31392349742498027,0.003406057534061219,1.0,1.0,False
2784,2100.703182861209,0.010897123276217328,-0.3209060804265391,0.0034224330592379252,1.0,1.0,False
2785,2100.690210223198,0.011526657617193138,-0.3193487028818822,0.003620139659514086,1.0,1.0,False
2786,2100.65273347497,0.012077553148921404,-0.3100943636732154,0.0037930688810899585,1.0,1.0,False
2787,2100.6100189238787,0.012182373451101446,-0.2991941771676352,0.0038258825145618632,1.0,1.0,False
2788,2100.5868669599295,0.012226382090428534,-0.2944367109593031,0.0038396568873533205,1.0,1.0,False
2789,2100.6048085540533,0.011498645203898929,-0.30258362484920553,0.0036112072149075292,1.0,1.0,False
2790,2100.647578045726,0.010478046016919906,-0.3185272993253534,0.0032908441411241382,1.0,1.0,False
2791,2100.6819006949663,0.010595931651935474,-0.33181764508736933,0.0033280099610860535,1.0,1.0,False
2792,2100.6901915073395,0.011493761886922948,-0.33693104635750615,0.0036100720608004963,1.0,1.0,False
2793,2100.681453153491,0.011735930830495003,-0.33669472078764784,0.0036861460289900586,1.0,1.0,False
2794,2100.674005538225,0.01118555915811934,-0.336862700065808,0.003513287139790702,1.0,1.0,False
2795,2100.6675647199154,0.010781112738516962,-0.33734580419093163,0.003386262784734553,1.0,1.0,False
2796,2100.6488036960363,0.010938343837439397,-0.33395814330509666,0.003435621258320588,1.0,1.0,False
2797,2100.614844277501,0.011469174362021725,-0.32579581124190327,0.0036022716978669394,1.0,1.0,False
2798,2100.579862266779,0.012738848242156552,-0.3173113566070356,0.004000961298568749,1.0,1.0,False
2799,2100.5609545707703,0.01418106673265823,-0.31387444603529957,0.004453887113933803,1.0,1.0,False
2800,2100.5574329793453,0.015008371458463532,-0.3152688176111269,0.004713747966415652,1.0,1.0,False
2801,2100.5481006503105,0.015331214950256248,-0.31483708263419885,0.004815151423611122,1.0,1.0,False
2802,2100.533908367157,0.015601687008829261,-0.3128778521311233,0.0049000851356450804,1.0,1.0,False
2803,2100.54150980711,0.015403052838683491,-0.31776242925957376,0.004837778537359284,1.0,1.0,False
2804,2100.568508222699,0.014170807086446234,-0.3287383518904221,0.00445090569640387,1.0,1.0,False
2805,2100.5805447399616,0.012597202267149471,-0.335014051237863,0.003956739307937087,1.0,1.0,False
2806,2100.5530513375998,0.01188307155134945,-0.3288725323891981,0.003732378185213814,1.0,1.0,False
2807,2100.5544385015965,0.020549513757924232,-0.33180113321316185,0.006454407034681579,1.0,1.0,False
2808,2100.502141416073,0.011419275471852683,-0.31786690984000643,0.0035866159545059075,1.0,1.0,False
2809,2100.4637610912323,0.011253166028611383,-0.30830296738633933,0.003534356902862215,1.0,1.0,False
2810,2100.438521400094,0.011150567210090782,-0.3028652207629534,0.0035020852265560012,1.0,1.0,False
2811,2100.426715120673,0.011796882069985547,-0.3016454614075883,0.0037050739425107996,1.0,1.0,False
2812,2100.424944475293,0.013329678603055532,-0.3035765202189964,0.004186525895215078,1.0,1.0,False
2813,2100.427414909005,0.015070350631443486,-0.3068385262918696,0.004733293046678893,1.0,1.0,False
2814,2100.4427598267794,0.016522948108476845,-0.31414313977609254,0.005189636664383127,1.0,1.0,False
2815,2100.479671522975,0.01728555820645854,-0.3282208676606615,0.005429396189524624,1.0,1.0,False
2816,2100.54093888402,0.017634093522270848,-0.3499486135631287,0.00553922481650913,1.0,1.0,False
2817,2100.5475946366787,0.01828538124438132,-0.35452150353387424,0.005743806491120401,1.0,1.0,False
2818,2100.49859431386,0.015784699597880265,-0.3416106632893161,0.004958200892695951,1.0,1.0,False
2819,2100.4246331751347,0.014795472380613158,-0.32085898590565876,0.004647198959717429,1.0,1.0,False
2820,2100.3763839155436,0.01449450210935512,-0.3081829415290258,0.0045525005949639125,1.0,1.0,False
2821,2100.3804182708263,0.015122508637459495,-0.31192748909148804,0.004749807592677174,1.0,1.0,False
2822,2100.424113050103,0.015702654140223652,-0.32812826029731923,0.004932263160884557,1.0,1.0,False
2823,2100.454159528017,0.014930569358012742,-0.3400415968027346,0.00468991643705021,1.0,1.0,False
2824,2100.438689827919,0.012885734365225148,-0.33765675275560625,0.004047576924926295,1.0,1.0,False
2825,2100.3935224562883,0.011325107538130801,-0.32594253639666704,0.003557249698640499,1.0,1.0,False
2826,2100.3697357475758,0.010703610985280946,-0.32094316513945387,0.003361994054178959,1.0,1.0,False
2827,2100.3780690282583,0.010488769123442059,-0.32603166717080967,0.003294568166322407,1.0,1.0,False
2828,2100.400554597378,0.010570154108780424,-0.3355645873227786,0.0033202292381346783,1.0,1.0,False
2829,2100.425852820277,0.011048817948693484,-0.34598024001428485,0.0034706970949622278,1.0,1.0,False
2830,2100.4525487422943,0.011980037455060055,-0.3568342228048209,0.0037633443311264505,1.0,1.0,False
2831,2100.4668175429106,0.012240660144337365,-0.3637835908802458,0.0038452998718729535,1.0,1.0,False
2832,2100.4443591982126,0.011089127604693735,-0.3591944154827047,0.0034835229850726235,1.0,1.0,False
2833,2100.3915859013796,0.009790489896482908,-0.34508130338116416,0.0030754619669796676,1.0,1.0,False
2834,2100.344575583935,0.009756313830832579,-0.3327778395963037,0.0030646272334380713,1.0,1.0,False
2835,2100.3319233208895,0.010740725638559167,-0.33126591285156337,0.0033738352435711346,1.0,1.0,False
2836,2100.3481864631176,0.011737082086111263,-0.3388357924416141,0.0036868944128064167,1.0,1.0,False
2837,2100.3854247629642,0.012380317206074536,-0.35299379519386775,0.003889113123822856,1.0,1.0,False
2838,2100.430803909898,0.01296606689423685,-0.3697088056122766,0.004073318738789185,1.0,1.0,False
2839,2100.4370957762003,0.012494925749900195,-0.3741438121195415,0.003925367498662718,1.0,1.0,False
2840,2100.373697772622,0.011032258959327664,-0.35668454266402705,0.0034657085652427867,1.0,1.0,False
2841,2100.316524848342,0.010464064115686934,-0.34118043949541743,0.003287083631651162,1.0,1.0,False
2842,2100.2843359559774,0.009847494712138237,-0.333523841048077,0.0030933407133296714,1.0,1.0,False
2843,2100.2835522294044,0.009123717062136362,-0.3357313338175345,0.0028660056126657654,1.0,1.0,False
2844,2100.293956041336,0.008691257613264922,-0.3414521082765418,0.002730198749522863,1.0,1.0,False
2845,2100.2412289381027,0.008785980321630249,-0.32734063743913566,0.00275984908324753,1.0,1.0,False
2846,2100.1511968821287,0.00970424994784054,-0.30151095979368847,0.003048083560791772,1.0,1.0,False
2847,2100.1132010146976,0.010778246896663287,-0.2920256519927875,0.003385340394635627,1.0,1.0,False
2848,2100.1748060956597,0.010718868241942814,-0.3138237922145777,0.0033669011109626326,1.0,1.0,False
2849,2100.290062636137,0.010411355409524805,-0.35247628892159355,0.0032706699985503716,1.0,1.0,False
2850,2100.374269247055,0.010634950430804618,-0.3813769623797043,0.0033411979936671817,1.0,1.0,False
2851,2100.3784038722515,0.011208659583979201,-0.3851214046861742,0.0035214937334342227,1.0,1.0,False
2852,2100.3256059736013,0.011631799582379945,-0.37097815806242807,0.0036543031110793634,1.0,1.0,False
2853,2100.2589971125126,0.011734145894938323,-0.3524955916452086,0.003686279174463958,1.0,1.0,False
2854,2100.1944153010845,0.011485226480744935,-0.3346495803597236,0.003607911617632328,1.0,1.0,False
2855,2100.1302699521184,0.010865980300404528,-0.31694039845950783,0.0034132184833668643,1.0,1.0,False
2856,2100.0618598964065,0.010033081729009862,-0.29789137373791164,0.003151426195093114,1.0,1.0,False
2857,2099.9991451852256,0.009558891699069628,-0.28063103264787514,0.00300233583128283,1.0,1.0,False
2858,2099.9612887762487,0.009619938918279254,-0.27117778015934846,0.003021430471185552,1.0,1.0,False
2859,2099.9560411199927,0.009635862462402152,-0.27196531025538206,0.0030264474463256854,1.0,1.0,False
2860,2099.9687062818557,0.009543487132316295,-0.2783779167146463,0.0029974968943578726,1.0,1.0,False
2861,2099.9948801472783,0.009385413313541702,-0.2890326207975704,0.002947949683652431,1.0,1.0,False
2862,2100.033854270354,0.009323193814551076,-0.30370730831413084,0.00292854048412691,1.0,1.0,False
2863,2100.064640145749,0.009315225931063088,-0.31580945700807206,0.0029261462800546562,1.0,1.0,False
2864,2100.0700087584555,0.00918512112191269,-0.31992661579715787,0.0028853074901713832,1.0,1.0,False
2865,2100.0464249923825,0.008908691886446387,-0.31494797562442045,0.0027984320278746267,1.0,1.0,False
2866,2100.0240991078317,0.009426144060253296,-0.31036342012009754,0.0029609463163210933,1.0,1.0,False
2867,2100.0370049681515,0.010265954877685095,-0.3168449189714124,0.0032248186395293517,1.0,1.0,False
2868,2100.0822067558765,0.010470080215221774,-0.33347089708894373,0.0032891087472872713,1.0,1.0,False
2869,2100.1273060813546,0.010402100052723413,-0.3500644666094672,0.0032679151228581795,1.0,1.0,False
2870,2100.1121635586023,0.010306706685790678,-0.3477318443678996,0.003237930982917784,1.0,1.0,False
2871,2100.0523144975305,0.01030414585566675,-0.33135356007295513,0.003236985889840456,1.0,1.0,False
2872,2100.0161639293656,0.010412603666844718,-0.3224193638681072,0.003270977409373007,1.0,1.0,False
2873,2100.013178350404,0.01009837462173962,-0.3239025266984754,0.003172288160642618,1.0,1.0,False
2874,2100.017104005441,0.009640403263610238,-0.3275557256185948,0.0030284614770855257,1.0,1.0,False
2875,2099.9957941840403,0.009079107074022487,-0.3232803305802463,0.002852109547747804,1.0,1.0,False
2876,2099.9489650577307,0.008445568742720778,-0.3109874133966173,0.0026530057362690986,1.0,1.0,False
2877,2099.887176197022,0.00816716530952471,-0.29399466446960787,0.002565434959642013,1.0,1.0,False
2878,2099.8496636599302,0.00841912205477853,-0.28462686701737994,0.0026445055353371857,1.0,1.0,False
2879,2099.861155152321,0.00897772656402023,-0.2906506999780163,0.0028200193936672863,1.0,1.0,False
2880,2099.8856403790414,0.009782468299292595,-0.30075519752824675,0.0030728991122279652,1.0,1.0,False
2881,2099.90623729676,0.01066048000625734,-0.30963750373871335,0.003348806753101417,1.0,1.0,False
2882,2099.9301232881844,0.010954520236247132,-0.31955222823313534,0.003441284950282035,1.0,1.0,False
2883,2099.9538424815983,0.010503534021251421,-0.32941379652936575,0.0032997094585942703,1.0,1.0,False
2884,2099.9520714264363,0.009613094171723733,-0.3312666455301496,0.0030199961551309303,1.0,1.0,False
2885,2099.913516871631,0.008822282565721044,-0.3215628379911095,0.002771486503697101,1.0,1.0,False
2886,2099.880689587444,0.008538990743501907,-0.31365732568303883,0.0026824373520654694,1.0,1.0,False
2887,2099.913550939411,0.00875303479318338,-0.3263864894547055,0.002749785813047444,1.0,1.0,False
2888,2099.969409053214,0.00927494071223504,-0.34633993038539757,0.002913914735459814,1.0,1.0,False
2889,2099.9781254483387,0.0097108285275328,-0.3514824020159608,0.0030509091468457904,1.0,1.0,False
2890,2099.955528113991,0.00973668960721459,-0.3467858314400587,0.003058996249530908,1.0,1.0,False
2891,2099.940474718809,0.009748357462579767,-0.3444582988478828,0.003062652853742698,1.0,1.0,False
2892,2099.932030092925,0.009860914211068442,-0.34420597071169823,0.0030980266050849308,1.0,1.0,False
2893,2099.9059562161565,0.009978159635233243,-0.33841397423640274,0.003134817682944144,1.0,1.0,False
2894,2099.8467957004905,0.010181909192205622,-0.3222265091281997,0.003198691921995154,1.0,1.0,False
2895,2099.8107735589147,0.010322692229968398,-0.313307395918514,0.003242843692737368,1.0,1.0,False
2896,2099.840527974069,0.009787366822029327,-0.32505100818514165,0.003074776381299452,1.0,1.0,False
2897,2099.869389049709,0.009145351593028223,-0.3365133293015674,0.0028731830368368544,1.0,1.0,False
2898,2099.859309963882,0.008518312563641318,-0.3357409878832982,0.0026761892538972056,1.0,1.0,False
2899,2099.829799078405,0.008213946721622381,-0.3288627407961826,0.0025805197521377556,1.0,1.0,False
2900,2099.80908767879,0.008234697046174083,-0.32474795550433555,0.0025870136157768,1.0,1.0,False
2901,2099.8068636879325,0.00849525734716082,-0.3264401316587282,0.002668890712216018,1.0,1.0,False
2902,2099.8189567402005,0.008796325418287418,-0.33262919273181524,0.0027635353554548844,1.0,1.0,False
2903,2099.839830853045,0.00908390781763139,-0.34157612040991125,0.0028539709149135264,1.0,1.0,False
2904,2099.8604171574116,0.009562472949045378,-0.3504318137566429,0.0030044063434511697,1.0,1.0,False
2905,2099.874297231436,0.009743019381064262,-0.3571796309068418,0.0030611928233500608,1.0,1.0,False
2906,2099.8664459213614,0.009847391819625647,-0.3570985812742151,0.003093993161711926,1.0,1.0,False
2907,2099.8438745215535,0.010041978108575225,-0.3523914979647884,0.0031550940850588443,1.0,1.0,False
2908,2099.830780595541,0.009894698176445912,-0.35066109219076225,0.003108813426371296,1.0,1.0,False
2909,2099.805351920426,0.010115756579222639,-0.34505417709351605,0.0031782241867286836,1.0,1.0,False
2910,2099.7617407292128,0.0106158968979564,-0.33373367115478914,0.0033352698379936156,1.0,1.0,False
2911,2099.7314200401306,0.010956020946189197,-0.326587861926555,0.003442065870848434,1.0,1.0,False
2912,2099.738315448165,0.010684162397546238,-0.33113329559813565,0.0033567053395641457,1.0,1.0,False
2913,2099.784361578524,0.00992207430442714,-0.34797835760264206,0.003117433613677547,1.0,1.0,False
2914,2099.830197624862,0.00966219623967712,-0.3647572226823286,0.003035933680485676,1.0,1.0,False
2915,2099.827334932983,0.010114888020956505,-0.36623393781508184,0.0031781923890328123,1.0,1.0,False
2916,2099.7818095982075,0.010687128629028939,-0.35430473048285194,0.003357888315249555,1.0,1.0,False
2917,2099.7372195720673,0.010652110961656979,-0.3426686541951085,0.0033467818068240777,1.0,1.0,False
2918,2099.72597271204,0.009850334115124947,-0.3415077630679093,0.003094868847055656,1.0,1.0,False
2919,2099.754630111158,0.009005567195788215,-0.3528835291797918,0.0028295591124825378,1.0,1.0,False
2920,2099.8203116357327,0.008350811514972854,-0.37589226173810175,0.002624010327970357,1.0,1.0,False
2921,2099.8692158982158,0.008187045715245606,-0.3936294278810806,0.002572683568566707,1.0,1.0,False
2922,2099.875499226153,0.008641738240653403,-0.3979728819222714,0.0027156074163287853,1.0,1.0,False
2923,2099.8405713289976,0.009540862688157932,-0.3893650084124829,0.002998083607538429,1.0,1.0,False
2924,2099.7646696045995,0.01031731062091089,-0.36788125568324404,0.0032418833956743207,1.0,1.0,False
2925,2099.6943212747574,0.01054606590777696,-0.34814251222752546,0.003313590729367643,1.0,1.0,False
2926,2099.673263952136,0.010444593866095316,-0.34389052487262006,0.003281682997148667,1.0,1.0,False
2927,2099.6663285046816,0.010476338801839466,-0.34407454939554327,0.0032916730462084817,1.0,1.0,False
2928,2099.6342286616564,0.009949407365353269,-0.336350921472615,0.0031260484679020645,1.0,1.0,False
2929,2099.573120176792,0.009096503043194044,-0.31951231854441176,0.0028579357680574217,1.0,1.0,False
2930,2099.5179167985916,0.008821791168160358,-0.30452854356730086,0.00277150959369432,1.0,1.0,False
2931,2099.537953361869,0.008793961068531954,-0.3131819771455753,0.002762843517671465,1.0,1.0,False
2932,2099.635247528553,0.008879127997714136,-0.3461085057339801,0.0027898695966988344,1.0,1.0,False
2933,2099.732432857156,0.009325956869408066,-0.37900301112301804,0.002930549594141748,1.0,1.0,False
2934,2099.7903745919466,0.0099166055027717,-0.39956698551816316,0.003116345506027131,1.0,1.0,False
2935,2099.8136444166303,0.010284190073091387,-0.4092348833992787,0.0032319616953574593,1.0,1.0,False
2936,2099.8190817832947,0.010055676281407041,-0.41329779433641534,0.0031601942024234533,1.0,1.0,False
2937,2099.8169140592217,0.00937582597208573,-0.41496963079350735,0.0029465582953977594,1.0,1.0,False
2938,2099.8086850196123,0.008748078648026469,-0.4147355050032502,0.0027492741824998914,1.0,1.0,False
2939,2099.7729976922274,0.00868881679211013,-0.4058710357069799,0.0027305899148951426,1.0,1.0,False
2940,2099.7048685848713,0.008968532626022313,-0.38681075391730246,0.0028183497759376934,1.0,1.0,False
2941,2099.631238758564,0.009332107295501048,-0.3660218381917275,0.002932431601245936,1.0,1.0,False
2942,2099.577904134989,0.009625533104275708,-0.3516100383245657,0.003024513781751807,1.0,1.0,False
2943,2099.5510473400354,0.010500447290747474,-0.3455172780688258,0.003299370961942615,1.0,1.0,False
2944,2099.5357276797295,0.012341103848024268,-0.34304860881087507,0.003877710305177568,1.0,1.0,False
2945,2099.5334757119417,0.013548914201363112,-0.3446849051890126,0.00425724791660751,1.0,1.0,False
2946,2099.5446990579367,0.014002809095553799,-0.35055433865005625,0.004399947920126733,1.0,1.0,False
2947,2099.550066307187,0.014473504880964673,-0.3545826911440031,0.0045479249232826995,1.0,1.0,False
2948,2099.5503023564816,0.014664834710539917,-0.356997667985695,0.004608093838292951,1.0,1.0,False
2949,2099.547130405903,0.013837580508198109,-0.35834070439341303,0.004348183417286987,1.0,1.0,False
2950,2099.5416993051767,0.011986315553375577,-0.35897278429445123,0.0037664829086866704,1.0,1.0,False
2951,2099.539774492383,0.010074739390806593,-0.3607055882862369,0.0031658271248816657,1.0,1.0,False
2952,2099.532446041703,0.009092308834945948,-0.3607393247542632,0.0028571172307968948,1.0,1.0,False
2953,2099.522907704115,0.009481484310248946,-0.3600775661500393,0.0029794043430826705,1.0,1.0,False
2954,2099.522610247135,0.011111302867203954,-0.36231855255795153,0.0034915759651995264,1.0,1.0,False
2955,2099.479144513607,0.01346378689727894,-0.35099354565090835,0.004230689438647331,1.0,1.0,False
2956,2099.470153540373,0.01336041143119485,-0.35050055931731094,0.0041981904276249486,1.0,1.0,False
2957,2099.445029705763,0.013868785874623204,-0.34493712672247057,0.004357904057669017,1.0,1.0,False
2958,2099.4624159634113,0.013211452817145572,-0.35273046382610573,0.004151461571683622,1.0,1.0,False
2959,2099.477288156748,0.020914377764368625,-0.3597329249827226,0.006572003283305586,1.0,1.0,False
2960,2099.4548409581184,0.012180046902319861,-0.3550072096157919,0.0038274054328121068,1.0,1.0,False
2961,2099.3926619142294,0.011943444372166928,-0.3377956565731779,0.003752886503295989,1.0,1.0,False
2962,2099.343190997839,0.011840915701495303,-0.32457678836311743,0.003720540537853987,1.0,1.0,False
2963,2099.339317664504,0.012082602238231868,-0.32568429173159075,0.0037964992136465384,1.0,1.0,False
2964,2099.35326500237,0.012113538398214625,-0.3323902786472672,0.0038062967429500234,1.0,1.0,False
2965,2099.356770887971,0.011648218011583309,-0.33581440346125646,0.0036601248615753717,1.0,1.0,False
2966,2099.3761501014233,0.01149672466845364,-0.3442253650439966,0.0036126141880030924,1.0,1.0,False
2967,2099.4324439913034,0.012053764441413135,-0.3642357335782549,0.003787880240578536,1.0,1.0,False
2968,2099.5008900761604,0.012823029823335517,-0.38806534637353707,0.004029902303600878,1.0,1.0,False
2969,2099.4714492857456,0.01293441325678263,-0.3811317330379893,0.004064834627720928,1.0,1.0,False
2970,2099.4667029082775,0.012779479673465516,-0.3819577279548412,0.0040161670143682,1.0,1.0,False
2971,2099.480787694454,0.011912172643123066,-0.38870076969527645,0.0037436886585293597,1.0,1.0,False
2972,2099.376939252019,0.010869116856856315,-0.3583806239583396,0.0034156025562166515,1.0,1.0,False
2973,2099.30424015224,0.010908445603664642,-0.33784981952061344,0.003427769688848165,1.0,1.0,False
2974,2099.299757063389,0.011309405250951993,-0.3387540734215122,0.003553774138299953,1.0,1.0,False
2975,2099.3279701173306,0.011647367500460866,-0.3499316598167752,0.003660095026624106,1.0,1.0,False
2976,2099.346088334918,0.011523901571041608,-0.35793626323828676,0.0036213972197133206,1.0,1.0,False
2977,2099.373901709914,0.011239993303888135,-0.3689868293464542,0.003532296994034024,1.0,1.0,False
2978,2099.4257459640503,0.011484267388734704,-0.3875890614589821,0.0036092663722488852,1.0,1.0,False
2979,2099.4316900372505,0.011223828467714258,-0.39176532297420863,0.0035274588927700825,1.0,1.0,False
2980,2099.380346119404,0.01043039636009012,-0.37793609585315835,0.003277978235418961,1.0,1.0,False
2981,2099.3232473284006,0.00977201298106736,-0.36229774953307015,0.0030709468090650413,1.0,1.0,False
2982,2099.2841747254133,0.00930692977222206,-0.3523236562861598,0.0029247168770961,1.0,1.0,False
2983,2099.2698742449284,0.009115617205618627,-0.3501332806347932,0.002864585449134839,1.0,1.0,False
2984,2099.2750307917595,0.009014595622585823,-0.3540562423054894,0.0028328774669243526,1.0,1.0,False
2985,2099.297050014138,0.008953339428247066,-0.3632774828351444,0.0028137135369322827,1.0,1.0,False
2986,2099.3243521898985,0.009271286889917893,-0.3741582382156139,0.002913731087197873,1.0,1.0,False
2987,2099.2872021198273,0.009966022472094575,-0.3647825714240298,0.0031319905525122337,1.0,1.0,False
2988,2099.21214889735,0.010735802927988942,-0.3434948489103249,0.003373711691515985,1.0,1.0,False
2989,2099.1597525179386,0.011174978594975474,-0.32932676967976704,0.003511583916781592,1.0,1.0,False
2990,2099.130881257355,0.010936237848951896,-0.3225503667582075,0.0034365001005012795,1.0,1.0,False
2991,2099.1256101354957,0.010350003045013663,-0.32318884354367583,0.003252299405559129,1.0,1.0,False
2992,2099.1165299862623,0.00930916298017226,-0.32262933852791775,0.002925241704134324,1.0,1.0,False
2993,2099.1011770367622,0.00842716302709873,-0.320097653276207,0.0026480768450825704,1.0,1.0,False
2994,2099.091370936483,0.008186479787217017,-0.31930789918561686,0.0025724469013917034,1.0,1.0,False
2995,2099.0843393802643,0.008580126389065941,-0.31938892971277255,0.0026961514792621377,1.0,1.0,False
2996,2099.0744508244097,0.009033882910507869,-0.3185711354090017,0.0028387372270393535,1.0,1.0,False
2997,2099.075697813183,0.00971985531472864,-0.3212514416421186,0.003054317976706909,1.0,1.0,False
2998,2099.096486199647,0.011330249152495185,-0.3300714360833581,0.0035604603532895024,1.0,1.0,False
2999,2099.1269560605288,0.013434228922502619,-0.3419330795190376,0.004221773406730722,1.0,1.0,False
